relative_path,effective_relative_path,sample_id,group_id,split,sha256,SM_0,SM_20,moisture_class,light_value,historical_fallback_used
Soil_Labeled_Data/M_0_10/L_0_10/alluvial/z5714094628996_2ba67db18f33aa6bf75d2bf34582cb2c.jpg,Soil_Labeled_Data/M_0_10/L_0_10/alluvial/z5714094628996_2ba67db18f33aa6bf75d2bf34582cb2c.jpg,ae18d9ad3498fda2c0cd,phash:957fd988556b451a,train,61f2a16b56f07e990fa83e569ebc4ea6d944a09424d84e7dffc574e36aecec4f,5,11,0,7,False
Soil_Labeled_Data/M_0_10/L_0_10/alluvial/z5714094678086_ccdd5713d59bdeb437045817ae20fa54.jpg,Soil_Labeled_Data/M_0_10/L_0_10/alluvial/z5714094678086_ccdd5713d59bdeb437045817ae20fa54.jpg,4c2bf259da56523af3b9,phash:185e74ca5da04b44,validation,eef7e5a6494a6691dbbc0a3cebe418faded91a64804f0eb6194d366299163c69,8,12,0,1,False
Soil_Labeled_Data/M_0_10/L_0_10/alluvial/z5714094725107_874a386639c72d4b6941ed301c7289d1.jpg,Soil_Labeled_Data/M_0_10/L_0_10/alluvial/z5714094725107_874a386639c72d4b6941ed301c7289d1.jpg,5b3581379f94efe93ad3,phash:d5cf8775dc0f8b98,train,8a9100c5052f8ac4bab28af2a5530c59d7dcea83e33aa19154e9251be8101024,8,13,0,2,False
Soil_Labeled_Data/M_0_10/L_0_10/alluvial/z5714094770672_592c97b96e3a2a1e1adef0da86c787c6.jpg,Soil_Labeled_Data/M_0_10/L_0_10/alluvial/z5714094770672_592c97b96e3a2a1e1adef0da86c787c6.jpg,a7a5db0de02a92946883,phash:d39589b4ec5f1b24,train,8d1c8e57d3b8b8ec853d7c87c41757c8cd317cb44203f84c387729ac8f5d4812,6,9,0,10,False
Soil_Labeled_Data/M_0_10/L_0_10/alluvial/z5714094821120_076a229f7f0abec1ccc4daef6977a0fd.jpg,Soil_Labeled_Data/M_0_10/L_0_10/alluvial/z5714094821120_076a229f7f0abec1ccc4daef6977a0fd.jpg,aa0539fa9a54df4f84ab,phash:ec47c8b5a52ec80d,test,cf59b65f8f92462ba46e47a3bfabeade81bfffb49250c7834bf225e223fe0603,6,8,0,10,False
Soil_Labeled_Data/M_0_10/L_0_10/alluvial/z5714094852999_fd9ac792493327c55c368da0ff69bc86.jpg,Soil_Labeled_Data/M_0_10/L_0_10/alluvial/z5714094852999_fd9ac792493327c55c368da0ff69bc86.jpg,dc3022e15d3f715c6b16,phash:c9a90efdca59a223,test,9bcf850d239e246256242a14f48a4f024a10aef2a705af4a897fb1680ff1c303,8,13,0,4,False
Soil_Labeled_Data/M_0_10/L_0_10/alluvial/z5714094901576_151d7c7f5174236f4ce3c22eb6767bd0.jpg,Soil_Labeled_Data/M_0_10/L_0_10/alluvial/z5714094901576_151d7c7f5174236f4ce3c22eb6767bd0.jpg,af0d7283cc83eba2b2bd,phash:c5ca4d0dd99354cd,train,0f4483733e9f848686e9d97f4c1f7b000abed05a6aec432c18e0a43b0c913480,8,12,0,4,False
Soil_Labeled_Data/M_0_10/L_0_10/alluvial/z5714094952173_37de5e4626cba119a6ebdfab7db38cd7.jpg,Soil_Labeled_Data/M_0_10/L_0_10/alluvial/z5714094952173_37de5e4626cba119a6ebdfab7db38cd7.jpg,12c48207c8d355dc3469,phash:446244e7bede194d,train,14db40a67f43712fc0c9fb350da7f29eb8e0c34c4a467f704ff5d507a65c850e,2,7,0,0,False
Soil_Labeled_Data/M_0_10/L_0_10/alluvial/z5714094985878_be3d0b27ad0ff588c74868cf841a13d8.jpg,Soil_Labeled_Data/M_0_10/L_0_10/alluvial/z5714094985878_be3d0b27ad0ff588c74868cf841a13d8.jpg,dac7465cdce21c7d9425,phash:19bb67e0bcbd5c12,validation,0f50b2ad6086a6d3670165499f6469638e2c50afb362759daf6df858dd812c67,6,12,0,9,False
Soil_Labeled_Data/M_0_10/L_0_10/alluvial/z5714095021903_b26a3a815aa064952be57e24cd3e499e.jpg,Soil_Labeled_Data/M_0_10/L_0_10/alluvial/z5714095021903_b26a3a815aa064952be57e24cd3e499e.jpg,687a3b94b96f32d2986f,phash:d7ab328ed292f42f,train,ecd15648c3282bd93e816398c905ceced86e6af8a0d6b62ac3856964c1187e37,0,5,0,2,False
Soil_Labeled_Data/M_0_10/L_0_10/alluvial/z5714095067177_c28910a39d05d545c1eb98c0765e3032.jpg,Soil_Labeled_Data/M_0_10/L_0_10/alluvial/z5714095067177_c28910a39d05d545c1eb98c0765e3032.jpg,112165dd57a460414580,phash:cec8a8fc69bb7ca6,test,443c72e9db2a4975c17585560d52cc0469ae832bc551ba81d1b41288a633afbe,0,3,0,2,False
Soil_Labeled_Data/M_0_10/L_0_10/alluvial/z5714095113548_cc43f0b7634b8ff50927d9450139c615.jpg,Soil_Labeled_Data/M_0_10/L_0_10/alluvial/z5714095113548_cc43f0b7634b8ff50927d9450139c615.jpg,1db5b489a6c2f5727d29,phash:3a114ea23a2061df,validation,ef382e414c158187fee6c71a556b65026987991acaf3b76870a310893d4fb4d1,10,17,0,0,False
Soil_Labeled_Data/M_0_10/L_0_10/alluvial/z5714095161888_3d5bfbb45a821c7b8a0a0889e60fa9e1.jpg,Soil_Labeled_Data/M_0_10/L_0_10/alluvial/z5714095161888_3d5bfbb45a821c7b8a0a0889e60fa9e1.jpg,54d3978b9f2776f640ad,phash:3518db25dfcb5ad3,train,bf2694232084c5ca73fa992c1ab4463c7514a2adeda12dedd1075eb0c678a980,1,7,0,7,False
Soil_Labeled_Data/M_0_10/L_0_10/alluvial/z5714095210827_634539ecd685150ff3660fcd3aeaba39.jpg,Soil_Labeled_Data/M_0_10/L_0_10/alluvial/z5714095210827_634539ecd685150ff3660fcd3aeaba39.jpg,922154d586b551c4fb4f,phash:aa41fb94cfc83ebf,train,88d69e472ecb82bab060ed09cc7d479a91b2ee80a7eb6ce998496e0bb08642d8,10,16,0,2,False
Soil_Labeled_Data/M_0_10/L_0_10/alluvial/z5714095260255_b51937d8a08f97df48bdb2b7523244c9.jpg,Soil_Labeled_Data/M_0_10/L_0_10/alluvial/z5714095260255_b51937d8a08f97df48bdb2b7523244c9.jpg,70ea8fd9bb061137dc61,phash:440a1b975a38413a,test,02eeadcbbf08f2d3d97aa78f26e58b5fd57bd6aa1302151008abd56ab5ee8db0,7,14,0,0,False
Soil_Labeled_Data/M_0_10/L_0_10/alluvial/z5714095305860_8fcfcdc68bae463b97e0c9cb89c8dbdd.jpg,Soil_Labeled_Data/M_0_10/L_0_10/alluvial/z5714095305860_8fcfcdc68bae463b97e0c9cb89c8dbdd.jpg,5f8c3964eabdf502a874,phash:683b3afd6f50c6e5,train,b2f8adec7b0a6892f99747f3f984285ff5e0e8addb7179fd8df2d7f9fef7dfcf,0,4,0,5,False
Soil_Labeled_Data/M_0_10/L_0_10/alluvial/z5714095361298_5b8521f71b6051a784c85bd3550ccbe0.jpg,Soil_Labeled_Data/M_0_10/L_0_10/alluvial/z5714095361298_5b8521f71b6051a784c85bd3550ccbe0.jpg,17880af9a02f9d4f9d59,phash:43eb2bc58c1ed2f1,train,263011d7a34702c9b8b64b3eb97f4b2b42f8e24077e5e5a1dccd3664b4402b76,10,12,0,8,False
Soil_Labeled_Data/M_0_10/L_0_10/alluvial/z5714095397323_3ba8d5731fe9ad72ecd36a4f5fe55be2.jpg,Soil_Labeled_Data/M_0_10/L_0_10/alluvial/z5714095397323_3ba8d5731fe9ad72ecd36a4f5fe55be2.jpg,c27388cf9a5f20dc35fd,phash:2625026fa96c1b6d,train,a42af59864e5be74d8d54cf25ef0a4b0feab4e5e4044ea22a4bdc07eaeec9080,7,13,0,4,False
Soil_Labeled_Data/M_0_10/L_0_10/alluvial/z5714095443955_4462fea6d31af758e0d1027ff26c48bf.jpg,Soil_Labeled_Data/M_0_10/L_0_10/alluvial/z5714095443955_4462fea6d31af758e0d1027ff26c48bf.jpg,05128e7c81490c331ea5,phash:69366b599405bb96,test,497014270423cb54f81f4b27e08dcabc3c8d6c579269bd9ecc7c2250e5a08179,6,12,0,7,False
Soil_Labeled_Data/M_0_10/L_0_10/alluvial/z5714095489034_176c03ba900d1a0940308cd7513b0794.jpg,Soil_Labeled_Data/M_0_10/L_0_10/alluvial/z5714095489034_176c03ba900d1a0940308cd7513b0794.jpg,2402b8909c1960dce48c,phash:ec938c7997f99a90,validation,f9653a6457c9d9b5b2e2e8c2027fe02c86f4eb866bd6783e996632bd41d480a8,1,6,0,10,False
Soil_Labeled_Data/M_0_10/L_10_20/alluvial/IMG_0007.JPG,Soil_Labeled_Data/M_0_10/L_10_20/alluvial/IMG_0007.JPG,88003ddaa899cae3b825,phash:432c8ed6a163119e,train,8ec3f8cf1867bd9220e6ce235466a06b97ae53f66decc7412e487d12926c8f49,10,13,0,19,False
Soil_Labeled_Data/M_0_10/L_10_20/alluvial/IMG_0008.JPG,Soil_Labeled_Data/M_0_10/L_10_20/alluvial/IMG_0008.JPG,788929cac17f2b323f85,phash:788929cac17f2b32,test,51e7a281fa42d00616e663e1e3c5360a2a2b975063507a623b79e9fc5dbbe732,10,13,0,20,False
Soil_Labeled_Data/M_0_10/L_10_20/alluvial/IMG_0009.JPG,Soil_Labeled_Data/M_0_10/L_10_20/alluvial/IMG_0009.JPG,ca8f4fcb68f1306a0fa2,phash:41a7248972494349,test,31260284a6d1fcad8e660a56967cba2842b52c82ae84163f078fd3c698862e1f,2,5,0,12,False
Soil_Labeled_Data/M_0_10/L_10_20/alluvial/IMG_0010.JPG,Soil_Labeled_Data/M_0_10/L_10_20/alluvial/IMG_0010.JPG,5710a1a5725179a38697,phash:5710a1a5725179a3,train,fff72a7a34a1143a42e3313f97160f3cbf1512f1f3a4ea3db4c479da6e9c2f6f,6,12,0,12,False
Soil_Labeled_Data/M_0_10/L_10_20/alluvial/IMG_0011.JPG,Soil_Labeled_Data/M_0_10/L_10_20/alluvial/IMG_0011.JPG,30406a38420bd3fd78e6,phash:30406a38420bd3fd,validation,8ed3a2669bc930191e413f9158385a0686def867492baa36055c350828681d63,8,12,0,19,False
Soil_Labeled_Data/M_0_10/L_10_20/alluvial/IMG_0012.JPG,Soil_Labeled_Data/M_0_10/L_10_20/alluvial/IMG_0012.JPG,f2fea6e0cd3e15dc95ba,phash:036bd561c9affbf4,train,c6413a0ee8f4d7c5fa7967b47dacfb294c85d120a9108c5ecf4b12572b163a51,4,10,0,14,False
Soil_Labeled_Data/M_0_10/L_10_20/alluvial/IMG_0013.JPG,Soil_Labeled_Data/M_0_10/L_10_20/alluvial/IMG_0013.JPG,3c75b4d6517617ba4534,phash:48f6918d6268138f,train,37f9a48fc0b985359c1bd63f7576f940ad308fa09245424d9200c2a3f2562c8f,7,11,0,18,False
Soil_Labeled_Data/M_0_10/L_10_20/alluvial/IMG_0014.JPG,Soil_Labeled_Data/M_0_10/L_10_20/alluvial/IMG_0014.JPG,46262e1df60ee4740c7a,phash:28ae9471e98b75c2,train,b2d9045d6e9f3d752c2ceff148f6d7b4fac431c6f6f20bf3738466cf9aef4185,7,11,0,17,False
Soil_Labeled_Data/M_0_10/L_10_20/alluvial/IMG_0015.JPG,Soil_Labeled_Data/M_0_10/L_10_20/alluvial/IMG_0015.JPG,b5ebac90b455206e3aa0,phash:50f54d5c2b51e8f5,train,244ffa963550d7b89875fc98cb1aca12401b981c5c84c0a0e5278cadd04b930a,5,9,0,13,False
Soil_Labeled_Data/M_0_10/L_10_20/alluvial/IMG_0016.JPG,Soil_Labeled_Data/M_0_10/L_10_20/alluvial/IMG_0016.JPG,bfb3fbc9015f5b9b20f7,phash:7529af5f13d5be22,train,87085e8fb44485b8dd2563088a709c1622a4424b6b177297c8f79a6a927b2c0a,9,15,0,14,False
Soil_Labeled_Data/M_0_10/L_10_20/alluvial/IMG_0017.JPG,Soil_Labeled_Data/M_0_10/L_10_20/alluvial/IMG_0017.JPG,c4a05af199de894a10aa,phash:282a7261d87da92b,train,51979befd4ad679ae732ffc04ac6939984f31e01c34692f5a21f4c6c065e144b,0,3,0,10,False
Soil_Labeled_Data/M_0_10/L_10_20/alluvial/IMG_0018.JPG,Soil_Labeled_Data/M_0_10/L_10_20/alluvial/IMG_0018.JPG,e2b875c5cfbd3d6e7dcc,phash:fc26f4c6b88e93b6,train,57b8d59ed0afd7779e5dff39568fc732e77e1142abfdb745078758f0cde29334,1,4,0,16,False
Soil_Labeled_Data/M_0_10/L_10_20/alluvial/IMG_0019.JPG,Soil_Labeled_Data/M_0_10/L_10_20/alluvial/IMG_0019.JPG,23c464cb4621572fe525,phash:5c15da2b7184a2e6,train,3a6337fae7c3aa2f739274976d72968052fbbc026871c1035cf6e20d548786b1,7,12,0,10,False
Soil_Labeled_Data/M_0_10/L_10_20/alluvial/IMG_0020.JPG,Soil_Labeled_Data/M_0_10/L_10_20/alluvial/IMG_0020.JPG,dc91a4ed54674484d44d,phash:f1003d56888b2b50,train,e479cfdf743b280c473f98ccc23eb67671bfee773eb5d78fee67de27d05f6b07,0,6,0,15,False
Soil_Labeled_Data/M_0_10/L_10_20/alluvial/IMG_0022.JPG,Soil_Labeled_Data/M_0_10/L_10_20/alluvial/IMG_0022.JPG,4805c40980e2fa39de23,phash:e6ba7456dbfd0c6a,train,c497f74d9f019022006038b69d38cdb4d0cd2cd6254fdb0dff3f32a186f8759c,0,6,0,16,False
Soil_Labeled_Data/M_0_10/L_10_20/alluvial/IMG_0023.JPG,Soil_Labeled_Data/M_0_10/L_10_20/alluvial/IMG_0023.JPG,a761ac4cdaf70186f42d,phash:456e90c8259402ff,train,c85501419425ab1599d97417fd8780d526a34489fb259eb2c387384105ac4485,10,13,0,17,False
Soil_Labeled_Data/M_0_10/L_10_20/alluvial/IMG_0024.JPG,Soil_Labeled_Data/M_0_10/L_10_20/alluvial/IMG_0024.JPG,f6fb3682dff820c2dec7,phash:f41df6231b2b4d23,train,556f8ce38388d825810008db0aa76079909d0ec833147c719ff68929d50dd59a,4,7,0,16,False
Soil_Labeled_Data/M_0_10/L_10_20/alluvial/IMG_0025.JPG,Soil_Labeled_Data/M_0_10/L_10_20/alluvial/IMG_0025.JPG,c25570d12a0040e9c0b0,phash:76e985df32d5e5e3,train,d295134c488ed8b480b47c9f0d034806b689464f5dc568ec73790306c84f006f,3,5,0,15,False
Soil_Labeled_Data/M_0_10/L_10_20/alluvial/IMG_0026.JPG,Soil_Labeled_Data/M_0_10/L_10_20/alluvial/IMG_0026.JPG,b538a596e9a17925da7d,phash:ec6d26059ee4a608,train,249fc6684f4f765c9c00f843e9be30e506036356c244d6025c3d9c234542e4ee,7,12,0,11,False
Soil_Labeled_Data/M_0_10/L_10_20/alluvial/IMG_0027.JPG,Soil_Labeled_Data/M_0_10/L_10_20/alluvial/IMG_0027.JPG,686e6fd152b89c50e94c,phash:313284474eb8bf51,train,c537b1723dd824712e3230afeb9ac288f92923abced04fee6488e28ba45db1c5,8,10,0,19,False
Soil_Labeled_Data/M_0_10/L_20_30/alluvial/IMG_0051.JPG,Soil_Labeled_Data/M_0_10/L_20_30/alluvial/IMG_0051.JPG,74c09a9e37e907f3ac7b,phash:65ef1449a8b55a83,train,f627b7e4159c7177a14ce4ea224cd51ce5bffee0249b90b525416088bd2a5798,3,5,0,20,False
Soil_Labeled_Data/M_0_10/L_20_30/alluvial/IMG_0052.JPG,Soil_Labeled_Data/M_0_10/L_20_30/alluvial/IMG_0052.JPG,42c89ffd65e6e2775b02,phash:03e65f3ddfc64595,test,0b8539f7b2fce0a3215d7f85b4999023126d15cd294b2999a6a4578a3b7a653e,4,9,0,25,False
Soil_Labeled_Data/M_0_10/L_20_30/alluvial/IMG_0053.JPG,Soil_Labeled_Data/M_0_10/L_20_30/alluvial/IMG_0053.JPG,db0d914625b8317ef2dc,phash:5545bf87ba12dd6c,train,2ca103dd8b56cc2c19817db868d7494388c0c19ed4a9458b22a52584f7ca2c51,8,9,0,24,False
Soil_Labeled_Data/M_0_10/L_20_30/alluvial/IMG_0054.JPG,Soil_Labeled_Data/M_0_10/L_20_30/alluvial/IMG_0054.JPG,9697e366d07314e4b816,phash:c7ac857b10a488cd,train,937b3f78b1d5f547efc4f4ac295e9bb5c835a9f5324cfce78b963807118e3224,8,10,0,21,False
Soil_Labeled_Data/M_0_10/L_20_30/alluvial/IMG_0055.JPG,Soil_Labeled_Data/M_0_10/L_20_30/alluvial/IMG_0055.JPG,39a1570992439d126824,phash:39a1570992439d12,train,25ea875fdad924316df4532a2b1b962cfd159a3534bd7810fa2b4d88c2af8b3a,2,4,0,26,False
Soil_Labeled_Data/M_0_10/L_20_30/alluvial/IMG_0056.JPG,Soil_Labeled_Data/M_0_10/L_20_30/alluvial/IMG_0056.JPG,57b2be837e4361d64250,phash:0935ecdbb458c371,train,01e31a418d291442172663980a501c8ea1090eb7d9c284762820c9c2c578fa12,7,10,0,26,False
Soil_Labeled_Data/M_0_10/L_20_30/alluvial/IMG_0057.JPG,Soil_Labeled_Data/M_0_10/L_20_30/alluvial/IMG_0057.JPG,1dc1edceb2a93e4c11ca,phash:8476ce23020249fd,train,511975b01bb61ca3ef5658aa38d15be8aae3f05b4848bd4846d691f5f3f8ffe7,0,3,0,24,False
Soil_Labeled_Data/M_0_10/L_20_30/alluvial/IMG_0058.JPG,Soil_Labeled_Data/M_0_10/L_20_30/alluvial/IMG_0058.JPG,3e5f51e4c77ec5f75b45,phash:3e5f51e4c77ec5f7,train,b26c60248d0d50ba0f96367b539e1085ef3312361ba3b29b547ad4c8be6d107d,0,3,0,25,False
Soil_Labeled_Data/M_0_10/L_20_30/alluvial/IMG_0059.JPG,Soil_Labeled_Data/M_0_10/L_20_30/alluvial/IMG_0059.JPG,cc1909096f301800af4e,phash:c681ac1b33256bae,train,1e5204ec8b964b29bd6ae255b6fbb0008ada5b0d6b15d2cb4fd7246c073e4d3d,7,8,0,26,False
Soil_Labeled_Data/M_0_10/L_20_30/alluvial/IMG_0060.JPG,Soil_Labeled_Data/M_0_10/L_20_30/alluvial/IMG_0060.JPG,fb660dff4af836963f83,phash:87c8fa61621fe9bb,train,173c81f0da97dda608f3fcba81d9919c72f051b89dd5d7cff981c3c1c600e6e4,0,5,0,30,False
Soil_Labeled_Data/M_0_10/L_20_30/alluvial/IMG_0061.JPG,Soil_Labeled_Data/M_0_10/L_20_30/alluvial/IMG_0061.JPG,53fc6c79beb2597fde86,phash:cce9eea346aa1c01,train,b94d4927f4cc7275633cdc679b013ee2df8cfd17b6940e7d53f1808e2c68ed7e,4,7,0,26,False
Soil_Labeled_Data/M_0_10/L_20_30/alluvial/IMG_0062.JPG,Soil_Labeled_Data/M_0_10/L_20_30/alluvial/IMG_0062.JPG,d8b9030a03b6ce9d1127,phash:856223e6719f5382,train,83335b342f2851a0ccfe1c5b60face6e36a8eec0b37c620c51d1d92477400612,5,8,0,28,False
Soil_Labeled_Data/M_0_10/L_20_30/alluvial/IMG_0063.JPG,Soil_Labeled_Data/M_0_10/L_20_30/alluvial/IMG_0063.JPG,c83257745acf546cc201,phash:4f7ee60442d31744,validation,7b2f3e834c3aada07dfd8cb17458987abd60dc272e7b43b5e7452d4ef14e33b5,0,2,0,24,False
Soil_Labeled_Data/M_0_10/L_20_30/alluvial/IMG_0064.JPG,Soil_Labeled_Data/M_0_10/L_20_30/alluvial/IMG_0064.JPG,4f793969ea086ef4fe56,phash:875964e9dc5e7633,train,0f67c8f869445f2f0ec9bfb163a23ee70decdca7c065e840d6740b1a6ff6dc72,9,14,0,26,False
Soil_Labeled_Data/M_0_10/L_20_30/alluvial/IMG_0065.JPG,Soil_Labeled_Data/M_0_10/L_20_30/alluvial/IMG_0065.JPG,a8461ad894d67acea8f3,phash:affbdabec6156118,train,486b8d7f2e6840da4887918c47a307d56b88f90be48789e97b4d102159078613,7,9,0,26,False
Soil_Labeled_Data/M_0_10/L_20_30/alluvial/IMG_0066.JPG,Soil_Labeled_Data/M_0_10/L_20_30/alluvial/IMG_0066.JPG,a17d6c6c5d3c67e5177e,phash:15b02cda508e8386,test,762fee5a3354d8ef870a03322995d2ef4f630f4cff94ec571a356e70420e9bac,10,14,0,21,False
Soil_Labeled_Data/M_0_10/L_20_30/alluvial/IMG_0067.JPG,Soil_Labeled_Data/M_0_10/L_20_30/alluvial/IMG_0067.JPG,98f4c5f02c368353cbf8,phash:a9be8da516abc599,train,d9bc36d6644b098a07e85028ff2ff8e36af90304ebcc268302ebabdf9944547f,7,10,0,23,False
Soil_Labeled_Data/M_0_10/L_20_30/alluvial/IMG_0068.JPG,Soil_Labeled_Data/M_0_10/L_20_30/alluvial/IMG_0068.JPG,755d9bfb3958c5c2e928,phash:fb2d21f2c87c356c,train,052c4a10a55c86a5c5e8c2a0e273d032a1d056756576fd406a4d66d84dd254cf,2,5,0,25,False
Soil_Labeled_Data/M_0_10/L_20_30/alluvial/IMG_0069.JPG,Soil_Labeled_Data/M_0_10/L_20_30/alluvial/IMG_0069.JPG,7e93b9cb26fdee6ea323,phash:7746dbbeb41dff95,train,ed3f8a4507057e3f42cc16fec6ca7e26966867f950fc9a9cfa290e9bb290c17b,7,12,0,21,False
Soil_Labeled_Data/M_0_10/L_20_30/alluvial/IMG_0070.JPG,Soil_Labeled_Data/M_0_10/L_20_30/alluvial/IMG_0070.JPG,9479107eff9f20a58c45,phash:2acd3f193091fa41,train,fef8dba8a2fb28ba4085cb221e0a56ca09ab2a495e792f35dbf06b8898cc7e20,1,2,0,22,False
Soil_Labeled_Data/M_0_10/L_30_40/alluvial/IMG_0096.JPG,Soil_Labeled_Data/M_0_10/L_30_40/alluvial/IMG_0096.JPG,1dbecdb9be1709b0282a,phash:6a494aa4d5d4d5b1,train,55f747c71cf8d43b96b8f3014da9b1f6dca9a9c5be1fbac3617b12384bcd8350,9,10,0,31,False
Soil_Labeled_Data/M_0_10/L_30_40/alluvial/IMG_0097.JPG,Soil_Labeled_Data/M_0_10/L_30_40/alluvial/IMG_0097.JPG,6a47b118da32c219ada5,phash:6a494aa4d5d4d5b1,train,55f747c71cf8d43b96b8f3014da9b1f6dca9a9c5be1fbac3617b12384bcd8350,7,8,0,32,False
Soil_Labeled_Data/M_0_10/L_30_40/alluvial/IMG_0098.JPG,Soil_Labeled_Data/M_0_10/L_30_40/alluvial/IMG_0098.JPG,9d5b7aa3a7093531f985,phash:f01c359cc88566ef,train,3afeb8366e8b4dbedc6c2502d01482565f708434c2d2734e692fffb1d31173e7,8,13,0,39,False
Soil_Labeled_Data/M_0_10/L_30_40/alluvial/IMG_0099.JPG,Soil_Labeled_Data/M_0_10/L_30_40/alluvial/IMG_0099.JPG,d3e25884251b1477024f,phash:d3e25884251b1477,train,62f9b5a4de6519b220f7c8cfce9f8e9da88f50b8dd3efdbc1725788773e9cc13,10,14,0,36,False
Soil_Labeled_Data/M_0_10/L_30_40/alluvial/IMG_0100.JPG,Soil_Labeled_Data/M_0_10/L_30_40/alluvial/IMG_0100.JPG,56deece836e18b759a0d,phash:f285b4af27e70749,train,a764f00eebaeb52e284323edd967223c8caba046cd9219efcc060567ad78c745,3,6,0,38,False
Soil_Labeled_Data/M_0_10/L_30_40/alluvial/IMG_0101.JPG,Soil_Labeled_Data/M_0_10/L_30_40/alluvial/IMG_0101.JPG,d82b25ced6adc4c3cc7f,phash:d82b25ced6adc4c3,train,3a26fd477d9c183f5a7efdd0ad609c1de8f7aa09c4fb1d18c9e86acf2ebe3514,8,12,0,39,False
Soil_Labeled_Data/M_0_10/L_30_40/alluvial/IMG_0102.JPG,Soil_Labeled_Data/M_0_10/L_30_40/alluvial/IMG_0102.JPG,6d91d2594da7654e98ac,phash:6d91d2594da7654e,validation,a27be081ab6db0877fdcfff2d6394f5a8beffc6b127ea89513e85cad2e629f07,4,5,0,40,False
Soil_Labeled_Data/M_0_10/L_30_40/alluvial/IMG_0103.JPG,Soil_Labeled_Data/M_0_10/L_30_40/alluvial/IMG_0103.JPG,3919829806e3ee46a662,phash:df19bd7121c3deb8,test,bec90e50e19dd45be96d92da1f41a7b9429a8ab7010c9e1af561a4f126648aac,0,4,0,35,False
Soil_Labeled_Data/M_0_10/L_30_40/alluvial/IMG_0104.JPG,Soil_Labeled_Data/M_0_10/L_30_40/alluvial/IMG_0104.JPG,2554ddea2338fe4bc992,phash:39621f13c2017892,train,131f935ff1ea36bed7545bcf186766d69d0493c48cc0558fc28559d72d84b295,10,13,0,35,False
Soil_Labeled_Data/M_0_10/L_30_40/alluvial/IMG_0105.JPG,Soil_Labeled_Data/M_0_10/L_30_40/alluvial/IMG_0105.JPG,008b4d9a491d2ae6c857,phash:7eeb9c5b6e40268d,validation,54cd9a2c49c349adaa0d14be4b839a2de963641455d26df0ac1ee5862a3cadee,10,15,0,39,False
Soil_Labeled_Data/M_0_10/L_30_40/alluvial/IMG_0106.JPG,Soil_Labeled_Data/M_0_10/L_30_40/alluvial/IMG_0106.JPG,9a3a2f4f116711eff2f3,phash:40087a11bb71f87d,train,1a6827c492ccf1de9700d4d73cab67f55d7ec43773b2e7dfa021209544c79783,5,7,0,31,False
Soil_Labeled_Data/M_0_10/L_30_40/alluvial/IMG_0107.JPG,Soil_Labeled_Data/M_0_10/L_30_40/alluvial/IMG_0107.JPG,f6ae228d8aa6619aa52b,phash:f6ae228d8aa6619a,train,c0258363a4553611ee2617dc2137ee15e79fa5c2a2b6a749f85ceab88fe457c9,8,12,0,38,False
Soil_Labeled_Data/M_0_10/L_30_40/alluvial/IMG_0108.JPG,Soil_Labeled_Data/M_0_10/L_30_40/alluvial/IMG_0108.JPG,1c63a900713a2938b2a6,phash:9e709b711d9eab80,train,bbd3fc4ae3196f56d4624fa891e7b953594478479b31a1d522019612bcd2c107,2,6,0,36,False
Soil_Labeled_Data/M_0_10/L_30_40/alluvial/IMG_0109.JPG,Soil_Labeled_Data/M_0_10/L_30_40/alluvial/IMG_0109.JPG,1fcfcec6403239f6a872,phash:c77c8d3c2eca8eb9,train,ee6deaf198ee9af57a12da99fa5b1d6d9e5c5e5e1ded0d2ed759da2e29897360,9,12,0,32,False
Soil_Labeled_Data/M_0_10/L_30_40/alluvial/IMG_0110.JPG,Soil_Labeled_Data/M_0_10/L_30_40/alluvial/IMG_0110.JPG,f608b5bc8d594ae6d303,phash:da0d6d0fa029b999,validation,e3933c3af16e52c621a9d908f3a0b2ad649b267a2c93902fb281fddb7268a821,5,6,0,33,False
Soil_Labeled_Data/M_0_10/L_30_40/alluvial/IMG_0111.JPG,Soil_Labeled_Data/M_0_10/L_30_40/alluvial/IMG_0111.JPG,0918a20963b5f1056f14,phash:1b46fbcdc14f2ddd,train,50f44a4464514b8f250f8e947ed69b008e51cd49cfd8a74656915c0efe4339fd,0,5,0,35,False
Soil_Labeled_Data/M_0_10/L_30_40/alluvial/IMG_0112.JPG,Soil_Labeled_Data/M_0_10/L_30_40/alluvial/IMG_0112.JPG,149faa98b8b01262e6a5,phash:d8671534291e107f,validation,9764444f662d3a1eeff276d0a226c46ff28185b55cd36cc90be9fe2c8f7731d8,6,7,0,38,False
Soil_Labeled_Data/M_0_10/L_30_40/alluvial/IMG_0113.JPG,Soil_Labeled_Data/M_0_10/L_30_40/alluvial/IMG_0113.JPG,25c30f116ca4c1a3b4ff,phash:fa99784640564d0a,train,e46dbcebdec854f13de3bffcfaed039d15be8a013c2f8b3c6c45b4a2b049bad1,8,10,0,36,False
Soil_Labeled_Data/M_0_10/L_30_40/alluvial/IMG_0114.JPG,Soil_Labeled_Data/M_0_10/L_30_40/alluvial/IMG_0114.JPG,99a80eaf64c5760bc285,phash:73e6fa0f18173431,validation,fe71851ea84dda560126f20730276fd3036430bde0b5817514a8275abdb78035,6,10,0,35,False
Soil_Labeled_Data/M_0_10/L_30_40/alluvial/IMG_0115.JPG,Soil_Labeled_Data/M_0_10/L_30_40/alluvial/IMG_0115.JPG,cb1d7459f8b6effeffb0,phash:6a494aa4d5d4d5b1,train,55f747c71cf8d43b96b8f3014da9b1f6dca9a9c5be1fbac3617b12384bcd8350,9,14,0,31,False
Soil_Labeled_Data/M_0_10/L_40_50/alluvial/IMG_0150.JPG,Soil_Labeled_Data/M_0_10/L_40_50/alluvial/IMG_0150.JPG,00f9ea917ef7f7c543ed,phash:00f9ea917ef7f7c5,train,88a2b3eb60d7208ef6aad81a72a9a510c8220888f6bc8cec23b8f48f75dc28bc,5,7,0,41,False
Soil_Labeled_Data/M_0_10/L_40_50/alluvial/IMG_0151.JPG,Soil_Labeled_Data/M_0_10/L_40_50/alluvial/IMG_0151.JPG,2ff9c955d0834822e080,phash:2ff9c955d0834822,validation,c284d106edebf8a75c1a8559944a60168204220656d238baeb43097d5ddf98a0,6,10,0,47,False
Soil_Labeled_Data/M_0_10/L_40_50/alluvial/IMG_0152.JPG,Soil_Labeled_Data/M_0_10/L_40_50/alluvial/IMG_0152.JPG,a66c5c83a2334c9eef8d,phash:38628faaea372908,validation,d251e755f065aa2d717b334ecd9f0df31c46dd5bc483d0da6a5183e45051379f,1,4,0,42,False
Soil_Labeled_Data/M_0_10/L_40_50/alluvial/IMG_0153.JPG,Soil_Labeled_Data/M_0_10/L_40_50/alluvial/IMG_0153.JPG,48dd921803ea0d22a4b9,phash:b8d7b2bffe0b868f,train,04be8f4c3477783a40c885b56de8688c5df708b6202f762375732db3eb94b744,7,8,0,47,False
Soil_Labeled_Data/M_0_10/L_40_50/alluvial/IMG_0154.JPG,Soil_Labeled_Data/M_0_10/L_40_50/alluvial/IMG_0154.JPG,9f81c198697a90d393cd,phash:82a04009ba2a9719,test,674f34b4c8e4525053880883982f1ccfd38da263e258943bc2a78625970809cd,0,2,0,45,False
Soil_Labeled_Data/M_0_10/L_40_50/alluvial/IMG_0155.JPG,Soil_Labeled_Data/M_0_10/L_40_50/alluvial/IMG_0155.JPG,bd232f259eabfeb0bdc3,phash:c549b2232ac5351e,train,bd6118c950fefd59125593cb81c124f22c20f8fb0fd6ea92bde7bc9afa67f35b,7,11,0,45,False
Soil_Labeled_Data/M_0_10/L_40_50/alluvial/IMG_0156.JPG,Soil_Labeled_Data/M_0_10/L_40_50/alluvial/IMG_0156.JPG,330884ee00992f4aabf4,phash:c882cbac884cb390,train,a637d0349e0af917d55e56fffca545b01b6452fe34c1f3b9d5947b307826ddaa,7,9,0,41,False
Soil_Labeled_Data/M_0_10/L_40_50/alluvial/IMG_0157.JPG,Soil_Labeled_Data/M_0_10/L_40_50/alluvial/IMG_0157.JPG,4bb4563197e4e340f5a2,phash:7a50a3464b4f7acb,train,4b59b31a0c4ab00d16529aeae2b7415df567a2052e50857eb62d72edc91c71c6,2,6,0,46,False
Soil_Labeled_Data/M_0_10/L_40_50/alluvial/IMG_0158.JPG,Soil_Labeled_Data/M_0_10/L_40_50/alluvial/IMG_0158.JPG,31c792dd5d60af328ff4,phash:e0734870d934d178,train,f3c6d0dc7203d42c9d911d6ef76cf6b8f468c09e1787611172f8af4dcc9bb1f2,10,11,0,50,False
Soil_Labeled_Data/M_0_10/L_40_50/alluvial/IMG_0159.JPG,Soil_Labeled_Data/M_0_10/L_40_50/alluvial/IMG_0159.JPG,a82fff668ed9d7ecb01b,phash:351919a7efd95827,train,d1d01fe5092607afc342f4bf13715445623f165dd8843c5e8f75947031714b53,0,1,0,41,False
Soil_Labeled_Data/M_0_10/L_40_50/alluvial/IMG_0161.JPG,Soil_Labeled_Data/M_0_10/L_40_50/alluvial/IMG_0161.JPG,8e75b9f4dddce2d1deb5,phash:eb78e43e3735b910,test,f8492d6832a19999f388469a44c5481274fd4f5aff3295805b0ac3803ae71e8b,2,5,0,47,False
Soil_Labeled_Data/M_0_10/L_40_50/alluvial/IMG_0162.JPG,Soil_Labeled_Data/M_0_10/L_40_50/alluvial/IMG_0162.JPG,fcb1c92ea2312f2dd24d,phash:124887665cbfb8dc,train,dfa478223088717f7d516f0376dd4fd061ddf894a37e02216fb10a5f1e78da22,6,9,0,47,False
Soil_Labeled_Data/M_0_10/L_40_50/alluvial/IMG_0163.JPG,Soil_Labeled_Data/M_0_10/L_40_50/alluvial/IMG_0163.JPG,ff0338752f6f8ca38e69,phash:49771ce5eacacb82,train,287d5b9508045622893dc3b14b331156d0a0a99d06b39f8641876165971acb0a,10,12,0,40,False
Soil_Labeled_Data/M_0_10/L_40_50/alluvial/IMG_0164.JPG,Soil_Labeled_Data/M_0_10/L_40_50/alluvial/IMG_0164.JPG,0cadb4c6c6c9e17cb099,phash:17edad2da8a35a03,train,02eeaa2434120a4634ac0cc39791f1e6a26a5544dfe48ddd1e65394159dc6bd1,3,4,0,43,False
Soil_Labeled_Data/M_0_10/L_40_50/alluvial/IMG_0165.JPG,Soil_Labeled_Data/M_0_10/L_40_50/alluvial/IMG_0165.JPG,1886a22b4c27a6e3ea86,phash:3085ebfb726e58fd,train,10b4bff0048086264d21ef700f5df4aef05261b82053ab6d51d0164350a18233,7,11,0,50,False
Soil_Labeled_Data/M_0_10/L_40_50/alluvial/IMG_0166.JPG,Soil_Labeled_Data/M_0_10/L_40_50/alluvial/IMG_0166.JPG,8c1336244eabbb3f5e91,phash:17c1b5dcd4c310e0,validation,208f9cebf5d7f3e922ae73c56b80adebb2e88de23b6d60b2aebb99f6164bbd74,0,2,0,45,False
Soil_Labeled_Data/M_0_10/L_40_50/alluvial/IMG_0167.JPG,Soil_Labeled_Data/M_0_10/L_40_50/alluvial/IMG_0167.JPG,db6cd30508996fce9d43,phash:a72540d2284444a6,train,8cd7270b0597d85a32199cdbba3f9e9ec93df09c1b0f939f6b9765a5f46a6371,4,4,0,46,False
Soil_Labeled_Data/M_0_10/L_40_50/alluvial/IMG_0168.JPG,Soil_Labeled_Data/M_0_10/L_40_50/alluvial/IMG_0168.JPG,e135d70bca695340b211,phash:55ed86ba605b6f60,validation,8ad86862c00bf11c1c8efc16686c55a5370e8b1430e3c26ffba18d80f36aa2bf,1,4,0,50,False
Soil_Labeled_Data/M_0_10/L_40_50/alluvial/IMG_0169.JPG,Soil_Labeled_Data/M_0_10/L_40_50/alluvial/IMG_0169.JPG,481efca2b77079d29a5b,phash:e39268df5143025a,train,3cd6304eb00d0157033fc2b83c6a2f4a60d236f6abf8b89cb745b6a8e038fc7c,2,4,0,49,False
Soil_Labeled_Data/M_0_10/L_40_50/alluvial/IMG_0170.JPG,Soil_Labeled_Data/M_0_10/L_40_50/alluvial/IMG_0170.JPG,058170c6e07c9ac13868,phash:d6395896fc8503b5,train,9d144087f444318bb5056170462c40f519cb547e8426ac8a89e5da356ee2cbdd,3,4,0,44,False
Soil_Labeled_Data/M_0_10/L_50_60/alluvial/IMG_0196.JPG,Soil_Labeled_Data/M_0_10/L_50_60/alluvial/IMG_0196.JPG,c7cb9e237645c91407cb,phash:c8300f8708e9afd6,train,4654e82c0bb3acc543a3659c69f6f945d86df009560f79bc951c9ab3e173b64f,8,8,0,59,False
Soil_Labeled_Data/M_0_10/L_50_60/alluvial/IMG_0197.JPG,Soil_Labeled_Data/M_0_10/L_50_60/alluvial/IMG_0197.JPG,5bb5fb9b161dd44826d9,phash:be66fd8e4e1f0f06,validation,c45b81b3fbb95ba6a0b2d0133fc7d87662a9304cfe1c65f1edf78119bc8e2725,1,3,0,52,False
Soil_Labeled_Data/M_0_10/L_50_60/alluvial/IMG_0198.JPG,Soil_Labeled_Data/M_0_10/L_50_60/alluvial/IMG_0198.JPG,e289897d85882818c8a0,phash:0d2d9ad2361ac018,train,85c669b7f29a6afb93215a41fc02599a63ff4821cb72b2ae5c4eb1f4c6c2d55c,1,5,0,50,False
Soil_Labeled_Data/M_0_10/L_50_60/alluvial/IMG_0199.JPG,Soil_Labeled_Data/M_0_10/L_50_60/alluvial/IMG_0199.JPG,2a94d3b8b352e068a293,phash:63730f83f4c00eda,train,68c682de0e5124e3c907ce413f96d8b2cecaa0cd427da817015965ab152e0c34,7,8,0,56,False
Soil_Labeled_Data/M_0_10/L_50_60/alluvial/IMG_0199_aug_00_gray_brown.jpg,Soil_Labeled_Data/M_0_10/L_50_60/alluvial/IMG_0199_aug_00_gray_brown.jpg,3db74d9ff5ee308fbd1b,phash:63730f83f4c00eda,train,ceb512434242aba1679f6003af4254857621171c242bc08a075355abdebcd2c9,1,2,0,58,False
Soil_Labeled_Data/M_0_10/L_50_60/alluvial/IMG_0199_aug_03_gray_brown.jpg,Soil_Labeled_Data/M_0_10/L_50_60/alluvial/IMG_0199_aug_03_gray_brown.jpg,bda4f2c8debfd178ea4c,phash:63730f83f4c00eda,train,5dab6e3290e9e3e3af3deae72b5297236660bc07ec5845eba59af8bceb12dea5,1,3,0,50,False
Soil_Labeled_Data/M_0_10/L_50_60/alluvial/IMG_0200.JPG,Soil_Labeled_Data/M_0_10/L_50_60/alluvial/IMG_0200.JPG,d70e467b1d08e93f0f26,phash:d860a5a997911aa8,train,d9c1416d902fd889c0d4c0946cb0ff231d3c654ee9267891f26f9dc287a75ff7,4,7,0,58,False
Soil_Labeled_Data/M_0_10/L_50_60/alluvial/IMG_0201.JPG,Soil_Labeled_Data/M_0_10/L_50_60/alluvial/IMG_0201.JPG,849de97e1d8ef2f8f5ff,phash:aeb9326bd22fbff1,train,ee13ed56368520b8b0e315726da1edda78c243731c43905d0da6908cdecbfad7,5,7,0,57,False
Soil_Labeled_Data/M_0_10/L_50_60/alluvial/IMG_0202.JPG,Soil_Labeled_Data/M_0_10/L_50_60/alluvial/IMG_0202.JPG,fde887bd539a8995de30,phash:e53cc76e071af0e3,train,650ad600843935f7dc58de3d098e943325dd282cccebb9a9b70b46c82a302c2b,9,13,0,53,False
Soil_Labeled_Data/M_0_10/L_50_60/alluvial/IMG_0202_aug_01_gray_brown.jpg,Soil_Labeled_Data/M_0_10/L_50_60/alluvial/IMG_0202_aug_01_gray_brown.jpg,0a1799fa94717acc663f,phash:e53cc76e071af0e3,train,49be289e4472ad9446a1ec951eb1ab5bae1197bc3e593dfc89ca59abde342181,9,9,0,51,False
Soil_Labeled_Data/M_0_10/L_50_60/alluvial/IMG_0203.JPG,Soil_Labeled_Data/M_0_10/L_50_60/alluvial/IMG_0203.JPG,3b4b879a385e4d6cbe03,phash:d4512147d239b24e,train,bb0020a9a011d209a5a5a7affb61c37d24ee891b3112ca29d0ae2edc4cd95ad5,6,9,0,50,False
Soil_Labeled_Data/M_0_10/L_50_60/alluvial/IMG_0204.JPG,Soil_Labeled_Data/M_0_10/L_50_60/alluvial/IMG_0204.JPG,d93b57c055ba819080c7,phash:d439d38aa2cdd80d,train,029557e5d989fc68f93ec1875c0d3b91b964bc7a8323f84b0cf343aac419ca6e,10,10,0,50,False
Soil_Labeled_Data/M_0_10/L_50_60/alluvial/IMG_0205.JPG,Soil_Labeled_Data/M_0_10/L_50_60/alluvial/IMG_0205.JPG,bef8b40609eddfb4b2df,phash:218e36ff96d159b4,train,41ecd2ef0d482c4f70c60e00a717d16aae9eaedb2216faafbe3d13a315a75681,10,14,0,54,False
Soil_Labeled_Data/M_0_10/L_50_60/alluvial/IMG_0205_aug_02_gray_brown.jpg,Soil_Labeled_Data/M_0_10/L_50_60/alluvial/IMG_0205_aug_02_gray_brown.jpg,e62e13bee98ab695644c,phash:218e36ff96d159b4,train,7290bb253658f935a1bad77ed7b69716b707b362abfe9be1b89afd0a4486e289,0,1,0,56,False
Soil_Labeled_Data/M_0_10/L_50_60/alluvial/IMG_0206.JPG,Soil_Labeled_Data/M_0_10/L_50_60/alluvial/IMG_0206.JPG,65b613e4c62a65a36830,phash:61280229e46e4f90,validation,298290391bc414d6a21f427cef0ecd54221681388fa459478aea207aae370f7f,2,6,0,50,False
Soil_Labeled_Data/M_0_10/L_50_60/alluvial/IMG_0207.JPG,Soil_Labeled_Data/M_0_10/L_50_60/alluvial/IMG_0207.JPG,e22ca6b6078440536266,phash:0772f8c13cc08780,validation,5bbc524fb84781a50f6becbaa015ca2e7f6a60e6d2f725094727453499ec337e,4,8,0,50,False
Soil_Labeled_Data/M_0_10/L_50_60/alluvial/IMG_0208.JPG,Soil_Labeled_Data/M_0_10/L_50_60/alluvial/IMG_0208.JPG,a7a1c157305764c096d6,phash:272fa05db045290a,train,d21214f52ca0c08fc99cf77f6865477f4b7e9503993c72c86e87e4685bda2b62,5,7,0,53,False
Soil_Labeled_Data/M_0_10/L_50_60/alluvial/IMG_0209.JPG,Soil_Labeled_Data/M_0_10/L_50_60/alluvial/IMG_0209.JPG,1f583a2a7fd77ae94735,phash:a9b092d3bd7f8ca3,train,3304ee16ba9b9f9553cb8aed80a970dde862e0a5eb1ce6ea503c75905d7b222d,2,6,0,56,False
Soil_Labeled_Data/M_0_10/L_50_60/alluvial/IMG_0210.JPG,Soil_Labeled_Data/M_0_10/L_50_60/alluvial/IMG_0210.JPG,315b30fd2ebafd001e21,phash:12e5de9a219b300b,train,3e546bbf78ed43d703b8e868b48809cb270a18dcc056b8691b9b5f21ca67fcef,0,4,0,60,False
Soil_Labeled_Data/M_0_10/L_50_60/alluvial/IMG_0212.JPG,Soil_Labeled_Data/M_0_10/L_50_60/alluvial/IMG_0212.JPG,7b0cf4ba5f7e01bece53,phash:fe170979b5ca8fe3,train,7ab66df7b1b3000271c66fe57eebeaf88e48ffc3536724e4f72507f0bd51e29b,7,9,0,52,False
Soil_Labeled_Data/M_0_10/L_60_70/alluvial/IMG_0239.JPG,Soil_Labeled_Data/M_0_10/L_60_70/alluvial/IMG_0239.JPG,7c89502d8689582fdf77,phash:7c89502d8689582f,train,4e3f67b0ef75a349789a84741c438b34757e6e709666c11547b25a3ef6f55d7b,5,7,0,61,False
Soil_Labeled_Data/M_0_10/L_60_70/alluvial/IMG_0240.JPG,Soil_Labeled_Data/M_0_10/L_60_70/alluvial/IMG_0240.JPG,b230a1e829c4df4b4b51,phash:ddcd5bf42ce461e9,train,b4ec3d6e5c3a3e6e89b6ff09abeb70dbd621d581ced0911447b4c2d6c1a1e92e,5,5,0,61,False
Soil_Labeled_Data/M_0_10/L_60_70/alluvial/IMG_0241.JPG,Soil_Labeled_Data/M_0_10/L_60_70/alluvial/IMG_0241.JPG,9c093b3a9fac44e5bb02,phash:9c093b3a9fac44e5,validation,003040e52c5647a2996a088bb95974e22a732997445ab53ece538229019eed94,3,2,0,69,False
Soil_Labeled_Data/M_0_10/L_60_70/alluvial/IMG_0242.JPG,Soil_Labeled_Data/M_0_10/L_60_70/alluvial/IMG_0242.JPG,689be46838c2c99b6803,phash:72f2bba7253dc548,train,2dc53f1762eb2610b03f4ef5a088ad6bc980928c51d4525e16e7375a526951d3,9,12,0,68,False
Soil_Labeled_Data/M_0_10/L_60_70/alluvial/IMG_0243.JPG,Soil_Labeled_Data/M_0_10/L_60_70/alluvial/IMG_0243.JPG,0ab523865345f946729b,phash:2de4e5d09b92659a,train,8fb5d2ca2b584e5f87774de59132d4906144c8a096363de9366cd8310a80d2be,6,8,0,66,False
Soil_Labeled_Data/M_0_10/L_60_70/alluvial/IMG_0244.JPG,Soil_Labeled_Data/M_0_10/L_60_70/alluvial/IMG_0244.JPG,e8bd6abcb142fe6b175c,phash:b637075916ceadb4,train,d042f8c484488c37798d8f81518eaea24195ad167897eb62ecb386f4b927bf39,9,8,0,70,False
Soil_Labeled_Data/M_0_10/L_60_70/alluvial/IMG_0245.JPG,Soil_Labeled_Data/M_0_10/L_60_70/alluvial/IMG_0245.JPG,53572bafc11be58ded10,phash:5216086d9e7f6171,train,4ddfae48113aa70a83a078d17c280b7d4bcbb3384809cb84b2db7ec00d60be50,5,4,0,70,False
Soil_Labeled_Data/M_0_10/L_60_70/alluvial/IMG_0246.JPG,Soil_Labeled_Data/M_0_10/L_60_70/alluvial/IMG_0246.JPG,d5c440a35ff3befa07e2,phash:19ac01d45edafba1,train,3558802cb381e58ea2b8b06af499c0335e3ef6544957fec5d3e35e433a635f0b,5,4,0,68,False
Soil_Labeled_Data/M_0_10/L_60_70/alluvial/IMG_0247.JPG,Soil_Labeled_Data/M_0_10/L_60_70/alluvial/IMG_0247.JPG,6a02623cbcae886bdf40,phash:6a02623cbcae886b,train,4f5d12b95a59f6f2b4c107173ab882725f30b87d8a74e69450ed004979910cd7,7,6,0,63,False
Soil_Labeled_Data/M_0_10/L_60_70/alluvial/IMG_0248.JPG,Soil_Labeled_Data/M_0_10/L_60_70/alluvial/IMG_0248.JPG,e1637a4a254029ade071,phash:e1637a4a254029ad,train,54fac29a37dff3f06748ead9066cc5fc98ad83212d68d24bdd58972de35defbd,9,11,0,61,False
Soil_Labeled_Data/M_0_10/L_60_70/alluvial/IMG_0249.JPG,Soil_Labeled_Data/M_0_10/L_60_70/alluvial/IMG_0249.JPG,bb4582d98d1d744c5429,phash:766fecf2e5383231,train,5a7d8a0d3eb6d7157822769c10a53606d91e30b449e0ee02c74ee5477a1ea528,4,7,0,64,False
Soil_Labeled_Data/M_0_10/L_60_70/alluvial/IMG_0250.JPG,Soil_Labeled_Data/M_0_10/L_60_70/alluvial/IMG_0250.JPG,28eccd9bffaf71f0495d,phash:7cc0d10041dd5ffd,validation,d1623d789744e008b4ebc8da409ae8e8e2b5a3bd8b34090bdec907824efc5758,5,6,0,62,False
Soil_Labeled_Data/M_0_10/L_60_70/alluvial/IMG_0251.JPG,Soil_Labeled_Data/M_0_10/L_60_70/alluvial/IMG_0251.JPG,d6257c693408f526d6d5,phash:06b760fd2e8d7ed3,train,aad39ca08b0050af5bbed503018a55ebbcb23f2f0b303281e886687a1c679bd6,3,3,0,61,False
Soil_Labeled_Data/M_0_10/L_60_70/alluvial/IMG_0252.JPG,Soil_Labeled_Data/M_0_10/L_60_70/alluvial/IMG_0252.JPG,34459e8d2ee9b0b4d301,phash:a5de08d49bed0e8c,train,a09155d903fc3d5dd7f33bcb6a19ffbc1769cfd2ffa7421c9b03e008545334bd,4,3,0,68,False
Soil_Labeled_Data/M_0_10/L_60_70/alluvial/IMG_0253.JPG,Soil_Labeled_Data/M_0_10/L_60_70/alluvial/IMG_0253.JPG,82fdae90aea70895c141,phash:82fdae90aea70895,train,0031814d4e81449ac6aa225d7370d995b1a7242432d64e7463104409dc133e7c,10,11,0,66,False
Soil_Labeled_Data/M_0_10/L_60_70/alluvial/IMG_0254.JPG,Soil_Labeled_Data/M_0_10/L_60_70/alluvial/IMG_0254.JPG,65ea627090b52336ef6d,phash:3a82b527ebf76359,validation,989855fa62cd60cd7de5cdba8c6414b0c5093ec2460b773b21fd06d8fd7c6005,2,2,0,64,False
Soil_Labeled_Data/M_0_10/L_60_70/alluvial/IMG_0255.JPG,Soil_Labeled_Data/M_0_10/L_60_70/alluvial/IMG_0255.JPG,fe72e76ff799a1fde648,phash:3a82b527ebf76359,validation,2ac049a4e67d4d9a90bb78c4b5658aa593815244c9931fc79816f3f8ebe302e1,7,8,0,63,False
Soil_Labeled_Data/M_0_10/L_60_70/alluvial/IMG_0256.JPG,Soil_Labeled_Data/M_0_10/L_60_70/alluvial/IMG_0256.JPG,62d0fbd7b50ffca35a3c,phash:62d0fbd7b50ffca3,train,c67bd8c82b4ffa0c122ef439908edaa0d7f2985a34dfd67e32a6ce050bbf62fd,3,6,0,66,False
Soil_Labeled_Data/M_0_10/L_60_70/alluvial/IMG_0257.JPG,Soil_Labeled_Data/M_0_10/L_60_70/alluvial/IMG_0257.JPG,d7de3259e6a31758db7a,phash:f7221dde8b78e6c4,train,afb2e88787f1d736418849ab2dbcd47f99d5bea8ca48c757c92aa6063a9f90c8,4,3,0,61,False
Soil_Labeled_Data/M_0_10/L_60_70/alluvial/IMG_0258.JPG,Soil_Labeled_Data/M_0_10/L_60_70/alluvial/IMG_0258.JPG,27f71f7e0483315d700f,phash:27f71f7e0483315d,train,8a6fe88b78e22078ac06e630a2b5f505dc3ca08228807fe6b0fc928d14691fdf,10,12,0,70,False
Soil_Labeled_Data/M_0_10/L_70_80/alluvial/IMG_0283.JPG,Soil_Labeled_Data/M_0_10/L_70_80/alluvial/IMG_0283.JPG,490e49bae16d927ec632,phash:bf74a62949a5d43e,train,f8b823783f319c143a60b31deb2d32fa8d256fd30992110e191d58a2b990e186,0,1,0,77,False
Soil_Labeled_Data/M_0_10/L_70_80/alluvial/IMG_0284.JPG,Soil_Labeled_Data/M_0_10/L_70_80/alluvial/IMG_0284.JPG,3a24d4a2c8e0d133b99d,phash:8170dc97703cc108,train,d29f1c3d77f86edbf79981bf6422aa7e938610ee965111103d5d9c839db876ca,7,6,0,75,False
Soil_Labeled_Data/M_0_10/L_70_80/alluvial/IMG_0285.JPG,Soil_Labeled_Data/M_0_10/L_70_80/alluvial/IMG_0285.JPG,cbc96be8ea91082d10aa,phash:cbc96be8ea91082d,train,018eaa273847c547367d34a310ee6456e3d6f1914c5529cce700a2a6454d30b5,1,1,0,78,False
Soil_Labeled_Data/M_0_10/L_70_80/alluvial/IMG_0286.JPG,Soil_Labeled_Data/M_0_10/L_70_80/alluvial/IMG_0286.JPG,37cff53edad4a9627d56,phash:430ed9a6cfd66f1c,validation,56d996e8169ac96e53445f750e5aa3e0511e779b34d6896449bfb4c76d19ab8c,7,9,0,72,False
Soil_Labeled_Data/M_0_10/L_70_80/alluvial/IMG_0287.JPG,Soil_Labeled_Data/M_0_10/L_70_80/alluvial/IMG_0287.JPG,bb49fe6e7add4e789525,phash:e29f3395d78fb71e,train,6f75284b65ef89a2c91da23176ba39f48096161e90e26f27286b935990d6de8a,9,9,0,78,False
Soil_Labeled_Data/M_0_10/L_70_80/alluvial/IMG_0288.JPG,Soil_Labeled_Data/M_0_10/L_70_80/alluvial/IMG_0288.JPG,c656eba3e0f2c7c68e6b,phash:c656eba3e0f2c7c6,train,8097e44d05707825db61be4b7c9737666bbc2956dc87a1892c507be0e5cbf96e,7,8,0,79,False
Soil_Labeled_Data/M_0_10/L_70_80/alluvial/IMG_0289.JPG,Soil_Labeled_Data/M_0_10/L_70_80/alluvial/IMG_0289.JPG,fb577e7982ddf9943a56,phash:fb577e7982ddf994,train,22b84c5caf5ebc0cb322607cb5a9a077045c50d99cf5d54112067672ff627a74,10,11,0,74,False
Soil_Labeled_Data/M_0_10/L_70_80/alluvial/IMG_0290.JPG,Soil_Labeled_Data/M_0_10/L_70_80/alluvial/IMG_0290.JPG,a0dc1ce179439e42e305,phash:8d480b16949f2dfa,train,bd24c8e2f76e69072c2f36aed70c7de98cac581a4ba9c0c41bff9b849c586a7b,9,8,0,73,False
Soil_Labeled_Data/M_0_10/L_70_80/alluvial/IMG_0291.JPG,Soil_Labeled_Data/M_0_10/L_70_80/alluvial/IMG_0291.JPG,ef1bce15fc4d9d7aba2d,phash:935f13b0e6ded6a5,train,3c16958628c76958f68f7bdf4eb62b7d145c1364c777e3348d0e694747a6fe50,5,4,0,75,False
Soil_Labeled_Data/M_0_10/L_70_80/alluvial/IMG_0292.JPG,Soil_Labeled_Data/M_0_10/L_70_80/alluvial/IMG_0292.JPG,2970a6a12f2eef452c23,phash:8ae8b78e4c3d05ab,validation,42745de1bc6ccd696f4593fc776c91ce6c9360541db9a460abfc2ff80a311335,9,8,0,75,False
Soil_Labeled_Data/M_0_10/L_70_80/alluvial/IMG_0293.JPG,Soil_Labeled_Data/M_0_10/L_70_80/alluvial/IMG_0293.JPG,e0c7c0d721e294292d4b,phash:c937577b1b7aa40e,train,3f3a939e2457155625d2aa428b899f236dc40990065f012f5410d08ec17ab404,1,4,0,70,False
Soil_Labeled_Data/M_0_10/L_70_80/alluvial/IMG_0294.JPG,Soil_Labeled_Data/M_0_10/L_70_80/alluvial/IMG_0294.JPG,6343ec16969498f18a29,phash:6343ec16969498f1,train,b8932b458c52554db42af4a6f3fc4ae7ad16b017650de733546464d04b8c7e68,6,7,0,73,False
Soil_Labeled_Data/M_0_10/L_70_80/alluvial/IMG_0295.JPG,Soil_Labeled_Data/M_0_10/L_70_80/alluvial/IMG_0295.JPG,6c662cd481d0b2f9f591,phash:6c662cd481d0b2f9,train,fddb7c17cd3a3df483e15eeea3ad499216d238defdd87368548647ef4bd17b33,8,10,0,71,False
Soil_Labeled_Data/M_0_10/L_70_80/alluvial/IMG_0296.JPG,Soil_Labeled_Data/M_0_10/L_70_80/alluvial/IMG_0296.JPG,3deaf17faeaccfa8bf5c,phash:3deaf17faeaccfa8,train,55cbc807ad8b6ffd586ca922c51578484036fe62ed7170f4fb2e33f13a4bfbd0,8,9,0,71,False
Soil_Labeled_Data/M_0_10/L_70_80/alluvial/IMG_0297.JPG,Soil_Labeled_Data/M_0_10/L_70_80/alluvial/IMG_0297.JPG,005956813792e2fce12f,phash:005956813792e2fc,test,87368bbc40a860ed2b5312ed3baa41f6bba45654bd74ae23c3f296c38060bff6,6,6,0,77,False
Soil_Labeled_Data/M_0_10/L_70_80/alluvial/IMG_0298.JPG,Soil_Labeled_Data/M_0_10/L_70_80/alluvial/IMG_0298.JPG,ce72a33a97a17f4400df,phash:11e7115e81b35b9a,train,0a0f0f4ccc49cde560ecbcef0c36666fc710659de9a55e736348d3e210a486d8,4,5,0,75,False
Soil_Labeled_Data/M_0_10/L_70_80/alluvial/IMG_0299.JPG,Soil_Labeled_Data/M_0_10/L_70_80/alluvial/IMG_0299.JPG,760f409fe52939e111ec,phash:4d6d86021fc16aae,train,dccc80647f7b25413699f13c6c999029e90f8ab9286a400fff7dfbaef1a37dc1,2,3,0,74,False
Soil_Labeled_Data/M_0_10/L_70_80/alluvial/IMG_0300.JPG,Soil_Labeled_Data/M_0_10/L_70_80/alluvial/IMG_0300.JPG,55352283b76e67d90b33,phash:c394eaefdefded4a,train,4d812e3c874392e7cf86a4bc0f4537b962d97cf1406191185bb8c567ee968fab,8,9,0,74,False
Soil_Labeled_Data/M_0_10/L_70_80/alluvial/IMG_0301.JPG,Soil_Labeled_Data/M_0_10/L_70_80/alluvial/IMG_0301.JPG,f9665bb7f6de3ef814fa,phash:222099dae69a0921,train,b678650cef13042bf6015e51c3bcab78cf386a18f24dc7897bcc1902c2337587,3,5,0,75,False
Soil_Labeled_Data/M_0_10/L_70_80/alluvial/IMG_0302.JPG,Soil_Labeled_Data/M_0_10/L_70_80/alluvial/IMG_0302.JPG,d5f90f9f1ef4eb9a31d6,phash:5dc310f046e489b5,validation,8c0febe02b51d85c54560d98043761ec6933cd48799e0b474091d75a7a9b5ab2,6,7,0,74,False
Soil_Labeled_Data/M_0_10/L_80_90/alluvial/IMG_0326.JPG,Soil_Labeled_Data/M_0_10/L_80_90/alluvial/IMG_0326.JPG,bd4df9aae3e4a9863c93,phash:5ae74c813d9bdf96,test,5e2413f69512c9344d80c9807b493897794bfc4a1b28424cbcab54e0181a0b40,9,7,0,89,False
Soil_Labeled_Data/M_0_10/L_80_90/alluvial/IMG_0327.JPG,Soil_Labeled_Data/M_0_10/L_80_90/alluvial/IMG_0327.JPG,1f415f9d4c1514a04349,phash:cc69562d33fe5286,train,08a8d026b1cce7ad0301224bb50fd923fb3f7e5b9db606778fc5dfed25584a62,7,7,0,83,False
Soil_Labeled_Data/M_0_10/L_80_90/alluvial/IMG_0328.JPG,Soil_Labeled_Data/M_0_10/L_80_90/alluvial/IMG_0328.JPG,089d8c48c4f98759572b,phash:e6096d60a159e70d,train,07b2a2379fc10679ad31389263a6bba547edb5f5cfa84460d3913fc18a45d490,5,4,0,90,False
Soil_Labeled_Data/M_0_10/L_80_90/alluvial/IMG_0329.JPG,Soil_Labeled_Data/M_0_10/L_80_90/alluvial/IMG_0329.JPG,bd534fb3aa632ae12f25,phash:87895f9e480f4d59,train,b26aa943aa931b7c3b8cdcc0af87d04709cfe4a468e802f6c9822a617d8e13bf,9,11,0,87,False
Soil_Labeled_Data/M_0_10/L_80_90/alluvial/IMG_0330.JPG,Soil_Labeled_Data/M_0_10/L_80_90/alluvial/IMG_0330.JPG,3926d1ccb0984ab10fde,phash:650553a5cc2eab4d,train,4f5b03fe02e0814937a811ea4b788f3b9ca6ce2e91ed5febfb2c948a6469a8c4,2,1,0,90,False
Soil_Labeled_Data/M_0_10/L_80_90/alluvial/IMG_0331.JPG,Soil_Labeled_Data/M_0_10/L_80_90/alluvial/IMG_0331.JPG,5aea1311215e0e66a3d3,phash:bd64cff4d903948c,test,b48bb2f5e8fb2b36eca492380e9971a1372af753c62d6073ea336f8ce477cd3c,7,6,0,87,False
Soil_Labeled_Data/M_0_10/L_80_90/alluvial/IMG_0332.JPG,Soil_Labeled_Data/M_0_10/L_80_90/alluvial/IMG_0332.JPG,d707bbf53e38028a1f8d,phash:7640718722767574,train,a916ae61e2a2abb91124f032e815d6cc3d74176012e1c7acbf949cf8d73daf74,3,3,0,84,False
Soil_Labeled_Data/M_0_10/L_80_90/alluvial/IMG_0333.JPG,Soil_Labeled_Data/M_0_10/L_80_90/alluvial/IMG_0333.JPG,86b7f7f14cc7e0c03669,phash:58d618e31740fb22,train,7842cd8e3fadd08aee903f1fa69f4eda577eac8751dde4319fbbb77e14f52460,5,3,0,85,False
Soil_Labeled_Data/M_0_10/L_80_90/alluvial/IMG_0334.JPG,Soil_Labeled_Data/M_0_10/L_80_90/alluvial/IMG_0334.JPG,be19ea5549550b204ea2,phash:21c9f629b4e51043,train,48cd040d29905235b43f252b369d6403d3a8c7fb0a91d50f0ee81d40ba54cd28,4,6,0,85,False
Soil_Labeled_Data/M_0_10/L_80_90/alluvial/IMG_0335.JPG,Soil_Labeled_Data/M_0_10/L_80_90/alluvial/IMG_0335.JPG,bc6f4aedf565de98b22f,phash:3cdbcdac12c9c5d8,train,e98362652ea50d646d741ab5d272ee6f094f3ccec61fb6d737261329b48b7734,4,5,0,80,False
Soil_Labeled_Data/M_0_10/L_80_90/alluvial/IMG_0336.JPG,Soil_Labeled_Data/M_0_10/L_80_90/alluvial/IMG_0336.JPG,305e9546c9b1b14e0f31,phash:b11052fbf7921da8,test,7b977b24451921e8bbc804b2b3fcb786116b4e33af01db4b9227023e9bed4b7d,3,5,0,88,False
Soil_Labeled_Data/M_0_10/L_80_90/alluvial/IMG_0337.JPG,Soil_Labeled_Data/M_0_10/L_80_90/alluvial/IMG_0337.JPG,36a998d7e50baefad5e1,phash:1c0e46ea1ed2da34,train,70a0c5859a246685f89aae67e710fe1b66bb9966d7be8b1ce2b67772de1fdcaa,1,1,0,85,False
Soil_Labeled_Data/M_0_10/L_80_90/alluvial/IMG_0338.JPG,Soil_Labeled_Data/M_0_10/L_80_90/alluvial/IMG_0338.JPG,295d70cf9754111700bf,phash:3d87433d5ff055b8,train,ea663f0f96f7d8bac52b151e8993a52a722d04a52cac459a1d3e17f66d628f55,7,7,0,87,False
Soil_Labeled_Data/M_0_10/L_80_90/alluvial/IMG_0339.JPG,Soil_Labeled_Data/M_0_10/L_80_90/alluvial/IMG_0339.JPG,c003112b9557078a93ef,phash:3fddced18e51fb54,train,76382e229df202e25b60edf31c7858e026796e93e24d4ad89071ae7104ce2c57,0,1,0,83,False
Soil_Labeled_Data/M_0_10/L_80_90/alluvial/IMG_0340.JPG,Soil_Labeled_Data/M_0_10/L_80_90/alluvial/IMG_0340.JPG,4835c06190c5793172a3,phash:e57936d1add1597d,test,59f226ab354700da8549d51fc04a44add9efd5974ce0822241e61e876a7a654d,0,1,0,88,False
Soil_Labeled_Data/M_0_10/L_80_90/alluvial/IMG_0341.JPG,Soil_Labeled_Data/M_0_10/L_80_90/alluvial/IMG_0341.JPG,77ff7dd7c65fbdc7d2c9,phash:fb60e23b1c5f4197,validation,7487e6962309dda13dcf0c24bf17cba22a00a7369ff53703354664361cfdf6a8,4,2,0,87,False
Soil_Labeled_Data/M_0_10/L_80_90/alluvial/IMG_0342.JPG,Soil_Labeled_Data/M_0_10/L_80_90/alluvial/IMG_0342.JPG,e873f83e8efea7694918,phash:77ff853871681a5f,train,62d8ebd9bada9a5f642e6a51c21e9936eb85552d17c62aa7fdf202ce0c4e6b24,2,4,0,84,False
Soil_Labeled_Data/M_0_10/L_80_90/alluvial/IMG_0343.JPG,Soil_Labeled_Data/M_0_10/L_80_90/alluvial/IMG_0343.JPG,aeb9e1642e48c08c7b7f,phash:5d4a1cc17f3caf91,validation,26baff2209d711ee79521526cf67bd075d747ed52b4b0fba092c57441d0a621a,6,5,0,87,False
Soil_Labeled_Data/M_0_10/L_80_90/alluvial/IMG_0344.JPG,Soil_Labeled_Data/M_0_10/L_80_90/alluvial/IMG_0344.JPG,5eb179d3addf354fed14,phash:e4ebd17d778f9599,train,36ad555a2ae155acc90f22271fadec5378335d3365eac4874c0717a5c7e6813b,6,4,0,88,False
Soil_Labeled_Data/M_0_10/L_80_90/alluvial/IMG_0345.JPG,Soil_Labeled_Data/M_0_10/L_80_90/alluvial/IMG_0345.JPG,b74fe10ad8618e076f81,phash:0f8a383fa26c0c9f,train,3254720ba738c987e8903cbe48e299205b5a516b29379964e81c066ee22e8589,6,4,0,83,False
Soil_Labeled_Data/M_0_10/L_90_100/alluvial/IMG_0368.JPG,Soil_Labeled_Data/M_0_10/L_90_100/alluvial/IMG_0368.JPG,785caddf8dca0be0809d,phash:3988028cea6aae87,train,91ac8be7f016041ca663acc760e9083eba3fab59354763aa7705339b65ac619b,9,11,0,94,False
Soil_Labeled_Data/M_0_10/L_90_100/alluvial/IMG_0369.JPG,Soil_Labeled_Data/M_0_10/L_90_100/alluvial/IMG_0369.JPG,7cfaa2968ae189a0ae94,phash:04a596876660edf6,test,49f3ee1b34884d4aa333880b733dc88082a66f53aa416527933813daadf464cc,2,3,0,91,False
Soil_Labeled_Data/M_0_10/L_90_100/alluvial/IMG_0370.JPG,Soil_Labeled_Data/M_0_10/L_90_100/alluvial/IMG_0370.JPG,7dc6fc1685cad90984cf,phash:3f12adad0d3de4b3,train,a95e92f3f33a32ef78f9be1b28493a786b113d15593172565db13b4b076d102b,4,6,0,96,False
Soil_Labeled_Data/M_0_10/L_90_100/alluvial/IMG_0371.JPG,Soil_Labeled_Data/M_0_10/L_90_100/alluvial/IMG_0371.JPG,96d3dc3ec61f9834746e,phash:fce8ca8571b71253,train,a9eb5cff5c51cbb6332dbb8fcd66d954fa6fe64c1489245bc3c3aae2656eac2a,6,6,0,96,False
Soil_Labeled_Data/M_0_10/L_90_100/alluvial/IMG_0372.JPG,Soil_Labeled_Data/M_0_10/L_90_100/alluvial/IMG_0372.JPG,4d1de4f3b67e502b6dd8,phash:9a4f78194ba33596,train,fbfea86d0b5d0061a0648d8a27c2903a590905803d5ccbedd9d3bd8f78d11232,0,1,0,96,False
Soil_Labeled_Data/M_0_10/L_90_100/alluvial/IMG_0373.JPG,Soil_Labeled_Data/M_0_10/L_90_100/alluvial/IMG_0373.JPG,6d355b3437af0223638f,phash:2f6d9429919d198c,train,f32a70b5e979b415d4408e0e9b138b8f426db4ef88ef230fefcbf469109dda98,7,5,0,99,False
Soil_Labeled_Data/M_0_10/L_90_100/alluvial/IMG_0374.JPG,Soil_Labeled_Data/M_0_10/L_90_100/alluvial/IMG_0374.JPG,00de741fe78ba9b741e8,phash:69821793987007d8,train,2eb93b9023ca5c3f5ceb5c6d8df16a2eadaeb197f4563d64046c446a463fbc78,4,5,0,95,False
Soil_Labeled_Data/M_0_10/L_90_100/alluvial/IMG_0374_aug_02_gray_brown.jpg,Soil_Labeled_Data/M_0_10/L_90_100/alluvial/IMG_0374_aug_02_gray_brown.jpg,a3b50c781f733e9f023f,phash:69821793987007d8,train,064a8a7d338ca36e07cae085fe791e133e8762ca3ea1a3d2973fcb7000bc5fbc,0,1,0,96,False
Soil_Labeled_Data/M_0_10/L_90_100/alluvial/IMG_0375.JPG,Soil_Labeled_Data/M_0_10/L_90_100/alluvial/IMG_0375.JPG,62782e6169b81526b657,phash:62782e6169b81526,train,1db7d7857ddac5c1c9fa9c29e19c791814d7f6c91f7c0afe5add56fdf1e40a8a,4,2,0,97,False
Soil_Labeled_Data/M_0_10/L_90_100/alluvial/IMG_0376.JPG,Soil_Labeled_Data/M_0_10/L_90_100/alluvial/IMG_0376.JPG,c90394ff27f7bf87352e,phash:c90394ff27f7bf87,train,afd4297f8530a23cdfdbba158ac8d09394f201a37d1b290022dde5567bc3e25c,6,5,0,95,False
Soil_Labeled_Data/M_0_10/L_90_100/alluvial/IMG_0377.JPG,Soil_Labeled_Data/M_0_10/L_90_100/alluvial/IMG_0377.JPG,37cd3faa2c42a07d4098,phash:0c88b548dafd8086,train,44cd125c28c8f08d232b7e4809d689fde510d7a0debca76b5bee32ebbce04881,2,2,0,92,False
Soil_Labeled_Data/M_0_10/L_90_100/alluvial/IMG_0377_aug_01_clay_red.jpg,Soil_Labeled_Data/M_0_10/L_90_100/alluvial/IMG_0377_aug_01_clay_red.jpg,6d5489b0c35cdca98286,phash:0c88b548dafd8086,train,e34e5a49fadb9d8831d3ac938a0b80461d1c9efb81f8ad2cfdec335e195b3beb,4,5,0,94,False
Soil_Labeled_Data/M_0_10/L_90_100/alluvial/IMG_0378.JPG,Soil_Labeled_Data/M_0_10/L_90_100/alluvial/IMG_0378.JPG,d7d598a3d6f9f624c036,phash:d7d598a3d6f9f624,train,a8140f263e55059446ecb2751f094c4df8d69d682d7a563e98daf0cbafebd902,2,2,0,92,False
Soil_Labeled_Data/M_0_10/L_90_100/alluvial/IMG_0379.JPG,Soil_Labeled_Data/M_0_10/L_90_100/alluvial/IMG_0379.JPG,c70cb1ebd327a849cd0f,phash:c70cb1ebd327a849,train,0e625bb48799bcaf8a1f99bdb29e24d9fdd74c1d96a317e6c843fb78b8205b64,6,8,0,93,False
Soil_Labeled_Data/M_0_10/L_90_100/alluvial/IMG_0380.JPG,Soil_Labeled_Data/M_0_10/L_90_100/alluvial/IMG_0380.JPG,6c504e81e1ae75c17456,phash:3b57f6533bc0aed4,train,a6b460c5facc371821d8b881b74d661204a239342dc4b3b4aa2a931752aee421,9,7,0,94,False
Soil_Labeled_Data/M_0_10/L_90_100/alluvial/IMG_0380_aug_00_light_brown.jpg,Soil_Labeled_Data/M_0_10/L_90_100/alluvial/IMG_0380_aug_00_light_brown.jpg,c97cf062d6184c45072f,phash:3b57f6533bc0aed4,train,bd221715151d680fe1966d81c4a367c9afed8a286b86d00e0b7caf79933dda46,6,7,0,90,False
Soil_Labeled_Data/M_0_10/L_90_100/alluvial/IMG_0381.JPG,Soil_Labeled_Data/M_0_10/L_90_100/alluvial/IMG_0381.JPG,0cb63bfca3f8c20f4ea7,phash:0cb63bfca3f8c20f,train,b5c929b7e69d4d75f2b60ea6158b03334ac0d2ddb2ce468c0ac9ccc857723e54,4,4,0,95,False
Soil_Labeled_Data/M_0_10/L_90_100/alluvial/IMG_0382.JPG,Soil_Labeled_Data/M_0_10/L_90_100/alluvial/IMG_0382.JPG,1d1622a9240107ad6fc0,phash:221b56b65a88ae8d,train,d81d41e7d8c948b0cf49ceaee163665819dd82ab834520925df4b36665bbefaf,6,5,0,100,False
Soil_Labeled_Data/M_0_10/L_90_100/alluvial/IMG_0383.JPG,Soil_Labeled_Data/M_0_10/L_90_100/alluvial/IMG_0383.JPG,004d1a28e18251f40774,phash:fc22572bf4f6c414,train,6b917f7ffff150ed01b888a4fca42d29d311662f2c89a97eabfa89bfdec121b8,6,6,0,93,False
Soil_Labeled_Data/M_0_10/L_90_100/alluvial/IMG_0384.JPG,Soil_Labeled_Data/M_0_10/L_90_100/alluvial/IMG_0384.JPG,148d217a845ce9abb3c2,phash:148d217a845ce9ab,train,fed88993dd7845091cd63a13b9dbe9d0da2a41c683cf37bc3d82fc100038afb1,6,6,0,90,False
Soil_Labeled_Data/M_10_20/L_0_10/alluvial/IMG_0405.JPG,Soil_Labeled_Data/M_10_20/L_0_10/alluvial/IMG_0405.JPG,f05957fcaa2e5ea58caf,phash:f05957fcaa2e5ea5,validation,a2a1585715f9ac86792beeeb336460ab5af8a4bfe9e8ab4adecb6b6f321196f3,16,19,1,7,False
Soil_Labeled_Data/M_10_20/L_0_10/alluvial/IMG_0406.JPG,Soil_Labeled_Data/M_10_20/L_0_10/alluvial/IMG_0406.JPG,31c582a19d5d7a3e010e,phash:31c582a19d5d7a3e,validation,4d667944cfcccb4ede90f3313f8d144b3822d1fbc5ce6f4c6b859862b6ad0319,20,23,1,8,False
Soil_Labeled_Data/M_10_20/L_0_10/alluvial/IMG_0407.JPG,Soil_Labeled_Data/M_10_20/L_0_10/alluvial/IMG_0407.JPG,bc72a1f81d888479185a,phash:bc72a1f81d888479,train,9fa821039e734b3281d7fec52f46bb7844a5d99dca71bd3df435ad1b673c718f,17,24,1,0,False
Soil_Labeled_Data/M_10_20/L_0_10/alluvial/IMG_0408.JPG,Soil_Labeled_Data/M_10_20/L_0_10/alluvial/IMG_0408.JPG,18ba5ebbda21756c2de3,phash:18ba5ebbda21756c,train,b9ef1d757aee1c879254dc92179c3dcb890e595e62bb38ef396f19763e151785,15,21,1,1,False
Soil_Labeled_Data/M_10_20/L_0_10/alluvial/IMG_0409.JPG,Soil_Labeled_Data/M_10_20/L_0_10/alluvial/IMG_0409.JPG,06e67feeeee53a300ca3,phash:06e67feeeee53a30,test,9878ab06fe77413dc182ec01daa4b011edb877525f75a935c925f3e82a0a32c7,19,22,1,6,False
Soil_Labeled_Data/M_10_20/L_0_10/alluvial/IMG_0410.JPG,Soil_Labeled_Data/M_10_20/L_0_10/alluvial/IMG_0410.JPG,1fcda2d632e2e5dcc243,phash:1fcda2d632e2e5dc,train,79aeb15865956106ab9400788f9cca022e346415b983910be223942dfe84dde1,18,20,1,8,False
Soil_Labeled_Data/M_10_20/L_0_10/alluvial/IMG_0412.JPG,Soil_Labeled_Data/M_10_20/L_0_10/alluvial/IMG_0412.JPG,efc0bcb9088ab90dbcd6,phash:efc0bcb9088ab90d,train,95456f62349bc384149cda57893bd993e8eb1fa5f4150b255e3db14c6d530da3,13,17,1,8,False
Soil_Labeled_Data/M_10_20/L_0_10/alluvial/IMG_0413.JPG,Soil_Labeled_Data/M_10_20/L_0_10/alluvial/IMG_0413.JPG,5a603f769a9f698e7689,phash:5a603f769a9f698e,validation,b26b265ab2f22f87c52990fcc07151eb2745ed57806d60e03b7f127b81f757c0,18,24,1,7,False
Soil_Labeled_Data/M_10_20/L_0_10/alluvial/IMG_0414.JPG,Soil_Labeled_Data/M_10_20/L_0_10/alluvial/IMG_0414.JPG,016d55dde1c146a2c13b,phash:016d55dde1c146a2,validation,b3510851d6fa067bb80765be1e0e661897de10a3f8f503dceae6215089a1c203,18,21,1,6,False
Soil_Labeled_Data/M_10_20/L_0_10/alluvial/IMG_0415.JPG,Soil_Labeled_Data/M_10_20/L_0_10/alluvial/IMG_0415.JPG,49415298643cb20f4a1a,phash:49415298643cb20f,validation,36986ac99ca1bc5d8500125e1d23a91b9dce4af722c1fb7626d5cb23f0708063,14,17,1,2,False
Soil_Labeled_Data/M_10_20/L_0_10/alluvial/IMG_0417.JPG,Soil_Labeled_Data/M_10_20/L_0_10/alluvial/IMG_0417.JPG,518784514e39c50a6e7b,phash:518784514e39c50a,train,79ac855b5d31d094017e0d0d3153f8888e8adf62f6118728fcf08040a374698d,20,23,1,9,False
Soil_Labeled_Data/M_10_20/L_0_10/alluvial/IMG_0418.JPG,Soil_Labeled_Data/M_10_20/L_0_10/alluvial/IMG_0418.JPG,adaa3a6816a0eb4b20d6,phash:adaa3a6816a0eb4b,train,516109041459d9e62c6949811400b773086d13f6f98940ed7913f76adf4bbb06,12,15,1,8,False
Soil_Labeled_Data/M_10_20/L_0_10/alluvial/IMG_0419.JPG,Soil_Labeled_Data/M_10_20/L_0_10/alluvial/IMG_0419.JPG,7088ba2ac1a6b8fe989c,phash:7088ba2ac1a6b8fe,test,678527980491fd258d74a96537cf61917e6b55705b63f84f5e0ec9c247044759,19,21,1,7,False
Soil_Labeled_Data/M_10_20/L_0_10/alluvial/IMG_0421.JPG,Soil_Labeled_Data/M_10_20/L_0_10/alluvial/IMG_0421.JPG,e5982d3d93e6a3da91b2,phash:e5982d3d93e6a3da,train,30c05ab0ebcd0907834467e246a4ec7c8d09bacf9999ed1ed3ef1e69bc21fb2e,20,23,1,5,False
Soil_Labeled_Data/M_10_20/L_0_10/alluvial/IMG_0422.JPG,Soil_Labeled_Data/M_10_20/L_0_10/alluvial/IMG_0422.JPG,c21826a961decc6b065a,phash:c21826a961decc6b,test,65f5b55e68a7cf7816cc744396367d0d63793671b09d41e132f68d803670365b,14,16,1,10,False
Soil_Labeled_Data/M_10_20/L_0_10/alluvial/IMG_0423.JPG,Soil_Labeled_Data/M_10_20/L_0_10/alluvial/IMG_0423.JPG,e051c6d9bcf7352e9605,phash:e051c6d9bcf7352e,train,74a135061db1afe0f10d1306dbb65690c83da1919af299def0ede967a6e18ba0,13,15,1,6,False
Soil_Labeled_Data/M_10_20/L_0_10/alluvial/IMG_0424.JPG,Soil_Labeled_Data/M_10_20/L_0_10/alluvial/IMG_0424.JPG,a31834fba045f38ed1dc,phash:a31834fba045f38e,train,c7adf2223934bb5c6a94580a0385ba3cadd51f67eb587ea3132d42a819c6a2a1,10,15,1,8,False
Soil_Labeled_Data/M_10_20/L_0_10/alluvial/IMG_0425.JPG,Soil_Labeled_Data/M_10_20/L_0_10/alluvial/IMG_0425.JPG,91a12b663d70b11b750c,phash:91a12b663d70b11b,train,ae56f02cca531b4c443f8075815a0e531a78419f254be70236e1774c465cce23,15,18,1,2,False
Soil_Labeled_Data/M_10_20/L_0_10/alluvial/IMG_0426.JPG,Soil_Labeled_Data/M_10_20/L_0_10/alluvial/IMG_0426.JPG,662eb571875d26317141,phash:662eb571875d2631,train,977387c3091694978152c9197cc0db273fc52a7da8f6706f7268da37855f1eb4,19,23,1,8,False
Soil_Labeled_Data/M_10_20/L_0_10/alluvial/IMG_0427.JPG,Soil_Labeled_Data/M_10_20/L_0_10/alluvial/IMG_0427.JPG,14baec77e9dfbb5c9364,phash:14baec77e9dfbb5c,validation,b3e95dd89ff58872f8da859929f97b58a8e0539e5b95e993c746c1f06b5fedce,13,19,1,3,False
Soil_Labeled_Data/M_10_20/L_10_20/alluvial/IMG_0449.JPG,Soil_Labeled_Data/M_10_20/L_10_20/alluvial/IMG_0449.JPG,6d879eee3f7d994f9f6e,phash:6d879eee3f7d994f,train,7d3babccc7230de23bebc5830c69d7a0d3aca35bd6dae36a1230edde84261a33,15,19,1,19,False
Soil_Labeled_Data/M_10_20/L_10_20/alluvial/IMG_0450.JPG,Soil_Labeled_Data/M_10_20/L_10_20/alluvial/IMG_0450.JPG,61ae752f69782e3ee065,phash:e5ae9c0394f3d4c2,train,db49b1de22d6f4b1ee9a1037c724e277d2037af7dd3746a3113dabfbb1c36def,12,15,1,16,False
Soil_Labeled_Data/M_10_20/L_10_20/alluvial/IMG_0451.JPG,Soil_Labeled_Data/M_10_20/L_10_20/alluvial/IMG_0451.JPG,e1d881d647167224ff61,phash:e1d881d647167224,train,0db531c9df938b89ff4e16e4e313f7991a36eff947284cd1ad963a9f7387ff8e,19,21,1,10,False
Soil_Labeled_Data/M_10_20/L_10_20/alluvial/IMG_0452.JPG,Soil_Labeled_Data/M_10_20/L_10_20/alluvial/IMG_0452.JPG,e28092b5142a20df9294,phash:fdb64bc5843a040c,validation,7fb3c52468f70894953eb77e06fd563e392455f0e3883aa205fa506f1adbf1ab,14,17,1,12,False
Soil_Labeled_Data/M_10_20/L_10_20/alluvial/IMG_0453.JPG,Soil_Labeled_Data/M_10_20/L_10_20/alluvial/IMG_0453.JPG,3219645290bd14949ad6,phash:3219645290bd1494,train,8733833c9ab874ec2358ac067e8fd7fe1f4ae7bda06bbf93422eea12ba464729,19,22,1,20,False
Soil_Labeled_Data/M_10_20/L_10_20/alluvial/IMG_0454.JPG,Soil_Labeled_Data/M_10_20/L_10_20/alluvial/IMG_0454.JPG,254ec64a918cdd60840e,phash:5ca572d3107e8d3e,train,a5ed3bd2e76548106b7d059773b95d37b6618cd4b7ca26f2cfb85a70451323af,16,20,1,10,False
Soil_Labeled_Data/M_10_20/L_10_20/alluvial/IMG_0455.JPG,Soil_Labeled_Data/M_10_20/L_10_20/alluvial/IMG_0455.JPG,09eb951a031fb3f22238,phash:09eb951a031fb3f2,test,16a9547cc6423ac8e3e001c425d4b57cf0c7bcc2c390aafcbb45e6b165e1813a,11,16,1,18,False
Soil_Labeled_Data/M_10_20/L_10_20/alluvial/IMG_0456.JPG,Soil_Labeled_Data/M_10_20/L_10_20/alluvial/IMG_0456.JPG,4f0627c3724650799c8a,phash:93e21936b8adaeb4,train,0e5b8cdf11fd92993a1a16d97ec5380e20b411f2f2875be8747d2d3af4ad7762,20,26,1,13,False
Soil_Labeled_Data/M_10_20/L_10_20/alluvial/IMG_0457.JPG,Soil_Labeled_Data/M_10_20/L_10_20/alluvial/IMG_0457.JPG,5d945640d34e1e6f333d,phash:4af546806af8d36b,train,c42a95447c5adcbc9cdb1b23d2e6ff78591daf3dd9aae8dfc8185fef06feec4d,13,16,1,20,False
Soil_Labeled_Data/M_10_20/L_10_20/alluvial/IMG_0458.JPG,Soil_Labeled_Data/M_10_20/L_10_20/alluvial/IMG_0458.JPG,15d3b29e41641270332d,phash:7f5657f9fefd180e,train,99d0be7fd513488c3b8f6dcd1846882f9ca58bc9d80c064c8df995f3a5678c0f,17,23,1,11,False
Soil_Labeled_Data/M_10_20/L_10_20/alluvial/IMG_0459.JPG,Soil_Labeled_Data/M_10_20/L_10_20/alluvial/IMG_0459.JPG,e548cc443be57d6a5de1,phash:f612ad19b6d68f3a,validation,58e0af2a608dfea6572ed450afb139b7568b258302a038169c66c41d21237c69,20,26,1,18,False
Soil_Labeled_Data/M_10_20/L_10_20/alluvial/IMG_0460.JPG,Soil_Labeled_Data/M_10_20/L_10_20/alluvial/IMG_0460.JPG,a44eabb71ebd9ac6a034,phash:fe7aef783351d162,train,7ba53c482a290ec911efc914d65b8d39742d3cc6f9afcf7ae66ccc2f0b574abc,14,19,1,15,False
Soil_Labeled_Data/M_10_20/L_10_20/alluvial/IMG_0461.JPG,Soil_Labeled_Data/M_10_20/L_10_20/alluvial/IMG_0461.JPG,a9ae46e7c04342b57cda,phash:649f07958420e754,test,38dcfe902960e7733aed4a29281522276fc6af52b32f3af9601c188c0a6b6d50,14,18,1,10,False
Soil_Labeled_Data/M_10_20/L_10_20/alluvial/IMG_0462.JPG,Soil_Labeled_Data/M_10_20/L_10_20/alluvial/IMG_0462.JPG,260e9bdeb40199e4c851,phash:f3dc1fb53d7773ee,train,fcf15ffff5905a23f9f7e84cb571263b5c54678c77e036c9468dc891e6e1d755,19,22,1,10,False
Soil_Labeled_Data/M_10_20/L_10_20/alluvial/IMG_0463.JPG,Soil_Labeled_Data/M_10_20/L_10_20/alluvial/IMG_0463.JPG,ab4aaf62bee10cac6ba0,phash:1d879dd519e5100b,test,1b88c62f10a4c29ca2d3871aecf5b7c0854c57ff8545a0f6ce54b61d347336d2,13,19,1,10,False
Soil_Labeled_Data/M_10_20/L_10_20/alluvial/IMG_0464.JPG,Soil_Labeled_Data/M_10_20/L_10_20/alluvial/IMG_0464.JPG,0bb44ffdd6ed12e111f5,phash:a4ca7b29ba5f1d85,train,afa64ead76bfd4fbfc5ae8baee84b2494f925db8053c480f742ea85c764eb1dd,13,16,1,16,False
Soil_Labeled_Data/M_10_20/L_10_20/alluvial/IMG_0465.JPG,Soil_Labeled_Data/M_10_20/L_10_20/alluvial/IMG_0465.JPG,87ab6c1291145c12f58b,phash:c63b19b3f5971d7f,test,3e0c7f6f5f4015558c5d3e5a753eba3bdaf2489a5f41d9fe813d6a9fc497ac26,15,17,1,10,False
Soil_Labeled_Data/M_10_20/L_10_20/alluvial/IMG_0466.JPG,Soil_Labeled_Data/M_10_20/L_10_20/alluvial/IMG_0466.JPG,1938ef7e84e4bb8470a6,phash:c561966d4425a4f8,train,d71817d48eeca6f6c07746f12da584ac77a65c80882c16c69e2e1509cce49c0c,18,20,1,10,False
Soil_Labeled_Data/M_10_20/L_10_20/alluvial/IMG_0467.JPG,Soil_Labeled_Data/M_10_20/L_10_20/alluvial/IMG_0467.JPG,cbfcade60e361474d6e4,phash:2afd5d4bca404700,train,c1267161ff4783b309f05242e1c9d8803c35dc981d774e362368f0af0311d6e1,18,21,1,18,False
Soil_Labeled_Data/M_10_20/L_10_20/alluvial/IMG_0468.JPG,Soil_Labeled_Data/M_10_20/L_10_20/alluvial/IMG_0468.JPG,71230a2823e73ba8288f,phash:9347c190d74293d3,train,ae59b45ae8e343b291508d16c56f85c85de2a9cc8b73d01c876f0cf2a217cd78,10,13,1,20,False
Soil_Labeled_Data/M_10_20/L_20_30/alluvial/IMG_0497.JPG,Soil_Labeled_Data/M_10_20/L_20_30/alluvial/IMG_0497.JPG,c1601c5a61bac208d101,phash:5bf1ed8e03d8be73,train,3195c14828518e7a7e73a5fae7682af4eae9fae45577367d5d556420ba7c81ca,15,18,1,24,False
Soil_Labeled_Data/M_10_20/L_20_30/alluvial/IMG_0498.JPG,Soil_Labeled_Data/M_10_20/L_20_30/alluvial/IMG_0498.JPG,a0ec59673423aa335c03,phash:a0ec59673423aa33,validation,43777ca674104f0ac8b1cc4699d9dad4f187f985e7ebe61bbfcaf8e83537fa2c,15,18,1,30,False
Soil_Labeled_Data/M_10_20/L_20_30/alluvial/IMG_0499.JPG,Soil_Labeled_Data/M_10_20/L_20_30/alluvial/IMG_0499.JPG,826a4ae40aa152a150f0,phash:826a4ae40aa152a1,train,577a88b86d69a7f2d1bd554ba6eb2eca7a6f23f9261e9c986636ed222ed3121b,12,14,1,26,False
Soil_Labeled_Data/M_10_20/L_20_30/alluvial/IMG_0500.JPG,Soil_Labeled_Data/M_10_20/L_20_30/alluvial/IMG_0500.JPG,41224598b6ecb3c928de,phash:59c86ca7b0ff6cbe,test,2fec450354b12923c906e82a1fcb75666e8cdb4e82ad05594b65536a5e3cb5ff,15,16,1,22,False
Soil_Labeled_Data/M_10_20/L_20_30/alluvial/IMG_0501.JPG,Soil_Labeled_Data/M_10_20/L_20_30/alluvial/IMG_0501.JPG,437bfccb32ebd8c0679f,phash:466c9def00cb8061,train,d2f719f5a54c294c2847e999e63909944d6dc41a7bfee20582ddc287885b459f,17,19,1,24,False
Soil_Labeled_Data/M_10_20/L_20_30/alluvial/IMG_0502.JPG,Soil_Labeled_Data/M_10_20/L_20_30/alluvial/IMG_0502.JPG,95888be319a1a115599f,phash:2977e23d0929cfa6,test,4fcb928b7e0b16ab8d1f9ff79993025439841e049e5ea5cd58c475a5cfd5bee4,15,19,1,28,False
Soil_Labeled_Data/M_10_20/L_20_30/alluvial/IMG_0503.JPG,Soil_Labeled_Data/M_10_20/L_20_30/alluvial/IMG_0503.JPG,01a2aba4bd8848b3d5a9,phash:bc029cd79db808a1,validation,f2c66971f9e2caf06fd9d1540627fefddec9b74ded74d87053ef202ecdd9ee9a,10,15,1,24,False
Soil_Labeled_Data/M_10_20/L_20_30/alluvial/IMG_0504.JPG,Soil_Labeled_Data/M_10_20/L_20_30/alluvial/IMG_0504.JPG,a62890d4b286bed18cf4,phash:68c0216d4e775305,train,e4e85902664fcfe4631c3eb9ae33e6e4dff3818dfe3eb86935929d0835b26849,14,19,1,25,False
Soil_Labeled_Data/M_10_20/L_20_30/alluvial/IMG_0505.JPG,Soil_Labeled_Data/M_10_20/L_20_30/alluvial/IMG_0505.JPG,e48272a1d59ed39a47f0,phash:b33553afc04cc567,train,eee4e1708352b239053355f4f5de6b66dd27baa2c4b752b456f3b7d730f78c19,20,23,1,24,False
Soil_Labeled_Data/M_10_20/L_20_30/alluvial/IMG_0506.JPG,Soil_Labeled_Data/M_10_20/L_20_30/alluvial/IMG_0506.JPG,fe60e8132d44e93d19d1,phash:d4cac56fbf8548b6,test,d7a7427be20ab01e556dc63caca5929e25ab7fefd5f90831609c3252ff1bf785,11,12,1,25,False
Soil_Labeled_Data/M_10_20/L_20_30/alluvial/IMG_0507.JPG,Soil_Labeled_Data/M_10_20/L_20_30/alluvial/IMG_0507.JPG,563310907c591d3b3761,phash:97840c038cf0ca41,train,5782e1ee95d73376b20d2b3b292fc22c3b819f523c2c6f37d0a3a0954897d43e,15,17,1,21,False
Soil_Labeled_Data/M_10_20/L_20_30/alluvial/IMG_0508.JPG,Soil_Labeled_Data/M_10_20/L_20_30/alluvial/IMG_0508.JPG,37a076de98a612403602,phash:051110bc56e248a7,train,125d52a0b9a03f990e69ba7ec81220bd3a7d03dc6ea57cd9889b3f53ae6a6ba9,17,19,1,20,False
Soil_Labeled_Data/M_10_20/L_20_30/alluvial/IMG_0509.JPG,Soil_Labeled_Data/M_10_20/L_20_30/alluvial/IMG_0509.JPG,88a6f2ae74b0601524d0,phash:ec0ec0fc1e07a634,test,35cd57e69c9ebe4e8597d4a7ce4dca042bdfadf2a25a8aab66d8696664701a44,13,18,1,26,False
Soil_Labeled_Data/M_10_20/L_20_30/alluvial/IMG_0510.JPG,Soil_Labeled_Data/M_10_20/L_20_30/alluvial/IMG_0510.JPG,50382c709700b9f7e008,phash:33784c06279c45c9,test,e66fadc884f69fe92241aa15de2c623c6f5d3e6e1a21c4ebd553e6da3324a791,10,12,1,28,False
Soil_Labeled_Data/M_10_20/L_20_30/alluvial/IMG_0511.JPG,Soil_Labeled_Data/M_10_20/L_20_30/alluvial/IMG_0511.JPG,8aa71fafabb2d6ef8f5d,phash:430e4a385f0e12ac,train,f87a9a1e9a156d1a84e2c7882c4a70a2f8416e3a5b5b1214e2dbf1ea9260d914,11,16,1,27,False
Soil_Labeled_Data/M_10_20/L_20_30/alluvial/IMG_0512.JPG,Soil_Labeled_Data/M_10_20/L_20_30/alluvial/IMG_0512.JPG,0dc51ac22d3bb5e4448c,phash:08b7389bd339e9c1,train,0cf8588fb69f8fb34cb96b2679e7f99d2aea32209607965c4ec2ec41ffdb768d,17,20,1,28,False
Soil_Labeled_Data/M_10_20/L_20_30/alluvial/IMG_0513.JPG,Soil_Labeled_Data/M_10_20/L_20_30/alluvial/IMG_0513.JPG,7558078785139f15f279,phash:ec75f2cfc0deaff3,train,aace20143f9817bc2f7c0d12aea94904bfbfc29b0ca6e958f3811b23bd3ff2a3,11,12,1,27,False
Soil_Labeled_Data/M_10_20/L_20_30/alluvial/IMG_0514.JPG,Soil_Labeled_Data/M_10_20/L_20_30/alluvial/IMG_0514.JPG,4ab6916fad9f71572be3,phash:54782112c471a7dd,validation,e10e1cd3034f40790170459cab66fc93c23721b877e1ce31a99e592ea56c1904,14,15,1,22,False
Soil_Labeled_Data/M_10_20/L_20_30/alluvial/IMG_0515.JPG,Soil_Labeled_Data/M_10_20/L_20_30/alluvial/IMG_0515.JPG,95dfe5edf960edd5fb66,phash:f4840b581e6dd76a,train,1777afb5b239a0368940839cee76cb344f249e413a25e29a6bcf9aa569f293f3,11,17,1,20,False
Soil_Labeled_Data/M_10_20/L_20_30/alluvial/IMG_0516.JPG,Soil_Labeled_Data/M_10_20/L_20_30/alluvial/IMG_0516.JPG,928cb660b388fd294fa3,phash:94504f8b15c25eb0,train,3421448f32adccfff2d7c5988f7cd686f3c64e5506562d1c7db4787c021b954b,10,15,1,25,False
Soil_Labeled_Data/M_10_20/L_30_40/alluvial/IMG_0542.JPG,Soil_Labeled_Data/M_10_20/L_30_40/alluvial/IMG_0542.JPG,5b944596999269aa492d,phash:5b944596999269aa,validation,677b31435291bcf2ec5f2e8c032180525a65b4768ba4a235663790900721e3ea,11,14,1,39,False
Soil_Labeled_Data/M_10_20/L_30_40/alluvial/IMG_0543.JPG,Soil_Labeled_Data/M_10_20/L_30_40/alluvial/IMG_0543.JPG,243464243ebda3bd52cd,phash:738961f08c6ad95f,train,caff03ada9d3685ba0f66ad2ad690e86be299ad69b09d395d03510fcdb2e073a,11,15,1,38,False
Soil_Labeled_Data/M_10_20/L_30_40/alluvial/IMG_0544.JPG,Soil_Labeled_Data/M_10_20/L_30_40/alluvial/IMG_0544.JPG,ca829f329b9ad94004d1,phash:ed6979670d9f9dea,train,424c8a2e617c4bf7f8b558f79beef0ea0d73bdb170a5852efd95554165b38b6a,18,23,1,38,False
Soil_Labeled_Data/M_10_20/L_30_40/alluvial/IMG_0545.JPG,Soil_Labeled_Data/M_10_20/L_30_40/alluvial/IMG_0545.JPG,dde21f78450400b80e92,phash:1f63adda602b4998,train,6e51a4d966993703f22b12da28dc244e153eab06bd157b24c282ca92af03b3c1,14,15,1,37,False
Soil_Labeled_Data/M_10_20/L_30_40/alluvial/IMG_0546.JPG,Soil_Labeled_Data/M_10_20/L_30_40/alluvial/IMG_0546.JPG,129bba00102e60bbf9b7,phash:129bba00102e60bb,train,711186b8bfdd4fa38462f45e4b410458bdded3fa05afa2cb171ffa6ab7b6e10d,16,20,1,32,False
Soil_Labeled_Data/M_10_20/L_30_40/alluvial/IMG_0547.JPG,Soil_Labeled_Data/M_10_20/L_30_40/alluvial/IMG_0547.JPG,8b3b8645130f58857ba0,phash:8b3b8645130f5885,train,8a52fef3cdafcb340d53d5d61b65db7f0926eaa6e5ce06fc10073e1a7ff050cd,12,15,1,34,False
Soil_Labeled_Data/M_10_20/L_30_40/alluvial/IMG_0548.JPG,Soil_Labeled_Data/M_10_20/L_30_40/alluvial/IMG_0548.JPG,526ef66582a00124cca7,phash:9eb4ee466e7f1dc6,test,83706b2f205b2d1960a0633c7c2bfd2416ea22dcb0a137b36822a30a991e8cad,20,24,1,36,False
Soil_Labeled_Data/M_10_20/L_30_40/alluvial/IMG_0549.JPG,Soil_Labeled_Data/M_10_20/L_30_40/alluvial/IMG_0549.JPG,2373c6a3c3143bd6d576,phash:5af44fcdc59439fe,train,b8d5ce7a80f412bffe005772e3c75bd2a8ed74dda289ade606eae9a5fc0f15f9,19,21,1,35,False
Soil_Labeled_Data/M_10_20/L_30_40/alluvial/IMG_0550.JPG,Soil_Labeled_Data/M_10_20/L_30_40/alluvial/IMG_0550.JPG,2624d1aad009a6084645,phash:2624d1aad009a608,validation,136246d8e891293f44b128f62f520a42883a0c715e89c08c925443e72de3ac6f,18,19,1,38,False
Soil_Labeled_Data/M_10_20/L_30_40/alluvial/IMG_0551.JPG,Soil_Labeled_Data/M_10_20/L_30_40/alluvial/IMG_0551.JPG,3693ec3fbaaead5652e3,phash:e68869e5052b62ca,train,919498d4462018288ca1e245281bd39878e8db7f8bf605236e795f9d27596426,18,23,1,34,False
Soil_Labeled_Data/M_10_20/L_30_40/alluvial/IMG_0552.JPG,Soil_Labeled_Data/M_10_20/L_30_40/alluvial/IMG_0552.JPG,7f50493d508392054a68,phash:6123742d1b5e5915,train,03cc6529c94eb4c1fc7208b85e222b2777ffdf57c2f42a78025760fcf8bea72b,11,13,1,34,False
Soil_Labeled_Data/M_10_20/L_30_40/alluvial/IMG_0553.JPG,Soil_Labeled_Data/M_10_20/L_30_40/alluvial/IMG_0553.JPG,3cd6b8fb99b70137570c,phash:44d007625a6bf784,train,2e44e66878d95bbadf4839239ad87c6741b4868c0b12a1901ebc16a16c36fc4e,15,17,1,36,False
Soil_Labeled_Data/M_10_20/L_30_40/alluvial/IMG_0554.JPG,Soil_Labeled_Data/M_10_20/L_30_40/alluvial/IMG_0554.JPG,f66ff601bc24cf9e7238,phash:31d78a207f7a2a44,train,1189166d86c2ee9b04a4afbea4ec69eb2003c71dc91969be5b7297a252f1ae83,20,25,1,37,False
Soil_Labeled_Data/M_10_20/L_30_40/alluvial/IMG_0555.JPG,Soil_Labeled_Data/M_10_20/L_30_40/alluvial/IMG_0555.JPG,95415783e37855a0044e,phash:2c0a79d874f6e502,test,75705932981f8a194f393e8007632acca980093c7341d507fb06c76ce18974ee,12,16,1,33,False
Soil_Labeled_Data/M_10_20/L_30_40/alluvial/IMG_0556.JPG,Soil_Labeled_Data/M_10_20/L_30_40/alluvial/IMG_0556.JPG,a55a02707120bce2b479,phash:daa0dce101fa60b2,train,49a3e5c5586d3bc28163ccaee52679413657461d5a4548ddb9e038cd4de99312,16,20,1,40,False
Soil_Labeled_Data/M_10_20/L_30_40/alluvial/IMG_0557.JPG,Soil_Labeled_Data/M_10_20/L_30_40/alluvial/IMG_0557.JPG,dba0187a15139cdd8995,phash:b99442dcb96b264a,validation,0ac01d68bef1fad394f91adef31a6fcecd44ca9a4a00b7fa5c464f604b47cdd9,13,18,1,34,False
Soil_Labeled_Data/M_10_20/L_30_40/alluvial/IMG_0558.JPG,Soil_Labeled_Data/M_10_20/L_30_40/alluvial/IMG_0558.JPG,fc05023c483e106faa34,phash:81cf6d84848765a9,test,f121cd04d56d35be9e5f1c86018591ffa9cdaf6cbe4586c99164c60d16a2cad7,19,20,1,30,False
Soil_Labeled_Data/M_10_20/L_30_40/alluvial/IMG_0559.JPG,Soil_Labeled_Data/M_10_20/L_30_40/alluvial/IMG_0559.JPG,39f59242d4696f8eb8e3,phash:433a9f8bcc2a8639,train,569bcfa47636f67a6eb65869006d2807e7b77509c29c4ff09c614fc5d57daeb4,11,13,1,30,False
Soil_Labeled_Data/M_10_20/L_30_40/alluvial/IMG_0560.JPG,Soil_Labeled_Data/M_10_20/L_30_40/alluvial/IMG_0560.JPG,bc5767f060966b0bbf7a,phash:f8225daf0ba1933d,train,216ec57fae73fbd9d98d00c94756c7f74e37f6ca01cecd95c429c9a0eb4be43d,16,18,1,38,False
Soil_Labeled_Data/M_10_20/L_30_40/alluvial/IMG_0561.JPG,Soil_Labeled_Data/M_10_20/L_30_40/alluvial/IMG_0561.JPG,43028492c59774a570ca,phash:b2562dcc7bb703ed,train,861bb61b79cc401d156f7d8a5c71e5d4e718187776ef59d97728da314a31d6f9,17,22,1,38,False
Soil_Labeled_Data/M_10_20/L_40_50/alluvial/IMG_0583.JPG,Soil_Labeled_Data/M_10_20/L_40_50/alluvial/IMG_0583.JPG,c6f2e265af48dd29d1e5,phash:c6f2e265af48dd29,train,2080f4e0a7fa774c6a43fc40a0f6c8bfba09882d1ca572b41aa354025d76ff6e,12,12,1,41,False
Soil_Labeled_Data/M_10_20/L_40_50/alluvial/IMG_0584.JPG,Soil_Labeled_Data/M_10_20/L_40_50/alluvial/IMG_0584.JPG,b0fe3f916ee4dac9969d,phash:b0fe3f916ee4dac9,train,cea905995253a0148cf98959b3d53ee1bb4bfc9505f7358fb9d17d0f8bdf444c,16,19,1,43,False
Soil_Labeled_Data/M_10_20/L_40_50/alluvial/IMG_0585.JPG,Soil_Labeled_Data/M_10_20/L_40_50/alluvial/IMG_0585.JPG,8fd8f57b480b058ff670,phash:2046b74097299a13,train,edc58d0d79277488a466d73a87fe82f673dd97c3a582ba13e9a6dfd1b399f18f,13,13,1,42,False
Soil_Labeled_Data/M_10_20/L_40_50/alluvial/IMG_0586.JPG,Soil_Labeled_Data/M_10_20/L_40_50/alluvial/IMG_0586.JPG,51cb23323e39460762b4,phash:0812a163177bf539,train,82ef39a9f866a01c25bc18b31a870e08cedd57e587381ff4935f44f135991c59,16,16,1,49,False
Soil_Labeled_Data/M_10_20/L_40_50/alluvial/IMG_0587.JPG,Soil_Labeled_Data/M_10_20/L_40_50/alluvial/IMG_0587.JPG,bcd923e8494276b014ae,phash:5733abd69998f077,validation,4b83c3f152553e0e4be4e36570425d5cf023f2104ddf2cdcb2fdb97c8c5c6fc8,16,20,1,49,False
Soil_Labeled_Data/M_10_20/L_40_50/alluvial/IMG_0588.JPG,Soil_Labeled_Data/M_10_20/L_40_50/alluvial/IMG_0588.JPG,5a655ea19cb25d89d569,phash:a76329a9ee2f4159,validation,c75371f692fa8c989cab1e6a63e7ec95b0ed45ed47adaeee1f85270f7bed4d09,11,16,1,40,False
Soil_Labeled_Data/M_10_20/L_40_50/alluvial/IMG_0589.JPG,Soil_Labeled_Data/M_10_20/L_40_50/alluvial/IMG_0589.JPG,2dcbdd9eeb2ad3ffdf9a,phash:8a87f33cf199dff1,train,ecc5a19fb487e1dc86e3c0782989b4372978834179eaba66f687afee520a34a3,10,12,1,47,False
Soil_Labeled_Data/M_10_20/L_40_50/alluvial/IMG_0590.JPG,Soil_Labeled_Data/M_10_20/L_40_50/alluvial/IMG_0590.JPG,54418568bbf26910e1d3,phash:507b6b1f4054a934,train,1e11322f39f2387b14f4204cef87f273659a081cc6e4d8adae8f4052bd92fb9f,19,23,1,40,False
Soil_Labeled_Data/M_10_20/L_40_50/alluvial/IMG_0591.JPG,Soil_Labeled_Data/M_10_20/L_40_50/alluvial/IMG_0591.JPG,ca4cd0f77ea3738b09aa,phash:2a98fc04f9504a93,train,6941d24b888fd662a3f3ee37f6d610f2b9c6b5deded2d5504e1a74008b4ef046,10,13,1,49,False
Soil_Labeled_Data/M_10_20/L_40_50/alluvial/IMG_0592.JPG,Soil_Labeled_Data/M_10_20/L_40_50/alluvial/IMG_0592.JPG,7096f44e8b92e639b390,phash:7096f44e8b92e639,train,bc6de0ebe116a5f33915882330c864f81a1c4d1a5e36f3a5208f3a69d3f6db0f,13,14,1,49,False
Soil_Labeled_Data/M_10_20/L_40_50/alluvial/IMG_0593.JPG,Soil_Labeled_Data/M_10_20/L_40_50/alluvial/IMG_0593.JPG,d067c7beaea993787291,phash:534f052f747a1f10,train,98b154806f7c5996452c96c14df2377d26c6458766bfe402b5f2233bd36fc487,16,20,1,42,False
Soil_Labeled_Data/M_10_20/L_40_50/alluvial/IMG_0594.JPG,Soil_Labeled_Data/M_10_20/L_40_50/alluvial/IMG_0594.JPG,1377262bbdc2a851212d,phash:60b3568e8b1cc117,train,2da87e10945b85ecdb590da6adf1d3aedfbe5c5af3dbc6e38415455c31edc297,14,16,1,40,False
Soil_Labeled_Data/M_10_20/L_40_50/alluvial/IMG_0595.JPG,Soil_Labeled_Data/M_10_20/L_40_50/alluvial/IMG_0595.JPG,717b3304df5135fe82b7,phash:38ee9b49340cc8f6,train,52342fca6242db82550715f7a93f848f984f9cf118579e84978d82a8e2ea46d5,19,19,1,41,False
Soil_Labeled_Data/M_10_20/L_40_50/alluvial/IMG_0596.JPG,Soil_Labeled_Data/M_10_20/L_40_50/alluvial/IMG_0596.JPG,fa8b3c277f14b34610a6,phash:d3d25c51e1d13a41,validation,4ad47bc0ada54fd76192ccb7cba2dd1b229bd8faf08b9b60357f8ff673429565,11,12,1,45,False
Soil_Labeled_Data/M_10_20/L_40_50/alluvial/IMG_0597.JPG,Soil_Labeled_Data/M_10_20/L_40_50/alluvial/IMG_0597.JPG,f909e7735406005a59c6,phash:b8ce57e92230f302,train,849578af1df86f68ea73a7f771e8b11c034d08a0d48febc1051b19375c3b256e,17,17,1,49,False
Soil_Labeled_Data/M_10_20/L_40_50/alluvial/IMG_0598.JPG,Soil_Labeled_Data/M_10_20/L_40_50/alluvial/IMG_0598.JPG,b1b9bd6027fe2928a2b7,phash:de00bfef6f3a8918,train,bde2e547a1001fc51692a8e2103622ae4cde6834218678b1e9b9a7f88c1a39fd,18,20,1,47,False
Soil_Labeled_Data/M_10_20/L_40_50/alluvial/IMG_0599.JPG,Soil_Labeled_Data/M_10_20/L_40_50/alluvial/IMG_0599.JPG,c6d47619a62e8f707feb,phash:6e8c5a0470d2aa20,train,70ece88cec12029168ff1ed4994160473d5764701324db4a34aa3101513a8082,20,22,1,45,False
Soil_Labeled_Data/M_10_20/L_40_50/alluvial/IMG_0600.JPG,Soil_Labeled_Data/M_10_20/L_40_50/alluvial/IMG_0600.JPG,f04f5b3a7a2b337ecf64,phash:841854c902c8e87e,validation,720426f77a7a2206782d0b0ff4c8e9169824f75561f041d3f94e0faeba8191da,12,15,1,41,False
Soil_Labeled_Data/M_10_20/L_40_50/alluvial/IMG_0601.JPG,Soil_Labeled_Data/M_10_20/L_40_50/alluvial/IMG_0601.JPG,3771ebf5abf291d0ae31,phash:9dbd9f57fa5577ea,train,0af0bda46f60efd7631ef9596a27d9d327d63d5cc9b162053fcdcaa3854dc6c5,17,19,1,45,False
Soil_Labeled_Data/M_10_20/L_40_50/alluvial/IMG_0602.JPG,Soil_Labeled_Data/M_10_20/L_40_50/alluvial/IMG_0602.JPG,a81a46190a5fea2635c3,phash:0ced497c8da18204,train,c22dac570acda21508e0ab8e9d7943b22a07680d53310f312b936b2a31415169,15,16,1,41,False
Soil_Labeled_Data/M_10_20/L_50_60/alluvial/IMG_0627.JPG,Soil_Labeled_Data/M_10_20/L_50_60/alluvial/IMG_0627.JPG,c1dfc7e942bc69641600,phash:559bc98d230bebc4,train,eef9eb7531d51cf49ee4f6d3cc6a40093e8e20692edc8841f872187fa18b77b7,16,18,1,60,False
Soil_Labeled_Data/M_10_20/L_50_60/alluvial/IMG_0630.JPG,Soil_Labeled_Data/M_10_20/L_50_60/alluvial/IMG_0630.JPG,9610846925935c5fdb82,phash:397b60f63f3838c5,test,4bd7cee210791214970fd9eedf1ae0feb16ce19e90a919f5bcecb5e1ceef5f30,11,14,1,50,False
Soil_Labeled_Data/M_10_20/L_50_60/alluvial/IMG_0631.JPG,Soil_Labeled_Data/M_10_20/L_50_60/alluvial/IMG_0631.JPG,4be5cfbd6901d7af4815,phash:85871f28e0d5f46c,train,568046b5411267d9221e7c1d221cb14f10cf7e778b14e52654a51a4ad137b280,20,22,1,57,False
Soil_Labeled_Data/M_10_20/L_50_60/alluvial/IMG_0631_aug_02_light_brown.jpg,Soil_Labeled_Data/M_10_20/L_50_60/alluvial/IMG_0631_aug_02_light_brown.jpg,dcd076fa54f745c8d9f6,phash:85871f28e0d5f46c,train,1bb0ec756e0a8f4bb7c2b078382e07010dde2bf4c4719ae2e0b4c1ef55acafbb,16,19,1,60,False
Soil_Labeled_Data/M_10_20/L_50_60/alluvial/IMG_0632.JPG,Soil_Labeled_Data/M_10_20/L_50_60/alluvial/IMG_0632.JPG,a8fa1bdcea234fc82dbc,phash:e41b56e0db0207b7,validation,007b0e49007fb3fdf6ef79a084a2809fe922063dca5033ee9ac14f0ca0b45735,16,18,1,57,False
Soil_Labeled_Data/M_10_20/L_50_60/alluvial/IMG_0632_aug_00_light_brown.jpg,Soil_Labeled_Data/M_10_20/L_50_60/alluvial/IMG_0632_aug_00_light_brown.jpg,abe781f1328a53f58d4a,phash:e41b56e0db0207b7,validation,3977d76b19b820390091419f6ace7fee53e06b680b16d39ae04f486d9cf3d1ef,14,18,1,56,False
Soil_Labeled_Data/M_10_20/L_50_60/alluvial/IMG_0635.JPG,Soil_Labeled_Data/M_10_20/L_50_60/alluvial/IMG_0635.JPG,e489d31e2d3cf03ec23f,phash:e489d31e2d3cf03e,train,c50637d3a6f9fdca1efd50bcc17cffb3dc65c6f417be707551a7b8979a5b4cf3,10,12,1,59,False
Soil_Labeled_Data/M_10_20/L_50_60/alluvial/IMG_0637.JPG,Soil_Labeled_Data/M_10_20/L_50_60/alluvial/IMG_0637.JPG,22cc5cb0869d557d6676,phash:e5aa6b3fa45c86ad,validation,f9fc2af870170196e1ecfb9987e6aba9766114e960cbfc1d661566e7c5fc60e5,14,15,1,58,False
Soil_Labeled_Data/M_10_20/L_50_60/alluvial/IMG_0638.JPG,Soil_Labeled_Data/M_10_20/L_50_60/alluvial/IMG_0638.JPG,83a769720fc7caf38aab,phash:1911bb4b9fe3f730,validation,95fbdf0d0d0940250b9d76de0bbff9577845bb85e99814d3feef73339f7f6a6c,14,15,1,52,False
Soil_Labeled_Data/M_10_20/L_50_60/alluvial/IMG_0638_aug_03_wet_gray.jpg,Soil_Labeled_Data/M_10_20/L_50_60/alluvial/IMG_0638_aug_03_wet_gray.jpg,07a5869016f2f16f587d,phash:1911bb4b9fe3f730,validation,0d1afb4849edb07debde6789a81b11c93ff3c380b62e4e7d4700cda2ac37675d,13,14,1,53,False
Soil_Labeled_Data/M_10_20/L_50_60/alluvial/IMG_0639.JPG,Soil_Labeled_Data/M_10_20/L_50_60/alluvial/IMG_0639.JPG,0e8f4da8c01079d31b4f,phash:5838916762de2266,validation,48c0dcd35ca998c52bdf237a1aa7a6dac84d9e2709fe640198b05be1e5aa43c2,20,24,1,54,False
Soil_Labeled_Data/M_10_20/L_50_60/alluvial/IMG_0639_aug_01_light_brown.jpg,Soil_Labeled_Data/M_10_20/L_50_60/alluvial/IMG_0639_aug_01_light_brown.jpg,d7f87a6624b82dbb8b7e,phash:5838916762de2266,validation,1674c391c6e0033428804d8217ba633446bec1848a12c6153fdfeb349e88af96,20,23,1,55,False
Soil_Labeled_Data/M_10_20/L_50_60/alluvial/IMG_0640.JPG,Soil_Labeled_Data/M_10_20/L_50_60/alluvial/IMG_0640.JPG,461f8163d3f3b5404fdf,phash:252bcc7e88528538,test,16b6664328cb560bf2dcc204aca8e55d270d5122f69ed682b196f3f850cf6d5b,17,17,1,54,False
Soil_Labeled_Data/M_10_20/L_50_60/alluvial/IMG_0641.JPG,Soil_Labeled_Data/M_10_20/L_50_60/alluvial/IMG_0641.JPG,fee98f4c16305f18de12,phash:dbf2ab5282982124,train,18057ee267097562017f32da8aa8828df609ac5d67bf832ff43e7a8da70e1b21,15,15,1,56,False
Soil_Labeled_Data/M_10_20/L_50_60/alluvial/IMG_0642.JPG,Soil_Labeled_Data/M_10_20/L_50_60/alluvial/IMG_0642.JPG,1adaffb9c6a7576f88f5,phash:b897f55411018911,train,499b48a9dec8e36961cf4e40be5b4fe48b19cf5f8450a866e502cc43d8fc4a15,15,15,1,51,False
Soil_Labeled_Data/M_10_20/L_50_60/alluvial/IMG_0642_aug_04_gray_brown.jpg,Soil_Labeled_Data/M_10_20/L_50_60/alluvial/IMG_0642_aug_04_gray_brown.jpg,4955b1e65e0b93b5692a,phash:b897f55411018911,train,06dc15310673b769141edca83f2e9ff96a45cb1d491b26e1d8bdf20d41f3c055,13,14,1,52,False
Soil_Labeled_Data/M_10_20/L_50_60/alluvial/IMG_0643.JPG,Soil_Labeled_Data/M_10_20/L_50_60/alluvial/IMG_0643.JPG,b98d19481a4350313bcb,phash:c94034bd6661b8fb,validation,72214f0a14a2b7dde330a65055e5dcc078076bc3d4820235c9114b9adc791f12,17,19,1,56,False
Soil_Labeled_Data/M_10_20/L_50_60/alluvial/IMG_0643_aug_05_clay_red.jpg,Soil_Labeled_Data/M_10_20/L_50_60/alluvial/IMG_0643_aug_05_clay_red.jpg,d6aaad6f773f0e44d639,phash:c94034bd6661b8fb,validation,06230c1325c05df77c8901fa05fc0cc87b321c094796dd9019481f0168a112a2,16,17,1,58,False
Soil_Labeled_Data/M_10_20/L_50_60/alluvial/IMG_0644.JPG,Soil_Labeled_Data/M_10_20/L_50_60/alluvial/IMG_0644.JPG,9ae0efc59cf6c1e6d704,phash:8f6adc2c4b57fab2,validation,5bb342f0cf56ebda5dd551966e47ba8353b1284d16054cda8fb1c4eb4c4fed4d,10,13,1,58,False
Soil_Labeled_Data/M_10_20/L_50_60/alluvial/IMG_0645.JPG,Soil_Labeled_Data/M_10_20/L_50_60/alluvial/IMG_0645.JPG,878e1a0bb45e95e49337,phash:2673c07fa3a6aac1,validation,ecb4b5f31d07441feea1f052f1525883340bb44ac1f6b7b959fa45ca16e46613,14,16,1,57,False
Soil_Labeled_Data/M_10_20/L_60_70/alluvial/IMG_0675.JPG,Soil_Labeled_Data/M_10_20/L_60_70/alluvial/IMG_0675.JPG,8b16f4c1a439a5978b59,phash:a428d9fcdf8d24fa,train,c7e911c5514bd5fa414e2c5cfc1711214cac57fa1009eb7c728f08bba22aa59c,10,11,1,66,False
Soil_Labeled_Data/M_10_20/L_60_70/alluvial/IMG_0676.JPG,Soil_Labeled_Data/M_10_20/L_60_70/alluvial/IMG_0676.JPG,85641898d5f2e8a948fb,phash:984a40d9cc34abc9,train,8ef3f93246f0d93faf3f50ec2b9f4c824433b1589008e0b34a3c22cdc0829dd4,20,23,1,63,False
Soil_Labeled_Data/M_10_20/L_60_70/alluvial/IMG_0676_aug_09_light_brown.jpg,Soil_Labeled_Data/M_10_20/L_60_70/alluvial/IMG_0676_aug_09_light_brown.jpg,2520e5aa2cfb5ba933bf,phash:984a40d9cc34abc9,train,7c50fd18463f561944f05197fc4a891b7a18ef3d49bf898604e0886fa9886c12,17,17,1,60,False
Soil_Labeled_Data/M_10_20/L_60_70/alluvial/IMG_0677.JPG,Soil_Labeled_Data/M_10_20/L_60_70/alluvial/IMG_0677.JPG,c826f9ca288766fcadbb,phash:984a40d9cc34abc9,train,b82f747d017c79a9821acd75d5a61a9d1afd4c5ffa399838338b1c5cf91f252d,17,19,1,69,False
Soil_Labeled_Data/M_10_20/L_60_70/alluvial/IMG_0677_aug_06_wet_gray.jpg,Soil_Labeled_Data/M_10_20/L_60_70/alluvial/IMG_0677_aug_06_wet_gray.jpg,4e343e2420dbb94be9c1,phash:984a40d9cc34abc9,train,a02a82cb24c519743e328247b45210976b3a7dfe1c0c9f8585cc8d4e9baef037,20,21,1,66,False
Soil_Labeled_Data/M_10_20/L_60_70/alluvial/IMG_0678.JPG,Soil_Labeled_Data/M_10_20/L_60_70/alluvial/IMG_0678.JPG,991f996c40bef2045030,phash:ec233ed2dcb011f0,train,fa85799fdcfac2a762c21cfc2b97682de9f1a9b6806d5c0d45221e3e342d3016,12,14,1,69,False
Soil_Labeled_Data/M_10_20/L_60_70/alluvial/IMG_0678_aug_03_dark_brown.jpg,Soil_Labeled_Data/M_10_20/L_60_70/alluvial/IMG_0678_aug_03_dark_brown.jpg,fbb9b7c8a7096384b335,phash:ec233ed2dcb011f0,train,b33dea1dbb4abc39695f9540e7eebce24451fe14a2f8f75c24e413e1952602bc,18,18,1,68,False
Soil_Labeled_Data/M_10_20/L_60_70/alluvial/IMG_0678_aug_04_wet_gray.jpg,Soil_Labeled_Data/M_10_20/L_60_70/alluvial/IMG_0678_aug_04_wet_gray.jpg,e859c0059b0f1ebc71c0,phash:ec233ed2dcb011f0,train,5654ba0cbb090a4f39a00ae06c467e9743eb7ec7568731a3b2aeede6b685b02a,18,21,1,66,False
Soil_Labeled_Data/M_10_20/L_60_70/alluvial/IMG_0678_aug_05_light_brown.jpg,Soil_Labeled_Data/M_10_20/L_60_70/alluvial/IMG_0678_aug_05_light_brown.jpg,e2a2625375c5f2be7794,phash:ec233ed2dcb011f0,train,b19f7da7faa21cc648887a806c8735d7ed14b15eee0fd8be6746bdcd6cab6a42,13,14,1,68,False
Soil_Labeled_Data/M_10_20/L_60_70/alluvial/IMG_0678_aug_07_clay_red.jpg,Soil_Labeled_Data/M_10_20/L_60_70/alluvial/IMG_0678_aug_07_clay_red.jpg,8f18c3411f9454d27d22,phash:ec233ed2dcb011f0,train,f813f1e6eb7f81aa0eb66c34ce0038d761ddad8f204ae41a894b60005a140562,11,12,1,67,False
Soil_Labeled_Data/M_10_20/L_60_70/alluvial/IMG_0679.JPG,Soil_Labeled_Data/M_10_20/L_60_70/alluvial/IMG_0679.JPG,6c0e23955b9150bb8bfe,phash:511c840490f6b4a6,train,c32461417a7d7cf48bc6b7f826f2360b280eea845522ecc7da0dc766c486b40a,20,23,1,70,False
Soil_Labeled_Data/M_10_20/L_60_70/alluvial/IMG_0679_aug_01_wet_gray.jpg,Soil_Labeled_Data/M_10_20/L_60_70/alluvial/IMG_0679_aug_01_wet_gray.jpg,e0fdf5767168b16b5287,phash:511c840490f6b4a6,train,508b6a501d2555834be6b1c102cb0aeaa70448f2c46b5eebb4bb7e8c513e68c9,12,12,1,65,False
Soil_Labeled_Data/M_10_20/L_60_70/alluvial/IMG_0680.JPG,Soil_Labeled_Data/M_10_20/L_60_70/alluvial/IMG_0680.JPG,79a37168f5d1c7ca1fb3,phash:f1ae61d2650f45e9,train,5b20268bd7fa3b53cc76e4755c6da74470640d6451df94e705b88e41c06e857b,15,14,1,66,False
Soil_Labeled_Data/M_10_20/L_60_70/alluvial/IMG_0681.JPG,Soil_Labeled_Data/M_10_20/L_60_70/alluvial/IMG_0681.JPG,99966a313b6f29932285,phash:5e8401d92ec70f04,train,f10b587d809b647c3a0352df0a4dcf2cb61b2a3f1d98c640f8006a5a26c359f9,20,19,1,68,False
Soil_Labeled_Data/M_10_20/L_60_70/alluvial/IMG_0682.JPG,Soil_Labeled_Data/M_10_20/L_60_70/alluvial/IMG_0682.JPG,0400422af6db50009b81,phash:019406175839e097,validation,36a24b5252f54d123c2d8a780e43c5e9eec1c372beb3c339688c3b0370936231,18,17,1,64,False
Soil_Labeled_Data/M_10_20/L_60_70/alluvial/IMG_0683.JPG,Soil_Labeled_Data/augmented_fallback/aug_IMG_0683.JPG,211b48b7fa9e89ed79b7,phash:7435ee1877b1ba3f,train,82d227025c6ad87d2236e47510677651de5d7ab2aded8a13a31e2277d3ce7cfa,13,13,1,62,True
Soil_Labeled_Data/M_10_20/L_60_70/alluvial/IMG_0695.JPG,Soil_Labeled_Data/M_10_20/L_60_70/alluvial/IMG_0695.JPG,21b1faecc28c4c1aa3ee,phash:4d2073dc153cb1de,train,8eacb0daf98fa4b6a45b64418c8bb508ee927b9e4e7511d60c4fd56c0e9e2882,18,19,1,68,False
Soil_Labeled_Data/M_10_20/L_60_70/alluvial/IMG_0695_aug_02_dark_brown.jpg,Soil_Labeled_Data/M_10_20/L_60_70/alluvial/IMG_0695_aug_02_dark_brown.jpg,7ada20a4588c9b902db2,phash:4d2073dc153cb1de,train,b321e841332e5a7b095c6bb6c2c7301592557dd8670db335e1063e78c88484a3,10,12,1,67,False
Soil_Labeled_Data/M_10_20/L_60_70/alluvial/IMG_0695_aug_08_light_brown.jpg,Soil_Labeled_Data/M_10_20/L_60_70/alluvial/IMG_0695_aug_08_light_brown.jpg,eef221307a9b716780f1,phash:4d2073dc153cb1de,train,19edbbcd8a67e7e0cde6aae6f22ee24a14c64bbbfdfadec3546d24dc614b9c0a,17,19,1,64,False
Soil_Labeled_Data/M_10_20/L_70_80/alluvial/IMG_0697.JPG,Soil_Labeled_Data/M_10_20/L_70_80/alluvial/IMG_0697.JPG,0c0e889eb2f23c672dd5,phash:5cf9899e04a59dd3,test,e7eab8d6a558bc1031cefa55755fdec30748f43d081360d30dc691f899e910e8,19,21,1,77,False
Soil_Labeled_Data/M_10_20/L_70_80/alluvial/IMG_0698.JPG,Soil_Labeled_Data/M_10_20/L_70_80/alluvial/IMG_0698.JPG,4cb04fef2bbf54032e4b,phash:3bb8acb89f03a372,train,4b6323643943a5445f901c28b85bf788cc8cf9b8129d8af84b8d63b831b74f79,14,13,1,78,False
Soil_Labeled_Data/M_10_20/L_70_80/alluvial/IMG_0699.JPG,Soil_Labeled_Data/M_10_20/L_70_80/alluvial/IMG_0699.JPG,b8a9eda66a101c6db576,phash:b5220e00f45fa5b8,test,6539023e50d414d0748019c71a8ffdae12b05c324bd9d19307dab81e861392ae,10,13,1,71,False
Soil_Labeled_Data/M_10_20/L_70_80/alluvial/IMG_0700.JPG,Soil_Labeled_Data/M_10_20/L_70_80/alluvial/IMG_0700.JPG,c6e56b9ad6d45d4df023,phash:b004e0323940b864,train,fe60ed9761a329576f59c0ef3768c19991ad5793c0515b638f402e9b99437533,11,11,1,79,False
Soil_Labeled_Data/M_10_20/L_70_80/alluvial/IMG_0701.JPG,Soil_Labeled_Data/M_10_20/L_70_80/alluvial/IMG_0701.JPG,a3d13d89c3b578516f3c,phash:1b97c67c90136f52,test,1f2f3e11bfbd6a6e913d59541e98f4189c5e005f1183c444a5fd4c63bb3dc02c,13,14,1,73,False
Soil_Labeled_Data/M_10_20/L_70_80/alluvial/IMG_0702.JPG,Soil_Labeled_Data/M_10_20/L_70_80/alluvial/IMG_0702.JPG,e27227412855f6a4f9de,phash:da003ea3a8a9acb4,validation,b2d381061e86750c596ea90c359ce7104609d9708781c75c65ed9c99f3190381,14,13,1,80,False
Soil_Labeled_Data/M_10_20/L_70_80/alluvial/IMG_0703.JPG,Soil_Labeled_Data/augmented_fallback/aug_IMG_0703.JPG,2e1f81ff55a1f1c98f51,phash:ed8bb4a4ecd55961,train,81147ae79893bfd6fa64a1598196c3a534a29a8ebbe13d55af64cc1373409281,10,9,1,79,True
Soil_Labeled_Data/M_10_20/L_70_80/alluvial/IMG_0704.JPG,Soil_Labeled_Data/M_10_20/L_70_80/alluvial/IMG_0704.JPG,280459b65967b88977ee,phash:357263c31a5c1453,test,734357c2b1945f759e4f692d8dc54dea0786dc8e8fa29a19a86c05bf4178864e,15,17,1,78,False
Soil_Labeled_Data/M_10_20/L_70_80/alluvial/IMG_0705.JPG,Soil_Labeled_Data/M_10_20/L_70_80/alluvial/IMG_0705.JPG,345748309ec170eaa67a,phash:da003ea3a8a9acb4,validation,b2d381061e86750c596ea90c359ce7104609d9708781c75c65ed9c99f3190381,15,18,1,75,False
Soil_Labeled_Data/M_10_20/L_70_80/alluvial/IMG_0706.JPG,Soil_Labeled_Data/M_10_20/L_70_80/alluvial/IMG_0706.JPG,6d4e6ee82a1c87426cb3,phash:da003ea3a8a9acb4,validation,b2d381061e86750c596ea90c359ce7104609d9708781c75c65ed9c99f3190381,19,18,1,70,False
Soil_Labeled_Data/M_10_20/L_70_80/alluvial/IMG_0707.JPG,Soil_Labeled_Data/M_10_20/L_70_80/alluvial/IMG_0707.JPG,961b0c9152476c63badf,phash:b8c5699fca19afbe,train,8e74afcb6aeb0b2effb59be2bc15d14056ab4be5f9878c888a1c1711e26a771f,17,19,1,77,False
Soil_Labeled_Data/M_10_20/L_70_80/alluvial/IMG_0709.JPG,Soil_Labeled_Data/M_10_20/L_70_80/alluvial/IMG_0709.JPG,c1789df6e86e5ba60250,phash:9d2033d48628688c,train,f60b55d11a7949e8ce9a109418868b7b01fe498db345fd98ffd41b6cb1266a89,18,20,1,72,False
Soil_Labeled_Data/M_10_20/L_70_80/alluvial/IMG_0711.JPG,Soil_Labeled_Data/M_10_20/L_70_80/alluvial/IMG_0711.JPG,b0ad46686097e9f8c83a,phash:b9aa2a4a5654395e,train,8d1048dff633b579ad3b9d79832552f31d8027403fc0e876d90c5ae1fecbad8f,15,15,1,72,False
Soil_Labeled_Data/M_10_20/L_70_80/alluvial/IMG_0712.JPG,Soil_Labeled_Data/M_10_20/L_70_80/alluvial/IMG_0712.JPG,20affdaeb3eade9020ea,phash:c476afeffde87f5e,validation,be559902ee08437efa919d39a196cd6d26f1841a05ff8c1420de1b8413cf3661,10,13,1,74,False
Soil_Labeled_Data/M_10_20/L_70_80/alluvial/IMG_0713.JPG,Soil_Labeled_Data/M_10_20/L_70_80/alluvial/IMG_0713.JPG,385716c4154ff2625ee1,phash:2f621abd4c47601f,validation,8f0a066cc285c39c70c35c9eb42c671ef7e6d962675b8c7fe663f508c6f93c75,20,21,1,72,False
Soil_Labeled_Data/M_10_20/L_70_80/alluvial/IMG_0714.JPG,Soil_Labeled_Data/M_10_20/L_70_80/alluvial/IMG_0714.JPG,3638f50dd1288926352f,phash:bc9c3f0c970894cc,train,ac100ff4e7f1ea9f844e5b117bec6fb20756436fa89ffd6f1eaaa917d68c670d,19,19,1,70,False
Soil_Labeled_Data/M_10_20/L_70_80/alluvial/IMG_0715.JPG,Soil_Labeled_Data/M_10_20/L_70_80/alluvial/IMG_0715.JPG,c3b07eb3da5f59f7237b,phash:04c1aca557db14ee,validation,b0063f34e7ab6c8d01f85293851eb88588eb3c4cbfc01340fb68400678019ef2,14,15,1,75,False
Soil_Labeled_Data/M_10_20/L_70_80/alluvial/IMG_0716.JPG,Soil_Labeled_Data/M_10_20/L_70_80/alluvial/IMG_0716.JPG,1d21a35bcc5e4f796e17,phash:ea21b0c5f7c3e0b8,train,e17affbd726ddaa1e439b3965d5d485a65876ad6cb4b017797bd78ba4958d754,18,18,1,75,False
Soil_Labeled_Data/M_10_20/L_70_80/alluvial/IMG_0718.JPG,Soil_Labeled_Data/M_10_20/L_70_80/alluvial/IMG_0718.JPG,fc99c52504d3cbb9c20f,phash:64d2078fe8ee93e9,train,9c44797495d30787055e5a1418a08834ede6a54d79babec9d488731ea6221da7,11,13,1,79,False
Soil_Labeled_Data/M_10_20/L_70_80/alluvial/IMG_0719.JPG,Soil_Labeled_Data/M_10_20/L_70_80/alluvial/IMG_0719.JPG,b274084923df73710015,phash:d1c90e142218287c,validation,0dfc11c6eb0a51ccf5ace00ec854f28b4133309f80d6a5c169087438856c522a,18,18,1,73,False
Soil_Labeled_Data/M_10_20/L_80_90/alluvial/IMG_0742.JPG,Soil_Labeled_Data/M_10_20/L_80_90/alluvial/IMG_0742.JPG,d9ae3181c1fa0c65ada0,phash:384f9f07ce7305c1,train,ec757003c575e4aede73cc490777a5e5807fbcaae7272de4a9f1a4dcb0e728d0,15,13,1,82,False
Soil_Labeled_Data/M_10_20/L_80_90/alluvial/IMG_0743.JPG,Soil_Labeled_Data/M_10_20/L_80_90/alluvial/IMG_0743.JPG,27e4b1a5d8ca6ef4e08e,phash:34e814bc7b6cbaae,train,534a73643777b33aa24ed6a44c021dcd8ea7b731cc5210dad334f89e0b2e0ff9,13,15,1,81,False
Soil_Labeled_Data/M_10_20/L_80_90/alluvial/IMG_0744.JPG,Soil_Labeled_Data/M_10_20/L_80_90/alluvial/IMG_0744.JPG,a70194087ac5216a3876,phash:4aabf22cca79a2b1,test,d4583b7b3464534719aeb9a89d474eedc69b3cf40b43c66848e9f3b6f6115026,20,21,1,87,False
Soil_Labeled_Data/M_10_20/L_80_90/alluvial/IMG_0745.JPG,Soil_Labeled_Data/M_10_20/L_80_90/alluvial/IMG_0745.JPG,6d22ec6f825d37c64d9f,phash:ba81925224b2389c,train,edda4eb76b6c84c38fea5aebc6bca76b8c7ffbbbab02bdb454a430833c99ecde,10,10,1,81,False
Soil_Labeled_Data/M_10_20/L_80_90/alluvial/IMG_0746.JPG,Soil_Labeled_Data/augmented_fallback/aug_IMG_0746.JPG,9f22c61e6c27ae96aad4,phash:7a8bda37bd1a1b56,validation,8008427c848ddcaf8c9fed03f70b0c452d9298386721bde972074d4e584858b0,14,15,1,84,True
Soil_Labeled_Data/M_10_20/L_80_90/alluvial/IMG_0747.JPG,Soil_Labeled_Data/M_10_20/L_80_90/alluvial/IMG_0747.JPG,5f9bbb6ae47babf724b0,phash:c513df151bf6050f,train,98f420ea5ec5a9db20f33149fa85f2d7464853801769252953d97ea934ed3953,16,17,1,80,False
Soil_Labeled_Data/M_10_20/L_80_90/alluvial/IMG_0748.JPG,Soil_Labeled_Data/M_10_20/L_80_90/alluvial/IMG_0748.JPG,f055596ea04eca1236a0,phash:6aecdab8869df9a0,validation,f8bc7720cda15662bb1ba4e3ac2daf09f4420ee1def6d62bacd58aff97d24c8b,20,22,1,87,False
Soil_Labeled_Data/M_10_20/L_80_90/alluvial/IMG_0749.JPG,Soil_Labeled_Data/M_10_20/L_80_90/alluvial/IMG_0749.JPG,9843ffa15f958a35b871,phash:91e2c3885496767c,train,405b4715c47ceb5e729d1a27774661785412a326fb97db261aa7271c07822c92,11,13,1,82,False
Soil_Labeled_Data/M_10_20/L_80_90/alluvial/IMG_0750.JPG,Soil_Labeled_Data/M_10_20/L_80_90/alluvial/IMG_0750.JPG,f5d663116e5705828088,phash:7a8bda37bd1a1b56,validation,50be34eed0e66abc4f6bac15f6fdd182b5a41e9382f77951b2f95c2593707b4a,19,17,1,84,False
Soil_Labeled_Data/M_10_20/L_80_90/alluvial/IMG_0751.JPG,Soil_Labeled_Data/M_10_20/L_80_90/alluvial/IMG_0751.JPG,11ef52f24adbf37dcfe0,phash:79d3404476848e8d,train,e71702166efad6b72f962a665ebf221f6f5a689ab58d63bea2d33f3b5bea0a06,13,12,1,84,False
Soil_Labeled_Data/M_10_20/L_80_90/alluvial/IMG_0752.JPG,Soil_Labeled_Data/M_10_20/L_80_90/alluvial/IMG_0752.JPG,f5c220da2afe85bd166b,phash:79d3404476848e8d,train,e71702166efad6b72f962a665ebf221f6f5a689ab58d63bea2d33f3b5bea0a06,20,20,1,80,False
Soil_Labeled_Data/M_10_20/L_80_90/alluvial/IMG_0753.JPG,Soil_Labeled_Data/augmented_fallback/aug_IMG_0753.JPG,2e10c1e23ee28e7f426d,phash:c513df151bf6050f,train,a8ffe977d26bd69efaf6a0142ac48b699196edc86d65d4945106de87c9a97809,11,9,1,90,True
Soil_Labeled_Data/M_10_20/L_80_90/alluvial/IMG_0754.JPG,Soil_Labeled_Data/M_10_20/L_80_90/alluvial/IMG_0754.JPG,e95f7241b065afec962d,phash:db9ee2806dc05985,train,de463e7bea3358449c559766d2a55714a0d3cc69790cd4b81954cbb94ba2604b,19,19,1,80,False
Soil_Labeled_Data/M_10_20/L_80_90/alluvial/IMG_0755.JPG,Soil_Labeled_Data/augmented_fallback/aug_IMG_0755.JPG,fd6cd49b00f07feda88d,phash:b87de173de4bd55d,train,688940dc1ca6d3073cc48905590f8230116495eb6beb49b25d72e76796550ff0,14,14,1,80,True
Soil_Labeled_Data/M_10_20/L_80_90/alluvial/IMG_0756.JPG,Soil_Labeled_Data/M_10_20/L_80_90/alluvial/IMG_0756.JPG,ed3b855603054d6cd259,phash:e08ee3b30bd78bf3,train,7efba21eb61d5c807b716cf5d59e84b79918873c4801a9e95eca2ee1befdbb9f,19,21,1,88,False
Soil_Labeled_Data/M_10_20/L_80_90/alluvial/IMG_0757.JPG,Soil_Labeled_Data/M_10_20/L_80_90/alluvial/IMG_0757.JPG,93d132742b6b55e9ac3d,phash:440cf10437760781,train,2746273450e1a7d8101832135e632930f65ff0bfb7e569ab2f263d346d531f9b,13,15,1,83,False
Soil_Labeled_Data/M_10_20/L_80_90/alluvial/IMG_0758.JPG,Soil_Labeled_Data/M_10_20/L_80_90/alluvial/IMG_0758.JPG,0308ea9aed59285f1583,phash:440cf10437760781,train,2746273450e1a7d8101832135e632930f65ff0bfb7e569ab2f263d346d531f9b,19,20,1,89,False
Soil_Labeled_Data/M_10_20/L_80_90/alluvial/IMG_0759.JPG,Soil_Labeled_Data/M_10_20/L_80_90/alluvial/IMG_0759.JPG,50d74ddb41923256737d,phash:b56f18e4f5a29988,test,72d98eef29ee1a9a8a3950d36841e46d401cdb1350021cbc6f7e74e11603c0f8,20,22,1,81,False
Soil_Labeled_Data/M_10_20/L_80_90/alluvial/IMG_0760.JPG,Soil_Labeled_Data/M_10_20/L_80_90/alluvial/IMG_0760.JPG,98fe83ba4a875d38ffc8,phash:b87de173de4bd55d,train,335f93b7096fabc3a68114e8059a8e21ce0d591798de4cde573718489111b02b,16,15,1,90,False
Soil_Labeled_Data/M_10_20/L_80_90/alluvial/IMG_0761.JPG,Soil_Labeled_Data/M_10_20/L_80_90/alluvial/IMG_0761.JPG,c8707575fb8da1c3391a,phash:b87de173de4bd55d,train,335f93b7096fabc3a68114e8059a8e21ce0d591798de4cde573718489111b02b,14,16,1,84,False
Soil_Labeled_Data/M_10_20/L_90_100/alluvial/IMG_0784.JPG,Soil_Labeled_Data/M_10_20/L_90_100/alluvial/IMG_0784.JPG,559506302a2ebb1e76b5,phash:3de090ab4e101943,train,534d7ffadabfdcbdcf64a6e94d64441791b7fb984ee3f84b7b97a0c2f415796d,20,22,1,92,False
Soil_Labeled_Data/M_10_20/L_90_100/alluvial/IMG_0785.JPG,Soil_Labeled_Data/M_10_20/L_90_100/alluvial/IMG_0785.JPG,39a5a715d6b7104cee9d,phash:7c9ef0dd6e1b1f31,validation,51d6948495ac8ca739550e7a5104408db631fd6f871b70f11f93aa7b11e1de23,14,13,1,90,False
Soil_Labeled_Data/M_10_20/L_90_100/alluvial/IMG_0786.JPG,Soil_Labeled_Data/M_10_20/L_90_100/alluvial/IMG_0786.JPG,e1b995de23bc843e6c7c,phash:1817f7729054661c,validation,413cb219fec9c2193199a515c9cb21ce1ea03ad2c94be1d6ef0e46d7515fb7a0,15,13,1,91,False
Soil_Labeled_Data/M_10_20/L_90_100/alluvial/IMG_0787.JPG,Soil_Labeled_Data/M_10_20/L_90_100/alluvial/IMG_0787.JPG,9c3a957332c6103069d5,phash:bc39eec8cd7833dd,test,d09cc016a15bcc835c28924505a61f62f315ccd3bb386fc9ab78e9b8b6e9f333,16,16,1,100,False
Soil_Labeled_Data/M_10_20/L_90_100/alluvial/IMG_0788.JPG,Soil_Labeled_Data/M_10_20/L_90_100/alluvial/IMG_0788.JPG,f2d4da947934d493ee31,phash:4dffec36c3896eb9,train,c13f8735fd63a9a9ad9fdaee2fd54313ae594df8cf20b3e4ca05ded45090bf92,18,20,1,93,False
Soil_Labeled_Data/M_10_20/L_90_100/alluvial/IMG_0789.JPG,Soil_Labeled_Data/M_10_20/L_90_100/alluvial/IMG_0789.JPG,21dcfe51b1afe6936693,phash:c07316710b5c7615,train,6071a65bed90ab8f895b1eee1405edd79d9bb76c29c7070eca1a450fe29b8a1d,14,14,1,95,False
Soil_Labeled_Data/M_10_20/L_90_100/alluvial/IMG_0790.JPG,Soil_Labeled_Data/M_10_20/L_90_100/alluvial/IMG_0790.JPG,f2c67a300f4bf0ba611c,phash:585f511b58936d04,validation,98914dacda09bb041dd1ad7300395df59c052168a997db55e3ed0489768e453a,13,11,1,99,False
Soil_Labeled_Data/M_10_20/L_90_100/alluvial/IMG_0791.JPG,Soil_Labeled_Data/M_10_20/L_90_100/alluvial/IMG_0791.JPG,aaef8d37f27f094f83e7,phash:fad01f9f6d0c2ab4,train,0286c4e552ff35261a4d2e349c7974751e8812b21349dfe2a94b497361d171e2,11,9,1,91,False
Soil_Labeled_Data/M_10_20/L_90_100/alluvial/IMG_0792.JPG,Soil_Labeled_Data/M_10_20/L_90_100/alluvial/IMG_0792.JPG,a7de86662a6d2c478719,phash:b51105d1d4146b87,test,829953a83bc8f13d820098f719201103c7c52f6ee2e2dea7a03ec9a92c382984,14,14,1,91,False
Soil_Labeled_Data/M_10_20/L_90_100/alluvial/IMG_0793.JPG,Soil_Labeled_Data/M_10_20/L_90_100/alluvial/IMG_0793.JPG,92655a2a9f7aca7a641b,phash:b51105d1d4146b87,test,829953a83bc8f13d820098f719201103c7c52f6ee2e2dea7a03ec9a92c382984,15,16,1,93,False
Soil_Labeled_Data/M_10_20/L_90_100/alluvial/IMG_0794.JPG,Soil_Labeled_Data/M_10_20/L_90_100/alluvial/IMG_0794.JPG,2a70b57ccb3201e1aad8,phash:16313a78b8c6de56,train,7c27eb594e080bb4138985853876a1ec96149a2328ca41c77d8d16a7120c46b6,18,19,1,100,False
Soil_Labeled_Data/M_10_20/L_90_100/alluvial/IMG_0795.JPG,Soil_Labeled_Data/M_10_20/L_90_100/alluvial/IMG_0795.JPG,239b1284f6967ca93367,phash:16313a78b8c6de56,train,7c27eb594e080bb4138985853876a1ec96149a2328ca41c77d8d16a7120c46b6,19,18,1,94,False
Soil_Labeled_Data/M_10_20/L_90_100/alluvial/IMG_0796.JPG,Soil_Labeled_Data/M_10_20/L_90_100/alluvial/IMG_0796.JPG,58cec573a41504f38dd7,phash:b51105d1d4146b87,test,829953a83bc8f13d820098f719201103c7c52f6ee2e2dea7a03ec9a92c382984,10,11,1,91,False
Soil_Labeled_Data/M_10_20/L_90_100/alluvial/IMG_0797.JPG,Soil_Labeled_Data/M_10_20/L_90_100/alluvial/IMG_0797.JPG,96446b279c51e8b6689e,phash:16313a78b8c6de56,train,7c27eb594e080bb4138985853876a1ec96149a2328ca41c77d8d16a7120c46b6,14,16,1,92,False
Soil_Labeled_Data/M_10_20/L_90_100/alluvial/IMG_0798.JPG,Soil_Labeled_Data/M_10_20/L_90_100/alluvial/IMG_0798.JPG,df3b97bcb6afc10f523c,phash:16313a78b8c6de56,train,7c27eb594e080bb4138985853876a1ec96149a2328ca41c77d8d16a7120c46b6,19,17,1,93,False
Soil_Labeled_Data/M_10_20/L_90_100/alluvial/IMG_0799.JPG,Soil_Labeled_Data/M_10_20/L_90_100/alluvial/IMG_0799.JPG,f445ae3ad8670832ab55,phash:a042fdfa2e60d86a,train,3387631b90ecc9fa9c4f5dc0a8a361951aecce30149305d4366eeff710dccf52,10,10,1,95,False
Soil_Labeled_Data/M_10_20/L_90_100/alluvial/IMG_0800.JPG,Soil_Labeled_Data/M_10_20/L_90_100/alluvial/IMG_0800.JPG,e91e0741619a405d2812,phash:e8b9de4bf1b5ad35,train,5f02f1d5832984d13ccf96f2b0122638615f04713c1006a13caa0da636ebec51,16,16,1,98,False
Soil_Labeled_Data/M_10_20/L_90_100/alluvial/IMG_0801.JPG,Soil_Labeled_Data/M_10_20/L_90_100/alluvial/IMG_0801.JPG,3967a06e89e6a8b0e9f2,phash:109f4377503ddda1,train,ff74c606a284e838000ed5a0d35010d032343f7047a4a7eda48dde59512e2c63,20,19,1,95,False
Soil_Labeled_Data/M_10_20/L_90_100/alluvial/IMG_0802.JPG,Soil_Labeled_Data/M_10_20/L_90_100/alluvial/IMG_0802.JPG,e8b33b3d534b960c9495,phash:186f1b83b794bf40,train,14d1f4a1c6af6be01dc36c8f3135db21f6d7dff8353667e868565fb350d63149,15,13,1,96,False
Soil_Labeled_Data/M_10_20/L_90_100/alluvial/IMG_0803.JPG,Soil_Labeled_Data/M_10_20/L_90_100/alluvial/IMG_0803.JPG,d86244e4e78018e09191,phash:f664b3f7ab320084,train,f2854feaa2d575a9f7c7057329beb9489fbee7c349360a2678ed6be60bb8e80d,12,10,1,92,False
Soil_Labeled_Data/M_20_30/L_0_10/alluvial/z5714965535931_464f5679f968f95e9e00c9cbcbd205eb.jpg,Soil_Labeled_Data/M_20_30/L_0_10/alluvial/z5714965535931_464f5679f968f95e9e00c9cbcbd205eb.jpg,480652383b86ec93d6c8,phash:95057dba12c995fa,test,c537e0169ff84e5068b0a822d35b8d55e7fc7dff61f4da6028ae60a2d4272701,21,23,2,8,False
Soil_Labeled_Data/M_20_30/L_0_10/alluvial/z5714965546728_2f3b17032c9fa9e37c815548ac6f98ff.jpg,Soil_Labeled_Data/M_20_30/L_0_10/alluvial/z5714965546728_2f3b17032c9fa9e37c815548ac6f98ff.jpg,3472c61e472673294947,phash:635bbcb52451bab2,train,c89a0e461a820ee8471f970d8eb1ded8673abe0e7f7839f2e9bade8cbc50e8e4,26,31,2,3,False
Soil_Labeled_Data/M_20_30/L_0_10/alluvial/z5714965553235_e37e86162ed74a56ea975a0d4a5d3d0c.jpg,Soil_Labeled_Data/M_20_30/L_0_10/alluvial/z5714965553235_e37e86162ed74a56ea975a0d4a5d3d0c.jpg,383883a88465589fb8d9,phash:635bbcb52451bab2,train,0f6a3537c0ec1722ce8dad4d79fa2959c73f9a1197025055bc8a601854ccf3dc,20,24,2,3,False
Soil_Labeled_Data/M_20_30/L_0_10/alluvial/z5714965554840_af62cc3f766d17019b0daad9e13a575a.jpg,Soil_Labeled_Data/M_20_30/L_0_10/alluvial/z5714965554840_af62cc3f766d17019b0daad9e13a575a.jpg,c966e00414a945eff494,phash:bac7149e42f2412c,train,76120f1c3b26457dd7cada2ff85ffd1c58833c4022dff1476dc9b51b3b178fe5,20,25,2,2,False
Soil_Labeled_Data/M_20_30/L_0_10/alluvial/z5714965563324_4efb3994361977b22f588c03b167d53d.jpg,Soil_Labeled_Data/M_20_30/L_0_10/alluvial/z5714965563324_4efb3994361977b22f588c03b167d53d.jpg,d31cfd704a631cd5ce0b,phash:d95e50f2b5f3af58,train,c174bf2c43df7680a4e87959d32f3f512842c1a152186e898e524e6cdaae0068,28,32,2,0,False
Soil_Labeled_Data/M_20_30/L_0_10/alluvial/z5714965567271_aa8539c2d18eb40af7acbf304dd90192.jpg,Soil_Labeled_Data/M_20_30/L_0_10/alluvial/z5714965567271_aa8539c2d18eb40af7acbf304dd90192.jpg,32d664ca348807b8aa1d,phash:07b645c9b8f74a2b,train,f592b22371dc8f83673af816ddd70c0f99376cbd55f34c047df8885f1cead784,26,28,2,10,False
Soil_Labeled_Data/M_20_30/L_0_10/alluvial/z5714965599124_edcfe5d6a6f919fd0c63e487ab8b6e69.jpg,Soil_Labeled_Data/M_20_30/L_0_10/alluvial/z5714965599124_edcfe5d6a6f919fd0c63e487ab8b6e69.jpg,656d2e70d19203a892e4,phash:f76a4ab681ba3207,test,f19c7758951ecb222cb126e6897f69454aff379c78cc9d47868a71d5d5e2246d,22,24,2,7,False
Soil_Labeled_Data/M_20_30/L_0_10/alluvial/z5714965599124_edcfe5d6a6f919fd0c63e487ab8b6e69_aug_00_gray_brown.jpg,Soil_Labeled_Data/M_20_30/L_0_10/alluvial/z5714965599124_edcfe5d6a6f919fd0c63e487ab8b6e69_aug_00_gray_brown.jpg,ae9eb8a5b4cdfdf0221e,phash:f76a4ab681ba3207,test,9741ee8e9aa8fcce61d346c8b4d3d894df10875bebc767b423ba71b25d90fec8,25,30,2,7,False
Soil_Labeled_Data/M_20_30/L_0_10/alluvial/z5714965599305_f08f6f7c6a2ee076d5aefa39d8e49caa.jpg,Soil_Labeled_Data/M_20_30/L_0_10/alluvial/z5714965599305_f08f6f7c6a2ee076d5aefa39d8e49caa.jpg,47d0da5074019e07a5e9,phash:f34eb9e213a8eb1f,train,d145c6088827c362c3bff803870ecd2912bae0fb6395f28c99a30c4234c86ea8,21,25,2,8,False
Soil_Labeled_Data/M_20_30/L_0_10/alluvial/z5714965628938_87cf29883152c515ea637696b39ae83c.jpg,Soil_Labeled_Data/M_20_30/L_0_10/alluvial/z5714965628938_87cf29883152c515ea637696b39ae83c.jpg,52590b19e4c0536a6e38,phash:99d1e545379c687b,train,f5c7265753e084583bd4f841cb0523f1bbd162928d16346b48a9b458d028a2e8,22,26,2,1,False
Soil_Labeled_Data/M_20_30/L_0_10/alluvial/z5714965630965_151f23808045518e5793b396df7168de.jpg,Soil_Labeled_Data/M_20_30/L_0_10/alluvial/z5714965630965_151f23808045518e5793b396df7168de.jpg,b26365b0a8653729898e,phash:6f69874b4a7f0a08,train,f2971d14dd8ce3c7af4afa10d7a25e0331d0a78ed4602568e6f1d5571a38ca3d,24,30,2,1,False
Soil_Labeled_Data/M_20_30/L_0_10/alluvial/z5714965636952_12ed0578aa6f55460629a52944586bc7.jpg,Soil_Labeled_Data/M_20_30/L_0_10/alluvial/z5714965636952_12ed0578aa6f55460629a52944586bc7.jpg,9f2b4d95dba0cf78e550,phash:c8a7393b04f2aec8,train,68e16a7092851252596fb04622e99a9f79734e1b315a9dfeb13579c2ce9c701e,25,30,2,10,False
Soil_Labeled_Data/M_20_30/L_0_10/alluvial/z5714965667397_eabc5642691eca0e0aedc2fed6a3e187.jpg,Soil_Labeled_Data/M_20_30/L_0_10/alluvial/z5714965667397_eabc5642691eca0e0aedc2fed6a3e187.jpg,6c6bf375c31209d84bd9,phash:7fb0f18dd6cfe5a6,test,a40b87c64d1878bcb383a561c3d249fb42e111f00a133ee9970d8b14789425f7,29,32,2,5,False
Soil_Labeled_Data/M_20_30/L_0_10/alluvial/z5714965668971_7343e5a027e18989bc0327d711be74b8.jpg,Soil_Labeled_Data/M_20_30/L_0_10/alluvial/z5714965668971_7343e5a027e18989bc0327d711be74b8.jpg,198ebdbf8c8ac6c3f1d1,phash:4451b7aef9dc4071,train,a17db1ebf36f177b43a88cb4bc8f819464f2f55c8da1470f86764da74a352b9d,29,31,2,9,False
Soil_Labeled_Data/M_20_30/L_0_10/alluvial/z5714965678724_b5f071390078955702403ceaf12bf111.jpg,Soil_Labeled_Data/M_20_30/L_0_10/alluvial/z5714965678724_b5f071390078955702403ceaf12bf111.jpg,e55830123bb44e6c6dce,phash:61af58970bf15bde,validation,9af9065f5494dfa307bc55d61a4c4d6d0e79edfd749cfcbd4b97ac7bd4bb3568,24,26,2,8,False
Soil_Labeled_Data/M_20_30/L_0_10/alluvial/z5714965682723_ec9d4aaeda81f7ee14e7e5c2463883f2.jpg,Soil_Labeled_Data/M_20_30/L_0_10/alluvial/z5714965682723_ec9d4aaeda81f7ee14e7e5c2463883f2.jpg,ed5e07250a066604176c,phash:c92eb3cc992821a0,train,a5705b4175362de666c097be4b32586a0c0d422163c01ec4c6d9a760a7a2a9fc,22,27,2,7,False
Soil_Labeled_Data/M_20_30/L_0_10/alluvial/z5714965691103_850a4c82f12adc83d3254644774f6ea3.jpg,Soil_Labeled_Data/M_20_30/L_0_10/alluvial/z5714965691103_850a4c82f12adc83d3254644774f6ea3.jpg,b7064eeb1c3537997546,phash:abf9b5337db94543,train,b989f14a454b49162b89c7ba96ae05dd531c6903ffb1fcea9c8a92dc8e97b3a4,22,26,2,8,False
Soil_Labeled_Data/M_20_30/L_0_10/alluvial/z5714965700449_63e809d451c312d7c931d3e7c44ed7de.jpg,Soil_Labeled_Data/M_20_30/L_0_10/alluvial/z5714965700449_63e809d451c312d7c931d3e7c44ed7de.jpg,bb17009c24f8f3afa6e3,phash:73b4ae6a3842457a,train,a9d66b08fb94f39b43f26d35e4dbfbd3a4c8e4770a5cadd7d6b7aa8b082cf1f9,20,23,2,4,False
Soil_Labeled_Data/M_20_30/L_0_10/alluvial/z5714965705547_7ec0fa0bfca51f5158d0ac209e2e7e81.jpg,Soil_Labeled_Data/M_20_30/L_0_10/alluvial/z5714965705547_7ec0fa0bfca51f5158d0ac209e2e7e81.jpg,b77ae14cbb6c715c4195,phash:a435144dd6cd4f5e,validation,532faee2e423399d65b739401f428f5bfc55377d1733307aa020cc8a545ca5cb,23,25,2,7,False
Soil_Labeled_Data/M_20_30/L_0_10/alluvial/z5714965710784_a5c59ffb2ea6eb0610d8686f48dde27a.jpg,Soil_Labeled_Data/M_20_30/L_0_10/alluvial/z5714965710784_a5c59ffb2ea6eb0610d8686f48dde27a.jpg,377507663e738dfda76d,phash:2bc9e9265b1d6da5,train,3100b28a20ba4ab7201010103c544f60af44ecbdb60593e3e853931449ad40b8,23,29,2,7,False
Soil_Labeled_Data/M_20_30/L_10_20/alluvial/z5714985845450_ec19dc359d5c6f61662529b11bbbc7ee.jpg,Soil_Labeled_Data/M_20_30/L_10_20/alluvial/z5714985845450_ec19dc359d5c6f61662529b11bbbc7ee.jpg,6b13b31b5f894fe5ea53,phash:b06b7e6982b702d1,train,28a70d0a81be43333081273fe60c29461da1ad16d935caa6a3ce5e41be0bf145,30,36,2,10,False
Soil_Labeled_Data/M_20_30/L_10_20/alluvial/z5714985888601_85cc32f9a4211a207e7eef5f65ba235f.jpg,Soil_Labeled_Data/M_20_30/L_10_20/alluvial/z5714985888601_85cc32f9a4211a207e7eef5f65ba235f.jpg,b5b53f1bedbcdbda06c5,phash:899f0fc243e1519c,train,fc9e7458c3ca5c13e4bc667fd853e1daea99b4703a77b33afc8c55a0ce5105f8,28,30,2,18,False
Soil_Labeled_Data/M_20_30/L_10_20/alluvial/z5714985927878_c9fcc8f78bbea4865435840a31079da3.jpg,Soil_Labeled_Data/M_20_30/L_10_20/alluvial/z5714985927878_c9fcc8f78bbea4865435840a31079da3.jpg,15a6c06746c51fa93875,phash:b407ab2eadb929c1,train,4a82a3ce8f9b3b29a9461da28e448b23c1327b0d20f22fc56cf1aa14469822b3,29,34,2,17,False
Soil_Labeled_Data/M_20_30/L_10_20/alluvial/z5714985970348_ad1f07733c9a332ae8eee2ea342a4d51.jpg,Soil_Labeled_Data/M_20_30/L_10_20/alluvial/z5714985970348_ad1f07733c9a332ae8eee2ea342a4d51.jpg,05c3694196294e4ea772,phash:0bb01085a3f41d5f,train,60d40539d0d09b36da51e5636489c02d3d80daff6a75cf3affe6f62246fb44d8,23,25,2,12,False
Soil_Labeled_Data/M_20_30/L_10_20/alluvial/z5714986007603_84a394e6faf236a06520c00d419fe46a.jpg,Soil_Labeled_Data/M_20_30/L_10_20/alluvial/z5714986007603_84a394e6faf236a06520c00d419fe46a.jpg,f5d2a85a73d8d4c03ba7,phash:698c822a48140f58,test,196a0b0fe31c3a016794bbf2649f5d66109f99705d4568a8ae7b3800084f4e50,29,34,2,19,False
Soil_Labeled_Data/M_20_30/L_10_20/alluvial/z5714986043962_219c585b2d79797c041cb7fa8f032a51.jpg,Soil_Labeled_Data/M_20_30/L_10_20/alluvial/z5714986043962_219c585b2d79797c041cb7fa8f032a51.jpg,1bfc8a2ff69ac6c0a3d7,phash:4a872243c28fb4df,train,9968c5cec7c2aadb6ed36235cc52ec0ce42423d31b68178987f32bfefb91f315,23,25,2,17,False
Soil_Labeled_Data/M_20_30/L_10_20/alluvial/z5714986081390_b5b13481db1716bdbeb544ec7612b7d3.jpg,Soil_Labeled_Data/M_20_30/L_10_20/alluvial/z5714986081390_b5b13481db1716bdbeb544ec7612b7d3.jpg,e59095a78fdf4d4cf759,phash:32f2989facc61f0b,validation,847bbe66476c5fd42b5263d2cae9eb360ede6555f899ea1b4d7f0273bf3d1108,26,32,2,18,False
Soil_Labeled_Data/M_20_30/L_10_20/alluvial/z5714986127068_7b0708935dcabf245fb09e3fa2b4089d.jpg,Soil_Labeled_Data/M_20_30/L_10_20/alluvial/z5714986127068_7b0708935dcabf245fb09e3fa2b4089d.jpg,60e47414642cb0373142,phash:74119bb40fef9d62,train,0644fd5c5787ee0ceaf99cb79164f48714b42fad5be956d08d5da5f98dbd27b4,26,28,2,20,False
Soil_Labeled_Data/M_20_30/L_10_20/alluvial/z5714986164673_b9f89648aac68925684f12c7e0b0ea53.jpg,Soil_Labeled_Data/M_20_30/L_10_20/alluvial/z5714986164673_b9f89648aac68925684f12c7e0b0ea53.jpg,a7d4aec3e32b24ed8acc,phash:3933a20b6af41a42,train,58c715ad69caf5e646db065068b54196f83af69b29c73719981d413a9ecdc666,29,33,2,15,False
Soil_Labeled_Data/M_20_30/L_10_20/alluvial/z5714986221023_64dc10d438d03f5e02b16297820bdcd1.jpg,Soil_Labeled_Data/M_20_30/L_10_20/alluvial/z5714986221023_64dc10d438d03f5e02b16297820bdcd1.jpg,c9bf0680ff10236e568e,phash:efcd2713d1f0a96e,train,ec65669d76f1196e775279097d7f8a0121af3262776531dbd3abfc2343ae1dc8,22,24,2,11,False
Soil_Labeled_Data/M_20_30/L_10_20/alluvial/z5714986240829_8faaa02ab427da251da711ef8588ecbf.jpg,Soil_Labeled_Data/M_20_30/L_10_20/alluvial/z5714986240829_8faaa02ab427da251da711ef8588ecbf.jpg,935acb838cca18ed40a6,phash:368aba57e18effb7,train,bd48aca0cbdba3343c33fb1fc04defcb40c268afaa332589ab994d32f8a17253,20,22,2,11,False
Soil_Labeled_Data/M_20_30/L_10_20/alluvial/z5714986258171_aaac5da2c529b5d376ab2fac25ae4728.jpg,Soil_Labeled_Data/M_20_30/L_10_20/alluvial/z5714986258171_aaac5da2c529b5d376ab2fac25ae4728.jpg,2ecdf184da31604f81b2,phash:7238908e07ba5362,validation,24c05cdc31a204fbd35c7520d454c51aa47f15462db66ed4a7cd0609e9ddf75a,29,34,2,18,False
Soil_Labeled_Data/M_20_30/L_10_20/alluvial/z5714986276373_7217217ecb4aa40dd8c2fb91da7038d1.jpg,Soil_Labeled_Data/M_20_30/L_10_20/alluvial/z5714986276373_7217217ecb4aa40dd8c2fb91da7038d1.jpg,54eddc0e9986c352c48a,phash:591f492f2c51a2e8,train,d15792855f70a250f69689731e9da58d00206dd01464119723ffcd4d28cb8fd8,27,32,2,15,False
Soil_Labeled_Data/M_20_30/L_10_20/alluvial/z5714986295424_144877ce7886dd191321501be23792ba.jpg,Soil_Labeled_Data/M_20_30/L_10_20/alluvial/z5714986295424_144877ce7886dd191321501be23792ba.jpg,82eb4ee860c4a8a14ef4,phash:a2bd125bb813a6c5,test,1ff3368b79d1e641435766c2e930ecce081eb8cb1e97fc0e1f0ad4849019b892,28,33,2,16,False
Soil_Labeled_Data/M_20_30/L_10_20/alluvial/z5714986313508_ea07db02e33f97bd2c324c9febbafbeb.jpg,Soil_Labeled_Data/M_20_30/L_10_20/alluvial/z5714986313508_ea07db02e33f97bd2c324c9febbafbeb.jpg,feddd87b7e947bc2b9a1,phash:939e07f43ddbeeb5,train,8653daf40acd4b060641fad2e4b0ff9159cc8c4fa62d4944e7e5c25d533bd9fd,29,35,2,12,False
Soil_Labeled_Data/M_20_30/L_10_20/alluvial/z5714986338334_7baa1f084f7d1214631899a44e8e53a5.jpg,Soil_Labeled_Data/M_20_30/L_10_20/alluvial/z5714986338334_7baa1f084f7d1214631899a44e8e53a5.jpg,0d6cd292dee1f411b2ea,phash:eecaee7541eefca0,validation,920f63e6e976b1ef1a1b1af85b5c71903dec429f8b3d738782c2d70f86dd9f09,24,29,2,13,False
Soil_Labeled_Data/M_20_30/L_10_20/alluvial/z5714986359203_191c5eae368646e197aa9132790381b6.jpg,Soil_Labeled_Data/M_20_30/L_10_20/alluvial/z5714986359203_191c5eae368646e197aa9132790381b6.jpg,871382cb2abb0a8fa52e,phash:f08605153ad5a8ba,validation,2e25199dd7a8335fc23ac9ec29fea9df4b7a343c23631ccd0929837bd9f0cd3c,22,28,2,17,False
Soil_Labeled_Data/M_20_30/L_10_20/alluvial/z5714986376924_7f85544d61473c9e71444f6e16c5abcd.jpg,Soil_Labeled_Data/M_20_30/L_10_20/alluvial/z5714986376924_7f85544d61473c9e71444f6e16c5abcd.jpg,06780bdf0eb46c2add77,phash:b3e44d8de52c1b04,train,dcc9ddf888b4f1448738532d096ef5f1ecc8155a57cbc6e9213b25058e58b1bd,27,29,2,11,False
Soil_Labeled_Data/M_20_30/L_10_20/alluvial/z5714986396698_7aecc048ffacb154d43449978be0bc2a.jpg,Soil_Labeled_Data/M_20_30/L_10_20/alluvial/z5714986396698_7aecc048ffacb154d43449978be0bc2a.jpg,6a7ab8fedbeaef84c7fa,phash:51948a032217e303,train,d37420bd3a9103b5145160537e402ba61ba64a292d151565c35ee0f7d342e97c,23,25,2,20,False
Soil_Labeled_Data/M_20_30/L_10_20/alluvial/z5714986416998_fbe890e9784463e99c018816a93a3ddd.jpg,Soil_Labeled_Data/M_20_30/L_10_20/alluvial/z5714986416998_fbe890e9784463e99c018816a93a3ddd.jpg,84ba038bd8bde98d39cd,phash:b46ec6a33e540cf6,train,0de824d7b977f80724928fbf090f76614d960a7910d7e63be07daa82c42eef48,30,35,2,16,False
Soil_Labeled_Data/M_20_30/L_20_30/alluvial/z5715012121001_477175962804fef0e43ee7cc417789aa.jpg,Soil_Labeled_Data/M_20_30/L_20_30/alluvial/z5715012121001_477175962804fef0e43ee7cc417789aa.jpg,76090dea1aa120a001d9,phash:2bf9761e5657a587,train,a9bc58d2a099a15c3718d37efce8538562ff26b2e641af14e978e7752789cc00,26,29,2,23,False
Soil_Labeled_Data/M_20_30/L_20_30/alluvial/z5715012121001_477175962804fef0e43ee7cc417789aa_aug_00_gray_brown.jpg,Soil_Labeled_Data/M_20_30/L_20_30/alluvial/z5715012121001_477175962804fef0e43ee7cc417789aa_aug_00_gray_brown.jpg,a9a3de8f47b5bbc28ba4,phash:2785d44c1e2bccb3,train,1d0b3fb0301c4e9512cb8ba80ce782cad2d7cbc2d718b262839b56670f09ca40,26,30,2,28,False
Soil_Labeled_Data/M_20_30/L_20_30/alluvial/z5715012162219_36bf4fe734f37f6f57e09469a7d3ee4e.jpg,Soil_Labeled_Data/M_20_30/L_20_30/alluvial/z5715012162219_36bf4fe734f37f6f57e09469a7d3ee4e.jpg,b34cc7cb99effcf8783a,phash:ef299612203442b6,train,6614f5aa9604476ec3392729b8faade09b9c2d8627bcd8ef201f0e10f17ab2ea,25,27,2,22,False
Soil_Labeled_Data/M_20_30/L_20_30/alluvial/z5715012209134_66b49a434ed23483ff4f2f2e8312c029.jpg,Soil_Labeled_Data/M_20_30/L_20_30/alluvial/z5715012209134_66b49a434ed23483ff4f2f2e8312c029.jpg,9468bcf90abb37288b86,phash:b1ec28be99b14a29,train,440140d01d9c43cbb8b8e66fcd4223c1846ca95a5b1fb35d622395dd0ccb13ff,30,34,2,27,False
Soil_Labeled_Data/M_20_30/L_20_30/alluvial/z5715012267833_24c532be0a21771c38c6a413eb0125f9.jpg,Soil_Labeled_Data/M_20_30/L_20_30/alluvial/z5715012267833_24c532be0a21771c38c6a413eb0125f9.jpg,a9a125308348027e05be,phash:c3eb1c6bd3fc59f3,train,83e7b48f45d1924495003b41bc35d2302ba2eb2c64a0f181b88ec55ebb19cef3,27,31,2,28,False
Soil_Labeled_Data/M_20_30/L_20_30/alluvial/z5715012320619_e928564a75c588128ffd41f70a47283b.jpg,Soil_Labeled_Data/M_20_30/L_20_30/alluvial/z5715012320619_e928564a75c588128ffd41f70a47283b.jpg,9c020df636da9f36d2c1,phash:ffebf2912b9dc077,train,41f52985afc27a8ce6e04f7718fb25577895bfce911530fecd2755242dd412c6,26,28,2,20,False
Soil_Labeled_Data/M_20_30/L_20_30/alluvial/z5715012355453_a9dd8ce901605acdca4801afba02c4f3.jpg,Soil_Labeled_Data/M_20_30/L_20_30/alluvial/z5715012355453_a9dd8ce901605acdca4801afba02c4f3.jpg,c7426300fade69437106,phash:2226e750d42599ef,validation,088034123413c50f2f304ace37c8c50d46b934065a74ec0100cf7c4cc077a742,30,32,2,30,False
Soil_Labeled_Data/M_20_30/L_20_30/alluvial/z5715012402543_002694e281c224d1c457390894c19dce.jpg,Soil_Labeled_Data/M_20_30/L_20_30/alluvial/z5715012402543_002694e281c224d1c457390894c19dce.jpg,41c5d954f0e65a62c31d,phash:2a7087c3eebada68,train,767daeb827487c8a6fc657bfd98be151b8e497fa90f8e7418d73b8b360453f85,22,23,2,30,False
Soil_Labeled_Data/M_20_30/L_20_30/alluvial/z5715012440512_6f9e0dacf2e0eeba56b48f8a847384db.jpg,Soil_Labeled_Data/M_20_30/L_20_30/alluvial/z5715012440512_6f9e0dacf2e0eeba56b48f8a847384db.jpg,04b6c6f8303ccb798c86,phash:9eab74132dc356e3,train,b8b46e28a53466729eba04c67ce979fb7c313172f6fafde4ce18a392286526d8,30,31,2,24,False
Soil_Labeled_Data/M_20_30/L_20_30/alluvial/z5715012486971_a0c3c7f3f4c19d727bb411742fc4dc50.jpg,Soil_Labeled_Data/M_20_30/L_20_30/alluvial/z5715012486971_a0c3c7f3f4c19d727bb411742fc4dc50.jpg,f3c66d258f29af21f9a4,phash:f4ff5fd98f6ef0c9,test,2c2de920166d2aca1e9d840b43d5752e477246701f6dc03f273173e8cab07e09,22,26,2,21,False
Soil_Labeled_Data/M_20_30/L_20_30/alluvial/z5715012505252_a84387ca0df52c42bca79e95542a198a.jpg,Soil_Labeled_Data/M_20_30/L_20_30/alluvial/z5715012505252_a84387ca0df52c42bca79e95542a198a.jpg,7f23537c69ca26795217,phash:401aa04b376d5c61,validation,9a61e4ef2a4efed3af7311ea7516cb88a86702a20bad78d31f42fff673bb96c6,27,28,2,30,False
Soil_Labeled_Data/M_20_30/L_20_30/alluvial/z5715012522212_a624a78ac793d13f0d6b7264d73e4c85.jpg,Soil_Labeled_Data/M_20_30/L_20_30/alluvial/z5715012522212_a624a78ac793d13f0d6b7264d73e4c85.jpg,a6e4deb30e9a1dad5e74,phash:557158f3adeecbcd,train,d1be69952308cf7c3bbac6a02beac116fd6ae67bfce2376f367961723457f313,20,21,2,21,False
Soil_Labeled_Data/M_20_30/L_20_30/alluvial/z5715012548726_af81883cf33844b1e6e45221faf44bd8.jpg,Soil_Labeled_Data/M_20_30/L_20_30/alluvial/z5715012548726_af81883cf33844b1e6e45221faf44bd8.jpg,3de409f5c12ed54f4751,phash:89e807e3fd83e481,train,98400dac8661eaee9b343ce800be4ea64da83d676169db61cdeae32f579766d0,30,33,2,22,False
Soil_Labeled_Data/M_20_30/L_20_30/alluvial/z5715012567240_bdbe9df15e56e0782a6b14845eb9ee18.jpg,Soil_Labeled_Data/M_20_30/L_20_30/alluvial/z5715012567240_bdbe9df15e56e0782a6b14845eb9ee18.jpg,47e3d665422f2985d55c,phash:8feab7e084d49c60,train,c83591cb949b8037aeac502bf8c8481e0062aa60ca5c0e6655fa70db1da8b996,22,24,2,28,False
Soil_Labeled_Data/M_20_30/L_20_30/alluvial/z5715012582853_4ec486e5c7f119d2074f17f6f73e6d0b.jpg,Soil_Labeled_Data/M_20_30/L_20_30/alluvial/z5715012582853_4ec486e5c7f119d2074f17f6f73e6d0b.jpg,7de88d8d4b9c5d9bc407,phash:0c759c44a43789be,train,f0df424233ae72b1cdf2e39839d4fbced98507c612a74aa9066bb2972b29100b,29,30,2,26,False
Soil_Labeled_Data/M_20_30/L_20_30/alluvial/z5715012600153_2bcf8889a7a0e238e973ae86637cc21f.jpg,Soil_Labeled_Data/M_20_30/L_20_30/alluvial/z5715012600153_2bcf8889a7a0e238e973ae86637cc21f.jpg,e8c04e7343d52a3b8ac2,phash:39ceddfbea87cd9f,train,007d724eb33c49f0b5c14468b1631e8ea14ff67875a92fd332bee17fd2c02842,23,24,2,26,False
Soil_Labeled_Data/M_20_30/L_20_30/alluvial/z5715012617882_a8a1e0951772990bc0c02de25682784b.jpg,Soil_Labeled_Data/M_20_30/L_20_30/alluvial/z5715012617882_a8a1e0951772990bc0c02de25682784b.jpg,6a5227c92cf61aa0352f,phash:f60b2f95756b29cd,train,d97b5264ce33d90e45a7f95f5e56aa28d41759a95aea4578bf5f1783d1bfb632,22,23,2,27,False
Soil_Labeled_Data/M_20_30/L_20_30/alluvial/z5715012634208_474c08941178b38c9453fda2ccccb922.jpg,Soil_Labeled_Data/M_20_30/L_20_30/alluvial/z5715012634208_474c08941178b38c9453fda2ccccb922.jpg,9f3b4374a8c277eae773,phash:1819f97a5a216b30,validation,476b0cf50c72963960678512f28b7a7b37c70caf4110c29f8ccb26b7ce2bcc18,23,25,2,24,False
Soil_Labeled_Data/M_20_30/L_20_30/alluvial/z5715012651576_9cd50bf75fc2aa0868eb841cf830eb56.jpg,Soil_Labeled_Data/M_20_30/L_20_30/alluvial/z5715012651576_9cd50bf75fc2aa0868eb841cf830eb56.jpg,5d74c26c609b50260413,phash:06b33c87270ce7ce,train,9fcdbf7138f644c88b78320f546fafc4bc52e397069c664664eccd3362dd8c7a,23,26,2,27,False
Soil_Labeled_Data/M_20_30/L_20_30/alluvial/z5715012669989_f6f4b1390ebb547cf8281f94d60ded3f.jpg,Soil_Labeled_Data/M_20_30/L_20_30/alluvial/z5715012669989_f6f4b1390ebb547cf8281f94d60ded3f.jpg,3cbde2ce407b03bd67a5,phash:b5a38b43649f10d0,train,27e7ac81d6f9bca8f868ef965ad3c8998d8486a3358f77e5981490762ab98c98,26,30,2,29,False
Soil_Labeled_Data/M_20_30/L_30_40/alluvial/z5715029806169_d141358003ef92f28a2c4af039de29e2.jpg,Soil_Labeled_Data/M_20_30/L_30_40/alluvial/z5715029806169_d141358003ef92f28a2c4af039de29e2.jpg,f08a027c3e01c7c6d61d,phash:429c8d3b0d29fc83,train,ed5a24840762d026c9b3df17ea7067e6ac47d787dccbd85e128ccbd862e43e84,29,34,2,36,False
Soil_Labeled_Data/M_20_30/L_30_40/alluvial/z5715029856624_b5f3f36f747ba9d693650417bd7f7311.jpg,Soil_Labeled_Data/M_20_30/L_30_40/alluvial/z5715029856624_b5f3f36f747ba9d693650417bd7f7311.jpg,b1e51868142afdd54fbc,phash:642ef62fb9f25159,validation,c8dbe093847163b6b44f9d2d3e84f5c4691bc9662a573a211a2dc99c8bdf2bf3,23,26,2,39,False
Soil_Labeled_Data/M_20_30/L_30_40/alluvial/z5715033015455_b6b166892d16bc601c995ef7c3cba07c.jpg,Soil_Labeled_Data/M_20_30/L_30_40/alluvial/z5715033015455_b6b166892d16bc601c995ef7c3cba07c.jpg,2f0f596362e2eb6cfdc6,phash:6dc0e0b3b50d6437,validation,948c1ecaef1069d980977c8290848ea891f053c9156d6855e8e06be1f1ead76c,29,33,2,35,False
Soil_Labeled_Data/M_20_30/L_30_40/alluvial/z5715033050608_93ef4176e27d9819f84690ffd100ff7f.jpg,Soil_Labeled_Data/M_20_30/L_30_40/alluvial/z5715033050608_93ef4176e27d9819f84690ffd100ff7f.jpg,cfb36334f5c88f123590,phash:cdf035f6460a3b69,train,aae03986dc269d9651e4b437e4a2f85a4dd777133347a18cd5cf7bd85f2c17cf,30,32,2,34,False
Soil_Labeled_Data/M_20_30/L_30_40/alluvial/z5715033091251_2f0c5b8266edccf2943f76d81aa3d9f9.jpg,Soil_Labeled_Data/M_20_30/L_30_40/alluvial/z5715033091251_2f0c5b8266edccf2943f76d81aa3d9f9.jpg,b71d3198378423754b9e,phash:bb3fb9ffa8d21ab5,train,d45fd7fd48ce683b1f33b9b528a03c8212629fe1655d1a4af1b5667ebca52da2,24,29,2,38,False
Soil_Labeled_Data/M_20_30/L_30_40/alluvial/z5715033125341_3bd0d4755ee23ca0a1198308bbcfa319.jpg,Soil_Labeled_Data/M_20_30/L_30_40/alluvial/z5715033125341_3bd0d4755ee23ca0a1198308bbcfa319.jpg,7777e047114d2c57e1d1,phash:2de8a0534590444e,train,3bc7b49b401fdbe665e29a7554fabd940d0956e462403d9e577003a54239e1e8,23,25,2,31,False
Soil_Labeled_Data/M_20_30/L_30_40/alluvial/z5715033161682_fe993aeb99229235b1f857c2acc0e5e3.jpg,Soil_Labeled_Data/M_20_30/L_30_40/alluvial/z5715033161682_fe993aeb99229235b1f857c2acc0e5e3.jpg,5c3b5dd14dcd0d8ba58c,phash:9329a382efebaca2,train,83d72d39c5580a7eb6d61bb9dafb82322fd2ced7cd7394fd37cc7fd4f9e483ba,26,30,2,40,False
Soil_Labeled_Data/M_20_30/L_30_40/alluvial/z5715033198682_111f474dcf904f18e89ceaadb5059e4d.jpg,Soil_Labeled_Data/M_20_30/L_30_40/alluvial/z5715033198682_111f474dcf904f18e89ceaadb5059e4d.jpg,0ad12711733d1c282aa7,phash:60e409c106802f02,train,b8b1fe9e5db7189034913b2cb81da1bde6aac29fb3a6bc4682a420f93ea34515,22,24,2,34,False
Soil_Labeled_Data/M_20_30/L_30_40/alluvial/z5715033231561_52d0ded937670b6841124e0b4241344b.jpg,Soil_Labeled_Data/M_20_30/L_30_40/alluvial/z5715033231561_52d0ded937670b6841124e0b4241344b.jpg,da6e779a2b5a7f08d063,phash:e77fdb49419daee3,test,e666f118120656d6f2d322fd1402c387788ea803fb1639f12262445da5fb5c3d,30,35,2,36,False
Soil_Labeled_Data/M_20_30/L_30_40/alluvial/z5715033267311_57d2cf58f22e781479c4bb3e0a80eaf8.jpg,Soil_Labeled_Data/M_20_30/L_30_40/alluvial/z5715033267311_57d2cf58f22e781479c4bb3e0a80eaf8.jpg,7cc7d1db6a08f2533da0,phash:983154d4cdf37659,train,6468356e7f33f0a5d99ee2adb46daf9fbb43724e7517d85dd7b6e5009c293967,27,29,2,38,False
Soil_Labeled_Data/M_20_30/L_30_40/alluvial/z5715033283250_9662b1abd36bcc15d631c026ef505c58.jpg,Soil_Labeled_Data/M_20_30/L_30_40/alluvial/z5715033283250_9662b1abd36bcc15d631c026ef505c58.jpg,dadb38ea6c4202e18e0c,phash:5cb254c161d0a02b,train,7c060695fe3ee48bd411054b2aa52aad3ddb46c98beb4df2b2d50873630de936,28,33,2,36,False
Soil_Labeled_Data/M_20_30/L_30_40/alluvial/z5715033299586_fb56ad2741cffe50431dafd79108d8c2.jpg,Soil_Labeled_Data/M_20_30/L_30_40/alluvial/z5715033299586_fb56ad2741cffe50431dafd79108d8c2.jpg,4893dd9cc220336e731c,phash:fa88c0bdaa54207d,train,238fd2a612f8e9b0c4a557291ea9e02715d7d8ce57c74316c6db31ca4fde82a4,29,32,2,35,False
Soil_Labeled_Data/M_20_30/L_30_40/alluvial/z5715033318232_05ae3184e016089055c9d59e609b3289.jpg,Soil_Labeled_Data/M_20_30/L_30_40/alluvial/z5715033318232_05ae3184e016089055c9d59e609b3289.jpg,0a4792456b30b155223a,phash:902a7b4d3528d956,train,121460f1e2f97f1348e5c132ac4025af43268c0a95e3e957b35c2a3b8a760eeb,30,31,2,35,False
Soil_Labeled_Data/M_20_30/L_30_40/alluvial/z5715033318232_05ae3184e016089055c9d59e609b3289_aug_01_wet_gray.jpg,Soil_Labeled_Data/M_20_30/L_30_40/alluvial/z5715033318232_05ae3184e016089055c9d59e609b3289_aug_01_wet_gray.jpg,ede4e4a45e89b6d6a7fe,phash:d365390be7343185,train,901930a1b76bf0f1090d293192faac7f142dd920c128031b6485a775de931ba8,23,27,2,33,False
Soil_Labeled_Data/M_20_30/L_30_40/alluvial/z5715033334120_d2ab5328ab459778cac71bdcc7ae7a3d.jpg,Soil_Labeled_Data/M_20_30/L_30_40/alluvial/z5715033334120_d2ab5328ab459778cac71bdcc7ae7a3d.jpg,14f5b008a1177542471d,phash:240bc6724777bf20,train,e2408d2d05484bca3c4fc972b0c663278b6b7948d5da83b35ceae12a4fd68655,28,30,2,35,False
Soil_Labeled_Data/M_20_30/L_30_40/alluvial/z5715033351293_3cfa210d233a82a54901fd9dbe304e6b.jpg,Soil_Labeled_Data/M_20_30/L_30_40/alluvial/z5715033351293_3cfa210d233a82a54901fd9dbe304e6b.jpg,6259c5d90f0e13f5c427,phash:1c8ce1d878581e87,train,c30b6b99e960e0bbb4f0726db62f8b3597e1396e6e7455df86aa514f6d07cb7a,30,34,2,39,False
Soil_Labeled_Data/M_20_30/L_30_40/alluvial/z5715033368981_cb6e02e9f14f705f9c888a15f8d6b961.jpg,Soil_Labeled_Data/M_20_30/L_30_40/alluvial/z5715033368981_cb6e02e9f14f705f9c888a15f8d6b961.jpg,6e34bfc98e8ac057cd8a,phash:53378d4ab68ab647,train,be03d989fc8f4c72722a611e46f6fe5562d4d8e14706ee6c8f152f1c80eb8b46,29,30,2,38,False
Soil_Labeled_Data/M_20_30/L_30_40/alluvial/z5715033382946_84a54237fc04c6f8bcc3e0a0e31f219c.jpg,Soil_Labeled_Data/M_20_30/L_30_40/alluvial/z5715033382946_84a54237fc04c6f8bcc3e0a0e31f219c.jpg,878fb5ece43dc4acba2d,phash:cb2d0c99db6609f0,train,48d30dd15f72ca44cd1e6ba741bb35a7d96496e724fa99748eb94ddf3a4bd667,30,33,2,33,False
Soil_Labeled_Data/M_20_30/L_30_40/alluvial/z5715033411199_2279579c392ffbcec7dc19155430ea38.jpg,Soil_Labeled_Data/M_20_30/L_30_40/alluvial/z5715033411199_2279579c392ffbcec7dc19155430ea38.jpg,5b167c80c006fe73dfc5,phash:87a7da1398ed60fe,train,b1d8b9d5174219634bde64169c889dc4382e929184f9aacae81db6d40daa2403,27,31,2,33,False
Soil_Labeled_Data/M_20_30/L_30_40/alluvial/z5715033411199_2279579c392ffbcec7dc19155430ea38_aug_00_light_brown.jpg,Soil_Labeled_Data/M_20_30/L_30_40/alluvial/z5715033411199_2279579c392ffbcec7dc19155430ea38_aug_00_light_brown.jpg,4dad377ef5595534fbaf,phash:87a7da1398ed60fe,train,5db56ba1d90ca26de8f688a8da5ca47e5d302d01b86e29d1d25b66b5fbf425ef,28,31,2,38,False
Soil_Labeled_Data/M_20_30/L_40_50/alluvial/z5715051384308_14af6b789a7908d7f3c1789485510c78.jpg,Soil_Labeled_Data/M_20_30/L_40_50/alluvial/z5715051384308_14af6b789a7908d7f3c1789485510c78.jpg,5fe47f08deec7717604b,phash:3cad8163d978fbbc,train,5c4586f7dd03bad93928e17841732e7270ec83f4e27360fffa6dcce320f72c41,30,33,2,44,False
Soil_Labeled_Data/M_20_30/L_40_50/alluvial/z5715051428849_8b124a2769ab19a14cf5decc529253cc.jpg,Soil_Labeled_Data/M_20_30/L_40_50/alluvial/z5715051428849_8b124a2769ab19a14cf5decc529253cc.jpg,998e6f99098b47bc38f8,phash:38242dabc322967a,train,04f366bfd7c3bfa33d191e476d9d46fb6d478326bdeb7017e91905fb5d415e0b,30,34,2,44,False
Soil_Labeled_Data/M_20_30/L_40_50/alluvial/z5715051472986_4a694106ef7fea8d60bf40fef4361dc2.jpg,Soil_Labeled_Data/M_20_30/L_40_50/alluvial/z5715051472986_4a694106ef7fea8d60bf40fef4361dc2.jpg,a47cf58f59acce4b11f0,phash:854ed21907692374,train,9bbc635c118330894ef41e0d23e4d4ae52c9fa37acbb3a7bcfa111fa2cab6404,20,21,2,45,False
Soil_Labeled_Data/M_20_30/L_40_50/alluvial/z5715051514184_e4f981791e75bf9d431676552b2d4cc9.jpg,Soil_Labeled_Data/M_20_30/L_40_50/alluvial/z5715051514184_e4f981791e75bf9d431676552b2d4cc9.jpg,6b3cfd3a49901479be8d,phash:c2eaa820a5b0d84d,train,fe4854a925b0721332b3fbb123c09fc54812ed2ccc345b36d89459a4dc6f59a3,20,22,2,40,False
Soil_Labeled_Data/M_20_30/L_40_50/alluvial/z5715051559095_d68b951214e0759d2331dfb1012739cb.jpg,Soil_Labeled_Data/M_20_30/L_40_50/alluvial/z5715051559095_d68b951214e0759d2331dfb1012739cb.jpg,1c076ff46aa24f587088,phash:07c08b8a8a731e3c,validation,1d24cd7e57d04794e9c8ba187b6f6487056c9ae7b1c4a1efea7b39c4df5aef60,24,26,2,45,False
Soil_Labeled_Data/M_20_30/L_40_50/alluvial/z5715051601829_96fcbe633e7be37063a12a21c47af5b1.jpg,Soil_Labeled_Data/M_20_30/L_40_50/alluvial/z5715051601829_96fcbe633e7be37063a12a21c47af5b1.jpg,20502e9885e342330e58,phash:a401ec68ff4f6a7a,train,c25dfe778aca0b2be0848c38d0286ab9389f5ccfd819c581629b30b672d3187f,21,21,2,48,False
Soil_Labeled_Data/M_20_30/L_40_50/alluvial/z5715051601829_96fcbe633e7be37063a12a21c47af5b1_aug_00_light_brown.jpg,Soil_Labeled_Data/M_20_30/L_40_50/alluvial/z5715051601829_96fcbe633e7be37063a12a21c47af5b1_aug_00_light_brown.jpg,d94dd8b326c0962f2ac2,phash:a401ec68ff4f6a7a,train,6923c73b86773a379ac834bf5a90868c819e66628a091e6b8b2e29a955a9b4f3,28,32,2,44,False
Soil_Labeled_Data/M_20_30/L_40_50/alluvial/z5715051640126_93edb1c1e172d322cc3512303955fa03.jpg,Soil_Labeled_Data/M_20_30/L_40_50/alluvial/z5715051640126_93edb1c1e172d322cc3512303955fa03.jpg,ff2e999d6563cf166034,phash:92e9a35c55bd879b,train,5b65b04834612b20014d72b2999032f1909555b0612d8b082f7d1afcdbc9a02b,20,22,2,43,False
Soil_Labeled_Data/M_20_30/L_40_50/alluvial/z5715051640126_93edb1c1e172d322cc3512303955fa03_aug_01_clay_red.jpg,Soil_Labeled_Data/M_20_30/L_40_50/alluvial/z5715051640126_93edb1c1e172d322cc3512303955fa03_aug_01_clay_red.jpg,cd84c447651d738f2df0,phash:92e9a35c55bd879b,train,caec3bd9a8a963beb8e0d7d31ec0ee80c06c67378ebf36818a2dd12383fcc707,22,27,2,40,False
Soil_Labeled_Data/M_20_30/L_40_50/alluvial/z5715051681355_eb6d15281c66c4cbae0976c9a8c14276.jpg,Soil_Labeled_Data/M_20_30/L_40_50/alluvial/z5715051681355_eb6d15281c66c4cbae0976c9a8c14276.jpg,441ae2b4240f60a477ef,phash:e04c12d3bf7eee3f,validation,e1218400908880ade6f12224b2c445237aad380f28a825fe6f84527b6e718316,20,24,2,41,False
Soil_Labeled_Data/M_20_30/L_40_50/alluvial/z5715051720167_1d840c64ad17b2cc0fa592c2d9d3d51d.jpg,Soil_Labeled_Data/M_20_30/L_40_50/alluvial/z5715051720167_1d840c64ad17b2cc0fa592c2d9d3d51d.jpg,69c16d869143cb7f3267,phash:f07e40127da12243,train,fa6ba7015067e381fd6881cb92bd445e8c1485804ae6c9bc0e80ce6b4a6253c0,20,20,2,45,False
Soil_Labeled_Data/M_20_30/L_40_50/alluvial/z5715051760072_881785dcdb4187a189c1beb8940d778a.jpg,Soil_Labeled_Data/M_20_30/L_40_50/alluvial/z5715051760072_881785dcdb4187a189c1beb8940d778a.jpg,d5f5e495c7bc6b5de400,phash:e5c1744ddbcb8f1c,train,70dae08c47a737dd53f946405b3f2ffb974e710e07c9ee75a25ce09c5f9314c9,26,30,2,48,False
Soil_Labeled_Data/M_20_30/L_40_50/alluvial/z5715051777252_1d4379a9989fd2994ba00708f807f763.jpg,Soil_Labeled_Data/M_20_30/L_40_50/alluvial/z5715051777252_1d4379a9989fd2994ba00708f807f763.jpg,3e4e1dd3c7e348fa2446,phash:88929ddf34d2a7a7,train,17bac32b297ff1875e81923a93a974ea270697af0fe400b07a444afe34decef3,27,30,2,48,False
Soil_Labeled_Data/M_20_30/L_40_50/alluvial/z5715051795655_239b4a0a8320ca98205dc4626998699f.jpg,Soil_Labeled_Data/M_20_30/L_40_50/alluvial/z5715051795655_239b4a0a8320ca98205dc4626998699f.jpg,b2ea0f3688431c7aa181,phash:cc706bb84dcb72e9,train,51a220247e24109ab57ba5c0a14accae1da7ec652f27ccc88ee7c3a4195b632e,23,26,2,44,False
Soil_Labeled_Data/M_20_30/L_40_50/alluvial/z5715051814390_53ca3a33ee2934f87e858ab692f05017.jpg,Soil_Labeled_Data/M_20_30/L_40_50/alluvial/z5715051814390_53ca3a33ee2934f87e858ab692f05017.jpg,adb96dc977fa13f9af5b,phash:d5936a1362778b33,test,bc09e2f9065fe364b3d7699c8c1e416b03b88da5acf44471d27f358f4efa5c11,30,33,2,40,False
Soil_Labeled_Data/M_20_30/L_40_50/alluvial/z5715051831196_ae9be444cc6a3b2ecc9f66123bcfd62d.jpg,Soil_Labeled_Data/M_20_30/L_40_50/alluvial/z5715051831196_ae9be444cc6a3b2ecc9f66123bcfd62d.jpg,920349477768123f34cc,phash:60ac0a11d731ea05,train,5a8a0f5089bd370a67bfe5319a635c56139d09e2a26a59d87d7d1e39efbe82c0,22,23,2,40,False
Soil_Labeled_Data/M_20_30/L_40_50/alluvial/z5715051848505_ffa5f47afe3dd39e589424e0632fae02.jpg,Soil_Labeled_Data/M_20_30/L_40_50/alluvial/z5715051848505_ffa5f47afe3dd39e589424e0632fae02.jpg,f5628bdc7f83db69cd7a,phash:1ab3a008e94f885b,train,a90d5aa18f1c14fcc05e0562e313d041cb50105551b3b71359a34217edc9664a,23,27,2,49,False
Soil_Labeled_Data/M_20_30/L_40_50/alluvial/z5715051865308_64ccfa90316f0ed6dc906c3422ae9028.jpg,Soil_Labeled_Data/M_20_30/L_40_50/alluvial/z5715051865308_64ccfa90316f0ed6dc906c3422ae9028.jpg,42597e8f132d0a63fc30,phash:8825892023efb0b4,train,bda5fe1645690b273d5ba1e3977c635cd5ae56286bf085905a8d4f61ab346c8c,20,22,2,43,False
Soil_Labeled_Data/M_20_30/L_40_50/alluvial/z5715051885595_421b643fb0f3dc4e403d103556801f60.jpg,Soil_Labeled_Data/M_20_30/L_40_50/alluvial/z5715051885595_421b643fb0f3dc4e403d103556801f60.jpg,cedcde42728785ff1b92,phash:d111b9fd8a20b465,train,1876f189af37d4d7bb879d22d59510990908667f0ff5fe2f244c4c6b4d0bdccc,21,22,2,42,False
Soil_Labeled_Data/M_20_30/L_40_50/alluvial/z5715051902094_720cd308ebf5a06d9768a708bee13d5b.jpg,Soil_Labeled_Data/M_20_30/L_40_50/alluvial/z5715051902094_720cd308ebf5a06d9768a708bee13d5b.jpg,6a2490a0fd4e9fcf11a8,phash:fcb81d1856cc1a1a,train,96c82c2d324c1f0f5638c81263d9f90ad63bb20166c5682136f96853ee6b183d,25,28,2,45,False
Soil_Labeled_Data/M_20_30/L_50_60/alluvial/z5715070421017_3b2e08909dc7dcfac3d6aaa886bfb179.jpg,Soil_Labeled_Data/M_20_30/L_50_60/alluvial/z5715070421017_3b2e08909dc7dcfac3d6aaa886bfb179.jpg,12998e07d84eaed7893a,phash:ef119f3c8080d6b5,train,29f8ceed6307231c0a0820d483a24e9eb911f1e1eddacb53b4d5d16d7cc01009,23,23,2,57,False
Soil_Labeled_Data/M_20_30/L_50_60/alluvial/z5715070467498_1d03022da80be4bb921e94aeebf95eef.jpg,Soil_Labeled_Data/M_20_30/L_50_60/alluvial/z5715070467498_1d03022da80be4bb921e94aeebf95eef.jpg,caeac3235dfdba1d7a8c,phash:a5c6a7e94b731068,train,5d4ca6111cffed88ed9c4e38436e431182433a2d3503c89fb606329f7954203c,27,29,2,54,False
Soil_Labeled_Data/M_20_30/L_50_60/alluvial/z5715070514891_f8321b2a7fe4353f6b8578eb9df222a9.jpg,Soil_Labeled_Data/M_20_30/L_50_60/alluvial/z5715070514891_f8321b2a7fe4353f6b8578eb9df222a9.jpg,3858bca6f4ab4cf5b62f,phash:e094b17b1ba56625,train,a72130b2ef7d3448b33600dd091f18cb66d79e0d588e6e6414eebad6bb58dfb2,22,25,2,55,False
Soil_Labeled_Data/M_20_30/L_50_60/alluvial/z5715070560598_c1ac15c9e5c66690d91ae6189f3a51e8.jpg,Soil_Labeled_Data/M_20_30/L_50_60/alluvial/z5715070560598_c1ac15c9e5c66690d91ae6189f3a51e8.jpg,75b3adc812435737d816,phash:9168fc552e835eec,train,bc821bf3e0eaf0a1559fbb72455c78e7ebaf86a92f5290509f4795dae822b342,24,24,2,60,False
Soil_Labeled_Data/M_20_30/L_50_60/alluvial/z5715070605355_59e5e54249a7f0fa0b417b41137c4465.jpg,Soil_Labeled_Data/M_20_30/L_50_60/alluvial/z5715070605355_59e5e54249a7f0fa0b417b41137c4465.jpg,5cadabbf125aca8cebab,phash:6f3c66eff73cbcb7,train,087c51c14f2c092904f71242ed69760c0e40f0d7211faac6cfee923252783282,20,20,2,58,False
Soil_Labeled_Data/M_20_30/L_50_60/alluvial/z5715070664077_81c971b8237f7a90b6befdf01cd8b639.jpg,Soil_Labeled_Data/M_20_30/L_50_60/alluvial/z5715070664077_81c971b8237f7a90b6befdf01cd8b639.jpg,f5e766b7f8963d0e70a3,phash:30126d224cde9b48,train,1eb2dfcb8a74f5f3752cadf5887185b36206c7866d6fe704c1640c2c3e282392,29,31,2,55,False
Soil_Labeled_Data/M_20_30/L_50_60/alluvial/z5715070707370_b9c1c3dc30be6c86925751e77e01b9eb.jpg,Soil_Labeled_Data/M_20_30/L_50_60/alluvial/z5715070707370_b9c1c3dc30be6c86925751e77e01b9eb.jpg,1896cc3e1c21185aa9db,phash:4e5debdedbe6c99a,test,8ab4f7e036eaf931eb210024e683474e586411a869ffb42ab0dd6136d5943f18,21,24,2,54,False
Soil_Labeled_Data/M_20_30/L_50_60/alluvial/z5715070749091_2b275bd5253715bb4ce915c420f5e747.jpg,Soil_Labeled_Data/M_20_30/L_50_60/alluvial/z5715070749091_2b275bd5253715bb4ce915c420f5e747.jpg,55c62256879c8037040d,phash:ed4674c7b1ff87a2,train,14950ae1fb8d041a773fbc3adf781618a8c43d71483feafc4b09f0865c913841,22,25,2,51,False
Soil_Labeled_Data/M_20_30/L_50_60/alluvial/z5715070787843_5f98ecac9245087b948312aa2c33d089.jpg,Soil_Labeled_Data/M_20_30/L_50_60/alluvial/z5715070787843_5f98ecac9245087b948312aa2c33d089.jpg,5ae830c7ce83c903971d,phash:1ccf0a9049669819,train,3cc0a45fa9c2f02f0a654fdedbc672b8959eda39f9e331dfdb5c070282fabd5d,29,32,2,52,False
Soil_Labeled_Data/M_20_30/L_50_60/alluvial/z5715070834036_947805dbc62b041b120a4d9935c46d21.jpg,Soil_Labeled_Data/M_20_30/L_50_60/alluvial/z5715070834036_947805dbc62b041b120a4d9935c46d21.jpg,7b9f0ace814869a52983,phash:7e6193cc02884cd9,train,0fa20933f2d30cc3fe2d24fd703ab29c61cd2eebfcda28db9c1085614cf266f7,24,26,2,53,False
Soil_Labeled_Data/M_20_30/L_50_60/alluvial/z5715070852325_9d179f2d687981f02801bceddfce2aca.jpg,Soil_Labeled_Data/M_20_30/L_50_60/alluvial/z5715070852325_9d179f2d687981f02801bceddfce2aca.jpg,f677001b1559e3a54a20,phash:4ac9acb575ce3597,train,89bbe1516f704fbe6263944ff39bd0ed58a35593f18e81f4016ccf618d2c3b45,23,23,2,54,False
Soil_Labeled_Data/M_20_30/L_50_60/alluvial/z5715070870986_21484d730f6563589468e1b96c201503.jpg,Soil_Labeled_Data/M_20_30/L_50_60/alluvial/z5715070870986_21484d730f6563589468e1b96c201503.jpg,025bda314edc5e7a735d,phash:2b85312fe721d8b3,train,38d47cdb3a9a1aa9f54c4e158b7879b6596b3819db86b180165eebb0e46cfdee,22,26,2,56,False
Soil_Labeled_Data/M_20_30/L_50_60/alluvial/z5715070887746_d13250bd447a5fde0a97108bff545c52.jpg,Soil_Labeled_Data/M_20_30/L_50_60/alluvial/z5715070887746_d13250bd447a5fde0a97108bff545c52.jpg,1515917bc2a7197a6d82,phash:1d92d6e4aec6ad04,train,5af05f9d3ec187b0b67fe53d595f8ddfe1784a262ebfd52fe8f39f524f63736c,20,23,2,52,False
Soil_Labeled_Data/M_20_30/L_50_60/alluvial/z5715070906147_952e20e3736f38de94355b5afcef1014.jpg,Soil_Labeled_Data/M_20_30/L_50_60/alluvial/z5715070906147_952e20e3736f38de94355b5afcef1014.jpg,002ad1dd09b33e1e8c0a,phash:eb70727b6bb6bd7e,train,6c49d51f65403f43b65dbd719e6d5d9dfae7c0f65aadda300a04b198a4839c4c,25,29,2,56,False
Soil_Labeled_Data/M_20_30/L_50_60/alluvial/z5715070924651_acdf0d2e5a464142ef539c01305a0b0b.jpg,Soil_Labeled_Data/M_20_30/L_50_60/alluvial/z5715070924651_acdf0d2e5a464142ef539c01305a0b0b.jpg,918bdab4ff2a14e71e68,phash:3e7108a0cd895ea4,train,33e93c55a72291f7a85d169249394c148554e3289c5fa5d5ee91919cf10e738b,25,29,2,59,False
Soil_Labeled_Data/M_20_30/L_50_60/alluvial/z5715070944513_6c628d42046b1e92bc7d799300ff81b0.jpg,Soil_Labeled_Data/M_20_30/L_50_60/alluvial/z5715070944513_6c628d42046b1e92bc7d799300ff81b0.jpg,f31fd50267a3d9474177,phash:e97821edbe581e18,validation,2e6b1cb9832b9e28f8d2f40c24ffe51746d7dc97f57f780453e1dfa8cfb94573,20,23,2,52,False
Soil_Labeled_Data/M_20_30/L_50_60/alluvial/z5715070961767_c6d84315f7a68864e0ee8b7343001d99.jpg,Soil_Labeled_Data/M_20_30/L_50_60/alluvial/z5715070961767_c6d84315f7a68864e0ee8b7343001d99.jpg,c3e4bb18b93d3d04ae34,phash:c7e525a01ef2a9c2,train,0436c614cd48b397672ee0545c24a00d5d414cc92cacf02879be77b30c71065e,28,32,2,56,False
Soil_Labeled_Data/M_20_30/L_50_60/alluvial/z5715070984654_0d6f401cb4e5188f917c6934d3b77e5b.jpg,Soil_Labeled_Data/M_20_30/L_50_60/alluvial/z5715070984654_0d6f401cb4e5188f917c6934d3b77e5b.jpg,359671bb3efa2c7c5c8c,phash:c9d606a0ed57e107,train,d1b1277a0a0054c6ac3417070f6e00a06ec586fa51fa85f9ecd8ef17738d114c,23,25,2,53,False
Soil_Labeled_Data/M_20_30/L_50_60/alluvial/z5715071010821_d6a11e19ddae088c3b987415f7bfbcb6.jpg,Soil_Labeled_Data/M_20_30/L_50_60/alluvial/z5715071010821_d6a11e19ddae088c3b987415f7bfbcb6.jpg,048770d094a9dcb6f34a,phash:9bf25c4b81c1145a,validation,96f2f90ec947d1144aacf482f19de0eb1a9162169735b3c22f0d6022b24cfd53,30,34,2,55,False
Soil_Labeled_Data/M_20_30/L_50_60/alluvial/z5715071026568_4a17690094104b2f0e07e27711264364.jpg,Soil_Labeled_Data/M_20_30/L_50_60/alluvial/z5715071026568_4a17690094104b2f0e07e27711264364.jpg,85952ae6828567892557,phash:f49acc3778c09b4d,train,6620f45d2f66e59c0397067ade1ebb23a85f26291ab73f2c9d3dd1d41349ce0c,27,30,2,50,False
Soil_Labeled_Data/M_20_30/L_60_70/alluvial/z5715083829092_c796baa2a13a45a626e1c31cb08f116a.jpg,Soil_Labeled_Data/M_20_30/L_60_70/alluvial/z5715083829092_c796baa2a13a45a626e1c31cb08f116a.jpg,8653b1566bc0ad0d2867,phash:b712b0d5fc97a691,train,0aaf381877979c2f78088b77bc96afd5f0dab14e5654e68eaa4f2db5ba909512,29,30,2,70,False
Soil_Labeled_Data/M_20_30/L_60_70/alluvial/z5715083885623_9f42a940c20ea1e55af3e06994578004.jpg,Soil_Labeled_Data/M_20_30/L_60_70/alluvial/z5715083885623_9f42a940c20ea1e55af3e06994578004.jpg,4b9395158f5e9d867080,phash:780eb3e36ab6145a,train,67898e04a8c0c0324fdcce7b07b17544e6db14563070c7f5cdae06d19fa03a16,29,29,2,70,False
Soil_Labeled_Data/M_20_30/L_60_70/alluvial/z5715083944464_a4caa92a042d5283254923501cb8358c.jpg,Soil_Labeled_Data/M_20_30/L_60_70/alluvial/z5715083944464_a4caa92a042d5283254923501cb8358c.jpg,96a982322ec6d5b45c24,phash:0addb7d1506343b6,train,c222c113cc89599bf7d087f016816d0e9ebefe20908792a5bf7804254e591e04,29,29,2,61,False
Soil_Labeled_Data/M_20_30/L_60_70/alluvial/z5715084002036_bdc35c47993d232e5b2b07c45fd7854f.jpg,Soil_Labeled_Data/M_20_30/L_60_70/alluvial/z5715084002036_bdc35c47993d232e5b2b07c45fd7854f.jpg,a96ae39a7269cde1881b,phash:0cc2768efceedf39,train,820e8719cfc466579986fa5edfc332b0d265a952a1c40132ee20c7b7030d67ad,21,20,2,64,False
Soil_Labeled_Data/M_20_30/L_60_70/alluvial/z5715084050631_480b9ae3c93e9adc09ca30cd0761e10e.jpg,Soil_Labeled_Data/M_20_30/L_60_70/alluvial/z5715084050631_480b9ae3c93e9adc09ca30cd0761e10e.jpg,32fd8e444758f62311a7,phash:c8c63c305b66e060,train,186dcfeabe790def688e08b85859fc46d58280268818b9160d4eb8b268093b52,27,29,2,61,False
Soil_Labeled_Data/M_20_30/L_60_70/alluvial/z5715084112046_c4388528720a09f94233e3004fa76f74.jpg,Soil_Labeled_Data/M_20_30/L_60_70/alluvial/z5715084112046_c4388528720a09f94233e3004fa76f74.jpg,d5c8baa47db9bdbfa52b,phash:8b71a8bf945bfd44,train,dd1bd043f3838840584374de42d8c9d115d6385e7faab5c15861b8fc063c54b6,20,19,2,67,False
Soil_Labeled_Data/M_20_30/L_60_70/alluvial/z5715084165270_22662a8e6cfa3719910b048011f20dc3.jpg,Soil_Labeled_Data/M_20_30/L_60_70/alluvial/z5715084165270_22662a8e6cfa3719910b048011f20dc3.jpg,2fac4db57a87751a7192,phash:cd45673673b5cc09,train,a0e8c723805eef872659d72e0ccecc3d880ed7a88d2475174386c908afebdca3,25,24,2,65,False
Soil_Labeled_Data/M_20_30/L_60_70/alluvial/z5715084217100_56ffdcb9a7e21ae938a857822326c4e1.jpg,Soil_Labeled_Data/M_20_30/L_60_70/alluvial/z5715084217100_56ffdcb9a7e21ae938a857822326c4e1.jpg,0ac197ed5859384405cf,phash:0b0189f76cd4b322,train,42e164002ed51123257a87667824db345ecfde3d6ac715ea55051a421481360d,20,19,2,61,False
Soil_Labeled_Data/M_20_30/L_60_70/alluvial/z5715084235063_019bf1d09588c2fd5226859f4331698b.jpg,Soil_Labeled_Data/M_20_30/L_60_70/alluvial/z5715084235063_019bf1d09588c2fd5226859f4331698b.jpg,141c64876c8956a90740,phash:2239954b40c98c02,train,ecb8c6c181da4ca5a895f55437024872b2d8c86c7eda2c55169616ad62b05970,20,21,2,68,False
Soil_Labeled_Data/M_20_30/L_60_70/alluvial/z5715084253682_a7180e5d742423494ae1704e62bd418f.jpg,Soil_Labeled_Data/M_20_30/L_60_70/alluvial/z5715084253682_a7180e5d742423494ae1704e62bd418f.jpg,5acfcf0c2cff8999f289,phash:d38c5f32b271bbc7,test,e1e175888dd494d09d9f8388956f616223bfd2d09c3a33b313595dfe6bde843c,23,25,2,61,False
Soil_Labeled_Data/M_20_30/L_60_70/alluvial/z5715084306747_adff9a454f2d560f7c94ff4d4f1ba239.jpg,Soil_Labeled_Data/M_20_30/L_60_70/alluvial/z5715084306747_adff9a454f2d560f7c94ff4d4f1ba239.jpg,298ed4403e0f6fbb987a,phash:809b2d358b7be717,test,81593848bf4bfe6d4464335828282911f2e300005af6794572165c5b8115e96b,20,20,2,62,False
Soil_Labeled_Data/M_20_30/L_60_70/alluvial/z5715084355096_c7964126a2b1f16f09a53be76d55e947.jpg,Soil_Labeled_Data/M_20_30/L_60_70/alluvial/z5715084355096_c7964126a2b1f16f09a53be76d55e947.jpg,a0903b6c5198196cfef8,phash:b9c4e59d99e5235b,train,c1a526eaa74b9ae17393a96fec9cd5a51bfebd65bf5dc0c4da6413cd4ce46f79,30,30,2,64,False
Soil_Labeled_Data/M_20_30/L_60_70/alluvial/z5715084373143_bf51a90ff4c9af94ac682d0e749d3c52.jpg,Soil_Labeled_Data/M_20_30/L_60_70/alluvial/z5715084373143_bf51a90ff4c9af94ac682d0e749d3c52.jpg,5647ff90f838d2e599d4,phash:1149053c678cabbd,train,a9541e7f37034c6a56c9230db8ef39eddfab84426dcbaaea4ae28da07c3f8812,23,26,2,68,False
Soil_Labeled_Data/M_20_30/L_60_70/alluvial/z5715084394382_378bf214cc128ad07a22836f046d4fec.jpg,Soil_Labeled_Data/M_20_30/L_60_70/alluvial/z5715084394382_378bf214cc128ad07a22836f046d4fec.jpg,64ec4b06fe065d821779,phash:c66a3e06649e45b0,train,57456835330f0656d6c7aa45b8af370eb037224d96c8cae244f0f15a367b6271,28,28,2,60,False
Soil_Labeled_Data/M_20_30/L_60_70/alluvial/z5715084415256_c016f29f8a2b857513855a25b24de184.jpg,Soil_Labeled_Data/M_20_30/L_60_70/alluvial/z5715084415256_c016f29f8a2b857513855a25b24de184.jpg,3fb3ef8d3bfa2f49dd04,phash:d20d5edb74fa0581,train,c9e74cb5b98b6d6a8973693f6e522b0dd70102643c429c5f5c6be2f611db2ab8,24,27,2,62,False
Soil_Labeled_Data/M_20_30/L_60_70/alluvial/z5715084415256_c016f29f8a2b857513855a25b24de184_aug_00_light_brown.jpg,Soil_Labeled_Data/M_20_30/L_60_70/alluvial/z5715084415256_c016f29f8a2b857513855a25b24de184_aug_00_light_brown.jpg,4049ec758081e1d71aa0,phash:d20d5edb74fa0581,train,d181d14afa71c919d3a767cd9a4d087b18f8debc2e6fe061f816938c04049b89,24,23,2,67,False
Soil_Labeled_Data/M_20_30/L_60_70/alluvial/z5715084434342_b865d6e3c37268959852bcc33862045e.jpg,Soil_Labeled_Data/M_20_30/L_60_70/alluvial/z5715084434342_b865d6e3c37268959852bcc33862045e.jpg,1f70b725ac837d835d42,phash:b584de0526926fa8,test,e8fd3ed4a9e2bff3d3493b2c0c6ae530de683e7858e55001c21f86177f2440d9,22,25,2,63,False
Soil_Labeled_Data/M_20_30/L_60_70/alluvial/z5715084451345_2e9b065fd62392917b331a68b82abded.jpg,Soil_Labeled_Data/M_20_30/L_60_70/alluvial/z5715084451345_2e9b065fd62392917b331a68b82abded.jpg,597619771c679fe21a57,phash:0415e4080b15a32f,validation,519e8522571ea89a394859cbf6f1d8490b7659356dea9203afaa7e51f4bed52c,26,26,2,65,False
Soil_Labeled_Data/M_20_30/L_60_70/alluvial/z5715084472999_950e840441fad54aab4b33a9d6b52f88.jpg,Soil_Labeled_Data/M_20_30/L_60_70/alluvial/z5715084472999_950e840441fad54aab4b33a9d6b52f88.jpg,cc888cacf8c4936a6694,phash:091a3095f24dfa91,train,2be9f35093d0d5834c2a4c31aaa9be22f64d66b28345c087230539dc53ac23ff,25,24,2,68,False
Soil_Labeled_Data/M_20_30/L_60_70/alluvial/z5715084491690_fee182e72573f2d43a9eccb1df380def.jpg,Soil_Labeled_Data/M_20_30/L_60_70/alluvial/z5715084491690_fee182e72573f2d43a9eccb1df380def.jpg,6216a3012e4430185472,phash:e6c6f6b3f01c55f9,train,ade7f734910e3e8662cea454ccea0654dda78e9e062dd844549d0563f654c684,24,24,2,60,False
Soil_Labeled_Data/M_20_30/L_70_80/alluvial/z5715141573526_1cfd3d637f1aaae4ef2237bf6ba6ce65.jpg,Soil_Labeled_Data/M_20_30/L_70_80/alluvial/z5715141573526_1cfd3d637f1aaae4ef2237bf6ba6ce65.jpg,0a4d2020a7b131f2b9d9,phash:a318106830de566a,train,38c3ca463e6d5220a24d238390d845b0eb92a858cc21914fc332cbea462e4147,28,28,2,78,False
Soil_Labeled_Data/M_20_30/L_70_80/alluvial/z5715141626411_00b983fd5f44402c4bda94b5b928bb00.jpg,Soil_Labeled_Data/M_20_30/L_70_80/alluvial/z5715141626411_00b983fd5f44402c4bda94b5b928bb00.jpg,e26e8dcb9041ac0877da,phash:58b6b94065785737,train,c4d1fe9f4f7164fb249f5dd4a234c840e61ea268ecf2ab3a7ec2f006647cb856,21,23,2,72,False
Soil_Labeled_Data/M_20_30/L_70_80/alluvial/z5715141676311_1d060c8ef71e58aadc2f6099b373b761.jpg,Soil_Labeled_Data/M_20_30/L_70_80/alluvial/z5715141676311_1d060c8ef71e58aadc2f6099b373b761.jpg,8b8cb90bce351575d9f3,phash:17a33323a8c95ba6,train,6b13a0d352e52f5a698756a9841c300cda91be22a26ccfa56cc1fa0fc0cdc515,25,25,2,80,False
Soil_Labeled_Data/M_20_30/L_70_80/alluvial/z5715141734634_e77f72db46f26975a8a55807dd7433b7.jpg,Soil_Labeled_Data/M_20_30/L_70_80/alluvial/z5715141734634_e77f72db46f26975a8a55807dd7433b7.jpg,da93203cd9aa7e9b4607,phash:e24ee0f14f9344e0,train,5eac76e5a5e31eceb7551b983dd1eab914199bbbf78cb6f485a21cf76d1fddb3,29,30,2,70,False
Soil_Labeled_Data/M_20_30/L_70_80/alluvial/z5715141785962_2f748e64404e843bf663c1fe33cb7935.jpg,Soil_Labeled_Data/M_20_30/L_70_80/alluvial/z5715141785962_2f748e64404e843bf663c1fe33cb7935.jpg,10579d4a7f4543da991f,phash:a67978f92617bd7d,train,f66d18de03ec6742f634bdabbcfa4b37c1f450cc87b09f9bdfbafe741fcd8e91,28,28,2,80,False
Soil_Labeled_Data/M_20_30/L_70_80/alluvial/z5715141839575_b7b45144485ab528e29f7f20c818087e.jpg,Soil_Labeled_Data/M_20_30/L_70_80/alluvial/z5715141839575_b7b45144485ab528e29f7f20c818087e.jpg,875b3a989232d39470d6,phash:a9a50068574c2f94,test,db3ed734adf8bdac5d2eec6ff7451baf501943149e34360a67900b0d19f6cf6f,26,26,2,78,False
Soil_Labeled_Data/M_20_30/L_70_80/alluvial/z5715141899556_927d7046b4cb6c9fdf4bc1576d9b3b99.jpg,Soil_Labeled_Data/M_20_30/L_70_80/alluvial/z5715141899556_927d7046b4cb6c9fdf4bc1576d9b3b99.jpg,2b55076634dd396c1f54,phash:f3d6802b35e39c89,train,34883b25117d563122e08ab17ef345e5d3f9cc11d8944b1d39c1ee5b9ed45aeb,21,22,2,71,False
Soil_Labeled_Data/M_20_30/L_70_80/alluvial/z5715141953753_840dad6db436d95e2d138a382b34f867.jpg,Soil_Labeled_Data/M_20_30/L_70_80/alluvial/z5715141953753_840dad6db436d95e2d138a382b34f867.jpg,a289eb9535a7fdff9040,phash:953bdac117d70df9,train,8b76c867064960866425832435b8bcee009a73be182707775b09933feab55201,28,28,2,79,False
Soil_Labeled_Data/M_20_30/L_70_80/alluvial/z5715142006130_46686c8c324bef016a5cf09b6c303d7d.jpg,Soil_Labeled_Data/M_20_30/L_70_80/alluvial/z5715142006130_46686c8c324bef016a5cf09b6c303d7d.jpg,f288f5e8365cc5cdb77f,phash:f2c7f7d00b739ab5,train,0ed3e5e30e1c030302bc036f0307be1e6ea0cc1162602eec0fb426b6d1e1b5e6,28,27,2,73,False
Soil_Labeled_Data/M_20_30/L_70_80/alluvial/z5715142059955_714428cc11c0a10913b3b74dd846590d.jpg,Soil_Labeled_Data/M_20_30/L_70_80/alluvial/z5715142059955_714428cc11c0a10913b3b74dd846590d.jpg,3726251beb41f4eb0c03,phash:6ecba496d1b9bc0f,train,6a129961b43b63c64b203906fad5ca0bc01a5d552fd599476750d2d225da027d,23,22,2,75,False
Soil_Labeled_Data/M_20_30/L_70_80/alluvial/z5715142077494_ab24c35df3ee1fd78c4a418b36519a9d.jpg,Soil_Labeled_Data/M_20_30/L_70_80/alluvial/z5715142077494_ab24c35df3ee1fd78c4a418b36519a9d.jpg,d8841e2e85afc38a31d8,phash:c765a32ba3b9b1e0,test,7778063da2ef08d3b3a8bfa203a4ad5f18402e7150ff0da7b1dc31f9f34c9c53,26,25,2,80,False
Soil_Labeled_Data/M_20_30/L_70_80/alluvial/z5715142094388_c5aff9d8c06cb2f2846d510846da43cc.jpg,Soil_Labeled_Data/M_20_30/L_70_80/alluvial/z5715142094388_c5aff9d8c06cb2f2846d510846da43cc.jpg,384cdbb40ae282af3a9b,phash:87a698f67236321c,train,16b9efb8d7b0519f05b4ffc613123090d206a8eaea2a47f57ef163d212ec96f2,27,27,2,76,False
Soil_Labeled_Data/M_20_30/L_70_80/alluvial/z5715142111427_710989d5ad90708c35b310578e9c654f.jpg,Soil_Labeled_Data/M_20_30/L_70_80/alluvial/z5715142111427_710989d5ad90708c35b310578e9c654f.jpg,9f7273644c072e4a696d,phash:989c11f801dd17a4,train,24e29037ec5b0bb5cc7e12653dba3e102d64d80e35c7fbe69fd5eff8187d245c,26,25,2,80,False
Soil_Labeled_Data/M_20_30/L_70_80/alluvial/z5715142129089_015c9550aeccc7dd88d56342f7ce6df6.jpg,Soil_Labeled_Data/M_20_30/L_70_80/alluvial/z5715142129089_015c9550aeccc7dd88d56342f7ce6df6.jpg,ba22cc8916135b56d29d,phash:637fec9ec7b348d9,validation,31dfebc59aefd32045fe1cc6adbe0310d852d35a5d577072cb9abd0142380f76,30,32,2,79,False
Soil_Labeled_Data/M_20_30/L_70_80/alluvial/z5715142153919_def0b39ba7565c8f6d5509d4cdd83188.jpg,Soil_Labeled_Data/M_20_30/L_70_80/alluvial/z5715142153919_def0b39ba7565c8f6d5509d4cdd83188.jpg,47d7323ef2d8273272d9,phash:63b094d6637bb8cd,train,b528f3e725ad7f56101d6fcc01a39f7e3b94181f4896db0d584639dc2a10240f,20,20,2,70,False
Soil_Labeled_Data/M_20_30/L_70_80/alluvial/z5715142175514_74ff4f760e4aa9e5573656dd7197889c.jpg,Soil_Labeled_Data/M_20_30/L_70_80/alluvial/z5715142175514_74ff4f760e4aa9e5573656dd7197889c.jpg,61d12a04a348c355d9c2,phash:d934b74eb780379a,train,534e30c442b66d2290b9009324d221ac31b46acdb2d153148c82c4957f810be7,29,32,2,77,False
Soil_Labeled_Data/M_20_30/L_70_80/alluvial/z5715142193394_b30a0cc8a4160e93e5340cc2d37f7490.jpg,Soil_Labeled_Data/M_20_30/L_70_80/alluvial/z5715142193394_b30a0cc8a4160e93e5340cc2d37f7490.jpg,42a0b4d8fcfee37be4d2,phash:bc8421654ab19e1d,validation,b77c5c9aa4c9cb6f5b727fe315ebd4d03a1910d5bbbb7341829a628d77113cb4,25,26,2,72,False
Soil_Labeled_Data/M_20_30/L_70_80/alluvial/z5715142212681_2e4b5f2d5015cf5252daf3e7bdf1c455.jpg,Soil_Labeled_Data/M_20_30/L_70_80/alluvial/z5715142212681_2e4b5f2d5015cf5252daf3e7bdf1c455.jpg,a4b65f840abc2ee36a52,phash:52ce477933a19c4a,train,1753566a6a72d36868f924916c1ecba789f491b5fbc9db3abc09ce38f67a2b33,20,23,2,76,False
Soil_Labeled_Data/M_20_30/L_70_80/alluvial/z5715142229857_c6b81d36db95f193a6b59ac535fea2cc.jpg,Soil_Labeled_Data/M_20_30/L_70_80/alluvial/z5715142229857_c6b81d36db95f193a6b59ac535fea2cc.jpg,961d0448acd2b581019e,phash:941a871f81e9813c,validation,b910b800435e588c5c942f78116ff1209bf50909f585623746602b27230288a9,30,31,2,78,False
Soil_Labeled_Data/M_20_30/L_70_80/alluvial/z5715142251106_f70a13549cdc2cbc53d4da6e12f77581.jpg,Soil_Labeled_Data/M_20_30/L_70_80/alluvial/z5715142251106_f70a13549cdc2cbc53d4da6e12f77581.jpg,b8362c01aa38f56b0b97,phash:c007721889ea07ad,train,56e5ae7d0ed513736bd0ce7a97fa1bdeb8a90f88184db4ef0b3f4e0875471656,26,27,2,79,False
Soil_Labeled_Data/M_20_30/L_80_90/alluvial/z5715154628095_a9bcdf25f0a8437ee807f507e19a6a42.jpg,Soil_Labeled_Data/M_20_30/L_80_90/alluvial/z5715154628095_a9bcdf25f0a8437ee807f507e19a6a42.jpg,8e0f84f85cef52724dd1,phash:44d2ee30772fe50f,train,2267847d6f58995f1af6c2b9c4888db175693a35297475edccd372aba81b622c,20,20,2,82,False
Soil_Labeled_Data/M_20_30/L_80_90/alluvial/z5715154694429_cc7bca9e043d901ec8ba8b95351d2c13.jpg,Soil_Labeled_Data/M_20_30/L_80_90/alluvial/z5715154694429_cc7bca9e043d901ec8ba8b95351d2c13.jpg,18bcce2ded4c80ef5895,phash:ec66ec098f3aad70,train,1f446275cf5dee3d95789a720d1a99ba854caeba7ba216e61d356eb412bd6579,29,29,2,83,False
Soil_Labeled_Data/M_20_30/L_80_90/alluvial/z5715154759648_2bea1e2bde70e53d05e49b920cdc3c54.jpg,Soil_Labeled_Data/M_20_30/L_80_90/alluvial/z5715154759648_2bea1e2bde70e53d05e49b920cdc3c54.jpg,a7d297a6c91b2fc5d428,phash:6f6d7a6aa6361a55,train,153051d0b5b83e9b75a176ded0f0ef802c41a8c510291559ced3613bf748eb4d,26,28,2,88,False
Soil_Labeled_Data/M_20_30/L_80_90/alluvial/z5715154829389_d459a5c888e882c8a67cf4684a25e366.jpg,Soil_Labeled_Data/M_20_30/L_80_90/alluvial/z5715154829389_d459a5c888e882c8a67cf4684a25e366.jpg,67a6bf27d4b5adb87a19,phash:c79701b32e377002,validation,4ef996115bd2c85149d5ca2014de051d702f4b9bab103ad0ab82b16a7e0c10a0,26,27,2,88,False
Soil_Labeled_Data/M_20_30/L_80_90/alluvial/z5715154893836_ac8d026c4246b4448b9d8d815802f0ef.jpg,Soil_Labeled_Data/M_20_30/L_80_90/alluvial/z5715154893836_ac8d026c4246b4448b9d8d815802f0ef.jpg,dbf93005e51497a95d3c,phash:38b889c7d0933bb4,train,e69a8329e0d6c6490ae90a4e0b5a85e9b0a5978a608a7b9e13c2762549d86fc3,30,28,2,82,False
Soil_Labeled_Data/M_20_30/L_80_90/alluvial/z5715154950906_359038df0a9fa17e3f3dcfc35df0334a.jpg,Soil_Labeled_Data/M_20_30/L_80_90/alluvial/z5715154950906_359038df0a9fa17e3f3dcfc35df0334a.jpg,95ebbd84ec90b95fb0fa,phash:ae824ccb89498af0,train,8559cddb96a962349d943ce2b2c44af4452df29a2812ef802fbd345dfc3a234a,20,23,2,80,False
Soil_Labeled_Data/M_20_30/L_80_90/alluvial/z5715155018239_a2088e814f7d53017e0930a1d61a4b09.jpg,Soil_Labeled_Data/M_20_30/L_80_90/alluvial/z5715155018239_a2088e814f7d53017e0930a1d61a4b09.jpg,9ba15ab1ce56299bb387,phash:44e4f223645f14fb,train,f530178b25c28d1dd7f64b5a7fef894373219e41d358f1d192aea1965f3f2348,24,26,2,89,False
Soil_Labeled_Data/M_20_30/L_80_90/alluvial/z5715155078226_86be463ba2c0168419ae111aae84315a.jpg,Soil_Labeled_Data/M_20_30/L_80_90/alluvial/z5715155078226_86be463ba2c0168419ae111aae84315a.jpg,fe59572f0cdf7db15268,phash:edf389bb7887ed54,train,12111b848ff92ca4f22f1ffe98a2f0f540cd58149f88edb61fa84c1e9f9ecea1,22,22,2,84,False
Soil_Labeled_Data/M_20_30/L_80_90/alluvial/z5715155130818_0d32066d91f04a6dbe2f01789fbc1971.jpg,Soil_Labeled_Data/M_20_30/L_80_90/alluvial/z5715155130818_0d32066d91f04a6dbe2f01789fbc1971.jpg,9e57e4eb5836ea9e385f,phash:e6646063aa89401a,train,10238e16d8c7d2359ec4fc104aaf0e0334e4a25a8985ed7a94efd5f18445da45,25,23,2,81,False
Soil_Labeled_Data/M_20_30/L_80_90/alluvial/z5715155149222_ec75df294037e6cdfdcd2d19d4207418.jpg,Soil_Labeled_Data/M_20_30/L_80_90/alluvial/z5715155149222_ec75df294037e6cdfdcd2d19d4207418.jpg,97f4dbbf7b22c9e06c44,phash:ebeafdc6c4e599f5,train,1fddef11a5cff5b176feb06dba004a13acbe227a82ce4c06ef259041fd6b1180,21,22,2,87,False
Soil_Labeled_Data/M_20_30/L_80_90/alluvial/z5715155216534_5ed9f8578971347e1efa72a37a027b61.jpg,Soil_Labeled_Data/M_20_30/L_80_90/alluvial/z5715155216534_5ed9f8578971347e1efa72a37a027b61.jpg,93ca057b944d8633f5f6,phash:55791ccc79575b57,validation,4a8b8c3944224feaab5a8b5e178dab41c932d684a45eea8138a87203fc166a4c,29,29,2,82,False
Soil_Labeled_Data/M_20_30/L_80_90/alluvial/z5715155239735_cfe5f7ea45fd6cab12159e518531398a.jpg,Soil_Labeled_Data/M_20_30/L_80_90/alluvial/z5715155239735_cfe5f7ea45fd6cab12159e518531398a.jpg,4967ced365dc7ac9acb2,phash:02c8becba9007460,train,65cf094faeb70e9b7f7657115ff9d7baf5728fe941f9b4ba4b8d6f93ed2089c4,20,18,2,89,False
Soil_Labeled_Data/M_20_30/L_80_90/alluvial/z5715155256691_1ffc49a4a060498ad81e81a4563cb24c.jpg,Soil_Labeled_Data/M_20_30/L_80_90/alluvial/z5715155256691_1ffc49a4a060498ad81e81a4563cb24c.jpg,74faae1eb79b8a2628e4,phash:3ad8fee1d4651010,test,016d6dc5e856d058c0abce179cd492af21d1af09ac9886cfdb76a17f1a69a23b,21,22,2,89,False
Soil_Labeled_Data/M_20_30/L_80_90/alluvial/z5715155276089_47f01a6986cc6bb9df758646446b66a0.jpg,Soil_Labeled_Data/M_20_30/L_80_90/alluvial/z5715155276089_47f01a6986cc6bb9df758646446b66a0.jpg,90c23b93d851e4a4da72,phash:0546bb7be22f9400,train,b45cc0d6dbbe3baf53dea09625961134c9c699fbd0e36a34ebbb453031c83e44,20,19,2,86,False
Soil_Labeled_Data/M_20_30/L_80_90/alluvial/z5715155307410_ef1fec805684af84f2f37deeee4fb2ed.jpg,Soil_Labeled_Data/M_20_30/L_80_90/alluvial/z5715155307410_ef1fec805684af84f2f37deeee4fb2ed.jpg,51f2726b5a71a58975a0,phash:56c3209e1a8b23fc,train,d457b924ae63369629193961ad76324848e7e919e7b7f365f5453408bd7e925c,21,19,2,87,False
Soil_Labeled_Data/M_20_30/L_80_90/alluvial/z5715155307410_ef1fec805684af84f2f37deeee4fb2ed_aug_00_clay_red.jpg,Soil_Labeled_Data/M_20_30/L_80_90/alluvial/z5715155307410_ef1fec805684af84f2f37deeee4fb2ed_aug_00_clay_red.jpg,22ee551666ec74e1838a,phash:56c3209e1a8b23fc,train,4060831bf219de24966279758d660122feb9db3fe347f7957b534d45939f0303,22,20,2,89,False
Soil_Labeled_Data/M_20_30/L_80_90/alluvial/z5715155325373_647e9f4cfa6c3b3378197c3614a255ef.jpg,Soil_Labeled_Data/M_20_30/L_80_90/alluvial/z5715155325373_647e9f4cfa6c3b3378197c3614a255ef.jpg,ceaf988a24e9319c722c,phash:4c4da9c6aefa9804,test,4e5e58cf46e0f8c85461fd588969daeadab44c732479606daa067763d142a0c9,25,24,2,86,False
Soil_Labeled_Data/M_20_30/L_80_90/alluvial/z5715155340868_73cf864fb83738ffcafc325491db7adc.jpg,Soil_Labeled_Data/M_20_30/L_80_90/alluvial/z5715155340868_73cf864fb83738ffcafc325491db7adc.jpg,c9bba634e43b21b1ee26,phash:0ac51583978f5015,train,823f83c1dff8f79f07fae99e7d5e316cb6eb57112745aeba523ea1f1540c765f,25,23,2,89,False
Soil_Labeled_Data/M_20_30/L_80_90/alluvial/z5715155359176_80249e0afc3ce2cfb3da56418c94bb29.jpg,Soil_Labeled_Data/M_20_30/L_80_90/alluvial/z5715155359176_80249e0afc3ce2cfb3da56418c94bb29.jpg,bfc482197fce5f559304,phash:bfde4398d2d48a44,test,3cf4aa53524b1de6f3b387ee6a25fa64a0314b5e5d6ab4e7b46f43b2171e12e2,25,25,2,83,False
Soil_Labeled_Data/M_20_30/L_80_90/alluvial/z5715155376957_341732d07e349f2bacec318c53cd64ce.jpg,Soil_Labeled_Data/M_20_30/L_80_90/alluvial/z5715155376957_341732d07e349f2bacec318c53cd64ce.jpg,dcd44004ae2001386831,phash:56c3209e1a8b23fc,train,c46ccdb9a6d5bc7b059c650e73afe0ade880a5d6ccfcf67c450f4a300827e892,26,28,2,84,False
Soil_Labeled_Data/M_20_30/L_90_100/alluvial/z5715167026571_19bcde73f295214eb7cdca1c09787b9f.jpg,Soil_Labeled_Data/M_20_30/L_90_100/alluvial/z5715167026571_19bcde73f295214eb7cdca1c09787b9f.jpg,f46c3dd138fd5a6434ca,phash:30559bcd51b817b9,train,5f7ebd71fe27b097f8a7109040fa9a50b263028f457de1684c40e8d5b5a65471,27,28,2,95,False
Soil_Labeled_Data/M_20_30/L_90_100/alluvial/z5715167099253_f3688f351d242ed3f65ffa7333d90c3d.jpg,Soil_Labeled_Data/M_20_30/L_90_100/alluvial/z5715167099253_f3688f351d242ed3f65ffa7333d90c3d.jpg,e4aaaa31f98e464a328b,phash:199e73055f28e68e,train,cf64325e047709f77bbce59a1fef39b5fdf9e23631706fac4605c5a40ebcb7b2,21,23,2,98,False
Soil_Labeled_Data/M_20_30/L_90_100/alluvial/z5715167160855_cc3d803a96692411eb7cbd66dd33d343.jpg,Soil_Labeled_Data/M_20_30/L_90_100/alluvial/z5715167160855_cc3d803a96692411eb7cbd66dd33d343.jpg,8a77d2505963b366233e,phash:c8d5fe0a3f19d52a,validation,782f905e5fa4b3124b010a1b09d82cdb2545064ca29730953556e8412e9a8713,30,29,2,95,False
Soil_Labeled_Data/M_20_30/L_90_100/alluvial/z5715167229674_fbe6ed9be336993e4d81801d9e1799f0.jpg,Soil_Labeled_Data/M_20_30/L_90_100/alluvial/z5715167229674_fbe6ed9be336993e4d81801d9e1799f0.jpg,9c13ef23e95ef0c9737d,phash:59156467f044826f,train,022e146986e542b419b15e89a97ca3dfebd73add9275c28cff44cdc4d793ec8f,21,19,2,93,False
Soil_Labeled_Data/M_20_30/L_90_100/alluvial/z5715167299184_616dc5be768e241649cdf82f36dfc56b.jpg,Soil_Labeled_Data/M_20_30/L_90_100/alluvial/z5715167299184_616dc5be768e241649cdf82f36dfc56b.jpg,e86479c5b19a1db98613,phash:ea42aeaf792b54dd,test,020e9b34a3b42bc72e84105b5a3f1543f7bc8feb94b4b0c3fb7fde9055246ca3,20,21,2,94,False
Soil_Labeled_Data/M_20_30/L_90_100/alluvial/z5715167366438_ed1e0728e6ae5f3c68027def7da347b4.jpg,Soil_Labeled_Data/M_20_30/L_90_100/alluvial/z5715167366438_ed1e0728e6ae5f3c68027def7da347b4.jpg,32dbedb83874ced4573c,phash:813e40b0b9d01280,validation,817ce617a4533b8b90335a9e534b9beb611169346c6b1c801d279296da17a32c,26,27,2,93,False
Soil_Labeled_Data/M_20_30/L_90_100/alluvial/z5715167438957_57729a9beb2e994e262d89d8560da971.jpg,Soil_Labeled_Data/M_20_30/L_90_100/alluvial/z5715167438957_57729a9beb2e994e262d89d8560da971.jpg,27d58fcaeb702ed6d416,phash:2e1afb8a075a4388,train,6f8f458f9e6101a02da8ae4a466258a796d0e8ccafc15b574425650006b1507c,21,20,2,90,False
Soil_Labeled_Data/M_20_30/L_90_100/alluvial/z5715167503417_05ff7265735eb75e8358c50617543a22.jpg,Soil_Labeled_Data/M_20_30/L_90_100/alluvial/z5715167503417_05ff7265735eb75e8358c50617543a22.jpg,cc769fc7e074ef4aa025,phash:5948ef062d2961fa,train,7472573092b698b71c16076919152aa6cc71a62b5cbfc385c7c4888e77afaef8,24,26,2,98,False
Soil_Labeled_Data/M_20_30/L_90_100/alluvial/z5715167560219_31074c087b2e4f46f5119fdb560ee7fc.jpg,Soil_Labeled_Data/M_20_30/L_90_100/alluvial/z5715167560219_31074c087b2e4f46f5119fdb560ee7fc.jpg,ebc0bf15e76049175bbf,phash:f8dc002b4ae1019b,train,cb086bf08a1355cde451a4a49800029ef49fceb2fe9cabbc919f032dafb2c496,25,27,2,97,False
Soil_Labeled_Data/M_20_30/L_90_100/alluvial/z5715167620156_878234ad9efad1ef27606d024511fa73.jpg,Soil_Labeled_Data/M_20_30/L_90_100/alluvial/z5715167620156_878234ad9efad1ef27606d024511fa73.jpg,6fd8114732b4cc2b3ff0,phash:e5364bbb7b543b07,train,30ea0aa0712ec27dc9ae4dd8382e03b60962f1439392ca062beee6a7a330caaa,21,20,2,96,False
Soil_Labeled_Data/M_20_30/L_90_100/alluvial/z5715167638313_c2f37b957f15e35e5b3fef1b9748a0a0.jpg,Soil_Labeled_Data/M_20_30/L_90_100/alluvial/z5715167638313_c2f37b957f15e35e5b3fef1b9748a0a0.jpg,9faf6902c26dfbe8728a,phash:6997bc4d69c0671c,train,5c102496ec590d19798dde085c04662e326e55e77c5576542a6d7975bf0a4967,21,19,2,90,False
Soil_Labeled_Data/M_20_30/L_90_100/alluvial/z5715167654563_5505036895ea5ee5077e55baa874313d.jpg,Soil_Labeled_Data/M_20_30/L_90_100/alluvial/z5715167654563_5505036895ea5ee5077e55baa874313d.jpg,e0fe6eaefa7f08b2025a,phash:684c0473bd6b6a21,validation,694dec60add25fcd5d346725af87609dc24649066043c387029e1d773587ebfb,30,28,2,91,False
Soil_Labeled_Data/M_20_30/L_90_100/alluvial/z5715167672427_5ce3a50a901a012d6eb93435ad6b9a0f.jpg,Soil_Labeled_Data/M_20_30/L_90_100/alluvial/z5715167672427_5ce3a50a901a012d6eb93435ad6b9a0f.jpg,1e35fe3be851f31acf15,phash:ec47564f706ec0e4,validation,5823526bdc3aeb62a6ac12a0fa56f037df78661558683d68616ed24d46ea6f49,29,28,2,94,False
Soil_Labeled_Data/M_20_30/L_90_100/alluvial/z5715167688995_ea3ecd6c1e675e617ab2556f5830298e.jpg,Soil_Labeled_Data/M_20_30/L_90_100/alluvial/z5715167688995_ea3ecd6c1e675e617ab2556f5830298e.jpg,68166418e4d4e3c7e85a,phash:f001c674f06862a6,train,c1fe1bffdadc924b13acfd1e8a787082b4b381346f00663a67eaa8aeb71cccf3,25,27,2,95,False
Soil_Labeled_Data/M_20_30/L_90_100/alluvial/z5715167705713_54c8df3a4132178489420928824d5429.jpg,Soil_Labeled_Data/M_20_30/L_90_100/alluvial/z5715167705713_54c8df3a4132178489420928824d5429.jpg,c7e8e974f7cab0f2ae05,phash:6a803fe8dcc996ba,train,a6495551d3c3dc4c1a4ea661ec44445d4539d4e338495b5eba83602429b50ee3,28,27,2,100,False
Soil_Labeled_Data/M_20_30/L_90_100/alluvial/z5715167722508_954111bf76d7fdba051b4480fdfc2c16.jpg,Soil_Labeled_Data/M_20_30/L_90_100/alluvial/z5715167722508_954111bf76d7fdba051b4480fdfc2c16.jpg,835d24a71b450ba1f871,phash:dcac52ed0faff99f,train,5bf28fabfdd47c810c156891526d415f2424ffd0b5b2b4f6a566d209963b3ee3,21,20,2,94,False
Soil_Labeled_Data/M_20_30/L_90_100/alluvial/z5715167740256_8729670bbe028b4c4a5aff324088b5d0.jpg,Soil_Labeled_Data/M_20_30/L_90_100/alluvial/z5715167740256_8729670bbe028b4c4a5aff324088b5d0.jpg,a2b19caf3764c1e01e08,phash:acb862968397e951,train,0f1d0f74272cd4fd6f1b514d2228949341419033085c4eba7fdacace46aceb3e,26,27,2,93,False
Soil_Labeled_Data/M_20_30/L_90_100/alluvial/z5715167757214_e51db6b288caa7716697b924334ecdc6.jpg,Soil_Labeled_Data/M_20_30/L_90_100/alluvial/z5715167757214_e51db6b288caa7716697b924334ecdc6.jpg,e6199af32ed798a86c54,phash:c034e934b9d8fad4,train,3f05093041a4867d9c6da70694f46b689415935bf8a9c0d26f3f65db270a56c4,20,19,2,90,False
Soil_Labeled_Data/M_20_30/L_90_100/alluvial/z5715167773112_a46252e4aae1c09e894594691ac0f514.jpg,Soil_Labeled_Data/M_20_30/L_90_100/alluvial/z5715167773112_a46252e4aae1c09e894594691ac0f514.jpg,3f8a93afbe3f9ca30c29,phash:eb8ad66c17d1c737,train,a39b772199cef93d33a9aaeb923e75d0535531ae9dc26dde4b00442091d9ef04,26,26,2,97,False
Soil_Labeled_Data/M_20_30/L_90_100/alluvial/z5715167790674_3d14e5a37f60012fb4163a17ad58a7df.jpg,Soil_Labeled_Data/M_20_30/L_90_100/alluvial/z5715167790674_3d14e5a37f60012fb4163a17ad58a7df.jpg,e5e768c24aff659dd66a,phash:2b8d088c860c4e15,train,7ed7f9bd8943d3f24560021811f00046c01d2aa8cf7c4f0e322a94735c04b3a7,27,27,2,93,False
Soil_Labeled_Data/M_30_40/L_0_10/alluvial/z5716041534082_306e15f5e30046bae34f62036b4539ae.jpg,Soil_Labeled_Data/M_30_40/L_0_10/alluvial/z5716041534082_306e15f5e30046bae34f62036b4539ae.jpg,5259f610de4573d6176c,phash:7b6911b8851eee69,test,ee09fd7940fb6be06695a7418f3cf75f76fa9de2d9a7d4047fbcab82851a807f,32,38,3,10,False
Soil_Labeled_Data/M_30_40/L_0_10/alluvial/z5716041600867_155ef81185111d0c63d0fb1432ad825c.jpg,Soil_Labeled_Data/M_30_40/L_0_10/alluvial/z5716041600867_155ef81185111d0c63d0fb1432ad825c.jpg,f295509888148bb6bb8f,phash:dc8137c439be8799,validation,82ddca9cffe38be14e912cdd44a18c66a1fc7c6031de91c3e436025d1628c2c8,40,46,3,8,False
Soil_Labeled_Data/M_30_40/L_0_10/alluvial/z5716041641006_4402096ed77e6521a8e53bcaf1ff039a.jpg,Soil_Labeled_Data/M_30_40/L_0_10/alluvial/z5716041641006_4402096ed77e6521a8e53bcaf1ff039a.jpg,f0e0be97c57aed9a9bac,phash:56e038a735dad13d,train,27dd5d603d6bbbe9a9efbc05ebdeb092c26563326c4804d8c946bc0a252f9ecc,32,35,3,2,False
Soil_Labeled_Data/M_30_40/L_0_10/alluvial/z5716041760025_1dd3015fad2a52a8d4cd7de5588f2bc5.jpg,Soil_Labeled_Data/M_30_40/L_0_10/alluvial/z5716041760025_1dd3015fad2a52a8d4cd7de5588f2bc5.jpg,9a06d317c56e8f2ec778,phash:cd6429289281286e,train,8f0b73c10b48a88ee04585bc4623b2e98c61519bb7182ae72378bbe8e4ade776,35,38,3,9,False
Soil_Labeled_Data/M_30_40/L_0_10/alluvial/z5716041803963_45e386f270937e1ffed33e997140939d.jpg,Soil_Labeled_Data/M_30_40/L_0_10/alluvial/z5716041803963_45e386f270937e1ffed33e997140939d.jpg,dc872ca9f7c582377cc3,phash:d38040bd73fd46d4,train,f0a6a0c3b742081b119ea188bda2b8ab3ff95ef177dc8923f73c06922ce70316,31,35,3,0,False
Soil_Labeled_Data/M_30_40/L_0_10/alluvial/z5716041844114_ff29c3aa34e5e5744c16680220233e4e.jpg,Soil_Labeled_Data/M_30_40/L_0_10/alluvial/z5716041844114_ff29c3aa34e5e5744c16680220233e4e.jpg,6c1e195b6161864c3910,phash:76cc0fb83b3fc794,train,bf607cb5cde9630577c334ced85ec839efd7439c338217ee3f1983e835926bb6,33,38,3,1,False
Soil_Labeled_Data/M_30_40/L_0_10/alluvial/z5716041881708_78beac35b69090477b9041eb1ba236f3.jpg,Soil_Labeled_Data/M_30_40/L_0_10/alluvial/z5716041881708_78beac35b69090477b9041eb1ba236f3.jpg,4f26ebdb10ba52a2386c,phash:20f661df4ab86121,train,676724cc1b61bb2e4109a188f3eb65de87786103a5a2900a3a1841e99065c5b7,37,43,3,8,False
Soil_Labeled_Data/M_30_40/L_0_10/alluvial/z5716041921976_7e4a689b2efcc84b88cd5677cea9ff06.jpg,Soil_Labeled_Data/M_30_40/L_0_10/alluvial/z5716041921976_7e4a689b2efcc84b88cd5677cea9ff06.jpg,86a2d8483e6f009e12bb,phash:5cc711e2f57c4526,train,491da54d23c047b1595ed2634c24dcab4c7d5550e21f46ffc189378033eda545,37,39,3,3,False
Soil_Labeled_Data/M_30_40/L_0_10/alluvial/z5716041962889_1d362459ea63da03f90b3aa0f319097d.jpg,Soil_Labeled_Data/M_30_40/L_0_10/alluvial/z5716041962889_1d362459ea63da03f90b3aa0f319097d.jpg,371a3e7f713e4e28d457,phash:9aff7ff3e25b87d4,test,da110da6d9bb61583ce24553d2cff2a30282b02864ee0cebac031ec0efaac4db,38,40,3,2,False
Soil_Labeled_Data/M_30_40/L_0_10/alluvial/z5716042004626_672a27bdaa4badcf207b29a4dbf173b0.jpg,Soil_Labeled_Data/M_30_40/L_0_10/alluvial/z5716042004626_672a27bdaa4badcf207b29a4dbf173b0.jpg,987061d5cbd2754a82ab,phash:156bd532f6d70aa4,train,3d46b55b6fe66c7081bd5f602ccc9b30c513f14026ee2904baa47dbda1aae862,40,44,3,1,False
Soil_Labeled_Data/M_30_40/L_0_10/alluvial/z5716042049106_e42202833efd1fc8789876381aea1f57.jpg,Soil_Labeled_Data/M_30_40/L_0_10/alluvial/z5716042049106_e42202833efd1fc8789876381aea1f57.jpg,f5b2b370dc9ef6664e39,phash:b50703dc13cb18da,train,1ba7d1f9389070e5dda06bca4c57d0336e4782d2fadeb71370abf8f577f2e205,36,38,3,8,False
Soil_Labeled_Data/M_30_40/L_0_10/alluvial/z5716042093255_6eec8feb89829ca2230990c0d5fa8cf8.jpg,Soil_Labeled_Data/M_30_40/L_0_10/alluvial/z5716042093255_6eec8feb89829ca2230990c0d5fa8cf8.jpg,434c0beb31f928eef558,phash:9cbff6cb6ba5d9c6,train,19c19305bf1c864b739e7e24bb839912be57a3c12befe26ed92b3cb69bbb4110,34,36,3,9,False
Soil_Labeled_Data/M_30_40/L_0_10/alluvial/z5716042134688_b9c0dd073d73e642655a3f55330bce08.jpg,Soil_Labeled_Data/M_30_40/L_0_10/alluvial/z5716042134688_b9c0dd073d73e642655a3f55330bce08.jpg,5679a3dca255face0ad8,phash:3385bfbe7d6ac5f4,train,69c0f8fd93830ff2ad3a679f6a89f37913c09eda652d5593fad64d948c0fd915,40,44,3,10,False
Soil_Labeled_Data/M_30_40/L_0_10/alluvial/z5716042177476_b8a4f94bdbe3b1df3e770ab6f8ac2f76.jpg,Soil_Labeled_Data/M_30_40/L_0_10/alluvial/z5716042177476_b8a4f94bdbe3b1df3e770ab6f8ac2f76.jpg,94d4378563798231414c,phash:80b56ce9169feaba,train,82d3dfd2aacee9b4d110024f5f5df00a7f96cebc4310611c00a154941cbfa2d2,31,36,3,4,False
Soil_Labeled_Data/M_30_40/L_0_10/alluvial/z5716042220165_291f395222e47e7e129381b510d12073.jpg,Soil_Labeled_Data/M_30_40/L_0_10/alluvial/z5716042220165_291f395222e47e7e129381b510d12073.jpg,0846df9671f4b70a6dcf,phash:98088d68518fbda4,train,84827e70e2556dd546161e63534669d3e1f03bea30cd404a526dddcf000b0275,36,40,3,8,False
Soil_Labeled_Data/M_30_40/L_0_10/alluvial/z5716042259730_8a8ffcc73bc857c9753440c2609075bf.jpg,Soil_Labeled_Data/M_30_40/L_0_10/alluvial/z5716042259730_8a8ffcc73bc857c9753440c2609075bf.jpg,71c0038e78b3feb6fb65,phash:c72c3a7dd2bce43f,train,ea12865dc93163cf898783dd06ce401193bfb2b79674ee6c2fea48d56c527b6e,35,41,3,8,False
Soil_Labeled_Data/M_30_40/L_0_10/alluvial/z5716042289286_4f5ba54e9a7dd70e051e6c0bf403d0f8.jpg,Soil_Labeled_Data/M_30_40/L_0_10/alluvial/z5716042289286_4f5ba54e9a7dd70e051e6c0bf403d0f8.jpg,849516fc01ea9451b3c4,phash:038e7ee2adbaeb19,train,1867ee1365b519547339bc84756b65a25ddece44bcacc3c33a7886b5309a1364,39,44,3,5,False
Soil_Labeled_Data/M_30_40/L_0_10/alluvial/z5716042321152_979083553c4378666fb6af100231c565.jpg,Soil_Labeled_Data/M_30_40/L_0_10/alluvial/z5716042321152_979083553c4378666fb6af100231c565.jpg,70b2a357db8868db9ecd,phash:75fa2708a1fb7fcf,train,cef81d9763a0b1c6c49fd981516c271dcb61f6db026a8d5ec21393d2d57e3809,34,39,3,2,False
Soil_Labeled_Data/M_30_40/L_0_10/alluvial/z5716042362231_afc15cf0059cc0b0a10e2307f0224493.jpg,Soil_Labeled_Data/M_30_40/L_0_10/alluvial/z5716042362231_afc15cf0059cc0b0a10e2307f0224493.jpg,72feab81aa8c39014056,phash:a92bc9d096d2519a,train,1d3df68a384250010305b28f2b3fe6c9f28ac0bde83fde6ca09b54017779c2e9,36,42,3,3,False
Soil_Labeled_Data/M_30_40/L_0_10/alluvial/z5716042393202_8e123a1e78f84eda2b3a3bd5bfe377a3.jpg,Soil_Labeled_Data/M_30_40/L_0_10/alluvial/z5716042393202_8e123a1e78f84eda2b3a3bd5bfe377a3.jpg,a26b956c3e10c77965cb,phash:656225373357816c,test,2784bdf7949c7377b9c47d1277abb8595236e6907b7f8f2c38175c4de9e36bfa,31,35,3,5,False
Soil_Labeled_Data/M_30_40/L_10_20/alluvial/z5716081456111_c7b3a15fdcf4e0cc64674602ca5f7f16.jpg,Soil_Labeled_Data/M_30_40/L_10_20/alluvial/z5716081456111_c7b3a15fdcf4e0cc64674602ca5f7f16.jpg,1120a67ffac3a7d74642,phash:8db538a2208a4523,train,45cdb6f78afa19ccd1d2b942fd43d0135b2ec6b8c4f20d7f489af6078c04a16a,30,35,3,17,False
Soil_Labeled_Data/M_30_40/L_10_20/alluvial/z5716081479236_4f46eb9ba24b9a8e3689a059294eb719.jpg,Soil_Labeled_Data/M_30_40/L_10_20/alluvial/z5716081479236_4f46eb9ba24b9a8e3689a059294eb719.jpg,c970cc4f53861812a0b7,phash:818a7649e5867ba7,train,94dd85536ac795ab655a475ba4c633721c6cfdac06d72a0decd25612e7f27b7c,31,33,3,16,False
Soil_Labeled_Data/M_30_40/L_10_20/alluvial/z5716081506381_3d09fae82a727de4543e6209de51152c.jpg,Soil_Labeled_Data/M_30_40/L_10_20/alluvial/z5716081506381_3d09fae82a727de4543e6209de51152c.jpg,9bf2a2b99f122f63b913,phash:f9ff82bd56464b67,train,17d321c022e77faeddd1fab86f38cc283c526aba8ec107da4958fc7035cdcdc7,39,41,3,10,False
Soil_Labeled_Data/M_30_40/L_10_20/alluvial/z5716081541140_f8cf053ed3727193eae06a486810b5ef.jpg,Soil_Labeled_Data/M_30_40/L_10_20/alluvial/z5716081541140_f8cf053ed3727193eae06a486810b5ef.jpg,752b85e5e01678fd0625,phash:03d5495dc2f8b590,train,915c2c74bf324c3f3a9161a44bcadb9ab2fa176439dcb7682079f7c7b316ac71,35,38,3,20,False
Soil_Labeled_Data/M_30_40/L_10_20/alluvial/z5716081579514_5a67b978119dcf79cb53e218abca90ab.jpg,Soil_Labeled_Data/M_30_40/L_10_20/alluvial/z5716081579514_5a67b978119dcf79cb53e218abca90ab.jpg,034b911021e64c3a4650,phash:d40367d78cfba0b8,train,bb6816f5aef93e31770975f832f8f51d9d5778446f9f1a85f7023352d94a09bd,36,38,3,20,False
Soil_Labeled_Data/M_30_40/L_10_20/alluvial/z5716081604703_5b6db8c3f8abac206c03f4fcd5bac49c.jpg,Soil_Labeled_Data/M_30_40/L_10_20/alluvial/z5716081604703_5b6db8c3f8abac206c03f4fcd5bac49c.jpg,beaa7468f520ae9fd801,phash:be078d7689b1dbb1,validation,62f9da21adb06c4276d00a44ce15cf51ed1982077272664ee1e037b068d80a86,39,41,3,20,False
Soil_Labeled_Data/M_30_40/L_10_20/alluvial/z5716081630761_e1624a45d14f513987c03256f064b8bf.jpg,Soil_Labeled_Data/M_30_40/L_10_20/alluvial/z5716081630761_e1624a45d14f513987c03256f064b8bf.jpg,9ecc812f38b9a754e60b,phash:d900520187ed4db7,train,b24297fe42b64c8498b127fa6e2b020493b71576de394fcfef8eb57f682d697c,39,45,3,13,False
Soil_Labeled_Data/M_30_40/L_10_20/alluvial/z5716081662580_90fe70bd39227686c8ca01467428faf4.jpg,Soil_Labeled_Data/M_30_40/L_10_20/alluvial/z5716081662580_90fe70bd39227686c8ca01467428faf4.jpg,fe829d98e774a14c3dde,phash:72ba288fa0329d1a,train,d1fbd491430e30deac2342f9b19aee42b85853f680ec0dec701cfd8a7f818506,34,40,3,16,False
Soil_Labeled_Data/M_30_40/L_10_20/alluvial/z5716081686870_a22c92a1c73378a497174d3b9264fcd8.jpg,Soil_Labeled_Data/M_30_40/L_10_20/alluvial/z5716081686870_a22c92a1c73378a497174d3b9264fcd8.jpg,e06b67274b31e2a624dc,phash:5366782500485afa,train,fdc277789bdec5d362db1f83ee8060e05dd65abfdba4722cfb44e07b91ddf3d0,40,46,3,11,False
Soil_Labeled_Data/M_30_40/L_10_20/alluvial/z5716081698408_1104a201030364e4363947fc0b109f20.jpg,Soil_Labeled_Data/M_30_40/L_10_20/alluvial/z5716081698408_1104a201030364e4363947fc0b109f20.jpg,b196601268d1f1933a92,phash:aecb012072d941ca,train,6d98b77ce145d69cb11fca722b6337a0b28e865cce9b998ba7f351189861fbbd,33,36,3,17,False
Soil_Labeled_Data/M_30_40/L_10_20/alluvial/z5716081722638_c5469396c1e35eacca15c178956594c9.jpg,Soil_Labeled_Data/M_30_40/L_10_20/alluvial/z5716081722638_c5469396c1e35eacca15c178956594c9.jpg,cae89483d5d77afd2881,phash:5842a5560e2b0093,train,59312e751669536f957ea3c2e9d0a30e942dc2ee0a3e67f94452ded94dfe0cb6,33,37,3,20,False
Soil_Labeled_Data/M_30_40/L_10_20/alluvial/z5716081732799_46a8abd72cd445d5fc7f7576562133ff.jpg,Soil_Labeled_Data/M_30_40/L_10_20/alluvial/z5716081732799_46a8abd72cd445d5fc7f7576562133ff.jpg,15b888f52ab2557998fe,phash:496ac27b0538870d,train,68aa056ae4bc61cbdecd5a2d8b26506d810c6d6cc9db54bd5d11f53f2c8f4077,35,37,3,11,False
Soil_Labeled_Data/M_30_40/L_10_20/alluvial/z5716081741279_e6dcbcb3d2252e27194aab74ebc27762.jpg,Soil_Labeled_Data/M_30_40/L_10_20/alluvial/z5716081741279_e6dcbcb3d2252e27194aab74ebc27762.jpg,297c183d74ff943ce9bd,phash:46386f8bbcc5a68d,train,50805931c56a4deb9346aafef2f10a77b9ca9cf33c85dec826753aec65d71729,35,41,3,13,False
Soil_Labeled_Data/M_30_40/L_10_20/alluvial/z5716081751365_60bf17f0c06680786bdbeea1d0fba72b.jpg,Soil_Labeled_Data/M_30_40/L_10_20/alluvial/z5716081751365_60bf17f0c06680786bdbeea1d0fba72b.jpg,1fd3df242be7df5d88eb,phash:df4b47009daa3c1e,test,53252ab4375c300c554c4fc2dea05280fb3f03e54ee2faa5150fc3a4faddee61,35,38,3,17,False
Soil_Labeled_Data/M_30_40/L_10_20/alluvial/z5716081760405_5fa184571c5a3030c0454ac1c5be9397.jpg,Soil_Labeled_Data/M_30_40/L_10_20/alluvial/z5716081760405_5fa184571c5a3030c0454ac1c5be9397.jpg,03d7c2f4e939f9c84feb,phash:5900f860a297eec1,train,873feaa2470c18b17673b93dc7d2ef9b3ee30fe47e93279407a0e30b6eb18943,39,41,3,12,False
Soil_Labeled_Data/M_30_40/L_10_20/alluvial/z5716081772943_2fb347b31f759bb077e09ce9344a4b18.jpg,Soil_Labeled_Data/M_30_40/L_10_20/alluvial/z5716081772943_2fb347b31f759bb077e09ce9344a4b18.jpg,23696a0b2e3656e61c09,phash:0c938b0ff44bef59,train,67955b3e83c5911a5571708b65c91dd0c93e693c9d33b8eff2e7478e729340e2,30,36,3,17,False
Soil_Labeled_Data/M_30_40/L_10_20/alluvial/z5716081783135_13a61c0ddb9d30f00b44e630e47c1f42.jpg,Soil_Labeled_Data/M_30_40/L_10_20/alluvial/z5716081783135_13a61c0ddb9d30f00b44e630e47c1f42.jpg,53287358f31015ed0faf,phash:c4e72f3dd2e20ad0,train,3458e159aba30168af26ff7a5f6574b4a423f2aa761cf4dbfaf9be7bffa47ad8,33,35,3,15,False
Soil_Labeled_Data/M_30_40/L_10_20/alluvial/z5716081793488_8e267ac7db26534a784551ddef1bbd5f.jpg,Soil_Labeled_Data/M_30_40/L_10_20/alluvial/z5716081793488_8e267ac7db26534a784551ddef1bbd5f.jpg,9ea0fe959f53dbfd5059,phash:3afd6a863d177fda,train,fc5f08295c6f0c9b2d4dfb0280ffe706ffc9d0ee93d1b89fd1fdd862a4acd06e,35,38,3,14,False
Soil_Labeled_Data/M_30_40/L_10_20/alluvial/z5716081793488_8e267ac7db26534a784551ddef1bbd5f_aug_00_gray_brown.jpg,Soil_Labeled_Data/M_30_40/L_10_20/alluvial/z5716081793488_8e267ac7db26534a784551ddef1bbd5f_aug_00_gray_brown.jpg,448f97de62da52e559a1,phash:4b00760762e75c98,train,5666652fabcd1635b7448a4adcf224115b81e9f9c06b6b9daa76133762078770,36,42,3,14,False
Soil_Labeled_Data/M_30_40/L_10_20/alluvial/z5716081805208_48402b457cdf22dfa132f7652a7f995f.jpg,Soil_Labeled_Data/M_30_40/L_10_20/alluvial/z5716081805208_48402b457cdf22dfa132f7652a7f995f.jpg,49e2b2806c651aa095b7,phash:af66cc26ecef11d1,train,08e198be10f0acecea702cc2e6ac577e3de53b5788f45a05dc07232cdc875e04,36,39,3,16,False
Soil_Labeled_Data/M_30_40/L_20_30/alluvial/z5716143802989_a04eb3c221a7cff6d3c442ea723574d8.jpg,Soil_Labeled_Data/M_30_40/L_20_30/alluvial/z5716143802989_a04eb3c221a7cff6d3c442ea723574d8.jpg,b531e8f5e7039f82443f,phash:17c12d7c55bc4b3d,train,6560603fadf6e27078fec36b6954610a8d4040874aa7680a224fa7717008f0e1,35,40,3,28,False
Soil_Labeled_Data/M_30_40/L_20_30/alluvial/z5716143848502_4bd0eba511c987674067e6093eb213b9.jpg,Soil_Labeled_Data/M_30_40/L_20_30/alluvial/z5716143848502_4bd0eba511c987674067e6093eb213b9.jpg,ef838efb6e4071aba292,phash:9fb314b66ba5fac9,train,de1a5562a97bddbe7a04dee7a5b2c39c662a032433d6d4db79cfb5aa7ad8a226,30,31,3,21,False
Soil_Labeled_Data/M_30_40/L_20_30/alluvial/z5716143884036_b02bdfc16942b9a4a8029ffa42d721fa.jpg,Soil_Labeled_Data/M_30_40/L_20_30/alluvial/z5716143884036_b02bdfc16942b9a4a8029ffa42d721fa.jpg,253c762f01b83ace9526,phash:1323798deece8975,train,42e44e441c7ee74db90bce47b30dc5d311442a53fb76522bd7fa2aecf5f4c438,30,34,3,20,False
Soil_Labeled_Data/M_30_40/L_20_30/alluvial/z5716143930779_82598f78ba14dbaef200f73e32b8e318.jpg,Soil_Labeled_Data/M_30_40/L_20_30/alluvial/z5716143930779_82598f78ba14dbaef200f73e32b8e318.jpg,b1fa9e8dc9e08985e931,phash:8a3d68b1e659cb4f,train,2310b7ef926f2e5f93eb1c8d5aeaeefcdbfde30ba5170f4d9b12c3f4f74ddf91,35,38,3,29,False
Soil_Labeled_Data/M_30_40/L_20_30/alluvial/z5716143971881_3b7ae01df4bd18ac6697e43919b461a8.jpg,Soil_Labeled_Data/M_30_40/L_20_30/alluvial/z5716143971881_3b7ae01df4bd18ac6697e43919b461a8.jpg,829f52e714bb4cbe30fa,phash:3a1e8ff119bb677a,test,45ca1e9ab7e931b5493dec05d7b6045a6992645dc63893dd7ce69e465a2714ff,32,36,3,29,False
Soil_Labeled_Data/M_30_40/L_20_30/alluvial/z5716144007088_65d8f879404c93898e6edd0c266c6e0a.jpg,Soil_Labeled_Data/M_30_40/L_20_30/alluvial/z5716144007088_65d8f879404c93898e6edd0c266c6e0a.jpg,ee0d446a1636817659dd,phash:5f2e72ddc3d072fb,train,a1adc471e5d5cee65ed8652def294b800dc3fe2e0097881ed214fd6c154fb1b0,33,37,3,30,False
Soil_Labeled_Data/M_30_40/L_20_30/alluvial/z5716144047202_bfbf5a922e86461675c0376ab5dc29fc.jpg,Soil_Labeled_Data/M_30_40/L_20_30/alluvial/z5716144047202_bfbf5a922e86461675c0376ab5dc29fc.jpg,1a544b8c91072709fe09,phash:1d0a72a47c47c348,train,d28c314e779803ab9e5e15c72adf9192cd70d27237290105b837298474a797af,31,33,3,22,False
Soil_Labeled_Data/M_30_40/L_20_30/alluvial/z5716144083688_2c23641d859dd12e7ca459c954f4e5a3.jpg,Soil_Labeled_Data/M_30_40/L_20_30/alluvial/z5716144083688_2c23641d859dd12e7ca459c954f4e5a3.jpg,a33a6dd8d1e8ee727b1a,phash:91b121c2b098a87b,train,3a97090e1fad8ea1a12c11a4f43e1a2a0dadc784f30d79a2a13e23e2a776de2c,32,36,3,20,False
Soil_Labeled_Data/M_30_40/L_20_30/alluvial/z5716144132663_b70f7b9be95a4c936673e9107c9809f3.jpg,Soil_Labeled_Data/M_30_40/L_20_30/alluvial/z5716144132663_b70f7b9be95a4c936673e9107c9809f3.jpg,36886b50b080e71268f5,phash:fabf81d21febb44c,train,5bd26a028006b69f138a033bca37fa61ff9b31302b0459ca1b1ba2ac93a6ba8e,36,39,3,24,False
Soil_Labeled_Data/M_30_40/L_20_30/alluvial/z5716144168683_a8c38fa4dbeb266c44a6da5f8bfeda11.jpg,Soil_Labeled_Data/M_30_40/L_20_30/alluvial/z5716144168683_a8c38fa4dbeb266c44a6da5f8bfeda11.jpg,91f2d895310a3a0eb56e,phash:d8f81ea4475f50a0,test,d245491b4c3a3b6ec8e5a4c3b3a3cccc6aea693aaf194044451dd1070f24600b,32,34,3,23,False
Soil_Labeled_Data/M_30_40/L_20_30/alluvial/z5716144190940_96c634256f2c6596418ea321b6ccecda.jpg,Soil_Labeled_Data/M_30_40/L_20_30/alluvial/z5716144190940_96c634256f2c6596418ea321b6ccecda.jpg,d08ffcaf4026e4c6d635,phash:e470bf4292aac4cd,train,a8f29eac0ed7abfca4ddf9b915dc840abe3bcf58812e1344138424f6b37af754,34,37,3,26,False
Soil_Labeled_Data/M_30_40/L_20_30/alluvial/z5716144211921_8febf76d2109bd276a82645488d476a0.jpg,Soil_Labeled_Data/M_30_40/L_20_30/alluvial/z5716144211921_8febf76d2109bd276a82645488d476a0.jpg,9676f7b1316eef2b4bab,phash:dd98cc62eda80103,test,8322a2c9f2abd5fbfba408c7514253927b3e4995de3f8216a8ae6016df680d23,32,35,3,24,False
Soil_Labeled_Data/M_30_40/L_20_30/alluvial/z5716144211921_8febf76d2109bd276a82645488d476a0_aug_00_clay_red.jpg,Soil_Labeled_Data/M_30_40/L_20_30/alluvial/z5716144211921_8febf76d2109bd276a82645488d476a0_aug_00_clay_red.jpg,e4df36059325bec83d55,phash:dd98cc62eda80103,test,ed2f4ec2ebfc82648f5f7adc8ff28087085e8cf11be933ef7ea895c6aa52a47b,37,41,3,22,False
Soil_Labeled_Data/M_30_40/L_20_30/alluvial/z5716144235764_fed4a8b02740ef64fdb95af4099f1336.jpg,Soil_Labeled_Data/M_30_40/L_20_30/alluvial/z5716144235764_fed4a8b02740ef64fdb95af4099f1336.jpg,7d07bf13e398ca458c34,phash:5f3d3bc6e2523e9c,train,a2d97d8b303fb6d80c95705475da2a61725c201a719d7370dbdfe03d714acdc9,38,42,3,26,False
Soil_Labeled_Data/M_30_40/L_20_30/alluvial/z5716144261339_6eba7d5b24673487e96288acbc583744.jpg,Soil_Labeled_Data/M_30_40/L_20_30/alluvial/z5716144261339_6eba7d5b24673487e96288acbc583744.jpg,9bfe3f223274f967cddc,phash:d18ef1135e73b68b,train,bc6b12de99fb28346d66b7acd85a8e967ebe513763aa355a514cf2b0f1add791,36,41,3,23,False
Soil_Labeled_Data/M_30_40/L_20_30/alluvial/z5716144284037_44127132185b5cccfae5b4beda32cc38.jpg,Soil_Labeled_Data/M_30_40/L_20_30/alluvial/z5716144284037_44127132185b5cccfae5b4beda32cc38.jpg,c9a40450c74b7087b060,phash:cc84490e62f79ce3,validation,c94c137797374ce0d2e3fd91d371869aed1aefb9e93857b17b97348d47214118,34,38,3,24,False
Soil_Labeled_Data/M_30_40/L_20_30/alluvial/z5716144303459_5c33d7d47b7bce8e791b6044a0cc33a1.jpg,Soil_Labeled_Data/M_30_40/L_20_30/alluvial/z5716144303459_5c33d7d47b7bce8e791b6044a0cc33a1.jpg,c40f8946ddcf9e41ca2b,phash:74d0851cb8633d97,validation,f8a343592972ad877d4a7fe741e2824bf3a7ec196342744329a3f81023a7ec28,40,42,3,25,False
Soil_Labeled_Data/M_30_40/L_20_30/alluvial/z5716144322709_8f70df660518e4d32c3fa16707b39049.jpg,Soil_Labeled_Data/M_30_40/L_20_30/alluvial/z5716144322709_8f70df660518e4d32c3fa16707b39049.jpg,70b9cc50b4aaf9ce595b,phash:4e5170f4f4602f76,test,28ef01225303c754d9e0d93a680254549d7ec5346c3bd2d19c676e48baf430e1,37,41,3,30,False
Soil_Labeled_Data/M_30_40/L_20_30/alluvial/z5716144343565_fe3feda6ee16a0a7640958a11ec6f6ea.jpg,Soil_Labeled_Data/M_30_40/L_20_30/alluvial/z5716144343565_fe3feda6ee16a0a7640958a11ec6f6ea.jpg,b619c0f086eb32ea3947,phash:96ecf9bad1b63af1,validation,f39335d212fe748193933b4e224473b32e4559400ac7b6c5b7c199330eb0be19,36,38,3,29,False
Soil_Labeled_Data/M_30_40/L_20_30/alluvial/z5716144366625_bc3324d4901d90171755a8afaa56411d.jpg,Soil_Labeled_Data/M_30_40/L_20_30/alluvial/z5716144366625_bc3324d4901d90171755a8afaa56411d.jpg,17e0afd3c9e6f9e2fc5e,phash:906ad692deb118be,train,49a27a65e95bf0d8e08836fa7b77fe63e6ffc474feb3efbd094bc65251ba175d,30,32,3,29,False
Soil_Labeled_Data/M_30_40/L_30_40/alluvial/z5716113532944_e24b5c26485417eddb8588efca3eea1f.jpg,Soil_Labeled_Data/M_30_40/L_30_40/alluvial/z5716113532944_e24b5c26485417eddb8588efca3eea1f.jpg,8c1e2bf8d95e2fa6d97c,phash:67cc1dc54d47f36e,train,0caf96d71f29a8f9b04bde74396028c1f479f64c3888a6751bbd1473ea670ca9,39,40,3,30,False
Soil_Labeled_Data/M_30_40/L_30_40/alluvial/z5716113582590_c1f59f1cd35db605de2ac5249cd439b0.jpg,Soil_Labeled_Data/M_30_40/L_30_40/alluvial/z5716113582590_c1f59f1cd35db605de2ac5249cd439b0.jpg,c362d6d5aed7a7cf41c4,phash:6408beb1a56a96d0,validation,04307e3e55faa988b501b33fbcfafdd7c1e9b628a45ff14b3bc37b22cf1a1355,31,34,3,40,False
Soil_Labeled_Data/M_30_40/L_30_40/alluvial/z5716113632942_5f926ef109e13eb9a864102d6cae87cc.jpg,Soil_Labeled_Data/M_30_40/L_30_40/alluvial/z5716113632942_5f926ef109e13eb9a864102d6cae87cc.jpg,fbc3cc50b1440868747f,phash:ce2d2410ac94b89a,train,78bf2388c7a976983e775131874998426f1e395e7ba6e5cd7e5cd5a875dcdad6,36,40,3,33,False
Soil_Labeled_Data/M_30_40/L_30_40/alluvial/z5716113679540_d7ab319e31c41af206e2d03ad2b15725.jpg,Soil_Labeled_Data/M_30_40/L_30_40/alluvial/z5716113679540_d7ab319e31c41af206e2d03ad2b15725.jpg,3048b30bf6feb1ec0dac,phash:e4c12a0978536b7d,train,22d244398134d514fe50b9420f9e4a739c1006937d7b1bf5707fb4516817ed81,30,33,3,32,False
Soil_Labeled_Data/M_30_40/L_30_40/alluvial/z5716113728055_dd08551aa6ea83b557da7365c80ea990.jpg,Soil_Labeled_Data/M_30_40/L_30_40/alluvial/z5716113728055_dd08551aa6ea83b557da7365c80ea990.jpg,b11cbec0423566e5c8ec,phash:e83ae9b27690ee64,train,f70c8427f46331d55005a6afa831af845706054246fba76152b3ddf81fa358f9,36,40,3,31,False
Soil_Labeled_Data/M_30_40/L_30_40/alluvial/z5716113777056_8bcc905fd2e415355a24bcfe07180a6f.jpg,Soil_Labeled_Data/M_30_40/L_30_40/alluvial/z5716113777056_8bcc905fd2e415355a24bcfe07180a6f.jpg,4a1cb4f5796c9c99b947,phash:32f5cad2263ebdc2,validation,44d05306801ac2f988bbf86588086dbf7e7286f69764ff5431a10bad0e837139,39,43,3,39,False
Soil_Labeled_Data/M_30_40/L_30_40/alluvial/z5716113831635_ad95fd739455206424a51a0a06bc4131.jpg,Soil_Labeled_Data/M_30_40/L_30_40/alluvial/z5716113831635_ad95fd739455206424a51a0a06bc4131.jpg,f7740290c2c057b58d27,phash:3b0a2646bfb84257,train,044aa020ada77d488d9fada2cd7b186819504b476798f6fd200cdaf7dbbd01c9,37,39,3,34,False
Soil_Labeled_Data/M_30_40/L_30_40/alluvial/z5716113931150_58a4458dd163c8417cbdd5dbc84c8ecd.jpg,Soil_Labeled_Data/M_30_40/L_30_40/alluvial/z5716113931150_58a4458dd163c8417cbdd5dbc84c8ecd.jpg,118d6f452a4c0b8c84f1,phash:3788069da8cf8d58,validation,a03ab26d14f7ed9fb71f4f06b23e9445ff5bc413aab4b69fb83ea884055497a7,40,45,3,36,False
Soil_Labeled_Data/M_30_40/L_30_40/alluvial/z5716113984230_841d282af180a0d9e956cbf770b8648f.jpg,Soil_Labeled_Data/M_30_40/L_30_40/alluvial/z5716113984230_841d282af180a0d9e956cbf770b8648f.jpg,566f046c434ac2c0c593,phash:032ca74b7d6f602f,train,82af4b0b4fb1ed264764f7005847699b81cf54b95062345ee39788d3b1bdc86c,30,31,3,34,False
Soil_Labeled_Data/M_30_40/L_30_40/alluvial/z5716115889689_4a9ef5acc35a1a71531b59c12ba8e0dc.jpg,Soil_Labeled_Data/M_30_40/L_30_40/alluvial/z5716115889689_4a9ef5acc35a1a71531b59c12ba8e0dc.jpg,850e2f82d0cc28628e49,phash:309896d1863fe710,train,90f921ddad47a293706b7475a44cfd5d6d3990f6cef6e2f03928b07a26ed81a6,40,43,3,40,False
Soil_Labeled_Data/M_30_40/L_30_40/alluvial/z5716115913721_f7cff5280e557d5287ca5504b449cdf7.jpg,Soil_Labeled_Data/M_30_40/L_30_40/alluvial/z5716115913721_f7cff5280e557d5287ca5504b449cdf7.jpg,af5668db4f77490e404e,phash:2b71b2b9e3b8ac72,train,7902f2dc087422d3d90a31fc57e77b956b7a7c4ac890ab216d4564348f46904b,37,42,3,32,False
Soil_Labeled_Data/M_30_40/L_30_40/alluvial/z5716115938086_ce3851c16cb41319d1f872024f72ed65.jpg,Soil_Labeled_Data/M_30_40/L_30_40/alluvial/z5716115938086_ce3851c16cb41319d1f872024f72ed65.jpg,ccf6320e30f55bba45fe,phash:a8c585766758d8c8,train,94d8d4f7efbe749c35ad00b4cb33a611d5a923c21b542e4715ea22ae70faf38e,30,34,3,36,False
Soil_Labeled_Data/M_30_40/L_30_40/alluvial/z5716115965937_efcb2825205972de8ac4430f76a81aa9.jpg,Soil_Labeled_Data/M_30_40/L_30_40/alluvial/z5716115965937_efcb2825205972de8ac4430f76a81aa9.jpg,ddddf155a4f50047efb0,phash:16a7ed06e1697131,validation,7f4ec83eddf22e82b8c9b801a099f37b4aea6e123a4cf647a227b09b15ec26a0,39,40,3,38,False
Soil_Labeled_Data/M_30_40/L_30_40/alluvial/z5716115990505_f5f56b58cd35cb9827aaedc4db8efebd.jpg,Soil_Labeled_Data/M_30_40/L_30_40/alluvial/z5716115990505_f5f56b58cd35cb9827aaedc4db8efebd.jpg,2b38c46b3cbb9e02e116,phash:1580dccc06c1a06f,train,bf68b5820407d9d821bf344d0860548a5fb13a21a74ed3ef0aa4e29655e43fbf,34,35,3,31,False
Soil_Labeled_Data/M_30_40/L_30_40/alluvial/z5716116018535_325bd6ea25b86f2f021b34014f8842e8.jpg,Soil_Labeled_Data/M_30_40/L_30_40/alluvial/z5716116018535_325bd6ea25b86f2f021b34014f8842e8.jpg,07b5471490a2ccf84f0c,phash:1b998b2ab5717c54,train,b6278b98e88d8d140611f39748ee2646a80fad714acfe9baa2d5223646b0afbd,33,38,3,30,False
Soil_Labeled_Data/M_30_40/L_30_40/alluvial/z5716116044962_10a081c7546d9c4b542bcc27df664172.jpg,Soil_Labeled_Data/M_30_40/L_30_40/alluvial/z5716116044962_10a081c7546d9c4b542bcc27df664172.jpg,94e228ec78ea6e04628b,phash:134a6f6c78e6686d,test,942bab47c6fecafd79c80c374cf998e58daa17f930307835a98f6c877fcb7da9,36,37,3,31,False
Soil_Labeled_Data/M_30_40/L_30_40/alluvial/z5716116069545_936bc475e6398cdb5d8a3577d0e2c145.jpg,Soil_Labeled_Data/M_30_40/L_30_40/alluvial/z5716116069545_936bc475e6398cdb5d8a3577d0e2c145.jpg,a75a70a28d496b7fff31,phash:16eda83bbd5805e0,test,511bee189d37e3f5531f20c4f5346775781cb65ef30e9f30502e7057cf37a4ae,35,36,3,36,False
Soil_Labeled_Data/M_30_40/L_30_40/alluvial/z5716116095651_7302dffdd0922f72ed36881d27ffff3b.jpg,Soil_Labeled_Data/M_30_40/L_30_40/alluvial/z5716116095651_7302dffdd0922f72ed36881d27ffff3b.jpg,0f7731e5c25e4ebd150b,phash:284a765042b72a3a,train,7f4a06e1508503438397aa8ce8080532a6586dcae524333b9dd28f7c287e6050,39,42,3,35,False
Soil_Labeled_Data/M_30_40/L_30_40/alluvial/z5716116121668_8ca2d1786b81d9113c9a520cd9bb5832.jpg,Soil_Labeled_Data/M_30_40/L_30_40/alluvial/z5716116121668_8ca2d1786b81d9113c9a520cd9bb5832.jpg,d2b719c4bec488cdf64c,phash:b1efb47043fc842a,train,d4b3e017eb4d6b25066f6de5fecf4d44f7af5194e5e7e448a9c34128d5d6835a,32,33,3,35,False
Soil_Labeled_Data/M_30_40/L_30_40/alluvial/z5716116144998_65aee5b794e2e009120f896a91d9b161.jpg,Soil_Labeled_Data/M_30_40/L_30_40/alluvial/z5716116144998_65aee5b794e2e009120f896a91d9b161.jpg,c2a2425d3f51a8259194,phash:820ac0f853227f70,train,ca213bf26ba7453e711901d0093e912a7fe48a524f355d427725c4964605dce5,37,42,3,39,False
Soil_Labeled_Data/M_30_40/L_40_50/alluvial/z5719914716950_f7b208b227aab4fbbe62eaf666ebb235.jpg,Soil_Labeled_Data/M_30_40/L_40_50/alluvial/z5719914716950_f7b208b227aab4fbbe62eaf666ebb235.jpg,111c83e5f129d3f79fb5,phash:741cc9e223afea36,train,86674998d6a51679981c11fc7a383a4027080bb76909989f7e7237fd452abc07,33,37,3,50,False
Soil_Labeled_Data/M_30_40/L_40_50/alluvial/z5719914753588_0c56217f338c6ce291955ae9b10cce77.jpg,Soil_Labeled_Data/M_30_40/L_40_50/alluvial/z5719914753588_0c56217f338c6ce291955ae9b10cce77.jpg,2c9b7324771c7d9046f8,phash:9894e251f25b80ef,train,30d2ac949aaffeae66760fc7ce2ba010e32b109ae7628e3908df6d6dd2170b72,32,33,3,48,False
Soil_Labeled_Data/M_30_40/L_40_50/alluvial/z5719914790582_45835810f70dbeacbf914f09630b68d9.jpg,Soil_Labeled_Data/M_30_40/L_40_50/alluvial/z5719914790582_45835810f70dbeacbf914f09630b68d9.jpg,740f3065bd4605fe0cd7,phash:b3352427d2982dc8,train,18f867b71ad19189ce3fc0a869b2b62dba96a4226b7608e8b522a385255634e7,38,42,3,44,False
Soil_Labeled_Data/M_30_40/L_40_50/alluvial/z5719914828210_cddec1f2dabcdd416769c8d8b7f0adaf.jpg,Soil_Labeled_Data/M_30_40/L_40_50/alluvial/z5719914828210_cddec1f2dabcdd416769c8d8b7f0adaf.jpg,324b6f2f150837162dba,phash:4cc276d04807a98e,train,e8f8a45923c09b474a7a164f69705a7c327df384a4893dc238009213906d92b3,31,35,3,46,False
Soil_Labeled_Data/M_30_40/L_40_50/alluvial/z5719914857645_99adc09da6f4dc19458272bd48872c97.jpg,Soil_Labeled_Data/M_30_40/L_40_50/alluvial/z5719914857645_99adc09da6f4dc19458272bd48872c97.jpg,508e9e723222e53b49b3,phash:99c1075b537c31fa,train,73bfa123bbb03de196eb3d9564dda017ac8cdb679c7f66100813592c471dc5ac,32,34,3,43,False
Soil_Labeled_Data/M_30_40/L_40_50/alluvial/z5719914890934_84fe7062961727cb183642b47744dea8.jpg,Soil_Labeled_Data/M_30_40/L_40_50/alluvial/z5719914890934_84fe7062961727cb183642b47744dea8.jpg,49830a402a7f0342ff51,phash:875e45eb2fb3f8ec,test,1cb288355f3fdfec5522dac7f3574e9cffd23ed5d97ed99981f10b005b9de186,36,40,3,44,False
Soil_Labeled_Data/M_30_40/L_40_50/alluvial/z5719914924505_76c1acb4c3a03965a67149c70566e117.jpg,Soil_Labeled_Data/M_30_40/L_40_50/alluvial/z5719914924505_76c1acb4c3a03965a67149c70566e117.jpg,e8f565809323b5251265,phash:716b93cb3852bf57,train,bc15e46b04466a74e9c8086ef3e5c09df26edd84c9da3943a970438c6ac88b18,33,35,3,47,False
Soil_Labeled_Data/M_30_40/L_40_50/alluvial/z5719914960624_6e7d01c6f99d68c85a781306a1116111.jpg,Soil_Labeled_Data/M_30_40/L_40_50/alluvial/z5719914960624_6e7d01c6f99d68c85a781306a1116111.jpg,acb2cacb6af63f6b6556,phash:853b972fcac916f6,test,2954c45f20f91380679d59b3ed8fc789b2aee9db6bc22d4b62b9d1d4b59a0be3,30,31,3,50,False
Soil_Labeled_Data/M_30_40/L_40_50/alluvial/z5719914997148_f06792cac5c60b858589b3b3c2747c43.jpg,Soil_Labeled_Data/M_30_40/L_40_50/alluvial/z5719914997148_f06792cac5c60b858589b3b3c2747c43.jpg,73b076134eac5021ce87,phash:5e2022160d593777,train,a55c7d7dc4fbeb82e6ae083ea336822474a22a006615a8f6ad4d29b678c1070c,40,42,3,40,False
Soil_Labeled_Data/M_30_40/L_40_50/alluvial/z5719915050807_883061f62d1ba096fe786e33783493ac.jpg,Soil_Labeled_Data/M_30_40/L_40_50/alluvial/z5719915050807_883061f62d1ba096fe786e33783493ac.jpg,2ad961a40803916932d4,phash:24cad31affe7fb9c,train,16cb88b9712205f5898037e8a464e7727fdb0298f75b47ca27902320c4cc3d54,31,34,3,49,False
Soil_Labeled_Data/M_30_40/L_40_50/alluvial/z5719915064697_6860e93b3637879e75266a9cab0b000e.jpg,Soil_Labeled_Data/M_30_40/L_40_50/alluvial/z5719915064697_6860e93b3637879e75266a9cab0b000e.jpg,fd8759c939033fa05625,phash:e17e78429411f5b0,test,9b51c3c0b64e89da621ad56e1e73cbebf55367539011e3afef4da7ca4ef4b8da,35,38,3,42,False
Soil_Labeled_Data/M_30_40/L_40_50/alluvial/z5719915081454_c67fb96c8fd1c13e8d457956fcdd9641.jpg,Soil_Labeled_Data/M_30_40/L_40_50/alluvial/z5719915081454_c67fb96c8fd1c13e8d457956fcdd9641.jpg,f8ae5014457d97cf83d4,phash:451604e7a4017b24,train,2ab5826c64b384934796a636959ed5eb38dcee11f555a668292747c543a45f5a,31,33,3,42,False
Soil_Labeled_Data/M_30_40/L_40_50/alluvial/z5719915095537_48f0da10c0c7ff56484ae76f66fa8e42.jpg,Soil_Labeled_Data/M_30_40/L_40_50/alluvial/z5719915095537_48f0da10c0c7ff56484ae76f66fa8e42.jpg,99c16cbac9b402e76561,phash:ee5664abd74233ae,validation,3f2fc229a86e29145f6e41b7e8edf00ed448e832bb37a0471171d2bda4cf4b27,39,39,3,42,False
Soil_Labeled_Data/M_30_40/L_40_50/alluvial/z5719915111649_b61a329743f4617c0f9d01ef237a4139.jpg,Soil_Labeled_Data/M_30_40/L_40_50/alluvial/z5719915111649_b61a329743f4617c0f9d01ef237a4139.jpg,8d62ba7eb6e7de2075bc,phash:3259603a86830e00,train,3058a7e97c2540069be17aeac059f44a89d16c0dbe1fce9d1df2d6c2df2ebaad,38,40,3,49,False
Soil_Labeled_Data/M_30_40/L_40_50/alluvial/z5719915131240_b52c7f068d1abd26f05cb78e3e3ad74c.jpg,Soil_Labeled_Data/M_30_40/L_40_50/alluvial/z5719915131240_b52c7f068d1abd26f05cb78e3e3ad74c.jpg,12e95944716b9197bb22,phash:4cf3b6172ddabd22,train,8894d41c8ac19c0fa2b84b5e9e6660797a8aafc5d82bc0a00c767e7b858a3ddf,34,36,3,49,False
Soil_Labeled_Data/M_30_40/L_40_50/alluvial/z5719915146239_5ca09d7569cc6cb956c748dbf20149ff.jpg,Soil_Labeled_Data/M_30_40/L_40_50/alluvial/z5719915146239_5ca09d7569cc6cb956c748dbf20149ff.jpg,9bf88f89748993e2c865,phash:4190f44c496e2843,train,14e8300e6ace3905e64a5de71a7a5520087de0189ee813ed8ff3be55e4c912a2,40,44,3,45,False
Soil_Labeled_Data/M_30_40/L_40_50/alluvial/z5719915162784_a4f69c622478efdc49a59a408dfe4b55.jpg,Soil_Labeled_Data/M_30_40/L_40_50/alluvial/z5719915162784_a4f69c622478efdc49a59a408dfe4b55.jpg,8a2fecb31844bc8fbda3,phash:67839c1fdfd7f665,test,8d8cd26beac394f05a362ca97aa8f1f0b099799f0f0c28ee2ac2763c3c46af01,37,41,3,46,False
Soil_Labeled_Data/M_30_40/L_40_50/alluvial/z5719915176463_24f4b5d7420478f1cc324804ef75f6b9.jpg,Soil_Labeled_Data/M_30_40/L_40_50/alluvial/z5719915176463_24f4b5d7420478f1cc324804ef75f6b9.jpg,838aab540921f36b2f0d,phash:9f045a32af159471,train,c33247d75f581fa8f13cc46a9e7d24a652b57a7d6dc33ed743b948cefc3fbda3,35,38,3,42,False
Soil_Labeled_Data/M_30_40/L_40_50/alluvial/z5719915191781_9fbc3215a4e768d8a242c9aae23d78e3.jpg,Soil_Labeled_Data/M_30_40/L_40_50/alluvial/z5719915191781_9fbc3215a4e768d8a242c9aae23d78e3.jpg,74fd69c97fcd1cc6574d,phash:7fd86c261d9ac446,train,c504186c874df7339a10c3e4f4324a905cdd44f9f6ba03ae10cd047fee1dd838,32,34,3,41,False
Soil_Labeled_Data/M_30_40/L_40_50/alluvial/z5719915206794_043f99c4e48d30a3c242949620c8fbd3.jpg,Soil_Labeled_Data/M_30_40/L_40_50/alluvial/z5719915206794_043f99c4e48d30a3c242949620c8fbd3.jpg,3ea5489ca58856f98e62,phash:237d3461c22957a5,test,7adb30b1e8b914994855e637335a08b67c010f0bdef1b4765926f1400fec66a2,30,34,3,44,False
Soil_Labeled_Data/M_30_40/L_50_60/alluvial/z5719945047556_cad2b245e96e675e8307be1ecf1a91f9.jpg,Soil_Labeled_Data/M_30_40/L_50_60/alluvial/z5719945047556_cad2b245e96e675e8307be1ecf1a91f9.jpg,1e952b9f4b6c471c26ee,phash:39160d85a60b1913,test,77051d5c11e589b8e770cb563dd55d8275fdda9e674cf10d856384c23fea158e,39,43,3,52,False
Soil_Labeled_Data/M_30_40/L_50_60/alluvial/z5719945086578_e3ca39e5b5ab67c958a7fdaed8e174c3.jpg,Soil_Labeled_Data/M_30_40/L_50_60/alluvial/z5719945086578_e3ca39e5b5ab67c958a7fdaed8e174c3.jpg,906f3586d9bbd541e9e7,phash:1faff8c0993d0a20,validation,152317568da4def3ee28e7ff3fa658ef2e5228b9c7ff77348ca51185a26dd303,32,32,3,57,False
Soil_Labeled_Data/M_30_40/L_50_60/alluvial/z5719945128230_6802d6f378727442f0aab01c758677a5.jpg,Soil_Labeled_Data/M_30_40/L_50_60/alluvial/z5719945128230_6802d6f378727442f0aab01c758677a5.jpg,b890cd57b922a481d53b,phash:9350025425b26e46,train,3fa819429305432cc6be4e7bf47dcc8d6026d5d4cbb11f5326ab29d5a682d3fe,40,44,3,50,False
Soil_Labeled_Data/M_30_40/L_50_60/alluvial/z5719945165176_3e73bc54f72839349bf7a02f8f5d684c.jpg,Soil_Labeled_Data/M_30_40/L_50_60/alluvial/z5719945165176_3e73bc54f72839349bf7a02f8f5d684c.jpg,333977bf9341f50f50f7,phash:8773487b49bfdbff,validation,65b9119430b77562404c5e27c576f4cecafbe15102224cc383ebc27e94cb0c50,30,32,3,56,False
Soil_Labeled_Data/M_30_40/L_50_60/alluvial/z5719945203482_fc59f3ebb2c9d5959ab183cf1300e674.jpg,Soil_Labeled_Data/M_30_40/L_50_60/alluvial/z5719945203482_fc59f3ebb2c9d5959ab183cf1300e674.jpg,5b283fb1d33c9170a6f5,phash:84af8111cad0b953,test,8a61e0221d03b88d0d39a723d47f6d7ea481cc04eaabcd6fcf99d8aaed92441e,35,39,3,54,False
Soil_Labeled_Data/M_30_40/L_50_60/alluvial/z5719945237944_9e81baa660ace3bd2958bfa740e457b9.jpg,Soil_Labeled_Data/M_30_40/L_50_60/alluvial/z5719945237944_9e81baa660ace3bd2958bfa740e457b9.jpg,6f99571f92c094df6b20,phash:80dd9e7c4fcf4f4e,train,712d002095d85f52bc58304c63cb351e90944a8c437688d3d05e0eecebdb1f85,36,39,3,54,False
Soil_Labeled_Data/M_30_40/L_50_60/alluvial/z5719945282121_22a25cca44c3ca90506d7f082a8e62ba.jpg,Soil_Labeled_Data/M_30_40/L_50_60/alluvial/z5719945282121_22a25cca44c3ca90506d7f082a8e62ba.jpg,bea7c22d073e3e58b273,phash:bef86f50238eb24a,train,53f995b6e86019dd54dbe4d6ca3eacb16b5d1ab70b70a356284fa935c6f820da,35,39,3,50,False
Soil_Labeled_Data/M_30_40/L_50_60/alluvial/z5719945326572_38e3e733446eabe3bf00850bf73883e0.jpg,Soil_Labeled_Data/M_30_40/L_50_60/alluvial/z5719945326572_38e3e733446eabe3bf00850bf73883e0.jpg,67b4820d98005f7d40de,phash:ae5e6bb93e10e1eb,train,d444ab3fa9b804417465af69a3b61150f853e0fea68667026f64c92e8bd7a7a2,38,40,3,53,False
Soil_Labeled_Data/M_30_40/L_50_60/alluvial/z5719945372269_2a3fa83b9d92ccaa70da062eccace05c.jpg,Soil_Labeled_Data/M_30_40/L_50_60/alluvial/z5719945372269_2a3fa83b9d92ccaa70da062eccace05c.jpg,a8b3cb87d648befcc460,phash:90d40b8428492776,train,7d992db2ce611c897cb405ede2c97e1a7b574ba1b49cbf35b780b79cda759a7a,37,39,3,51,False
Soil_Labeled_Data/M_30_40/L_50_60/alluvial/z5719945372269_2a3fa83b9d92ccaa70da062eccace05c_aug_00_gray_brown.jpg,Soil_Labeled_Data/M_30_40/L_50_60/alluvial/z5719945372269_2a3fa83b9d92ccaa70da062eccace05c_aug_00_gray_brown.jpg,5a41ba08e986126860fe,phash:90d40b8428492776,train,2704dd0863cbe6c94be044f2b6794325960f2ac7e3bbd72052b3c774eb38f76d,32,35,3,50,False
Soil_Labeled_Data/M_30_40/L_50_60/alluvial/z5719945410375_d68840a29b4222519ffac084ea8cf065.jpg,Soil_Labeled_Data/M_30_40/L_50_60/alluvial/z5719945410375_d68840a29b4222519ffac084ea8cf065.jpg,5d5963f8f555d5302576,phash:ff670dc08f99ba9e,train,e54af701874db5bccc4439dab8ae52a529368a619d0fc1cc2b5f9814f69b4062,35,35,3,56,False
Soil_Labeled_Data/M_30_40/L_50_60/alluvial/z5719945422897_e85f1f456697f2e20bc5401bb55ec951.jpg,Soil_Labeled_Data/M_30_40/L_50_60/alluvial/z5719945422897_e85f1f456697f2e20bc5401bb55ec951.jpg,75bd6de1beec7a2b94ae,phash:aaea210362ca2aa0,train,21aec8032d5c136e6512ff2b000bfe23e49c51fc0da8ca950cda99e49e882331,40,41,3,55,False
Soil_Labeled_Data/M_30_40/L_50_60/alluvial/z5719945442394_074f397072a0e21797e33be6440ab366.jpg,Soil_Labeled_Data/M_30_40/L_50_60/alluvial/z5719945442394_074f397072a0e21797e33be6440ab366.jpg,8a6ec9170615c4d29652,phash:2765edb8329cb206,train,be486b174d9108aa310ff3fd65fd4a71317f3d9440fe21e0b66ffbb379bfabcc,38,41,3,58,False
Soil_Labeled_Data/M_30_40/L_50_60/alluvial/z5719945465403_eef403001195b9d5de6375b6fe2e3628.jpg,Soil_Labeled_Data/M_30_40/L_50_60/alluvial/z5719945465403_eef403001195b9d5de6375b6fe2e3628.jpg,7038cf428f2417ddc1da,phash:90a9507b3fdd1392,train,c66e939fbbc22170a06eba9435748260f91738867d77cc606c821ec0933f75cf,36,37,3,58,False
Soil_Labeled_Data/M_30_40/L_50_60/alluvial/z5719945480047_a7f6b36605c6c8cb45167c24f063555e.jpg,Soil_Labeled_Data/M_30_40/L_50_60/alluvial/z5719945480047_a7f6b36605c6c8cb45167c24f063555e.jpg,eea01f5bd1553a30ee7b,phash:f1b6b8944e0ba7e8,test,c4878af497bbaf3bc5dc4c65cb7329492aa605002d0836623ce8a6a498825ad9,33,34,3,60,False
Soil_Labeled_Data/M_30_40/L_50_60/alluvial/z5719945494405_a556366a429daf9a78448e62806f33bb.jpg,Soil_Labeled_Data/M_30_40/L_50_60/alluvial/z5719945494405_a556366a429daf9a78448e62806f33bb.jpg,4a1ddad748dd9121286d,phash:98cba7f801fd0d43,train,fb922ae008179176ac440a65481e10fcc871cf7a27e185da1329955ef063c51b,39,40,3,50,False
Soil_Labeled_Data/M_30_40/L_50_60/alluvial/z5719945512664_b31ee4aecf6a552463f894dbf83282d1.jpg,Soil_Labeled_Data/M_30_40/L_50_60/alluvial/z5719945512664_b31ee4aecf6a552463f894dbf83282d1.jpg,89634d8e611dab0bf0b9,phash:1393e6d17ef1dd32,test,cfe71a2c984129167053ac2df3898cf032703d2de4537fd2b9a9ca6eb1e1ede7,37,39,3,59,False
Soil_Labeled_Data/M_30_40/L_50_60/alluvial/z5719945525148_2d147c0909d312302995e4cfa5fe6c26.jpg,Soil_Labeled_Data/M_30_40/L_50_60/alluvial/z5719945525148_2d147c0909d312302995e4cfa5fe6c26.jpg,634e37813b2278ea8978,phash:40b73012aead0b15,train,039004cd5fe4130bc722f4aa8287266cc14311aba75fc5546710325a763ec876,30,34,3,50,False
Soil_Labeled_Data/M_30_40/L_50_60/alluvial/z5719945525148_2d147c0909d312302995e4cfa5fe6c26_aug_01_light_brown.jpg,Soil_Labeled_Data/M_30_40/L_50_60/alluvial/z5719945525148_2d147c0909d312302995e4cfa5fe6c26_aug_01_light_brown.jpg,e56a333bf193cb317a39,phash:40b73012aead0b15,train,58ce68517796f44a88b05e9beb34c9ed37e4942bdb405e30e9a29ca607917a26,38,41,3,60,False
Soil_Labeled_Data/M_30_40/L_50_60/alluvial/z5719945538606_74154fe115c2ace51dfd6ecc533d4633.jpg,Soil_Labeled_Data/M_30_40/L_50_60/alluvial/z5719945538606_74154fe115c2ace51dfd6ecc533d4633.jpg,82d3f71fb886f246e117,phash:f65cac7b6916c0db,train,0ea05b64ab6218561d4d624e2438030329d2048ee2d69a02df9da3645b9d6072,35,39,3,51,False
Soil_Labeled_Data/M_30_40/L_60_70/alluvial/IMG_0675_M_10_20_light_brown.jpg,Soil_Labeled_Data/M_30_40/L_60_70/alluvial/IMG_0675_M_10_20_light_brown.jpg,f3dddb268bf04790b0b9,phash:a428d9fcdf8d24fa,train,91104ea2b87e8fbd7d623191eff0b86ec0aaaea67987494e0ed66f0c88eb78b9,39,39,3,62,False
Soil_Labeled_Data/M_30_40/L_60_70/alluvial/IMG_0676_M_10_20_pale_yellow.jpg,Soil_Labeled_Data/M_30_40/L_60_70/alluvial/IMG_0676_M_10_20_pale_yellow.jpg,6bf3e074b961b3288781,phash:984a40d9cc34abc9,train,01271748c5b9ff3eb564a6bd1727f8d071da4a4a8d56b28d1b8e689e26135b3d,31,31,3,66,False
Soil_Labeled_Data/M_30_40/L_60_70/alluvial/IMG_0677_M_10_20_light_brown.jpg,Soil_Labeled_Data/M_30_40/L_60_70/alluvial/IMG_0677_M_10_20_light_brown.jpg,e165e07273a28f95bdbd,phash:984a40d9cc34abc9,train,000f64f52ef3031ca22cd979e43453e67d9a908f2ea003a2f3fce77d682cb8c8,39,42,3,63,False
Soil_Labeled_Data/M_30_40/L_60_70/alluvial/IMG_0678_M_10_20_pale_yellow.jpg,Soil_Labeled_Data/M_30_40/L_60_70/alluvial/IMG_0678_M_10_20_pale_yellow.jpg,2c049a7dfe89dd206d63,phash:ec233ed2dcb011f0,train,d3b246c53973b42cf8985e3b37d3a8e3fff5f18e739a217828590d3e5d392e06,37,40,3,64,False
Soil_Labeled_Data/M_30_40/L_60_70/alluvial/IMG_0680_M_10_20_light_brown.jpg,Soil_Labeled_Data/M_30_40/L_60_70/alluvial/IMG_0680_M_10_20_light_brown.jpg,1e4d43ce63d79421f2ec,phash:f1ae61d2650f45e9,train,1867014def6a5c08a7228a9d5b2eaed8cfba10fe011036cc43fd68dd888c0248,36,39,3,66,False
Soil_Labeled_Data/M_30_40/L_60_70/alluvial/IMG_0682_M_10_20_light_brown.jpg,Soil_Labeled_Data/M_30_40/L_60_70/alluvial/IMG_0682_M_10_20_light_brown.jpg,71c41b8a9e21b8c3b6b0,phash:019406175839e097,validation,c19ded70c34fe4b7f4806aa91c25b24d3d360b1abbd7b366513d0ce30ac5db59,39,39,3,60,False
Soil_Labeled_Data/M_30_40/L_60_70/alluvial/IMG_0695_M_10_20_light_brown.jpg,Soil_Labeled_Data/M_30_40/L_60_70/alluvial/IMG_0695_M_10_20_light_brown.jpg,6412110136eabc4ba188,phash:4d2073dc153cb1de,train,a43ecc574f3015a11565e5e44d97043023467794d68a99e182f6673d3dd36d5b,32,35,3,68,False
Soil_Labeled_Data/M_30_40/L_60_70/alluvial/z5715083829092_c796baa2a13a45a626e1c31cb08f116a_M_20_30_light_brown.jpg,Soil_Labeled_Data/M_30_40/L_60_70/alluvial/z5715083829092_c796baa2a13a45a626e1c31cb08f116a_M_20_30_light_brown.jpg,b8c2f6ac2769f82ae5cd,phash:b712b0d5fc97a691,train,6bad26e76d2423950003b2767f46904ee9f820358c437ae8a0ab980ab860e057,35,34,3,68,False
Soil_Labeled_Data/M_30_40/L_60_70/alluvial/z5715083885623_9f42a940c20ea1e55af3e06994578004_M_20_30_light_brown.jpg,Soil_Labeled_Data/M_30_40/L_60_70/alluvial/z5715083885623_9f42a940c20ea1e55af3e06994578004_M_20_30_light_brown.jpg,4128423aeac2104bfede,phash:780eb3e36ab6145a,train,889e24521b4742763f60a08303a23365f35104c6ab9770714198bc13c39dcfc6,36,37,3,69,False
Soil_Labeled_Data/M_30_40/L_60_70/alluvial/z5715084002036_bdc35c47993d232e5b2b07c45fd7854f_M_20_30_light_brown.jpg,Soil_Labeled_Data/M_30_40/L_60_70/alluvial/z5715084002036_bdc35c47993d232e5b2b07c45fd7854f_M_20_30_light_brown.jpg,8c644e706d658fe68236,phash:0cc2768efceedf39,train,6854fcff8e56e9b7baec6995dc085c5bad52302468aa32e4625d2db9068271ae,34,37,3,68,False
Soil_Labeled_Data/M_30_40/L_60_70/alluvial/z5715084050631_480b9ae3c93e9adc09ca30cd0761e10e_M_20_30_pale_yellow.jpg,Soil_Labeled_Data/M_30_40/L_60_70/alluvial/z5715084050631_480b9ae3c93e9adc09ca30cd0761e10e_M_20_30_pale_yellow.jpg,91f43cd2e7d40846ba8d,phash:c8c63c305b66e060,train,2fc6139030bd15a69fcfcfedec6d9c3ab183ccd3fea9edfbca7c253d6c0e8193,40,39,3,64,False
Soil_Labeled_Data/M_30_40/L_60_70/alluvial/z5715084112046_c4388528720a09f94233e3004fa76f74_M_20_30_pale_yellow.jpg,Soil_Labeled_Data/M_30_40/L_60_70/alluvial/z5715084112046_c4388528720a09f94233e3004fa76f74_M_20_30_pale_yellow.jpg,9a92835bede9c845cdfd,phash:8b71a8bf945bfd44,train,65790033d92d905b33c2934f1bc8c2effbc1b05249f08b71641dff9842a2342d,31,31,3,61,False
Soil_Labeled_Data/M_30_40/L_60_70/alluvial/z5715084235063_019bf1d09588c2fd5226859f4331698b_M_20_30_light_brown.jpg,Soil_Labeled_Data/M_30_40/L_60_70/alluvial/z5715084235063_019bf1d09588c2fd5226859f4331698b_M_20_30_light_brown.jpg,00393ce1b7d74e70cb6f,phash:2239954b40c98c02,train,a10ddc66cad2d20c5f4fda000e6980aa51b2d7f71f5f7b056d4203c2aa4e8c86,36,38,3,62,False
Soil_Labeled_Data/M_30_40/L_60_70/alluvial/z5715084306747_adff9a454f2d560f7c94ff4d4f1ba239_M_20_30_pale_yellow.jpg,Soil_Labeled_Data/M_30_40/L_60_70/alluvial/z5715084306747_adff9a454f2d560f7c94ff4d4f1ba239_M_20_30_pale_yellow.jpg,f0cc249824ba18b0e60f,phash:809b2d358b7be717,test,b3683f55a4a7524265b602de9884eef34a1ee8154b25d1a8b9bf2b50575817dc,39,42,3,64,False
Soil_Labeled_Data/M_30_40/L_60_70/alluvial/z5715084373143_bf51a90ff4c9af94ac682d0e749d3c52_M_20_30_pale_yellow.jpg,Soil_Labeled_Data/M_30_40/L_60_70/alluvial/z5715084373143_bf51a90ff4c9af94ac682d0e749d3c52_M_20_30_pale_yellow.jpg,39d94ab1c1b2a6901dd8,phash:1149053c678cabbd,train,bc6f121e0c529ca26705983961e328e308d31cf5508682d7db46daffa3c03033,32,35,3,70,False
Soil_Labeled_Data/M_30_40/L_60_70/alluvial/z5715084394382_378bf214cc128ad07a22836f046d4fec_M_20_30_light_brown.jpg,Soil_Labeled_Data/M_30_40/L_60_70/alluvial/z5715084394382_378bf214cc128ad07a22836f046d4fec_M_20_30_light_brown.jpg,c9743a6b674a32a81132,phash:c66a3e06649e45b0,train,8e3f2e24ab45236e11c1d768f491d26b16509a544f9f7ee7fcec0c94cae79290,32,32,3,65,False
Soil_Labeled_Data/M_30_40/L_60_70/alluvial/z5715084415256_c016f29f8a2b857513855a25b24de184_M_20_30_pale_yellow.jpg,Soil_Labeled_Data/M_30_40/L_60_70/alluvial/z5715084415256_c016f29f8a2b857513855a25b24de184_M_20_30_pale_yellow.jpg,a47c122c7eec311d64b5,phash:d20d5edb74fa0581,train,9c7edb7f0006badc4ad327e116a25a2bbfd965e59260a741b7ee073340c9ae9f,39,42,3,64,False
Soil_Labeled_Data/M_30_40/L_60_70/alluvial/z5715084434342_b865d6e3c37268959852bcc33862045e_M_20_30_pale_yellow.jpg,Soil_Labeled_Data/M_30_40/L_60_70/alluvial/z5715084434342_b865d6e3c37268959852bcc33862045e_M_20_30_pale_yellow.jpg,24a2833656dbca24541f,phash:b584de0526926fa8,test,e454bdb21ef38a8cb5cae7e7c56f81eb3ad257a2ed32a56cebebe7d54b4292ca,36,36,3,62,False
Soil_Labeled_Data/M_30_40/L_60_70/alluvial/z5715084451345_2e9b065fd62392917b331a68b82abded_M_20_30_light_brown.jpg,Soil_Labeled_Data/M_30_40/L_60_70/alluvial/z5715084451345_2e9b065fd62392917b331a68b82abded_M_20_30_light_brown.jpg,bfcda6413c4da8227c6e,phash:0415e4080b15a32f,validation,6013e3dd33108ddb6a3ced453ab2e31e041fbf4adde4065300f78ecbefee6873,31,34,3,60,False
Soil_Labeled_Data/M_30_40/L_60_70/alluvial/z5715084472999_950e840441fad54aab4b33a9d6b52f88_M_20_30_light_brown.jpg,Soil_Labeled_Data/M_30_40/L_60_70/alluvial/z5715084472999_950e840441fad54aab4b33a9d6b52f88_M_20_30_light_brown.jpg,53264df70329aa3f9210,phash:091a3095f24dfa91,train,cc88301844f264eac46814eb455f193df67afea0f3f6318fd9893e8153c49b94,30,31,3,70,False
Soil_Labeled_Data/M_30_40/L_70_80/alluvial/IMG_0699_M_10_20_light_brown.jpg,Soil_Labeled_Data/M_30_40/L_70_80/alluvial/IMG_0699_M_10_20_light_brown.jpg,f5de43bb5596283d39ac,phash:b5220e00f45fa5b8,test,13c0c679790f18416d3c784b7fdbe0b6043a65fc4d30e075601827e25bec84f3,30,29,3,73,False
Soil_Labeled_Data/M_30_40/L_70_80/alluvial/IMG_0700_M_10_20_light_brown.jpg,Soil_Labeled_Data/M_30_40/L_70_80/alluvial/IMG_0700_M_10_20_light_brown.jpg,da730bbb4742fc38c0f4,phash:b004e0323940b864,train,342a54833f0cfd5267122d3ccfdfffdc086cf3f7da776f8eef79265deed45fc4,33,33,3,73,False
Soil_Labeled_Data/M_30_40/L_70_80/alluvial/IMG_0704_M_10_20_pale_yellow.jpg,Soil_Labeled_Data/M_30_40/L_70_80/alluvial/IMG_0704_M_10_20_pale_yellow.jpg,97f1066edd876c18f19f,phash:357263c31a5c1453,test,276d5cd8a83ba0d08037cd2acdc61f94698b2f73c8109a8055a7f0054d86093c,32,34,3,76,False
Soil_Labeled_Data/M_30_40/L_70_80/alluvial/IMG_0708_M_10_20_light_brown.jpg,Soil_Labeled_Data/M_30_40/L_70_80/alluvial/IMG_0708_M_10_20_light_brown.jpg,c0fc88ee6b1087b277fa,phash:9d2033d48628688c,train,a1e5175a9b7e4ee2d21f1efb4577e9e7d9ce9295b6fe16915ae7e7530991aaef,33,33,3,80,False
Soil_Labeled_Data/M_30_40/L_70_80/alluvial/IMG_0709_M_10_20_pale_yellow.jpg,Soil_Labeled_Data/M_30_40/L_70_80/alluvial/IMG_0709_M_10_20_pale_yellow.jpg,512fc0be03ef896aea33,phash:9d2033d48628688c,train,d38ab34f3b718299595f0127563de34bf50765f8851a6a2e0b61a57536ac604a,31,32,3,70,False
Soil_Labeled_Data/M_30_40/L_70_80/alluvial/IMG_0710_M_10_20_pale_yellow.jpg,Soil_Labeled_Data/M_30_40/L_70_80/alluvial/IMG_0710_M_10_20_pale_yellow.jpg,9c98e939a2aadd54d83f,phash:5e8c45f8956cae93,validation,0b072d254373e996a4a1fe076332d7b5d9d97612a71a7e084857508c15feb959,38,37,3,80,False
Soil_Labeled_Data/M_30_40/L_70_80/alluvial/IMG_0711_M_10_20_light_brown.jpg,Soil_Labeled_Data/M_30_40/L_70_80/alluvial/IMG_0711_M_10_20_light_brown.jpg,4706807307f6db7a4c3a,phash:b9aa2a4a5654395e,train,55d8b01606b59e0de17588a4a5a15e89071f8773493f785f5413da8c844e56f8,38,39,3,73,False
Soil_Labeled_Data/M_30_40/L_70_80/alluvial/IMG_0713_M_10_20_light_brown.jpg,Soil_Labeled_Data/M_30_40/L_70_80/alluvial/IMG_0713_M_10_20_light_brown.jpg,a9ab9e510de719a58c2c,phash:2f621abd4c47601f,validation,5873a3a253020278ba13ea044c812a375af7ab1b7fb6cf75e6fe99a6671ec6a5,34,36,3,71,False
Soil_Labeled_Data/M_30_40/L_70_80/alluvial/IMG_0714_M_10_20_light_brown.jpg,Soil_Labeled_Data/M_30_40/L_70_80/alluvial/IMG_0714_M_10_20_light_brown.jpg,753348d85a0cfdbc8006,phash:bc9c3f0c970894cc,train,d820193e8c79fa413b5802aa26c7567612b4a322dfb48d267fe87a7d30f8368d,39,41,3,71,False
Soil_Labeled_Data/M_30_40/L_70_80/alluvial/IMG_0719_M_10_20_pale_yellow.jpg,Soil_Labeled_Data/M_30_40/L_70_80/alluvial/IMG_0719_M_10_20_pale_yellow.jpg,b3b77f4284dbd4564abb,phash:d1c90e142218287c,validation,c9f3ee7fb0bfe0bd88fbdbe74c353ea21ecac8c10cfa56198e7d0ce408e20102,33,36,3,71,False
Soil_Labeled_Data/M_30_40/L_70_80/alluvial/z5715141573526_1cfd3d637f1aaae4ef2237bf6ba6ce65_M_20_30_light_brown.jpg,Soil_Labeled_Data/M_30_40/L_70_80/alluvial/z5715141573526_1cfd3d637f1aaae4ef2237bf6ba6ce65_M_20_30_light_brown.jpg,fbff0ab7f4087cc33b75,phash:a318106830de566a,train,ed8da222b17c62f84767f961ca3f4a122128e4aa6ec663ed232fa682382771c8,32,31,3,80,False
Soil_Labeled_Data/M_30_40/L_70_80/alluvial/z5715141626411_00b983fd5f44402c4bda94b5b928bb00_M_20_30_light_brown.jpg,Soil_Labeled_Data/M_30_40/L_70_80/alluvial/z5715141626411_00b983fd5f44402c4bda94b5b928bb00_M_20_30_light_brown.jpg,96a7733d92418ae4c450,phash:58b6b94065785737,train,ec3906f8976cb62f73e792636fc99e04a939d0cad61762d800276e7de55b7d1b,30,29,3,74,False
Soil_Labeled_Data/M_30_40/L_70_80/alluvial/z5715141676311_1d060c8ef71e58aadc2f6099b373b761_M_20_30_light_brown.jpg,Soil_Labeled_Data/M_30_40/L_70_80/alluvial/z5715141676311_1d060c8ef71e58aadc2f6099b373b761_M_20_30_light_brown.jpg,d8bb4c140ef676bc1cd0,phash:17a33323a8c95ba6,train,d0b37c065fec47f0410109f765ff15ab9f252a2a8160bfd892e3fc472907aa24,37,36,3,74,False
Soil_Labeled_Data/M_30_40/L_70_80/alluvial/z5715141734634_e77f72db46f26975a8a55807dd7433b7_M_20_30_light_brown.jpg,Soil_Labeled_Data/M_30_40/L_70_80/alluvial/z5715141734634_e77f72db46f26975a8a55807dd7433b7_M_20_30_light_brown.jpg,e6adb7cbb40fb27c8f57,phash:e24ee0f14f9344e0,train,85123fc0b2e008a4c4c24535bb5d24f31aeff54ae907816f820ef2a71eba7d2f,32,35,3,71,False
Soil_Labeled_Data/M_30_40/L_70_80/alluvial/z5715141839575_b7b45144485ab528e29f7f20c818087e_M_20_30_light_brown.jpg,Soil_Labeled_Data/M_30_40/L_70_80/alluvial/z5715141839575_b7b45144485ab528e29f7f20c818087e_M_20_30_light_brown.jpg,af26e84a3049b0a6a59f,phash:a9a50068574c2f94,test,a136d2925f828a61949dca2b7b0256117ffe684c9c8533ee357ea725b07c623a,36,37,3,77,False
Soil_Labeled_Data/M_30_40/L_70_80/alluvial/z5715141899556_927d7046b4cb6c9fdf4bc1576d9b3b99_M_20_30_light_brown.jpg,Soil_Labeled_Data/M_30_40/L_70_80/alluvial/z5715141899556_927d7046b4cb6c9fdf4bc1576d9b3b99_M_20_30_light_brown.jpg,d5376048fba552ff26de,phash:f3d6802b35e39c89,train,7aa9806d5788ea99d3026b94ff5200cebeb91fb798313f7c9245360faaa8d44e,34,34,3,75,False
Soil_Labeled_Data/M_30_40/L_70_80/alluvial/z5715142077494_ab24c35df3ee1fd78c4a418b36519a9d_M_20_30_pale_yellow.jpg,Soil_Labeled_Data/M_30_40/L_70_80/alluvial/z5715142077494_ab24c35df3ee1fd78c4a418b36519a9d_M_20_30_pale_yellow.jpg,a883c048f7c5d2354696,phash:c765a32ba3b9b1e0,test,f93965954f3b78ea234ebe3b06d3864033e8c7b84262c6d98142ce5021df3922,37,37,3,79,False
Soil_Labeled_Data/M_30_40/L_70_80/alluvial/z5715142129089_015c9550aeccc7dd88d56342f7ce6df6_M_20_30_light_brown.jpg,Soil_Labeled_Data/M_30_40/L_70_80/alluvial/z5715142129089_015c9550aeccc7dd88d56342f7ce6df6_M_20_30_light_brown.jpg,345ffb1e4fba0fc230c1,phash:637fec9ec7b348d9,validation,4af3a474512fed361244acf8e743ddcbc328a6a837065aa56759179128f8c037,33,34,3,73,False
Soil_Labeled_Data/M_30_40/L_70_80/alluvial/z5715142153919_def0b39ba7565c8f6d5509d4cdd83188_M_20_30_pale_yellow.jpg,Soil_Labeled_Data/M_30_40/L_70_80/alluvial/z5715142153919_def0b39ba7565c8f6d5509d4cdd83188_M_20_30_pale_yellow.jpg,7745b1394258aaef6a31,phash:63b094d6637bb8cd,train,2879d944ea8b37866eb01e49fda2471a4bc71de72d06fdfe0568740077d02d57,33,34,3,71,False
Soil_Labeled_Data/M_30_40/L_70_80/alluvial/z5715142212681_2e4b5f2d5015cf5252daf3e7bdf1c455_M_20_30_pale_yellow.jpg,Soil_Labeled_Data/M_30_40/L_70_80/alluvial/z5715142212681_2e4b5f2d5015cf5252daf3e7bdf1c455_M_20_30_pale_yellow.jpg,0b844f59d53d1bba4394,phash:52ce477933a19c4a,train,313e4574cc5139a8e5df33ce154030b3cfce65fcf5c4d1c6ed18580d1603b61d,38,41,3,70,False
Soil_Labeled_Data/M_30_40/L_80_90/alluvial/z5720115611278_2165bd5b2e5ac713d97400eabcc65d99.jpg,Soil_Labeled_Data/M_30_40/L_80_90/alluvial/z5720115611278_2165bd5b2e5ac713d97400eabcc65d99.jpg,d56db68a0329645c2eef,phash:70066ce13207a235,train,26bb3fee4d57dc0f3c2e373eaccb19a1a4f4b8da2c84829c5918e6d3a9e603b3,35,33,3,84,False
Soil_Labeled_Data/M_30_40/L_80_90/alluvial/z5720115653272_3de34aa127a04a50ac17b19f6c26e982.jpg,Soil_Labeled_Data/M_30_40/L_80_90/alluvial/z5720115653272_3de34aa127a04a50ac17b19f6c26e982.jpg,522f4dc6b54162929fdf,phash:626459e0714fb404,test,c7569787e74310048696c82571cedd2cb89e66b961605a3059711b281284b503,36,38,3,90,False
Soil_Labeled_Data/M_30_40/L_80_90/alluvial/z5720115687004_c7046b6ed304fe8ccbb693c1af288980.jpg,Soil_Labeled_Data/M_30_40/L_80_90/alluvial/z5720115687004_c7046b6ed304fe8ccbb693c1af288980.jpg,dc2f7322d17c965d4f37,phash:7986c044b478daae,train,da67778185dbfeb35e18acd99a4b43850e693e80c558855b36f342b4d4360d30,30,30,3,86,False
Soil_Labeled_Data/M_30_40/L_80_90/alluvial/z5720115727413_e891a8cfc53a007f676e1bac4a0342b5.jpg,Soil_Labeled_Data/M_30_40/L_80_90/alluvial/z5720115727413_e891a8cfc53a007f676e1bac4a0342b5.jpg,473a4f4a33aebb697a01,phash:68fe58b58a79ace5,train,18bc134226d0f0292404508331885ed7ec92dac7ad23953057102c75b475fc2a,37,38,3,81,False
Soil_Labeled_Data/M_30_40/L_80_90/alluvial/z5720115765295_566dab2e381f475c4d17c1f90510d54b.jpg,Soil_Labeled_Data/M_30_40/L_80_90/alluvial/z5720115765295_566dab2e381f475c4d17c1f90510d54b.jpg,7d871def2b0f592ae0ee,phash:aed58a259ead6a36,validation,18bc70fb3bbd74cd8bf3ab88ec4e48b1aa2fdd6673a130490622719209b228e0,35,34,3,85,False
Soil_Labeled_Data/M_30_40/L_80_90/alluvial/z5720115800429_ff01c46a0bb2fd04a0bcfaa21477768c.jpg,Soil_Labeled_Data/M_30_40/L_80_90/alluvial/z5720115800429_ff01c46a0bb2fd04a0bcfaa21477768c.jpg,37b10fe38ef3245b0c3d,phash:6b288e421b9b59cc,test,9a626aede8c742d3909a22277e5a046d567ff352bc7d86b1afa44be176987d0f,31,30,3,86,False
Soil_Labeled_Data/M_30_40/L_80_90/alluvial/z5720115833149_ed8419086eec88fa81ae29e84dd8ee29.jpg,Soil_Labeled_Data/M_30_40/L_80_90/alluvial/z5720115833149_ed8419086eec88fa81ae29e84dd8ee29.jpg,7d74920e75c420fd82ac,phash:e7caa81515007dc6,train,af54ceee1e6ea7ef7a866eb66ec5f0714bf947da83ee39e15e5e8cab789a92e8,32,33,3,88,False
Soil_Labeled_Data/M_30_40/L_80_90/alluvial/z5720115869917_a1c0c0f135fb5443e070ba2cfa3f59b5.jpg,Soil_Labeled_Data/M_30_40/L_80_90/alluvial/z5720115869917_a1c0c0f135fb5443e070ba2cfa3f59b5.jpg,5399127238839d918550,phash:95f443aa52a50ebf,train,75af8544493631632ecb26dbf0ebbaccebb83a95700602043d0f9d43d51d6261,31,32,3,88,False
Soil_Labeled_Data/M_30_40/L_80_90/alluvial/z5720115908066_d971dc1911998ed5477394adeada3648.jpg,Soil_Labeled_Data/M_30_40/L_80_90/alluvial/z5720115908066_d971dc1911998ed5477394adeada3648.jpg,948cbb9c21364e36636e,phash:a9a655b4c2404eed,train,8135a92cf1b73d22b6e345d3c2b34d93ef0ec1487efe4fb4b193d73d326db557,37,35,3,86,False
Soil_Labeled_Data/M_30_40/L_80_90/alluvial/z5720115942754_8be2331cdea2f08eaa20a4d16f47702e.jpg,Soil_Labeled_Data/M_30_40/L_80_90/alluvial/z5720115942754_8be2331cdea2f08eaa20a4d16f47702e.jpg,eb498ebfeb5f7a938612,phash:84986216fec716df,train,b31a63d28142efd56024bd0e38ee4b1118ecaf2eca2f4cb0c721d8c954f5bcb9,34,35,3,87,False
Soil_Labeled_Data/M_30_40/L_80_90/alluvial/z5720115955016_77628ff737c4b80cdf4db3cabe679c96.jpg,Soil_Labeled_Data/M_30_40/L_80_90/alluvial/z5720115955016_77628ff737c4b80cdf4db3cabe679c96.jpg,40e4859841f6461c5799,phash:790ceaf06e875e73,test,1036124b03e417fccc2b2771da3daa5a7aa4639e9c0f2094e2f620f40d734ce6,32,31,3,82,False
Soil_Labeled_Data/M_30_40/L_80_90/alluvial/z5720115969160_90e7c8fe51469c6537b93b0b5051f46d.jpg,Soil_Labeled_Data/M_30_40/L_80_90/alluvial/z5720115969160_90e7c8fe51469c6537b93b0b5051f46d.jpg,17326f97c235bfba4264,phash:87a0fc93f2cf29b3,train,d2d846cd4e716f7399ac6b2fe8d1b99b43285e9b37aad353e7b55b7f2ba4a9b0,30,31,3,80,False
Soil_Labeled_Data/M_30_40/L_80_90/alluvial/z5720115982216_637e10bfdba8825575e6ddce9ee0b4db.jpg,Soil_Labeled_Data/M_30_40/L_80_90/alluvial/z5720115982216_637e10bfdba8825575e6ddce9ee0b4db.jpg,0a2458593f29c4bfa00e,phash:522c1adc444fd47d,test,152c3629f5e51fcdd37dc597a1642fce5df05fa051ff1e636ab64591586992fa,30,30,3,89,False
Soil_Labeled_Data/M_30_40/L_80_90/alluvial/z5720115994271_6ee046f5429b540fab54644ee387967d.jpg,Soil_Labeled_Data/M_30_40/L_80_90/alluvial/z5720115994271_6ee046f5429b540fab54644ee387967d.jpg,bf5347894784387faaf4,phash:53a18805beeb0d82,train,f78a84e7b2a6e850c20e699b6715e85009c356da4b0001f92227be59ff662b36,30,32,3,83,False
Soil_Labeled_Data/M_30_40/L_80_90/alluvial/z5720116009994_7473d14d835476f47632659bffa27b72.jpg,Soil_Labeled_Data/M_30_40/L_80_90/alluvial/z5720116009994_7473d14d835476f47632659bffa27b72.jpg,b71ca4caa73acc7027e8,phash:e7a7071bb960f512,train,6dd61e46951640ce81a122981b61d8e716bfb01a13aa1ca5643228cd448c10c7,40,40,3,87,False
Soil_Labeled_Data/M_30_40/L_80_90/alluvial/z5720116028219_3547ed7fc4e58ca77d0a9c04ad52a29b.jpg,Soil_Labeled_Data/M_30_40/L_80_90/alluvial/z5720116028219_3547ed7fc4e58ca77d0a9c04ad52a29b.jpg,f2abc8a73901eae9ad9e,phash:550f17b8a00c5d3d,test,356b4f61f11c3f3639169e6ac8da9d34ad8d408c85fcafa9b03665c25a2c2d22,32,33,3,82,False
Soil_Labeled_Data/M_30_40/L_80_90/alluvial/z5720116040527_64efc6d26d1ee063c31ac7c808603d38.jpg,Soil_Labeled_Data/M_30_40/L_80_90/alluvial/z5720116040527_64efc6d26d1ee063c31ac7c808603d38.jpg,98c66d5a4ed200125a0c,phash:7fef4dde43e48360,train,7230e1cf8fc623e3ff5e052ad819fe35ff56d2740228ea685e65aeff6f9082f1,37,38,3,88,False
Soil_Labeled_Data/M_30_40/L_80_90/alluvial/z5720116056023_3d3d361e4d7255ed7de4195fa640e456.jpg,Soil_Labeled_Data/M_30_40/L_80_90/alluvial/z5720116056023_3d3d361e4d7255ed7de4195fa640e456.jpg,8646a555a465a830b281,phash:66180ed7d7b26e4d,train,5873f295503021948402983e0b69c19684e53795933b1f0e7413811e5fe0efb1,33,33,3,80,False
Soil_Labeled_Data/M_30_40/L_80_90/alluvial/z5720116069849_bcc6949c92dd61a3b67028202e4c3c2a.jpg,Soil_Labeled_Data/M_30_40/L_80_90/alluvial/z5720116069849_bcc6949c92dd61a3b67028202e4c3c2a.jpg,e44f9cc03f7f33c1e7f4,phash:32fa337bf04ea824,train,e7d94a42af104da7bdf576e1af439aa873e09e789ad3de009fe5f51e79b02b3f,36,37,3,84,False
Soil_Labeled_Data/M_30_40/L_80_90/alluvial/z5720116085194_b4c6d844bda5f6a7533e048925576cdd.jpg,Soil_Labeled_Data/M_30_40/L_80_90/alluvial/z5720116085194_b4c6d844bda5f6a7533e048925576cdd.jpg,ee5f037344150d793037,phash:50850ca5bd08d144,train,d27c8f193d45dc320ed6bfa0639a1374901b85f74b60878fbb42dd02333cc0a0,33,33,3,80,False
Soil_Labeled_Data/M_30_40/L_90_100/alluvial/z5720142535965_7f8fdeed5b9f25c4800540f4c7109134.jpg,Soil_Labeled_Data/M_30_40/L_90_100/alluvial/z5720142535965_7f8fdeed5b9f25c4800540f4c7109134.jpg,5a341cd1b592f07b47e6,phash:6510f6bdb0172e7d,train,cbcffdd73df06e0b072756c13f9f0563e8072b9b0b5a5f3023123493706fc4bd,37,35,3,95,False
Soil_Labeled_Data/M_30_40/L_90_100/alluvial/z5720142605939_7caf2dad0259dceaa9b82d0f49f18ce1.jpg,Soil_Labeled_Data/M_30_40/L_90_100/alluvial/z5720142605939_7caf2dad0259dceaa9b82d0f49f18ce1.jpg,e5922ce6cb21fe5c9243,phash:4fc1288e79818782,test,1d9f70a629ed7f33b5bb9dcbf9d2edf129960e30bc7d5a1fad18323eb20bc184,33,35,3,93,False
Soil_Labeled_Data/M_30_40/L_90_100/alluvial/z5720142667793_1b68b578374e456dec54d6a7942a78c6.jpg,Soil_Labeled_Data/M_30_40/L_90_100/alluvial/z5720142667793_1b68b578374e456dec54d6a7942a78c6.jpg,0bc37eda3a1f9f7279f2,phash:c87437fc240e682d,train,85901716749fa7f57af05ad4b6a317f26c6e420ba47d3b76e87ff45ecdfcd54d,30,31,3,100,False
Soil_Labeled_Data/M_30_40/L_90_100/alluvial/z5720142732215_24153a5f94f1690b1290a7adb4f344d9.jpg,Soil_Labeled_Data/M_30_40/L_90_100/alluvial/z5720142732215_24153a5f94f1690b1290a7adb4f344d9.jpg,a9da3f249e47b562e811,phash:2907e22073607f47,train,1ce12e72af799f3ef641eac772e49eaa601410979f064594ee0697444163f229,32,31,3,98,False
Soil_Labeled_Data/M_30_40/L_90_100/alluvial/z5720142803519_7e7073968e86e15707d41ef2d1f8a1cb.jpg,Soil_Labeled_Data/M_30_40/L_90_100/alluvial/z5720142803519_7e7073968e86e15707d41ef2d1f8a1cb.jpg,ea620fad2572c87eb336,phash:1d3c79345db274e1,validation,f6f490aa8c06c3f394c6af6b860648034089de50325cbb7a66c6e52da0ace352,32,31,3,96,False
Soil_Labeled_Data/M_30_40/L_90_100/alluvial/z5720142873591_1e258c120dc7fd38c4364dc88310cf49.jpg,Soil_Labeled_Data/M_30_40/L_90_100/alluvial/z5720142873591_1e258c120dc7fd38c4364dc88310cf49.jpg,8904fdbf6bb012585452,phash:37f43628cfd7ed16,train,5d994566c0b179988accce70d34367cca75f3d938d184b5d7c8c9558266443ca,33,31,3,99,False
Soil_Labeled_Data/M_30_40/L_90_100/alluvial/z5720142944680_d4f5166a1f72d6cb4ddfe9316119b767.jpg,Soil_Labeled_Data/M_30_40/L_90_100/alluvial/z5720142944680_d4f5166a1f72d6cb4ddfe9316119b767.jpg,4cbcebd06995963b1d0b,phash:22eb69568175d464,train,ca85bf8ff5a35539fefbb847acbe12f7f32ecbe248c145a844b511e7bc339c0a,37,38,3,90,False
Soil_Labeled_Data/M_30_40/L_90_100/alluvial/z5720143012313_856304851294ecc8b5397b9311a48d88.jpg,Soil_Labeled_Data/M_30_40/L_90_100/alluvial/z5720143012313_856304851294ecc8b5397b9311a48d88.jpg,967ff7012e4ac03f413f,phash:9c51db259dcbbf83,test,94810c6b3fdfa00d052e30ee95c826701f36d5f4d5e9255127c10e702b24802f,31,33,3,99,False
Soil_Labeled_Data/M_30_40/L_90_100/alluvial/z5720143078801_9e7f2d067ac7542cc6f3b8a5bd731451.jpg,Soil_Labeled_Data/M_30_40/L_90_100/alluvial/z5720143078801_9e7f2d067ac7542cc6f3b8a5bd731451.jpg,3bea9981114ac4005224,phash:26fda731e9de7d40,train,323a8ac7e9832d5f0b28a04df602dc3fc509c5d0fbaf03cc9c92e70db03d6391,39,40,3,90,False
Soil_Labeled_Data/M_30_40/L_90_100/alluvial/z5720143090213_a08a9f5a97cdc656748cb7fa75edf338.jpg,Soil_Labeled_Data/M_30_40/L_90_100/alluvial/z5720143090213_a08a9f5a97cdc656748cb7fa75edf338.jpg,d548a2e31f798220120b,phash:b0b7d47db6639108,validation,ad01962ff96b59c7f2e01deccfcfb26565289a1874d4cb18321c4c670dac82f3,37,36,3,94,False
Soil_Labeled_Data/M_30_40/L_90_100/alluvial/z5720143103699_d6de3602e00ee02916b885433cd153ac.jpg,Soil_Labeled_Data/M_30_40/L_90_100/alluvial/z5720143103699_d6de3602e00ee02916b885433cd153ac.jpg,3a08df9ab58651e939a3,phash:dcb5f1e62586665b,train,22f013a0c4a1d0d774875af11dd19a5943ec5cf8b4947bac016c8b4c94101565,35,36,3,97,False
Soil_Labeled_Data/M_30_40/L_90_100/alluvial/z5720143115861_efed4878483a1f7e23629c7386a6d09d.jpg,Soil_Labeled_Data/M_30_40/L_90_100/alluvial/z5720143115861_efed4878483a1f7e23629c7386a6d09d.jpg,a558ac5f3bb9b35369ee,phash:7b1d125189867c87,test,a1d2f3dcbdb6deac51cc360ad72c91414c27231fa74aed3ec9a80915a864b819,34,33,3,92,False
Soil_Labeled_Data/M_30_40/L_90_100/alluvial/z5720143128222_276e4e8586100105a226ae375886a943.jpg,Soil_Labeled_Data/M_30_40/L_90_100/alluvial/z5720143128222_276e4e8586100105a226ae375886a943.jpg,00d5f023511abaf8e676,phash:e92eaca4ff3b1796,test,00905821ecc223e991a8ae79e30a1d0e96b33018482c53840d07dd7f2a6ed88b,40,40,3,90,False
Soil_Labeled_Data/M_30_40/L_90_100/alluvial/z5720143138433_5a1eba502028ab521a9ccc45f968b42d.jpg,Soil_Labeled_Data/M_30_40/L_90_100/alluvial/z5720143138433_5a1eba502028ab521a9ccc45f968b42d.jpg,bf74757ce16828e09e77,phash:11f61dd650eab9c1,train,524dd00cf9334bab01402f9145428779b1cb96912a8f0c138dbce8e413024df2,32,34,3,96,False
Soil_Labeled_Data/M_30_40/L_90_100/alluvial/z5720143154446_d6236257ccb21858bbf8354df5e10a69.jpg,Soil_Labeled_Data/M_30_40/L_90_100/alluvial/z5720143154446_d6236257ccb21858bbf8354df5e10a69.jpg,4390dc82b013d8bfbe57,phash:d2cf4d307ee06b51,test,28778be0bae3539683f2940129076cf100dfde68b5c5159cc728f519231fc91e,38,40,3,91,False
Soil_Labeled_Data/M_30_40/L_90_100/alluvial/z5720143165808_c048ad1ab07ddbb36a302d65772e88c8.jpg,Soil_Labeled_Data/M_30_40/L_90_100/alluvial/z5720143165808_c048ad1ab07ddbb36a302d65772e88c8.jpg,c8b7c04fd443f160cc9b,phash:0285effacff0304c,validation,9905aa20c91ef10e1318eef77539884be05c4c10b902e962b74c76325f6724c8,31,29,3,99,False
Soil_Labeled_Data/M_30_40/L_90_100/alluvial/z5720143165808_c048ad1ab07ddbb36a302d65772e88c8_aug_00_dark_brown.jpg,Soil_Labeled_Data/M_30_40/L_90_100/alluvial/z5720143165808_c048ad1ab07ddbb36a302d65772e88c8_aug_00_dark_brown.jpg,4035ecfe9554d317a060,phash:0285effacff0304c,validation,e6b8ef9942e574eebb354364813814ec3b490d762e565f8ad6b8d28c37355353,37,39,3,90,False
Soil_Labeled_Data/M_30_40/L_90_100/alluvial/z5720143180627_8991003c4168f68248331f4ae3cb75d1.jpg,Soil_Labeled_Data/M_30_40/L_90_100/alluvial/z5720143180627_8991003c4168f68248331f4ae3cb75d1.jpg,2110bdaa4c861acb2b14,phash:b1dd5e518be03381,train,ade40a65a23d306319ba2fadfc9c4d5eeaf049ca4046bd5fc41ea69a2e373fa9,40,42,3,95,False
Soil_Labeled_Data/M_30_40/L_90_100/alluvial/z5720143180627_8991003c4168f68248331f4ae3cb75d1_aug_01_light_brown.jpg,Soil_Labeled_Data/M_30_40/L_90_100/alluvial/z5720143180627_8991003c4168f68248331f4ae3cb75d1_aug_01_light_brown.jpg,deea33b76153b3e122e1,phash:b1dd5e518be03381,train,44cb568e194d3d11605947f2c773201dab6481d2f02554cff9c0dc299568c861,33,31,3,96,False
Soil_Labeled_Data/M_30_40/L_90_100/alluvial/z5720143191868_a2e1d248c34ba593baf30b4defe0d1dd.jpg,Soil_Labeled_Data/M_30_40/L_90_100/alluvial/z5720143191868_a2e1d248c34ba593baf30b4defe0d1dd.jpg,c8faee8fb0285caf4888,phash:4629140a527a816d,train,9650caa2b1d13f950242ad63651c99f623a0fd736adc8468372e2f4148af1032,37,36,3,92,False
Soil_Labeled_Data/M_40_50/L_0_10/alluvial/IMG_0405_M_10_20_light_brown.jpg,Soil_Labeled_Data/M_40_50/L_0_10/alluvial/IMG_0405_M_10_20_light_brown.jpg,4cd9ad0f1383c5d89381,phash:d293e35d1ace3822,train,f58f045248f83a63a5932cfe29e3c68da3633d3a6bd007a218d37763c0be1edf,41,45,4,0,False
Soil_Labeled_Data/M_40_50/L_0_10/alluvial/IMG_0406_M_10_20_gray_brown.jpg,Soil_Labeled_Data/M_40_50/L_0_10/alluvial/IMG_0406_M_10_20_gray_brown.jpg,eb4c0b29b6ab7bf6da6e,phash:2a3d63a832df8b6a,train,e69b8a6ebf707ab9f9d8b6314ec4d81c61f6ec9dbf9c4661d9a36be209d98dcd,49,53,4,4,False
Soil_Labeled_Data/M_40_50/L_0_10/alluvial/IMG_0407_M_10_20_light_brown.jpg,Soil_Labeled_Data/M_40_50/L_0_10/alluvial/IMG_0407_M_10_20_light_brown.jpg,94c053e7b086058d4bb5,phash:5a8689019efd65eb,train,81a5a16db7260abda35ef6f5045f51d8f0386c1d23a43b56bef34e9c6968c131,41,45,4,7,False
Soil_Labeled_Data/M_40_50/L_0_10/alluvial/IMG_0410_M_10_20_clayish_red.jpg,Soil_Labeled_Data/M_40_50/L_0_10/alluvial/IMG_0410_M_10_20_clayish_red.jpg,71d55d36d79d33deec15,phash:cd4cf2843f97fd62,train,10544bc9c46b08031c65a8d4115da6fdc14753476dbad7feb818cde6cf351130,42,45,4,6,False
Soil_Labeled_Data/M_40_50/L_0_10/alluvial/IMG_0417_M_10_20_clayish_red.jpg,Soil_Labeled_Data/M_40_50/L_0_10/alluvial/IMG_0417_M_10_20_clayish_red.jpg,3da205e3300aad16838a,phash:4c2fadc1863437f5,train,361b3e5ee2262f305c3e7cb8d26470a7c87a2a60f5c62fe06c76b57c648d09b4,45,49,4,5,False
Soil_Labeled_Data/M_40_50/L_0_10/alluvial/IMG_0422_M_10_20_light_brown.jpg,Soil_Labeled_Data/M_40_50/L_0_10/alluvial/IMG_0422_M_10_20_light_brown.jpg,305ce3f28c434ac62aec,phash:0c51539d2147ccea,train,8ee092c2b08e9b102ddbcda8400b99260a235e71335a51d4fce43d06e1bb35e1,49,52,4,8,False
Soil_Labeled_Data/M_40_50/L_0_10/alluvial/IMG_0426_M_10_20_light_brown.jpg,Soil_Labeled_Data/M_40_50/L_0_10/alluvial/IMG_0426_M_10_20_light_brown.jpg,fb719a88815771f5eb65,phash:2a18dc4e41d5dcd8,validation,c8735c92efba9404274665f38f68b2753fdec1d56aa9a521ad9713e25f6649d4,45,49,4,6,False
Soil_Labeled_Data/M_40_50/L_0_10/alluvial/z5714094952173_37de5e4626cba119a6ebdfab7db38cd7_M_0_10_light_brown.jpg,Soil_Labeled_Data/M_40_50/L_0_10/alluvial/z5714094952173_37de5e4626cba119a6ebdfab7db38cd7_M_0_10_light_brown.jpg,8c06a4d32a1c01b6fb47,phash:446244e7bede194d,train,38b7fe6165afa2a1b315e12b54fd4d1583a9956973c38970a14ea29c50a5257c,44,50,4,9,False
Soil_Labeled_Data/M_40_50/L_0_10/alluvial/z5714095067177_c28910a39d05d545c1eb98c0765e3032_M_0_10_clayish_red.jpg,Soil_Labeled_Data/M_40_50/L_0_10/alluvial/z5714095067177_c28910a39d05d545c1eb98c0765e3032_M_0_10_clayish_red.jpg,93cca4974afdd060d74e,phash:b789574e7dbd2ac9,train,8032f7b5be309850a7b9d5ede1a586f42cafab8b5012260695e7ae0cd5c33fdf,45,47,4,10,False
Soil_Labeled_Data/M_40_50/L_0_10/alluvial/z5714095161888_3d5bfbb45a821c7b8a0a0889e60fa9e1_M_0_10_pale_yellow.jpg,Soil_Labeled_Data/M_40_50/L_0_10/alluvial/z5714095161888_3d5bfbb45a821c7b8a0a0889e60fa9e1_M_0_10_pale_yellow.jpg,3ee0e5284fa3f25dda43,phash:c27cce186c3e173c,train,1a9b4f23ecfc2cd9ed51bddc81a6c1e4cae98b14e276b83767d3a9c092214fe2,49,55,4,7,False
Soil_Labeled_Data/M_40_50/L_0_10/alluvial/z5714095210827_634539ecd685150ff3660fcd3aeaba39_M_0_10_light_brown.jpg,Soil_Labeled_Data/M_40_50/L_0_10/alluvial/z5714095210827_634539ecd685150ff3660fcd3aeaba39_M_0_10_light_brown.jpg,dd46e3012f4d507a1168,phash:172cb05405f928fb,train,f6c51d169f33fe75e1042ee890d473031bf586c02b34bb40bc1d3d16b34cba09,45,47,4,1,False
Soil_Labeled_Data/M_40_50/L_0_10/alluvial/z5714095397323_3ba8d5731fe9ad72ecd36a4f5fe55be2_M_0_10_pale_yellow.jpg,Soil_Labeled_Data/M_40_50/L_0_10/alluvial/z5714095397323_3ba8d5731fe9ad72ecd36a4f5fe55be2_M_0_10_pale_yellow.jpg,7fffed7a50d9076dd666,phash:310da61118750dd1,train,52521a214a8a78109eba92dc7844562506dad571e0fc1e21518cd3aff9bca48d,47,50,4,0,False
Soil_Labeled_Data/M_40_50/L_0_10/alluvial/z5716041534082_306e15f5e30046bae34f62036b4539ae_M_30_40_light_brown.jpg,Soil_Labeled_Data/M_40_50/L_0_10/alluvial/z5716041534082_306e15f5e30046bae34f62036b4539ae_M_30_40_light_brown.jpg,eac0df83c9625e657617,phash:c5aff319a2d7cce7,test,51fb28f17418c14f83eb8c8c318a0e6bb12a1a7b267df16a6eaae4175e5398c4,50,53,4,0,False
Soil_Labeled_Data/M_40_50/L_0_10/alluvial/z5716041600867_155ef81185111d0c63d0fb1432ad825c_M_30_40_gray_brown.jpg,Soil_Labeled_Data/M_40_50/L_0_10/alluvial/z5716041600867_155ef81185111d0c63d0fb1432ad825c_M_30_40_gray_brown.jpg,289462dc78123a8d7765,phash:2948186771d3df59,train,1a5cc40e50115a1081eb34ab774e5850d126ca2d7476c3c7eb8aeace69e190c7,47,51,4,3,False
Soil_Labeled_Data/M_40_50/L_0_10/alluvial/z5716041641006_4402096ed77e6521a8e53bcaf1ff039a_M_30_40_light_brown.jpg,Soil_Labeled_Data/M_40_50/L_0_10/alluvial/z5716041641006_4402096ed77e6521a8e53bcaf1ff039a_M_30_40_light_brown.jpg,9ed06d5d5c38331d2fca,phash:0f7995ee1086811b,train,efd68db0771f760704f86c8a31b87c804e6b72e9d49ee2066435b2f8baf5277e,41,45,4,3,False
Soil_Labeled_Data/M_40_50/L_0_10/alluvial/z5716041844114_ff29c3aa34e5e5744c16680220233e4e_M_30_40_clayish_red.jpg,Soil_Labeled_Data/M_40_50/L_0_10/alluvial/z5716041844114_ff29c3aa34e5e5744c16680220233e4e_M_30_40_clayish_red.jpg,e9d79e7087786069b5b3,phash:f8e6c65d593b1547,test,bc6016117a6987c82d060ad24d4e6d1d2ccecb3f535d89370b35a05fd3a6064a,44,50,4,9,False
Soil_Labeled_Data/M_40_50/L_0_10/alluvial/z5716042004626_672a27bdaa4badcf207b29a4dbf173b0_M_30_40_pale_yellow.jpg,Soil_Labeled_Data/M_40_50/L_0_10/alluvial/z5716042004626_672a27bdaa4badcf207b29a4dbf173b0_M_30_40_pale_yellow.jpg,14dd7e3b732b04ebe421,phash:156bd532f6d70aa4,train,9c324943940e70f398c4c3fca120a8bf01b4f1b8b9ad6bccb13886d376d8d799,46,51,4,3,False
Soil_Labeled_Data/M_40_50/L_0_10/alluvial/z5716042134688_b9c0dd073d73e642655a3f55330bce08_M_30_40_pale_yellow.jpg,Soil_Labeled_Data/M_40_50/L_0_10/alluvial/z5716042134688_b9c0dd073d73e642655a3f55330bce08_M_30_40_pale_yellow.jpg,1bcc6e5079a44cbad90b,phash:3385bfbe7d6ac5f4,train,3bf195620ef09ee6a37016d4e133573f5358dce9b5f120b99aa233b73163345d,41,47,4,2,False
Soil_Labeled_Data/M_40_50/L_0_10/alluvial/z5716042289286_4f5ba54e9a7dd70e051e6c0bf403d0f8_M_30_40_pale_yellow.jpg,Soil_Labeled_Data/M_40_50/L_0_10/alluvial/z5716042289286_4f5ba54e9a7dd70e051e6c0bf403d0f8_M_30_40_pale_yellow.jpg,d1a825dd4c8adf923e8f,phash:038e7ee2adbaeb19,train,896dbdf39ec8e270a830692e16a235fa7ee19de998440f2eda1cee802474504c,49,54,4,0,False
Soil_Labeled_Data/M_40_50/L_0_10/alluvial/z5716042393202_8e123a1e78f84eda2b3a3bd5bfe377a3_M_30_40_gray_brown.jpg,Soil_Labeled_Data/M_40_50/L_0_10/alluvial/z5716042393202_8e123a1e78f84eda2b3a3bd5bfe377a3_M_30_40_gray_brown.jpg,a8d5ad7c87f1e33bee90,phash:656225373357816c,test,5bf405c1145dd84fb518c14fd394ca5a6fd0591fb73601a02ac6c3cf939ccca3,41,47,4,10,False
Soil_Labeled_Data/M_40_50/L_10_20/alluvial/IMG_0007_M_0_10_clayish_red.jpg,Soil_Labeled_Data/M_40_50/L_10_20/alluvial/IMG_0007_M_0_10_clayish_red.jpg,d5b22055732873ce50fa,phash:432c8ed6a163119e,train,a65aa57d11e39ce1207aff3136853461900606a510faf9feddc124c0e18ba08c,43,48,4,17,False
Soil_Labeled_Data/M_40_50/L_10_20/alluvial/IMG_0009_M_0_10_gray_brown.jpg,Soil_Labeled_Data/M_40_50/L_10_20/alluvial/IMG_0009_M_0_10_gray_brown.jpg,ceb0989060057ea944e7,phash:41a7248972494349,test,529108cb5922aafd84eb85f57f609a2b7f70e9433fb0755d6efcc444909cc999,46,51,4,12,False
Soil_Labeled_Data/M_40_50/L_10_20/alluvial/IMG_0013_M_0_10_clayish_red.jpg,Soil_Labeled_Data/M_40_50/L_10_20/alluvial/IMG_0013_M_0_10_clayish_red.jpg,db69cd93df73b1be4f1c,phash:48f6918d6268138f,train,79ea184c105e15024dd64004f77af0aebf7f4869abfbc4601a4b53fdc64329cd,45,51,4,13,False
Soil_Labeled_Data/M_40_50/L_10_20/alluvial/IMG_0014_M_0_10_pale_yellow.jpg,Soil_Labeled_Data/M_40_50/L_10_20/alluvial/IMG_0014_M_0_10_pale_yellow.jpg,a3c7e29a669ad38b2800,phash:28ae9471e98b75c2,train,50a1217020b01ebb31b6f1d34746f279dd68f3154b0968bd0c4eaef164d9c028,44,48,4,12,False
Soil_Labeled_Data/M_40_50/L_10_20/alluvial/IMG_0015_M_0_10_gray_brown.jpg,Soil_Labeled_Data/M_40_50/L_10_20/alluvial/IMG_0015_M_0_10_gray_brown.jpg,2b625ce5cbb8bfc4b23b,phash:50f54d5c2b51e8f5,train,f33a29b3e152814750acfb399e7a6ae3554b9e3d83172b3c23f8f554ba8eb468,48,54,4,19,False
Soil_Labeled_Data/M_40_50/L_10_20/alluvial/IMG_0016_M_0_10_gray_brown.jpg,Soil_Labeled_Data/M_40_50/L_10_20/alluvial/IMG_0016_M_0_10_gray_brown.jpg,bbec3f087500b9f4a812,phash:7529af5f13d5be22,train,d70c4c91279311dfa2d1079962c367536f180993a65398b5695ecdd16cc65a1c,43,48,4,19,False
Soil_Labeled_Data/M_40_50/L_10_20/alluvial/IMG_0019_M_0_10_pale_yellow.jpg,Soil_Labeled_Data/M_40_50/L_10_20/alluvial/IMG_0019_M_0_10_pale_yellow.jpg,220c0d41846d29a96cc4,phash:5c15da2b7184a2e6,train,bc525a6a50675ade00c8b0ee1d730c79227cb5727d3b28d62d49639dfb35ede8,47,50,4,11,False
Soil_Labeled_Data/M_40_50/L_10_20/alluvial/IMG_0022_M_0_10_gray_brown.jpg,Soil_Labeled_Data/M_40_50/L_10_20/alluvial/IMG_0022_M_0_10_gray_brown.jpg,5cecad23aac00492e034,phash:e6ba7456dbfd0c6a,train,acd48d4b89d3c9afdf6162cd871146ad86946de31f1832d6473c1d613b1cd16d,48,51,4,11,False
Soil_Labeled_Data/M_40_50/L_10_20/alluvial/IMG_0025_M_0_10_gray_brown.jpg,Soil_Labeled_Data/M_40_50/L_10_20/alluvial/IMG_0025_M_0_10_gray_brown.jpg,90238cb87a07d52667af,phash:76e985df32d5e5e3,train,bd70c4f0d2406e92253be0ba3bf0a8e9174d94675b2c21fb22c8fceca3d6b236,44,49,4,19,False
Soil_Labeled_Data/M_40_50/L_10_20/alluvial/IMG_0027_M_0_10_clayish_red.jpg,Soil_Labeled_Data/M_40_50/L_10_20/alluvial/IMG_0027_M_0_10_clayish_red.jpg,abb463103daf2cff8197,phash:313284474eb8bf51,train,c569803627b65d8fff85c22c835f8446e26a85cd929bb68d450fe1499a137ca3,40,42,4,16,False
Soil_Labeled_Data/M_40_50/L_10_20/alluvial/IMG_0455_M_10_20_clayish_red.jpg,Soil_Labeled_Data/M_40_50/L_10_20/alluvial/IMG_0455_M_10_20_clayish_red.jpg,6bd1b74c4a5c5fb2970e,phash:53b7aa674373494c,test,943121b1a5f77824d5d00ab93797bd64fb01d58f8d2b4b84944bb3628b6392ad,48,50,4,15,False
Soil_Labeled_Data/M_40_50/L_10_20/alluvial/IMG_0456_M_10_20_gray_brown.jpg,Soil_Labeled_Data/M_40_50/L_10_20/alluvial/IMG_0456_M_10_20_gray_brown.jpg,9addd3de7d38e5b5219c,phash:93e21936b8adaeb4,train,dbfd786b549a465dcb2019e50e361dc538bbfad3fd862767253bb570f3635357,48,52,4,14,False
Soil_Labeled_Data/M_40_50/L_10_20/alluvial/IMG_0457_M_10_20_clayish_red.jpg,Soil_Labeled_Data/M_40_50/L_10_20/alluvial/IMG_0457_M_10_20_clayish_red.jpg,955b664396111abcd3c1,phash:4af546806af8d36b,train,54689ba1878978481a6a38a42b1a9cd132d7ea667561edcd5180cd196658b93a,43,47,4,13,False
Soil_Labeled_Data/M_40_50/L_10_20/alluvial/IMG_0458_M_10_20_gray_brown.jpg,Soil_Labeled_Data/M_40_50/L_10_20/alluvial/IMG_0458_M_10_20_gray_brown.jpg,2f60804ab2bf58cf17ad,phash:7f5657f9fefd180e,train,0e5fee3eb391d78f46e2da5c709c2730e4653166643eab78a399f7872cd11090,43,47,4,20,False
Soil_Labeled_Data/M_40_50/L_10_20/alluvial/IMG_0465_M_10_20_pale_yellow.jpg,Soil_Labeled_Data/M_40_50/L_10_20/alluvial/IMG_0465_M_10_20_pale_yellow.jpg,c3ed9b9bc44bcc6c419d,phash:c63b19b3f5971d7f,test,3127e721bcf0f963026b38b85782d9703942445e14eed5a58293effefa55a508,45,50,4,16,False
Soil_Labeled_Data/M_40_50/L_10_20/alluvial/IMG_0467_M_10_20_gray_brown.jpg,Soil_Labeled_Data/M_40_50/L_10_20/alluvial/IMG_0467_M_10_20_gray_brown.jpg,771925e4d2cd5dc0af3b,phash:fc7e457909a67caf,train,0f1db297615603de30ee65b1465ccac56a3e514d8868dd44edd44b4d0c2ea42d,50,54,4,10,False
Soil_Labeled_Data/M_40_50/L_10_20/alluvial/IMG_0468_M_10_20_clayish_red.jpg,Soil_Labeled_Data/M_40_50/L_10_20/alluvial/IMG_0468_M_10_20_clayish_red.jpg,ca74976d2fc5b730fbef,phash:5f2439590420e2c9,train,9f9284ed19da861c52e0c0782c96a59c3c6744cdca53f61a748dc902ddd33d2c,48,53,4,12,False
Soil_Labeled_Data/M_40_50/L_10_20/alluvial/z5716081506381_3d09fae82a727de4543e6209de51152c_M_30_40_clayish_red.jpg,Soil_Labeled_Data/M_40_50/L_10_20/alluvial/z5716081506381_3d09fae82a727de4543e6209de51152c_M_30_40_clayish_red.jpg,a6be932d1d37e223e974,phash:f9ff82bd56464b67,train,f12ad9218b2790f1af7293fe97412c63f14710e4c55caae4a3d2236f935473bc,49,54,4,10,False
Soil_Labeled_Data/M_40_50/L_10_20/alluvial/z5716081722638_c5469396c1e35eacca15c178956594c9_M_30_40_light_brown.jpg,Soil_Labeled_Data/M_40_50/L_10_20/alluvial/z5716081722638_c5469396c1e35eacca15c178956594c9_M_30_40_light_brown.jpg,0aa49bb1f1916e5a6ec6,phash:5842a5560e2b0093,train,70707f2b8425d22f6066681d470a859eab927f04d6355f2c6bd7e4ef2b0b8f66,49,52,4,17,False
Soil_Labeled_Data/M_40_50/L_10_20/alluvial/z5716081732799_46a8abd72cd445d5fc7f7576562133ff_M_30_40_light_brown.jpg,Soil_Labeled_Data/M_40_50/L_10_20/alluvial/z5716081732799_46a8abd72cd445d5fc7f7576562133ff_M_30_40_light_brown.jpg,1e5be985d70f7271019c,phash:b23adc85a3d4f286,train,1b0b6278cc76329d275c74a66ec9d174bae109ba9f320b1d71aea640c82e89a3,48,53,4,16,False
Soil_Labeled_Data/M_40_50/L_20_30/alluvial/IMG_0052_M_0_10_pale_yellow.jpg,Soil_Labeled_Data/M_40_50/L_20_30/alluvial/IMG_0052_M_0_10_pale_yellow.jpg,fbf61bb0a97a50e1ef27,phash:03e65f3ddfc64595,test,fc613ab746341210accc76941abcc828873b06e4270d59de154ffe8837a9c68d,44,49,4,22,False
Soil_Labeled_Data/M_40_50/L_20_30/alluvial/IMG_0056_M_0_10_clayish_red.jpg,Soil_Labeled_Data/M_40_50/L_20_30/alluvial/IMG_0056_M_0_10_clayish_red.jpg,d26203ca3145273ca2c0,phash:0935ecdbb458c371,train,8f9b2493d490f8ab853dce3ce47e899bf62c8be1b3fac125b06c50f4fe1c7816,49,53,4,28,False
Soil_Labeled_Data/M_40_50/L_20_30/alluvial/IMG_0059_M_0_10_pale_yellow.jpg,Soil_Labeled_Data/M_40_50/L_20_30/alluvial/IMG_0059_M_0_10_pale_yellow.jpg,22ced3569fbeceabe1a0,phash:c681ac1b33256bae,train,501b7c316ed1223d3f215b88013fea2fb9518f88a59bcb0c976e41770291232d,46,51,4,27,False
Soil_Labeled_Data/M_40_50/L_20_30/alluvial/IMG_0060_M_0_10_light_brown.jpg,Soil_Labeled_Data/M_40_50/L_20_30/alluvial/IMG_0060_M_0_10_light_brown.jpg,db800ef4b6c67976fe42,phash:87c8fa61621fe9bb,train,f1679af45a432c7a084adba9fc9ac30b92e1f7d39fff240617962d9362f6561b,45,46,4,26,False
Soil_Labeled_Data/M_40_50/L_20_30/alluvial/IMG_0061_M_0_10_light_brown.jpg,Soil_Labeled_Data/M_40_50/L_20_30/alluvial/IMG_0061_M_0_10_light_brown.jpg,ce3ce979d53bcfd9b4bb,phash:cce9eea346aa1c01,train,0c8e15e73cfc00f6ad008e8fe1dc855e07eb4ae3f43a844463d7b4dd1186787f,46,48,4,24,False
Soil_Labeled_Data/M_40_50/L_20_30/alluvial/IMG_0061_M_0_10_pale_yellow.jpg,Soil_Labeled_Data/M_40_50/L_20_30/alluvial/IMG_0061_M_0_10_pale_yellow.jpg,1ff7ea77fa9b54501565,phash:cce9eea346aa1c01,train,3cb7374dc740f14853ecbbc1fa0e98c453924c147970a891000569d20b3a3e7a,47,52,4,21,False
Soil_Labeled_Data/M_40_50/L_20_30/alluvial/IMG_0067_M_0_10_light_brown.jpg,Soil_Labeled_Data/M_40_50/L_20_30/alluvial/IMG_0067_M_0_10_light_brown.jpg,f8b09dabada6cb2112fd,phash:a9be8da516abc599,train,037d07a15b10975a8035b56abd48ea3602d1733a9f84e77d074e2d8e9cc65a95,47,48,4,24,False
Soil_Labeled_Data/M_40_50/L_20_30/alluvial/IMG_0068_M_0_10_light_brown.jpg,Soil_Labeled_Data/M_40_50/L_20_30/alluvial/IMG_0068_M_0_10_light_brown.jpg,7177a1e8d2e46e23f1f0,phash:fb2d21f2c87c356c,train,0a669e6f9daa78f7475f78cb4400dacdd58ccc0d4fa92a125f627812d0646aa7,40,42,4,27,False
Soil_Labeled_Data/M_40_50/L_20_30/alluvial/IMG_0504_M_10_20_pale_yellow.jpg,Soil_Labeled_Data/M_40_50/L_20_30/alluvial/IMG_0504_M_10_20_pale_yellow.jpg,304651d28e906419d426,phash:68c0216d4e775305,train,8c32c34f25bb1e93abfc0586998c22bc8e6b1d48fe81fb9df3502942fea748ba,42,46,4,26,False
Soil_Labeled_Data/M_40_50/L_20_30/alluvial/IMG_0506_M_10_20_pale_yellow.jpg,Soil_Labeled_Data/M_40_50/L_20_30/alluvial/IMG_0506_M_10_20_pale_yellow.jpg,1c81dba8c944c77f33d9,phash:d4cac56fbf8548b6,test,e5408cdb4778166dd426e6911e8cc5a00b796d9756bd0c0277b671602e4a8263,45,50,4,24,False
Soil_Labeled_Data/M_40_50/L_20_30/alluvial/IMG_0507_M_10_20_clayish_red.jpg,Soil_Labeled_Data/M_40_50/L_20_30/alluvial/IMG_0507_M_10_20_clayish_red.jpg,f05784c26a5f222743f2,phash:97840c038cf0ca41,train,00e2c8039b590f6c91c173333ae1cad1aacd3ace634468b45fe619fd6a4f655b,43,45,4,27,False
Soil_Labeled_Data/M_40_50/L_20_30/alluvial/IMG_0508_M_10_20_clayish_red.jpg,Soil_Labeled_Data/M_40_50/L_20_30/alluvial/IMG_0508_M_10_20_clayish_red.jpg,53bbf2a1d261e792af1b,phash:051110bc56e248a7,train,1601e60d646afde6742bba22c8a81ae54f085dc3862c7ad6a814422a463feeff,45,48,4,22,False
Soil_Labeled_Data/M_40_50/L_20_30/alluvial/IMG_0510_M_10_20_clayish_red.jpg,Soil_Labeled_Data/M_40_50/L_20_30/alluvial/IMG_0510_M_10_20_clayish_red.jpg,eb6f6a0f3942531594ca,phash:33784c06279c45c9,test,33d0936551171c6e999ac5b37f756a9c041648295a8e40ef4b9cca3fd01eb46b,46,50,4,25,False
Soil_Labeled_Data/M_40_50/L_20_30/alluvial/IMG_0513_M_10_20_gray_brown.jpg,Soil_Labeled_Data/M_40_50/L_20_30/alluvial/IMG_0513_M_10_20_gray_brown.jpg,cf362c6306ab83e1feb6,phash:ec75f2cfc0deaff3,train,9fde0c9d596ff55209de84f960ca97a1c0309d1703a45cb7f73ff9b98ba9ecad,42,45,4,29,False
Soil_Labeled_Data/M_40_50/L_20_30/alluvial/IMG_0514_M_10_20_gray_brown.jpg,Soil_Labeled_Data/M_40_50/L_20_30/alluvial/IMG_0514_M_10_20_gray_brown.jpg,e229d9fa4549bf03aa10,phash:54782112c471a7dd,validation,a6723a3d2f8b6137c927a8dd4018621d38bd3e12f4dcd9686f2b6f137a60bc3b,45,46,4,27,False
Soil_Labeled_Data/M_40_50/L_20_30/alluvial/z5716143848502_4bd0eba511c987674067e6093eb213b9_M_30_40_gray_brown.jpg,Soil_Labeled_Data/M_40_50/L_20_30/alluvial/z5716143848502_4bd0eba511c987674067e6093eb213b9_M_30_40_gray_brown.jpg,09c39d21323941b9a608,phash:9fb314b66ba5fac9,train,80fd12ede4ec5269bfc4680eaddef763ffa408483bc11707526caf13f239a95d,40,44,4,27,False
Soil_Labeled_Data/M_40_50/L_20_30/alluvial/z5716143971881_3b7ae01df4bd18ac6697e43919b461a8_M_30_40_pale_yellow.jpg,Soil_Labeled_Data/M_40_50/L_20_30/alluvial/z5716143971881_3b7ae01df4bd18ac6697e43919b461a8_M_30_40_pale_yellow.jpg,a8253601084f51b5c6ae,phash:3a1e8ff119bb677a,test,e6f6669f9bd264411f177f36d3d0480ff51b50a1f72a2396eb6ca5a1e673c9cf,43,46,4,22,False
Soil_Labeled_Data/M_40_50/L_20_30/alluvial/z5716144083688_2c23641d859dd12e7ca459c954f4e5a3_M_30_40_light_brown.jpg,Soil_Labeled_Data/M_40_50/L_20_30/alluvial/z5716144083688_2c23641d859dd12e7ca459c954f4e5a3_M_30_40_light_brown.jpg,2962b05d7f8eabc214e0,phash:91b121c2b098a87b,train,a3400cc52b594fd15511bcd59f6c7c9fa617263d21d596f47982598d4614c319,48,50,4,30,False
Soil_Labeled_Data/M_40_50/L_20_30/alluvial/z5716144284037_44127132185b5cccfae5b4beda32cc38_M_30_40_clayish_red.jpg,Soil_Labeled_Data/M_40_50/L_20_30/alluvial/z5716144284037_44127132185b5cccfae5b4beda32cc38_M_30_40_clayish_red.jpg,f8050a0f5c6202097893,phash:524f0ceb015c1365,train,d44df33538c094b388ec3afa347fb22a861bd40e3d2bfcd97a980b4eb1282f97,41,45,4,22,False
Soil_Labeled_Data/M_40_50/L_20_30/alluvial/z5716144322709_8f70df660518e4d32c3fa16707b39049_M_30_40_clayish_red.jpg,Soil_Labeled_Data/M_40_50/L_20_30/alluvial/z5716144322709_8f70df660518e4d32c3fa16707b39049_M_30_40_clayish_red.jpg,b2d5359956789aa24d2c,phash:4e5170f4f4602f76,test,3dda2d0f6a7d92aee27f972b35994c5968d4d0b1d2dba87f72a3efa4e563803e,42,43,4,23,False
Soil_Labeled_Data/M_40_50/L_30_40/alluvial/IMG_0098_M_0_10_light_brown.jpg,Soil_Labeled_Data/M_40_50/L_30_40/alluvial/IMG_0098_M_0_10_light_brown.jpg,4e2b2aad08f7078cddbf,phash:f01c359cc88566ef,train,9f2907e0baf831de5b89cad98feebfbb01594d3db93d2591cf91c570f31ab528,47,51,4,33,False
Soil_Labeled_Data/M_40_50/L_30_40/alluvial/IMG_0098_M_0_10_pale_yellow.jpg,Soil_Labeled_Data/M_40_50/L_30_40/alluvial/IMG_0098_M_0_10_pale_yellow.jpg,0ad061065416ddb2eb95,phash:f01c359cc88566ef,train,f8feb468550dda3215c90902032fc5adf60f09dbb9cbdb0d17c98a8df92def68,41,45,4,34,False
Soil_Labeled_Data/M_40_50/L_30_40/alluvial/IMG_0100_M_0_10_gray_brown.jpg,Soil_Labeled_Data/M_40_50/L_30_40/alluvial/IMG_0100_M_0_10_gray_brown.jpg,723e2edc20498dc36dc1,phash:f285b4af27e70749,train,4d7d576fc295fe6d41f3b4af851bd17fb23888f832da577e66d379d90f060266,50,52,4,38,False
Soil_Labeled_Data/M_40_50/L_30_40/alluvial/IMG_0105_M_0_10_pale_yellow.jpg,Soil_Labeled_Data/M_40_50/L_30_40/alluvial/IMG_0105_M_0_10_pale_yellow.jpg,ebb37e8d28fd9929f622,phash:7eeb9c5b6e40268d,validation,f858ff0cc97049494d025f5eaf2e58b420851de371b66cfa8bb031f60b52a612,45,46,4,35,False
Soil_Labeled_Data/M_40_50/L_30_40/alluvial/IMG_0113_M_0_10_clayish_red.jpg,Soil_Labeled_Data/M_40_50/L_30_40/alluvial/IMG_0113_M_0_10_clayish_red.jpg,7038fa423a2e7b248766,phash:fa99784640564d0a,train,b3d1d610bf65ae6ecd74a79bc636bd1876e72e431ade580cfff89df2c5aaf293,49,50,4,34,False
Soil_Labeled_Data/M_40_50/L_30_40/alluvial/IMG_0113_M_0_10_pale_yellow.jpg,Soil_Labeled_Data/M_40_50/L_30_40/alluvial/IMG_0113_M_0_10_pale_yellow.jpg,7d2e8b5d2fd24cbbfbf7,phash:fa99784640564d0a,train,7d4c7fb4c8fb500a603290f71a3d7ef0314cb45177e39bf8367a23a4093f2b02,47,50,4,31,False
Soil_Labeled_Data/M_40_50/L_30_40/alluvial/IMG_0543_M_10_20_gray_brown.jpg,Soil_Labeled_Data/M_40_50/L_30_40/alluvial/IMG_0543_M_10_20_gray_brown.jpg,7660f71c1326adf83280,phash:738961f08c6ad95f,train,2ab4e3dab6ec607730c00e194c4a1d3b01ac49bcc1edef87a361029ed2060137,45,50,4,35,False
Soil_Labeled_Data/M_40_50/L_30_40/alluvial/IMG_0548_M_10_20_light_brown.jpg,Soil_Labeled_Data/M_40_50/L_30_40/alluvial/IMG_0548_M_10_20_light_brown.jpg,c55ca7ecab850d055d98,phash:9eb4ee466e7f1dc6,test,fe9423a4790ff02aa7cf5323796c5fef4a4d0232824d38ecf78f2e177c9d5e6f,41,43,4,38,False
Soil_Labeled_Data/M_40_50/L_30_40/alluvial/IMG_0554_M_10_20_light_brown.jpg,Soil_Labeled_Data/M_40_50/L_30_40/alluvial/IMG_0554_M_10_20_light_brown.jpg,871965d864fa262637a4,phash:31d78a207f7a2a44,train,ff946d637c60d44413020921bbc94f7d6efeaf52b960b91ce1e287a59287d1e5,43,45,4,34,False
Soil_Labeled_Data/M_40_50/L_30_40/alluvial/IMG_0556_M_10_20_gray_brown.jpg,Soil_Labeled_Data/M_40_50/L_30_40/alluvial/IMG_0556_M_10_20_gray_brown.jpg,265929c5477dab55ea49,phash:daa0dce101fa60b2,train,3518bc1267b9230ca3683b0bbf3046eb467173384272cdc6b1b03dd10e974688,50,51,4,30,False
Soil_Labeled_Data/M_40_50/L_30_40/alluvial/IMG_0556_M_10_20_pale_yellow.jpg,Soil_Labeled_Data/M_40_50/L_30_40/alluvial/IMG_0556_M_10_20_pale_yellow.jpg,2f92142bd9de58d6dd55,phash:daa0dce101fa60b2,train,d0abd131bbe3131a7bbdfcef242522e7dff42b3f669cc4515b5476ed35a5f4af,48,51,4,33,False
Soil_Labeled_Data/M_40_50/L_30_40/alluvial/IMG_0559_M_10_20_light_brown.jpg,Soil_Labeled_Data/M_40_50/L_30_40/alluvial/IMG_0559_M_10_20_light_brown.jpg,94cca2f8fab851450c67,phash:433a9f8bcc2a8639,train,a304bbe7baa1db60424516da0a0764cddbe977fb6807959997a20f602bc43d2f,46,50,4,38,False
Soil_Labeled_Data/M_40_50/L_30_40/alluvial/IMG_0559_M_10_20_pale_yellow.jpg,Soil_Labeled_Data/M_40_50/L_30_40/alluvial/IMG_0559_M_10_20_pale_yellow.jpg,997eab8900ceb53b957b,phash:433a9f8bcc2a8639,train,6b34ab2a9d7ad3f0f7a8571d56994d42ccd0907f929861f137a6da0a2d9be501,45,46,4,30,False
Soil_Labeled_Data/M_40_50/L_30_40/alluvial/z5716113582590_c1f59f1cd35db605de2ac5249cd439b0_M_30_40_clayish_red.jpg,Soil_Labeled_Data/M_40_50/L_30_40/alluvial/z5716113582590_c1f59f1cd35db605de2ac5249cd439b0_M_30_40_clayish_red.jpg,6fa4c3e66d0c98acf5d5,phash:6408beb1a56a96d0,validation,8446219a7de5fce48e26d9324fa919becfe34dd11f38b419d13d427148713065,48,51,4,33,False
Soil_Labeled_Data/M_40_50/L_30_40/alluvial/z5716113582590_c1f59f1cd35db605de2ac5249cd439b0_M_30_40_light_brown.jpg,Soil_Labeled_Data/M_40_50/L_30_40/alluvial/z5716113582590_c1f59f1cd35db605de2ac5249cd439b0_M_30_40_light_brown.jpg,95faabdcaa0aaf7f487d,phash:6408beb1a56a96d0,validation,046ae76726c938259f546b7e285fd5d0c50ebdf9003aa63cf1799c2b707364ec,47,52,4,30,False
Soil_Labeled_Data/M_40_50/L_30_40/alluvial/z5716113831635_ad95fd739455206424a51a0a06bc4131_M_30_40_light_brown.jpg,Soil_Labeled_Data/M_40_50/L_30_40/alluvial/z5716113831635_ad95fd739455206424a51a0a06bc4131_M_30_40_light_brown.jpg,266841527b391082c682,phash:3b0a2646bfb84257,train,38674d211b82b1aeb4d6ad0505c532cb473990ba3c7b3098c0774c87ef4e44d8,45,47,4,31,False
Soil_Labeled_Data/M_40_50/L_30_40/alluvial/z5716113984230_841d282af180a0d9e956cbf770b8648f_M_30_40_pale_yellow.jpg,Soil_Labeled_Data/M_40_50/L_30_40/alluvial/z5716113984230_841d282af180a0d9e956cbf770b8648f_M_30_40_pale_yellow.jpg,db3083a60d0a491183aa,phash:032ca74b7d6f602f,train,b3bc6f46bbb7680f32d790ed7936a409f99f8d0b887d38a0270aa3ad2e16126f,46,48,4,40,False
Soil_Labeled_Data/M_40_50/L_30_40/alluvial/z5716115913721_f7cff5280e557d5287ca5504b449cdf7_M_30_40_gray_brown.jpg,Soil_Labeled_Data/M_40_50/L_30_40/alluvial/z5716115913721_f7cff5280e557d5287ca5504b449cdf7_M_30_40_gray_brown.jpg,1f9bb65a4002fe2b575f,phash:2b71b2b9e3b8ac72,train,7ba8de30e3c171d6d7378419e1d808167c1b959bd5969a58484c64f63a95fdc9,41,43,4,34,False
Soil_Labeled_Data/M_40_50/L_30_40/alluvial/z5716115990505_f5f56b58cd35cb9827aaedc4db8efebd_M_30_40_pale_yellow.jpg,Soil_Labeled_Data/M_40_50/L_30_40/alluvial/z5716115990505_f5f56b58cd35cb9827aaedc4db8efebd_M_30_40_pale_yellow.jpg,a16967e65f1680fbd7f8,phash:1580dccc06c1a06f,train,fee79a3aef2d0fea8189006690e41c1796388f5ee99f4d377c45c23f9a741337,48,49,4,37,False
Soil_Labeled_Data/M_40_50/L_30_40/alluvial/z5716116018535_325bd6ea25b86f2f021b34014f8842e8_M_30_40_light_brown.jpg,Soil_Labeled_Data/M_40_50/L_30_40/alluvial/z5716116018535_325bd6ea25b86f2f021b34014f8842e8_M_30_40_light_brown.jpg,6043cdf67ec5474c9417,phash:1b998b2ab5717c54,train,3f3872c150c5020c14bf69728ab54e3458cb53d418f0b404874650374b1c15e0,48,51,4,40,False
Soil_Labeled_Data/M_40_50/L_40_50/alluvial/IMG_0152_M_0_10_light_brown.jpg,Soil_Labeled_Data/M_40_50/L_40_50/alluvial/IMG_0152_M_0_10_light_brown.jpg,da3936e40bb25e8269c9,phash:38628faaea372908,validation,e6990b61467568adae1baf002d22eec57ed15700f28435b22c6473d77014c138,43,45,4,41,False
Soil_Labeled_Data/M_40_50/L_40_50/alluvial/IMG_0153_M_0_10_gray_brown.jpg,Soil_Labeled_Data/M_40_50/L_40_50/alluvial/IMG_0153_M_0_10_gray_brown.jpg,4f03cb42386b4c8ea87b,phash:b8d7b2bffe0b868f,train,565c0916431d19b5d41863b0dacea4dcaa03aca4cfff7f57f0fbd822aa933411,48,52,4,46,False
Soil_Labeled_Data/M_40_50/L_40_50/alluvial/IMG_0154_M_0_10_clayish_red.jpg,Soil_Labeled_Data/M_40_50/L_40_50/alluvial/IMG_0154_M_0_10_clayish_red.jpg,f51bda69e04664de52c9,phash:82a04009ba2a9719,test,aefec0691ee7a492eb2cda6973d860d380f6d83dccf48046f644fe67835d260a,47,50,4,40,False
Soil_Labeled_Data/M_40_50/L_40_50/alluvial/IMG_0157_M_0_10_light_brown.jpg,Soil_Labeled_Data/M_40_50/L_40_50/alluvial/IMG_0157_M_0_10_light_brown.jpg,0453c9bb61d721b67b68,phash:7a50a3464b4f7acb,train,4d14dbbdd5a8d0aaed57bcf52b197471c1eda0e4a1eb778c8cadd88f531247ee,42,42,4,44,False
Soil_Labeled_Data/M_40_50/L_40_50/alluvial/IMG_0158_M_0_10_clayish_red.jpg,Soil_Labeled_Data/M_40_50/L_40_50/alluvial/IMG_0158_M_0_10_clayish_red.jpg,a5143622861d92e40413,phash:e0734870d934d178,train,10b3ff9974cd25665bd4db288d5ed1d1f914169419800e52de05ee7c4a5a54bf,46,47,4,47,False
Soil_Labeled_Data/M_40_50/L_40_50/alluvial/IMG_0162_M_0_10_gray_brown.jpg,Soil_Labeled_Data/M_40_50/L_40_50/alluvial/IMG_0162_M_0_10_gray_brown.jpg,85604a75d06b6e919ebb,phash:124887665cbfb8dc,train,1697a4e7e9fa04949c113fc3c7b2dd2fa647119ed6b64aea45acad63ddef26c9,44,44,4,44,False
Soil_Labeled_Data/M_40_50/L_40_50/alluvial/IMG_0162_M_0_10_light_brown.jpg,Soil_Labeled_Data/M_40_50/L_40_50/alluvial/IMG_0162_M_0_10_light_brown.jpg,dfd91e37e467378a56ed,phash:124887665cbfb8dc,train,dd887db2273ec423685c20c06bdac15b517952d090b87347db0ee6e49669e2b6,44,46,4,43,False
Soil_Labeled_Data/M_40_50/L_40_50/alluvial/IMG_0165_M_0_10_gray_brown.jpg,Soil_Labeled_Data/M_40_50/L_40_50/alluvial/IMG_0165_M_0_10_gray_brown.jpg,731dce0ff2f454bdc7f0,phash:3085ebfb726e58fd,train,c66281a8c23fd3701933cb0c08c7f193f3410623c862676dcbbac60f2471ec35,44,45,4,44,False
Soil_Labeled_Data/M_40_50/L_40_50/alluvial/IMG_0585_M_10_20_light_brown.jpg,Soil_Labeled_Data/M_40_50/L_40_50/alluvial/IMG_0585_M_10_20_light_brown.jpg,0b783ae02f7f663eaaec,phash:2046b74097299a13,train,937128f1eb9df0675f76f372060740fcc106374e893dcf6cda0e494644b2328e,45,46,4,42,False
Soil_Labeled_Data/M_40_50/L_40_50/alluvial/IMG_0587_M_10_20_light_brown.jpg,Soil_Labeled_Data/M_40_50/L_40_50/alluvial/IMG_0587_M_10_20_light_brown.jpg,4d57cb39d2bffe8ffd72,phash:5733abd69998f077,validation,acd869273d80cecc94d40111f609cf51ccc2942d9b62f70d3715be3e2d0752b6,48,52,4,44,False
Soil_Labeled_Data/M_40_50/L_40_50/alluvial/IMG_0589_M_10_20_gray_brown.jpg,Soil_Labeled_Data/M_40_50/L_40_50/alluvial/IMG_0589_M_10_20_gray_brown.jpg,01517a86151120704854,phash:8a87f33cf199dff1,train,8fb9da4a08d7e1fc87fb846f112693604b3fc21650f0bf558b64f4e085c4dbc5,42,45,4,42,False
Soil_Labeled_Data/M_40_50/L_40_50/alluvial/IMG_0589_M_10_20_light_brown.jpg,Soil_Labeled_Data/M_40_50/L_40_50/alluvial/IMG_0589_M_10_20_light_brown.jpg,6f3179f3499fca93985f,phash:8a87f33cf199dff1,train,7c87df3066be2a2a07da6c3cf5daa92f43756cac5ea720a1314cbf6e30bdf726,41,41,4,49,False
Soil_Labeled_Data/M_40_50/L_40_50/alluvial/IMG_0594_M_10_20_gray_brown.jpg,Soil_Labeled_Data/M_40_50/L_40_50/alluvial/IMG_0594_M_10_20_gray_brown.jpg,e64ff40c7202baf26a29,phash:60b3568e8b1cc117,train,3b6932dfc4a5e048a497b58a0b08e2cd7a3da9d1fe301a2e7c337ac18a64d9fa,46,46,4,44,False
Soil_Labeled_Data/M_40_50/L_40_50/alluvial/IMG_0595_M_10_20_gray_brown.jpg,Soil_Labeled_Data/M_40_50/L_40_50/alluvial/IMG_0595_M_10_20_gray_brown.jpg,f4f8dfb060866758f538,phash:38ee9b49340cc8f6,train,20d8c9455cc82af6b7c9f2c2baa84d45d59d549a5d1738dd5bb38d5bc6d2f551,45,49,4,49,False
Soil_Labeled_Data/M_40_50/L_40_50/alluvial/IMG_0600_M_10_20_gray_brown.jpg,Soil_Labeled_Data/M_40_50/L_40_50/alluvial/IMG_0600_M_10_20_gray_brown.jpg,d93903d199dbcf88e9c1,phash:841854c902c8e87e,validation,6ea20bb5008aae3b3d53a9e32e2ce531ba02fdba1df5f56ff9a56ff623506789,46,47,4,42,False
Soil_Labeled_Data/M_40_50/L_40_50/alluvial/z5719914890934_84fe7062961727cb183642b47744dea8_M_30_40_pale_yellow.jpg,Soil_Labeled_Data/M_40_50/L_40_50/alluvial/z5719914890934_84fe7062961727cb183642b47744dea8_M_30_40_pale_yellow.jpg,17cce505ffca3dc9b272,phash:875e45eb2fb3f8ec,test,8796b11f46228abf12c5d0996955dcd09e6d3b14895c0d57446b8b8b976c6ef2,48,49,4,49,False
Soil_Labeled_Data/M_40_50/L_40_50/alluvial/z5719914997148_f06792cac5c60b858589b3b3c2747c43_M_30_40_pale_yellow.jpg,Soil_Labeled_Data/M_40_50/L_40_50/alluvial/z5719914997148_f06792cac5c60b858589b3b3c2747c43_M_30_40_pale_yellow.jpg,9153157cb97a2e7dede6,phash:5e2022160d593777,train,4e9fa92e9f94913bc7e2c3a76dd1e414e3ece3e00a07259949963cd2603adb04,42,47,4,40,False
Soil_Labeled_Data/M_40_50/L_40_50/alluvial/z5719915111649_b61a329743f4617c0f9d01ef237a4139_M_30_40_light_brown.jpg,Soil_Labeled_Data/M_40_50/L_40_50/alluvial/z5719915111649_b61a329743f4617c0f9d01ef237a4139_M_30_40_light_brown.jpg,800f18b893b72600f4ff,phash:3259603a86830e00,train,71ad269abf2f8ef5a77e5472c1956f3b0d5d7510103ab8ba7d0cb00873f0b5b8,40,42,4,50,False
Soil_Labeled_Data/M_40_50/L_40_50/alluvial/z5719915162784_a4f69c622478efdc49a59a408dfe4b55_M_30_40_clayish_red.jpg,Soil_Labeled_Data/M_40_50/L_40_50/alluvial/z5719915162784_a4f69c622478efdc49a59a408dfe4b55_M_30_40_clayish_red.jpg,9e32ee4523fed381bd90,phash:67839c1fdfd7f665,test,025a3ff9defa5ac2523a03956d93429ae2e8d66a76eca334fa3cc6ce6a642775,41,41,4,46,False
Soil_Labeled_Data/M_40_50/L_40_50/alluvial/z5719915162784_a4f69c622478efdc49a59a408dfe4b55_M_30_40_gray_brown.jpg,Soil_Labeled_Data/M_40_50/L_40_50/alluvial/z5719915162784_a4f69c622478efdc49a59a408dfe4b55_M_30_40_gray_brown.jpg,55bbb8a9a1e2d1ed6235,phash:67839c1fdfd7f665,test,33e6af48803d19fbde21cce2fce969cf8bb3438082528c829a68ccd697a45daa,45,50,4,40,False
Soil_Labeled_Data/M_40_50/L_50_60/alluvial/IMG_0200_M_0_10_pale_yellow.jpg,Soil_Labeled_Data/M_40_50/L_50_60/alluvial/IMG_0200_M_0_10_pale_yellow.jpg,6f64ebad14ae75e7ed56,phash:d860a5a997911aa8,train,3e90d2c325d57abbfdf994abeffbbe5e110cf44da60536b2eb76a6ff3cf21dff,46,48,4,58,False
Soil_Labeled_Data/M_40_50/L_50_60/alluvial/IMG_0201_M_0_10_clayish_red.jpg,Soil_Labeled_Data/M_40_50/L_50_60/alluvial/IMG_0201_M_0_10_clayish_red.jpg,dc96cf85dc934bfde91c,phash:aeb9326bd22fbff1,train,1153a0b677350d41cabe31415624cd2f30445157a0837c5055ceb7c3e206fea9,46,49,4,51,False
Soil_Labeled_Data/M_40_50/L_50_60/alluvial/IMG_0203_M_0_10_gray_brown.jpg,Soil_Labeled_Data/M_40_50/L_50_60/alluvial/IMG_0203_M_0_10_gray_brown.jpg,9d6f83c330d92172a402,phash:d4512147d239b24e,train,a5232108718ae9e981cac800ac9b53ee43634f88101c1e45830feec0691d85a5,49,53,4,60,False
Soil_Labeled_Data/M_40_50/L_50_60/alluvial/IMG_0206_M_0_10_clayish_red.jpg,Soil_Labeled_Data/M_40_50/L_50_60/alluvial/IMG_0206_M_0_10_clayish_red.jpg,9e27a8027a6c7d0f2aa7,phash:61280229e46e4f90,validation,3bf351ed1a5dea882702f2f923c85fc2a3a137354cd681bec7f0e278287f17ac,44,46,4,57,False
Soil_Labeled_Data/M_40_50/L_50_60/alluvial/IMG_0207_M_0_10_clayish_red.jpg,Soil_Labeled_Data/M_40_50/L_50_60/alluvial/IMG_0207_M_0_10_clayish_red.jpg,5eddb55a9d7a8f3957e9,phash:0772f8c13cc08780,validation,dad012b0946c401f97487948daeee7b69abd696d430867c27826476e30179f72,43,43,4,53,False
Soil_Labeled_Data/M_40_50/L_50_60/alluvial/IMG_0208_M_0_10_light_brown.jpg,Soil_Labeled_Data/M_40_50/L_50_60/alluvial/IMG_0208_M_0_10_light_brown.jpg,9f2d4fdd8f1859e3f2e0,phash:272fa05db045290a,train,25db205283fa947cb82a77103c611157d91924d64dc46a8477268a2b8542bb77,45,45,4,52,False
Soil_Labeled_Data/M_40_50/L_50_60/alluvial/IMG_0208_M_0_10_pale_yellow.jpg,Soil_Labeled_Data/M_40_50/L_50_60/alluvial/IMG_0208_M_0_10_pale_yellow.jpg,d0a7eccf31a662a947e7,phash:272fa05db045290a,train,17d21016c2441fbe3b19de514b86b5a18890099775957f3ac5cf6f492dc789a2,50,50,4,53,False
Soil_Labeled_Data/M_40_50/L_50_60/alluvial/IMG_0212_M_0_10_clayish_red.jpg,Soil_Labeled_Data/M_40_50/L_50_60/alluvial/IMG_0212_M_0_10_clayish_red.jpg,f20c4ecebd517bd2bcc3,phash:fe170979b5ca8fe3,train,039aac7954a48b6185c03c24d095be15221f1231620ac3def2d7b81c05a3201f,50,52,4,51,False
Soil_Labeled_Data/M_40_50/L_50_60/alluvial/IMG_0630_M_10_20_gray_brown.jpg,Soil_Labeled_Data/M_40_50/L_50_60/alluvial/IMG_0630_M_10_20_gray_brown.jpg,cb3011a5d331633945ea,phash:397b60f63f3838c5,test,ed6a288e243112f2f2e5696faa536752eac91c04e370bca4be1707adf29b7ea9,41,44,4,58,False
Soil_Labeled_Data/M_40_50/L_50_60/alluvial/IMG_0631_M_10_20_light_brown.jpg,Soil_Labeled_Data/M_40_50/L_50_60/alluvial/IMG_0631_M_10_20_light_brown.jpg,d38129e42e1ec8d11454,phash:85871f28e0d5f46c,train,aa7641971accd81719ea93526a8c142b3de712e93f943912cf42b44d397727e1,46,50,4,55,False
Soil_Labeled_Data/M_40_50/L_50_60/alluvial/IMG_0638_M_10_20_clayish_red.jpg,Soil_Labeled_Data/M_40_50/L_50_60/alluvial/IMG_0638_M_10_20_clayish_red.jpg,292ee743a8a59251fe5f,phash:1911bb4b9fe3f730,validation,c73323b673fe1b267024591a848955ee42b40b70193bdf815b03616a5ea2cc55,50,50,4,55,False
Soil_Labeled_Data/M_40_50/L_50_60/alluvial/IMG_0642_M_10_20_gray_brown.jpg,Soil_Labeled_Data/M_40_50/L_50_60/alluvial/IMG_0642_M_10_20_gray_brown.jpg,981682e5d67d76879548,phash:b897f55411018911,train,8af53b74b12252aaf3299632c2728481c4b6ba0d3c5c59b564c17e95293ca520,45,45,4,60,False
Soil_Labeled_Data/M_40_50/L_50_60/alluvial/z5719945047556_cad2b245e96e675e8307be1ecf1a91f9_M_30_40_gray_brown.jpg,Soil_Labeled_Data/M_40_50/L_50_60/alluvial/z5719945047556_cad2b245e96e675e8307be1ecf1a91f9_M_30_40_gray_brown.jpg,c95d467787fd95e7c492,phash:39160d85a60b1913,test,5e15a145b5e546f101099ef16652945497947e70c4aefadac25921f9035663ba,41,44,4,60,False
Soil_Labeled_Data/M_40_50/L_50_60/alluvial/z5719945086578_e3ca39e5b5ab67c958a7fdaed8e174c3_M_30_40_gray_brown.jpg,Soil_Labeled_Data/M_40_50/L_50_60/alluvial/z5719945086578_e3ca39e5b5ab67c958a7fdaed8e174c3_M_30_40_gray_brown.jpg,488072b3f18a68882399,phash:1faff8c0993d0a20,validation,23f66bcb1c063af76377c39a9daecbc2b3e4eee2fe7dd821c9a91891a8f441b0,44,45,4,51,False
Soil_Labeled_Data/M_40_50/L_50_60/alluvial/z5719945326572_38e3e733446eabe3bf00850bf73883e0_M_30_40_pale_yellow.jpg,Soil_Labeled_Data/M_40_50/L_50_60/alluvial/z5719945326572_38e3e733446eabe3bf00850bf73883e0_M_30_40_pale_yellow.jpg,b42a7483a514663bff04,phash:ae5e6bb93e10e1eb,train,7804b9e2e876d4bc15698ca3633ea993f0866036955c8da1126c02f966f66d1e,48,48,4,58,False
Soil_Labeled_Data/M_40_50/L_50_60/alluvial/z5719945442394_074f397072a0e21797e33be6440ab366_M_30_40_light_brown.jpg,Soil_Labeled_Data/M_40_50/L_50_60/alluvial/z5719945442394_074f397072a0e21797e33be6440ab366_M_30_40_light_brown.jpg,c16fecc030665a0ba4b2,phash:2765edb8329cb206,train,e1b624904356d56b15a7a95727593d26b96c5a73fe4e14bddefb7def41c30b0d,42,45,4,59,False
Soil_Labeled_Data/M_40_50/L_50_60/alluvial/z5719945442394_074f397072a0e21797e33be6440ab366_M_30_40_pale_yellow.jpg,Soil_Labeled_Data/M_40_50/L_50_60/alluvial/z5719945442394_074f397072a0e21797e33be6440ab366_M_30_40_pale_yellow.jpg,883ec3b4d6298ea37a88,phash:2765edb8329cb206,train,313e1e25ce3ae22b2da4ba911cb295338e1b2690eb3d9fd9207145001dfbd8d9,43,43,4,59,False
Soil_Labeled_Data/M_40_50/L_50_60/alluvial/z5719945494405_a556366a429daf9a78448e62806f33bb_M_30_40_gray_brown.jpg,Soil_Labeled_Data/M_40_50/L_50_60/alluvial/z5719945494405_a556366a429daf9a78448e62806f33bb_M_30_40_gray_brown.jpg,b328cc86830cc0eeb67c,phash:98cba7f801fd0d43,train,646b2a93b02f618b01f9a6147e16dce264d3d484f66f760909ae2268c8d769aa,45,49,4,52,False
Soil_Labeled_Data/M_40_50/L_50_60/alluvial/z5719945512664_b31ee4aecf6a552463f894dbf83282d1_M_30_40_clayish_red.jpg,Soil_Labeled_Data/M_40_50/L_50_60/alluvial/z5719945512664_b31ee4aecf6a552463f894dbf83282d1_M_30_40_clayish_red.jpg,3769277a1dd9db41ae40,phash:1393e6d17ef1dd32,test,3a0415958bc2622364e8a1eb54db98d2ace171dd3ebf1c643fc9b1df85c7d354,49,53,4,52,False
Soil_Labeled_Data/M_40_50/L_50_60/alluvial/z5719945525148_2d147c0909d312302995e4cfa5fe6c26_M_30_40_clayish_red.jpg,Soil_Labeled_Data/M_40_50/L_50_60/alluvial/z5719945525148_2d147c0909d312302995e4cfa5fe6c26_M_30_40_clayish_red.jpg,b3af64366eac23faf98d,phash:40b73012aead0b15,train,bc8030e9f9b35d795e53bbeea6bd577f55a2ed5050876f6df2bfee926e12dc8b,44,47,4,54,False
Soil_Labeled_Data/M_40_50/L_60_70/alluvial/IMG_0240_M_0_10_light_brown.jpg,Soil_Labeled_Data/M_40_50/L_60_70/alluvial/IMG_0240_M_0_10_light_brown.jpg,7e7bc4fc296232c36228,phash:ddcd5bf42ce461e9,train,4720363c49f5a304fde27741896f90953e77da831f01b7a1313673de61a3de02,49,49,4,66,False
Soil_Labeled_Data/M_40_50/L_60_70/alluvial/IMG_0240_M_0_10_pale_yellow.jpg,Soil_Labeled_Data/M_40_50/L_60_70/alluvial/IMG_0240_M_0_10_pale_yellow.jpg,0ac8cb496a42caac30f3,phash:ddcd5bf42ce461e9,train,d2ec10edf043f3837f0bffd9ab6f76d733bfab266fc90cc8706dfa16f287ce82,41,44,4,70,False
Soil_Labeled_Data/M_40_50/L_60_70/alluvial/IMG_0241_M_0_10_clayish_red.jpg,Soil_Labeled_Data/M_40_50/L_60_70/alluvial/IMG_0241_M_0_10_clayish_red.jpg,9ee752d97969455881ac,phash:c54122dc935fea79,train,3bcf347e53c756fb69a06b90e77f8c96b4e8c62ff2813ed3e1f23bc2ec23de70,46,45,4,62,False
Soil_Labeled_Data/M_40_50/L_60_70/alluvial/IMG_0242_M_0_10_clayish_red.jpg,Soil_Labeled_Data/M_40_50/L_60_70/alluvial/IMG_0242_M_0_10_clayish_red.jpg,5c027d68e2dba16a1102,phash:72f2bba7253dc548,train,e96d1e8468851270246125a877f68d19a52c31ee53410f8e9c349d8c71f732d9,49,50,4,62,False
Soil_Labeled_Data/M_40_50/L_60_70/alluvial/IMG_0242_M_0_10_light_brown.jpg,Soil_Labeled_Data/M_40_50/L_60_70/alluvial/IMG_0242_M_0_10_light_brown.jpg,dbf77a1396e93f0eecf8,phash:72f2bba7253dc548,train,bb48268ca67247e9d9246f6622fff5d69a63091956972542541f6ca1e0747fff,44,43,4,67,False
Soil_Labeled_Data/M_40_50/L_60_70/alluvial/IMG_0243_M_0_10_gray_brown.jpg,Soil_Labeled_Data/M_40_50/L_60_70/alluvial/IMG_0243_M_0_10_gray_brown.jpg,891ac061d704c421796b,phash:2de4e5d09b92659a,train,06443d49ab37c005fe2afbe2722dc05674244c5ba075766a32925f96f3194a2a,44,47,4,69,False
Soil_Labeled_Data/M_40_50/L_60_70/alluvial/IMG_0244_M_0_10_clayish_red.jpg,Soil_Labeled_Data/M_40_50/L_60_70/alluvial/IMG_0244_M_0_10_clayish_red.jpg,74db54396ef64dbc5bad,phash:b637075916ceadb4,train,b3800733eccd3d26031b0078d3b9c8f5e465bfe2715eef8434ff90f9dc5886d5,45,47,4,65,False
Soil_Labeled_Data/M_40_50/L_60_70/alluvial/IMG_0245_M_0_10_pale_yellow.jpg,Soil_Labeled_Data/M_40_50/L_60_70/alluvial/IMG_0245_M_0_10_pale_yellow.jpg,3fc60fdb18c40af783b8,phash:5216086d9e7f6171,train,b2e7699c1f60326687fc8d7aea376d16f02b4b99b0daf71114ffac416d828d2b,45,47,4,61,False
Soil_Labeled_Data/M_40_50/L_60_70/alluvial/IMG_0246_M_0_10_clayish_red.jpg,Soil_Labeled_Data/M_40_50/L_60_70/alluvial/IMG_0246_M_0_10_clayish_red.jpg,c4138df05ad934709761,phash:19ac01d45edafba1,train,9149067c1729cbddb2a1c52f412c57e06d1fc0c6efbc048a6bfba9bc7a836810,43,44,4,62,False
Soil_Labeled_Data/M_40_50/L_60_70/alluvial/IMG_0246_M_0_10_light_brown.jpg,Soil_Labeled_Data/M_40_50/L_60_70/alluvial/IMG_0246_M_0_10_light_brown.jpg,947ed0e388ffa381081d,phash:19ac01d45edafba1,train,ea66835da21c24f6868ebb730af3c8118b5eed0163d2240a20469d0b0f90f15c,46,48,4,65,False
Soil_Labeled_Data/M_40_50/L_60_70/alluvial/IMG_0248_M_0_10_clayish_red.jpg,Soil_Labeled_Data/M_40_50/L_60_70/alluvial/IMG_0248_M_0_10_clayish_red.jpg,810845fe2a597a2be788,phash:1f74a9bc25cb6f71,train,c1b5bc9c84650940dfa3c96f00b8343ee5ca4c47848e3a9cec6ae6298daf096a,42,43,4,65,False
Soil_Labeled_Data/M_40_50/L_60_70/alluvial/IMG_0248_M_0_10_gray_brown.jpg,Soil_Labeled_Data/M_40_50/L_60_70/alluvial/IMG_0248_M_0_10_gray_brown.jpg,ef81344911866261395f,phash:1f74a9bc25cb6f71,train,6ad278def20043f1ccd6ea97662f42841f46f4f99c9eac772de12cd49cec8599,47,51,4,60,False
Soil_Labeled_Data/M_40_50/L_60_70/alluvial/IMG_0250_M_0_10_pale_yellow.jpg,Soil_Labeled_Data/M_40_50/L_60_70/alluvial/IMG_0250_M_0_10_pale_yellow.jpg,3d3197ccc741dc033793,phash:7cc0d10041dd5ffd,validation,c53a01f783958a7329d68b865c12b35ad18d3bd8ae8fe4fbcb81b6c2277c4373,42,45,4,65,False
Soil_Labeled_Data/M_40_50/L_60_70/alluvial/IMG_0251_M_0_10_clayish_red.jpg,Soil_Labeled_Data/M_40_50/L_60_70/alluvial/IMG_0251_M_0_10_clayish_red.jpg,7bda20d01671bf07bbec,phash:49552fdde0cd3a0b,train,ad75433ac4c0c9fac886951736a817dd05fe2f388a968779786359f17184bbd9,42,44,4,63,False
Soil_Labeled_Data/M_40_50/L_60_70/alluvial/IMG_0254_M_0_10_light_brown.jpg,Soil_Labeled_Data/M_40_50/L_60_70/alluvial/IMG_0254_M_0_10_light_brown.jpg,4ff90ec39faa3853f7be,phash:3a82b527ebf76359,validation,f8390a9c97819d068ffd15c5384ec5387704f3a87526511d71b83999305b10d1,45,44,4,69,False
Soil_Labeled_Data/M_40_50/L_60_70/alluvial/IMG_0257_M_0_10_clayish_red.jpg,Soil_Labeled_Data/M_40_50/L_60_70/alluvial/IMG_0257_M_0_10_clayish_red.jpg,5345667f6c9257482344,phash:f7221dde8b78e6c4,train,8857824d5495577c3a21f1aef6e903528ffe22be02249079eb43866200ab46c6,42,42,4,65,False
Soil_Labeled_Data/M_40_50/L_60_70/alluvial/IMG_0675_M_10_20_pale_yellow.jpg,Soil_Labeled_Data/M_40_50/L_60_70/alluvial/IMG_0675_M_10_20_pale_yellow.jpg,5ca2bb68dcac7cb7d61c,phash:a428d9fcdf8d24fa,train,a5162b49695a84d7075dd359d1b2b93cd843ceec39870f52fdd4daeea2963398,46,45,4,61,False
Soil_Labeled_Data/M_40_50/L_60_70/alluvial/IMG_0677_M_10_20_pale_yellow.jpg,Soil_Labeled_Data/M_40_50/L_60_70/alluvial/IMG_0677_M_10_20_pale_yellow.jpg,fcc34303ba9b90b691c1,phash:984a40d9cc34abc9,train,bd84697e9c08e1ac1bce24e36f0fd66ab43cec1f8c1b5a69a8375d9144cd7360,41,44,4,62,False
Soil_Labeled_Data/M_40_50/L_60_70/alluvial/IMG_0678_M_10_20_clayish_red.jpg,Soil_Labeled_Data/M_40_50/L_60_70/alluvial/IMG_0678_M_10_20_clayish_red.jpg,b1abd3e079e160b372d9,phash:ec233ed2dcb011f0,train,2ee769bf8d1fa216285f11f2bbb02e36f8f47bc4884d2de18467a617ce55d190,44,44,4,68,False
Soil_Labeled_Data/M_40_50/L_60_70/alluvial/IMG_0681_M_10_20_light_brown.jpg,Soil_Labeled_Data/M_40_50/L_60_70/alluvial/IMG_0681_M_10_20_light_brown.jpg,9b69dae030fe31eeabe5,phash:5e8401d92ec70f04,train,bd8809d2922d1b595cb401a67ee5cf1b1622a53abaea28e325e21e2040d66c8e,44,43,4,65,False
Soil_Labeled_Data/M_40_50/L_70_80/alluvial/IMG_0283_M_0_10_pale_yellow.jpg,Soil_Labeled_Data/M_40_50/L_70_80/alluvial/IMG_0283_M_0_10_pale_yellow.jpg,7967a4ab41818256357f,phash:bf74a62949a5d43e,train,9725350b9a264988bdd724ffb6c5912ee625e072c63fdb0c6e942adb2cd07124,49,52,4,76,False
Soil_Labeled_Data/M_40_50/L_70_80/alluvial/IMG_0284_M_0_10_pale_yellow.jpg,Soil_Labeled_Data/M_40_50/L_70_80/alluvial/IMG_0284_M_0_10_pale_yellow.jpg,75a2e579b443d48e3e3e,phash:8170dc97703cc108,train,5d2932d6f0708f7a41b0a95284fc3b6b3bc6e08995caa1e3567dc67c4f71599a,41,41,4,78,False
Soil_Labeled_Data/M_40_50/L_70_80/alluvial/IMG_0288_M_0_10_gray_brown.jpg,Soil_Labeled_Data/M_40_50/L_70_80/alluvial/IMG_0288_M_0_10_gray_brown.jpg,e35d884e0a84a006078d,phash:d2d6c675b39da7f8,train,ef6c6ae7fc8a2b467d89ca20a0cbf8f7493d020f86c38b2faf94c7a9dd0be6d5,50,50,4,80,False
Soil_Labeled_Data/M_40_50/L_70_80/alluvial/IMG_0291_M_0_10_light_brown.jpg,Soil_Labeled_Data/M_40_50/L_70_80/alluvial/IMG_0291_M_0_10_light_brown.jpg,9fdca2f0d8037a1b19c6,phash:935f13b0e6ded6a5,train,c0a7c284146fba3294f5e16d61b14923d6686440ea357891ec8681bd41430b00,46,45,4,73,False
Soil_Labeled_Data/M_40_50/L_70_80/alluvial/IMG_0292_M_0_10_pale_yellow.jpg,Soil_Labeled_Data/M_40_50/L_70_80/alluvial/IMG_0292_M_0_10_pale_yellow.jpg,20b214979a40c47e1282,phash:8ae8b78e4c3d05ab,validation,08754d3d210f20032ae66f89277c23d0433266becb984b3d0e801559ddbfafc8,47,50,4,72,False
Soil_Labeled_Data/M_40_50/L_70_80/alluvial/IMG_0294_M_0_10_clayish_red.jpg,Soil_Labeled_Data/M_40_50/L_70_80/alluvial/IMG_0294_M_0_10_clayish_red.jpg,78d85e98132bec3b17fa,phash:a7a5c7421490229c,test,fce5031d9081b31242be408f463b9d63ed7941323d6011d6b993ef4ef3b05ef9,45,45,4,71,False
Soil_Labeled_Data/M_40_50/L_70_80/alluvial/IMG_0298_M_0_10_gray_brown.jpg,Soil_Labeled_Data/M_40_50/L_70_80/alluvial/IMG_0298_M_0_10_gray_brown.jpg,06ba2616078cddb0472a,phash:11e7115e81b35b9a,train,56c2350f873183aca410bf54e893753c6e94a83fc0d65268db65c4dacea34c1e,42,41,4,79,False
Soil_Labeled_Data/M_40_50/L_70_80/alluvial/IMG_0299_M_0_10_light_brown.jpg,Soil_Labeled_Data/M_40_50/L_70_80/alluvial/IMG_0299_M_0_10_light_brown.jpg,a64d25904c7f588bc030,phash:4d6d86021fc16aae,train,ee5853bf834c9425c930175f06ea83d4e16bdbd8414d0d22ad5ec58771ee98be,41,40,4,79,False
Soil_Labeled_Data/M_40_50/L_70_80/alluvial/IMG_0302_M_0_10_clayish_red.jpg,Soil_Labeled_Data/M_40_50/L_70_80/alluvial/IMG_0302_M_0_10_clayish_red.jpg,1a102628603409c1900f,phash:5dc310f046e489b5,validation,dc9b0d89164351c854279451a6745fa91d69da150ef5eed73f0aaf5b692e2ac5,50,51,4,77,False
Soil_Labeled_Data/M_40_50/L_70_80/alluvial/IMG_0698_M_10_20_clayish_red.jpg,Soil_Labeled_Data/M_40_50/L_70_80/alluvial/IMG_0698_M_10_20_clayish_red.jpg,d7b9fd056f90fb70e568,phash:3bb8acb89f03a372,train,38db3c9e4e56e2fec418ff099d4ba9cd8bf6e614a9036692bd8748ff5605d4b0,45,46,4,76,False
Soil_Labeled_Data/M_40_50/L_70_80/alluvial/IMG_0700_M_10_20_pale_yellow.jpg,Soil_Labeled_Data/M_40_50/L_70_80/alluvial/IMG_0700_M_10_20_pale_yellow.jpg,9ba920b6d838207e1064,phash:b004e0323940b864,train,2ed42336016d5de57c6f92ca5df277efe9a5098257a0d5f1d5bb0c9ce4a065a2,40,40,4,71,False
Soil_Labeled_Data/M_40_50/L_70_80/alluvial/IMG_0701_M_10_20_gray_brown.jpg,Soil_Labeled_Data/M_40_50/L_70_80/alluvial/IMG_0701_M_10_20_gray_brown.jpg,6d5b2c6bccf908cab226,phash:1b97c67c90136f52,test,054118b0cc8112489c48a3e1be073c9d04768152f5e8a170687e48950de5d458,40,41,4,76,False
Soil_Labeled_Data/M_40_50/L_70_80/alluvial/IMG_0704_M_10_20_pale_yellow.jpg,Soil_Labeled_Data/M_40_50/L_70_80/alluvial/IMG_0704_M_10_20_pale_yellow.jpg,4b1ed177024145eb2406,phash:357263c31a5c1453,test,9dc4aaa53d909efb5ddf28d5e28ac2c18c9dbdf5e2404dfcadc38cc53853fd3c,46,45,4,76,False
Soil_Labeled_Data/M_40_50/L_70_80/alluvial/IMG_0705_M_10_20_gray_brown.jpg,Soil_Labeled_Data/M_40_50/L_70_80/alluvial/IMG_0705_M_10_20_gray_brown.jpg,8b1a945a6e98efd4b386,phash:da003ea3a8a9acb4,validation,b3970fe8e262c4f9e2612b3ab17da25ca92a6018f0ab2c2e5e2e4310c35a98d6,48,50,4,70,False
Soil_Labeled_Data/M_40_50/L_70_80/alluvial/IMG_0707_M_10_20_gray_brown.jpg,Soil_Labeled_Data/M_40_50/L_70_80/alluvial/IMG_0707_M_10_20_gray_brown.jpg,aafd8048f02d5ca0a408,phash:b8c5699fca19afbe,train,ba084cf75badf3b2a741f56fa6114b48877fe1b200e8cae141196ffdda660a44,41,40,4,79,False
Soil_Labeled_Data/M_40_50/L_70_80/alluvial/IMG_0710_M_10_20_gray_brown.jpg,Soil_Labeled_Data/M_40_50/L_70_80/alluvial/IMG_0710_M_10_20_gray_brown.jpg,33f4f247ac59adb41035,phash:5e8c45f8956cae93,validation,27d98f2163829bf8b17616decc56501d9d6da65e9c21ddc471e3107dae26878f,45,48,4,78,False
Soil_Labeled_Data/M_40_50/L_70_80/alluvial/IMG_0711_M_10_20_light_brown.jpg,Soil_Labeled_Data/M_40_50/L_70_80/alluvial/IMG_0711_M_10_20_light_brown.jpg,2750fabab27d4abaa4c8,phash:b9aa2a4a5654395e,train,7e6f02b6320271eaf8cc546da9dc787f5a4c625460c62b4fbda75ded2986c7ef,40,40,4,78,False
Soil_Labeled_Data/M_40_50/L_70_80/alluvial/IMG_0713_M_10_20_pale_yellow.jpg,Soil_Labeled_Data/M_40_50/L_70_80/alluvial/IMG_0713_M_10_20_pale_yellow.jpg,5deebcb9d6159b308a21,phash:2f621abd4c47601f,validation,2e753eb794bc063519b010ca17062b0aaa07160d552e0dd6d43307c66bdcbeeb,45,45,4,75,False
Soil_Labeled_Data/M_40_50/L_70_80/alluvial/IMG_0718_M_10_20_light_brown.jpg,Soil_Labeled_Data/M_40_50/L_70_80/alluvial/IMG_0718_M_10_20_light_brown.jpg,18732d2e530caf5b505a,phash:64d2078fe8ee93e9,train,dab061a45191f3554b1277587d88f131022ffd3cf2c2cd0c65e732300ad686c3,48,48,4,70,False
Soil_Labeled_Data/M_40_50/L_70_80/alluvial/IMG_0719_M_10_20_clayish_red.jpg,Soil_Labeled_Data/M_40_50/L_70_80/alluvial/IMG_0719_M_10_20_clayish_red.jpg,f9664d2242589337eee0,phash:d1c90e142218287c,validation,23a4c83e401091a57109d43915c36c3df28b5ddb77d184f250be0384984a312d,40,39,4,70,False
Soil_Labeled_Data/M_40_50/L_80_90/alluvial/IMG_0327_M_0_10_gray_brown.jpg,Soil_Labeled_Data/M_40_50/L_80_90/alluvial/IMG_0327_M_0_10_gray_brown.jpg,90b506a249174e01c527,phash:0ee3c830b949a4af,train,bd91b4da830b5990ca5da3464d9da187016689dbe8bb4fd0b1b01e367ef4f937,48,46,4,86,False
Soil_Labeled_Data/M_40_50/L_80_90/alluvial/IMG_0332_M_0_10_light_brown.jpg,Soil_Labeled_Data/M_40_50/L_80_90/alluvial/IMG_0332_M_0_10_light_brown.jpg,bec8fd55f80dfd983511,phash:8909164c4c6be62a,train,c4bfd0a33c05402ff5b7f7fb89d1f0064773e8973e02ba44e1728183af861036,46,47,4,87,False
Soil_Labeled_Data/M_40_50/L_80_90/alluvial/IMG_0334_M_0_10_gray_brown.jpg,Soil_Labeled_Data/M_40_50/L_80_90/alluvial/IMG_0334_M_0_10_gray_brown.jpg,d6c9622d2ab2f47c90fd,phash:cd0c2dd521047c9f,train,984cb3a9b7a71941cb71141f3085c399a63335cf675e92bbe9bfa7539af16122,43,45,4,86,False
Soil_Labeled_Data/M_40_50/L_80_90/alluvial/IMG_0338_M_0_10_gray_brown.jpg,Soil_Labeled_Data/M_40_50/L_80_90/alluvial/IMG_0338_M_0_10_gray_brown.jpg,c4e1e92dbb2efd1384ff,phash:446e88d08346cab4,test,316f20c1648a68656ea045dfb0906c52945381ff22f1209aae39360021e5366c,48,47,4,89,False
Soil_Labeled_Data/M_40_50/L_80_90/alluvial/IMG_0340_M_0_10_light_brown.jpg,Soil_Labeled_Data/M_40_50/L_80_90/alluvial/IMG_0340_M_0_10_light_brown.jpg,a368b8e3b93b71ee2cd2,phash:e57936d1add1597d,test,91ac9a7bd9cc7a74e20d0eaa4638f13c4edb5d724bc611428c2f17b9113b969f,42,42,4,82,False
Soil_Labeled_Data/M_40_50/L_80_90/alluvial/IMG_0742_M_10_20_pale_yellow.jpg,Soil_Labeled_Data/M_40_50/L_80_90/alluvial/IMG_0742_M_10_20_pale_yellow.jpg,8304db72aa062c24c0d7,phash:384f9f07ce7305c1,train,a0e11c0c9d9980a3f9954d1e0626aa26a52c700fafb72d2101ba2c8d50ba2ae1,44,43,4,83,False
Soil_Labeled_Data/M_40_50/L_80_90/alluvial/IMG_0744_M_10_20_pale_yellow.jpg,Soil_Labeled_Data/M_40_50/L_80_90/alluvial/IMG_0744_M_10_20_pale_yellow.jpg,d454acb24a969ea6e871,phash:4aabf22cca79a2b1,test,ed0c322c2aaf1a8f97c664559da7d47c92d34fb418177bfbbf8f891f97359ac7,49,48,4,90,False
Soil_Labeled_Data/M_40_50/L_80_90/alluvial/IMG_0748_M_10_20_clayish_red.jpg,Soil_Labeled_Data/M_40_50/L_80_90/alluvial/IMG_0748_M_10_20_clayish_red.jpg,178363c736407303516c,phash:6aecdab8869df9a0,validation,15207b491f3d687132de978a1ece0aa8cacc5d561dc6cbdc5678f8e49f58a606,40,41,4,86,False
Soil_Labeled_Data/M_40_50/L_80_90/alluvial/IMG_0749_M_10_20_pale_yellow.jpg,Soil_Labeled_Data/M_40_50/L_80_90/alluvial/IMG_0749_M_10_20_pale_yellow.jpg,5169d5c450bc089d7895,phash:91e2c3885496767c,train,b568c805751ba61672bc399ec4d39bb84cb45bb361a2cd8be58320fad695133f,43,41,4,86,False
Soil_Labeled_Data/M_40_50/L_80_90/alluvial/IMG_0750_M_10_20_clayish_red.jpg,Soil_Labeled_Data/M_40_50/L_80_90/alluvial/IMG_0750_M_10_20_clayish_red.jpg,89aa7acaaa7a75956651,phash:7a8bda37bd1a1b56,validation,0c0739d3559f839d393c1e98d0bb198583907f271427b1e7c128fd0c43040c9e,44,46,4,88,False
Soil_Labeled_Data/M_40_50/L_80_90/alluvial/IMG_0752_M_10_20_gray_brown.jpg,Soil_Labeled_Data/M_40_50/L_80_90/alluvial/IMG_0752_M_10_20_gray_brown.jpg,4d82ad7c69d36fbb6321,phash:79d3404476848e8d,train,301ea6dbf70e177f573b02114c0aa7dac769f1f55631858e92c786c506ca0455,50,49,4,85,False
Soil_Labeled_Data/M_40_50/L_80_90/alluvial/IMG_0760_M_10_20_gray_brown.jpg,Soil_Labeled_Data/M_40_50/L_80_90/alluvial/IMG_0760_M_10_20_gray_brown.jpg,fd13c924402cdd288fff,phash:b87de173de4bd55d,train,acbecdba74cdb17e52758d6f15168c10d99f87b25aa51cf7c3429d7d95d301ac,47,47,4,80,False
Soil_Labeled_Data/M_40_50/L_80_90/alluvial/IMG_0761_M_10_20_pale_yellow.jpg,Soil_Labeled_Data/M_40_50/L_80_90/alluvial/IMG_0761_M_10_20_pale_yellow.jpg,de2e02a59255b0cc6bb6,phash:b87de173de4bd55d,train,2c3dbd764821089b37f53cbf5580aeb89baac40e75e2470159bee3ec67b4ecae,42,41,4,85,False
Soil_Labeled_Data/M_40_50/L_80_90/alluvial/z5720115611278_2165bd5b2e5ac713d97400eabcc65d99.jpg,Soil_Labeled_Data/M_40_50/L_80_90/alluvial/z5720115611278_2165bd5b2e5ac713d97400eabcc65d99.jpg,b38013506227b42bf16f,phash:70066ce13207a235,train,26bb3fee4d57dc0f3c2e373eaccb19a1a4f4b8da2c84829c5918e6d3a9e603b3,45,45,4,81,False
Soil_Labeled_Data/M_40_50/L_80_90/alluvial/z5720115687004_c7046b6ed304fe8ccbb693c1af288980.jpg,Soil_Labeled_Data/M_40_50/L_80_90/alluvial/z5720115687004_c7046b6ed304fe8ccbb693c1af288980.jpg,0a589880d0b0ee979213,phash:7986c044b478daae,train,da67778185dbfeb35e18acd99a4b43850e693e80c558855b36f342b4d4360d30,41,43,4,89,False
Soil_Labeled_Data/M_40_50/L_80_90/alluvial/z5720115765295_566dab2e381f475c4d17c1f90510d54b.jpg,Soil_Labeled_Data/M_40_50/L_80_90/alluvial/z5720115765295_566dab2e381f475c4d17c1f90510d54b.jpg,605650cb9ddba9661922,phash:aed58a259ead6a36,validation,18bc70fb3bbd74cd8bf3ab88ec4e48b1aa2fdd6673a130490622719209b228e0,43,45,4,82,False
Soil_Labeled_Data/M_40_50/L_80_90/alluvial/z5720115942754_8be2331cdea2f08eaa20a4d16f47702e.jpg,Soil_Labeled_Data/M_40_50/L_80_90/alluvial/z5720115942754_8be2331cdea2f08eaa20a4d16f47702e.jpg,4a665346df06d3fb7205,phash:84986216fec716df,train,b31a63d28142efd56024bd0e38ee4b1118ecaf2eca2f4cb0c721d8c954f5bcb9,45,47,4,85,False
Soil_Labeled_Data/M_40_50/L_80_90/alluvial/z5720115994271_6ee046f5429b540fab54644ee387967d.jpg,Soil_Labeled_Data/M_40_50/L_80_90/alluvial/z5720115994271_6ee046f5429b540fab54644ee387967d.jpg,61cadbb7ab6f98654808,phash:53a18805beeb0d82,train,f78a84e7b2a6e850c20e699b6715e85009c356da4b0001f92227be59ff662b36,46,46,4,88,False
Soil_Labeled_Data/M_40_50/L_80_90/alluvial/z5720116056023_3d3d361e4d7255ed7de4195fa640e456.jpg,Soil_Labeled_Data/M_40_50/L_80_90/alluvial/z5720116056023_3d3d361e4d7255ed7de4195fa640e456.jpg,350b3ed85911a4c6b846,phash:66180ed7d7b26e4d,train,5873f295503021948402983e0b69c19684e53795933b1f0e7413811e5fe0efb1,43,45,4,86,False
Soil_Labeled_Data/M_40_50/L_80_90/alluvial/z5720116085194_b4c6d844bda5f6a7533e048925576cdd.jpg,Soil_Labeled_Data/M_40_50/L_80_90/alluvial/z5720116085194_b4c6d844bda5f6a7533e048925576cdd.jpg,485fdb9d28b76ff61729,phash:50850ca5bd08d144,train,d27c8f193d45dc320ed6bfa0639a1374901b85f74b60878fbb42dd02333cc0a0,50,49,4,84,False
Soil_Labeled_Data/M_40_50/L_90_100/alluvial/IMG_0368_M_0_10_gray_brown.jpg,Soil_Labeled_Data/M_40_50/L_90_100/alluvial/IMG_0368_M_0_10_gray_brown.jpg,4fff1fb38d1c71071640,phash:3988028cea6aae87,train,633c6ddbe3444ad20ff389671365d1820a68e1a0c38fbafc059f2f214b376b6e,41,43,4,92,False
Soil_Labeled_Data/M_40_50/L_90_100/alluvial/IMG_0373_M_0_10_clayish_red.jpg,Soil_Labeled_Data/M_40_50/L_90_100/alluvial/IMG_0373_M_0_10_clayish_red.jpg,95a9f0226d3cffa9827f,phash:2f6d9429919d198c,train,197978f6c575ef456e850646b4fc9bd065b1a09172b2c496fcdede6edd45a9f0,46,44,4,99,False
Soil_Labeled_Data/M_40_50/L_90_100/alluvial/IMG_0374_M_0_10_clayish_red.jpg,Soil_Labeled_Data/M_40_50/L_90_100/alluvial/IMG_0374_M_0_10_clayish_red.jpg,8355b1dc468b6a2455a3,phash:25a20c412fc48b30,train,b0e726625efefc0c0c78d062262edf54dbbaea6bd066e028a3a57134d9516965,44,45,4,95,False
Soil_Labeled_Data/M_40_50/L_90_100/alluvial/IMG_0375_M_0_10_light_brown.jpg,Soil_Labeled_Data/M_40_50/L_90_100/alluvial/IMG_0375_M_0_10_light_brown.jpg,35246443d09ec07bbb9e,phash:7be31c19e3d79567,train,d1d4c3fad6b19ebcad41908e8b3c0874d31dbe574b08b6f8fb862c20d9dbd7cd,47,48,4,94,False
Soil_Labeled_Data/M_40_50/L_90_100/alluvial/IMG_0377_M_0_10_pale_yellow.jpg,Soil_Labeled_Data/M_40_50/L_90_100/alluvial/IMG_0377_M_0_10_pale_yellow.jpg,032393a764f230951722,phash:a2866d8d623a0393,train,972ae32d6a2d6fd4f6c58200cfb5b75500a77cadd10441d29445f70cd70eb39d,44,46,4,92,False
Soil_Labeled_Data/M_40_50/L_90_100/alluvial/IMG_0383_M_0_10_light_brown.jpg,Soil_Labeled_Data/M_40_50/L_90_100/alluvial/IMG_0383_M_0_10_light_brown.jpg,6470ac41b299a9353fcf,phash:fc22572bf4f6c414,train,0ac1f6f596b0d34730a56d56742280b5844b2346266cbf6a00bbe87e8d6e814b,44,44,4,93,False
Soil_Labeled_Data/M_40_50/L_90_100/alluvial/IMG_0384_M_0_10_clayish_red.jpg,Soil_Labeled_Data/M_40_50/L_90_100/alluvial/IMG_0384_M_0_10_clayish_red.jpg,9b26bb6490488f932861,phash:fe5de7758ede66af,train,0aa5b86e909f9ff5cc6825d87257e80288df8507114e6d650f90de2b0697193d,47,46,4,90,False
Soil_Labeled_Data/M_40_50/L_90_100/alluvial/IMG_0787_M_10_20_clayish_red.jpg,Soil_Labeled_Data/M_40_50/L_90_100/alluvial/IMG_0787_M_10_20_clayish_red.jpg,7992a8dda31c225dafb7,phash:e35a11aa03659839,train,64b16363b76bdb909d18cbd3a76d264356d05f0a472a6153ab31a91b195af4ca,40,41,4,100,False
Soil_Labeled_Data/M_40_50/L_90_100/alluvial/IMG_0793_M_10_20_clayish_red.jpg,Soil_Labeled_Data/M_40_50/L_90_100/alluvial/IMG_0793_M_10_20_clayish_red.jpg,eeaad339ffa1a36b0cf2,phash:b51105d1d4146b87,test,1a4a5a60ddb0f2fa8ede1f05038c190f9e0c1ea41564c33d0f42e2428e48a937,41,39,4,92,False
Soil_Labeled_Data/M_40_50/L_90_100/alluvial/IMG_0796_M_10_20_gray_brown.jpg,Soil_Labeled_Data/M_40_50/L_90_100/alluvial/IMG_0796_M_10_20_gray_brown.jpg,0dac8eb87757a2a50003,phash:b51105d1d4146b87,test,d909fdb41dc4c6d84ad15fe83b726c1b4e7aa8b1afe49dbc6e6b5612e27260b1,47,47,4,90,False
Soil_Labeled_Data/M_40_50/L_90_100/alluvial/IMG_0797_M_10_20_gray_brown.jpg,Soil_Labeled_Data/M_40_50/L_90_100/alluvial/IMG_0797_M_10_20_gray_brown.jpg,9d8e7dd43e58592c77f5,phash:16313a78b8c6de56,train,007db960b222f99b3bb2425269787c8f414716372ad9085248dd470bf1428dc9,42,42,4,91,False
Soil_Labeled_Data/M_40_50/L_90_100/alluvial/IMG_0799_M_10_20_pale_yellow.jpg,Soil_Labeled_Data/M_40_50/L_90_100/alluvial/IMG_0799_M_10_20_pale_yellow.jpg,cadd9674a87ed9618bcc,phash:a042fdfa2e60d86a,train,7eea6caa44dd7cd8677393fcabb350dc3f4219d0dd52af47e606fa4c105c2818,42,43,4,91,False
Soil_Labeled_Data/M_40_50/L_90_100/alluvial/IMG_0800_M_10_20_clayish_red.jpg,Soil_Labeled_Data/M_40_50/L_90_100/alluvial/IMG_0800_M_10_20_clayish_red.jpg,8ecfce7335b735b8b8d9,phash:e8b9de4bf1b5ad35,train,d05fa6698df5fa3a2fa1f1ea6dd552862a35cafb706e4e04553f03b49c9f4fe5,40,38,4,93,False
Soil_Labeled_Data/M_40_50/L_90_100/alluvial/IMG_0801_M_10_20_clayish_red.jpg,Soil_Labeled_Data/M_40_50/L_90_100/alluvial/IMG_0801_M_10_20_clayish_red.jpg,dad8eebba7592eef4fdb,phash:109f4377503ddda1,train,a95873f31db56396a3683ef3deb86e6978f90b4a7baee00686ac6ac44e3f86c5,50,51,4,98,False
Soil_Labeled_Data/M_40_50/L_90_100/alluvial/z5720142667793_1b68b578374e456dec54d6a7942a78c6.jpg,Soil_Labeled_Data/M_40_50/L_90_100/alluvial/z5720142667793_1b68b578374e456dec54d6a7942a78c6.jpg,b51b5b44fc6870f6d578,phash:c87437fc240e682d,train,85901716749fa7f57af05ad4b6a317f26c6e420ba47d3b76e87ff45ecdfcd54d,43,45,4,90,False
Soil_Labeled_Data/M_40_50/L_90_100/alluvial/z5720142732215_24153a5f94f1690b1290a7adb4f344d9.jpg,Soil_Labeled_Data/M_40_50/L_90_100/alluvial/z5720142732215_24153a5f94f1690b1290a7adb4f344d9.jpg,2889d30390de5b6a7dc7,phash:2907e22073607f47,train,1ce12e72af799f3ef641eac772e49eaa601410979f064594ee0697444163f229,42,40,4,93,False
Soil_Labeled_Data/M_40_50/L_90_100/alluvial/z5720142803519_7e7073968e86e15707d41ef2d1f8a1cb.jpg,Soil_Labeled_Data/M_40_50/L_90_100/alluvial/z5720142803519_7e7073968e86e15707d41ef2d1f8a1cb.jpg,f8ddbb74af8c1be93fc2,phash:1d3c79345db274e1,validation,f6f490aa8c06c3f394c6af6b860648034089de50325cbb7a66c6e52da0ace352,45,43,4,98,False
Soil_Labeled_Data/M_40_50/L_90_100/alluvial/z5720143090213_a08a9f5a97cdc656748cb7fa75edf338.jpg,Soil_Labeled_Data/M_40_50/L_90_100/alluvial/z5720143090213_a08a9f5a97cdc656748cb7fa75edf338.jpg,c9d19a6677d7aa1165e3,phash:b0b7d47db6639108,validation,ad01962ff96b59c7f2e01deccfcfb26565289a1874d4cb18321c4c670dac82f3,48,47,4,92,False
Soil_Labeled_Data/M_40_50/L_90_100/alluvial/z5720143165808_c048ad1ab07ddbb36a302d65772e88c8.jpg,Soil_Labeled_Data/M_40_50/L_90_100/alluvial/z5720143165808_c048ad1ab07ddbb36a302d65772e88c8.jpg,0d7bdeb3138e8f4fb591,phash:0285effacff0304c,validation,9905aa20c91ef10e1318eef77539884be05c4c10b902e962b74c76325f6724c8,48,49,4,96,False
Soil_Labeled_Data/M_40_50/L_90_100/alluvial/z5720143180627_8991003c4168f68248331f4ae3cb75d1.jpg,Soil_Labeled_Data/M_40_50/L_90_100/alluvial/z5720143180627_8991003c4168f68248331f4ae3cb75d1.jpg,d8dc21d0481fe80893b1,phash:b1dd5e518be03381,train,ade40a65a23d306319ba2fadfc9c4d5eeaf049ca4046bd5fc41ea69a2e373fa9,45,45,4,97,False
Soil_Labeled_Data/M_50_60/L_0_10/alluvial/IMG_0407_M_10_20_gray_brown_M_40_50_light_brown.jpg,Soil_Labeled_Data/M_50_60/L_0_10/alluvial/IMG_0407_M_10_20_gray_brown_M_40_50_light_brown.jpg,86288ddf790a63b46646,phash:4756c126639a1165,train,477bbd73ff3d31297ccacb96a9b0e439af7b2cbeb0437301323941bc3d39df74,52,55,5,2,False
Soil_Labeled_Data/M_50_60/L_0_10/alluvial/IMG_0407_M_10_20_light_brown_M_40_50_gray_brown.jpg,Soil_Labeled_Data/M_50_60/L_0_10/alluvial/IMG_0407_M_10_20_light_brown_M_40_50_gray_brown.jpg,16147e3ca1f817e1bfd9,phash:4756c126639a1165,train,0e91ff8cd725d05d8c4de6ee292052aa76d033e17f2bef739e2f9d01904b5788,51,53,5,1,False
Soil_Labeled_Data/M_50_60/L_0_10/alluvial/IMG_0413_M_10_20_pale_yellow_M_40_50_gray_brown.jpg,Soil_Labeled_Data/M_50_60/L_0_10/alluvial/IMG_0413_M_10_20_pale_yellow_M_40_50_gray_brown.jpg,0c8fb3ff70947ee16fe8,phash:7b04521d4a15b988,train,fd8b3f9a2a4107cbf433da65e5b699622ec8ad6aeab1410ac19f999271cd3ce0,59,61,5,4,False
Soil_Labeled_Data/M_50_60/L_0_10/alluvial/IMG_0417_M_10_20_clayish_red_M_40_50_gray_brown.jpg,Soil_Labeled_Data/M_50_60/L_0_10/alluvial/IMG_0417_M_10_20_clayish_red_M_40_50_gray_brown.jpg,609b7e1ad298258d25a4,phash:093f6d41545039a8,validation,9b995dfbdf52b7e391cbab6026ca29fd9b3d63a5005ddc331e9e3b20a888434c,51,53,5,6,False
Soil_Labeled_Data/M_50_60/L_0_10/alluvial/IMG_0417_M_10_20_gray_brown_M_40_50_gray_brown.jpg,Soil_Labeled_Data/M_50_60/L_0_10/alluvial/IMG_0417_M_10_20_gray_brown_M_40_50_gray_brown.jpg,ba655d3574ab78c075ed,phash:ba78fbdcbfa5f559,train,53dc86a816fa16689f7c8943ccb8c271e0545c8bcb6ca620827b5aa5fda47a54,55,57,5,4,False
Soil_Labeled_Data/M_50_60/L_0_10/alluvial/IMG_0418_M_10_20_clayish_red_M_40_50_light_brown.jpg,Soil_Labeled_Data/M_50_60/L_0_10/alluvial/IMG_0418_M_10_20_clayish_red_M_40_50_light_brown.jpg,8762bf82c0701ca7f3c4,phash:f12ff63ab6350ee4,train,40411cc0a771a488cb8f7d7b5e29b51c82d2b54b209e839211ea873b51c93b19,55,58,5,5,False
Soil_Labeled_Data/M_50_60/L_0_10/alluvial/IMG_0425_M_10_20_light_brown_M_40_50_light_brown.jpg,Soil_Labeled_Data/M_50_60/L_0_10/alluvial/IMG_0425_M_10_20_light_brown_M_40_50_light_brown.jpg,4f827bdac60e7b7f4c29,phash:4756c126639a1165,train,7eb76bf5115aff1c85144abc89842c2751a32e17248f41301261b4762aa21a91,60,65,5,2,False
Soil_Labeled_Data/M_50_60/L_0_10/alluvial/IMG_0427_M_10_20_gray_brown_M_40_50_light_brown.jpg,Soil_Labeled_Data/M_50_60/L_0_10/alluvial/IMG_0427_M_10_20_gray_brown_M_40_50_light_brown.jpg,c21d91235f39e37312b5,phash:4756c126639a1165,train,494e6754cd9c169c017e4aafaa7cd4a1344c9c02bb65c5ce640573720dddd12c,58,60,5,4,False
Soil_Labeled_Data/M_50_60/L_0_10/alluvial/z5714094985878_be3d0b27ad0ff588c74868cf841a13d8_M_0_10_clayish_red_M_40_50_gray_brown.jpg,Soil_Labeled_Data/M_50_60/L_0_10/alluvial/z5714094985878_be3d0b27ad0ff588c74868cf841a13d8_M_0_10_clayish_red_M_40_50_gray_brown.jpg,4a38ab6d4e7bf2978b28,phash:19bb67e0bcbd5c12,validation,dc58899275379b9b05e067ace55662c1f52710858a9722835f6a0675abec9348,60,65,5,8,False
Soil_Labeled_Data/M_50_60/L_0_10/alluvial/z5714095067177_c28910a39d05d545c1eb98c0765e3032_M_0_10_clayish_red_M_40_50_gray_brown.jpg,Soil_Labeled_Data/M_50_60/L_0_10/alluvial/z5714095067177_c28910a39d05d545c1eb98c0765e3032_M_0_10_clayish_red_M_40_50_gray_brown.jpg,9355d949eee3feeaec31,phash:4e096baba8169b93,train,725a2b51f79834ac73e41be05c09d236c30dc9d7bf2cd8841cdce60a057f679e,50,55,5,6,False
Soil_Labeled_Data/M_50_60/L_0_10/alluvial/z5714095161888_3d5bfbb45a821c7b8a0a0889e60fa9e1_M_0_10_light_brown_M_40_50_gray_brown.jpg,Soil_Labeled_Data/M_50_60/L_0_10/alluvial/z5714095161888_3d5bfbb45a821c7b8a0a0889e60fa9e1_M_0_10_light_brown_M_40_50_gray_brown.jpg,c9dc453c0d901a869c59,phash:c2eb079e9ef240b1,train,b9693980552a765e79c2e3d255c3c5e3ab87db841a8ba470df2408cc9854265f,54,56,5,10,False
Soil_Labeled_Data/M_50_60/L_0_10/alluvial/z5714095397323_3ba8d5731fe9ad72ecd36a4f5fe55be2_M_0_10_pale_yellow_M_40_50_gray_brown.jpg,Soil_Labeled_Data/M_50_60/L_0_10/alluvial/z5714095397323_3ba8d5731fe9ad72ecd36a4f5fe55be2_M_0_10_pale_yellow_M_40_50_gray_brown.jpg,1ef165bc6c2639f14206,phash:310da61118750dd1,train,608d2434e62c550eab9a919488d249d073ebeb590b48fb24dda459bd892f8d19,59,63,5,7,False
Soil_Labeled_Data/M_50_60/L_0_10/alluvial/z5714095443955_4462fea6d31af758e0d1027ff26c48bf_M_0_10_light_brown_M_40_50_gray_brown.jpg,Soil_Labeled_Data/M_50_60/L_0_10/alluvial/z5714095443955_4462fea6d31af758e0d1027ff26c48bf_M_0_10_light_brown_M_40_50_gray_brown.jpg,152be9b87125f9790486,phash:63840c30051c4e6b,train,06d4adb56c2ca91acaab56e242cd62ce34c198086794b38758f7323762eef110,56,62,5,1,False
Soil_Labeled_Data/M_50_60/L_0_10/alluvial/z5716042004626_672a27bdaa4badcf207b29a4dbf173b0_M_30_40_pale_yellow_M_40_50_light_brown.jpg,Soil_Labeled_Data/M_50_60/L_0_10/alluvial/z5716042004626_672a27bdaa4badcf207b29a4dbf173b0_M_30_40_pale_yellow_M_40_50_light_brown.jpg,375ef1303928dde26232,phash:156bd532f6d70aa4,train,cbfb8dd36e9062f05a1af1bdd9e04b4f5cbd55eb34addbbb58fc267a1299a0d4,53,59,5,5,False
Soil_Labeled_Data/M_50_60/L_0_10/alluvial/z5716042049106_e42202833efd1fc8789876381aea1f57_M_30_40_clayish_red_M_40_50_gray_brown.jpg,Soil_Labeled_Data/M_50_60/L_0_10/alluvial/z5716042049106_e42202833efd1fc8789876381aea1f57_M_30_40_clayish_red_M_40_50_gray_brown.jpg,da52a3eda08179f6429d,phash:a4744846c4b72204,train,6e8c8c3d32f4c3d1e3e80c5ca20f27a8c08a66ad720df03fe130dc630da65a03,55,61,5,7,False
Soil_Labeled_Data/M_50_60/L_0_10/alluvial/z5716042049106_e42202833efd1fc8789876381aea1f57_M_30_40_light_brown_M_40_50_light_brown.jpg,Soil_Labeled_Data/M_50_60/L_0_10/alluvial/z5716042049106_e42202833efd1fc8789876381aea1f57_M_30_40_light_brown_M_40_50_light_brown.jpg,16dc14b55b4760e8609e,phash:109ca96305379bb1,train,eef3f4dfbec859627d5b0d98025d122ed57eebfc011fa6fa376e6db9e070dbf6,56,58,5,9,False
Soil_Labeled_Data/M_50_60/L_0_10/alluvial/z5716042321152_979083553c4378666fb6af100231c565_M_30_40_gray_brown_M_40_50_gray_brown.jpg,Soil_Labeled_Data/M_50_60/L_0_10/alluvial/z5716042321152_979083553c4378666fb6af100231c565_M_30_40_gray_brown_M_40_50_gray_brown.jpg,981e0327458b8190d061,phash:409763c87e26ac25,train,b0a92eb17d526600c9292eaeca5f268454759bbdbd9c4ec1a67116a6ba4576c5,50,55,5,1,False
Soil_Labeled_Data/M_50_60/L_0_10/alluvial/z5716042362231_afc15cf0059cc0b0a10e2307f0224493_M_30_40_clayish_red_M_40_50_light_brown.jpg,Soil_Labeled_Data/M_50_60/L_0_10/alluvial/z5716042362231_afc15cf0059cc0b0a10e2307f0224493_M_30_40_clayish_red_M_40_50_light_brown.jpg,97e41a3ccf86e5249110,phash:55544e56d294fb25,train,4f84b7afaa4b6e7f1237c4798479a361ae265d9f4f92050602ce2e436d5d27ac,55,61,5,8,False
Soil_Labeled_Data/M_50_60/L_0_10/alluvial/z5716042362231_afc15cf0059cc0b0a10e2307f0224493_M_30_40_gray_brown_M_40_50_light_brown.jpg,Soil_Labeled_Data/M_50_60/L_0_10/alluvial/z5716042362231_afc15cf0059cc0b0a10e2307f0224493_M_30_40_gray_brown_M_40_50_light_brown.jpg,db0348bb0b3d7eda7a95,phash:5ad66e7074f63f26,train,bffc02b3a1814749109088dfb05313bdf52a7dc018a9c61c52e948c94169caa3,51,54,5,3,False
Soil_Labeled_Data/M_50_60/L_0_10/alluvial/z5716042393202_8e123a1e78f84eda2b3a3bd5bfe377a3_M_30_40_gray_brown_M_40_50_light_brown.jpg,Soil_Labeled_Data/M_50_60/L_0_10/alluvial/z5716042393202_8e123a1e78f84eda2b3a3bd5bfe377a3_M_30_40_gray_brown_M_40_50_light_brown.jpg,b83b7af2c9c327a36383,phash:656225373357816c,test,0cadbed9ff81f91f20b1e0bff2e0dad9be1997c514bcaca22264d89490a064e1,55,61,5,10,False
Soil_Labeled_Data/M_50_60/L_10_20/alluvial/IMG_0007_M_0_10_clayish_red_M_40_50_light_brown.jpg,Soil_Labeled_Data/M_50_60/L_10_20/alluvial/IMG_0007_M_0_10_clayish_red_M_40_50_light_brown.jpg,848841546fee8a2e7022,phash:432c8ed6a163119e,train,fef96c3f618185a112157f8700c5ee6002cd97fda21c5436a9acd858aef95ab3,55,61,5,18,False
Soil_Labeled_Data/M_50_60/L_10_20/alluvial/IMG_0012_M_0_10_clayish_red_M_40_50_light_brown.jpg,Soil_Labeled_Data/M_50_60/L_10_20/alluvial/IMG_0012_M_0_10_clayish_red_M_40_50_light_brown.jpg,5c8ae2185e04bc3c282b,phash:036bd561c9affbf4,train,7272c9644f5de4bc93568a8bf99f3162f5480f2353d2efcfc0d2d4debfe8694f,54,56,5,19,False
Soil_Labeled_Data/M_50_60/L_10_20/alluvial/IMG_0018_M_0_10_light_brown_M_40_50_light_brown.jpg,Soil_Labeled_Data/M_50_60/L_10_20/alluvial/IMG_0018_M_0_10_light_brown_M_40_50_light_brown.jpg,1ebc274189c93dd15de8,phash:fc26f4c6b88e93b6,train,58c86c3316854ead87f34ca224376cccb49de9a106572444d6576128e9a393ab,57,59,5,16,False
Soil_Labeled_Data/M_50_60/L_10_20/alluvial/IMG_0025_M_0_10_pale_yellow_M_40_50_gray_brown.jpg,Soil_Labeled_Data/M_50_60/L_10_20/alluvial/IMG_0025_M_0_10_pale_yellow_M_40_50_gray_brown.jpg,0f8c4a4693f2deaa2a65,phash:76e985df32d5e5e3,train,612688fd1fa971b74736a0e94f62b05ba1de3832e23248a2cae3197fbf4d85df,54,59,5,20,False
Soil_Labeled_Data/M_50_60/L_10_20/alluvial/IMG_0450_M_10_20_pale_yellow_M_40_50_gray_brown.jpg,Soil_Labeled_Data/M_50_60/L_10_20/alluvial/IMG_0450_M_10_20_pale_yellow_M_40_50_gray_brown.jpg,10cbf99b47d31382d5d9,phash:e5ae9c0394f3d4c2,train,44ef81b878709cae14f97bfb64aa13387d431d060106130467969ccf5a8bf446,51,53,5,15,False
Soil_Labeled_Data/M_50_60/L_10_20/alluvial/IMG_0454_M_10_20_light_brown_M_40_50_gray_brown.jpg,Soil_Labeled_Data/M_50_60/L_10_20/alluvial/IMG_0454_M_10_20_light_brown_M_40_50_gray_brown.jpg,19819640c7a1426dd53a,phash:5ca572d3107e8d3e,train,af91680c4d898018def426b05a173036ecb8ad5f5c247553b7da0907a8d766c7,54,59,5,11,False
Soil_Labeled_Data/M_50_60/L_10_20/alluvial/IMG_0459_M_10_20_light_brown_M_40_50_light_brown.jpg,Soil_Labeled_Data/M_50_60/L_10_20/alluvial/IMG_0459_M_10_20_light_brown_M_40_50_light_brown.jpg,c4e5aa7340cfc3d7d365,phash:b09ff6b58bd99921,test,b3daf6846782ab2c2f7f887e3983dd2f9e56491d29e18c4db8ddbaeb829188c2,57,61,5,14,False
Soil_Labeled_Data/M_50_60/L_10_20/alluvial/IMG_0465_M_10_20_pale_yellow_M_40_50_light_brown.jpg,Soil_Labeled_Data/M_50_60/L_10_20/alluvial/IMG_0465_M_10_20_pale_yellow_M_40_50_light_brown.jpg,a3b6f302c390a542e679,phash:42d3d469f0c72e7f,train,45e812bfc13d94ba472c0e8573fa2dda2672dd18b849ed834704a7b0a1d23392,56,58,5,18,False
Soil_Labeled_Data/M_50_60/L_10_20/alluvial/z5716081456111_c7b3a15fdcf4e0cc64674602ca5f7f16_M_30_40_gray_brown.jpg,Soil_Labeled_Data/M_50_60/L_10_20/alluvial/z5716081456111_c7b3a15fdcf4e0cc64674602ca5f7f16_M_30_40_gray_brown.jpg,574d230854e1da026b0e,phash:b8c4cf1231cffbd4,train,362aea87d98ea40046c73bffc05d7191ea2f1ce5180fabc80e316f025f75bd33,57,61,5,14,False
Soil_Labeled_Data/M_50_60/L_10_20/alluvial/z5716081541140_f8cf053ed3727193eae06a486810b5ef_M_30_40_light_brown_M_40_50_light_brown.jpg,Soil_Labeled_Data/M_50_60/L_10_20/alluvial/z5716081541140_f8cf053ed3727193eae06a486810b5ef_M_30_40_light_brown_M_40_50_light_brown.jpg,368ef81c1d64649e6beb,phash:2ede1ab9267c93fb,train,c3947f1f20c0dadaf8621cfbad80ff96dfa3ab447ee244dee0a7757d4cef1139,58,60,5,15,False
Soil_Labeled_Data/M_50_60/L_10_20/alluvial/z5716081604703_5b6db8c3f8abac206c03f4fcd5bac49c_M_30_40_clayish_red_M_40_50_gray_brown.jpg,Soil_Labeled_Data/M_50_60/L_10_20/alluvial/z5716081604703_5b6db8c3f8abac206c03f4fcd5bac49c_M_30_40_clayish_red_M_40_50_gray_brown.jpg,cf1076937e7e39c26348,phash:be078d7689b1dbb1,validation,17b0dedfa39a35461351634ad6fc9136edba809cf631997ab23c96946a53a2e3,54,58,5,19,False
Soil_Labeled_Data/M_50_60/L_10_20/alluvial/z5716081630761_e1624a45d14f513987c03256f064b8bf_M_30_40_light_brown_M_40_50_gray_brown.jpg,Soil_Labeled_Data/M_50_60/L_10_20/alluvial/z5716081630761_e1624a45d14f513987c03256f064b8bf_M_30_40_light_brown_M_40_50_gray_brown.jpg,ca5b73e90d58a3c7fb28,phash:d900520187ed4db7,train,8b8c76380b8e5fc43729ccd8c144eff743615b5b0fceacfcc54d8c02e526fc06,50,55,5,11,False
Soil_Labeled_Data/M_50_60/L_10_20/alluvial/z5716081662580_90fe70bd39227686c8ca01467428faf4_M_30_40_gray_brown.jpg,Soil_Labeled_Data/M_50_60/L_10_20/alluvial/z5716081662580_90fe70bd39227686c8ca01467428faf4_M_30_40_gray_brown.jpg,3734d24e3237a4981b29,phash:72ba288fa0329d1a,train,a5ae4b53e02455e543c75d649ea7256d59cb6ad371deae2154f7611c3aa42762,54,59,5,10,False
Soil_Labeled_Data/M_50_60/L_10_20/alluvial/z5716081686870_a22c92a1c73378a497174d3b9264fcd8_M_30_40_light_brown.jpg,Soil_Labeled_Data/M_50_60/L_10_20/alluvial/z5716081686870_a22c92a1c73378a497174d3b9264fcd8_M_30_40_light_brown.jpg,a91a0c531f68b72800e7,phash:5366782500485afa,train,26d4a3b5ff5d584dc7be1b4a1ff5c9aea8cf64086a3ae9bc45c94dcd092d1250,58,61,5,10,False
Soil_Labeled_Data/M_50_60/L_10_20/alluvial/z5716081686870_a22c92a1c73378a497174d3b9264fcd8_M_30_40_pale_yellow_M_40_50_light_brown.jpg,Soil_Labeled_Data/M_50_60/L_10_20/alluvial/z5716081686870_a22c92a1c73378a497174d3b9264fcd8_M_30_40_pale_yellow_M_40_50_light_brown.jpg,876548e507df4360d5c2,phash:5366782500485afa,train,7a5a574e16badd9f1b48294d5a680b2737dd2e582015b29fc9f77ba2fba6156c,53,57,5,14,False
Soil_Labeled_Data/M_50_60/L_10_20/alluvial/z5716081732799_46a8abd72cd445d5fc7f7576562133ff_M_30_40_light_brown_M_40_50_light_brown.jpg,Soil_Labeled_Data/M_50_60/L_10_20/alluvial/z5716081732799_46a8abd72cd445d5fc7f7576562133ff_M_30_40_light_brown_M_40_50_light_brown.jpg,e0eb40293a1238b51c07,phash:14ef1d3f93e35eea,test,24afc2762afe9843189132ce2e9529150233aee4a72a8abee69256deaf2a795f,59,62,5,15,False
Soil_Labeled_Data/M_50_60/L_10_20/alluvial/z5716081741279_e6dcbcb3d2252e27194aab74ebc27762_M_30_40_gray_brown.jpg,Soil_Labeled_Data/M_50_60/L_10_20/alluvial/z5716081741279_e6dcbcb3d2252e27194aab74ebc27762_M_30_40_gray_brown.jpg,2fa7e2e0b9571feb3988,phash:46386f8bbcc5a68d,train,46d988a77e52e2090cb92dd2abde9bdede078eec177d72985176f4a87c5a23a2,59,64,5,20,False
Soil_Labeled_Data/M_50_60/L_10_20/alluvial/z5716081772943_2fb347b31f759bb077e09ce9344a4b18_M_30_40_light_brown.jpg,Soil_Labeled_Data/M_50_60/L_10_20/alluvial/z5716081772943_2fb347b31f759bb077e09ce9344a4b18_M_30_40_light_brown.jpg,6c9cdeb3ad1ee11461f4,phash:f11288625d82a1fc,validation,0cfe13c207ba5165c345ef4cdb5c4bfe8cc4edce0d3dea7cdfee13c59a0e9232,51,55,5,19,False
Soil_Labeled_Data/M_50_60/L_10_20/alluvial/z5716081793488_8e267ac7db26534a784551ddef1bbd5f_M_30_40_clayish_red_M_40_50_gray_brown.jpg,Soil_Labeled_Data/M_50_60/L_10_20/alluvial/z5716081793488_8e267ac7db26534a784551ddef1bbd5f_M_30_40_clayish_red_M_40_50_gray_brown.jpg,2afb7fffe7008813d9df,phash:e38d01687b23892b,validation,c5b2662a86eceb667447f22da9c9391dab07c6d62b10b5470de617e9dc950911,57,59,5,13,False
Soil_Labeled_Data/M_50_60/L_10_20/alluvial/z5716081793488_8e267ac7db26534a784551ddef1bbd5f_M_30_40_gray_brown.jpg,Soil_Labeled_Data/M_50_60/L_10_20/alluvial/z5716081793488_8e267ac7db26534a784551ddef1bbd5f_M_30_40_gray_brown.jpg,5e29392b9462731a9135,phash:e38d01687b23892b,validation,f2a92c3aa6f483be8c0d4fd38ff4d389cdf8e1b488eba7fb074cf8b77e8b7edc,53,58,5,11,False
Soil_Labeled_Data/M_50_60/L_20_30/alluvial/IMG_0051_M_0_10_light_brown_M_40_50_light_brown.jpg,Soil_Labeled_Data/M_50_60/L_20_30/alluvial/IMG_0051_M_0_10_light_brown_M_40_50_light_brown.jpg,1d8e45d2f0bbefe8b799,phash:65ef1449a8b55a83,train,6afcae57eb1585fd2ba284a877670817f5df03db92c2ad200c243b9879be3967,50,52,5,28,False
Soil_Labeled_Data/M_50_60/L_20_30/alluvial/IMG_0054_M_0_10_gray_brown_M_40_50_light_brown.jpg,Soil_Labeled_Data/M_50_60/L_20_30/alluvial/IMG_0054_M_0_10_gray_brown_M_40_50_light_brown.jpg,78ce327f0f7d0bca3938,phash:c7ac857b10a488cd,train,246445501d703311911c8d680846f2177f0d6b48a55d1a6d615ac3273a1ea9d2,50,53,5,29,False
Soil_Labeled_Data/M_50_60/L_20_30/alluvial/IMG_0062_M_0_10_pale_yellow_M_40_50_gray_brown.jpg,Soil_Labeled_Data/M_50_60/L_20_30/alluvial/IMG_0062_M_0_10_pale_yellow_M_40_50_gray_brown.jpg,988757bf1764ed894e2c,phash:856223e6719f5382,train,379cf156260002eb5a5e5a6fa771c32fcdbad5adfec807ac63e2c9cbd8d7931e,50,52,5,24,False
Soil_Labeled_Data/M_50_60/L_20_30/alluvial/IMG_0065_M_0_10_gray_brown_M_40_50_light_brown.jpg,Soil_Labeled_Data/M_50_60/L_20_30/alluvial/IMG_0065_M_0_10_gray_brown_M_40_50_light_brown.jpg,049e2ba51eb6d2223a12,phash:affbdabec6156118,train,f3af214f9c7030524ddf1851e139a2d5606dee4c2c684f83046a5611448c6531,50,51,5,27,False
Soil_Labeled_Data/M_50_60/L_20_30/alluvial/IMG_0070_M_0_10_light_brown_M_40_50_gray_brown.jpg,Soil_Labeled_Data/M_50_60/L_20_30/alluvial/IMG_0070_M_0_10_light_brown_M_40_50_gray_brown.jpg,d21a33d895be0e06b895,phash:2acd3f193091fa41,train,71c1df37ff0d5acd968c8716b3be3cc37453895a3acbc99eb3d6f54dda85e71d,55,59,5,26,False
Soil_Labeled_Data/M_50_60/L_20_30/alluvial/IMG_0497_M_10_20_pale_yellow_M_40_50_light_brown.jpg,Soil_Labeled_Data/M_50_60/L_20_30/alluvial/IMG_0497_M_10_20_pale_yellow_M_40_50_light_brown.jpg,35583693661dc1f9e2fc,phash:5bf1ed8e03d8be73,train,1b13cf9023aed932b231ed0dd69636082cc4a47cf9915c2672342bf1737e2b1b,50,54,5,29,False
Soil_Labeled_Data/M_50_60/L_20_30/alluvial/IMG_0501_M_10_20_light_brown_M_40_50_gray_brown.jpg,Soil_Labeled_Data/M_50_60/L_20_30/alluvial/IMG_0501_M_10_20_light_brown_M_40_50_gray_brown.jpg,b6e4716954533dc25690,phash:466c9def00cb8061,train,e1e613492098555dd53e516c8ae21c8120eaafd747c1b12c376fc6bd7435e05d,55,56,5,29,False
Soil_Labeled_Data/M_50_60/L_20_30/alluvial/IMG_0507_M_10_20_clayish_red_M_40_50_gray_brown.jpg,Soil_Labeled_Data/M_50_60/L_20_30/alluvial/IMG_0507_M_10_20_clayish_red_M_40_50_gray_brown.jpg,3258b44e7f5f7b3d64b5,phash:97840c038cf0ca41,train,4787bf4b4884928212b20e7959f317171ef6e99d4cd58dc4043aa1c26aa91542,53,55,5,28,False
Soil_Labeled_Data/M_50_60/L_20_30/alluvial/IMG_0512_M_10_20_light_brown_M_40_50_light_brown.jpg,Soil_Labeled_Data/M_50_60/L_20_30/alluvial/IMG_0512_M_10_20_light_brown_M_40_50_light_brown.jpg,1ae43cda36a48c9c2029,phash:08b7389bd339e9c1,train,57b25eb13c07ab348988392a045bb13ca8ec4e1fe40f3280a2dbb22641ae60b9,60,65,5,20,False
Soil_Labeled_Data/M_50_60/L_20_30/alluvial/z5716143930779_82598f78ba14dbaef200f73e32b8e318_M_30_40_clayish_red_M_40_50_gray_brown.jpg,Soil_Labeled_Data/M_50_60/L_20_30/alluvial/z5716143930779_82598f78ba14dbaef200f73e32b8e318_M_30_40_clayish_red_M_40_50_gray_brown.jpg,043565769de3cf651cf9,phash:8a3d68b1e659cb4f,train,303f05d9a30038e0ae6e1a755eccd630e73d69f2a993877c3746b8d9278fe618,54,56,5,25,False
Soil_Labeled_Data/M_50_60/L_20_30/alluvial/z5716143930779_82598f78ba14dbaef200f73e32b8e318_M_30_40_gray_brown.jpg,Soil_Labeled_Data/M_50_60/L_20_30/alluvial/z5716143930779_82598f78ba14dbaef200f73e32b8e318_M_30_40_gray_brown.jpg,f9b5a9b8e7ea8d11a719,phash:8a3d68b1e659cb4f,train,3837f815d365e64dff568e01b8e27ece8455c6866a8df7109e094c91e2a1b603,53,55,5,29,False
Soil_Labeled_Data/M_50_60/L_20_30/alluvial/z5716144047202_bfbf5a922e86461675c0376ab5dc29fc_M_30_40_light_brown.jpg,Soil_Labeled_Data/M_50_60/L_20_30/alluvial/z5716144047202_bfbf5a922e86461675c0376ab5dc29fc_M_30_40_light_brown.jpg,505a80096d0282d021d0,phash:1d0a72a47c47c348,train,52e7cd4ac5f82deb98bd3299317ebe7a559a9baaa898e2abfe19c6f8e6d16f2a,54,56,5,20,False
Soil_Labeled_Data/M_50_60/L_20_30/alluvial/z5716144083688_2c23641d859dd12e7ca459c954f4e5a3_M_30_40_gray_brown.jpg,Soil_Labeled_Data/M_50_60/L_20_30/alluvial/z5716144083688_2c23641d859dd12e7ca459c954f4e5a3_M_30_40_gray_brown.jpg,2056ad94cbb689e9e828,phash:91b121c2b098a87b,train,ebb5626f84a683d2de08b953497c0a7c2507d16bd4a75867be37388a249df32c,51,56,5,30,False
Soil_Labeled_Data/M_50_60/L_20_30/alluvial/z5716144083688_2c23641d859dd12e7ca459c954f4e5a3_M_30_40_gray_brown_M_40_50_gray_brown.jpg,Soil_Labeled_Data/M_50_60/L_20_30/alluvial/z5716144083688_2c23641d859dd12e7ca459c954f4e5a3_M_30_40_gray_brown_M_40_50_gray_brown.jpg,8fee1fe5350d4e330b9c,phash:91b121c2b098a87b,train,c23872177d3ab4206547d5a1aafe59dba344c29984c4d50354485da15c14e5fa,59,64,5,22,False
Soil_Labeled_Data/M_50_60/L_20_30/alluvial/z5716144132663_b70f7b9be95a4c936673e9107c9809f3_M_30_40_pale_yellow_M_40_50_gray_brown.jpg,Soil_Labeled_Data/M_50_60/L_20_30/alluvial/z5716144132663_b70f7b9be95a4c936673e9107c9809f3_M_30_40_pale_yellow_M_40_50_gray_brown.jpg,a7a0e69b30314840728f,phash:fabf81d21febb44c,train,4a6b9a8e61016d31ed91c397c022185ecc2a112546a243b6291f5fac62de8684,52,53,5,23,False
Soil_Labeled_Data/M_50_60/L_20_30/alluvial/z5716144190940_96c634256f2c6596418ea321b6ccecda_M_30_40_light_brown_M_40_50_light_brown.jpg,Soil_Labeled_Data/M_50_60/L_20_30/alluvial/z5716144190940_96c634256f2c6596418ea321b6ccecda_M_30_40_light_brown_M_40_50_light_brown.jpg,167425faaee3ee329f7a,phash:e470bf4292aac4cd,train,bd72242808544407337e56697bbfc436ed25fcdded0417f600e396f2e4ce8e46,50,55,5,25,False
Soil_Labeled_Data/M_50_60/L_20_30/alluvial/z5716144190940_96c634256f2c6596418ea321b6ccecda_M_30_40_pale_yellow_M_40_50_light_brown.jpg,Soil_Labeled_Data/M_50_60/L_20_30/alluvial/z5716144190940_96c634256f2c6596418ea321b6ccecda_M_30_40_pale_yellow_M_40_50_light_brown.jpg,92af87345edc92a1bd50,phash:4f7b91c552121ee7,test,8da495626456179e42d6fec397f4ebaec129a59db571900c34ccaadd4302dd21,54,57,5,24,False
Soil_Labeled_Data/M_50_60/L_20_30/alluvial/z5716144235764_fed4a8b02740ef64fdb95af4099f1336_M_30_40_clayish_red_M_40_50_gray_brown.jpg,Soil_Labeled_Data/M_50_60/L_20_30/alluvial/z5716144235764_fed4a8b02740ef64fdb95af4099f1336_M_30_40_clayish_red_M_40_50_gray_brown.jpg,5311642303bd8e7dfdeb,phash:5f3d3bc6e2523e9c,train,248a961ce5625079af4882faad7710135463fe4e5215f0c93ba447ffd2d25b45,54,56,5,21,False
Soil_Labeled_Data/M_50_60/L_20_30/alluvial/z5716144261339_6eba7d5b24673487e96288acbc583744_M_30_40_light_brown.jpg,Soil_Labeled_Data/M_50_60/L_20_30/alluvial/z5716144261339_6eba7d5b24673487e96288acbc583744_M_30_40_light_brown.jpg,c659b71c1b6bf2ec9d81,phash:d18ef1135e73b68b,train,c9f51874b7648da29c3a4ce932f196b137290be66b11f7d869235823af39ff5d,59,64,5,28,False
Soil_Labeled_Data/M_50_60/L_20_30/alluvial/z5716144322709_8f70df660518e4d32c3fa16707b39049_M_30_40_clayish_red_M_40_50_gray_brown.jpg,Soil_Labeled_Data/M_50_60/L_20_30/alluvial/z5716144322709_8f70df660518e4d32c3fa16707b39049_M_30_40_clayish_red_M_40_50_gray_brown.jpg,52d8d5b1b0ed6f962c6e,phash:a44dfeb391948c09,train,19738c8535fdfd82bf00d863aae8a4270ae109478055987d1adf7143c2adb24e,55,57,5,26,False
Soil_Labeled_Data/M_50_60/L_30_40/alluvial/IMG_0103_M_0_10_clayish_red_M_40_50_light_brown.jpg,Soil_Labeled_Data/M_50_60/L_30_40/alluvial/IMG_0103_M_0_10_clayish_red_M_40_50_light_brown.jpg,e00ea603ab2e3d981025,phash:df19bd7121c3deb8,test,114b735d9b400cab14e902f857c6b7f32e8719e2aedb99d5ef7a428bc68522de,54,57,5,31,False
Soil_Labeled_Data/M_50_60/L_30_40/alluvial/IMG_0104_M_0_10_pale_yellow_M_40_50_gray_brown.jpg,Soil_Labeled_Data/M_50_60/L_30_40/alluvial/IMG_0104_M_0_10_pale_yellow_M_40_50_gray_brown.jpg,81bdad1cb0255fecbb42,phash:39621f13c2017892,train,beb1ff3e634cdaaa165c68789cb24a1e0f6d5307ab85b7a3bea73ba07a4366c8,50,53,5,38,False
Soil_Labeled_Data/M_50_60/L_30_40/alluvial/IMG_0105_M_0_10_clayish_red_M_40_50_light_brown.jpg,Soil_Labeled_Data/M_50_60/L_30_40/alluvial/IMG_0105_M_0_10_clayish_red_M_40_50_light_brown.jpg,cc2547fcc46a50f18d70,phash:7eeb9c5b6e40268d,validation,6e988c7ff3d3737647c73dad98adab5ba21d24478a642894269b695c5c4bd04e,51,52,5,34,False
Soil_Labeled_Data/M_50_60/L_30_40/alluvial/IMG_0105_M_0_10_pale_yellow_M_40_50_light_brown.jpg,Soil_Labeled_Data/M_50_60/L_30_40/alluvial/IMG_0105_M_0_10_pale_yellow_M_40_50_light_brown.jpg,a6388514031615b1ec10,phash:7eeb9c5b6e40268d,validation,83f75e9fb75ea770e28a5412fb65bd35d932b05f9790dfb8fc417f7df7c76bce,57,61,5,34,False
Soil_Labeled_Data/M_50_60/L_30_40/alluvial/IMG_0111_M_0_10_light_brown_M_40_50_gray_brown.jpg,Soil_Labeled_Data/M_50_60/L_30_40/alluvial/IMG_0111_M_0_10_light_brown_M_40_50_gray_brown.jpg,a40bfb9f16fb14b49bf9,phash:1b46fbcdc14f2ddd,train,2246c1c091f5bb94d94702f9cb2c1a79fc91ff14c343571a059e1b900f714e18,53,54,5,30,False
Soil_Labeled_Data/M_50_60/L_30_40/alluvial/IMG_0543_M_10_20_light_brown_M_40_50_gray_brown.jpg,Soil_Labeled_Data/M_50_60/L_30_40/alluvial/IMG_0543_M_10_20_light_brown_M_40_50_gray_brown.jpg,cc586f3a41a026af0abd,phash:738961f08c6ad95f,train,97986e96e3960b4b56c9f186ee0a1167715587b5106048ac5eb6366670841d8d,51,52,5,34,False
Soil_Labeled_Data/M_50_60/L_30_40/alluvial/IMG_0544_M_10_20_light_brown_M_40_50_gray_brown.jpg,Soil_Labeled_Data/M_50_60/L_30_40/alluvial/IMG_0544_M_10_20_light_brown_M_40_50_gray_brown.jpg,49154f0e1da6955aa18b,phash:ed6979670d9f9dea,train,bfbb0ff418dd91c4bc3774ffe944404d2064a4404cc2bc0ec72e99fee1c816ac,58,60,5,36,False
Soil_Labeled_Data/M_50_60/L_30_40/alluvial/IMG_0549_M_10_20_light_brown_M_40_50_light_brown.jpg,Soil_Labeled_Data/M_50_60/L_30_40/alluvial/IMG_0549_M_10_20_light_brown_M_40_50_light_brown.jpg,84764cb4c7d5265b14c7,phash:5af44fcdc59439fe,train,9c351fe4a98ef46b4c894f138d00079382818b8c595c02cb7f602340551d05be,54,58,5,38,False
Soil_Labeled_Data/M_50_60/L_30_40/alluvial/IMG_0552_M_10_20_light_brown_M_40_50_light_brown.jpg,Soil_Labeled_Data/M_50_60/L_30_40/alluvial/IMG_0552_M_10_20_light_brown_M_40_50_light_brown.jpg,c9af969214de9d3dd8d4,phash:6123742d1b5e5915,train,adf9d0bfcf50dae65bc68e1053bcff31a5de371e0382ce0545d652deb0bceaeb,51,55,5,35,False
Soil_Labeled_Data/M_50_60/L_30_40/alluvial/IMG_0555_M_10_20_clayish_red_M_40_50_gray_brown.jpg,Soil_Labeled_Data/M_50_60/L_30_40/alluvial/IMG_0555_M_10_20_clayish_red_M_40_50_gray_brown.jpg,8a075517ee82992d47ff,phash:2c0a79d874f6e502,test,829c0640e4be18f098e70272107e2ba0e4665fa1c84a3fdb9a7e6f3e69f8e9fd,55,58,5,34,False
Soil_Labeled_Data/M_50_60/L_30_40/alluvial/z5716113532944_e24b5c26485417eddb8588efca3eea1f_M_30_40_light_brown.jpg,Soil_Labeled_Data/M_50_60/L_30_40/alluvial/z5716113532944_e24b5c26485417eddb8588efca3eea1f_M_30_40_light_brown.jpg,d4fdb0d214723616f6c4,phash:67cc1dc54d47f36e,train,a90287d6b3398eb6fe66724e0482c71c00cdefc3f827790415938c40c8113e71,52,55,5,35,False
Soil_Labeled_Data/M_50_60/L_30_40/alluvial/z5716113777056_8bcc905fd2e415355a24bcfe07180a6f_M_30_40_gray_brown_M_40_50_gray_brown.jpg,Soil_Labeled_Data/M_50_60/L_30_40/alluvial/z5716113777056_8bcc905fd2e415355a24bcfe07180a6f_M_30_40_gray_brown_M_40_50_gray_brown.jpg,f764ecf84b20834f414b,phash:32f5cad2263ebdc2,validation,cf8c484d6f2ecc96ca26b2bc8667254318efab84d80313ab39124236271e0bf4,54,57,5,30,False
Soil_Labeled_Data/M_50_60/L_30_40/alluvial/z5716113831635_ad95fd739455206424a51a0a06bc4131_M_30_40_light_brown.jpg,Soil_Labeled_Data/M_50_60/L_30_40/alluvial/z5716113831635_ad95fd739455206424a51a0a06bc4131_M_30_40_light_brown.jpg,e0875eaea5b1592884b4,phash:3b0a2646bfb84257,train,7914cc020a189ca77bb08b2272eb00ea08eec6d8f7f7f74611fb4bfc1a0e5339,55,59,5,36,False
Soil_Labeled_Data/M_50_60/L_30_40/alluvial/z5716113931150_58a4458dd163c8417cbdd5dbc84c8ecd_M_30_40_pale_yellow_M_40_50_gray_brown.jpg,Soil_Labeled_Data/M_50_60/L_30_40/alluvial/z5716113931150_58a4458dd163c8417cbdd5dbc84c8ecd_M_30_40_pale_yellow_M_40_50_gray_brown.jpg,3d5ec7dd583080c37675,phash:3788069da8cf8d58,validation,add3e9aa401acf218020bf87b05392c1906c6280e0efeea2a555239651c87660,56,59,5,35,False
Soil_Labeled_Data/M_50_60/L_30_40/alluvial/z5716115889689_4a9ef5acc35a1a71531b59c12ba8e0dc_M_30_40_clayish_red_M_40_50_gray_brown.jpg,Soil_Labeled_Data/M_50_60/L_30_40/alluvial/z5716115889689_4a9ef5acc35a1a71531b59c12ba8e0dc_M_30_40_clayish_red_M_40_50_gray_brown.jpg,79b0d483b949b30e86f3,phash:309896d1863fe710,train,549fe6af01aa386d61ad8c0d44865ad61e671b231ad4e06545b0123b6698f9ed,60,61,5,35,False
Soil_Labeled_Data/M_50_60/L_30_40/alluvial/z5716115913721_f7cff5280e557d5287ca5504b449cdf7_M_30_40_gray_brown_M_40_50_light_brown.jpg,Soil_Labeled_Data/M_50_60/L_30_40/alluvial/z5716115913721_f7cff5280e557d5287ca5504b449cdf7_M_30_40_gray_brown_M_40_50_light_brown.jpg,ca44a7e142df12af8144,phash:2b71b2b9e3b8ac72,train,aa1f1aee20281ea16a61d52dea8babf6f12bb493fb535c8a89f9b496530b6c6e,52,55,5,36,False
Soil_Labeled_Data/M_50_60/L_30_40/alluvial/z5716115913721_f7cff5280e557d5287ca5504b449cdf7_M_30_40_light_brown.jpg,Soil_Labeled_Data/M_50_60/L_30_40/alluvial/z5716115913721_f7cff5280e557d5287ca5504b449cdf7_M_30_40_light_brown.jpg,4438afc78ac855ff9487,phash:2b71b2b9e3b8ac72,train,ad7f03d935d31f34584844d3eebb5d587af99a66f76bdcefd3f5cd5dd04c6af4,58,62,5,39,False
Soil_Labeled_Data/M_50_60/L_30_40/alluvial/z5716115990505_f5f56b58cd35cb9827aaedc4db8efebd_M_30_40_light_brown.jpg,Soil_Labeled_Data/M_50_60/L_30_40/alluvial/z5716115990505_f5f56b58cd35cb9827aaedc4db8efebd_M_30_40_light_brown.jpg,9768a597f14d52f849d2,phash:1580dccc06c1a06f,train,0b6f7fc1a8a4344e10ed0b62a31db80fb32e35e410f3c4d0480bb07bcbfe4ac3,59,63,5,40,False
Soil_Labeled_Data/M_50_60/L_30_40/alluvial/z5716115990505_f5f56b58cd35cb9827aaedc4db8efebd_M_30_40_pale_yellow_M_40_50_light_brown.jpg,Soil_Labeled_Data/M_50_60/L_30_40/alluvial/z5716115990505_f5f56b58cd35cb9827aaedc4db8efebd_M_30_40_pale_yellow_M_40_50_light_brown.jpg,f8126c78071ea596f7e9,phash:1580dccc06c1a06f,train,5e10fc1904d16a5d267e1843a9041929249f16e984e207022dd33234b3a0260d,54,55,5,39,False
Soil_Labeled_Data/M_50_60/L_30_40/alluvial/z5716116018535_325bd6ea25b86f2f021b34014f8842e8_M_30_40_light_brown_M_40_50_light_brown.jpg,Soil_Labeled_Data/M_50_60/L_30_40/alluvial/z5716116018535_325bd6ea25b86f2f021b34014f8842e8_M_30_40_light_brown_M_40_50_light_brown.jpg,9ae73944b0a43c683114,phash:1b998b2ab5717c54,train,64cab0528737425ecaf895115217a6b77ce94ae3fbffc3bef675220273cadc66,58,60,5,34,False
Soil_Labeled_Data/M_50_60/L_40_50/alluvial/IMG_0153_M_0_10_pale_yellow_M_40_50_gray_brown.jpg,Soil_Labeled_Data/M_50_60/L_40_50/alluvial/IMG_0153_M_0_10_pale_yellow_M_40_50_gray_brown.jpg,c159f6f3ef5a86f62f63,phash:b8d7b2bffe0b868f,train,62e02b5b6439ae8c2d85af0aae5ab4b8e2e1592e2455ee14b5b20f1f2f659663,60,61,5,47,False
Soil_Labeled_Data/M_50_60/L_40_50/alluvial/IMG_0155_M_0_10_light_brown_M_40_50_light_brown.jpg,Soil_Labeled_Data/M_50_60/L_40_50/alluvial/IMG_0155_M_0_10_light_brown_M_40_50_light_brown.jpg,13912ae22559f996e3da,phash:c549b2232ac5351e,train,de6eafab59ed8b999db88a4733c7a227f1a06770c1253bd01f91402595a357f6,56,60,5,42,False
Soil_Labeled_Data/M_50_60/L_40_50/alluvial/IMG_0157_M_0_10_light_brown_M_40_50_light_brown.jpg,Soil_Labeled_Data/M_50_60/L_40_50/alluvial/IMG_0157_M_0_10_light_brown_M_40_50_light_brown.jpg,5ec907f559130afcb4bf,phash:7a50a3464b4f7acb,train,da10b0109aba7a0087b28668a7b277b4b6599960667fddd9aaf6cdbb7765aef4,59,62,5,43,False
Soil_Labeled_Data/M_50_60/L_40_50/alluvial/IMG_0164_M_0_10_gray_brown_M_40_50_gray_brown.jpg,Soil_Labeled_Data/M_50_60/L_40_50/alluvial/IMG_0164_M_0_10_gray_brown_M_40_50_gray_brown.jpg,8d820cea3b36bd89d120,phash:17edad2da8a35a03,train,ab35fa61d21d448e837c645a99132504ac83b132ef6a190803009e5a85b2b333,54,56,5,40,False
Soil_Labeled_Data/M_50_60/L_40_50/alluvial/IMG_0166_M_0_10_light_brown_M_40_50_light_brown.jpg,Soil_Labeled_Data/M_50_60/L_40_50/alluvial/IMG_0166_M_0_10_light_brown_M_40_50_light_brown.jpg,f6ba1ec82cba22dcac3b,phash:17c1b5dcd4c310e0,validation,2c50d3604dbd361952053bb8b5fa1a7eea42fa27dccda110185eb164fcca830b,53,57,5,42,False
Soil_Labeled_Data/M_50_60/L_40_50/alluvial/IMG_0170_M_0_10_gray_brown_M_40_50_gray_brown.jpg,Soil_Labeled_Data/M_50_60/L_40_50/alluvial/IMG_0170_M_0_10_gray_brown_M_40_50_gray_brown.jpg,00d9faa2a8b346e40958,phash:d6395896fc8503b5,train,58922e22e05b0ee3a33dc62fc0a400daaa300ccbd07341c96c29e9efb9a69211,55,57,5,45,False
Soil_Labeled_Data/M_50_60/L_40_50/alluvial/IMG_0170_M_0_10_light_brown_M_40_50_light_brown.jpg,Soil_Labeled_Data/M_50_60/L_40_50/alluvial/IMG_0170_M_0_10_light_brown_M_40_50_light_brown.jpg,4894f01765bc2abaadaa,phash:d6395896fc8503b5,train,605d24775c3696783cb5a139ccac3bfd41bcb34eff9797a9decd7cf47b1bdc0b,55,56,5,49,False
Soil_Labeled_Data/M_50_60/L_40_50/alluvial/IMG_0587_M_10_20_clayish_red_M_40_50_light_brown.jpg,Soil_Labeled_Data/M_50_60/L_40_50/alluvial/IMG_0587_M_10_20_clayish_red_M_40_50_light_brown.jpg,9b200f64462058552be9,phash:5733abd69998f077,validation,767e7efaae476757cb97d9cc6bae0ae6380472b16966d17ab7dce7203585b6b7,50,50,5,47,False
Soil_Labeled_Data/M_50_60/L_40_50/alluvial/IMG_0590_M_10_20_light_brown_M_40_50_gray_brown.jpg,Soil_Labeled_Data/M_50_60/L_40_50/alluvial/IMG_0590_M_10_20_light_brown_M_40_50_gray_brown.jpg,65368f53cab0199e520d,phash:507b6b1f4054a934,train,32126f7a982a095649ebf690f0b13b152c554e8eae91b78ce6aee9e0069b50fd,53,55,5,40,False
Soil_Labeled_Data/M_50_60/L_40_50/alluvial/IMG_0595_M_10_20_gray_brown_M_40_50_light_brown.jpg,Soil_Labeled_Data/M_50_60/L_40_50/alluvial/IMG_0595_M_10_20_gray_brown_M_40_50_light_brown.jpg,ca9605c32018614b0808,phash:38ee9b49340cc8f6,train,019ff2f90fbe98def6d911fa84a6cae05b5210fbc7a3f68e1d2fddd3dbc1dd4b,51,55,5,43,False
Soil_Labeled_Data/M_50_60/L_40_50/alluvial/z5719914716950_f7b208b227aab4fbbe62eaf666ebb235_M_30_40_pale_yellow_M_40_50_light_brown.jpg,Soil_Labeled_Data/M_50_60/L_40_50/alluvial/z5719914716950_f7b208b227aab4fbbe62eaf666ebb235_M_30_40_pale_yellow_M_40_50_light_brown.jpg,d4a27d967b3f7bb3da8b,phash:741cc9e223afea36,train,d0021ee938df231a10292c11401b1614d1f7f61564cc9d198bacbea129d0500e,59,61,5,43,False
Soil_Labeled_Data/M_50_60/L_40_50/alluvial/z5719914828210_cddec1f2dabcdd416769c8d8b7f0adaf_M_30_40_gray_brown.jpg,Soil_Labeled_Data/M_50_60/L_40_50/alluvial/z5719914828210_cddec1f2dabcdd416769c8d8b7f0adaf_M_30_40_gray_brown.jpg,0b2130c5cdc9adcc32a8,phash:4cc276d04807a98e,train,a9fd890f0e83eb5fe3ff2a5cd9a86561de699d21204a53429402ff2d64200ecc,56,59,5,46,False
Soil_Labeled_Data/M_50_60/L_40_50/alluvial/z5719914960624_6e7d01c6f99d68c85a781306a1116111_M_30_40_gray_brown_M_40_50_light_brown.jpg,Soil_Labeled_Data/M_50_60/L_40_50/alluvial/z5719914960624_6e7d01c6f99d68c85a781306a1116111_M_30_40_gray_brown_M_40_50_light_brown.jpg,eb26636858f9fb14b134,phash:853b972fcac916f6,test,ef6022067fc06e244d308ace078dc7bf4f4822e4b23d1984c24d58835ede32fe,55,59,5,49,False
Soil_Labeled_Data/M_50_60/L_40_50/alluvial/z5719914997148_f06792cac5c60b858589b3b3c2747c43_M_30_40_gray_brown.jpg,Soil_Labeled_Data/M_50_60/L_40_50/alluvial/z5719914997148_f06792cac5c60b858589b3b3c2747c43_M_30_40_gray_brown.jpg,850f3a727a2742d597c3,phash:5e2022160d593777,train,df4dc8a9f19bf0c023b12c7a44d135a8c1091b8b703d0a5cf779b4486d10d9fa,53,53,5,42,False
Soil_Labeled_Data/M_50_60/L_40_50/alluvial/z5719915050807_883061f62d1ba096fe786e33783493ac_M_30_40_gray_brown_M_40_50_light_brown.jpg,Soil_Labeled_Data/M_50_60/L_40_50/alluvial/z5719915050807_883061f62d1ba096fe786e33783493ac_M_30_40_gray_brown_M_40_50_light_brown.jpg,c07449ea29869848826e,phash:24cad31affe7fb9c,train,deb5a133e29449e21cf9a04d15bb84f65ee67b130e70387c27e432203db12148,51,53,5,46,False
Soil_Labeled_Data/M_50_60/L_40_50/alluvial/z5719915050807_883061f62d1ba096fe786e33783493ac_M_30_40_light_brown_M_40_50_light_brown.jpg,Soil_Labeled_Data/M_50_60/L_40_50/alluvial/z5719915050807_883061f62d1ba096fe786e33783493ac_M_30_40_light_brown_M_40_50_light_brown.jpg,c6c2755207c420e00cc7,phash:24cad31affe7fb9c,train,fdbd74626c3a22ad8b0d1dcc77b064ea11286f53eb9391ce08fb155dfdff19ae,57,58,5,50,False
Soil_Labeled_Data/M_50_60/L_40_50/alluvial/z5719915146239_5ca09d7569cc6cb956c748dbf20149ff_M_30_40_gray_brown.jpg,Soil_Labeled_Data/M_50_60/L_40_50/alluvial/z5719915146239_5ca09d7569cc6cb956c748dbf20149ff_M_30_40_gray_brown.jpg,e88e188736d1207762ca,phash:4190f44c496e2843,train,1f172153e2e7696e24c06465b745556b12dbffd6bda4bfdd9a536779d0b2ff5f,54,58,5,47,False
Soil_Labeled_Data/M_50_60/L_40_50/alluvial/z5719915162784_a4f69c622478efdc49a59a408dfe4b55_M_30_40_light_brown.jpg,Soil_Labeled_Data/M_50_60/L_40_50/alluvial/z5719915162784_a4f69c622478efdc49a59a408dfe4b55_M_30_40_light_brown.jpg,33166cb9428c8c820b60,phash:67839c1fdfd7f665,test,06872fdc7be40731e4e53c1e0e5dbe16eab7a141fa540caaf4737e11e4c5c57e,53,53,5,43,False
Soil_Labeled_Data/M_50_60/L_40_50/alluvial/z5719915191781_9fbc3215a4e768d8a242c9aae23d78e3_M_30_40_light_brown.jpg,Soil_Labeled_Data/M_50_60/L_40_50/alluvial/z5719915191781_9fbc3215a4e768d8a242c9aae23d78e3_M_30_40_light_brown.jpg,f9022b9a16be16f8ccc5,phash:7fd86c261d9ac446,train,9786a8cd3325c8cd2f1944206bfed65d460edd5ba06ca4bfc5c331012ddd20ee,54,56,5,49,False
Soil_Labeled_Data/M_50_60/L_40_50/alluvial/z5719915191781_9fbc3215a4e768d8a242c9aae23d78e3_M_30_40_light_brown_M_40_50_light_brown.jpg,Soil_Labeled_Data/M_50_60/L_40_50/alluvial/z5719915191781_9fbc3215a4e768d8a242c9aae23d78e3_M_30_40_light_brown_M_40_50_light_brown.jpg,5e5002208541b0a68daf,phash:7fd86c261d9ac446,train,6ba347beedb3f901fcbde9aa8f51490c1951eed7f5dfeb92907ca0d9ce97182d,57,58,5,45,False
Soil_Labeled_Data/M_50_60/L_50_60/alluvial/IMG_0200_M_0_10_clayish_red_M_40_50_gray_brown.jpg,Soil_Labeled_Data/M_50_60/L_50_60/alluvial/IMG_0200_M_0_10_clayish_red_M_40_50_gray_brown.jpg,d3f4b3045d881aea2e4c,phash:d860a5a997911aa8,train,7957510aed1534516ba0cbbf47bd164ca5653abffb97aa632d0c194dffcc744e,59,63,5,53,False
Soil_Labeled_Data/M_50_60/L_50_60/alluvial/IMG_0201_M_0_10_clayish_red_M_40_50_gray_brown.jpg,Soil_Labeled_Data/M_50_60/L_50_60/alluvial/IMG_0201_M_0_10_clayish_red_M_40_50_gray_brown.jpg,7d17315624daf491b4c0,phash:aeb9326bd22fbff1,train,4807571061aa89c8232c6557399a2548f382d81de54196c3250cdca867d4d415,55,55,5,57,False
Soil_Labeled_Data/M_50_60/L_50_60/alluvial/IMG_0203_M_0_10_pale_yellow_M_40_50_light_brown.jpg,Soil_Labeled_Data/M_50_60/L_50_60/alluvial/IMG_0203_M_0_10_pale_yellow_M_40_50_light_brown.jpg,8fde3a5e291b312afe88,phash:d4512147d239b24e,train,b2734dfd5b21a74d4f2739296ab2e98dca7b1a3935f119fc5f85d3e5b3ddde28,53,54,5,53,False
Soil_Labeled_Data/M_50_60/L_50_60/alluvial/IMG_0206_M_0_10_clayish_red_M_40_50_gray_brown.jpg,Soil_Labeled_Data/M_50_60/L_50_60/alluvial/IMG_0206_M_0_10_clayish_red_M_40_50_gray_brown.jpg,c51280899055a554fd31,phash:61280229e46e4f90,validation,d7a073da6de2fe4b3ea92ead8df8cb274fdc751a6c92744b4a3d61c85ad29d35,50,50,5,56,False
Soil_Labeled_Data/M_50_60/L_50_60/alluvial/IMG_0209_M_0_10_light_brown_M_40_50_light_brown.jpg,Soil_Labeled_Data/M_50_60/L_50_60/alluvial/IMG_0209_M_0_10_light_brown_M_40_50_light_brown.jpg,5b79db74545b636f58c9,phash:a9b092d3bd7f8ca3,train,2170889e9b0395aafa9cc17a310955f0b954821ebb803cd92a862bafba130973,56,58,5,53,False
Soil_Labeled_Data/M_50_60/L_50_60/alluvial/IMG_0632_M_10_20_gray_brown_M_40_50_light_brown.jpg,Soil_Labeled_Data/M_50_60/L_50_60/alluvial/IMG_0632_M_10_20_gray_brown_M_40_50_light_brown.jpg,a5aa5036cde332bf11e3,phash:e41b56e0db0207b7,validation,2782496193c052ab8eab8b6839b46cdb336e70a00a5983905565999eb5b8e63f,60,62,5,54,False
Soil_Labeled_Data/M_50_60/L_50_60/alluvial/IMG_0640_M_10_20_light_brown_M_40_50_gray_brown.jpg,Soil_Labeled_Data/M_50_60/L_50_60/alluvial/IMG_0640_M_10_20_light_brown_M_40_50_gray_brown.jpg,c4f9d583630e9f53aefe,phash:252bcc7e88528538,test,8a42c1b9f6b64f33cc1e85828d4bd6827dbea4c0e743da4c5855ea3012e15aea,55,55,5,57,False
Soil_Labeled_Data/M_50_60/L_50_60/alluvial/IMG_0641_M_10_20_clayish_red_M_40_50_gray_brown.jpg,Soil_Labeled_Data/M_50_60/L_50_60/alluvial/IMG_0641_M_10_20_clayish_red_M_40_50_gray_brown.jpg,c0b0d233ff75401c6aca,phash:dbf2ab5282982124,train,2c6838b9305d24f73bd8c2959d6ffa6ec566e6877a0535a3619d8fe0039b3308,53,56,5,57,False
Soil_Labeled_Data/M_50_60/L_50_60/alluvial/IMG_0642_M_10_20_gray_brown_M_40_50_gray_brown.jpg,Soil_Labeled_Data/M_50_60/L_50_60/alluvial/IMG_0642_M_10_20_gray_brown_M_40_50_gray_brown.jpg,6c755587629335c6b654,phash:b897f55411018911,train,178fc125ae3b808ad6493557c5a974456c47c5c8b0234fc248bb5a775364ebdd,57,61,5,60,False
Soil_Labeled_Data/M_50_60/L_50_60/alluvial/IMG_0644_M_10_20_light_brown_M_40_50_light_brown.jpg,Soil_Labeled_Data/M_50_60/L_50_60/alluvial/IMG_0644_M_10_20_light_brown_M_40_50_light_brown.jpg,41c18c45fdae6e2c362c,phash:8f6adc2c4b57fab2,validation,efab13d599a86e7937c6eb5396804ceda79cbc39fb23c9296d2baa7d0965e783,56,56,5,59,False
Soil_Labeled_Data/M_50_60/L_50_60/alluvial/z5719945047556_cad2b245e96e675e8307be1ecf1a91f9_M_30_40_gray_brown_M_40_50_gray_brown.jpg,Soil_Labeled_Data/M_50_60/L_50_60/alluvial/z5719945047556_cad2b245e96e675e8307be1ecf1a91f9_M_30_40_gray_brown_M_40_50_gray_brown.jpg,a5f2eea865e58ca1b877,phash:39160d85a60b1913,test,f6410acd8783ae8af283fdb0c3b3a1a0ecacb9140849870f6def95bd47dec195,56,57,5,53,False
Soil_Labeled_Data/M_50_60/L_50_60/alluvial/z5719945237944_9e81baa660ace3bd2958bfa740e457b9_M_30_40_gray_brown.jpg,Soil_Labeled_Data/M_50_60/L_50_60/alluvial/z5719945237944_9e81baa660ace3bd2958bfa740e457b9_M_30_40_gray_brown.jpg,3ecc8fcbe7891c9cfc5b,phash:80dd9e7c4fcf4f4e,train,271faa0cbdd10120afdc376824870065a3028faa092d46ca06ddd181bd156190,50,53,5,55,False
Soil_Labeled_Data/M_50_60/L_50_60/alluvial/z5719945282121_22a25cca44c3ca90506d7f082a8e62ba_M_30_40_pale_yellow_M_40_50_gray_brown.jpg,Soil_Labeled_Data/M_50_60/L_50_60/alluvial/z5719945282121_22a25cca44c3ca90506d7f082a8e62ba_M_30_40_pale_yellow_M_40_50_gray_brown.jpg,a10ce5588ab3ec62873c,phash:bef86f50238eb24a,train,83df3d5905294a6339a4acb11214690ffb8c4e6df88a97e72608143ee2f7fe7b,60,61,5,54,False
Soil_Labeled_Data/M_50_60/L_50_60/alluvial/z5719945410375_d68840a29b4222519ffac084ea8cf065_M_30_40_light_brown.jpg,Soil_Labeled_Data/M_50_60/L_50_60/alluvial/z5719945410375_d68840a29b4222519ffac084ea8cf065_M_30_40_light_brown.jpg,8abbebdba1d3b19ef3e4,phash:ff670dc08f99ba9e,train,811a190ee5638dbef843d1dbe4724b72a2494145cec63e99dc4c585081253594,52,55,5,58,False
Soil_Labeled_Data/M_50_60/L_50_60/alluvial/z5719945410375_d68840a29b4222519ffac084ea8cf065_M_30_40_pale_yellow_M_40_50_gray_brown.jpg,Soil_Labeled_Data/M_50_60/L_50_60/alluvial/z5719945410375_d68840a29b4222519ffac084ea8cf065_M_30_40_pale_yellow_M_40_50_gray_brown.jpg,afdf9bb008a0c5b109cd,phash:ff670dc08f99ba9e,train,4d227face19e243dfc9e8575aafd48c7dc97145c0ac64861305fa2cf6924ebcc,56,59,5,52,False
Soil_Labeled_Data/M_50_60/L_50_60/alluvial/z5719945442394_074f397072a0e21797e33be6440ab366_M_30_40_light_brown_M_40_50_light_brown.jpg,Soil_Labeled_Data/M_50_60/L_50_60/alluvial/z5719945442394_074f397072a0e21797e33be6440ab366_M_30_40_light_brown_M_40_50_light_brown.jpg,8be22dace2934bdea7c8,phash:2765edb8329cb206,train,ac8910839217408ac23968d765d462522e2723c99b750cade2b881828a8db752,57,57,5,59,False
Soil_Labeled_Data/M_50_60/L_50_60/alluvial/z5719945442394_074f397072a0e21797e33be6440ab366_M_30_40_pale_yellow_M_40_50_light_brown.jpg,Soil_Labeled_Data/M_50_60/L_50_60/alluvial/z5719945442394_074f397072a0e21797e33be6440ab366_M_30_40_pale_yellow_M_40_50_light_brown.jpg,43fc14e42e6677d90077,phash:2765edb8329cb206,train,17b6371c99fbeeb79573680e3d2e25f4dfc3fb2ecc4e73ee21331ea044f9b8c8,55,59,5,52,False
Soil_Labeled_Data/M_50_60/L_50_60/alluvial/z5719945465403_eef403001195b9d5de6375b6fe2e3628_M_30_40_gray_brown.jpg,Soil_Labeled_Data/M_50_60/L_50_60/alluvial/z5719945465403_eef403001195b9d5de6375b6fe2e3628_M_30_40_gray_brown.jpg,331a1205b1b8b244f43a,phash:90a9507b3fdd1392,train,9e2945fe30bcd6ae996707af9b3ffdd7bd17e099de95dc57e712023693fa60aa,55,58,5,51,False
Soil_Labeled_Data/M_50_60/L_50_60/alluvial/z5719945512664_b31ee4aecf6a552463f894dbf83282d1_M_30_40_clayish_red_M_40_50_light_brown.jpg,Soil_Labeled_Data/M_50_60/L_50_60/alluvial/z5719945512664_b31ee4aecf6a552463f894dbf83282d1_M_30_40_clayish_red_M_40_50_light_brown.jpg,3d2eda1e4498ea20256b,phash:1393e6d17ef1dd32,test,ef775e390a4274c0552af9148e6c1b0c191a5540a97de459ab85f75dd6077a5e,55,57,5,58,False
Soil_Labeled_Data/M_50_60/L_50_60/alluvial/z5719945538606_74154fe115c2ace51dfd6ecc533d4633_M_30_40_pale_yellow_M_40_50_light_brown.jpg,Soil_Labeled_Data/M_50_60/L_50_60/alluvial/z5719945538606_74154fe115c2ace51dfd6ecc533d4633_M_30_40_pale_yellow_M_40_50_light_brown.jpg,4fa1302492f334524ef2,phash:f65cac7b6916c0db,train,0f0354fb4c85e1208289dfec4d26e1032875388b6a5f296c4b090b06cef8e5cc,58,59,5,51,False
Soil_Labeled_Data/M_50_60/L_60_70/alluvial/IMG_0239_M_0_10_light_brown_M_40_50_gray_brown.jpg,Soil_Labeled_Data/M_50_60/L_60_70/alluvial/IMG_0239_M_0_10_light_brown_M_40_50_gray_brown.jpg,9e938a2cdf5d2fbc9fc9,phash:2596a36dcbaad8c9,validation,7403c08684fd6c8ce0816309150a6f4c08d3fd4ae1c792942fc6fffc415df0e7,56,56,5,61,False
Soil_Labeled_Data/M_50_60/L_60_70/alluvial/IMG_0241_M_0_10_gray_brown_M_40_50_light_brown.jpg,Soil_Labeled_Data/M_50_60/L_60_70/alluvial/IMG_0241_M_0_10_gray_brown_M_40_50_light_brown.jpg,179e3ce2cf20d3207ec6,phash:c54122dc935fea79,train,de396e8e7a7eac5b5ceca4070ff3d229b44e2893608a84db5e0a6362360878ef,53,53,5,63,False
Soil_Labeled_Data/M_50_60/L_60_70/alluvial/IMG_0242_M_0_10_light_brown_M_40_50_light_brown.jpg,Soil_Labeled_Data/M_50_60/L_60_70/alluvial/IMG_0242_M_0_10_light_brown_M_40_50_light_brown.jpg,e8edf65403149ca31377,phash:72f2bba7253dc548,train,6e8a0466a7455b39897eb2ab915854083d8b518d7de0e1535ee44b1fc6b1cd32,54,56,5,70,False
Soil_Labeled_Data/M_50_60/L_60_70/alluvial/IMG_0244_M_0_10_clayish_red_M_40_50_gray_brown.jpg,Soil_Labeled_Data/M_50_60/L_60_70/alluvial/IMG_0244_M_0_10_clayish_red_M_40_50_gray_brown.jpg,2d71c8c27843e480af89,phash:b637075916ceadb4,train,31018c9bdde3466aa71199bb8c9c59d7a0ebb9e39504ba76541f4306916b371f,55,58,5,69,False
Soil_Labeled_Data/M_50_60/L_60_70/alluvial/IMG_0247_M_0_10_light_brown_M_40_50_light_brown.jpg,Soil_Labeled_Data/M_50_60/L_60_70/alluvial/IMG_0247_M_0_10_light_brown_M_40_50_light_brown.jpg,fdbbaf238c25edb00f42,phash:4dd3a5c57ac11698,train,26129983f38649038bdd89e682dab25b2d6a10760fd886ea90d65bedb12fc6a0,59,58,5,64,False
Soil_Labeled_Data/M_50_60/L_60_70/alluvial/IMG_0249_M_0_10_pale_yellow_M_40_50_light_brown.jpg,Soil_Labeled_Data/M_50_60/L_60_70/alluvial/IMG_0249_M_0_10_pale_yellow_M_40_50_light_brown.jpg,c48f07b265591074a5e3,phash:766fecf2e5383231,train,bacf7e01011376d68f24e1900bf7dd3b24cf684fc61a06c1f0b858dd87980b0f,55,56,5,70,False
Soil_Labeled_Data/M_50_60/L_60_70/alluvial/IMG_0250_M_0_10_pale_yellow_M_40_50_light_brown.jpg,Soil_Labeled_Data/M_50_60/L_60_70/alluvial/IMG_0250_M_0_10_pale_yellow_M_40_50_light_brown.jpg,891c95fd3adcbecebb33,phash:7cc0d10041dd5ffd,validation,734bc749d7ab05d1fcd44242a81945a111d5814ed5f8a544c37d8e17c7eaa8a1,50,53,5,64,False
Soil_Labeled_Data/M_50_60/L_60_70/alluvial/IMG_0254_M_0_10_light_brown_M_40_50_gray_brown.jpg,Soil_Labeled_Data/M_50_60/L_60_70/alluvial/IMG_0254_M_0_10_light_brown_M_40_50_gray_brown.jpg,1abf13be48b002b4725d,phash:3a82b527ebf76359,validation,9648b8fc88730728c0b226bec38d536f644b2912659b96bebe5a57d9fc5cfaa0,50,50,5,61,False
Soil_Labeled_Data/M_50_60/L_60_70/alluvial/IMG_0257_M_0_10_clayish_red_M_40_50_gray_brown.jpg,Soil_Labeled_Data/M_50_60/L_60_70/alluvial/IMG_0257_M_0_10_clayish_red_M_40_50_gray_brown.jpg,33d4585f82f0823d1ed8,phash:f7221dde8b78e6c4,train,50e69b5f53ba784f2531b97b34ca3f48cbecf13fb6665f43cbeaa44140f0516c,58,59,5,68,False
Soil_Labeled_Data/M_50_60/L_60_70/alluvial/IMG_0257_M_0_10_light_brown_M_40_50_light_brown.jpg,Soil_Labeled_Data/M_50_60/L_60_70/alluvial/IMG_0257_M_0_10_light_brown_M_40_50_light_brown.jpg,5502d2b955366340df1c,phash:f7221dde8b78e6c4,train,d4ecd721421c4ca89d730b82404541480ae328f4e98e5d818849d2af80b238a3,57,59,5,68,False
Soil_Labeled_Data/M_50_60/L_60_70/alluvial/IMG_0258_M_0_10_pale_yellow_M_40_50_light_brown.jpg,Soil_Labeled_Data/M_50_60/L_60_70/alluvial/IMG_0258_M_0_10_pale_yellow_M_40_50_light_brown.jpg,d1229f5336d38f5da971,phash:17e978ef03cb2911,validation,9008248ed5daedef6f390eba2c0ab77df3eed4e8486e220feb36eae35b7d40df,52,55,5,62,False
Soil_Labeled_Data/M_50_60/L_60_70/alluvial/IMG_0675_M_10_20_pale_yellow_M_40_50_gray_brown.jpg,Soil_Labeled_Data/M_50_60/L_60_70/alluvial/IMG_0675_M_10_20_pale_yellow_M_40_50_gray_brown.jpg,95a075df0f54d49af1f4,phash:a428d9fcdf8d24fa,train,649b064eeaaa0d923f46a83557de6b3c1a595b3194e47376858b3ad8422085c0,51,53,5,68,False
Soil_Labeled_Data/M_50_60/L_60_70/alluvial/IMG_0676_M_10_20_pale_yellow_M_30_40_gray_brown.jpg,Soil_Labeled_Data/M_50_60/L_60_70/alluvial/IMG_0676_M_10_20_pale_yellow_M_30_40_gray_brown.jpg,158fd6ecb1b45058b47c,phash:984a40d9cc34abc9,train,8803a0f3c3053df4e1ff510de68a91a278e216dfe3756be5d11ba70fb33a9fd5,54,56,5,67,False
Soil_Labeled_Data/M_50_60/L_60_70/alluvial/IMG_0679_M_10_20_light_brown_M_40_50_gray_brown.jpg,Soil_Labeled_Data/M_50_60/L_60_70/alluvial/IMG_0679_M_10_20_light_brown_M_40_50_gray_brown.jpg,c0680ab713288a1bd8e8,phash:511c840490f6b4a6,train,5d96907fd07378a2cc891db6eed1b1f25d6963346f24f5e02c960d2719f1d7a5,51,51,5,62,False
Soil_Labeled_Data/M_50_60/L_60_70/alluvial/IMG_0681_M_10_20_light_brown_M_30_40_light_brown.jpg,Soil_Labeled_Data/M_50_60/L_60_70/alluvial/IMG_0681_M_10_20_light_brown_M_30_40_light_brown.jpg,3923ec73a9a96825ac74,phash:5e8401d92ec70f04,train,277b3e8259a0f0b7632b2fbd1ac6f18dcdc9c7097c9df3f4a26c52a6451d63a5,50,49,5,66,False
Soil_Labeled_Data/M_50_60/L_60_70/alluvial/IMG_0682_M_10_20_light_brown_M_30_40_gray_brown.jpg,Soil_Labeled_Data/M_50_60/L_60_70/alluvial/IMG_0682_M_10_20_light_brown_M_30_40_gray_brown.jpg,0caae34edb6dca39d52d,phash:019406175839e097,validation,41360f0356f4eb9b761d92e70cec8c64678ce7f758b764c896bb43a46b6a9135,52,52,5,66,False
Soil_Labeled_Data/M_50_60/L_60_70/alluvial/IMG_0682_M_10_20_light_brown_M_40_50_gray_brown.jpg,Soil_Labeled_Data/M_50_60/L_60_70/alluvial/IMG_0682_M_10_20_light_brown_M_40_50_gray_brown.jpg,4c65f4c69be4798fab4d,phash:019406175839e097,validation,518437051917a01668e61b7d5ee0d5f059239023781ec597f61948751763c68d,51,51,5,63,False
Soil_Labeled_Data/M_50_60/L_60_70/alluvial/z5715083885623_9f42a940c20ea1e55af3e06994578004_M_20_30_light_brown_M_30_40_light_brown.jpg,Soil_Labeled_Data/M_50_60/L_60_70/alluvial/z5715083885623_9f42a940c20ea1e55af3e06994578004_M_20_30_light_brown_M_30_40_light_brown.jpg,ddb0f7e1e0b4665ccd47,phash:780eb3e36ab6145a,train,8d5dad0420745de8b7c29dadf9b8601c6c708b3fb47a79caab6d8672079c531a,59,61,5,64,False
Soil_Labeled_Data/M_50_60/L_60_70/alluvial/z5715084235063_019bf1d09588c2fd5226859f4331698b_M_20_30_light_brown_M_30_40_light_brown.jpg,Soil_Labeled_Data/M_50_60/L_60_70/alluvial/z5715084235063_019bf1d09588c2fd5226859f4331698b_M_20_30_light_brown_M_30_40_light_brown.jpg,64c9d92796fbb7ba2c69,phash:2239954b40c98c02,train,bcc5f8f04eb0960722e78e888acd6978ba069286e3d3ca732e7f37b3f1a98f51,51,51,5,70,False
Soil_Labeled_Data/M_50_60/L_60_70/alluvial/z5715084451345_2e9b065fd62392917b331a68b82abded_M_20_30_light_brown_M_30_40_light_brown.jpg,Soil_Labeled_Data/M_50_60/L_60_70/alluvial/z5715084451345_2e9b065fd62392917b331a68b82abded_M_20_30_light_brown_M_30_40_light_brown.jpg,828a81427eb773d65ceb,phash:0415e4080b15a32f,validation,26a023c444cb6ff3c0ff350719216c38a62e61f7dfeb1311bc86ab4b146fffe6,58,58,5,69,False
Soil_Labeled_Data/M_50_60/L_70_80/alluvial/IMG_0283_M_0_10_pale_yellow_M_40_50_light_brown.jpg,Soil_Labeled_Data/M_50_60/L_70_80/alluvial/IMG_0283_M_0_10_pale_yellow_M_40_50_light_brown.jpg,a895b326514498fb37a9,phash:bf74a62949a5d43e,train,67bd884b1f92e14934767f4148f27dc60d3058b984ba9ee5def0bd262fde8665,60,61,5,75,False
Soil_Labeled_Data/M_50_60/L_70_80/alluvial/IMG_0286_M_0_10_pale_yellow_M_40_50_gray_brown.jpg,Soil_Labeled_Data/M_50_60/L_70_80/alluvial/IMG_0286_M_0_10_pale_yellow_M_40_50_gray_brown.jpg,90876fe2ab06483d6403,phash:430ed9a6cfd66f1c,validation,0f8afc75e1fa29010254109e0785567d9e24c5f231f5b50afed96fa757abb595,52,54,5,74,False
Soil_Labeled_Data/M_50_60/L_70_80/alluvial/IMG_0288_M_0_10_gray_brown_M_40_50_light_brown.jpg,Soil_Labeled_Data/M_50_60/L_70_80/alluvial/IMG_0288_M_0_10_gray_brown_M_40_50_light_brown.jpg,c7e83f2fc4b8fecbb626,phash:d2d6c675b39da7f8,train,9a84d21f12a3432e24af584b0b7ae5782e6c4f94856193282f4a02cb1b1b84c5,56,57,5,80,False
Soil_Labeled_Data/M_50_60/L_70_80/alluvial/IMG_0290_M_0_10_light_brown_M_40_50_light_brown.jpg,Soil_Labeled_Data/M_50_60/L_70_80/alluvial/IMG_0290_M_0_10_light_brown_M_40_50_light_brown.jpg,fc86d79faa543a7422c4,phash:8d480b16949f2dfa,train,e7315be40b6a490e6257f56b608a9a476f881d731d867b49397e495788dafed5,60,60,5,73,False
Soil_Labeled_Data/M_50_60/L_70_80/alluvial/IMG_0293_M_0_10_gray_brown_M_40_50_gray_brown.jpg,Soil_Labeled_Data/M_50_60/L_70_80/alluvial/IMG_0293_M_0_10_gray_brown_M_40_50_gray_brown.jpg,ed9b5c3d206c7eb0b273,phash:c937577b1b7aa40e,train,ef098b7d8e1fcd1d50f9ba4427be58ebfc1e64c4da9eb76d809a489c6f562511,58,57,5,78,False
Soil_Labeled_Data/M_50_60/L_70_80/alluvial/IMG_0296_M_0_10_light_brown_M_40_50_light_brown.jpg,Soil_Labeled_Data/M_50_60/L_70_80/alluvial/IMG_0296_M_0_10_light_brown_M_40_50_light_brown.jpg,e659a88d1b9e1e350f7d,phash:0f2ef96f1bd69472,train,8ccde22b7b1a3884ff3e4cbb7b6cf09b9156424391cbc3114e150d956217a14c,52,52,5,77,False
Soil_Labeled_Data/M_50_60/L_70_80/alluvial/IMG_0698_M_10_20_pale_yellow_M_30_40_gray_brown.jpg,Soil_Labeled_Data/M_50_60/L_70_80/alluvial/IMG_0698_M_10_20_pale_yellow_M_30_40_gray_brown.jpg,7c94cb45a329256ddc55,phash:3bb8acb89f03a372,train,b1aa5d942412e8bc954e0ca85c9cb3c3ff0e1d495f0c073f0cf1bc5cea0d8763,56,58,5,76,False
Soil_Labeled_Data/M_50_60/L_70_80/alluvial/IMG_0702_M_10_20_pale_yellow_M_30_40_gray_brown.jpg,Soil_Labeled_Data/M_50_60/L_70_80/alluvial/IMG_0702_M_10_20_pale_yellow_M_30_40_gray_brown.jpg,f23a5755b3802a26a70a,phash:da003ea3a8a9acb4,validation,7b2189d99ff2d589685ee465c8ccdae903928c377b86adf014613264ca54d08e,58,60,5,76,False
Soil_Labeled_Data/M_50_60/L_70_80/alluvial/IMG_0704_M_10_20_pale_yellow_M_40_50_light_brown.jpg,Soil_Labeled_Data/M_50_60/L_70_80/alluvial/IMG_0704_M_10_20_pale_yellow_M_40_50_light_brown.jpg,3c2878a568de95a573ff,phash:357263c31a5c1453,test,315fc08be383834fc0c0187a227f58b45633e72e2a83f2d596599b5ee35c217e,51,52,5,73,False
Soil_Labeled_Data/M_50_60/L_70_80/alluvial/IMG_0705_M_10_20_light_brown_M_30_40_light_brown.jpg,Soil_Labeled_Data/M_50_60/L_70_80/alluvial/IMG_0705_M_10_20_light_brown_M_30_40_light_brown.jpg,27c5fe11e0f77cf5d3ba,phash:da003ea3a8a9acb4,validation,5cf7cb08c11a60bc59b83cc1cb413d9026009f6b151dbbaf84695108d9c113d4,51,50,5,72,False
Soil_Labeled_Data/M_50_60/L_70_80/alluvial/IMG_0706_M_10_20_light_brown_M_30_40_light_brown.jpg,Soil_Labeled_Data/M_50_60/L_70_80/alluvial/IMG_0706_M_10_20_light_brown_M_30_40_light_brown.jpg,004206956dc021dfbb9e,phash:da003ea3a8a9acb4,validation,5cf7cb08c11a60bc59b83cc1cb413d9026009f6b151dbbaf84695108d9c113d4,57,57,5,73,False
Soil_Labeled_Data/M_50_60/L_70_80/alluvial/IMG_0710_M_10_20_pale_yellow_M_30_40_gray_brown.jpg,Soil_Labeled_Data/M_50_60/L_70_80/alluvial/IMG_0710_M_10_20_pale_yellow_M_30_40_gray_brown.jpg,9090d19f820233461e4c,phash:5e8c45f8956cae93,validation,6c54b0d1b54e329d8ae879c2585010655f84b146199df95a744b7f02ad8e2009,57,56,5,75,False
Soil_Labeled_Data/M_50_60/L_70_80/alluvial/IMG_0712_M_10_20_light_brown_M_30_40_gray_brown.jpg,Soil_Labeled_Data/M_50_60/L_70_80/alluvial/IMG_0712_M_10_20_light_brown_M_30_40_gray_brown.jpg,ea175a663994a9c641d3,phash:c476afeffde87f5e,validation,6390764173f8d2474ddc73a5d2918a94e1f68b937c8556e134145782f3df6554,59,59,5,76,False
Soil_Labeled_Data/M_50_60/L_70_80/alluvial/IMG_0714_M_10_20_light_brown_M_30_40_gray_brown.jpg,Soil_Labeled_Data/M_50_60/L_70_80/alluvial/IMG_0714_M_10_20_light_brown_M_30_40_gray_brown.jpg,24e702f4e854837faae9,phash:bc9c3f0c970894cc,train,f360761258ed2b1e45baa877df0a6a5ad85853f34d8e973a5bc08d4ac9ff10d0,55,57,5,78,False
Soil_Labeled_Data/M_50_60/L_70_80/alluvial/IMG_0719_M_10_20_clayish_red_M_40_50_gray_brown.jpg,Soil_Labeled_Data/M_50_60/L_70_80/alluvial/IMG_0719_M_10_20_clayish_red_M_40_50_gray_brown.jpg,7a32c58e6bc3edc401b2,phash:d1c90e142218287c,validation,64c7a0a40cf43467d0b2a77827849b889d76c971c14fceaca8334030bdde751e,53,53,5,79,False
Soil_Labeled_Data/M_50_60/L_70_80/alluvial/z5715141626411_00b983fd5f44402c4bda94b5b928bb00_M_20_30_light_brown_M_30_40_light_brown.jpg,Soil_Labeled_Data/M_50_60/L_70_80/alluvial/z5715141626411_00b983fd5f44402c4bda94b5b928bb00_M_20_30_light_brown_M_30_40_light_brown.jpg,a3b760dad87ab50145f9,phash:58b6b94065785737,train,d00d9bbc280d3a4a1aaf50bce5bb8531512fab14be7bbc5b8234e5c8bd5a813b,51,51,5,80,False
Soil_Labeled_Data/M_50_60/L_70_80/alluvial/z5715141676311_1d060c8ef71e58aadc2f6099b373b761_M_20_30_light_brown_M_30_40_gray_brown.jpg,Soil_Labeled_Data/M_50_60/L_70_80/alluvial/z5715141676311_1d060c8ef71e58aadc2f6099b373b761_M_20_30_light_brown_M_30_40_gray_brown.jpg,2cf0ea93d8b8f1d44738,phash:17a33323a8c95ba6,train,9f626ef2004d94ad28591a57ee1c099dae597b66cafde453127b463ee52b084f,58,57,5,80,False
Soil_Labeled_Data/M_50_60/L_70_80/alluvial/z5715141839575_b7b45144485ab528e29f7f20c818087e_M_20_30_light_brown_M_30_40_gray_brown.jpg,Soil_Labeled_Data/M_50_60/L_70_80/alluvial/z5715141839575_b7b45144485ab528e29f7f20c818087e_M_20_30_light_brown_M_30_40_gray_brown.jpg,896c8d8ad09b8acd0413,phash:a9a50068574c2f94,test,27d3f3001c284195a19bc838fba4fe37d2cb48ae8fced234f21dd3eb7c989d7f,55,58,5,75,False
Soil_Labeled_Data/M_50_60/L_70_80/alluvial/z5715142094388_c5aff9d8c06cb2f2846d510846da43cc_M_20_30_pale_yellow_M_30_40_light_brown.jpg,Soil_Labeled_Data/M_50_60/L_70_80/alluvial/z5715142094388_c5aff9d8c06cb2f2846d510846da43cc_M_20_30_pale_yellow_M_30_40_light_brown.jpg,e1673337ea9d7587ab16,phash:87a698f67236321c,train,a2c51b2ae7f1b57527ded005ed508ea468f7648869a5203388a1657b0665146f,53,54,5,73,False
Soil_Labeled_Data/M_50_60/L_70_80/alluvial/z5715142193394_b30a0cc8a4160e93e5340cc2d37f7490_M_20_30_light_brown_M_30_40_gray_brown.jpg,Soil_Labeled_Data/M_50_60/L_70_80/alluvial/z5715142193394_b30a0cc8a4160e93e5340cc2d37f7490_M_20_30_light_brown_M_30_40_gray_brown.jpg,509a8acfa385695488ac,phash:bc8421654ab19e1d,validation,22ff6d39400621d66e88c5154ebcef748bbc3072311605ca99676b982e4d29d1,57,58,5,77,False
Soil_Labeled_Data/M_50_60/L_80_90/alluvial/M_50_60_L_80_90_0000_wet_gray.jpg,Soil_Labeled_Data/M_50_60/L_80_90/alluvial/M_50_60_L_80_90_0000_wet_gray.jpg,527f07c8f16d4b528da0,phash:70066ce13207a235,train,f62651ac0138863df904bf3393b7764eef4037ead287acff0d2264f74ceb82cf,57,55,5,86,False
Soil_Labeled_Data/M_50_60/L_80_90/alluvial/M_50_60_L_80_90_0002_wet_gray.jpg,Soil_Labeled_Data/M_50_60/L_80_90/alluvial/M_50_60_L_80_90_0002_wet_gray.jpg,59928749aae795f377f8,phash:95f443aa52a50ebf,train,bb1681ebd1d6b6f17c9088f88424d6c0e2e3a3f4f55031d633c8654aac149360,54,56,5,84,False
Soil_Labeled_Data/M_50_60/L_80_90/alluvial/M_50_60_L_80_90_0003_dark_brown.jpg,Soil_Labeled_Data/M_50_60/L_80_90/alluvial/M_50_60_L_80_90_0003_dark_brown.jpg,c5c7108e52157de9aa9b,phash:aed58a259ead6a36,validation,98c62686f54d0e31910aa27a0ff5836e770b9bbf68c8bbb25d76b09d735246c4,53,51,5,81,False
Soil_Labeled_Data/M_50_60/L_80_90/alluvial/M_50_60_L_80_90_0006_clay_red.jpg,Soil_Labeled_Data/M_50_60/L_80_90/alluvial/M_50_60_L_80_90_0006_clay_red.jpg,602eea684ad337c9ab28,phash:fb60e23b1c5f4197,validation,f85df24e260bf03d090c52dd999207c4ca0e7409a831196980af4cf88ebc31cf,56,58,5,84,False
Soil_Labeled_Data/M_50_60/L_80_90/alluvial/M_50_60_L_80_90_0008_clay_red.jpg,Soil_Labeled_Data/M_50_60/L_80_90/alluvial/M_50_60_L_80_90_0008_clay_red.jpg,bfa108fb91dbe03c19c5,phash:53a18805beeb0d82,train,63c02476fab577834088e730b43b4f749a71ff442bbbcc62ab6dd2b76439e97b,59,62,5,80,False
Soil_Labeled_Data/M_50_60/L_80_90/alluvial/M_50_60_L_80_90_0009_wet_gray.jpg,Soil_Labeled_Data/M_50_60/L_80_90/alluvial/M_50_60_L_80_90_0009_wet_gray.jpg,be952ea764b048624ada,phash:84986216fec716df,train,c769a12bcd50b67c243059086c40d90f3d3a0531c8126992573c9c9d217b70ae,59,59,5,84,False
Soil_Labeled_Data/M_50_60/L_80_90/alluvial/M_50_60_L_80_90_0022_dark_brown.jpg,Soil_Labeled_Data/M_50_60/L_80_90/alluvial/M_50_60_L_80_90_0022_dark_brown.jpg,72eea57324168481ef5a,phash:7a8bda37bd1a1b56,validation,241401dc5127e5de9beda45b4f16ac743bb8778c53cbc2675ffeaf6ed1c54808,50,52,5,82,False
Soil_Labeled_Data/M_50_60/L_80_90/alluvial/M_50_60_L_80_90_0025_light_brown.jpg,Soil_Labeled_Data/M_50_60/L_80_90/alluvial/M_50_60_L_80_90_0025_light_brown.jpg,e08192d5d1df63a0a58b,phash:77ff853871681a5f,train,e0335b140202652048464f68f73be98f32f78e1dda09f5be60e50b1740367021,51,53,5,82,False
Soil_Labeled_Data/M_50_60/L_80_90/alluvial/M_50_60_L_80_90_0031_wet_gray.jpg,Soil_Labeled_Data/M_50_60/L_80_90/alluvial/M_50_60_L_80_90_0031_wet_gray.jpg,11eecf11a2026c15b3f3,phash:550f17b8a00c5d3d,test,ad501b0fd1e9180dea55d726f887f53f965d12d45ebae54807fa7e7077c4df4f,56,54,5,85,False
Soil_Labeled_Data/M_50_60/L_80_90/alluvial/M_50_60_L_80_90_0037_dark_brown.jpg,Soil_Labeled_Data/M_50_60/L_80_90/alluvial/M_50_60_L_80_90_0037_dark_brown.jpg,528408eed077ac69832f,phash:14f22c12d21ae414,train,088cd0e99d426d13a5c8b90c7fd28ecc4ee9ffd8c7abc272ced024c50f58481d,60,59,5,80,False
Soil_Labeled_Data/M_50_60/L_80_90/alluvial/M_50_60_L_80_90_0050_gray_brown.jpg,Soil_Labeled_Data/M_50_60/L_80_90/alluvial/M_50_60_L_80_90_0050_gray_brown.jpg,2ef7388384efbcc8b85f,phash:7fef4dde43e48360,train,b58ed325270d99e21648c918485a3ee11bf0487e9bc510b5ccf1484b400a7c9e,52,53,5,85,False
Soil_Labeled_Data/M_50_60/L_80_90/alluvial/M_50_60_L_80_90_0055_clay_red.jpg,Soil_Labeled_Data/M_50_60/L_80_90/alluvial/M_50_60_L_80_90_0055_clay_red.jpg,e87c3c01ccd1da5093f0,phash:fb60e23b1c5f4197,validation,26346a7d46ef0871b5d31e7daa2192fe379d21194fca0967791f0caa3e3794ef,56,58,5,86,False
Soil_Labeled_Data/M_50_60/L_80_90/alluvial/M_50_60_L_80_90_0057_gray_brown.jpg,Soil_Labeled_Data/M_50_60/L_80_90/alluvial/M_50_60_L_80_90_0057_gray_brown.jpg,04233843c8228acfb417,phash:e57936d1add1597d,test,25fc2a5da99d55caa7557fb212b0e7d88d2a02dca9eb1ff620d6b5b0768d44b2,51,50,5,86,False
Soil_Labeled_Data/M_50_60/L_80_90/alluvial/M_50_60_L_80_90_0074_gray_brown.jpg,Soil_Labeled_Data/M_50_60/L_80_90/alluvial/M_50_60_L_80_90_0074_gray_brown.jpg,82f79d314c37d56c8f93,phash:790ceaf06e875e73,test,0ed9a96be5bfcf8180dd9622ac94c0ab3d4f436066b2355f7f2b44902489d0df,60,61,5,89,False
Soil_Labeled_Data/M_50_60/L_80_90/alluvial/M_50_60_L_80_90_0080_dark_brown.jpg,Soil_Labeled_Data/M_50_60/L_80_90/alluvial/M_50_60_L_80_90_0080_dark_brown.jpg,5d7f96aa9036168d08dc,phash:aed58a259ead6a36,validation,608bb142192edf9f1f761f29bd919b7448cf257db93575f3da6eb468cab4c53d,60,62,5,80,False
Soil_Labeled_Data/M_50_60/L_80_90/alluvial/M_50_60_L_80_90_0081_gray_brown.jpg,Soil_Labeled_Data/M_50_60/L_80_90/alluvial/M_50_60_L_80_90_0081_gray_brown.jpg,a35e116e82cdfc062a6a,phash:fb60e23b1c5f4197,validation,9f3453ce7a4c82f4e9a0d463095802714c84586a218101d3c375ec3247220e0f,50,51,5,86,False
Soil_Labeled_Data/M_50_60/L_80_90/alluvial/M_50_60_L_80_90_0087_gray_brown.jpg,Soil_Labeled_Data/M_50_60/L_80_90/alluvial/M_50_60_L_80_90_0087_gray_brown.jpg,0a673cf18c0c05c6c949,phash:a15659574d9b162a,train,1cbbb592c0a7715e5e3339743b3c9dbc87e3f3c1396c57e323ac997b7cd59dbd,51,51,5,87,False
Soil_Labeled_Data/M_50_60/L_80_90/alluvial/M_50_60_L_80_90_0088_gray_brown.jpg,Soil_Labeled_Data/M_50_60/L_80_90/alluvial/M_50_60_L_80_90_0088_gray_brown.jpg,4b07a32cc42b86c6299e,phash:7fef4dde43e48360,train,c9057dd7ceb917ab7bf938804745286a4817c5f3dbc6335216dbc18098f08155,54,54,5,80,False
Soil_Labeled_Data/M_50_60/L_80_90/alluvial/M_50_60_L_80_90_0092_light_brown.jpg,Soil_Labeled_Data/M_50_60/L_80_90/alluvial/M_50_60_L_80_90_0092_light_brown.jpg,29f57f4725a8ec7baacf,phash:87a0fc93f2cf29b3,train,d66abde67bfe689945102d4a2e116b2f7250865cbaa62d712f9a6fc17a1dca8e,52,54,5,88,False
Soil_Labeled_Data/M_50_60/L_80_90/alluvial/M_50_60_L_80_90_0093_clay_red.jpg,Soil_Labeled_Data/M_50_60/L_80_90/alluvial/M_50_60_L_80_90_0093_clay_red.jpg,c3cf425ff11dfd4fac1f,phash:5d4a1cc17f3caf91,validation,b298e2c9df616a42b54988c988a23202f4dfe004093688121320abae4022d9a6,58,56,5,84,False
Soil_Labeled_Data/M_50_60/L_80_90/alluvial/z5720115611278_2165bd5b2e5ac713d97400eabcc65d99.jpg,Soil_Labeled_Data/M_50_60/L_80_90/alluvial/z5720115611278_2165bd5b2e5ac713d97400eabcc65d99.jpg,34916b894a9ad9a1c5a4,phash:70066ce13207a235,train,26bb3fee4d57dc0f3c2e373eaccb19a1a4f4b8da2c84829c5918e6d3a9e603b3,59,61,5,84,False
Soil_Labeled_Data/M_50_60/L_80_90/alluvial/z5720115653272_3de34aa127a04a50ac17b19f6c26e982.jpg,Soil_Labeled_Data/M_50_60/L_80_90/alluvial/z5720115653272_3de34aa127a04a50ac17b19f6c26e982.jpg,d5f1ca4f6698101eadd6,phash:626459e0714fb404,test,c7569787e74310048696c82571cedd2cb89e66b961605a3059711b281284b503,53,55,5,86,False
Soil_Labeled_Data/M_50_60/L_80_90/alluvial/z5720115687004_c7046b6ed304fe8ccbb693c1af288980.jpg,Soil_Labeled_Data/M_50_60/L_80_90/alluvial/z5720115687004_c7046b6ed304fe8ccbb693c1af288980.jpg,d3ca936e6a4c637cefe3,phash:7986c044b478daae,train,da67778185dbfeb35e18acd99a4b43850e693e80c558855b36f342b4d4360d30,55,57,5,83,False
Soil_Labeled_Data/M_50_60/L_80_90/alluvial/z5720115727413_e891a8cfc53a007f676e1bac4a0342b5.jpg,Soil_Labeled_Data/M_50_60/L_80_90/alluvial/z5720115727413_e891a8cfc53a007f676e1bac4a0342b5.jpg,2885945b220a4cba35d3,phash:68fe58b58a79ace5,train,18bc134226d0f0292404508331885ed7ec92dac7ad23953057102c75b475fc2a,52,50,5,87,False
Soil_Labeled_Data/M_50_60/L_80_90/alluvial/z5720115765295_566dab2e381f475c4d17c1f90510d54b.jpg,Soil_Labeled_Data/M_50_60/L_80_90/alluvial/z5720115765295_566dab2e381f475c4d17c1f90510d54b.jpg,b45ddcb1a0f9311e962e,phash:aed58a259ead6a36,validation,18bc70fb3bbd74cd8bf3ab88ec4e48b1aa2fdd6673a130490622719209b228e0,54,55,5,88,False
Soil_Labeled_Data/M_50_60/L_80_90/alluvial/z5720115800429_ff01c46a0bb2fd04a0bcfaa21477768c.jpg,Soil_Labeled_Data/M_50_60/L_80_90/alluvial/z5720115800429_ff01c46a0bb2fd04a0bcfaa21477768c.jpg,78fb1b4ac2001158583b,phash:6b288e421b9b59cc,test,9a626aede8c742d3909a22277e5a046d567ff352bc7d86b1afa44be176987d0f,53,51,5,89,False
Soil_Labeled_Data/M_50_60/L_80_90/alluvial/z5720115833149_ed8419086eec88fa81ae29e84dd8ee29.jpg,Soil_Labeled_Data/M_50_60/L_80_90/alluvial/z5720115833149_ed8419086eec88fa81ae29e84dd8ee29.jpg,9a5e988d05401c6bb634,phash:e7caa81515007dc6,train,af54ceee1e6ea7ef7a866eb66ec5f0714bf947da83ee39e15e5e8cab789a92e8,57,57,5,90,False
Soil_Labeled_Data/M_50_60/L_80_90/alluvial/z5720115869917_a1c0c0f135fb5443e070ba2cfa3f59b5.jpg,Soil_Labeled_Data/M_50_60/L_80_90/alluvial/z5720115869917_a1c0c0f135fb5443e070ba2cfa3f59b5.jpg,ec7144cf11d7268e9efb,phash:95f443aa52a50ebf,train,75af8544493631632ecb26dbf0ebbaccebb83a95700602043d0f9d43d51d6261,59,58,5,83,False
Soil_Labeled_Data/M_50_60/L_80_90/alluvial/z5720115908066_d971dc1911998ed5477394adeada3648.jpg,Soil_Labeled_Data/M_50_60/L_80_90/alluvial/z5720115908066_d971dc1911998ed5477394adeada3648.jpg,83afc351ef548f041dd0,phash:a9a655b4c2404eed,train,8135a92cf1b73d22b6e345d3c2b34d93ef0ec1487efe4fb4b193d73d326db557,58,59,5,80,False
Soil_Labeled_Data/M_50_60/L_80_90/alluvial/z5720115942754_8be2331cdea2f08eaa20a4d16f47702e.jpg,Soil_Labeled_Data/M_50_60/L_80_90/alluvial/z5720115942754_8be2331cdea2f08eaa20a4d16f47702e.jpg,24fb23db17c1c696afa6,phash:84986216fec716df,train,b31a63d28142efd56024bd0e38ee4b1118ecaf2eca2f4cb0c721d8c954f5bcb9,51,53,5,82,False
Soil_Labeled_Data/M_50_60/L_80_90/alluvial/z5720115955016_77628ff737c4b80cdf4db3cabe679c96.jpg,Soil_Labeled_Data/M_50_60/L_80_90/alluvial/z5720115955016_77628ff737c4b80cdf4db3cabe679c96.jpg,da91723cc11cc1e2606b,phash:790ceaf06e875e73,test,1036124b03e417fccc2b2771da3daa5a7aa4639e9c0f2094e2f620f40d734ce6,51,49,5,86,False
Soil_Labeled_Data/M_50_60/L_80_90/alluvial/z5720115969160_90e7c8fe51469c6537b93b0b5051f46d.jpg,Soil_Labeled_Data/M_50_60/L_80_90/alluvial/z5720115969160_90e7c8fe51469c6537b93b0b5051f46d.jpg,a006a8ab8d62d6c421d6,phash:87a0fc93f2cf29b3,train,d2d846cd4e716f7399ac6b2fe8d1b99b43285e9b37aad353e7b55b7f2ba4a9b0,59,58,5,81,False
Soil_Labeled_Data/M_50_60/L_80_90/alluvial/z5720115982216_637e10bfdba8825575e6ddce9ee0b4db.jpg,Soil_Labeled_Data/M_50_60/L_80_90/alluvial/z5720115982216_637e10bfdba8825575e6ddce9ee0b4db.jpg,290e8751b1e6cabf6a05,phash:522c1adc444fd47d,test,152c3629f5e51fcdd37dc597a1642fce5df05fa051ff1e636ab64591586992fa,50,51,5,87,False
Soil_Labeled_Data/M_50_60/L_80_90/alluvial/z5720115994271_6ee046f5429b540fab54644ee387967d.jpg,Soil_Labeled_Data/M_50_60/L_80_90/alluvial/z5720115994271_6ee046f5429b540fab54644ee387967d.jpg,a7cd032687a48bf511e8,phash:53a18805beeb0d82,train,f78a84e7b2a6e850c20e699b6715e85009c356da4b0001f92227be59ff662b36,57,59,5,84,False
Soil_Labeled_Data/M_50_60/L_80_90/alluvial/z5720116009994_7473d14d835476f47632659bffa27b72.jpg,Soil_Labeled_Data/M_50_60/L_80_90/alluvial/z5720116009994_7473d14d835476f47632659bffa27b72.jpg,4df640380f8d7d668817,phash:e7a7071bb960f512,train,6dd61e46951640ce81a122981b61d8e716bfb01a13aa1ca5643228cd448c10c7,51,53,5,88,False
Soil_Labeled_Data/M_50_60/L_80_90/alluvial/z5720116028219_3547ed7fc4e58ca77d0a9c04ad52a29b.jpg,Soil_Labeled_Data/M_50_60/L_80_90/alluvial/z5720116028219_3547ed7fc4e58ca77d0a9c04ad52a29b.jpg,b50cd4d731ebc4b0bb52,phash:550f17b8a00c5d3d,test,356b4f61f11c3f3639169e6ac8da9d34ad8d408c85fcafa9b03665c25a2c2d22,57,57,5,84,False
Soil_Labeled_Data/M_50_60/L_80_90/alluvial/z5720116040527_64efc6d26d1ee063c31ac7c808603d38.jpg,Soil_Labeled_Data/M_50_60/L_80_90/alluvial/z5720116040527_64efc6d26d1ee063c31ac7c808603d38.jpg,e2709b3c0660d76f7441,phash:7fef4dde43e48360,train,7230e1cf8fc623e3ff5e052ad819fe35ff56d2740228ea685e65aeff6f9082f1,60,58,5,84,False
Soil_Labeled_Data/M_50_60/L_80_90/alluvial/z5720116056023_3d3d361e4d7255ed7de4195fa640e456.jpg,Soil_Labeled_Data/M_50_60/L_80_90/alluvial/z5720116056023_3d3d361e4d7255ed7de4195fa640e456.jpg,801b31b572b461f31f88,phash:66180ed7d7b26e4d,train,5873f295503021948402983e0b69c19684e53795933b1f0e7413811e5fe0efb1,52,51,5,86,False
Soil_Labeled_Data/M_50_60/L_80_90/alluvial/z5720116069849_bcc6949c92dd61a3b67028202e4c3c2a.jpg,Soil_Labeled_Data/M_50_60/L_80_90/alluvial/z5720116069849_bcc6949c92dd61a3b67028202e4c3c2a.jpg,ae5f1b5fa493968282ff,phash:32fa337bf04ea824,train,e7d94a42af104da7bdf576e1af439aa873e09e789ad3de009fe5f51e79b02b3f,60,61,5,80,False
Soil_Labeled_Data/M_50_60/L_80_90/alluvial/z5720116085194_b4c6d844bda5f6a7533e048925576cdd.jpg,Soil_Labeled_Data/M_50_60/L_80_90/alluvial/z5720116085194_b4c6d844bda5f6a7533e048925576cdd.jpg,b4f05c22fbe7dab51e15,phash:50850ca5bd08d144,train,d27c8f193d45dc320ed6bfa0639a1374901b85f74b60878fbb42dd02333cc0a0,56,59,5,80,False
Soil_Labeled_Data/M_50_60/L_90_100/alluvial/M_50_60_L_90_100_0014_light_brown.jpg,Soil_Labeled_Data/M_50_60/L_90_100/alluvial/M_50_60_L_90_100_0014_light_brown.jpg,7d1b57cb00d2f80bf1e0,phash:26fda731e9de7d40,train,76b024031a22154352cfd28ad88cac1e53d2a5804c8704852526bd409c718f42,59,58,5,99,False
Soil_Labeled_Data/M_50_60/L_90_100/alluvial/M_50_60_L_90_100_0022_clay_red.jpg,Soil_Labeled_Data/M_50_60/L_90_100/alluvial/M_50_60_L_90_100_0022_clay_red.jpg,c874e52769edc3727b79,phash:3de090ab4e101943,train,46769104dd893700a5e0eec2536f39da6ff6318eb111b3c7273404cb3d3da7c6,50,50,5,97,False
Soil_Labeled_Data/M_50_60/L_90_100/alluvial/M_50_60_L_90_100_0026_clay_red.jpg,Soil_Labeled_Data/M_50_60/L_90_100/alluvial/M_50_60_L_90_100_0026_clay_red.jpg,85808c724f0b94d3dfcc,phash:fe5de7758ede66af,train,28b58a17768d0832e2f3536bd189a90b3e2552b4f4bd294a5c35ab5f5b19ee3d,56,55,5,100,False
Soil_Labeled_Data/M_50_60/L_90_100/alluvial/M_50_60_L_90_100_0030_light_brown.jpg,Soil_Labeled_Data/M_50_60/L_90_100/alluvial/M_50_60_L_90_100_0030_light_brown.jpg,b613c9a82a84fbf67c0f,phash:e8b9de4bf1b5ad35,train,a1a8e56ef648fc2ab4ddd845ead06fef3f76f79fa6dd0a7295dcfa5758382b03,59,58,5,93,False
Soil_Labeled_Data/M_50_60/L_90_100/alluvial/M_50_60_L_90_100_0032_wet_gray.jpg,Soil_Labeled_Data/M_50_60/L_90_100/alluvial/M_50_60_L_90_100_0032_wet_gray.jpg,2a3a443226a07a4e2c4c,phash:fcca1fca709403f0,train,8c2c10a47c66113c659f7fa4d1ce53198fd7f9030444ee138e91d47cdae2c372,55,54,5,97,False
Soil_Labeled_Data/M_50_60/L_90_100/alluvial/M_50_60_L_90_100_0037_dark_brown.jpg,Soil_Labeled_Data/M_50_60/L_90_100/alluvial/M_50_60_L_90_100_0037_dark_brown.jpg,1c09a7ba437688735be7,phash:3f12adad0d3de4b3,train,1c0af51b4cffe5b5d1a350adcadd317e38ae1d25df500cf942818e8b4f28330f,57,55,5,93,False
Soil_Labeled_Data/M_50_60/L_90_100/alluvial/M_50_60_L_90_100_0043_dark_brown.jpg,Soil_Labeled_Data/M_50_60/L_90_100/alluvial/M_50_60_L_90_100_0043_dark_brown.jpg,b03058c764482fb66e69,phash:16313a78b8c6de56,train,64262c8406040c8b76d1f65d6e64c2b829ae1f8482f33850423e7adad637de93,55,54,5,97,False
Soil_Labeled_Data/M_50_60/L_90_100/alluvial/M_50_60_L_90_100_0044_wet_gray.jpg,Soil_Labeled_Data/M_50_60/L_90_100/alluvial/M_50_60_L_90_100_0044_wet_gray.jpg,d35873d482a52947430f,phash:fe5de7758ede66af,train,22b65678b66e38e28879494c56afb7d88d1d1e16a6748a51f1f723eecbd86d0e,53,53,5,99,False
Soil_Labeled_Data/M_50_60/L_90_100/alluvial/M_50_60_L_90_100_0045_dark_brown.jpg,Soil_Labeled_Data/M_50_60/L_90_100/alluvial/M_50_60_L_90_100_0045_dark_brown.jpg,72ed0b43efb408fd6fb6,phash:186f1b83b794bf40,train,ca320ef37e87aa2344cd44434576b93fee643fe99f707754423c63f60a8a43f2,53,53,5,92,False
Soil_Labeled_Data/M_50_60/L_90_100/alluvial/M_50_60_L_90_100_0051_gray_brown.jpg,Soil_Labeled_Data/M_50_60/L_90_100/alluvial/M_50_60_L_90_100_0051_gray_brown.jpg,48ec6964490f8558cd34,phash:c07316710b5c7615,train,d3d56547befc0c68034fce09ddaa5798e653fc589bf41f29886fb4d09dbae62b,56,56,5,94,False
Soil_Labeled_Data/M_50_60/L_90_100/alluvial/M_50_60_L_90_100_0063_wet_gray.jpg,Soil_Labeled_Data/M_50_60/L_90_100/alluvial/M_50_60_L_90_100_0063_wet_gray.jpg,b21ea86b3bb30a51bb02,phash:e282fa23d5ab9496,train,589891a9c74dcde44757009c3d9faf5b00811314cacec0dc24cf6c5b82e6ccf5,58,60,5,97,False
Soil_Labeled_Data/M_50_60/L_90_100/alluvial/M_50_60_L_90_100_0064_gray_brown.jpg,Soil_Labeled_Data/M_50_60/L_90_100/alluvial/M_50_60_L_90_100_0064_gray_brown.jpg,97b6ba7c0cad2a73913d,phash:c87437fc240e682d,train,5bab1e9b1236695db108b5ea395d3bc42ca6bd7a577f7f43cbfb30c50103a28b,58,56,5,99,False
Soil_Labeled_Data/M_50_60/L_90_100/alluvial/M_50_60_L_90_100_0067_light_brown.jpg,Soil_Labeled_Data/M_50_60/L_90_100/alluvial/M_50_60_L_90_100_0067_light_brown.jpg,2c72543586577568ed20,phash:c87437fc240e682d,train,0f8cbea6721dcf40763dfbffbdc31707ead6ad63d9030335399d71d32b2daf80,57,56,5,90,False
Soil_Labeled_Data/M_50_60/L_90_100/alluvial/M_50_60_L_90_100_0071_clay_red.jpg,Soil_Labeled_Data/M_50_60/L_90_100/alluvial/M_50_60_L_90_100_0071_clay_red.jpg,7d015a0a2b752462de78,phash:d2cf4d307ee06b51,test,ec2a41696f149c6dd6a0b0864f019383c0aa21ef879abd908a87af7d28b0dec5,58,58,5,90,False
Soil_Labeled_Data/M_50_60/L_90_100/alluvial/M_50_60_L_90_100_0073_light_brown.jpg,Soil_Labeled_Data/M_50_60/L_90_100/alluvial/M_50_60_L_90_100_0073_light_brown.jpg,f11e66d094a90e1f8bd4,phash:04a596876660edf6,test,8c30cf60889c7a0cec1488962d4cd9cf66087d481a28eda5d63e4eff452156df,54,55,5,97,False
Soil_Labeled_Data/M_50_60/L_90_100/alluvial/M_50_60_L_90_100_0075_light_brown.jpg,Soil_Labeled_Data/M_50_60/L_90_100/alluvial/M_50_60_L_90_100_0075_light_brown.jpg,908a76a0710b8a6b1a46,phash:25a20c412fc48b30,train,0915de8c97774ca8b60e42ab1f8039f1541ec732049a6be95fbfdc54f3234c9a,57,59,5,94,False
Soil_Labeled_Data/M_50_60/L_90_100/alluvial/M_50_60_L_90_100_0079_clay_red.jpg,Soil_Labeled_Data/M_50_60/L_90_100/alluvial/M_50_60_L_90_100_0079_clay_red.jpg,12c3923232563894f907,phash:c07316710b5c7615,train,6878c56c81e0d8f62e88db763a6832ccac64a8190c3eba58448cf4671d0d3836,57,55,5,100,False
Soil_Labeled_Data/M_50_60/L_90_100/alluvial/M_50_60_L_90_100_0081_gray_brown.jpg,Soil_Labeled_Data/M_50_60/L_90_100/alluvial/M_50_60_L_90_100_0081_gray_brown.jpg,f3ddbf694b991d1e2943,phash:109f4377503ddda1,train,d32891161e66e9b0dcf5eecde0c43aab95d81d3ab9796155fa5e668565400bb4,54,54,5,92,False
Soil_Labeled_Data/M_50_60/L_90_100/alluvial/M_50_60_L_90_100_0083_light_brown.jpg,Soil_Labeled_Data/M_50_60/L_90_100/alluvial/M_50_60_L_90_100_0083_light_brown.jpg,8356f01644a3ffe5ddfe,phash:9a4f78194ba33596,train,a91d174bc31bcefda444dcd347792e0de582bf45f69590aac1341c5540c00fad,57,57,5,99,False
Soil_Labeled_Data/M_50_60/L_90_100/alluvial/M_50_60_L_90_100_0099_clay_red.jpg,Soil_Labeled_Data/M_50_60/L_90_100/alluvial/M_50_60_L_90_100_0099_clay_red.jpg,7ccbb926fba183c4dba0,phash:f664b3f7ab320084,train,a8447be769f06a4cef11caa38c1f05bdf660a6972eedaf2e6c6a5175fd696f3a,59,60,5,91,False
Soil_Labeled_Data/M_50_60/L_90_100/alluvial/z5720142535965_7f8fdeed5b9f25c4800540f4c7109134.jpg,Soil_Labeled_Data/M_50_60/L_90_100/alluvial/z5720142535965_7f8fdeed5b9f25c4800540f4c7109134.jpg,4e944eb63f277f836438,phash:6510f6bdb0172e7d,train,cbcffdd73df06e0b072756c13f9f0563e8072b9b0b5a5f3023123493706fc4bd,58,57,5,95,False
Soil_Labeled_Data/M_50_60/L_90_100/alluvial/z5720142605939_7caf2dad0259dceaa9b82d0f49f18ce1.jpg,Soil_Labeled_Data/M_50_60/L_90_100/alluvial/z5720142605939_7caf2dad0259dceaa9b82d0f49f18ce1.jpg,ec4fcdad3b687bec98c0,phash:4fc1288e79818782,test,1d9f70a629ed7f33b5bb9dcbf9d2edf129960e30bc7d5a1fad18323eb20bc184,51,50,5,95,False
Soil_Labeled_Data/M_50_60/L_90_100/alluvial/z5720142667793_1b68b578374e456dec54d6a7942a78c6.jpg,Soil_Labeled_Data/M_50_60/L_90_100/alluvial/z5720142667793_1b68b578374e456dec54d6a7942a78c6.jpg,5806def9692b7eff87df,phash:c87437fc240e682d,train,85901716749fa7f57af05ad4b6a317f26c6e420ba47d3b76e87ff45ecdfcd54d,57,58,5,91,False
Soil_Labeled_Data/M_50_60/L_90_100/alluvial/z5720142732215_24153a5f94f1690b1290a7adb4f344d9.jpg,Soil_Labeled_Data/M_50_60/L_90_100/alluvial/z5720142732215_24153a5f94f1690b1290a7adb4f344d9.jpg,b0ef2b0f21d79461cb3e,phash:2907e22073607f47,train,1ce12e72af799f3ef641eac772e49eaa601410979f064594ee0697444163f229,55,54,5,93,False
Soil_Labeled_Data/M_50_60/L_90_100/alluvial/z5720142803519_7e7073968e86e15707d41ef2d1f8a1cb.jpg,Soil_Labeled_Data/M_50_60/L_90_100/alluvial/z5720142803519_7e7073968e86e15707d41ef2d1f8a1cb.jpg,d12ab2bb1b4cb5c3ff57,phash:1d3c79345db274e1,validation,f6f490aa8c06c3f394c6af6b860648034089de50325cbb7a66c6e52da0ace352,52,54,5,94,False
Soil_Labeled_Data/M_50_60/L_90_100/alluvial/z5720142873591_1e258c120dc7fd38c4364dc88310cf49.jpg,Soil_Labeled_Data/M_50_60/L_90_100/alluvial/z5720142873591_1e258c120dc7fd38c4364dc88310cf49.jpg,0f6f0cd07b1dfd141d3d,phash:37f43628cfd7ed16,train,5d994566c0b179988accce70d34367cca75f3d938d184b5d7c8c9558266443ca,60,60,5,93,False
Soil_Labeled_Data/M_50_60/L_90_100/alluvial/z5720142944680_d4f5166a1f72d6cb4ddfe9316119b767.jpg,Soil_Labeled_Data/M_50_60/L_90_100/alluvial/z5720142944680_d4f5166a1f72d6cb4ddfe9316119b767.jpg,d5a806e97c50b967d5ed,phash:22eb69568175d464,train,ca85bf8ff5a35539fefbb847acbe12f7f32ecbe248c145a844b511e7bc339c0a,54,52,5,90,False
Soil_Labeled_Data/M_50_60/L_90_100/alluvial/z5720143012313_856304851294ecc8b5397b9311a48d88.jpg,Soil_Labeled_Data/M_50_60/L_90_100/alluvial/z5720143012313_856304851294ecc8b5397b9311a48d88.jpg,5c75b54d520bda715cd1,phash:9c51db259dcbbf83,test,94810c6b3fdfa00d052e30ee95c826701f36d5f4d5e9255127c10e702b24802f,55,56,5,95,False
Soil_Labeled_Data/M_50_60/L_90_100/alluvial/z5720143078801_9e7f2d067ac7542cc6f3b8a5bd731451.jpg,Soil_Labeled_Data/M_50_60/L_90_100/alluvial/z5720143078801_9e7f2d067ac7542cc6f3b8a5bd731451.jpg,4b8b2fd7093587dfecc6,phash:26fda731e9de7d40,train,323a8ac7e9832d5f0b28a04df602dc3fc509c5d0fbaf03cc9c92e70db03d6391,60,60,5,95,False
Soil_Labeled_Data/M_50_60/L_90_100/alluvial/z5720143090213_a08a9f5a97cdc656748cb7fa75edf338.jpg,Soil_Labeled_Data/M_50_60/L_90_100/alluvial/z5720143090213_a08a9f5a97cdc656748cb7fa75edf338.jpg,1619b4ddca06207375ef,phash:b0b7d47db6639108,validation,ad01962ff96b59c7f2e01deccfcfb26565289a1874d4cb18321c4c670dac82f3,50,51,5,90,False
Soil_Labeled_Data/M_50_60/L_90_100/alluvial/z5720143103699_d6de3602e00ee02916b885433cd153ac.jpg,Soil_Labeled_Data/M_50_60/L_90_100/alluvial/z5720143103699_d6de3602e00ee02916b885433cd153ac.jpg,d66c77242dce86e6e9a7,phash:dcb5f1e62586665b,train,22f013a0c4a1d0d774875af11dd19a5943ec5cf8b4947bac016c8b4c94101565,52,54,5,91,False
Soil_Labeled_Data/M_50_60/L_90_100/alluvial/z5720143115861_efed4878483a1f7e23629c7386a6d09d.jpg,Soil_Labeled_Data/M_50_60/L_90_100/alluvial/z5720143115861_efed4878483a1f7e23629c7386a6d09d.jpg,7940075ef00f6fb6e99a,phash:7b1d125189867c87,test,a1d2f3dcbdb6deac51cc360ad72c91414c27231fa74aed3ec9a80915a864b819,56,58,5,92,False
Soil_Labeled_Data/M_50_60/L_90_100/alluvial/z5720143128222_276e4e8586100105a226ae375886a943.jpg,Soil_Labeled_Data/M_50_60/L_90_100/alluvial/z5720143128222_276e4e8586100105a226ae375886a943.jpg,e8b0cd2c995d907fdaf3,phash:e92eaca4ff3b1796,test,00905821ecc223e991a8ae79e30a1d0e96b33018482c53840d07dd7f2a6ed88b,53,51,5,94,False
Soil_Labeled_Data/M_50_60/L_90_100/alluvial/z5720143138433_5a1eba502028ab521a9ccc45f968b42d.jpg,Soil_Labeled_Data/M_50_60/L_90_100/alluvial/z5720143138433_5a1eba502028ab521a9ccc45f968b42d.jpg,a50c89dd085ce3fe6f27,phash:11f61dd650eab9c1,train,524dd00cf9334bab01402f9145428779b1cb96912a8f0c138dbce8e413024df2,54,54,5,94,False
Soil_Labeled_Data/M_50_60/L_90_100/alluvial/z5720143154446_d6236257ccb21858bbf8354df5e10a69.jpg,Soil_Labeled_Data/M_50_60/L_90_100/alluvial/z5720143154446_d6236257ccb21858bbf8354df5e10a69.jpg,b84800b6df810575baf3,phash:d2cf4d307ee06b51,test,28778be0bae3539683f2940129076cf100dfde68b5c5159cc728f519231fc91e,53,55,5,90,False
Soil_Labeled_Data/M_50_60/L_90_100/alluvial/z5720143165808_c048ad1ab07ddbb36a302d65772e88c8.jpg,Soil_Labeled_Data/M_50_60/L_90_100/alluvial/z5720143165808_c048ad1ab07ddbb36a302d65772e88c8.jpg,e2dcaba025409f3004e6,phash:0285effacff0304c,validation,9905aa20c91ef10e1318eef77539884be05c4c10b902e962b74c76325f6724c8,52,53,5,100,False
Soil_Labeled_Data/M_50_60/L_90_100/alluvial/z5720143180627_8991003c4168f68248331f4ae3cb75d1.jpg,Soil_Labeled_Data/M_50_60/L_90_100/alluvial/z5720143180627_8991003c4168f68248331f4ae3cb75d1.jpg,467e679fd7981577620c,phash:b1dd5e518be03381,train,ade40a65a23d306319ba2fadfc9c4d5eeaf049ca4046bd5fc41ea69a2e373fa9,51,50,5,92,False
Soil_Labeled_Data/M_50_60/L_90_100/alluvial/z5720143191868_a2e1d248c34ba593baf30b4defe0d1dd.jpg,Soil_Labeled_Data/M_50_60/L_90_100/alluvial/z5720143191868_a2e1d248c34ba593baf30b4defe0d1dd.jpg,680b31f6585af7088c07,phash:4629140a527a816d,train,9650caa2b1d13f950242ad63651c99f623a0fd736adc8468372e2f4148af1032,55,53,5,90,False
Soil_Labeled_Data/M_60_70/L_0_10/alluvial/IMG_0407_M_10_20_light_brown_M_40_50_gray_brown_M_50_60_gray_brown.jpg,Soil_Labeled_Data/M_60_70/L_0_10/alluvial/IMG_0407_M_10_20_light_brown_M_40_50_gray_brown_M_50_60_gray_brown.jpg,216cc70abc6ec5ec8fdf,phash:4756c126639a1165,train,d766fac8c3d3f14b24ef5e60c00ed322c956b398138d122a471322410d4c2187,62,67,6,7,False
Soil_Labeled_Data/M_60_70/L_0_10/alluvial/IMG_0408_M_10_20_gray_brown_M_40_50_dark_brown.jpg,Soil_Labeled_Data/M_60_70/L_0_10/alluvial/IMG_0408_M_10_20_gray_brown_M_40_50_dark_brown.jpg,512f866acd2e8b82472e,phash:1779b87440c003a2,train,ccd915688c4bc313a768ab024e2c17677347b4b18e4be424b86b8202a4603ebb,69,71,6,10,False
Soil_Labeled_Data/M_60_70/L_0_10/alluvial/IMG_0408_M_10_20_light_brown_M_40_50_gray_brown.jpg,Soil_Labeled_Data/M_60_70/L_0_10/alluvial/IMG_0408_M_10_20_light_brown_M_40_50_gray_brown.jpg,0cce054b04103a8eee03,phash:a28e148cdbb79b28,validation,794f7b3dcd20b8e74c06105ed44e37a162f99f1c8a01b1a846950ca316e891a4,63,66,6,7,False
Soil_Labeled_Data/M_60_70/L_0_10/alluvial/IMG_0412_M_10_20_clayish_red_M_40_50_gray_brown.jpg,Soil_Labeled_Data/M_60_70/L_0_10/alluvial/IMG_0412_M_10_20_clayish_red_M_40_50_gray_brown.jpg,0b4ce831ca01434bb3a0,phash:3682de7290d2a80c,validation,01322995587d72dbbbb2b57c83c2bf2fa60074fb146e047add9479446c61eb06,61,67,6,5,False
Soil_Labeled_Data/M_60_70/L_0_10/alluvial/IMG_0424_M_10_20_clayish_red_M_40_50_gray_brown_M_50_60_dark_brown.jpg,Soil_Labeled_Data/M_60_70/L_0_10/alluvial/IMG_0424_M_10_20_clayish_red_M_40_50_gray_brown_M_50_60_dark_brown.jpg,edc95daad9042d88f07c,phash:49985931b0594567,train,b96c0e70ef755b6aa61c3ccd6c644ef34d2a37d2b542ad88199e485975ae120a,70,73,6,2,False
Soil_Labeled_Data/M_60_70/L_0_10/alluvial/IMG_0424_M_10_20_pale_yellow_M_40_50_gray_brown.jpg,Soil_Labeled_Data/M_60_70/L_0_10/alluvial/IMG_0424_M_10_20_pale_yellow_M_40_50_gray_brown.jpg,def76db553aadcd1710d,phash:4756c126639a1165,train,04996447a1c5e33be989230b84d0b557909c9ee3d50ce36b1ba8997178536771,69,74,6,10,False
Soil_Labeled_Data/M_60_70/L_0_10/alluvial/IMG_0425_M_10_20_light_brown_M_40_50_light_brown_M_50_60_dark_brown.jpg,Soil_Labeled_Data/M_60_70/L_0_10/alluvial/IMG_0425_M_10_20_light_brown_M_40_50_light_brown_M_50_60_dark_brown.jpg,9f62333d49d93ceb0b5d,phash:4756c126639a1165,train,06818fd93670e614c93b1d9fa4239ec9b928b7a9cfb6cffee4e7e8a51f9ea3c3,67,73,6,2,False
Soil_Labeled_Data/M_60_70/L_0_10/alluvial/z5714094852999_fd9ac792493327c55c368da0ff69bc86_M_0_10_clayish_red_M_40_50_dark_brown.jpg,Soil_Labeled_Data/M_60_70/L_0_10/alluvial/z5714094852999_fd9ac792493327c55c368da0ff69bc86_M_0_10_clayish_red_M_40_50_dark_brown.jpg,e6cb228074fbb54c39ed,phash:23bed3248c965641,train,48aadda63b26545c4288885ca1c8162e4bdff0b901cec5e56b1d08a3ed7f17d4,65,70,6,0,False
Soil_Labeled_Data/M_60_70/L_0_10/alluvial/z5714094901576_151d7c7f5174236f4ce3c22eb6767bd0_M_0_10_clayish_red_M_40_50_gray_brown_M_50_60_gray_brown.jpg,Soil_Labeled_Data/M_60_70/L_0_10/alluvial/z5714094901576_151d7c7f5174236f4ce3c22eb6767bd0_M_0_10_clayish_red_M_40_50_gray_brown_M_50_60_gray_brown.jpg,489e427a2bb35a83e548,phash:68f324a02ebf08f8,test,84d3a7dbe14ac51b873a008dec2366552c73f2b8a37962aeb1acc94afb573278,62,67,6,7,False
Soil_Labeled_Data/M_60_70/L_0_10/alluvial/z5714095361298_5b8521f71b6051a784c85bd3550ccbe0_M_0_10_pale_yellow_M_40_50_gray_brown.jpg,Soil_Labeled_Data/M_60_70/L_0_10/alluvial/z5714095361298_5b8521f71b6051a784c85bd3550ccbe0_M_0_10_pale_yellow_M_40_50_gray_brown.jpg,c2e8487689ff5d548fe2,phash:43eb2bc58c1ed2f1,train,568694cbcc12859498a52307cb62a35a3fe93ac1bb247cdd3f3ba7b15501e7a7,64,67,6,5,False
Soil_Labeled_Data/M_60_70/L_0_10/alluvial/z5714095397323_3ba8d5731fe9ad72ecd36a4f5fe55be2_M_0_10_clayish_red_M_40_50_light_brown_M_50_60_gray_brown.jpg,Soil_Labeled_Data/M_60_70/L_0_10/alluvial/z5714095397323_3ba8d5731fe9ad72ecd36a4f5fe55be2_M_0_10_clayish_red_M_40_50_light_brown_M_50_60_gray_brown.jpg,cbdbc42d678d635d3671,phash:0778fcfab95d71d2,train,848c112d147d9a11e93141fb8497619c47fdc67d913294f8864dd0ed90a02967,62,69,6,0,False
Soil_Labeled_Data/M_60_70/L_0_10/alluvial/z5714095489034_176c03ba900d1a0940308cd7513b0794_M_0_10_clayish_red_M_40_50_dark_brown.jpg,Soil_Labeled_Data/M_60_70/L_0_10/alluvial/z5714095489034_176c03ba900d1a0940308cd7513b0794_M_0_10_clayish_red_M_40_50_dark_brown.jpg,5d042c1f8bc69227b014,phash:119ca2c97a23b424,train,243920702ac1f9610f5936ebec2a8d52f9b7186f09b958b8735f45b35be73830,70,76,6,4,False
Soil_Labeled_Data/M_60_70/L_0_10/alluvial/z5716041600867_155ef81185111d0c63d0fb1432ad825c_M_30_40_gray_brown_M_40_50_dark_brown.jpg,Soil_Labeled_Data/M_60_70/L_0_10/alluvial/z5716041600867_155ef81185111d0c63d0fb1432ad825c_M_30_40_gray_brown_M_40_50_dark_brown.jpg,5974002ac2acdbb6cf3e,phash:11c57cff56e9e407,validation,b93ce6cd44623621d0840a98cd706c44a8df6506f097fd2cac2ec98ec8ca9818,65,68,6,3,False
Soil_Labeled_Data/M_60_70/L_0_10/alluvial/z5716041803963_45e386f270937e1ffed33e997140939d_M_30_40_clayish_red_M_40_50_gray_brown_M_50_60_dark_brown.jpg,Soil_Labeled_Data/M_60_70/L_0_10/alluvial/z5716041803963_45e386f270937e1ffed33e997140939d_M_30_40_clayish_red_M_40_50_gray_brown_M_50_60_dark_brown.jpg,a65d8f9c7d046ef7cb22,phash:4756c126639a1165,train,a9f64914d0111d24eff82449e3b299215eb8e09c192d9f4349128a354662bdcb,65,71,6,5,False
Soil_Labeled_Data/M_60_70/L_0_10/alluvial/z5716041844114_ff29c3aa34e5e5744c16680220233e4e_M_30_40_gray_brown_M_40_50_gray_brown.jpg,Soil_Labeled_Data/M_60_70/L_0_10/alluvial/z5716041844114_ff29c3aa34e5e5744c16680220233e4e_M_30_40_gray_brown_M_40_50_gray_brown.jpg,0ae70402503dd8fa644d,phash:f8e6c65d593b1547,test,37e73f49f40774bb1edb60b9e9a99f1b09c146ed469a2e1bf4573d5cf321cff8,69,74,6,3,False
Soil_Labeled_Data/M_60_70/L_0_10/alluvial/z5716041962889_1d362459ea63da03f90b3aa0f319097d_M_30_40_light_brown_M_40_50_gray_brown_M_50_60_dark_brown.jpg,Soil_Labeled_Data/M_60_70/L_0_10/alluvial/z5716041962889_1d362459ea63da03f90b3aa0f319097d_M_30_40_light_brown_M_40_50_gray_brown_M_50_60_dark_brown.jpg,df67baa08f6f47896465,phash:4756c126639a1165,train,d08aa6a13a04fe5483827a01736e580777147de93393a00cec009af1eb921864,66,68,6,4,False
Soil_Labeled_Data/M_60_70/L_0_10/alluvial/z5716042049106_e42202833efd1fc8789876381aea1f57_M_30_40_gray_brown_M_50_60_dark_brown.jpg,Soil_Labeled_Data/M_60_70/L_0_10/alluvial/z5716042049106_e42202833efd1fc8789876381aea1f57_M_30_40_gray_brown_M_50_60_dark_brown.jpg,2d5420c1c25ac38b669d,phash:baabc38ed1f1b3a7,train,fc5795451e63451e03cbcd3b985ad7ad2f9cc253a9b1d26e7575cdf8523b20a9,62,68,6,8,False
Soil_Labeled_Data/M_60_70/L_0_10/alluvial/z5716042093255_6eec8feb89829ca2230990c0d5fa8cf8_M_30_40_gray_brown_M_40_50_light_brown_M_50_60_dark_brown.jpg,Soil_Labeled_Data/M_60_70/L_0_10/alluvial/z5716042093255_6eec8feb89829ca2230990c0d5fa8cf8_M_30_40_gray_brown_M_40_50_light_brown_M_50_60_dark_brown.jpg,f800f66d824596028600,phash:b3f21d7be8ab2c54,train,652a5f11460500688c8191fce5e73fa41092541d5a1afb4dc72affdccb5b2a28,70,75,6,10,False
Soil_Labeled_Data/M_60_70/L_0_10/alluvial/z5716042289286_4f5ba54e9a7dd70e051e6c0bf403d0f8_M_30_40_pale_yellow_M_40_50_light_brown_M_50_60_dark_brown.jpg,Soil_Labeled_Data/M_60_70/L_0_10/alluvial/z5716042289286_4f5ba54e9a7dd70e051e6c0bf403d0f8_M_30_40_pale_yellow_M_40_50_light_brown_M_50_60_dark_brown.jpg,0333501c81f527ccd3ba,phash:5601fc46215235b5,train,0af80185b06602ed1f5323a951c3a6b566d7345139688febe61166c9b9eb203b,60,67,6,0,False
Soil_Labeled_Data/M_60_70/L_0_10/alluvial/z5716042321152_979083553c4378666fb6af100231c565_M_30_40_pale_yellow_M_40_50_light_brown_M_50_60_dark_brown.jpg,Soil_Labeled_Data/M_60_70/L_0_10/alluvial/z5716042321152_979083553c4378666fb6af100231c565_M_30_40_pale_yellow_M_40_50_light_brown_M_50_60_dark_brown.jpg,88b353eacc65e21a12e3,phash:bf754786681e09d3,validation,b4f0231d6d120fa8792ee0dd2faca481fbcfcd4835ab2ebb2941c107c5526d7d,64,68,6,3,False
Soil_Labeled_Data/M_60_70/L_10_20/alluvial/IMG_0012_M_0_10_clayish_red_M_40_50_gray_brown.jpg,Soil_Labeled_Data/M_60_70/L_10_20/alluvial/IMG_0012_M_0_10_clayish_red_M_40_50_gray_brown.jpg,fa0ad32e950ba0eb24c6,phash:036bd561c9affbf4,train,ae2eaf80dd7b697348a822211dce88869e7a7db593c1d8ee35c95415bbfb68ef,70,74,6,11,False
Soil_Labeled_Data/M_60_70/L_10_20/alluvial/IMG_0014_M_0_10_light_brown_M_40_50_gray_brown.jpg,Soil_Labeled_Data/M_60_70/L_10_20/alluvial/IMG_0014_M_0_10_light_brown_M_40_50_gray_brown.jpg,8dabb2de8b887fc0ea58,phash:28ae9471e98b75c2,train,4cd796814fac64eed464f16b486eeb7c266c9ddb92ed7f370f7a07735bd61ec0,64,70,6,15,False
Soil_Labeled_Data/M_60_70/L_10_20/alluvial/IMG_0017_M_0_10_gray_brown_M_40_50_gray_brown.jpg,Soil_Labeled_Data/M_60_70/L_10_20/alluvial/IMG_0017_M_0_10_gray_brown_M_40_50_gray_brown.jpg,a4b2da1284cbf8f0387c,phash:282a7261d87da92b,train,5f149feebda9269236743a490d51ea7b0a4609cc335fb2879c63ee1b11cd6391,63,68,6,20,False
Soil_Labeled_Data/M_60_70/L_10_20/alluvial/IMG_0450_M_10_20_light_brown_M_40_50_light_brown_M_50_60_gray_brown.jpg,Soil_Labeled_Data/M_60_70/L_10_20/alluvial/IMG_0450_M_10_20_light_brown_M_40_50_light_brown_M_50_60_gray_brown.jpg,8cb6947302e89399277f,phash:e5ae9c0394f3d4c2,train,4fb3392625f71400b76ecf6236149b722291c38a27603b9c9cacc8db337e932d,63,65,6,18,False
Soil_Labeled_Data/M_60_70/L_10_20/alluvial/IMG_0456_M_10_20_gray_brown_M_40_50_gray_brown_M_50_60_gray_brown.jpg,Soil_Labeled_Data/M_60_70/L_10_20/alluvial/IMG_0456_M_10_20_gray_brown_M_40_50_gray_brown_M_50_60_gray_brown.jpg,6f91b853f984bc4f8d6f,phash:21dcf13ae7c61d65,validation,57418746d3a7225c2f2461b8e7fe64063cfe35cb25455c05143b6aec679ea0fb,68,70,6,19,False
Soil_Labeled_Data/M_60_70/L_10_20/alluvial/IMG_0456_M_10_20_pale_yellow_M_40_50_gray_brown_M_50_60_gray_brown.jpg,Soil_Labeled_Data/M_60_70/L_10_20/alluvial/IMG_0456_M_10_20_pale_yellow_M_40_50_gray_brown_M_50_60_gray_brown.jpg,10a09e22f2dbe5971b4f,phash:21dcf13ae7c61d65,validation,2390e05af005523758ef8192f2e7c8f53190abfb73d7a1c9bc4df3de4f9202e3,65,70,6,12,False
Soil_Labeled_Data/M_60_70/L_10_20/alluvial/IMG_0462_M_10_20_pale_yellow_M_40_50_dark_brown.jpg,Soil_Labeled_Data/M_60_70/L_10_20/alluvial/IMG_0462_M_10_20_pale_yellow_M_40_50_dark_brown.jpg,37f3f66040117e9c6b76,phash:951d52fa90f00818,train,5e151d80d55ab0e8379595e61f301f97d382cf84249b51ece626107fdb600280,60,65,6,18,False
Soil_Labeled_Data/M_60_70/L_10_20/alluvial/IMG_0464_M_10_20_gray_brown_M_40_50_light_brown_M_50_60_gray_brown.jpg,Soil_Labeled_Data/M_60_70/L_10_20/alluvial/IMG_0464_M_10_20_gray_brown_M_40_50_light_brown_M_50_60_gray_brown.jpg,c13c9324f3334d019e89,phash:9c3bf507a32b6235,validation,24d27504ca93037eb18d33f5378caf66ddbee057fc7d41a6410332b10c34ed24,60,66,6,20,False
Soil_Labeled_Data/M_60_70/L_10_20/alluvial/IMG_0468_M_10_20_clayish_red_M_40_50_gray_brown.jpg,Soil_Labeled_Data/M_60_70/L_10_20/alluvial/IMG_0468_M_10_20_clayish_red_M_40_50_gray_brown.jpg,62523f5dbeae813abb06,phash:dd00b8a6129e2709,train,7bdaa6c870a5f1d339b9a7acc84f1d0ad6a1d22c4e685718bcfc466359b9663b,66,72,6,14,False
Soil_Labeled_Data/M_60_70/L_10_20/alluvial/IMG_0468_M_10_20_clayish_red_M_40_50_gray_brown_M_50_60_dark_brown.jpg,Soil_Labeled_Data/M_60_70/L_10_20/alluvial/IMG_0468_M_10_20_clayish_red_M_40_50_gray_brown_M_50_60_dark_brown.jpg,be8685352c9554b79807,phash:dd00b8a6129e2709,train,0191d68405286ae646f21228f8c16aa076445070373053d4624f7521674d3b07,62,66,6,19,False
Soil_Labeled_Data/M_60_70/L_10_20/alluvial/z5716081479236_4f46eb9ba24b9a8e3689a059294eb719_M_30_40_clayish_red_M_40_50_gray_brown.jpg,Soil_Labeled_Data/M_60_70/L_10_20/alluvial/z5716081479236_4f46eb9ba24b9a8e3689a059294eb719_M_30_40_clayish_red_M_40_50_gray_brown.jpg,45000ea576dcf3416400,phash:7c49bf336e8591bc,validation,e5ccfed6d8a29008dbe74a9010cf8402f1562e3cc1d4a425741c2c4b216d1fdf,62,67,6,10,False
Soil_Labeled_Data/M_60_70/L_10_20/alluvial/z5716081479236_4f46eb9ba24b9a8e3689a059294eb719_M_30_40_clayish_red_M_40_50_light_brown_M_50_60_dark_brown.jpg,Soil_Labeled_Data/M_60_70/L_10_20/alluvial/z5716081479236_4f46eb9ba24b9a8e3689a059294eb719_M_30_40_clayish_red_M_40_50_light_brown_M_50_60_dark_brown.jpg,e2e9e0ec2f2c87ba2413,phash:ac391782af52257c,validation,3013dd880a06017d4065fe7b38430640f9afce31d184831964d819bc9aa4b81b,65,69,6,15,False
Soil_Labeled_Data/M_60_70/L_10_20/alluvial/z5716081579514_5a67b978119dcf79cb53e218abca90ab_M_30_40_light_brown_M_40_50_dark_brown.jpg,Soil_Labeled_Data/M_60_70/L_10_20/alluvial/z5716081579514_5a67b978119dcf79cb53e218abca90ab_M_30_40_light_brown_M_40_50_dark_brown.jpg,a8fd055574a5368a0385,phash:0bd4dc29e9f116be,test,9805527b954d08ae0d83cac301f899ad458c1c9e246302124b479a7ef2137e71,65,69,6,12,False
Soil_Labeled_Data/M_60_70/L_10_20/alluvial/z5716081662580_90fe70bd39227686c8ca01467428faf4_M_30_40_clayish_red_M_40_50_dark_brown.jpg,Soil_Labeled_Data/M_60_70/L_10_20/alluvial/z5716081662580_90fe70bd39227686c8ca01467428faf4_M_30_40_clayish_red_M_40_50_dark_brown.jpg,a9020ebea295ea5c853a,phash:72ba288fa0329d1a,train,66c783d896404a8e0c45395af7fd6b7391ee9bdce281c7bf1a685c28ce67b049,68,73,6,18,False
Soil_Labeled_Data/M_60_70/L_10_20/alluvial/z5716081732799_46a8abd72cd445d5fc7f7576562133ff_M_30_40_pale_yellow_M_40_50_light_brown_M_50_60_dark_brown.jpg,Soil_Labeled_Data/M_60_70/L_10_20/alluvial/z5716081732799_46a8abd72cd445d5fc7f7576562133ff_M_30_40_pale_yellow_M_40_50_light_brown_M_50_60_dark_brown.jpg,b6fce6a93aa1f98fd4ec,phash:90c87252ac2e96e8,test,2447ca3448a5a6e4f131cf7efa7ed58f8a73e005accf0e77fce5ed5c0df35dca,70,74,6,10,False
Soil_Labeled_Data/M_60_70/L_10_20/alluvial/z5716081741279_e6dcbcb3d2252e27194aab74ebc27762_M_30_40_light_brown_M_40_50_gray_brown.jpg,Soil_Labeled_Data/M_60_70/L_10_20/alluvial/z5716081741279_e6dcbcb3d2252e27194aab74ebc27762_M_30_40_light_brown_M_40_50_gray_brown.jpg,2768319557ad7d8b1a49,phash:be6126be5887ae98,train,93426a1f32400a4c91577ee96bab85da126a844bc43b13a3681709f54825dfb9,68,73,6,16,False
Soil_Labeled_Data/M_60_70/L_10_20/alluvial/z5716081741279_e6dcbcb3d2252e27194aab74ebc27762_M_30_40_pale_yellow_M_40_50_gray_brown.jpg,Soil_Labeled_Data/M_60_70/L_10_20/alluvial/z5716081741279_e6dcbcb3d2252e27194aab74ebc27762_M_30_40_pale_yellow_M_40_50_gray_brown.jpg,5dda5d72c42b5a097905,phash:46386f8bbcc5a68d,train,97d7fd36402d8ff9596f9d65a6eba937bca4ea238f0b75c496be70def012a229,64,67,6,18,False
Soil_Labeled_Data/M_60_70/L_10_20/alluvial/z5716081741279_e6dcbcb3d2252e27194aab74ebc27762_M_30_40_pale_yellow_M_40_50_light_brown_M_50_60_dark_brown.jpg,Soil_Labeled_Data/M_60_70/L_10_20/alluvial/z5716081741279_e6dcbcb3d2252e27194aab74ebc27762_M_30_40_pale_yellow_M_40_50_light_brown_M_50_60_dark_brown.jpg,5764999352b2111ec062,phash:85338c81ae192555,train,f594dd5076fdd9c7a4a0845e36b90168656b55c7c99ec70b2b429779a98398fe,64,67,6,10,False
Soil_Labeled_Data/M_60_70/L_10_20/alluvial/z5716081783135_13a61c0ddb9d30f00b44e630e47c1f42_M_30_40_gray_brown_M_40_50_gray_brown_M_50_60_dark_brown.jpg,Soil_Labeled_Data/M_60_70/L_10_20/alluvial/z5716081783135_13a61c0ddb9d30f00b44e630e47c1f42_M_30_40_gray_brown_M_40_50_gray_brown_M_50_60_dark_brown.jpg,0f866f90aa88d8bd87cd,phash:1154059806bb76cd,validation,2bb0dabb2f12060702783da7573ccaf3626851a6d0882e884563832b1b69a39b,61,64,6,13,False
Soil_Labeled_Data/M_60_70/L_10_20/alluvial/z5716081793488_8e267ac7db26534a784551ddef1bbd5f_M_30_40_gray_brown_M_40_50_gray_brown_M_50_60_dark_brown.jpg,Soil_Labeled_Data/M_60_70/L_10_20/alluvial/z5716081793488_8e267ac7db26534a784551ddef1bbd5f_M_30_40_gray_brown_M_40_50_gray_brown_M_50_60_dark_brown.jpg,3c3e2cdbb25e2659d193,phash:7672712bd6621108,train,8a8526e654955725bb77bfb4acd2d55b9d9708fffdf38871544708203255dfeb,70,73,6,18,False
Soil_Labeled_Data/M_60_70/L_20_30/alluvial/IMG_0057_M_0_10_clayish_red_M_40_50_dark_brown.jpg,Soil_Labeled_Data/M_60_70/L_20_30/alluvial/IMG_0057_M_0_10_clayish_red_M_40_50_dark_brown.jpg,430fce5419cfc113a1c2,phash:8476ce23020249fd,train,3390a42c9021ab698e513381e52f4afc70353367368504562e5cedbfa7aba7fe,63,68,6,26,False
Soil_Labeled_Data/M_60_70/L_20_30/alluvial/IMG_0059_M_0_10_pale_yellow_M_40_50_gray_brown.jpg,Soil_Labeled_Data/M_60_70/L_20_30/alluvial/IMG_0059_M_0_10_pale_yellow_M_40_50_gray_brown.jpg,7aa779fd9daad63dda0c,phash:c681ac1b33256bae,train,8f923c22009814abae8dc8c517a7991899b818339443658d749f9397cd6f81d6,70,73,6,23,False
Soil_Labeled_Data/M_60_70/L_20_30/alluvial/IMG_0063_M_0_10_light_brown_M_40_50_light_brown_M_50_60_gray_brown.jpg,Soil_Labeled_Data/M_60_70/L_20_30/alluvial/IMG_0063_M_0_10_light_brown_M_40_50_light_brown_M_50_60_gray_brown.jpg,2e9a9d05a0b8a9b527e5,phash:4f7ee60442d31744,validation,45f013ee81b6cec7eb7d2d88b45ae573291ac0aeae6ca401c71d4f51cd2bb83d,66,69,6,30,False
Soil_Labeled_Data/M_60_70/L_20_30/alluvial/IMG_0500_M_10_20_clayish_red_M_40_50_dark_brown.jpg,Soil_Labeled_Data/M_60_70/L_20_30/alluvial/IMG_0500_M_10_20_clayish_red_M_40_50_dark_brown.jpg,e6c71dffe7876476b1a1,phash:59c86ca7b0ff6cbe,test,06fddb34ce7ce4b5ed72dd93735f2941304c7ac8a63cb0b22e134acb3daa3eee,70,74,6,22,False
Soil_Labeled_Data/M_60_70/L_20_30/alluvial/IMG_0500_M_10_20_clayish_red_M_40_50_light_brown_M_50_60_gray_brown.jpg,Soil_Labeled_Data/M_60_70/L_20_30/alluvial/IMG_0500_M_10_20_clayish_red_M_40_50_light_brown_M_50_60_gray_brown.jpg,14def0765ba289b19cc7,phash:59c86ca7b0ff6cbe,test,4ac0c95cd7526a2d0b95cc54431a569cbd6b83c8313edfcd2b503e0da045a1b3,66,72,6,20,False
Soil_Labeled_Data/M_60_70/L_20_30/alluvial/IMG_0501_M_10_20_clayish_red_M_40_50_gray_brown.jpg,Soil_Labeled_Data/M_60_70/L_20_30/alluvial/IMG_0501_M_10_20_clayish_red_M_40_50_gray_brown.jpg,37b658a5d9d22aecccf5,phash:466c9def00cb8061,train,4ac5b232fba100a65da9f42cfc0aa78fa71ba5b8c74681a09dca02990050d1e3,60,61,6,25,False
Soil_Labeled_Data/M_60_70/L_20_30/alluvial/IMG_0501_M_10_20_light_brown_M_40_50_dark_brown.jpg,Soil_Labeled_Data/M_60_70/L_20_30/alluvial/IMG_0501_M_10_20_light_brown_M_40_50_dark_brown.jpg,3a61f9f7371e579a960d,phash:466c9def00cb8061,train,d5490301cf832a5396776870df06fcff406e1984915746957eb09c804bb8957b,64,69,6,26,False
Soil_Labeled_Data/M_60_70/L_20_30/alluvial/IMG_0505_M_10_20_gray_brown_M_40_50_gray_brown_M_50_60_gray_brown.jpg,Soil_Labeled_Data/M_60_70/L_20_30/alluvial/IMG_0505_M_10_20_gray_brown_M_40_50_gray_brown_M_50_60_gray_brown.jpg,146063b9e72897e7cf66,phash:b33553afc04cc567,train,c125fbb4bacf3fc3dc6667a04fad8b9f95a9eefbdd1a7bc717bd8b7511ab2366,62,65,6,23,False
Soil_Labeled_Data/M_60_70/L_20_30/alluvial/IMG_0507_M_10_20_clayish_red_M_40_50_gray_brown_M_50_60_dark_brown.jpg,Soil_Labeled_Data/M_60_70/L_20_30/alluvial/IMG_0507_M_10_20_clayish_red_M_40_50_gray_brown_M_50_60_dark_brown.jpg,8211115e62e1933e1934,phash:97840c038cf0ca41,train,b937a86d9862cb18b863b0360f48718f681ad67ff907a9e9c39c06fab5e6377c,60,64,6,22,False
Soil_Labeled_Data/M_60_70/L_20_30/alluvial/IMG_0508_M_10_20_clayish_red_M_40_50_gray_brown.jpg,Soil_Labeled_Data/M_60_70/L_20_30/alluvial/IMG_0508_M_10_20_clayish_red_M_40_50_gray_brown.jpg,a8ab805762ce7214816b,phash:051110bc56e248a7,train,a22bfec2410003db1c67bc43eda548ee3128850cfb3896afd389a1e9d7e13f9a,65,69,6,30,False
Soil_Labeled_Data/M_60_70/L_20_30/alluvial/IMG_0512_M_10_20_light_brown_M_40_50_light_brown_M_50_60_dark_brown.jpg,Soil_Labeled_Data/M_60_70/L_20_30/alluvial/IMG_0512_M_10_20_light_brown_M_40_50_light_brown_M_50_60_dark_brown.jpg,8f8ab3754323cd99276e,phash:08b7389bd339e9c1,train,a38d42a4121923a892d0a390dccdd803640382dae4ee672cb7ef70d90d6d6831,69,73,6,20,False
Soil_Labeled_Data/M_60_70/L_20_30/alluvial/IMG_0513_M_10_20_clayish_red_M_40_50_gray_brown_M_50_60_gray_brown.jpg,Soil_Labeled_Data/M_60_70/L_20_30/alluvial/IMG_0513_M_10_20_clayish_red_M_40_50_gray_brown_M_50_60_gray_brown.jpg,6653ae38810dac831f6c,phash:ec75f2cfc0deaff3,train,a1e8012a2cd2207cafe4c3d5103bd5ba5e4ae2ae3a47c6e13c5135ee0ca799f7,62,66,6,30,False
Soil_Labeled_Data/M_60_70/L_20_30/alluvial/z5716143848502_4bd0eba511c987674067e6093eb213b9_M_30_40_clayish_red_M_40_50_gray_brown.jpg,Soil_Labeled_Data/M_60_70/L_20_30/alluvial/z5716143848502_4bd0eba511c987674067e6093eb213b9_M_30_40_clayish_red_M_40_50_gray_brown.jpg,0d80bfc40445a93c51e5,phash:9fb314b66ba5fac9,train,1d69075ad57352e30dcc34ee494fc7ccbef1017e2a67fa17632590ba2c8f4a9c,68,69,6,30,False
Soil_Labeled_Data/M_60_70/L_20_30/alluvial/z5716143884036_b02bdfc16942b9a4a8029ffa42d721fa_M_30_40_gray_brown_M_50_60_gray_brown.jpg,Soil_Labeled_Data/M_60_70/L_20_30/alluvial/z5716143884036_b02bdfc16942b9a4a8029ffa42d721fa_M_30_40_gray_brown_M_50_60_gray_brown.jpg,5cb3c68c485d6dd0bb1e,phash:1323798deece8975,train,ef8e3cfbc38b9fc6e7b8477721e178951f0634cabccdf80906645ce657f14141,67,68,6,24,False
Soil_Labeled_Data/M_60_70/L_20_30/alluvial/z5716143930779_82598f78ba14dbaef200f73e32b8e318_M_30_40_clayish_red_M_40_50_dark_brown.jpg,Soil_Labeled_Data/M_60_70/L_20_30/alluvial/z5716143930779_82598f78ba14dbaef200f73e32b8e318_M_30_40_clayish_red_M_40_50_dark_brown.jpg,ca488380259c73092dc8,phash:8a3d68b1e659cb4f,train,03988a7ce00449675ac4249266a24a66565b346e9a269d7f2434d0060898e79b,68,73,6,24,False
Soil_Labeled_Data/M_60_70/L_20_30/alluvial/z5716143930779_82598f78ba14dbaef200f73e32b8e318_M_30_40_gray_brown_M_40_50_gray_brown.jpg,Soil_Labeled_Data/M_60_70/L_20_30/alluvial/z5716143930779_82598f78ba14dbaef200f73e32b8e318_M_30_40_gray_brown_M_40_50_gray_brown.jpg,564450f63be964195c60,phash:8a3d68b1e659cb4f,train,dbef50ce1576ed14972c486a8cd69f0420b27d02f5ac59ce6dbcf180c9c74fe5,63,68,6,20,False
Soil_Labeled_Data/M_60_70/L_20_30/alluvial/z5716143971881_3b7ae01df4bd18ac6697e43919b461a8_M_30_40_clayish_red_M_40_50_dark_brown.jpg,Soil_Labeled_Data/M_60_70/L_20_30/alluvial/z5716143971881_3b7ae01df4bd18ac6697e43919b461a8_M_30_40_clayish_red_M_40_50_dark_brown.jpg,f2ea35b0444aca6eb76d,phash:3a1e8ff119bb677a,test,88645649ff924c115899a337b9764bd1088aac2d10bd14cb35c0df8125087243,63,67,6,22,False
Soil_Labeled_Data/M_60_70/L_20_30/alluvial/z5716144235764_fed4a8b02740ef64fdb95af4099f1336_M_30_40_clayish_red_M_40_50_dark_brown.jpg,Soil_Labeled_Data/M_60_70/L_20_30/alluvial/z5716144235764_fed4a8b02740ef64fdb95af4099f1336_M_30_40_clayish_red_M_40_50_dark_brown.jpg,1c408a42ae0bc8b9278a,phash:5f3d3bc6e2523e9c,train,ca604aca836c8bcbbc19210330e7271fa471b72d65c22041d3c5d9a08ef2e2e7,68,71,6,21,False
Soil_Labeled_Data/M_60_70/L_20_30/alluvial/z5716144261339_6eba7d5b24673487e96288acbc583744_M_30_40_light_brown_M_40_50_gray_brown_M_50_60_dark_brown.jpg,Soil_Labeled_Data/M_60_70/L_20_30/alluvial/z5716144261339_6eba7d5b24673487e96288acbc583744_M_30_40_light_brown_M_40_50_gray_brown_M_50_60_dark_brown.jpg,9dedbe2a44c53f467898,phash:8679df997fbcd9e1,validation,fced3cd559e1c33c86946a2e808079a4ffeec27b4724c44ea86292c72b56d160,60,61,6,21,False
Soil_Labeled_Data/M_60_70/L_20_30/alluvial/z5716144284037_44127132185b5cccfae5b4beda32cc38_M_30_40_gray_brown_M_50_60_dark_brown.jpg,Soil_Labeled_Data/M_60_70/L_20_30/alluvial/z5716144284037_44127132185b5cccfae5b4beda32cc38_M_30_40_gray_brown_M_50_60_dark_brown.jpg,c7eef277a6c55d2fb39c,phash:9be36b885a6aa974,test,fe9ac971f25797fc5d38cfdc8005dc6bc211efbdb7e11de0e58049f82d39f64f,63,66,6,26,False
Soil_Labeled_Data/M_60_70/L_30_40/alluvial/IMG_0098_M_0_10_pale_yellow_M_40_50_gray_brown.jpg,Soil_Labeled_Data/M_60_70/L_30_40/alluvial/IMG_0098_M_0_10_pale_yellow_M_40_50_gray_brown.jpg,18b5ab9facd512007c16,phash:f01c359cc88566ef,train,10d9d7d081e11b2d1e0b84f9933bc21efff871b38a74dc8bf014ae0a5c7000d2,61,65,6,37,False
Soil_Labeled_Data/M_60_70/L_30_40/alluvial/IMG_0100_M_0_10_gray_brown_M_40_50_gray_brown.jpg,Soil_Labeled_Data/M_60_70/L_30_40/alluvial/IMG_0100_M_0_10_gray_brown_M_40_50_gray_brown.jpg,b5454493deb5fbb96fc0,phash:f285b4af27e70749,train,88ed7c84db080b96cc1bee2e1f04b281e28170b8c1f45867475efe4149a4be30,70,73,6,30,False
Soil_Labeled_Data/M_60_70/L_30_40/alluvial/IMG_0103_M_0_10_clayish_red_M_40_50_dark_brown.jpg,Soil_Labeled_Data/M_60_70/L_30_40/alluvial/IMG_0103_M_0_10_clayish_red_M_40_50_dark_brown.jpg,9bdc87a6c35da2b58f2d,phash:df19bd7121c3deb8,test,7424c6c8a3f738cd64d07572f03fc5b5df0d65a668f0068c980fd9e1d75a62ce,61,66,6,31,False
Soil_Labeled_Data/M_60_70/L_30_40/alluvial/IMG_0104_M_0_10_clayish_red_M_40_50_light_brown_M_50_60_gray_brown.jpg,Soil_Labeled_Data/M_60_70/L_30_40/alluvial/IMG_0104_M_0_10_clayish_red_M_40_50_light_brown_M_50_60_gray_brown.jpg,a6d565a304f742ba3233,phash:39621f13c2017892,train,fdeb3fc13dce2907cdddf6b70559c276853fd0acc0dbb65d1491ca037fac8a35,68,73,6,37,False
Soil_Labeled_Data/M_60_70/L_30_40/alluvial/IMG_0106_M_0_10_gray_brown_M_40_50_gray_brown_M_50_60_gray_brown.jpg,Soil_Labeled_Data/M_60_70/L_30_40/alluvial/IMG_0106_M_0_10_gray_brown_M_40_50_gray_brown_M_50_60_gray_brown.jpg,3b04d7dda9ab8b61f668,phash:40087a11bb71f87d,train,71f95fda6c40bfd6d462c50915edd597d5d5c1e87080615854798aa664729614,69,74,6,36,False
Soil_Labeled_Data/M_60_70/L_30_40/alluvial/IMG_0113_M_0_10_clayish_red_M_40_50_light_brown_M_50_60_dark_brown.jpg,Soil_Labeled_Data/M_60_70/L_30_40/alluvial/IMG_0113_M_0_10_clayish_red_M_40_50_light_brown_M_50_60_dark_brown.jpg,f5c8f52d5b203297c6ae,phash:fa99784640564d0a,train,0349a2cd5a9cfbaf0038533fad781cad27081574803a44e98d2a1918ca1b5cb8,66,69,6,34,False
Soil_Labeled_Data/M_60_70/L_30_40/alluvial/IMG_0113_M_0_10_pale_yellow_M_40_50_gray_brown.jpg,Soil_Labeled_Data/M_60_70/L_30_40/alluvial/IMG_0113_M_0_10_pale_yellow_M_40_50_gray_brown.jpg,eb33acc3a58dc5e2c00a,phash:fa99784640564d0a,train,ec0d08cebf603488f8641290dc84d068b159c0d3d9ed987f9d811d5bdffff7be,65,68,6,33,False
Soil_Labeled_Data/M_60_70/L_30_40/alluvial/IMG_0545_M_10_20_gray_brown_M_40_50_gray_brown.jpg,Soil_Labeled_Data/M_60_70/L_30_40/alluvial/IMG_0545_M_10_20_gray_brown_M_40_50_gray_brown.jpg,3f0d7e2f24b42c3d3dcb,phash:1f63adda602b4998,train,9fc70622bdb351f2b46fee33fcc9d471b50d7b0e9858b05cef64edeadfcde7bf,70,74,6,34,False
Soil_Labeled_Data/M_60_70/L_30_40/alluvial/IMG_0557_M_10_20_pale_yellow_M_40_50_light_brown_M_50_60_gray_brown.jpg,Soil_Labeled_Data/M_60_70/L_30_40/alluvial/IMG_0557_M_10_20_pale_yellow_M_40_50_light_brown_M_50_60_gray_brown.jpg,358c2ae5141e7bb434da,phash:b99442dcb96b264a,validation,bc202f2be432c0818318fbab61f74caddacd58e99ac34d7dc014b4c7734ec13b,67,71,6,36,False
Soil_Labeled_Data/M_60_70/L_30_40/alluvial/IMG_0559_M_10_20_pale_yellow_M_40_50_gray_brown_M_50_60_gray_brown.jpg,Soil_Labeled_Data/M_60_70/L_30_40/alluvial/IMG_0559_M_10_20_pale_yellow_M_40_50_gray_brown_M_50_60_gray_brown.jpg,525b11ebfeec8dd14c1f,phash:433a9f8bcc2a8639,train,085d5fd8abe111ebfa3e7436b2d5f70e13f05270efcab89ab19c5c7057734783,70,73,6,35,False
Soil_Labeled_Data/M_60_70/L_30_40/alluvial/IMG_0561_M_10_20_light_brown_M_40_50_dark_brown.jpg,Soil_Labeled_Data/M_60_70/L_30_40/alluvial/IMG_0561_M_10_20_light_brown_M_40_50_dark_brown.jpg,4694ee29db09db8cdb92,phash:b2562dcc7bb703ed,train,004076fb7a3eb9529483e7c35168372cee64c15265db9b12d8ed64b6c2f06ed7,70,75,6,31,False
Soil_Labeled_Data/M_60_70/L_30_40/alluvial/z5716113532944_e24b5c26485417eddb8588efca3eea1f_M_30_40_light_brown_M_40_50_gray_brown.jpg,Soil_Labeled_Data/M_60_70/L_30_40/alluvial/z5716113532944_e24b5c26485417eddb8588efca3eea1f_M_30_40_light_brown_M_40_50_gray_brown.jpg,a6cf7ec7797d29491d04,phash:67cc1dc54d47f36e,train,eba62972b2018b0307f069ba9f207565f1576fc6b7703e994326eeca7d47b440,68,72,6,37,False
Soil_Labeled_Data/M_60_70/L_30_40/alluvial/z5716113582590_c1f59f1cd35db605de2ac5249cd439b0_M_30_40_light_brown_M_40_50_dark_brown.jpg,Soil_Labeled_Data/M_60_70/L_30_40/alluvial/z5716113582590_c1f59f1cd35db605de2ac5249cd439b0_M_30_40_light_brown_M_40_50_dark_brown.jpg,e44109362ab768947192,phash:6408beb1a56a96d0,validation,7635bc9b06db64a9bd45b6e2cf488883462cd3e3a6807ff20b0a28fbc5bddb99,61,62,6,40,False
Soil_Labeled_Data/M_60_70/L_30_40/alluvial/z5716113632942_5f926ef109e13eb9a864102d6cae87cc_M_30_40_gray_brown_M_40_50_gray_brown.jpg,Soil_Labeled_Data/M_60_70/L_30_40/alluvial/z5716113632942_5f926ef109e13eb9a864102d6cae87cc_M_30_40_gray_brown_M_40_50_gray_brown.jpg,b96b89777a8b8b1ab6cf,phash:ce2d2410ac94b89a,train,11e98428cb49b7222d324cf669a2107966af5f150a7c9e37576cf3bd92e07b3b,69,73,6,34,False
Soil_Labeled_Data/M_60_70/L_30_40/alluvial/z5716113632942_5f926ef109e13eb9a864102d6cae87cc_M_30_40_light_brown_M_50_60_gray_brown.jpg,Soil_Labeled_Data/M_60_70/L_30_40/alluvial/z5716113632942_5f926ef109e13eb9a864102d6cae87cc_M_30_40_light_brown_M_50_60_gray_brown.jpg,973466649a6b7f7be10c,phash:ce2d2410ac94b89a,train,3b632312f22cdb60c31770dde614ed455bb447c6cf83828fc56271d5ab311ac1,69,70,6,36,False
Soil_Labeled_Data/M_60_70/L_30_40/alluvial/z5716113879850_447b9ea1dd28b71c4c2a3579561cee3f_M_30_40_light_brown_M_50_60_gray_brown.jpg,Soil_Labeled_Data/M_60_70/L_30_40/alluvial/z5716113879850_447b9ea1dd28b71c4c2a3579561cee3f_M_30_40_light_brown_M_50_60_gray_brown.jpg,3c6bc657d5ef66d84da2,phash:823d96d5f866f1a3,train,3bd577d573e045598edc8c898ffc6348d9f36b78119a3cb221aa927a57bd147d,63,67,6,31,False
Soil_Labeled_Data/M_60_70/L_30_40/alluvial/z5716115913721_f7cff5280e557d5287ca5504b449cdf7_M_30_40_clayish_red_M_40_50_gray_brown_M_50_60_dark_brown.jpg,Soil_Labeled_Data/M_60_70/L_30_40/alluvial/z5716115913721_f7cff5280e557d5287ca5504b449cdf7_M_30_40_clayish_red_M_40_50_gray_brown_M_50_60_dark_brown.jpg,0facc5df653c9ca63fb2,phash:2b71b2b9e3b8ac72,train,bdc4d41b520290c9f09620b481a0ed9aeae52bdf8e7d0fb3500055c77a5b8245,64,68,6,30,False
Soil_Labeled_Data/M_60_70/L_30_40/alluvial/z5716116018535_325bd6ea25b86f2f021b34014f8842e8_M_30_40_light_brown_M_40_50_dark_brown.jpg,Soil_Labeled_Data/M_60_70/L_30_40/alluvial/z5716116018535_325bd6ea25b86f2f021b34014f8842e8_M_30_40_light_brown_M_40_50_dark_brown.jpg,0b18e1415371e8028240,phash:1b998b2ab5717c54,train,4b178347160d15696700c021ed689fc4e432bef9bc7c9c4438b8d2c78469dd77,70,75,6,36,False
Soil_Labeled_Data/M_60_70/L_30_40/alluvial/z5716116044962_10a081c7546d9c4b542bcc27df664172_M_30_40_clayish_red_M_40_50_light_brown_M_50_60_dark_brown.jpg,Soil_Labeled_Data/M_60_70/L_30_40/alluvial/z5716116044962_10a081c7546d9c4b542bcc27df664172_M_30_40_clayish_red_M_40_50_light_brown_M_50_60_dark_brown.jpg,bae0c1d43237f86015cc,phash:134a6f6c78e6686d,test,87dc0dc00f66e4563e987eebf8fd957f8cc6fe957e2bb84730d950947e6a4d57,70,71,6,30,False
Soil_Labeled_Data/M_60_70/L_30_40/alluvial/z5716116069545_936bc475e6398cdb5d8a3577d0e2c145_M_30_40_gray_brown_M_40_50_light_brown_M_50_60_dark_brown.jpg,Soil_Labeled_Data/M_60_70/L_30_40/alluvial/z5716116069545_936bc475e6398cdb5d8a3577d0e2c145_M_30_40_gray_brown_M_40_50_light_brown_M_50_60_dark_brown.jpg,06b8b9c0a6c48d7fc11e,phash:d918de431fcb0e03,train,6911db8d76d86bc2b0838657f3c1dc15422d455d85d0af2c28716becabd6cd8c,69,71,6,36,False
Soil_Labeled_Data/M_60_70/L_40_50/alluvial/IMG_0157_M_0_10_light_brown_M_40_50_light_brown_M_50_60_gray_brown.jpg,Soil_Labeled_Data/M_60_70/L_40_50/alluvial/IMG_0157_M_0_10_light_brown_M_40_50_light_brown_M_50_60_gray_brown.jpg,de41281968f00af4dc2b,phash:7a50a3464b4f7acb,train,b728b8120ad5b9a15ebc50a7df2212dd0968e4ff1f20cd0e3f4577c93ecf1978,67,71,6,48,False
Soil_Labeled_Data/M_60_70/L_40_50/alluvial/IMG_0159_M_0_10_clayish_red_M_40_50_gray_brown_M_50_60_dark_brown.jpg,Soil_Labeled_Data/M_60_70/L_40_50/alluvial/IMG_0159_M_0_10_clayish_red_M_40_50_gray_brown_M_50_60_dark_brown.jpg,2b4d13aa11b3ce3014e8,phash:351919a7efd95827,train,1848fe85bd39651ef1d1717e2ae96adb9581ee6edf4a35815cd228f676331b7c,65,65,6,46,False
Soil_Labeled_Data/M_60_70/L_40_50/alluvial/IMG_0162_M_0_10_gray_brown_M_40_50_light_brown_M_50_60_gray_brown.jpg,Soil_Labeled_Data/M_60_70/L_40_50/alluvial/IMG_0162_M_0_10_gray_brown_M_40_50_light_brown_M_50_60_gray_brown.jpg,3e66f67750012e4a61f9,phash:124887665cbfb8dc,train,2558cd6ec844cbce1792cf2e5942d91c08b3ed210842d7702c3fbb1c0e9e8efd,61,65,6,41,False
Soil_Labeled_Data/M_60_70/L_40_50/alluvial/IMG_0586_M_10_20_gray_brown_M_40_50_dark_brown.jpg,Soil_Labeled_Data/M_60_70/L_40_50/alluvial/IMG_0586_M_10_20_gray_brown_M_40_50_dark_brown.jpg,c77875e7cd8c9c41ebc6,phash:0812a163177bf539,train,ef5ef873f2732507fbe700badaaf649ba03c93e77530cf1fc3d47fdbe4cdd7f9,62,66,6,48,False
Soil_Labeled_Data/M_60_70/L_40_50/alluvial/IMG_0587_M_10_20_clayish_red_M_40_50_gray_brown.jpg,Soil_Labeled_Data/M_60_70/L_40_50/alluvial/IMG_0587_M_10_20_clayish_red_M_40_50_gray_brown.jpg,6c7078202aa45289d009,phash:5733abd69998f077,validation,460c79c419e43fff721c16c691bb6afe3a0bf3811dd066d02d83fe9670fda663,66,68,6,44,False
Soil_Labeled_Data/M_60_70/L_40_50/alluvial/IMG_0587_M_10_20_light_brown_M_40_50_gray_brown.jpg,Soil_Labeled_Data/M_60_70/L_40_50/alluvial/IMG_0587_M_10_20_light_brown_M_40_50_gray_brown.jpg,f2d7b12577be6cbf469f,phash:5733abd69998f077,validation,dc84109d6fa5766100bb7693512416b07cfc325814f3744ad7db4d63914d4a37,60,60,6,44,False
Soil_Labeled_Data/M_60_70/L_40_50/alluvial/IMG_0588_M_10_20_clayish_red_M_40_50_gray_brown.jpg,Soil_Labeled_Data/M_60_70/L_40_50/alluvial/IMG_0588_M_10_20_clayish_red_M_40_50_gray_brown.jpg,d27a17b3dee82fff2ee7,phash:a76329a9ee2f4159,validation,2dbdc6412384ab53409caed2b57649c30dcecc6c82dcfdf4bd0db9df34d9a17c,63,67,6,41,False
Soil_Labeled_Data/M_60_70/L_40_50/alluvial/IMG_0591_M_10_20_gray_brown_M_40_50_dark_brown.jpg,Soil_Labeled_Data/M_60_70/L_40_50/alluvial/IMG_0591_M_10_20_gray_brown_M_40_50_dark_brown.jpg,d07ecd8ae771de4b39fd,phash:2a98fc04f9504a93,train,f1ec6eabdd3ed87355ef7f8072c7564011844b94638a57f668bc5f06856eff55,61,64,6,48,False
Soil_Labeled_Data/M_60_70/L_40_50/alluvial/IMG_0594_M_10_20_pale_yellow_M_40_50_gray_brown_M_50_60_gray_brown.jpg,Soil_Labeled_Data/M_60_70/L_40_50/alluvial/IMG_0594_M_10_20_pale_yellow_M_40_50_gray_brown_M_50_60_gray_brown.jpg,f6b347ab52c5c3135fae,phash:60b3568e8b1cc117,train,934fade0ba917383fe4433ea0ebf256db4fce138ca007bb38b8e87d691b8ad7e,63,64,6,42,False
Soil_Labeled_Data/M_60_70/L_40_50/alluvial/IMG_0595_M_10_20_pale_yellow_M_40_50_gray_brown.jpg,Soil_Labeled_Data/M_60_70/L_40_50/alluvial/IMG_0595_M_10_20_pale_yellow_M_40_50_gray_brown.jpg,ff53ce2937f92286f0a0,phash:38ee9b49340cc8f6,train,c8a25f6c5781d653988a25421c65bd3b5c34e9c9c2c4665c3e6c6cb17dd1b2ff,66,66,6,46,False
Soil_Labeled_Data/M_60_70/L_40_50/alluvial/IMG_0595_M_10_20_pale_yellow_M_40_50_light_brown_M_50_60_gray_brown.jpg,Soil_Labeled_Data/M_60_70/L_40_50/alluvial/IMG_0595_M_10_20_pale_yellow_M_40_50_light_brown_M_50_60_gray_brown.jpg,600066b0eafed5aa4d16,phash:38ee9b49340cc8f6,train,0951745a48d9e9dffe94169202b84e9f71b73868371a0096b273a7ee438614e5,67,71,6,48,False
Soil_Labeled_Data/M_60_70/L_40_50/alluvial/IMG_0600_M_10_20_light_brown_M_40_50_gray_brown.jpg,Soil_Labeled_Data/M_60_70/L_40_50/alluvial/IMG_0600_M_10_20_light_brown_M_40_50_gray_brown.jpg,c0a4b65a59d9a7724872,phash:841854c902c8e87e,validation,f8d76cafd6a91abc3bf3009da6bac6cda97ae0d26c24f36a8d1fa0709c90d6a3,64,68,6,40,False
Soil_Labeled_Data/M_60_70/L_40_50/alluvial/z5719914857645_99adc09da6f4dc19458272bd48872c97_M_30_40_gray_brown_M_40_50_gray_brown.jpg,Soil_Labeled_Data/M_60_70/L_40_50/alluvial/z5719914857645_99adc09da6f4dc19458272bd48872c97_M_30_40_gray_brown_M_40_50_gray_brown.jpg,9aee3ce05d6b65be0404,phash:99c1075b537c31fa,train,684286642ebc7c3148add7f191561f6eb6b033615a386e7f41e3b7ab442f2036,60,60,6,43,False
Soil_Labeled_Data/M_60_70/L_40_50/alluvial/z5719915050807_883061f62d1ba096fe786e33783493ac_M_30_40_gray_brown_M_40_50_light_brown_M_50_60_gray_brown.jpg,Soil_Labeled_Data/M_60_70/L_40_50/alluvial/z5719915050807_883061f62d1ba096fe786e33783493ac_M_30_40_gray_brown_M_40_50_light_brown_M_50_60_gray_brown.jpg,578f41376b8d4a826588,phash:24cad31affe7fb9c,train,51843502657dce864e5323e275bfef20003eb4b86e0f01b881f918b1d5dd6855,70,72,6,49,False
Soil_Labeled_Data/M_60_70/L_40_50/alluvial/z5719915064697_6860e93b3637879e75266a9cab0b000e_M_30_40_light_brown_M_40_50_light_brown_M_50_60_dark_brown.jpg,Soil_Labeled_Data/M_60_70/L_40_50/alluvial/z5719915064697_6860e93b3637879e75266a9cab0b000e_M_30_40_light_brown_M_40_50_light_brown_M_50_60_dark_brown.jpg,7dec4610381bf88a68e5,phash:e17e78429411f5b0,test,24df488cee5355404ad4f3aa94adc1281b47fbe9f264ffe7e38d210a1b82a94c,60,63,6,42,False
Soil_Labeled_Data/M_60_70/L_40_50/alluvial/z5719915081454_c67fb96c8fd1c13e8d457956fcdd9641_M_30_40_clayish_red_M_40_50_dark_brown.jpg,Soil_Labeled_Data/M_60_70/L_40_50/alluvial/z5719915081454_c67fb96c8fd1c13e8d457956fcdd9641_M_30_40_clayish_red_M_40_50_dark_brown.jpg,565dc76e02a4e31efa4e,phash:451604e7a4017b24,train,cb6d750f43f4f69cc1c80c03255912587ffa5520db0daa731eff3566b94f3508,63,63,6,41,False
Soil_Labeled_Data/M_60_70/L_40_50/alluvial/z5719915081454_c67fb96c8fd1c13e8d457956fcdd9641_M_30_40_gray_brown_M_50_60_gray_brown.jpg,Soil_Labeled_Data/M_60_70/L_40_50/alluvial/z5719915081454_c67fb96c8fd1c13e8d457956fcdd9641_M_30_40_gray_brown_M_50_60_gray_brown.jpg,d516c23c018e96c7dfe2,phash:451604e7a4017b24,train,1d1fca81e26f598bb6b1f5f6b159be09da26d765357fc23f577e3afe6255a4b4,66,67,6,50,False
Soil_Labeled_Data/M_60_70/L_40_50/alluvial/z5719915191781_9fbc3215a4e768d8a242c9aae23d78e3_M_30_40_gray_brown_M_40_50_light_brown_M_50_60_gray_brown.jpg,Soil_Labeled_Data/M_60_70/L_40_50/alluvial/z5719915191781_9fbc3215a4e768d8a242c9aae23d78e3_M_30_40_gray_brown_M_40_50_light_brown_M_50_60_gray_brown.jpg,63afa27c04a355e185c5,phash:7fd86c261d9ac446,train,419e8ff6f2f0b31715259c35c380bd5ed4a3255b592bcc456d636f55a4544ff0,60,62,6,50,False
Soil_Labeled_Data/M_60_70/L_40_50/alluvial/z5719915206794_043f99c4e48d30a3c242949620c8fbd3_M_30_40_gray_brown_M_50_60_gray_brown.jpg,Soil_Labeled_Data/M_60_70/L_40_50/alluvial/z5719915206794_043f99c4e48d30a3c242949620c8fbd3_M_30_40_gray_brown_M_50_60_gray_brown.jpg,82ef1f467a854d3e321b,phash:237d3461c22957a5,test,8597d318ebefb6e649f8fe4186f1817c01ce8e534e25087eebc98a448b38eef2,67,69,6,41,False
Soil_Labeled_Data/M_60_70/L_40_50/alluvial/z5719915206794_043f99c4e48d30a3c242949620c8fbd3_M_30_40_pale_yellow_M_40_50_light_brown_M_50_60_dark_brown.jpg,Soil_Labeled_Data/M_60_70/L_40_50/alluvial/z5719915206794_043f99c4e48d30a3c242949620c8fbd3_M_30_40_pale_yellow_M_40_50_light_brown_M_50_60_dark_brown.jpg,03308908ee3263f3ecaa,phash:237d3461c22957a5,test,074f63abc81b7ca4e81b3296c7d91344895719e98132cdb989f50282703303fb,70,72,6,48,False
Soil_Labeled_Data/M_60_70/L_50_60/alluvial/IMG_0196_M_0_10_clayish_red_M_40_50_light_brown_M_50_60_gray_brown.jpg,Soil_Labeled_Data/M_60_70/L_50_60/alluvial/IMG_0196_M_0_10_clayish_red_M_40_50_light_brown_M_50_60_gray_brown.jpg,4581789da11e9962b106,phash:c8300f8708e9afd6,train,bab705fbaf3384a1352c916783d1cd98decf36c35dfb16b34c78102422d6401d,62,64,6,57,False
Soil_Labeled_Data/M_60_70/L_50_60/alluvial/IMG_0197_M_0_10_gray_brown_M_40_50_dark_brown.jpg,Soil_Labeled_Data/M_60_70/L_50_60/alluvial/IMG_0197_M_0_10_gray_brown_M_40_50_dark_brown.jpg,75115143c6b929b3398e,phash:be66fd8e4e1f0f06,validation,3db9c8b3d43b3c8660058c0abd4581eded054b8122f80ce3fc020ed08a05b620,70,74,6,57,False
Soil_Labeled_Data/M_60_70/L_50_60/alluvial/IMG_0197_M_0_10_gray_brown_M_40_50_light_brown_M_50_60_dark_brown.jpg,Soil_Labeled_Data/M_60_70/L_50_60/alluvial/IMG_0197_M_0_10_gray_brown_M_40_50_light_brown_M_50_60_dark_brown.jpg,ea2800eea4798403f12a,phash:be66fd8e4e1f0f06,validation,ac8efbac3acc29ada17c355048553574bdc36b0709c63af47292e5bba65260f6,62,65,6,55,False
Soil_Labeled_Data/M_60_70/L_50_60/alluvial/IMG_0200_M_0_10_clayish_red_M_40_50_gray_brown_M_50_60_gray_brown.jpg,Soil_Labeled_Data/M_60_70/L_50_60/alluvial/IMG_0200_M_0_10_clayish_red_M_40_50_gray_brown_M_50_60_gray_brown.jpg,283b5546d746b07836b3,phash:d860a5a997911aa8,train,9b7d226922b21a19113b13bc1003421ab38d0ac2b17aac5c83236f8df8c98fef,64,66,6,58,False
Soil_Labeled_Data/M_60_70/L_50_60/alluvial/IMG_0202_M_0_10_clayish_red_M_40_50_dark_brown.jpg,Soil_Labeled_Data/M_60_70/L_50_60/alluvial/IMG_0202_M_0_10_clayish_red_M_40_50_dark_brown.jpg,09c00281ce5c2bb90b75,phash:e53cc76e071af0e3,train,7659e66bd2c98fdc38431077f8d72029db5ad3a340ce609e2c8cb9a18e7dbb71,66,69,6,52,False
Soil_Labeled_Data/M_60_70/L_50_60/alluvial/IMG_0203_M_0_10_pale_yellow_M_40_50_dark_brown.jpg,Soil_Labeled_Data/M_60_70/L_50_60/alluvial/IMG_0203_M_0_10_pale_yellow_M_40_50_dark_brown.jpg,4d155dfe224be7814714,phash:d4512147d239b24e,train,3c50f705be3a51888ba88a5f6cf44124461771e18a97c13b464554595daac778,62,63,6,56,False
Soil_Labeled_Data/M_60_70/L_50_60/alluvial/IMG_0207_M_0_10_clayish_red_M_40_50_gray_brown_M_50_60_dark_brown.jpg,Soil_Labeled_Data/M_60_70/L_50_60/alluvial/IMG_0207_M_0_10_clayish_red_M_40_50_gray_brown_M_50_60_dark_brown.jpg,d09452400b02f06515c1,phash:0772f8c13cc08780,validation,19bffe42cda01d97afcc7aed5b737583725a3cf1df8ddd3b16aa466e54a0529c,61,64,6,56,False
Soil_Labeled_Data/M_60_70/L_50_60/alluvial/IMG_0209_M_0_10_clayish_red_M_40_50_gray_brown_M_50_60_gray_brown.jpg,Soil_Labeled_Data/M_60_70/L_50_60/alluvial/IMG_0209_M_0_10_clayish_red_M_40_50_gray_brown_M_50_60_gray_brown.jpg,04cd96cd912065730e52,phash:a9b092d3bd7f8ca3,train,79fa496e9af39cb0183bac4051be31291de801608a89a38590c7a3ec46e60f0b,67,67,6,51,False
Soil_Labeled_Data/M_60_70/L_50_60/alluvial/IMG_0210_M_0_10_light_brown_M_40_50_dark_brown.jpg,Soil_Labeled_Data/M_60_70/L_50_60/alluvial/IMG_0210_M_0_10_light_brown_M_40_50_dark_brown.jpg,16b455ec276db710702f,phash:12e5de9a219b300b,train,93d7bd9295cf7db8c0ad351f8a2eb8fb2828668efa993c1a38bfedab656cb9e8,60,64,6,59,False
Soil_Labeled_Data/M_60_70/L_50_60/alluvial/IMG_0212_M_0_10_clayish_red_M_40_50_dark_brown.jpg,Soil_Labeled_Data/M_60_70/L_50_60/alluvial/IMG_0212_M_0_10_clayish_red_M_40_50_dark_brown.jpg,212b1dbe8c4720ae0ffb,phash:fe170979b5ca8fe3,train,50930914b09fe433240447be64544ca431077536d0c0dbfc8044e619e510a6f7,69,69,6,54,False
Soil_Labeled_Data/M_60_70/L_50_60/alluvial/IMG_0212_M_0_10_clayish_red_M_40_50_light_brown_M_50_60_dark_brown.jpg,Soil_Labeled_Data/M_60_70/L_50_60/alluvial/IMG_0212_M_0_10_clayish_red_M_40_50_light_brown_M_50_60_dark_brown.jpg,ecb2e26e761bbf5db564,phash:fe170979b5ca8fe3,train,e3da99051699d8853cdac6144498bfae9140bf85e34702a1d11e42d678c992e9,61,61,6,58,False
Soil_Labeled_Data/M_60_70/L_50_60/alluvial/IMG_0627_M_10_20_pale_yellow_M_40_50_dark_brown.jpg,Soil_Labeled_Data/M_60_70/L_50_60/alluvial/IMG_0627_M_10_20_pale_yellow_M_40_50_dark_brown.jpg,f2ec6f23bb4e992b1f71,phash:559bc98d230bebc4,train,d0d54d7d4bc8c5a20b25e9d02bf9de0b386701b37af7f04618b3bd3c14e936a9,64,64,6,58,False
Soil_Labeled_Data/M_60_70/L_50_60/alluvial/IMG_0630_M_10_20_clayish_red_M_40_50_dark_brown.jpg,Soil_Labeled_Data/M_60_70/L_50_60/alluvial/IMG_0630_M_10_20_clayish_red_M_40_50_dark_brown.jpg,ffb05802ac5d351573b1,phash:397b60f63f3838c5,test,03751974a2c2a3217d9fab99a1c02d6d020202d9dadc7983024b8488b8739bb3,62,62,6,53,False
Soil_Labeled_Data/M_60_70/L_50_60/alluvial/IMG_0632_M_10_20_clayish_red_M_40_50_gray_brown_M_50_60_gray_brown.jpg,Soil_Labeled_Data/M_60_70/L_50_60/alluvial/IMG_0632_M_10_20_clayish_red_M_40_50_gray_brown_M_50_60_gray_brown.jpg,08ece693dd5bb51891d4,phash:e41b56e0db0207b7,validation,cd5c23396c5206806a9a25a2901f9f71968fef6207855890d3b12f55e320e5fd,62,62,6,60,False
Soil_Labeled_Data/M_60_70/L_50_60/alluvial/IMG_0645_M_10_20_clayish_red_M_40_50_dark_brown.jpg,Soil_Labeled_Data/M_60_70/L_50_60/alluvial/IMG_0645_M_10_20_clayish_red_M_40_50_dark_brown.jpg,5b30a2dc2e44df66b999,phash:2673c07fa3a6aac1,validation,8a759a833d52b8a3c1ff57aeef8f6ef2d3fe311696cdee707e5205283b7ce5d5,64,67,6,51,False
Soil_Labeled_Data/M_60_70/L_50_60/alluvial/z5719945326572_38e3e733446eabe3bf00850bf73883e0_M_30_40_pale_yellow_M_40_50_gray_brown.jpg,Soil_Labeled_Data/M_60_70/L_50_60/alluvial/z5719945326572_38e3e733446eabe3bf00850bf73883e0_M_30_40_pale_yellow_M_40_50_gray_brown.jpg,f80383c52663c891efaa,phash:ae5e6bb93e10e1eb,train,260ad6bffa500ff43322b8815242219d4d017a8e3d004507b2621a87696aecd4,67,67,6,59,False
Soil_Labeled_Data/M_60_70/L_50_60/alluvial/z5719945410375_d68840a29b4222519ffac084ea8cf065_M_30_40_light_brown_M_50_60_dark_brown.jpg,Soil_Labeled_Data/M_60_70/L_50_60/alluvial/z5719945410375_d68840a29b4222519ffac084ea8cf065_M_30_40_light_brown_M_50_60_dark_brown.jpg,13fba7772ea6209eaec4,phash:ff670dc08f99ba9e,train,66d373a589a08ed215d48c5f287c63e140cbfc52ca783938668339072252ee2c,60,61,6,50,False
Soil_Labeled_Data/M_60_70/L_50_60/alluvial/z5719945494405_a556366a429daf9a78448e62806f33bb_M_30_40_gray_brown_M_40_50_gray_brown.jpg,Soil_Labeled_Data/M_60_70/L_50_60/alluvial/z5719945494405_a556366a429daf9a78448e62806f33bb_M_30_40_gray_brown_M_40_50_gray_brown.jpg,794c0c4f95b89eddc81f,phash:98cba7f801fd0d43,train,a79cdcfd7ae0726002290b48008c869232991f87dc92a5889335d4db5ccd566b,69,72,6,60,False
Soil_Labeled_Data/M_60_70/L_50_60/alluvial/z5719945512664_b31ee4aecf6a552463f894dbf83282d1_M_30_40_clayish_red_M_40_50_light_brown_M_50_60_gray_brown.jpg,Soil_Labeled_Data/M_60_70/L_50_60/alluvial/z5719945512664_b31ee4aecf6a552463f894dbf83282d1_M_30_40_clayish_red_M_40_50_light_brown_M_50_60_gray_brown.jpg,3dd6c8759e139a378698,phash:1393e6d17ef1dd32,test,b0e9e2cddc915ab43b7042024f9e7840524ced94e0e6fff2a415a3c06c2991de,69,69,6,51,False
Soil_Labeled_Data/M_60_70/L_50_60/alluvial/z5719945512664_b31ee4aecf6a552463f894dbf83282d1_M_30_40_light_brown_M_50_60_dark_brown.jpg,Soil_Labeled_Data/M_60_70/L_50_60/alluvial/z5719945512664_b31ee4aecf6a552463f894dbf83282d1_M_30_40_light_brown_M_50_60_dark_brown.jpg,367122e8778492b645bc,phash:1393e6d17ef1dd32,test,dabe7baeb5b611738d839ef599f6b8f1fecaae87911034d0f602421eb2ecfd2f,64,67,6,54,False
Soil_Labeled_Data/M_60_70/L_60_70/alluvial/IMG_0241_M_0_10_gray_brown_M_40_50_gray_brown.jpg,Soil_Labeled_Data/M_60_70/L_60_70/alluvial/IMG_0241_M_0_10_gray_brown_M_40_50_gray_brown.jpg,1f8b193a30fe5574885a,phash:c54122dc935fea79,train,0718277e030619f6c49fe63cf7b93a6f93506405b5621b63c1be58cacdb4d0c2,65,65,6,65,False
Soil_Labeled_Data/M_60_70/L_60_70/alluvial/IMG_0242_M_0_10_light_brown_M_40_50_gray_brown.jpg,Soil_Labeled_Data/M_60_70/L_60_70/alluvial/IMG_0242_M_0_10_light_brown_M_40_50_gray_brown.jpg,4e95e651edcbbe2212c7,phash:72f2bba7253dc548,train,f03f92a408ae5d701096e2bbcbf00269433ab96f2b04dffd7a75b8be79b58b29,66,66,6,63,False
Soil_Labeled_Data/M_60_70/L_60_70/alluvial/IMG_0246_M_0_10_light_brown_M_40_50_gray_brown.jpg,Soil_Labeled_Data/M_60_70/L_60_70/alluvial/IMG_0246_M_0_10_light_brown_M_40_50_gray_brown.jpg,b616ef22702530618af0,phash:19ac01d45edafba1,train,bad4b03351fa681c813d4a5eab90f4a987a597715d99c1d89d166b88a7b045fd,70,72,6,70,False
Soil_Labeled_Data/M_60_70/L_60_70/alluvial/IMG_0248_M_0_10_clayish_red_M_40_50_dark_brown.jpg,Soil_Labeled_Data/M_60_70/L_60_70/alluvial/IMG_0248_M_0_10_clayish_red_M_40_50_dark_brown.jpg,f61a31a0f325629e205e,phash:1f74a9bc25cb6f71,train,19b6eee65a4dc588fe101da4bd8d03294bfe28f3f3380131aa7a66654da609e0,60,62,6,60,False
Soil_Labeled_Data/M_60_70/L_60_70/alluvial/IMG_0250_M_0_10_pale_yellow_M_40_50_dark_brown.jpg,Soil_Labeled_Data/M_60_70/L_60_70/alluvial/IMG_0250_M_0_10_pale_yellow_M_40_50_dark_brown.jpg,4de1462d52250462bc57,phash:7cc0d10041dd5ffd,validation,ccf95f1b777388587002cd321ac8c435d6588c81e47cf54b20b2ef47e166ca81,67,70,6,70,False
Soil_Labeled_Data/M_60_70/L_60_70/alluvial/IMG_0255_M_0_10_gray_brown_M_40_50_light_brown_M_50_60_dark_brown.jpg,Soil_Labeled_Data/M_60_70/L_60_70/alluvial/IMG_0255_M_0_10_gray_brown_M_40_50_light_brown_M_50_60_dark_brown.jpg,52996a9817ff2c2899d8,phash:3a82b527ebf76359,validation,aeebe77f4e39a16a8817ddff2672f45d924648171205e518947212c52b481d5d,68,69,6,65,False
Soil_Labeled_Data/M_60_70/L_60_70/alluvial/IMG_0255_M_0_10_light_brown_M_40_50_light_brown_M_50_60_gray_brown.jpg,Soil_Labeled_Data/M_60_70/L_60_70/alluvial/IMG_0255_M_0_10_light_brown_M_40_50_light_brown_M_50_60_gray_brown.jpg,b1eeb55c623ff7ada798,phash:3a82b527ebf76359,validation,d4bb4ad53c5a715e8c16cd4dfaa76eb37dc6fca58b055683affd7edd7e83853b,61,61,6,66,False
Soil_Labeled_Data/M_60_70/L_60_70/alluvial/IMG_0258_M_0_10_pale_yellow_M_40_50_gray_brown.jpg,Soil_Labeled_Data/M_60_70/L_60_70/alluvial/IMG_0258_M_0_10_pale_yellow_M_40_50_gray_brown.jpg,f3cbbc28544097c2fc46,phash:17e978ef03cb2911,validation,3225fa1a3d07d4b267ad8d8500d215c69b2817513aa3e40eefd6a0bf25fa875e,66,65,6,65,False
Soil_Labeled_Data/M_60_70/L_60_70/alluvial/IMG_0675_M_10_20_light_brown_M_30_40_light_brown_M_50_60_gray_brown.jpg,Soil_Labeled_Data/M_60_70/L_60_70/alluvial/IMG_0675_M_10_20_light_brown_M_30_40_light_brown_M_50_60_gray_brown.jpg,be0ea0efa7422a1e1ef7,phash:a428d9fcdf8d24fa,train,82b7c2ada3ac395f4df202ddbbc7cf7ece065cd7cfa1eca35fc542c80fe9f19b,65,65,6,63,False
Soil_Labeled_Data/M_60_70/L_60_70/alluvial/IMG_0679_M_10_20_light_brown_M_30_40_gray_brown_M_50_60_gray_brown.jpg,Soil_Labeled_Data/M_60_70/L_60_70/alluvial/IMG_0679_M_10_20_light_brown_M_30_40_gray_brown_M_50_60_gray_brown.jpg,5933fe2d7116e25299de,phash:511c840490f6b4a6,train,eeed34ca07bb929602c2260ee3605ab7cc015f10ad047f140116022294957e3a,69,70,6,60,False
Soil_Labeled_Data/M_60_70/L_60_70/alluvial/IMG_0679_M_10_20_light_brown_M_40_50_gray_brown.jpg,Soil_Labeled_Data/M_60_70/L_60_70/alluvial/IMG_0679_M_10_20_light_brown_M_40_50_gray_brown.jpg,10c5930b3af4fd932a91,phash:511c840490f6b4a6,train,cd5accbd1bb2b6fc333fb5eecb3aa2c29204b91a77a74c5318aec9fb8f54a427,60,62,6,66,False
Soil_Labeled_Data/M_60_70/L_60_70/alluvial/IMG_0679_M_10_20_light_brown_M_40_50_gray_brown_M_50_60_dark_brown.jpg,Soil_Labeled_Data/M_60_70/L_60_70/alluvial/IMG_0679_M_10_20_light_brown_M_40_50_gray_brown_M_50_60_dark_brown.jpg,1ffefca37d27019823c7,phash:511c840490f6b4a6,train,f56b85fa803ae25bfaee7f710f9bce8863ba072ab28fc7df1e2e293fe09c1c99,66,67,6,67,False
Soil_Labeled_Data/M_60_70/L_60_70/alluvial/IMG_0681_M_10_20_light_brown_M_40_50_dark_brown.jpg,Soil_Labeled_Data/M_60_70/L_60_70/alluvial/IMG_0681_M_10_20_light_brown_M_40_50_dark_brown.jpg,973000dafe044191f677,phash:5e8401d92ec70f04,train,65675bf082db4e74a67e4da7e70c73128a2c0f06f66f9862e5ca62564034fa80,60,63,6,62,False
Soil_Labeled_Data/M_60_70/L_60_70/alluvial/IMG_0682_M_10_20_light_brown_M_40_50_gray_brown.jpg,Soil_Labeled_Data/M_60_70/L_60_70/alluvial/IMG_0682_M_10_20_light_brown_M_40_50_gray_brown.jpg,cdb4e7f3b0861d1e7bbe,phash:019406175839e097,validation,70795c62be5f0ac61a9471e7a764817c98f16cbf02159a2394f5406dc82c04aa,70,73,6,70,False
Soil_Labeled_Data/M_60_70/L_60_70/alluvial/IMG_0695_M_10_20_clayish_red_M_40_50_light_brown_M_50_60_gray_brown.jpg,Soil_Labeled_Data/M_60_70/L_60_70/alluvial/IMG_0695_M_10_20_clayish_red_M_40_50_light_brown_M_50_60_gray_brown.jpg,bb6e32a9ae481c37a4fa,phash:4d2073dc153cb1de,train,0bc384dd85073ddea2c6867936a466bdf10fb437c99dd04748ee9786bd9b4747,66,65,6,64,False
Soil_Labeled_Data/M_60_70/L_60_70/alluvial/IMG_0695_M_10_20_gray_brown_M_40_50_dark_brown.jpg,Soil_Labeled_Data/M_60_70/L_60_70/alluvial/IMG_0695_M_10_20_gray_brown_M_40_50_dark_brown.jpg,f6c12b650bdd9a7b829a,phash:4d2073dc153cb1de,train,0b219df5ff67465792a11de6ef4be903c219762432f7ac8333a516e9a27b25c3,64,63,6,70,False
Soil_Labeled_Data/M_60_70/L_60_70/alluvial/z5715083829092_c796baa2a13a45a626e1c31cb08f116a_M_20_30_light_brown_M_30_40_gray_brown_M_50_60_dark_brown.jpg,Soil_Labeled_Data/M_60_70/L_60_70/alluvial/z5715083829092_c796baa2a13a45a626e1c31cb08f116a_M_20_30_light_brown_M_30_40_gray_brown_M_50_60_dark_brown.jpg,abb4ccf2341526a9d325,phash:b712b0d5fc97a691,train,7e06b7ab41237357f654fbd92b4b671dbf60b0fc5cbdddb2b3a0b6922b12ebe1,66,69,6,69,False
Soil_Labeled_Data/M_60_70/L_60_70/alluvial/z5715083944464_a4caa92a042d5283254923501cb8358c_M_20_30_pale_yellow_M_30_40_light_brown_M_50_60_dark_brown.jpg,Soil_Labeled_Data/M_60_70/L_60_70/alluvial/z5715083944464_a4caa92a042d5283254923501cb8358c_M_20_30_pale_yellow_M_30_40_light_brown_M_50_60_dark_brown.jpg,78dc87e0772df8fd301a,phash:0addb7d1506343b6,train,7d72b9115959f3a42715374ef9c767574dee9dc45f7d4934379ea4b2834255c5,70,72,6,70,False
Soil_Labeled_Data/M_60_70/L_60_70/alluvial/z5715084217100_56ffdcb9a7e21ae938a857822326c4e1_M_20_30_light_brown_M_30_40_light_brown_M_50_60_dark_brown.jpg,Soil_Labeled_Data/M_60_70/L_60_70/alluvial/z5715084217100_56ffdcb9a7e21ae938a857822326c4e1_M_20_30_light_brown_M_30_40_light_brown_M_50_60_dark_brown.jpg,43c4f4da3fef3cd7f34d,phash:0b0189f76cd4b322,train,f456dfd6ac45488d5fcfbde4a0473e5cbfe18cc4266a872c69f9610c59f35737,69,70,6,66,False
Soil_Labeled_Data/M_60_70/L_60_70/alluvial/z5715084235063_019bf1d09588c2fd5226859f4331698b_M_20_30_light_brown_M_30_40_light_brown_M_50_60_dark_brown.jpg,Soil_Labeled_Data/M_60_70/L_60_70/alluvial/z5715084235063_019bf1d09588c2fd5226859f4331698b_M_20_30_light_brown_M_30_40_light_brown_M_50_60_dark_brown.jpg,559109eb0dcc1ab58541,phash:2239954b40c98c02,train,f2caa503ffbe2d14b7666eef192b7efd7be4950bd2a1aaf42ebb5d1302d377bb,69,68,6,65,False
Soil_Labeled_Data/M_60_70/L_70_80/alluvial/IMG_0286_M_0_10_pale_yellow_M_40_50_dark_brown.jpg,Soil_Labeled_Data/M_60_70/L_70_80/alluvial/IMG_0286_M_0_10_pale_yellow_M_40_50_dark_brown.jpg,1b90b52cdfdf16015734,phash:430ed9a6cfd66f1c,validation,3e4d0f565b842bf76729904d81c09362e47a5b1b3a4b49a78ada48690a9712d4,70,69,6,70,False
Soil_Labeled_Data/M_60_70/L_70_80/alluvial/IMG_0287_M_0_10_gray_brown_M_40_50_dark_brown.jpg,Soil_Labeled_Data/M_60_70/L_70_80/alluvial/IMG_0287_M_0_10_gray_brown_M_40_50_dark_brown.jpg,10f7f8e8f91ef17b11a8,phash:e29f3395d78fb71e,train,386af14400f9e58966566721a76f6ef8b91defcc6aaac7f3de7f0442fd19b842,61,64,6,80,False
Soil_Labeled_Data/M_60_70/L_70_80/alluvial/IMG_0290_M_0_10_light_brown_M_40_50_light_brown_M_50_60_gray_brown.jpg,Soil_Labeled_Data/M_60_70/L_70_80/alluvial/IMG_0290_M_0_10_light_brown_M_40_50_light_brown_M_50_60_gray_brown.jpg,1a06c4e73adec4e8130a,phash:8d480b16949f2dfa,train,53f6e00f6921a7baa2a98a316db4924f9921106d952e776b6db2d8e0c2d7f5aa,70,69,6,74,False
Soil_Labeled_Data/M_60_70/L_70_80/alluvial/IMG_0293_M_0_10_gray_brown_M_40_50_gray_brown_M_50_60_gray_brown.jpg,Soil_Labeled_Data/M_60_70/L_70_80/alluvial/IMG_0293_M_0_10_gray_brown_M_40_50_gray_brown_M_50_60_gray_brown.jpg,275b6acbe8d10204919d,phash:c937577b1b7aa40e,train,2ed37e7583b3f8d3b5e45a484f89dcfc4dc81bde96e02867f760e50570fc2a9c,66,69,6,71,False
Soil_Labeled_Data/M_60_70/L_70_80/alluvial/IMG_0295_M_0_10_clayish_red_M_40_50_gray_brown.jpg,Soil_Labeled_Data/M_60_70/L_70_80/alluvial/IMG_0295_M_0_10_clayish_red_M_40_50_gray_brown.jpg,a0733f9b3ea479bf97d5,phash:d0bdf9e31c9a9339,train,a759401c23177350419d00b3c0cf6436971d5881279c0ee656919f3082d4d4f0,67,67,6,70,False
Soil_Labeled_Data/M_60_70/L_70_80/alluvial/IMG_0298_M_0_10_gray_brown_M_40_50_dark_brown.jpg,Soil_Labeled_Data/M_60_70/L_70_80/alluvial/IMG_0298_M_0_10_gray_brown_M_40_50_dark_brown.jpg,0873e976fea307136694,phash:11e7115e81b35b9a,train,fa113de788040e9299b2df06bdfd44d1e255f338ea8c4f51c3fb1924603674ac,60,61,6,75,False
Soil_Labeled_Data/M_60_70/L_70_80/alluvial/IMG_0298_M_0_10_gray_brown_M_40_50_gray_brown_M_50_60_gray_brown.jpg,Soil_Labeled_Data/M_60_70/L_70_80/alluvial/IMG_0298_M_0_10_gray_brown_M_40_50_gray_brown_M_50_60_gray_brown.jpg,4ee51c5338f84079a961,phash:11e7115e81b35b9a,train,44c674b2e8f571607779bec696c5c41ce0969596fe6c1473411489590adf1fdb,70,73,6,72,False
Soil_Labeled_Data/M_60_70/L_70_80/alluvial/IMG_0299_M_0_10_light_brown_M_40_50_gray_brown.jpg,Soil_Labeled_Data/M_60_70/L_70_80/alluvial/IMG_0299_M_0_10_light_brown_M_40_50_gray_brown.jpg,43a6eeafd1dd455037e0,phash:4d6d86021fc16aae,train,44827e904ab7cafa347003cecbc1eba26841147e1ecf036e74ee017a9b9574f8,60,61,6,80,False
Soil_Labeled_Data/M_60_70/L_70_80/alluvial/IMG_0300_M_0_10_pale_yellow_M_40_50_dark_brown.jpg,Soil_Labeled_Data/M_60_70/L_70_80/alluvial/IMG_0300_M_0_10_pale_yellow_M_40_50_dark_brown.jpg,5c60bdef9ac42a4e9945,phash:c394eaefdefded4a,train,4ab933591f1937b99c3c0a4ce5b4c1a8b286afd951ae62a222825d2182dd5d86,70,70,6,71,False
Soil_Labeled_Data/M_60_70/L_70_80/alluvial/IMG_0300_M_0_10_pale_yellow_M_40_50_gray_brown_M_50_60_dark_brown.jpg,Soil_Labeled_Data/M_60_70/L_70_80/alluvial/IMG_0300_M_0_10_pale_yellow_M_40_50_gray_brown_M_50_60_dark_brown.jpg,e1affee36a6555022fc9,phash:c394eaefdefded4a,train,9482121a9e1e365b88cdf94541adc4774cc0570ff4ab45c15a519f82de3ad943,61,62,6,70,False
Soil_Labeled_Data/M_60_70/L_70_80/alluvial/IMG_0701_M_10_20_gray_brown_M_40_50_gray_brown.jpg,Soil_Labeled_Data/M_60_70/L_70_80/alluvial/IMG_0701_M_10_20_gray_brown_M_40_50_gray_brown.jpg,165af01baefe71e7484b,phash:1b97c67c90136f52,test,0ce159dedd1f0ddb44da4ba078c533c404f4b06f91c4c2e113b12e17dea6090a,69,71,6,76,False
Soil_Labeled_Data/M_60_70/L_70_80/alluvial/IMG_0702_M_10_20_clayish_red_M_40_50_gray_brown.jpg,Soil_Labeled_Data/M_60_70/L_70_80/alluvial/IMG_0702_M_10_20_clayish_red_M_40_50_gray_brown.jpg,a00a7469bf67f5c33c2d,phash:da003ea3a8a9acb4,validation,bd081ffcab3b01147ccd4133347049a68f76e27d252414daa28990bc9a3d0a2f,63,66,6,75,False
Soil_Labeled_Data/M_60_70/L_70_80/alluvial/IMG_0702_M_10_20_clayish_red_M_40_50_gray_brown_M_50_60_dark_brown.jpg,Soil_Labeled_Data/M_60_70/L_70_80/alluvial/IMG_0702_M_10_20_clayish_red_M_40_50_gray_brown_M_50_60_dark_brown.jpg,43813ed7a8442f264f73,phash:da003ea3a8a9acb4,validation,d5e84f8191386a3a709b9cd98b41de03797c11b3df78f0dd8423207a2f2e3627,66,69,6,73,False
Soil_Labeled_Data/M_60_70/L_70_80/alluvial/IMG_0705_M_10_20_gray_brown_M_40_50_gray_brown.jpg,Soil_Labeled_Data/M_60_70/L_70_80/alluvial/IMG_0705_M_10_20_gray_brown_M_40_50_gray_brown.jpg,f3316b0a8da7403b3e55,phash:da003ea3a8a9acb4,validation,e6f867231a68cadfd7e24a9f51ba030c99b14aab400da309f41793610618c673,62,61,6,76,False
Soil_Labeled_Data/M_60_70/L_70_80/alluvial/IMG_0710_M_10_20_gray_brown_M_40_50_light_brown_M_50_60_gray_brown.jpg,Soil_Labeled_Data/M_60_70/L_70_80/alluvial/IMG_0710_M_10_20_gray_brown_M_40_50_light_brown_M_50_60_gray_brown.jpg,cee40bc37d0e181704e8,phash:5e8c45f8956cae93,validation,80c905dce8822b1deb0a03aa3f896af31a6f66a440b14d0c6cc9b97540ca8bf3,69,71,6,72,False
Soil_Labeled_Data/M_60_70/L_70_80/alluvial/IMG_0715_M_10_20_light_brown_M_40_50_dark_brown.jpg,Soil_Labeled_Data/M_60_70/L_70_80/alluvial/IMG_0715_M_10_20_light_brown_M_40_50_dark_brown.jpg,b90c7ce2cc5e035ad4fc,phash:04c1aca557db14ee,validation,652add4027d1f58d176f2c01539983d1cf66dd65b0a36c835e1e259a833ad709,61,64,6,80,False
Soil_Labeled_Data/M_60_70/L_70_80/alluvial/IMG_0716_M_10_20_light_brown_M_40_50_gray_brown_M_50_60_gray_brown.jpg,Soil_Labeled_Data/M_60_70/L_70_80/alluvial/IMG_0716_M_10_20_light_brown_M_40_50_gray_brown_M_50_60_gray_brown.jpg,02a8ab2a4b76898b98c1,phash:ea21b0c5f7c3e0b8,train,71cf7dad149c69c38669c1eb3e14b80ca4615d127b5d26cab05cb759b22f8ffc,67,67,6,75,False
Soil_Labeled_Data/M_60_70/L_70_80/alluvial/IMG_0719_M_10_20_clayish_red_M_40_50_gray_brown.jpg,Soil_Labeled_Data/M_60_70/L_70_80/alluvial/IMG_0719_M_10_20_clayish_red_M_40_50_gray_brown.jpg,4280b64064ce887859dc,phash:d1c90e142218287c,validation,a7ea2c004f7f4e945e20418bcf8f798a25e195ea42e831f2c554ee23ae8c7fcb,61,61,6,71,False
Soil_Labeled_Data/M_60_70/L_70_80/alluvial/z5715141626411_00b983fd5f44402c4bda94b5b928bb00_M_20_30_light_brown_M_30_40_light_brown_M_50_60_dark_brown.jpg,Soil_Labeled_Data/M_60_70/L_70_80/alluvial/z5715141626411_00b983fd5f44402c4bda94b5b928bb00_M_20_30_light_brown_M_30_40_light_brown_M_50_60_dark_brown.jpg,aba33453f9fded515250,phash:58b6b94065785737,train,b256ce3bd4f50859727401a6efce127612519b12853f4974565c8063eb2c4656,65,66,6,79,False
Soil_Labeled_Data/M_60_70/L_70_80/alluvial/z5715142251106_f70a13549cdc2cbc53d4da6e12f77581_M_20_30_pale_yellow_M_30_40_gray_brown_M_50_60_dark_brown.jpg,Soil_Labeled_Data/M_60_70/L_70_80/alluvial/z5715142251106_f70a13549cdc2cbc53d4da6e12f77581_M_20_30_pale_yellow_M_30_40_gray_brown_M_50_60_dark_brown.jpg,bf86ec17333e7e8fe755,phash:c007721889ea07ad,train,249cfea99e2c9d6d87dd156a51a13c197d2723fc529b5d943f5f805774132f0e,68,71,6,72,False
Soil_Labeled_Data/M_60_70/L_80_90/alluvial/M_60_70_L_80_90_0014_gray_brown.jpg,Soil_Labeled_Data/M_60_70/L_80_90/alluvial/M_60_70_L_80_90_0014_gray_brown.jpg,583bceb95a2f85a71c93,phash:a15659574d9b162a,train,cd7a8b4bca9dad9df256439696cc48713c153ba6b525cf6b9102d5c208704c76,67,66,6,82,False
Soil_Labeled_Data/M_60_70/L_80_90/alluvial/M_60_70_L_80_90_0017_light_brown.jpg,Soil_Labeled_Data/M_60_70/L_80_90/alluvial/M_60_70_L_80_90_0017_light_brown.jpg,178735bc1cee8cf45c46,phash:14f22c12d21ae414,train,0739e6ffd68615147d612b9ab480ce494f9d3602b60bfb4f33b44dcf56e5e0e4,67,68,6,87,False
Soil_Labeled_Data/M_60_70/L_80_90/alluvial/M_60_70_L_80_90_0020_light_brown.jpg,Soil_Labeled_Data/M_60_70/L_80_90/alluvial/M_60_70_L_80_90_0020_light_brown.jpg,ad10ff93dcf2532ac040,phash:32fa337bf04ea824,train,f7baae8264ab7080c9b64eda912282bb7ec5055e7f3a6fca8b7f0243954249ac,67,66,6,86,False
Soil_Labeled_Data/M_60_70/L_80_90/alluvial/M_60_70_L_80_90_0021_gray_brown.jpg,Soil_Labeled_Data/M_60_70/L_80_90/alluvial/M_60_70_L_80_90_0021_gray_brown.jpg,90dd629d0ca984a38cec,phash:cf52574266b44cfc,train,dcd2034dab872f34c0bed60cee9ca0115bab729d6ca7aa298e7eed7f634a39cb,67,65,6,85,False
Soil_Labeled_Data/M_60_70/L_80_90/alluvial/M_60_70_L_80_90_0038_gray_brown.jpg,Soil_Labeled_Data/M_60_70/L_80_90/alluvial/M_60_70_L_80_90_0038_gray_brown.jpg,6df44d5219942bf71c4e,phash:7a8bda37bd1a1b56,validation,e35acf5b2e8cc3f1f2334fce0aec8f6a9b461ec8613cb49292b2046d3f7d4bf8,60,60,6,90,False
Soil_Labeled_Data/M_60_70/L_80_90/alluvial/M_60_70_L_80_90_0039_clay_red.jpg,Soil_Labeled_Data/M_60_70/L_80_90/alluvial/M_60_70_L_80_90_0039_clay_red.jpg,20d54138d37639fc86b9,phash:db9ee2806dc05985,train,b9d9cafcb153a003cb8356cebbd698514c69a114f3a9f72f4b47536c2f9ef978,65,65,6,80,False
Soil_Labeled_Data/M_60_70/L_80_90/alluvial/M_60_70_L_80_90_0041_wet_gray.jpg,Soil_Labeled_Data/M_60_70/L_80_90/alluvial/M_60_70_L_80_90_0041_wet_gray.jpg,68a0cc05ff767117a0a9,phash:b87de173de4bd55d,train,0725a6ed56b1a9a724aff5511bc1c8be1d89a9b663b8204b6e022defd4fc1c91,65,67,6,80,False
Soil_Labeled_Data/M_60_70/L_80_90/alluvial/M_60_70_L_80_90_0044_light_brown.jpg,Soil_Labeled_Data/M_60_70/L_80_90/alluvial/M_60_70_L_80_90_0044_light_brown.jpg,f0e59a54fa1cfa192a10,phash:440cf10437760781,train,ced2cd3f9a55a4bd7e604cdd612799fd60953c89d6b8e3b2303788ccc28c7c66,68,70,6,90,False
Soil_Labeled_Data/M_60_70/L_80_90/alluvial/M_60_70_L_80_90_0045_wet_gray.jpg,Soil_Labeled_Data/M_60_70/L_80_90/alluvial/M_60_70_L_80_90_0045_wet_gray.jpg,88cd8dc434cccf475d55,phash:5d4a1cc17f3caf91,validation,dc8bc9506f704cb5c87337c29a607a4866f65561b6ccee2d89557e58f95152bc,67,69,6,89,False
Soil_Labeled_Data/M_60_70/L_80_90/alluvial/M_60_70_L_80_90_0050_gray_brown.jpg,Soil_Labeled_Data/M_60_70/L_80_90/alluvial/M_60_70_L_80_90_0050_gray_brown.jpg,416b33caaca051723318,phash:446e88d08346cab4,test,dfa81e2ed633dff44edfb46a37e0476b36199f10b92d6be98c9d7871b300cdcd,60,60,6,90,False
Soil_Labeled_Data/M_60_70/L_80_90/alluvial/M_60_70_L_80_90_0051_gray_brown.jpg,Soil_Labeled_Data/M_60_70/L_80_90/alluvial/M_60_70_L_80_90_0051_gray_brown.jpg,548bcf71f6b0e1aa1bd8,phash:87a0fc93f2cf29b3,train,2628ebed5907b8786f423b45249e08efc4c27a04a342a286891944a4f75a266f,68,68,6,90,False
Soil_Labeled_Data/M_60_70/L_80_90/alluvial/M_60_70_L_80_90_0054_clay_red.jpg,Soil_Labeled_Data/M_60_70/L_80_90/alluvial/M_60_70_L_80_90_0054_clay_red.jpg,ed6e6dce0e45571e503a,phash:384f9f07ce7305c1,train,c07aec9e7bf037c26c41e016818fa25eb3a6057b5acd1e28be059614312755fa,64,63,6,81,False
Soil_Labeled_Data/M_60_70/L_80_90/alluvial/M_60_70_L_80_90_0058_gray_brown.jpg,Soil_Labeled_Data/M_60_70/L_80_90/alluvial/M_60_70_L_80_90_0058_gray_brown.jpg,40d0b0d6098318dcdf0f,phash:7fef4dde43e48360,train,3be27060042684990c643d32c5ce96233e163278022e2187ccb1e80c4d6d4b00,62,61,6,82,False
Soil_Labeled_Data/M_60_70/L_80_90/alluvial/M_60_70_L_80_90_0059_gray_brown.jpg,Soil_Labeled_Data/M_60_70/L_80_90/alluvial/M_60_70_L_80_90_0059_gray_brown.jpg,0c1a4b4be9256b849eef,phash:522c1adc444fd47d,test,812655391cc5fe7d9727d0b8f1201e69c68c228a8de1fbdbf657e30e08a1833e,63,62,6,80,False
Soil_Labeled_Data/M_60_70/L_80_90/alluvial/M_60_70_L_80_90_0064_light_brown.jpg,Soil_Labeled_Data/M_60_70/L_80_90/alluvial/M_60_70_L_80_90_0064_light_brown.jpg,b2c107877e4bc9fe38d0,phash:0ee3c830b949a4af,train,a0d1ac105819ca3bdcb1cbed367fb3db58b736b124ae0f93de9e5de10ccc1193,68,68,6,90,False
Soil_Labeled_Data/M_60_70/L_80_90/alluvial/M_60_70_L_80_90_0068_light_brown.jpg,Soil_Labeled_Data/M_60_70/L_80_90/alluvial/M_60_70_L_80_90_0068_light_brown.jpg,9bbc04dc3309dd7c404a,phash:4aabf22cca79a2b1,test,7887de2d3e8a5ee7d72b4b20eeaf155f4ce72a4906670b54feb8f905d485ad03,60,59,6,86,False
Soil_Labeled_Data/M_60_70/L_80_90/alluvial/M_60_70_L_80_90_0069_wet_gray.jpg,Soil_Labeled_Data/M_60_70/L_80_90/alluvial/M_60_70_L_80_90_0069_wet_gray.jpg,50ab139a9ff924d974a6,phash:626459e0714fb404,test,e847e6425e9208c389f47c077ce75c46f4c3dd6448b7bba0244c3fc1aed8c6d2,60,58,6,86,False
Soil_Labeled_Data/M_60_70/L_80_90/alluvial/M_60_70_L_80_90_0079_dark_brown.jpg,Soil_Labeled_Data/M_60_70/L_80_90/alluvial/M_60_70_L_80_90_0079_dark_brown.jpg,2f3b2536be8e7da58dda,phash:53a18805beeb0d82,train,bb536b280d81302ecaf462129adce93a66649fefaad258eb34e98e63b806ef90,67,67,6,90,False
Soil_Labeled_Data/M_60_70/L_80_90/alluvial/M_60_70_L_80_90_0080_dark_brown.jpg,Soil_Labeled_Data/M_60_70/L_80_90/alluvial/M_60_70_L_80_90_0080_dark_brown.jpg,87b3d9a9a17b4cf14837,phash:77ff853871681a5f,train,a024dd8c42f7abb3885b10044d16ce654a35b06ebbb19ed406fb45290649a55a,65,67,6,85,False
Soil_Labeled_Data/M_60_70/L_80_90/alluvial/M_60_70_L_80_90_0097_wet_gray.jpg,Soil_Labeled_Data/M_60_70/L_80_90/alluvial/M_60_70_L_80_90_0097_wet_gray.jpg,986d4770c9448cbc899c,phash:79d3404476848e8d,train,302ad859feacf0e48910c2bca008eaa5326b13fda0af8746abc5439443663303,69,67,6,82,False
Soil_Labeled_Data/M_60_70/L_80_90/alluvial/z5720115611278_2165bd5b2e5ac713d97400eabcc65d99.jpg,Soil_Labeled_Data/M_60_70/L_80_90/alluvial/z5720115611278_2165bd5b2e5ac713d97400eabcc65d99.jpg,a3dd1a14b20acc9ba88e,phash:70066ce13207a235,train,26bb3fee4d57dc0f3c2e373eaccb19a1a4f4b8da2c84829c5918e6d3a9e603b3,62,61,6,84,False
Soil_Labeled_Data/M_60_70/L_80_90/alluvial/z5720115653272_3de34aa127a04a50ac17b19f6c26e982.jpg,Soil_Labeled_Data/M_60_70/L_80_90/alluvial/z5720115653272_3de34aa127a04a50ac17b19f6c26e982.jpg,26fd7b73161c46436846,phash:626459e0714fb404,test,c7569787e74310048696c82571cedd2cb89e66b961605a3059711b281284b503,69,67,6,84,False
Soil_Labeled_Data/M_60_70/L_80_90/alluvial/z5720115687004_c7046b6ed304fe8ccbb693c1af288980.jpg,Soil_Labeled_Data/M_60_70/L_80_90/alluvial/z5720115687004_c7046b6ed304fe8ccbb693c1af288980.jpg,1735377141e132151314,phash:7986c044b478daae,train,da67778185dbfeb35e18acd99a4b43850e693e80c558855b36f342b4d4360d30,68,67,6,84,False
Soil_Labeled_Data/M_60_70/L_80_90/alluvial/z5720115727413_e891a8cfc53a007f676e1bac4a0342b5.jpg,Soil_Labeled_Data/M_60_70/L_80_90/alluvial/z5720115727413_e891a8cfc53a007f676e1bac4a0342b5.jpg,62c27104169ff615982f,phash:68fe58b58a79ace5,train,18bc134226d0f0292404508331885ed7ec92dac7ad23953057102c75b475fc2a,68,66,6,84,False
Soil_Labeled_Data/M_60_70/L_80_90/alluvial/z5720115765295_566dab2e381f475c4d17c1f90510d54b.jpg,Soil_Labeled_Data/M_60_70/L_80_90/alluvial/z5720115765295_566dab2e381f475c4d17c1f90510d54b.jpg,00cac614ccf99e7eca7d,phash:aed58a259ead6a36,validation,18bc70fb3bbd74cd8bf3ab88ec4e48b1aa2fdd6673a130490622719209b228e0,61,59,6,87,False
Soil_Labeled_Data/M_60_70/L_80_90/alluvial/z5720115800429_ff01c46a0bb2fd04a0bcfaa21477768c.jpg,Soil_Labeled_Data/M_60_70/L_80_90/alluvial/z5720115800429_ff01c46a0bb2fd04a0bcfaa21477768c.jpg,f3e98c79441983bb4324,phash:6b288e421b9b59cc,test,9a626aede8c742d3909a22277e5a046d567ff352bc7d86b1afa44be176987d0f,63,64,6,87,False
Soil_Labeled_Data/M_60_70/L_80_90/alluvial/z5720115833149_ed8419086eec88fa81ae29e84dd8ee29.jpg,Soil_Labeled_Data/M_60_70/L_80_90/alluvial/z5720115833149_ed8419086eec88fa81ae29e84dd8ee29.jpg,1fa543af29f836ba939d,phash:e7caa81515007dc6,train,af54ceee1e6ea7ef7a866eb66ec5f0714bf947da83ee39e15e5e8cab789a92e8,70,69,6,90,False
Soil_Labeled_Data/M_60_70/L_80_90/alluvial/z5720115869917_a1c0c0f135fb5443e070ba2cfa3f59b5.jpg,Soil_Labeled_Data/M_60_70/L_80_90/alluvial/z5720115869917_a1c0c0f135fb5443e070ba2cfa3f59b5.jpg,5a2037c36dfb748735e9,phash:95f443aa52a50ebf,train,75af8544493631632ecb26dbf0ebbaccebb83a95700602043d0f9d43d51d6261,70,68,6,81,False
Soil_Labeled_Data/M_60_70/L_80_90/alluvial/z5720115908066_d971dc1911998ed5477394adeada3648.jpg,Soil_Labeled_Data/M_60_70/L_80_90/alluvial/z5720115908066_d971dc1911998ed5477394adeada3648.jpg,7a56d64b2d566aa9695e,phash:a9a655b4c2404eed,train,8135a92cf1b73d22b6e345d3c2b34d93ef0ec1487efe4fb4b193d73d326db557,61,60,6,86,False
Soil_Labeled_Data/M_60_70/L_80_90/alluvial/z5720115942754_8be2331cdea2f08eaa20a4d16f47702e.jpg,Soil_Labeled_Data/M_60_70/L_80_90/alluvial/z5720115942754_8be2331cdea2f08eaa20a4d16f47702e.jpg,6f3e63bc1d07f3a2167c,phash:84986216fec716df,train,b31a63d28142efd56024bd0e38ee4b1118ecaf2eca2f4cb0c721d8c954f5bcb9,62,62,6,90,False
Soil_Labeled_Data/M_60_70/L_80_90/alluvial/z5720115955016_77628ff737c4b80cdf4db3cabe679c96.jpg,Soil_Labeled_Data/M_60_70/L_80_90/alluvial/z5720115955016_77628ff737c4b80cdf4db3cabe679c96.jpg,044b361d62eafd6848cc,phash:790ceaf06e875e73,test,1036124b03e417fccc2b2771da3daa5a7aa4639e9c0f2094e2f620f40d734ce6,62,64,6,85,False
Soil_Labeled_Data/M_60_70/L_80_90/alluvial/z5720115969160_90e7c8fe51469c6537b93b0b5051f46d.jpg,Soil_Labeled_Data/M_60_70/L_80_90/alluvial/z5720115969160_90e7c8fe51469c6537b93b0b5051f46d.jpg,9d3d89498f757e2dd92f,phash:87a0fc93f2cf29b3,train,d2d846cd4e716f7399ac6b2fe8d1b99b43285e9b37aad353e7b55b7f2ba4a9b0,65,67,6,80,False
Soil_Labeled_Data/M_60_70/L_80_90/alluvial/z5720115982216_637e10bfdba8825575e6ddce9ee0b4db.jpg,Soil_Labeled_Data/M_60_70/L_80_90/alluvial/z5720115982216_637e10bfdba8825575e6ddce9ee0b4db.jpg,7b413eb8b352bda0dea5,phash:522c1adc444fd47d,test,152c3629f5e51fcdd37dc597a1642fce5df05fa051ff1e636ab64591586992fa,62,62,6,85,False
Soil_Labeled_Data/M_60_70/L_80_90/alluvial/z5720115994271_6ee046f5429b540fab54644ee387967d.jpg,Soil_Labeled_Data/M_60_70/L_80_90/alluvial/z5720115994271_6ee046f5429b540fab54644ee387967d.jpg,86973bf50510b1a8d8f5,phash:53a18805beeb0d82,train,f78a84e7b2a6e850c20e699b6715e85009c356da4b0001f92227be59ff662b36,67,66,6,88,False
Soil_Labeled_Data/M_60_70/L_80_90/alluvial/z5720116009994_7473d14d835476f47632659bffa27b72.jpg,Soil_Labeled_Data/M_60_70/L_80_90/alluvial/z5720116009994_7473d14d835476f47632659bffa27b72.jpg,41f37999934d0120eb8d,phash:e7a7071bb960f512,train,6dd61e46951640ce81a122981b61d8e716bfb01a13aa1ca5643228cd448c10c7,70,69,6,86,False
Soil_Labeled_Data/M_60_70/L_80_90/alluvial/z5720116028219_3547ed7fc4e58ca77d0a9c04ad52a29b.jpg,Soil_Labeled_Data/M_60_70/L_80_90/alluvial/z5720116028219_3547ed7fc4e58ca77d0a9c04ad52a29b.jpg,8dcf98fa3990cc1b15db,phash:550f17b8a00c5d3d,test,356b4f61f11c3f3639169e6ac8da9d34ad8d408c85fcafa9b03665c25a2c2d22,68,69,6,83,False
Soil_Labeled_Data/M_60_70/L_80_90/alluvial/z5720116040527_64efc6d26d1ee063c31ac7c808603d38.jpg,Soil_Labeled_Data/M_60_70/L_80_90/alluvial/z5720116040527_64efc6d26d1ee063c31ac7c808603d38.jpg,a0eec7610029ef30c836,phash:7fef4dde43e48360,train,7230e1cf8fc623e3ff5e052ad819fe35ff56d2740228ea685e65aeff6f9082f1,70,68,6,90,False
Soil_Labeled_Data/M_60_70/L_80_90/alluvial/z5720116056023_3d3d361e4d7255ed7de4195fa640e456.jpg,Soil_Labeled_Data/M_60_70/L_80_90/alluvial/z5720116056023_3d3d361e4d7255ed7de4195fa640e456.jpg,532d792db42125e850fb,phash:66180ed7d7b26e4d,train,5873f295503021948402983e0b69c19684e53795933b1f0e7413811e5fe0efb1,64,63,6,83,False
Soil_Labeled_Data/M_60_70/L_80_90/alluvial/z5720116069849_bcc6949c92dd61a3b67028202e4c3c2a.jpg,Soil_Labeled_Data/M_60_70/L_80_90/alluvial/z5720116069849_bcc6949c92dd61a3b67028202e4c3c2a.jpg,9206eab7435ff06a712b,phash:32fa337bf04ea824,train,e7d94a42af104da7bdf576e1af439aa873e09e789ad3de009fe5f51e79b02b3f,70,68,6,89,False
Soil_Labeled_Data/M_60_70/L_80_90/alluvial/z5720116085194_b4c6d844bda5f6a7533e048925576cdd.jpg,Soil_Labeled_Data/M_60_70/L_80_90/alluvial/z5720116085194_b4c6d844bda5f6a7533e048925576cdd.jpg,ea70868f5346415b7226,phash:50850ca5bd08d144,train,d27c8f193d45dc320ed6bfa0639a1374901b85f74b60878fbb42dd02333cc0a0,70,72,6,84,False
Soil_Labeled_Data/M_60_70/L_90_100/alluvial/M_60_70_L_90_100_0001_gray_brown.jpg,Soil_Labeled_Data/M_60_70/L_90_100/alluvial/M_60_70_L_90_100_0001_gray_brown.jpg,5230e7aff51e0643e062,phash:11f61dd650eab9c1,train,059030a12c0d39630781a21d216a36bd67d901c663f88d7c95ad83768e5ae1b1,60,62,6,99,False
Soil_Labeled_Data/M_60_70/L_90_100/alluvial/M_60_70_L_90_100_0004_gray_brown.jpg,Soil_Labeled_Data/M_60_70/L_90_100/alluvial/M_60_70_L_90_100_0004_gray_brown.jpg,c4df016a64ce11ada08b,phash:b51105d1d4146b87,test,0e8fcd9a673182f7ad4d8092c72fd4d6a42d6179b09e02b1fc8c2f62b47e01fa,66,65,6,94,False
Soil_Labeled_Data/M_60_70/L_90_100/alluvial/M_60_70_L_90_100_0005_dark_brown.jpg,Soil_Labeled_Data/M_60_70/L_90_100/alluvial/M_60_70_L_90_100_0005_dark_brown.jpg,9329b69521021aa732e1,phash:186f1b83b794bf40,train,f4d3e358297730ad82e1f8bb6c9c78e0a3df8444ad767c2479ea5059b02cc457,70,71,6,90,False
Soil_Labeled_Data/M_60_70/L_90_100/alluvial/M_60_70_L_90_100_0024_light_brown.jpg,Soil_Labeled_Data/M_60_70/L_90_100/alluvial/M_60_70_L_90_100_0024_light_brown.jpg,4d401e80a00eca9a508d,phash:f664b3f7ab320084,train,8e50df781a0b37adb2ef973e007729e7b1a1ceb4b8655029145a21ef4d411ed7,66,66,6,90,False
Soil_Labeled_Data/M_60_70/L_90_100/alluvial/M_60_70_L_90_100_0025_wet_gray.jpg,Soil_Labeled_Data/M_60_70/L_90_100/alluvial/M_60_70_L_90_100_0025_wet_gray.jpg,81631e97066044921f0d,phash:4dffec36c3896eb9,train,4a381a166aba50711200640063af856034dcaab0559ab74467797e4710d75a91,60,60,6,100,False
Soil_Labeled_Data/M_60_70/L_90_100/alluvial/M_60_70_L_90_100_0028_gray_brown.jpg,Soil_Labeled_Data/M_60_70/L_90_100/alluvial/M_60_70_L_90_100_0028_gray_brown.jpg,c09ceb9766635baa8ba5,phash:22eb69568175d464,train,9b0b487ccdadeb559d349b5670546696581398118e542962cecef695a43575e8,63,64,6,96,False
Soil_Labeled_Data/M_60_70/L_90_100/alluvial/M_60_70_L_90_100_0029_gray_brown.jpg,Soil_Labeled_Data/M_60_70/L_90_100/alluvial/M_60_70_L_90_100_0029_gray_brown.jpg,f80eb6ff35c0e2d21eb1,phash:c87437fc240e682d,train,cc44d827dfb511f12c78ac1f0914e80dddab0099cf5b083a728c64005036e237,66,67,6,98,False
Soil_Labeled_Data/M_60_70/L_90_100/alluvial/M_60_70_L_90_100_0033_clay_red.jpg,Soil_Labeled_Data/M_60_70/L_90_100/alluvial/M_60_70_L_90_100_0033_clay_red.jpg,e8bce87298c863cdd9d8,phash:b51105d1d4146b87,test,ab8885b9235ea2786102c5bcceda9c88b33bb9b8566a6d00127731e45597eb97,67,68,6,91,False
Soil_Labeled_Data/M_60_70/L_90_100/alluvial/M_60_70_L_90_100_0041_wet_gray.jpg,Soil_Labeled_Data/M_60_70/L_90_100/alluvial/M_60_70_L_90_100_0041_wet_gray.jpg,3ef9886836eca13d1e7f,phash:37f43628cfd7ed16,train,99ce74d53372e3e879eab2ce6cda4a578cb4094e2ee3ca69e92662c9ae15937f,69,70,6,97,False
Soil_Labeled_Data/M_60_70/L_90_100/alluvial/M_60_70_L_90_100_0050_gray_brown.jpg,Soil_Labeled_Data/M_60_70/L_90_100/alluvial/M_60_70_L_90_100_0050_gray_brown.jpg,daa50a8dce4003dd5cfc,phash:186f1b83b794bf40,train,24759744b2009ba52004eddef72ba31eca70cec4bb51634014a24341d7cce249,68,67,6,98,False
Soil_Labeled_Data/M_60_70/L_90_100/alluvial/M_60_70_L_90_100_0051_gray_brown.jpg,Soil_Labeled_Data/M_60_70/L_90_100/alluvial/M_60_70_L_90_100_0051_gray_brown.jpg,c2b1691448ab3a768f45,phash:109f4377503ddda1,train,7b46165fe351f860e10a51282461361c6fd0410a028ea856c99b84ff51aef8ab,69,68,6,97,False
Soil_Labeled_Data/M_60_70/L_90_100/alluvial/M_60_70_L_90_100_0058_dark_brown.jpg,Soil_Labeled_Data/M_60_70/L_90_100/alluvial/M_60_70_L_90_100_0058_dark_brown.jpg,a67d523dc850c9135aca,phash:4629140a527a816d,train,29f492f98568603bdebe0f93ff483a03180c2a651dced8da699fd9b7ad02d9e5,62,62,6,94,False
Soil_Labeled_Data/M_60_70/L_90_100/alluvial/M_60_70_L_90_100_0060_dark_brown.jpg,Soil_Labeled_Data/M_60_70/L_90_100/alluvial/M_60_70_L_90_100_0060_dark_brown.jpg,f65afee5064041e87aa8,phash:3f12adad0d3de4b3,train,c99038a9e425deeb223f1840312e526acc0aac2ac20ccd08eccad193917549a9,68,67,6,91,False
Soil_Labeled_Data/M_60_70/L_90_100/alluvial/M_60_70_L_90_100_0061_clay_red.jpg,Soil_Labeled_Data/M_60_70/L_90_100/alluvial/M_60_70_L_90_100_0061_clay_red.jpg,706a31cde4e3d6bcfcdb,phash:4dffec36c3896eb9,train,0517ac1128d0a2a678ea9c9e6f0aca7c20abdad447a93e3dacac5ef68597b6e0,66,68,6,92,False
Soil_Labeled_Data/M_60_70/L_90_100/alluvial/M_60_70_L_90_100_0062_dark_brown.jpg,Soil_Labeled_Data/M_60_70/L_90_100/alluvial/M_60_70_L_90_100_0062_dark_brown.jpg,ceed52e2075382ad19c8,phash:f664b3f7ab320084,train,75906e4a5f6c4fc0cbfc5cfb97b3478ae880f4758cd0f8fa98575b487f29d7c3,63,63,6,96,False
Soil_Labeled_Data/M_60_70/L_90_100/alluvial/M_60_70_L_90_100_0068_wet_gray.jpg,Soil_Labeled_Data/M_60_70/L_90_100/alluvial/M_60_70_L_90_100_0068_wet_gray.jpg,13ab9e2ebcd6dbf5ba90,phash:fce8ca8571b71253,train,8e464c4f686d19d13e9d3005622c3153fc81b4ad65a6bdd92b5144f449b07b24,66,67,6,91,False
Soil_Labeled_Data/M_60_70/L_90_100/alluvial/M_60_70_L_90_100_0079_wet_gray.jpg,Soil_Labeled_Data/M_60_70/L_90_100/alluvial/M_60_70_L_90_100_0079_wet_gray.jpg,d36b152732cc10d8411e,phash:3f12adad0d3de4b3,train,d268b0281bf95010980ff2be28df021501128aa5cbd5a0023b4f7e117a28246a,64,65,6,100,False
Soil_Labeled_Data/M_60_70/L_90_100/alluvial/M_60_70_L_90_100_0086_wet_gray.jpg,Soil_Labeled_Data/M_60_70/L_90_100/alluvial/M_60_70_L_90_100_0086_wet_gray.jpg,6cc75a8db9ca905f1945,phash:25a20c412fc48b30,train,fee08a31687061b4a1c62cd99291040793364167e35790d8b24107a90fddb898,64,63,6,99,False
Soil_Labeled_Data/M_60_70/L_90_100/alluvial/M_60_70_L_90_100_0090_light_brown.jpg,Soil_Labeled_Data/M_60_70/L_90_100/alluvial/M_60_70_L_90_100_0090_light_brown.jpg,be7d3edd1c439702f597,phash:b1dd5e518be03381,train,bf37a317997e70600814d23e8267489ef34933768ea67c9d776d263de82ae801,63,64,6,98,False
Soil_Labeled_Data/M_60_70/L_90_100/alluvial/M_60_70_L_90_100_0099_gray_brown.jpg,Soil_Labeled_Data/M_60_70/L_90_100/alluvial/M_60_70_L_90_100_0099_gray_brown.jpg,18b1bb88df1fae03c1f5,phash:c87437fc240e682d,train,6e7b9d38dd4bf0692cf943d302b6a6f8b3f9b2aa12a161dfded9a46bb849df8d,70,70,6,91,False
Soil_Labeled_Data/M_70_80/L_0_10/alluvial/IMG_0406_M_10_20_gray_brown_M_40_50_gray_brown_M_60_70_clay_red.jpg,Soil_Labeled_Data/M_70_80/L_0_10/alluvial/IMG_0406_M_10_20_gray_brown_M_40_50_gray_brown_M_60_70_clay_red.jpg,060cd707a16a1a0fdd0a,phash:61d88ec95e2e229e,validation,a1f47eefe1b4de040727c019d5be1a7c10d03a072c4f36f45056da9f309d5ae9,71,78,7,0,False
Soil_Labeled_Data/M_70_80/L_0_10/alluvial/IMG_0407_M_10_20_gray_brown_M_40_50_light_brown_M_50_60_dark_brown.jpg,Soil_Labeled_Data/M_70_80/L_0_10/alluvial/IMG_0407_M_10_20_gray_brown_M_40_50_light_brown_M_50_60_dark_brown.jpg,887b55eef5ee6c938759,phash:4756c126639a1165,train,fef2b61799ed68f7390ad9c5cb2c668b9a2ebd2dee0be9789bfd5ac87cc52719,80,84,7,4,False
Soil_Labeled_Data/M_70_80/L_0_10/alluvial/IMG_0408_M_10_20_gray_brown_M_40_50_gray_brown_M_50_60_dark_brown_M_60_70_clay_red.jpg,Soil_Labeled_Data/M_70_80/L_0_10/alluvial/IMG_0408_M_10_20_gray_brown_M_40_50_gray_brown_M_50_60_dark_brown_M_60_70_clay_red.jpg,1406360ad5af344424f4,phash:4756c126639a1165,train,4fc3de18d54e68e36b0551481b88338ee98b25c5cb8a4a7acdc52d33eb414074,70,76,7,10,False
Soil_Labeled_Data/M_70_80/L_0_10/alluvial/IMG_0413_M_10_20_pale_yellow_M_40_50_gray_brown_M_60_70_clay_red.jpg,Soil_Labeled_Data/M_70_80/L_0_10/alluvial/IMG_0413_M_10_20_pale_yellow_M_40_50_gray_brown_M_60_70_clay_red.jpg,66932117abec911f9ff9,phash:7b04521d4a15b988,train,ea12126a42a4a593a76511c16ba45aae980a04f25745ed812acead648f66f904,71,76,7,2,False
Soil_Labeled_Data/M_70_80/L_0_10/alluvial/IMG_0418_M_10_20_clayish_red_M_40_50_gray_brown_M_60_70_clay_red.jpg,Soil_Labeled_Data/M_70_80/L_0_10/alluvial/IMG_0418_M_10_20_clayish_red_M_40_50_gray_brown_M_60_70_clay_red.jpg,6328e3c69c91802cf017,phash:4756c126639a1165,train,bb6c00ba04bff8f02a8df74b560508cbe942625f737d918a037b612eb5bb4792,76,82,7,3,False
Soil_Labeled_Data/M_70_80/L_0_10/alluvial/IMG_0418_M_10_20_clayish_red_M_40_50_light_brown_M_50_60_dark_brown_M_60_70_dark_brown.jpg,Soil_Labeled_Data/M_70_80/L_0_10/alluvial/IMG_0418_M_10_20_clayish_red_M_40_50_light_brown_M_50_60_dark_brown_M_60_70_dark_brown.jpg,b6bf03daac51d2226280,phash:4756c126639a1165,train,8fddf52e5c84b483a025ddf6c49e1ea3810e3ab71a51482865ac10e03bd3e304,75,79,7,2,False
Soil_Labeled_Data/M_70_80/L_0_10/alluvial/IMG_0425_M_10_20_pale_yellow_M_40_50_dark_brown_M_60_70_dark_brown.jpg,Soil_Labeled_Data/M_70_80/L_0_10/alluvial/IMG_0425_M_10_20_pale_yellow_M_40_50_dark_brown_M_60_70_dark_brown.jpg,1883b8a35727df96944f,phash:022a845c7a0851a9,train,51004c014581eeb8dff807ccfd504b17039208d19edba22b801dd24380a74ab9,75,79,7,6,False
Soil_Labeled_Data/M_70_80/L_0_10/alluvial/z5714094628996_2ba67db18f33aa6bf75d2bf34582cb2c_M_0_10_gray_brown_M_40_50_dark_brown_M_60_70_dark_brown.jpg,Soil_Labeled_Data/M_70_80/L_0_10/alluvial/z5714094628996_2ba67db18f33aa6bf75d2bf34582cb2c_M_0_10_gray_brown_M_40_50_dark_brown_M_60_70_dark_brown.jpg,62c4d305555ee30b0cbb,phash:be82a2ac90b5db49,validation,d568c653fa44ca422f78c624e4bb8955146a8a205d2bca31c745ab1435f66b11,74,78,7,3,False
Soil_Labeled_Data/M_70_80/L_0_10/alluvial/z5714095021903_b26a3a815aa064952be57e24cd3e499e_M_0_10_light_brown_M_40_50_gray_brown_M_50_60_clay_red.jpg,Soil_Labeled_Data/M_70_80/L_0_10/alluvial/z5714095021903_b26a3a815aa064952be57e24cd3e499e_M_0_10_light_brown_M_40_50_gray_brown_M_50_60_clay_red.jpg,d582bb3bbc331a52e4d7,phash:d7ab328ed292f42f,train,d216524fb1266f94f98e4b6e6e330391c9646c515745c1c78f6cd361ba78d89a,78,82,7,6,False
Soil_Labeled_Data/M_70_80/L_0_10/alluvial/z5714095361298_5b8521f71b6051a784c85bd3550ccbe0_M_0_10_pale_yellow_M_40_50_gray_brown_M_60_70_dark_brown.jpg,Soil_Labeled_Data/M_70_80/L_0_10/alluvial/z5714095361298_5b8521f71b6051a784c85bd3550ccbe0_M_0_10_pale_yellow_M_40_50_gray_brown_M_60_70_dark_brown.jpg,b1bf3b536b7ee7dfab3a,phash:944a8cc86e931c64,test,b2095d78a9d592869fc14f48d26d16c0cac415f900340b77afa16a46525089ce,77,79,7,6,False
Soil_Labeled_Data/M_70_80/L_0_10/alluvial/z5714095397323_3ba8d5731fe9ad72ecd36a4f5fe55be2_M_0_10_clayish_red_M_40_50_dark_brown_M_60_70_clay_red.jpg,Soil_Labeled_Data/M_70_80/L_0_10/alluvial/z5714095397323_3ba8d5731fe9ad72ecd36a4f5fe55be2_M_0_10_clayish_red_M_40_50_dark_brown_M_60_70_clay_red.jpg,fd1afca7e6192acd69b6,phash:4469c3f673087d8f,train,8bd22d2dd43e7fb9f0d025961c2624dceb42b9471783ec08377a35d7a60d434b,73,75,7,3,False
Soil_Labeled_Data/M_70_80/L_0_10/alluvial/z5714095397323_3ba8d5731fe9ad72ecd36a4f5fe55be2_M_0_10_pale_yellow_M_40_50_gray_brown_M_50_60_clay_red.jpg,Soil_Labeled_Data/M_70_80/L_0_10/alluvial/z5714095397323_3ba8d5731fe9ad72ecd36a4f5fe55be2_M_0_10_pale_yellow_M_40_50_gray_brown_M_50_60_clay_red.jpg,275ae444db430ccf5a13,phash:4469c3f673087d8f,train,9d85429049f834896051b2e63a971b0c17eec5966b8c116d7741f168653625f3,78,84,7,3,False
Soil_Labeled_Data/M_70_80/L_0_10/alluvial/z5716041534082_306e15f5e30046bae34f62036b4539ae_M_30_40_gray_brown_M_50_60_clay_red.jpg,Soil_Labeled_Data/M_70_80/L_0_10/alluvial/z5716041534082_306e15f5e30046bae34f62036b4539ae_M_30_40_gray_brown_M_50_60_clay_red.jpg,0637aa179b762e849b05,phash:12f1ff61c064688c,train,ca8c61ed42e829318353e29d5c04b967ccc3cd394fabcd24dd90921d36658566,73,76,7,8,False
Soil_Labeled_Data/M_70_80/L_0_10/alluvial/z5716041600867_155ef81185111d0c63d0fb1432ad825c_M_30_40_light_brown_M_50_60_dark_brown.jpg,Soil_Labeled_Data/M_70_80/L_0_10/alluvial/z5716041600867_155ef81185111d0c63d0fb1432ad825c_M_30_40_light_brown_M_50_60_dark_brown.jpg,2114a2940d1313e28b8c,phash:4756c126639a1165,train,31b0a1590d332ab1c91becfc6e9eebc788c20e979b9eec66d452c32a1fdcefca,70,72,7,6,False
Soil_Labeled_Data/M_70_80/L_0_10/alluvial/z5716041881708_78beac35b69090477b9041eb1ba236f3_M_30_40_gray_brown_M_40_50_gray_brown_M_50_60_gray_brown_M_60_70_dark_brown.jpg,Soil_Labeled_Data/M_70_80/L_0_10/alluvial/z5716041881708_78beac35b69090477b9041eb1ba236f3_M_30_40_gray_brown_M_40_50_gray_brown_M_50_60_gray_brown_M_60_70_dark_brown.jpg,42f63dab4bc3e6191b31,phash:7ddd66f0a7851851,train,c06305bd73d33e8bb8d1a00a3c0f7090173a582dae982ff45a34eb95ad925924,73,75,7,1,False
Soil_Labeled_Data/M_70_80/L_0_10/alluvial/z5716041921976_7e4a689b2efcc84b88cd5677cea9ff06_M_30_40_clayish_red_M_40_50_dark_brown_M_60_70_dark_brown.jpg,Soil_Labeled_Data/M_70_80/L_0_10/alluvial/z5716041921976_7e4a689b2efcc84b88cd5677cea9ff06_M_30_40_clayish_red_M_40_50_dark_brown_M_60_70_dark_brown.jpg,efce4b1341d0a8bf27fb,phash:3682de7290d2a80c,validation,d8b31cb95f9f859fdd5f95785d4a42a27a80000ef07e1afea380dfe5c1c85523,71,74,7,9,False
Soil_Labeled_Data/M_70_80/L_0_10/alluvial/z5716041921976_7e4a689b2efcc84b88cd5677cea9ff06_M_30_40_light_brown_M_50_60_clay_red.jpg,Soil_Labeled_Data/M_70_80/L_0_10/alluvial/z5716041921976_7e4a689b2efcc84b88cd5677cea9ff06_M_30_40_light_brown_M_50_60_clay_red.jpg,8c85294a4fee3a1f1351,phash:4756c126639a1165,train,8a8ac6e2af0f5527ccf4a84c93fb6ce8fbe30a40e4a6a1c2af912d24075f5f98,71,73,7,3,False
Soil_Labeled_Data/M_70_80/L_0_10/alluvial/z5716042289286_4f5ba54e9a7dd70e051e6c0bf403d0f8_M_30_40_pale_yellow_M_40_50_light_brown_M_50_60_clay_red.jpg,Soil_Labeled_Data/M_70_80/L_0_10/alluvial/z5716042289286_4f5ba54e9a7dd70e051e6c0bf403d0f8_M_30_40_pale_yellow_M_40_50_light_brown_M_50_60_clay_red.jpg,e818c149a74b5c19c0ab,phash:4756c126639a1165,train,13a14d3d1b72589268ee6d12b1503fe0163383c1ce9d3682c66b21376c4c1003,80,82,7,1,False
Soil_Labeled_Data/M_70_80/L_0_10/alluvial/z5716042362231_afc15cf0059cc0b0a10e2307f0224493_M_30_40_clayish_red_M_40_50_dark_brown_M_60_70_dark_brown.jpg,Soil_Labeled_Data/M_70_80/L_0_10/alluvial/z5716042362231_afc15cf0059cc0b0a10e2307f0224493_M_30_40_clayish_red_M_40_50_dark_brown_M_60_70_dark_brown.jpg,d549dd7f33f1500f3b04,phash:6d9ad5b45cc9c02f,train,ea30e8eafafbb13bfc540109043b584b511358088ce0d0df504fbfe76c2c4b4b,72,77,7,4,False
Soil_Labeled_Data/M_70_80/L_0_10/alluvial/z5716042393202_8e123a1e78f84eda2b3a3bd5bfe377a3_M_30_40_gray_brown_M_40_50_light_brown_M_50_60_clay_red.jpg,Soil_Labeled_Data/M_70_80/L_0_10/alluvial/z5716042393202_8e123a1e78f84eda2b3a3bd5bfe377a3_M_30_40_gray_brown_M_40_50_light_brown_M_50_60_clay_red.jpg,75673655b29588d0e7b0,phash:4756c126639a1165,train,5084051fb2857a334d01acca4b7419bbae5a55d72923ecd457d2cc5933726809,71,76,7,3,False
Soil_Labeled_Data/M_70_80/L_10_20/alluvial/IMG_0020_M_0_10_pale_yellow_M_40_50_gray_brown_M_50_60_clay_red.jpg,Soil_Labeled_Data/M_70_80/L_10_20/alluvial/IMG_0020_M_0_10_pale_yellow_M_40_50_gray_brown_M_50_60_clay_red.jpg,3ae31b226bcf4c2ab4fe,phash:900b2f159f98aec7,train,665e82970525fb089f0fefee1924e4612aca84980da79882517943ab81647207,77,79,7,11,False
Soil_Labeled_Data/M_70_80/L_10_20/alluvial/IMG_0449_M_10_20_pale_yellow_M_40_50_light_brown_M_50_60_dark_brown.jpg,Soil_Labeled_Data/M_70_80/L_10_20/alluvial/IMG_0449_M_10_20_pale_yellow_M_40_50_light_brown_M_50_60_dark_brown.jpg,87800b65c93137f41e8a,phash:96b3882da255af57,train,c3ada25d7a8de1805db06338913d490b063a4b52476b87a2d4002519e2fa0d5d,78,82,7,15,False
Soil_Labeled_Data/M_70_80/L_10_20/alluvial/IMG_0452_M_10_20_gray_brown_M_40_50_light_brown_M_50_60_gray_brown_M_60_70_clay_red.jpg,Soil_Labeled_Data/M_70_80/L_10_20/alluvial/IMG_0452_M_10_20_gray_brown_M_40_50_light_brown_M_50_60_gray_brown_M_60_70_clay_red.jpg,6c8d49c1d4bbf371ed09,phash:4dab5b82f54d3326,train,50028d35a97e25131a6146fb50ac05ae4d95db0b938a91d4d7900e1d944d7207,78,84,7,14,False
Soil_Labeled_Data/M_70_80/L_10_20/alluvial/IMG_0453_M_10_20_gray_brown_M_40_50_light_brown_M_50_60_dark_brown.jpg,Soil_Labeled_Data/M_70_80/L_10_20/alluvial/IMG_0453_M_10_20_gray_brown_M_40_50_light_brown_M_50_60_dark_brown.jpg,feab0ddfddb402d16a04,phash:5e6bf15dae70f477,train,ba56487108ab72ae2cdc6f01b1afba57202d4c004dbfe8a21450dda87ed75616,77,79,7,11,False
Soil_Labeled_Data/M_70_80/L_10_20/alluvial/IMG_0455_M_10_20_gray_brown_M_40_50_light_brown_M_50_60_gray_brown_M_60_70_clay_red.jpg,Soil_Labeled_Data/M_70_80/L_10_20/alluvial/IMG_0455_M_10_20_gray_brown_M_40_50_light_brown_M_50_60_gray_brown_M_60_70_clay_red.jpg,491548322e2f98d875b8,phash:5a0eb1b1257ef56a,train,a9c0900226a829ae6eec50f0750f9890bcc3a65c8d5962b91b4b700489eb6f3b,77,83,7,16,False
Soil_Labeled_Data/M_70_80/L_10_20/alluvial/IMG_0462_M_10_20_pale_yellow_M_40_50_dark_brown_M_60_70_clay_red.jpg,Soil_Labeled_Data/M_70_80/L_10_20/alluvial/IMG_0462_M_10_20_pale_yellow_M_40_50_dark_brown_M_60_70_clay_red.jpg,b493a663d28b36f1ce5e,phash:a218abd28b5d36df,train,65f0844630b88e213cfaa7f0c42150408b1fa3264dccf1668d1a441505f49b7a,77,82,7,19,False
Soil_Labeled_Data/M_70_80/L_10_20/alluvial/IMG_0462_M_10_20_pale_yellow_M_40_50_gray_brown_M_50_60_clay_red.jpg,Soil_Labeled_Data/M_70_80/L_10_20/alluvial/IMG_0462_M_10_20_pale_yellow_M_40_50_gray_brown_M_50_60_clay_red.jpg,c8c013ecb2a667826c82,phash:a7132e1b2f6dfe6e,train,485cb88b5054bd610c6b6c36b7b61fa36e85045e5ae9d856ad6794dcc6e7cb9a,78,83,7,15,False
Soil_Labeled_Data/M_70_80/L_10_20/alluvial/IMG_0463_M_10_20_gray_brown_M_40_50_gray_brown_M_50_60_clay_red.jpg,Soil_Labeled_Data/M_70_80/L_10_20/alluvial/IMG_0463_M_10_20_gray_brown_M_40_50_gray_brown_M_50_60_clay_red.jpg,fbcbe0f8df61ee9759d3,phash:f004b3f19ad4d2e6,train,fc102c52156d23942efd5dc86d1e10b323cbd4275389c028d69c1356f1c64e43,76,78,7,13,False
Soil_Labeled_Data/M_70_80/L_10_20/alluvial/IMG_0464_M_10_20_pale_yellow_M_40_50_gray_brown_M_50_60_clay_red.jpg,Soil_Labeled_Data/M_70_80/L_10_20/alluvial/IMG_0464_M_10_20_pale_yellow_M_40_50_gray_brown_M_50_60_clay_red.jpg,9083a3d07e9a0adb5260,phash:e9f73e07748ea63a,train,d259cae130ea10f8a45ec22818be77debc6aa28655fe8d4bb4781b448436742f,80,83,7,13,False
Soil_Labeled_Data/M_70_80/L_10_20/alluvial/IMG_0468_M_10_20_clayish_red_M_40_50_gray_brown_M_60_70_clay_red.jpg,Soil_Labeled_Data/M_70_80/L_10_20/alluvial/IMG_0468_M_10_20_clayish_red_M_40_50_gray_brown_M_60_70_clay_red.jpg,9ddfc3a2dcb8344268f7,phash:dd00b8a6129e2709,train,634a10184c60ddc7034d8a2e678198f8089c52bf376f2821ee8a8145bab8ba4a,78,81,7,10,False
Soil_Labeled_Data/M_70_80/L_10_20/alluvial/z5716081579514_5a67b978119dcf79cb53e218abca90ab_M_30_40_gray_brown_M_50_60_clay_red.jpg,Soil_Labeled_Data/M_70_80/L_10_20/alluvial/z5716081579514_5a67b978119dcf79cb53e218abca90ab_M_30_40_gray_brown_M_50_60_clay_red.jpg,226266495a46b02b41ef,phash:4fd845fe0a85faf8,train,c90c2aff5fc17d6e30a2590bf33297217f1abe430f59a6b8f68cb03679ffe43f,75,79,7,11,False
Soil_Labeled_Data/M_70_80/L_10_20/alluvial/z5716081662580_90fe70bd39227686c8ca01467428faf4_M_30_40_gray_brown_M_50_60_dark_brown.jpg,Soil_Labeled_Data/M_70_80/L_10_20/alluvial/z5716081662580_90fe70bd39227686c8ca01467428faf4_M_30_40_gray_brown_M_50_60_dark_brown.jpg,3191d823a9bb634df068,phash:72ba288fa0329d1a,train,e9c5359faa3927106f76b215074c0ba424a21bb2dd196be4928f3fa1bfedf13b,78,84,7,19,False
Soil_Labeled_Data/M_70_80/L_10_20/alluvial/z5716081698408_1104a201030364e4363947fc0b109f20_M_30_40_light_brown_M_40_50_dark_brown_M_60_70_dark_brown.jpg,Soil_Labeled_Data/M_70_80/L_10_20/alluvial/z5716081698408_1104a201030364e4363947fc0b109f20_M_30_40_light_brown_M_40_50_dark_brown_M_60_70_dark_brown.jpg,46880361272b4efdf4a8,phash:0873a96e4ff25a7d,test,186435dff3c157cc3e5060d04d8ebecb6ced802faf587c175c682ea6ab307625,74,79,7,20,False
Soil_Labeled_Data/M_70_80/L_10_20/alluvial/z5716081722638_c5469396c1e35eacca15c178956594c9_M_30_40_gray_brown_M_50_60_clay_red.jpg,Soil_Labeled_Data/M_70_80/L_10_20/alluvial/z5716081722638_c5469396c1e35eacca15c178956594c9_M_30_40_gray_brown_M_50_60_clay_red.jpg,bf48d2e34f25943e04a0,phash:5842a5560e2b0093,train,ee88659df0e56bd7d648b4955b5d970b36a09e710d09f19a02907cb915c9e989,71,77,7,19,False
Soil_Labeled_Data/M_70_80/L_10_20/alluvial/z5716081741279_e6dcbcb3d2252e27194aab74ebc27762_M_30_40_gray_brown_M_50_60_dark_brown.jpg,Soil_Labeled_Data/M_70_80/L_10_20/alluvial/z5716081741279_e6dcbcb3d2252e27194aab74ebc27762_M_30_40_gray_brown_M_50_60_dark_brown.jpg,38067709a3bc56c34dbf,phash:54cb67f494406537,train,01e671203a8c0f6259f24872c9e5b91bd8fcb32494d6baaf66641ad1eba220eb,73,79,7,16,False
Soil_Labeled_Data/M_70_80/L_10_20/alluvial/z5716081772943_2fb347b31f759bb077e09ce9344a4b18_M_30_40_gray_brown_M_40_50_gray_brown_M_60_70_clay_red.jpg,Soil_Labeled_Data/M_70_80/L_10_20/alluvial/z5716081772943_2fb347b31f759bb077e09ce9344a4b18_M_30_40_gray_brown_M_40_50_gray_brown_M_60_70_clay_red.jpg,720537d3255443eddc0c,phash:698364e78eb36e60,train,39366b869e35a373f67923b012dc13a405a85ac92e4fc52fc9c1a400dea08d9d,75,78,7,20,False
Soil_Labeled_Data/M_70_80/L_10_20/alluvial/z5716081772943_2fb347b31f759bb077e09ce9344a4b18_M_30_40_light_brown_M_50_60_dark_brown_M_60_70_dark_brown.jpg,Soil_Labeled_Data/M_70_80/L_10_20/alluvial/z5716081772943_2fb347b31f759bb077e09ce9344a4b18_M_30_40_light_brown_M_50_60_dark_brown_M_60_70_dark_brown.jpg,7bee23e20f9862b9370a,phash:01c05f275d76123f,validation,1a478a5e3ab60eae9ce7a661bdf195da5afb8766048e77741604554d1fad9dc8,72,76,7,10,False
Soil_Labeled_Data/M_70_80/L_10_20/alluvial/z5716081793488_8e267ac7db26534a784551ddef1bbd5f_M_30_40_clayish_red_M_40_50_gray_brown_M_50_60_gray_brown_M_60_70_clay_red.jpg,Soil_Labeled_Data/M_70_80/L_10_20/alluvial/z5716081793488_8e267ac7db26534a784551ddef1bbd5f_M_30_40_clayish_red_M_40_50_gray_brown_M_50_60_gray_brown_M_60_70_clay_red.jpg,c7679c7badc7a5205f37,phash:4756c126639a1165,train,6db7b21607e267f9ab33195f9ef585628c7821037d66c93ca11f3437ce668a16,74,79,7,13,False
Soil_Labeled_Data/M_70_80/L_10_20/alluvial/z5716081793488_8e267ac7db26534a784551ddef1bbd5f_M_30_40_gray_brown_M_40_50_gray_brown_M_50_60_clay_red.jpg,Soil_Labeled_Data/M_70_80/L_10_20/alluvial/z5716081793488_8e267ac7db26534a784551ddef1bbd5f_M_30_40_gray_brown_M_40_50_gray_brown_M_50_60_clay_red.jpg,6ca2553189aaf8034d5b,phash:c69700553aed63d9,validation,64a18053e229e2b76376170dc5c74840d9c4e5eb937151e3b9e75eb690cab652,77,82,7,11,False
Soil_Labeled_Data/M_70_80/L_10_20/alluvial/z5716081805208_48402b457cdf22dfa132f7652a7f995f_M_30_40_light_brown_M_50_60_dark_brown_M_60_70_clay_red.jpg,Soil_Labeled_Data/M_70_80/L_10_20/alluvial/z5716081805208_48402b457cdf22dfa132f7652a7f995f_M_30_40_light_brown_M_50_60_dark_brown_M_60_70_clay_red.jpg,23e5475b5037ba77b666,phash:4756c126639a1165,train,915d6ca8d437d619fcc50b93d99c60826a15e8a978fbfa40159e276d45a8de9a,74,76,7,12,False
Soil_Labeled_Data/M_70_80/L_20_30/alluvial/IMG_0057_M_0_10_light_brown_M_40_50_dark_brown_M_60_70_clay_red.jpg,Soil_Labeled_Data/M_70_80/L_20_30/alluvial/IMG_0057_M_0_10_light_brown_M_40_50_dark_brown_M_60_70_clay_red.jpg,c22d31f65b249b4ea09a,phash:8476ce23020249fd,train,37e90626135ea51d1dec1f24c7e6622b409a47fad9038d5688581c3eb8fbfa9d,77,82,7,28,False
Soil_Labeled_Data/M_70_80/L_20_30/alluvial/IMG_0068_M_0_10_clayish_red_M_40_50_dark_brown_M_60_70_clay_red.jpg,Soil_Labeled_Data/M_70_80/L_20_30/alluvial/IMG_0068_M_0_10_clayish_red_M_40_50_dark_brown_M_60_70_clay_red.jpg,c2b3cba06e8147d9e0d4,phash:fb2d21f2c87c356c,train,97eb51b3d9ec19c6430219de826b34ad3e4aba34ed2388d241fb3be011ecf8d3,80,81,7,27,False
Soil_Labeled_Data/M_70_80/L_20_30/alluvial/IMG_0068_M_0_10_light_brown_M_40_50_gray_brown_M_50_60_gray_brown_M_60_70_clay_red.jpg,Soil_Labeled_Data/M_70_80/L_20_30/alluvial/IMG_0068_M_0_10_light_brown_M_40_50_gray_brown_M_50_60_gray_brown_M_60_70_clay_red.jpg,29ffb55f0429a9040588,phash:fb2d21f2c87c356c,train,90df8a978b9306332ea4802ed8ddbdc96b38198d699c57c30e2643508fb91d99,73,78,7,27,False
Soil_Labeled_Data/M_70_80/L_20_30/alluvial/IMG_0502_M_10_20_pale_yellow_M_40_50_gray_brown_M_60_70_clay_red.jpg,Soil_Labeled_Data/M_70_80/L_20_30/alluvial/IMG_0502_M_10_20_pale_yellow_M_40_50_gray_brown_M_60_70_clay_red.jpg,8d5f501770120925aa07,phash:2977e23d0929cfa6,test,50d2b2649bf3b03ecb7252dd992918d58839ef80d68f8e80b6ffdd6f803b0f44,80,82,7,20,False
Soil_Labeled_Data/M_70_80/L_20_30/alluvial/IMG_0504_M_10_20_light_brown_M_40_50_gray_brown_M_50_60_clay_red.jpg,Soil_Labeled_Data/M_70_80/L_20_30/alluvial/IMG_0504_M_10_20_light_brown_M_40_50_gray_brown_M_50_60_clay_red.jpg,8e9fdc4415216af69e9b,phash:68c0216d4e775305,train,9894631894ebcac1f62124afa96fcd3a943fcdd138adb7c4521d41490e2d459d,75,77,7,24,False
Soil_Labeled_Data/M_70_80/L_20_30/alluvial/IMG_0505_M_10_20_gray_brown_M_40_50_gray_brown_M_50_60_dark_brown.jpg,Soil_Labeled_Data/M_70_80/L_20_30/alluvial/IMG_0505_M_10_20_gray_brown_M_40_50_gray_brown_M_50_60_dark_brown.jpg,e4c1da64bb61ce973ef1,phash:b33553afc04cc567,train,39b0a13a859a86bc1ead5266fee767ccebcf55179bfc1aa00865dc37cc41af2a,76,80,7,23,False
Soil_Labeled_Data/M_70_80/L_20_30/alluvial/IMG_0505_M_10_20_gray_brown_M_40_50_gray_brown_M_50_60_gray_brown_M_60_70_clay_red.jpg,Soil_Labeled_Data/M_70_80/L_20_30/alluvial/IMG_0505_M_10_20_gray_brown_M_40_50_gray_brown_M_50_60_gray_brown_M_60_70_clay_red.jpg,bdb7dcac830b3be5723d,phash:666e0033679ad081,train,424c77f479adac0255ab76c312dede12a07b8b800c1479c708760fb1c462a664,77,81,7,25,False
Soil_Labeled_Data/M_70_80/L_20_30/alluvial/IMG_0506_M_10_20_clayish_red_M_40_50_gray_brown_M_50_60_dark_brown.jpg,Soil_Labeled_Data/M_70_80/L_20_30/alluvial/IMG_0506_M_10_20_clayish_red_M_40_50_gray_brown_M_50_60_dark_brown.jpg,39199fe1deccd58f33ef,phash:d4cac56fbf8548b6,test,d8ed008ac8036d848a8c9030adaf5e851a3c4f01e5cc857b4977a5966dcada06,80,83,7,25,False
Soil_Labeled_Data/M_70_80/L_20_30/alluvial/IMG_0510_M_10_20_light_brown_M_40_50_gray_brown_M_60_70_clay_red.jpg,Soil_Labeled_Data/M_70_80/L_20_30/alluvial/IMG_0510_M_10_20_light_brown_M_40_50_gray_brown_M_60_70_clay_red.jpg,58b32718be02a297bdbe,phash:33784c06279c45c9,test,5216f01cb1f6123271ece4a389d598c3c364caa84afc767579c2d90ef08bd31a,72,77,7,26,False
Soil_Labeled_Data/M_70_80/L_20_30/alluvial/IMG_0514_M_10_20_clayish_red_M_40_50_light_brown_M_50_60_clay_red.jpg,Soil_Labeled_Data/M_70_80/L_20_30/alluvial/IMG_0514_M_10_20_clayish_red_M_40_50_light_brown_M_50_60_clay_red.jpg,3670d4144689606cd993,phash:54782112c471a7dd,validation,ecd3b56529993d7ef60af647aa4290c7b3ff3a458b925f4fee9dc95d13e93ba3,79,82,7,30,False
Soil_Labeled_Data/M_70_80/L_20_30/alluvial/IMG_0515_M_10_20_pale_yellow_M_40_50_light_brown_M_50_60_dark_brown.jpg,Soil_Labeled_Data/M_70_80/L_20_30/alluvial/IMG_0515_M_10_20_pale_yellow_M_40_50_light_brown_M_50_60_dark_brown.jpg,28a4c6a47c9b8ab3bcd0,phash:f4840b581e6dd76a,train,989e50b435b40a137d324a279e4186de6527bfc254b18dab2e5823b5155c04c2,70,74,7,24,False
Soil_Labeled_Data/M_70_80/L_20_30/alluvial/IMG_0516_M_10_20_gray_brown_M_40_50_light_brown_M_50_60_dark_brown_M_60_70_clay_red.jpg,Soil_Labeled_Data/M_70_80/L_20_30/alluvial/IMG_0516_M_10_20_gray_brown_M_40_50_light_brown_M_50_60_dark_brown_M_60_70_clay_red.jpg,dbae417a405d913c3d69,phash:94504f8b15c25eb0,train,f0556e330b5e155d1f50237230cbb5542edd84cd48487eb9fe079886b99cc815,79,84,7,20,False
Soil_Labeled_Data/M_70_80/L_20_30/alluvial/z5716143802989_a04eb3c221a7cff6d3c442ea723574d8_M_30_40_gray_brown_M_50_60_dark_brown_M_60_70_clay_red.jpg,Soil_Labeled_Data/M_70_80/L_20_30/alluvial/z5716143802989_a04eb3c221a7cff6d3c442ea723574d8_M_30_40_gray_brown_M_50_60_dark_brown_M_60_70_clay_red.jpg,7beaa055921aa2342fc2,phash:52ee62cbe9613b75,test,6b5c0f8cdcc66d312ffe130fc31af8c267a6270789d317dbf2ff53853f85cc4c,74,79,7,22,False
Soil_Labeled_Data/M_70_80/L_20_30/alluvial/z5716143884036_b02bdfc16942b9a4a8029ffa42d721fa_M_30_40_gray_brown_M_50_60_clay_red.jpg,Soil_Labeled_Data/M_70_80/L_20_30/alluvial/z5716143884036_b02bdfc16942b9a4a8029ffa42d721fa_M_30_40_gray_brown_M_50_60_clay_red.jpg,e8597c789770d09b4d87,phash:1323798deece8975,train,709aebe779615bbbc4e85a120a86618dac01e9f35d64c89ebab5ddeddf8582d4,73,77,7,22,False
Soil_Labeled_Data/M_70_80/L_20_30/alluvial/z5716143971881_3b7ae01df4bd18ac6697e43919b461a8_M_30_40_light_brown_M_50_60_dark_brown.jpg,Soil_Labeled_Data/M_70_80/L_20_30/alluvial/z5716143971881_3b7ae01df4bd18ac6697e43919b461a8_M_30_40_light_brown_M_50_60_dark_brown.jpg,759c88026a6261ab3e1c,phash:3a1e8ff119bb677a,test,e2d33db26178cb3ad62c0f6c011c81bd8cf4ca63464a001da157eb90a04e1639,70,75,7,29,False
Soil_Labeled_Data/M_70_80/L_20_30/alluvial/z5716144083688_2c23641d859dd12e7ca459c954f4e5a3_M_30_40_gray_brown_M_40_50_gray_brown_M_50_60_dark_brown_M_60_70_clay_red.jpg,Soil_Labeled_Data/M_70_80/L_20_30/alluvial/z5716144083688_2c23641d859dd12e7ca459c954f4e5a3_M_30_40_gray_brown_M_40_50_gray_brown_M_50_60_dark_brown_M_60_70_clay_red.jpg,534cb91292bd1767d4ea,phash:91b121c2b098a87b,train,22e3601a95da8266cdab42cedc574b43f457baf916e6d6566617389c230f8a37,77,81,7,30,False
Soil_Labeled_Data/M_70_80/L_20_30/alluvial/z5716144132663_b70f7b9be95a4c936673e9107c9809f3_M_30_40_pale_yellow_M_40_50_gray_brown_M_50_60_clay_red.jpg,Soil_Labeled_Data/M_70_80/L_20_30/alluvial/z5716144132663_b70f7b9be95a4c936673e9107c9809f3_M_30_40_pale_yellow_M_40_50_gray_brown_M_50_60_clay_red.jpg,871f339e4236e608a7c1,phash:fabf81d21febb44c,train,023e0b0bc0c72ef77679a18021c7078113264e8dfb60111a99346f0d06b8d3c7,78,82,7,29,False
Soil_Labeled_Data/M_70_80/L_20_30/alluvial/z5716144284037_44127132185b5cccfae5b4beda32cc38_M_30_40_clayish_red_M_40_50_light_brown_M_50_60_dark_brown_M_60_70_clay_red.jpg,Soil_Labeled_Data/M_70_80/L_20_30/alluvial/z5716144284037_44127132185b5cccfae5b4beda32cc38_M_30_40_clayish_red_M_40_50_light_brown_M_50_60_dark_brown_M_60_70_clay_red.jpg,3b4695356d8c5d9e032d,phash:c790d44403efbf2c,test,2d4632beffab291d4d0adb7382ac9435c25244cd5f54e102111f926cebf65eff,77,82,7,26,False
Soil_Labeled_Data/M_70_80/L_20_30/alluvial/z5716144322709_8f70df660518e4d32c3fa16707b39049_M_30_40_gray_brown_M_50_60_dark_brown.jpg,Soil_Labeled_Data/M_70_80/L_20_30/alluvial/z5716144322709_8f70df660518e4d32c3fa16707b39049_M_30_40_gray_brown_M_50_60_dark_brown.jpg,cbf9c6b4fbc1e2a8cc1d,phash:541c85f6d7388d87,train,c971611c2a6475bbad8c5ba374ca60faacaa176cd7ddfa2e9b8cd0436876b5e1,71,73,7,26,False
Soil_Labeled_Data/M_70_80/L_20_30/alluvial/z5716144322709_8f70df660518e4d32c3fa16707b39049_M_30_40_light_brown_M_40_50_gray_brown_M_50_60_clay_red.jpg,Soil_Labeled_Data/M_70_80/L_20_30/alluvial/z5716144322709_8f70df660518e4d32c3fa16707b39049_M_30_40_light_brown_M_40_50_gray_brown_M_50_60_clay_red.jpg,9ff1a0acf86226ee48ca,phash:1172c517cfb77335,test,4f4e3cc2722806fbe8bd35eda421ac7535ec7f1fdd02212454efebc06c61448e,76,78,7,22,False
Soil_Labeled_Data/M_70_80/L_30_40/alluvial/IMG_0098_M_0_10_pale_yellow_M_40_50_gray_brown_M_50_60_dark_brown_M_60_70_dark_brown.jpg,Soil_Labeled_Data/M_70_80/L_30_40/alluvial/IMG_0098_M_0_10_pale_yellow_M_40_50_gray_brown_M_50_60_dark_brown_M_60_70_dark_brown.jpg,2ef2358861d0d4ac9874,phash:f01c359cc88566ef,train,fa9d5245a3118f47e3743279634dd2b043a96b7cabcf3231545885058b61ac01,78,83,7,40,False
Soil_Labeled_Data/M_70_80/L_30_40/alluvial/IMG_0098_M_0_10_pale_yellow_M_40_50_gray_brown_M_60_70_clay_red.jpg,Soil_Labeled_Data/M_70_80/L_30_40/alluvial/IMG_0098_M_0_10_pale_yellow_M_40_50_gray_brown_M_60_70_clay_red.jpg,7e4d7120b23a64b3d76b,phash:f01c359cc88566ef,train,0e2b9de7a57f0d9c7abcd36818b2c0df3456f200741c039f6d98a6c810e5779f,71,75,7,36,False
Soil_Labeled_Data/M_70_80/L_30_40/alluvial/IMG_0100_M_0_10_clayish_red_M_40_50_gray_brown_M_50_60_dark_brown.jpg,Soil_Labeled_Data/M_70_80/L_30_40/alluvial/IMG_0100_M_0_10_clayish_red_M_40_50_gray_brown_M_50_60_dark_brown.jpg,a50a43eda47e4834d28d,phash:f285b4af27e70749,train,4aee3fd07e0415d2a8708b0647010229ee38afecc52ca4ecccaf1b7b0bf018cd,75,79,7,33,False
Soil_Labeled_Data/M_70_80/L_30_40/alluvial/IMG_0103_M_0_10_clayish_red_M_40_50_dark_brown_M_60_70_dark_brown.jpg,Soil_Labeled_Data/M_70_80/L_30_40/alluvial/IMG_0103_M_0_10_clayish_red_M_40_50_dark_brown_M_60_70_dark_brown.jpg,b8d7850998b6a2a44a6e,phash:df19bd7121c3deb8,test,ccef033a697b92f22aab0ddfa6463fd5e0f8f1d1e0c7422f459e6caa5dc797ee,70,73,7,32,False
Soil_Labeled_Data/M_70_80/L_30_40/alluvial/IMG_0113_M_0_10_pale_yellow_M_40_50_light_brown_M_50_60_dark_brown.jpg,Soil_Labeled_Data/M_70_80/L_30_40/alluvial/IMG_0113_M_0_10_pale_yellow_M_40_50_light_brown_M_50_60_dark_brown.jpg,31cd55b232516828e29a,phash:fa99784640564d0a,train,e24cf9193c88b82b81ac1baabe1236d06730ceee8b262d0c62494f3907657dc6,74,78,7,38,False
Soil_Labeled_Data/M_70_80/L_30_40/alluvial/IMG_0545_M_10_20_gray_brown_M_40_50_light_brown_M_50_60_dark_brown.jpg,Soil_Labeled_Data/M_70_80/L_30_40/alluvial/IMG_0545_M_10_20_gray_brown_M_40_50_light_brown_M_50_60_dark_brown.jpg,f378c1c5596a41572db5,phash:1f63adda602b4998,train,63432c6000480378d76cd56faaa9b59112e319d667dd267711969bb419ab4839,80,84,7,32,False
Soil_Labeled_Data/M_70_80/L_30_40/alluvial/IMG_0549_M_10_20_light_brown_M_40_50_light_brown_M_50_60_clay_red.jpg,Soil_Labeled_Data/M_70_80/L_30_40/alluvial/IMG_0549_M_10_20_light_brown_M_40_50_light_brown_M_50_60_clay_red.jpg,f8f740b6391fa9cf14b4,phash:5af44fcdc59439fe,train,7fa93aa693e6c1f8bbe81fb062fb91b8e235973049d9b6e18a09c084511974e4,71,76,7,39,False
Soil_Labeled_Data/M_70_80/L_30_40/alluvial/IMG_0551_M_10_20_light_brown_M_40_50_gray_brown_M_50_60_clay_red.jpg,Soil_Labeled_Data/M_70_80/L_30_40/alluvial/IMG_0551_M_10_20_light_brown_M_40_50_gray_brown_M_50_60_clay_red.jpg,9ad9ca5ba158c922a291,phash:e68869e5052b62ca,train,db79674f4680113e70a67031d76378f8746726da7e1c0efdcfcb9a349c642c76,72,77,7,31,False
Soil_Labeled_Data/M_70_80/L_30_40/alluvial/IMG_0553_M_10_20_light_brown_M_40_50_dark_brown_M_60_70_dark_brown.jpg,Soil_Labeled_Data/M_70_80/L_30_40/alluvial/IMG_0553_M_10_20_light_brown_M_40_50_dark_brown_M_60_70_dark_brown.jpg,da21041c10e6a0fbf3ed,phash:043c318cccb80e17,train,345ccda66a47dadaf129e284922a56b94844bbc09f09e21790eab86cf020a383,72,76,7,40,False
Soil_Labeled_Data/M_70_80/L_30_40/alluvial/IMG_0554_M_10_20_light_brown_M_40_50_gray_brown_M_50_60_dark_brown_M_60_70_clay_red.jpg,Soil_Labeled_Data/M_70_80/L_30_40/alluvial/IMG_0554_M_10_20_light_brown_M_40_50_gray_brown_M_50_60_dark_brown_M_60_70_clay_red.jpg,36a3a39ad8e57ef9ba0b,phash:e5f1bf05b11dc4a6,train,6c544acfe6777ad824272cba33af2f056da72e1ee82a64e21cafb16b141939bf,78,82,7,37,False
Soil_Labeled_Data/M_70_80/L_30_40/alluvial/IMG_0556_M_10_20_gray_brown_M_40_50_light_brown_M_50_60_dark_brown_M_60_70_dark_brown.jpg,Soil_Labeled_Data/M_70_80/L_30_40/alluvial/IMG_0556_M_10_20_gray_brown_M_40_50_light_brown_M_50_60_dark_brown_M_60_70_dark_brown.jpg,46d24919a76709d2d1e9,phash:daa0dce101fa60b2,train,83301908f2d1e0f1774b79408f3eb94a2186efbd7962682ddfc6228bc60bff0b,75,79,7,40,False
Soil_Labeled_Data/M_70_80/L_30_40/alluvial/IMG_0558_M_10_20_light_brown_M_40_50_light_brown_M_50_60_clay_red.jpg,Soil_Labeled_Data/M_70_80/L_30_40/alluvial/IMG_0558_M_10_20_light_brown_M_40_50_light_brown_M_50_60_clay_red.jpg,060ab918d09d12253ecc,phash:24d6e849b24f4f55,train,307ad22ce73914af8c49a68c9cd76046726fb84db86861776e4c8db26e4e73e9,72,73,7,35,False
Soil_Labeled_Data/M_70_80/L_30_40/alluvial/IMG_0561_M_10_20_clayish_red_M_40_50_light_brown_M_50_60_clay_red.jpg,Soil_Labeled_Data/M_70_80/L_30_40/alluvial/IMG_0561_M_10_20_clayish_red_M_40_50_light_brown_M_50_60_clay_red.jpg,7ed04d40d33fba68a0ab,phash:7c2c3b810043549e,train,3c12283b169ded4783a2c80eaccbb1d367bf88901feaefb081c6ae1d5b6b83c9,71,72,7,32,False
Soil_Labeled_Data/M_70_80/L_30_40/alluvial/z5716113582590_c1f59f1cd35db605de2ac5249cd439b0_M_30_40_clayish_red_M_40_50_gray_brown_M_50_60_dark_brown.jpg,Soil_Labeled_Data/M_70_80/L_30_40/alluvial/z5716113582590_c1f59f1cd35db605de2ac5249cd439b0_M_30_40_clayish_red_M_40_50_gray_brown_M_50_60_dark_brown.jpg,b48ab824f18d572942da,phash:6408beb1a56a96d0,validation,bacb436a9bec70c0147f5ba7f9b9a255897942d899c4f08388b01a013a4d3e21,70,74,7,39,False
Soil_Labeled_Data/M_70_80/L_30_40/alluvial/z5716113582590_c1f59f1cd35db605de2ac5249cd439b0_M_30_40_light_brown_M_40_50_dark_brown_M_60_70_clay_red.jpg,Soil_Labeled_Data/M_70_80/L_30_40/alluvial/z5716113582590_c1f59f1cd35db605de2ac5249cd439b0_M_30_40_light_brown_M_40_50_dark_brown_M_60_70_clay_red.jpg,05e043762cfefecf8126,phash:6408beb1a56a96d0,validation,448d1292acebed41d8f7d1030569221925a3a6a27dea571722c745aef9a7abb4,73,75,7,39,False
Soil_Labeled_Data/M_70_80/L_30_40/alluvial/z5716113679540_d7ab319e31c41af206e2d03ad2b15725_M_30_40_gray_brown_M_40_50_gray_brown_M_50_60_dark_brown.jpg,Soil_Labeled_Data/M_70_80/L_30_40/alluvial/z5716113679540_d7ab319e31c41af206e2d03ad2b15725_M_30_40_gray_brown_M_40_50_gray_brown_M_50_60_dark_brown.jpg,5d5e76b070de3433e0b3,phash:e4c12a0978536b7d,train,c6138e6fb4b7f56224d3c02b1f3a2b4cdfa72124d57f185f470195b2e2c716c4,71,76,7,32,False
Soil_Labeled_Data/M_70_80/L_30_40/alluvial/z5716113728055_dd08551aa6ea83b557da7365c80ea990_M_30_40_gray_brown_M_50_60_clay_red.jpg,Soil_Labeled_Data/M_70_80/L_30_40/alluvial/z5716113728055_dd08551aa6ea83b557da7365c80ea990_M_30_40_gray_brown_M_50_60_clay_red.jpg,f171e465d9eca67e6f3a,phash:e83ae9b27690ee64,train,3d0ed1637dbda33b92cf6ae120d4cab93cb8380b4d67bd35228d8ca43b4a5778,78,83,7,35,False
Soil_Labeled_Data/M_70_80/L_30_40/alluvial/z5716113879850_447b9ea1dd28b71c4c2a3579561cee3f_M_30_40_light_brown_M_40_50_gray_brown_M_60_70_dark_brown.jpg,Soil_Labeled_Data/M_70_80/L_30_40/alluvial/z5716113879850_447b9ea1dd28b71c4c2a3579561cee3f_M_30_40_light_brown_M_40_50_gray_brown_M_60_70_dark_brown.jpg,1e3ffb3a9c944a8a8666,phash:823d96d5f866f1a3,train,fceca7ad865235ccde69cf8166bede6f1dc7e010905b7365243f6991e0211a7b,75,79,7,31,False
Soil_Labeled_Data/M_70_80/L_30_40/alluvial/z5716116095651_7302dffdd0922f72ed36881d27ffff3b_M_30_40_gray_brown_M_50_60_dark_brown.jpg,Soil_Labeled_Data/M_70_80/L_30_40/alluvial/z5716116095651_7302dffdd0922f72ed36881d27ffff3b_M_30_40_gray_brown_M_50_60_dark_brown.jpg,11507e220f447bb34464,phash:284a765042b72a3a,train,d711d957c21c3a90970f5827d9b579e1bb1158742d210676e5cda66766de0a5f,80,81,7,32,False
Soil_Labeled_Data/M_70_80/L_30_40/alluvial/z5716116121668_8ca2d1786b81d9113c9a520cd9bb5832_M_30_40_gray_brown_M_50_60_dark_brown.jpg,Soil_Labeled_Data/M_70_80/L_30_40/alluvial/z5716116121668_8ca2d1786b81d9113c9a520cd9bb5832_M_30_40_gray_brown_M_50_60_dark_brown.jpg,28d37cccd7c1177bcd27,phash:b1efb47043fc842a,train,89d7c73758aeba58ec2ac691eded8fb2df18408e583d7013997f2e6d11492640,76,81,7,37,False
Soil_Labeled_Data/M_70_80/L_40_50/alluvial/IMG_0152_M_0_10_light_brown_M_40_50_gray_brown_M_60_70_clay_red.jpg,Soil_Labeled_Data/M_70_80/L_40_50/alluvial/IMG_0152_M_0_10_light_brown_M_40_50_gray_brown_M_60_70_clay_red.jpg,58e7e497717b2fc51436,phash:38628faaea372908,validation,5214e1e370f0369c299024a90bda6f6e035f4b1f52d0a917d91a77424a776c70,79,80,7,44,False
Soil_Labeled_Data/M_70_80/L_40_50/alluvial/IMG_0153_M_0_10_gray_brown_M_40_50_gray_brown_M_50_60_clay_red.jpg,Soil_Labeled_Data/M_70_80/L_40_50/alluvial/IMG_0153_M_0_10_gray_brown_M_40_50_gray_brown_M_50_60_clay_red.jpg,f8d8499bf67582fd0c9d,phash:b8d7b2bffe0b868f,train,38bb3f766f2aa79dde3120216f931963cef6e646788aa2f5f2407057ccb4a5ab,70,74,7,48,False
Soil_Labeled_Data/M_70_80/L_40_50/alluvial/IMG_0156_M_0_10_gray_brown_M_40_50_gray_brown_M_50_60_dark_brown_M_60_70_clay_red.jpg,Soil_Labeled_Data/M_70_80/L_40_50/alluvial/IMG_0156_M_0_10_gray_brown_M_40_50_gray_brown_M_50_60_dark_brown_M_60_70_clay_red.jpg,076ec53f59c3aa287261,phash:c882cbac884cb390,train,5b94ebee893f27890983c61a43ea68352f78761bcac12cb7449483aafd2c9215,73,73,7,48,False
Soil_Labeled_Data/M_70_80/L_40_50/alluvial/IMG_0159_M_0_10_clayish_red_M_40_50_gray_brown_M_50_60_clay_red.jpg,Soil_Labeled_Data/M_70_80/L_40_50/alluvial/IMG_0159_M_0_10_clayish_red_M_40_50_gray_brown_M_50_60_clay_red.jpg,4ec4699ed1c7c2be283e,phash:351919a7efd95827,train,a1a22334e27f21d2ecdd89e8c69bcb8a89f133496f3a9f8b72a8d67039a16793,73,74,7,42,False
Soil_Labeled_Data/M_70_80/L_40_50/alluvial/IMG_0165_M_0_10_clayish_red_M_40_50_light_brown_M_50_60_clay_red.jpg,Soil_Labeled_Data/M_70_80/L_40_50/alluvial/IMG_0165_M_0_10_clayish_red_M_40_50_light_brown_M_50_60_clay_red.jpg,05a4ea48caef534d9e88,phash:3085ebfb726e58fd,train,03631048e03302e7541666b2cedf52468e956535267654e529cfeca61c3dfd4c,76,78,7,40,False
Soil_Labeled_Data/M_70_80/L_40_50/alluvial/IMG_0169_M_0_10_pale_yellow_M_40_50_light_brown_M_50_60_clay_red.jpg,Soil_Labeled_Data/M_70_80/L_40_50/alluvial/IMG_0169_M_0_10_pale_yellow_M_40_50_light_brown_M_50_60_clay_red.jpg,5d863ee73c822baf0298,phash:e39268df5143025a,train,4ae1c1967baff69fc7ab55af2909831d01424f790be5fbe3451ff7d062696587,75,77,7,43,False
Soil_Labeled_Data/M_70_80/L_40_50/alluvial/IMG_0587_M_10_20_clayish_red_M_40_50_gray_brown_M_60_70_clay_red.jpg,Soil_Labeled_Data/M_70_80/L_40_50/alluvial/IMG_0587_M_10_20_clayish_red_M_40_50_gray_brown_M_60_70_clay_red.jpg,9652533d1306d6625274,phash:5733abd69998f077,validation,ec716a4f4d23df665b0c13edeec01cced157b19e2c9527398644bd3d7d663134,71,75,7,48,False
Soil_Labeled_Data/M_70_80/L_40_50/alluvial/IMG_0588_M_10_20_clayish_red_M_40_50_gray_brown_M_60_70_clay_red.jpg,Soil_Labeled_Data/M_70_80/L_40_50/alluvial/IMG_0588_M_10_20_clayish_red_M_40_50_gray_brown_M_60_70_clay_red.jpg,45b20e8ea5ccdddfeef8,phash:596b4f1071a46f67,train,7afd80e840ba9f5303a93f5a036c22b7021efa410e215fccd7843d75d731453d,79,82,7,47,False
Soil_Labeled_Data/M_70_80/L_40_50/alluvial/IMG_0590_M_10_20_pale_yellow_M_40_50_gray_brown_M_50_60_dark_brown.jpg,Soil_Labeled_Data/M_70_80/L_40_50/alluvial/IMG_0590_M_10_20_pale_yellow_M_40_50_gray_brown_M_50_60_dark_brown.jpg,0f94fb06553b9eba1d97,phash:507b6b1f4054a934,train,8cba37e30b2164d86c3c211b4f05b4850c263c98f8c6cd1761a3243f9b914995,74,75,7,42,False
Soil_Labeled_Data/M_70_80/L_40_50/alluvial/IMG_0590_M_10_20_pale_yellow_M_40_50_gray_brown_M_50_60_dark_brown_M_60_70_dark_brown.jpg,Soil_Labeled_Data/M_70_80/L_40_50/alluvial/IMG_0590_M_10_20_pale_yellow_M_40_50_gray_brown_M_50_60_dark_brown_M_60_70_dark_brown.jpg,6e3818d6956edb8eb54d,phash:507b6b1f4054a934,train,800f1b95a0422f24075864839a615f32df5ef313c8e7ec94a9ee5208a985c470,74,75,7,49,False
Soil_Labeled_Data/M_70_80/L_40_50/alluvial/IMG_0591_M_10_20_gray_brown_M_40_50_light_brown_M_50_60_clay_red.jpg,Soil_Labeled_Data/M_70_80/L_40_50/alluvial/IMG_0591_M_10_20_gray_brown_M_40_50_light_brown_M_50_60_clay_red.jpg,b72ccb2d912e392679bc,phash:2a98fc04f9504a93,train,d8c2855b7ffe5992d0c0bbca531af6837343b278765fc562b4ca5e1148dc4ace,80,82,7,47,False
Soil_Labeled_Data/M_70_80/L_40_50/alluvial/IMG_0591_M_10_20_pale_yellow_M_40_50_gray_brown_M_50_60_dark_brown_M_60_70_dark_brown.jpg,Soil_Labeled_Data/M_70_80/L_40_50/alluvial/IMG_0591_M_10_20_pale_yellow_M_40_50_gray_brown_M_50_60_dark_brown_M_60_70_dark_brown.jpg,10610215801d74531bd4,phash:2a98fc04f9504a93,train,b990ce9603c6c31e99d4598cb5ca582db5148020b7ab9f051bd3ec80bb5305fc,77,77,7,45,False
Soil_Labeled_Data/M_70_80/L_40_50/alluvial/IMG_0593_M_10_20_light_brown_M_40_50_light_brown_M_50_60_gray_brown_M_60_70_dark_brown.jpg,Soil_Labeled_Data/M_70_80/L_40_50/alluvial/IMG_0593_M_10_20_light_brown_M_40_50_light_brown_M_50_60_gray_brown_M_60_70_dark_brown.jpg,92032dba25eb12bb692f,phash:c2d0b4c5d54ef858,validation,2b8ecb791b8386a93664423884c97059a0f2581aaa95c8a9d754e1b506fd66c8,80,81,7,44,False
Soil_Labeled_Data/M_70_80/L_40_50/alluvial/IMG_0595_M_10_20_gray_brown_M_40_50_light_brown_M_50_60_dark_brown.jpg,Soil_Labeled_Data/M_70_80/L_40_50/alluvial/IMG_0595_M_10_20_gray_brown_M_40_50_light_brown_M_50_60_dark_brown.jpg,3700825fad5e0c94df11,phash:38ee9b49340cc8f6,train,3c2b20a2b34e815148225bf61ce69d5ebee0e7dece98c7a32a97bcd6342cabb7,70,73,7,43,False
Soil_Labeled_Data/M_70_80/L_40_50/alluvial/IMG_0596_M_10_20_light_brown_M_40_50_light_brown_M_50_60_dark_brown.jpg,Soil_Labeled_Data/M_70_80/L_40_50/alluvial/IMG_0596_M_10_20_light_brown_M_40_50_light_brown_M_50_60_dark_brown.jpg,22dcc990198415775186,phash:d3d25c51e1d13a41,validation,15d2096c9ee0607c7612cb34b464d7c0adec53b2478cb610ffb08f07d8160b3b,73,74,7,45,False
Soil_Labeled_Data/M_70_80/L_40_50/alluvial/z5719914790582_45835810f70dbeacbf914f09630b68d9_M_30_40_pale_yellow_M_40_50_gray_brown_M_60_70_clay_red.jpg,Soil_Labeled_Data/M_70_80/L_40_50/alluvial/z5719914790582_45835810f70dbeacbf914f09630b68d9_M_30_40_pale_yellow_M_40_50_gray_brown_M_60_70_clay_red.jpg,0b9781f8ba0a885e006c,phash:1c09e6fdb45b5268,test,3d017d9ef05c92a12ec36fe6648af3a8049ca7172fe583c7e3dc31fc74499c56,79,82,7,48,False
Soil_Labeled_Data/M_70_80/L_40_50/alluvial/z5719914924505_76c1acb4c3a03965a67149c70566e117_M_30_40_light_brown_M_50_60_dark_brown_M_60_70_dark_brown.jpg,Soil_Labeled_Data/M_70_80/L_40_50/alluvial/z5719914924505_76c1acb4c3a03965a67149c70566e117_M_30_40_light_brown_M_50_60_dark_brown_M_60_70_dark_brown.jpg,fdfca8622ff216f5b455,phash:716b93cb3852bf57,train,17c87ab7c2cf833aecf2a8cf2903501fec0bfc645d6d4e18340e1248dee2b117,71,75,7,48,False
Soil_Labeled_Data/M_70_80/L_40_50/alluvial/z5719915162784_a4f69c622478efdc49a59a408dfe4b55_M_30_40_gray_brown_M_40_50_gray_brown_M_50_60_clay_red.jpg,Soil_Labeled_Data/M_70_80/L_40_50/alluvial/z5719915162784_a4f69c622478efdc49a59a408dfe4b55_M_30_40_gray_brown_M_40_50_gray_brown_M_50_60_clay_red.jpg,14acabb89c5d7ea8ab9d,phash:67839c1fdfd7f665,test,b163a73bdd3df06ae37eaea0269a4fb88a19d3edd16ad6dcd29dfe2e67871d6a,78,80,7,48,False
Soil_Labeled_Data/M_70_80/L_40_50/alluvial/z5719915191781_9fbc3215a4e768d8a242c9aae23d78e3_M_30_40_gray_brown_M_40_50_light_brown_M_50_60_gray_brown_M_60_70_clay_red.jpg,Soil_Labeled_Data/M_70_80/L_40_50/alluvial/z5719915191781_9fbc3215a4e768d8a242c9aae23d78e3_M_30_40_gray_brown_M_40_50_light_brown_M_50_60_gray_brown_M_60_70_clay_red.jpg,97bd3ca53bc15a4a4565,phash:7fd86c261d9ac446,train,39a91ea063373d5c32adac0530483e1a88b5fcd72a46df6fcb4c47930a10fef5,70,74,7,40,False
Soil_Labeled_Data/M_70_80/L_40_50/alluvial/z5719915206794_043f99c4e48d30a3c242949620c8fbd3_M_30_40_pale_yellow_M_40_50_light_brown_M_50_60_clay_red.jpg,Soil_Labeled_Data/M_70_80/L_40_50/alluvial/z5719915206794_043f99c4e48d30a3c242949620c8fbd3_M_30_40_pale_yellow_M_40_50_light_brown_M_50_60_clay_red.jpg,c7890b833bc4ac48b533,phash:237d3461c22957a5,test,bf8addc960c23fc57e67007b36e86cb04f69f303d37d6cfaf2850fb8af96ef9c,75,78,7,50,False
Soil_Labeled_Data/M_70_80/L_50_60/alluvial/IMG_0196_M_0_10_light_brown_M_40_50_gray_brown_M_50_60_clay_red.jpg,Soil_Labeled_Data/M_70_80/L_50_60/alluvial/IMG_0196_M_0_10_light_brown_M_40_50_gray_brown_M_50_60_clay_red.jpg,e0f0908185334ff5f748,phash:c8300f8708e9afd6,train,ed22548dae2f6bf8c49ec20f0ba51a923d6440c99f8a9fc6785ad4c2ec07a2f6,76,78,7,59,False
Soil_Labeled_Data/M_70_80/L_50_60/alluvial/IMG_0208_M_0_10_light_brown_M_40_50_gray_brown_M_50_60_dark_brown.jpg,Soil_Labeled_Data/M_70_80/L_50_60/alluvial/IMG_0208_M_0_10_light_brown_M_40_50_gray_brown_M_50_60_dark_brown.jpg,5fc8144fe72e692fe009,phash:272fa05db045290a,train,c56fb888bdeffbb075374944c6092e3a7f5e8945917cad218db84ae038cde3a7,76,79,7,53,False
Soil_Labeled_Data/M_70_80/L_50_60/alluvial/IMG_0210_M_0_10_light_brown_M_40_50_light_brown_M_50_60_clay_red.jpg,Soil_Labeled_Data/M_70_80/L_50_60/alluvial/IMG_0210_M_0_10_light_brown_M_40_50_light_brown_M_50_60_clay_red.jpg,a1ca552176dd85983c11,phash:12e5de9a219b300b,train,d75896260543ce24911ada5712bb4e190560662e037e393bfb0ad4efcc7f5814,78,81,7,57,False
Soil_Labeled_Data/M_70_80/L_50_60/alluvial/IMG_0627_M_10_20_clayish_red_M_40_50_gray_brown_M_50_60_dark_brown.jpg,Soil_Labeled_Data/M_70_80/L_50_60/alluvial/IMG_0627_M_10_20_clayish_red_M_40_50_gray_brown_M_50_60_dark_brown.jpg,38b25995f68e684c84ea,phash:559bc98d230bebc4,train,6b6bfed4041b134a3055127a938f42a312cc5d91748b87cab971f741c4ca0755,70,73,7,56,False
Soil_Labeled_Data/M_70_80/L_50_60/alluvial/IMG_0630_M_10_20_gray_brown_M_40_50_gray_brown_M_60_70_dark_brown.jpg,Soil_Labeled_Data/M_70_80/L_50_60/alluvial/IMG_0630_M_10_20_gray_brown_M_40_50_gray_brown_M_60_70_dark_brown.jpg,382ba510abcb4d4698eb,phash:397b60f63f3838c5,test,f8fb1add44d6d701b0e3397c3d479b8b0bf585cb863e7d1fadaa186921dd865a,74,78,7,59,False
Soil_Labeled_Data/M_70_80/L_50_60/alluvial/IMG_0631_M_10_20_light_brown_M_40_50_gray_brown_M_60_70_dark_brown.jpg,Soil_Labeled_Data/M_70_80/L_50_60/alluvial/IMG_0631_M_10_20_light_brown_M_40_50_gray_brown_M_60_70_dark_brown.jpg,aa1483b8ec139a438cf4,phash:0be3776bf5b85f30,train,a67becdd4dc89356e2d5ce00f7689d63b39572d771c5cf967afe4cbe10dc1b51,71,75,7,52,False
Soil_Labeled_Data/M_70_80/L_50_60/alluvial/IMG_0632_M_10_20_clayish_red_M_40_50_gray_brown_M_50_60_dark_brown.jpg,Soil_Labeled_Data/M_70_80/L_50_60/alluvial/IMG_0632_M_10_20_clayish_red_M_40_50_gray_brown_M_50_60_dark_brown.jpg,b815457ced7081aaa274,phash:e41b56e0db0207b7,validation,9d882cf0d6db9473667d32615ef6ca21a7a492a0c30e840e882cdfdff1b0c2c2,70,74,7,55,False
Soil_Labeled_Data/M_70_80/L_50_60/alluvial/IMG_0637_M_10_20_gray_brown_M_40_50_gray_brown_M_50_60_dark_brown_M_60_70_clay_red.jpg,Soil_Labeled_Data/M_70_80/L_50_60/alluvial/IMG_0637_M_10_20_gray_brown_M_40_50_gray_brown_M_50_60_dark_brown_M_60_70_clay_red.jpg,5e0f54a8d74b58baf821,phash:e5aa6b3fa45c86ad,validation,ea3c9e7aee99dfdd71f510edaa015918036e846f617d59fb6f4a95fcc8ebb642,73,75,7,52,False
Soil_Labeled_Data/M_70_80/L_50_60/alluvial/IMG_0642_M_10_20_gray_brown_M_40_50_gray_brown_M_50_60_dark_brown.jpg,Soil_Labeled_Data/M_70_80/L_50_60/alluvial/IMG_0642_M_10_20_gray_brown_M_40_50_gray_brown_M_50_60_dark_brown.jpg,bf3a745a26e20d1b6397,phash:b897f55411018911,train,499392acc93c620f97b83f82d41ef0e73ec85aa4559c74e10701efd9c17c4726,77,80,7,58,False
Soil_Labeled_Data/M_70_80/L_50_60/alluvial/IMG_0642_M_10_20_pale_yellow_M_40_50_light_brown_M_50_60_gray_brown_M_60_70_dark_brown.jpg,Soil_Labeled_Data/M_70_80/L_50_60/alluvial/IMG_0642_M_10_20_pale_yellow_M_40_50_light_brown_M_50_60_gray_brown_M_60_70_dark_brown.jpg,f3b3698f060dcde852b0,phash:b897f55411018911,train,f72413e00be79d555a764b957f4542a446b28c64bc36d1ebde26b65d90c623d1,77,79,7,54,False
Soil_Labeled_Data/M_70_80/L_50_60/alluvial/IMG_0644_M_10_20_light_brown_M_40_50_light_brown_M_50_60_dark_brown.jpg,Soil_Labeled_Data/M_70_80/L_50_60/alluvial/IMG_0644_M_10_20_light_brown_M_40_50_light_brown_M_50_60_dark_brown.jpg,01e5943ddbea33d11722,phash:8f6adc2c4b57fab2,validation,559ac71d204e065323885b4c4019f9bdcfe899c08dec5ac1225ff83ef999fd28,77,81,7,53,False
Soil_Labeled_Data/M_70_80/L_50_60/alluvial/z5719945086578_e3ca39e5b5ab67c958a7fdaed8e174c3_M_30_40_clayish_red_M_40_50_dark_brown_M_60_70_clay_red.jpg,Soil_Labeled_Data/M_70_80/L_50_60/alluvial/z5719945086578_e3ca39e5b5ab67c958a7fdaed8e174c3_M_30_40_clayish_red_M_40_50_dark_brown_M_60_70_clay_red.jpg,e0adb2f06def1311011a,phash:1faff8c0993d0a20,validation,6b4727a2d046dd427d005005290ca92df6212e403802d8fc9a56a452598d8c22,77,81,7,56,False
Soil_Labeled_Data/M_70_80/L_50_60/alluvial/z5719945086578_e3ca39e5b5ab67c958a7fdaed8e174c3_M_30_40_clayish_red_M_40_50_gray_brown_M_50_60_clay_red.jpg,Soil_Labeled_Data/M_70_80/L_50_60/alluvial/z5719945086578_e3ca39e5b5ab67c958a7fdaed8e174c3_M_30_40_clayish_red_M_40_50_gray_brown_M_50_60_clay_red.jpg,4ddd5df2010627f0c313,phash:1faff8c0993d0a20,validation,ea81cf6b85f3f95107f47a96b65d0088e41cdb9eb18c5a49acaddd2dc6aea4da,76,78,7,55,False
Soil_Labeled_Data/M_70_80/L_50_60/alluvial/z5719945165176_3e73bc54f72839349bf7a02f8f5d684c_M_30_40_gray_brown_M_50_60_clay_red.jpg,Soil_Labeled_Data/M_70_80/L_50_60/alluvial/z5719945165176_3e73bc54f72839349bf7a02f8f5d684c_M_30_40_gray_brown_M_50_60_clay_red.jpg,b0899b20cff8ebd5cb34,phash:8773487b49bfdbff,validation,7b1b71ba363dfa2df39a719b0deedfc6d3de72834d0e572c3cffc90dd8cdec3f,79,80,7,55,False
Soil_Labeled_Data/M_70_80/L_50_60/alluvial/z5719945326572_38e3e733446eabe3bf00850bf73883e0_M_30_40_light_brown_M_50_60_clay_red.jpg,Soil_Labeled_Data/M_70_80/L_50_60/alluvial/z5719945326572_38e3e733446eabe3bf00850bf73883e0_M_30_40_light_brown_M_50_60_clay_red.jpg,da740d4c2b855228ee96,phash:ae5e6bb93e10e1eb,train,489de00c347e7890636e563878a743d27f95c606f879afbe82251cbdc1456cb1,78,79,7,54,False
Soil_Labeled_Data/M_70_80/L_50_60/alluvial/z5719945326572_38e3e733446eabe3bf00850bf73883e0_M_30_40_pale_yellow_M_40_50_gray_brown_M_50_60_dark_brown.jpg,Soil_Labeled_Data/M_70_80/L_50_60/alluvial/z5719945326572_38e3e733446eabe3bf00850bf73883e0_M_30_40_pale_yellow_M_40_50_gray_brown_M_50_60_dark_brown.jpg,bda2b0d8a721e153bcdf,phash:ae5e6bb93e10e1eb,train,79fa1b02160d43c69df6a924509f88aaea61d89bdc36c7feef8b447c162142bb,80,82,7,57,False
Soil_Labeled_Data/M_70_80/L_50_60/alluvial/z5719945465403_eef403001195b9d5de6375b6fe2e3628_M_30_40_pale_yellow_M_40_50_light_brown_M_50_60_clay_red.jpg,Soil_Labeled_Data/M_70_80/L_50_60/alluvial/z5719945465403_eef403001195b9d5de6375b6fe2e3628_M_30_40_pale_yellow_M_40_50_light_brown_M_50_60_clay_red.jpg,cc93853fa4573af310e9,phash:90a9507b3fdd1392,train,c98ba43e667361ca6a277a7b145b776fb8ecb6e2897bf937694e94f41aabeef8,80,81,7,55,False
Soil_Labeled_Data/M_70_80/L_50_60/alluvial/z5719945494405_a556366a429daf9a78448e62806f33bb_M_30_40_gray_brown_M_40_50_gray_brown_M_60_70_clay_red.jpg,Soil_Labeled_Data/M_70_80/L_50_60/alluvial/z5719945494405_a556366a429daf9a78448e62806f33bb_M_30_40_gray_brown_M_40_50_gray_brown_M_60_70_clay_red.jpg,2a825636676505a34ec2,phash:98cba7f801fd0d43,train,69a3d2b0bcdcb24a43628adb16c2419b3902a326a3148f838b9bdc6af589fddf,79,82,7,59,False
Soil_Labeled_Data/M_70_80/L_50_60/alluvial/z5719945494405_a556366a429daf9a78448e62806f33bb_M_30_40_light_brown_M_50_60_dark_brown.jpg,Soil_Labeled_Data/M_70_80/L_50_60/alluvial/z5719945494405_a556366a429daf9a78448e62806f33bb_M_30_40_light_brown_M_50_60_dark_brown.jpg,41de7075aa0c6e7d202a,phash:98cba7f801fd0d43,train,1b845516b47e5a95a9b96e11ccc810a6da91083238844570be31ec13f5601ba8,71,73,7,53,False
Soil_Labeled_Data/M_70_80/L_50_60/alluvial/z5719945525148_2d147c0909d312302995e4cfa5fe6c26_M_30_40_light_brown_M_50_60_dark_brown.jpg,Soil_Labeled_Data/M_70_80/L_50_60/alluvial/z5719945525148_2d147c0909d312302995e4cfa5fe6c26_M_30_40_light_brown_M_50_60_dark_brown.jpg,1dbcf338104c1ed2ce03,phash:40b73012aead0b15,train,6581d8164fee42b5b50dc582f4212c4e529d6bb0b9f23ad5b56bcb5a52e72b8c,71,75,7,58,False
Soil_Labeled_Data/M_70_80/L_60_70/alluvial/IMG_0241_M_0_10_clayish_red_M_40_50_gray_brown_M_50_60_dark_brown_M_60_70_dark_brown.jpg,Soil_Labeled_Data/M_70_80/L_60_70/alluvial/IMG_0241_M_0_10_clayish_red_M_40_50_gray_brown_M_50_60_dark_brown_M_60_70_dark_brown.jpg,636915db53b70817724c,phash:c54122dc935fea79,train,c0156247ac7bbff3b26f1c70b2839600c6555fde40fecb04d2ce9216af19950f,75,76,7,65,False
Soil_Labeled_Data/M_70_80/L_60_70/alluvial/IMG_0243_M_0_10_gray_brown_M_40_50_light_brown_M_50_60_dark_brown.jpg,Soil_Labeled_Data/M_70_80/L_60_70/alluvial/IMG_0243_M_0_10_gray_brown_M_40_50_light_brown_M_50_60_dark_brown.jpg,8dcd10fddbafa57d5762,phash:2de4e5d09b92659a,train,4d2393fb56bbc949a2a4fe7d89572befbee844a695b5f37c56506271bde6a132,76,76,7,60,False
Soil_Labeled_Data/M_70_80/L_60_70/alluvial/IMG_0249_M_0_10_pale_yellow_M_40_50_light_brown_M_50_60_clay_red.jpg,Soil_Labeled_Data/M_70_80/L_60_70/alluvial/IMG_0249_M_0_10_pale_yellow_M_40_50_light_brown_M_50_60_clay_red.jpg,18d4ff8e7b0d95a484b1,phash:766fecf2e5383231,train,1a4dc8a2206b50b6fa54ea042dbabce3573865f1482fff0f0b08f5b859676b2b,79,80,7,61,False
Soil_Labeled_Data/M_70_80/L_60_70/alluvial/IMG_0250_M_0_10_pale_yellow_M_40_50_dark_brown_M_60_70_dark_brown.jpg,Soil_Labeled_Data/M_70_80/L_60_70/alluvial/IMG_0250_M_0_10_pale_yellow_M_40_50_dark_brown_M_60_70_dark_brown.jpg,df7a94b38e57088be301,phash:7cc0d10041dd5ffd,validation,c81fd138b393c43c1f16e3881b7ba3e8f75fad3f55836dbe87a106ef715e0289,73,75,7,65,False
Soil_Labeled_Data/M_70_80/L_60_70/alluvial/IMG_0254_M_0_10_light_brown_M_40_50_dark_brown_M_60_70_clay_red.jpg,Soil_Labeled_Data/M_70_80/L_60_70/alluvial/IMG_0254_M_0_10_light_brown_M_40_50_dark_brown_M_60_70_clay_red.jpg,3d28fee86ea4f03c9ef8,phash:3a82b527ebf76359,validation,d399163e2b5c151d7569acb92cd785321e13954d6f2bd67be4a8de804a69041c,78,77,7,67,False
Soil_Labeled_Data/M_70_80/L_60_70/alluvial/IMG_0255_M_0_10_gray_brown_M_40_50_dark_brown_M_60_70_dark_brown.jpg,Soil_Labeled_Data/M_70_80/L_60_70/alluvial/IMG_0255_M_0_10_gray_brown_M_40_50_dark_brown_M_60_70_dark_brown.jpg,13af36df10ec77788abe,phash:3a82b527ebf76359,validation,3b24822a71dada6b5e0ebadfc50d014b4e4c3edd1cf09a8b9fa3d103e104ccc6,78,79,7,61,False
Soil_Labeled_Data/M_70_80/L_60_70/alluvial/IMG_0256_M_0_10_pale_yellow_M_40_50_gray_brown_M_50_60_dark_brown_M_60_70_clay_red.jpg,Soil_Labeled_Data/M_70_80/L_60_70/alluvial/IMG_0256_M_0_10_pale_yellow_M_40_50_gray_brown_M_50_60_dark_brown_M_60_70_clay_red.jpg,246c71059ffbe2aabc86,phash:d0d6d4c83d0436b9,train,4d7fd1f8aa6f851e0de415c082f3e1316d263cb2bb65265aa9c34a138be38b1a,80,83,7,61,False
Soil_Labeled_Data/M_70_80/L_60_70/alluvial/IMG_0257_M_0_10_clayish_red_M_40_50_gray_brown_M_50_60_dark_brown_M_60_70_clay_red.jpg,Soil_Labeled_Data/M_70_80/L_60_70/alluvial/IMG_0257_M_0_10_clayish_red_M_40_50_gray_brown_M_50_60_dark_brown_M_60_70_clay_red.jpg,41597c3197ee5b22dcbd,phash:9d900017242f3471,train,80e574e7cac674f3fbfb19aab126522041948eedf478e32bc723ef35746d2f81,79,78,7,65,False
Soil_Labeled_Data/M_70_80/L_60_70/alluvial/IMG_0258_M_0_10_pale_yellow_M_40_50_light_brown_M_50_60_dark_brown.jpg,Soil_Labeled_Data/M_70_80/L_60_70/alluvial/IMG_0258_M_0_10_pale_yellow_M_40_50_light_brown_M_50_60_dark_brown.jpg,2402a9ae7d8aa250f277,phash:17e978ef03cb2911,validation,2d09d21deae1881e8df67bd622e4c51d564957e29ae45ca9e15df725c3ee1227,80,81,7,63,False
Soil_Labeled_Data/M_70_80/L_60_70/alluvial/IMG_0675_M_10_20_pale_yellow_M_40_50_gray_brown_M_50_60_dark_brown.jpg,Soil_Labeled_Data/M_70_80/L_60_70/alluvial/IMG_0675_M_10_20_pale_yellow_M_40_50_gray_brown_M_50_60_dark_brown.jpg,0da087a283486f6b0740,phash:a428d9fcdf8d24fa,train,ce3617ccc6c6d62fd3536503cbeb4173888f7882ed4a9adc003bba6c33a6bd0e,76,79,7,68,False
Soil_Labeled_Data/M_70_80/L_60_70/alluvial/IMG_0676_M_10_20_clayish_red_M_40_50_gray_brown_M_50_60_dark_brown_M_60_70_clay_red.jpg,Soil_Labeled_Data/M_70_80/L_60_70/alluvial/IMG_0676_M_10_20_clayish_red_M_40_50_gray_brown_M_50_60_dark_brown_M_60_70_clay_red.jpg,50877ffb25b9b2163006,phash:984a40d9cc34abc9,train,debd0a72a261a7b302266dbaaac21be5e38d19067814f18e023216135c9260ca,80,79,7,62,False
Soil_Labeled_Data/M_70_80/L_60_70/alluvial/IMG_0680_M_10_20_light_brown_M_30_40_gray_brown_M_50_60_dark_brown_M_60_70_clay_red.jpg,Soil_Labeled_Data/M_70_80/L_60_70/alluvial/IMG_0680_M_10_20_light_brown_M_30_40_gray_brown_M_50_60_dark_brown_M_60_70_clay_red.jpg,04edfc1084b2f2ee86dd,phash:f1ae61d2650f45e9,train,b296254a791c9b45a751657054c2dd4a22aef6e9f1cbe60d54ff09614d0a8385,72,71,7,68,False
Soil_Labeled_Data/M_70_80/L_60_70/alluvial/IMG_0681_M_10_20_light_brown_M_40_50_gray_brown_M_50_60_dark_brown_M_60_70_dark_brown.jpg,Soil_Labeled_Data/M_70_80/L_60_70/alluvial/IMG_0681_M_10_20_light_brown_M_40_50_gray_brown_M_50_60_dark_brown_M_60_70_dark_brown.jpg,aa6223c9c171a51a51f7,phash:5e8401d92ec70f04,train,8c158416c63169bf4b9f793c2c59860a2bb663e942cd3e11f971bf4109c2b7f3,79,80,7,63,False
Soil_Labeled_Data/M_70_80/L_60_70/alluvial/IMG_0695_M_10_20_clayish_red_M_40_50_gray_brown_M_60_70_clay_red.jpg,Soil_Labeled_Data/M_70_80/L_60_70/alluvial/IMG_0695_M_10_20_clayish_red_M_40_50_gray_brown_M_60_70_clay_red.jpg,e5567e3a67246e642c32,phash:4d2073dc153cb1de,train,bbb0ea451665fcd6d3892b5ca494d3f3c9f03bafccb51938b00727d26313351a,77,78,7,62,False
Soil_Labeled_Data/M_70_80/L_60_70/alluvial/IMG_0695_M_10_20_gray_brown_M_40_50_dark_brown_M_60_70_dark_brown.jpg,Soil_Labeled_Data/M_70_80/L_60_70/alluvial/IMG_0695_M_10_20_gray_brown_M_40_50_dark_brown_M_60_70_dark_brown.jpg,69a6b000446ec374d390,phash:4d2073dc153cb1de,train,0628df1b71b62dd80b0e1aa931adda467291e13e5d363fbea4c0ee404f801436,74,77,7,61,False
Soil_Labeled_Data/M_70_80/L_60_70/alluvial/z5715083885623_9f42a940c20ea1e55af3e06994578004_M_20_30_light_brown_M_30_40_light_brown_M_50_60_gray_brown_M_60_70_dark_brown.jpg,Soil_Labeled_Data/M_70_80/L_60_70/alluvial/z5715083885623_9f42a940c20ea1e55af3e06994578004_M_20_30_light_brown_M_30_40_light_brown_M_50_60_gray_brown_M_60_70_dark_brown.jpg,b66bf90e0c88aae8f390,phash:780eb3e36ab6145a,train,dd58940ff8f7a1aa2be8fd7408411a227c1b4dc2445eaafe7874fe7e44402d64,80,79,7,66,False
Soil_Labeled_Data/M_70_80/L_60_70/alluvial/z5715084050631_480b9ae3c93e9adc09ca30cd0761e10e_M_20_30_pale_yellow_M_30_40_gray_brown_M_50_60_dark_brown_M_60_70_clay_red.jpg,Soil_Labeled_Data/M_70_80/L_60_70/alluvial/z5715084050631_480b9ae3c93e9adc09ca30cd0761e10e_M_20_30_pale_yellow_M_30_40_gray_brown_M_50_60_dark_brown_M_60_70_clay_red.jpg,ca91562f833b2d3155be,phash:c8c63c305b66e060,train,3b0409190c183ffcd01e182337ecd9149783cdfafbe77ed2415a980fa003705c,75,78,7,69,False
Soil_Labeled_Data/M_70_80/L_60_70/alluvial/z5715084165270_22662a8e6cfa3719910b048011f20dc3_M_20_30_light_brown_M_30_40_light_brown_M_50_60_clay_red.jpg,Soil_Labeled_Data/M_70_80/L_60_70/alluvial/z5715084165270_22662a8e6cfa3719910b048011f20dc3_M_20_30_light_brown_M_30_40_light_brown_M_50_60_clay_red.jpg,503ff1366150f34477df,phash:cd45673673b5cc09,train,a795229620f948d4034ce28b208ea7954b38bef15f5acb9d09ba256b4b8ac279,72,75,7,70,False
Soil_Labeled_Data/M_70_80/L_60_70/alluvial/z5715084217100_56ffdcb9a7e21ae938a857822326c4e1_M_20_30_light_brown_M_30_40_light_brown_M_50_60_dark_brown.jpg,Soil_Labeled_Data/M_70_80/L_60_70/alluvial/z5715084217100_56ffdcb9a7e21ae938a857822326c4e1_M_20_30_light_brown_M_30_40_light_brown_M_50_60_dark_brown.jpg,0f2536434c520001c96d,phash:0b0189f76cd4b322,train,6706bdca03161883c7f12856e0d726e71a84aa4123fa796fc24c0a567f13b966,78,80,7,68,False
Soil_Labeled_Data/M_70_80/L_60_70/alluvial/z5715084306747_adff9a454f2d560f7c94ff4d4f1ba239_M_20_30_pale_yellow_M_30_40_light_brown_M_50_60_clay_red.jpg,Soil_Labeled_Data/M_70_80/L_60_70/alluvial/z5715084306747_adff9a454f2d560f7c94ff4d4f1ba239_M_20_30_pale_yellow_M_30_40_light_brown_M_50_60_clay_red.jpg,9cb90bcd670e086fcf9f,phash:809b2d358b7be717,test,7c17113d309bd5edbc70ea8f79f965305fe3ed61a27563a26546ef6be7cd11aa,72,75,7,70,False
Soil_Labeled_Data/M_70_80/L_70_80/alluvial/IMG_0288_M_0_10_gray_brown_M_40_50_light_brown_M_50_60_clay_red.jpg,Soil_Labeled_Data/M_70_80/L_70_80/alluvial/IMG_0288_M_0_10_gray_brown_M_40_50_light_brown_M_50_60_clay_red.jpg,61e4e2f2e1cd99076db1,phash:d2d6c675b39da7f8,train,9177eacde1fe0088e3f99d09bf39a0cc33685c5e4e5ca066d554d947e9e2b6c3,70,72,7,78,False
Soil_Labeled_Data/M_70_80/L_70_80/alluvial/IMG_0288_M_0_10_gray_brown_M_40_50_light_brown_M_50_60_dark_brown_M_60_70_clay_red.jpg,Soil_Labeled_Data/M_70_80/L_70_80/alluvial/IMG_0288_M_0_10_gray_brown_M_40_50_light_brown_M_50_60_dark_brown_M_60_70_clay_red.jpg,dc63d25b51fb6c8439fd,phash:d2d6c675b39da7f8,train,8da8177da9f5153fc4e0ab1538d3b28fea4eb0b0acf33ae2786eab7f9b1ac382,72,74,7,80,False
Soil_Labeled_Data/M_70_80/L_70_80/alluvial/IMG_0295_M_0_10_clayish_red_M_40_50_gray_brown_M_50_60_dark_brown.jpg,Soil_Labeled_Data/M_70_80/L_70_80/alluvial/IMG_0295_M_0_10_clayish_red_M_40_50_gray_brown_M_50_60_dark_brown.jpg,a3a0c9f1c8e12b377cbb,phash:d0bdf9e31c9a9339,train,e2311b510e1277d9bdf8e661259940e9efd3411a4767261376d63b3f6e3434d1,72,72,7,72,False
Soil_Labeled_Data/M_70_80/L_70_80/alluvial/IMG_0301_M_0_10_pale_yellow_M_40_50_dark_brown_M_60_70_dark_brown.jpg,Soil_Labeled_Data/M_70_80/L_70_80/alluvial/IMG_0301_M_0_10_pale_yellow_M_40_50_dark_brown_M_60_70_dark_brown.jpg,0d8f7da70777053f773d,phash:222099dae69a0921,train,31f89116a4d6166fc7d142ff82c2134c7e7f30596df082a90536426e41d5f236,72,75,7,71,False
Soil_Labeled_Data/M_70_80/L_70_80/alluvial/IMG_0698_M_10_20_clayish_red_M_40_50_gray_brown_M_50_60_clay_red.jpg,Soil_Labeled_Data/M_70_80/L_70_80/alluvial/IMG_0698_M_10_20_clayish_red_M_40_50_gray_brown_M_50_60_clay_red.jpg,761c5ceb89a6c581f291,phash:3bb8acb89f03a372,train,6a07dc81534d74eba59c7ecc79057f766d3ea777cb07ab0ee3468a1f369ef1d6,72,71,7,77,False
Soil_Labeled_Data/M_70_80/L_70_80/alluvial/IMG_0699_M_10_20_pale_yellow_M_40_50_gray_brown_M_60_70_clay_red.jpg,Soil_Labeled_Data/M_70_80/L_70_80/alluvial/IMG_0699_M_10_20_pale_yellow_M_40_50_gray_brown_M_60_70_clay_red.jpg,b96fb2adfdfa56c3a8b7,phash:b5220e00f45fa5b8,test,158a8201f27b5e9cfcc14a472024527c7a1a37702221545804e7a940added87f,80,82,7,72,False
Soil_Labeled_Data/M_70_80/L_70_80/alluvial/IMG_0702_M_10_20_clayish_red_M_40_50_gray_brown_M_50_60_dark_brown_M_60_70_dark_brown.jpg,Soil_Labeled_Data/M_70_80/L_70_80/alluvial/IMG_0702_M_10_20_clayish_red_M_40_50_gray_brown_M_50_60_dark_brown_M_60_70_dark_brown.jpg,a014b979de9a494f7b47,phash:da003ea3a8a9acb4,validation,907bde866e6a7edaaa3649d4223a88b3a3a949a862635e1d9900fd6ba5140b35,80,82,7,75,False
Soil_Labeled_Data/M_70_80/L_70_80/alluvial/IMG_0702_M_10_20_pale_yellow_M_30_40_gray_brown_M_50_60_clay_red.jpg,Soil_Labeled_Data/M_70_80/L_70_80/alluvial/IMG_0702_M_10_20_pale_yellow_M_30_40_gray_brown_M_50_60_clay_red.jpg,9b45c9b39f591a27ee99,phash:da003ea3a8a9acb4,validation,2fb911706072c4c221748d7e1eb79f8f3c82188885e13f18c91a28aa7b9f81b8,80,81,7,76,False
Soil_Labeled_Data/M_70_80/L_70_80/alluvial/IMG_0706_M_10_20_light_brown_M_30_40_light_brown_M_50_60_gray_brown_M_60_70_dark_brown.jpg,Soil_Labeled_Data/M_70_80/L_70_80/alluvial/IMG_0706_M_10_20_light_brown_M_30_40_light_brown_M_50_60_gray_brown_M_60_70_dark_brown.jpg,feebbb0aad31a1255e01,phash:da003ea3a8a9acb4,validation,1c46818db570b9b4e39dfbe28e5bcd4697354239b38c42ee4ade196aeb32f88a,78,78,7,76,False
Soil_Labeled_Data/M_70_80/L_70_80/alluvial/IMG_0708_M_10_20_clayish_red_M_40_50_light_brown_M_50_60_clay_red.jpg,Soil_Labeled_Data/M_70_80/L_70_80/alluvial/IMG_0708_M_10_20_clayish_red_M_40_50_light_brown_M_50_60_clay_red.jpg,4fcc937d96d002080788,phash:9d2033d48628688c,train,397bd92c883d070dc231121fbbe5a9fc61c4870d7d703e46df34f09c4e3c2b52,76,78,7,77,False
Soil_Labeled_Data/M_70_80/L_70_80/alluvial/IMG_0710_M_10_20_pale_yellow_M_30_40_gray_brown_M_50_60_clay_red.jpg,Soil_Labeled_Data/M_70_80/L_70_80/alluvial/IMG_0710_M_10_20_pale_yellow_M_30_40_gray_brown_M_50_60_clay_red.jpg,5370ce4f5abafeb3501d,phash:5e8c45f8956cae93,validation,f0cd639f983fcc3365de670e8192213e19d96b2721ecedf17fa68b8e7c2a6a27,77,77,7,76,False
Soil_Labeled_Data/M_70_80/L_70_80/alluvial/IMG_0711_M_10_20_light_brown_M_40_50_light_brown_M_50_60_dark_brown.jpg,Soil_Labeled_Data/M_70_80/L_70_80/alluvial/IMG_0711_M_10_20_light_brown_M_40_50_light_brown_M_50_60_dark_brown.jpg,cba8500a6ed0d14031e8,phash:b9aa2a4a5654395e,train,4a1b15ba9c830b059f64db56df5646a29f5896fec5b419fab9b8d44a819b726c,73,72,7,78,False
Soil_Labeled_Data/M_70_80/L_70_80/alluvial/IMG_0711_M_10_20_light_brown_M_40_50_light_brown_M_50_60_dark_brown_M_60_70_clay_red.jpg,Soil_Labeled_Data/M_70_80/L_70_80/alluvial/IMG_0711_M_10_20_light_brown_M_40_50_light_brown_M_50_60_dark_brown_M_60_70_clay_red.jpg,cb31b30c5659b54ab890,phash:b9aa2a4a5654395e,train,f55445efd21f239d437ec7b638ae86df9b6a79a961183ec76a25c20f10694149,77,77,7,70,False
Soil_Labeled_Data/M_70_80/L_70_80/alluvial/IMG_0715_M_10_20_light_brown_M_40_50_light_brown_M_50_60_dark_brown.jpg,Soil_Labeled_Data/M_70_80/L_70_80/alluvial/IMG_0715_M_10_20_light_brown_M_40_50_light_brown_M_50_60_dark_brown.jpg,b1a8cf29773853899544,phash:04c1aca557db14ee,validation,feaea47a96e17a919086cd4d7286649acf4afe54224a0b47b139c76ef4fb7337,76,78,7,72,False
Soil_Labeled_Data/M_70_80/L_70_80/alluvial/IMG_0716_M_10_20_light_brown_M_40_50_gray_brown_M_50_60_dark_brown.jpg,Soil_Labeled_Data/M_70_80/L_70_80/alluvial/IMG_0716_M_10_20_light_brown_M_40_50_gray_brown_M_50_60_dark_brown.jpg,68bbc6e8507cc6f38acc,phash:ea21b0c5f7c3e0b8,train,86f17ff191c3ffbaf1375f9acfb39dd47a5f4ca1ef811f0feb6a542999f31c55,76,79,7,73,False
Soil_Labeled_Data/M_70_80/L_70_80/alluvial/IMG_0716_M_10_20_light_brown_M_40_50_gray_brown_M_50_60_gray_brown_M_60_70_clay_red.jpg,Soil_Labeled_Data/M_70_80/L_70_80/alluvial/IMG_0716_M_10_20_light_brown_M_40_50_gray_brown_M_50_60_gray_brown_M_60_70_clay_red.jpg,d5a668b2ceeb9bcf84c8,phash:ea21b0c5f7c3e0b8,train,f8d076fe0bdb7440c6aae6883ddf664102b0b6e98890154e3f9421096cd6abae,72,71,7,77,False
Soil_Labeled_Data/M_70_80/L_70_80/alluvial/IMG_0718_M_10_20_pale_yellow_M_30_40_light_brown_M_50_60_dark_brown_M_60_70_dark_brown.jpg,Soil_Labeled_Data/M_70_80/L_70_80/alluvial/IMG_0718_M_10_20_pale_yellow_M_30_40_light_brown_M_50_60_dark_brown_M_60_70_dark_brown.jpg,18ac91aebf621fb841c4,phash:64d2078fe8ee93e9,train,14cf504934be633f093750817c4dd6b3ebdd11faeddd215e904dd45df5ba9b97,77,79,7,77,False
Soil_Labeled_Data/M_70_80/L_70_80/alluvial/z5715141626411_00b983fd5f44402c4bda94b5b928bb00_M_20_30_light_brown_M_30_40_light_brown_M_50_60_clay_red.jpg,Soil_Labeled_Data/M_70_80/L_70_80/alluvial/z5715141626411_00b983fd5f44402c4bda94b5b928bb00_M_20_30_light_brown_M_30_40_light_brown_M_50_60_clay_red.jpg,b7536e686c96d75eade2,phash:58b6b94065785737,train,08164304401b61a6ca4733aa8fc7274e4808504f6dbe982cc22449173b2097cb,73,74,7,75,False
Soil_Labeled_Data/M_70_80/L_70_80/alluvial/z5715141734634_e77f72db46f26975a8a55807dd7433b7_M_20_30_light_brown_M_30_40_light_brown_M_50_60_gray_brown_M_60_70_dark_brown.jpg,Soil_Labeled_Data/M_70_80/L_70_80/alluvial/z5715141734634_e77f72db46f26975a8a55807dd7433b7_M_20_30_light_brown_M_30_40_light_brown_M_50_60_gray_brown_M_60_70_dark_brown.jpg,6502140b7df1996db52f,phash:e24ee0f14f9344e0,train,d5aa5c242ea07490ae10b07df77048617d59cdf6e8aefbab065dbd70b8aee0d3,70,73,7,73,False
Soil_Labeled_Data/M_70_80/L_70_80/alluvial/z5715142111427_710989d5ad90708c35b310578e9c654f_M_20_30_light_brown_M_30_40_gray_brown_M_50_60_dark_brown_M_60_70_clay_red.jpg,Soil_Labeled_Data/M_70_80/L_70_80/alluvial/z5715142111427_710989d5ad90708c35b310578e9c654f_M_20_30_light_brown_M_30_40_gray_brown_M_50_60_dark_brown_M_60_70_clay_red.jpg,5d92a4d238d38486aee1,phash:989c11f801dd17a4,train,754016307ba1f42b0b6ad77d20393a7ca7d5f4eaa0c18b932dfc1321e4111af2,78,78,7,80,False
Soil_Labeled_Data/M_70_80/L_80_90/alluvial/z6637130652283_62ad15ef253db7e1e829509db208b5a0.jpg,Soil_Labeled_Data/M_70_80/L_80_90/alluvial/z6637130652283_62ad15ef253db7e1e829509db208b5a0.jpg,a39df78fc134aad70688,phash:793472f47a53cdb3,train,2398a55bf0b32c91b0a266365202a0f07327d0ed8ad68e733145cefaa16e0065,72,72,7,85,False
Soil_Labeled_Data/M_70_80/L_80_90/alluvial/z6637130652283_62ad15ef253db7e1e829509db208b5a0_aug_01_dark_brown.jpg,Soil_Labeled_Data/M_70_80/L_80_90/alluvial/z6637130652283_62ad15ef253db7e1e829509db208b5a0_aug_01_dark_brown.jpg,410a906929cf732a304f,phash:793472f47a53cdb3,train,f077ff346b6736690c9a791f65d121254d2ca20b69230ba753bb4e1a2cac2981,74,74,7,87,False
Soil_Labeled_Data/M_70_80/L_80_90/alluvial/z6637130697431_6d70a85f4106abdead232fcb5f71f42a.jpg,Soil_Labeled_Data/M_70_80/L_80_90/alluvial/z6637130697431_6d70a85f4106abdead232fcb5f71f42a.jpg,8e0da3fc91d764163d23,phash:07caed62d5c5a351,validation,0c557681e6ad7d51a690efcd580f485f41b15e2e371f69d200951a015970d623,75,77,7,80,False
Soil_Labeled_Data/M_70_80/L_80_90/alluvial/z6637130735106_772755f9dc53b349f090eda92e53e822.jpg,Soil_Labeled_Data/M_70_80/L_80_90/alluvial/z6637130735106_772755f9dc53b349f090eda92e53e822.jpg,e1acb10ee9de7c11c2f4,phash:9273858716ba3bbb,train,5071e19dfea6c57a7a2907e834477697ce93a85b2224957dc529b89db2c73066,75,73,7,87,False
Soil_Labeled_Data/M_70_80/L_80_90/alluvial/z6637130735106_772755f9dc53b349f090eda92e53e822_aug_04_wet_gray.jpg,Soil_Labeled_Data/M_70_80/L_80_90/alluvial/z6637130735106_772755f9dc53b349f090eda92e53e822_aug_04_wet_gray.jpg,92f50ce1229142fa287b,phash:9273858716ba3bbb,train,2f700efda5db45abbbb2527d483e0a3459ccd9a10cbf69d04209cab94170bacb,77,75,7,86,False
Soil_Labeled_Data/M_70_80/L_80_90/alluvial/z6637130772206_bd2a6489188d048aa7c676afdbf0f88f.jpg,Soil_Labeled_Data/M_70_80/L_80_90/alluvial/z6637130772206_bd2a6489188d048aa7c676afdbf0f88f.jpg,e8410d4e238558e4d86e,phash:b92bc920671a7e45,train,3ac4447a0dff7f823a3808b0f6f1182daff3e672b94cdf6ed69643bbf000d905,75,76,7,80,False
Soil_Labeled_Data/M_70_80/L_80_90/alluvial/z6637130810542_05e696d06e814fe4b577ca46c66f3fea.jpg,Soil_Labeled_Data/M_70_80/L_80_90/alluvial/z6637130810542_05e696d06e814fe4b577ca46c66f3fea.jpg,f630cc1f36a982a2932f,phash:4fc0c75c4c74156c,train,55c81ef7277af189d1ad6a4f4810c84be6470a2bb201fab033d6a0282b859bec,73,71,7,87,False
Soil_Labeled_Data/M_70_80/L_80_90/alluvial/z6637133025304_c02f72e61094aedc77d3e4b455f0ebfe.jpg,Soil_Labeled_Data/M_70_80/L_80_90/alluvial/z6637133025304_c02f72e61094aedc77d3e4b455f0ebfe.jpg,f6109b6b9b35902d95d1,phash:37b4c0e3891c0218,train,d3157db7c1af653ccd9293c826d214672269f9f7ff3ea62aae0628299e7f3b41,74,74,7,84,False
Soil_Labeled_Data/M_70_80/L_80_90/alluvial/z6637133058523_592d9cd56190a3f222556f5ff2b0dd75.jpg,Soil_Labeled_Data/M_70_80/L_80_90/alluvial/z6637133058523_592d9cd56190a3f222556f5ff2b0dd75.jpg,5cc270145b0c68b9b19b,phash:133607f9b3dc9fc4,test,ae7590ffeda0deed51cc57d20fce14286d2d31bfc486ac670093f99e5e242668,80,80,7,87,False
Soil_Labeled_Data/M_70_80/L_80_90/alluvial/z6637133093804_415790f7d7dbfe6a16b41cd95b244b90.jpg,Soil_Labeled_Data/M_70_80/L_80_90/alluvial/z6637133093804_415790f7d7dbfe6a16b41cd95b244b90.jpg,8ee77a283347e0af5a69,phash:ce69abba2222d0ce,train,227bfdee36fdec6f17a1a971f776267a0e7ef68da9d09a476d9d12581e73deaf,76,76,7,82,False
Soil_Labeled_Data/M_70_80/L_80_90/alluvial/z6637133131476_9c50046ba5ba1e09a778276e16b52935.jpg,Soil_Labeled_Data/M_70_80/L_80_90/alluvial/z6637133131476_9c50046ba5ba1e09a778276e16b52935.jpg,ff4e998e14ba31b59809,phash:553f4fa2337e4f5f,train,9c12bb2ba9b5ef9d8ea3a75d7086212d1d8e21bfbd41c191d9f48cfdc8586a95,74,74,7,89,False
Soil_Labeled_Data/M_70_80/L_80_90/alluvial/z6637133131476_9c50046ba5ba1e09a778276e16b52935_aug_02_gray_brown.jpg,Soil_Labeled_Data/M_70_80/L_80_90/alluvial/z6637133131476_9c50046ba5ba1e09a778276e16b52935_aug_02_gray_brown.jpg,4c1b03cae7479ae06ae2,phash:553f4fa2337e4f5f,train,dd85587f218a600f1dfd82b8bc4bd583894d6f73d898f7113467ec65787ed41d,74,72,7,90,False
Soil_Labeled_Data/M_70_80/L_80_90/alluvial/z6637133162589_abf27e348d8b8be3352030996ad99e72.jpg,Soil_Labeled_Data/M_70_80/L_80_90/alluvial/z6637133162589_abf27e348d8b8be3352030996ad99e72.jpg,73e5b0c4b52c691d0b77,phash:597259c77cd1770b,train,23c2557f3df80a755da666d11c11d8be854907eb1eb683c3ed73bc7480aa1259,70,72,7,85,False
Soil_Labeled_Data/M_70_80/L_80_90/alluvial/z6637133196545_584c120ec03503b6f1b02935b9e88f0a.jpg,Soil_Labeled_Data/M_70_80/L_80_90/alluvial/z6637133196545_584c120ec03503b6f1b02935b9e88f0a.jpg,a0cf3202a9a8ed296883,phash:252d832cfc71a556,train,bc555d873182ae05526611f4c61276d910d2481a054f2abd23b8aacf14c05203,80,79,7,88,False
Soil_Labeled_Data/M_70_80/L_80_90/alluvial/z6637133229889_5b005cc0f6f6905ea12108ef19300d89.jpg,Soil_Labeled_Data/M_70_80/L_80_90/alluvial/z6637133229889_5b005cc0f6f6905ea12108ef19300d89.jpg,5c6fa67cf18d6180bec6,phash:13e26c531599bc10,train,d2d31baf9342c38fd0397b6f7d618450e488121d41a1976db38729c51a108eb8,75,76,7,82,False
Soil_Labeled_Data/M_70_80/L_80_90/alluvial/z6637133229889_5b005cc0f6f6905ea12108ef19300d89_aug_03_gray_brown.jpg,Soil_Labeled_Data/M_70_80/L_80_90/alluvial/z6637133229889_5b005cc0f6f6905ea12108ef19300d89_aug_03_gray_brown.jpg,f72a15be9548a7babcb2,phash:13e26c531599bc10,train,edac6c1266026f28a8fce614b94ce0e3241f31f2a27aca2b45397e9e990d83cd,75,75,7,90,False
Soil_Labeled_Data/M_70_80/L_80_90/alluvial/z6637133276123_4285ca8ca061b3e3f9f02388e39159a5.jpg,Soil_Labeled_Data/M_70_80/L_80_90/alluvial/z6637133276123_4285ca8ca061b3e3f9f02388e39159a5.jpg,3868b2618a3472a3eb2d,phash:7dd25ba25a77b821,validation,eb986a12164254a2e2c3c7336312aef49ff22dce33f7770e04397d193eed168a,74,72,7,86,False
Soil_Labeled_Data/M_70_80/L_80_90/alluvial/z6637133276123_4285ca8ca061b3e3f9f02388e39159a5_aug_05_clay_red.jpg,Soil_Labeled_Data/M_70_80/L_80_90/alluvial/z6637133276123_4285ca8ca061b3e3f9f02388e39159a5_aug_05_clay_red.jpg,bade1b381435b067f07f,phash:7dd25ba25a77b821,validation,e25a36104f1e2a2c5de19d1b324c506883630379eb352f5ba9b99791f0b5238a,77,78,7,90,False
Soil_Labeled_Data/M_70_80/L_80_90/alluvial/z6637133316811_2946f54350a4e8e69b64c6b6a661c772.jpg,Soil_Labeled_Data/M_70_80/L_80_90/alluvial/z6637133316811_2946f54350a4e8e69b64c6b6a661c772.jpg,06c58cb4bef0f28d6b62,phash:8ffc952b2dd4edb4,train,2a5a8aaa745905489e0b97d16f2c037d16de1979a50f2b90b0a1b7b005d8b87b,70,69,7,84,False
Soil_Labeled_Data/M_70_80/L_80_90/alluvial/z6637133316811_2946f54350a4e8e69b64c6b6a661c772_aug_00_gray_brown.jpg,Soil_Labeled_Data/M_70_80/L_80_90/alluvial/z6637133316811_2946f54350a4e8e69b64c6b6a661c772_aug_00_gray_brown.jpg,9a36a2e38104cae31582,phash:8ffc952b2dd4edb4,train,efc3adb80f90825d2357f7c0f73b43dc986304083477816f99d0e670cffaf86d,75,74,7,80,False
Soil_Labeled_Data/M_70_80/L_90_100/alluvial/M_70_80_L_90_100_0012_wet_gray.jpg,Soil_Labeled_Data/M_70_80/L_90_100/alluvial/M_70_80_L_90_100_0012_wet_gray.jpg,dbe1c706c0b36517d484,phash:e92eaca4ff3b1796,test,fefe3c9b003995a424465033aa3525adea8441f768f7346df4d27e1aacbd9fe0,79,77,7,97,False
Soil_Labeled_Data/M_70_80/L_90_100/alluvial/M_70_80_L_90_100_0020_dark_brown.jpg,Soil_Labeled_Data/M_70_80/L_90_100/alluvial/M_70_80_L_90_100_0020_dark_brown.jpg,c7d69cea9f31275205ec,phash:25a20c412fc48b30,train,65ae6197851529714c0f4847490bc6a59e8a44064c461914f3861c4fc11b9d71,70,70,7,93,False
Soil_Labeled_Data/M_70_80/L_90_100/alluvial/M_70_80_L_90_100_0022_wet_gray.jpg,Soil_Labeled_Data/M_70_80/L_90_100/alluvial/M_70_80_L_90_100_0022_wet_gray.jpg,084823c569a4796d1446,phash:186f1b83b794bf40,train,36688fdeb4ac193d62eace749d4222850aaab2a0e2c4eb7f77f747ed418e363b,73,71,7,93,False
Soil_Labeled_Data/M_70_80/L_90_100/alluvial/M_70_80_L_90_100_0031_gray_brown.jpg,Soil_Labeled_Data/M_70_80/L_90_100/alluvial/M_70_80_L_90_100_0031_gray_brown.jpg,2270fc2aeb2e2fe78de1,phash:c07316710b5c7615,train,3b2ba72237a135694153383b605ac54fafaee18bec5c84e3838b2b1d02b4f677,72,73,7,100,False
Soil_Labeled_Data/M_70_80/L_90_100/alluvial/M_70_80_L_90_100_0033_clay_red.jpg,Soil_Labeled_Data/M_70_80/L_90_100/alluvial/M_70_80_L_90_100_0033_clay_red.jpg,1e6a01f5605a72790789,phash:fe5de7758ede66af,train,a790a95adfdbf2fc3cc4a552e456bd4a4c031ec4bd41a0b6cc86f02fdcdae731,73,74,7,94,False
Soil_Labeled_Data/M_70_80/L_90_100/alluvial/M_70_80_L_90_100_0035_clay_red.jpg,Soil_Labeled_Data/M_70_80/L_90_100/alluvial/M_70_80_L_90_100_0035_clay_red.jpg,a3e5836cdb6c95f37d96,phash:221b56b65a88ae8d,train,7086e7805d751c3269df48eca598f63fc81fabefc687da30e11f03362042078d,70,71,7,98,False
Soil_Labeled_Data/M_70_80/L_90_100/alluvial/M_70_80_L_90_100_0036_clay_red.jpg,Soil_Labeled_Data/M_70_80/L_90_100/alluvial/M_70_80_L_90_100_0036_clay_red.jpg,f19963400afd2b20fde6,phash:16313a78b8c6de56,train,15a7ec325f5434ec29269365d0610172de2b740ecd9857b681dbf86967a6c395,73,72,7,99,False
Soil_Labeled_Data/M_70_80/L_90_100/alluvial/M_70_80_L_90_100_0039_dark_brown.jpg,Soil_Labeled_Data/M_70_80/L_90_100/alluvial/M_70_80_L_90_100_0039_dark_brown.jpg,1ce9f3f552a94c950bb7,phash:0285effacff0304c,validation,c3a5725021773cf8fe4ee951a46dbce0b888d0c5e1647d66acb175a61e222439,73,71,7,99,False
Soil_Labeled_Data/M_70_80/L_90_100/alluvial/M_70_80_L_90_100_0043_wet_gray.jpg,Soil_Labeled_Data/M_70_80/L_90_100/alluvial/M_70_80_L_90_100_0043_wet_gray.jpg,f3b7f226ffb9ebf5db83,phash:16313a78b8c6de56,train,8828386a4279017c2717f36dfc36867b59c5914a9b9b802f70604e99b4ebca4f,76,77,7,96,False
Soil_Labeled_Data/M_70_80/L_90_100/alluvial/M_70_80_L_90_100_0062_gray_brown.jpg,Soil_Labeled_Data/M_70_80/L_90_100/alluvial/M_70_80_L_90_100_0062_gray_brown.jpg,a3225a37a7de04943eda,phash:186f1b83b794bf40,train,4450a7d98fffee5dc0a8f4144a20e0c5bba7a181464f03f71ee39b33378561c7,77,77,7,99,False
Soil_Labeled_Data/M_70_80/L_90_100/alluvial/M_70_80_L_90_100_0064_clay_red.jpg,Soil_Labeled_Data/M_70_80/L_90_100/alluvial/M_70_80_L_90_100_0064_clay_red.jpg,cc54fa1c0a72caf3e785,phash:3f12adad0d3de4b3,train,5a5dd0e446a3c1f2ba3dfc558eb34de3cb5f698a8893a77a5ff1ed45763e36b5,74,75,7,90,False
Soil_Labeled_Data/M_70_80/L_90_100/alluvial/M_70_80_L_90_100_0065_light_brown.jpg,Soil_Labeled_Data/M_70_80/L_90_100/alluvial/M_70_80_L_90_100_0065_light_brown.jpg,23320f9a358eb02fe86a,phash:11f61dd650eab9c1,train,423e984e527461efd9e16508d31ab44b3602598c279182bb2acd04ae7a4d06a6,70,68,7,93,False
Soil_Labeled_Data/M_70_80/L_90_100/alluvial/M_70_80_L_90_100_0066_gray_brown.jpg,Soil_Labeled_Data/M_70_80/L_90_100/alluvial/M_70_80_L_90_100_0066_gray_brown.jpg,396034ba130e4a0fcda7,phash:186f1b83b794bf40,train,c4d1ffbd7b5e6830d185edbf07691a89cb7f4414a1d8d2b82e93eb359e4ca56a,71,71,7,91,False
Soil_Labeled_Data/M_70_80/L_90_100/alluvial/M_70_80_L_90_100_0067_light_brown.jpg,Soil_Labeled_Data/M_70_80/L_90_100/alluvial/M_70_80_L_90_100_0067_light_brown.jpg,b30fff9a8450899f62cd,phash:186f1b83b794bf40,train,ed8caa959397fb5cf9b23452d4381ada7da61584d304d6adf5837920a69cdcb5,80,80,7,92,False
Soil_Labeled_Data/M_70_80/L_90_100/alluvial/M_70_80_L_90_100_0082_gray_brown.jpg,Soil_Labeled_Data/M_70_80/L_90_100/alluvial/M_70_80_L_90_100_0082_gray_brown.jpg,3245f128d635923bfa32,phash:186f1b83b794bf40,train,f8df794bc93bacbd93a29cfd6d3226855ea4ad40a62886788939d63576f58f46,71,73,7,93,False
Soil_Labeled_Data/M_70_80/L_90_100/alluvial/M_70_80_L_90_100_0084_clay_red.jpg,Soil_Labeled_Data/M_70_80/L_90_100/alluvial/M_70_80_L_90_100_0084_clay_red.jpg,f74127c48ddc7843c499,phash:3f12adad0d3de4b3,train,1d7b941a2197bc1a1ca69e3f37e4fd2c45817dce726327cb9e7b5e04e4d2bf0c,80,82,7,92,False
Soil_Labeled_Data/M_70_80/L_90_100/alluvial/M_70_80_L_90_100_0086_clay_red.jpg,Soil_Labeled_Data/M_70_80/L_90_100/alluvial/M_70_80_L_90_100_0086_clay_red.jpg,684080c494ddadc43e9c,phash:c07316710b5c7615,train,3df49c2b6b2cbaa0e584babb070c188c443ea001618b12b4815d3a04ebc503ff,76,78,7,100,False
Soil_Labeled_Data/M_70_80/L_90_100/alluvial/M_70_80_L_90_100_0087_clay_red.jpg,Soil_Labeled_Data/M_70_80/L_90_100/alluvial/M_70_80_L_90_100_0087_clay_red.jpg,22578acb52e555f9f305,phash:7c9ef0dd6e1b1f31,validation,911b2227345be3899270c3a1e01a0eea8607d6e88516b6f54a1a5e89a0b5b7da,73,75,7,91,False
Soil_Labeled_Data/M_70_80/L_90_100/alluvial/M_70_80_L_90_100_0093_wet_gray.jpg,Soil_Labeled_Data/M_70_80/L_90_100/alluvial/M_70_80_L_90_100_0093_wet_gray.jpg,890af6a4a228f4c88cde,phash:3f12adad0d3de4b3,train,d3283728583dd05e35d7dc18720ddfb30b99a9f4f99f8376f6453d5a522aac54,74,73,7,97,False
Soil_Labeled_Data/M_70_80/L_90_100/alluvial/M_70_80_L_90_100_0098_wet_gray.jpg,Soil_Labeled_Data/M_70_80/L_90_100/alluvial/M_70_80_L_90_100_0098_wet_gray.jpg,3af3f8d31653870fa97d,phash:b1dd5e518be03381,train,cdd1ba942dbdb7d20deb68e8f17c8b1f95566f6cf5f03c04dc504942ffb0c355,72,72,7,93,False
Soil_Labeled_Data/M_80_90/L_0_10/alluvial/IMG_0407_M_10_20_gray_brown_M_40_50_gray_brown_M_60_70_dark_brown_M_70_80_wet_gray.jpg,Soil_Labeled_Data/M_80_90/L_0_10/alluvial/IMG_0407_M_10_20_gray_brown_M_40_50_gray_brown_M_60_70_dark_brown_M_70_80_wet_gray.jpg,a6b8b6774cdc8b1f10c6,phash:4756c126639a1165,train,32e9c2877a388b65d7d0c973be851677db1a1abf41641c134aa7464dd136566c,80,82,8,7,False
Soil_Labeled_Data/M_80_90/L_0_10/alluvial/IMG_0408_M_10_20_gray_brown_M_40_50_dark_brown_M_60_70_wet_gray.jpg,Soil_Labeled_Data/M_80_90/L_0_10/alluvial/IMG_0408_M_10_20_gray_brown_M_40_50_dark_brown_M_60_70_wet_gray.jpg,cc98648c4732ceaafffe,phash:57d00933f6258e49,train,22595bd3145237b8486d44c7e0256e6ae507dbc394f54f8fae94bc88cfbbb57a,88,94,8,0,False
Soil_Labeled_Data/M_80_90/L_0_10/alluvial/IMG_0423_M_10_20_gray_brown_M_40_50_dark_brown_M_60_70_wet_gray.jpg,Soil_Labeled_Data/M_80_90/L_0_10/alluvial/IMG_0423_M_10_20_gray_brown_M_40_50_dark_brown_M_60_70_wet_gray.jpg,df8a25f4e5d472f44922,phash:4756c126639a1165,train,8037c97820643c26ac070bfe0664da807b4b355ddea59234989960b439374df1,88,90,8,5,False
Soil_Labeled_Data/M_80_90/L_0_10/alluvial/z5714094628996_2ba67db18f33aa6bf75d2bf34582cb2c_M_0_10_gray_brown_M_40_50_dark_brown_M_60_70_dark_brown_M_70_80_clay_red.jpg,Soil_Labeled_Data/M_80_90/L_0_10/alluvial/z5714094628996_2ba67db18f33aa6bf75d2bf34582cb2c_M_0_10_gray_brown_M_40_50_dark_brown_M_60_70_dark_brown_M_70_80_clay_red.jpg,c439e2af07dadfcff3f7,phash:4756c126639a1165,train,6b0bb8edfa1b53e2cc4215af968f75c112ac53e99594448b4147463b39767d7c,89,93,8,2,False
Soil_Labeled_Data/M_80_90/L_0_10/alluvial/z5714094985878_be3d0b27ad0ff588c74868cf841a13d8_M_0_10_clayish_red_M_40_50_gray_brown_M_50_60_dark_brown_M_70_80_clay_red.jpg,Soil_Labeled_Data/M_80_90/L_0_10/alluvial/z5714094985878_be3d0b27ad0ff588c74868cf841a13d8_M_0_10_clayish_red_M_40_50_gray_brown_M_50_60_dark_brown_M_70_80_clay_red.jpg,e9e2cf3051d3bd6c5ca9,phash:f1163e79f27afe9c,train,e37f236939b7f3b826cb64dfc9e46ad2127d2a0fa427defbc9a731d46c6fd393,86,92,8,1,False
Soil_Labeled_Data/M_80_90/L_0_10/alluvial/z5714095361298_5b8521f71b6051a784c85bd3550ccbe0_M_0_10_pale_yellow_M_40_50_gray_brown_M_50_60_dark_brown_M_60_70_wet_gray.jpg,Soil_Labeled_Data/M_80_90/L_0_10/alluvial/z5714095361298_5b8521f71b6051a784c85bd3550ccbe0_M_0_10_pale_yellow_M_40_50_gray_brown_M_50_60_dark_brown_M_60_70_wet_gray.jpg,9c4a0b3f1d9cd893bbf9,phash:2b5b5a78f8a23b26,train,8332c693c76ff5c405165b847b01bf9fab71ad14c869c6ea02e6f0bcbf50132b,82,84,8,9,False
Soil_Labeled_Data/M_80_90/L_0_10/alluvial/z5714095397323_3ba8d5731fe9ad72ecd36a4f5fe55be2_M_0_10_pale_yellow_M_40_50_gray_brown_M_50_60_gray_brown_M_60_70_wet_gray.jpg,Soil_Labeled_Data/M_80_90/L_0_10/alluvial/z5714095397323_3ba8d5731fe9ad72ecd36a4f5fe55be2_M_0_10_pale_yellow_M_40_50_gray_brown_M_50_60_gray_brown_M_60_70_wet_gray.jpg,54b4e3a5c8fcb56a2823,phash:7b252eb8c229e719,validation,34b0515fc5922b77369f7473bfaff7b42fce8ce55796cea5413ecb41baca0400,86,88,8,2,False
Soil_Labeled_Data/M_80_90/L_0_10/alluvial/z5714095489034_176c03ba900d1a0940308cd7513b0794_M_0_10_clayish_red_M_40_50_gray_brown_M_50_60_gray_brown_M_60_70_wet_gray.jpg,Soil_Labeled_Data/M_80_90/L_0_10/alluvial/z5714095489034_176c03ba900d1a0940308cd7513b0794_M_0_10_clayish_red_M_40_50_gray_brown_M_50_60_gray_brown_M_60_70_wet_gray.jpg,881872333ff917af8a97,phash:ac44948a98551caf,validation,a2bafd57d87275d566bd3510aac4aa9e75c21e18f5d7161216a5a68f6fa90417,83,87,8,3,False
Soil_Labeled_Data/M_80_90/L_0_10/alluvial/z5716041534082_306e15f5e30046bae34f62036b4539ae_M_30_40_light_brown_M_40_50_gray_brown_M_60_70_clay_red_M_70_80_wet_gray.jpg,Soil_Labeled_Data/M_80_90/L_0_10/alluvial/z5716041534082_306e15f5e30046bae34f62036b4539ae_M_30_40_light_brown_M_40_50_gray_brown_M_60_70_clay_red_M_70_80_wet_gray.jpg,fb882a86bbc2610dffbf,phash:4756c126639a1165,train,bcdeb5a7f69c684829621432e1d32ef1e5137f0e3c71863d956ae846a4456d8e,80,86,8,4,False
Soil_Labeled_Data/M_80_90/L_0_10/alluvial/z5716041760025_1dd3015fad2a52a8d4cd7de5588f2bc5_M_30_40_gray_brown_M_40_50_gray_brown_M_50_60_dark_brown_M_70_80_clay_red.jpg,Soil_Labeled_Data/M_80_90/L_0_10/alluvial/z5716041760025_1dd3015fad2a52a8d4cd7de5588f2bc5_M_30_40_gray_brown_M_40_50_gray_brown_M_50_60_dark_brown_M_70_80_clay_red.jpg,1b82baa85c5ca3cda8db,phash:1d3a31400104ea6e,train,6f10108aee04eb83f23690d0c018f67e7f99779d8cf9193e43bc7636bb6776f2,88,93,8,7,False
Soil_Labeled_Data/M_80_90/L_0_10/alluvial/z5716041844114_ff29c3aa34e5e5744c16680220233e4e_M_30_40_gray_brown_M_40_50_gray_brown_M_60_70_clay_red.jpg,Soil_Labeled_Data/M_80_90/L_0_10/alluvial/z5716041844114_ff29c3aa34e5e5744c16680220233e4e_M_30_40_gray_brown_M_40_50_gray_brown_M_60_70_clay_red.jpg,ade57497eecb962e39e2,phash:4756c126639a1165,train,ef47b1bf8ffac1f9f589224e871d554d11b48a994eee9b388dce7385c254df04,80,82,8,2,False
Soil_Labeled_Data/M_80_90/L_0_10/alluvial/z5716041881708_78beac35b69090477b9041eb1ba236f3_M_30_40_gray_brown_M_40_50_gray_brown_M_50_60_clay_red_M_70_80_wet_gray.jpg,Soil_Labeled_Data/M_80_90/L_0_10/alluvial/z5716041881708_78beac35b69090477b9041eb1ba236f3_M_30_40_gray_brown_M_40_50_gray_brown_M_50_60_clay_red_M_70_80_wet_gray.jpg,736474a8d4110bf57267,phash:4756c126639a1165,train,2816bc48fd095deda5347dcbb44c753c09d03423df3a796ebb30cb8473a0fe86,87,92,8,6,False
Soil_Labeled_Data/M_80_90/L_0_10/alluvial/z5716041921976_7e4a689b2efcc84b88cd5677cea9ff06_M_30_40_light_brown_M_50_60_clay_red_M_70_80_clay_red.jpg,Soil_Labeled_Data/M_80_90/L_0_10/alluvial/z5716041921976_7e4a689b2efcc84b88cd5677cea9ff06_M_30_40_light_brown_M_50_60_clay_red_M_70_80_clay_red.jpg,380a94061e5001cb1899,phash:4756c126639a1165,train,303da2ed991ee2cd7cc29bc46f4b61b2171266882a65ed7e0b5880b0b90c4d4c,83,88,8,0,False
Soil_Labeled_Data/M_80_90/L_0_10/alluvial/z5716041962889_1d362459ea63da03f90b3aa0f319097d_M_30_40_light_brown_M_40_50_gray_brown_M_50_60_dark_brown_M_60_70_wet_gray.jpg,Soil_Labeled_Data/M_80_90/L_0_10/alluvial/z5716041962889_1d362459ea63da03f90b3aa0f319097d_M_30_40_light_brown_M_40_50_gray_brown_M_50_60_dark_brown_M_60_70_wet_gray.jpg,e4ea0ee535b2181148e4,phash:4756c126639a1165,train,5d1035bc14f139b01af78a6d4de9c2152383fb533d61da82e8228dd7d711d6e6,89,91,8,8,False
Soil_Labeled_Data/M_80_90/L_0_10/alluvial/z5716042049106_e42202833efd1fc8789876381aea1f57_M_30_40_gray_brown_M_50_60_dark_brown_M_60_70_clay_red_M_70_80_wet_gray.jpg,Soil_Labeled_Data/M_80_90/L_0_10/alluvial/z5716042049106_e42202833efd1fc8789876381aea1f57_M_30_40_gray_brown_M_50_60_dark_brown_M_60_70_clay_red_M_70_80_wet_gray.jpg,e22401b9364ea2546750,phash:4756c126639a1165,train,2e68f1a9b4e6e87853c44e7e2a17e208b4e7876b5bbd83a8502a64da17790048,83,87,8,3,False
Soil_Labeled_Data/M_80_90/L_0_10/alluvial/z5716042049106_e42202833efd1fc8789876381aea1f57_M_30_40_gray_brown_M_50_60_dark_brown_M_70_80_wet_gray.jpg,Soil_Labeled_Data/M_80_90/L_0_10/alluvial/z5716042049106_e42202833efd1fc8789876381aea1f57_M_30_40_gray_brown_M_50_60_dark_brown_M_70_80_wet_gray.jpg,74425ba88ea41ee64518,phash:7f2befb06b4dd388,train,316d035e43f19a34531ea78077fb7757502575d48dc6f96d1f220008ef44abbf,86,91,8,4,False
Soil_Labeled_Data/M_80_90/L_0_10/alluvial/z5716042177476_b8a4f94bdbe3b1df3e770ab6f8ac2f76_M_30_40_clayish_red_M_40_50_gray_brown_M_60_70_wet_gray.jpg,Soil_Labeled_Data/M_80_90/L_0_10/alluvial/z5716042177476_b8a4f94bdbe3b1df3e770ab6f8ac2f76_M_30_40_clayish_red_M_40_50_gray_brown_M_60_70_wet_gray.jpg,d75ea0c83f00fbe789cd,phash:512b7bc10b55a1fe,train,6b1b083683e1cc98e7bced17159d837289a27583f4879adb868dc4f8965ddba9,80,86,8,4,False
Soil_Labeled_Data/M_80_90/L_0_10/alluvial/z5716042220165_291f395222e47e7e129381b510d12073_M_30_40_gray_brown_M_40_50_gray_brown_M_50_60_gray_brown_M_60_70_wet_gray.jpg,Soil_Labeled_Data/M_80_90/L_0_10/alluvial/z5716042220165_291f395222e47e7e129381b510d12073_M_30_40_gray_brown_M_40_50_gray_brown_M_50_60_gray_brown_M_60_70_wet_gray.jpg,52bf91d06411d3a48564,phash:4756c126639a1165,train,802e89905914677489ad7916d063b7b464220f3fe22448fe5dcf552e92d2ef6b,87,90,8,9,False
Soil_Labeled_Data/M_80_90/L_0_10/alluvial/z5716042321152_979083553c4378666fb6af100231c565_M_30_40_gray_brown_M_40_50_gray_brown_M_60_70_dark_brown_M_70_80_wet_gray.jpg,Soil_Labeled_Data/M_80_90/L_0_10/alluvial/z5716042321152_979083553c4378666fb6af100231c565_M_30_40_gray_brown_M_40_50_gray_brown_M_60_70_dark_brown_M_70_80_wet_gray.jpg,bb335eba4355c68529d6,phash:48116de9bacdfa52,train,e82e42912cce0d94ac0105161f42d29b93ca1baa75191c348363beca9460e2c2,80,84,8,5,False
Soil_Labeled_Data/M_80_90/L_0_10/alluvial/z5716042393202_8e123a1e78f84eda2b3a3bd5bfe377a3_M_30_40_gray_brown_M_40_50_light_brown_M_50_60_gray_brown_M_60_70_wet_gray.jpg,Soil_Labeled_Data/M_80_90/L_0_10/alluvial/z5716042393202_8e123a1e78f84eda2b3a3bd5bfe377a3_M_30_40_gray_brown_M_40_50_light_brown_M_50_60_gray_brown_M_60_70_wet_gray.jpg,5362940fd4b31f8790ac,phash:4756c126639a1165,train,2290057621b923173f54a7d434cf4fdcb32dbaec3062ac73ea2ca556c21b5f28,89,92,8,2,False
Soil_Labeled_Data/M_80_90/L_10_20/alluvial/IMG_0012_M_0_10_clayish_red_M_40_50_gray_brown_M_60_70_wet_gray.jpg,Soil_Labeled_Data/M_80_90/L_10_20/alluvial/IMG_0012_M_0_10_clayish_red_M_40_50_gray_brown_M_60_70_wet_gray.jpg,c28165831a5e6b225d60,phash:036bd561c9affbf4,train,3d19dea615d66d6edc663eaa0860046b1121a8e0e195cc59697d0245f68f45e8,85,89,8,18,False
Soil_Labeled_Data/M_80_90/L_10_20/alluvial/IMG_0014_M_0_10_light_brown_M_40_50_gray_brown_M_50_60_gray_brown_M_60_70_wet_gray.jpg,Soil_Labeled_Data/M_80_90/L_10_20/alluvial/IMG_0014_M_0_10_light_brown_M_40_50_gray_brown_M_50_60_gray_brown_M_60_70_wet_gray.jpg,e430bd9b74d6c7c65270,phash:28ae9471e98b75c2,train,3b4901a69e916a384765dabee34bc6b94802f3d8d21f3986fe3a95718f86d22e,81,87,8,16,False
Soil_Labeled_Data/M_80_90/L_10_20/alluvial/IMG_0014_M_0_10_light_brown_M_40_50_gray_brown_M_60_70_clay_red.jpg,Soil_Labeled_Data/M_80_90/L_10_20/alluvial/IMG_0014_M_0_10_light_brown_M_40_50_gray_brown_M_60_70_clay_red.jpg,1e73a8cb76d66398f62a,phash:28ae9471e98b75c2,train,3a81550746e31f1da11db60790987233ec565f064d378172d6e41a8f627bec35,88,92,8,19,False
Soil_Labeled_Data/M_80_90/L_10_20/alluvial/IMG_0017_M_0_10_gray_brown_M_40_50_gray_brown_M_60_70_wet_gray.jpg,Soil_Labeled_Data/M_80_90/L_10_20/alluvial/IMG_0017_M_0_10_gray_brown_M_40_50_gray_brown_M_60_70_wet_gray.jpg,eec51a3197f5d087ecc2,phash:282a7261d87da92b,train,39e3771c0dcb0fc2053810de868fd8b6363725081468bcfb1e7314f009e26764,90,96,8,14,False
Soil_Labeled_Data/M_80_90/L_10_20/alluvial/IMG_0018_M_0_10_gray_brown_M_40_50_gray_brown_M_50_60_dark_brown_M_60_70_clay_red.jpg,Soil_Labeled_Data/M_80_90/L_10_20/alluvial/IMG_0018_M_0_10_gray_brown_M_40_50_gray_brown_M_50_60_dark_brown_M_60_70_clay_red.jpg,9058c05d7fc72038494e,phash:4316aaa423f1f6b2,test,03e9bab1df18ed307f4ff3b3593cc1f03641550d7a08d41bd9bab800abc5e1da,84,90,8,10,False
Soil_Labeled_Data/M_80_90/L_10_20/alluvial/IMG_0023_M_0_10_light_brown_M_40_50_light_brown_M_50_60_clay_red_M_70_80_wet_gray.jpg,Soil_Labeled_Data/M_80_90/L_10_20/alluvial/IMG_0023_M_0_10_light_brown_M_40_50_light_brown_M_50_60_clay_red_M_70_80_wet_gray.jpg,7b1582cf300b9b279638,phash:161aea46a83a4e0e,train,34373e6b45f7ca174c120ed337b98815f3001d62764fb0c8796d9032ef161b5c,84,86,8,20,False
Soil_Labeled_Data/M_80_90/L_10_20/alluvial/IMG_0024_M_0_10_pale_yellow_M_40_50_dark_brown_M_60_70_wet_gray.jpg,Soil_Labeled_Data/M_80_90/L_10_20/alluvial/IMG_0024_M_0_10_pale_yellow_M_40_50_dark_brown_M_60_70_wet_gray.jpg,43cc38a7843b70eb16a5,phash:0f3195f97df3ea55,train,02e011a22d77b9e4726f2735d456969772a78b30d51cffc2cb7e6109d66d54f0,88,92,8,17,False
Soil_Labeled_Data/M_80_90/L_10_20/alluvial/IMG_0451_M_10_20_light_brown_M_40_50_gray_brown_M_50_60_dark_brown_M_60_70_clay_red.jpg,Soil_Labeled_Data/M_80_90/L_10_20/alluvial/IMG_0451_M_10_20_light_brown_M_40_50_gray_brown_M_50_60_dark_brown_M_60_70_clay_red.jpg,789cf2ce43ee04af8f1b,phash:55805a721129675c,train,d975aa57334354bcc93cc77536fe6377584cf3ea09556bccb1d7ad489ea83f59,90,96,8,19,False
Soil_Labeled_Data/M_80_90/L_10_20/alluvial/IMG_0452_M_10_20_clayish_red_M_40_50_dark_brown_M_60_70_wet_gray.jpg,Soil_Labeled_Data/M_80_90/L_10_20/alluvial/IMG_0452_M_10_20_clayish_red_M_40_50_dark_brown_M_60_70_wet_gray.jpg,e4159740fb30a91e3a3f,phash:86ace9a31cc81d56,train,05a40e0cb933db50d8f87b44867de7532ff68a5232448d9a171888107c4dffdd,88,92,8,17,False
Soil_Labeled_Data/M_80_90/L_10_20/alluvial/IMG_0454_M_10_20_light_brown_M_40_50_dark_brown_M_60_70_clay_red.jpg,Soil_Labeled_Data/M_80_90/L_10_20/alluvial/IMG_0454_M_10_20_light_brown_M_40_50_dark_brown_M_60_70_clay_red.jpg,96188d1bdc794e23a5ac,phash:90364a78b73b8d31,train,fc77ab3b20beb6e02278137e636c389db42e11a9da7f2871ee9aad1de635da8f,86,88,8,18,False
Soil_Labeled_Data/M_80_90/L_10_20/alluvial/IMG_0456_M_10_20_gray_brown_M_40_50_gray_brown_M_50_60_gray_brown_M_60_70_wet_gray.jpg,Soil_Labeled_Data/M_80_90/L_10_20/alluvial/IMG_0456_M_10_20_gray_brown_M_40_50_gray_brown_M_50_60_gray_brown_M_60_70_wet_gray.jpg,65dd541f264722e44899,phash:8ebec7ff9f7cff77,train,8db10e3c83cd190b33eba2b6118fd3ae5369caf8d6a02c3cc52b45ef1a6fcb11,85,87,8,15,False
Soil_Labeled_Data/M_80_90/L_10_20/alluvial/IMG_0462_M_10_20_pale_yellow_M_40_50_gray_brown_M_50_60_clay_red_M_70_80_wet_gray.jpg,Soil_Labeled_Data/M_80_90/L_10_20/alluvial/IMG_0462_M_10_20_pale_yellow_M_40_50_gray_brown_M_50_60_clay_red_M_70_80_wet_gray.jpg,4ef3ec4c725575c71db7,phash:a218abd28b5d36df,train,fc2fbaf4a825f6ce1784f4362c9c3aac1825c28b15b40f935714d5ae4e5fbdcc,87,89,8,18,False
Soil_Labeled_Data/M_80_90/L_10_20/alluvial/IMG_0463_M_10_20_clayish_red_M_40_50_gray_brown_M_60_70_dark_brown_M_70_80_clay_red.jpg,Soil_Labeled_Data/M_80_90/L_10_20/alluvial/IMG_0463_M_10_20_clayish_red_M_40_50_gray_brown_M_60_70_dark_brown_M_70_80_clay_red.jpg,7def805aab5dba0d59a7,phash:4756c126639a1165,train,b7a8abd1117804a78226c9ae8adfa30139e9f64db0c1deba42b1f8055f794879,89,92,8,10,False
Soil_Labeled_Data/M_80_90/L_10_20/alluvial/IMG_0466_M_10_20_pale_yellow_M_40_50_light_brown_M_50_60_gray_brown_M_60_70_clay_red_M_70_80_wet_gray.jpg,Soil_Labeled_Data/M_80_90/L_10_20/alluvial/IMG_0466_M_10_20_pale_yellow_M_40_50_light_brown_M_50_60_gray_brown_M_60_70_clay_red_M_70_80_wet_gray.jpg,cc272fb677bceb73c6be,phash:eddb083b04a7ea81,train,74e52cce6ab451db2e92c2fcccf54b68656aedf143e81666b9ab35e4fefd9ae0,86,89,8,19,False
Soil_Labeled_Data/M_80_90/L_10_20/alluvial/IMG_0467_M_10_20_gray_brown_M_40_50_gray_brown_M_50_60_dark_brown_M_70_80_wet_gray.jpg,Soil_Labeled_Data/M_80_90/L_10_20/alluvial/IMG_0467_M_10_20_gray_brown_M_40_50_gray_brown_M_50_60_dark_brown_M_70_80_wet_gray.jpg,f480845f9fb0a338f445,phash:4756c126639a1165,train,f1f42c990a6e9ca825fe86d05e3868daa463e8a5a24633df0663c74f1f581617,85,89,8,20,False
Soil_Labeled_Data/M_80_90/L_10_20/alluvial/z5716081541140_f8cf053ed3727193eae06a486810b5ef_M_30_40_light_brown_M_40_50_gray_brown_M_60_70_clay_red.jpg,Soil_Labeled_Data/M_80_90/L_10_20/alluvial/z5716081541140_f8cf053ed3727193eae06a486810b5ef_M_30_40_light_brown_M_40_50_gray_brown_M_60_70_clay_red.jpg,9074f3565aef8a61ed96,phash:b580b393801ee096,train,b288971934f5895d0663a04f138c28c74775dffabd0dd0848cdae02690406a4d,84,88,8,18,False
Soil_Labeled_Data/M_80_90/L_10_20/alluvial/z5716081604703_5b6db8c3f8abac206c03f4fcd5bac49c_M_30_40_clayish_red_M_40_50_gray_brown_M_60_70_clay_red.jpg,Soil_Labeled_Data/M_80_90/L_10_20/alluvial/z5716081604703_5b6db8c3f8abac206c03f4fcd5bac49c_M_30_40_clayish_red_M_40_50_gray_brown_M_60_70_clay_red.jpg,63ba84bfcd2c511732b0,phash:1d7e9699bd37df15,train,27c8ff3dc49ce7bf4ab45d7ed2a41ba385faa42c5506f6ca47fb911b5664732e,87,90,8,11,False
Soil_Labeled_Data/M_80_90/L_10_20/alluvial/z5716081604703_5b6db8c3f8abac206c03f4fcd5bac49c_M_30_40_gray_brown_M_50_60_dark_brown_M_70_80_clay_red.jpg,Soil_Labeled_Data/M_80_90/L_10_20/alluvial/z5716081604703_5b6db8c3f8abac206c03f4fcd5bac49c_M_30_40_gray_brown_M_50_60_dark_brown_M_70_80_clay_red.jpg,12cbb2ede4ee4bb34045,phash:cca596e9af1a6383,test,a422f192d1a5e29e3c00e48cd7b90a97f6337423a35bf70f33eaf5957e8543c9,80,84,8,10,False
Soil_Labeled_Data/M_80_90/L_10_20/alluvial/z5716081732799_46a8abd72cd445d5fc7f7576562133ff_M_30_40_light_brown_M_40_50_light_brown_M_50_60_dark_brown_M_70_80_clay_red.jpg,Soil_Labeled_Data/M_80_90/L_10_20/alluvial/z5716081732799_46a8abd72cd445d5fc7f7576562133ff_M_30_40_light_brown_M_40_50_light_brown_M_50_60_dark_brown_M_70_80_clay_red.jpg,327bbc97071a289d511c,phash:da8274548aa53a8b,test,f90218528afd41f8588ab1e0255295c520e51f73af67e0215882e3c78072a96f,87,92,8,15,False
Soil_Labeled_Data/M_80_90/L_10_20/alluvial/z5716081741279_e6dcbcb3d2252e27194aab74ebc27762_M_30_40_pale_yellow_M_40_50_gray_brown_M_60_70_wet_gray.jpg,Soil_Labeled_Data/M_80_90/L_10_20/alluvial/z5716081741279_e6dcbcb3d2252e27194aab74ebc27762_M_30_40_pale_yellow_M_40_50_gray_brown_M_60_70_wet_gray.jpg,be50add79d3768dd3ad9,phash:0463cb81468b39d6,test,3ed6f3a3780218202592af4931ef6f2d26561e2d67d43883d28836cb36a522f0,86,89,8,20,False
Soil_Labeled_Data/M_80_90/L_20_30/alluvial/IMG_0057_M_0_10_clayish_red_M_40_50_dark_brown_M_60_70_wet_gray.jpg,Soil_Labeled_Data/M_80_90/L_20_30/alluvial/IMG_0057_M_0_10_clayish_red_M_40_50_dark_brown_M_60_70_wet_gray.jpg,2dfcd049eb62a2c56b83,phash:8476ce23020249fd,train,90676840001c318270f291fbb598cac6d4be12f982aa0704c760414702daa863,90,91,8,22,False
Soil_Labeled_Data/M_80_90/L_20_30/alluvial/IMG_0061_M_0_10_pale_yellow_M_40_50_gray_brown_M_50_60_gray_brown_M_60_70_clay_red_M_70_80_wet_gray.jpg,Soil_Labeled_Data/M_80_90/L_20_30/alluvial/IMG_0061_M_0_10_pale_yellow_M_40_50_gray_brown_M_50_60_gray_brown_M_60_70_clay_red_M_70_80_wet_gray.jpg,dfba3eb0945dbbf4987e,phash:be3cd54c9da4a60b,test,36b1ec291ac017ed2b1afb8e63b7469c85ad8b2aacfe8db7b207dc53668889ec,85,90,8,23,False
Soil_Labeled_Data/M_80_90/L_20_30/alluvial/IMG_0068_M_0_10_clayish_red_M_40_50_dark_brown_M_60_70_clay_red_M_70_80_wet_gray.jpg,Soil_Labeled_Data/M_80_90/L_20_30/alluvial/IMG_0068_M_0_10_clayish_red_M_40_50_dark_brown_M_60_70_clay_red_M_70_80_wet_gray.jpg,a67e36054f75419e3643,phash:fb2d21f2c87c356c,train,0e63979a7674613aff3abf95962aea5fc0e08c432ec18eed6e646fa0c279c193,88,93,8,28,False
Soil_Labeled_Data/M_80_90/L_20_30/alluvial/IMG_0499_M_10_20_gray_brown_M_40_50_gray_brown_M_50_60_dark_brown_M_60_70_dark_brown_M_70_80_wet_gray.jpg,Soil_Labeled_Data/M_80_90/L_20_30/alluvial/IMG_0499_M_10_20_gray_brown_M_40_50_gray_brown_M_50_60_dark_brown_M_60_70_dark_brown_M_70_80_wet_gray.jpg,ee00004aedd635cd5de7,phash:ffecf0c7178d9779,validation,75c133c9491489c37269b20ca14df4906d20c7dae52e6d76ec051a6c794ff0d8,90,92,8,20,False
Soil_Labeled_Data/M_80_90/L_20_30/alluvial/IMG_0502_M_10_20_pale_yellow_M_40_50_gray_brown_M_60_70_clay_red_M_70_80_wet_gray.jpg,Soil_Labeled_Data/M_80_90/L_20_30/alluvial/IMG_0502_M_10_20_pale_yellow_M_40_50_gray_brown_M_60_70_clay_red_M_70_80_wet_gray.jpg,06ea82c93aa036e1fc32,phash:2977e23d0929cfa6,test,665a38f1507dba6015c78efdba38d11c420dafb954f6cce4c931965b41ee0c8d,83,85,8,29,False
Soil_Labeled_Data/M_80_90/L_20_30/alluvial/IMG_0503_M_10_20_gray_brown_M_40_50_gray_brown_M_50_60_dark_brown_M_70_80_wet_gray.jpg,Soil_Labeled_Data/M_80_90/L_20_30/alluvial/IMG_0503_M_10_20_gray_brown_M_40_50_gray_brown_M_50_60_dark_brown_M_70_80_wet_gray.jpg,e4b8b32bab7dbd7f90ff,phash:bc029cd79db808a1,validation,402043bd8807d7920293ed46d254b96406d1d1410dc938a7982aa655acee3b99,81,86,8,22,False
Soil_Labeled_Data/M_80_90/L_20_30/alluvial/IMG_0504_M_10_20_pale_yellow_M_40_50_gray_brown_M_50_60_clay_red_M_70_80_clay_red.jpg,Soil_Labeled_Data/M_80_90/L_20_30/alluvial/IMG_0504_M_10_20_pale_yellow_M_40_50_gray_brown_M_50_60_clay_red_M_70_80_clay_red.jpg,a7df4a4c69863e1e3283,phash:68c0216d4e775305,train,3d9c0283c3bb7a8977878d4fc904e1659af1fce640854869ec89ba4c65316407,84,89,8,24,False
Soil_Labeled_Data/M_80_90/L_20_30/alluvial/IMG_0506_M_10_20_pale_yellow_M_40_50_gray_brown_M_50_60_dark_brown_M_70_80_clay_red.jpg,Soil_Labeled_Data/M_80_90/L_20_30/alluvial/IMG_0506_M_10_20_pale_yellow_M_40_50_gray_brown_M_50_60_dark_brown_M_70_80_clay_red.jpg,ea75ac4a510d4ca26ae6,phash:d4cac56fbf8548b6,test,95fba2efff12b534af67bb1acfb2cebc7ef1207bda18f6ed5cf1f1461681e0e7,86,92,8,20,False
Soil_Labeled_Data/M_80_90/L_20_30/alluvial/IMG_0508_M_10_20_clayish_red_M_40_50_light_brown_M_50_60_dark_brown_M_70_80_clay_red.jpg,Soil_Labeled_Data/M_80_90/L_20_30/alluvial/IMG_0508_M_10_20_clayish_red_M_40_50_light_brown_M_50_60_dark_brown_M_70_80_clay_red.jpg,13150533955e991b4a1f,phash:051110bc56e248a7,train,4cb5b837a0cb3759febe0a4be8ae1038164f655ee82f3c43ecbeb32bd5f4d80b,83,86,8,20,False
Soil_Labeled_Data/M_80_90/L_20_30/alluvial/IMG_0509_M_10_20_pale_yellow_M_40_50_light_brown_M_50_60_dark_brown_M_60_70_clay_red_M_70_80_wet_gray.jpg,Soil_Labeled_Data/M_80_90/L_20_30/alluvial/IMG_0509_M_10_20_pale_yellow_M_40_50_light_brown_M_50_60_dark_brown_M_60_70_clay_red_M_70_80_wet_gray.jpg,1eadf6c7185562d312ff,phash:757e4428c7a6e5ab,train,5471ab729303d279d0e83a5e30786b112e5820f1dc16ff2da67a0379b0bfc42f,84,89,8,28,False
Soil_Labeled_Data/M_80_90/L_20_30/alluvial/IMG_0511_M_10_20_light_brown_M_40_50_light_brown_M_50_60_dark_brown_M_60_70_dark_brown_M_70_80_clay_red.jpg,Soil_Labeled_Data/M_80_90/L_20_30/alluvial/IMG_0511_M_10_20_light_brown_M_40_50_light_brown_M_50_60_dark_brown_M_60_70_dark_brown_M_70_80_clay_red.jpg,d68aa08f8a5eff2a9ea0,phash:89a905376cfd4bfc,train,2c6c2df7836fd2b926b4b7c4f05b49066507ffb38794412edef282f9dc0f851c,86,89,8,26,False
Soil_Labeled_Data/M_80_90/L_20_30/alluvial/IMG_0515_M_10_20_pale_yellow_M_40_50_light_brown_M_50_60_dark_brown_M_70_80_wet_gray.jpg,Soil_Labeled_Data/M_80_90/L_20_30/alluvial/IMG_0515_M_10_20_pale_yellow_M_40_50_light_brown_M_50_60_dark_brown_M_70_80_wet_gray.jpg,7953dd630800e167e2ba,phash:f4840b581e6dd76a,train,707b0d6585ec2eff3276afc73bc239e948b48b3c32997d19078065f090f0037f,83,86,8,22,False
Soil_Labeled_Data/M_80_90/L_20_30/alluvial/z5716143848502_4bd0eba511c987674067e6093eb213b9_M_30_40_light_brown_M_50_60_clay_red_M_70_80_clay_red.jpg,Soil_Labeled_Data/M_80_90/L_20_30/alluvial/z5716143848502_4bd0eba511c987674067e6093eb213b9_M_30_40_light_brown_M_50_60_clay_red_M_70_80_clay_red.jpg,0ef14ef5a6b7a3e38c00,phash:0ae9c00799693615,train,1efae1a0fa23331595ac56ef0aa51d5e8d71443a8e3b55253fe604dd57d03b34,84,85,8,21,False
Soil_Labeled_Data/M_80_90/L_20_30/alluvial/z5716143884036_b02bdfc16942b9a4a8029ffa42d721fa_M_30_40_clayish_red_M_40_50_gray_brown_M_50_60_dark_brown_M_70_80_clay_red.jpg,Soil_Labeled_Data/M_80_90/L_20_30/alluvial/z5716143884036_b02bdfc16942b9a4a8029ffa42d721fa_M_30_40_clayish_red_M_40_50_gray_brown_M_50_60_dark_brown_M_70_80_clay_red.jpg,cb464c07a28b652434cc,phash:1323798deece8975,train,453d50a18cea4d7360c81b159ed55cfae70525f89b2116c584c603518dfde70e,89,94,8,21,False
Soil_Labeled_Data/M_80_90/L_20_30/alluvial/z5716144007088_65d8f879404c93898e6edd0c266c6e0a_M_30_40_gray_brown_M_40_50_gray_brown_M_60_70_clay_red.jpg,Soil_Labeled_Data/M_80_90/L_20_30/alluvial/z5716144007088_65d8f879404c93898e6edd0c266c6e0a_M_30_40_gray_brown_M_40_50_gray_brown_M_60_70_clay_red.jpg,cd855ceff04eb0486963,phash:4e2795ade2e3a89e,test,da78a2703d2389408d7a94fccd89cd13c8887ee0911e2276cb8251cf33772def,90,91,8,29,False
Soil_Labeled_Data/M_80_90/L_20_30/alluvial/z5716144132663_b70f7b9be95a4c936673e9107c9809f3_M_30_40_pale_yellow_M_40_50_gray_brown_M_50_60_clay_red_M_70_80_wet_gray.jpg,Soil_Labeled_Data/M_80_90/L_20_30/alluvial/z5716144132663_b70f7b9be95a4c936673e9107c9809f3_M_30_40_pale_yellow_M_40_50_gray_brown_M_50_60_clay_red_M_70_80_wet_gray.jpg,74aebc3bf0012054fbca,phash:fabf81d21febb44c,train,8646497328d1c41da70e1a1894b4b74a19c8d86ede908c754d29738dbbef417d,81,85,8,30,False
Soil_Labeled_Data/M_80_90/L_20_30/alluvial/z5716144235764_fed4a8b02740ef64fdb95af4099f1336_M_30_40_gray_brown_M_50_60_gray_brown_M_60_70_clay_red.jpg,Soil_Labeled_Data/M_80_90/L_20_30/alluvial/z5716144235764_fed4a8b02740ef64fdb95af4099f1336_M_30_40_gray_brown_M_50_60_gray_brown_M_60_70_clay_red.jpg,cef7d486b74eadc7cfc4,phash:c239948deb7ff73f,train,11ea54a9bfda09084eab141b43b290a797e253d57d7af057869092ed92ae1129,82,85,8,24,False
Soil_Labeled_Data/M_80_90/L_20_30/alluvial/z5716144343565_fe3feda6ee16a0a7640958a11ec6f6ea_M_30_40_light_brown_M_50_60_dark_brown_M_60_70_wet_gray.jpg,Soil_Labeled_Data/M_80_90/L_20_30/alluvial/z5716144343565_fe3feda6ee16a0a7640958a11ec6f6ea_M_30_40_light_brown_M_50_60_dark_brown_M_60_70_wet_gray.jpg,7baa128ff3439ec4228f,phash:bafea92dcf159ca8,train,e36d1d39bb7f9f8284ff61b3bb180f55bf0673c50591443df10faac58c8ffd22,81,84,8,29,False
Soil_Labeled_Data/M_80_90/L_20_30/alluvial/z5716144366625_bc3324d4901d90171755a8afaa56411d_M_30_40_clayish_red_M_40_50_gray_brown_M_60_70_clay_red_M_70_80_clay_red.jpg,Soil_Labeled_Data/M_80_90/L_20_30/alluvial/z5716144366625_bc3324d4901d90171755a8afaa56411d_M_30_40_clayish_red_M_40_50_gray_brown_M_60_70_clay_red_M_70_80_clay_red.jpg,5135af51a975dfa6cfa2,phash:89a658357320fb84,test,64446ccbfc192a8799217371a47f1bdd43767026474ee1a487faecba291e30d8,83,86,8,21,False
Soil_Labeled_Data/M_80_90/L_20_30/alluvial/z5716144366625_bc3324d4901d90171755a8afaa56411d_M_30_40_pale_yellow_M_40_50_gray_brown_M_50_60_gray_brown_M_60_70_clay_red.jpg,Soil_Labeled_Data/M_80_90/L_20_30/alluvial/z5716144366625_bc3324d4901d90171755a8afaa56411d_M_30_40_pale_yellow_M_40_50_gray_brown_M_50_60_gray_brown_M_60_70_clay_red.jpg,75da3ae8d5cd5abcd487,phash:6d91a5dc81ed33b1,train,6829a5b712a1672909163e3b4bc68da0e61bbd024ff11ba71e78fadac7da7571,90,91,8,23,False
Soil_Labeled_Data/M_80_90/L_30_40/alluvial/IMG_0096_M_0_10_light_brown_M_40_50_light_brown_M_50_60_dark_brown_M_60_70_wet_gray.jpg,Soil_Labeled_Data/M_80_90/L_30_40/alluvial/IMG_0096_M_0_10_light_brown_M_40_50_light_brown_M_50_60_dark_brown_M_60_70_wet_gray.jpg,7d143b4818b4c807459f,phash:6a494aa4d5d4d5b1,train,db8f7b6ddab051e02a0a3403879800ebd1ad2365f2ded2cc4024b5c5aa591889,83,87,8,34,False
Soil_Labeled_Data/M_80_90/L_30_40/alluvial/IMG_0097_M_0_10_gray_brown_M_40_50_gray_brown_M_50_60_dark_brown_M_60_70_clay_red.jpg,Soil_Labeled_Data/M_80_90/L_30_40/alluvial/IMG_0097_M_0_10_gray_brown_M_40_50_gray_brown_M_50_60_dark_brown_M_60_70_clay_red.jpg,21e380aa7982c3965c6a,phash:6a494aa4d5d4d5b1,train,e704382d649372fbf0ca7e1f571de00cb35565fc32fc58862bb1325f48b89464,81,82,8,32,False
Soil_Labeled_Data/M_80_90/L_30_40/alluvial/IMG_0098_M_0_10_pale_yellow_M_40_50_gray_brown_M_50_60_dark_brown_M_60_70_clay_red.jpg,Soil_Labeled_Data/M_80_90/L_30_40/alluvial/IMG_0098_M_0_10_pale_yellow_M_40_50_gray_brown_M_50_60_dark_brown_M_60_70_clay_red.jpg,f216a7e86d426c6833f1,phash:f01c359cc88566ef,train,06623193d3befc0db03f1c7fa9d247308b6690f96d8249b312fb30387329d634,89,91,8,31,False
Soil_Labeled_Data/M_80_90/L_30_40/alluvial/IMG_0106_M_0_10_clayish_red_M_40_50_gray_brown_M_60_70_clay_red_M_70_80_clay_red.jpg,Soil_Labeled_Data/M_80_90/L_30_40/alluvial/IMG_0106_M_0_10_clayish_red_M_40_50_gray_brown_M_60_70_clay_red_M_70_80_clay_red.jpg,fa71967386ea7e3f26db,phash:161a13a83b77762b,train,3fd5438bd1863c118871c11f1aa81ff40e12a4558ba5fb6e12fa33365a423465,81,86,8,37,False
Soil_Labeled_Data/M_80_90/L_30_40/alluvial/IMG_0542_M_10_20_gray_brown_M_40_50_gray_brown_M_50_60_dark_brown_M_60_70_wet_gray.jpg,Soil_Labeled_Data/M_80_90/L_30_40/alluvial/IMG_0542_M_10_20_gray_brown_M_40_50_gray_brown_M_50_60_dark_brown_M_60_70_wet_gray.jpg,644f3f34816f96b4ee5c,phash:9d4239e028278cc1,test,f7a124055ccc55c31010457c5a6a7cf46a456cfeafc532b2dc64c1a214c4dce1,86,88,8,40,False
Soil_Labeled_Data/M_80_90/L_30_40/alluvial/IMG_0543_M_10_20_light_brown_M_40_50_gray_brown_M_50_60_clay_red_M_70_80_clay_red.jpg,Soil_Labeled_Data/M_80_90/L_30_40/alluvial/IMG_0543_M_10_20_light_brown_M_40_50_gray_brown_M_50_60_clay_red_M_70_80_clay_red.jpg,51d34d642548971e995a,phash:738961f08c6ad95f,train,4eb1e978338c78d246ca9c2067bbd69166da8d36f12f6b53a5f17ad474cb8e7b,86,89,8,35,False
Soil_Labeled_Data/M_80_90/L_30_40/alluvial/IMG_0547_M_10_20_clayish_red_M_40_50_dark_brown_M_60_70_dark_brown_M_70_80_wet_gray.jpg,Soil_Labeled_Data/M_80_90/L_30_40/alluvial/IMG_0547_M_10_20_clayish_red_M_40_50_dark_brown_M_60_70_dark_brown_M_70_80_wet_gray.jpg,6badff0b0a840ecee969,phash:44985e6e311c40d3,train,f1e1cd3f257afa0e95c39995e27d31f05c44b6607c44aa9772252127aed48727,80,84,8,40,False
Soil_Labeled_Data/M_80_90/L_30_40/alluvial/IMG_0551_M_10_20_light_brown_M_40_50_gray_brown_M_50_60_dark_brown_M_60_70_clay_red.jpg,Soil_Labeled_Data/M_80_90/L_30_40/alluvial/IMG_0551_M_10_20_light_brown_M_40_50_gray_brown_M_50_60_dark_brown_M_60_70_clay_red.jpg,02e2c0222eb41cc5ceee,phash:66e2f97ad59f8122,validation,fba740dbaa7bed847373a0f6222032614076934319a13383b923e016f45d3980,84,88,8,32,False
Soil_Labeled_Data/M_80_90/L_30_40/alluvial/IMG_0552_M_10_20_light_brown_M_40_50_gray_brown_M_60_70_dark_brown_M_70_80_wet_gray.jpg,Soil_Labeled_Data/M_80_90/L_30_40/alluvial/IMG_0552_M_10_20_light_brown_M_40_50_gray_brown_M_60_70_dark_brown_M_70_80_wet_gray.jpg,656c03448e3a1b3d0f8f,phash:5dee909cab377b3c,test,07f81629589138ccb0865086b002373db4cde2d321ac6589bd8bd198b1f01f3b,83,88,8,35,False
Soil_Labeled_Data/M_80_90/L_30_40/alluvial/IMG_0557_M_10_20_pale_yellow_M_40_50_light_brown_M_50_60_gray_brown_M_60_70_clay_red.jpg,Soil_Labeled_Data/M_80_90/L_30_40/alluvial/IMG_0557_M_10_20_pale_yellow_M_40_50_light_brown_M_50_60_gray_brown_M_60_70_clay_red.jpg,67289d8ffcbae39890f9,phash:7890ebf81ba9aa31,train,96d0575f5012ffccf16d395d53da812a39f262a4c836d6940cc303944596f2ee,89,90,8,33,False
Soil_Labeled_Data/M_80_90/L_30_40/alluvial/IMG_0558_M_10_20_light_brown_M_40_50_light_brown_M_50_60_clay_red_M_70_80_clay_red.jpg,Soil_Labeled_Data/M_80_90/L_30_40/alluvial/IMG_0558_M_10_20_light_brown_M_40_50_light_brown_M_50_60_clay_red_M_70_80_clay_red.jpg,d2ac6ef890b35819f1d6,phash:24d6e849b24f4f55,train,a2350befaebfdf64f711f876ea2a143fc60af37ffdf7ddbcf02905b1041f11de,81,86,8,35,False
Soil_Labeled_Data/M_80_90/L_30_40/alluvial/IMG_0559_M_10_20_pale_yellow_M_40_50_gray_brown_M_50_60_gray_brown_M_60_70_wet_gray.jpg,Soil_Labeled_Data/M_80_90/L_30_40/alluvial/IMG_0559_M_10_20_pale_yellow_M_40_50_gray_brown_M_50_60_gray_brown_M_60_70_wet_gray.jpg,a163921a0b3ba94ebad7,phash:e6ec88a329ffb0f0,test,7a4bdac3ccf14979fc3d4cac0ad4f6e3fe56efca4dc3e4d38609c2195d9bbe01,81,83,8,31,False
Soil_Labeled_Data/M_80_90/L_30_40/alluvial/IMG_0560_M_10_20_pale_yellow_M_40_50_dark_brown_M_60_70_wet_gray.jpg,Soil_Labeled_Data/M_80_90/L_30_40/alluvial/IMG_0560_M_10_20_pale_yellow_M_40_50_dark_brown_M_60_70_wet_gray.jpg,946b4d03690ecca2088b,phash:ef5e7404aeafdb0b,train,bbbeb99822617d92d2d5814ead2b3adaf2bfe1c4edfaa247bc57ab4c1847e0b7,83,84,8,36,False
Soil_Labeled_Data/M_80_90/L_30_40/alluvial/IMG_0560_M_10_20_pale_yellow_M_40_50_light_brown_M_50_60_dark_brown_M_70_80_clay_red.jpg,Soil_Labeled_Data/M_80_90/L_30_40/alluvial/IMG_0560_M_10_20_pale_yellow_M_40_50_light_brown_M_50_60_dark_brown_M_70_80_clay_red.jpg,90b76bdee48617b45763,phash:ef5e7404aeafdb0b,train,4eb79fae515df96b5e25ce0531445bd52d6d62f1f61bf391216e23645d85015b,83,88,8,39,False
Soil_Labeled_Data/M_80_90/L_30_40/alluvial/IMG_0561_M_10_20_light_brown_M_40_50_dark_brown_M_60_70_clay_red.jpg,Soil_Labeled_Data/M_80_90/L_30_40/alluvial/IMG_0561_M_10_20_light_brown_M_40_50_dark_brown_M_60_70_clay_red.jpg,d98e488a5b3afe899528,phash:9f5f613117af89d1,train,2d89a9b14e431ba348125f3c9904bd8bd6cd4dd23e238932edc3532b8cb6524a,80,83,8,40,False
Soil_Labeled_Data/M_80_90/L_30_40/alluvial/z5716113532944_e24b5c26485417eddb8588efca3eea1f_M_30_40_light_brown_M_40_50_gray_brown_M_60_70_dark_brown_M_70_80_clay_red.jpg,Soil_Labeled_Data/M_80_90/L_30_40/alluvial/z5716113532944_e24b5c26485417eddb8588efca3eea1f_M_30_40_light_brown_M_40_50_gray_brown_M_60_70_dark_brown_M_70_80_clay_red.jpg,58741571eb4953809377,phash:67cc1dc54d47f36e,train,83547d17832d124ba600d7507270a2e1e91f5379a1bb7a9e73bd8dbae593fc7e,87,88,8,37,False
Soil_Labeled_Data/M_80_90/L_30_40/alluvial/z5716113582590_c1f59f1cd35db605de2ac5249cd439b0_M_30_40_light_brown_M_40_50_gray_brown_M_50_60_dark_brown_M_70_80_clay_red.jpg,Soil_Labeled_Data/M_80_90/L_30_40/alluvial/z5716113582590_c1f59f1cd35db605de2ac5249cd439b0_M_30_40_light_brown_M_40_50_gray_brown_M_50_60_dark_brown_M_70_80_clay_red.jpg,7e535fa1a0ff059aa68a,phash:6408beb1a56a96d0,validation,338c52be895fd6b157fdad0fd7e6acb9910133437d8927cbfc653db5a9f1a3ce,81,83,8,36,False
Soil_Labeled_Data/M_80_90/L_30_40/alluvial/z5716113632942_5f926ef109e13eb9a864102d6cae87cc_M_30_40_gray_brown_M_40_50_gray_brown_M_60_70_clay_red.jpg,Soil_Labeled_Data/M_80_90/L_30_40/alluvial/z5716113632942_5f926ef109e13eb9a864102d6cae87cc_M_30_40_gray_brown_M_40_50_gray_brown_M_60_70_clay_red.jpg,629d661a71906271742d,phash:ce2d2410ac94b89a,train,420013a2988cbfd33add195a1956e01a6287218a88a2fc97406474512488be73,84,89,8,32,False
Soil_Labeled_Data/M_80_90/L_30_40/alluvial/z5716113728055_dd08551aa6ea83b557da7365c80ea990_M_30_40_pale_yellow_M_40_50_gray_brown_M_60_70_dark_brown_M_70_80_clay_red.jpg,Soil_Labeled_Data/M_80_90/L_30_40/alluvial/z5716113728055_dd08551aa6ea83b557da7365c80ea990_M_30_40_pale_yellow_M_40_50_gray_brown_M_60_70_dark_brown_M_70_80_clay_red.jpg,19dded14f8c61a3958bb,phash:a6382e81714b1124,validation,ba7cc6818076373d745880d0794ba5e911777ed15c88998bd4a00d1ec310e33b,81,82,8,37,False
Soil_Labeled_Data/M_80_90/L_30_40/alluvial/z5716113879850_447b9ea1dd28b71c4c2a3579561cee3f_M_30_40_light_brown_M_40_50_gray_brown_M_60_70_dark_brown_M_70_80_wet_gray.jpg,Soil_Labeled_Data/M_80_90/L_30_40/alluvial/z5716113879850_447b9ea1dd28b71c4c2a3579561cee3f_M_30_40_light_brown_M_40_50_gray_brown_M_60_70_dark_brown_M_70_80_wet_gray.jpg,16a3814a89916897f963,phash:823d96d5f866f1a3,train,dce435e3e659220c8744c919c083c7f1f8f2dab0c607383b5ebca52ce8746741,90,91,8,33,False
Soil_Labeled_Data/M_80_90/L_40_50/alluvial/IMG_0159_M_0_10_clayish_red_M_40_50_dark_brown_M_60_70_dark_brown_M_70_80_clay_red.jpg,Soil_Labeled_Data/M_80_90/L_40_50/alluvial/IMG_0159_M_0_10_clayish_red_M_40_50_dark_brown_M_60_70_dark_brown_M_70_80_clay_red.jpg,4eac3a7bbddb92a419cf,phash:351919a7efd95827,train,90578a8fcf7b1de21e751b9efb48134d7713978b42eb5b52f1d58ef950996d1e,84,88,8,49,False
Soil_Labeled_Data/M_80_90/L_40_50/alluvial/IMG_0162_M_0_10_gray_brown_M_40_50_gray_brown_M_60_70_clay_red.jpg,Soil_Labeled_Data/M_80_90/L_40_50/alluvial/IMG_0162_M_0_10_gray_brown_M_40_50_gray_brown_M_60_70_clay_red.jpg,e00dc335ccdde17746b1,phash:124887665cbfb8dc,train,201dd7964ba67fb5af3e5194758227b50230d9d764f406bec86398eafdadca0d,83,84,8,48,False
Soil_Labeled_Data/M_80_90/L_40_50/alluvial/IMG_0162_M_0_10_gray_brown_M_40_50_light_brown_M_50_60_gray_brown_M_60_70_wet_gray.jpg,Soil_Labeled_Data/M_80_90/L_40_50/alluvial/IMG_0162_M_0_10_gray_brown_M_40_50_light_brown_M_50_60_gray_brown_M_60_70_wet_gray.jpg,e95b8bbb8d1d2bf91f18,phash:124887665cbfb8dc,train,542cedc87cab540185567cfa25d6be17389b2486ee5b825f4634e8db9ca899b8,87,87,8,41,False
Soil_Labeled_Data/M_80_90/L_40_50/alluvial/IMG_0168_M_0_10_pale_yellow_M_40_50_gray_brown_M_60_70_clay_red.jpg,Soil_Labeled_Data/M_80_90/L_40_50/alluvial/IMG_0168_M_0_10_pale_yellow_M_40_50_gray_brown_M_60_70_clay_red.jpg,18dd2c07f4ab5eb54d02,phash:55ed86ba605b6f60,validation,6f30efa04b5a03ede192bd090a78b7d7f562af5dad16d884e98be0f72de0bdfa,84,84,8,50,False
Soil_Labeled_Data/M_80_90/L_40_50/alluvial/IMG_0170_M_0_10_light_brown_M_40_50_light_brown_M_50_60_gray_brown_M_60_70_clay_red.jpg,Soil_Labeled_Data/M_80_90/L_40_50/alluvial/IMG_0170_M_0_10_light_brown_M_40_50_light_brown_M_50_60_gray_brown_M_60_70_clay_red.jpg,ffc3ea83d9595d465127,phash:d6395896fc8503b5,train,10c3ea4f39a17d7fdf7052b2dc5784e6bf9bd9a46619cc6d5aef6ac81a1a1ff8,82,86,8,41,False
Soil_Labeled_Data/M_80_90/L_40_50/alluvial/IMG_0590_M_10_20_pale_yellow_M_40_50_gray_brown_M_50_60_dark_brown_M_60_70_clay_red.jpg,Soil_Labeled_Data/M_80_90/L_40_50/alluvial/IMG_0590_M_10_20_pale_yellow_M_40_50_gray_brown_M_50_60_dark_brown_M_60_70_clay_red.jpg,32fffa86388353c5292d,phash:507b6b1f4054a934,train,0ccdcf37cfed1691ed96bb2eb4850626387e5fa6bdedffe707d2df6ca92db685,87,87,8,45,False
Soil_Labeled_Data/M_80_90/L_40_50/alluvial/IMG_0591_M_10_20_gray_brown_M_40_50_dark_brown_M_60_70_dark_brown_M_70_80_clay_red.jpg,Soil_Labeled_Data/M_80_90/L_40_50/alluvial/IMG_0591_M_10_20_gray_brown_M_40_50_dark_brown_M_60_70_dark_brown_M_70_80_clay_red.jpg,26349b48a061d4b80973,phash:2a98fc04f9504a93,train,4cfa632ce81aa3716085d6d6e4d1ba35883fbe520bef5334570793a3a943195b,88,92,8,43,False
Soil_Labeled_Data/M_80_90/L_40_50/alluvial/IMG_0591_M_10_20_gray_brown_M_40_50_light_brown_M_50_60_dark_brown_M_60_70_wet_gray.jpg,Soil_Labeled_Data/M_80_90/L_40_50/alluvial/IMG_0591_M_10_20_gray_brown_M_40_50_light_brown_M_50_60_dark_brown_M_60_70_wet_gray.jpg,b8e4728520cf4db3d0f0,phash:2a98fc04f9504a93,train,984c235425ee3867e616f9a7fbb26327ef47226540055319a326875046ba24b2,86,86,8,46,False
Soil_Labeled_Data/M_80_90/L_40_50/alluvial/IMG_0595_M_10_20_gray_brown_M_40_50_light_brown_M_50_60_dark_brown_M_70_80_wet_gray.jpg,Soil_Labeled_Data/M_80_90/L_40_50/alluvial/IMG_0595_M_10_20_gray_brown_M_40_50_light_brown_M_50_60_dark_brown_M_70_80_wet_gray.jpg,aed795ad17b5f4ddeb61,phash:38ee9b49340cc8f6,train,6aca0b6e18f6deb56a362649ca2431b834e41b98aec5861ba93b0548a8ad82e9,90,93,8,47,False
Soil_Labeled_Data/M_80_90/L_40_50/alluvial/IMG_0598_M_10_20_light_brown_M_40_50_gray_brown_M_50_60_clay_red_M_70_80_clay_red.jpg,Soil_Labeled_Data/M_80_90/L_40_50/alluvial/IMG_0598_M_10_20_light_brown_M_40_50_gray_brown_M_50_60_clay_red_M_70_80_clay_red.jpg,9e6109981daee2b1be5f,phash:9116ede5d92d6a98,train,996be9d74966d7ba855392f5b78480464d95364f422780aa5815dbd93ce1ada7,84,87,8,41,False
Soil_Labeled_Data/M_80_90/L_40_50/alluvial/z5719914753588_0c56217f338c6ce291955ae9b10cce77_M_30_40_clayish_red_M_40_50_gray_brown_M_50_60_dark_brown_M_60_70_wet_gray.jpg,Soil_Labeled_Data/M_80_90/L_40_50/alluvial/z5719914753588_0c56217f338c6ce291955ae9b10cce77_M_30_40_clayish_red_M_40_50_gray_brown_M_50_60_dark_brown_M_60_70_wet_gray.jpg,18cc66d0e052db5112bb,phash:bdc9d8b77fcfbfa7,validation,7f84252e0c8c2cd0272747c5388d76596599d0bde2e8f443eae3056449804bf6,82,85,8,40,False
Soil_Labeled_Data/M_80_90/L_40_50/alluvial/z5719914753588_0c56217f338c6ce291955ae9b10cce77_M_30_40_gray_brown_M_50_60_gray_brown_M_60_70_clay_red.jpg,Soil_Labeled_Data/M_80_90/L_40_50/alluvial/z5719914753588_0c56217f338c6ce291955ae9b10cce77_M_30_40_gray_brown_M_50_60_gray_brown_M_60_70_clay_red.jpg,85009ec67e18c92e764d,phash:bdc9d8b77fcfbfa7,validation,e8fa927a1087e2d26a3102b9c5c16d06348504c4401e0cc361f0a4305fafbf3b,90,90,8,42,False
Soil_Labeled_Data/M_80_90/L_40_50/alluvial/z5719914924505_76c1acb4c3a03965a67149c70566e117_M_30_40_clayish_red_M_40_50_gray_brown_M_60_70_clay_red.jpg,Soil_Labeled_Data/M_80_90/L_40_50/alluvial/z5719914924505_76c1acb4c3a03965a67149c70566e117_M_30_40_clayish_red_M_40_50_gray_brown_M_60_70_clay_red.jpg,afd2b6e8e887bc799f6f,phash:716b93cb3852bf57,train,dbb5e0d6c514a2f6c4baca78d583ae7cb085a44fee5223b1f125fc7ce6a3300f,87,91,8,44,False
Soil_Labeled_Data/M_80_90/L_40_50/alluvial/z5719914924505_76c1acb4c3a03965a67149c70566e117_M_30_40_light_brown_M_50_60_dark_brown_M_60_70_clay_red.jpg,Soil_Labeled_Data/M_80_90/L_40_50/alluvial/z5719914924505_76c1acb4c3a03965a67149c70566e117_M_30_40_light_brown_M_50_60_dark_brown_M_60_70_clay_red.jpg,4d43984caa6591e817db,phash:716b93cb3852bf57,train,ad3c28b9d8d80d8ba988b844f22e71b483e37a85bc018e3d2c65efd9e1a12bac,80,80,8,48,False
Soil_Labeled_Data/M_80_90/L_40_50/alluvial/z5719914960624_6e7d01c6f99d68c85a781306a1116111_M_30_40_clayish_red_M_40_50_gray_brown_M_60_70_clay_red.jpg,Soil_Labeled_Data/M_80_90/L_40_50/alluvial/z5719914960624_6e7d01c6f99d68c85a781306a1116111_M_30_40_clayish_red_M_40_50_gray_brown_M_60_70_clay_red.jpg,05bcb80e727b7280d039,phash:853b972fcac916f6,test,64dd8e5b6f0f332df9b30b93d7caa80cc9af0c55e96a637c1aa441634755621a,90,94,8,44,False
Soil_Labeled_Data/M_80_90/L_40_50/alluvial/z5719915050807_883061f62d1ba096fe786e33783493ac_M_30_40_light_brown_M_40_50_light_brown_M_50_60_clay_red_M_70_80_clay_red.jpg,Soil_Labeled_Data/M_80_90/L_40_50/alluvial/z5719915050807_883061f62d1ba096fe786e33783493ac_M_30_40_light_brown_M_40_50_light_brown_M_50_60_clay_red_M_70_80_clay_red.jpg,9e80c953cd56dd56dfbe,phash:24cad31affe7fb9c,train,09c5ed917e4b1f7d60efea64e4982ee27c5a9a9c48d8414ae16c8fb09610b914,85,89,8,47,False
Soil_Labeled_Data/M_80_90/L_40_50/alluvial/z5719915064697_6860e93b3637879e75266a9cab0b000e_M_30_40_light_brown_M_40_50_light_brown_M_50_60_dark_brown_M_60_70_wet_gray.jpg,Soil_Labeled_Data/M_80_90/L_40_50/alluvial/z5719915064697_6860e93b3637879e75266a9cab0b000e_M_30_40_light_brown_M_40_50_light_brown_M_50_60_dark_brown_M_60_70_wet_gray.jpg,a638239c142965fa3d58,phash:0c3e6132abc6992b,train,9264e91b9938eef592611b3aec78443b45a165aa116463aa999f7930830f75d9,84,86,8,46,False
Soil_Labeled_Data/M_80_90/L_40_50/alluvial/z5719915064697_6860e93b3637879e75266a9cab0b000e_M_30_40_light_brown_M_50_60_clay_red_M_70_80_wet_gray.jpg,Soil_Labeled_Data/M_80_90/L_40_50/alluvial/z5719915064697_6860e93b3637879e75266a9cab0b000e_M_30_40_light_brown_M_50_60_clay_red_M_70_80_wet_gray.jpg,244c2e03ae081970fe0b,phash:0c3e6132abc6992b,train,af0de8623ac54bdc6b3b8284820766a54beffe9b1daa58c5b62ccfc089cc973a,86,90,8,40,False
Soil_Labeled_Data/M_80_90/L_40_50/alluvial/z5719915131240_b52c7f068d1abd26f05cb78e3e3ad74c_M_30_40_gray_brown_M_40_50_dark_brown_M_60_70_clay_red_M_70_80_clay_red.jpg,Soil_Labeled_Data/M_80_90/L_40_50/alluvial/z5719915131240_b52c7f068d1abd26f05cb78e3e3ad74c_M_30_40_gray_brown_M_40_50_dark_brown_M_60_70_clay_red_M_70_80_clay_red.jpg,7b85defed2a472fed109,phash:1fd8326543aa675f,train,10182b884299d899f5eaf228e8beb28f48224d7c1c7b3a7e31eb010cdb72f78e,86,87,8,45,False
Soil_Labeled_Data/M_80_90/L_40_50/alluvial/z5719915191781_9fbc3215a4e768d8a242c9aae23d78e3_M_30_40_gray_brown_M_40_50_light_brown_M_50_60_gray_brown_M_60_70_clay_red_M_70_80_wet_gray.jpg,Soil_Labeled_Data/M_80_90/L_40_50/alluvial/z5719915191781_9fbc3215a4e768d8a242c9aae23d78e3_M_30_40_gray_brown_M_40_50_light_brown_M_50_60_gray_brown_M_60_70_clay_red_M_70_80_wet_gray.jpg,52432c7a269579afdbde,phash:7fd86c261d9ac446,train,57b3080fb1618f2429621291589aefe9fc4be7a6f9c5394d64022c4430f797f0,86,88,8,49,False
Soil_Labeled_Data/M_80_90/L_50_60/alluvial/IMG_0196_M_0_10_clayish_red_M_40_50_light_brown_M_50_60_dark_brown_M_70_80_wet_gray.jpg,Soil_Labeled_Data/M_80_90/L_50_60/alluvial/IMG_0196_M_0_10_clayish_red_M_40_50_light_brown_M_50_60_dark_brown_M_70_80_wet_gray.jpg,c2d580a1b6e695ad1b34,phash:c8300f8708e9afd6,train,3c024f52f5c84110cd0d7cc9633494fdcd029a162b022446363bfc1703f7b546,81,84,8,59,False
Soil_Labeled_Data/M_80_90/L_50_60/alluvial/IMG_0196_M_0_10_light_brown_M_40_50_gray_brown_M_50_60_clay_red_M_70_80_wet_gray.jpg,Soil_Labeled_Data/M_80_90/L_50_60/alluvial/IMG_0196_M_0_10_light_brown_M_40_50_gray_brown_M_50_60_clay_red_M_70_80_wet_gray.jpg,2d972a6aaa589f6899dc,phash:c8300f8708e9afd6,train,ce6a621168d77ebd609f2c616b99bd731af5999fa97182cb4449fe6c1299a29e,84,84,8,50,False
Soil_Labeled_Data/M_80_90/L_50_60/alluvial/IMG_0198_M_0_10_clayish_red_M_40_50_dark_brown_M_60_70_dark_brown_M_70_80_wet_gray.jpg,Soil_Labeled_Data/M_80_90/L_50_60/alluvial/IMG_0198_M_0_10_clayish_red_M_40_50_dark_brown_M_60_70_dark_brown_M_70_80_wet_gray.jpg,5becfdf70cd47e10411c,phash:0d2d9ad2361ac018,train,311744f4afa851c04d53d646e687c70248b494e1187fe1f9bbc895adecde5ebb,83,86,8,54,False
Soil_Labeled_Data/M_80_90/L_50_60/alluvial/IMG_0198_M_0_10_pale_yellow_M_40_50_dark_brown_M_60_70_wet_gray.jpg,Soil_Labeled_Data/M_80_90/L_50_60/alluvial/IMG_0198_M_0_10_pale_yellow_M_40_50_dark_brown_M_60_70_wet_gray.jpg,4fc420ecf9dd57b04df2,phash:0d2d9ad2361ac018,train,4790c12158512c7278aa56dedc4c1113d482b26f4cf2007525172309371ab1be,82,86,8,55,False
Soil_Labeled_Data/M_80_90/L_50_60/alluvial/IMG_0203_M_0_10_pale_yellow_M_40_50_dark_brown_M_60_70_clay_red_M_70_80_wet_gray.jpg,Soil_Labeled_Data/M_80_90/L_50_60/alluvial/IMG_0203_M_0_10_pale_yellow_M_40_50_dark_brown_M_60_70_clay_red_M_70_80_wet_gray.jpg,da67f702a9a999335fbc,phash:d4512147d239b24e,train,760fb7f1778ae2195b9917b2455a1d2ffc0a42281293239022557d4d2a659be8,89,90,8,51,False
Soil_Labeled_Data/M_80_90/L_50_60/alluvial/IMG_0204_M_0_10_pale_yellow_M_40_50_gray_brown_M_60_70_clay_red.jpg,Soil_Labeled_Data/M_80_90/L_50_60/alluvial/IMG_0204_M_0_10_pale_yellow_M_40_50_gray_brown_M_60_70_clay_red.jpg,b5ccd0db7a217b9c2c18,phash:d439d38aa2cdd80d,train,3b21ca6b62c6fdcf38eb5d28c96b7dfb1c16d670c85d0743dc85d84bffadf354,88,91,8,52,False
Soil_Labeled_Data/M_80_90/L_50_60/alluvial/IMG_0208_M_0_10_light_brown_M_40_50_gray_brown_M_50_60_dark_brown_M_70_80_wet_gray.jpg,Soil_Labeled_Data/M_80_90/L_50_60/alluvial/IMG_0208_M_0_10_light_brown_M_40_50_gray_brown_M_50_60_dark_brown_M_70_80_wet_gray.jpg,cee29b1581a5f5af0db4,phash:272fa05db045290a,train,15d9d3d4a5b77bfdb699b7799daa61bc32a4d1194c83e4ad1dc2bdcf6d672464,89,93,8,50,False
Soil_Labeled_Data/M_80_90/L_50_60/alluvial/IMG_0210_M_0_10_pale_yellow_M_40_50_gray_brown_M_50_60_dark_brown_M_70_80_clay_red.jpg,Soil_Labeled_Data/M_80_90/L_50_60/alluvial/IMG_0210_M_0_10_pale_yellow_M_40_50_gray_brown_M_50_60_dark_brown_M_70_80_clay_red.jpg,8aed5facb506c5f1dcb3,phash:12e5de9a219b300b,train,dcd440afa94f846e75c1a1420e72c330c36cde671acfa2559bef095fa52c4dcb,86,86,8,54,False
Soil_Labeled_Data/M_80_90/L_50_60/alluvial/IMG_0212_M_0_10_light_brown_M_40_50_dark_brown_M_60_70_clay_red.jpg,Soil_Labeled_Data/M_80_90/L_50_60/alluvial/IMG_0212_M_0_10_light_brown_M_40_50_dark_brown_M_60_70_clay_red.jpg,31f873d58a6341344dcc,phash:fe170979b5ca8fe3,train,6e36c56991e5fed83ccd2d09f56073f7590d94e40bd787603b984158366199b8,80,84,8,58,False
Soil_Labeled_Data/M_80_90/L_50_60/alluvial/IMG_0627_M_10_20_clayish_red_M_40_50_gray_brown_M_50_60_gray_brown_M_60_70_clay_red_M_70_80_wet_gray.jpg,Soil_Labeled_Data/M_80_90/L_50_60/alluvial/IMG_0627_M_10_20_clayish_red_M_40_50_gray_brown_M_50_60_gray_brown_M_60_70_clay_red_M_70_80_wet_gray.jpg,86bc9527fbd4a310c2d4,phash:193b3e0d6d37e17c,train,b57a7562e243eac82728e6be5bddcf92343acbbe7da77f1a4707d1ef49bfd3fe,88,89,8,50,False
Soil_Labeled_Data/M_80_90/L_50_60/alluvial/IMG_0631_M_10_20_light_brown_M_40_50_light_brown_M_50_60_dark_brown_M_70_80_clay_red.jpg,Soil_Labeled_Data/M_80_90/L_50_60/alluvial/IMG_0631_M_10_20_light_brown_M_40_50_light_brown_M_50_60_dark_brown_M_70_80_clay_red.jpg,c019695d09285330fdcd,phash:0be3776bf5b85f30,train,a5c4c4305961ba6c5fcd73a36c7cd50e694d0dd024f24650fc2e62abcebf5c07,85,85,8,60,False
Soil_Labeled_Data/M_80_90/L_50_60/alluvial/z5719945203482_fc59f3ebb2c9d5959ab183cf1300e674_M_30_40_clayish_red_M_40_50_light_brown_M_50_60_dark_brown_M_60_70_wet_gray.jpg,Soil_Labeled_Data/M_80_90/L_50_60/alluvial/z5719945203482_fc59f3ebb2c9d5959ab183cf1300e674_M_30_40_clayish_red_M_40_50_light_brown_M_50_60_dark_brown_M_60_70_wet_gray.jpg,063729ed630dd112ee03,phash:90f8ad998d5008d1,train,7c070b27266a039262e95290d05755f36f0b108b05495862e9412205c553098a,87,89,8,51,False
Soil_Labeled_Data/M_80_90/L_50_60/alluvial/z5719945326572_38e3e733446eabe3bf00850bf73883e0_M_30_40_light_brown_M_50_60_clay_red_M_70_80_wet_gray.jpg,Soil_Labeled_Data/M_80_90/L_50_60/alluvial/z5719945326572_38e3e733446eabe3bf00850bf73883e0_M_30_40_light_brown_M_50_60_clay_red_M_70_80_wet_gray.jpg,cf027fd5fff71fba578d,phash:ae5e6bb93e10e1eb,train,39fd273e6712f69dafb464b420945c2ca69aa2d0642c871d918a67c1acacfa81,90,91,8,51,False
Soil_Labeled_Data/M_80_90/L_50_60/alluvial/z5719945372269_2a3fa83b9d92ccaa70da062eccace05c_M_30_40_gray_brown_M_50_60_dark_brown_M_70_80_clay_red.jpg,Soil_Labeled_Data/M_80_90/L_50_60/alluvial/z5719945372269_2a3fa83b9d92ccaa70da062eccace05c_M_30_40_gray_brown_M_50_60_dark_brown_M_70_80_clay_red.jpg,da0cc804db4470e05bcd,phash:3d82ea23d942126e,train,bf29aaa0bcde6d959974cc2aeaf0fb19c055b54335dd9d385cd0956756263339,87,88,8,51,False
Soil_Labeled_Data/M_80_90/L_50_60/alluvial/z5719945410375_d68840a29b4222519ffac084ea8cf065_M_30_40_light_brown_M_50_60_dark_brown_M_60_70_wet_gray.jpg,Soil_Labeled_Data/M_80_90/L_50_60/alluvial/z5719945410375_d68840a29b4222519ffac084ea8cf065_M_30_40_light_brown_M_50_60_dark_brown_M_60_70_wet_gray.jpg,4c3d2012109566aa0999,phash:ff670dc08f99ba9e,train,526081b31facf607a91944af0a88676b2760fe0505b085c80d9c225408b7049f,82,82,8,51,False
Soil_Labeled_Data/M_80_90/L_50_60/alluvial/z5719945422897_e85f1f456697f2e20bc5401bb55ec951_M_30_40_gray_brown_M_40_50_gray_brown_M_50_60_dark_brown_M_60_70_clay_red_M_70_80_clay_red.jpg,Soil_Labeled_Data/M_80_90/L_50_60/alluvial/z5719945422897_e85f1f456697f2e20bc5401bb55ec951_M_30_40_gray_brown_M_40_50_gray_brown_M_50_60_dark_brown_M_60_70_clay_red_M_70_80_clay_red.jpg,3598dd144fcaa55f7d4d,phash:aaea210362ca2aa0,train,09628187eeb3cd06d3baf310811a2cd8c98f9aa39d41c8d7431fd8a6fa6e350d,83,87,8,54,False
Soil_Labeled_Data/M_80_90/L_50_60/alluvial/z5719945422897_e85f1f456697f2e20bc5401bb55ec951_M_30_40_light_brown_M_40_50_gray_brown_M_50_60_dark_brown_M_60_70_wet_gray.jpg,Soil_Labeled_Data/M_80_90/L_50_60/alluvial/z5719945422897_e85f1f456697f2e20bc5401bb55ec951_M_30_40_light_brown_M_40_50_gray_brown_M_50_60_dark_brown_M_60_70_wet_gray.jpg,ebfeecc2071c53e8323c,phash:aaea210362ca2aa0,train,a70c54282cb21090184b26a70ced8b7d1b878c4635c844ef704a90229c27362c,87,88,8,53,False
Soil_Labeled_Data/M_80_90/L_50_60/alluvial/z5719945442394_074f397072a0e21797e33be6440ab366_M_30_40_gray_brown_M_50_60_gray_brown_M_60_70_clay_red.jpg,Soil_Labeled_Data/M_80_90/L_50_60/alluvial/z5719945442394_074f397072a0e21797e33be6440ab366_M_30_40_gray_brown_M_50_60_gray_brown_M_60_70_clay_red.jpg,1eee14a7f70ae9a15ad6,phash:2765edb8329cb206,train,e9f7e6d79595d3b4c9e076f9a17a4de404d76cf2cc9aaf4a7b3500c9ecba6ddd,82,84,8,59,False
Soil_Labeled_Data/M_80_90/L_50_60/alluvial/z5719945465403_eef403001195b9d5de6375b6fe2e3628_M_30_40_pale_yellow_M_40_50_light_brown_M_50_60_clay_red_M_70_80_wet_gray.jpg,Soil_Labeled_Data/M_80_90/L_50_60/alluvial/z5719945465403_eef403001195b9d5de6375b6fe2e3628_M_30_40_pale_yellow_M_40_50_light_brown_M_50_60_clay_red_M_70_80_wet_gray.jpg,1930cef15785bb289644,phash:90a9507b3fdd1392,train,05bf3105b7bfaab9a9e814e8bb1ea7834c3863858b98c3993b286b3c903dcab5,83,83,8,54,False
Soil_Labeled_Data/M_80_90/L_50_60/alluvial/z5719945494405_a556366a429daf9a78448e62806f33bb_M_30_40_gray_brown_M_40_50_gray_brown_M_60_70_clay_red_M_70_80_wet_gray.jpg,Soil_Labeled_Data/M_80_90/L_50_60/alluvial/z5719945494405_a556366a429daf9a78448e62806f33bb_M_30_40_gray_brown_M_40_50_gray_brown_M_60_70_clay_red_M_70_80_wet_gray.jpg,0d1d85303f20c92c4364,phash:98cba7f801fd0d43,train,c47f1286955e7aae5a2cbd994da5a4d25d0fb17dd9dc0f53099f3d97926b4256,86,87,8,50,False
Soil_Labeled_Data/M_80_90/L_60_70/alluvial/IMG_0240_M_0_10_light_brown_M_40_50_light_brown_M_50_60_dark_brown_M_60_70_clay_red.jpg,Soil_Labeled_Data/M_80_90/L_60_70/alluvial/IMG_0240_M_0_10_light_brown_M_40_50_light_brown_M_50_60_dark_brown_M_60_70_clay_red.jpg,beba36a59829c8a12017,phash:ddcd5bf42ce461e9,train,aa500d9e1de1417d77fc193b3fc445bf0841190e14183eb964538f5dc77a407d,82,84,8,69,False
Soil_Labeled_Data/M_80_90/L_60_70/alluvial/IMG_0240_M_0_10_pale_yellow_M_40_50_gray_brown_M_50_60_dark_brown_M_70_80_clay_red.jpg,Soil_Labeled_Data/M_80_90/L_60_70/alluvial/IMG_0240_M_0_10_pale_yellow_M_40_50_gray_brown_M_50_60_dark_brown_M_70_80_clay_red.jpg,5ca26a109c6ee0cca749,phash:ddcd5bf42ce461e9,train,c41efc4fc4f43984d73fa48fff835cab2c3fd29832eede3b8cde4e325db62e3c,90,90,8,69,False
Soil_Labeled_Data/M_80_90/L_60_70/alluvial/IMG_0242_M_0_10_clayish_red_M_40_50_light_brown_M_50_60_gray_brown_M_60_70_clay_red.jpg,Soil_Labeled_Data/M_80_90/L_60_70/alluvial/IMG_0242_M_0_10_clayish_red_M_40_50_light_brown_M_50_60_gray_brown_M_60_70_clay_red.jpg,461456e0c8378f67eee7,phash:72f2bba7253dc548,train,712ef2d1c1639f4e6a3ed88f42eac59da5438b6a662f8bb3c12dd1d2d395db85,86,88,8,60,False
Soil_Labeled_Data/M_80_90/L_60_70/alluvial/IMG_0244_M_0_10_clayish_red_M_40_50_dark_brown_M_60_70_clay_red_M_70_80_clay_red.jpg,Soil_Labeled_Data/M_80_90/L_60_70/alluvial/IMG_0244_M_0_10_clayish_red_M_40_50_dark_brown_M_60_70_clay_red_M_70_80_clay_red.jpg,e58a00d4398c46136a48,phash:b637075916ceadb4,train,9eb475a88ea571c004effcdf79ee5775dcfd49646b9c96285fb0ab7c0c9c897e,86,87,8,62,False
Soil_Labeled_Data/M_80_90/L_60_70/alluvial/IMG_0246_M_0_10_light_brown_M_40_50_gray_brown_M_60_70_wet_gray.jpg,Soil_Labeled_Data/M_80_90/L_60_70/alluvial/IMG_0246_M_0_10_light_brown_M_40_50_gray_brown_M_60_70_wet_gray.jpg,be08aeee9b9279263ee2,phash:19ac01d45edafba1,train,034f43c5da8c08b0ee41ce3af065d97c037aa277bee54a5ecdb8b2e6e651b43c,88,90,8,68,False
Soil_Labeled_Data/M_80_90/L_60_70/alluvial/IMG_0255_M_0_10_gray_brown_M_40_50_dark_brown_M_60_70_dark_brown_M_70_80_clay_red.jpg,Soil_Labeled_Data/M_80_90/L_60_70/alluvial/IMG_0255_M_0_10_gray_brown_M_40_50_dark_brown_M_60_70_dark_brown_M_70_80_clay_red.jpg,cf6011e287c74d23ee27,phash:3a82b527ebf76359,validation,4d10dd57fd7e34bdb9e898f2703b9c99076d8b80ca2f0d19b9a3d36505d97228,82,81,8,63,False
Soil_Labeled_Data/M_80_90/L_60_70/alluvial/IMG_0255_M_0_10_gray_brown_M_40_50_light_brown_M_50_60_dark_brown_M_60_70_clay_red_M_70_80_clay_red.jpg,Soil_Labeled_Data/M_80_90/L_60_70/alluvial/IMG_0255_M_0_10_gray_brown_M_40_50_light_brown_M_50_60_dark_brown_M_60_70_clay_red_M_70_80_clay_red.jpg,a6b407a21cc932436890,phash:28c8f3401e69481b,train,dd8b867ca318b14c5714739e83a43f7715775ed4763e3c00fabf55060da884cb,85,88,8,68,False
Soil_Labeled_Data/M_80_90/L_60_70/alluvial/IMG_0257_M_0_10_clayish_red_M_40_50_gray_brown_M_50_60_dark_brown_M_60_70_clay_red_M_70_80_wet_gray.jpg,Soil_Labeled_Data/M_80_90/L_60_70/alluvial/IMG_0257_M_0_10_clayish_red_M_40_50_gray_brown_M_50_60_dark_brown_M_60_70_clay_red_M_70_80_wet_gray.jpg,9fa3da60655cfe4c20d9,phash:235e8a3618d76129,train,5165b3f8ccb3f9c9d5edbf403bcccc82656d689bb7d22e748c0a13373110cc0e,88,90,8,64,False
Soil_Labeled_Data/M_80_90/L_60_70/alluvial/IMG_0675_M_10_20_pale_yellow_M_40_50_gray_brown_M_50_60_gray_brown_M_60_70_wet_gray.jpg,Soil_Labeled_Data/M_80_90/L_60_70/alluvial/IMG_0675_M_10_20_pale_yellow_M_40_50_gray_brown_M_50_60_gray_brown_M_60_70_wet_gray.jpg,82b1b4b4ee9bd8e97850,phash:a428d9fcdf8d24fa,train,635d971ff92b544fb1512d76674a0a48a3a6c84ff167c9bf5c5ebbdb9d1fa87f,83,83,8,64,False
Soil_Labeled_Data/M_80_90/L_60_70/alluvial/IMG_0679_M_10_20_light_brown_M_30_40_gray_brown_M_50_60_dark_brown_M_70_80_wet_gray.jpg,Soil_Labeled_Data/M_80_90/L_60_70/alluvial/IMG_0679_M_10_20_light_brown_M_30_40_gray_brown_M_50_60_dark_brown_M_70_80_wet_gray.jpg,dc31b60494c3dbcc49a7,phash:511c840490f6b4a6,train,dbd1d979e60e8c601c5a45e37340bbecb31118b6de10c3c224c7e655714d1ab7,87,86,8,65,False
Soil_Labeled_Data/M_80_90/L_60_70/alluvial/IMG_0679_M_10_20_light_brown_M_40_50_gray_brown_M_50_60_dark_brown_M_60_70_clay_red.jpg,Soil_Labeled_Data/M_80_90/L_60_70/alluvial/IMG_0679_M_10_20_light_brown_M_40_50_gray_brown_M_50_60_dark_brown_M_60_70_clay_red.jpg,6cbe44fa3e8f1b66b58f,phash:511c840490f6b4a6,train,7e0e0ae62f178c4724114a767bfbb9617c68da4fee75c94bbc7c681906f99411,86,85,8,61,False
Soil_Labeled_Data/M_80_90/L_60_70/alluvial/IMG_0680_M_10_20_gray_brown_M_40_50_dark_brown_M_60_70_wet_gray.jpg,Soil_Labeled_Data/M_80_90/L_60_70/alluvial/IMG_0680_M_10_20_gray_brown_M_40_50_dark_brown_M_60_70_wet_gray.jpg,c73f38e424343e0d79b5,phash:f1ae61d2650f45e9,train,2374b7f86a4a5beb6b7f94d8d79dcc3530e463a8bcf71665ade2a0fb864a476d,83,85,8,68,False
Soil_Labeled_Data/M_80_90/L_60_70/alluvial/IMG_0695_M_10_20_clayish_red_M_40_50_light_brown_M_50_60_dark_brown_M_70_80_clay_red.jpg,Soil_Labeled_Data/M_80_90/L_60_70/alluvial/IMG_0695_M_10_20_clayish_red_M_40_50_light_brown_M_50_60_dark_brown_M_70_80_clay_red.jpg,e3ecd5c9156672af8369,phash:4d2073dc153cb1de,train,8dc7f45db490f28f9fd905568b817731997373c9f47aa5a7bb8b96d0bf909485,84,87,8,70,False
Soil_Labeled_Data/M_80_90/L_60_70/alluvial/IMG_0695_M_10_20_gray_brown_M_40_50_dark_brown_M_60_70_dark_brown_M_70_80_clay_red.jpg,Soil_Labeled_Data/M_80_90/L_60_70/alluvial/IMG_0695_M_10_20_gray_brown_M_40_50_dark_brown_M_60_70_dark_brown_M_70_80_clay_red.jpg,b4f5ff5a961f27a61591,phash:4d2073dc153cb1de,train,4f89410e4dd1afcc10e20b8d96fd5a48d6c86435a852ba78a2bc3a23550e4814,85,85,8,70,False
Soil_Labeled_Data/M_80_90/L_60_70/alluvial/z5715084112046_c4388528720a09f94233e3004fa76f74_M_20_30_pale_yellow_M_30_40_light_brown_M_50_60_dark_brown_M_60_70_wet_gray.jpg,Soil_Labeled_Data/M_80_90/L_60_70/alluvial/z5715084112046_c4388528720a09f94233e3004fa76f74_M_20_30_pale_yellow_M_30_40_light_brown_M_50_60_dark_brown_M_60_70_wet_gray.jpg,21612b3c5ee9ada24469,phash:8b71a8bf945bfd44,train,67eb40b214c7fe65087f97827609462d7d62678b0764e4bb538979e503f3a8e2,90,92,8,63,False
Soil_Labeled_Data/M_80_90/L_60_70/alluvial/z5715084165270_22662a8e6cfa3719910b048011f20dc3_M_20_30_light_brown_M_30_40_light_brown_M_50_60_clay_red_M_70_80_wet_gray.jpg,Soil_Labeled_Data/M_80_90/L_60_70/alluvial/z5715084165270_22662a8e6cfa3719910b048011f20dc3_M_20_30_light_brown_M_30_40_light_brown_M_50_60_clay_red_M_70_80_wet_gray.jpg,41e6a0116ddbb6d8cbb4,phash:cd45673673b5cc09,train,1ba5fafb74e662da2b86381a43da60c0cc593b2ee826efa768dbb570539e9896,83,84,8,66,False
Soil_Labeled_Data/M_80_90/L_60_70/alluvial/z5715084217100_56ffdcb9a7e21ae938a857822326c4e1_M_20_30_light_brown_M_30_40_light_brown_M_50_60_dark_brown_M_60_70_wet_gray.jpg,Soil_Labeled_Data/M_80_90/L_60_70/alluvial/z5715084217100_56ffdcb9a7e21ae938a857822326c4e1_M_20_30_light_brown_M_30_40_light_brown_M_50_60_dark_brown_M_60_70_wet_gray.jpg,06767a30205426a4d85f,phash:0b0189f76cd4b322,train,be323e07a2b9febacaf5338e2e4fe2bcd72c75688fd5190081bf3803f607aa1e,90,93,8,69,False
Soil_Labeled_Data/M_80_90/L_60_70/alluvial/z5715084235063_019bf1d09588c2fd5226859f4331698b_M_20_30_light_brown_M_30_40_light_brown_M_50_60_dark_brown_M_70_80_clay_red.jpg,Soil_Labeled_Data/M_80_90/L_60_70/alluvial/z5715084235063_019bf1d09588c2fd5226859f4331698b_M_20_30_light_brown_M_30_40_light_brown_M_50_60_dark_brown_M_70_80_clay_red.jpg,b2fd40d27d6ad590cc84,phash:2239954b40c98c02,train,dd5b83238b84fe19faabf3aa1b036eaceb2626b6ce8ae5a2682c0332848b02fa,81,80,8,69,False
Soil_Labeled_Data/M_80_90/L_60_70/alluvial/z5715084415256_c016f29f8a2b857513855a25b24de184_M_20_30_pale_yellow_M_30_40_gray_brown_M_50_60_gray_brown_M_60_70_clay_red_M_70_80_clay_red.jpg,Soil_Labeled_Data/M_80_90/L_60_70/alluvial/z5715084415256_c016f29f8a2b857513855a25b24de184_M_20_30_pale_yellow_M_30_40_gray_brown_M_50_60_gray_brown_M_60_70_clay_red_M_70_80_clay_red.jpg,23923a4dc022cb632367,phash:d20d5edb74fa0581,train,bb19c0ee5104d52d8ffb86060b2f4208cada3172e31f97c076426f00dae5a352,87,88,8,61,False
Soil_Labeled_Data/M_80_90/L_60_70/alluvial/z5715084491690_fee182e72573f2d43a9eccb1df380def_M_20_30_pale_yellow_M_30_40_light_brown_M_50_60_dark_brown_M_60_70_dark_brown_M_70_80_wet_gray.jpg,Soil_Labeled_Data/M_80_90/L_60_70/alluvial/z5715084491690_fee182e72573f2d43a9eccb1df380def_M_20_30_pale_yellow_M_30_40_light_brown_M_50_60_dark_brown_M_60_70_dark_brown_M_70_80_wet_gray.jpg,46a54e0f1d737356ffa5,phash:d1ea13663b8a2a35,train,ac14ea13aff580c59345f56f2e9eb0fa4cb5ab5d9007c7de96923733a72bb57f,89,89,8,70,False
Soil_Labeled_Data/M_80_90/L_70_80/alluvial/IMG_0292_M_0_10_pale_yellow_M_40_50_gray_brown_M_60_70_clay_red.jpg,Soil_Labeled_Data/M_80_90/L_70_80/alluvial/IMG_0292_M_0_10_pale_yellow_M_40_50_gray_brown_M_60_70_clay_red.jpg,42fe1187f9412dd4d743,phash:8ae8b78e4c3d05ab,validation,bb26ac3736e8bf4dee7adc2c41d08d0ca5b748cde8092357ad39501c686d9d53,82,85,8,72,False
Soil_Labeled_Data/M_80_90/L_70_80/alluvial/IMG_0298_M_0_10_gray_brown_M_40_50_gray_brown_M_50_60_gray_brown_M_60_70_dark_brown_M_70_80_clay_red.jpg,Soil_Labeled_Data/M_80_90/L_70_80/alluvial/IMG_0298_M_0_10_gray_brown_M_40_50_gray_brown_M_50_60_gray_brown_M_60_70_dark_brown_M_70_80_clay_red.jpg,61a5805934a08ad6b5bf,phash:11e7115e81b35b9a,train,17baaa22bc286530df605aabc6e9a7e6f8f4d68211ecbed6b3c62a5c04ceca77,82,84,8,70,False
Soil_Labeled_Data/M_80_90/L_70_80/alluvial/IMG_0697_M_10_20_light_brown_M_40_50_dark_brown_M_60_70_clay_red.jpg,Soil_Labeled_Data/M_80_90/L_70_80/alluvial/IMG_0697_M_10_20_light_brown_M_40_50_dark_brown_M_60_70_clay_red.jpg,e74098488f6e07e4ceb8,phash:5cf9899e04a59dd3,test,e9320782466d4b813042a8c34a902ac68536273bbab742a8f253d3c92a831354,90,89,8,74,False
Soil_Labeled_Data/M_80_90/L_70_80/alluvial/IMG_0697_M_10_20_pale_yellow_M_30_40_gray_brown_M_50_60_dark_brown_M_70_80_wet_gray.jpg,Soil_Labeled_Data/M_80_90/L_70_80/alluvial/IMG_0697_M_10_20_pale_yellow_M_30_40_gray_brown_M_50_60_dark_brown_M_70_80_wet_gray.jpg,df3d6288a1ccf21f1390,phash:5cf9899e04a59dd3,test,2f3925ed8a15aca0877080f93024492fb0872902de1b680cc517ff7ae04ac471,82,84,8,78,False
Soil_Labeled_Data/M_80_90/L_70_80/alluvial/IMG_0699_M_10_20_pale_yellow_M_40_50_gray_brown_M_60_70_clay_red_M_70_80_clay_red.jpg,Soil_Labeled_Data/M_80_90/L_70_80/alluvial/IMG_0699_M_10_20_pale_yellow_M_40_50_gray_brown_M_60_70_clay_red_M_70_80_clay_red.jpg,e5547fb12fc6325cb06f,phash:b5220e00f45fa5b8,test,b69699299f7e8bdb4ff09290dced90c362a62f3577eba9d847b4c7fd236d9d00,84,87,8,71,False
Soil_Labeled_Data/M_80_90/L_70_80/alluvial/IMG_0699_M_10_20_pale_yellow_M_40_50_light_brown_M_50_60_dark_brown_M_60_70_clay_red_M_70_80_clay_red.jpg,Soil_Labeled_Data/M_80_90/L_70_80/alluvial/IMG_0699_M_10_20_pale_yellow_M_40_50_light_brown_M_50_60_dark_brown_M_60_70_clay_red_M_70_80_clay_red.jpg,b6951f4bc5a4c62026b0,phash:b5220e00f45fa5b8,test,05931e3bbf552779835546a230b637e03a5ec32f634c834827e33b5f8670b651,83,82,8,72,False
Soil_Labeled_Data/M_80_90/L_70_80/alluvial/IMG_0700_M_10_20_light_brown_M_30_40_light_brown_M_50_60_dark_brown_M_60_70_clay_red.jpg,Soil_Labeled_Data/M_80_90/L_70_80/alluvial/IMG_0700_M_10_20_light_brown_M_30_40_light_brown_M_50_60_dark_brown_M_60_70_clay_red.jpg,be433af69cf51b1a4826,phash:b004e0323940b864,train,f1d196a9433027ebcbbe819241b7460ad5ede5ed74949a770cf4842d22bee600,85,85,8,79,False
Soil_Labeled_Data/M_80_90/L_70_80/alluvial/IMG_0701_M_10_20_light_brown_M_30_40_gray_brown_M_50_60_dark_brown_M_60_70_dark_brown_M_70_80_wet_gray.jpg,Soil_Labeled_Data/M_80_90/L_70_80/alluvial/IMG_0701_M_10_20_light_brown_M_30_40_gray_brown_M_50_60_dark_brown_M_60_70_dark_brown_M_70_80_wet_gray.jpg,35ddda8809eccf0fe43c,phash:ebf77446369d9230,test,64a7b3f0ba2de468a2e2ca39a82c049fde7eee75f80fcd134302bc92f39d68e4,88,88,8,78,False
Soil_Labeled_Data/M_80_90/L_70_80/alluvial/IMG_0702_M_10_20_clayish_red_M_40_50_gray_brown_M_60_70_clay_red_M_70_80_clay_red.jpg,Soil_Labeled_Data/M_80_90/L_70_80/alluvial/IMG_0702_M_10_20_clayish_red_M_40_50_gray_brown_M_60_70_clay_red_M_70_80_clay_red.jpg,2f71f03385cf378a08bb,phash:da003ea3a8a9acb4,validation,222fbe777d83cc9bf8125b3dfb81723e8d06fb10ccb3481ffc7fce338db3ea65,87,89,8,71,False
Soil_Labeled_Data/M_80_90/L_70_80/alluvial/IMG_0706_M_10_20_light_brown_M_30_40_light_brown_M_50_60_clay_red_M_70_80_wet_gray.jpg,Soil_Labeled_Data/M_80_90/L_70_80/alluvial/IMG_0706_M_10_20_light_brown_M_30_40_light_brown_M_50_60_clay_red_M_70_80_wet_gray.jpg,1efcfe798c2b56061955,phash:da003ea3a8a9acb4,validation,dff3fd4523f2bac78813523b5afd49802f5301e26fddb20b05563276b227c2c3,86,86,8,71,False
Soil_Labeled_Data/M_80_90/L_70_80/alluvial/IMG_0707_M_10_20_gray_brown_M_40_50_dark_brown_M_60_70_clay_red.jpg,Soil_Labeled_Data/M_80_90/L_70_80/alluvial/IMG_0707_M_10_20_gray_brown_M_40_50_dark_brown_M_60_70_clay_red.jpg,db922ff29d1248f47597,phash:b8c5699fca19afbe,train,bc1cba7c3cfa0fa79e628706cbb7e6026cb3f886e618b2148e86311d5b0fbfbf,80,79,8,78,False
Soil_Labeled_Data/M_80_90/L_70_80/alluvial/IMG_0707_M_10_20_gray_brown_M_40_50_light_brown_M_50_60_dark_brown_M_60_70_clay_red.jpg,Soil_Labeled_Data/M_80_90/L_70_80/alluvial/IMG_0707_M_10_20_gray_brown_M_40_50_light_brown_M_50_60_dark_brown_M_60_70_clay_red.jpg,21654299ec7985a1f84c,phash:b8c5699fca19afbe,train,c17c464967944012e813b9b9960657524cc9f553c57421ba7860deda624cbac3,83,86,8,76,False
Soil_Labeled_Data/M_80_90/L_70_80/alluvial/IMG_0707_M_10_20_pale_yellow_M_30_40_gray_brown_M_50_60_dark_brown_M_70_80_wet_gray.jpg,Soil_Labeled_Data/M_80_90/L_70_80/alluvial/IMG_0707_M_10_20_pale_yellow_M_30_40_gray_brown_M_50_60_dark_brown_M_70_80_wet_gray.jpg,9e36e2924606538d9493,phash:b8c5699fca19afbe,train,3a36443e345eb68b5e01e75db66e287d7ae53a0898f2230917feb1739f4f89a6,88,90,8,78,False
Soil_Labeled_Data/M_80_90/L_70_80/alluvial/IMG_0708_M_10_20_clayish_red_M_40_50_light_brown_M_50_60_gray_brown_M_60_70_clay_red_M_70_80_clay_red.jpg,Soil_Labeled_Data/M_80_90/L_70_80/alluvial/IMG_0708_M_10_20_clayish_red_M_40_50_light_brown_M_50_60_gray_brown_M_60_70_clay_red_M_70_80_clay_red.jpg,d9b006373054c6e1a8e3,phash:9d2033d48628688c,train,06e6bbbc94b1cb09aadd0ec6a1c84111335e274e6b3ed0f2652356bc3d8ddf09,84,83,8,73,False
Soil_Labeled_Data/M_80_90/L_70_80/alluvial/IMG_0710_M_10_20_pale_yellow_M_30_40_gray_brown_M_50_60_gray_brown_M_60_70_clay_red_M_70_80_clay_red.jpg,Soil_Labeled_Data/M_80_90/L_70_80/alluvial/IMG_0710_M_10_20_pale_yellow_M_30_40_gray_brown_M_50_60_gray_brown_M_60_70_clay_red_M_70_80_clay_red.jpg,6ceb9901cf09914c3cab,phash:5e8c45f8956cae93,validation,52f32dec88d52dbf5528656978b1bb5c788bf5a32ce6d54d580b7a964bdfa6c1,80,81,8,80,False
Soil_Labeled_Data/M_80_90/L_70_80/alluvial/IMG_0715_M_10_20_pale_yellow_M_30_40_light_brown_M_50_60_dark_brown_M_60_70_wet_gray.jpg,Soil_Labeled_Data/M_80_90/L_70_80/alluvial/IMG_0715_M_10_20_pale_yellow_M_30_40_light_brown_M_50_60_dark_brown_M_60_70_wet_gray.jpg,42bb5c2d1cb7068893c8,phash:04c1aca557db14ee,validation,d02d8151eb9742d2766fb1764f07b3546220892c8bc755a2a44dade9b46f9405,82,85,8,71,False
Soil_Labeled_Data/M_80_90/L_70_80/alluvial/z5715142006130_46686c8c324bef016a5cf09b6c303d7d_M_20_30_light_brown_M_30_40_light_brown_M_50_60_dark_brown_M_70_80_clay_red.jpg,Soil_Labeled_Data/M_80_90/L_70_80/alluvial/z5715142006130_46686c8c324bef016a5cf09b6c303d7d_M_20_30_light_brown_M_30_40_light_brown_M_50_60_dark_brown_M_70_80_clay_red.jpg,91949533b047e05ceb7b,phash:f2c7f7d00b739ab5,train,7b5454ed347d54a9fa546ac119d7e0649c8b0053b690e8e5a2c2947f3f0f9c6e,84,87,8,75,False
Soil_Labeled_Data/M_80_90/L_70_80/alluvial/z5715142006130_46686c8c324bef016a5cf09b6c303d7d_M_20_30_light_brown_M_30_40_light_brown_M_50_60_gray_brown_M_60_70_clay_red.jpg,Soil_Labeled_Data/M_80_90/L_70_80/alluvial/z5715142006130_46686c8c324bef016a5cf09b6c303d7d_M_20_30_light_brown_M_30_40_light_brown_M_50_60_gray_brown_M_60_70_clay_red.jpg,7e8a19cf3ae866e28785,phash:f2c7f7d00b739ab5,train,f40f68dd507fa32376892f05d7366ca0ee0a14340432d204aa1d928d23973aff,80,79,8,75,False
Soil_Labeled_Data/M_80_90/L_70_80/alluvial/z5715142229857_c6b81d36db95f193a6b59ac535fea2cc_M_20_30_pale_yellow_M_30_40_gray_brown_M_50_60_dark_brown_M_70_80_clay_red.jpg,Soil_Labeled_Data/M_80_90/L_70_80/alluvial/z5715142229857_c6b81d36db95f193a6b59ac535fea2cc_M_20_30_pale_yellow_M_30_40_gray_brown_M_50_60_dark_brown_M_70_80_clay_red.jpg,bfd7ea5807fb4c0b752a,phash:941a871f81e9813c,validation,df21a347babd42c0fcef4257512cbf367c6dcdda7137da3102e10e596d787fba,80,83,8,71,False
Soil_Labeled_Data/M_80_90/L_70_80/alluvial/z5715142229857_c6b81d36db95f193a6b59ac535fea2cc_M_20_30_pale_yellow_M_30_40_gray_brown_M_50_60_gray_brown_M_60_70_clay_red_M_70_80_wet_gray.jpg,Soil_Labeled_Data/M_80_90/L_70_80/alluvial/z5715142229857_c6b81d36db95f193a6b59ac535fea2cc_M_20_30_pale_yellow_M_30_40_gray_brown_M_50_60_gray_brown_M_60_70_clay_red_M_70_80_wet_gray.jpg,abde11f2e9090a25a01c,phash:941a871f81e9813c,validation,610606bfd594096e5dd7136f237f930390a505bfba97a7c876a2c2bd31ca0f9f,81,81,8,73,False
Soil_Labeled_Data/M_80_90/L_80_90/alluvial/z5613702246518_ab3113f49f25ded520dcb04a67253ccb.jpg,Soil_Labeled_Data/M_80_90/L_80_90/alluvial/z5613702246518_ab3113f49f25ded520dcb04a67253ccb.jpg,7f5c66514109cee3aefc,phash:71ad861852ba3e1c,train,8984297f295b214cab63e6d9f8939a699f6c8c9e5257941c968bfbbd7be17a9f,82,85,8,80,False
Soil_Labeled_Data/M_80_90/L_80_90/alluvial/z5613702575086_ccc939e24dd66fe3300e61ce99f46525.jpg,Soil_Labeled_Data/M_80_90/L_80_90/alluvial/z5613702575086_ccc939e24dd66fe3300e61ce99f46525.jpg,b21b1c968c02b78a2a70,phash:1215d62c7553ea0a,test,6ffc35fa6049c153ddba449ddb7a3cdc2c7c363dc7141f1025919304145c360c,82,81,8,82,False
Soil_Labeled_Data/M_80_90/L_80_90/alluvial/z5613702725206_8c7c8cf0e406cce7f9bb44dbf7c21d36.jpg,Soil_Labeled_Data/M_80_90/L_80_90/alluvial/z5613702725206_8c7c8cf0e406cce7f9bb44dbf7c21d36.jpg,d3766b8618e49bca6f98,phash:9f5f47dfa731054a,train,0bd5a3b7eca43500274ec27f6a922f4d3f89cb09f9542ab85761bedd5ebd3a2a,89,87,8,85,False
Soil_Labeled_Data/M_80_90/L_80_90/alluvial/z5613702794252_14464485296dc8fd092252afb21b8edf.jpg,Soil_Labeled_Data/M_80_90/L_80_90/alluvial/z5613702794252_14464485296dc8fd092252afb21b8edf.jpg,e0afe5916f1398d381ce,phash:109e538843df1ff4,test,63d4d11ed8dfdc6449d9a717bce6e9a5efb646c34ac5d7d4b1391b52478c8e08,89,90,8,88,False
Soil_Labeled_Data/M_80_90/L_80_90/alluvial/z5613702868802_afcab32c6e8874105df768028f0ea61b.jpg,Soil_Labeled_Data/M_80_90/L_80_90/alluvial/z5613702868802_afcab32c6e8874105df768028f0ea61b.jpg,9858b7263a38e37135e0,phash:6f2ce6698a969d9b,validation,cd0e2407d352d6e7e133a2fbd58711718e561255a2ffc716679d33ebacc96cd9,83,82,8,80,False
Soil_Labeled_Data/M_80_90/L_80_90/alluvial/z5613702933259_d3b4f6b16ba9ff504833620a8f2e4bcd.jpg,Soil_Labeled_Data/M_80_90/L_80_90/alluvial/z5613702933259_d3b4f6b16ba9ff504833620a8f2e4bcd.jpg,e2d933ff749873a0e8d0,phash:e936229a764058ae,train,62f782c5283532129baecb0174aa3a6f3707d44231417fedf77fcd5689864f13,86,84,8,85,False
Soil_Labeled_Data/M_80_90/L_80_90/alluvial/z5613703004646_1015981274be634aafd784b037d301bb.jpg,Soil_Labeled_Data/M_80_90/L_80_90/alluvial/z5613703004646_1015981274be634aafd784b037d301bb.jpg,1dcd258cf87b0ef5f6aa,phash:048e715e259a080f,test,60b86f0328a38cf82ecab058275fdbfdb48e23deda4d6e2817be0352c2460465,80,80,8,88,False
Soil_Labeled_Data/M_80_90/L_80_90/alluvial/z5613703138547_8e2b781fa88964a618fcc54f0f635c52.jpg,Soil_Labeled_Data/M_80_90/L_80_90/alluvial/z5613703138547_8e2b781fa88964a618fcc54f0f635c52.jpg,b96ed20444a8c596c2e9,phash:5fd4f4496325f688,train,f77c649c1d4beb4a644df2b02fd36bf7ff87c2919610ddc7288d725fd4095cd7,80,82,8,86,False
Soil_Labeled_Data/M_80_90/L_80_90/alluvial/z5613703297789_7699d5dd466c6a5c697c207ece420268.jpg,Soil_Labeled_Data/M_80_90/L_80_90/alluvial/z5613703297789_7699d5dd466c6a5c697c207ece420268.jpg,5d1efdb173be912c7e1d,phash:62ecceb154c7ae58,test,6cb2929b7d0dc7c72d1e764bf4476f85fe69979192476cc8dff0565d455729ab,90,88,8,87,False
Soil_Labeled_Data/M_80_90/L_80_90/alluvial/z5613703373633_f346b5a4d17ceb94685d68af01c1c754.jpg,Soil_Labeled_Data/M_80_90/L_80_90/alluvial/z5613703373633_f346b5a4d17ceb94685d68af01c1c754.jpg,5aef90f6613c77a915e9,phash:d4968bbf1c10bba2,train,8a62001f00ae3852014081b0e393871e90ca4485c58cc253d659e81e37568076,88,88,8,86,False
Soil_Labeled_Data/M_80_90/L_80_90/alluvial/z5613703452772_492385cf235886abfc19c81ea79dd383.jpg,Soil_Labeled_Data/M_80_90/L_80_90/alluvial/z5613703452772_492385cf235886abfc19c81ea79dd383.jpg,33bbc440543b635fc0a9,phash:76cc89c5934a6235,validation,4e95bfc76533072c07fa9ebdf48293e5b15d526c48822b00915f87d3b4410c65,85,84,8,89,False
Soil_Labeled_Data/M_80_90/L_80_90/alluvial/z5613703616307_aa1da2f7735e3befad810a80ecb89194.jpg,Soil_Labeled_Data/M_80_90/L_80_90/alluvial/z5613703616307_aa1da2f7735e3befad810a80ecb89194.jpg,fd8cf86a7c2b0e6fdf83,phash:3c2c0be24052ba14,train,1467163e3c363afcc7ccc416d956e0715bd976791270e61559d78fee693ce83f,89,89,8,89,False
Soil_Labeled_Data/M_80_90/L_80_90/alluvial/z5613703690832_9a6ffbbcfe22a421836e1a70bf5a4058.jpg,Soil_Labeled_Data/M_80_90/L_80_90/alluvial/z5613703690832_9a6ffbbcfe22a421836e1a70bf5a4058.jpg,9b6b802034e9075bd5cf,phash:973bc84196291d6c,train,2b2352a5d2d4d5c2eb01b8ff8219afce5f280265a5fb3cd3566a367ee7f89aa1,80,80,8,88,False
Soil_Labeled_Data/M_80_90/L_80_90/alluvial/z5613703928980_0887994eda3991e7d39724d312f0c82e.jpg,Soil_Labeled_Data/M_80_90/L_80_90/alluvial/z5613703928980_0887994eda3991e7d39724d312f0c82e.jpg,65f75a6423b4dd89fd43,phash:800634b2c99ac8f3,validation,aa6d515264e009bfee4e151e74feca11066b34f9d3d4375a7a32b32c5c3688e7,80,78,8,85,False
Soil_Labeled_Data/M_80_90/L_80_90/alluvial/z5613704092818_44e9d2e8185b6c87debb699df8979837.jpg,Soil_Labeled_Data/M_80_90/L_80_90/alluvial/z5613704092818_44e9d2e8185b6c87debb699df8979837.jpg,d5dbbe90ba7477bc2c27,phash:2d5d165a635a2095,train,dd832da332d67f525c1db2ab76fd036850bf58f79496ee25ce99e3484aa357bf,82,82,8,90,False
Soil_Labeled_Data/M_80_90/L_80_90/alluvial/z5613704249404_edbe7fe10db96e1d859c72ec4c44ceff.jpg,Soil_Labeled_Data/M_80_90/L_80_90/alluvial/z5613704249404_edbe7fe10db96e1d859c72ec4c44ceff.jpg,efca98e9ee8dfd5da2ee,phash:9d431cab8795e4bf,train,d188e602553f7c7c499bb57ebf65338ff6d6dae91915235194c7f6c920362c3f,84,84,8,82,False
Soil_Labeled_Data/M_80_90/L_80_90/alluvial/z5613704321140_6d67c39d725fb50253def9c57db4bedc.jpg,Soil_Labeled_Data/M_80_90/L_80_90/alluvial/z5613704321140_6d67c39d725fb50253def9c57db4bedc.jpg,44cef74cc0e7c9f8e6a2,phash:4b6bf69f8d4e521c,train,c9f11f4859e70d08a385ec563ff0bdb1b94fd1f7ccf1cdeb8cf5bcea8a817d94,85,86,8,86,False
Soil_Labeled_Data/M_80_90/L_80_90/alluvial/z5613704380679_35582141031c6fb926f69d2a5af1acc2.jpg,Soil_Labeled_Data/M_80_90/L_80_90/alluvial/z5613704380679_35582141031c6fb926f69d2a5af1acc2.jpg,b766ebcd58fc04121fad,phash:5b4a016b5e5430e6,train,953b7e154a9950a4f3f4525cd6d79f68747c23278d1ee40d36bc6da4bf5efbd7,82,82,8,88,False
Soil_Labeled_Data/M_80_90/L_80_90/alluvial/z5613704449149_729714f52f7b732629cd0b0d7406b02a.jpg,Soil_Labeled_Data/M_80_90/L_80_90/alluvial/z5613704449149_729714f52f7b732629cd0b0d7406b02a.jpg,b7c242095e49984c6b51,phash:2bf8108d02f84ce7,train,3224ce35854e469f7ccb2ba94854c5e96e5a79f6f65855cb967643a7d4b633ee,89,91,8,82,False
Soil_Labeled_Data/M_80_90/L_80_90/alluvial/z5613704530864_798a68c56dc264d8f0cb410082546b02.jpg,Soil_Labeled_Data/M_80_90/L_80_90/alluvial/z5613704530864_798a68c56dc264d8f0cb410082546b02.jpg,55ceda6dceb7be29f024,phash:f189f481322daca6,train,e9268d08f94dba5a6506a0fb9d80f6d96260bce76d55adeb7e2c755b9d932b9e,86,88,8,86,False
Soil_Labeled_Data/M_80_90/L_90_100/alluvial/M_80_90_L_90_100_0010_dark_brown.jpg,Soil_Labeled_Data/M_80_90/L_90_100/alluvial/M_80_90_L_90_100_0010_dark_brown.jpg,f708401c0e5f70ce7f1c,phash:221b56b65a88ae8d,train,61e264703e13c598974b79e2605e0f9fa335b504fafad622ff63c176d97f91bc,80,78,8,95,False
Soil_Labeled_Data/M_80_90/L_90_100/alluvial/M_80_90_L_90_100_0015_gray_brown.jpg,Soil_Labeled_Data/M_80_90/L_90_100/alluvial/M_80_90_L_90_100_0015_gray_brown.jpg,92f92d6e50644fd7b674,phash:4dffec36c3896eb9,train,b21216ab028bacfaa79d2f68c7abea4b30f275b2a771dc6c1af1898d69bb9e26,81,83,8,92,False
Soil_Labeled_Data/M_80_90/L_90_100/alluvial/M_80_90_L_90_100_0019_gray_brown.jpg,Soil_Labeled_Data/M_80_90/L_90_100/alluvial/M_80_90_L_90_100_0019_gray_brown.jpg,0f3ba5e4bf661547df53,phash:b1dd5e518be03381,train,7d52d848212b9a08688dc12b2870064125102f1f7f877f18d6fd16212dd5cf3e,90,90,8,97,False
Soil_Labeled_Data/M_80_90/L_90_100/alluvial/M_80_90_L_90_100_0020_gray_brown.jpg,Soil_Labeled_Data/M_80_90/L_90_100/alluvial/M_80_90_L_90_100_0020_gray_brown.jpg,1a856d28726b2e399e5e,phash:3f12adad0d3de4b3,train,f8872c54254c912dd653f9b39da6294a4ad6683831a5f38d468ff1e669643ab3,81,79,8,90,False
Soil_Labeled_Data/M_80_90/L_90_100/alluvial/M_80_90_L_90_100_0021_clay_red.jpg,Soil_Labeled_Data/M_80_90/L_90_100/alluvial/M_80_90_L_90_100_0021_clay_red.jpg,0460fdb8b5f78c3b7731,phash:1817f7729054661c,validation,7c0e53622b6d871c53f733a8ddb82345584ce07b0162c32abc5103291045ae0b,83,83,8,94,False
Soil_Labeled_Data/M_80_90/L_90_100/alluvial/M_80_90_L_90_100_0028_light_brown.jpg,Soil_Labeled_Data/M_80_90/L_90_100/alluvial/M_80_90_L_90_100_0028_light_brown.jpg,aeda01cd8fea6cbb8a29,phash:4629140a527a816d,train,27281107187e6154271d2eaba1ba0809de8cda8c7a4b46b65859120e2a491bc0,88,87,8,90,False
Soil_Labeled_Data/M_80_90/L_90_100/alluvial/M_80_90_L_90_100_0036_clay_red.jpg,Soil_Labeled_Data/M_80_90/L_90_100/alluvial/M_80_90_L_90_100_0036_clay_red.jpg,7755ce21e084010a2e0a,phash:4dffec36c3896eb9,train,c30b4eac8f5f8be460c1824668902b30cb02ce39191549927b6a9f4c4547cd58,87,89,8,93,False
Soil_Labeled_Data/M_80_90/L_90_100/alluvial/M_80_90_L_90_100_0037_clay_red.jpg,Soil_Labeled_Data/M_80_90/L_90_100/alluvial/M_80_90_L_90_100_0037_clay_red.jpg,e193a13ed10596d1df8d,phash:4dffec36c3896eb9,train,1b75b92be30a9ac6fbcbe28ddf6af21b7c0ec687f4de9e1614ec40e851add497,90,91,8,97,False
Soil_Labeled_Data/M_80_90/L_90_100/alluvial/M_80_90_L_90_100_0038_dark_brown.jpg,Soil_Labeled_Data/M_80_90/L_90_100/alluvial/M_80_90_L_90_100_0038_dark_brown.jpg,e19479c83e3c57e5c975,phash:7c9ef0dd6e1b1f31,validation,9a6ac62f1c1733b95d9f69e129baf5efff31b19f57e9937d81b4402f9d7ce9d3,83,83,8,95,False
Soil_Labeled_Data/M_80_90/L_90_100/alluvial/M_80_90_L_90_100_0039_gray_brown.jpg,Soil_Labeled_Data/M_80_90/L_90_100/alluvial/M_80_90_L_90_100_0039_gray_brown.jpg,e2ff58a4020c5c077ad6,phash:4dffec36c3896eb9,train,d56a0c7ab6780ac8f03ad8f528baff0d38c0b3c7708dd57540635d2a2df80df8,81,81,8,95,False
Soil_Labeled_Data/M_80_90/L_90_100/alluvial/M_80_90_L_90_100_0044_clay_red.jpg,Soil_Labeled_Data/M_80_90/L_90_100/alluvial/M_80_90_L_90_100_0044_clay_red.jpg,e4d584bfecc8ea666081,phash:4dffec36c3896eb9,train,c0c7ae7ddc3f72fcc056cd6b67eed07a41e5c1ba8044745aca3f8cb3fc780830,83,81,8,94,False
Soil_Labeled_Data/M_80_90/L_90_100/alluvial/M_80_90_L_90_100_0058_dark_brown.jpg,Soil_Labeled_Data/M_80_90/L_90_100/alluvial/M_80_90_L_90_100_0058_dark_brown.jpg,70498b2f0c7566e21cd8,phash:1817f7729054661c,validation,ea515b8815121547967f47c18752dba3cd1e1d61c7a93463370a261573467669,80,82,8,99,False
Soil_Labeled_Data/M_80_90/L_90_100/alluvial/M_80_90_L_90_100_0061_light_brown.jpg,Soil_Labeled_Data/M_80_90/L_90_100/alluvial/M_80_90_L_90_100_0061_light_brown.jpg,d7694b6675060070de5c,phash:25a20c412fc48b30,train,87651056c0c088519e0b626d796aa377e7090cf42304bd70f2b6a26461708226,80,82,8,100,False
Soil_Labeled_Data/M_80_90/L_90_100/alluvial/M_80_90_L_90_100_0067_clay_red.jpg,Soil_Labeled_Data/M_80_90/L_90_100/alluvial/M_80_90_L_90_100_0067_clay_red.jpg,f318c297118aca23a9e2,phash:b1dd5e518be03381,train,e21751f215c65ff9391f1f3783b296a8733cda880922097b3cd65d9b108e7a04,82,80,8,100,False
Soil_Labeled_Data/M_80_90/L_90_100/alluvial/M_80_90_L_90_100_0069_dark_brown.jpg,Soil_Labeled_Data/M_80_90/L_90_100/alluvial/M_80_90_L_90_100_0069_dark_brown.jpg,b6913234909f99887780,phash:b1dd5e518be03381,train,d9682626437148151145f8886221511e58484aad8dc3470c8531f57d3448bf75,80,82,8,99,False
Soil_Labeled_Data/M_80_90/L_90_100/alluvial/M_80_90_L_90_100_0076_wet_gray.jpg,Soil_Labeled_Data/M_80_90/L_90_100/alluvial/M_80_90_L_90_100_0076_wet_gray.jpg,45d8219b46c4228340ff,phash:b1dd5e518be03381,train,7814008810bff97891b81343ba898270c825939ad81b9d0d27bb531991857765,88,87,8,92,False
Soil_Labeled_Data/M_80_90/L_90_100/alluvial/M_80_90_L_90_100_0087_clay_red.jpg,Soil_Labeled_Data/M_80_90/L_90_100/alluvial/M_80_90_L_90_100_0087_clay_red.jpg,6c7e484a717e13729743,phash:e41a373209bba8a1,train,3bfb5dd46040073eeeb81b4e858c4d8331c793fca032a699f384796d319eee19,82,83,8,96,False
Soil_Labeled_Data/M_80_90/L_90_100/alluvial/M_80_90_L_90_100_0093_wet_gray.jpg,Soil_Labeled_Data/M_80_90/L_90_100/alluvial/M_80_90_L_90_100_0093_wet_gray.jpg,e84a7a4b22da5c1918ef,phash:3f12adad0d3de4b3,train,794bae77aba7bbe82e3046357f853414b75042a3d3c6fb9f729d7cefb65e6ab3,90,92,8,99,False
Soil_Labeled_Data/M_80_90/L_90_100/alluvial/M_80_90_L_90_100_0097_gray_brown.jpg,Soil_Labeled_Data/M_80_90/L_90_100/alluvial/M_80_90_L_90_100_0097_gray_brown.jpg,bbd3ecc4d8bd5c7b0273,phash:e92eaca4ff3b1796,test,4d5ac7be5d8a00c9a242339639c6701d9763a209d7c9431b58e211a46f6291a4,86,87,8,90,False
Soil_Labeled_Data/M_80_90/L_90_100/alluvial/M_80_90_L_90_100_0099_gray_brown.jpg,Soil_Labeled_Data/M_80_90/L_90_100/alluvial/M_80_90_L_90_100_0099_gray_brown.jpg,ad357813180cd3cedde8,phash:25a20c412fc48b30,train,86dde74117249f507d6b9528cbd89f8c599de7bee3a18794f349cdf883f52843,87,86,8,91,False
Soil_Labeled_Data/M_90_100/L_0_10/alluvial/IMG_0405_M_10_20_light_brown_M_40_50_gray_brown_M_50_60_dark_brown_M_70_80_dark_brown.jpg,Soil_Labeled_Data/M_90_100/L_0_10/alluvial/IMG_0405_M_10_20_light_brown_M_40_50_gray_brown_M_50_60_dark_brown_M_70_80_dark_brown.jpg,5f977b7f7f14aec9c519,phash:4756c126639a1165,train,e9c2687c93f6c7ac179957180582c645ca948ae614b3ccc38dbd33b299ca23fe,92,99,9,0,False
Soil_Labeled_Data/M_90_100/L_0_10/alluvial/IMG_0413_M_10_20_pale_yellow_M_40_50_gray_brown_M_60_70_wet_gray_M_80_90_wet_gray.jpg,Soil_Labeled_Data/M_90_100/L_0_10/alluvial/IMG_0413_M_10_20_pale_yellow_M_40_50_gray_brown_M_60_70_wet_gray_M_80_90_wet_gray.jpg,7fff649899ac640d9e1f,phash:4756c126639a1165,train,d0b11fbca73eae346054af25e8ae99a52a7434b550fd70f31f906f979e8ff0e2,97,100,9,0,False
Soil_Labeled_Data/M_90_100/L_0_10/alluvial/IMG_0418_M_10_20_clayish_red_M_40_50_light_brown_M_50_60_dark_brown_M_60_70_dark_brown_M_70_80_wet_gray.jpg,Soil_Labeled_Data/M_90_100/L_0_10/alluvial/IMG_0418_M_10_20_clayish_red_M_40_50_light_brown_M_50_60_dark_brown_M_60_70_dark_brown_M_70_80_wet_gray.jpg,6d9de4eb70c0c8a34424,phash:4756c126639a1165,train,e419b1cb3ab83f1e19739b2750c3095907fea9f2936d35d24dae2bee007bb0cb,100,100,9,3,False
Soil_Labeled_Data/M_90_100/L_0_10/alluvial/IMG_0424_M_10_20_clayish_red_M_40_50_gray_brown_M_50_60_dark_brown_M_60_70_dark_brown_M_70_80_wet_gray.jpg,Soil_Labeled_Data/M_90_100/L_0_10/alluvial/IMG_0424_M_10_20_clayish_red_M_40_50_gray_brown_M_50_60_dark_brown_M_60_70_dark_brown_M_70_80_wet_gray.jpg,d611bc618f85c6df3d30,phash:4756c126639a1165,train,d0612e3df00ee5bda329ef5e8f15695a86093fe1d97886d766889a6284489b6b,90,93,9,1,False
Soil_Labeled_Data/M_90_100/L_0_10/alluvial/IMG_0424_M_10_20_clayish_red_M_40_50_gray_brown_M_50_60_dark_brown_M_70_80_dark_brown.jpg,Soil_Labeled_Data/M_90_100/L_0_10/alluvial/IMG_0424_M_10_20_clayish_red_M_40_50_gray_brown_M_50_60_dark_brown_M_70_80_dark_brown.jpg,1d1a9922a77a750b9112,phash:4756c126639a1165,train,e4f4a110f210760b4b1912b570f338b8246ec9fa53d3d90f0c7b0a7568b85224,97,100,9,10,False
Soil_Labeled_Data/M_90_100/L_0_10/alluvial/IMG_0424_M_10_20_pale_yellow_M_40_50_gray_brown_M_60_70_clay_red_M_80_90_wet_gray.jpg,Soil_Labeled_Data/M_90_100/L_0_10/alluvial/IMG_0424_M_10_20_pale_yellow_M_40_50_gray_brown_M_60_70_clay_red_M_80_90_wet_gray.jpg,2b2d2822f328211d5a38,phash:4756c126639a1165,train,c4ffb3a7e1abb90f6de34b6592baa0c86853ddb823261ba226942afe5c6c4432,98,100,9,0,False
Soil_Labeled_Data/M_90_100/L_0_10/alluvial/z5714094628996_2ba67db18f33aa6bf75d2bf34582cb2c_M_0_10_gray_brown_M_40_50_dark_brown_M_60_70_dark_brown_M_70_80_clay_red_M_80_90_wet_gray.jpg,Soil_Labeled_Data/M_90_100/L_0_10/alluvial/z5714094628996_2ba67db18f33aa6bf75d2bf34582cb2c_M_0_10_gray_brown_M_40_50_dark_brown_M_60_70_dark_brown_M_70_80_clay_red_M_80_90_wet_gray.jpg,0247aff524364a3e10c7,phash:4756c126639a1165,train,108eed26bd07713aef6cc5abf1faf7ae76a62e6b6f9653e2dc98866283d89a13,96,99,9,7,False
Soil_Labeled_Data/M_90_100/L_0_10/alluvial/z5714094628996_2ba67db18f33aa6bf75d2bf34582cb2c_M_0_10_light_brown_M_40_50_light_brown_M_50_60_gray_brown_M_60_70_clay_red_M_70_80_dark_brown.jpg,Soil_Labeled_Data/M_90_100/L_0_10/alluvial/z5714094628996_2ba67db18f33aa6bf75d2bf34582cb2c_M_0_10_light_brown_M_40_50_light_brown_M_50_60_gray_brown_M_60_70_clay_red_M_70_80_dark_brown.jpg,7b4f9a6b93c6fd144883,phash:4756c126639a1165,train,23b27cb54f54728505373918e2dc89241602e435a2a5ae3e7b40da1ab0b5f39e,95,98,9,7,False
Soil_Labeled_Data/M_90_100/L_0_10/alluvial/z5714094901576_151d7c7f5174236f4ce3c22eb6767bd0_M_0_10_clayish_red_M_40_50_gray_brown_M_50_60_gray_brown_M_60_70_dark_brown_M_70_80_wet_gray_M_80_90_wet_gray.jpg,Soil_Labeled_Data/M_90_100/L_0_10/alluvial/z5714094901576_151d7c7f5174236f4ce3c22eb6767bd0_M_0_10_clayish_red_M_40_50_gray_brown_M_50_60_gray_brown_M_60_70_dark_brown_M_70_80_wet_gray_M_80_90_wet_gray.jpg,2a650bba8a27f96974e2,phash:4756c126639a1165,train,9c03ddea13616cdbf32c8e7d7a409d823ff072ab331b4f3cd1ae08d50af573bf,98,100,9,9,False
Soil_Labeled_Data/M_90_100/L_0_10/alluvial/z5714095397323_3ba8d5731fe9ad72ecd36a4f5fe55be2_M_0_10_clayish_red_M_40_50_light_brown_M_50_60_gray_brown_M_60_70_dark_brown_M_70_80_wet_gray.jpg,Soil_Labeled_Data/M_90_100/L_0_10/alluvial/z5714095397323_3ba8d5731fe9ad72ecd36a4f5fe55be2_M_0_10_clayish_red_M_40_50_light_brown_M_50_60_gray_brown_M_60_70_dark_brown_M_70_80_wet_gray.jpg,d5c34ea7013e323843ca,phash:4756c126639a1165,train,b16023851343e69c941572e88653b44914734dd7e6c1688b569e22b20c06a747,95,97,9,1,False
Soil_Labeled_Data/M_90_100/L_0_10/alluvial/z5716041534082_306e15f5e30046bae34f62036b4539ae_M_30_40_light_brown_M_40_50_gray_brown_M_60_70_wet_gray_M_80_90_dark_brown.jpg,Soil_Labeled_Data/M_90_100/L_0_10/alluvial/z5716041534082_306e15f5e30046bae34f62036b4539ae_M_30_40_light_brown_M_40_50_gray_brown_M_60_70_wet_gray_M_80_90_dark_brown.jpg,1d4f21d6630016be160b,phash:4756c126639a1165,train,54fa9b95ab56db678f03ac2091bf86e6403dad9ffed1e9048960189d630bab1e,96,99,9,2,False
Soil_Labeled_Data/M_90_100/L_0_10/alluvial/z5716041641006_4402096ed77e6521a8e53bcaf1ff039a_M_30_40_gray_brown_M_50_60_clay_red_M_70_80_wet_gray_M_80_90_dark_brown.jpg,Soil_Labeled_Data/M_90_100/L_0_10/alluvial/z5716041641006_4402096ed77e6521a8e53bcaf1ff039a_M_30_40_gray_brown_M_50_60_clay_red_M_70_80_wet_gray_M_80_90_dark_brown.jpg,5e5e01d581905873cfd3,phash:4756c126639a1165,train,95ca060d93b2965b2e6e3400203fb7345f34c03a00d26a8c34d7cfa31a054e36,90,92,9,1,False
Soil_Labeled_Data/M_90_100/L_0_10/alluvial/z5716041844114_ff29c3aa34e5e5744c16680220233e4e_M_30_40_gray_brown_M_40_50_gray_brown_M_50_60_clay_red_M_70_80_wet_gray.jpg,Soil_Labeled_Data/M_90_100/L_0_10/alluvial/z5716041844114_ff29c3aa34e5e5744c16680220233e4e_M_30_40_gray_brown_M_40_50_gray_brown_M_50_60_clay_red_M_70_80_wet_gray.jpg,b9ca2336bdf63dddb8a0,phash:4756c126639a1165,train,f4125e635d7b7afd288a0d9afd8e2444cf8d0bf23a548823f038d5e220de66b7,100,100,9,2,False
Soil_Labeled_Data/M_90_100/L_0_10/alluvial/z5716041881708_78beac35b69090477b9041eb1ba236f3_M_30_40_gray_brown_M_40_50_gray_brown_M_50_60_gray_brown_M_60_70_dark_brown_M_70_80_wet_gray.jpg,Soil_Labeled_Data/M_90_100/L_0_10/alluvial/z5716041881708_78beac35b69090477b9041eb1ba236f3_M_30_40_gray_brown_M_40_50_gray_brown_M_50_60_gray_brown_M_60_70_dark_brown_M_70_80_wet_gray.jpg,18cccaae19cee29d873e,phash:4756c126639a1165,train,e2884be163521c847b6b295d069fdb80d992bc248f88f56278bbe9b57f88ec12,100,100,9,0,False
Soil_Labeled_Data/M_90_100/L_0_10/alluvial/z5716041962889_1d362459ea63da03f90b3aa0f319097d_M_30_40_pale_yellow_M_40_50_light_brown_M_50_60_clay_red_M_70_80_dark_brown.jpg,Soil_Labeled_Data/M_90_100/L_0_10/alluvial/z5716041962889_1d362459ea63da03f90b3aa0f319097d_M_30_40_pale_yellow_M_40_50_light_brown_M_50_60_clay_red_M_70_80_dark_brown.jpg,30715fd94e67fec1adea,phash:4756c126639a1165,train,1d184cb16eac94bb1ef3364a943d1d93d23029d25ee47bbce8fcc1c65ea336b1,96,100,9,1,False
Soil_Labeled_Data/M_90_100/L_0_10/alluvial/z5716042004626_672a27bdaa4badcf207b29a4dbf173b0_M_30_40_light_brown_M_50_60_dark_brown_M_60_70_clay_red_M_80_90_dark_brown.jpg,Soil_Labeled_Data/M_90_100/L_0_10/alluvial/z5716042004626_672a27bdaa4badcf207b29a4dbf173b0_M_30_40_light_brown_M_50_60_dark_brown_M_60_70_clay_red_M_80_90_dark_brown.jpg,ec317889f7d5b9e9a90f,phash:4756c126639a1165,train,0c4c57ba24014245b964d64aa45dd6213a5c3d1db8f2c32f1f587c36c85b19a5,94,98,9,3,False
Soil_Labeled_Data/M_90_100/L_0_10/alluvial/z5716042289286_4f5ba54e9a7dd70e051e6c0bf403d0f8_M_30_40_pale_yellow_M_40_50_dark_brown_M_60_70_dark_brown_M_70_80_clay_red_M_80_90_dark_brown.jpg,Soil_Labeled_Data/M_90_100/L_0_10/alluvial/z5716042289286_4f5ba54e9a7dd70e051e6c0bf403d0f8_M_30_40_pale_yellow_M_40_50_dark_brown_M_60_70_dark_brown_M_70_80_clay_red_M_80_90_dark_brown.jpg,11c17ab3617526a05421,phash:4756c126639a1165,train,1b790d9d2f8a0a461ead12dc79370b40ae45062b85376b57969ed41749940e00,94,99,9,7,False
Soil_Labeled_Data/M_90_100/L_0_10/alluvial/z5716042321152_979083553c4378666fb6af100231c565_M_30_40_gray_brown_M_40_50_gray_brown_M_60_70_clay_red_M_80_90_wet_gray.jpg,Soil_Labeled_Data/M_90_100/L_0_10/alluvial/z5716042321152_979083553c4378666fb6af100231c565_M_30_40_gray_brown_M_40_50_gray_brown_M_60_70_clay_red_M_80_90_wet_gray.jpg,5bac88a4c2f89d2d8e68,phash:4756c126639a1165,train,11b6c8d09abacadc98ee104215ea3c730cead8a898935aada0b53cced066c87d,95,98,9,9,False
Soil_Labeled_Data/M_90_100/L_0_10/alluvial/z5716042362231_afc15cf0059cc0b0a10e2307f0224493_M_30_40_clayish_red_M_40_50_dark_brown_M_60_70_dark_brown_M_70_80_wet_gray.jpg,Soil_Labeled_Data/M_90_100/L_0_10/alluvial/z5716042362231_afc15cf0059cc0b0a10e2307f0224493_M_30_40_clayish_red_M_40_50_dark_brown_M_60_70_dark_brown_M_70_80_wet_gray.jpg,e1e31ffd9df82b18dd33,phash:66c1813009945ade,train,f0a9353462ef2717fe4aa14685a5d1cd2db030e4cbc644055ea91eb2d99d28e5,96,100,9,9,False
Soil_Labeled_Data/M_90_100/L_0_10/alluvial/z5716042362231_afc15cf0059cc0b0a10e2307f0224493_M_30_40_clayish_red_M_40_50_light_brown_M_50_60_clay_red_M_70_80_clay_red_M_80_90_wet_gray.jpg,Soil_Labeled_Data/M_90_100/L_0_10/alluvial/z5716042362231_afc15cf0059cc0b0a10e2307f0224493_M_30_40_clayish_red_M_40_50_light_brown_M_50_60_clay_red_M_70_80_clay_red_M_80_90_wet_gray.jpg,70749e7f01ccd8f132f0,phash:4756c126639a1165,train,965801333f80f4a3498243cc244888c307404dc60491a3bfee78ea08373cdb37,93,95,9,2,False
Soil_Labeled_Data/M_90_100/L_10_20/alluvial/IMG_0007_M_0_10_pale_yellow_M_40_50_light_brown_M_50_60_gray_brown_M_60_70_wet_gray_M_80_90_dark_brown.jpg,Soil_Labeled_Data/M_90_100/L_10_20/alluvial/IMG_0007_M_0_10_pale_yellow_M_40_50_light_brown_M_50_60_gray_brown_M_60_70_wet_gray_M_80_90_dark_brown.jpg,f4f3c46e0fb2de3125e1,phash:1fa66719e35da455,train,7f92610758fed3641585af43bd267785c0c78bd612aedd84043f3a9fb94c698a,97,100,9,12,False
Soil_Labeled_Data/M_90_100/L_10_20/alluvial/IMG_0009_M_0_10_clayish_red_M_40_50_gray_brown_M_60_70_clay_red_M_80_90_wet_gray.jpg,Soil_Labeled_Data/M_90_100/L_10_20/alluvial/IMG_0009_M_0_10_clayish_red_M_40_50_gray_brown_M_60_70_clay_red_M_80_90_wet_gray.jpg,b4d97018e27ddb093164,phash:dbeaecf1bc0ba46c,train,b2b0f1b1652495b33f59e409ec0b2a85f65789d8536ea2673bd578d005b3aed3,93,97,9,13,False
Soil_Labeled_Data/M_90_100/L_10_20/alluvial/IMG_0012_M_0_10_light_brown_M_40_50_gray_brown_M_60_70_clay_red_M_70_80_dark_brown.jpg,Soil_Labeled_Data/M_90_100/L_10_20/alluvial/IMG_0012_M_0_10_light_brown_M_40_50_gray_brown_M_60_70_clay_red_M_70_80_dark_brown.jpg,9d47df48f27069720308,phash:07ec235d129861fd,train,5e07ba755b5548eb8efe27b244acdb35a548c52abfc600027534f91816c33ff6,90,95,9,13,False
Soil_Labeled_Data/M_90_100/L_10_20/alluvial/IMG_0019_M_0_10_pale_yellow_M_40_50_gray_brown_M_60_70_clay_red_M_70_80_clay_red_M_80_90_dark_brown.jpg,Soil_Labeled_Data/M_90_100/L_10_20/alluvial/IMG_0019_M_0_10_pale_yellow_M_40_50_gray_brown_M_60_70_clay_red_M_70_80_clay_red_M_80_90_dark_brown.jpg,77af703703fd3ed1ae42,phash:05bbd92adb5050e6,validation,ed3d8fb564db45be995b4cc6f56e7c7b8d5aa686ec03cd81803c1e08b2ed0843,96,100,9,18,False
Soil_Labeled_Data/M_90_100/L_10_20/alluvial/IMG_0022_M_0_10_clayish_red_M_40_50_gray_brown_M_60_70_clay_red_M_70_80_dark_brown.jpg,Soil_Labeled_Data/M_90_100/L_10_20/alluvial/IMG_0022_M_0_10_clayish_red_M_40_50_gray_brown_M_60_70_clay_red_M_70_80_dark_brown.jpg,d63f9a1d7f5c9c532ef7,phash:e6ba7456dbfd0c6a,train,1a10fefa7c40b083ed03718d7ee2ec7f44fdeca7b88613b393ab78edf2b25c01,94,99,9,18,False
Soil_Labeled_Data/M_90_100/L_10_20/alluvial/IMG_0025_M_0_10_pale_yellow_M_40_50_gray_brown_M_50_60_dark_brown_M_70_80_clay_red_M_80_90_dark_brown.jpg,Soil_Labeled_Data/M_90_100/L_10_20/alluvial/IMG_0025_M_0_10_pale_yellow_M_40_50_gray_brown_M_50_60_dark_brown_M_70_80_clay_red_M_80_90_dark_brown.jpg,e43374d44bf908fefbb2,phash:4756c126639a1165,train,4d55bea6db4849dc77d99320ad6f7b55ac131ee6625fd7c5f3d7c80d8a67a92d,93,95,9,11,False
Soil_Labeled_Data/M_90_100/L_10_20/alluvial/IMG_0451_M_10_20_light_brown_M_40_50_gray_brown_M_60_70_wet_gray_M_80_90_wet_gray.jpg,Soil_Labeled_Data/M_90_100/L_10_20/alluvial/IMG_0451_M_10_20_light_brown_M_40_50_gray_brown_M_60_70_wet_gray_M_80_90_wet_gray.jpg,9f20a2f046f943b30824,phash:09b97bf75feaad0c,validation,29f6377f2429b586ba12161ef53be7de32dcab2add57287107493331c829564b,90,93,9,11,False
Soil_Labeled_Data/M_90_100/L_10_20/alluvial/IMG_0457_M_10_20_clayish_red_M_40_50_gray_brown_M_60_70_wet_gray_M_80_90_dark_brown.jpg,Soil_Labeled_Data/M_90_100/L_10_20/alluvial/IMG_0457_M_10_20_clayish_red_M_40_50_gray_brown_M_60_70_wet_gray_M_80_90_dark_brown.jpg,0ab12f8ae05f41bc48aa,phash:1c010aeb3b280f3a,train,921a235314e08550985c807a7c87b81dc380ef89fc25e9ce2fe5683988d1a334,96,98,9,16,False
Soil_Labeled_Data/M_90_100/L_10_20/alluvial/IMG_0458_M_10_20_clayish_red_M_40_50_gray_brown_M_50_60_dark_brown_M_60_70_dark_brown_M_70_80_dark_brown.jpg,Soil_Labeled_Data/M_90_100/L_10_20/alluvial/IMG_0458_M_10_20_clayish_red_M_40_50_gray_brown_M_50_60_dark_brown_M_60_70_dark_brown_M_70_80_dark_brown.jpg,5299cb3b1496e7f9f30b,phash:9bc35e47807444ce,train,285309cf586e4411ec4ff8019c1833a6130d25a483917f558be0c7355ab29994,100,100,9,17,False
Soil_Labeled_Data/M_90_100/L_10_20/alluvial/IMG_0460_M_10_20_gray_brown_M_40_50_gray_brown_M_60_70_wet_gray_M_80_90_dark_brown.jpg,Soil_Labeled_Data/M_90_100/L_10_20/alluvial/IMG_0460_M_10_20_gray_brown_M_40_50_gray_brown_M_60_70_wet_gray_M_80_90_dark_brown.jpg,e85f7fef33ec84c617c8,phash:2aed8726d371a18a,validation,0e3f2aa6f8b32b525f468a7ac2419c34a32d7c08c73c944e36bf76f874eb86bf,97,99,9,18,False
Soil_Labeled_Data/M_90_100/L_10_20/alluvial/IMG_0464_M_10_20_gray_brown_M_40_50_light_brown_M_50_60_gray_brown_M_60_70_dark_brown_M_70_80_wet_gray.jpg,Soil_Labeled_Data/M_90_100/L_10_20/alluvial/IMG_0464_M_10_20_gray_brown_M_40_50_light_brown_M_50_60_gray_brown_M_60_70_dark_brown_M_70_80_wet_gray.jpg,500a2e839569213d4747,phash:4756c126639a1165,train,50e662a1ff1db242189004d4513110005599f6be0b8e5f5a4a3ba64e56504b5a,97,99,9,19,False
Soil_Labeled_Data/M_90_100/L_10_20/alluvial/IMG_0464_M_10_20_pale_yellow_M_40_50_gray_brown_M_50_60_clay_red_M_70_80_dark_brown.jpg,Soil_Labeled_Data/M_90_100/L_10_20/alluvial/IMG_0464_M_10_20_pale_yellow_M_40_50_gray_brown_M_50_60_clay_red_M_70_80_dark_brown.jpg,283276645de22e697db1,phash:4756c126639a1165,train,ba121508d15c4f691dbc03f3e071ae656bcfb5bde798eaaa381de1eb7b0b52af,95,99,9,14,False
Soil_Labeled_Data/M_90_100/L_10_20/alluvial/IMG_0468_M_10_20_clayish_red_M_40_50_gray_brown_M_60_70_clay_red_M_70_80_wet_gray.jpg,Soil_Labeled_Data/M_90_100/L_10_20/alluvial/IMG_0468_M_10_20_clayish_red_M_40_50_gray_brown_M_60_70_clay_red_M_70_80_wet_gray.jpg,d32dc8efa5aef0b10484,phash:dd00b8a6129e2709,train,46bd149ef8974a9c24b7e0d8809895c11067cd3c060087ba76f23532c5689b42,93,99,9,19,False
Soil_Labeled_Data/M_90_100/L_10_20/alluvial/z5716081456111_c7b3a15fdcf4e0cc64674602ca5f7f16_M_30_40_gray_brown_M_50_60_gray_brown_M_60_70_dark_brown_M_70_80_wet_gray.jpg,Soil_Labeled_Data/M_90_100/L_10_20/alluvial/z5716081456111_c7b3a15fdcf4e0cc64674602ca5f7f16_M_30_40_gray_brown_M_50_60_gray_brown_M_60_70_dark_brown_M_70_80_wet_gray.jpg,4b6787ee734f8f248d3a,phash:7f789094a3edaed9,validation,fbc6b4f43152579100685bd2638aeb602247716acbf4f38d823139a158e34583,90,93,9,13,False
Soil_Labeled_Data/M_90_100/L_10_20/alluvial/z5716081579514_5a67b978119dcf79cb53e218abca90ab_M_30_40_gray_brown_M_50_60_clay_red_M_70_80_dark_brown.jpg,Soil_Labeled_Data/M_90_100/L_10_20/alluvial/z5716081579514_5a67b978119dcf79cb53e218abca90ab_M_30_40_gray_brown_M_50_60_clay_red_M_70_80_dark_brown.jpg,5fbe66767c89e59e1e27,phash:4756c126639a1165,train,3a2052d1016f4165652d1f3fd14119ba3547e7b6d91c57998d9ebf277e9a730c,93,99,9,10,False
Soil_Labeled_Data/M_90_100/L_10_20/alluvial/z5716081698408_1104a201030364e4363947fc0b109f20_M_30_40_light_brown_M_40_50_dark_brown_M_60_70_dark_brown_M_70_80_dark_brown.jpg,Soil_Labeled_Data/M_90_100/L_10_20/alluvial/z5716081698408_1104a201030364e4363947fc0b109f20_M_30_40_light_brown_M_40_50_dark_brown_M_60_70_dark_brown_M_70_80_dark_brown.jpg,0378ee1b6d4563f7537a,phash:13b1406722bb241f,train,2b5af417547fc791dd58d1d289b7b02cd4d7363b25755ff0768b3f37521d2598,94,100,9,12,False
Soil_Labeled_Data/M_90_100/L_10_20/alluvial/z5716081732799_46a8abd72cd445d5fc7f7576562133ff_M_30_40_pale_yellow_M_40_50_light_brown_M_50_60_dark_brown_M_60_70_wet_gray_M_80_90_wet_gray.jpg,Soil_Labeled_Data/M_90_100/L_10_20/alluvial/z5716081732799_46a8abd72cd445d5fc7f7576562133ff_M_30_40_pale_yellow_M_40_50_light_brown_M_50_60_dark_brown_M_60_70_wet_gray_M_80_90_wet_gray.jpg,54e5e0bbcd3e313d1e29,phash:4756c126639a1165,train,26b9d3bdc1da3ed45f36737a538494378fdc442811e2711235813b7c1a06ff60,92,97,9,16,False
Soil_Labeled_Data/M_90_100/L_10_20/alluvial/z5716081741279_e6dcbcb3d2252e27194aab74ebc27762_M_30_40_pale_yellow_M_40_50_light_brown_M_50_60_dark_brown_M_60_70_wet_gray_M_80_90_dark_brown.jpg,Soil_Labeled_Data/M_90_100/L_10_20/alluvial/z5716081741279_e6dcbcb3d2252e27194aab74ebc27762_M_30_40_pale_yellow_M_40_50_light_brown_M_50_60_dark_brown_M_60_70_wet_gray_M_80_90_dark_brown.jpg,a4c7c7b7b74cb7c9a0b4,phash:2349a48f7d14496c,train,15c906bda3dc60c506f60252f5cbea58cf5d08906ae8f9c94141fa8a57ef08f0,93,98,9,19,False
Soil_Labeled_Data/M_90_100/L_10_20/alluvial/z5716081783135_13a61c0ddb9d30f00b44e630e47c1f42_M_30_40_gray_brown_M_40_50_gray_brown_M_50_60_clay_red_M_70_80_clay_red_M_80_90_wet_gray.jpg,Soil_Labeled_Data/M_90_100/L_10_20/alluvial/z5716081783135_13a61c0ddb9d30f00b44e630e47c1f42_M_30_40_gray_brown_M_40_50_gray_brown_M_50_60_clay_red_M_70_80_clay_red_M_80_90_wet_gray.jpg,2728b1c732f96d6b845f,phash:4756c126639a1165,train,d849fcbfd769095db7b9ef4925f4d1299a220db1fb8335d42468b235d6963e57,96,100,9,13,False
Soil_Labeled_Data/M_90_100/L_10_20/alluvial/z5716081805208_48402b457cdf22dfa132f7652a7f995f_M_30_40_light_brown_M_50_60_dark_brown_M_60_70_clay_red_M_70_80_dark_brown.jpg,Soil_Labeled_Data/M_90_100/L_10_20/alluvial/z5716081805208_48402b457cdf22dfa132f7652a7f995f_M_30_40_light_brown_M_50_60_dark_brown_M_60_70_clay_red_M_70_80_dark_brown.jpg,4aab35d3609a35dc6819,phash:4756c126639a1165,train,e32433d5688b7f0505a51abfb75efd29aa3cb29c3dc7a0dc5943abd40dd6430f,90,94,9,14,False
Soil_Labeled_Data/M_90_100/L_20_30/alluvial/IMG_0053_M_0_10_gray_brown_M_40_50_light_brown_M_50_60_clay_red_M_70_80_dark_brown.jpg,Soil_Labeled_Data/M_90_100/L_20_30/alluvial/IMG_0053_M_0_10_gray_brown_M_40_50_light_brown_M_50_60_clay_red_M_70_80_dark_brown.jpg,a48a38a71f490ca8d08f,phash:5545bf87ba12dd6c,train,c3aa905bef4f8c48bb762315f8171906faab60db33611357848e72358619b962,90,93,9,20,False
Soil_Labeled_Data/M_90_100/L_20_30/alluvial/IMG_0053_M_0_10_pale_yellow_M_40_50_light_brown_M_50_60_clay_red_M_70_80_clay_red_M_80_90_wet_gray.jpg,Soil_Labeled_Data/M_90_100/L_20_30/alluvial/IMG_0053_M_0_10_pale_yellow_M_40_50_light_brown_M_50_60_clay_red_M_70_80_clay_red_M_80_90_wet_gray.jpg,9c366e1fc21451e862bb,phash:f210a662c480079d,validation,fcbd179cbae37234279abe207b52d5401c8f41549bb72e3a0b9cd0ffd8424b28,92,93,9,28,False
Soil_Labeled_Data/M_90_100/L_20_30/alluvial/IMG_0054_M_0_10_gray_brown_M_40_50_light_brown_M_50_60_dark_brown_M_60_70_clay_red_M_70_80_dark_brown.jpg,Soil_Labeled_Data/M_90_100/L_20_30/alluvial/IMG_0054_M_0_10_gray_brown_M_40_50_light_brown_M_50_60_dark_brown_M_60_70_clay_red_M_70_80_dark_brown.jpg,980e23c5e81f0b25c4ba,phash:2a565759afa81cb0,train,f43964c3625cd05764f5d2577a681e852035f41ed83cdf244ba04d73b266772d,91,96,9,28,False
Soil_Labeled_Data/M_90_100/L_20_30/alluvial/IMG_0059_M_0_10_pale_yellow_M_40_50_light_brown_M_50_60_clay_red_M_70_80_wet_gray.jpg,Soil_Labeled_Data/M_90_100/L_20_30/alluvial/IMG_0059_M_0_10_pale_yellow_M_40_50_light_brown_M_50_60_clay_red_M_70_80_wet_gray.jpg,32c99288d954af25e13d,phash:c681ac1b33256bae,train,769282d4d607fb0b1f06786379bee1451846aac744396376a245f8cc6bf64a10,95,97,9,20,False
Soil_Labeled_Data/M_90_100/L_20_30/alluvial/IMG_0063_M_0_10_light_brown_M_40_50_gray_brown_M_60_70_dark_brown_M_70_80_wet_gray.jpg,Soil_Labeled_Data/M_90_100/L_20_30/alluvial/IMG_0063_M_0_10_light_brown_M_40_50_gray_brown_M_60_70_dark_brown_M_70_80_wet_gray.jpg,5149537d50cfc285be03,phash:4f7ee60442d31744,validation,1efabb395079c4478abb971c3eb49b249bb411fc5471fe62f4044d329453c670,95,96,9,21,False
Soil_Labeled_Data/M_90_100/L_20_30/alluvial/IMG_0063_M_0_10_light_brown_M_40_50_gray_brown_M_60_70_dark_brown_M_70_80_wet_gray_M_80_90_wet_gray.jpg,Soil_Labeled_Data/M_90_100/L_20_30/alluvial/IMG_0063_M_0_10_light_brown_M_40_50_gray_brown_M_60_70_dark_brown_M_70_80_wet_gray_M_80_90_wet_gray.jpg,39e1e8710500633d7e14,phash:4f7ee60442d31744,validation,95cabc99b0bf43ff69a8b26134a296c6dcf5d2716b6e8462adc577cc22f5f96b,94,96,9,25,False
Soil_Labeled_Data/M_90_100/L_20_30/alluvial/IMG_0067_M_0_10_light_brown_M_40_50_light_brown_M_50_60_clay_red_M_70_80_dark_brown.jpg,Soil_Labeled_Data/M_90_100/L_20_30/alluvial/IMG_0067_M_0_10_light_brown_M_40_50_light_brown_M_50_60_clay_red_M_70_80_dark_brown.jpg,d1b0f34aaed4842ba835,phash:a9be8da516abc599,train,bb50a7f44e93c7f033b2dde6c66e2b14bf023bd7fb92af5afc8cdf5090398a3c,90,94,9,29,False
Soil_Labeled_Data/M_90_100/L_20_30/alluvial/IMG_0497_M_10_20_pale_yellow_M_40_50_gray_brown_M_60_70_clay_red_M_70_80_wet_gray.jpg,Soil_Labeled_Data/M_90_100/L_20_30/alluvial/IMG_0497_M_10_20_pale_yellow_M_40_50_gray_brown_M_60_70_clay_red_M_70_80_wet_gray.jpg,045e389e48eb1c14d457,phash:5bf1ed8e03d8be73,train,de62ccd3ddb51c155aaedded4fa57aaf7cd90ffb0205c8ad62d8589b4e1b67a2,90,93,9,20,False
Soil_Labeled_Data/M_90_100/L_20_30/alluvial/IMG_0499_M_10_20_gray_brown_M_40_50_gray_brown_M_50_60_dark_brown_M_60_70_dark_brown_M_70_80_wet_gray_M_80_90_dark_brown.jpg,Soil_Labeled_Data/M_90_100/L_20_30/alluvial/IMG_0499_M_10_20_gray_brown_M_40_50_gray_brown_M_50_60_dark_brown_M_60_70_dark_brown_M_70_80_wet_gray_M_80_90_dark_brown.jpg,437cf0ab7a486f3be02d,phash:eff2a6ebcfdf0843,train,6b2ba198db24ece86a8631c85d891cf1ef93f0611cc21bf3d806aa4a8c1a4b8a,93,95,9,23,False
Soil_Labeled_Data/M_90_100/L_20_30/alluvial/IMG_0501_M_10_20_clayish_red_M_40_50_gray_brown_M_50_60_clay_red_M_70_80_dark_brown.jpg,Soil_Labeled_Data/M_90_100/L_20_30/alluvial/IMG_0501_M_10_20_clayish_red_M_40_50_gray_brown_M_50_60_clay_red_M_70_80_dark_brown.jpg,d3ac10460e8293941bbb,phash:466c9def00cb8061,train,9845b0d7aa5ce5954c0820d8a1d32f6c6a86c4783647cc63cd9ea9296db7cd24,96,100,9,20,False
Soil_Labeled_Data/M_90_100/L_20_30/alluvial/IMG_0505_M_10_20_gray_brown_M_40_50_gray_brown_M_50_60_dark_brown_M_70_80_wet_gray.jpg,Soil_Labeled_Data/M_90_100/L_20_30/alluvial/IMG_0505_M_10_20_gray_brown_M_40_50_gray_brown_M_50_60_dark_brown_M_70_80_wet_gray.jpg,d11bfadec5b83297a511,phash:709312992859e001,train,41219a0a2bb42d34e65ad63c017e2043443566d31b25b4c45667cbf1c2c58697,97,100,9,21,False
Soil_Labeled_Data/M_90_100/L_20_30/alluvial/IMG_0508_M_10_20_clayish_red_M_40_50_gray_brown_M_60_70_dark_brown_M_70_80_clay_red_M_80_90_dark_brown.jpg,Soil_Labeled_Data/M_90_100/L_20_30/alluvial/IMG_0508_M_10_20_clayish_red_M_40_50_gray_brown_M_60_70_dark_brown_M_70_80_clay_red_M_80_90_dark_brown.jpg,e1e61a18ef881cc28e86,phash:612a4d19bdb8cd1a,validation,1095e11edb5168232b13f1e5bdd4f69f2d7099c2769f25be56296189de3f912e,95,98,9,20,False
Soil_Labeled_Data/M_90_100/L_20_30/alluvial/IMG_0508_M_10_20_pale_yellow_M_40_50_dark_brown_M_60_70_dark_brown_M_70_80_wet_gray_M_80_90_dark_brown.jpg,Soil_Labeled_Data/M_90_100/L_20_30/alluvial/IMG_0508_M_10_20_pale_yellow_M_40_50_dark_brown_M_60_70_dark_brown_M_70_80_wet_gray_M_80_90_dark_brown.jpg,1b1355ae9bb7c8109a7f,phash:3210cd39f92a9311,validation,4775d475a298bfef7ff53cc4163cea708289e90bfaa8b6e142ef6762730b7a80,92,97,9,26,False
Soil_Labeled_Data/M_90_100/L_20_30/alluvial/IMG_0511_M_10_20_light_brown_M_40_50_light_brown_M_50_60_clay_red_M_70_80_wet_gray_M_80_90_wet_gray.jpg,Soil_Labeled_Data/M_90_100/L_20_30/alluvial/IMG_0511_M_10_20_light_brown_M_40_50_light_brown_M_50_60_clay_red_M_70_80_wet_gray_M_80_90_wet_gray.jpg,af10547d521ab22acbdb,phash:84cac5903988849a,train,7b6487ea2821cb860c9d87b4c5c3cd6207886b302db2a52c60673462d196d2d5,94,96,9,21,False
Soil_Labeled_Data/M_90_100/L_20_30/alluvial/IMG_0512_M_10_20_light_brown_M_40_50_light_brown_M_50_60_dark_brown_M_60_70_clay_red_M_80_90_wet_gray.jpg,Soil_Labeled_Data/M_90_100/L_20_30/alluvial/IMG_0512_M_10_20_light_brown_M_40_50_light_brown_M_50_60_dark_brown_M_60_70_clay_red_M_80_90_wet_gray.jpg,0b8c6e1f163fe51ffb1c,phash:4d4cfce38e6496a4,validation,5e7df73b4f4453f54c89d5b83c14674dd3cdc3f352d9ba376043e17fb91ef24b,92,96,9,20,False
Soil_Labeled_Data/M_90_100/L_20_30/alluvial/IMG_0516_M_10_20_gray_brown_M_40_50_gray_brown_M_60_70_wet_gray_M_80_90_dark_brown.jpg,Soil_Labeled_Data/M_90_100/L_20_30/alluvial/IMG_0516_M_10_20_gray_brown_M_40_50_gray_brown_M_60_70_wet_gray_M_80_90_dark_brown.jpg,6819f5ab63dfd5cc1bd0,phash:94504f8b15c25eb0,train,336a624cb94757d7b095dea46882b687f9cd792ee2b7c1637f2ee96a5a09f727,99,100,9,27,False
Soil_Labeled_Data/M_90_100/L_20_30/alluvial/z5716143848502_4bd0eba511c987674067e6093eb213b9_M_30_40_gray_brown_M_40_50_dark_brown_M_60_70_dark_brown_M_70_80_dark_brown.jpg,Soil_Labeled_Data/M_90_100/L_20_30/alluvial/z5716143848502_4bd0eba511c987674067e6093eb213b9_M_30_40_gray_brown_M_40_50_dark_brown_M_60_70_dark_brown_M_70_80_dark_brown.jpg,9787def80fc958aa5c8f,phash:7268b88fed1ce62f,validation,70f138786567ec6ed7c3d2930d5e44c14ad14d4daf137b720e45bd3a2591153b,94,96,9,30,False
Soil_Labeled_Data/M_90_100/L_20_30/alluvial/z5716144261339_6eba7d5b24673487e96288acbc583744_M_30_40_light_brown_M_50_60_gray_brown_M_60_70_dark_brown_M_70_80_wet_gray_M_80_90_wet_gray.jpg,Soil_Labeled_Data/M_90_100/L_20_30/alluvial/z5716144261339_6eba7d5b24673487e96288acbc583744_M_30_40_light_brown_M_50_60_gray_brown_M_60_70_dark_brown_M_70_80_wet_gray_M_80_90_wet_gray.jpg,1f779a061560a5528cd3,phash:862d8ff9a632ee0c,train,6913b3ba7412c11b2d8efc4f820b9494325dc375a0098226ad7868539244cdd3,90,93,9,29,False
Soil_Labeled_Data/M_90_100/L_20_30/alluvial/z5716144322709_8f70df660518e4d32c3fa16707b39049_M_30_40_light_brown_M_40_50_gray_brown_M_50_60_clay_red_M_70_80_wet_gray.jpg,Soil_Labeled_Data/M_90_100/L_20_30/alluvial/z5716144322709_8f70df660518e4d32c3fa16707b39049_M_30_40_light_brown_M_40_50_gray_brown_M_50_60_clay_red_M_70_80_wet_gray.jpg,1076bef82aefa62a0f2d,phash:c05cf2d3ba2a8855,train,4a6f534ac2fa63570f09a16ed69760306a66622075427747cd6611fcb9ab2505,92,96,9,22,False
Soil_Labeled_Data/M_90_100/L_20_30/alluvial/z5716144366625_bc3324d4901d90171755a8afaa56411d_M_30_40_pale_yellow_M_40_50_gray_brown_M_50_60_gray_brown_M_60_70_clay_red_M_80_90_dark_brown.jpg,Soil_Labeled_Data/M_90_100/L_20_30/alluvial/z5716144366625_bc3324d4901d90171755a8afaa56411d_M_30_40_pale_yellow_M_40_50_gray_brown_M_50_60_gray_brown_M_60_70_clay_red_M_80_90_dark_brown.jpg,22bac7bed48aaa768808,phash:6d91a5dc81ed33b1,train,66b98e7c1da605444bb8b4dc37407d8655e9bdcaa99ce5379e58857122e688b6,96,97,9,27,False
Soil_Labeled_Data/M_90_100/L_30_40/alluvial/IMG_0100_M_0_10_gray_brown_M_40_50_light_brown_M_50_60_clay_red_M_70_80_dark_brown.jpg,Soil_Labeled_Data/M_90_100/L_30_40/alluvial/IMG_0100_M_0_10_gray_brown_M_40_50_light_brown_M_50_60_clay_red_M_70_80_dark_brown.jpg,81c0de7df698cc27afdd,phash:f285b4af27e70749,train,9b13faf9157fb9193656283512536f22ca074568600b189d00bbb9ce0557e990,94,97,9,40,False
Soil_Labeled_Data/M_90_100/L_30_40/alluvial/IMG_0107_M_0_10_clayish_red_M_40_50_gray_brown_M_50_60_dark_brown_M_70_80_dark_brown.jpg,Soil_Labeled_Data/M_90_100/L_30_40/alluvial/IMG_0107_M_0_10_clayish_red_M_40_50_gray_brown_M_50_60_dark_brown_M_70_80_dark_brown.jpg,731c1131f507e1cd3b02,phash:0e50473e72514650,train,a1c86e5befd213b27606cbf54252f89508c30ca050db676b9deac372081b059f,95,100,9,38,False
Soil_Labeled_Data/M_90_100/L_30_40/alluvial/IMG_0107_M_0_10_clayish_red_M_40_50_gray_brown_M_60_70_dark_brown_M_70_80_dark_brown.jpg,Soil_Labeled_Data/M_90_100/L_30_40/alluvial/IMG_0107_M_0_10_clayish_red_M_40_50_gray_brown_M_60_70_dark_brown_M_70_80_dark_brown.jpg,751f6556e617c15468c8,phash:0e50473e72514650,train,18d3f5b5d8feddefeb8c27da92902427411a87362c4e1e41dd76f407d0dd1f44,96,98,9,30,False
Soil_Labeled_Data/M_90_100/L_30_40/alluvial/IMG_0110_M_0_10_gray_brown_M_40_50_light_brown_M_50_60_clay_red_M_70_80_wet_gray_M_80_90_dark_brown.jpg,Soil_Labeled_Data/M_90_100/L_30_40/alluvial/IMG_0110_M_0_10_gray_brown_M_40_50_light_brown_M_50_60_clay_red_M_70_80_wet_gray_M_80_90_dark_brown.jpg,3aae99b469f583293485,phash:da0d6d0fa029b999,validation,6ae8fba8b38d4a57662bf0c7ff0dc731ed0978f222aef424086a13bce23432b5,99,100,9,32,False
Soil_Labeled_Data/M_90_100/L_30_40/alluvial/IMG_0114_M_0_10_clayish_red_M_40_50_gray_brown_M_50_60_gray_brown_M_60_70_dark_brown_M_70_80_dark_brown.jpg,Soil_Labeled_Data/M_90_100/L_30_40/alluvial/IMG_0114_M_0_10_clayish_red_M_40_50_gray_brown_M_50_60_gray_brown_M_60_70_dark_brown_M_70_80_dark_brown.jpg,f7af2621dc5ef87bfb1c,phash:4b2de972f0132935,validation,d0f4fa54b45201da17c737d2f6fff74203dd6f58dafc7ee8c820aabe0e0710cc,93,98,9,31,False
Soil_Labeled_Data/M_90_100/L_30_40/alluvial/IMG_0546_M_10_20_clayish_red_M_40_50_gray_brown_M_50_60_dark_brown_M_60_70_dark_brown_M_70_80_wet_gray.jpg,Soil_Labeled_Data/M_90_100/L_30_40/alluvial/IMG_0546_M_10_20_clayish_red_M_40_50_gray_brown_M_50_60_dark_brown_M_60_70_dark_brown_M_70_80_wet_gray.jpg,ca3b6f5b6675c712b3af,phash:8e453aebef6cc97b,train,a20fb68332e2966f23d0c6b8aa2fdb530e8d4964cead439520a28de54e5a2f7d,93,95,9,38,False
Soil_Labeled_Data/M_90_100/L_30_40/alluvial/IMG_0551_M_10_20_light_brown_M_40_50_gray_brown_M_50_60_clay_red_M_70_80_wet_gray_M_80_90_dark_brown.jpg,Soil_Labeled_Data/M_90_100/L_30_40/alluvial/IMG_0551_M_10_20_light_brown_M_40_50_gray_brown_M_50_60_clay_red_M_70_80_wet_gray_M_80_90_dark_brown.jpg,0d610a4fa2f05f0ce07d,phash:bd3ec70ba6278a4f,train,2652b9060130ebefa548a66838a3078d5607d799143c2d166a1ea8d4b6d94ba3,99,100,9,34,False
Soil_Labeled_Data/M_90_100/L_30_40/alluvial/IMG_0552_M_10_20_light_brown_M_40_50_gray_brown_M_60_70_dark_brown_M_70_80_wet_gray.jpg,Soil_Labeled_Data/M_90_100/L_30_40/alluvial/IMG_0552_M_10_20_light_brown_M_40_50_gray_brown_M_60_70_dark_brown_M_70_80_wet_gray.jpg,7c36314ad19a0073fec8,phash:ecd73af1b397e888,train,e290a0bfaf254925d4e705e45e99a87a511604804b29eff0fbb7f6f1b3217122,94,99,9,31,False
Soil_Labeled_Data/M_90_100/L_30_40/alluvial/IMG_0553_M_10_20_light_brown_M_40_50_dark_brown_M_60_70_dark_brown_M_70_80_dark_brown.jpg,Soil_Labeled_Data/M_90_100/L_30_40/alluvial/IMG_0553_M_10_20_light_brown_M_40_50_dark_brown_M_60_70_dark_brown_M_70_80_dark_brown.jpg,c686a0d54a2d5d3b6819,phash:e23fb6dea990ad0e,train,00075f6cfe01cb02fc80b22f60b0548ba893de476855bef61edc85d4baaee10f,91,93,9,39,False
Soil_Labeled_Data/M_90_100/L_30_40/alluvial/IMG_0553_M_10_20_pale_yellow_M_40_50_dark_brown_M_60_70_dark_brown_M_70_80_clay_red_M_80_90_wet_gray.jpg,Soil_Labeled_Data/M_90_100/L_30_40/alluvial/IMG_0553_M_10_20_pale_yellow_M_40_50_dark_brown_M_60_70_dark_brown_M_70_80_clay_red_M_80_90_wet_gray.jpg,530be544fb5c5e62d1eb,phash:c89751558f1cf951,test,5f4e1af9982b66d8a754a6ccb032f30fa5d4c86908bb261a5932397f5ce0bb74,94,97,9,36,False
Soil_Labeled_Data/M_90_100/L_30_40/alluvial/IMG_0554_M_10_20_light_brown_M_40_50_gray_brown_M_50_60_dark_brown_M_60_70_clay_red_M_70_80_wet_gray.jpg,Soil_Labeled_Data/M_90_100/L_30_40/alluvial/IMG_0554_M_10_20_light_brown_M_40_50_gray_brown_M_50_60_dark_brown_M_60_70_clay_red_M_70_80_wet_gray.jpg,781d4c53bc7232b570af,phash:97fde67d435deabe,train,20fa54ee6ee4d184f87e6c14a0037906e6c4ee621fbb74b67328cf694e1a5ef4,92,94,9,37,False
Soil_Labeled_Data/M_90_100/L_30_40/alluvial/IMG_0556_M_10_20_gray_brown_M_40_50_light_brown_M_50_60_dark_brown_M_60_70_dark_brown_M_70_80_wet_gray.jpg,Soil_Labeled_Data/M_90_100/L_30_40/alluvial/IMG_0556_M_10_20_gray_brown_M_40_50_light_brown_M_50_60_dark_brown_M_60_70_dark_brown_M_70_80_wet_gray.jpg,7ceccdb238c2d7c3d5be,phash:933f875358a9f165,train,38dd0b84313b622fb56d67bb0cd4afe3640871f4968fbddb3c245c19f0344866,94,99,9,37,False
Soil_Labeled_Data/M_90_100/L_30_40/alluvial/IMG_0558_M_10_20_light_brown_M_40_50_light_brown_M_50_60_clay_red_M_70_80_clay_red_M_80_90_wet_gray.jpg,Soil_Labeled_Data/M_90_100/L_30_40/alluvial/IMG_0558_M_10_20_light_brown_M_40_50_light_brown_M_50_60_clay_red_M_70_80_clay_red_M_80_90_wet_gray.jpg,fe10da7a37bd13181ec4,phash:4756c126639a1165,train,9a129a1e55538386ef7c0975ddb5435a5b0f95f41f8853b9d50b244c27f4dc13,92,94,9,31,False
Soil_Labeled_Data/M_90_100/L_30_40/alluvial/IMG_0561_M_10_20_clayish_red_M_40_50_light_brown_M_50_60_clay_red_M_70_80_dark_brown.jpg,Soil_Labeled_Data/M_90_100/L_30_40/alluvial/IMG_0561_M_10_20_clayish_red_M_40_50_light_brown_M_50_60_clay_red_M_70_80_dark_brown.jpg,5e5eb986cfd4e950f21b,phash:ea49189476154b28,train,20905b9a0e8fb9b657e907de45bb07a991c65de70412ad060755b1a7641e3bc0,91,96,9,40,False
Soil_Labeled_Data/M_90_100/L_30_40/alluvial/IMG_0561_M_10_20_light_brown_M_40_50_dark_brown_M_60_70_clay_red_M_80_90_dark_brown.jpg,Soil_Labeled_Data/M_90_100/L_30_40/alluvial/IMG_0561_M_10_20_light_brown_M_40_50_dark_brown_M_60_70_clay_red_M_80_90_dark_brown.jpg,9b4c631d0c98682e0a16,phash:8852e7345c93a070,train,14c2a0b57e24cd8df59971a661eccd8c95618a66801f97b44e4eb382b807351c,98,100,9,30,False
Soil_Labeled_Data/M_90_100/L_30_40/alluvial/z5716113532944_e24b5c26485417eddb8588efca3eea1f_M_30_40_light_brown_M_40_50_gray_brown_M_60_70_dark_brown_M_70_80_clay_red_M_80_90_wet_gray.jpg,Soil_Labeled_Data/M_90_100/L_30_40/alluvial/z5716113532944_e24b5c26485417eddb8588efca3eea1f_M_30_40_light_brown_M_40_50_gray_brown_M_60_70_dark_brown_M_70_80_clay_red_M_80_90_wet_gray.jpg,88803e055d3e8b937844,phash:3d493985390a6ffe,validation,ecfd60857be8ae2f70135482d912c481ab34800e08c9f362d2652b0a3f9944ac,100,100,9,33,False
Soil_Labeled_Data/M_90_100/L_30_40/alluvial/z5716113632942_5f926ef109e13eb9a864102d6cae87cc_M_30_40_light_brown_M_50_60_gray_brown_M_60_70_dark_brown_M_70_80_dark_brown.jpg,Soil_Labeled_Data/M_90_100/L_30_40/alluvial/z5716113632942_5f926ef109e13eb9a864102d6cae87cc_M_30_40_light_brown_M_50_60_gray_brown_M_60_70_dark_brown_M_70_80_dark_brown.jpg,5088a91b0e9df5ccae16,phash:68c4882f24eeb7ec,train,00fea6dd7fe5df00134ba4dc8e3e29bda5b5e0820f5dd82290057bc41b7c7751,92,94,9,40,False
Soil_Labeled_Data/M_90_100/L_30_40/alluvial/z5716113777056_8bcc905fd2e415355a24bcfe07180a6f_M_30_40_gray_brown_M_40_50_gray_brown_M_50_60_dark_brown_M_70_80_wet_gray.jpg,Soil_Labeled_Data/M_90_100/L_30_40/alluvial/z5716113777056_8bcc905fd2e415355a24bcfe07180a6f_M_30_40_gray_brown_M_40_50_gray_brown_M_50_60_dark_brown_M_70_80_wet_gray.jpg,09c5f157f6f8fc55457a,phash:62489bd94b9539f6,train,e80a9ab6710c21dd3aaa19aaa8c2757b93c7db18d37183721fb6ea14ebba03b6,91,92,9,40,False
Soil_Labeled_Data/M_90_100/L_30_40/alluvial/z5716115913721_f7cff5280e557d5287ca5504b449cdf7_M_30_40_clayish_red_M_40_50_dark_brown_M_60_70_clay_red_M_70_80_dark_brown.jpg,Soil_Labeled_Data/M_90_100/L_30_40/alluvial/z5716115913721_f7cff5280e557d5287ca5504b449cdf7_M_30_40_clayish_red_M_40_50_dark_brown_M_60_70_clay_red_M_70_80_dark_brown.jpg,3d213572093f5df3835f,phash:b6e10653c51aa179,train,9f3519e85d848bdc8532b66f176619f8e493318fd95e718bf9d7055b75c39ac4,91,96,9,40,False
Soil_Labeled_Data/M_90_100/L_30_40/alluvial/z5716116069545_936bc475e6398cdb5d8a3577d0e2c145_M_30_40_light_brown_M_40_50_gray_brown_M_60_70_dark_brown_M_70_80_wet_gray.jpg,Soil_Labeled_Data/M_90_100/L_30_40/alluvial/z5716116069545_936bc475e6398cdb5d8a3577d0e2c145_M_30_40_light_brown_M_40_50_gray_brown_M_60_70_dark_brown_M_70_80_wet_gray.jpg,35c4902ae465e62d434d,phash:c8c053e14d18cd67,validation,7abdfb921d1ab6909ce8ae1ff501199a371011e6d52cb9950d570c338716efcc,95,96,9,33,False
Soil_Labeled_Data/M_90_100/L_40_50/alluvial/IMG_0152_M_0_10_light_brown_M_40_50_gray_brown_M_60_70_clay_red_M_70_80_wet_gray.jpg,Soil_Labeled_Data/M_90_100/L_40_50/alluvial/IMG_0152_M_0_10_light_brown_M_40_50_gray_brown_M_60_70_clay_red_M_70_80_wet_gray.jpg,a524f8df897c19c62cbc,phash:38628faaea372908,validation,ef89af6d5a434f351327086c63ef78c89ff2d5a12cb69976580ab56b1dbef31b,94,97,9,49,False
Soil_Labeled_Data/M_90_100/L_40_50/alluvial/IMG_0156_M_0_10_pale_yellow_M_40_50_gray_brown_M_50_60_dark_brown_M_70_80_wet_gray.jpg,Soil_Labeled_Data/M_90_100/L_40_50/alluvial/IMG_0156_M_0_10_pale_yellow_M_40_50_gray_brown_M_50_60_dark_brown_M_70_80_wet_gray.jpg,63ee041228bfdd805a20,phash:c882cbac884cb390,train,0c382c0acd6981f0f46c84cb7a8041656933d823e503a2b8f02103d8444ce1de,91,94,9,43,False
Soil_Labeled_Data/M_90_100/L_40_50/alluvial/IMG_0161_M_0_10_gray_brown_M_40_50_dark_brown_M_60_70_dark_brown_M_70_80_wet_gray_M_80_90_dark_brown.jpg,Soil_Labeled_Data/M_90_100/L_40_50/alluvial/IMG_0161_M_0_10_gray_brown_M_40_50_dark_brown_M_60_70_dark_brown_M_70_80_wet_gray_M_80_90_dark_brown.jpg,adec694ce1b1694ac72d,phash:eb78e43e3735b910,test,47d7fbb04f4420351759b71722eb7dd66ce12e68c8ca27926e0f971bca532041,94,95,9,46,False
Soil_Labeled_Data/M_90_100/L_40_50/alluvial/IMG_0166_M_0_10_light_brown_M_40_50_light_brown_M_50_60_dark_brown_M_70_80_wet_gray.jpg,Soil_Labeled_Data/M_90_100/L_40_50/alluvial/IMG_0166_M_0_10_light_brown_M_40_50_light_brown_M_50_60_dark_brown_M_70_80_wet_gray.jpg,a3a3808145d826ea2bd5,phash:17c1b5dcd4c310e0,validation,b5a73cbe247e9a455783f81bf8eb643efd7a2c54d3dd1375d82d931988380021,92,95,9,48,False
Soil_Labeled_Data/M_90_100/L_40_50/alluvial/IMG_0587_M_10_20_clayish_red_M_40_50_gray_brown_M_60_70_clay_red_M_70_80_dark_brown.jpg,Soil_Labeled_Data/M_90_100/L_40_50/alluvial/IMG_0587_M_10_20_clayish_red_M_40_50_gray_brown_M_60_70_clay_red_M_70_80_dark_brown.jpg,2932b15ded813a8c7b6f,phash:fb93c40ea1783b13,train,de8c1d0f54e58b00b9b9b0ecf4d4624ead5f6d72f01479f55d03819aa426ad66,90,95,9,40,False
Soil_Labeled_Data/M_90_100/L_40_50/alluvial/IMG_0588_M_10_20_gray_brown_M_40_50_dark_brown_M_60_70_clay_red_M_80_90_wet_gray.jpg,Soil_Labeled_Data/M_90_100/L_40_50/alluvial/IMG_0588_M_10_20_gray_brown_M_40_50_dark_brown_M_60_70_clay_red_M_80_90_wet_gray.jpg,91662ef2f2c6eb1ea0c9,phash:eab22439ce9a4819,train,ff81483559ac4da8185cb58c90d9be10a907fc432f7e21d358ec2730378e2ad6,98,99,9,50,False
Soil_Labeled_Data/M_90_100/L_40_50/alluvial/IMG_0588_M_10_20_gray_brown_M_40_50_light_brown_M_50_60_clay_red_M_70_80_dark_brown.jpg,Soil_Labeled_Data/M_90_100/L_40_50/alluvial/IMG_0588_M_10_20_gray_brown_M_40_50_light_brown_M_50_60_clay_red_M_70_80_dark_brown.jpg,3c41824a3d56907ed07d,phash:eab22439ce9a4819,train,9dec66f7436345b9f31b7d900c8d78c364fa7440d0a5111dfa24357e74633d97,100,100,9,41,False
Soil_Labeled_Data/M_90_100/L_40_50/alluvial/IMG_0589_M_10_20_light_brown_M_40_50_dark_brown_M_60_70_clay_red_M_70_80_wet_gray_M_80_90_dark_brown.jpg,Soil_Labeled_Data/M_90_100/L_40_50/alluvial/IMG_0589_M_10_20_light_brown_M_40_50_dark_brown_M_60_70_clay_red_M_70_80_wet_gray_M_80_90_dark_brown.jpg,342b7e494465acc1008b,phash:88d7dbf4bf51d9ff,train,a0ccda887ba1c5ef03bcea2707073446f3099ffbc203f4e9bfdd263584e4826c,92,94,9,41,False
Soil_Labeled_Data/M_90_100/L_40_50/alluvial/IMG_0591_M_10_20_gray_brown_M_40_50_dark_brown_M_60_70_dark_brown_M_70_80_clay_red_M_80_90_dark_brown.jpg,Soil_Labeled_Data/M_90_100/L_40_50/alluvial/IMG_0591_M_10_20_gray_brown_M_40_50_dark_brown_M_60_70_dark_brown_M_70_80_clay_red_M_80_90_dark_brown.jpg,aedc9febfe8bd0979047,phash:2a98fc04f9504a93,train,d90f1102b51fc763faef1f623316b08da0ff0fc443fd0e21c2f9bf28d29941a2,98,99,9,46,False
Soil_Labeled_Data/M_90_100/L_40_50/alluvial/IMG_0591_M_10_20_gray_brown_M_40_50_dark_brown_M_60_70_dark_brown_M_70_80_dark_brown.jpg,Soil_Labeled_Data/M_90_100/L_40_50/alluvial/IMG_0591_M_10_20_gray_brown_M_40_50_dark_brown_M_60_70_dark_brown_M_70_80_dark_brown.jpg,5e8deae49d418589a665,phash:2a98fc04f9504a93,train,19627e726d8d736275897b341abfec6787a312627d17375e91f76a484ca38fb8,96,96,9,43,False
Soil_Labeled_Data/M_90_100/L_40_50/alluvial/IMG_0593_M_10_20_light_brown_M_40_50_light_brown_M_50_60_gray_brown_M_60_70_dark_brown_M_70_80_dark_brown.jpg,Soil_Labeled_Data/M_90_100/L_40_50/alluvial/IMG_0593_M_10_20_light_brown_M_40_50_light_brown_M_50_60_gray_brown_M_60_70_dark_brown_M_70_80_dark_brown.jpg,9a6acb7be140c5694c00,phash:c2d0b4c5d54ef858,validation,b7dfb39c1acd71091f3690fe292ca5e33d6695211a6670ea803a7d37dc684425,98,100,9,46,False
Soil_Labeled_Data/M_90_100/L_40_50/alluvial/IMG_0595_M_10_20_pale_yellow_M_40_50_gray_brown_M_60_70_dark_brown_M_70_80_wet_gray_M_80_90_dark_brown.jpg,Soil_Labeled_Data/M_90_100/L_40_50/alluvial/IMG_0595_M_10_20_pale_yellow_M_40_50_gray_brown_M_60_70_dark_brown_M_70_80_wet_gray_M_80_90_dark_brown.jpg,417f82415ac0a5b0eba9,phash:38ee9b49340cc8f6,train,4cd09fcb90c2c8e86a8f0dc741f3dff6e974bc85951f51ab5b51a65fb4b313b9,98,98,9,46,False
Soil_Labeled_Data/M_90_100/L_40_50/alluvial/IMG_0602_M_10_20_light_brown_M_40_50_gray_brown_M_50_60_clay_red_M_70_80_clay_red_M_80_90_dark_brown.jpg,Soil_Labeled_Data/M_90_100/L_40_50/alluvial/IMG_0602_M_10_20_light_brown_M_40_50_gray_brown_M_50_60_clay_red_M_70_80_clay_red_M_80_90_dark_brown.jpg,ceac9a008e2e7fb2dd98,phash:a54b983c9ea56b41,train,4ceae8b12e737b2e0bab496579e5b12ff24ace884eab12b38423a37605d35397,97,100,9,44,False
Soil_Labeled_Data/M_90_100/L_40_50/alluvial/z5719914753588_0c56217f338c6ce291955ae9b10cce77_M_30_40_gray_brown_M_50_60_gray_brown_M_60_70_clay_red_M_70_80_dark_brown.jpg,Soil_Labeled_Data/M_90_100/L_40_50/alluvial/z5719914753588_0c56217f338c6ce291955ae9b10cce77_M_30_40_gray_brown_M_50_60_gray_brown_M_60_70_clay_red_M_70_80_dark_brown.jpg,4534978e4155cc3f0594,phash:d50923f6832f8c9f,train,20b86607efc907410aea4dea6c4c1742c7978270344abf2b982e5e712efbcf88,100,100,9,44,False
Soil_Labeled_Data/M_90_100/L_40_50/alluvial/z5719914924505_76c1acb4c3a03965a67149c70566e117_M_30_40_clayish_red_M_40_50_gray_brown_M_60_70_clay_red_M_70_80_wet_gray.jpg,Soil_Labeled_Data/M_90_100/L_40_50/alluvial/z5719914924505_76c1acb4c3a03965a67149c70566e117_M_30_40_clayish_red_M_40_50_gray_brown_M_60_70_clay_red_M_70_80_wet_gray.jpg,2b06cd91c63676b91be0,phash:716b93cb3852bf57,train,3419e52a9e1c8990b63e921529d8e467b3c9d227e4fd280b5224c7b849af79b8,99,100,9,49,False
Soil_Labeled_Data/M_90_100/L_40_50/alluvial/z5719914960624_6e7d01c6f99d68c85a781306a1116111_M_30_40_clayish_red_M_40_50_gray_brown_M_60_70_clay_red_M_80_90_dark_brown.jpg,Soil_Labeled_Data/M_90_100/L_40_50/alluvial/z5719914960624_6e7d01c6f99d68c85a781306a1116111_M_30_40_clayish_red_M_40_50_gray_brown_M_60_70_clay_red_M_80_90_dark_brown.jpg,3f599059653886c1257d,phash:853b972fcac916f6,test,0feb1258f1d7e6cd15dc2f51035fc960a01a8ad8cc3846621c494634cae8c284,99,100,9,44,False
Soil_Labeled_Data/M_90_100/L_40_50/alluvial/z5719915081454_c67fb96c8fd1c13e8d457956fcdd9641_M_30_40_gray_brown_M_50_60_clay_red_M_70_80_wet_gray.jpg,Soil_Labeled_Data/M_90_100/L_40_50/alluvial/z5719915081454_c67fb96c8fd1c13e8d457956fcdd9641_M_30_40_gray_brown_M_50_60_clay_red_M_70_80_wet_gray.jpg,d71973927eb6a77c83a7,phash:13b2414d3ccf511b,train,2633621ec41b8f8684ba88ae64a654bf4201fc0897dcb05a397a802573f61676,95,98,9,46,False
Soil_Labeled_Data/M_90_100/L_40_50/alluvial/z5719915081454_c67fb96c8fd1c13e8d457956fcdd9641_M_30_40_gray_brown_M_50_60_gray_brown_M_60_70_dark_brown_M_70_80_wet_gray.jpg,Soil_Labeled_Data/M_90_100/L_40_50/alluvial/z5719915081454_c67fb96c8fd1c13e8d457956fcdd9641_M_30_40_gray_brown_M_50_60_gray_brown_M_60_70_dark_brown_M_70_80_wet_gray.jpg,8ac03e23ad56347af4fa,phash:fea15fe46fe63e1b,train,59cf7e321f2ef8c3eabe7d639feed98da766071d4a08d56e7730f1880a7b0aa9,94,98,9,45,False
Soil_Labeled_Data/M_90_100/L_40_50/alluvial/z5719915146239_5ca09d7569cc6cb956c748dbf20149ff_M_30_40_pale_yellow_M_40_50_gray_brown_M_50_60_dark_brown_M_60_70_clay_red_M_70_80_dark_brown.jpg,Soil_Labeled_Data/M_90_100/L_40_50/alluvial/z5719915146239_5ca09d7569cc6cb956c748dbf20149ff_M_30_40_pale_yellow_M_40_50_gray_brown_M_50_60_dark_brown_M_60_70_clay_red_M_70_80_dark_brown.jpg,84cdaa69128261020d7c,phash:84846e5d1c057008,train,8ccaf24d1e37ec273374b81278afa422ac3aa4743a571b442b07b3212939fcb4,90,93,9,46,False
Soil_Labeled_Data/M_90_100/L_40_50/alluvial/z5719915191781_9fbc3215a4e768d8a242c9aae23d78e3_M_30_40_gray_brown_M_40_50_light_brown_M_50_60_gray_brown_M_60_70_clay_red_M_70_80_wet_gray_M_80_90_dark_brown.jpg,Soil_Labeled_Data/M_90_100/L_40_50/alluvial/z5719915191781_9fbc3215a4e768d8a242c9aae23d78e3_M_30_40_gray_brown_M_40_50_light_brown_M_50_60_gray_brown_M_60_70_clay_red_M_70_80_wet_gray_M_80_90_dark_brown.jpg,7f56adda7dbfe4c53f70,phash:5bbf8870df7f2c91,train,5f13e1e5229a5a66b41dfe07a049a2237a273c5abae9ce3c07326e216b3db7f1,95,95,9,44,False
Soil_Labeled_Data/M_90_100/L_50_60/alluvial/IMG_0196_M_0_10_clayish_red_M_40_50_light_brown_M_50_60_gray_brown_M_60_70_wet_gray_M_80_90_dark_brown.jpg,Soil_Labeled_Data/M_90_100/L_50_60/alluvial/IMG_0196_M_0_10_clayish_red_M_40_50_light_brown_M_50_60_gray_brown_M_60_70_wet_gray_M_80_90_dark_brown.jpg,f91aade0d890556cffdf,phash:c8300f8708e9afd6,train,c6f82ab43f936a01a6b135387403e29a3e80f2467961b4406ad5004411df9351,95,98,9,54,False
Soil_Labeled_Data/M_90_100/L_50_60/alluvial/IMG_0206_M_0_10_clayish_red_M_40_50_gray_brown_M_50_60_dark_brown_M_60_70_clay_red_M_70_80_dark_brown.jpg,Soil_Labeled_Data/M_90_100/L_50_60/alluvial/IMG_0206_M_0_10_clayish_red_M_40_50_gray_brown_M_50_60_dark_brown_M_60_70_clay_red_M_70_80_dark_brown.jpg,c70d55057300d72a7b24,phash:61280229e46e4f90,validation,4676c875c5e91e6ec50ab6854411a0d76ff02c12f9f115570bcc1eafde624c9e,93,96,9,51,False
Soil_Labeled_Data/M_90_100/L_50_60/alluvial/IMG_0208_M_0_10_light_brown_M_40_50_gray_brown_M_50_60_dark_brown_M_60_70_clay_red_M_70_80_wet_gray.jpg,Soil_Labeled_Data/M_90_100/L_50_60/alluvial/IMG_0208_M_0_10_light_brown_M_40_50_gray_brown_M_50_60_dark_brown_M_60_70_clay_red_M_70_80_wet_gray.jpg,3f745461cf62d1a145b7,phash:272fa05db045290a,train,50c577a76a792b0cc0c194709d12cd672fb4668226d60d806d83d80098cc920c,95,96,9,60,False
Soil_Labeled_Data/M_90_100/L_50_60/alluvial/IMG_0208_M_0_10_light_brown_M_40_50_gray_brown_M_60_70_dark_brown_M_70_80_wet_gray_M_80_90_dark_brown.jpg,Soil_Labeled_Data/M_90_100/L_50_60/alluvial/IMG_0208_M_0_10_light_brown_M_40_50_gray_brown_M_60_70_dark_brown_M_70_80_wet_gray_M_80_90_dark_brown.jpg,b12ba8323ae141a833e6,phash:4d22f0f05d736ff7,validation,43b077e688dd5108ffe133fe67ae7d76bc6de1f4e5bf91c32bc561ae7d5cabfa,93,95,9,60,False
Soil_Labeled_Data/M_90_100/L_50_60/alluvial/IMG_0212_M_0_10_light_brown_M_40_50_dark_brown_M_60_70_clay_red_M_80_90_wet_gray.jpg,Soil_Labeled_Data/M_90_100/L_50_60/alluvial/IMG_0212_M_0_10_light_brown_M_40_50_dark_brown_M_60_70_clay_red_M_80_90_wet_gray.jpg,316a4e52faf0bd6bf929,phash:fe170979b5ca8fe3,train,54528a35af4b3264d8c1f5e2fa4337f092dca5ab1c4ad5519cbbbea0fce6b095,95,98,9,59,False
Soil_Labeled_Data/M_90_100/L_50_60/alluvial/IMG_0627_M_10_20_clayish_red_M_40_50_gray_brown_M_50_60_gray_brown_M_60_70_clay_red_M_80_90_wet_gray.jpg,Soil_Labeled_Data/M_90_100/L_50_60/alluvial/IMG_0627_M_10_20_clayish_red_M_40_50_gray_brown_M_50_60_gray_brown_M_60_70_clay_red_M_80_90_wet_gray.jpg,281aa23d133dfc3dcd62,phash:f694cd8db868b87f,train,cdeed2dc0d19cdf9dfbbd592f7a4bdcf14b175f1375f9289bc05d986338e776f,92,92,9,50,False
Soil_Labeled_Data/M_90_100/L_50_60/alluvial/IMG_0631_M_10_20_light_brown_M_40_50_light_brown_M_50_60_dark_brown_M_70_80_clay_red_M_80_90_dark_brown.jpg,Soil_Labeled_Data/M_90_100/L_50_60/alluvial/IMG_0631_M_10_20_light_brown_M_40_50_light_brown_M_50_60_dark_brown_M_70_80_clay_red_M_80_90_dark_brown.jpg,e1feef09f2d2051b4fb8,phash:0be3776bf5b85f30,train,047a92f61553738e838c50f1d273ef1fdf0f6302a088487e47c5972bfc4d403b,91,94,9,57,False
Soil_Labeled_Data/M_90_100/L_50_60/alluvial/IMG_0635_M_10_20_clayish_red_M_40_50_gray_brown_M_50_60_gray_brown_M_60_70_clay_red_M_80_90_wet_gray.jpg,Soil_Labeled_Data/M_90_100/L_50_60/alluvial/IMG_0635_M_10_20_clayish_red_M_40_50_gray_brown_M_50_60_gray_brown_M_60_70_clay_red_M_80_90_wet_gray.jpg,5fb9982cef9533074c07,phash:b2e7586b942203e5,train,f81b10b7e852caba6f6e5be3d48d6e7f5784a22211130f9b46300d487e38126b,92,93,9,57,False
Soil_Labeled_Data/M_90_100/L_50_60/alluvial/IMG_0642_M_10_20_gray_brown_M_40_50_dark_brown_M_60_70_wet_gray_M_80_90_wet_gray.jpg,Soil_Labeled_Data/M_90_100/L_50_60/alluvial/IMG_0642_M_10_20_gray_brown_M_40_50_dark_brown_M_60_70_wet_gray_M_80_90_wet_gray.jpg,89b1a430e020562d3b65,phash:b897f55411018911,train,431cbda8afb43518a670345454d2eb0a259c2e31e09212d6008f9d8662bfef94,93,96,9,59,False
Soil_Labeled_Data/M_90_100/L_50_60/alluvial/IMG_0643_M_10_20_gray_brown_M_40_50_gray_brown_M_50_60_dark_brown_M_70_80_wet_gray.jpg,Soil_Labeled_Data/M_90_100/L_50_60/alluvial/IMG_0643_M_10_20_gray_brown_M_40_50_gray_brown_M_50_60_dark_brown_M_70_80_wet_gray.jpg,999d483610a2f1739025,phash:bb54b0f00587a997,train,1849f8ccf63d9e4b6f00031ae1b276a812dae3bf7f0ab77c9961046836c05f0c,96,97,9,50,False
Soil_Labeled_Data/M_90_100/L_50_60/alluvial/IMG_0643_M_10_20_light_brown_M_40_50_gray_brown_M_50_60_dark_brown_M_60_70_wet_gray_M_80_90_wet_gray.jpg,Soil_Labeled_Data/M_90_100/L_50_60/alluvial/IMG_0643_M_10_20_light_brown_M_40_50_gray_brown_M_50_60_dark_brown_M_60_70_wet_gray_M_80_90_wet_gray.jpg,69c32dc32089c62fb6f0,phash:bb54b0f00587a997,train,3b5b25aedbe709b746c0488c1d707a059ed604e161ce1853c9beb342928ddba6,95,96,9,51,False
Soil_Labeled_Data/M_90_100/L_50_60/alluvial/IMG_0644_M_10_20_light_brown_M_40_50_light_brown_M_50_60_dark_brown_M_70_80_clay_red_M_80_90_dark_brown.jpg,Soil_Labeled_Data/M_90_100/L_50_60/alluvial/IMG_0644_M_10_20_light_brown_M_40_50_light_brown_M_50_60_dark_brown_M_70_80_clay_red_M_80_90_dark_brown.jpg,b5ab7e23c845226e9684,phash:8f6adc2c4b57fab2,validation,9d81f2126bff2e6b13a14cab02946c8d8b16bf4ce9217170968a7a6be4350f68,98,100,9,50,False
Soil_Labeled_Data/M_90_100/L_50_60/alluvial/IMG_0644_M_10_20_light_brown_M_40_50_light_brown_M_50_60_dark_brown_M_70_80_wet_gray.jpg,Soil_Labeled_Data/M_90_100/L_50_60/alluvial/IMG_0644_M_10_20_light_brown_M_40_50_light_brown_M_50_60_dark_brown_M_70_80_wet_gray.jpg,ff7a24cda28f8d9192f7,phash:8f6adc2c4b57fab2,validation,a3fdee179b8f4fee100a5963ba499eeb0eda5283752b6a485c90e8a3d8e5fb6f,94,97,9,58,False
Soil_Labeled_Data/M_90_100/L_50_60/alluvial/z5719945128230_6802d6f378727442f0aab01c758677a5_M_30_40_gray_brown_M_40_50_gray_brown_M_50_60_dark_brown_M_60_70_clay_red_M_70_80_clay_red_M_80_90_dark_brown.jpg,Soil_Labeled_Data/M_90_100/L_50_60/alluvial/z5719945128230_6802d6f378727442f0aab01c758677a5_M_30_40_gray_brown_M_40_50_gray_brown_M_50_60_dark_brown_M_60_70_clay_red_M_70_80_clay_red_M_80_90_dark_brown.jpg,79e50a8e654703a21259,phash:9707ff4b216224ee,validation,7ee9a39438b5ce2a11465db0b44dac1c2bb745f38bebe3d8ddb702c1477941e7,99,99,9,58,False
Soil_Labeled_Data/M_90_100/L_50_60/alluvial/z5719945128230_6802d6f378727442f0aab01c758677a5_M_30_40_pale_yellow_M_40_50_gray_brown_M_60_70_dark_brown_M_70_80_wet_gray_M_80_90_wet_gray.jpg,Soil_Labeled_Data/M_90_100/L_50_60/alluvial/z5719945128230_6802d6f378727442f0aab01c758677a5_M_30_40_pale_yellow_M_40_50_gray_brown_M_60_70_dark_brown_M_70_80_wet_gray_M_80_90_wet_gray.jpg,a06c5671e246d21c599a,phash:d336d9e5483b0c31,train,0823d179edf6534f0f7c2b63aef8ab4150e39d8823492baadeec98c70b749388,96,97,9,53,False
Soil_Labeled_Data/M_90_100/L_50_60/alluvial/z5719945282121_22a25cca44c3ca90506d7f082a8e62ba_M_30_40_gray_brown_M_50_60_dark_brown_M_70_80_wet_gray.jpg,Soil_Labeled_Data/M_90_100/L_50_60/alluvial/z5719945282121_22a25cca44c3ca90506d7f082a8e62ba_M_30_40_gray_brown_M_50_60_dark_brown_M_70_80_wet_gray.jpg,da2d1e3962955f74c024,phash:f66148b2d9fc54f7,validation,964a3b1e3f0130b8c33a4237a6e577fadeb84c0286fc4b64fe501764103299e1,91,93,9,57,False
Soil_Labeled_Data/M_90_100/L_50_60/alluvial/z5719945326572_38e3e733446eabe3bf00850bf73883e0_M_30_40_pale_yellow_M_40_50_gray_brown_M_50_60_dark_brown_M_70_80_wet_gray.jpg,Soil_Labeled_Data/M_90_100/L_50_60/alluvial/z5719945326572_38e3e733446eabe3bf00850bf73883e0_M_30_40_pale_yellow_M_40_50_gray_brown_M_50_60_dark_brown_M_70_80_wet_gray.jpg,bec22878e66eded05b88,phash:ae5e6bb93e10e1eb,train,25522bac840cf436f2e6398398238439149d83ea32a7391273be484c4aaf1ae5,94,98,9,58,False
Soil_Labeled_Data/M_90_100/L_50_60/alluvial/z5719945442394_074f397072a0e21797e33be6440ab366_M_30_40_light_brown_M_40_50_light_brown_M_50_60_dark_brown_M_70_80_dark_brown.jpg,Soil_Labeled_Data/M_90_100/L_50_60/alluvial/z5719945442394_074f397072a0e21797e33be6440ab366_M_30_40_light_brown_M_40_50_light_brown_M_50_60_dark_brown_M_70_80_dark_brown.jpg,fc50176b7dd56f4390b0,phash:2765edb8329cb206,train,84b6b908ffd7283fa84ebea3153f020b385cbac24ed164438348a693afc165fb,100,100,9,51,False
Soil_Labeled_Data/M_90_100/L_50_60/alluvial/z5719945494405_a556366a429daf9a78448e62806f33bb_M_30_40_light_brown_M_50_60_dark_brown_M_70_80_wet_gray.jpg,Soil_Labeled_Data/M_90_100/L_50_60/alluvial/z5719945494405_a556366a429daf9a78448e62806f33bb_M_30_40_light_brown_M_50_60_dark_brown_M_70_80_wet_gray.jpg,8170858d4fa165717b55,phash:98cba7f801fd0d43,train,36a1178b89ce0c8e326706c185d477c0214568102883e6def03961cf574537fe,97,97,9,57,False
Soil_Labeled_Data/M_90_100/L_50_60/alluvial/z5719945512664_b31ee4aecf6a552463f894dbf83282d1_M_30_40_gray_brown_M_40_50_light_brown_M_50_60_dark_brown_M_70_80_dark_brown.jpg,Soil_Labeled_Data/M_90_100/L_50_60/alluvial/z5719945512664_b31ee4aecf6a552463f894dbf83282d1_M_30_40_gray_brown_M_40_50_light_brown_M_50_60_dark_brown_M_70_80_dark_brown.jpg,af2ab01f5f8fb730ab06,phash:b920e2d30ccecfad,train,cc6435701beb6269a4e5a2c1a5faf877249c4228aca43e4112c1139958391028,91,92,9,50,False
Soil_Labeled_Data/M_90_100/L_60_70/alluvial/IMG_0241_M_0_10_clayish_red_M_40_50_dark_brown_M_60_70_dark_brown_M_70_80_dark_brown.jpg,Soil_Labeled_Data/M_90_100/L_60_70/alluvial/IMG_0241_M_0_10_clayish_red_M_40_50_dark_brown_M_60_70_dark_brown_M_70_80_dark_brown.jpg,481dfe7ef5e854e45e03,phash:c54122dc935fea79,train,097128e4978dca2fb81dcf831f6983f18db6bf4af2b7764d5a07893274d71cd4,92,91,9,70,False
Soil_Labeled_Data/M_90_100/L_60_70/alluvial/IMG_0242_M_0_10_light_brown_M_40_50_light_brown_M_50_60_dark_brown_M_60_70_dark_brown_M_70_80_dark_brown.jpg,Soil_Labeled_Data/M_90_100/L_60_70/alluvial/IMG_0242_M_0_10_light_brown_M_40_50_light_brown_M_50_60_dark_brown_M_60_70_dark_brown_M_70_80_dark_brown.jpg,bb65c4662712d2da57eb,phash:72f2bba7253dc548,train,d92e4421c637fc2d94b5217c6fdd1414b920f2c73dba137baa99f327c95bc2c6,93,96,9,65,False
Soil_Labeled_Data/M_90_100/L_60_70/alluvial/IMG_0244_M_0_10_pale_yellow_M_40_50_dark_brown_M_60_70_dark_brown_M_70_80_clay_red_M_80_90_wet_gray.jpg,Soil_Labeled_Data/M_90_100/L_60_70/alluvial/IMG_0244_M_0_10_pale_yellow_M_40_50_dark_brown_M_60_70_dark_brown_M_70_80_clay_red_M_80_90_wet_gray.jpg,30d15ab31b5794d0eb5b,phash:13ff461e4e234fab,test,c705bb577a1999234b9f2cbf5b89cddd4b21847e6d68a9ad2a1f3543467c7e0b,93,96,9,66,False
Soil_Labeled_Data/M_90_100/L_60_70/alluvial/IMG_0245_M_0_10_pale_yellow_M_40_50_gray_brown_M_50_60_clay_red_M_70_80_dark_brown.jpg,Soil_Labeled_Data/M_90_100/L_60_70/alluvial/IMG_0245_M_0_10_pale_yellow_M_40_50_gray_brown_M_50_60_clay_red_M_70_80_dark_brown.jpg,7b1d6f10e675c8ab20c7,phash:5216086d9e7f6171,train,76e196645dca1e612dff39dd602303b75dba8da25745626d52956c05356a3502,99,99,9,70,False
Soil_Labeled_Data/M_90_100/L_60_70/alluvial/IMG_0246_M_0_10_light_brown_M_40_50_gray_brown_M_60_70_wet_gray_M_80_90_dark_brown.jpg,Soil_Labeled_Data/M_90_100/L_60_70/alluvial/IMG_0246_M_0_10_light_brown_M_40_50_gray_brown_M_60_70_wet_gray_M_80_90_dark_brown.jpg,593ac0fce58f926a690e,phash:695945a9b14b0069,train,5f23d51049695a535cf341f68219ffb3928962da09878b6c9539248650a56854,97,98,9,63,False
Soil_Labeled_Data/M_90_100/L_60_70/alluvial/IMG_0250_M_0_10_pale_yellow_M_40_50_light_brown_M_50_60_dark_brown_M_60_70_dark_brown_M_70_80_wet_gray.jpg,Soil_Labeled_Data/M_90_100/L_60_70/alluvial/IMG_0250_M_0_10_pale_yellow_M_40_50_light_brown_M_50_60_dark_brown_M_60_70_dark_brown_M_70_80_wet_gray.jpg,2460c28655c092a6c774,phash:bb18312bd2cf7d6b,train,84833e1b97b2b9629d1ee490285e4e0448491be94c1c16e7b0f999056cda5358,91,92,9,60,False
Soil_Labeled_Data/M_90_100/L_60_70/alluvial/IMG_0251_M_0_10_clayish_red_M_40_50_gray_brown_M_60_70_clay_red_M_70_80_dark_brown.jpg,Soil_Labeled_Data/M_90_100/L_60_70/alluvial/IMG_0251_M_0_10_clayish_red_M_40_50_gray_brown_M_60_70_clay_red_M_70_80_dark_brown.jpg,80237308342f13be7b57,phash:f6b1f65230550b1a,train,a335a17fbd8d15244e7cd716d5e3f7086446994b5356a1d11a0949430b6f09ca,97,100,9,69,False
Soil_Labeled_Data/M_90_100/L_60_70/alluvial/IMG_0251_M_0_10_clayish_red_M_40_50_gray_brown_M_60_70_clay_red_M_70_80_wet_gray_M_80_90_wet_gray.jpg,Soil_Labeled_Data/M_90_100/L_60_70/alluvial/IMG_0251_M_0_10_clayish_red_M_40_50_gray_brown_M_60_70_clay_red_M_70_80_wet_gray_M_80_90_wet_gray.jpg,8a31ccc92f66726ed97b,phash:6b162c4d3049c5eb,train,276186ed0268df9ea8f3bdce7dcc90a5619ae35d44a265bac3c74af6781c564d,97,96,9,69,False
Soil_Labeled_Data/M_90_100/L_60_70/alluvial/IMG_0252_M_0_10_pale_yellow_M_40_50_gray_brown_M_60_70_clay_red_M_70_80_wet_gray_M_80_90_wet_gray.jpg,Soil_Labeled_Data/M_90_100/L_60_70/alluvial/IMG_0252_M_0_10_pale_yellow_M_40_50_gray_brown_M_60_70_clay_red_M_70_80_wet_gray_M_80_90_wet_gray.jpg,b55142664db220ae90e0,phash:b692d37e2c84bc39,train,e512b7ea8f03391002d40105aba97ac0abb375b9c43590a0b075ca30ca64e5b3,96,97,9,70,False
Soil_Labeled_Data/M_90_100/L_60_70/alluvial/IMG_0255_M_0_10_gray_brown_M_40_50_light_brown_M_50_60_dark_brown_M_60_70_clay_red_M_70_80_wet_gray.jpg,Soil_Labeled_Data/M_90_100/L_60_70/alluvial/IMG_0255_M_0_10_gray_brown_M_40_50_light_brown_M_50_60_dark_brown_M_60_70_clay_red_M_70_80_wet_gray.jpg,5799fa1fc9b65d857369,phash:28c8f3401e69481b,train,0c7e8836c55ae0c30d19b6c793df0e2b2b11724ab6d704618f1a7599f89dd0b8,94,93,9,63,False
Soil_Labeled_Data/M_90_100/L_60_70/alluvial/IMG_0680_M_10_20_gray_brown_M_40_50_gray_brown_M_50_60_dark_brown_M_70_80_wet_gray_M_80_90_wet_gray.jpg,Soil_Labeled_Data/M_90_100/L_60_70/alluvial/IMG_0680_M_10_20_gray_brown_M_40_50_gray_brown_M_50_60_dark_brown_M_70_80_wet_gray_M_80_90_wet_gray.jpg,9f9c0cf24dcc01e4ab0a,phash:8e8be6cb77d0965c,test,37146b6882729a27b86ef305750a800419df8a274ebca1ba8ea4e5a3afe8bd15,98,99,9,66,False
Soil_Labeled_Data/M_90_100/L_60_70/alluvial/IMG_0682_M_10_20_light_brown_M_30_40_gray_brown_M_50_60_dark_brown_M_60_70_clay_red_M_70_80_clay_red_M_80_90_wet_gray.jpg,Soil_Labeled_Data/M_90_100/L_60_70/alluvial/IMG_0682_M_10_20_light_brown_M_30_40_gray_brown_M_50_60_dark_brown_M_60_70_clay_red_M_70_80_clay_red_M_80_90_wet_gray.jpg,a6cbb11aa2e0aadadea9,phash:019406175839e097,validation,c75c94c4e496c733d4c7694e3943c545affa70daba6897220cc3b13b81d4634a,95,97,9,70,False
Soil_Labeled_Data/M_90_100/L_60_70/alluvial/IMG_0682_M_10_20_light_brown_M_30_40_gray_brown_M_50_60_dark_brown_M_60_70_wet_gray_M_80_90_dark_brown.jpg,Soil_Labeled_Data/M_90_100/L_60_70/alluvial/IMG_0682_M_10_20_light_brown_M_30_40_gray_brown_M_50_60_dark_brown_M_60_70_wet_gray_M_80_90_dark_brown.jpg,f5b9450028cd6c72931a,phash:019406175839e097,validation,b0483ea573ddf15cf3b1d468684928b504409fb18fbfff02ac494b2d210d0fff,96,99,9,68,False
Soil_Labeled_Data/M_90_100/L_60_70/alluvial/IMG_0682_M_10_20_light_brown_M_40_50_gray_brown_M_60_70_clay_red_M_80_90_wet_gray.jpg,Soil_Labeled_Data/M_90_100/L_60_70/alluvial/IMG_0682_M_10_20_light_brown_M_40_50_gray_brown_M_60_70_clay_red_M_80_90_wet_gray.jpg,5053fa8a994f46ef805c,phash:019406175839e097,validation,b494072731f7d848d9d6f7a4e857481fec5a7e54f1380036d8a83b7fef7a0613,93,93,9,67,False
Soil_Labeled_Data/M_90_100/L_60_70/alluvial/IMG_0695_M_10_20_light_brown_M_30_40_gray_brown_M_50_60_clay_red_M_70_80_wet_gray_M_80_90_dark_brown.jpg,Soil_Labeled_Data/M_90_100/L_60_70/alluvial/IMG_0695_M_10_20_light_brown_M_30_40_gray_brown_M_50_60_clay_red_M_70_80_wet_gray_M_80_90_dark_brown.jpg,14689d5d2a6978ddb104,phash:82ac13fa0f9ee0b1,train,2605a2b27f40065fdc988d41252ce6de000b96f5db797dc8697deaa8c72a9601,93,92,9,66,False
Soil_Labeled_Data/M_90_100/L_60_70/alluvial/z5715084165270_22662a8e6cfa3719910b048011f20dc3_M_20_30_light_brown_M_30_40_light_brown_M_50_60_clay_red_M_70_80_wet_gray_M_80_90_dark_brown.jpg,Soil_Labeled_Data/M_90_100/L_60_70/alluvial/z5715084165270_22662a8e6cfa3719910b048011f20dc3_M_20_30_light_brown_M_30_40_light_brown_M_50_60_clay_red_M_70_80_wet_gray_M_80_90_dark_brown.jpg,b98fdef0110591f8744d,phash:cd45673673b5cc09,train,3c42d8e6a0c902c2672776d64e1359bf3357ab57c7ccb1e37942973aba3ca2f4,99,100,9,65,False
Soil_Labeled_Data/M_90_100/L_60_70/alluvial/z5715084217100_56ffdcb9a7e21ae938a857822326c4e1_M_20_30_light_brown_M_30_40_light_brown_M_50_60_dark_brown_M_70_80_clay_red_M_80_90_wet_gray.jpg,Soil_Labeled_Data/M_90_100/L_60_70/alluvial/z5715084217100_56ffdcb9a7e21ae938a857822326c4e1_M_20_30_light_brown_M_30_40_light_brown_M_50_60_dark_brown_M_70_80_clay_red_M_80_90_wet_gray.jpg,4748d1865b140a7689e4,phash:0b0189f76cd4b322,train,b6c913cb821997a2491a620c34b442e34652eb3dbc0b5ee101723acbb8840d2a,95,98,9,70,False
Soil_Labeled_Data/M_90_100/L_60_70/alluvial/z5715084235063_019bf1d09588c2fd5226859f4331698b_M_20_30_light_brown_M_30_40_light_brown_M_50_60_dark_brown_M_60_70_clay_red_M_80_90_wet_gray.jpg,Soil_Labeled_Data/M_90_100/L_60_70/alluvial/z5715084235063_019bf1d09588c2fd5226859f4331698b_M_20_30_light_brown_M_30_40_light_brown_M_50_60_dark_brown_M_60_70_clay_red_M_80_90_wet_gray.jpg,abbbbc298182bcfacebc,phash:2239954b40c98c02,train,7b83e7ea86c1098e1e1395cfc723caa5160969d9a43008e6fdd54405814927e4,94,93,9,61,False
Soil_Labeled_Data/M_90_100/L_60_70/alluvial/z5715084235063_019bf1d09588c2fd5226859f4331698b_M_20_30_light_brown_M_30_40_light_brown_M_50_60_dark_brown_M_70_80_clay_red_M_80_90_wet_gray.jpg,Soil_Labeled_Data/M_90_100/L_60_70/alluvial/z5715084235063_019bf1d09588c2fd5226859f4331698b_M_20_30_light_brown_M_30_40_light_brown_M_50_60_dark_brown_M_70_80_clay_red_M_80_90_wet_gray.jpg,cd88d345240d851a310f,phash:2239954b40c98c02,train,821d2f68e657336db4e4d0a0c2e3446f7f80d0ccf4969499e65ec8ae9b7a382a,91,92,9,69,False
Soil_Labeled_Data/M_90_100/L_60_70/alluvial/z5715084355096_c7964126a2b1f16f09a53be76d55e947_M_20_30_pale_yellow_M_30_40_gray_brown_M_50_60_clay_red_M_70_80_dark_brown.jpg,Soil_Labeled_Data/M_90_100/L_60_70/alluvial/z5715084355096_c7964126a2b1f16f09a53be76d55e947_M_20_30_pale_yellow_M_30_40_gray_brown_M_50_60_clay_red_M_70_80_dark_brown.jpg,6ed858a5d59606f071d5,phash:b9c4e59d99e5235b,train,b63354876ff52096a9c1a26f03e5f490251b2ed0d1be5d0be8f40998e313d225,93,96,9,68,False
Soil_Labeled_Data/M_90_100/L_70_80/alluvial/IMG_0286_M_0_10_pale_yellow_M_40_50_gray_brown_M_50_60_clay_red_M_70_80_dark_brown.jpg,Soil_Labeled_Data/M_90_100/L_70_80/alluvial/IMG_0286_M_0_10_pale_yellow_M_40_50_gray_brown_M_50_60_clay_red_M_70_80_dark_brown.jpg,d7cffab275ab700558a7,phash:fd87265d3e19661a,train,51c5989793d6147be25ec0c258a0163a568e55073f816b53524d63ea95f60494,99,100,9,75,False
Soil_Labeled_Data/M_90_100/L_70_80/alluvial/IMG_0300_M_0_10_pale_yellow_M_40_50_dark_brown_M_60_70_dark_brown_M_70_80_clay_red_M_80_90_dark_brown.jpg,Soil_Labeled_Data/M_90_100/L_70_80/alluvial/IMG_0300_M_0_10_pale_yellow_M_40_50_dark_brown_M_60_70_dark_brown_M_70_80_clay_red_M_80_90_dark_brown.jpg,037855e63ff2381750b7,phash:fa7b95d4eefcdbe3,train,3442d802b8bd7b28acef91cec1839da27ceb4d1e12de0f802ff7cc9da24054e5,98,98,9,70,False
Soil_Labeled_Data/M_90_100/L_70_80/alluvial/IMG_0301_M_0_10_pale_yellow_M_40_50_dark_brown_M_60_70_dark_brown_M_70_80_clay_red_M_80_90_dark_brown.jpg,Soil_Labeled_Data/M_90_100/L_70_80/alluvial/IMG_0301_M_0_10_pale_yellow_M_40_50_dark_brown_M_60_70_dark_brown_M_70_80_clay_red_M_80_90_dark_brown.jpg,dfd7b5aaebe59524cd30,phash:222099dae69a0921,train,a99ee5d3f99f7f31a33233feb26306633deeee855b338e6d50d89a8277477870,99,98,9,76,False
Soil_Labeled_Data/M_90_100/L_70_80/alluvial/IMG_0302_M_0_10_clayish_red_M_40_50_light_brown_M_50_60_dark_brown_M_70_80_dark_brown.jpg,Soil_Labeled_Data/M_90_100/L_70_80/alluvial/IMG_0302_M_0_10_clayish_red_M_40_50_light_brown_M_50_60_dark_brown_M_70_80_dark_brown.jpg,e5940eb4e8206361afcf,phash:5dc310f046e489b5,validation,517cddd5b6779130234e20524d9097bc2d7aff29aa8676acd980450d77926316,98,97,9,73,False
Soil_Labeled_Data/M_90_100/L_70_80/alluvial/IMG_0697_M_10_20_light_brown_M_40_50_gray_brown_M_50_60_clay_red_M_70_80_wet_gray.jpg,Soil_Labeled_Data/M_90_100/L_70_80/alluvial/IMG_0697_M_10_20_light_brown_M_40_50_gray_brown_M_50_60_clay_red_M_70_80_wet_gray.jpg,f1bb7c8c012cf2524466,phash:5cf9899e04a59dd3,test,f5c2efd851074cebdf556488fc9a419ab5c02e75977985ca2ee401078d50de39,100,100,9,75,False
Soil_Labeled_Data/M_90_100/L_70_80/alluvial/IMG_0697_M_10_20_pale_yellow_M_30_40_gray_brown_M_50_60_dark_brown_M_70_80_wet_gray_M_80_90_wet_gray.jpg,Soil_Labeled_Data/M_90_100/L_70_80/alluvial/IMG_0697_M_10_20_pale_yellow_M_30_40_gray_brown_M_50_60_dark_brown_M_70_80_wet_gray_M_80_90_wet_gray.jpg,333ced4ce00a2f97f8f0,phash:cce21ffc8d19eb1d,test,8b776e7b519c11e2df08fba6ff77a41ae746b67e836f137cf5f3b585ef043d0e,92,94,9,78,False
Soil_Labeled_Data/M_90_100/L_70_80/alluvial/IMG_0698_M_10_20_pale_yellow_M_30_40_gray_brown_M_50_60_clay_red_M_70_80_wet_gray.jpg,Soil_Labeled_Data/M_90_100/L_70_80/alluvial/IMG_0698_M_10_20_pale_yellow_M_30_40_gray_brown_M_50_60_clay_red_M_70_80_wet_gray.jpg,a088ca3a5a0571c3f895,phash:3bb8acb89f03a372,train,69f5d39004cd74bd49e7121247bacbeab029d2c06423a7dcb58f9ecc6d511086,95,97,9,75,False
Soil_Labeled_Data/M_90_100/L_70_80/alluvial/IMG_0700_M_10_20_light_brown_M_30_40_light_brown_M_50_60_dark_brown_M_60_70_clay_red_M_80_90_wet_gray.jpg,Soil_Labeled_Data/M_90_100/L_70_80/alluvial/IMG_0700_M_10_20_light_brown_M_30_40_light_brown_M_50_60_dark_brown_M_60_70_clay_red_M_80_90_wet_gray.jpg,6d5dc36cd3df43766f6b,phash:b004e0323940b864,train,fe32f6d5ab660da02c3f8e43a2fa052b8078ece481d13b32e6d63bf42c72b336,95,96,9,79,False
Soil_Labeled_Data/M_90_100/L_70_80/alluvial/IMG_0702_M_10_20_clayish_red_M_40_50_gray_brown_M_50_60_dark_brown_M_60_70_dark_brown_M_70_80_wet_gray.jpg,Soil_Labeled_Data/M_90_100/L_70_80/alluvial/IMG_0702_M_10_20_clayish_red_M_40_50_gray_brown_M_50_60_dark_brown_M_60_70_dark_brown_M_70_80_wet_gray.jpg,04c1f58c5f6a36c15c5c,phash:da003ea3a8a9acb4,validation,3727c4db5afa970d06f1517414d8ae94b612a29f2309a15c7e4f347147700f0b,90,91,9,75,False
Soil_Labeled_Data/M_90_100/L_70_80/alluvial/IMG_0708_M_10_20_clayish_red_M_40_50_light_brown_M_50_60_gray_brown_M_60_70_wet_gray_M_80_90_dark_brown.jpg,Soil_Labeled_Data/M_90_100/L_70_80/alluvial/IMG_0708_M_10_20_clayish_red_M_40_50_light_brown_M_50_60_gray_brown_M_60_70_wet_gray_M_80_90_dark_brown.jpg,067575c838c49394a55e,phash:9d2033d48628688c,train,dc2388b60d5bfba0183862cb96396f4ee87de134a9bf278a58d2f39fb2688c21,92,94,9,76,False
Soil_Labeled_Data/M_90_100/L_70_80/alluvial/IMG_0708_M_10_20_light_brown_M_30_40_light_brown_M_50_60_clay_red_M_70_80_dark_brown.jpg,Soil_Labeled_Data/M_90_100/L_70_80/alluvial/IMG_0708_M_10_20_light_brown_M_30_40_light_brown_M_50_60_clay_red_M_70_80_dark_brown.jpg,217836ba4a8d4ed4d2b1,phash:e07986fb9c43389a,train,6da9278453d0cdd004ee9394898a241dfa4e0bb5ca2efc5b02c52d22598fc8de,99,99,9,79,False
Soil_Labeled_Data/M_90_100/L_70_80/alluvial/IMG_0713_M_10_20_light_brown_M_30_40_gray_brown_M_50_60_clay_red_M_70_80_dark_brown.jpg,Soil_Labeled_Data/M_90_100/L_70_80/alluvial/IMG_0713_M_10_20_light_brown_M_30_40_gray_brown_M_50_60_clay_red_M_70_80_dark_brown.jpg,36666290c144cfe151d1,phash:2f621abd4c47601f,validation,30f6a776e85e04068f9e6ceadff20f1eb8886ab3be28a851e1988db20d77c4d7,95,98,9,70,False
Soil_Labeled_Data/M_90_100/L_70_80/alluvial/IMG_0713_M_10_20_pale_yellow_M_40_50_gray_brown_M_50_60_gray_brown_M_60_70_dark_brown_M_70_80_dark_brown.jpg,Soil_Labeled_Data/M_90_100/L_70_80/alluvial/IMG_0713_M_10_20_pale_yellow_M_40_50_gray_brown_M_50_60_gray_brown_M_60_70_dark_brown_M_70_80_dark_brown.jpg,591828598fd55c50fffb,phash:2f621abd4c47601f,validation,3232afc792e06c80c007ed47f18b9940dfc446719603e98841a2034bafb4c9fa,91,92,9,73,False
Soil_Labeled_Data/M_90_100/L_70_80/alluvial/IMG_0716_M_10_20_light_brown_M_40_50_gray_brown_M_50_60_dark_brown_M_70_80_wet_gray.jpg,Soil_Labeled_Data/M_90_100/L_70_80/alluvial/IMG_0716_M_10_20_light_brown_M_40_50_gray_brown_M_50_60_dark_brown_M_70_80_wet_gray.jpg,72b92210f4d653b8600c,phash:ea21b0c5f7c3e0b8,train,c7c471cc01abee3d08ad83ca283631b11fbd8d7fd93a9ade04dfeda27d501898,91,93,9,76,False
Soil_Labeled_Data/M_90_100/L_70_80/alluvial/IMG_0716_M_10_20_light_brown_M_40_50_gray_brown_M_60_70_clay_red_M_70_80_dark_brown.jpg,Soil_Labeled_Data/M_90_100/L_70_80/alluvial/IMG_0716_M_10_20_light_brown_M_40_50_gray_brown_M_60_70_clay_red_M_70_80_dark_brown.jpg,443a09dfee2fdb0dc227,phash:ea21b0c5f7c3e0b8,train,6843a303339d0b8c935d5e0018fdc36d4d2208b132f0a7134eeee4915213ea1b,91,94,9,74,False
Soil_Labeled_Data/M_90_100/L_70_80/alluvial/IMG_0716_M_10_20_light_brown_M_40_50_gray_brown_M_60_70_clay_red_M_80_90_wet_gray.jpg,Soil_Labeled_Data/M_90_100/L_70_80/alluvial/IMG_0716_M_10_20_light_brown_M_40_50_gray_brown_M_60_70_clay_red_M_80_90_wet_gray.jpg,661c142db4d4df61121d,phash:ea21b0c5f7c3e0b8,train,0c512607891ef03ffd0ce7b2e2367f15fc2c2458979da8f7de436acfec747b37,93,93,9,78,False
Soil_Labeled_Data/M_90_100/L_70_80/alluvial/IMG_0718_M_10_20_pale_yellow_M_30_40_light_brown_M_50_60_dark_brown_M_60_70_dark_brown_M_70_80_dark_brown.jpg,Soil_Labeled_Data/M_90_100/L_70_80/alluvial/IMG_0718_M_10_20_pale_yellow_M_30_40_light_brown_M_50_60_dark_brown_M_60_70_dark_brown_M_70_80_dark_brown.jpg,0739fd64fade5a20ce98,phash:a6bda08d35a57c28,train,4303aa4346c0ba9764c0fbb39c050c26385571d0348d81543d6821b2cd0254bd,93,94,9,80,False
Soil_Labeled_Data/M_90_100/L_70_80/alluvial/z5715141734634_e77f72db46f26975a8a55807dd7433b7_M_20_30_light_brown_M_30_40_light_brown_M_50_60_gray_brown_M_60_70_dark_brown_M_70_80_wet_gray.jpg,Soil_Labeled_Data/M_90_100/L_70_80/alluvial/z5715141734634_e77f72db46f26975a8a55807dd7433b7_M_20_30_light_brown_M_30_40_light_brown_M_50_60_gray_brown_M_60_70_dark_brown_M_70_80_wet_gray.jpg,17110468b2540b74828a,phash:e24ee0f14f9344e0,train,3d229fe643778cb2d2498498bd2b41313fdc1aa0fef8f6f7d203e122b5c272d7,93,92,9,80,False
Soil_Labeled_Data/M_90_100/L_70_80/alluvial/z5715142006130_46686c8c324bef016a5cf09b6c303d7d_M_20_30_light_brown_M_30_40_light_brown_M_50_60_dark_brown_M_70_80_clay_red_M_80_90_dark_brown.jpg,Soil_Labeled_Data/M_90_100/L_70_80/alluvial/z5715142006130_46686c8c324bef016a5cf09b6c303d7d_M_20_30_light_brown_M_30_40_light_brown_M_50_60_dark_brown_M_70_80_clay_red_M_80_90_dark_brown.jpg,28809491bca4e54718fb,phash:d34a04c7f9635e51,train,0ee0101282e7eb517e88c4e33e96d58dee0752c8133f93097e85b9089c220532,95,97,9,73,False
Soil_Labeled_Data/M_90_100/L_70_80/alluvial/z5715142059955_714428cc11c0a10913b3b74dd846590d_M_20_30_light_brown_M_30_40_light_brown_M_50_60_dark_brown_M_70_80_dark_brown.jpg,Soil_Labeled_Data/M_90_100/L_70_80/alluvial/z5715142059955_714428cc11c0a10913b3b74dd846590d_M_20_30_light_brown_M_30_40_light_brown_M_50_60_dark_brown_M_70_80_dark_brown.jpg,e8af69c4f95ef49eb4dd,phash:acbd364086f7d94e,train,c5696f23bb333e2e192fca423f312d173e93172b64917825f0de6d486b9b7d38,95,94,9,73,False
Soil_Labeled_Data/M_90_100/L_80_90/alluvial/M_90_100_L_80_90_0005_wet_gray.jpg,Soil_Labeled_Data/M_90_100/L_80_90/alluvial/M_90_100_L_80_90_0005_wet_gray.jpg,f3158725d37a92f4389a,phash:4ad83b90bc553752,test,f2cc5533b551cdf122bfd506834afccc0501d7a8e8cc70622cea269bbc1f041d,95,97,9,84,False
Soil_Labeled_Data/M_90_100/L_80_90/alluvial/M_90_100_L_80_90_0006_light_brown.jpg,Soil_Labeled_Data/M_90_100/L_80_90/alluvial/M_90_100_L_80_90_0006_light_brown.jpg,75063ace0d9e4fa7ca32,phash:76cc89c5934a6235,validation,f926b82149ea300ae280ffe0ce2000677c166e5fd7076ca1002d022e071d8596,98,99,9,89,False
Soil_Labeled_Data/M_90_100/L_80_90/alluvial/M_90_100_L_80_90_0012_wet_gray.jpg,Soil_Labeled_Data/M_90_100/L_80_90/alluvial/M_90_100_L_80_90_0012_wet_gray.jpg,a3b0c2123cfb6579b1ea,phash:973bc84196291d6c,train,e70dea0b5f3659363d1f50889804cb30237a686567ce72c7d3dc7d7ec598807f,96,97,9,83,False
Soil_Labeled_Data/M_90_100/L_80_90/alluvial/M_90_100_L_80_90_0015_gray_brown.jpg,Soil_Labeled_Data/M_90_100/L_80_90/alluvial/M_90_100_L_80_90_0015_gray_brown.jpg,cf8639c597197ed5a6b4,phash:048e715e259a080f,test,587dd55b2cb7a019d87cbcd6a667d03208a8e09a86f68e7dc832490a4c16ef34,90,91,9,81,False
Soil_Labeled_Data/M_90_100/L_80_90/alluvial/M_90_100_L_80_90_0025_dark_brown.jpg,Soil_Labeled_Data/M_90_100/L_80_90/alluvial/M_90_100_L_80_90_0025_dark_brown.jpg,f08eea09de70c11bd385,phash:aff0a09cdc11f1c9,test,e7bf7effd1d99b85b7bc168a0563bf12906e14315d9391dadf455a5d102cf76a,95,94,9,83,False
Soil_Labeled_Data/M_90_100/L_80_90/alluvial/M_90_100_L_80_90_0027_dark_brown.jpg,Soil_Labeled_Data/M_90_100/L_80_90/alluvial/M_90_100_L_80_90_0027_dark_brown.jpg,746303f4027fcd9de432,phash:4b6bf69f8d4e521c,train,07b17757c5f2ee305b624015eff897fa333bdb5b3533f6b6f4a9a380f0dc8fd2,90,90,9,82,False
Soil_Labeled_Data/M_90_100/L_80_90/alluvial/M_90_100_L_80_90_0035_dark_brown.jpg,Soil_Labeled_Data/M_90_100/L_80_90/alluvial/M_90_100_L_80_90_0035_dark_brown.jpg,0ff399c1c59c47492f67,phash:1215d62c7553ea0a,test,a9433248f03f3262f7ec437cf6fb8e0861c7d6d26c4e3457ec2b12e47dc26f0e,99,97,9,83,False
Soil_Labeled_Data/M_90_100/L_80_90/alluvial/M_90_100_L_80_90_0043_gray_brown.jpg,Soil_Labeled_Data/M_90_100/L_80_90/alluvial/M_90_100_L_80_90_0043_gray_brown.jpg,194dcee7355d29af93af,phash:62ecceb154c7ae58,test,2bc317e5fcc72fb80c3339f802487e76ec1532fe0cae0d90eddc301e3e772b11,99,100,9,80,False
Soil_Labeled_Data/M_90_100/L_80_90/alluvial/M_90_100_L_80_90_0046_light_brown.jpg,Soil_Labeled_Data/M_90_100/L_80_90/alluvial/M_90_100_L_80_90_0046_light_brown.jpg,058c416ce5e43506faa5,phash:1215d62c7553ea0a,test,2f15385e5eeb8e2e49a249d8cf95c5d49287ce704174e51bfa9aa227ce283695,93,91,9,86,False
Soil_Labeled_Data/M_90_100/L_80_90/alluvial/M_90_100_L_80_90_0047_clay_red.jpg,Soil_Labeled_Data/M_90_100/L_80_90/alluvial/M_90_100_L_80_90_0047_clay_red.jpg,ba35a85ab6fd7d8f102d,phash:76cc89c5934a6235,validation,3f2233cdc3c38512b13383f932b64f10df860c2b17e1b997054a71e230e28a04,95,93,9,84,False
Soil_Labeled_Data/M_90_100/L_80_90/alluvial/M_90_100_L_80_90_0058_clay_red.jpg,Soil_Labeled_Data/M_90_100/L_80_90/alluvial/M_90_100_L_80_90_0058_clay_red.jpg,f7a23f4870af5d33c112,phash:27262d0e878e4236,train,9340972278bf4795d3dbb3e16ee0d981328e258eec3826932ab35d24e253a213,91,91,9,87,False
Soil_Labeled_Data/M_90_100/L_80_90/alluvial/M_90_100_L_80_90_0060_gray_brown.jpg,Soil_Labeled_Data/M_90_100/L_80_90/alluvial/M_90_100_L_80_90_0060_gray_brown.jpg,5ac5fba679cbac8b0453,phash:4ad83b90bc553752,test,50de9ee6154965657155b1458368b327d73dce526b949419865fcee163ee47a6,91,89,9,86,False
Soil_Labeled_Data/M_90_100/L_80_90/alluvial/M_90_100_L_80_90_0062_wet_gray.jpg,Soil_Labeled_Data/M_90_100/L_80_90/alluvial/M_90_100_L_80_90_0062_wet_gray.jpg,00894e5421aa767a3f73,phash:1215d62c7553ea0a,test,a5ba4e351699cc7f663db9155b3bab66ef32320587ffc3d14d6508fa52a6f580,98,99,9,85,False
Soil_Labeled_Data/M_90_100/L_80_90/alluvial/M_90_100_L_80_90_0068_gray_brown.jpg,Soil_Labeled_Data/M_90_100/L_80_90/alluvial/M_90_100_L_80_90_0068_gray_brown.jpg,21a580387204d9bcb902,phash:9d431cab8795e4bf,train,672a91f886d1b1afbbe20f5efce87c4ffa6fc21439b0f51b1df1c6da8a97b9c5,97,97,9,81,False
Soil_Labeled_Data/M_90_100/L_80_90/alluvial/M_90_100_L_80_90_0069_clay_red.jpg,Soil_Labeled_Data/M_90_100/L_80_90/alluvial/M_90_100_L_80_90_0069_clay_red.jpg,fb4bff536f85f60a2019,phash:800634b2c99ac8f3,validation,5b8237b6341b4efb53fd83b6c7348228ca9a9e5d39cdd4f60e93547e02173f08,97,98,9,89,False
Soil_Labeled_Data/M_90_100/L_80_90/alluvial/M_90_100_L_80_90_0071_wet_gray.jpg,Soil_Labeled_Data/M_90_100/L_80_90/alluvial/M_90_100_L_80_90_0071_wet_gray.jpg,779e0d6e83021dbf9ec7,phash:71ad861852ba3e1c,train,dc924a1d05e14da994804b4ed7ae0a0455ad4fede74a640a8657e42540819ca0,97,96,9,88,False
Soil_Labeled_Data/M_90_100/L_80_90/alluvial/M_90_100_L_80_90_0079_light_brown.jpg,Soil_Labeled_Data/M_90_100/L_80_90/alluvial/M_90_100_L_80_90_0079_light_brown.jpg,c77b26ff28e347f8470b,phash:4ad83b90bc553752,test,0e32b1f986422af532154b33dcf757fbf8c35d361ccae2828c509e715b58d0b7,96,96,9,83,False
Soil_Labeled_Data/M_90_100/L_80_90/alluvial/M_90_100_L_80_90_0085_gray_brown.jpg,Soil_Labeled_Data/M_90_100/L_80_90/alluvial/M_90_100_L_80_90_0085_gray_brown.jpg,13e3b0d77fab5077ce99,phash:913e7cd5e17a014a,train,c27dd5226f6384e15bbdc83c2e642ab23a300ef8e87b94dbd17795b547f879d1,90,90,9,87,False
Soil_Labeled_Data/M_90_100/L_80_90/alluvial/M_90_100_L_80_90_0089_light_brown.jpg,Soil_Labeled_Data/M_90_100/L_80_90/alluvial/M_90_100_L_80_90_0089_light_brown.jpg,88e8bbbdd7af9efd4595,phash:109e538843df1ff4,test,45da0e43021a2500df67dd7630ab5c5c2851e7dea49d8d79f424d046fb0f7458,92,94,9,81,False
Soil_Labeled_Data/M_90_100/L_80_90/alluvial/M_90_100_L_80_90_0090_gray_brown.jpg,Soil_Labeled_Data/M_90_100/L_80_90/alluvial/M_90_100_L_80_90_0090_gray_brown.jpg,9f1313bf704f3685a708,phash:61851a4b40bdbf94,train,466836e4cf7a8bd16b9609f2337f9a014e586f562b983f60e3bb955c2e46871a,94,93,9,86,False
Soil_Labeled_Data/M_90_100/L_90_100/alluvial/M_90_100_L_90_100_0002_wet_gray.jpg,Soil_Labeled_Data/M_90_100/L_90_100/alluvial/M_90_100_L_90_100_0002_wet_gray.jpg,0dc6bf75204ddd88b7d1,phash:375a412e4d567b49,train,d9864d2c08e4068beb37bc2a1bea798388942d6a47ec6f13322ef4cb9e9ed97c,93,92,9,95,False
Soil_Labeled_Data/M_90_100/L_90_100/alluvial/M_90_100_L_90_100_0007_light_brown.jpg,Soil_Labeled_Data/M_90_100/L_90_100/alluvial/M_90_100_L_90_100_0007_light_brown.jpg,24d415938695cf804008,phash:56ad7779f610ad2c,train,b276a7f0f8b545d6b04b48931d5007f576785cb6a3a6308f8a339c54bcb5bd8f,96,98,9,100,False
Soil_Labeled_Data/M_90_100/L_90_100/alluvial/M_90_100_L_90_100_0008_light_brown.jpg,Soil_Labeled_Data/M_90_100/L_90_100/alluvial/M_90_100_L_90_100_0008_light_brown.jpg,dc2e1fad1b4ed46bc96c,phash:8e5feb4b2a2f61ae,test,1ac026a8f6d33067fab4b3f5b5fe2e7c3dcb2ebd87fa01b49713d26b5edbe9c2,94,95,9,91,False
Soil_Labeled_Data/M_90_100/L_90_100/alluvial/M_90_100_L_90_100_0010_light_brown.jpg,Soil_Labeled_Data/M_90_100/L_90_100/alluvial/M_90_100_L_90_100_0010_light_brown.jpg,7b1973350b35541c60b6,phash:b1dd5e518be03381,train,e44cdceb012344ac391aa37486467d4b105395761f051e7ae67b82914b785756,95,94,9,95,False
Soil_Labeled_Data/M_90_100/L_90_100/alluvial/M_90_100_L_90_100_0011_wet_gray.jpg,Soil_Labeled_Data/M_90_100/L_90_100/alluvial/M_90_100_L_90_100_0011_wet_gray.jpg,4f1c922135c32f961dc0,phash:8706f303eb8cea92,validation,879a3f07ec9fa81b01ec9f50b8e40314d9fa1f7ea05e86ea7643d6187a868cdd,93,93,9,98,False
Soil_Labeled_Data/M_90_100/L_90_100/alluvial/M_90_100_L_90_100_0012_light_brown.jpg,Soil_Labeled_Data/M_90_100/L_90_100/alluvial/M_90_100_L_90_100_0012_light_brown.jpg,0f0ff64d66a24988eb60,phash:791ed0e2c59ec859,train,bf641d37efc83bf15019ea0cbb8dab76484ec9827d90b0fa483e16507ab07695,95,93,9,91,False
Soil_Labeled_Data/M_90_100/L_90_100/alluvial/M_90_100_L_90_100_0015_wet_gray.jpg,Soil_Labeled_Data/M_90_100/L_90_100/alluvial/M_90_100_L_90_100_0015_wet_gray.jpg,6cb71c5a6cb6f7cea76e,phash:8cc21468101ad959,validation,80ac0d7b1e0bd3265b9071cee2255182da62341876bd4587bf23960b9bab2b1d,90,89,9,98,False
Soil_Labeled_Data/M_90_100/L_90_100/alluvial/M_90_100_L_90_100_0019_clay_red.jpg,Soil_Labeled_Data/M_90_100/L_90_100/alluvial/M_90_100_L_90_100_0019_clay_red.jpg,c60f7b7c2a9cc74431c0,phash:c53412a0faca5b57,train,b0fe69536f43665b18dd1e96664c23473b5b768a1b5bffd899d9197ceb1348a4,100,100,9,90,False
Soil_Labeled_Data/M_90_100/L_90_100/alluvial/M_90_100_L_90_100_0021_gray_brown.jpg,Soil_Labeled_Data/M_90_100/L_90_100/alluvial/M_90_100_L_90_100_0021_gray_brown.jpg,9090533096a63fdf997d,phash:27e72c25aec6d1c0,validation,35b960e1c61fba3f04c4a1df24afff1b0190d068746b82313cf5cda3d27f774e,99,99,9,100,False
Soil_Labeled_Data/M_90_100/L_90_100/alluvial/M_90_100_L_90_100_0024_wet_gray.jpg,Soil_Labeled_Data/M_90_100/L_90_100/alluvial/M_90_100_L_90_100_0024_wet_gray.jpg,a9f5d9d39b347bc0060f,phash:15e0b4d4cd9c86fc,train,d0bf6cf2cdbe53f365b224efb762c7bf7668bc804b63271bf40be5b6399314cf,100,100,9,97,False
Soil_Labeled_Data/M_90_100/L_90_100/alluvial/M_90_100_L_90_100_0026_dark_brown.jpg,Soil_Labeled_Data/M_90_100/L_90_100/alluvial/M_90_100_L_90_100_0026_dark_brown.jpg,0523a3ace1056e6b69f5,phash:6cdf11d75cef2d1e,train,613ab25f9ad7823540c046026b671b9d9d8e38961c309409a04b74aba8229719,90,92,9,98,False
Soil_Labeled_Data/M_90_100/L_90_100/alluvial/M_90_100_L_90_100_0037_light_brown.jpg,Soil_Labeled_Data/M_90_100/L_90_100/alluvial/M_90_100_L_90_100_0037_light_brown.jpg,19ec1a7ac001f0ef9bf9,phash:b795fd2913ae8a2e,validation,1cd7baa6fbf611e5915582efc6490eeb11f6c66ad0cad1e7493c17d97fdce218,95,97,9,90,False
Soil_Labeled_Data/M_90_100/L_90_100/alluvial/M_90_100_L_90_100_0044_dark_brown.jpg,Soil_Labeled_Data/M_90_100/L_90_100/alluvial/M_90_100_L_90_100_0044_dark_brown.jpg,390b09ebb4cd4bf4b88b,phash:31039026fb8303fe,train,9af73d0c1ce04b2e67f524a493fb7498bec872910ef768788ce7c35ce8cefac7,92,92,9,91,False
Soil_Labeled_Data/M_90_100/L_90_100/alluvial/M_90_100_L_90_100_0048_light_brown.jpg,Soil_Labeled_Data/M_90_100/L_90_100/alluvial/M_90_100_L_90_100_0048_light_brown.jpg,fa19f3655af1c69a1759,phash:a2e9f8911271b751,train,d82106fe882088329713fd6015f3ad884e5023173bc55cce6a6a89cff6ec9e1e,94,93,9,92,False
Soil_Labeled_Data/M_90_100/L_90_100/alluvial/M_90_100_L_90_100_0049_wet_gray.jpg,Soil_Labeled_Data/M_90_100/L_90_100/alluvial/M_90_100_L_90_100_0049_wet_gray.jpg,193d16e2cc9c7a8338d8,phash:2c212e94239766ab,train,98017c471ded934047e1e2396c9580c0ccf8a0c477c78f8d609060887c42d307,99,100,9,91,False
Soil_Labeled_Data/M_90_100/L_90_100/alluvial/M_90_100_L_90_100_0060_wet_gray.jpg,Soil_Labeled_Data/M_90_100/L_90_100/alluvial/M_90_100_L_90_100_0060_wet_gray.jpg,bed0943da1d6a09cb123,phash:529120ab26b2a9b7,train,1ad866d0eb430fc961a778d871f0b5b09693b433cf5ac91aaafb183f309a38eb,91,92,9,92,False
Soil_Labeled_Data/M_90_100/L_90_100/alluvial/M_90_100_L_90_100_0061_dark_brown.jpg,Soil_Labeled_Data/M_90_100/L_90_100/alluvial/M_90_100_L_90_100_0061_dark_brown.jpg,f6dfae920321d12cd583,phash:61b3f6ea5e78b8f7,train,4286f5f0747a0bc5a793d9f5f6bdcab7c56ad3cc9f681192615b00286a001485,94,95,9,94,False
Soil_Labeled_Data/M_90_100/L_90_100/alluvial/M_90_100_L_90_100_0076_wet_gray.jpg,Soil_Labeled_Data/M_90_100/L_90_100/alluvial/M_90_100_L_90_100_0076_wet_gray.jpg,b29e20abda5158758272,phash:c3a957c74b78ed78,test,f5d4b367ca5ce3c649999773b7b590c7adf7d44035be87a932ce868c70d908ea,94,95,9,93,False
Soil_Labeled_Data/M_90_100/L_90_100/alluvial/M_90_100_L_90_100_0084_dark_brown.jpg,Soil_Labeled_Data/M_90_100/L_90_100/alluvial/M_90_100_L_90_100_0084_dark_brown.jpg,ff4d755bef8668cd2450,phash:4629140a527a816d,train,efafbad669f47153d2da5abe79c8a1dec5a3bfcc03065230569fa36737c3ace3,92,91,9,90,False
Soil_Labeled_Data/M_90_100/L_90_100/alluvial/M_90_100_L_90_100_0091_dark_brown.jpg,Soil_Labeled_Data/M_90_100/L_90_100/alluvial/M_90_100_L_90_100_0091_dark_brown.jpg,998772cdf592b7e974a3,phash:bbcc9a37a80df1c7,test,3913874e504eeada86c24cbc2f46a373cd36e4430279bf8509bb8aea89ebea8a,94,96,9,93,False
