sample_id,original_row_id,relative_path,effective_relative_path,path_status,historical_fallback_used,sha256,SM_0,SM_20,light_value,moisture_class,moisture_bin,light_bin,soil_type,group_id,near_duplicate_group_id,capture_session_group,source_group,split
a7a5db0de02a92946883,z5714094770672_592c97b96e3a2a1e1adef0da86c787c6.jpg,Soil_Labeled_Data/M_0_10/L_0_10/alluvial/z5714094770672_592c97b96e3a2a1e1adef0da86c787c6.jpg,Soil_Labeled_Data/M_0_10/L_0_10/alluvial/z5714094770672_592c97b96e3a2a1e1adef0da86c787c6.jpg,PRESENT,False,8d1c8e57d3b8b8ec853d7c87c41757c8cd317cb44203f84c387729ac8f5d4812,6,9,10,0,M_0_10,L_0_10,alluvial,phash:d39589b4ec5f1b24,phash:d39589b4ec5f1b24,,,train
dc3022e15d3f715c6b16,z5714094852999_fd9ac792493327c55c368da0ff69bc86.jpg,Soil_Labeled_Data/M_0_10/L_0_10/alluvial/z5714094852999_fd9ac792493327c55c368da0ff69bc86.jpg,Soil_Labeled_Data/M_0_10/L_0_10/alluvial/z5714094852999_fd9ac792493327c55c368da0ff69bc86.jpg,PRESENT,False,9bcf850d239e246256242a14f48a4f024a10aef2a705af4a897fb1680ff1c303,8,13,4,0,M_0_10,L_0_10,alluvial,phash:c9a90efdca59a223,phash:c9a90efdca59a223,,,train
12c48207c8d355dc3469,z5714094952173_37de5e4626cba119a6ebdfab7db38cd7.jpg,Soil_Labeled_Data/M_0_10/L_0_10/alluvial/z5714094952173_37de5e4626cba119a6ebdfab7db38cd7.jpg,Soil_Labeled_Data/M_0_10/L_0_10/alluvial/z5714094952173_37de5e4626cba119a6ebdfab7db38cd7.jpg,PRESENT,False,14db40a67f43712fc0c9fb350da7f29eb8e0c34c4a467f704ff5d507a65c850e,2,7,0,0,M_0_10,L_0_10,alluvial,phash:446244e7bede194d,phash:446244e7bede194d,,,train
dac7465cdce21c7d9425,z5714094985878_be3d0b27ad0ff588c74868cf841a13d8.jpg,Soil_Labeled_Data/M_0_10/L_0_10/alluvial/z5714094985878_be3d0b27ad0ff588c74868cf841a13d8.jpg,Soil_Labeled_Data/M_0_10/L_0_10/alluvial/z5714094985878_be3d0b27ad0ff588c74868cf841a13d8.jpg,PRESENT,False,0f50b2ad6086a6d3670165499f6469638e2c50afb362759daf6df858dd812c67,6,12,9,0,M_0_10,L_0_10,alluvial,phash:19bb67e0bcbd5c12,phash:19bb67e0bcbd5c12,,,train
17880af9a02f9d4f9d59,z5714095361298_5b8521f71b6051a784c85bd3550ccbe0.jpg,Soil_Labeled_Data/M_0_10/L_0_10/alluvial/z5714095361298_5b8521f71b6051a784c85bd3550ccbe0.jpg,Soil_Labeled_Data/M_0_10/L_0_10/alluvial/z5714095361298_5b8521f71b6051a784c85bd3550ccbe0.jpg,PRESENT,False,263011d7a34702c9b8b64b3eb97f4b2b42f8e24077e5e5a1dccd3664b4402b76,10,12,8,0,M_0_10,L_0_10,alluvial,phash:43eb2bc58c1ed2f1,phash:43eb2bc58c1ed2f1,,,train
c27388cf9a5f20dc35fd,z5714095397323_3ba8d5731fe9ad72ecd36a4f5fe55be2.jpg,Soil_Labeled_Data/M_0_10/L_0_10/alluvial/z5714095397323_3ba8d5731fe9ad72ecd36a4f5fe55be2.jpg,Soil_Labeled_Data/M_0_10/L_0_10/alluvial/z5714095397323_3ba8d5731fe9ad72ecd36a4f5fe55be2.jpg,PRESENT,False,a42af59864e5be74d8d54cf25ef0a4b0feab4e5e4044ea22a4bdc07eaeec9080,7,13,4,0,M_0_10,L_0_10,alluvial,phash:2625026fa96c1b6d,phash:2625026fa96c1b6d,,,train
88003ddaa899cae3b825,IMG_0007.JPG,Soil_Labeled_Data/M_0_10/L_10_20/alluvial/IMG_0007.JPG,Soil_Labeled_Data/M_0_10/L_10_20/alluvial/IMG_0007.JPG,PRESENT,False,8ec3f8cf1867bd9220e6ce235466a06b97ae53f66decc7412e487d12926c8f49,10,13,19,0,M_0_10,L_10_20,alluvial,phash:432c8ed6a163119e,phash:432c8ed6a163119e,,,train
788929cac17f2b323f85,IMG_0008.JPG,Soil_Labeled_Data/M_0_10/L_10_20/alluvial/IMG_0008.JPG,Soil_Labeled_Data/M_0_10/L_10_20/alluvial/IMG_0008.JPG,PRESENT,False,51e7a281fa42d00616e663e1e3c5360a2a2b975063507a623b79e9fc5dbbe732,10,13,20,0,M_0_10,L_10_20,alluvial,phash:788929cac17f2b32,phash:788929cac17f2b32,,,train
30406a38420bd3fd78e6,IMG_0011.JPG,Soil_Labeled_Data/M_0_10/L_10_20/alluvial/IMG_0011.JPG,Soil_Labeled_Data/M_0_10/L_10_20/alluvial/IMG_0011.JPG,PRESENT,False,8ed3a2669bc930191e413f9158385a0686def867492baa36055c350828681d63,8,12,19,0,M_0_10,L_10_20,alluvial,phash:30406a38420bd3fd,phash:30406a38420bd3fd,,,train
f2fea6e0cd3e15dc95ba,IMG_0012.JPG,Soil_Labeled_Data/M_0_10/L_10_20/alluvial/IMG_0012.JPG,Soil_Labeled_Data/M_0_10/L_10_20/alluvial/IMG_0012.JPG,PRESENT,False,c6413a0ee8f4d7c5fa7967b47dacfb294c85d120a9108c5ecf4b12572b163a51,4,10,14,0,M_0_10,L_10_20,alluvial,phash:036bd561c9affbf4,phash:036bd561c9affbf4,,,train
3c75b4d6517617ba4534,IMG_0013.JPG,Soil_Labeled_Data/M_0_10/L_10_20/alluvial/IMG_0013.JPG,Soil_Labeled_Data/M_0_10/L_10_20/alluvial/IMG_0013.JPG,PRESENT,False,37f9a48fc0b985359c1bd63f7576f940ad308fa09245424d9200c2a3f2562c8f,7,11,18,0,M_0_10,L_10_20,alluvial,phash:48f6918d6268138f,phash:48f6918d6268138f,,,train
46262e1df60ee4740c7a,IMG_0014.JPG,Soil_Labeled_Data/M_0_10/L_10_20/alluvial/IMG_0014.JPG,Soil_Labeled_Data/M_0_10/L_10_20/alluvial/IMG_0014.JPG,PRESENT,False,b2d9045d6e9f3d752c2ceff148f6d7b4fac431c6f6f20bf3738466cf9aef4185,7,11,17,0,M_0_10,L_10_20,alluvial,phash:28ae9471e98b75c2,phash:28ae9471e98b75c2,,,train
b5ebac90b455206e3aa0,IMG_0015.JPG,Soil_Labeled_Data/M_0_10/L_10_20/alluvial/IMG_0015.JPG,Soil_Labeled_Data/M_0_10/L_10_20/alluvial/IMG_0015.JPG,PRESENT,False,244ffa963550d7b89875fc98cb1aca12401b981c5c84c0a0e5278cadd04b930a,5,9,13,0,M_0_10,L_10_20,alluvial,phash:50f54d5c2b51e8f5,phash:50f54d5c2b51e8f5,,,train
bfb3fbc9015f5b9b20f7,IMG_0016.JPG,Soil_Labeled_Data/M_0_10/L_10_20/alluvial/IMG_0016.JPG,Soil_Labeled_Data/M_0_10/L_10_20/alluvial/IMG_0016.JPG,PRESENT,False,87085e8fb44485b8dd2563088a709c1622a4424b6b177297c8f79a6a927b2c0a,9,15,14,0,M_0_10,L_10_20,alluvial,phash:7529af5f13d5be22,phash:7529af5f13d5be22,,,train
c4a05af199de894a10aa,IMG_0017.JPG,Soil_Labeled_Data/M_0_10/L_10_20/alluvial/IMG_0017.JPG,Soil_Labeled_Data/M_0_10/L_10_20/alluvial/IMG_0017.JPG,PRESENT,False,51979befd4ad679ae732ffc04ac6939984f31e01c34692f5a21f4c6c065e144b,0,3,10,0,M_0_10,L_10_20,alluvial,phash:282a7261d87da92b,phash:282a7261d87da92b,,,train
e2b875c5cfbd3d6e7dcc,IMG_0018.JPG,Soil_Labeled_Data/M_0_10/L_10_20/alluvial/IMG_0018.JPG,Soil_Labeled_Data/M_0_10/L_10_20/alluvial/IMG_0018.JPG,PRESENT,False,57b8d59ed0afd7779e5dff39568fc732e77e1142abfdb745078758f0cde29334,1,4,16,0,M_0_10,L_10_20,alluvial,phash:fc26f4c6b88e93b6,phash:fc26f4c6b88e93b6,,,train
23c464cb4621572fe525,IMG_0019.JPG,Soil_Labeled_Data/M_0_10/L_10_20/alluvial/IMG_0019.JPG,Soil_Labeled_Data/M_0_10/L_10_20/alluvial/IMG_0019.JPG,PRESENT,False,3a6337fae7c3aa2f739274976d72968052fbbc026871c1035cf6e20d548786b1,7,12,10,0,M_0_10,L_10_20,alluvial,phash:5c15da2b7184a2e6,phash:5c15da2b7184a2e6,,,train
dc91a4ed54674484d44d,IMG_0020.JPG,Soil_Labeled_Data/M_0_10/L_10_20/alluvial/IMG_0020.JPG,Soil_Labeled_Data/M_0_10/L_10_20/alluvial/IMG_0020.JPG,PRESENT,False,e479cfdf743b280c473f98ccc23eb67671bfee773eb5d78fee67de27d05f6b07,0,6,15,0,M_0_10,L_10_20,alluvial,phash:f1003d56888b2b50,phash:f1003d56888b2b50,,,train
4805c40980e2fa39de23,IMG_0022.JPG,Soil_Labeled_Data/M_0_10/L_10_20/alluvial/IMG_0022.JPG,Soil_Labeled_Data/M_0_10/L_10_20/alluvial/IMG_0022.JPG,PRESENT,False,c497f74d9f019022006038b69d38cdb4d0cd2cd6254fdb0dff3f32a186f8759c,0,6,16,0,M_0_10,L_10_20,alluvial,phash:e6ba7456dbfd0c6a,phash:e6ba7456dbfd0c6a,,,train
f6fb3682dff820c2dec7,IMG_0024.JPG,Soil_Labeled_Data/M_0_10/L_10_20/alluvial/IMG_0024.JPG,Soil_Labeled_Data/M_0_10/L_10_20/alluvial/IMG_0024.JPG,PRESENT,False,556f8ce38388d825810008db0aa76079909d0ec833147c719ff68929d50dd59a,4,7,16,0,M_0_10,L_10_20,alluvial,phash:f41df6231b2b4d23,phash:f41df6231b2b4d23,,,train
c25570d12a0040e9c0b0,IMG_0025.JPG,Soil_Labeled_Data/M_0_10/L_10_20/alluvial/IMG_0025.JPG,Soil_Labeled_Data/M_0_10/L_10_20/alluvial/IMG_0025.JPG,PRESENT,False,d295134c488ed8b480b47c9f0d034806b689464f5dc568ec73790306c84f006f,3,5,15,0,M_0_10,L_10_20,alluvial,phash:76e985df32d5e5e3,phash:76e985df32d5e5e3,,,train
74c09a9e37e907f3ac7b,IMG_0051.JPG,Soil_Labeled_Data/M_0_10/L_20_30/alluvial/IMG_0051.JPG,Soil_Labeled_Data/M_0_10/L_20_30/alluvial/IMG_0051.JPG,PRESENT,False,f627b7e4159c7177a14ce4ea224cd51ce5bffee0249b90b525416088bd2a5798,3,5,20,0,M_0_10,L_20_30,alluvial,phash:65ef1449a8b55a83,phash:65ef1449a8b55a83,,,train
42c89ffd65e6e2775b02,IMG_0052.JPG,Soil_Labeled_Data/M_0_10/L_20_30/alluvial/IMG_0052.JPG,Soil_Labeled_Data/M_0_10/L_20_30/alluvial/IMG_0052.JPG,PRESENT,False,0b8539f7b2fce0a3215d7f85b4999023126d15cd294b2999a6a4578a3b7a653e,4,9,25,0,M_0_10,L_20_30,alluvial,phash:03e65f3ddfc64595,phash:03e65f3ddfc64595,,,train
9697e366d07314e4b816,IMG_0054.JPG,Soil_Labeled_Data/M_0_10/L_20_30/alluvial/IMG_0054.JPG,Soil_Labeled_Data/M_0_10/L_20_30/alluvial/IMG_0054.JPG,PRESENT,False,937b3f78b1d5f547efc4f4ac295e9bb5c835a9f5324cfce78b963807118e3224,8,10,21,0,M_0_10,L_20_30,alluvial,phash:c7ac857b10a488cd,phash:c7ac857b10a488cd,,,train
57b2be837e4361d64250,IMG_0056.JPG,Soil_Labeled_Data/M_0_10/L_20_30/alluvial/IMG_0056.JPG,Soil_Labeled_Data/M_0_10/L_20_30/alluvial/IMG_0056.JPG,PRESENT,False,01e31a418d291442172663980a501c8ea1090eb7d9c284762820c9c2c578fa12,7,10,26,0,M_0_10,L_20_30,alluvial,phash:0935ecdbb458c371,phash:0935ecdbb458c371,,,train
1dc1edceb2a93e4c11ca,IMG_0057.JPG,Soil_Labeled_Data/M_0_10/L_20_30/alluvial/IMG_0057.JPG,Soil_Labeled_Data/M_0_10/L_20_30/alluvial/IMG_0057.JPG,PRESENT,False,511975b01bb61ca3ef5658aa38d15be8aae3f05b4848bd4846d691f5f3f8ffe7,0,3,24,0,M_0_10,L_20_30,alluvial,phash:8476ce23020249fd,phash:8476ce23020249fd,,,train
3e5f51e4c77ec5f75b45,IMG_0058.JPG,Soil_Labeled_Data/M_0_10/L_20_30/alluvial/IMG_0058.JPG,Soil_Labeled_Data/M_0_10/L_20_30/alluvial/IMG_0058.JPG,PRESENT,False,b26c60248d0d50ba0f96367b539e1085ef3312361ba3b29b547ad4c8be6d107d,0,3,25,0,M_0_10,L_20_30,alluvial,phash:3e5f51e4c77ec5f7,phash:3e5f51e4c77ec5f7,,,train
cc1909096f301800af4e,IMG_0059.JPG,Soil_Labeled_Data/M_0_10/L_20_30/alluvial/IMG_0059.JPG,Soil_Labeled_Data/M_0_10/L_20_30/alluvial/IMG_0059.JPG,PRESENT,False,1e5204ec8b964b29bd6ae255b6fbb0008ada5b0d6b15d2cb4fd7246c073e4d3d,7,8,26,0,M_0_10,L_20_30,alluvial,phash:c681ac1b33256bae,phash:c681ac1b33256bae,,,train
fb660dff4af836963f83,IMG_0060.JPG,Soil_Labeled_Data/M_0_10/L_20_30/alluvial/IMG_0060.JPG,Soil_Labeled_Data/M_0_10/L_20_30/alluvial/IMG_0060.JPG,PRESENT,False,173c81f0da97dda608f3fcba81d9919c72f051b89dd5d7cff981c3c1c600e6e4,0,5,30,0,M_0_10,L_20_30,alluvial,phash:87c8fa61621fe9bb,phash:87c8fa61621fe9bb,,,train
53fc6c79beb2597fde86,IMG_0061.JPG,Soil_Labeled_Data/M_0_10/L_20_30/alluvial/IMG_0061.JPG,Soil_Labeled_Data/M_0_10/L_20_30/alluvial/IMG_0061.JPG,PRESENT,False,b94d4927f4cc7275633cdc679b013ee2df8cfd17b6940e7d53f1808e2c68ed7e,4,7,26,0,M_0_10,L_20_30,alluvial,phash:cce9eea346aa1c01,phash:cce9eea346aa1c01,,,train
d8b9030a03b6ce9d1127,IMG_0062.JPG,Soil_Labeled_Data/M_0_10/L_20_30/alluvial/IMG_0062.JPG,Soil_Labeled_Data/M_0_10/L_20_30/alluvial/IMG_0062.JPG,PRESENT,False,83335b342f2851a0ccfe1c5b60face6e36a8eec0b37c620c51d1d92477400612,5,8,28,0,M_0_10,L_20_30,alluvial,phash:856223e6719f5382,phash:856223e6719f5382,,,train
c83257745acf546cc201,IMG_0063.JPG,Soil_Labeled_Data/M_0_10/L_20_30/alluvial/IMG_0063.JPG,Soil_Labeled_Data/M_0_10/L_20_30/alluvial/IMG_0063.JPG,PRESENT,False,7b2f3e834c3aada07dfd8cb17458987abd60dc272e7b43b5e7452d4ef14e33b5,0,2,24,0,M_0_10,L_20_30,alluvial,phash:4f7ee60442d31744,phash:4f7ee60442d31744,,,train
4f793969ea086ef4fe56,IMG_0064.JPG,Soil_Labeled_Data/M_0_10/L_20_30/alluvial/IMG_0064.JPG,Soil_Labeled_Data/M_0_10/L_20_30/alluvial/IMG_0064.JPG,PRESENT,False,0f67c8f869445f2f0ec9bfb163a23ee70decdca7c065e840d6740b1a6ff6dc72,9,14,26,0,M_0_10,L_20_30,alluvial,phash:875964e9dc5e7633,phash:875964e9dc5e7633,,,train
a8461ad894d67acea8f3,IMG_0065.JPG,Soil_Labeled_Data/M_0_10/L_20_30/alluvial/IMG_0065.JPG,Soil_Labeled_Data/M_0_10/L_20_30/alluvial/IMG_0065.JPG,PRESENT,False,486b8d7f2e6840da4887918c47a307d56b88f90be48789e97b4d102159078613,7,9,26,0,M_0_10,L_20_30,alluvial,phash:affbdabec6156118,phash:affbdabec6156118,,,train
a17d6c6c5d3c67e5177e,IMG_0066.JPG,Soil_Labeled_Data/M_0_10/L_20_30/alluvial/IMG_0066.JPG,Soil_Labeled_Data/M_0_10/L_20_30/alluvial/IMG_0066.JPG,PRESENT,False,762fee5a3354d8ef870a03322995d2ef4f630f4cff94ec571a356e70420e9bac,10,14,21,0,M_0_10,L_20_30,alluvial,phash:15b02cda508e8386,phash:15b02cda508e8386,,,train
98f4c5f02c368353cbf8,IMG_0067.JPG,Soil_Labeled_Data/M_0_10/L_20_30/alluvial/IMG_0067.JPG,Soil_Labeled_Data/M_0_10/L_20_30/alluvial/IMG_0067.JPG,PRESENT,False,d9bc36d6644b098a07e85028ff2ff8e36af90304ebcc268302ebabdf9944547f,7,10,23,0,M_0_10,L_20_30,alluvial,phash:a9be8da516abc599,phash:a9be8da516abc599,,,train
755d9bfb3958c5c2e928,IMG_0068.JPG,Soil_Labeled_Data/M_0_10/L_20_30/alluvial/IMG_0068.JPG,Soil_Labeled_Data/M_0_10/L_20_30/alluvial/IMG_0068.JPG,PRESENT,False,052c4a10a55c86a5c5e8c2a0e273d032a1d056756576fd406a4d66d84dd254cf,2,5,25,0,M_0_10,L_20_30,alluvial,phash:fb2d21f2c87c356c,phash:fb2d21f2c87c356c,,,train
9479107eff9f20a58c45,IMG_0070.JPG,Soil_Labeled_Data/M_0_10/L_20_30/alluvial/IMG_0070.JPG,Soil_Labeled_Data/M_0_10/L_20_30/alluvial/IMG_0070.JPG,PRESENT,False,fef8dba8a2fb28ba4085cb221e0a56ca09ab2a495e792f35dbf06b8898cc7e20,1,2,22,0,M_0_10,L_20_30,alluvial,phash:2acd3f193091fa41,phash:2acd3f193091fa41,,,train
9d5b7aa3a7093531f985,IMG_0098.JPG,Soil_Labeled_Data/M_0_10/L_30_40/alluvial/IMG_0098.JPG,Soil_Labeled_Data/M_0_10/L_30_40/alluvial/IMG_0098.JPG,PRESENT,False,3afeb8366e8b4dbedc6c2502d01482565f708434c2d2734e692fffb1d31173e7,8,13,39,0,M_0_10,L_30_40,alluvial,phash:f01c359cc88566ef,phash:f01c359cc88566ef,,,train
d3e25884251b1477024f,IMG_0099.JPG,Soil_Labeled_Data/M_0_10/L_30_40/alluvial/IMG_0099.JPG,Soil_Labeled_Data/M_0_10/L_30_40/alluvial/IMG_0099.JPG,PRESENT,False,62f9b5a4de6519b220f7c8cfce9f8e9da88f50b8dd3efdbc1725788773e9cc13,10,14,36,0,M_0_10,L_30_40,alluvial,phash:d3e25884251b1477,phash:d3e25884251b1477,,,train
56deece836e18b759a0d,IMG_0100.JPG,Soil_Labeled_Data/M_0_10/L_30_40/alluvial/IMG_0100.JPG,Soil_Labeled_Data/M_0_10/L_30_40/alluvial/IMG_0100.JPG,PRESENT,False,a764f00eebaeb52e284323edd967223c8caba046cd9219efcc060567ad78c745,3,6,38,0,M_0_10,L_30_40,alluvial,phash:f285b4af27e70749,phash:f285b4af27e70749,,,train
d82b25ced6adc4c3cc7f,IMG_0101.JPG,Soil_Labeled_Data/M_0_10/L_30_40/alluvial/IMG_0101.JPG,Soil_Labeled_Data/M_0_10/L_30_40/alluvial/IMG_0101.JPG,PRESENT,False,3a26fd477d9c183f5a7efdd0ad609c1de8f7aa09c4fb1d18c9e86acf2ebe3514,8,12,39,0,M_0_10,L_30_40,alluvial,phash:d82b25ced6adc4c3,phash:d82b25ced6adc4c3,,,train
3919829806e3ee46a662,IMG_0103.JPG,Soil_Labeled_Data/M_0_10/L_30_40/alluvial/IMG_0103.JPG,Soil_Labeled_Data/M_0_10/L_30_40/alluvial/IMG_0103.JPG,PRESENT,False,bec90e50e19dd45be96d92da1f41a7b9429a8ab7010c9e1af561a4f126648aac,0,4,35,0,M_0_10,L_30_40,alluvial,phash:df19bd7121c3deb8,phash:df19bd7121c3deb8,,,train
2554ddea2338fe4bc992,IMG_0104.JPG,Soil_Labeled_Data/M_0_10/L_30_40/alluvial/IMG_0104.JPG,Soil_Labeled_Data/M_0_10/L_30_40/alluvial/IMG_0104.JPG,PRESENT,False,131f935ff1ea36bed7545bcf186766d69d0493c48cc0558fc28559d72d84b295,10,13,35,0,M_0_10,L_30_40,alluvial,phash:39621f13c2017892,phash:39621f13c2017892,,,train
008b4d9a491d2ae6c857,IMG_0105.JPG,Soil_Labeled_Data/M_0_10/L_30_40/alluvial/IMG_0105.JPG,Soil_Labeled_Data/M_0_10/L_30_40/alluvial/IMG_0105.JPG,PRESENT,False,54cd9a2c49c349adaa0d14be4b839a2de963641455d26df0ac1ee5862a3cadee,10,15,39,0,M_0_10,L_30_40,alluvial,phash:7eeb9c5b6e40268d,phash:7eeb9c5b6e40268d,,,train
9a3a2f4f116711eff2f3,IMG_0106.JPG,Soil_Labeled_Data/M_0_10/L_30_40/alluvial/IMG_0106.JPG,Soil_Labeled_Data/M_0_10/L_30_40/alluvial/IMG_0106.JPG,PRESENT,False,1a6827c492ccf1de9700d4d73cab67f55d7ec43773b2e7dfa021209544c79783,5,7,31,0,M_0_10,L_30_40,alluvial,phash:40087a11bb71f87d,phash:40087a11bb71f87d,,,train
1c63a900713a2938b2a6,IMG_0108.JPG,Soil_Labeled_Data/M_0_10/L_30_40/alluvial/IMG_0108.JPG,Soil_Labeled_Data/M_0_10/L_30_40/alluvial/IMG_0108.JPG,PRESENT,False,bbd3fc4ae3196f56d4624fa891e7b953594478479b31a1d522019612bcd2c107,2,6,36,0,M_0_10,L_30_40,alluvial,phash:9e709b711d9eab80,phash:9e709b711d9eab80,,,train
0918a20963b5f1056f14,IMG_0111.JPG,Soil_Labeled_Data/M_0_10/L_30_40/alluvial/IMG_0111.JPG,Soil_Labeled_Data/M_0_10/L_30_40/alluvial/IMG_0111.JPG,PRESENT,False,50f44a4464514b8f250f8e947ed69b008e51cd49cfd8a74656915c0efe4339fd,0,5,35,0,M_0_10,L_30_40,alluvial,phash:1b46fbcdc14f2ddd,phash:1b46fbcdc14f2ddd,,,train
25c30f116ca4c1a3b4ff,IMG_0113.JPG,Soil_Labeled_Data/M_0_10/L_30_40/alluvial/IMG_0113.JPG,Soil_Labeled_Data/M_0_10/L_30_40/alluvial/IMG_0113.JPG,PRESENT,False,e46dbcebdec854f13de3bffcfaed039d15be8a013c2f8b3c6c45b4a2b049bad1,8,10,36,0,M_0_10,L_30_40,alluvial,phash:fa99784640564d0a,phash:fa99784640564d0a,,,train
99a80eaf64c5760bc285,IMG_0114.JPG,Soil_Labeled_Data/M_0_10/L_30_40/alluvial/IMG_0114.JPG,Soil_Labeled_Data/M_0_10/L_30_40/alluvial/IMG_0114.JPG,PRESENT,False,fe71851ea84dda560126f20730276fd3036430bde0b5817514a8275abdb78035,6,10,35,0,M_0_10,L_30_40,alluvial,phash:73e6fa0f18173431,phash:73e6fa0f18173431,,,train
2ff9c955d0834822e080,IMG_0151.JPG,Soil_Labeled_Data/M_0_10/L_40_50/alluvial/IMG_0151.JPG,Soil_Labeled_Data/M_0_10/L_40_50/alluvial/IMG_0151.JPG,PRESENT,False,c284d106edebf8a75c1a8559944a60168204220656d238baeb43097d5ddf98a0,6,10,47,0,M_0_10,L_40_50,alluvial,phash:2ff9c955d0834822,phash:2ff9c955d0834822,,,train
a66c5c83a2334c9eef8d,IMG_0152.JPG,Soil_Labeled_Data/M_0_10/L_40_50/alluvial/IMG_0152.JPG,Soil_Labeled_Data/M_0_10/L_40_50/alluvial/IMG_0152.JPG,PRESENT,False,d251e755f065aa2d717b334ecd9f0df31c46dd5bc483d0da6a5183e45051379f,1,4,42,0,M_0_10,L_40_50,alluvial,phash:38628faaea372908,phash:38628faaea372908,,,train
48dd921803ea0d22a4b9,IMG_0153.JPG,Soil_Labeled_Data/M_0_10/L_40_50/alluvial/IMG_0153.JPG,Soil_Labeled_Data/M_0_10/L_40_50/alluvial/IMG_0153.JPG,PRESENT,False,04be8f4c3477783a40c885b56de8688c5df708b6202f762375732db3eb94b744,7,8,47,0,M_0_10,L_40_50,alluvial,phash:b8d7b2bffe0b868f,phash:b8d7b2bffe0b868f,,,train
bd232f259eabfeb0bdc3,IMG_0155.JPG,Soil_Labeled_Data/M_0_10/L_40_50/alluvial/IMG_0155.JPG,Soil_Labeled_Data/M_0_10/L_40_50/alluvial/IMG_0155.JPG,PRESENT,False,bd6118c950fefd59125593cb81c124f22c20f8fb0fd6ea92bde7bc9afa67f35b,7,11,45,0,M_0_10,L_40_50,alluvial,phash:c549b2232ac5351e,phash:c549b2232ac5351e,,,train
330884ee00992f4aabf4,IMG_0156.JPG,Soil_Labeled_Data/M_0_10/L_40_50/alluvial/IMG_0156.JPG,Soil_Labeled_Data/M_0_10/L_40_50/alluvial/IMG_0156.JPG,PRESENT,False,a637d0349e0af917d55e56fffca545b01b6452fe34c1f3b9d5947b307826ddaa,7,9,41,0,M_0_10,L_40_50,alluvial,phash:c882cbac884cb390,phash:c882cbac884cb390,,,train
4bb4563197e4e340f5a2,IMG_0157.JPG,Soil_Labeled_Data/M_0_10/L_40_50/alluvial/IMG_0157.JPG,Soil_Labeled_Data/M_0_10/L_40_50/alluvial/IMG_0157.JPG,PRESENT,False,4b59b31a0c4ab00d16529aeae2b7415df567a2052e50857eb62d72edc91c71c6,2,6,46,0,M_0_10,L_40_50,alluvial,phash:7a50a3464b4f7acb,phash:7a50a3464b4f7acb,,,train
31c792dd5d60af328ff4,IMG_0158.JPG,Soil_Labeled_Data/M_0_10/L_40_50/alluvial/IMG_0158.JPG,Soil_Labeled_Data/M_0_10/L_40_50/alluvial/IMG_0158.JPG,PRESENT,False,f3c6d0dc7203d42c9d911d6ef76cf6b8f468c09e1787611172f8af4dcc9bb1f2,10,11,50,0,M_0_10,L_40_50,alluvial,phash:e0734870d934d178,phash:e0734870d934d178,,,train
a82fff668ed9d7ecb01b,IMG_0159.JPG,Soil_Labeled_Data/M_0_10/L_40_50/alluvial/IMG_0159.JPG,Soil_Labeled_Data/M_0_10/L_40_50/alluvial/IMG_0159.JPG,PRESENT,False,d1d01fe5092607afc342f4bf13715445623f165dd8843c5e8f75947031714b53,0,1,41,0,M_0_10,L_40_50,alluvial,phash:351919a7efd95827,phash:351919a7efd95827,,,train
fcb1c92ea2312f2dd24d,IMG_0162.JPG,Soil_Labeled_Data/M_0_10/L_40_50/alluvial/IMG_0162.JPG,Soil_Labeled_Data/M_0_10/L_40_50/alluvial/IMG_0162.JPG,PRESENT,False,dfa478223088717f7d516f0376dd4fd061ddf894a37e02216fb10a5f1e78da22,6,9,47,0,M_0_10,L_40_50,alluvial,phash:124887665cbfb8dc,phash:124887665cbfb8dc,,,train
0cadb4c6c6c9e17cb099,IMG_0164.JPG,Soil_Labeled_Data/M_0_10/L_40_50/alluvial/IMG_0164.JPG,Soil_Labeled_Data/M_0_10/L_40_50/alluvial/IMG_0164.JPG,PRESENT,False,02eeaa2434120a4634ac0cc39791f1e6a26a5544dfe48ddd1e65394159dc6bd1,3,4,43,0,M_0_10,L_40_50,alluvial,phash:17edad2da8a35a03,phash:17edad2da8a35a03,,,train
1886a22b4c27a6e3ea86,IMG_0165.JPG,Soil_Labeled_Data/M_0_10/L_40_50/alluvial/IMG_0165.JPG,Soil_Labeled_Data/M_0_10/L_40_50/alluvial/IMG_0165.JPG,PRESENT,False,10b4bff0048086264d21ef700f5df4aef05261b82053ab6d51d0164350a18233,7,11,50,0,M_0_10,L_40_50,alluvial,phash:3085ebfb726e58fd,phash:3085ebfb726e58fd,,,train
8c1336244eabbb3f5e91,IMG_0166.JPG,Soil_Labeled_Data/M_0_10/L_40_50/alluvial/IMG_0166.JPG,Soil_Labeled_Data/M_0_10/L_40_50/alluvial/IMG_0166.JPG,PRESENT,False,208f9cebf5d7f3e922ae73c56b80adebb2e88de23b6d60b2aebb99f6164bbd74,0,2,45,0,M_0_10,L_40_50,alluvial,phash:17c1b5dcd4c310e0,phash:17c1b5dcd4c310e0,,,train
db6cd30508996fce9d43,IMG_0167.JPG,Soil_Labeled_Data/M_0_10/L_40_50/alluvial/IMG_0167.JPG,Soil_Labeled_Data/M_0_10/L_40_50/alluvial/IMG_0167.JPG,PRESENT,False,8cd7270b0597d85a32199cdbba3f9e9ec93df09c1b0f939f6b9765a5f46a6371,4,4,46,0,M_0_10,L_40_50,alluvial,phash:a72540d2284444a6,phash:a72540d2284444a6,,,train
e135d70bca695340b211,IMG_0168.JPG,Soil_Labeled_Data/M_0_10/L_40_50/alluvial/IMG_0168.JPG,Soil_Labeled_Data/M_0_10/L_40_50/alluvial/IMG_0168.JPG,PRESENT,False,8ad86862c00bf11c1c8efc16686c55a5370e8b1430e3c26ffba18d80f36aa2bf,1,4,50,0,M_0_10,L_40_50,alluvial,phash:55ed86ba605b6f60,phash:55ed86ba605b6f60,,,train
481efca2b77079d29a5b,IMG_0169.JPG,Soil_Labeled_Data/M_0_10/L_40_50/alluvial/IMG_0169.JPG,Soil_Labeled_Data/M_0_10/L_40_50/alluvial/IMG_0169.JPG,PRESENT,False,3cd6304eb00d0157033fc2b83c6a2f4a60d236f6abf8b89cb745b6a8e038fc7c,2,4,49,0,M_0_10,L_40_50,alluvial,phash:e39268df5143025a,phash:e39268df5143025a,,,train
058170c6e07c9ac13868,IMG_0170.JPG,Soil_Labeled_Data/M_0_10/L_40_50/alluvial/IMG_0170.JPG,Soil_Labeled_Data/M_0_10/L_40_50/alluvial/IMG_0170.JPG,PRESENT,False,9d144087f444318bb5056170462c40f519cb547e8426ac8a89e5da356ee2cbdd,3,4,44,0,M_0_10,L_40_50,alluvial,phash:d6395896fc8503b5,phash:d6395896fc8503b5,,,train
c7cb9e237645c91407cb,IMG_0196.JPG,Soil_Labeled_Data/M_0_10/L_50_60/alluvial/IMG_0196.JPG,Soil_Labeled_Data/M_0_10/L_50_60/alluvial/IMG_0196.JPG,PRESENT,False,4654e82c0bb3acc543a3659c69f6f945d86df009560f79bc951c9ab3e173b64f,8,8,59,0,M_0_10,L_50_60,alluvial,phash:c8300f8708e9afd6,phash:c8300f8708e9afd6,,,train
5bb5fb9b161dd44826d9,IMG_0197.JPG,Soil_Labeled_Data/M_0_10/L_50_60/alluvial/IMG_0197.JPG,Soil_Labeled_Data/M_0_10/L_50_60/alluvial/IMG_0197.JPG,PRESENT,False,c45b81b3fbb95ba6a0b2d0133fc7d87662a9304cfe1c65f1edf78119bc8e2725,1,3,52,0,M_0_10,L_50_60,alluvial,phash:be66fd8e4e1f0f06,phash:be66fd8e4e1f0f06,,,train
e289897d85882818c8a0,IMG_0198.JPG,Soil_Labeled_Data/M_0_10/L_50_60/alluvial/IMG_0198.JPG,Soil_Labeled_Data/M_0_10/L_50_60/alluvial/IMG_0198.JPG,PRESENT,False,85c669b7f29a6afb93215a41fc02599a63ff4821cb72b2ae5c4eb1f4c6c2d55c,1,5,50,0,M_0_10,L_50_60,alluvial,phash:0d2d9ad2361ac018,phash:0d2d9ad2361ac018,,,train
2a94d3b8b352e068a293,IMG_0199.JPG,Soil_Labeled_Data/M_0_10/L_50_60/alluvial/IMG_0199.JPG,Soil_Labeled_Data/M_0_10/L_50_60/alluvial/IMG_0199.JPG,PRESENT,False,68c682de0e5124e3c907ce413f96d8b2cecaa0cd427da817015965ab152e0c34,7,8,56,0,M_0_10,L_50_60,alluvial,phash:63730f83f4c00eda,phash:63730f83f4c00eda,,,train
3db74d9ff5ee308fbd1b,IMG_0199_aug_00_gray_brown.jpg,Soil_Labeled_Data/M_0_10/L_50_60/alluvial/IMG_0199_aug_00_gray_brown.jpg,Soil_Labeled_Data/M_0_10/L_50_60/alluvial/IMG_0199_aug_00_gray_brown.jpg,PRESENT,False,ceb512434242aba1679f6003af4254857621171c242bc08a075355abdebcd2c9,1,2,58,0,M_0_10,L_50_60,alluvial,phash:63730f83f4c00eda,phash:63730f83f4c00eda,,,train
bda4f2c8debfd178ea4c,IMG_0199_aug_03_gray_brown.jpg,Soil_Labeled_Data/M_0_10/L_50_60/alluvial/IMG_0199_aug_03_gray_brown.jpg,Soil_Labeled_Data/M_0_10/L_50_60/alluvial/IMG_0199_aug_03_gray_brown.jpg,PRESENT,False,5dab6e3290e9e3e3af3deae72b5297236660bc07ec5845eba59af8bceb12dea5,1,3,50,0,M_0_10,L_50_60,alluvial,phash:63730f83f4c00eda,phash:63730f83f4c00eda,,,train
d70e467b1d08e93f0f26,IMG_0200.JPG,Soil_Labeled_Data/M_0_10/L_50_60/alluvial/IMG_0200.JPG,Soil_Labeled_Data/M_0_10/L_50_60/alluvial/IMG_0200.JPG,PRESENT,False,d9c1416d902fd889c0d4c0946cb0ff231d3c654ee9267891f26f9dc287a75ff7,4,7,58,0,M_0_10,L_50_60,alluvial,phash:d860a5a997911aa8,phash:d860a5a997911aa8,,,train
849de97e1d8ef2f8f5ff,IMG_0201.JPG,Soil_Labeled_Data/M_0_10/L_50_60/alluvial/IMG_0201.JPG,Soil_Labeled_Data/M_0_10/L_50_60/alluvial/IMG_0201.JPG,PRESENT,False,ee13ed56368520b8b0e315726da1edda78c243731c43905d0da6908cdecbfad7,5,7,57,0,M_0_10,L_50_60,alluvial,phash:aeb9326bd22fbff1,phash:aeb9326bd22fbff1,,,train
fde887bd539a8995de30,IMG_0202.JPG,Soil_Labeled_Data/M_0_10/L_50_60/alluvial/IMG_0202.JPG,Soil_Labeled_Data/M_0_10/L_50_60/alluvial/IMG_0202.JPG,PRESENT,False,650ad600843935f7dc58de3d098e943325dd282cccebb9a9b70b46c82a302c2b,9,13,53,0,M_0_10,L_50_60,alluvial,phash:e53cc76e071af0e3,phash:e53cc76e071af0e3,,,train
0a1799fa94717acc663f,IMG_0202_aug_01_gray_brown.jpg,Soil_Labeled_Data/M_0_10/L_50_60/alluvial/IMG_0202_aug_01_gray_brown.jpg,Soil_Labeled_Data/M_0_10/L_50_60/alluvial/IMG_0202_aug_01_gray_brown.jpg,PRESENT,False,49be289e4472ad9446a1ec951eb1ab5bae1197bc3e593dfc89ca59abde342181,9,9,51,0,M_0_10,L_50_60,alluvial,phash:e53cc76e071af0e3,phash:e53cc76e071af0e3,,,train
3b4b879a385e4d6cbe03,IMG_0203.JPG,Soil_Labeled_Data/M_0_10/L_50_60/alluvial/IMG_0203.JPG,Soil_Labeled_Data/M_0_10/L_50_60/alluvial/IMG_0203.JPG,PRESENT,False,bb0020a9a011d209a5a5a7affb61c37d24ee891b3112ca29d0ae2edc4cd95ad5,6,9,50,0,M_0_10,L_50_60,alluvial,phash:d4512147d239b24e,phash:d4512147d239b24e,,,train
d93b57c055ba819080c7,IMG_0204.JPG,Soil_Labeled_Data/M_0_10/L_50_60/alluvial/IMG_0204.JPG,Soil_Labeled_Data/M_0_10/L_50_60/alluvial/IMG_0204.JPG,PRESENT,False,029557e5d989fc68f93ec1875c0d3b91b964bc7a8323f84b0cf343aac419ca6e,10,10,50,0,M_0_10,L_50_60,alluvial,phash:d439d38aa2cdd80d,phash:d439d38aa2cdd80d,,,train
bef8b40609eddfb4b2df,IMG_0205.JPG,Soil_Labeled_Data/M_0_10/L_50_60/alluvial/IMG_0205.JPG,Soil_Labeled_Data/M_0_10/L_50_60/alluvial/IMG_0205.JPG,PRESENT,False,41ecd2ef0d482c4f70c60e00a717d16aae9eaedb2216faafbe3d13a315a75681,10,14,54,0,M_0_10,L_50_60,alluvial,phash:218e36ff96d159b4,phash:218e36ff96d159b4,,,train
e62e13bee98ab695644c,IMG_0205_aug_02_gray_brown.jpg,Soil_Labeled_Data/M_0_10/L_50_60/alluvial/IMG_0205_aug_02_gray_brown.jpg,Soil_Labeled_Data/M_0_10/L_50_60/alluvial/IMG_0205_aug_02_gray_brown.jpg,PRESENT,False,7290bb253658f935a1bad77ed7b69716b707b362abfe9be1b89afd0a4486e289,0,1,56,0,M_0_10,L_50_60,alluvial,phash:218e36ff96d159b4,phash:218e36ff96d159b4,,,train
65b613e4c62a65a36830,IMG_0206.JPG,Soil_Labeled_Data/M_0_10/L_50_60/alluvial/IMG_0206.JPG,Soil_Labeled_Data/M_0_10/L_50_60/alluvial/IMG_0206.JPG,PRESENT,False,298290391bc414d6a21f427cef0ecd54221681388fa459478aea207aae370f7f,2,6,50,0,M_0_10,L_50_60,alluvial,phash:61280229e46e4f90,phash:61280229e46e4f90,,,train
e22ca6b6078440536266,IMG_0207.JPG,Soil_Labeled_Data/M_0_10/L_50_60/alluvial/IMG_0207.JPG,Soil_Labeled_Data/M_0_10/L_50_60/alluvial/IMG_0207.JPG,PRESENT,False,5bbc524fb84781a50f6becbaa015ca2e7f6a60e6d2f725094727453499ec337e,4,8,50,0,M_0_10,L_50_60,alluvial,phash:0772f8c13cc08780,phash:0772f8c13cc08780,,,train
a7a1c157305764c096d6,IMG_0208.JPG,Soil_Labeled_Data/M_0_10/L_50_60/alluvial/IMG_0208.JPG,Soil_Labeled_Data/M_0_10/L_50_60/alluvial/IMG_0208.JPG,PRESENT,False,d21214f52ca0c08fc99cf77f6865477f4b7e9503993c72c86e87e4685bda2b62,5,7,53,0,M_0_10,L_50_60,alluvial,phash:272fa05db045290a,phash:272fa05db045290a,,,train
1f583a2a7fd77ae94735,IMG_0209.JPG,Soil_Labeled_Data/M_0_10/L_50_60/alluvial/IMG_0209.JPG,Soil_Labeled_Data/M_0_10/L_50_60/alluvial/IMG_0209.JPG,PRESENT,False,3304ee16ba9b9f9553cb8aed80a970dde862e0a5eb1ce6ea503c75905d7b222d,2,6,56,0,M_0_10,L_50_60,alluvial,phash:a9b092d3bd7f8ca3,phash:a9b092d3bd7f8ca3,,,train
315b30fd2ebafd001e21,IMG_0210.JPG,Soil_Labeled_Data/M_0_10/L_50_60/alluvial/IMG_0210.JPG,Soil_Labeled_Data/M_0_10/L_50_60/alluvial/IMG_0210.JPG,PRESENT,False,3e546bbf78ed43d703b8e868b48809cb270a18dcc056b8691b9b5f21ca67fcef,0,4,60,0,M_0_10,L_50_60,alluvial,phash:12e5de9a219b300b,phash:12e5de9a219b300b,,,train
7b0cf4ba5f7e01bece53,IMG_0212.JPG,Soil_Labeled_Data/M_0_10/L_50_60/alluvial/IMG_0212.JPG,Soil_Labeled_Data/M_0_10/L_50_60/alluvial/IMG_0212.JPG,PRESENT,False,7ab66df7b1b3000271c66fe57eebeaf88e48ffc3536724e4f72507f0bd51e29b,7,9,52,0,M_0_10,L_50_60,alluvial,phash:fe170979b5ca8fe3,phash:fe170979b5ca8fe3,,,train
b230a1e829c4df4b4b51,IMG_0240.JPG,Soil_Labeled_Data/M_0_10/L_60_70/alluvial/IMG_0240.JPG,Soil_Labeled_Data/M_0_10/L_60_70/alluvial/IMG_0240.JPG,PRESENT,False,b4ec3d6e5c3a3e6e89b6ff09abeb70dbd621d581ced0911447b4c2d6c1a1e92e,5,5,61,0,M_0_10,L_60_70,alluvial,phash:ddcd5bf42ce461e9,phash:ddcd5bf42ce461e9,,,train
689be46838c2c99b6803,IMG_0242.JPG,Soil_Labeled_Data/M_0_10/L_60_70/alluvial/IMG_0242.JPG,Soil_Labeled_Data/M_0_10/L_60_70/alluvial/IMG_0242.JPG,PRESENT,False,2dc53f1762eb2610b03f4ef5a088ad6bc980928c51d4525e16e7375a526951d3,9,12,68,0,M_0_10,L_60_70,alluvial,phash:72f2bba7253dc548,phash:72f2bba7253dc548,,,train
0ab523865345f946729b,IMG_0243.JPG,Soil_Labeled_Data/M_0_10/L_60_70/alluvial/IMG_0243.JPG,Soil_Labeled_Data/M_0_10/L_60_70/alluvial/IMG_0243.JPG,PRESENT,False,8fb5d2ca2b584e5f87774de59132d4906144c8a096363de9366cd8310a80d2be,6,8,66,0,M_0_10,L_60_70,alluvial,phash:2de4e5d09b92659a,phash:2de4e5d09b92659a,,,train
e8bd6abcb142fe6b175c,IMG_0244.JPG,Soil_Labeled_Data/M_0_10/L_60_70/alluvial/IMG_0244.JPG,Soil_Labeled_Data/M_0_10/L_60_70/alluvial/IMG_0244.JPG,PRESENT,False,d042f8c484488c37798d8f81518eaea24195ad167897eb62ecb386f4b927bf39,9,8,70,0,M_0_10,L_60_70,alluvial,phash:b637075916ceadb4,phash:b637075916ceadb4,,,train
53572bafc11be58ded10,IMG_0245.JPG,Soil_Labeled_Data/M_0_10/L_60_70/alluvial/IMG_0245.JPG,Soil_Labeled_Data/M_0_10/L_60_70/alluvial/IMG_0245.JPG,PRESENT,False,4ddfae48113aa70a83a078d17c280b7d4bcbb3384809cb84b2db7ec00d60be50,5,4,70,0,M_0_10,L_60_70,alluvial,phash:5216086d9e7f6171,phash:5216086d9e7f6171,,,train
d5c440a35ff3befa07e2,IMG_0246.JPG,Soil_Labeled_Data/M_0_10/L_60_70/alluvial/IMG_0246.JPG,Soil_Labeled_Data/M_0_10/L_60_70/alluvial/IMG_0246.JPG,PRESENT,False,3558802cb381e58ea2b8b06af499c0335e3ef6544957fec5d3e35e433a635f0b,5,4,68,0,M_0_10,L_60_70,alluvial,phash:19ac01d45edafba1,phash:19ac01d45edafba1,,,train
e1637a4a254029ade071,IMG_0248.JPG,Soil_Labeled_Data/M_0_10/L_60_70/alluvial/IMG_0248.JPG,Soil_Labeled_Data/M_0_10/L_60_70/alluvial/IMG_0248.JPG,PRESENT,False,54fac29a37dff3f06748ead9066cc5fc98ad83212d68d24bdd58972de35defbd,9,11,61,0,M_0_10,L_60_70,alluvial,phash:e1637a4a254029ad,phash:e1637a4a254029ad,,,train
bb4582d98d1d744c5429,IMG_0249.JPG,Soil_Labeled_Data/M_0_10/L_60_70/alluvial/IMG_0249.JPG,Soil_Labeled_Data/M_0_10/L_60_70/alluvial/IMG_0249.JPG,PRESENT,False,5a7d8a0d3eb6d7157822769c10a53606d91e30b449e0ee02c74ee5477a1ea528,4,7,64,0,M_0_10,L_60_70,alluvial,phash:766fecf2e5383231,phash:766fecf2e5383231,,,train
28eccd9bffaf71f0495d,IMG_0250.JPG,Soil_Labeled_Data/M_0_10/L_60_70/alluvial/IMG_0250.JPG,Soil_Labeled_Data/M_0_10/L_60_70/alluvial/IMG_0250.JPG,PRESENT,False,d1623d789744e008b4ebc8da409ae8e8e2b5a3bd8b34090bdec907824efc5758,5,6,62,0,M_0_10,L_60_70,alluvial,phash:7cc0d10041dd5ffd,phash:7cc0d10041dd5ffd,,,train
d6257c693408f526d6d5,IMG_0251.JPG,Soil_Labeled_Data/M_0_10/L_60_70/alluvial/IMG_0251.JPG,Soil_Labeled_Data/M_0_10/L_60_70/alluvial/IMG_0251.JPG,PRESENT,False,aad39ca08b0050af5bbed503018a55ebbcb23f2f0b303281e886687a1c679bd6,3,3,61,0,M_0_10,L_60_70,alluvial,phash:06b760fd2e8d7ed3,phash:06b760fd2e8d7ed3,,,train
65ea627090b52336ef6d,IMG_0254.JPG,Soil_Labeled_Data/M_0_10/L_60_70/alluvial/IMG_0254.JPG,Soil_Labeled_Data/M_0_10/L_60_70/alluvial/IMG_0254.JPG,PRESENT,False,989855fa62cd60cd7de5cdba8c6414b0c5093ec2460b773b21fd06d8fd7c6005,2,2,64,0,M_0_10,L_60_70,alluvial,phash:3a82b527ebf76359,phash:3a82b527ebf76359,,,train
fe72e76ff799a1fde648,IMG_0255.JPG,Soil_Labeled_Data/M_0_10/L_60_70/alluvial/IMG_0255.JPG,Soil_Labeled_Data/M_0_10/L_60_70/alluvial/IMG_0255.JPG,PRESENT,False,2ac049a4e67d4d9a90bb78c4b5658aa593815244c9931fc79816f3f8ebe302e1,7,8,63,0,M_0_10,L_60_70,alluvial,phash:3a82b527ebf76359,phash:3a82b527ebf76359,,,train
62d0fbd7b50ffca35a3c,IMG_0256.JPG,Soil_Labeled_Data/M_0_10/L_60_70/alluvial/IMG_0256.JPG,Soil_Labeled_Data/M_0_10/L_60_70/alluvial/IMG_0256.JPG,PRESENT,False,c67bd8c82b4ffa0c122ef439908edaa0d7f2985a34dfd67e32a6ce050bbf62fd,3,6,66,0,M_0_10,L_60_70,alluvial,phash:62d0fbd7b50ffca3,phash:62d0fbd7b50ffca3,,,train
d7de3259e6a31758db7a,IMG_0257.JPG,Soil_Labeled_Data/M_0_10/L_60_70/alluvial/IMG_0257.JPG,Soil_Labeled_Data/M_0_10/L_60_70/alluvial/IMG_0257.JPG,PRESENT,False,afb2e88787f1d736418849ab2dbcd47f99d5bea8ca48c757c92aa6063a9f90c8,4,3,61,0,M_0_10,L_60_70,alluvial,phash:f7221dde8b78e6c4,phash:f7221dde8b78e6c4,,,train
490e49bae16d927ec632,IMG_0283.JPG,Soil_Labeled_Data/M_0_10/L_70_80/alluvial/IMG_0283.JPG,Soil_Labeled_Data/M_0_10/L_70_80/alluvial/IMG_0283.JPG,PRESENT,False,f8b823783f319c143a60b31deb2d32fa8d256fd30992110e191d58a2b990e186,0,1,77,0,M_0_10,L_70_80,alluvial,phash:bf74a62949a5d43e,phash:bf74a62949a5d43e,,,train
3a24d4a2c8e0d133b99d,IMG_0284.JPG,Soil_Labeled_Data/M_0_10/L_70_80/alluvial/IMG_0284.JPG,Soil_Labeled_Data/M_0_10/L_70_80/alluvial/IMG_0284.JPG,PRESENT,False,d29f1c3d77f86edbf79981bf6422aa7e938610ee965111103d5d9c839db876ca,7,6,75,0,M_0_10,L_70_80,alluvial,phash:8170dc97703cc108,phash:8170dc97703cc108,,,train
cbc96be8ea91082d10aa,IMG_0285.JPG,Soil_Labeled_Data/M_0_10/L_70_80/alluvial/IMG_0285.JPG,Soil_Labeled_Data/M_0_10/L_70_80/alluvial/IMG_0285.JPG,PRESENT,False,018eaa273847c547367d34a310ee6456e3d6f1914c5529cce700a2a6454d30b5,1,1,78,0,M_0_10,L_70_80,alluvial,phash:cbc96be8ea91082d,phash:cbc96be8ea91082d,,,train
37cff53edad4a9627d56,IMG_0286.JPG,Soil_Labeled_Data/M_0_10/L_70_80/alluvial/IMG_0286.JPG,Soil_Labeled_Data/M_0_10/L_70_80/alluvial/IMG_0286.JPG,PRESENT,False,56d996e8169ac96e53445f750e5aa3e0511e779b34d6896449bfb4c76d19ab8c,7,9,72,0,M_0_10,L_70_80,alluvial,phash:430ed9a6cfd66f1c,phash:430ed9a6cfd66f1c,,,train
bb49fe6e7add4e789525,IMG_0287.JPG,Soil_Labeled_Data/M_0_10/L_70_80/alluvial/IMG_0287.JPG,Soil_Labeled_Data/M_0_10/L_70_80/alluvial/IMG_0287.JPG,PRESENT,False,6f75284b65ef89a2c91da23176ba39f48096161e90e26f27286b935990d6de8a,9,9,78,0,M_0_10,L_70_80,alluvial,phash:e29f3395d78fb71e,phash:e29f3395d78fb71e,,,train
fb577e7982ddf9943a56,IMG_0289.JPG,Soil_Labeled_Data/M_0_10/L_70_80/alluvial/IMG_0289.JPG,Soil_Labeled_Data/M_0_10/L_70_80/alluvial/IMG_0289.JPG,PRESENT,False,22b84c5caf5ebc0cb322607cb5a9a077045c50d99cf5d54112067672ff627a74,10,11,74,0,M_0_10,L_70_80,alluvial,phash:fb577e7982ddf994,phash:fb577e7982ddf994,,,train
a0dc1ce179439e42e305,IMG_0290.JPG,Soil_Labeled_Data/M_0_10/L_70_80/alluvial/IMG_0290.JPG,Soil_Labeled_Data/M_0_10/L_70_80/alluvial/IMG_0290.JPG,PRESENT,False,bd24c8e2f76e69072c2f36aed70c7de98cac581a4ba9c0c41bff9b849c586a7b,9,8,73,0,M_0_10,L_70_80,alluvial,phash:8d480b16949f2dfa,phash:8d480b16949f2dfa,,,train
ef1bce15fc4d9d7aba2d,IMG_0291.JPG,Soil_Labeled_Data/M_0_10/L_70_80/alluvial/IMG_0291.JPG,Soil_Labeled_Data/M_0_10/L_70_80/alluvial/IMG_0291.JPG,PRESENT,False,3c16958628c76958f68f7bdf4eb62b7d145c1364c777e3348d0e694747a6fe50,5,4,75,0,M_0_10,L_70_80,alluvial,phash:935f13b0e6ded6a5,phash:935f13b0e6ded6a5,,,train
2970a6a12f2eef452c23,IMG_0292.JPG,Soil_Labeled_Data/M_0_10/L_70_80/alluvial/IMG_0292.JPG,Soil_Labeled_Data/M_0_10/L_70_80/alluvial/IMG_0292.JPG,PRESENT,False,42745de1bc6ccd696f4593fc776c91ce6c9360541db9a460abfc2ff80a311335,9,8,75,0,M_0_10,L_70_80,alluvial,phash:8ae8b78e4c3d05ab,phash:8ae8b78e4c3d05ab,,,train
e0c7c0d721e294292d4b,IMG_0293.JPG,Soil_Labeled_Data/M_0_10/L_70_80/alluvial/IMG_0293.JPG,Soil_Labeled_Data/M_0_10/L_70_80/alluvial/IMG_0293.JPG,PRESENT,False,3f3a939e2457155625d2aa428b899f236dc40990065f012f5410d08ec17ab404,1,4,70,0,M_0_10,L_70_80,alluvial,phash:c937577b1b7aa40e,phash:c937577b1b7aa40e,,,train
6343ec16969498f18a29,IMG_0294.JPG,Soil_Labeled_Data/M_0_10/L_70_80/alluvial/IMG_0294.JPG,Soil_Labeled_Data/M_0_10/L_70_80/alluvial/IMG_0294.JPG,PRESENT,False,b8932b458c52554db42af4a6f3fc4ae7ad16b017650de733546464d04b8c7e68,6,7,73,0,M_0_10,L_70_80,alluvial,phash:6343ec16969498f1,phash:6343ec16969498f1,,,train
005956813792e2fce12f,IMG_0297.JPG,Soil_Labeled_Data/M_0_10/L_70_80/alluvial/IMG_0297.JPG,Soil_Labeled_Data/M_0_10/L_70_80/alluvial/IMG_0297.JPG,PRESENT,False,87368bbc40a860ed2b5312ed3baa41f6bba45654bd74ae23c3f296c38060bff6,6,6,77,0,M_0_10,L_70_80,alluvial,phash:005956813792e2fc,phash:005956813792e2fc,,,train
ce72a33a97a17f4400df,IMG_0298.JPG,Soil_Labeled_Data/M_0_10/L_70_80/alluvial/IMG_0298.JPG,Soil_Labeled_Data/M_0_10/L_70_80/alluvial/IMG_0298.JPG,PRESENT,False,0a0f0f4ccc49cde560ecbcef0c36666fc710659de9a55e736348d3e210a486d8,4,5,75,0,M_0_10,L_70_80,alluvial,phash:11e7115e81b35b9a,phash:11e7115e81b35b9a,,,train
760f409fe52939e111ec,IMG_0299.JPG,Soil_Labeled_Data/M_0_10/L_70_80/alluvial/IMG_0299.JPG,Soil_Labeled_Data/M_0_10/L_70_80/alluvial/IMG_0299.JPG,PRESENT,False,dccc80647f7b25413699f13c6c999029e90f8ab9286a400fff7dfbaef1a37dc1,2,3,74,0,M_0_10,L_70_80,alluvial,phash:4d6d86021fc16aae,phash:4d6d86021fc16aae,,,train
55352283b76e67d90b33,IMG_0300.JPG,Soil_Labeled_Data/M_0_10/L_70_80/alluvial/IMG_0300.JPG,Soil_Labeled_Data/M_0_10/L_70_80/alluvial/IMG_0300.JPG,PRESENT,False,4d812e3c874392e7cf86a4bc0f4537b962d97cf1406191185bb8c567ee968fab,8,9,74,0,M_0_10,L_70_80,alluvial,phash:c394eaefdefded4a,phash:c394eaefdefded4a,,,train
f9665bb7f6de3ef814fa,IMG_0301.JPG,Soil_Labeled_Data/M_0_10/L_70_80/alluvial/IMG_0301.JPG,Soil_Labeled_Data/M_0_10/L_70_80/alluvial/IMG_0301.JPG,PRESENT,False,b678650cef13042bf6015e51c3bcab78cf386a18f24dc7897bcc1902c2337587,3,5,75,0,M_0_10,L_70_80,alluvial,phash:222099dae69a0921,phash:222099dae69a0921,,,train
d5f90f9f1ef4eb9a31d6,IMG_0302.JPG,Soil_Labeled_Data/M_0_10/L_70_80/alluvial/IMG_0302.JPG,Soil_Labeled_Data/M_0_10/L_70_80/alluvial/IMG_0302.JPG,PRESENT,False,8c0febe02b51d85c54560d98043761ec6933cd48799e0b474091d75a7a9b5ab2,6,7,74,0,M_0_10,L_70_80,alluvial,phash:5dc310f046e489b5,phash:5dc310f046e489b5,,,train
bd4df9aae3e4a9863c93,IMG_0326.JPG,Soil_Labeled_Data/M_0_10/L_80_90/alluvial/IMG_0326.JPG,Soil_Labeled_Data/M_0_10/L_80_90/alluvial/IMG_0326.JPG,PRESENT,False,5e2413f69512c9344d80c9807b493897794bfc4a1b28424cbcab54e0181a0b40,9,7,89,0,M_0_10,L_80_90,alluvial,phash:5ae74c813d9bdf96,phash:5ae74c813d9bdf96,,,train
089d8c48c4f98759572b,IMG_0328.JPG,Soil_Labeled_Data/M_0_10/L_80_90/alluvial/IMG_0328.JPG,Soil_Labeled_Data/M_0_10/L_80_90/alluvial/IMG_0328.JPG,PRESENT,False,07b2a2379fc10679ad31389263a6bba547edb5f5cfa84460d3913fc18a45d490,5,4,90,0,M_0_10,L_80_90,alluvial,phash:e6096d60a159e70d,phash:e6096d60a159e70d,,,train
5aea1311215e0e66a3d3,IMG_0331.JPG,Soil_Labeled_Data/M_0_10/L_80_90/alluvial/IMG_0331.JPG,Soil_Labeled_Data/M_0_10/L_80_90/alluvial/IMG_0331.JPG,PRESENT,False,b48bb2f5e8fb2b36eca492380e9971a1372af753c62d6073ea336f8ce477cd3c,7,6,87,0,M_0_10,L_80_90,alluvial,phash:bd64cff4d903948c,phash:bd64cff4d903948c,,,train
be19ea5549550b204ea2,IMG_0334.JPG,Soil_Labeled_Data/M_0_10/L_80_90/alluvial/IMG_0334.JPG,Soil_Labeled_Data/M_0_10/L_80_90/alluvial/IMG_0334.JPG,PRESENT,False,48cd040d29905235b43f252b369d6403d3a8c7fb0a91d50f0ee81d40ba54cd28,4,6,85,0,M_0_10,L_80_90,alluvial,phash:21c9f629b4e51043,phash:21c9f629b4e51043,,,train
295d70cf9754111700bf,IMG_0338.JPG,Soil_Labeled_Data/M_0_10/L_80_90/alluvial/IMG_0338.JPG,Soil_Labeled_Data/M_0_10/L_80_90/alluvial/IMG_0338.JPG,PRESENT,False,ea663f0f96f7d8bac52b151e8993a52a722d04a52cac459a1d3e17f66d628f55,7,7,87,0,M_0_10,L_80_90,alluvial,phash:3d87433d5ff055b8,phash:3d87433d5ff055b8,,,train
4835c06190c5793172a3,IMG_0340.JPG,Soil_Labeled_Data/M_0_10/L_80_90/alluvial/IMG_0340.JPG,Soil_Labeled_Data/M_0_10/L_80_90/alluvial/IMG_0340.JPG,PRESENT,False,59f226ab354700da8549d51fc04a44add9efd5974ce0822241e61e876a7a654d,0,1,88,0,M_0_10,L_80_90,alluvial,phash:e57936d1add1597d,phash:e57936d1add1597d,,,train
77ff7dd7c65fbdc7d2c9,IMG_0341.JPG,Soil_Labeled_Data/M_0_10/L_80_90/alluvial/IMG_0341.JPG,Soil_Labeled_Data/M_0_10/L_80_90/alluvial/IMG_0341.JPG,PRESENT,False,7487e6962309dda13dcf0c24bf17cba22a00a7369ff53703354664361cfdf6a8,4,2,87,0,M_0_10,L_80_90,alluvial,phash:fb60e23b1c5f4197,phash:fb60e23b1c5f4197,,,train
e873f83e8efea7694918,IMG_0342.JPG,Soil_Labeled_Data/M_0_10/L_80_90/alluvial/IMG_0342.JPG,Soil_Labeled_Data/M_0_10/L_80_90/alluvial/IMG_0342.JPG,PRESENT,False,62d8ebd9bada9a5f642e6a51c21e9936eb85552d17c62aa7fdf202ce0c4e6b24,2,4,84,0,M_0_10,L_80_90,alluvial,phash:77ff853871681a5f,phash:77ff853871681a5f,,,train
aeb9e1642e48c08c7b7f,IMG_0343.JPG,Soil_Labeled_Data/M_0_10/L_80_90/alluvial/IMG_0343.JPG,Soil_Labeled_Data/M_0_10/L_80_90/alluvial/IMG_0343.JPG,PRESENT,False,26baff2209d711ee79521526cf67bd075d747ed52b4b0fba092c57441d0a621a,6,5,87,0,M_0_10,L_80_90,alluvial,phash:5d4a1cc17f3caf91,phash:5d4a1cc17f3caf91,,,train
7cfaa2968ae189a0ae94,IMG_0369.JPG,Soil_Labeled_Data/M_0_10/L_90_100/alluvial/IMG_0369.JPG,Soil_Labeled_Data/M_0_10/L_90_100/alluvial/IMG_0369.JPG,PRESENT,False,49f3ee1b34884d4aa333880b733dc88082a66f53aa416527933813daadf464cc,2,3,91,0,M_0_10,L_90_100,alluvial,phash:04a596876660edf6,phash:04a596876660edf6,,,train
7dc6fc1685cad90984cf,IMG_0370.JPG,Soil_Labeled_Data/M_0_10/L_90_100/alluvial/IMG_0370.JPG,Soil_Labeled_Data/M_0_10/L_90_100/alluvial/IMG_0370.JPG,PRESENT,False,a95e92f3f33a32ef78f9be1b28493a786b113d15593172565db13b4b076d102b,4,6,96,0,M_0_10,L_90_100,alluvial,phash:3f12adad0d3de4b3,phash:3f12adad0d3de4b3,,,train
96d3dc3ec61f9834746e,IMG_0371.JPG,Soil_Labeled_Data/M_0_10/L_90_100/alluvial/IMG_0371.JPG,Soil_Labeled_Data/M_0_10/L_90_100/alluvial/IMG_0371.JPG,PRESENT,False,a9eb5cff5c51cbb6332dbb8fcd66d954fa6fe64c1489245bc3c3aae2656eac2a,6,6,96,0,M_0_10,L_90_100,alluvial,phash:fce8ca8571b71253,phash:fce8ca8571b71253,,,train
4d1de4f3b67e502b6dd8,IMG_0372.JPG,Soil_Labeled_Data/M_0_10/L_90_100/alluvial/IMG_0372.JPG,Soil_Labeled_Data/M_0_10/L_90_100/alluvial/IMG_0372.JPG,PRESENT,False,fbfea86d0b5d0061a0648d8a27c2903a590905803d5ccbedd9d3bd8f78d11232,0,1,96,0,M_0_10,L_90_100,alluvial,phash:9a4f78194ba33596,phash:9a4f78194ba33596,,,train
00de741fe78ba9b741e8,IMG_0374.JPG,Soil_Labeled_Data/M_0_10/L_90_100/alluvial/IMG_0374.JPG,Soil_Labeled_Data/M_0_10/L_90_100/alluvial/IMG_0374.JPG,PRESENT,False,2eb93b9023ca5c3f5ceb5c6d8df16a2eadaeb197f4563d64046c446a463fbc78,4,5,95,0,M_0_10,L_90_100,alluvial,phash:69821793987007d8,phash:69821793987007d8,,,train
a3b50c781f733e9f023f,IMG_0374_aug_02_gray_brown.jpg,Soil_Labeled_Data/M_0_10/L_90_100/alluvial/IMG_0374_aug_02_gray_brown.jpg,Soil_Labeled_Data/M_0_10/L_90_100/alluvial/IMG_0374_aug_02_gray_brown.jpg,PRESENT,False,064a8a7d338ca36e07cae085fe791e133e8762ca3ea1a3d2973fcb7000bc5fbc,0,1,96,0,M_0_10,L_90_100,alluvial,phash:69821793987007d8,phash:69821793987007d8,,,train
62782e6169b81526b657,IMG_0375.JPG,Soil_Labeled_Data/M_0_10/L_90_100/alluvial/IMG_0375.JPG,Soil_Labeled_Data/M_0_10/L_90_100/alluvial/IMG_0375.JPG,PRESENT,False,1db7d7857ddac5c1c9fa9c29e19c791814d7f6c91f7c0afe5add56fdf1e40a8a,4,2,97,0,M_0_10,L_90_100,alluvial,phash:62782e6169b81526,phash:62782e6169b81526,,,train
37cd3faa2c42a07d4098,IMG_0377.JPG,Soil_Labeled_Data/M_0_10/L_90_100/alluvial/IMG_0377.JPG,Soil_Labeled_Data/M_0_10/L_90_100/alluvial/IMG_0377.JPG,PRESENT,False,44cd125c28c8f08d232b7e4809d689fde510d7a0debca76b5bee32ebbce04881,2,2,92,0,M_0_10,L_90_100,alluvial,phash:0c88b548dafd8086,phash:0c88b548dafd8086,,,train
6d5489b0c35cdca98286,IMG_0377_aug_01_clay_red.jpg,Soil_Labeled_Data/M_0_10/L_90_100/alluvial/IMG_0377_aug_01_clay_red.jpg,Soil_Labeled_Data/M_0_10/L_90_100/alluvial/IMG_0377_aug_01_clay_red.jpg,PRESENT,False,e34e5a49fadb9d8831d3ac938a0b80461d1c9efb81f8ad2cfdec335e195b3beb,4,5,94,0,M_0_10,L_90_100,alluvial,phash:0c88b548dafd8086,phash:0c88b548dafd8086,,,train
d7d598a3d6f9f624c036,IMG_0378.JPG,Soil_Labeled_Data/M_0_10/L_90_100/alluvial/IMG_0378.JPG,Soil_Labeled_Data/M_0_10/L_90_100/alluvial/IMG_0378.JPG,PRESENT,False,a8140f263e55059446ecb2751f094c4df8d69d682d7a563e98daf0cbafebd902,2,2,92,0,M_0_10,L_90_100,alluvial,phash:d7d598a3d6f9f624,phash:d7d598a3d6f9f624,,,train
c70cb1ebd327a849cd0f,IMG_0379.JPG,Soil_Labeled_Data/M_0_10/L_90_100/alluvial/IMG_0379.JPG,Soil_Labeled_Data/M_0_10/L_90_100/alluvial/IMG_0379.JPG,PRESENT,False,0e625bb48799bcaf8a1f99bdb29e24d9fdd74c1d96a317e6c843fb78b8205b64,6,8,93,0,M_0_10,L_90_100,alluvial,phash:c70cb1ebd327a849,phash:c70cb1ebd327a849,,,train
6c504e81e1ae75c17456,IMG_0380.JPG,Soil_Labeled_Data/M_0_10/L_90_100/alluvial/IMG_0380.JPG,Soil_Labeled_Data/M_0_10/L_90_100/alluvial/IMG_0380.JPG,PRESENT,False,a6b460c5facc371821d8b881b74d661204a239342dc4b3b4aa2a931752aee421,9,7,94,0,M_0_10,L_90_100,alluvial,phash:3b57f6533bc0aed4,phash:3b57f6533bc0aed4,,,train
c97cf062d6184c45072f,IMG_0380_aug_00_light_brown.jpg,Soil_Labeled_Data/M_0_10/L_90_100/alluvial/IMG_0380_aug_00_light_brown.jpg,Soil_Labeled_Data/M_0_10/L_90_100/alluvial/IMG_0380_aug_00_light_brown.jpg,PRESENT,False,bd221715151d680fe1966d81c4a367c9afed8a286b86d00e0b7caf79933dda46,6,7,90,0,M_0_10,L_90_100,alluvial,phash:3b57f6533bc0aed4,phash:3b57f6533bc0aed4,,,train
1d1622a9240107ad6fc0,IMG_0382.JPG,Soil_Labeled_Data/M_0_10/L_90_100/alluvial/IMG_0382.JPG,Soil_Labeled_Data/M_0_10/L_90_100/alluvial/IMG_0382.JPG,PRESENT,False,d81d41e7d8c948b0cf49ceaee163665819dd82ab834520925df4b36665bbefaf,6,5,100,0,M_0_10,L_90_100,alluvial,phash:221b56b65a88ae8d,phash:221b56b65a88ae8d,,,train
004d1a28e18251f40774,IMG_0383.JPG,Soil_Labeled_Data/M_0_10/L_90_100/alluvial/IMG_0383.JPG,Soil_Labeled_Data/M_0_10/L_90_100/alluvial/IMG_0383.JPG,PRESENT,False,6b917f7ffff150ed01b888a4fca42d29d311662f2c89a97eabfa89bfdec121b8,6,6,93,0,M_0_10,L_90_100,alluvial,phash:fc22572bf4f6c414,phash:fc22572bf4f6c414,,,train
148d217a845ce9abb3c2,IMG_0384.JPG,Soil_Labeled_Data/M_0_10/L_90_100/alluvial/IMG_0384.JPG,Soil_Labeled_Data/M_0_10/L_90_100/alluvial/IMG_0384.JPG,PRESENT,False,fed88993dd7845091cd63a13b9dbe9d0da2a41c683cf37bc3d82fc100038afb1,6,6,90,0,M_0_10,L_90_100,alluvial,phash:148d217a845ce9ab,phash:148d217a845ce9ab,,,train
18ba5ebbda21756c2de3,IMG_0408.JPG,Soil_Labeled_Data/M_10_20/L_0_10/alluvial/IMG_0408.JPG,Soil_Labeled_Data/M_10_20/L_0_10/alluvial/IMG_0408.JPG,PRESENT,False,b9ef1d757aee1c879254dc92179c3dcb890e595e62bb38ef396f19763e151785,15,21,1,1,M_10_20,L_0_10,alluvial,phash:18ba5ebbda21756c,phash:18ba5ebbda21756c,,,train
5a603f769a9f698e7689,IMG_0413.JPG,Soil_Labeled_Data/M_10_20/L_0_10/alluvial/IMG_0413.JPG,Soil_Labeled_Data/M_10_20/L_0_10/alluvial/IMG_0413.JPG,PRESENT,False,b26b265ab2f22f87c52990fcc07151eb2745ed57806d60e03b7f127b81f757c0,18,24,7,1,M_10_20,L_0_10,alluvial,phash:5a603f769a9f698e,phash:5a603f769a9f698e,,,train
016d55dde1c146a2c13b,IMG_0414.JPG,Soil_Labeled_Data/M_10_20/L_0_10/alluvial/IMG_0414.JPG,Soil_Labeled_Data/M_10_20/L_0_10/alluvial/IMG_0414.JPG,PRESENT,False,b3510851d6fa067bb80765be1e0e661897de10a3f8f503dceae6215089a1c203,18,21,6,1,M_10_20,L_0_10,alluvial,phash:016d55dde1c146a2,phash:016d55dde1c146a2,,,train
49415298643cb20f4a1a,IMG_0415.JPG,Soil_Labeled_Data/M_10_20/L_0_10/alluvial/IMG_0415.JPG,Soil_Labeled_Data/M_10_20/L_0_10/alluvial/IMG_0415.JPG,PRESENT,False,36986ac99ca1bc5d8500125e1d23a91b9dce4af722c1fb7626d5cb23f0708063,14,17,2,1,M_10_20,L_0_10,alluvial,phash:49415298643cb20f,phash:49415298643cb20f,,,train
518784514e39c50a6e7b,IMG_0417.JPG,Soil_Labeled_Data/M_10_20/L_0_10/alluvial/IMG_0417.JPG,Soil_Labeled_Data/M_10_20/L_0_10/alluvial/IMG_0417.JPG,PRESENT,False,79ac855b5d31d094017e0d0d3153f8888e8adf62f6118728fcf08040a374698d,20,23,9,1,M_10_20,L_0_10,alluvial,phash:518784514e39c50a,phash:518784514e39c50a,,,train
91a12b663d70b11b750c,IMG_0425.JPG,Soil_Labeled_Data/M_10_20/L_0_10/alluvial/IMG_0425.JPG,Soil_Labeled_Data/M_10_20/L_0_10/alluvial/IMG_0425.JPG,PRESENT,False,ae56f02cca531b4c443f8075815a0e531a78419f254be70236e1774c465cce23,15,18,2,1,M_10_20,L_0_10,alluvial,phash:91a12b663d70b11b,phash:91a12b663d70b11b,,,train
61ae752f69782e3ee065,IMG_0450.JPG,Soil_Labeled_Data/M_10_20/L_10_20/alluvial/IMG_0450.JPG,Soil_Labeled_Data/M_10_20/L_10_20/alluvial/IMG_0450.JPG,PRESENT,False,db49b1de22d6f4b1ee9a1037c724e277d2037af7dd3746a3113dabfbb1c36def,12,15,16,1,M_10_20,L_10_20,alluvial,phash:e5ae9c0394f3d4c2,phash:e5ae9c0394f3d4c2,,,train
3219645290bd14949ad6,IMG_0453.JPG,Soil_Labeled_Data/M_10_20/L_10_20/alluvial/IMG_0453.JPG,Soil_Labeled_Data/M_10_20/L_10_20/alluvial/IMG_0453.JPG,PRESENT,False,8733833c9ab874ec2358ac067e8fd7fe1f4ae7bda06bbf93422eea12ba464729,19,22,20,1,M_10_20,L_10_20,alluvial,phash:3219645290bd1494,phash:3219645290bd1494,,,train
4f0627c3724650799c8a,IMG_0456.JPG,Soil_Labeled_Data/M_10_20/L_10_20/alluvial/IMG_0456.JPG,Soil_Labeled_Data/M_10_20/L_10_20/alluvial/IMG_0456.JPG,PRESENT,False,0e5b8cdf11fd92993a1a16d97ec5380e20b411f2f2875be8747d2d3af4ad7762,20,26,13,1,M_10_20,L_10_20,alluvial,phash:93e21936b8adaeb4,phash:93e21936b8adaeb4,,,train
5d945640d34e1e6f333d,IMG_0457.JPG,Soil_Labeled_Data/M_10_20/L_10_20/alluvial/IMG_0457.JPG,Soil_Labeled_Data/M_10_20/L_10_20/alluvial/IMG_0457.JPG,PRESENT,False,c42a95447c5adcbc9cdb1b23d2e6ff78591daf3dd9aae8dfc8185fef06feec4d,13,16,20,1,M_10_20,L_10_20,alluvial,phash:4af546806af8d36b,phash:4af546806af8d36b,,,train
15d3b29e41641270332d,IMG_0458.JPG,Soil_Labeled_Data/M_10_20/L_10_20/alluvial/IMG_0458.JPG,Soil_Labeled_Data/M_10_20/L_10_20/alluvial/IMG_0458.JPG,PRESENT,False,99d0be7fd513488c3b8f6dcd1846882f9ca58bc9d80c064c8df995f3a5678c0f,17,23,11,1,M_10_20,L_10_20,alluvial,phash:7f5657f9fefd180e,phash:7f5657f9fefd180e,,,train
a9ae46e7c04342b57cda,IMG_0461.JPG,Soil_Labeled_Data/M_10_20/L_10_20/alluvial/IMG_0461.JPG,Soil_Labeled_Data/M_10_20/L_10_20/alluvial/IMG_0461.JPG,PRESENT,False,38dcfe902960e7733aed4a29281522276fc6af52b32f3af9601c188c0a6b6d50,14,18,10,1,M_10_20,L_10_20,alluvial,phash:649f07958420e754,phash:649f07958420e754,,,train
1938ef7e84e4bb8470a6,IMG_0466.JPG,Soil_Labeled_Data/M_10_20/L_10_20/alluvial/IMG_0466.JPG,Soil_Labeled_Data/M_10_20/L_10_20/alluvial/IMG_0466.JPG,PRESENT,False,d71817d48eeca6f6c07746f12da584ac77a65c80882c16c69e2e1509cce49c0c,18,20,10,1,M_10_20,L_10_20,alluvial,phash:c561966d4425a4f8,phash:c561966d4425a4f8,,,train
c1601c5a61bac208d101,IMG_0497.JPG,Soil_Labeled_Data/M_10_20/L_20_30/alluvial/IMG_0497.JPG,Soil_Labeled_Data/M_10_20/L_20_30/alluvial/IMG_0497.JPG,PRESENT,False,3195c14828518e7a7e73a5fae7682af4eae9fae45577367d5d556420ba7c81ca,15,18,24,1,M_10_20,L_20_30,alluvial,phash:5bf1ed8e03d8be73,phash:5bf1ed8e03d8be73,,,train
826a4ae40aa152a150f0,IMG_0499.JPG,Soil_Labeled_Data/M_10_20/L_20_30/alluvial/IMG_0499.JPG,Soil_Labeled_Data/M_10_20/L_20_30/alluvial/IMG_0499.JPG,PRESENT,False,577a88b86d69a7f2d1bd554ba6eb2eca7a6f23f9261e9c986636ed222ed3121b,12,14,26,1,M_10_20,L_20_30,alluvial,phash:826a4ae40aa152a1,phash:826a4ae40aa152a1,,,train
41224598b6ecb3c928de,IMG_0500.JPG,Soil_Labeled_Data/M_10_20/L_20_30/alluvial/IMG_0500.JPG,Soil_Labeled_Data/M_10_20/L_20_30/alluvial/IMG_0500.JPG,PRESENT,False,2fec450354b12923c906e82a1fcb75666e8cdb4e82ad05594b65536a5e3cb5ff,15,16,22,1,M_10_20,L_20_30,alluvial,phash:59c86ca7b0ff6cbe,phash:59c86ca7b0ff6cbe,,,train
437bfccb32ebd8c0679f,IMG_0501.JPG,Soil_Labeled_Data/M_10_20/L_20_30/alluvial/IMG_0501.JPG,Soil_Labeled_Data/M_10_20/L_20_30/alluvial/IMG_0501.JPG,PRESENT,False,d2f719f5a54c294c2847e999e63909944d6dc41a7bfee20582ddc287885b459f,17,19,24,1,M_10_20,L_20_30,alluvial,phash:466c9def00cb8061,phash:466c9def00cb8061,,,train
95888be319a1a115599f,IMG_0502.JPG,Soil_Labeled_Data/M_10_20/L_20_30/alluvial/IMG_0502.JPG,Soil_Labeled_Data/M_10_20/L_20_30/alluvial/IMG_0502.JPG,PRESENT,False,4fcb928b7e0b16ab8d1f9ff79993025439841e049e5ea5cd58c475a5cfd5bee4,15,19,28,1,M_10_20,L_20_30,alluvial,phash:2977e23d0929cfa6,phash:2977e23d0929cfa6,,,train
01a2aba4bd8848b3d5a9,IMG_0503.JPG,Soil_Labeled_Data/M_10_20/L_20_30/alluvial/IMG_0503.JPG,Soil_Labeled_Data/M_10_20/L_20_30/alluvial/IMG_0503.JPG,PRESENT,False,f2c66971f9e2caf06fd9d1540627fefddec9b74ded74d87053ef202ecdd9ee9a,10,15,24,1,M_10_20,L_20_30,alluvial,phash:bc029cd79db808a1,phash:bc029cd79db808a1,,,train
a62890d4b286bed18cf4,IMG_0504.JPG,Soil_Labeled_Data/M_10_20/L_20_30/alluvial/IMG_0504.JPG,Soil_Labeled_Data/M_10_20/L_20_30/alluvial/IMG_0504.JPG,PRESENT,False,e4e85902664fcfe4631c3eb9ae33e6e4dff3818dfe3eb86935929d0835b26849,14,19,25,1,M_10_20,L_20_30,alluvial,phash:68c0216d4e775305,phash:68c0216d4e775305,,,train
e48272a1d59ed39a47f0,IMG_0505.JPG,Soil_Labeled_Data/M_10_20/L_20_30/alluvial/IMG_0505.JPG,Soil_Labeled_Data/M_10_20/L_20_30/alluvial/IMG_0505.JPG,PRESENT,False,eee4e1708352b239053355f4f5de6b66dd27baa2c4b752b456f3b7d730f78c19,20,23,24,1,M_10_20,L_20_30,alluvial,phash:b33553afc04cc567,phash:b33553afc04cc567,,,train
fe60e8132d44e93d19d1,IMG_0506.JPG,Soil_Labeled_Data/M_10_20/L_20_30/alluvial/IMG_0506.JPG,Soil_Labeled_Data/M_10_20/L_20_30/alluvial/IMG_0506.JPG,PRESENT,False,d7a7427be20ab01e556dc63caca5929e25ab7fefd5f90831609c3252ff1bf785,11,12,25,1,M_10_20,L_20_30,alluvial,phash:d4cac56fbf8548b6,phash:d4cac56fbf8548b6,,,train
563310907c591d3b3761,IMG_0507.JPG,Soil_Labeled_Data/M_10_20/L_20_30/alluvial/IMG_0507.JPG,Soil_Labeled_Data/M_10_20/L_20_30/alluvial/IMG_0507.JPG,PRESENT,False,5782e1ee95d73376b20d2b3b292fc22c3b819f523c2c6f37d0a3a0954897d43e,15,17,21,1,M_10_20,L_20_30,alluvial,phash:97840c038cf0ca41,phash:97840c038cf0ca41,,,train
37a076de98a612403602,IMG_0508.JPG,Soil_Labeled_Data/M_10_20/L_20_30/alluvial/IMG_0508.JPG,Soil_Labeled_Data/M_10_20/L_20_30/alluvial/IMG_0508.JPG,PRESENT,False,125d52a0b9a03f990e69ba7ec81220bd3a7d03dc6ea57cd9889b3f53ae6a6ba9,17,19,20,1,M_10_20,L_20_30,alluvial,phash:051110bc56e248a7,phash:051110bc56e248a7,,,train
50382c709700b9f7e008,IMG_0510.JPG,Soil_Labeled_Data/M_10_20/L_20_30/alluvial/IMG_0510.JPG,Soil_Labeled_Data/M_10_20/L_20_30/alluvial/IMG_0510.JPG,PRESENT,False,e66fadc884f69fe92241aa15de2c623c6f5d3e6e1a21c4ebd553e6da3324a791,10,12,28,1,M_10_20,L_20_30,alluvial,phash:33784c06279c45c9,phash:33784c06279c45c9,,,train
0dc51ac22d3bb5e4448c,IMG_0512.JPG,Soil_Labeled_Data/M_10_20/L_20_30/alluvial/IMG_0512.JPG,Soil_Labeled_Data/M_10_20/L_20_30/alluvial/IMG_0512.JPG,PRESENT,False,0cf8588fb69f8fb34cb96b2679e7f99d2aea32209607965c4ec2ec41ffdb768d,17,20,28,1,M_10_20,L_20_30,alluvial,phash:08b7389bd339e9c1,phash:08b7389bd339e9c1,,,train
7558078785139f15f279,IMG_0513.JPG,Soil_Labeled_Data/M_10_20/L_20_30/alluvial/IMG_0513.JPG,Soil_Labeled_Data/M_10_20/L_20_30/alluvial/IMG_0513.JPG,PRESENT,False,aace20143f9817bc2f7c0d12aea94904bfbfc29b0ca6e958f3811b23bd3ff2a3,11,12,27,1,M_10_20,L_20_30,alluvial,phash:ec75f2cfc0deaff3,phash:ec75f2cfc0deaff3,,,train
4ab6916fad9f71572be3,IMG_0514.JPG,Soil_Labeled_Data/M_10_20/L_20_30/alluvial/IMG_0514.JPG,Soil_Labeled_Data/M_10_20/L_20_30/alluvial/IMG_0514.JPG,PRESENT,False,e10e1cd3034f40790170459cab66fc93c23721b877e1ce31a99e592ea56c1904,14,15,22,1,M_10_20,L_20_30,alluvial,phash:54782112c471a7dd,phash:54782112c471a7dd,,,train
95dfe5edf960edd5fb66,IMG_0515.JPG,Soil_Labeled_Data/M_10_20/L_20_30/alluvial/IMG_0515.JPG,Soil_Labeled_Data/M_10_20/L_20_30/alluvial/IMG_0515.JPG,PRESENT,False,1777afb5b239a0368940839cee76cb344f249e413a25e29a6bcf9aa569f293f3,11,17,20,1,M_10_20,L_20_30,alluvial,phash:f4840b581e6dd76a,phash:f4840b581e6dd76a,,,train
928cb660b388fd294fa3,IMG_0516.JPG,Soil_Labeled_Data/M_10_20/L_20_30/alluvial/IMG_0516.JPG,Soil_Labeled_Data/M_10_20/L_20_30/alluvial/IMG_0516.JPG,PRESENT,False,3421448f32adccfff2d7c5988f7cd686f3c64e5506562d1c7db4787c021b954b,10,15,25,1,M_10_20,L_20_30,alluvial,phash:94504f8b15c25eb0,phash:94504f8b15c25eb0,,,train
243464243ebda3bd52cd,IMG_0543.JPG,Soil_Labeled_Data/M_10_20/L_30_40/alluvial/IMG_0543.JPG,Soil_Labeled_Data/M_10_20/L_30_40/alluvial/IMG_0543.JPG,PRESENT,False,caff03ada9d3685ba0f66ad2ad690e86be299ad69b09d395d03510fcdb2e073a,11,15,38,1,M_10_20,L_30_40,alluvial,phash:738961f08c6ad95f,phash:738961f08c6ad95f,,,train
ca829f329b9ad94004d1,IMG_0544.JPG,Soil_Labeled_Data/M_10_20/L_30_40/alluvial/IMG_0544.JPG,Soil_Labeled_Data/M_10_20/L_30_40/alluvial/IMG_0544.JPG,PRESENT,False,424c8a2e617c4bf7f8b558f79beef0ea0d73bdb170a5852efd95554165b38b6a,18,23,38,1,M_10_20,L_30_40,alluvial,phash:ed6979670d9f9dea,phash:ed6979670d9f9dea,,,train
dde21f78450400b80e92,IMG_0545.JPG,Soil_Labeled_Data/M_10_20/L_30_40/alluvial/IMG_0545.JPG,Soil_Labeled_Data/M_10_20/L_30_40/alluvial/IMG_0545.JPG,PRESENT,False,6e51a4d966993703f22b12da28dc244e153eab06bd157b24c282ca92af03b3c1,14,15,37,1,M_10_20,L_30_40,alluvial,phash:1f63adda602b4998,phash:1f63adda602b4998,,,train
526ef66582a00124cca7,IMG_0548.JPG,Soil_Labeled_Data/M_10_20/L_30_40/alluvial/IMG_0548.JPG,Soil_Labeled_Data/M_10_20/L_30_40/alluvial/IMG_0548.JPG,PRESENT,False,83706b2f205b2d1960a0633c7c2bfd2416ea22dcb0a137b36822a30a991e8cad,20,24,36,1,M_10_20,L_30_40,alluvial,phash:9eb4ee466e7f1dc6,phash:9eb4ee466e7f1dc6,,,train
2373c6a3c3143bd6d576,IMG_0549.JPG,Soil_Labeled_Data/M_10_20/L_30_40/alluvial/IMG_0549.JPG,Soil_Labeled_Data/M_10_20/L_30_40/alluvial/IMG_0549.JPG,PRESENT,False,b8d5ce7a80f412bffe005772e3c75bd2a8ed74dda289ade606eae9a5fc0f15f9,19,21,35,1,M_10_20,L_30_40,alluvial,phash:5af44fcdc59439fe,phash:5af44fcdc59439fe,,,train
2624d1aad009a6084645,IMG_0550.JPG,Soil_Labeled_Data/M_10_20/L_30_40/alluvial/IMG_0550.JPG,Soil_Labeled_Data/M_10_20/L_30_40/alluvial/IMG_0550.JPG,PRESENT,False,136246d8e891293f44b128f62f520a42883a0c715e89c08c925443e72de3ac6f,18,19,38,1,M_10_20,L_30_40,alluvial,phash:2624d1aad009a608,phash:2624d1aad009a608,,,train
3693ec3fbaaead5652e3,IMG_0551.JPG,Soil_Labeled_Data/M_10_20/L_30_40/alluvial/IMG_0551.JPG,Soil_Labeled_Data/M_10_20/L_30_40/alluvial/IMG_0551.JPG,PRESENT,False,919498d4462018288ca1e245281bd39878e8db7f8bf605236e795f9d27596426,18,23,34,1,M_10_20,L_30_40,alluvial,phash:e68869e5052b62ca,phash:e68869e5052b62ca,,,train
7f50493d508392054a68,IMG_0552.JPG,Soil_Labeled_Data/M_10_20/L_30_40/alluvial/IMG_0552.JPG,Soil_Labeled_Data/M_10_20/L_30_40/alluvial/IMG_0552.JPG,PRESENT,False,03cc6529c94eb4c1fc7208b85e222b2777ffdf57c2f42a78025760fcf8bea72b,11,13,34,1,M_10_20,L_30_40,alluvial,phash:6123742d1b5e5915,phash:6123742d1b5e5915,,,train
95415783e37855a0044e,IMG_0555.JPG,Soil_Labeled_Data/M_10_20/L_30_40/alluvial/IMG_0555.JPG,Soil_Labeled_Data/M_10_20/L_30_40/alluvial/IMG_0555.JPG,PRESENT,False,75705932981f8a194f393e8007632acca980093c7341d507fb06c76ce18974ee,12,16,33,1,M_10_20,L_30_40,alluvial,phash:2c0a79d874f6e502,phash:2c0a79d874f6e502,,,train
a55a02707120bce2b479,IMG_0556.JPG,Soil_Labeled_Data/M_10_20/L_30_40/alluvial/IMG_0556.JPG,Soil_Labeled_Data/M_10_20/L_30_40/alluvial/IMG_0556.JPG,PRESENT,False,49a3e5c5586d3bc28163ccaee52679413657461d5a4548ddb9e038cd4de99312,16,20,40,1,M_10_20,L_30_40,alluvial,phash:daa0dce101fa60b2,phash:daa0dce101fa60b2,,,train
39f59242d4696f8eb8e3,IMG_0559.JPG,Soil_Labeled_Data/M_10_20/L_30_40/alluvial/IMG_0559.JPG,Soil_Labeled_Data/M_10_20/L_30_40/alluvial/IMG_0559.JPG,PRESENT,False,569bcfa47636f67a6eb65869006d2807e7b77509c29c4ff09c614fc5d57daeb4,11,13,30,1,M_10_20,L_30_40,alluvial,phash:433a9f8bcc2a8639,phash:433a9f8bcc2a8639,,,train
bc5767f060966b0bbf7a,IMG_0560.JPG,Soil_Labeled_Data/M_10_20/L_30_40/alluvial/IMG_0560.JPG,Soil_Labeled_Data/M_10_20/L_30_40/alluvial/IMG_0560.JPG,PRESENT,False,216ec57fae73fbd9d98d00c94756c7f74e37f6ca01cecd95c429c9a0eb4be43d,16,18,38,1,M_10_20,L_30_40,alluvial,phash:f8225daf0ba1933d,phash:f8225daf0ba1933d,,,train
43028492c59774a570ca,IMG_0561.JPG,Soil_Labeled_Data/M_10_20/L_30_40/alluvial/IMG_0561.JPG,Soil_Labeled_Data/M_10_20/L_30_40/alluvial/IMG_0561.JPG,PRESENT,False,861bb61b79cc401d156f7d8a5c71e5d4e718187776ef59d97728da314a31d6f9,17,22,38,1,M_10_20,L_30_40,alluvial,phash:b2562dcc7bb703ed,phash:b2562dcc7bb703ed,,,train
c6f2e265af48dd29d1e5,IMG_0583.JPG,Soil_Labeled_Data/M_10_20/L_40_50/alluvial/IMG_0583.JPG,Soil_Labeled_Data/M_10_20/L_40_50/alluvial/IMG_0583.JPG,PRESENT,False,2080f4e0a7fa774c6a43fc40a0f6c8bfba09882d1ca572b41aa354025d76ff6e,12,12,41,1,M_10_20,L_40_50,alluvial,phash:c6f2e265af48dd29,phash:c6f2e265af48dd29,,,train
b0fe3f916ee4dac9969d,IMG_0584.JPG,Soil_Labeled_Data/M_10_20/L_40_50/alluvial/IMG_0584.JPG,Soil_Labeled_Data/M_10_20/L_40_50/alluvial/IMG_0584.JPG,PRESENT,False,cea905995253a0148cf98959b3d53ee1bb4bfc9505f7358fb9d17d0f8bdf444c,16,19,43,1,M_10_20,L_40_50,alluvial,phash:b0fe3f916ee4dac9,phash:b0fe3f916ee4dac9,,,train
8fd8f57b480b058ff670,IMG_0585.JPG,Soil_Labeled_Data/M_10_20/L_40_50/alluvial/IMG_0585.JPG,Soil_Labeled_Data/M_10_20/L_40_50/alluvial/IMG_0585.JPG,PRESENT,False,edc58d0d79277488a466d73a87fe82f673dd97c3a582ba13e9a6dfd1b399f18f,13,13,42,1,M_10_20,L_40_50,alluvial,phash:2046b74097299a13,phash:2046b74097299a13,,,train
51cb23323e39460762b4,IMG_0586.JPG,Soil_Labeled_Data/M_10_20/L_40_50/alluvial/IMG_0586.JPG,Soil_Labeled_Data/M_10_20/L_40_50/alluvial/IMG_0586.JPG,PRESENT,False,82ef39a9f866a01c25bc18b31a870e08cedd57e587381ff4935f44f135991c59,16,16,49,1,M_10_20,L_40_50,alluvial,phash:0812a163177bf539,phash:0812a163177bf539,,,train
bcd923e8494276b014ae,IMG_0587.JPG,Soil_Labeled_Data/M_10_20/L_40_50/alluvial/IMG_0587.JPG,Soil_Labeled_Data/M_10_20/L_40_50/alluvial/IMG_0587.JPG,PRESENT,False,4b83c3f152553e0e4be4e36570425d5cf023f2104ddf2cdcb2fdb97c8c5c6fc8,16,20,49,1,M_10_20,L_40_50,alluvial,phash:5733abd69998f077,phash:5733abd69998f077,,,train
5a655ea19cb25d89d569,IMG_0588.JPG,Soil_Labeled_Data/M_10_20/L_40_50/alluvial/IMG_0588.JPG,Soil_Labeled_Data/M_10_20/L_40_50/alluvial/IMG_0588.JPG,PRESENT,False,c75371f692fa8c989cab1e6a63e7ec95b0ed45ed47adaeee1f85270f7bed4d09,11,16,40,1,M_10_20,L_40_50,alluvial,phash:a76329a9ee2f4159,phash:a76329a9ee2f4159,,,train
2dcbdd9eeb2ad3ffdf9a,IMG_0589.JPG,Soil_Labeled_Data/M_10_20/L_40_50/alluvial/IMG_0589.JPG,Soil_Labeled_Data/M_10_20/L_40_50/alluvial/IMG_0589.JPG,PRESENT,False,ecc5a19fb487e1dc86e3c0782989b4372978834179eaba66f687afee520a34a3,10,12,47,1,M_10_20,L_40_50,alluvial,phash:8a87f33cf199dff1,phash:8a87f33cf199dff1,,,train
54418568bbf26910e1d3,IMG_0590.JPG,Soil_Labeled_Data/M_10_20/L_40_50/alluvial/IMG_0590.JPG,Soil_Labeled_Data/M_10_20/L_40_50/alluvial/IMG_0590.JPG,PRESENT,False,1e11322f39f2387b14f4204cef87f273659a081cc6e4d8adae8f4052bd92fb9f,19,23,40,1,M_10_20,L_40_50,alluvial,phash:507b6b1f4054a934,phash:507b6b1f4054a934,,,train
ca4cd0f77ea3738b09aa,IMG_0591.JPG,Soil_Labeled_Data/M_10_20/L_40_50/alluvial/IMG_0591.JPG,Soil_Labeled_Data/M_10_20/L_40_50/alluvial/IMG_0591.JPG,PRESENT,False,6941d24b888fd662a3f3ee37f6d610f2b9c6b5deded2d5504e1a74008b4ef046,10,13,49,1,M_10_20,L_40_50,alluvial,phash:2a98fc04f9504a93,phash:2a98fc04f9504a93,,,train
1377262bbdc2a851212d,IMG_0594.JPG,Soil_Labeled_Data/M_10_20/L_40_50/alluvial/IMG_0594.JPG,Soil_Labeled_Data/M_10_20/L_40_50/alluvial/IMG_0594.JPG,PRESENT,False,2da87e10945b85ecdb590da6adf1d3aedfbe5c5af3dbc6e38415455c31edc297,14,16,40,1,M_10_20,L_40_50,alluvial,phash:60b3568e8b1cc117,phash:60b3568e8b1cc117,,,train
717b3304df5135fe82b7,IMG_0595.JPG,Soil_Labeled_Data/M_10_20/L_40_50/alluvial/IMG_0595.JPG,Soil_Labeled_Data/M_10_20/L_40_50/alluvial/IMG_0595.JPG,PRESENT,False,52342fca6242db82550715f7a93f848f984f9cf118579e84978d82a8e2ea46d5,19,19,41,1,M_10_20,L_40_50,alluvial,phash:38ee9b49340cc8f6,phash:38ee9b49340cc8f6,,,train
f04f5b3a7a2b337ecf64,IMG_0600.JPG,Soil_Labeled_Data/M_10_20/L_40_50/alluvial/IMG_0600.JPG,Soil_Labeled_Data/M_10_20/L_40_50/alluvial/IMG_0600.JPG,PRESENT,False,720426f77a7a2206782d0b0ff4c8e9169824f75561f041d3f94e0faeba8191da,12,15,41,1,M_10_20,L_40_50,alluvial,phash:841854c902c8e87e,phash:841854c902c8e87e,,,train
c1dfc7e942bc69641600,IMG_0627.JPG,Soil_Labeled_Data/M_10_20/L_50_60/alluvial/IMG_0627.JPG,Soil_Labeled_Data/M_10_20/L_50_60/alluvial/IMG_0627.JPG,PRESENT,False,eef9eb7531d51cf49ee4f6d3cc6a40093e8e20692edc8841f872187fa18b77b7,16,18,60,1,M_10_20,L_50_60,alluvial,phash:559bc98d230bebc4,phash:559bc98d230bebc4,,,train
9610846925935c5fdb82,IMG_0630.JPG,Soil_Labeled_Data/M_10_20/L_50_60/alluvial/IMG_0630.JPG,Soil_Labeled_Data/M_10_20/L_50_60/alluvial/IMG_0630.JPG,PRESENT,False,4bd7cee210791214970fd9eedf1ae0feb16ce19e90a919f5bcecb5e1ceef5f30,11,14,50,1,M_10_20,L_50_60,alluvial,phash:397b60f63f3838c5,phash:397b60f63f3838c5,,,train
4be5cfbd6901d7af4815,IMG_0631.JPG,Soil_Labeled_Data/M_10_20/L_50_60/alluvial/IMG_0631.JPG,Soil_Labeled_Data/M_10_20/L_50_60/alluvial/IMG_0631.JPG,PRESENT,False,568046b5411267d9221e7c1d221cb14f10cf7e778b14e52654a51a4ad137b280,20,22,57,1,M_10_20,L_50_60,alluvial,phash:85871f28e0d5f46c,phash:85871f28e0d5f46c,,,train
dcd076fa54f745c8d9f6,IMG_0631_aug_02_light_brown.jpg,Soil_Labeled_Data/M_10_20/L_50_60/alluvial/IMG_0631_aug_02_light_brown.jpg,Soil_Labeled_Data/M_10_20/L_50_60/alluvial/IMG_0631_aug_02_light_brown.jpg,PRESENT,False,1bb0ec756e0a8f4bb7c2b078382e07010dde2bf4c4719ae2e0b4c1ef55acafbb,16,19,60,1,M_10_20,L_50_60,alluvial,phash:85871f28e0d5f46c,phash:85871f28e0d5f46c,,,train
a8fa1bdcea234fc82dbc,IMG_0632.JPG,Soil_Labeled_Data/M_10_20/L_50_60/alluvial/IMG_0632.JPG,Soil_Labeled_Data/M_10_20/L_50_60/alluvial/IMG_0632.JPG,PRESENT,False,007b0e49007fb3fdf6ef79a084a2809fe922063dca5033ee9ac14f0ca0b45735,16,18,57,1,M_10_20,L_50_60,alluvial,phash:e41b56e0db0207b7,phash:e41b56e0db0207b7,,,train
abe781f1328a53f58d4a,IMG_0632_aug_00_light_brown.jpg,Soil_Labeled_Data/M_10_20/L_50_60/alluvial/IMG_0632_aug_00_light_brown.jpg,Soil_Labeled_Data/M_10_20/L_50_60/alluvial/IMG_0632_aug_00_light_brown.jpg,PRESENT,False,3977d76b19b820390091419f6ace7fee53e06b680b16d39ae04f486d9cf3d1ef,14,18,56,1,M_10_20,L_50_60,alluvial,phash:e41b56e0db0207b7,phash:e41b56e0db0207b7,,,train
83a769720fc7caf38aab,IMG_0638.JPG,Soil_Labeled_Data/M_10_20/L_50_60/alluvial/IMG_0638.JPG,Soil_Labeled_Data/M_10_20/L_50_60/alluvial/IMG_0638.JPG,PRESENT,False,95fbdf0d0d0940250b9d76de0bbff9577845bb85e99814d3feef73339f7f6a6c,14,15,52,1,M_10_20,L_50_60,alluvial,phash:1911bb4b9fe3f730,phash:1911bb4b9fe3f730,,,train
07a5869016f2f16f587d,IMG_0638_aug_03_wet_gray.jpg,Soil_Labeled_Data/M_10_20/L_50_60/alluvial/IMG_0638_aug_03_wet_gray.jpg,Soil_Labeled_Data/M_10_20/L_50_60/alluvial/IMG_0638_aug_03_wet_gray.jpg,PRESENT,False,0d1afb4849edb07debde6789a81b11c93ff3c380b62e4e7d4700cda2ac37675d,13,14,53,1,M_10_20,L_50_60,alluvial,phash:1911bb4b9fe3f730,phash:1911bb4b9fe3f730,,,train
461f8163d3f3b5404fdf,IMG_0640.JPG,Soil_Labeled_Data/M_10_20/L_50_60/alluvial/IMG_0640.JPG,Soil_Labeled_Data/M_10_20/L_50_60/alluvial/IMG_0640.JPG,PRESENT,False,16b6664328cb560bf2dcc204aca8e55d270d5122f69ed682b196f3f850cf6d5b,17,17,54,1,M_10_20,L_50_60,alluvial,phash:252bcc7e88528538,phash:252bcc7e88528538,,,train
fee98f4c16305f18de12,IMG_0641.JPG,Soil_Labeled_Data/M_10_20/L_50_60/alluvial/IMG_0641.JPG,Soil_Labeled_Data/M_10_20/L_50_60/alluvial/IMG_0641.JPG,PRESENT,False,18057ee267097562017f32da8aa8828df609ac5d67bf832ff43e7a8da70e1b21,15,15,56,1,M_10_20,L_50_60,alluvial,phash:dbf2ab5282982124,phash:dbf2ab5282982124,,,train
1adaffb9c6a7576f88f5,IMG_0642.JPG,Soil_Labeled_Data/M_10_20/L_50_60/alluvial/IMG_0642.JPG,Soil_Labeled_Data/M_10_20/L_50_60/alluvial/IMG_0642.JPG,PRESENT,False,499b48a9dec8e36961cf4e40be5b4fe48b19cf5f8450a866e502cc43d8fc4a15,15,15,51,1,M_10_20,L_50_60,alluvial,phash:b897f55411018911,phash:b897f55411018911,,,train
4955b1e65e0b93b5692a,IMG_0642_aug_04_gray_brown.jpg,Soil_Labeled_Data/M_10_20/L_50_60/alluvial/IMG_0642_aug_04_gray_brown.jpg,Soil_Labeled_Data/M_10_20/L_50_60/alluvial/IMG_0642_aug_04_gray_brown.jpg,PRESENT,False,06dc15310673b769141edca83f2e9ff96a45cb1d491b26e1d8bdf20d41f3c055,13,14,52,1,M_10_20,L_50_60,alluvial,phash:b897f55411018911,phash:b897f55411018911,,,train
b98d19481a4350313bcb,IMG_0643.JPG,Soil_Labeled_Data/M_10_20/L_50_60/alluvial/IMG_0643.JPG,Soil_Labeled_Data/M_10_20/L_50_60/alluvial/IMG_0643.JPG,PRESENT,False,72214f0a14a2b7dde330a65055e5dcc078076bc3d4820235c9114b9adc791f12,17,19,56,1,M_10_20,L_50_60,alluvial,phash:c94034bd6661b8fb,phash:c94034bd6661b8fb,,,train
d6aaad6f773f0e44d639,IMG_0643_aug_05_clay_red.jpg,Soil_Labeled_Data/M_10_20/L_50_60/alluvial/IMG_0643_aug_05_clay_red.jpg,Soil_Labeled_Data/M_10_20/L_50_60/alluvial/IMG_0643_aug_05_clay_red.jpg,PRESENT,False,06230c1325c05df77c8901fa05fc0cc87b321c094796dd9019481f0168a112a2,16,17,58,1,M_10_20,L_50_60,alluvial,phash:c94034bd6661b8fb,phash:c94034bd6661b8fb,,,train
9ae0efc59cf6c1e6d704,IMG_0644.JPG,Soil_Labeled_Data/M_10_20/L_50_60/alluvial/IMG_0644.JPG,Soil_Labeled_Data/M_10_20/L_50_60/alluvial/IMG_0644.JPG,PRESENT,False,5bb342f0cf56ebda5dd551966e47ba8353b1284d16054cda8fb1c4eb4c4fed4d,10,13,58,1,M_10_20,L_50_60,alluvial,phash:8f6adc2c4b57fab2,phash:8f6adc2c4b57fab2,,,train
878e1a0bb45e95e49337,IMG_0645.JPG,Soil_Labeled_Data/M_10_20/L_50_60/alluvial/IMG_0645.JPG,Soil_Labeled_Data/M_10_20/L_50_60/alluvial/IMG_0645.JPG,PRESENT,False,ecb4b5f31d07441feea1f052f1525883340bb44ac1f6b7b959fa45ca16e46613,14,16,57,1,M_10_20,L_50_60,alluvial,phash:2673c07fa3a6aac1,phash:2673c07fa3a6aac1,,,train
8b16f4c1a439a5978b59,IMG_0675.JPG,Soil_Labeled_Data/M_10_20/L_60_70/alluvial/IMG_0675.JPG,Soil_Labeled_Data/M_10_20/L_60_70/alluvial/IMG_0675.JPG,PRESENT,False,c7e911c5514bd5fa414e2c5cfc1711214cac57fa1009eb7c728f08bba22aa59c,10,11,66,1,M_10_20,L_60_70,alluvial,phash:a428d9fcdf8d24fa,phash:a428d9fcdf8d24fa,,,train
85641898d5f2e8a948fb,IMG_0676.JPG,Soil_Labeled_Data/M_10_20/L_60_70/alluvial/IMG_0676.JPG,Soil_Labeled_Data/M_10_20/L_60_70/alluvial/IMG_0676.JPG,PRESENT,False,8ef3f93246f0d93faf3f50ec2b9f4c824433b1589008e0b34a3c22cdc0829dd4,20,23,63,1,M_10_20,L_60_70,alluvial,phash:984a40d9cc34abc9,phash:984a40d9cc34abc9,,,train
2520e5aa2cfb5ba933bf,IMG_0676_aug_09_light_brown.jpg,Soil_Labeled_Data/M_10_20/L_60_70/alluvial/IMG_0676_aug_09_light_brown.jpg,Soil_Labeled_Data/M_10_20/L_60_70/alluvial/IMG_0676_aug_09_light_brown.jpg,PRESENT,False,7c50fd18463f561944f05197fc4a891b7a18ef3d49bf898604e0886fa9886c12,17,17,60,1,M_10_20,L_60_70,alluvial,phash:984a40d9cc34abc9,phash:984a40d9cc34abc9,,,train
c826f9ca288766fcadbb,IMG_0677.JPG,Soil_Labeled_Data/M_10_20/L_60_70/alluvial/IMG_0677.JPG,Soil_Labeled_Data/M_10_20/L_60_70/alluvial/IMG_0677.JPG,PRESENT,False,b82f747d017c79a9821acd75d5a61a9d1afd4c5ffa399838338b1c5cf91f252d,17,19,69,1,M_10_20,L_60_70,alluvial,phash:984a40d9cc34abc9,phash:984a40d9cc34abc9,,,train
4e343e2420dbb94be9c1,IMG_0677_aug_06_wet_gray.jpg,Soil_Labeled_Data/M_10_20/L_60_70/alluvial/IMG_0677_aug_06_wet_gray.jpg,Soil_Labeled_Data/M_10_20/L_60_70/alluvial/IMG_0677_aug_06_wet_gray.jpg,PRESENT,False,a02a82cb24c519743e328247b45210976b3a7dfe1c0c9f8585cc8d4e9baef037,20,21,66,1,M_10_20,L_60_70,alluvial,phash:984a40d9cc34abc9,phash:984a40d9cc34abc9,,,train
991f996c40bef2045030,IMG_0678.JPG,Soil_Labeled_Data/M_10_20/L_60_70/alluvial/IMG_0678.JPG,Soil_Labeled_Data/M_10_20/L_60_70/alluvial/IMG_0678.JPG,PRESENT,False,fa85799fdcfac2a762c21cfc2b97682de9f1a9b6806d5c0d45221e3e342d3016,12,14,69,1,M_10_20,L_60_70,alluvial,phash:ec233ed2dcb011f0,phash:ec233ed2dcb011f0,,,train
fbb9b7c8a7096384b335,IMG_0678_aug_03_dark_brown.jpg,Soil_Labeled_Data/M_10_20/L_60_70/alluvial/IMG_0678_aug_03_dark_brown.jpg,Soil_Labeled_Data/M_10_20/L_60_70/alluvial/IMG_0678_aug_03_dark_brown.jpg,PRESENT,False,b33dea1dbb4abc39695f9540e7eebce24451fe14a2f8f75c24e413e1952602bc,18,18,68,1,M_10_20,L_60_70,alluvial,phash:ec233ed2dcb011f0,phash:ec233ed2dcb011f0,,,train
e859c0059b0f1ebc71c0,IMG_0678_aug_04_wet_gray.jpg,Soil_Labeled_Data/M_10_20/L_60_70/alluvial/IMG_0678_aug_04_wet_gray.jpg,Soil_Labeled_Data/M_10_20/L_60_70/alluvial/IMG_0678_aug_04_wet_gray.jpg,PRESENT,False,5654ba0cbb090a4f39a00ae06c467e9743eb7ec7568731a3b2aeede6b685b02a,18,21,66,1,M_10_20,L_60_70,alluvial,phash:ec233ed2dcb011f0,phash:ec233ed2dcb011f0,,,train
e2a2625375c5f2be7794,IMG_0678_aug_05_light_brown.jpg,Soil_Labeled_Data/M_10_20/L_60_70/alluvial/IMG_0678_aug_05_light_brown.jpg,Soil_Labeled_Data/M_10_20/L_60_70/alluvial/IMG_0678_aug_05_light_brown.jpg,PRESENT,False,b19f7da7faa21cc648887a806c8735d7ed14b15eee0fd8be6746bdcd6cab6a42,13,14,68,1,M_10_20,L_60_70,alluvial,phash:ec233ed2dcb011f0,phash:ec233ed2dcb011f0,,,train
8f18c3411f9454d27d22,IMG_0678_aug_07_clay_red.jpg,Soil_Labeled_Data/M_10_20/L_60_70/alluvial/IMG_0678_aug_07_clay_red.jpg,Soil_Labeled_Data/M_10_20/L_60_70/alluvial/IMG_0678_aug_07_clay_red.jpg,PRESENT,False,f813f1e6eb7f81aa0eb66c34ce0038d761ddad8f204ae41a894b60005a140562,11,12,67,1,M_10_20,L_60_70,alluvial,phash:ec233ed2dcb011f0,phash:ec233ed2dcb011f0,,,train
6c0e23955b9150bb8bfe,IMG_0679.JPG,Soil_Labeled_Data/M_10_20/L_60_70/alluvial/IMG_0679.JPG,Soil_Labeled_Data/M_10_20/L_60_70/alluvial/IMG_0679.JPG,PRESENT,False,c32461417a7d7cf48bc6b7f826f2360b280eea845522ecc7da0dc766c486b40a,20,23,70,1,M_10_20,L_60_70,alluvial,phash:511c840490f6b4a6,phash:511c840490f6b4a6,,,train
e0fdf5767168b16b5287,IMG_0679_aug_01_wet_gray.jpg,Soil_Labeled_Data/M_10_20/L_60_70/alluvial/IMG_0679_aug_01_wet_gray.jpg,Soil_Labeled_Data/M_10_20/L_60_70/alluvial/IMG_0679_aug_01_wet_gray.jpg,PRESENT,False,508b6a501d2555834be6b1c102cb0aeaa70448f2c46b5eebb4bb7e8c513e68c9,12,12,65,1,M_10_20,L_60_70,alluvial,phash:511c840490f6b4a6,phash:511c840490f6b4a6,,,train
79a37168f5d1c7ca1fb3,IMG_0680.JPG,Soil_Labeled_Data/M_10_20/L_60_70/alluvial/IMG_0680.JPG,Soil_Labeled_Data/M_10_20/L_60_70/alluvial/IMG_0680.JPG,PRESENT,False,5b20268bd7fa3b53cc76e4755c6da74470640d6451df94e705b88e41c06e857b,15,14,66,1,M_10_20,L_60_70,alluvial,phash:f1ae61d2650f45e9,phash:f1ae61d2650f45e9,,,train
99966a313b6f29932285,IMG_0681.JPG,Soil_Labeled_Data/M_10_20/L_60_70/alluvial/IMG_0681.JPG,Soil_Labeled_Data/M_10_20/L_60_70/alluvial/IMG_0681.JPG,PRESENT,False,f10b587d809b647c3a0352df0a4dcf2cb61b2a3f1d98c640f8006a5a26c359f9,20,19,68,1,M_10_20,L_60_70,alluvial,phash:5e8401d92ec70f04,phash:5e8401d92ec70f04,,,train
0400422af6db50009b81,IMG_0682.JPG,Soil_Labeled_Data/M_10_20/L_60_70/alluvial/IMG_0682.JPG,Soil_Labeled_Data/M_10_20/L_60_70/alluvial/IMG_0682.JPG,PRESENT,False,36a24b5252f54d123c2d8a780e43c5e9eec1c372beb3c339688c3b0370936231,18,17,64,1,M_10_20,L_60_70,alluvial,phash:019406175839e097,phash:019406175839e097,,,train
211b48b7fa9e89ed79b7,IMG_0683.JPG,Soil_Labeled_Data/M_10_20/L_60_70/alluvial/IMG_0683.JPG,Soil_Labeled_Data/augmented_fallback/aug_IMG_0683.JPG,HISTORICAL_FALLBACK,True,82d227025c6ad87d2236e47510677651de5d7ab2aded8a13a31e2277d3ce7cfa,13,13,62,1,M_10_20,L_60_70,alluvial,phash:7435ee1877b1ba3f,phash:7435ee1877b1ba3f,,,train
21b1faecc28c4c1aa3ee,IMG_0695.JPG,Soil_Labeled_Data/M_10_20/L_60_70/alluvial/IMG_0695.JPG,Soil_Labeled_Data/M_10_20/L_60_70/alluvial/IMG_0695.JPG,PRESENT,False,8eacb0daf98fa4b6a45b64418c8bb508ee927b9e4e7511d60c4fd56c0e9e2882,18,19,68,1,M_10_20,L_60_70,alluvial,phash:4d2073dc153cb1de,phash:4d2073dc153cb1de,,,train
7ada20a4588c9b902db2,IMG_0695_aug_02_dark_brown.jpg,Soil_Labeled_Data/M_10_20/L_60_70/alluvial/IMG_0695_aug_02_dark_brown.jpg,Soil_Labeled_Data/M_10_20/L_60_70/alluvial/IMG_0695_aug_02_dark_brown.jpg,PRESENT,False,b321e841332e5a7b095c6bb6c2c7301592557dd8670db335e1063e78c88484a3,10,12,67,1,M_10_20,L_60_70,alluvial,phash:4d2073dc153cb1de,phash:4d2073dc153cb1de,,,train
eef221307a9b716780f1,IMG_0695_aug_08_light_brown.jpg,Soil_Labeled_Data/M_10_20/L_60_70/alluvial/IMG_0695_aug_08_light_brown.jpg,Soil_Labeled_Data/M_10_20/L_60_70/alluvial/IMG_0695_aug_08_light_brown.jpg,PRESENT,False,19edbbcd8a67e7e0cde6aae6f22ee24a14c64bbbfdfadec3546d24dc614b9c0a,17,19,64,1,M_10_20,L_60_70,alluvial,phash:4d2073dc153cb1de,phash:4d2073dc153cb1de,,,train
0c0e889eb2f23c672dd5,IMG_0697.JPG,Soil_Labeled_Data/M_10_20/L_70_80/alluvial/IMG_0697.JPG,Soil_Labeled_Data/M_10_20/L_70_80/alluvial/IMG_0697.JPG,PRESENT,False,e7eab8d6a558bc1031cefa55755fdec30748f43d081360d30dc691f899e910e8,19,21,77,1,M_10_20,L_70_80,alluvial,phash:5cf9899e04a59dd3,phash:5cf9899e04a59dd3,,,train
4cb04fef2bbf54032e4b,IMG_0698.JPG,Soil_Labeled_Data/M_10_20/L_70_80/alluvial/IMG_0698.JPG,Soil_Labeled_Data/M_10_20/L_70_80/alluvial/IMG_0698.JPG,PRESENT,False,4b6323643943a5445f901c28b85bf788cc8cf9b8129d8af84b8d63b831b74f79,14,13,78,1,M_10_20,L_70_80,alluvial,phash:3bb8acb89f03a372,phash:3bb8acb89f03a372,,,train
b8a9eda66a101c6db576,IMG_0699.JPG,Soil_Labeled_Data/M_10_20/L_70_80/alluvial/IMG_0699.JPG,Soil_Labeled_Data/M_10_20/L_70_80/alluvial/IMG_0699.JPG,PRESENT,False,6539023e50d414d0748019c71a8ffdae12b05c324bd9d19307dab81e861392ae,10,13,71,1,M_10_20,L_70_80,alluvial,phash:b5220e00f45fa5b8,phash:b5220e00f45fa5b8,,,train
c6e56b9ad6d45d4df023,IMG_0700.JPG,Soil_Labeled_Data/M_10_20/L_70_80/alluvial/IMG_0700.JPG,Soil_Labeled_Data/M_10_20/L_70_80/alluvial/IMG_0700.JPG,PRESENT,False,fe60ed9761a329576f59c0ef3768c19991ad5793c0515b638f402e9b99437533,11,11,79,1,M_10_20,L_70_80,alluvial,phash:b004e0323940b864,phash:b004e0323940b864,,,train
a3d13d89c3b578516f3c,IMG_0701.JPG,Soil_Labeled_Data/M_10_20/L_70_80/alluvial/IMG_0701.JPG,Soil_Labeled_Data/M_10_20/L_70_80/alluvial/IMG_0701.JPG,PRESENT,False,1f2f3e11bfbd6a6e913d59541e98f4189c5e005f1183c444a5fd4c63bb3dc02c,13,14,73,1,M_10_20,L_70_80,alluvial,phash:1b97c67c90136f52,phash:1b97c67c90136f52,,,train
280459b65967b88977ee,IMG_0704.JPG,Soil_Labeled_Data/M_10_20/L_70_80/alluvial/IMG_0704.JPG,Soil_Labeled_Data/M_10_20/L_70_80/alluvial/IMG_0704.JPG,PRESENT,False,734357c2b1945f759e4f692d8dc54dea0786dc8e8fa29a19a86c05bf4178864e,15,17,78,1,M_10_20,L_70_80,alluvial,phash:357263c31a5c1453,phash:357263c31a5c1453,,,train
961b0c9152476c63badf,IMG_0707.JPG,Soil_Labeled_Data/M_10_20/L_70_80/alluvial/IMG_0707.JPG,Soil_Labeled_Data/M_10_20/L_70_80/alluvial/IMG_0707.JPG,PRESENT,False,8e74afcb6aeb0b2effb59be2bc15d14056ab4be5f9878c888a1c1711e26a771f,17,19,77,1,M_10_20,L_70_80,alluvial,phash:b8c5699fca19afbe,phash:b8c5699fca19afbe,,,train
c1789df6e86e5ba60250,IMG_0709.JPG,Soil_Labeled_Data/M_10_20/L_70_80/alluvial/IMG_0709.JPG,Soil_Labeled_Data/M_10_20/L_70_80/alluvial/IMG_0709.JPG,PRESENT,False,f60b55d11a7949e8ce9a109418868b7b01fe498db345fd98ffd41b6cb1266a89,18,20,72,1,M_10_20,L_70_80,alluvial,phash:9d2033d48628688c,phash:9d2033d48628688c,,,train
b0ad46686097e9f8c83a,IMG_0711.JPG,Soil_Labeled_Data/M_10_20/L_70_80/alluvial/IMG_0711.JPG,Soil_Labeled_Data/M_10_20/L_70_80/alluvial/IMG_0711.JPG,PRESENT,False,8d1048dff633b579ad3b9d79832552f31d8027403fc0e876d90c5ae1fecbad8f,15,15,72,1,M_10_20,L_70_80,alluvial,phash:b9aa2a4a5654395e,phash:b9aa2a4a5654395e,,,train
385716c4154ff2625ee1,IMG_0713.JPG,Soil_Labeled_Data/M_10_20/L_70_80/alluvial/IMG_0713.JPG,Soil_Labeled_Data/M_10_20/L_70_80/alluvial/IMG_0713.JPG,PRESENT,False,8f0a066cc285c39c70c35c9eb42c671ef7e6d962675b8c7fe663f508c6f93c75,20,21,72,1,M_10_20,L_70_80,alluvial,phash:2f621abd4c47601f,phash:2f621abd4c47601f,,,train
3638f50dd1288926352f,IMG_0714.JPG,Soil_Labeled_Data/M_10_20/L_70_80/alluvial/IMG_0714.JPG,Soil_Labeled_Data/M_10_20/L_70_80/alluvial/IMG_0714.JPG,PRESENT,False,ac100ff4e7f1ea9f844e5b117bec6fb20756436fa89ffd6f1eaaa917d68c670d,19,19,70,1,M_10_20,L_70_80,alluvial,phash:bc9c3f0c970894cc,phash:bc9c3f0c970894cc,,,train
c3b07eb3da5f59f7237b,IMG_0715.JPG,Soil_Labeled_Data/M_10_20/L_70_80/alluvial/IMG_0715.JPG,Soil_Labeled_Data/M_10_20/L_70_80/alluvial/IMG_0715.JPG,PRESENT,False,b0063f34e7ab6c8d01f85293851eb88588eb3c4cbfc01340fb68400678019ef2,14,15,75,1,M_10_20,L_70_80,alluvial,phash:04c1aca557db14ee,phash:04c1aca557db14ee,,,train
1d21a35bcc5e4f796e17,IMG_0716.JPG,Soil_Labeled_Data/M_10_20/L_70_80/alluvial/IMG_0716.JPG,Soil_Labeled_Data/M_10_20/L_70_80/alluvial/IMG_0716.JPG,PRESENT,False,e17affbd726ddaa1e439b3965d5d485a65876ad6cb4b017797bd78ba4958d754,18,18,75,1,M_10_20,L_70_80,alluvial,phash:ea21b0c5f7c3e0b8,phash:ea21b0c5f7c3e0b8,,,train
fc99c52504d3cbb9c20f,IMG_0718.JPG,Soil_Labeled_Data/M_10_20/L_70_80/alluvial/IMG_0718.JPG,Soil_Labeled_Data/M_10_20/L_70_80/alluvial/IMG_0718.JPG,PRESENT,False,9c44797495d30787055e5a1418a08834ede6a54d79babec9d488731ea6221da7,11,13,79,1,M_10_20,L_70_80,alluvial,phash:64d2078fe8ee93e9,phash:64d2078fe8ee93e9,,,train
b274084923df73710015,IMG_0719.JPG,Soil_Labeled_Data/M_10_20/L_70_80/alluvial/IMG_0719.JPG,Soil_Labeled_Data/M_10_20/L_70_80/alluvial/IMG_0719.JPG,PRESENT,False,0dfc11c6eb0a51ccf5ace00ec854f28b4133309f80d6a5c169087438856c522a,18,18,73,1,M_10_20,L_70_80,alluvial,phash:d1c90e142218287c,phash:d1c90e142218287c,,,train
d9ae3181c1fa0c65ada0,IMG_0742.JPG,Soil_Labeled_Data/M_10_20/L_80_90/alluvial/IMG_0742.JPG,Soil_Labeled_Data/M_10_20/L_80_90/alluvial/IMG_0742.JPG,PRESENT,False,ec757003c575e4aede73cc490777a5e5807fbcaae7272de4a9f1a4dcb0e728d0,15,13,82,1,M_10_20,L_80_90,alluvial,phash:384f9f07ce7305c1,phash:384f9f07ce7305c1,,,train
a70194087ac5216a3876,IMG_0744.JPG,Soil_Labeled_Data/M_10_20/L_80_90/alluvial/IMG_0744.JPG,Soil_Labeled_Data/M_10_20/L_80_90/alluvial/IMG_0744.JPG,PRESENT,False,d4583b7b3464534719aeb9a89d474eedc69b3cf40b43c66848e9f3b6f6115026,20,21,87,1,M_10_20,L_80_90,alluvial,phash:4aabf22cca79a2b1,phash:4aabf22cca79a2b1,,,train
9f22c61e6c27ae96aad4,IMG_0746.JPG,Soil_Labeled_Data/M_10_20/L_80_90/alluvial/IMG_0746.JPG,Soil_Labeled_Data/augmented_fallback/aug_IMG_0746.JPG,HISTORICAL_FALLBACK,True,8008427c848ddcaf8c9fed03f70b0c452d9298386721bde972074d4e584858b0,14,15,84,1,M_10_20,L_80_90,alluvial,phash:7a8bda37bd1a1b56,phash:7a8bda37bd1a1b56,,,train
f055596ea04eca1236a0,IMG_0748.JPG,Soil_Labeled_Data/M_10_20/L_80_90/alluvial/IMG_0748.JPG,Soil_Labeled_Data/M_10_20/L_80_90/alluvial/IMG_0748.JPG,PRESENT,False,f8bc7720cda15662bb1ba4e3ac2daf09f4420ee1def6d62bacd58aff97d24c8b,20,22,87,1,M_10_20,L_80_90,alluvial,phash:6aecdab8869df9a0,phash:6aecdab8869df9a0,,,train
9843ffa15f958a35b871,IMG_0749.JPG,Soil_Labeled_Data/M_10_20/L_80_90/alluvial/IMG_0749.JPG,Soil_Labeled_Data/M_10_20/L_80_90/alluvial/IMG_0749.JPG,PRESENT,False,405b4715c47ceb5e729d1a27774661785412a326fb97db261aa7271c07822c92,11,13,82,1,M_10_20,L_80_90,alluvial,phash:91e2c3885496767c,phash:91e2c3885496767c,,,train
f5d663116e5705828088,IMG_0750.JPG,Soil_Labeled_Data/M_10_20/L_80_90/alluvial/IMG_0750.JPG,Soil_Labeled_Data/M_10_20/L_80_90/alluvial/IMG_0750.JPG,PRESENT,False,50be34eed0e66abc4f6bac15f6fdd182b5a41e9382f77951b2f95c2593707b4a,19,17,84,1,M_10_20,L_80_90,alluvial,phash:7a8bda37bd1a1b56,phash:7a8bda37bd1a1b56,,,train
e95f7241b065afec962d,IMG_0754.JPG,Soil_Labeled_Data/M_10_20/L_80_90/alluvial/IMG_0754.JPG,Soil_Labeled_Data/M_10_20/L_80_90/alluvial/IMG_0754.JPG,PRESENT,False,de463e7bea3358449c559766d2a55714a0d3cc69790cd4b81954cbb94ba2604b,19,19,80,1,M_10_20,L_80_90,alluvial,phash:db9ee2806dc05985,phash:db9ee2806dc05985,,,train
fd6cd49b00f07feda88d,IMG_0755.JPG,Soil_Labeled_Data/M_10_20/L_80_90/alluvial/IMG_0755.JPG,Soil_Labeled_Data/augmented_fallback/aug_IMG_0755.JPG,HISTORICAL_FALLBACK,True,688940dc1ca6d3073cc48905590f8230116495eb6beb49b25d72e76796550ff0,14,14,80,1,M_10_20,L_80_90,alluvial,phash:b87de173de4bd55d,phash:b87de173de4bd55d,,,train
ed3b855603054d6cd259,IMG_0756.JPG,Soil_Labeled_Data/M_10_20/L_80_90/alluvial/IMG_0756.JPG,Soil_Labeled_Data/M_10_20/L_80_90/alluvial/IMG_0756.JPG,PRESENT,False,7efba21eb61d5c807b716cf5d59e84b79918873c4801a9e95eca2ee1befdbb9f,19,21,88,1,M_10_20,L_80_90,alluvial,phash:e08ee3b30bd78bf3,phash:e08ee3b30bd78bf3,,,train
39a5a715d6b7104cee9d,IMG_0785.JPG,Soil_Labeled_Data/M_10_20/L_90_100/alluvial/IMG_0785.JPG,Soil_Labeled_Data/M_10_20/L_90_100/alluvial/IMG_0785.JPG,PRESENT,False,51d6948495ac8ca739550e7a5104408db631fd6f871b70f11f93aa7b11e1de23,14,13,90,1,M_10_20,L_90_100,alluvial,phash:7c9ef0dd6e1b1f31,phash:7c9ef0dd6e1b1f31,,,train
e1b995de23bc843e6c7c,IMG_0786.JPG,Soil_Labeled_Data/M_10_20/L_90_100/alluvial/IMG_0786.JPG,Soil_Labeled_Data/M_10_20/L_90_100/alluvial/IMG_0786.JPG,PRESENT,False,413cb219fec9c2193199a515c9cb21ce1ea03ad2c94be1d6ef0e46d7515fb7a0,15,13,91,1,M_10_20,L_90_100,alluvial,phash:1817f7729054661c,phash:1817f7729054661c,,,train
9c3a957332c6103069d5,IMG_0787.JPG,Soil_Labeled_Data/M_10_20/L_90_100/alluvial/IMG_0787.JPG,Soil_Labeled_Data/M_10_20/L_90_100/alluvial/IMG_0787.JPG,PRESENT,False,d09cc016a15bcc835c28924505a61f62f315ccd3bb386fc9ab78e9b8b6e9f333,16,16,100,1,M_10_20,L_90_100,alluvial,phash:bc39eec8cd7833dd,phash:bc39eec8cd7833dd,,,train
f2d4da947934d493ee31,IMG_0788.JPG,Soil_Labeled_Data/M_10_20/L_90_100/alluvial/IMG_0788.JPG,Soil_Labeled_Data/M_10_20/L_90_100/alluvial/IMG_0788.JPG,PRESENT,False,c13f8735fd63a9a9ad9fdaee2fd54313ae594df8cf20b3e4ca05ded45090bf92,18,20,93,1,M_10_20,L_90_100,alluvial,phash:4dffec36c3896eb9,phash:4dffec36c3896eb9,,,train
21dcfe51b1afe6936693,IMG_0789.JPG,Soil_Labeled_Data/M_10_20/L_90_100/alluvial/IMG_0789.JPG,Soil_Labeled_Data/M_10_20/L_90_100/alluvial/IMG_0789.JPG,PRESENT,False,6071a65bed90ab8f895b1eee1405edd79d9bb76c29c7070eca1a450fe29b8a1d,14,14,95,1,M_10_20,L_90_100,alluvial,phash:c07316710b5c7615,phash:c07316710b5c7615,,,train
f445ae3ad8670832ab55,IMG_0799.JPG,Soil_Labeled_Data/M_10_20/L_90_100/alluvial/IMG_0799.JPG,Soil_Labeled_Data/M_10_20/L_90_100/alluvial/IMG_0799.JPG,PRESENT,False,3387631b90ecc9fa9c4f5dc0a8a361951aecce30149305d4366eeff710dccf52,10,10,95,1,M_10_20,L_90_100,alluvial,phash:a042fdfa2e60d86a,phash:a042fdfa2e60d86a,,,train
e91e0741619a405d2812,IMG_0800.JPG,Soil_Labeled_Data/M_10_20/L_90_100/alluvial/IMG_0800.JPG,Soil_Labeled_Data/M_10_20/L_90_100/alluvial/IMG_0800.JPG,PRESENT,False,5f02f1d5832984d13ccf96f2b0122638615f04713c1006a13caa0da636ebec51,16,16,98,1,M_10_20,L_90_100,alluvial,phash:e8b9de4bf1b5ad35,phash:e8b9de4bf1b5ad35,,,train
3967a06e89e6a8b0e9f2,IMG_0801.JPG,Soil_Labeled_Data/M_10_20/L_90_100/alluvial/IMG_0801.JPG,Soil_Labeled_Data/M_10_20/L_90_100/alluvial/IMG_0801.JPG,PRESENT,False,ff74c606a284e838000ed5a0d35010d032343f7047a4a7eda48dde59512e2c63,20,19,95,1,M_10_20,L_90_100,alluvial,phash:109f4377503ddda1,phash:109f4377503ddda1,,,train
e8b33b3d534b960c9495,IMG_0802.JPG,Soil_Labeled_Data/M_10_20/L_90_100/alluvial/IMG_0802.JPG,Soil_Labeled_Data/M_10_20/L_90_100/alluvial/IMG_0802.JPG,PRESENT,False,14d1f4a1c6af6be01dc36c8f3135db21f6d7dff8353667e868565fb350d63149,15,13,96,1,M_10_20,L_90_100,alluvial,phash:186f1b83b794bf40,phash:186f1b83b794bf40,,,train
d86244e4e78018e09191,IMG_0803.JPG,Soil_Labeled_Data/M_10_20/L_90_100/alluvial/IMG_0803.JPG,Soil_Labeled_Data/M_10_20/L_90_100/alluvial/IMG_0803.JPG,PRESENT,False,f2854feaa2d575a9f7c7057329beb9489fbee7c349360a2678ed6be60bb8e80d,12,10,92,1,M_10_20,L_90_100,alluvial,phash:f664b3f7ab320084,phash:f664b3f7ab320084,,,train
3472c61e472673294947,z5714965546728_2f3b17032c9fa9e37c815548ac6f98ff.jpg,Soil_Labeled_Data/M_20_30/L_0_10/alluvial/z5714965546728_2f3b17032c9fa9e37c815548ac6f98ff.jpg,Soil_Labeled_Data/M_20_30/L_0_10/alluvial/z5714965546728_2f3b17032c9fa9e37c815548ac6f98ff.jpg,PRESENT,False,c89a0e461a820ee8471f970d8eb1ded8673abe0e7f7839f2e9bade8cbc50e8e4,26,31,3,2,M_20_30,L_0_10,alluvial,phash:635bbcb52451bab2,phash:635bbcb52451bab2,,,train
383883a88465589fb8d9,z5714965553235_e37e86162ed74a56ea975a0d4a5d3d0c.jpg,Soil_Labeled_Data/M_20_30/L_0_10/alluvial/z5714965553235_e37e86162ed74a56ea975a0d4a5d3d0c.jpg,Soil_Labeled_Data/M_20_30/L_0_10/alluvial/z5714965553235_e37e86162ed74a56ea975a0d4a5d3d0c.jpg,PRESENT,False,0f6a3537c0ec1722ce8dad4d79fa2959c73f9a1197025055bc8a601854ccf3dc,20,24,3,2,M_20_30,L_0_10,alluvial,phash:635bbcb52451bab2,phash:635bbcb52451bab2,,,train
c966e00414a945eff494,z5714965554840_af62cc3f766d17019b0daad9e13a575a.jpg,Soil_Labeled_Data/M_20_30/L_0_10/alluvial/z5714965554840_af62cc3f766d17019b0daad9e13a575a.jpg,Soil_Labeled_Data/M_20_30/L_0_10/alluvial/z5714965554840_af62cc3f766d17019b0daad9e13a575a.jpg,PRESENT,False,76120f1c3b26457dd7cada2ff85ffd1c58833c4022dff1476dc9b51b3b178fe5,20,25,2,2,M_20_30,L_0_10,alluvial,phash:bac7149e42f2412c,phash:bac7149e42f2412c,,,train
d31cfd704a631cd5ce0b,z5714965563324_4efb3994361977b22f588c03b167d53d.jpg,Soil_Labeled_Data/M_20_30/L_0_10/alluvial/z5714965563324_4efb3994361977b22f588c03b167d53d.jpg,Soil_Labeled_Data/M_20_30/L_0_10/alluvial/z5714965563324_4efb3994361977b22f588c03b167d53d.jpg,PRESENT,False,c174bf2c43df7680a4e87959d32f3f512842c1a152186e898e524e6cdaae0068,28,32,0,2,M_20_30,L_0_10,alluvial,phash:d95e50f2b5f3af58,phash:d95e50f2b5f3af58,,,train
656d2e70d19203a892e4,z5714965599124_edcfe5d6a6f919fd0c63e487ab8b6e69.jpg,Soil_Labeled_Data/M_20_30/L_0_10/alluvial/z5714965599124_edcfe5d6a6f919fd0c63e487ab8b6e69.jpg,Soil_Labeled_Data/M_20_30/L_0_10/alluvial/z5714965599124_edcfe5d6a6f919fd0c63e487ab8b6e69.jpg,PRESENT,False,f19c7758951ecb222cb126e6897f69454aff379c78cc9d47868a71d5d5e2246d,22,24,7,2,M_20_30,L_0_10,alluvial,phash:f76a4ab681ba3207,phash:f76a4ab681ba3207,,,train
ae9eb8a5b4cdfdf0221e,z5714965599124_edcfe5d6a6f919fd0c63e487ab8b6e69_aug_00_gray_brown.jpg,Soil_Labeled_Data/M_20_30/L_0_10/alluvial/z5714965599124_edcfe5d6a6f919fd0c63e487ab8b6e69_aug_00_gray_brown.jpg,Soil_Labeled_Data/M_20_30/L_0_10/alluvial/z5714965599124_edcfe5d6a6f919fd0c63e487ab8b6e69_aug_00_gray_brown.jpg,PRESENT,False,9741ee8e9aa8fcce61d346c8b4d3d894df10875bebc767b423ba71b25d90fec8,25,30,7,2,M_20_30,L_0_10,alluvial,phash:f76a4ab681ba3207,phash:f76a4ab681ba3207,,,train
52590b19e4c0536a6e38,z5714965628938_87cf29883152c515ea637696b39ae83c.jpg,Soil_Labeled_Data/M_20_30/L_0_10/alluvial/z5714965628938_87cf29883152c515ea637696b39ae83c.jpg,Soil_Labeled_Data/M_20_30/L_0_10/alluvial/z5714965628938_87cf29883152c515ea637696b39ae83c.jpg,PRESENT,False,f5c7265753e084583bd4f841cb0523f1bbd162928d16346b48a9b458d028a2e8,22,26,1,2,M_20_30,L_0_10,alluvial,phash:99d1e545379c687b,phash:99d1e545379c687b,,,train
6c6bf375c31209d84bd9,z5714965667397_eabc5642691eca0e0aedc2fed6a3e187.jpg,Soil_Labeled_Data/M_20_30/L_0_10/alluvial/z5714965667397_eabc5642691eca0e0aedc2fed6a3e187.jpg,Soil_Labeled_Data/M_20_30/L_0_10/alluvial/z5714965667397_eabc5642691eca0e0aedc2fed6a3e187.jpg,PRESENT,False,a40b87c64d1878bcb383a561c3d249fb42e111f00a133ee9970d8b14789425f7,29,32,5,2,M_20_30,L_0_10,alluvial,phash:7fb0f18dd6cfe5a6,phash:7fb0f18dd6cfe5a6,,,train
ed5e07250a066604176c,z5714965682723_ec9d4aaeda81f7ee14e7e5c2463883f2.jpg,Soil_Labeled_Data/M_20_30/L_0_10/alluvial/z5714965682723_ec9d4aaeda81f7ee14e7e5c2463883f2.jpg,Soil_Labeled_Data/M_20_30/L_0_10/alluvial/z5714965682723_ec9d4aaeda81f7ee14e7e5c2463883f2.jpg,PRESENT,False,a5705b4175362de666c097be4b32586a0c0d422163c01ec4c6d9a760a7a2a9fc,22,27,7,2,M_20_30,L_0_10,alluvial,phash:c92eb3cc992821a0,phash:c92eb3cc992821a0,,,train
377507663e738dfda76d,z5714965710784_a5c59ffb2ea6eb0610d8686f48dde27a.jpg,Soil_Labeled_Data/M_20_30/L_0_10/alluvial/z5714965710784_a5c59ffb2ea6eb0610d8686f48dde27a.jpg,Soil_Labeled_Data/M_20_30/L_0_10/alluvial/z5714965710784_a5c59ffb2ea6eb0610d8686f48dde27a.jpg,PRESENT,False,3100b28a20ba4ab7201010103c544f60af44ecbdb60593e3e853931449ad40b8,23,29,7,2,M_20_30,L_0_10,alluvial,phash:2bc9e9265b1d6da5,phash:2bc9e9265b1d6da5,,,train
f5d2a85a73d8d4c03ba7,z5714986007603_84a394e6faf236a06520c00d419fe46a.jpg,Soil_Labeled_Data/M_20_30/L_10_20/alluvial/z5714986007603_84a394e6faf236a06520c00d419fe46a.jpg,Soil_Labeled_Data/M_20_30/L_10_20/alluvial/z5714986007603_84a394e6faf236a06520c00d419fe46a.jpg,PRESENT,False,196a0b0fe31c3a016794bbf2649f5d66109f99705d4568a8ae7b3800084f4e50,29,34,19,2,M_20_30,L_10_20,alluvial,phash:698c822a48140f58,phash:698c822a48140f58,,,train
e59095a78fdf4d4cf759,z5714986081390_b5b13481db1716bdbeb544ec7612b7d3.jpg,Soil_Labeled_Data/M_20_30/L_10_20/alluvial/z5714986081390_b5b13481db1716bdbeb544ec7612b7d3.jpg,Soil_Labeled_Data/M_20_30/L_10_20/alluvial/z5714986081390_b5b13481db1716bdbeb544ec7612b7d3.jpg,PRESENT,False,847bbe66476c5fd42b5263d2cae9eb360ede6555f899ea1b4d7f0273bf3d1108,26,32,18,2,M_20_30,L_10_20,alluvial,phash:32f2989facc61f0b,phash:32f2989facc61f0b,,,train
935acb838cca18ed40a6,z5714986240829_8faaa02ab427da251da711ef8588ecbf.jpg,Soil_Labeled_Data/M_20_30/L_10_20/alluvial/z5714986240829_8faaa02ab427da251da711ef8588ecbf.jpg,Soil_Labeled_Data/M_20_30/L_10_20/alluvial/z5714986240829_8faaa02ab427da251da711ef8588ecbf.jpg,PRESENT,False,bd48aca0cbdba3343c33fb1fc04defcb40c268afaa332589ab994d32f8a17253,20,22,11,2,M_20_30,L_10_20,alluvial,phash:368aba57e18effb7,phash:368aba57e18effb7,,,train
2ecdf184da31604f81b2,z5714986258171_aaac5da2c529b5d376ab2fac25ae4728.jpg,Soil_Labeled_Data/M_20_30/L_10_20/alluvial/z5714986258171_aaac5da2c529b5d376ab2fac25ae4728.jpg,Soil_Labeled_Data/M_20_30/L_10_20/alluvial/z5714986258171_aaac5da2c529b5d376ab2fac25ae4728.jpg,PRESENT,False,24c05cdc31a204fbd35c7520d454c51aa47f15462db66ed4a7cd0609e9ddf75a,29,34,18,2,M_20_30,L_10_20,alluvial,phash:7238908e07ba5362,phash:7238908e07ba5362,,,train
54eddc0e9986c352c48a,z5714986276373_7217217ecb4aa40dd8c2fb91da7038d1.jpg,Soil_Labeled_Data/M_20_30/L_10_20/alluvial/z5714986276373_7217217ecb4aa40dd8c2fb91da7038d1.jpg,Soil_Labeled_Data/M_20_30/L_10_20/alluvial/z5714986276373_7217217ecb4aa40dd8c2fb91da7038d1.jpg,PRESENT,False,d15792855f70a250f69689731e9da58d00206dd01464119723ffcd4d28cb8fd8,27,32,15,2,M_20_30,L_10_20,alluvial,phash:591f492f2c51a2e8,phash:591f492f2c51a2e8,,,train
82eb4ee860c4a8a14ef4,z5714986295424_144877ce7886dd191321501be23792ba.jpg,Soil_Labeled_Data/M_20_30/L_10_20/alluvial/z5714986295424_144877ce7886dd191321501be23792ba.jpg,Soil_Labeled_Data/M_20_30/L_10_20/alluvial/z5714986295424_144877ce7886dd191321501be23792ba.jpg,PRESENT,False,1ff3368b79d1e641435766c2e930ecce081eb8cb1e97fc0e1f0ad4849019b892,28,33,16,2,M_20_30,L_10_20,alluvial,phash:a2bd125bb813a6c5,phash:a2bd125bb813a6c5,,,train
0d6cd292dee1f411b2ea,z5714986338334_7baa1f084f7d1214631899a44e8e53a5.jpg,Soil_Labeled_Data/M_20_30/L_10_20/alluvial/z5714986338334_7baa1f084f7d1214631899a44e8e53a5.jpg,Soil_Labeled_Data/M_20_30/L_10_20/alluvial/z5714986338334_7baa1f084f7d1214631899a44e8e53a5.jpg,PRESENT,False,920f63e6e976b1ef1a1b1af85b5c71903dec429f8b3d738782c2d70f86dd9f09,24,29,13,2,M_20_30,L_10_20,alluvial,phash:eecaee7541eefca0,phash:eecaee7541eefca0,,,train
a9a3de8f47b5bbc28ba4,z5715012121001_477175962804fef0e43ee7cc417789aa_aug_00_gray_brown.jpg,Soil_Labeled_Data/M_20_30/L_20_30/alluvial/z5715012121001_477175962804fef0e43ee7cc417789aa_aug_00_gray_brown.jpg,Soil_Labeled_Data/M_20_30/L_20_30/alluvial/z5715012121001_477175962804fef0e43ee7cc417789aa_aug_00_gray_brown.jpg,PRESENT,False,1d0b3fb0301c4e9512cb8ba80ce782cad2d7cbc2d718b262839b56670f09ca40,26,30,28,2,M_20_30,L_20_30,alluvial,phash:2785d44c1e2bccb3,phash:2785d44c1e2bccb3,,,train
9468bcf90abb37288b86,z5715012209134_66b49a434ed23483ff4f2f2e8312c029.jpg,Soil_Labeled_Data/M_20_30/L_20_30/alluvial/z5715012209134_66b49a434ed23483ff4f2f2e8312c029.jpg,Soil_Labeled_Data/M_20_30/L_20_30/alluvial/z5715012209134_66b49a434ed23483ff4f2f2e8312c029.jpg,PRESENT,False,440140d01d9c43cbb8b8e66fcd4223c1846ca95a5b1fb35d622395dd0ccb13ff,30,34,27,2,M_20_30,L_20_30,alluvial,phash:b1ec28be99b14a29,phash:b1ec28be99b14a29,,,train
a9a125308348027e05be,z5715012267833_24c532be0a21771c38c6a413eb0125f9.jpg,Soil_Labeled_Data/M_20_30/L_20_30/alluvial/z5715012267833_24c532be0a21771c38c6a413eb0125f9.jpg,Soil_Labeled_Data/M_20_30/L_20_30/alluvial/z5715012267833_24c532be0a21771c38c6a413eb0125f9.jpg,PRESENT,False,83e7b48f45d1924495003b41bc35d2302ba2eb2c64a0f181b88ec55ebb19cef3,27,31,28,2,M_20_30,L_20_30,alluvial,phash:c3eb1c6bd3fc59f3,phash:c3eb1c6bd3fc59f3,,,train
c7426300fade69437106,z5715012355453_a9dd8ce901605acdca4801afba02c4f3.jpg,Soil_Labeled_Data/M_20_30/L_20_30/alluvial/z5715012355453_a9dd8ce901605acdca4801afba02c4f3.jpg,Soil_Labeled_Data/M_20_30/L_20_30/alluvial/z5715012355453_a9dd8ce901605acdca4801afba02c4f3.jpg,PRESENT,False,088034123413c50f2f304ace37c8c50d46b934065a74ec0100cf7c4cc077a742,30,32,30,2,M_20_30,L_20_30,alluvial,phash:2226e750d42599ef,phash:2226e750d42599ef,,,train
41c5d954f0e65a62c31d,z5715012402543_002694e281c224d1c457390894c19dce.jpg,Soil_Labeled_Data/M_20_30/L_20_30/alluvial/z5715012402543_002694e281c224d1c457390894c19dce.jpg,Soil_Labeled_Data/M_20_30/L_20_30/alluvial/z5715012402543_002694e281c224d1c457390894c19dce.jpg,PRESENT,False,767daeb827487c8a6fc657bfd98be151b8e497fa90f8e7418d73b8b360453f85,22,23,30,2,M_20_30,L_20_30,alluvial,phash:2a7087c3eebada68,phash:2a7087c3eebada68,,,train
04b6c6f8303ccb798c86,z5715012440512_6f9e0dacf2e0eeba56b48f8a847384db.jpg,Soil_Labeled_Data/M_20_30/L_20_30/alluvial/z5715012440512_6f9e0dacf2e0eeba56b48f8a847384db.jpg,Soil_Labeled_Data/M_20_30/L_20_30/alluvial/z5715012440512_6f9e0dacf2e0eeba56b48f8a847384db.jpg,PRESENT,False,b8b46e28a53466729eba04c67ce979fb7c313172f6fafde4ce18a392286526d8,30,31,24,2,M_20_30,L_20_30,alluvial,phash:9eab74132dc356e3,phash:9eab74132dc356e3,,,train
7de88d8d4b9c5d9bc407,z5715012582853_4ec486e5c7f119d2074f17f6f73e6d0b.jpg,Soil_Labeled_Data/M_20_30/L_20_30/alluvial/z5715012582853_4ec486e5c7f119d2074f17f6f73e6d0b.jpg,Soil_Labeled_Data/M_20_30/L_20_30/alluvial/z5715012582853_4ec486e5c7f119d2074f17f6f73e6d0b.jpg,PRESENT,False,f0df424233ae72b1cdf2e39839d4fbced98507c612a74aa9066bb2972b29100b,29,30,26,2,M_20_30,L_20_30,alluvial,phash:0c759c44a43789be,phash:0c759c44a43789be,,,train
e8c04e7343d52a3b8ac2,z5715012600153_2bcf8889a7a0e238e973ae86637cc21f.jpg,Soil_Labeled_Data/M_20_30/L_20_30/alluvial/z5715012600153_2bcf8889a7a0e238e973ae86637cc21f.jpg,Soil_Labeled_Data/M_20_30/L_20_30/alluvial/z5715012600153_2bcf8889a7a0e238e973ae86637cc21f.jpg,PRESENT,False,007d724eb33c49f0b5c14468b1631e8ea14ff67875a92fd332bee17fd2c02842,23,24,26,2,M_20_30,L_20_30,alluvial,phash:39ceddfbea87cd9f,phash:39ceddfbea87cd9f,,,train
9f3b4374a8c277eae773,z5715012634208_474c08941178b38c9453fda2ccccb922.jpg,Soil_Labeled_Data/M_20_30/L_20_30/alluvial/z5715012634208_474c08941178b38c9453fda2ccccb922.jpg,Soil_Labeled_Data/M_20_30/L_20_30/alluvial/z5715012634208_474c08941178b38c9453fda2ccccb922.jpg,PRESENT,False,476b0cf50c72963960678512f28b7a7b37c70caf4110c29f8ccb26b7ce2bcc18,23,25,24,2,M_20_30,L_20_30,alluvial,phash:1819f97a5a216b30,phash:1819f97a5a216b30,,,train
b1e51868142afdd54fbc,z5715029856624_b5f3f36f747ba9d693650417bd7f7311.jpg,Soil_Labeled_Data/M_20_30/L_30_40/alluvial/z5715029856624_b5f3f36f747ba9d693650417bd7f7311.jpg,Soil_Labeled_Data/M_20_30/L_30_40/alluvial/z5715029856624_b5f3f36f747ba9d693650417bd7f7311.jpg,PRESENT,False,c8dbe093847163b6b44f9d2d3e84f5c4691bc9662a573a211a2dc99c8bdf2bf3,23,26,39,2,M_20_30,L_30_40,alluvial,phash:642ef62fb9f25159,phash:642ef62fb9f25159,,,train
b71d3198378423754b9e,z5715033091251_2f0c5b8266edccf2943f76d81aa3d9f9.jpg,Soil_Labeled_Data/M_20_30/L_30_40/alluvial/z5715033091251_2f0c5b8266edccf2943f76d81aa3d9f9.jpg,Soil_Labeled_Data/M_20_30/L_30_40/alluvial/z5715033091251_2f0c5b8266edccf2943f76d81aa3d9f9.jpg,PRESENT,False,d45fd7fd48ce683b1f33b9b528a03c8212629fe1655d1a4af1b5667ebca52da2,24,29,38,2,M_20_30,L_30_40,alluvial,phash:bb3fb9ffa8d21ab5,phash:bb3fb9ffa8d21ab5,,,train
0ad12711733d1c282aa7,z5715033198682_111f474dcf904f18e89ceaadb5059e4d.jpg,Soil_Labeled_Data/M_20_30/L_30_40/alluvial/z5715033198682_111f474dcf904f18e89ceaadb5059e4d.jpg,Soil_Labeled_Data/M_20_30/L_30_40/alluvial/z5715033198682_111f474dcf904f18e89ceaadb5059e4d.jpg,PRESENT,False,b8b1fe9e5db7189034913b2cb81da1bde6aac29fb3a6bc4682a420f93ea34515,22,24,34,2,M_20_30,L_30_40,alluvial,phash:60e409c106802f02,phash:60e409c106802f02,,,train
7cc7d1db6a08f2533da0,z5715033267311_57d2cf58f22e781479c4bb3e0a80eaf8.jpg,Soil_Labeled_Data/M_20_30/L_30_40/alluvial/z5715033267311_57d2cf58f22e781479c4bb3e0a80eaf8.jpg,Soil_Labeled_Data/M_20_30/L_30_40/alluvial/z5715033267311_57d2cf58f22e781479c4bb3e0a80eaf8.jpg,PRESENT,False,6468356e7f33f0a5d99ee2adb46daf9fbb43724e7517d85dd7b6e5009c293967,27,29,38,2,M_20_30,L_30_40,alluvial,phash:983154d4cdf37659,phash:983154d4cdf37659,,,train
dadb38ea6c4202e18e0c,z5715033283250_9662b1abd36bcc15d631c026ef505c58.jpg,Soil_Labeled_Data/M_20_30/L_30_40/alluvial/z5715033283250_9662b1abd36bcc15d631c026ef505c58.jpg,Soil_Labeled_Data/M_20_30/L_30_40/alluvial/z5715033283250_9662b1abd36bcc15d631c026ef505c58.jpg,PRESENT,False,7c060695fe3ee48bd411054b2aa52aad3ddb46c98beb4df2b2d50873630de936,28,33,36,2,M_20_30,L_30_40,alluvial,phash:5cb254c161d0a02b,phash:5cb254c161d0a02b,,,train
4893dd9cc220336e731c,z5715033299586_fb56ad2741cffe50431dafd79108d8c2.jpg,Soil_Labeled_Data/M_20_30/L_30_40/alluvial/z5715033299586_fb56ad2741cffe50431dafd79108d8c2.jpg,Soil_Labeled_Data/M_20_30/L_30_40/alluvial/z5715033299586_fb56ad2741cffe50431dafd79108d8c2.jpg,PRESENT,False,238fd2a612f8e9b0c4a557291ea9e02715d7d8ce57c74316c6db31ca4fde82a4,29,32,35,2,M_20_30,L_30_40,alluvial,phash:fa88c0bdaa54207d,phash:fa88c0bdaa54207d,,,train
0a4792456b30b155223a,z5715033318232_05ae3184e016089055c9d59e609b3289.jpg,Soil_Labeled_Data/M_20_30/L_30_40/alluvial/z5715033318232_05ae3184e016089055c9d59e609b3289.jpg,Soil_Labeled_Data/M_20_30/L_30_40/alluvial/z5715033318232_05ae3184e016089055c9d59e609b3289.jpg,PRESENT,False,121460f1e2f97f1348e5c132ac4025af43268c0a95e3e957b35c2a3b8a760eeb,30,31,35,2,M_20_30,L_30_40,alluvial,phash:902a7b4d3528d956,phash:902a7b4d3528d956,,,train
6e34bfc98e8ac057cd8a,z5715033368981_cb6e02e9f14f705f9c888a15f8d6b961.jpg,Soil_Labeled_Data/M_20_30/L_30_40/alluvial/z5715033368981_cb6e02e9f14f705f9c888a15f8d6b961.jpg,Soil_Labeled_Data/M_20_30/L_30_40/alluvial/z5715033368981_cb6e02e9f14f705f9c888a15f8d6b961.jpg,PRESENT,False,be03d989fc8f4c72722a611e46f6fe5562d4d8e14706ee6c8f152f1c80eb8b46,29,30,38,2,M_20_30,L_30_40,alluvial,phash:53378d4ab68ab647,phash:53378d4ab68ab647,,,train
878fb5ece43dc4acba2d,z5715033382946_84a54237fc04c6f8bcc3e0a0e31f219c.jpg,Soil_Labeled_Data/M_20_30/L_30_40/alluvial/z5715033382946_84a54237fc04c6f8bcc3e0a0e31f219c.jpg,Soil_Labeled_Data/M_20_30/L_30_40/alluvial/z5715033382946_84a54237fc04c6f8bcc3e0a0e31f219c.jpg,PRESENT,False,48d30dd15f72ca44cd1e6ba741bb35a7d96496e724fa99748eb94ddf3a4bd667,30,33,33,2,M_20_30,L_30_40,alluvial,phash:cb2d0c99db6609f0,phash:cb2d0c99db6609f0,,,train
998e6f99098b47bc38f8,z5715051428849_8b124a2769ab19a14cf5decc529253cc.jpg,Soil_Labeled_Data/M_20_30/L_40_50/alluvial/z5715051428849_8b124a2769ab19a14cf5decc529253cc.jpg,Soil_Labeled_Data/M_20_30/L_40_50/alluvial/z5715051428849_8b124a2769ab19a14cf5decc529253cc.jpg,PRESENT,False,04f366bfd7c3bfa33d191e476d9d46fb6d478326bdeb7017e91905fb5d415e0b,30,34,44,2,M_20_30,L_40_50,alluvial,phash:38242dabc322967a,phash:38242dabc322967a,,,train
20502e9885e342330e58,z5715051601829_96fcbe633e7be37063a12a21c47af5b1.jpg,Soil_Labeled_Data/M_20_30/L_40_50/alluvial/z5715051601829_96fcbe633e7be37063a12a21c47af5b1.jpg,Soil_Labeled_Data/M_20_30/L_40_50/alluvial/z5715051601829_96fcbe633e7be37063a12a21c47af5b1.jpg,PRESENT,False,c25dfe778aca0b2be0848c38d0286ab9389f5ccfd819c581629b30b672d3187f,21,21,48,2,M_20_30,L_40_50,alluvial,phash:a401ec68ff4f6a7a,phash:a401ec68ff4f6a7a,,,train
d94dd8b326c0962f2ac2,z5715051601829_96fcbe633e7be37063a12a21c47af5b1_aug_00_light_brown.jpg,Soil_Labeled_Data/M_20_30/L_40_50/alluvial/z5715051601829_96fcbe633e7be37063a12a21c47af5b1_aug_00_light_brown.jpg,Soil_Labeled_Data/M_20_30/L_40_50/alluvial/z5715051601829_96fcbe633e7be37063a12a21c47af5b1_aug_00_light_brown.jpg,PRESENT,False,6923c73b86773a379ac834bf5a90868c819e66628a091e6b8b2e29a955a9b4f3,28,32,44,2,M_20_30,L_40_50,alluvial,phash:a401ec68ff4f6a7a,phash:a401ec68ff4f6a7a,,,train
ff2e999d6563cf166034,z5715051640126_93edb1c1e172d322cc3512303955fa03.jpg,Soil_Labeled_Data/M_20_30/L_40_50/alluvial/z5715051640126_93edb1c1e172d322cc3512303955fa03.jpg,Soil_Labeled_Data/M_20_30/L_40_50/alluvial/z5715051640126_93edb1c1e172d322cc3512303955fa03.jpg,PRESENT,False,5b65b04834612b20014d72b2999032f1909555b0612d8b082f7d1afcdbc9a02b,20,22,43,2,M_20_30,L_40_50,alluvial,phash:92e9a35c55bd879b,phash:92e9a35c55bd879b,,,train
cd84c447651d738f2df0,z5715051640126_93edb1c1e172d322cc3512303955fa03_aug_01_clay_red.jpg,Soil_Labeled_Data/M_20_30/L_40_50/alluvial/z5715051640126_93edb1c1e172d322cc3512303955fa03_aug_01_clay_red.jpg,Soil_Labeled_Data/M_20_30/L_40_50/alluvial/z5715051640126_93edb1c1e172d322cc3512303955fa03_aug_01_clay_red.jpg,PRESENT,False,caec3bd9a8a963beb8e0d7d31ec0ee80c06c67378ebf36818a2dd12383fcc707,22,27,40,2,M_20_30,L_40_50,alluvial,phash:92e9a35c55bd879b,phash:92e9a35c55bd879b,,,train
441ae2b4240f60a477ef,z5715051681355_eb6d15281c66c4cbae0976c9a8c14276.jpg,Soil_Labeled_Data/M_20_30/L_40_50/alluvial/z5715051681355_eb6d15281c66c4cbae0976c9a8c14276.jpg,Soil_Labeled_Data/M_20_30/L_40_50/alluvial/z5715051681355_eb6d15281c66c4cbae0976c9a8c14276.jpg,PRESENT,False,e1218400908880ade6f12224b2c445237aad380f28a825fe6f84527b6e718316,20,24,41,2,M_20_30,L_40_50,alluvial,phash:e04c12d3bf7eee3f,phash:e04c12d3bf7eee3f,,,train
3e4e1dd3c7e348fa2446,z5715051777252_1d4379a9989fd2994ba00708f807f763.jpg,Soil_Labeled_Data/M_20_30/L_40_50/alluvial/z5715051777252_1d4379a9989fd2994ba00708f807f763.jpg,Soil_Labeled_Data/M_20_30/L_40_50/alluvial/z5715051777252_1d4379a9989fd2994ba00708f807f763.jpg,PRESENT,False,17bac32b297ff1875e81923a93a974ea270697af0fe400b07a444afe34decef3,27,30,48,2,M_20_30,L_40_50,alluvial,phash:88929ddf34d2a7a7,phash:88929ddf34d2a7a7,,,train
b2ea0f3688431c7aa181,z5715051795655_239b4a0a8320ca98205dc4626998699f.jpg,Soil_Labeled_Data/M_20_30/L_40_50/alluvial/z5715051795655_239b4a0a8320ca98205dc4626998699f.jpg,Soil_Labeled_Data/M_20_30/L_40_50/alluvial/z5715051795655_239b4a0a8320ca98205dc4626998699f.jpg,PRESENT,False,51a220247e24109ab57ba5c0a14accae1da7ec652f27ccc88ee7c3a4195b632e,23,26,44,2,M_20_30,L_40_50,alluvial,phash:cc706bb84dcb72e9,phash:cc706bb84dcb72e9,,,train
caeac3235dfdba1d7a8c,z5715070467498_1d03022da80be4bb921e94aeebf95eef.jpg,Soil_Labeled_Data/M_20_30/L_50_60/alluvial/z5715070467498_1d03022da80be4bb921e94aeebf95eef.jpg,Soil_Labeled_Data/M_20_30/L_50_60/alluvial/z5715070467498_1d03022da80be4bb921e94aeebf95eef.jpg,PRESENT,False,5d4ca6111cffed88ed9c4e38436e431182433a2d3503c89fb606329f7954203c,27,29,54,2,M_20_30,L_50_60,alluvial,phash:a5c6a7e94b731068,phash:a5c6a7e94b731068,,,train
5ae830c7ce83c903971d,z5715070787843_5f98ecac9245087b948312aa2c33d089.jpg,Soil_Labeled_Data/M_20_30/L_50_60/alluvial/z5715070787843_5f98ecac9245087b948312aa2c33d089.jpg,Soil_Labeled_Data/M_20_30/L_50_60/alluvial/z5715070787843_5f98ecac9245087b948312aa2c33d089.jpg,PRESENT,False,3cc0a45fa9c2f02f0a654fdedbc672b8959eda39f9e331dfdb5c070282fabd5d,29,32,52,2,M_20_30,L_50_60,alluvial,phash:1ccf0a9049669819,phash:1ccf0a9049669819,,,train
f677001b1559e3a54a20,z5715070852325_9d179f2d687981f02801bceddfce2aca.jpg,Soil_Labeled_Data/M_20_30/L_50_60/alluvial/z5715070852325_9d179f2d687981f02801bceddfce2aca.jpg,Soil_Labeled_Data/M_20_30/L_50_60/alluvial/z5715070852325_9d179f2d687981f02801bceddfce2aca.jpg,PRESENT,False,89bbe1516f704fbe6263944ff39bd0ed58a35593f18e81f4016ccf618d2c3b45,23,23,54,2,M_20_30,L_50_60,alluvial,phash:4ac9acb575ce3597,phash:4ac9acb575ce3597,,,train
918bdab4ff2a14e71e68,z5715070924651_acdf0d2e5a464142ef539c01305a0b0b.jpg,Soil_Labeled_Data/M_20_30/L_50_60/alluvial/z5715070924651_acdf0d2e5a464142ef539c01305a0b0b.jpg,Soil_Labeled_Data/M_20_30/L_50_60/alluvial/z5715070924651_acdf0d2e5a464142ef539c01305a0b0b.jpg,PRESENT,False,33e93c55a72291f7a85d169249394c148554e3289c5fa5d5ee91919cf10e738b,25,29,59,2,M_20_30,L_50_60,alluvial,phash:3e7108a0cd895ea4,phash:3e7108a0cd895ea4,,,train
048770d094a9dcb6f34a,z5715071010821_d6a11e19ddae088c3b987415f7bfbcb6.jpg,Soil_Labeled_Data/M_20_30/L_50_60/alluvial/z5715071010821_d6a11e19ddae088c3b987415f7bfbcb6.jpg,Soil_Labeled_Data/M_20_30/L_50_60/alluvial/z5715071010821_d6a11e19ddae088c3b987415f7bfbcb6.jpg,PRESENT,False,96f2f90ec947d1144aacf482f19de0eb1a9162169735b3c22f0d6022b24cfd53,30,34,55,2,M_20_30,L_50_60,alluvial,phash:9bf25c4b81c1145a,phash:9bf25c4b81c1145a,,,train
8653b1566bc0ad0d2867,z5715083829092_c796baa2a13a45a626e1c31cb08f116a.jpg,Soil_Labeled_Data/M_20_30/L_60_70/alluvial/z5715083829092_c796baa2a13a45a626e1c31cb08f116a.jpg,Soil_Labeled_Data/M_20_30/L_60_70/alluvial/z5715083829092_c796baa2a13a45a626e1c31cb08f116a.jpg,PRESENT,False,0aaf381877979c2f78088b77bc96afd5f0dab14e5654e68eaa4f2db5ba909512,29,30,70,2,M_20_30,L_60_70,alluvial,phash:b712b0d5fc97a691,phash:b712b0d5fc97a691,,,train
4b9395158f5e9d867080,z5715083885623_9f42a940c20ea1e55af3e06994578004.jpg,Soil_Labeled_Data/M_20_30/L_60_70/alluvial/z5715083885623_9f42a940c20ea1e55af3e06994578004.jpg,Soil_Labeled_Data/M_20_30/L_60_70/alluvial/z5715083885623_9f42a940c20ea1e55af3e06994578004.jpg,PRESENT,False,67898e04a8c0c0324fdcce7b07b17544e6db14563070c7f5cdae06d19fa03a16,29,29,70,2,M_20_30,L_60_70,alluvial,phash:780eb3e36ab6145a,phash:780eb3e36ab6145a,,,train
96a982322ec6d5b45c24,z5715083944464_a4caa92a042d5283254923501cb8358c.jpg,Soil_Labeled_Data/M_20_30/L_60_70/alluvial/z5715083944464_a4caa92a042d5283254923501cb8358c.jpg,Soil_Labeled_Data/M_20_30/L_60_70/alluvial/z5715083944464_a4caa92a042d5283254923501cb8358c.jpg,PRESENT,False,c222c113cc89599bf7d087f016816d0e9ebefe20908792a5bf7804254e591e04,29,29,61,2,M_20_30,L_60_70,alluvial,phash:0addb7d1506343b6,phash:0addb7d1506343b6,,,train
a96ae39a7269cde1881b,z5715084002036_bdc35c47993d232e5b2b07c45fd7854f.jpg,Soil_Labeled_Data/M_20_30/L_60_70/alluvial/z5715084002036_bdc35c47993d232e5b2b07c45fd7854f.jpg,Soil_Labeled_Data/M_20_30/L_60_70/alluvial/z5715084002036_bdc35c47993d232e5b2b07c45fd7854f.jpg,PRESENT,False,820e8719cfc466579986fa5edfc332b0d265a952a1c40132ee20c7b7030d67ad,21,20,64,2,M_20_30,L_60_70,alluvial,phash:0cc2768efceedf39,phash:0cc2768efceedf39,,,train
32fd8e444758f62311a7,z5715084050631_480b9ae3c93e9adc09ca30cd0761e10e.jpg,Soil_Labeled_Data/M_20_30/L_60_70/alluvial/z5715084050631_480b9ae3c93e9adc09ca30cd0761e10e.jpg,Soil_Labeled_Data/M_20_30/L_60_70/alluvial/z5715084050631_480b9ae3c93e9adc09ca30cd0761e10e.jpg,PRESENT,False,186dcfeabe790def688e08b85859fc46d58280268818b9160d4eb8b268093b52,27,29,61,2,M_20_30,L_60_70,alluvial,phash:c8c63c305b66e060,phash:c8c63c305b66e060,,,train
d5c8baa47db9bdbfa52b,z5715084112046_c4388528720a09f94233e3004fa76f74.jpg,Soil_Labeled_Data/M_20_30/L_60_70/alluvial/z5715084112046_c4388528720a09f94233e3004fa76f74.jpg,Soil_Labeled_Data/M_20_30/L_60_70/alluvial/z5715084112046_c4388528720a09f94233e3004fa76f74.jpg,PRESENT,False,dd1bd043f3838840584374de42d8c9d115d6385e7faab5c15861b8fc063c54b6,20,19,67,2,M_20_30,L_60_70,alluvial,phash:8b71a8bf945bfd44,phash:8b71a8bf945bfd44,,,train
2fac4db57a87751a7192,z5715084165270_22662a8e6cfa3719910b048011f20dc3.jpg,Soil_Labeled_Data/M_20_30/L_60_70/alluvial/z5715084165270_22662a8e6cfa3719910b048011f20dc3.jpg,Soil_Labeled_Data/M_20_30/L_60_70/alluvial/z5715084165270_22662a8e6cfa3719910b048011f20dc3.jpg,PRESENT,False,a0e8c723805eef872659d72e0ccecc3d880ed7a88d2475174386c908afebdca3,25,24,65,2,M_20_30,L_60_70,alluvial,phash:cd45673673b5cc09,phash:cd45673673b5cc09,,,train
0ac197ed5859384405cf,z5715084217100_56ffdcb9a7e21ae938a857822326c4e1.jpg,Soil_Labeled_Data/M_20_30/L_60_70/alluvial/z5715084217100_56ffdcb9a7e21ae938a857822326c4e1.jpg,Soil_Labeled_Data/M_20_30/L_60_70/alluvial/z5715084217100_56ffdcb9a7e21ae938a857822326c4e1.jpg,PRESENT,False,42e164002ed51123257a87667824db345ecfde3d6ac715ea55051a421481360d,20,19,61,2,M_20_30,L_60_70,alluvial,phash:0b0189f76cd4b322,phash:0b0189f76cd4b322,,,train
141c64876c8956a90740,z5715084235063_019bf1d09588c2fd5226859f4331698b.jpg,Soil_Labeled_Data/M_20_30/L_60_70/alluvial/z5715084235063_019bf1d09588c2fd5226859f4331698b.jpg,Soil_Labeled_Data/M_20_30/L_60_70/alluvial/z5715084235063_019bf1d09588c2fd5226859f4331698b.jpg,PRESENT,False,ecb8c6c181da4ca5a895f55437024872b2d8c86c7eda2c55169616ad62b05970,20,21,68,2,M_20_30,L_60_70,alluvial,phash:2239954b40c98c02,phash:2239954b40c98c02,,,train
298ed4403e0f6fbb987a,z5715084306747_adff9a454f2d560f7c94ff4d4f1ba239.jpg,Soil_Labeled_Data/M_20_30/L_60_70/alluvial/z5715084306747_adff9a454f2d560f7c94ff4d4f1ba239.jpg,Soil_Labeled_Data/M_20_30/L_60_70/alluvial/z5715084306747_adff9a454f2d560f7c94ff4d4f1ba239.jpg,PRESENT,False,81593848bf4bfe6d4464335828282911f2e300005af6794572165c5b8115e96b,20,20,62,2,M_20_30,L_60_70,alluvial,phash:809b2d358b7be717,phash:809b2d358b7be717,,,train
a0903b6c5198196cfef8,z5715084355096_c7964126a2b1f16f09a53be76d55e947.jpg,Soil_Labeled_Data/M_20_30/L_60_70/alluvial/z5715084355096_c7964126a2b1f16f09a53be76d55e947.jpg,Soil_Labeled_Data/M_20_30/L_60_70/alluvial/z5715084355096_c7964126a2b1f16f09a53be76d55e947.jpg,PRESENT,False,c1a526eaa74b9ae17393a96fec9cd5a51bfebd65bf5dc0c4da6413cd4ce46f79,30,30,64,2,M_20_30,L_60_70,alluvial,phash:b9c4e59d99e5235b,phash:b9c4e59d99e5235b,,,train
64ec4b06fe065d821779,z5715084394382_378bf214cc128ad07a22836f046d4fec.jpg,Soil_Labeled_Data/M_20_30/L_60_70/alluvial/z5715084394382_378bf214cc128ad07a22836f046d4fec.jpg,Soil_Labeled_Data/M_20_30/L_60_70/alluvial/z5715084394382_378bf214cc128ad07a22836f046d4fec.jpg,PRESENT,False,57456835330f0656d6c7aa45b8af370eb037224d96c8cae244f0f15a367b6271,28,28,60,2,M_20_30,L_60_70,alluvial,phash:c66a3e06649e45b0,phash:c66a3e06649e45b0,,,train
3fb3ef8d3bfa2f49dd04,z5715084415256_c016f29f8a2b857513855a25b24de184.jpg,Soil_Labeled_Data/M_20_30/L_60_70/alluvial/z5715084415256_c016f29f8a2b857513855a25b24de184.jpg,Soil_Labeled_Data/M_20_30/L_60_70/alluvial/z5715084415256_c016f29f8a2b857513855a25b24de184.jpg,PRESENT,False,c9e74cb5b98b6d6a8973693f6e522b0dd70102643c429c5f5c6be2f611db2ab8,24,27,62,2,M_20_30,L_60_70,alluvial,phash:d20d5edb74fa0581,phash:d20d5edb74fa0581,,,train
4049ec758081e1d71aa0,z5715084415256_c016f29f8a2b857513855a25b24de184_aug_00_light_brown.jpg,Soil_Labeled_Data/M_20_30/L_60_70/alluvial/z5715084415256_c016f29f8a2b857513855a25b24de184_aug_00_light_brown.jpg,Soil_Labeled_Data/M_20_30/L_60_70/alluvial/z5715084415256_c016f29f8a2b857513855a25b24de184_aug_00_light_brown.jpg,PRESENT,False,d181d14afa71c919d3a767cd9a4d087b18f8debc2e6fe061f816938c04049b89,24,23,67,2,M_20_30,L_60_70,alluvial,phash:d20d5edb74fa0581,phash:d20d5edb74fa0581,,,train
1f70b725ac837d835d42,z5715084434342_b865d6e3c37268959852bcc33862045e.jpg,Soil_Labeled_Data/M_20_30/L_60_70/alluvial/z5715084434342_b865d6e3c37268959852bcc33862045e.jpg,Soil_Labeled_Data/M_20_30/L_60_70/alluvial/z5715084434342_b865d6e3c37268959852bcc33862045e.jpg,PRESENT,False,e8fd3ed4a9e2bff3d3493b2c0c6ae530de683e7858e55001c21f86177f2440d9,22,25,63,2,M_20_30,L_60_70,alluvial,phash:b584de0526926fa8,phash:b584de0526926fa8,,,train
597619771c679fe21a57,z5715084451345_2e9b065fd62392917b331a68b82abded.jpg,Soil_Labeled_Data/M_20_30/L_60_70/alluvial/z5715084451345_2e9b065fd62392917b331a68b82abded.jpg,Soil_Labeled_Data/M_20_30/L_60_70/alluvial/z5715084451345_2e9b065fd62392917b331a68b82abded.jpg,PRESENT,False,519e8522571ea89a394859cbf6f1d8490b7659356dea9203afaa7e51f4bed52c,26,26,65,2,M_20_30,L_60_70,alluvial,phash:0415e4080b15a32f,phash:0415e4080b15a32f,,,train
6216a3012e4430185472,z5715084491690_fee182e72573f2d43a9eccb1df380def.jpg,Soil_Labeled_Data/M_20_30/L_60_70/alluvial/z5715084491690_fee182e72573f2d43a9eccb1df380def.jpg,Soil_Labeled_Data/M_20_30/L_60_70/alluvial/z5715084491690_fee182e72573f2d43a9eccb1df380def.jpg,PRESENT,False,ade7f734910e3e8662cea454ccea0654dda78e9e062dd844549d0563f654c684,24,24,60,2,M_20_30,L_60_70,alluvial,phash:e6c6f6b3f01c55f9,phash:e6c6f6b3f01c55f9,,,train
0a4d2020a7b131f2b9d9,z5715141573526_1cfd3d637f1aaae4ef2237bf6ba6ce65.jpg,Soil_Labeled_Data/M_20_30/L_70_80/alluvial/z5715141573526_1cfd3d637f1aaae4ef2237bf6ba6ce65.jpg,Soil_Labeled_Data/M_20_30/L_70_80/alluvial/z5715141573526_1cfd3d637f1aaae4ef2237bf6ba6ce65.jpg,PRESENT,False,38c3ca463e6d5220a24d238390d845b0eb92a858cc21914fc332cbea462e4147,28,28,78,2,M_20_30,L_70_80,alluvial,phash:a318106830de566a,phash:a318106830de566a,,,train
e26e8dcb9041ac0877da,z5715141626411_00b983fd5f44402c4bda94b5b928bb00.jpg,Soil_Labeled_Data/M_20_30/L_70_80/alluvial/z5715141626411_00b983fd5f44402c4bda94b5b928bb00.jpg,Soil_Labeled_Data/M_20_30/L_70_80/alluvial/z5715141626411_00b983fd5f44402c4bda94b5b928bb00.jpg,PRESENT,False,c4d1fe9f4f7164fb249f5dd4a234c840e61ea268ecf2ab3a7ec2f006647cb856,21,23,72,2,M_20_30,L_70_80,alluvial,phash:58b6b94065785737,phash:58b6b94065785737,,,train
8b8cb90bce351575d9f3,z5715141676311_1d060c8ef71e58aadc2f6099b373b761.jpg,Soil_Labeled_Data/M_20_30/L_70_80/alluvial/z5715141676311_1d060c8ef71e58aadc2f6099b373b761.jpg,Soil_Labeled_Data/M_20_30/L_70_80/alluvial/z5715141676311_1d060c8ef71e58aadc2f6099b373b761.jpg,PRESENT,False,6b13a0d352e52f5a698756a9841c300cda91be22a26ccfa56cc1fa0fc0cdc515,25,25,80,2,M_20_30,L_70_80,alluvial,phash:17a33323a8c95ba6,phash:17a33323a8c95ba6,,,train
da93203cd9aa7e9b4607,z5715141734634_e77f72db46f26975a8a55807dd7433b7.jpg,Soil_Labeled_Data/M_20_30/L_70_80/alluvial/z5715141734634_e77f72db46f26975a8a55807dd7433b7.jpg,Soil_Labeled_Data/M_20_30/L_70_80/alluvial/z5715141734634_e77f72db46f26975a8a55807dd7433b7.jpg,PRESENT,False,5eac76e5a5e31eceb7551b983dd1eab914199bbbf78cb6f485a21cf76d1fddb3,29,30,70,2,M_20_30,L_70_80,alluvial,phash:e24ee0f14f9344e0,phash:e24ee0f14f9344e0,,,train
875b3a989232d39470d6,z5715141839575_b7b45144485ab528e29f7f20c818087e.jpg,Soil_Labeled_Data/M_20_30/L_70_80/alluvial/z5715141839575_b7b45144485ab528e29f7f20c818087e.jpg,Soil_Labeled_Data/M_20_30/L_70_80/alluvial/z5715141839575_b7b45144485ab528e29f7f20c818087e.jpg,PRESENT,False,db3ed734adf8bdac5d2eec6ff7451baf501943149e34360a67900b0d19f6cf6f,26,26,78,2,M_20_30,L_70_80,alluvial,phash:a9a50068574c2f94,phash:a9a50068574c2f94,,,train
2b55076634dd396c1f54,z5715141899556_927d7046b4cb6c9fdf4bc1576d9b3b99.jpg,Soil_Labeled_Data/M_20_30/L_70_80/alluvial/z5715141899556_927d7046b4cb6c9fdf4bc1576d9b3b99.jpg,Soil_Labeled_Data/M_20_30/L_70_80/alluvial/z5715141899556_927d7046b4cb6c9fdf4bc1576d9b3b99.jpg,PRESENT,False,34883b25117d563122e08ab17ef345e5d3f9cc11d8944b1d39c1ee5b9ed45aeb,21,22,71,2,M_20_30,L_70_80,alluvial,phash:f3d6802b35e39c89,phash:f3d6802b35e39c89,,,train
f288f5e8365cc5cdb77f,z5715142006130_46686c8c324bef016a5cf09b6c303d7d.jpg,Soil_Labeled_Data/M_20_30/L_70_80/alluvial/z5715142006130_46686c8c324bef016a5cf09b6c303d7d.jpg,Soil_Labeled_Data/M_20_30/L_70_80/alluvial/z5715142006130_46686c8c324bef016a5cf09b6c303d7d.jpg,PRESENT,False,0ed3e5e30e1c030302bc036f0307be1e6ea0cc1162602eec0fb426b6d1e1b5e6,28,27,73,2,M_20_30,L_70_80,alluvial,phash:f2c7f7d00b739ab5,phash:f2c7f7d00b739ab5,,,train
384cdbb40ae282af3a9b,z5715142094388_c5aff9d8c06cb2f2846d510846da43cc.jpg,Soil_Labeled_Data/M_20_30/L_70_80/alluvial/z5715142094388_c5aff9d8c06cb2f2846d510846da43cc.jpg,Soil_Labeled_Data/M_20_30/L_70_80/alluvial/z5715142094388_c5aff9d8c06cb2f2846d510846da43cc.jpg,PRESENT,False,16b9efb8d7b0519f05b4ffc613123090d206a8eaea2a47f57ef163d212ec96f2,27,27,76,2,M_20_30,L_70_80,alluvial,phash:87a698f67236321c,phash:87a698f67236321c,,,train
9f7273644c072e4a696d,z5715142111427_710989d5ad90708c35b310578e9c654f.jpg,Soil_Labeled_Data/M_20_30/L_70_80/alluvial/z5715142111427_710989d5ad90708c35b310578e9c654f.jpg,Soil_Labeled_Data/M_20_30/L_70_80/alluvial/z5715142111427_710989d5ad90708c35b310578e9c654f.jpg,PRESENT,False,24e29037ec5b0bb5cc7e12653dba3e102d64d80e35c7fbe69fd5eff8187d245c,26,25,80,2,M_20_30,L_70_80,alluvial,phash:989c11f801dd17a4,phash:989c11f801dd17a4,,,train
ba22cc8916135b56d29d,z5715142129089_015c9550aeccc7dd88d56342f7ce6df6.jpg,Soil_Labeled_Data/M_20_30/L_70_80/alluvial/z5715142129089_015c9550aeccc7dd88d56342f7ce6df6.jpg,Soil_Labeled_Data/M_20_30/L_70_80/alluvial/z5715142129089_015c9550aeccc7dd88d56342f7ce6df6.jpg,PRESENT,False,31dfebc59aefd32045fe1cc6adbe0310d852d35a5d577072cb9abd0142380f76,30,32,79,2,M_20_30,L_70_80,alluvial,phash:637fec9ec7b348d9,phash:637fec9ec7b348d9,,,train
42a0b4d8fcfee37be4d2,z5715142193394_b30a0cc8a4160e93e5340cc2d37f7490.jpg,Soil_Labeled_Data/M_20_30/L_70_80/alluvial/z5715142193394_b30a0cc8a4160e93e5340cc2d37f7490.jpg,Soil_Labeled_Data/M_20_30/L_70_80/alluvial/z5715142193394_b30a0cc8a4160e93e5340cc2d37f7490.jpg,PRESENT,False,b77c5c9aa4c9cb6f5b727fe315ebd4d03a1910d5bbbb7341829a628d77113cb4,25,26,72,2,M_20_30,L_70_80,alluvial,phash:bc8421654ab19e1d,phash:bc8421654ab19e1d,,,train
961d0448acd2b581019e,z5715142229857_c6b81d36db95f193a6b59ac535fea2cc.jpg,Soil_Labeled_Data/M_20_30/L_70_80/alluvial/z5715142229857_c6b81d36db95f193a6b59ac535fea2cc.jpg,Soil_Labeled_Data/M_20_30/L_70_80/alluvial/z5715142229857_c6b81d36db95f193a6b59ac535fea2cc.jpg,PRESENT,False,b910b800435e588c5c942f78116ff1209bf50909f585623746602b27230288a9,30,31,78,2,M_20_30,L_70_80,alluvial,phash:941a871f81e9813c,phash:941a871f81e9813c,,,train
b8362c01aa38f56b0b97,z5715142251106_f70a13549cdc2cbc53d4da6e12f77581.jpg,Soil_Labeled_Data/M_20_30/L_70_80/alluvial/z5715142251106_f70a13549cdc2cbc53d4da6e12f77581.jpg,Soil_Labeled_Data/M_20_30/L_70_80/alluvial/z5715142251106_f70a13549cdc2cbc53d4da6e12f77581.jpg,PRESENT,False,56e5ae7d0ed513736bd0ce7a97fa1bdeb8a90f88184db4ef0b3f4e0875471656,26,27,79,2,M_20_30,L_70_80,alluvial,phash:c007721889ea07ad,phash:c007721889ea07ad,,,train
8e0f84f85cef52724dd1,z5715154628095_a9bcdf25f0a8437ee807f507e19a6a42.jpg,Soil_Labeled_Data/M_20_30/L_80_90/alluvial/z5715154628095_a9bcdf25f0a8437ee807f507e19a6a42.jpg,Soil_Labeled_Data/M_20_30/L_80_90/alluvial/z5715154628095_a9bcdf25f0a8437ee807f507e19a6a42.jpg,PRESENT,False,2267847d6f58995f1af6c2b9c4888db175693a35297475edccd372aba81b622c,20,20,82,2,M_20_30,L_80_90,alluvial,phash:44d2ee30772fe50f,phash:44d2ee30772fe50f,,,train
74faae1eb79b8a2628e4,z5715155256691_1ffc49a4a060498ad81e81a4563cb24c.jpg,Soil_Labeled_Data/M_20_30/L_80_90/alluvial/z5715155256691_1ffc49a4a060498ad81e81a4563cb24c.jpg,Soil_Labeled_Data/M_20_30/L_80_90/alluvial/z5715155256691_1ffc49a4a060498ad81e81a4563cb24c.jpg,PRESENT,False,016d6dc5e856d058c0abce179cd492af21d1af09ac9886cfdb76a17f1a69a23b,21,22,89,2,M_20_30,L_80_90,alluvial,phash:3ad8fee1d4651010,phash:3ad8fee1d4651010,,,train
51f2726b5a71a58975a0,z5715155307410_ef1fec805684af84f2f37deeee4fb2ed.jpg,Soil_Labeled_Data/M_20_30/L_80_90/alluvial/z5715155307410_ef1fec805684af84f2f37deeee4fb2ed.jpg,Soil_Labeled_Data/M_20_30/L_80_90/alluvial/z5715155307410_ef1fec805684af84f2f37deeee4fb2ed.jpg,PRESENT,False,d457b924ae63369629193961ad76324848e7e919e7b7f365f5453408bd7e925c,21,19,87,2,M_20_30,L_80_90,alluvial,phash:56c3209e1a8b23fc,phash:56c3209e1a8b23fc,,,train
22ee551666ec74e1838a,z5715155307410_ef1fec805684af84f2f37deeee4fb2ed_aug_00_clay_red.jpg,Soil_Labeled_Data/M_20_30/L_80_90/alluvial/z5715155307410_ef1fec805684af84f2f37deeee4fb2ed_aug_00_clay_red.jpg,Soil_Labeled_Data/M_20_30/L_80_90/alluvial/z5715155307410_ef1fec805684af84f2f37deeee4fb2ed_aug_00_clay_red.jpg,PRESENT,False,4060831bf219de24966279758d660122feb9db3fe347f7957b534d45939f0303,22,20,89,2,M_20_30,L_80_90,alluvial,phash:56c3209e1a8b23fc,phash:56c3209e1a8b23fc,,,train
bfc482197fce5f559304,z5715155359176_80249e0afc3ce2cfb3da56418c94bb29.jpg,Soil_Labeled_Data/M_20_30/L_80_90/alluvial/z5715155359176_80249e0afc3ce2cfb3da56418c94bb29.jpg,Soil_Labeled_Data/M_20_30/L_80_90/alluvial/z5715155359176_80249e0afc3ce2cfb3da56418c94bb29.jpg,PRESENT,False,3cf4aa53524b1de6f3b387ee6a25fa64a0314b5e5d6ab4e7b46f43b2171e12e2,25,25,83,2,M_20_30,L_80_90,alluvial,phash:bfde4398d2d48a44,phash:bfde4398d2d48a44,,,train
dcd44004ae2001386831,z5715155376957_341732d07e349f2bacec318c53cd64ce.jpg,Soil_Labeled_Data/M_20_30/L_80_90/alluvial/z5715155376957_341732d07e349f2bacec318c53cd64ce.jpg,Soil_Labeled_Data/M_20_30/L_80_90/alluvial/z5715155376957_341732d07e349f2bacec318c53cd64ce.jpg,PRESENT,False,c46ccdb9a6d5bc7b059c650e73afe0ade880a5d6ccfcf67c450f4a300827e892,26,28,84,2,M_20_30,L_80_90,alluvial,phash:56c3209e1a8b23fc,phash:56c3209e1a8b23fc,,,train
e4aaaa31f98e464a328b,z5715167099253_f3688f351d242ed3f65ffa7333d90c3d.jpg,Soil_Labeled_Data/M_20_30/L_90_100/alluvial/z5715167099253_f3688f351d242ed3f65ffa7333d90c3d.jpg,Soil_Labeled_Data/M_20_30/L_90_100/alluvial/z5715167099253_f3688f351d242ed3f65ffa7333d90c3d.jpg,PRESENT,False,cf64325e047709f77bbce59a1fef39b5fdf9e23631706fac4605c5a40ebcb7b2,21,23,98,2,M_20_30,L_90_100,alluvial,phash:199e73055f28e68e,phash:199e73055f28e68e,,,train
e86479c5b19a1db98613,z5715167299184_616dc5be768e241649cdf82f36dfc56b.jpg,Soil_Labeled_Data/M_20_30/L_90_100/alluvial/z5715167299184_616dc5be768e241649cdf82f36dfc56b.jpg,Soil_Labeled_Data/M_20_30/L_90_100/alluvial/z5715167299184_616dc5be768e241649cdf82f36dfc56b.jpg,PRESENT,False,020e9b34a3b42bc72e84105b5a3f1543f7bc8feb94b4b0c3fb7fde9055246ca3,20,21,94,2,M_20_30,L_90_100,alluvial,phash:ea42aeaf792b54dd,phash:ea42aeaf792b54dd,,,train
32dbedb83874ced4573c,z5715167366438_ed1e0728e6ae5f3c68027def7da347b4.jpg,Soil_Labeled_Data/M_20_30/L_90_100/alluvial/z5715167366438_ed1e0728e6ae5f3c68027def7da347b4.jpg,Soil_Labeled_Data/M_20_30/L_90_100/alluvial/z5715167366438_ed1e0728e6ae5f3c68027def7da347b4.jpg,PRESENT,False,817ce617a4533b8b90335a9e534b9beb611169346c6b1c801d279296da17a32c,26,27,93,2,M_20_30,L_90_100,alluvial,phash:813e40b0b9d01280,phash:813e40b0b9d01280,,,train
ebc0bf15e76049175bbf,z5715167560219_31074c087b2e4f46f5119fdb560ee7fc.jpg,Soil_Labeled_Data/M_20_30/L_90_100/alluvial/z5715167560219_31074c087b2e4f46f5119fdb560ee7fc.jpg,Soil_Labeled_Data/M_20_30/L_90_100/alluvial/z5715167560219_31074c087b2e4f46f5119fdb560ee7fc.jpg,PRESENT,False,cb086bf08a1355cde451a4a49800029ef49fceb2fe9cabbc919f032dafb2c496,25,27,97,2,M_20_30,L_90_100,alluvial,phash:f8dc002b4ae1019b,phash:f8dc002b4ae1019b,,,train
6fd8114732b4cc2b3ff0,z5715167620156_878234ad9efad1ef27606d024511fa73.jpg,Soil_Labeled_Data/M_20_30/L_90_100/alluvial/z5715167620156_878234ad9efad1ef27606d024511fa73.jpg,Soil_Labeled_Data/M_20_30/L_90_100/alluvial/z5715167620156_878234ad9efad1ef27606d024511fa73.jpg,PRESENT,False,30ea0aa0712ec27dc9ae4dd8382e03b60962f1439392ca062beee6a7a330caaa,21,20,96,2,M_20_30,L_90_100,alluvial,phash:e5364bbb7b543b07,phash:e5364bbb7b543b07,,,train
9faf6902c26dfbe8728a,z5715167638313_c2f37b957f15e35e5b3fef1b9748a0a0.jpg,Soil_Labeled_Data/M_20_30/L_90_100/alluvial/z5715167638313_c2f37b957f15e35e5b3fef1b9748a0a0.jpg,Soil_Labeled_Data/M_20_30/L_90_100/alluvial/z5715167638313_c2f37b957f15e35e5b3fef1b9748a0a0.jpg,PRESENT,False,5c102496ec590d19798dde085c04662e326e55e77c5576542a6d7975bf0a4967,21,19,90,2,M_20_30,L_90_100,alluvial,phash:6997bc4d69c0671c,phash:6997bc4d69c0671c,,,train
1e35fe3be851f31acf15,z5715167672427_5ce3a50a901a012d6eb93435ad6b9a0f.jpg,Soil_Labeled_Data/M_20_30/L_90_100/alluvial/z5715167672427_5ce3a50a901a012d6eb93435ad6b9a0f.jpg,Soil_Labeled_Data/M_20_30/L_90_100/alluvial/z5715167672427_5ce3a50a901a012d6eb93435ad6b9a0f.jpg,PRESENT,False,5823526bdc3aeb62a6ac12a0fa56f037df78661558683d68616ed24d46ea6f49,29,28,94,2,M_20_30,L_90_100,alluvial,phash:ec47564f706ec0e4,phash:ec47564f706ec0e4,,,train
835d24a71b450ba1f871,z5715167722508_954111bf76d7fdba051b4480fdfc2c16.jpg,Soil_Labeled_Data/M_20_30/L_90_100/alluvial/z5715167722508_954111bf76d7fdba051b4480fdfc2c16.jpg,Soil_Labeled_Data/M_20_30/L_90_100/alluvial/z5715167722508_954111bf76d7fdba051b4480fdfc2c16.jpg,PRESENT,False,5bf28fabfdd47c810c156891526d415f2424ffd0b5b2b4f6a566d209963b3ee3,21,20,94,2,M_20_30,L_90_100,alluvial,phash:dcac52ed0faff99f,phash:dcac52ed0faff99f,,,train
5259f610de4573d6176c,z5716041534082_306e15f5e30046bae34f62036b4539ae.jpg,Soil_Labeled_Data/M_30_40/L_0_10/alluvial/z5716041534082_306e15f5e30046bae34f62036b4539ae.jpg,Soil_Labeled_Data/M_30_40/L_0_10/alluvial/z5716041534082_306e15f5e30046bae34f62036b4539ae.jpg,PRESENT,False,ee09fd7940fb6be06695a7418f3cf75f76fa9de2d9a7d4047fbcab82851a807f,32,38,10,3,M_30_40,L_0_10,alluvial,phash:7b6911b8851eee69,phash:7b6911b8851eee69,,,train
4f26ebdb10ba52a2386c,z5716041881708_78beac35b69090477b9041eb1ba236f3.jpg,Soil_Labeled_Data/M_30_40/L_0_10/alluvial/z5716041881708_78beac35b69090477b9041eb1ba236f3.jpg,Soil_Labeled_Data/M_30_40/L_0_10/alluvial/z5716041881708_78beac35b69090477b9041eb1ba236f3.jpg,PRESENT,False,676724cc1b61bb2e4109a188f3eb65de87786103a5a2900a3a1841e99065c5b7,37,43,8,3,M_30_40,L_0_10,alluvial,phash:20f661df4ab86121,phash:20f661df4ab86121,,,train
987061d5cbd2754a82ab,z5716042004626_672a27bdaa4badcf207b29a4dbf173b0.jpg,Soil_Labeled_Data/M_30_40/L_0_10/alluvial/z5716042004626_672a27bdaa4badcf207b29a4dbf173b0.jpg,Soil_Labeled_Data/M_30_40/L_0_10/alluvial/z5716042004626_672a27bdaa4badcf207b29a4dbf173b0.jpg,PRESENT,False,3d46b55b6fe66c7081bd5f602ccc9b30c513f14026ee2904baa47dbda1aae862,40,44,1,3,M_30_40,L_0_10,alluvial,phash:156bd532f6d70aa4,phash:156bd532f6d70aa4,,,train
5679a3dca255face0ad8,z5716042134688_b9c0dd073d73e642655a3f55330bce08.jpg,Soil_Labeled_Data/M_30_40/L_0_10/alluvial/z5716042134688_b9c0dd073d73e642655a3f55330bce08.jpg,Soil_Labeled_Data/M_30_40/L_0_10/alluvial/z5716042134688_b9c0dd073d73e642655a3f55330bce08.jpg,PRESENT,False,69c0f8fd93830ff2ad3a679f6a89f37913c09eda652d5593fad64d948c0fd915,40,44,10,3,M_30_40,L_0_10,alluvial,phash:3385bfbe7d6ac5f4,phash:3385bfbe7d6ac5f4,,,train
849516fc01ea9451b3c4,z5716042289286_4f5ba54e9a7dd70e051e6c0bf403d0f8.jpg,Soil_Labeled_Data/M_30_40/L_0_10/alluvial/z5716042289286_4f5ba54e9a7dd70e051e6c0bf403d0f8.jpg,Soil_Labeled_Data/M_30_40/L_0_10/alluvial/z5716042289286_4f5ba54e9a7dd70e051e6c0bf403d0f8.jpg,PRESENT,False,1867ee1365b519547339bc84756b65a25ddece44bcacc3c33a7886b5309a1364,39,44,5,3,M_30_40,L_0_10,alluvial,phash:038e7ee2adbaeb19,phash:038e7ee2adbaeb19,,,train
a26b956c3e10c77965cb,z5716042393202_8e123a1e78f84eda2b3a3bd5bfe377a3.jpg,Soil_Labeled_Data/M_30_40/L_0_10/alluvial/z5716042393202_8e123a1e78f84eda2b3a3bd5bfe377a3.jpg,Soil_Labeled_Data/M_30_40/L_0_10/alluvial/z5716042393202_8e123a1e78f84eda2b3a3bd5bfe377a3.jpg,PRESENT,False,2784bdf7949c7377b9c47d1277abb8595236e6907b7f8f2c38175c4de9e36bfa,31,35,5,3,M_30_40,L_0_10,alluvial,phash:656225373357816c,phash:656225373357816c,,,train
9bf2a2b99f122f63b913,z5716081506381_3d09fae82a727de4543e6209de51152c.jpg,Soil_Labeled_Data/M_30_40/L_10_20/alluvial/z5716081506381_3d09fae82a727de4543e6209de51152c.jpg,Soil_Labeled_Data/M_30_40/L_10_20/alluvial/z5716081506381_3d09fae82a727de4543e6209de51152c.jpg,PRESENT,False,17d321c022e77faeddd1fab86f38cc283c526aba8ec107da4958fc7035cdcdc7,39,41,10,3,M_30_40,L_10_20,alluvial,phash:f9ff82bd56464b67,phash:f9ff82bd56464b67,,,train
9ecc812f38b9a754e60b,z5716081630761_e1624a45d14f513987c03256f064b8bf.jpg,Soil_Labeled_Data/M_30_40/L_10_20/alluvial/z5716081630761_e1624a45d14f513987c03256f064b8bf.jpg,Soil_Labeled_Data/M_30_40/L_10_20/alluvial/z5716081630761_e1624a45d14f513987c03256f064b8bf.jpg,PRESENT,False,b24297fe42b64c8498b127fa6e2b020493b71576de394fcfef8eb57f682d697c,39,45,13,3,M_30_40,L_10_20,alluvial,phash:d900520187ed4db7,phash:d900520187ed4db7,,,train
fe829d98e774a14c3dde,z5716081662580_90fe70bd39227686c8ca01467428faf4.jpg,Soil_Labeled_Data/M_30_40/L_10_20/alluvial/z5716081662580_90fe70bd39227686c8ca01467428faf4.jpg,Soil_Labeled_Data/M_30_40/L_10_20/alluvial/z5716081662580_90fe70bd39227686c8ca01467428faf4.jpg,PRESENT,False,d1fbd491430e30deac2342f9b19aee42b85853f680ec0dec701cfd8a7f818506,34,40,16,3,M_30_40,L_10_20,alluvial,phash:72ba288fa0329d1a,phash:72ba288fa0329d1a,,,train
e06b67274b31e2a624dc,z5716081686870_a22c92a1c73378a497174d3b9264fcd8.jpg,Soil_Labeled_Data/M_30_40/L_10_20/alluvial/z5716081686870_a22c92a1c73378a497174d3b9264fcd8.jpg,Soil_Labeled_Data/M_30_40/L_10_20/alluvial/z5716081686870_a22c92a1c73378a497174d3b9264fcd8.jpg,PRESENT,False,fdc277789bdec5d362db1f83ee8060e05dd65abfdba4722cfb44e07b91ddf3d0,40,46,11,3,M_30_40,L_10_20,alluvial,phash:5366782500485afa,phash:5366782500485afa,,,train
cae89483d5d77afd2881,z5716081722638_c5469396c1e35eacca15c178956594c9.jpg,Soil_Labeled_Data/M_30_40/L_10_20/alluvial/z5716081722638_c5469396c1e35eacca15c178956594c9.jpg,Soil_Labeled_Data/M_30_40/L_10_20/alluvial/z5716081722638_c5469396c1e35eacca15c178956594c9.jpg,PRESENT,False,59312e751669536f957ea3c2e9d0a30e942dc2ee0a3e67f94452ded94dfe0cb6,33,37,20,3,M_30_40,L_10_20,alluvial,phash:5842a5560e2b0093,phash:5842a5560e2b0093,,,train
15b888f52ab2557998fe,z5716081732799_46a8abd72cd445d5fc7f7576562133ff.jpg,Soil_Labeled_Data/M_30_40/L_10_20/alluvial/z5716081732799_46a8abd72cd445d5fc7f7576562133ff.jpg,Soil_Labeled_Data/M_30_40/L_10_20/alluvial/z5716081732799_46a8abd72cd445d5fc7f7576562133ff.jpg,PRESENT,False,68aa056ae4bc61cbdecd5a2d8b26506d810c6d6cc9db54bd5d11f53f2c8f4077,35,37,11,3,M_30_40,L_10_20,alluvial,phash:496ac27b0538870d,phash:496ac27b0538870d,,,train
297c183d74ff943ce9bd,z5716081741279_e6dcbcb3d2252e27194aab74ebc27762.jpg,Soil_Labeled_Data/M_30_40/L_10_20/alluvial/z5716081741279_e6dcbcb3d2252e27194aab74ebc27762.jpg,Soil_Labeled_Data/M_30_40/L_10_20/alluvial/z5716081741279_e6dcbcb3d2252e27194aab74ebc27762.jpg,PRESENT,False,50805931c56a4deb9346aafef2f10a77b9ca9cf33c85dec826753aec65d71729,35,41,13,3,M_30_40,L_10_20,alluvial,phash:46386f8bbcc5a68d,phash:46386f8bbcc5a68d,,,train
23696a0b2e3656e61c09,z5716081772943_2fb347b31f759bb077e09ce9344a4b18.jpg,Soil_Labeled_Data/M_30_40/L_10_20/alluvial/z5716081772943_2fb347b31f759bb077e09ce9344a4b18.jpg,Soil_Labeled_Data/M_30_40/L_10_20/alluvial/z5716081772943_2fb347b31f759bb077e09ce9344a4b18.jpg,PRESENT,False,67955b3e83c5911a5571708b65c91dd0c93e693c9d33b8eff2e7478e729340e2,30,36,17,3,M_30_40,L_10_20,alluvial,phash:0c938b0ff44bef59,phash:0c938b0ff44bef59,,,train
ef838efb6e4071aba292,z5716143848502_4bd0eba511c987674067e6093eb213b9.jpg,Soil_Labeled_Data/M_30_40/L_20_30/alluvial/z5716143848502_4bd0eba511c987674067e6093eb213b9.jpg,Soil_Labeled_Data/M_30_40/L_20_30/alluvial/z5716143848502_4bd0eba511c987674067e6093eb213b9.jpg,PRESENT,False,de1a5562a97bddbe7a04dee7a5b2c39c662a032433d6d4db79cfb5aa7ad8a226,30,31,21,3,M_30_40,L_20_30,alluvial,phash:9fb314b66ba5fac9,phash:9fb314b66ba5fac9,,,train
253c762f01b83ace9526,z5716143884036_b02bdfc16942b9a4a8029ffa42d721fa.jpg,Soil_Labeled_Data/M_30_40/L_20_30/alluvial/z5716143884036_b02bdfc16942b9a4a8029ffa42d721fa.jpg,Soil_Labeled_Data/M_30_40/L_20_30/alluvial/z5716143884036_b02bdfc16942b9a4a8029ffa42d721fa.jpg,PRESENT,False,42e44e441c7ee74db90bce47b30dc5d311442a53fb76522bd7fa2aecf5f4c438,30,34,20,3,M_30_40,L_20_30,alluvial,phash:1323798deece8975,phash:1323798deece8975,,,train
b1fa9e8dc9e08985e931,z5716143930779_82598f78ba14dbaef200f73e32b8e318.jpg,Soil_Labeled_Data/M_30_40/L_20_30/alluvial/z5716143930779_82598f78ba14dbaef200f73e32b8e318.jpg,Soil_Labeled_Data/M_30_40/L_20_30/alluvial/z5716143930779_82598f78ba14dbaef200f73e32b8e318.jpg,PRESENT,False,2310b7ef926f2e5f93eb1c8d5aeaeefcdbfde30ba5170f4d9b12c3f4f74ddf91,35,38,29,3,M_30_40,L_20_30,alluvial,phash:8a3d68b1e659cb4f,phash:8a3d68b1e659cb4f,,,train
829f52e714bb4cbe30fa,z5716143971881_3b7ae01df4bd18ac6697e43919b461a8.jpg,Soil_Labeled_Data/M_30_40/L_20_30/alluvial/z5716143971881_3b7ae01df4bd18ac6697e43919b461a8.jpg,Soil_Labeled_Data/M_30_40/L_20_30/alluvial/z5716143971881_3b7ae01df4bd18ac6697e43919b461a8.jpg,PRESENT,False,45ca1e9ab7e931b5493dec05d7b6045a6992645dc63893dd7ce69e465a2714ff,32,36,29,3,M_30_40,L_20_30,alluvial,phash:3a1e8ff119bb677a,phash:3a1e8ff119bb677a,,,train
1a544b8c91072709fe09,z5716144047202_bfbf5a922e86461675c0376ab5dc29fc.jpg,Soil_Labeled_Data/M_30_40/L_20_30/alluvial/z5716144047202_bfbf5a922e86461675c0376ab5dc29fc.jpg,Soil_Labeled_Data/M_30_40/L_20_30/alluvial/z5716144047202_bfbf5a922e86461675c0376ab5dc29fc.jpg,PRESENT,False,d28c314e779803ab9e5e15c72adf9192cd70d27237290105b837298474a797af,31,33,22,3,M_30_40,L_20_30,alluvial,phash:1d0a72a47c47c348,phash:1d0a72a47c47c348,,,train
a33a6dd8d1e8ee727b1a,z5716144083688_2c23641d859dd12e7ca459c954f4e5a3.jpg,Soil_Labeled_Data/M_30_40/L_20_30/alluvial/z5716144083688_2c23641d859dd12e7ca459c954f4e5a3.jpg,Soil_Labeled_Data/M_30_40/L_20_30/alluvial/z5716144083688_2c23641d859dd12e7ca459c954f4e5a3.jpg,PRESENT,False,3a97090e1fad8ea1a12c11a4f43e1a2a0dadc784f30d79a2a13e23e2a776de2c,32,36,20,3,M_30_40,L_20_30,alluvial,phash:91b121c2b098a87b,phash:91b121c2b098a87b,,,train
36886b50b080e71268f5,z5716144132663_b70f7b9be95a4c936673e9107c9809f3.jpg,Soil_Labeled_Data/M_30_40/L_20_30/alluvial/z5716144132663_b70f7b9be95a4c936673e9107c9809f3.jpg,Soil_Labeled_Data/M_30_40/L_20_30/alluvial/z5716144132663_b70f7b9be95a4c936673e9107c9809f3.jpg,PRESENT,False,5bd26a028006b69f138a033bca37fa61ff9b31302b0459ca1b1ba2ac93a6ba8e,36,39,24,3,M_30_40,L_20_30,alluvial,phash:fabf81d21febb44c,phash:fabf81d21febb44c,,,train
d08ffcaf4026e4c6d635,z5716144190940_96c634256f2c6596418ea321b6ccecda.jpg,Soil_Labeled_Data/M_30_40/L_20_30/alluvial/z5716144190940_96c634256f2c6596418ea321b6ccecda.jpg,Soil_Labeled_Data/M_30_40/L_20_30/alluvial/z5716144190940_96c634256f2c6596418ea321b6ccecda.jpg,PRESENT,False,a8f29eac0ed7abfca4ddf9b915dc840abe3bcf58812e1344138424f6b37af754,34,37,26,3,M_30_40,L_20_30,alluvial,phash:e470bf4292aac4cd,phash:e470bf4292aac4cd,,,train
7d07bf13e398ca458c34,z5716144235764_fed4a8b02740ef64fdb95af4099f1336.jpg,Soil_Labeled_Data/M_30_40/L_20_30/alluvial/z5716144235764_fed4a8b02740ef64fdb95af4099f1336.jpg,Soil_Labeled_Data/M_30_40/L_20_30/alluvial/z5716144235764_fed4a8b02740ef64fdb95af4099f1336.jpg,PRESENT,False,a2d97d8b303fb6d80c95705475da2a61725c201a719d7370dbdfe03d714acdc9,38,42,26,3,M_30_40,L_20_30,alluvial,phash:5f3d3bc6e2523e9c,phash:5f3d3bc6e2523e9c,,,train
8c1e2bf8d95e2fa6d97c,z5716113532944_e24b5c26485417eddb8588efca3eea1f.jpg,Soil_Labeled_Data/M_30_40/L_30_40/alluvial/z5716113532944_e24b5c26485417eddb8588efca3eea1f.jpg,Soil_Labeled_Data/M_30_40/L_30_40/alluvial/z5716113532944_e24b5c26485417eddb8588efca3eea1f.jpg,PRESENT,False,0caf96d71f29a8f9b04bde74396028c1f479f64c3888a6751bbd1473ea670ca9,39,40,30,3,M_30_40,L_30_40,alluvial,phash:67cc1dc54d47f36e,phash:67cc1dc54d47f36e,,,train
c362d6d5aed7a7cf41c4,z5716113582590_c1f59f1cd35db605de2ac5249cd439b0.jpg,Soil_Labeled_Data/M_30_40/L_30_40/alluvial/z5716113582590_c1f59f1cd35db605de2ac5249cd439b0.jpg,Soil_Labeled_Data/M_30_40/L_30_40/alluvial/z5716113582590_c1f59f1cd35db605de2ac5249cd439b0.jpg,PRESENT,False,04307e3e55faa988b501b33fbcfafdd7c1e9b628a45ff14b3bc37b22cf1a1355,31,34,40,3,M_30_40,L_30_40,alluvial,phash:6408beb1a56a96d0,phash:6408beb1a56a96d0,,,train
fbc3cc50b1440868747f,z5716113632942_5f926ef109e13eb9a864102d6cae87cc.jpg,Soil_Labeled_Data/M_30_40/L_30_40/alluvial/z5716113632942_5f926ef109e13eb9a864102d6cae87cc.jpg,Soil_Labeled_Data/M_30_40/L_30_40/alluvial/z5716113632942_5f926ef109e13eb9a864102d6cae87cc.jpg,PRESENT,False,78bf2388c7a976983e775131874998426f1e395e7ba6e5cd7e5cd5a875dcdad6,36,40,33,3,M_30_40,L_30_40,alluvial,phash:ce2d2410ac94b89a,phash:ce2d2410ac94b89a,,,train
3048b30bf6feb1ec0dac,z5716113679540_d7ab319e31c41af206e2d03ad2b15725.jpg,Soil_Labeled_Data/M_30_40/L_30_40/alluvial/z5716113679540_d7ab319e31c41af206e2d03ad2b15725.jpg,Soil_Labeled_Data/M_30_40/L_30_40/alluvial/z5716113679540_d7ab319e31c41af206e2d03ad2b15725.jpg,PRESENT,False,22d244398134d514fe50b9420f9e4a739c1006937d7b1bf5707fb4516817ed81,30,33,32,3,M_30_40,L_30_40,alluvial,phash:e4c12a0978536b7d,phash:e4c12a0978536b7d,,,train
b11cbec0423566e5c8ec,z5716113728055_dd08551aa6ea83b557da7365c80ea990.jpg,Soil_Labeled_Data/M_30_40/L_30_40/alluvial/z5716113728055_dd08551aa6ea83b557da7365c80ea990.jpg,Soil_Labeled_Data/M_30_40/L_30_40/alluvial/z5716113728055_dd08551aa6ea83b557da7365c80ea990.jpg,PRESENT,False,f70c8427f46331d55005a6afa831af845706054246fba76152b3ddf81fa358f9,36,40,31,3,M_30_40,L_30_40,alluvial,phash:e83ae9b27690ee64,phash:e83ae9b27690ee64,,,train
f7740290c2c057b58d27,z5716113831635_ad95fd739455206424a51a0a06bc4131.jpg,Soil_Labeled_Data/M_30_40/L_30_40/alluvial/z5716113831635_ad95fd739455206424a51a0a06bc4131.jpg,Soil_Labeled_Data/M_30_40/L_30_40/alluvial/z5716113831635_ad95fd739455206424a51a0a06bc4131.jpg,PRESENT,False,044aa020ada77d488d9fada2cd7b186819504b476798f6fd200cdaf7dbbd01c9,37,39,34,3,M_30_40,L_30_40,alluvial,phash:3b0a2646bfb84257,phash:3b0a2646bfb84257,,,train
566f046c434ac2c0c593,z5716113984230_841d282af180a0d9e956cbf770b8648f.jpg,Soil_Labeled_Data/M_30_40/L_30_40/alluvial/z5716113984230_841d282af180a0d9e956cbf770b8648f.jpg,Soil_Labeled_Data/M_30_40/L_30_40/alluvial/z5716113984230_841d282af180a0d9e956cbf770b8648f.jpg,PRESENT,False,82af4b0b4fb1ed264764f7005847699b81cf54b95062345ee39788d3b1bdc86c,30,31,34,3,M_30_40,L_30_40,alluvial,phash:032ca74b7d6f602f,phash:032ca74b7d6f602f,,,train
850e2f82d0cc28628e49,z5716115889689_4a9ef5acc35a1a71531b59c12ba8e0dc.jpg,Soil_Labeled_Data/M_30_40/L_30_40/alluvial/z5716115889689_4a9ef5acc35a1a71531b59c12ba8e0dc.jpg,Soil_Labeled_Data/M_30_40/L_30_40/alluvial/z5716115889689_4a9ef5acc35a1a71531b59c12ba8e0dc.jpg,PRESENT,False,90f921ddad47a293706b7475a44cfd5d6d3990f6cef6e2f03928b07a26ed81a6,40,43,40,3,M_30_40,L_30_40,alluvial,phash:309896d1863fe710,phash:309896d1863fe710,,,train
af5668db4f77490e404e,z5716115913721_f7cff5280e557d5287ca5504b449cdf7.jpg,Soil_Labeled_Data/M_30_40/L_30_40/alluvial/z5716115913721_f7cff5280e557d5287ca5504b449cdf7.jpg,Soil_Labeled_Data/M_30_40/L_30_40/alluvial/z5716115913721_f7cff5280e557d5287ca5504b449cdf7.jpg,PRESENT,False,7902f2dc087422d3d90a31fc57e77b956b7a7c4ac890ab216d4564348f46904b,37,42,32,3,M_30_40,L_30_40,alluvial,phash:2b71b2b9e3b8ac72,phash:2b71b2b9e3b8ac72,,,train
2b38c46b3cbb9e02e116,z5716115990505_f5f56b58cd35cb9827aaedc4db8efebd.jpg,Soil_Labeled_Data/M_30_40/L_30_40/alluvial/z5716115990505_f5f56b58cd35cb9827aaedc4db8efebd.jpg,Soil_Labeled_Data/M_30_40/L_30_40/alluvial/z5716115990505_f5f56b58cd35cb9827aaedc4db8efebd.jpg,PRESENT,False,bf68b5820407d9d821bf344d0860548a5fb13a21a74ed3ef0aa4e29655e43fbf,34,35,31,3,M_30_40,L_30_40,alluvial,phash:1580dccc06c1a06f,phash:1580dccc06c1a06f,,,train
07b5471490a2ccf84f0c,z5716116018535_325bd6ea25b86f2f021b34014f8842e8.jpg,Soil_Labeled_Data/M_30_40/L_30_40/alluvial/z5716116018535_325bd6ea25b86f2f021b34014f8842e8.jpg,Soil_Labeled_Data/M_30_40/L_30_40/alluvial/z5716116018535_325bd6ea25b86f2f021b34014f8842e8.jpg,PRESENT,False,b6278b98e88d8d140611f39748ee2646a80fad714acfe9baa2d5223646b0afbd,33,38,30,3,M_30_40,L_30_40,alluvial,phash:1b998b2ab5717c54,phash:1b998b2ab5717c54,,,train
0f7731e5c25e4ebd150b,z5716116095651_7302dffdd0922f72ed36881d27ffff3b.jpg,Soil_Labeled_Data/M_30_40/L_30_40/alluvial/z5716116095651_7302dffdd0922f72ed36881d27ffff3b.jpg,Soil_Labeled_Data/M_30_40/L_30_40/alluvial/z5716116095651_7302dffdd0922f72ed36881d27ffff3b.jpg,PRESENT,False,7f4a06e1508503438397aa8ce8080532a6586dcae524333b9dd28f7c287e6050,39,42,35,3,M_30_40,L_30_40,alluvial,phash:284a765042b72a3a,phash:284a765042b72a3a,,,train
d2b719c4bec488cdf64c,z5716116121668_8ca2d1786b81d9113c9a520cd9bb5832.jpg,Soil_Labeled_Data/M_30_40/L_30_40/alluvial/z5716116121668_8ca2d1786b81d9113c9a520cd9bb5832.jpg,Soil_Labeled_Data/M_30_40/L_30_40/alluvial/z5716116121668_8ca2d1786b81d9113c9a520cd9bb5832.jpg,PRESENT,False,d4b3e017eb4d6b25066f6de5fecf4d44f7af5194e5e7e448a9c34128d5d6835a,32,33,35,3,M_30_40,L_30_40,alluvial,phash:b1efb47043fc842a,phash:b1efb47043fc842a,,,train
111c83e5f129d3f79fb5,z5719914716950_f7b208b227aab4fbbe62eaf666ebb235.jpg,Soil_Labeled_Data/M_30_40/L_40_50/alluvial/z5719914716950_f7b208b227aab4fbbe62eaf666ebb235.jpg,Soil_Labeled_Data/M_30_40/L_40_50/alluvial/z5719914716950_f7b208b227aab4fbbe62eaf666ebb235.jpg,PRESENT,False,86674998d6a51679981c11fc7a383a4027080bb76909989f7e7237fd452abc07,33,37,50,3,M_30_40,L_40_50,alluvial,phash:741cc9e223afea36,phash:741cc9e223afea36,,,train
324b6f2f150837162dba,z5719914828210_cddec1f2dabcdd416769c8d8b7f0adaf.jpg,Soil_Labeled_Data/M_30_40/L_40_50/alluvial/z5719914828210_cddec1f2dabcdd416769c8d8b7f0adaf.jpg,Soil_Labeled_Data/M_30_40/L_40_50/alluvial/z5719914828210_cddec1f2dabcdd416769c8d8b7f0adaf.jpg,PRESENT,False,e8f8a45923c09b474a7a164f69705a7c327df384a4893dc238009213906d92b3,31,35,46,3,M_30_40,L_40_50,alluvial,phash:4cc276d04807a98e,phash:4cc276d04807a98e,,,train
e8f565809323b5251265,z5719914924505_76c1acb4c3a03965a67149c70566e117.jpg,Soil_Labeled_Data/M_30_40/L_40_50/alluvial/z5719914924505_76c1acb4c3a03965a67149c70566e117.jpg,Soil_Labeled_Data/M_30_40/L_40_50/alluvial/z5719914924505_76c1acb4c3a03965a67149c70566e117.jpg,PRESENT,False,bc15e46b04466a74e9c8086ef3e5c09df26edd84c9da3943a970438c6ac88b18,33,35,47,3,M_30_40,L_40_50,alluvial,phash:716b93cb3852bf57,phash:716b93cb3852bf57,,,train
acb2cacb6af63f6b6556,z5719914960624_6e7d01c6f99d68c85a781306a1116111.jpg,Soil_Labeled_Data/M_30_40/L_40_50/alluvial/z5719914960624_6e7d01c6f99d68c85a781306a1116111.jpg,Soil_Labeled_Data/M_30_40/L_40_50/alluvial/z5719914960624_6e7d01c6f99d68c85a781306a1116111.jpg,PRESENT,False,2954c45f20f91380679d59b3ed8fc789b2aee9db6bc22d4b62b9d1d4b59a0be3,30,31,50,3,M_30_40,L_40_50,alluvial,phash:853b972fcac916f6,phash:853b972fcac916f6,,,train
73b076134eac5021ce87,z5719914997148_f06792cac5c60b858589b3b3c2747c43.jpg,Soil_Labeled_Data/M_30_40/L_40_50/alluvial/z5719914997148_f06792cac5c60b858589b3b3c2747c43.jpg,Soil_Labeled_Data/M_30_40/L_40_50/alluvial/z5719914997148_f06792cac5c60b858589b3b3c2747c43.jpg,PRESENT,False,a55c7d7dc4fbeb82e6ae083ea336822474a22a006615a8f6ad4d29b678c1070c,40,42,40,3,M_30_40,L_40_50,alluvial,phash:5e2022160d593777,phash:5e2022160d593777,,,train
2ad961a40803916932d4,z5719915050807_883061f62d1ba096fe786e33783493ac.jpg,Soil_Labeled_Data/M_30_40/L_40_50/alluvial/z5719915050807_883061f62d1ba096fe786e33783493ac.jpg,Soil_Labeled_Data/M_30_40/L_40_50/alluvial/z5719915050807_883061f62d1ba096fe786e33783493ac.jpg,PRESENT,False,16cb88b9712205f5898037e8a464e7727fdb0298f75b47ca27902320c4cc3d54,31,34,49,3,M_30_40,L_40_50,alluvial,phash:24cad31affe7fb9c,phash:24cad31affe7fb9c,,,train
f8ae5014457d97cf83d4,z5719915081454_c67fb96c8fd1c13e8d457956fcdd9641.jpg,Soil_Labeled_Data/M_30_40/L_40_50/alluvial/z5719915081454_c67fb96c8fd1c13e8d457956fcdd9641.jpg,Soil_Labeled_Data/M_30_40/L_40_50/alluvial/z5719915081454_c67fb96c8fd1c13e8d457956fcdd9641.jpg,PRESENT,False,2ab5826c64b384934796a636959ed5eb38dcee11f555a668292747c543a45f5a,31,33,42,3,M_30_40,L_40_50,alluvial,phash:451604e7a4017b24,phash:451604e7a4017b24,,,train
8d62ba7eb6e7de2075bc,z5719915111649_b61a329743f4617c0f9d01ef237a4139.jpg,Soil_Labeled_Data/M_30_40/L_40_50/alluvial/z5719915111649_b61a329743f4617c0f9d01ef237a4139.jpg,Soil_Labeled_Data/M_30_40/L_40_50/alluvial/z5719915111649_b61a329743f4617c0f9d01ef237a4139.jpg,PRESENT,False,3058a7e97c2540069be17aeac059f44a89d16c0dbe1fce9d1df2d6c2df2ebaad,38,40,49,3,M_30_40,L_40_50,alluvial,phash:3259603a86830e00,phash:3259603a86830e00,,,train
8a2fecb31844bc8fbda3,z5719915162784_a4f69c622478efdc49a59a408dfe4b55.jpg,Soil_Labeled_Data/M_30_40/L_40_50/alluvial/z5719915162784_a4f69c622478efdc49a59a408dfe4b55.jpg,Soil_Labeled_Data/M_30_40/L_40_50/alluvial/z5719915162784_a4f69c622478efdc49a59a408dfe4b55.jpg,PRESENT,False,8d8cd26beac394f05a362ca97aa8f1f0b099799f0f0c28ee2ac2763c3c46af01,37,41,46,3,M_30_40,L_40_50,alluvial,phash:67839c1fdfd7f665,phash:67839c1fdfd7f665,,,train
74fd69c97fcd1cc6574d,z5719915191781_9fbc3215a4e768d8a242c9aae23d78e3.jpg,Soil_Labeled_Data/M_30_40/L_40_50/alluvial/z5719915191781_9fbc3215a4e768d8a242c9aae23d78e3.jpg,Soil_Labeled_Data/M_30_40/L_40_50/alluvial/z5719915191781_9fbc3215a4e768d8a242c9aae23d78e3.jpg,PRESENT,False,c504186c874df7339a10c3e4f4324a905cdd44f9f6ba03ae10cd047fee1dd838,32,34,41,3,M_30_40,L_40_50,alluvial,phash:7fd86c261d9ac446,phash:7fd86c261d9ac446,,,train
3ea5489ca58856f98e62,z5719915206794_043f99c4e48d30a3c242949620c8fbd3.jpg,Soil_Labeled_Data/M_30_40/L_40_50/alluvial/z5719915206794_043f99c4e48d30a3c242949620c8fbd3.jpg,Soil_Labeled_Data/M_30_40/L_40_50/alluvial/z5719915206794_043f99c4e48d30a3c242949620c8fbd3.jpg,PRESENT,False,7adb30b1e8b914994855e637335a08b67c010f0bdef1b4765926f1400fec66a2,30,34,44,3,M_30_40,L_40_50,alluvial,phash:237d3461c22957a5,phash:237d3461c22957a5,,,train
1e952b9f4b6c471c26ee,z5719945047556_cad2b245e96e675e8307be1ecf1a91f9.jpg,Soil_Labeled_Data/M_30_40/L_50_60/alluvial/z5719945047556_cad2b245e96e675e8307be1ecf1a91f9.jpg,Soil_Labeled_Data/M_30_40/L_50_60/alluvial/z5719945047556_cad2b245e96e675e8307be1ecf1a91f9.jpg,PRESENT,False,77051d5c11e589b8e770cb563dd55d8275fdda9e674cf10d856384c23fea158e,39,43,52,3,M_30_40,L_50_60,alluvial,phash:39160d85a60b1913,phash:39160d85a60b1913,,,train
906f3586d9bbd541e9e7,z5719945086578_e3ca39e5b5ab67c958a7fdaed8e174c3.jpg,Soil_Labeled_Data/M_30_40/L_50_60/alluvial/z5719945086578_e3ca39e5b5ab67c958a7fdaed8e174c3.jpg,Soil_Labeled_Data/M_30_40/L_50_60/alluvial/z5719945086578_e3ca39e5b5ab67c958a7fdaed8e174c3.jpg,PRESENT,False,152317568da4def3ee28e7ff3fa658ef2e5228b9c7ff77348ca51185a26dd303,32,32,57,3,M_30_40,L_50_60,alluvial,phash:1faff8c0993d0a20,phash:1faff8c0993d0a20,,,train
6f99571f92c094df6b20,z5719945237944_9e81baa660ace3bd2958bfa740e457b9.jpg,Soil_Labeled_Data/M_30_40/L_50_60/alluvial/z5719945237944_9e81baa660ace3bd2958bfa740e457b9.jpg,Soil_Labeled_Data/M_30_40/L_50_60/alluvial/z5719945237944_9e81baa660ace3bd2958bfa740e457b9.jpg,PRESENT,False,712d002095d85f52bc58304c63cb351e90944a8c437688d3d05e0eecebdb1f85,36,39,54,3,M_30_40,L_50_60,alluvial,phash:80dd9e7c4fcf4f4e,phash:80dd9e7c4fcf4f4e,,,train
bea7c22d073e3e58b273,z5719945282121_22a25cca44c3ca90506d7f082a8e62ba.jpg,Soil_Labeled_Data/M_30_40/L_50_60/alluvial/z5719945282121_22a25cca44c3ca90506d7f082a8e62ba.jpg,Soil_Labeled_Data/M_30_40/L_50_60/alluvial/z5719945282121_22a25cca44c3ca90506d7f082a8e62ba.jpg,PRESENT,False,53f995b6e86019dd54dbe4d6ca3eacb16b5d1ab70b70a356284fa935c6f820da,35,39,50,3,M_30_40,L_50_60,alluvial,phash:bef86f50238eb24a,phash:bef86f50238eb24a,,,train
67b4820d98005f7d40de,z5719945326572_38e3e733446eabe3bf00850bf73883e0.jpg,Soil_Labeled_Data/M_30_40/L_50_60/alluvial/z5719945326572_38e3e733446eabe3bf00850bf73883e0.jpg,Soil_Labeled_Data/M_30_40/L_50_60/alluvial/z5719945326572_38e3e733446eabe3bf00850bf73883e0.jpg,PRESENT,False,d444ab3fa9b804417465af69a3b61150f853e0fea68667026f64c92e8bd7a7a2,38,40,53,3,M_30_40,L_50_60,alluvial,phash:ae5e6bb93e10e1eb,phash:ae5e6bb93e10e1eb,,,train
a8b3cb87d648befcc460,z5719945372269_2a3fa83b9d92ccaa70da062eccace05c.jpg,Soil_Labeled_Data/M_30_40/L_50_60/alluvial/z5719945372269_2a3fa83b9d92ccaa70da062eccace05c.jpg,Soil_Labeled_Data/M_30_40/L_50_60/alluvial/z5719945372269_2a3fa83b9d92ccaa70da062eccace05c.jpg,PRESENT,False,7d992db2ce611c897cb405ede2c97e1a7b574ba1b49cbf35b780b79cda759a7a,37,39,51,3,M_30_40,L_50_60,alluvial,phash:90d40b8428492776,phash:90d40b8428492776,,,train
5a41ba08e986126860fe,z5719945372269_2a3fa83b9d92ccaa70da062eccace05c_aug_00_gray_brown.jpg,Soil_Labeled_Data/M_30_40/L_50_60/alluvial/z5719945372269_2a3fa83b9d92ccaa70da062eccace05c_aug_00_gray_brown.jpg,Soil_Labeled_Data/M_30_40/L_50_60/alluvial/z5719945372269_2a3fa83b9d92ccaa70da062eccace05c_aug_00_gray_brown.jpg,PRESENT,False,2704dd0863cbe6c94be044f2b6794325960f2ac7e3bbd72052b3c774eb38f76d,32,35,50,3,M_30_40,L_50_60,alluvial,phash:90d40b8428492776,phash:90d40b8428492776,,,train
5d5963f8f555d5302576,z5719945410375_d68840a29b4222519ffac084ea8cf065.jpg,Soil_Labeled_Data/M_30_40/L_50_60/alluvial/z5719945410375_d68840a29b4222519ffac084ea8cf065.jpg,Soil_Labeled_Data/M_30_40/L_50_60/alluvial/z5719945410375_d68840a29b4222519ffac084ea8cf065.jpg,PRESENT,False,e54af701874db5bccc4439dab8ae52a529368a619d0fc1cc2b5f9814f69b4062,35,35,56,3,M_30_40,L_50_60,alluvial,phash:ff670dc08f99ba9e,phash:ff670dc08f99ba9e,,,train
75bd6de1beec7a2b94ae,z5719945422897_e85f1f456697f2e20bc5401bb55ec951.jpg,Soil_Labeled_Data/M_30_40/L_50_60/alluvial/z5719945422897_e85f1f456697f2e20bc5401bb55ec951.jpg,Soil_Labeled_Data/M_30_40/L_50_60/alluvial/z5719945422897_e85f1f456697f2e20bc5401bb55ec951.jpg,PRESENT,False,21aec8032d5c136e6512ff2b000bfe23e49c51fc0da8ca950cda99e49e882331,40,41,55,3,M_30_40,L_50_60,alluvial,phash:aaea210362ca2aa0,phash:aaea210362ca2aa0,,,train
8a6ec9170615c4d29652,z5719945442394_074f397072a0e21797e33be6440ab366.jpg,Soil_Labeled_Data/M_30_40/L_50_60/alluvial/z5719945442394_074f397072a0e21797e33be6440ab366.jpg,Soil_Labeled_Data/M_30_40/L_50_60/alluvial/z5719945442394_074f397072a0e21797e33be6440ab366.jpg,PRESENT,False,be486b174d9108aa310ff3fd65fd4a71317f3d9440fe21e0b66ffbb379bfabcc,38,41,58,3,M_30_40,L_50_60,alluvial,phash:2765edb8329cb206,phash:2765edb8329cb206,,,train
7038cf428f2417ddc1da,z5719945465403_eef403001195b9d5de6375b6fe2e3628.jpg,Soil_Labeled_Data/M_30_40/L_50_60/alluvial/z5719945465403_eef403001195b9d5de6375b6fe2e3628.jpg,Soil_Labeled_Data/M_30_40/L_50_60/alluvial/z5719945465403_eef403001195b9d5de6375b6fe2e3628.jpg,PRESENT,False,c66e939fbbc22170a06eba9435748260f91738867d77cc606c821ec0933f75cf,36,37,58,3,M_30_40,L_50_60,alluvial,phash:90a9507b3fdd1392,phash:90a9507b3fdd1392,,,train
4a1ddad748dd9121286d,z5719945494405_a556366a429daf9a78448e62806f33bb.jpg,Soil_Labeled_Data/M_30_40/L_50_60/alluvial/z5719945494405_a556366a429daf9a78448e62806f33bb.jpg,Soil_Labeled_Data/M_30_40/L_50_60/alluvial/z5719945494405_a556366a429daf9a78448e62806f33bb.jpg,PRESENT,False,fb922ae008179176ac440a65481e10fcc871cf7a27e185da1329955ef063c51b,39,40,50,3,M_30_40,L_50_60,alluvial,phash:98cba7f801fd0d43,phash:98cba7f801fd0d43,,,train
89634d8e611dab0bf0b9,z5719945512664_b31ee4aecf6a552463f894dbf83282d1.jpg,Soil_Labeled_Data/M_30_40/L_50_60/alluvial/z5719945512664_b31ee4aecf6a552463f894dbf83282d1.jpg,Soil_Labeled_Data/M_30_40/L_50_60/alluvial/z5719945512664_b31ee4aecf6a552463f894dbf83282d1.jpg,PRESENT,False,cfe71a2c984129167053ac2df3898cf032703d2de4537fd2b9a9ca6eb1e1ede7,37,39,59,3,M_30_40,L_50_60,alluvial,phash:1393e6d17ef1dd32,phash:1393e6d17ef1dd32,,,train
634e37813b2278ea8978,z5719945525148_2d147c0909d312302995e4cfa5fe6c26.jpg,Soil_Labeled_Data/M_30_40/L_50_60/alluvial/z5719945525148_2d147c0909d312302995e4cfa5fe6c26.jpg,Soil_Labeled_Data/M_30_40/L_50_60/alluvial/z5719945525148_2d147c0909d312302995e4cfa5fe6c26.jpg,PRESENT,False,039004cd5fe4130bc722f4aa8287266cc14311aba75fc5546710325a763ec876,30,34,50,3,M_30_40,L_50_60,alluvial,phash:40b73012aead0b15,phash:40b73012aead0b15,,,train
e56a333bf193cb317a39,z5719945525148_2d147c0909d312302995e4cfa5fe6c26_aug_01_light_brown.jpg,Soil_Labeled_Data/M_30_40/L_50_60/alluvial/z5719945525148_2d147c0909d312302995e4cfa5fe6c26_aug_01_light_brown.jpg,Soil_Labeled_Data/M_30_40/L_50_60/alluvial/z5719945525148_2d147c0909d312302995e4cfa5fe6c26_aug_01_light_brown.jpg,PRESENT,False,58ce68517796f44a88b05e9beb34c9ed37e4942bdb405e30e9a29ca607917a26,38,41,60,3,M_30_40,L_50_60,alluvial,phash:40b73012aead0b15,phash:40b73012aead0b15,,,train
82d3f71fb886f246e117,z5719945538606_74154fe115c2ace51dfd6ecc533d4633.jpg,Soil_Labeled_Data/M_30_40/L_50_60/alluvial/z5719945538606_74154fe115c2ace51dfd6ecc533d4633.jpg,Soil_Labeled_Data/M_30_40/L_50_60/alluvial/z5719945538606_74154fe115c2ace51dfd6ecc533d4633.jpg,PRESENT,False,0ea05b64ab6218561d4d624e2438030329d2048ee2d69a02df9da3645b9d6072,35,39,51,3,M_30_40,L_50_60,alluvial,phash:f65cac7b6916c0db,phash:f65cac7b6916c0db,,,train
f3dddb268bf04790b0b9,IMG_0675_M_10_20_light_brown.jpg,Soil_Labeled_Data/M_30_40/L_60_70/alluvial/IMG_0675_M_10_20_light_brown.jpg,Soil_Labeled_Data/M_30_40/L_60_70/alluvial/IMG_0675_M_10_20_light_brown.jpg,PRESENT,False,91104ea2b87e8fbd7d623191eff0b86ec0aaaea67987494e0ed66f0c88eb78b9,39,39,62,3,M_30_40,L_60_70,alluvial,phash:a428d9fcdf8d24fa,phash:a428d9fcdf8d24fa,,,train
6bf3e074b961b3288781,IMG_0676_M_10_20_pale_yellow.jpg,Soil_Labeled_Data/M_30_40/L_60_70/alluvial/IMG_0676_M_10_20_pale_yellow.jpg,Soil_Labeled_Data/M_30_40/L_60_70/alluvial/IMG_0676_M_10_20_pale_yellow.jpg,PRESENT,False,01271748c5b9ff3eb564a6bd1727f8d071da4a4a8d56b28d1b8e689e26135b3d,31,31,66,3,M_30_40,L_60_70,alluvial,phash:984a40d9cc34abc9,phash:984a40d9cc34abc9,,,train
e165e07273a28f95bdbd,IMG_0677_M_10_20_light_brown.jpg,Soil_Labeled_Data/M_30_40/L_60_70/alluvial/IMG_0677_M_10_20_light_brown.jpg,Soil_Labeled_Data/M_30_40/L_60_70/alluvial/IMG_0677_M_10_20_light_brown.jpg,PRESENT,False,000f64f52ef3031ca22cd979e43453e67d9a908f2ea003a2f3fce77d682cb8c8,39,42,63,3,M_30_40,L_60_70,alluvial,phash:984a40d9cc34abc9,phash:984a40d9cc34abc9,,,train
2c049a7dfe89dd206d63,IMG_0678_M_10_20_pale_yellow.jpg,Soil_Labeled_Data/M_30_40/L_60_70/alluvial/IMG_0678_M_10_20_pale_yellow.jpg,Soil_Labeled_Data/M_30_40/L_60_70/alluvial/IMG_0678_M_10_20_pale_yellow.jpg,PRESENT,False,d3b246c53973b42cf8985e3b37d3a8e3fff5f18e739a217828590d3e5d392e06,37,40,64,3,M_30_40,L_60_70,alluvial,phash:ec233ed2dcb011f0,phash:ec233ed2dcb011f0,,,train
1e4d43ce63d79421f2ec,IMG_0680_M_10_20_light_brown.jpg,Soil_Labeled_Data/M_30_40/L_60_70/alluvial/IMG_0680_M_10_20_light_brown.jpg,Soil_Labeled_Data/M_30_40/L_60_70/alluvial/IMG_0680_M_10_20_light_brown.jpg,PRESENT,False,1867014def6a5c08a7228a9d5b2eaed8cfba10fe011036cc43fd68dd888c0248,36,39,66,3,M_30_40,L_60_70,alluvial,phash:f1ae61d2650f45e9,phash:f1ae61d2650f45e9,,,train
71c41b8a9e21b8c3b6b0,IMG_0682_M_10_20_light_brown.jpg,Soil_Labeled_Data/M_30_40/L_60_70/alluvial/IMG_0682_M_10_20_light_brown.jpg,Soil_Labeled_Data/M_30_40/L_60_70/alluvial/IMG_0682_M_10_20_light_brown.jpg,PRESENT,False,c19ded70c34fe4b7f4806aa91c25b24d3d360b1abbd7b366513d0ce30ac5db59,39,39,60,3,M_30_40,L_60_70,alluvial,phash:019406175839e097,phash:019406175839e097,,,train
6412110136eabc4ba188,IMG_0695_M_10_20_light_brown.jpg,Soil_Labeled_Data/M_30_40/L_60_70/alluvial/IMG_0695_M_10_20_light_brown.jpg,Soil_Labeled_Data/M_30_40/L_60_70/alluvial/IMG_0695_M_10_20_light_brown.jpg,PRESENT,False,a43ecc574f3015a11565e5e44d97043023467794d68a99e182f6673d3dd36d5b,32,35,68,3,M_30_40,L_60_70,alluvial,phash:4d2073dc153cb1de,phash:4d2073dc153cb1de,,,train
b8c2f6ac2769f82ae5cd,z5715083829092_c796baa2a13a45a626e1c31cb08f116a_M_20_30_light_brown.jpg,Soil_Labeled_Data/M_30_40/L_60_70/alluvial/z5715083829092_c796baa2a13a45a626e1c31cb08f116a_M_20_30_light_brown.jpg,Soil_Labeled_Data/M_30_40/L_60_70/alluvial/z5715083829092_c796baa2a13a45a626e1c31cb08f116a_M_20_30_light_brown.jpg,PRESENT,False,6bad26e76d2423950003b2767f46904ee9f820358c437ae8a0ab980ab860e057,35,34,68,3,M_30_40,L_60_70,alluvial,phash:b712b0d5fc97a691,phash:b712b0d5fc97a691,,,train
4128423aeac2104bfede,z5715083885623_9f42a940c20ea1e55af3e06994578004_M_20_30_light_brown.jpg,Soil_Labeled_Data/M_30_40/L_60_70/alluvial/z5715083885623_9f42a940c20ea1e55af3e06994578004_M_20_30_light_brown.jpg,Soil_Labeled_Data/M_30_40/L_60_70/alluvial/z5715083885623_9f42a940c20ea1e55af3e06994578004_M_20_30_light_brown.jpg,PRESENT,False,889e24521b4742763f60a08303a23365f35104c6ab9770714198bc13c39dcfc6,36,37,69,3,M_30_40,L_60_70,alluvial,phash:780eb3e36ab6145a,phash:780eb3e36ab6145a,,,train
8c644e706d658fe68236,z5715084002036_bdc35c47993d232e5b2b07c45fd7854f_M_20_30_light_brown.jpg,Soil_Labeled_Data/M_30_40/L_60_70/alluvial/z5715084002036_bdc35c47993d232e5b2b07c45fd7854f_M_20_30_light_brown.jpg,Soil_Labeled_Data/M_30_40/L_60_70/alluvial/z5715084002036_bdc35c47993d232e5b2b07c45fd7854f_M_20_30_light_brown.jpg,PRESENT,False,6854fcff8e56e9b7baec6995dc085c5bad52302468aa32e4625d2db9068271ae,34,37,68,3,M_30_40,L_60_70,alluvial,phash:0cc2768efceedf39,phash:0cc2768efceedf39,,,train
91f43cd2e7d40846ba8d,z5715084050631_480b9ae3c93e9adc09ca30cd0761e10e_M_20_30_pale_yellow.jpg,Soil_Labeled_Data/M_30_40/L_60_70/alluvial/z5715084050631_480b9ae3c93e9adc09ca30cd0761e10e_M_20_30_pale_yellow.jpg,Soil_Labeled_Data/M_30_40/L_60_70/alluvial/z5715084050631_480b9ae3c93e9adc09ca30cd0761e10e_M_20_30_pale_yellow.jpg,PRESENT,False,2fc6139030bd15a69fcfcfedec6d9c3ab183ccd3fea9edfbca7c253d6c0e8193,40,39,64,3,M_30_40,L_60_70,alluvial,phash:c8c63c305b66e060,phash:c8c63c305b66e060,,,train
9a92835bede9c845cdfd,z5715084112046_c4388528720a09f94233e3004fa76f74_M_20_30_pale_yellow.jpg,Soil_Labeled_Data/M_30_40/L_60_70/alluvial/z5715084112046_c4388528720a09f94233e3004fa76f74_M_20_30_pale_yellow.jpg,Soil_Labeled_Data/M_30_40/L_60_70/alluvial/z5715084112046_c4388528720a09f94233e3004fa76f74_M_20_30_pale_yellow.jpg,PRESENT,False,65790033d92d905b33c2934f1bc8c2effbc1b05249f08b71641dff9842a2342d,31,31,61,3,M_30_40,L_60_70,alluvial,phash:8b71a8bf945bfd44,phash:8b71a8bf945bfd44,,,train
00393ce1b7d74e70cb6f,z5715084235063_019bf1d09588c2fd5226859f4331698b_M_20_30_light_brown.jpg,Soil_Labeled_Data/M_30_40/L_60_70/alluvial/z5715084235063_019bf1d09588c2fd5226859f4331698b_M_20_30_light_brown.jpg,Soil_Labeled_Data/M_30_40/L_60_70/alluvial/z5715084235063_019bf1d09588c2fd5226859f4331698b_M_20_30_light_brown.jpg,PRESENT,False,a10ddc66cad2d20c5f4fda000e6980aa51b2d7f71f5f7b056d4203c2aa4e8c86,36,38,62,3,M_30_40,L_60_70,alluvial,phash:2239954b40c98c02,phash:2239954b40c98c02,,,train
f0cc249824ba18b0e60f,z5715084306747_adff9a454f2d560f7c94ff4d4f1ba239_M_20_30_pale_yellow.jpg,Soil_Labeled_Data/M_30_40/L_60_70/alluvial/z5715084306747_adff9a454f2d560f7c94ff4d4f1ba239_M_20_30_pale_yellow.jpg,Soil_Labeled_Data/M_30_40/L_60_70/alluvial/z5715084306747_adff9a454f2d560f7c94ff4d4f1ba239_M_20_30_pale_yellow.jpg,PRESENT,False,b3683f55a4a7524265b602de9884eef34a1ee8154b25d1a8b9bf2b50575817dc,39,42,64,3,M_30_40,L_60_70,alluvial,phash:809b2d358b7be717,phash:809b2d358b7be717,,,train
c9743a6b674a32a81132,z5715084394382_378bf214cc128ad07a22836f046d4fec_M_20_30_light_brown.jpg,Soil_Labeled_Data/M_30_40/L_60_70/alluvial/z5715084394382_378bf214cc128ad07a22836f046d4fec_M_20_30_light_brown.jpg,Soil_Labeled_Data/M_30_40/L_60_70/alluvial/z5715084394382_378bf214cc128ad07a22836f046d4fec_M_20_30_light_brown.jpg,PRESENT,False,8e3f2e24ab45236e11c1d768f491d26b16509a544f9f7ee7fcec0c94cae79290,32,32,65,3,M_30_40,L_60_70,alluvial,phash:c66a3e06649e45b0,phash:c66a3e06649e45b0,,,train
a47c122c7eec311d64b5,z5715084415256_c016f29f8a2b857513855a25b24de184_M_20_30_pale_yellow.jpg,Soil_Labeled_Data/M_30_40/L_60_70/alluvial/z5715084415256_c016f29f8a2b857513855a25b24de184_M_20_30_pale_yellow.jpg,Soil_Labeled_Data/M_30_40/L_60_70/alluvial/z5715084415256_c016f29f8a2b857513855a25b24de184_M_20_30_pale_yellow.jpg,PRESENT,False,9c7edb7f0006badc4ad327e116a25a2bbfd965e59260a741b7ee073340c9ae9f,39,42,64,3,M_30_40,L_60_70,alluvial,phash:d20d5edb74fa0581,phash:d20d5edb74fa0581,,,train
24a2833656dbca24541f,z5715084434342_b865d6e3c37268959852bcc33862045e_M_20_30_pale_yellow.jpg,Soil_Labeled_Data/M_30_40/L_60_70/alluvial/z5715084434342_b865d6e3c37268959852bcc33862045e_M_20_30_pale_yellow.jpg,Soil_Labeled_Data/M_30_40/L_60_70/alluvial/z5715084434342_b865d6e3c37268959852bcc33862045e_M_20_30_pale_yellow.jpg,PRESENT,False,e454bdb21ef38a8cb5cae7e7c56f81eb3ad257a2ed32a56cebebe7d54b4292ca,36,36,62,3,M_30_40,L_60_70,alluvial,phash:b584de0526926fa8,phash:b584de0526926fa8,,,train
bfcda6413c4da8227c6e,z5715084451345_2e9b065fd62392917b331a68b82abded_M_20_30_light_brown.jpg,Soil_Labeled_Data/M_30_40/L_60_70/alluvial/z5715084451345_2e9b065fd62392917b331a68b82abded_M_20_30_light_brown.jpg,Soil_Labeled_Data/M_30_40/L_60_70/alluvial/z5715084451345_2e9b065fd62392917b331a68b82abded_M_20_30_light_brown.jpg,PRESENT,False,6013e3dd33108ddb6a3ced453ab2e31e041fbf4adde4065300f78ecbefee6873,31,34,60,3,M_30_40,L_60_70,alluvial,phash:0415e4080b15a32f,phash:0415e4080b15a32f,,,train
f5de43bb5596283d39ac,IMG_0699_M_10_20_light_brown.jpg,Soil_Labeled_Data/M_30_40/L_70_80/alluvial/IMG_0699_M_10_20_light_brown.jpg,Soil_Labeled_Data/M_30_40/L_70_80/alluvial/IMG_0699_M_10_20_light_brown.jpg,PRESENT,False,13c0c679790f18416d3c784b7fdbe0b6043a65fc4d30e075601827e25bec84f3,30,29,73,3,M_30_40,L_70_80,alluvial,phash:b5220e00f45fa5b8,phash:b5220e00f45fa5b8,,,train
da730bbb4742fc38c0f4,IMG_0700_M_10_20_light_brown.jpg,Soil_Labeled_Data/M_30_40/L_70_80/alluvial/IMG_0700_M_10_20_light_brown.jpg,Soil_Labeled_Data/M_30_40/L_70_80/alluvial/IMG_0700_M_10_20_light_brown.jpg,PRESENT,False,342a54833f0cfd5267122d3ccfdfffdc086cf3f7da776f8eef79265deed45fc4,33,33,73,3,M_30_40,L_70_80,alluvial,phash:b004e0323940b864,phash:b004e0323940b864,,,train
97f1066edd876c18f19f,IMG_0704_M_10_20_pale_yellow.jpg,Soil_Labeled_Data/M_30_40/L_70_80/alluvial/IMG_0704_M_10_20_pale_yellow.jpg,Soil_Labeled_Data/M_30_40/L_70_80/alluvial/IMG_0704_M_10_20_pale_yellow.jpg,PRESENT,False,276d5cd8a83ba0d08037cd2acdc61f94698b2f73c8109a8055a7f0054d86093c,32,34,76,3,M_30_40,L_70_80,alluvial,phash:357263c31a5c1453,phash:357263c31a5c1453,,,train
c0fc88ee6b1087b277fa,IMG_0708_M_10_20_light_brown.jpg,Soil_Labeled_Data/M_30_40/L_70_80/alluvial/IMG_0708_M_10_20_light_brown.jpg,Soil_Labeled_Data/M_30_40/L_70_80/alluvial/IMG_0708_M_10_20_light_brown.jpg,PRESENT,False,a1e5175a9b7e4ee2d21f1efb4577e9e7d9ce9295b6fe16915ae7e7530991aaef,33,33,80,3,M_30_40,L_70_80,alluvial,phash:9d2033d48628688c,phash:9d2033d48628688c,,,train
512fc0be03ef896aea33,IMG_0709_M_10_20_pale_yellow.jpg,Soil_Labeled_Data/M_30_40/L_70_80/alluvial/IMG_0709_M_10_20_pale_yellow.jpg,Soil_Labeled_Data/M_30_40/L_70_80/alluvial/IMG_0709_M_10_20_pale_yellow.jpg,PRESENT,False,d38ab34f3b718299595f0127563de34bf50765f8851a6a2e0b61a57536ac604a,31,32,70,3,M_30_40,L_70_80,alluvial,phash:9d2033d48628688c,phash:9d2033d48628688c,,,train
9c98e939a2aadd54d83f,IMG_0710_M_10_20_pale_yellow.jpg,Soil_Labeled_Data/M_30_40/L_70_80/alluvial/IMG_0710_M_10_20_pale_yellow.jpg,Soil_Labeled_Data/M_30_40/L_70_80/alluvial/IMG_0710_M_10_20_pale_yellow.jpg,PRESENT,False,0b072d254373e996a4a1fe076332d7b5d9d97612a71a7e084857508c15feb959,38,37,80,3,M_30_40,L_70_80,alluvial,phash:5e8c45f8956cae93,phash:5e8c45f8956cae93,,,train
4706807307f6db7a4c3a,IMG_0711_M_10_20_light_brown.jpg,Soil_Labeled_Data/M_30_40/L_70_80/alluvial/IMG_0711_M_10_20_light_brown.jpg,Soil_Labeled_Data/M_30_40/L_70_80/alluvial/IMG_0711_M_10_20_light_brown.jpg,PRESENT,False,55d8b01606b59e0de17588a4a5a15e89071f8773493f785f5413da8c844e56f8,38,39,73,3,M_30_40,L_70_80,alluvial,phash:b9aa2a4a5654395e,phash:b9aa2a4a5654395e,,,train
a9ab9e510de719a58c2c,IMG_0713_M_10_20_light_brown.jpg,Soil_Labeled_Data/M_30_40/L_70_80/alluvial/IMG_0713_M_10_20_light_brown.jpg,Soil_Labeled_Data/M_30_40/L_70_80/alluvial/IMG_0713_M_10_20_light_brown.jpg,PRESENT,False,5873a3a253020278ba13ea044c812a375af7ab1b7fb6cf75e6fe99a6671ec6a5,34,36,71,3,M_30_40,L_70_80,alluvial,phash:2f621abd4c47601f,phash:2f621abd4c47601f,,,train
753348d85a0cfdbc8006,IMG_0714_M_10_20_light_brown.jpg,Soil_Labeled_Data/M_30_40/L_70_80/alluvial/IMG_0714_M_10_20_light_brown.jpg,Soil_Labeled_Data/M_30_40/L_70_80/alluvial/IMG_0714_M_10_20_light_brown.jpg,PRESENT,False,d820193e8c79fa413b5802aa26c7567612b4a322dfb48d267fe87a7d30f8368d,39,41,71,3,M_30_40,L_70_80,alluvial,phash:bc9c3f0c970894cc,phash:bc9c3f0c970894cc,,,train
b3b77f4284dbd4564abb,IMG_0719_M_10_20_pale_yellow.jpg,Soil_Labeled_Data/M_30_40/L_70_80/alluvial/IMG_0719_M_10_20_pale_yellow.jpg,Soil_Labeled_Data/M_30_40/L_70_80/alluvial/IMG_0719_M_10_20_pale_yellow.jpg,PRESENT,False,c9f3ee7fb0bfe0bd88fbdbe74c353ea21ecac8c10cfa56198e7d0ce408e20102,33,36,71,3,M_30_40,L_70_80,alluvial,phash:d1c90e142218287c,phash:d1c90e142218287c,,,train
fbff0ab7f4087cc33b75,z5715141573526_1cfd3d637f1aaae4ef2237bf6ba6ce65_M_20_30_light_brown.jpg,Soil_Labeled_Data/M_30_40/L_70_80/alluvial/z5715141573526_1cfd3d637f1aaae4ef2237bf6ba6ce65_M_20_30_light_brown.jpg,Soil_Labeled_Data/M_30_40/L_70_80/alluvial/z5715141573526_1cfd3d637f1aaae4ef2237bf6ba6ce65_M_20_30_light_brown.jpg,PRESENT,False,ed8da222b17c62f84767f961ca3f4a122128e4aa6ec663ed232fa682382771c8,32,31,80,3,M_30_40,L_70_80,alluvial,phash:a318106830de566a,phash:a318106830de566a,,,train
96a7733d92418ae4c450,z5715141626411_00b983fd5f44402c4bda94b5b928bb00_M_20_30_light_brown.jpg,Soil_Labeled_Data/M_30_40/L_70_80/alluvial/z5715141626411_00b983fd5f44402c4bda94b5b928bb00_M_20_30_light_brown.jpg,Soil_Labeled_Data/M_30_40/L_70_80/alluvial/z5715141626411_00b983fd5f44402c4bda94b5b928bb00_M_20_30_light_brown.jpg,PRESENT,False,ec3906f8976cb62f73e792636fc99e04a939d0cad61762d800276e7de55b7d1b,30,29,74,3,M_30_40,L_70_80,alluvial,phash:58b6b94065785737,phash:58b6b94065785737,,,train
d8bb4c140ef676bc1cd0,z5715141676311_1d060c8ef71e58aadc2f6099b373b761_M_20_30_light_brown.jpg,Soil_Labeled_Data/M_30_40/L_70_80/alluvial/z5715141676311_1d060c8ef71e58aadc2f6099b373b761_M_20_30_light_brown.jpg,Soil_Labeled_Data/M_30_40/L_70_80/alluvial/z5715141676311_1d060c8ef71e58aadc2f6099b373b761_M_20_30_light_brown.jpg,PRESENT,False,d0b37c065fec47f0410109f765ff15ab9f252a2a8160bfd892e3fc472907aa24,37,36,74,3,M_30_40,L_70_80,alluvial,phash:17a33323a8c95ba6,phash:17a33323a8c95ba6,,,train
e6adb7cbb40fb27c8f57,z5715141734634_e77f72db46f26975a8a55807dd7433b7_M_20_30_light_brown.jpg,Soil_Labeled_Data/M_30_40/L_70_80/alluvial/z5715141734634_e77f72db46f26975a8a55807dd7433b7_M_20_30_light_brown.jpg,Soil_Labeled_Data/M_30_40/L_70_80/alluvial/z5715141734634_e77f72db46f26975a8a55807dd7433b7_M_20_30_light_brown.jpg,PRESENT,False,85123fc0b2e008a4c4c24535bb5d24f31aeff54ae907816f820ef2a71eba7d2f,32,35,71,3,M_30_40,L_70_80,alluvial,phash:e24ee0f14f9344e0,phash:e24ee0f14f9344e0,,,train
af26e84a3049b0a6a59f,z5715141839575_b7b45144485ab528e29f7f20c818087e_M_20_30_light_brown.jpg,Soil_Labeled_Data/M_30_40/L_70_80/alluvial/z5715141839575_b7b45144485ab528e29f7f20c818087e_M_20_30_light_brown.jpg,Soil_Labeled_Data/M_30_40/L_70_80/alluvial/z5715141839575_b7b45144485ab528e29f7f20c818087e_M_20_30_light_brown.jpg,PRESENT,False,a136d2925f828a61949dca2b7b0256117ffe684c9c8533ee357ea725b07c623a,36,37,77,3,M_30_40,L_70_80,alluvial,phash:a9a50068574c2f94,phash:a9a50068574c2f94,,,train
d5376048fba552ff26de,z5715141899556_927d7046b4cb6c9fdf4bc1576d9b3b99_M_20_30_light_brown.jpg,Soil_Labeled_Data/M_30_40/L_70_80/alluvial/z5715141899556_927d7046b4cb6c9fdf4bc1576d9b3b99_M_20_30_light_brown.jpg,Soil_Labeled_Data/M_30_40/L_70_80/alluvial/z5715141899556_927d7046b4cb6c9fdf4bc1576d9b3b99_M_20_30_light_brown.jpg,PRESENT,False,7aa9806d5788ea99d3026b94ff5200cebeb91fb798313f7c9245360faaa8d44e,34,34,75,3,M_30_40,L_70_80,alluvial,phash:f3d6802b35e39c89,phash:f3d6802b35e39c89,,,train
345ffb1e4fba0fc230c1,z5715142129089_015c9550aeccc7dd88d56342f7ce6df6_M_20_30_light_brown.jpg,Soil_Labeled_Data/M_30_40/L_70_80/alluvial/z5715142129089_015c9550aeccc7dd88d56342f7ce6df6_M_20_30_light_brown.jpg,Soil_Labeled_Data/M_30_40/L_70_80/alluvial/z5715142129089_015c9550aeccc7dd88d56342f7ce6df6_M_20_30_light_brown.jpg,PRESENT,False,4af3a474512fed361244acf8e743ddcbc328a6a837065aa56759179128f8c037,33,34,73,3,M_30_40,L_70_80,alluvial,phash:637fec9ec7b348d9,phash:637fec9ec7b348d9,,,train
4035ecfe9554d317a060,z5720143165808_c048ad1ab07ddbb36a302d65772e88c8_aug_00_dark_brown.jpg,Soil_Labeled_Data/M_30_40/L_90_100/alluvial/z5720143165808_c048ad1ab07ddbb36a302d65772e88c8_aug_00_dark_brown.jpg,Soil_Labeled_Data/M_30_40/L_90_100/alluvial/z5720143165808_c048ad1ab07ddbb36a302d65772e88c8_aug_00_dark_brown.jpg,PRESENT,False,e6b8ef9942e574eebb354364813814ec3b490d762e565f8ad6b8d28c37355353,37,39,90,3,M_30_40,L_90_100,alluvial,phash:0285effacff0304c,phash:0285effacff0304c,,,train
deea33b76153b3e122e1,z5720143180627_8991003c4168f68248331f4ae3cb75d1_aug_01_light_brown.jpg,Soil_Labeled_Data/M_30_40/L_90_100/alluvial/z5720143180627_8991003c4168f68248331f4ae3cb75d1_aug_01_light_brown.jpg,Soil_Labeled_Data/M_30_40/L_90_100/alluvial/z5720143180627_8991003c4168f68248331f4ae3cb75d1_aug_01_light_brown.jpg,PRESENT,False,44cb568e194d3d11605947f2c773201dab6481d2f02554cff9c0dc299568c861,33,31,96,3,M_30_40,L_90_100,alluvial,phash:b1dd5e518be03381,phash:b1dd5e518be03381,,,train
eb4c0b29b6ab7bf6da6e,IMG_0406_M_10_20_gray_brown.jpg,Soil_Labeled_Data/M_40_50/L_0_10/alluvial/IMG_0406_M_10_20_gray_brown.jpg,Soil_Labeled_Data/M_40_50/L_0_10/alluvial/IMG_0406_M_10_20_gray_brown.jpg,PRESENT,False,e69b8a6ebf707ab9f9d8b6314ec4d81c61f6ec9dbf9c4661d9a36be209d98dcd,49,53,4,4,M_40_50,L_0_10,alluvial,phash:2a3d63a832df8b6a,phash:2a3d63a832df8b6a,,,train
94c053e7b086058d4bb5,IMG_0407_M_10_20_light_brown.jpg,Soil_Labeled_Data/M_40_50/L_0_10/alluvial/IMG_0407_M_10_20_light_brown.jpg,Soil_Labeled_Data/M_40_50/L_0_10/alluvial/IMG_0407_M_10_20_light_brown.jpg,PRESENT,False,81a5a16db7260abda35ef6f5045f51d8f0386c1d23a43b56bef34e9c6968c131,41,45,7,4,M_40_50,L_0_10,alluvial,phash:5a8689019efd65eb,phash:5a8689019efd65eb,,,train
305ce3f28c434ac62aec,IMG_0422_M_10_20_light_brown.jpg,Soil_Labeled_Data/M_40_50/L_0_10/alluvial/IMG_0422_M_10_20_light_brown.jpg,Soil_Labeled_Data/M_40_50/L_0_10/alluvial/IMG_0422_M_10_20_light_brown.jpg,PRESENT,False,8ee092c2b08e9b102ddbcda8400b99260a235e71335a51d4fce43d06e1bb35e1,49,52,8,4,M_40_50,L_0_10,alluvial,phash:0c51539d2147ccea,phash:0c51539d2147ccea,,,train
8c06a4d32a1c01b6fb47,z5714094952173_37de5e4626cba119a6ebdfab7db38cd7_M_0_10_light_brown.jpg,Soil_Labeled_Data/M_40_50/L_0_10/alluvial/z5714094952173_37de5e4626cba119a6ebdfab7db38cd7_M_0_10_light_brown.jpg,Soil_Labeled_Data/M_40_50/L_0_10/alluvial/z5714094952173_37de5e4626cba119a6ebdfab7db38cd7_M_0_10_light_brown.jpg,PRESENT,False,38b7fe6165afa2a1b315e12b54fd4d1583a9956973c38970a14ea29c50a5257c,44,50,9,4,M_40_50,L_0_10,alluvial,phash:446244e7bede194d,phash:446244e7bede194d,,,train
7fffed7a50d9076dd666,z5714095397323_3ba8d5731fe9ad72ecd36a4f5fe55be2_M_0_10_pale_yellow.jpg,Soil_Labeled_Data/M_40_50/L_0_10/alluvial/z5714095397323_3ba8d5731fe9ad72ecd36a4f5fe55be2_M_0_10_pale_yellow.jpg,Soil_Labeled_Data/M_40_50/L_0_10/alluvial/z5714095397323_3ba8d5731fe9ad72ecd36a4f5fe55be2_M_0_10_pale_yellow.jpg,PRESENT,False,52521a214a8a78109eba92dc7844562506dad571e0fc1e21518cd3aff9bca48d,47,50,0,4,M_40_50,L_0_10,alluvial,phash:310da61118750dd1,phash:310da61118750dd1,,,train
289462dc78123a8d7765,z5716041600867_155ef81185111d0c63d0fb1432ad825c_M_30_40_gray_brown.jpg,Soil_Labeled_Data/M_40_50/L_0_10/alluvial/z5716041600867_155ef81185111d0c63d0fb1432ad825c_M_30_40_gray_brown.jpg,Soil_Labeled_Data/M_40_50/L_0_10/alluvial/z5716041600867_155ef81185111d0c63d0fb1432ad825c_M_30_40_gray_brown.jpg,PRESENT,False,1a5cc40e50115a1081eb34ab774e5850d126ca2d7476c3c7eb8aeace69e190c7,47,51,3,4,M_40_50,L_0_10,alluvial,phash:2948186771d3df59,phash:2948186771d3df59,,,train
14dd7e3b732b04ebe421,z5716042004626_672a27bdaa4badcf207b29a4dbf173b0_M_30_40_pale_yellow.jpg,Soil_Labeled_Data/M_40_50/L_0_10/alluvial/z5716042004626_672a27bdaa4badcf207b29a4dbf173b0_M_30_40_pale_yellow.jpg,Soil_Labeled_Data/M_40_50/L_0_10/alluvial/z5716042004626_672a27bdaa4badcf207b29a4dbf173b0_M_30_40_pale_yellow.jpg,PRESENT,False,9c324943940e70f398c4c3fca120a8bf01b4f1b8b9ad6bccb13886d376d8d799,46,51,3,4,M_40_50,L_0_10,alluvial,phash:156bd532f6d70aa4,phash:156bd532f6d70aa4,,,train
1bcc6e5079a44cbad90b,z5716042134688_b9c0dd073d73e642655a3f55330bce08_M_30_40_pale_yellow.jpg,Soil_Labeled_Data/M_40_50/L_0_10/alluvial/z5716042134688_b9c0dd073d73e642655a3f55330bce08_M_30_40_pale_yellow.jpg,Soil_Labeled_Data/M_40_50/L_0_10/alluvial/z5716042134688_b9c0dd073d73e642655a3f55330bce08_M_30_40_pale_yellow.jpg,PRESENT,False,3bf195620ef09ee6a37016d4e133573f5358dce9b5f120b99aa233b73163345d,41,47,2,4,M_40_50,L_0_10,alluvial,phash:3385bfbe7d6ac5f4,phash:3385bfbe7d6ac5f4,,,train
d1a825dd4c8adf923e8f,z5716042289286_4f5ba54e9a7dd70e051e6c0bf403d0f8_M_30_40_pale_yellow.jpg,Soil_Labeled_Data/M_40_50/L_0_10/alluvial/z5716042289286_4f5ba54e9a7dd70e051e6c0bf403d0f8_M_30_40_pale_yellow.jpg,Soil_Labeled_Data/M_40_50/L_0_10/alluvial/z5716042289286_4f5ba54e9a7dd70e051e6c0bf403d0f8_M_30_40_pale_yellow.jpg,PRESENT,False,896dbdf39ec8e270a830692e16a235fa7ee19de998440f2eda1cee802474504c,49,54,0,4,M_40_50,L_0_10,alluvial,phash:038e7ee2adbaeb19,phash:038e7ee2adbaeb19,,,train
a8d5ad7c87f1e33bee90,z5716042393202_8e123a1e78f84eda2b3a3bd5bfe377a3_M_30_40_gray_brown.jpg,Soil_Labeled_Data/M_40_50/L_0_10/alluvial/z5716042393202_8e123a1e78f84eda2b3a3bd5bfe377a3_M_30_40_gray_brown.jpg,Soil_Labeled_Data/M_40_50/L_0_10/alluvial/z5716042393202_8e123a1e78f84eda2b3a3bd5bfe377a3_M_30_40_gray_brown.jpg,PRESENT,False,5bf405c1145dd84fb518c14fd394ca5a6fd0591fb73601a02ac6c3cf939ccca3,41,47,10,4,M_40_50,L_0_10,alluvial,phash:656225373357816c,phash:656225373357816c,,,train
d5b22055732873ce50fa,IMG_0007_M_0_10_clayish_red.jpg,Soil_Labeled_Data/M_40_50/L_10_20/alluvial/IMG_0007_M_0_10_clayish_red.jpg,Soil_Labeled_Data/M_40_50/L_10_20/alluvial/IMG_0007_M_0_10_clayish_red.jpg,PRESENT,False,a65aa57d11e39ce1207aff3136853461900606a510faf9feddc124c0e18ba08c,43,48,17,4,M_40_50,L_10_20,alluvial,phash:432c8ed6a163119e,phash:432c8ed6a163119e,,,train
db69cd93df73b1be4f1c,IMG_0013_M_0_10_clayish_red.jpg,Soil_Labeled_Data/M_40_50/L_10_20/alluvial/IMG_0013_M_0_10_clayish_red.jpg,Soil_Labeled_Data/M_40_50/L_10_20/alluvial/IMG_0013_M_0_10_clayish_red.jpg,PRESENT,False,79ea184c105e15024dd64004f77af0aebf7f4869abfbc4601a4b53fdc64329cd,45,51,13,4,M_40_50,L_10_20,alluvial,phash:48f6918d6268138f,phash:48f6918d6268138f,,,train
a3c7e29a669ad38b2800,IMG_0014_M_0_10_pale_yellow.jpg,Soil_Labeled_Data/M_40_50/L_10_20/alluvial/IMG_0014_M_0_10_pale_yellow.jpg,Soil_Labeled_Data/M_40_50/L_10_20/alluvial/IMG_0014_M_0_10_pale_yellow.jpg,PRESENT,False,50a1217020b01ebb31b6f1d34746f279dd68f3154b0968bd0c4eaef164d9c028,44,48,12,4,M_40_50,L_10_20,alluvial,phash:28ae9471e98b75c2,phash:28ae9471e98b75c2,,,train
2b625ce5cbb8bfc4b23b,IMG_0015_M_0_10_gray_brown.jpg,Soil_Labeled_Data/M_40_50/L_10_20/alluvial/IMG_0015_M_0_10_gray_brown.jpg,Soil_Labeled_Data/M_40_50/L_10_20/alluvial/IMG_0015_M_0_10_gray_brown.jpg,PRESENT,False,f33a29b3e152814750acfb399e7a6ae3554b9e3d83172b3c23f8f554ba8eb468,48,54,19,4,M_40_50,L_10_20,alluvial,phash:50f54d5c2b51e8f5,phash:50f54d5c2b51e8f5,,,train
bbec3f087500b9f4a812,IMG_0016_M_0_10_gray_brown.jpg,Soil_Labeled_Data/M_40_50/L_10_20/alluvial/IMG_0016_M_0_10_gray_brown.jpg,Soil_Labeled_Data/M_40_50/L_10_20/alluvial/IMG_0016_M_0_10_gray_brown.jpg,PRESENT,False,d70c4c91279311dfa2d1079962c367536f180993a65398b5695ecdd16cc65a1c,43,48,19,4,M_40_50,L_10_20,alluvial,phash:7529af5f13d5be22,phash:7529af5f13d5be22,,,train
220c0d41846d29a96cc4,IMG_0019_M_0_10_pale_yellow.jpg,Soil_Labeled_Data/M_40_50/L_10_20/alluvial/IMG_0019_M_0_10_pale_yellow.jpg,Soil_Labeled_Data/M_40_50/L_10_20/alluvial/IMG_0019_M_0_10_pale_yellow.jpg,PRESENT,False,bc525a6a50675ade00c8b0ee1d730c79227cb5727d3b28d62d49639dfb35ede8,47,50,11,4,M_40_50,L_10_20,alluvial,phash:5c15da2b7184a2e6,phash:5c15da2b7184a2e6,,,train
5cecad23aac00492e034,IMG_0022_M_0_10_gray_brown.jpg,Soil_Labeled_Data/M_40_50/L_10_20/alluvial/IMG_0022_M_0_10_gray_brown.jpg,Soil_Labeled_Data/M_40_50/L_10_20/alluvial/IMG_0022_M_0_10_gray_brown.jpg,PRESENT,False,acd48d4b89d3c9afdf6162cd871146ad86946de31f1832d6473c1d613b1cd16d,48,51,11,4,M_40_50,L_10_20,alluvial,phash:e6ba7456dbfd0c6a,phash:e6ba7456dbfd0c6a,,,train
90238cb87a07d52667af,IMG_0025_M_0_10_gray_brown.jpg,Soil_Labeled_Data/M_40_50/L_10_20/alluvial/IMG_0025_M_0_10_gray_brown.jpg,Soil_Labeled_Data/M_40_50/L_10_20/alluvial/IMG_0025_M_0_10_gray_brown.jpg,PRESENT,False,bd70c4f0d2406e92253be0ba3bf0a8e9174d94675b2c21fb22c8fceca3d6b236,44,49,19,4,M_40_50,L_10_20,alluvial,phash:76e985df32d5e5e3,phash:76e985df32d5e5e3,,,train
9addd3de7d38e5b5219c,IMG_0456_M_10_20_gray_brown.jpg,Soil_Labeled_Data/M_40_50/L_10_20/alluvial/IMG_0456_M_10_20_gray_brown.jpg,Soil_Labeled_Data/M_40_50/L_10_20/alluvial/IMG_0456_M_10_20_gray_brown.jpg,PRESENT,False,dbfd786b549a465dcb2019e50e361dc538bbfad3fd862767253bb570f3635357,48,52,14,4,M_40_50,L_10_20,alluvial,phash:93e21936b8adaeb4,phash:93e21936b8adaeb4,,,train
955b664396111abcd3c1,IMG_0457_M_10_20_clayish_red.jpg,Soil_Labeled_Data/M_40_50/L_10_20/alluvial/IMG_0457_M_10_20_clayish_red.jpg,Soil_Labeled_Data/M_40_50/L_10_20/alluvial/IMG_0457_M_10_20_clayish_red.jpg,PRESENT,False,54689ba1878978481a6a38a42b1a9cd132d7ea667561edcd5180cd196658b93a,43,47,13,4,M_40_50,L_10_20,alluvial,phash:4af546806af8d36b,phash:4af546806af8d36b,,,train
2f60804ab2bf58cf17ad,IMG_0458_M_10_20_gray_brown.jpg,Soil_Labeled_Data/M_40_50/L_10_20/alluvial/IMG_0458_M_10_20_gray_brown.jpg,Soil_Labeled_Data/M_40_50/L_10_20/alluvial/IMG_0458_M_10_20_gray_brown.jpg,PRESENT,False,0e5fee3eb391d78f46e2da5c709c2730e4653166643eab78a399f7872cd11090,43,47,20,4,M_40_50,L_10_20,alluvial,phash:7f5657f9fefd180e,phash:7f5657f9fefd180e,,,train
771925e4d2cd5dc0af3b,IMG_0467_M_10_20_gray_brown.jpg,Soil_Labeled_Data/M_40_50/L_10_20/alluvial/IMG_0467_M_10_20_gray_brown.jpg,Soil_Labeled_Data/M_40_50/L_10_20/alluvial/IMG_0467_M_10_20_gray_brown.jpg,PRESENT,False,0f1db297615603de30ee65b1465ccac56a3e514d8868dd44edd44b4d0c2ea42d,50,54,10,4,M_40_50,L_10_20,alluvial,phash:fc7e457909a67caf,phash:fc7e457909a67caf,,,train
ca74976d2fc5b730fbef,IMG_0468_M_10_20_clayish_red.jpg,Soil_Labeled_Data/M_40_50/L_10_20/alluvial/IMG_0468_M_10_20_clayish_red.jpg,Soil_Labeled_Data/M_40_50/L_10_20/alluvial/IMG_0468_M_10_20_clayish_red.jpg,PRESENT,False,9f9284ed19da861c52e0c0782c96a59c3c6744cdca53f61a748dc902ddd33d2c,48,53,12,4,M_40_50,L_10_20,alluvial,phash:5f2439590420e2c9,phash:5f2439590420e2c9,,,train
a6be932d1d37e223e974,z5716081506381_3d09fae82a727de4543e6209de51152c_M_30_40_clayish_red.jpg,Soil_Labeled_Data/M_40_50/L_10_20/alluvial/z5716081506381_3d09fae82a727de4543e6209de51152c_M_30_40_clayish_red.jpg,Soil_Labeled_Data/M_40_50/L_10_20/alluvial/z5716081506381_3d09fae82a727de4543e6209de51152c_M_30_40_clayish_red.jpg,PRESENT,False,f12ad9218b2790f1af7293fe97412c63f14710e4c55caae4a3d2236f935473bc,49,54,10,4,M_40_50,L_10_20,alluvial,phash:f9ff82bd56464b67,phash:f9ff82bd56464b67,,,train
0aa49bb1f1916e5a6ec6,z5716081722638_c5469396c1e35eacca15c178956594c9_M_30_40_light_brown.jpg,Soil_Labeled_Data/M_40_50/L_10_20/alluvial/z5716081722638_c5469396c1e35eacca15c178956594c9_M_30_40_light_brown.jpg,Soil_Labeled_Data/M_40_50/L_10_20/alluvial/z5716081722638_c5469396c1e35eacca15c178956594c9_M_30_40_light_brown.jpg,PRESENT,False,70707f2b8425d22f6066681d470a859eab927f04d6355f2c6bd7e4ef2b0b8f66,49,52,17,4,M_40_50,L_10_20,alluvial,phash:5842a5560e2b0093,phash:5842a5560e2b0093,,,train
1e5be985d70f7271019c,z5716081732799_46a8abd72cd445d5fc7f7576562133ff_M_30_40_light_brown.jpg,Soil_Labeled_Data/M_40_50/L_10_20/alluvial/z5716081732799_46a8abd72cd445d5fc7f7576562133ff_M_30_40_light_brown.jpg,Soil_Labeled_Data/M_40_50/L_10_20/alluvial/z5716081732799_46a8abd72cd445d5fc7f7576562133ff_M_30_40_light_brown.jpg,PRESENT,False,1b0b6278cc76329d275c74a66ec9d174bae109ba9f320b1d71aea640c82e89a3,48,53,16,4,M_40_50,L_10_20,alluvial,phash:b23adc85a3d4f286,phash:b23adc85a3d4f286,,,train
fbf61bb0a97a50e1ef27,IMG_0052_M_0_10_pale_yellow.jpg,Soil_Labeled_Data/M_40_50/L_20_30/alluvial/IMG_0052_M_0_10_pale_yellow.jpg,Soil_Labeled_Data/M_40_50/L_20_30/alluvial/IMG_0052_M_0_10_pale_yellow.jpg,PRESENT,False,fc613ab746341210accc76941abcc828873b06e4270d59de154ffe8837a9c68d,44,49,22,4,M_40_50,L_20_30,alluvial,phash:03e65f3ddfc64595,phash:03e65f3ddfc64595,,,train
d26203ca3145273ca2c0,IMG_0056_M_0_10_clayish_red.jpg,Soil_Labeled_Data/M_40_50/L_20_30/alluvial/IMG_0056_M_0_10_clayish_red.jpg,Soil_Labeled_Data/M_40_50/L_20_30/alluvial/IMG_0056_M_0_10_clayish_red.jpg,PRESENT,False,8f9b2493d490f8ab853dce3ce47e899bf62c8be1b3fac125b06c50f4fe1c7816,49,53,28,4,M_40_50,L_20_30,alluvial,phash:0935ecdbb458c371,phash:0935ecdbb458c371,,,train
22ced3569fbeceabe1a0,IMG_0059_M_0_10_pale_yellow.jpg,Soil_Labeled_Data/M_40_50/L_20_30/alluvial/IMG_0059_M_0_10_pale_yellow.jpg,Soil_Labeled_Data/M_40_50/L_20_30/alluvial/IMG_0059_M_0_10_pale_yellow.jpg,PRESENT,False,501b7c316ed1223d3f215b88013fea2fb9518f88a59bcb0c976e41770291232d,46,51,27,4,M_40_50,L_20_30,alluvial,phash:c681ac1b33256bae,phash:c681ac1b33256bae,,,train
db800ef4b6c67976fe42,IMG_0060_M_0_10_light_brown.jpg,Soil_Labeled_Data/M_40_50/L_20_30/alluvial/IMG_0060_M_0_10_light_brown.jpg,Soil_Labeled_Data/M_40_50/L_20_30/alluvial/IMG_0060_M_0_10_light_brown.jpg,PRESENT,False,f1679af45a432c7a084adba9fc9ac30b92e1f7d39fff240617962d9362f6561b,45,46,26,4,M_40_50,L_20_30,alluvial,phash:87c8fa61621fe9bb,phash:87c8fa61621fe9bb,,,train
ce3ce979d53bcfd9b4bb,IMG_0061_M_0_10_light_brown.jpg,Soil_Labeled_Data/M_40_50/L_20_30/alluvial/IMG_0061_M_0_10_light_brown.jpg,Soil_Labeled_Data/M_40_50/L_20_30/alluvial/IMG_0061_M_0_10_light_brown.jpg,PRESENT,False,0c8e15e73cfc00f6ad008e8fe1dc855e07eb4ae3f43a844463d7b4dd1186787f,46,48,24,4,M_40_50,L_20_30,alluvial,phash:cce9eea346aa1c01,phash:cce9eea346aa1c01,,,train
1ff7ea77fa9b54501565,IMG_0061_M_0_10_pale_yellow.jpg,Soil_Labeled_Data/M_40_50/L_20_30/alluvial/IMG_0061_M_0_10_pale_yellow.jpg,Soil_Labeled_Data/M_40_50/L_20_30/alluvial/IMG_0061_M_0_10_pale_yellow.jpg,PRESENT,False,3cb7374dc740f14853ecbbc1fa0e98c453924c147970a891000569d20b3a3e7a,47,52,21,4,M_40_50,L_20_30,alluvial,phash:cce9eea346aa1c01,phash:cce9eea346aa1c01,,,train
f8b09dabada6cb2112fd,IMG_0067_M_0_10_light_brown.jpg,Soil_Labeled_Data/M_40_50/L_20_30/alluvial/IMG_0067_M_0_10_light_brown.jpg,Soil_Labeled_Data/M_40_50/L_20_30/alluvial/IMG_0067_M_0_10_light_brown.jpg,PRESENT,False,037d07a15b10975a8035b56abd48ea3602d1733a9f84e77d074e2d8e9cc65a95,47,48,24,4,M_40_50,L_20_30,alluvial,phash:a9be8da516abc599,phash:a9be8da516abc599,,,train
7177a1e8d2e46e23f1f0,IMG_0068_M_0_10_light_brown.jpg,Soil_Labeled_Data/M_40_50/L_20_30/alluvial/IMG_0068_M_0_10_light_brown.jpg,Soil_Labeled_Data/M_40_50/L_20_30/alluvial/IMG_0068_M_0_10_light_brown.jpg,PRESENT,False,0a669e6f9daa78f7475f78cb4400dacdd58ccc0d4fa92a125f627812d0646aa7,40,42,27,4,M_40_50,L_20_30,alluvial,phash:fb2d21f2c87c356c,phash:fb2d21f2c87c356c,,,train
304651d28e906419d426,IMG_0504_M_10_20_pale_yellow.jpg,Soil_Labeled_Data/M_40_50/L_20_30/alluvial/IMG_0504_M_10_20_pale_yellow.jpg,Soil_Labeled_Data/M_40_50/L_20_30/alluvial/IMG_0504_M_10_20_pale_yellow.jpg,PRESENT,False,8c32c34f25bb1e93abfc0586998c22bc8e6b1d48fe81fb9df3502942fea748ba,42,46,26,4,M_40_50,L_20_30,alluvial,phash:68c0216d4e775305,phash:68c0216d4e775305,,,train
1c81dba8c944c77f33d9,IMG_0506_M_10_20_pale_yellow.jpg,Soil_Labeled_Data/M_40_50/L_20_30/alluvial/IMG_0506_M_10_20_pale_yellow.jpg,Soil_Labeled_Data/M_40_50/L_20_30/alluvial/IMG_0506_M_10_20_pale_yellow.jpg,PRESENT,False,e5408cdb4778166dd426e6911e8cc5a00b796d9756bd0c0277b671602e4a8263,45,50,24,4,M_40_50,L_20_30,alluvial,phash:d4cac56fbf8548b6,phash:d4cac56fbf8548b6,,,train
f05784c26a5f222743f2,IMG_0507_M_10_20_clayish_red.jpg,Soil_Labeled_Data/M_40_50/L_20_30/alluvial/IMG_0507_M_10_20_clayish_red.jpg,Soil_Labeled_Data/M_40_50/L_20_30/alluvial/IMG_0507_M_10_20_clayish_red.jpg,PRESENT,False,00e2c8039b590f6c91c173333ae1cad1aacd3ace634468b45fe619fd6a4f655b,43,45,27,4,M_40_50,L_20_30,alluvial,phash:97840c038cf0ca41,phash:97840c038cf0ca41,,,train
53bbf2a1d261e792af1b,IMG_0508_M_10_20_clayish_red.jpg,Soil_Labeled_Data/M_40_50/L_20_30/alluvial/IMG_0508_M_10_20_clayish_red.jpg,Soil_Labeled_Data/M_40_50/L_20_30/alluvial/IMG_0508_M_10_20_clayish_red.jpg,PRESENT,False,1601e60d646afde6742bba22c8a81ae54f085dc3862c7ad6a814422a463feeff,45,48,22,4,M_40_50,L_20_30,alluvial,phash:051110bc56e248a7,phash:051110bc56e248a7,,,train
eb6f6a0f3942531594ca,IMG_0510_M_10_20_clayish_red.jpg,Soil_Labeled_Data/M_40_50/L_20_30/alluvial/IMG_0510_M_10_20_clayish_red.jpg,Soil_Labeled_Data/M_40_50/L_20_30/alluvial/IMG_0510_M_10_20_clayish_red.jpg,PRESENT,False,33d0936551171c6e999ac5b37f756a9c041648295a8e40ef4b9cca3fd01eb46b,46,50,25,4,M_40_50,L_20_30,alluvial,phash:33784c06279c45c9,phash:33784c06279c45c9,,,train
cf362c6306ab83e1feb6,IMG_0513_M_10_20_gray_brown.jpg,Soil_Labeled_Data/M_40_50/L_20_30/alluvial/IMG_0513_M_10_20_gray_brown.jpg,Soil_Labeled_Data/M_40_50/L_20_30/alluvial/IMG_0513_M_10_20_gray_brown.jpg,PRESENT,False,9fde0c9d596ff55209de84f960ca97a1c0309d1703a45cb7f73ff9b98ba9ecad,42,45,29,4,M_40_50,L_20_30,alluvial,phash:ec75f2cfc0deaff3,phash:ec75f2cfc0deaff3,,,train
e229d9fa4549bf03aa10,IMG_0514_M_10_20_gray_brown.jpg,Soil_Labeled_Data/M_40_50/L_20_30/alluvial/IMG_0514_M_10_20_gray_brown.jpg,Soil_Labeled_Data/M_40_50/L_20_30/alluvial/IMG_0514_M_10_20_gray_brown.jpg,PRESENT,False,a6723a3d2f8b6137c927a8dd4018621d38bd3e12f4dcd9686f2b6f137a60bc3b,45,46,27,4,M_40_50,L_20_30,alluvial,phash:54782112c471a7dd,phash:54782112c471a7dd,,,train
09c39d21323941b9a608,z5716143848502_4bd0eba511c987674067e6093eb213b9_M_30_40_gray_brown.jpg,Soil_Labeled_Data/M_40_50/L_20_30/alluvial/z5716143848502_4bd0eba511c987674067e6093eb213b9_M_30_40_gray_brown.jpg,Soil_Labeled_Data/M_40_50/L_20_30/alluvial/z5716143848502_4bd0eba511c987674067e6093eb213b9_M_30_40_gray_brown.jpg,PRESENT,False,80fd12ede4ec5269bfc4680eaddef763ffa408483bc11707526caf13f239a95d,40,44,27,4,M_40_50,L_20_30,alluvial,phash:9fb314b66ba5fac9,phash:9fb314b66ba5fac9,,,train
a8253601084f51b5c6ae,z5716143971881_3b7ae01df4bd18ac6697e43919b461a8_M_30_40_pale_yellow.jpg,Soil_Labeled_Data/M_40_50/L_20_30/alluvial/z5716143971881_3b7ae01df4bd18ac6697e43919b461a8_M_30_40_pale_yellow.jpg,Soil_Labeled_Data/M_40_50/L_20_30/alluvial/z5716143971881_3b7ae01df4bd18ac6697e43919b461a8_M_30_40_pale_yellow.jpg,PRESENT,False,e6f6669f9bd264411f177f36d3d0480ff51b50a1f72a2396eb6ca5a1e673c9cf,43,46,22,4,M_40_50,L_20_30,alluvial,phash:3a1e8ff119bb677a,phash:3a1e8ff119bb677a,,,train
2962b05d7f8eabc214e0,z5716144083688_2c23641d859dd12e7ca459c954f4e5a3_M_30_40_light_brown.jpg,Soil_Labeled_Data/M_40_50/L_20_30/alluvial/z5716144083688_2c23641d859dd12e7ca459c954f4e5a3_M_30_40_light_brown.jpg,Soil_Labeled_Data/M_40_50/L_20_30/alluvial/z5716144083688_2c23641d859dd12e7ca459c954f4e5a3_M_30_40_light_brown.jpg,PRESENT,False,a3400cc52b594fd15511bcd59f6c7c9fa617263d21d596f47982598d4614c319,48,50,30,4,M_40_50,L_20_30,alluvial,phash:91b121c2b098a87b,phash:91b121c2b098a87b,,,train
f8050a0f5c6202097893,z5716144284037_44127132185b5cccfae5b4beda32cc38_M_30_40_clayish_red.jpg,Soil_Labeled_Data/M_40_50/L_20_30/alluvial/z5716144284037_44127132185b5cccfae5b4beda32cc38_M_30_40_clayish_red.jpg,Soil_Labeled_Data/M_40_50/L_20_30/alluvial/z5716144284037_44127132185b5cccfae5b4beda32cc38_M_30_40_clayish_red.jpg,PRESENT,False,d44df33538c094b388ec3afa347fb22a861bd40e3d2bfcd97a980b4eb1282f97,41,45,22,4,M_40_50,L_20_30,alluvial,phash:524f0ceb015c1365,phash:524f0ceb015c1365,,,train
4e2b2aad08f7078cddbf,IMG_0098_M_0_10_light_brown.jpg,Soil_Labeled_Data/M_40_50/L_30_40/alluvial/IMG_0098_M_0_10_light_brown.jpg,Soil_Labeled_Data/M_40_50/L_30_40/alluvial/IMG_0098_M_0_10_light_brown.jpg,PRESENT,False,9f2907e0baf831de5b89cad98feebfbb01594d3db93d2591cf91c570f31ab528,47,51,33,4,M_40_50,L_30_40,alluvial,phash:f01c359cc88566ef,phash:f01c359cc88566ef,,,train
0ad061065416ddb2eb95,IMG_0098_M_0_10_pale_yellow.jpg,Soil_Labeled_Data/M_40_50/L_30_40/alluvial/IMG_0098_M_0_10_pale_yellow.jpg,Soil_Labeled_Data/M_40_50/L_30_40/alluvial/IMG_0098_M_0_10_pale_yellow.jpg,PRESENT,False,f8feb468550dda3215c90902032fc5adf60f09dbb9cbdb0d17c98a8df92def68,41,45,34,4,M_40_50,L_30_40,alluvial,phash:f01c359cc88566ef,phash:f01c359cc88566ef,,,train
723e2edc20498dc36dc1,IMG_0100_M_0_10_gray_brown.jpg,Soil_Labeled_Data/M_40_50/L_30_40/alluvial/IMG_0100_M_0_10_gray_brown.jpg,Soil_Labeled_Data/M_40_50/L_30_40/alluvial/IMG_0100_M_0_10_gray_brown.jpg,PRESENT,False,4d7d576fc295fe6d41f3b4af851bd17fb23888f832da577e66d379d90f060266,50,52,38,4,M_40_50,L_30_40,alluvial,phash:f285b4af27e70749,phash:f285b4af27e70749,,,train
ebb37e8d28fd9929f622,IMG_0105_M_0_10_pale_yellow.jpg,Soil_Labeled_Data/M_40_50/L_30_40/alluvial/IMG_0105_M_0_10_pale_yellow.jpg,Soil_Labeled_Data/M_40_50/L_30_40/alluvial/IMG_0105_M_0_10_pale_yellow.jpg,PRESENT,False,f858ff0cc97049494d025f5eaf2e58b420851de371b66cfa8bb031f60b52a612,45,46,35,4,M_40_50,L_30_40,alluvial,phash:7eeb9c5b6e40268d,phash:7eeb9c5b6e40268d,,,train
7038fa423a2e7b248766,IMG_0113_M_0_10_clayish_red.jpg,Soil_Labeled_Data/M_40_50/L_30_40/alluvial/IMG_0113_M_0_10_clayish_red.jpg,Soil_Labeled_Data/M_40_50/L_30_40/alluvial/IMG_0113_M_0_10_clayish_red.jpg,PRESENT,False,b3d1d610bf65ae6ecd74a79bc636bd1876e72e431ade580cfff89df2c5aaf293,49,50,34,4,M_40_50,L_30_40,alluvial,phash:fa99784640564d0a,phash:fa99784640564d0a,,,train
7d2e8b5d2fd24cbbfbf7,IMG_0113_M_0_10_pale_yellow.jpg,Soil_Labeled_Data/M_40_50/L_30_40/alluvial/IMG_0113_M_0_10_pale_yellow.jpg,Soil_Labeled_Data/M_40_50/L_30_40/alluvial/IMG_0113_M_0_10_pale_yellow.jpg,PRESENT,False,7d4c7fb4c8fb500a603290f71a3d7ef0314cb45177e39bf8367a23a4093f2b02,47,50,31,4,M_40_50,L_30_40,alluvial,phash:fa99784640564d0a,phash:fa99784640564d0a,,,train
7660f71c1326adf83280,IMG_0543_M_10_20_gray_brown.jpg,Soil_Labeled_Data/M_40_50/L_30_40/alluvial/IMG_0543_M_10_20_gray_brown.jpg,Soil_Labeled_Data/M_40_50/L_30_40/alluvial/IMG_0543_M_10_20_gray_brown.jpg,PRESENT,False,2ab4e3dab6ec607730c00e194c4a1d3b01ac49bcc1edef87a361029ed2060137,45,50,35,4,M_40_50,L_30_40,alluvial,phash:738961f08c6ad95f,phash:738961f08c6ad95f,,,train
c55ca7ecab850d055d98,IMG_0548_M_10_20_light_brown.jpg,Soil_Labeled_Data/M_40_50/L_30_40/alluvial/IMG_0548_M_10_20_light_brown.jpg,Soil_Labeled_Data/M_40_50/L_30_40/alluvial/IMG_0548_M_10_20_light_brown.jpg,PRESENT,False,fe9423a4790ff02aa7cf5323796c5fef4a4d0232824d38ecf78f2e177c9d5e6f,41,43,38,4,M_40_50,L_30_40,alluvial,phash:9eb4ee466e7f1dc6,phash:9eb4ee466e7f1dc6,,,train
265929c5477dab55ea49,IMG_0556_M_10_20_gray_brown.jpg,Soil_Labeled_Data/M_40_50/L_30_40/alluvial/IMG_0556_M_10_20_gray_brown.jpg,Soil_Labeled_Data/M_40_50/L_30_40/alluvial/IMG_0556_M_10_20_gray_brown.jpg,PRESENT,False,3518bc1267b9230ca3683b0bbf3046eb467173384272cdc6b1b03dd10e974688,50,51,30,4,M_40_50,L_30_40,alluvial,phash:daa0dce101fa60b2,phash:daa0dce101fa60b2,,,train
2f92142bd9de58d6dd55,IMG_0556_M_10_20_pale_yellow.jpg,Soil_Labeled_Data/M_40_50/L_30_40/alluvial/IMG_0556_M_10_20_pale_yellow.jpg,Soil_Labeled_Data/M_40_50/L_30_40/alluvial/IMG_0556_M_10_20_pale_yellow.jpg,PRESENT,False,d0abd131bbe3131a7bbdfcef242522e7dff42b3f669cc4515b5476ed35a5f4af,48,51,33,4,M_40_50,L_30_40,alluvial,phash:daa0dce101fa60b2,phash:daa0dce101fa60b2,,,train
94cca2f8fab851450c67,IMG_0559_M_10_20_light_brown.jpg,Soil_Labeled_Data/M_40_50/L_30_40/alluvial/IMG_0559_M_10_20_light_brown.jpg,Soil_Labeled_Data/M_40_50/L_30_40/alluvial/IMG_0559_M_10_20_light_brown.jpg,PRESENT,False,a304bbe7baa1db60424516da0a0764cddbe977fb6807959997a20f602bc43d2f,46,50,38,4,M_40_50,L_30_40,alluvial,phash:433a9f8bcc2a8639,phash:433a9f8bcc2a8639,,,train
997eab8900ceb53b957b,IMG_0559_M_10_20_pale_yellow.jpg,Soil_Labeled_Data/M_40_50/L_30_40/alluvial/IMG_0559_M_10_20_pale_yellow.jpg,Soil_Labeled_Data/M_40_50/L_30_40/alluvial/IMG_0559_M_10_20_pale_yellow.jpg,PRESENT,False,6b34ab2a9d7ad3f0f7a8571d56994d42ccd0907f929861f137a6da0a2d9be501,45,46,30,4,M_40_50,L_30_40,alluvial,phash:433a9f8bcc2a8639,phash:433a9f8bcc2a8639,,,train
6fa4c3e66d0c98acf5d5,z5716113582590_c1f59f1cd35db605de2ac5249cd439b0_M_30_40_clayish_red.jpg,Soil_Labeled_Data/M_40_50/L_30_40/alluvial/z5716113582590_c1f59f1cd35db605de2ac5249cd439b0_M_30_40_clayish_red.jpg,Soil_Labeled_Data/M_40_50/L_30_40/alluvial/z5716113582590_c1f59f1cd35db605de2ac5249cd439b0_M_30_40_clayish_red.jpg,PRESENT,False,8446219a7de5fce48e26d9324fa919becfe34dd11f38b419d13d427148713065,48,51,33,4,M_40_50,L_30_40,alluvial,phash:6408beb1a56a96d0,phash:6408beb1a56a96d0,,,train
95faabdcaa0aaf7f487d,z5716113582590_c1f59f1cd35db605de2ac5249cd439b0_M_30_40_light_brown.jpg,Soil_Labeled_Data/M_40_50/L_30_40/alluvial/z5716113582590_c1f59f1cd35db605de2ac5249cd439b0_M_30_40_light_brown.jpg,Soil_Labeled_Data/M_40_50/L_30_40/alluvial/z5716113582590_c1f59f1cd35db605de2ac5249cd439b0_M_30_40_light_brown.jpg,PRESENT,False,046ae76726c938259f546b7e285fd5d0c50ebdf9003aa63cf1799c2b707364ec,47,52,30,4,M_40_50,L_30_40,alluvial,phash:6408beb1a56a96d0,phash:6408beb1a56a96d0,,,train
266841527b391082c682,z5716113831635_ad95fd739455206424a51a0a06bc4131_M_30_40_light_brown.jpg,Soil_Labeled_Data/M_40_50/L_30_40/alluvial/z5716113831635_ad95fd739455206424a51a0a06bc4131_M_30_40_light_brown.jpg,Soil_Labeled_Data/M_40_50/L_30_40/alluvial/z5716113831635_ad95fd739455206424a51a0a06bc4131_M_30_40_light_brown.jpg,PRESENT,False,38674d211b82b1aeb4d6ad0505c532cb473990ba3c7b3098c0774c87ef4e44d8,45,47,31,4,M_40_50,L_30_40,alluvial,phash:3b0a2646bfb84257,phash:3b0a2646bfb84257,,,train
db3083a60d0a491183aa,z5716113984230_841d282af180a0d9e956cbf770b8648f_M_30_40_pale_yellow.jpg,Soil_Labeled_Data/M_40_50/L_30_40/alluvial/z5716113984230_841d282af180a0d9e956cbf770b8648f_M_30_40_pale_yellow.jpg,Soil_Labeled_Data/M_40_50/L_30_40/alluvial/z5716113984230_841d282af180a0d9e956cbf770b8648f_M_30_40_pale_yellow.jpg,PRESENT,False,b3bc6f46bbb7680f32d790ed7936a409f99f8d0b887d38a0270aa3ad2e16126f,46,48,40,4,M_40_50,L_30_40,alluvial,phash:032ca74b7d6f602f,phash:032ca74b7d6f602f,,,train
1f9bb65a4002fe2b575f,z5716115913721_f7cff5280e557d5287ca5504b449cdf7_M_30_40_gray_brown.jpg,Soil_Labeled_Data/M_40_50/L_30_40/alluvial/z5716115913721_f7cff5280e557d5287ca5504b449cdf7_M_30_40_gray_brown.jpg,Soil_Labeled_Data/M_40_50/L_30_40/alluvial/z5716115913721_f7cff5280e557d5287ca5504b449cdf7_M_30_40_gray_brown.jpg,PRESENT,False,7ba8de30e3c171d6d7378419e1d808167c1b959bd5969a58484c64f63a95fdc9,41,43,34,4,M_40_50,L_30_40,alluvial,phash:2b71b2b9e3b8ac72,phash:2b71b2b9e3b8ac72,,,train
a16967e65f1680fbd7f8,z5716115990505_f5f56b58cd35cb9827aaedc4db8efebd_M_30_40_pale_yellow.jpg,Soil_Labeled_Data/M_40_50/L_30_40/alluvial/z5716115990505_f5f56b58cd35cb9827aaedc4db8efebd_M_30_40_pale_yellow.jpg,Soil_Labeled_Data/M_40_50/L_30_40/alluvial/z5716115990505_f5f56b58cd35cb9827aaedc4db8efebd_M_30_40_pale_yellow.jpg,PRESENT,False,fee79a3aef2d0fea8189006690e41c1796388f5ee99f4d377c45c23f9a741337,48,49,37,4,M_40_50,L_30_40,alluvial,phash:1580dccc06c1a06f,phash:1580dccc06c1a06f,,,train
6043cdf67ec5474c9417,z5716116018535_325bd6ea25b86f2f021b34014f8842e8_M_30_40_light_brown.jpg,Soil_Labeled_Data/M_40_50/L_30_40/alluvial/z5716116018535_325bd6ea25b86f2f021b34014f8842e8_M_30_40_light_brown.jpg,Soil_Labeled_Data/M_40_50/L_30_40/alluvial/z5716116018535_325bd6ea25b86f2f021b34014f8842e8_M_30_40_light_brown.jpg,PRESENT,False,3f3872c150c5020c14bf69728ab54e3458cb53d418f0b404874650374b1c15e0,48,51,40,4,M_40_50,L_30_40,alluvial,phash:1b998b2ab5717c54,phash:1b998b2ab5717c54,,,train
da3936e40bb25e8269c9,IMG_0152_M_0_10_light_brown.jpg,Soil_Labeled_Data/M_40_50/L_40_50/alluvial/IMG_0152_M_0_10_light_brown.jpg,Soil_Labeled_Data/M_40_50/L_40_50/alluvial/IMG_0152_M_0_10_light_brown.jpg,PRESENT,False,e6990b61467568adae1baf002d22eec57ed15700f28435b22c6473d77014c138,43,45,41,4,M_40_50,L_40_50,alluvial,phash:38628faaea372908,phash:38628faaea372908,,,train
4f03cb42386b4c8ea87b,IMG_0153_M_0_10_gray_brown.jpg,Soil_Labeled_Data/M_40_50/L_40_50/alluvial/IMG_0153_M_0_10_gray_brown.jpg,Soil_Labeled_Data/M_40_50/L_40_50/alluvial/IMG_0153_M_0_10_gray_brown.jpg,PRESENT,False,565c0916431d19b5d41863b0dacea4dcaa03aca4cfff7f57f0fbd822aa933411,48,52,46,4,M_40_50,L_40_50,alluvial,phash:b8d7b2bffe0b868f,phash:b8d7b2bffe0b868f,,,train
0453c9bb61d721b67b68,IMG_0157_M_0_10_light_brown.jpg,Soil_Labeled_Data/M_40_50/L_40_50/alluvial/IMG_0157_M_0_10_light_brown.jpg,Soil_Labeled_Data/M_40_50/L_40_50/alluvial/IMG_0157_M_0_10_light_brown.jpg,PRESENT,False,4d14dbbdd5a8d0aaed57bcf52b197471c1eda0e4a1eb778c8cadd88f531247ee,42,42,44,4,M_40_50,L_40_50,alluvial,phash:7a50a3464b4f7acb,phash:7a50a3464b4f7acb,,,train
a5143622861d92e40413,IMG_0158_M_0_10_clayish_red.jpg,Soil_Labeled_Data/M_40_50/L_40_50/alluvial/IMG_0158_M_0_10_clayish_red.jpg,Soil_Labeled_Data/M_40_50/L_40_50/alluvial/IMG_0158_M_0_10_clayish_red.jpg,PRESENT,False,10b3ff9974cd25665bd4db288d5ed1d1f914169419800e52de05ee7c4a5a54bf,46,47,47,4,M_40_50,L_40_50,alluvial,phash:e0734870d934d178,phash:e0734870d934d178,,,train
85604a75d06b6e919ebb,IMG_0162_M_0_10_gray_brown.jpg,Soil_Labeled_Data/M_40_50/L_40_50/alluvial/IMG_0162_M_0_10_gray_brown.jpg,Soil_Labeled_Data/M_40_50/L_40_50/alluvial/IMG_0162_M_0_10_gray_brown.jpg,PRESENT,False,1697a4e7e9fa04949c113fc3c7b2dd2fa647119ed6b64aea45acad63ddef26c9,44,44,44,4,M_40_50,L_40_50,alluvial,phash:124887665cbfb8dc,phash:124887665cbfb8dc,,,train
dfd91e37e467378a56ed,IMG_0162_M_0_10_light_brown.jpg,Soil_Labeled_Data/M_40_50/L_40_50/alluvial/IMG_0162_M_0_10_light_brown.jpg,Soil_Labeled_Data/M_40_50/L_40_50/alluvial/IMG_0162_M_0_10_light_brown.jpg,PRESENT,False,dd887db2273ec423685c20c06bdac15b517952d090b87347db0ee6e49669e2b6,44,46,43,4,M_40_50,L_40_50,alluvial,phash:124887665cbfb8dc,phash:124887665cbfb8dc,,,train
731dce0ff2f454bdc7f0,IMG_0165_M_0_10_gray_brown.jpg,Soil_Labeled_Data/M_40_50/L_40_50/alluvial/IMG_0165_M_0_10_gray_brown.jpg,Soil_Labeled_Data/M_40_50/L_40_50/alluvial/IMG_0165_M_0_10_gray_brown.jpg,PRESENT,False,c66281a8c23fd3701933cb0c08c7f193f3410623c862676dcbbac60f2471ec35,44,45,44,4,M_40_50,L_40_50,alluvial,phash:3085ebfb726e58fd,phash:3085ebfb726e58fd,,,train
0b783ae02f7f663eaaec,IMG_0585_M_10_20_light_brown.jpg,Soil_Labeled_Data/M_40_50/L_40_50/alluvial/IMG_0585_M_10_20_light_brown.jpg,Soil_Labeled_Data/M_40_50/L_40_50/alluvial/IMG_0585_M_10_20_light_brown.jpg,PRESENT,False,937128f1eb9df0675f76f372060740fcc106374e893dcf6cda0e494644b2328e,45,46,42,4,M_40_50,L_40_50,alluvial,phash:2046b74097299a13,phash:2046b74097299a13,,,train
4d57cb39d2bffe8ffd72,IMG_0587_M_10_20_light_brown.jpg,Soil_Labeled_Data/M_40_50/L_40_50/alluvial/IMG_0587_M_10_20_light_brown.jpg,Soil_Labeled_Data/M_40_50/L_40_50/alluvial/IMG_0587_M_10_20_light_brown.jpg,PRESENT,False,acd869273d80cecc94d40111f609cf51ccc2942d9b62f70d3715be3e2d0752b6,48,52,44,4,M_40_50,L_40_50,alluvial,phash:5733abd69998f077,phash:5733abd69998f077,,,train
01517a86151120704854,IMG_0589_M_10_20_gray_brown.jpg,Soil_Labeled_Data/M_40_50/L_40_50/alluvial/IMG_0589_M_10_20_gray_brown.jpg,Soil_Labeled_Data/M_40_50/L_40_50/alluvial/IMG_0589_M_10_20_gray_brown.jpg,PRESENT,False,8fb9da4a08d7e1fc87fb846f112693604b3fc21650f0bf558b64f4e085c4dbc5,42,45,42,4,M_40_50,L_40_50,alluvial,phash:8a87f33cf199dff1,phash:8a87f33cf199dff1,,,train
6f3179f3499fca93985f,IMG_0589_M_10_20_light_brown.jpg,Soil_Labeled_Data/M_40_50/L_40_50/alluvial/IMG_0589_M_10_20_light_brown.jpg,Soil_Labeled_Data/M_40_50/L_40_50/alluvial/IMG_0589_M_10_20_light_brown.jpg,PRESENT,False,7c87df3066be2a2a07da6c3cf5daa92f43756cac5ea720a1314cbf6e30bdf726,41,41,49,4,M_40_50,L_40_50,alluvial,phash:8a87f33cf199dff1,phash:8a87f33cf199dff1,,,train
e64ff40c7202baf26a29,IMG_0594_M_10_20_gray_brown.jpg,Soil_Labeled_Data/M_40_50/L_40_50/alluvial/IMG_0594_M_10_20_gray_brown.jpg,Soil_Labeled_Data/M_40_50/L_40_50/alluvial/IMG_0594_M_10_20_gray_brown.jpg,PRESENT,False,3b6932dfc4a5e048a497b58a0b08e2cd7a3da9d1fe301a2e7c337ac18a64d9fa,46,46,44,4,M_40_50,L_40_50,alluvial,phash:60b3568e8b1cc117,phash:60b3568e8b1cc117,,,train
f4f8dfb060866758f538,IMG_0595_M_10_20_gray_brown.jpg,Soil_Labeled_Data/M_40_50/L_40_50/alluvial/IMG_0595_M_10_20_gray_brown.jpg,Soil_Labeled_Data/M_40_50/L_40_50/alluvial/IMG_0595_M_10_20_gray_brown.jpg,PRESENT,False,20d8c9455cc82af6b7c9f2c2baa84d45d59d549a5d1738dd5bb38d5bc6d2f551,45,49,49,4,M_40_50,L_40_50,alluvial,phash:38ee9b49340cc8f6,phash:38ee9b49340cc8f6,,,train
d93903d199dbcf88e9c1,IMG_0600_M_10_20_gray_brown.jpg,Soil_Labeled_Data/M_40_50/L_40_50/alluvial/IMG_0600_M_10_20_gray_brown.jpg,Soil_Labeled_Data/M_40_50/L_40_50/alluvial/IMG_0600_M_10_20_gray_brown.jpg,PRESENT,False,6ea20bb5008aae3b3d53a9e32e2ce531ba02fdba1df5f56ff9a56ff623506789,46,47,42,4,M_40_50,L_40_50,alluvial,phash:841854c902c8e87e,phash:841854c902c8e87e,,,train
9153157cb97a2e7dede6,z5719914997148_f06792cac5c60b858589b3b3c2747c43_M_30_40_pale_yellow.jpg,Soil_Labeled_Data/M_40_50/L_40_50/alluvial/z5719914997148_f06792cac5c60b858589b3b3c2747c43_M_30_40_pale_yellow.jpg,Soil_Labeled_Data/M_40_50/L_40_50/alluvial/z5719914997148_f06792cac5c60b858589b3b3c2747c43_M_30_40_pale_yellow.jpg,PRESENT,False,4e9fa92e9f94913bc7e2c3a76dd1e414e3ece3e00a07259949963cd2603adb04,42,47,40,4,M_40_50,L_40_50,alluvial,phash:5e2022160d593777,phash:5e2022160d593777,,,train
800f18b893b72600f4ff,z5719915111649_b61a329743f4617c0f9d01ef237a4139_M_30_40_light_brown.jpg,Soil_Labeled_Data/M_40_50/L_40_50/alluvial/z5719915111649_b61a329743f4617c0f9d01ef237a4139_M_30_40_light_brown.jpg,Soil_Labeled_Data/M_40_50/L_40_50/alluvial/z5719915111649_b61a329743f4617c0f9d01ef237a4139_M_30_40_light_brown.jpg,PRESENT,False,71ad269abf2f8ef5a77e5472c1956f3b0d5d7510103ab8ba7d0cb00873f0b5b8,40,42,50,4,M_40_50,L_40_50,alluvial,phash:3259603a86830e00,phash:3259603a86830e00,,,train
9e32ee4523fed381bd90,z5719915162784_a4f69c622478efdc49a59a408dfe4b55_M_30_40_clayish_red.jpg,Soil_Labeled_Data/M_40_50/L_40_50/alluvial/z5719915162784_a4f69c622478efdc49a59a408dfe4b55_M_30_40_clayish_red.jpg,Soil_Labeled_Data/M_40_50/L_40_50/alluvial/z5719915162784_a4f69c622478efdc49a59a408dfe4b55_M_30_40_clayish_red.jpg,PRESENT,False,025a3ff9defa5ac2523a03956d93429ae2e8d66a76eca334fa3cc6ce6a642775,41,41,46,4,M_40_50,L_40_50,alluvial,phash:67839c1fdfd7f665,phash:67839c1fdfd7f665,,,train
55bbb8a9a1e2d1ed6235,z5719915162784_a4f69c622478efdc49a59a408dfe4b55_M_30_40_gray_brown.jpg,Soil_Labeled_Data/M_40_50/L_40_50/alluvial/z5719915162784_a4f69c622478efdc49a59a408dfe4b55_M_30_40_gray_brown.jpg,Soil_Labeled_Data/M_40_50/L_40_50/alluvial/z5719915162784_a4f69c622478efdc49a59a408dfe4b55_M_30_40_gray_brown.jpg,PRESENT,False,33e6af48803d19fbde21cce2fce969cf8bb3438082528c829a68ccd697a45daa,45,50,40,4,M_40_50,L_40_50,alluvial,phash:67839c1fdfd7f665,phash:67839c1fdfd7f665,,,train
6f64ebad14ae75e7ed56,IMG_0200_M_0_10_pale_yellow.jpg,Soil_Labeled_Data/M_40_50/L_50_60/alluvial/IMG_0200_M_0_10_pale_yellow.jpg,Soil_Labeled_Data/M_40_50/L_50_60/alluvial/IMG_0200_M_0_10_pale_yellow.jpg,PRESENT,False,3e90d2c325d57abbfdf994abeffbbe5e110cf44da60536b2eb76a6ff3cf21dff,46,48,58,4,M_40_50,L_50_60,alluvial,phash:d860a5a997911aa8,phash:d860a5a997911aa8,,,train
dc96cf85dc934bfde91c,IMG_0201_M_0_10_clayish_red.jpg,Soil_Labeled_Data/M_40_50/L_50_60/alluvial/IMG_0201_M_0_10_clayish_red.jpg,Soil_Labeled_Data/M_40_50/L_50_60/alluvial/IMG_0201_M_0_10_clayish_red.jpg,PRESENT,False,1153a0b677350d41cabe31415624cd2f30445157a0837c5055ceb7c3e206fea9,46,49,51,4,M_40_50,L_50_60,alluvial,phash:aeb9326bd22fbff1,phash:aeb9326bd22fbff1,,,train
9d6f83c330d92172a402,IMG_0203_M_0_10_gray_brown.jpg,Soil_Labeled_Data/M_40_50/L_50_60/alluvial/IMG_0203_M_0_10_gray_brown.jpg,Soil_Labeled_Data/M_40_50/L_50_60/alluvial/IMG_0203_M_0_10_gray_brown.jpg,PRESENT,False,a5232108718ae9e981cac800ac9b53ee43634f88101c1e45830feec0691d85a5,49,53,60,4,M_40_50,L_50_60,alluvial,phash:d4512147d239b24e,phash:d4512147d239b24e,,,train
9e27a8027a6c7d0f2aa7,IMG_0206_M_0_10_clayish_red.jpg,Soil_Labeled_Data/M_40_50/L_50_60/alluvial/IMG_0206_M_0_10_clayish_red.jpg,Soil_Labeled_Data/M_40_50/L_50_60/alluvial/IMG_0206_M_0_10_clayish_red.jpg,PRESENT,False,3bf351ed1a5dea882702f2f923c85fc2a3a137354cd681bec7f0e278287f17ac,44,46,57,4,M_40_50,L_50_60,alluvial,phash:61280229e46e4f90,phash:61280229e46e4f90,,,train
5eddb55a9d7a8f3957e9,IMG_0207_M_0_10_clayish_red.jpg,Soil_Labeled_Data/M_40_50/L_50_60/alluvial/IMG_0207_M_0_10_clayish_red.jpg,Soil_Labeled_Data/M_40_50/L_50_60/alluvial/IMG_0207_M_0_10_clayish_red.jpg,PRESENT,False,dad012b0946c401f97487948daeee7b69abd696d430867c27826476e30179f72,43,43,53,4,M_40_50,L_50_60,alluvial,phash:0772f8c13cc08780,phash:0772f8c13cc08780,,,train
9f2d4fdd8f1859e3f2e0,IMG_0208_M_0_10_light_brown.jpg,Soil_Labeled_Data/M_40_50/L_50_60/alluvial/IMG_0208_M_0_10_light_brown.jpg,Soil_Labeled_Data/M_40_50/L_50_60/alluvial/IMG_0208_M_0_10_light_brown.jpg,PRESENT,False,25db205283fa947cb82a77103c611157d91924d64dc46a8477268a2b8542bb77,45,45,52,4,M_40_50,L_50_60,alluvial,phash:272fa05db045290a,phash:272fa05db045290a,,,train
d0a7eccf31a662a947e7,IMG_0208_M_0_10_pale_yellow.jpg,Soil_Labeled_Data/M_40_50/L_50_60/alluvial/IMG_0208_M_0_10_pale_yellow.jpg,Soil_Labeled_Data/M_40_50/L_50_60/alluvial/IMG_0208_M_0_10_pale_yellow.jpg,PRESENT,False,17d21016c2441fbe3b19de514b86b5a18890099775957f3ac5cf6f492dc789a2,50,50,53,4,M_40_50,L_50_60,alluvial,phash:272fa05db045290a,phash:272fa05db045290a,,,train
f20c4ecebd517bd2bcc3,IMG_0212_M_0_10_clayish_red.jpg,Soil_Labeled_Data/M_40_50/L_50_60/alluvial/IMG_0212_M_0_10_clayish_red.jpg,Soil_Labeled_Data/M_40_50/L_50_60/alluvial/IMG_0212_M_0_10_clayish_red.jpg,PRESENT,False,039aac7954a48b6185c03c24d095be15221f1231620ac3def2d7b81c05a3201f,50,52,51,4,M_40_50,L_50_60,alluvial,phash:fe170979b5ca8fe3,phash:fe170979b5ca8fe3,,,train
cb3011a5d331633945ea,IMG_0630_M_10_20_gray_brown.jpg,Soil_Labeled_Data/M_40_50/L_50_60/alluvial/IMG_0630_M_10_20_gray_brown.jpg,Soil_Labeled_Data/M_40_50/L_50_60/alluvial/IMG_0630_M_10_20_gray_brown.jpg,PRESENT,False,ed6a288e243112f2f2e5696faa536752eac91c04e370bca4be1707adf29b7ea9,41,44,58,4,M_40_50,L_50_60,alluvial,phash:397b60f63f3838c5,phash:397b60f63f3838c5,,,train
d38129e42e1ec8d11454,IMG_0631_M_10_20_light_brown.jpg,Soil_Labeled_Data/M_40_50/L_50_60/alluvial/IMG_0631_M_10_20_light_brown.jpg,Soil_Labeled_Data/M_40_50/L_50_60/alluvial/IMG_0631_M_10_20_light_brown.jpg,PRESENT,False,aa7641971accd81719ea93526a8c142b3de712e93f943912cf42b44d397727e1,46,50,55,4,M_40_50,L_50_60,alluvial,phash:85871f28e0d5f46c,phash:85871f28e0d5f46c,,,train
292ee743a8a59251fe5f,IMG_0638_M_10_20_clayish_red.jpg,Soil_Labeled_Data/M_40_50/L_50_60/alluvial/IMG_0638_M_10_20_clayish_red.jpg,Soil_Labeled_Data/M_40_50/L_50_60/alluvial/IMG_0638_M_10_20_clayish_red.jpg,PRESENT,False,c73323b673fe1b267024591a848955ee42b40b70193bdf815b03616a5ea2cc55,50,50,55,4,M_40_50,L_50_60,alluvial,phash:1911bb4b9fe3f730,phash:1911bb4b9fe3f730,,,train
981682e5d67d76879548,IMG_0642_M_10_20_gray_brown.jpg,Soil_Labeled_Data/M_40_50/L_50_60/alluvial/IMG_0642_M_10_20_gray_brown.jpg,Soil_Labeled_Data/M_40_50/L_50_60/alluvial/IMG_0642_M_10_20_gray_brown.jpg,PRESENT,False,8af53b74b12252aaf3299632c2728481c4b6ba0d3c5c59b564c17e95293ca520,45,45,60,4,M_40_50,L_50_60,alluvial,phash:b897f55411018911,phash:b897f55411018911,,,train
c95d467787fd95e7c492,z5719945047556_cad2b245e96e675e8307be1ecf1a91f9_M_30_40_gray_brown.jpg,Soil_Labeled_Data/M_40_50/L_50_60/alluvial/z5719945047556_cad2b245e96e675e8307be1ecf1a91f9_M_30_40_gray_brown.jpg,Soil_Labeled_Data/M_40_50/L_50_60/alluvial/z5719945047556_cad2b245e96e675e8307be1ecf1a91f9_M_30_40_gray_brown.jpg,PRESENT,False,5e15a145b5e546f101099ef16652945497947e70c4aefadac25921f9035663ba,41,44,60,4,M_40_50,L_50_60,alluvial,phash:39160d85a60b1913,phash:39160d85a60b1913,,,train
488072b3f18a68882399,z5719945086578_e3ca39e5b5ab67c958a7fdaed8e174c3_M_30_40_gray_brown.jpg,Soil_Labeled_Data/M_40_50/L_50_60/alluvial/z5719945086578_e3ca39e5b5ab67c958a7fdaed8e174c3_M_30_40_gray_brown.jpg,Soil_Labeled_Data/M_40_50/L_50_60/alluvial/z5719945086578_e3ca39e5b5ab67c958a7fdaed8e174c3_M_30_40_gray_brown.jpg,PRESENT,False,23f66bcb1c063af76377c39a9daecbc2b3e4eee2fe7dd821c9a91891a8f441b0,44,45,51,4,M_40_50,L_50_60,alluvial,phash:1faff8c0993d0a20,phash:1faff8c0993d0a20,,,train
b42a7483a514663bff04,z5719945326572_38e3e733446eabe3bf00850bf73883e0_M_30_40_pale_yellow.jpg,Soil_Labeled_Data/M_40_50/L_50_60/alluvial/z5719945326572_38e3e733446eabe3bf00850bf73883e0_M_30_40_pale_yellow.jpg,Soil_Labeled_Data/M_40_50/L_50_60/alluvial/z5719945326572_38e3e733446eabe3bf00850bf73883e0_M_30_40_pale_yellow.jpg,PRESENT,False,7804b9e2e876d4bc15698ca3633ea993f0866036955c8da1126c02f966f66d1e,48,48,58,4,M_40_50,L_50_60,alluvial,phash:ae5e6bb93e10e1eb,phash:ae5e6bb93e10e1eb,,,train
c16fecc030665a0ba4b2,z5719945442394_074f397072a0e21797e33be6440ab366_M_30_40_light_brown.jpg,Soil_Labeled_Data/M_40_50/L_50_60/alluvial/z5719945442394_074f397072a0e21797e33be6440ab366_M_30_40_light_brown.jpg,Soil_Labeled_Data/M_40_50/L_50_60/alluvial/z5719945442394_074f397072a0e21797e33be6440ab366_M_30_40_light_brown.jpg,PRESENT,False,e1b624904356d56b15a7a95727593d26b96c5a73fe4e14bddefb7def41c30b0d,42,45,59,4,M_40_50,L_50_60,alluvial,phash:2765edb8329cb206,phash:2765edb8329cb206,,,train
883ec3b4d6298ea37a88,z5719945442394_074f397072a0e21797e33be6440ab366_M_30_40_pale_yellow.jpg,Soil_Labeled_Data/M_40_50/L_50_60/alluvial/z5719945442394_074f397072a0e21797e33be6440ab366_M_30_40_pale_yellow.jpg,Soil_Labeled_Data/M_40_50/L_50_60/alluvial/z5719945442394_074f397072a0e21797e33be6440ab366_M_30_40_pale_yellow.jpg,PRESENT,False,313e1e25ce3ae22b2da4ba911cb295338e1b2690eb3d9fd9207145001dfbd8d9,43,43,59,4,M_40_50,L_50_60,alluvial,phash:2765edb8329cb206,phash:2765edb8329cb206,,,train
b328cc86830cc0eeb67c,z5719945494405_a556366a429daf9a78448e62806f33bb_M_30_40_gray_brown.jpg,Soil_Labeled_Data/M_40_50/L_50_60/alluvial/z5719945494405_a556366a429daf9a78448e62806f33bb_M_30_40_gray_brown.jpg,Soil_Labeled_Data/M_40_50/L_50_60/alluvial/z5719945494405_a556366a429daf9a78448e62806f33bb_M_30_40_gray_brown.jpg,PRESENT,False,646b2a93b02f618b01f9a6147e16dce264d3d484f66f760909ae2268c8d769aa,45,49,52,4,M_40_50,L_50_60,alluvial,phash:98cba7f801fd0d43,phash:98cba7f801fd0d43,,,train
3769277a1dd9db41ae40,z5719945512664_b31ee4aecf6a552463f894dbf83282d1_M_30_40_clayish_red.jpg,Soil_Labeled_Data/M_40_50/L_50_60/alluvial/z5719945512664_b31ee4aecf6a552463f894dbf83282d1_M_30_40_clayish_red.jpg,Soil_Labeled_Data/M_40_50/L_50_60/alluvial/z5719945512664_b31ee4aecf6a552463f894dbf83282d1_M_30_40_clayish_red.jpg,PRESENT,False,3a0415958bc2622364e8a1eb54db98d2ace171dd3ebf1c643fc9b1df85c7d354,49,53,52,4,M_40_50,L_50_60,alluvial,phash:1393e6d17ef1dd32,phash:1393e6d17ef1dd32,,,train
b3af64366eac23faf98d,z5719945525148_2d147c0909d312302995e4cfa5fe6c26_M_30_40_clayish_red.jpg,Soil_Labeled_Data/M_40_50/L_50_60/alluvial/z5719945525148_2d147c0909d312302995e4cfa5fe6c26_M_30_40_clayish_red.jpg,Soil_Labeled_Data/M_40_50/L_50_60/alluvial/z5719945525148_2d147c0909d312302995e4cfa5fe6c26_M_30_40_clayish_red.jpg,PRESENT,False,bc8030e9f9b35d795e53bbeea6bd577f55a2ed5050876f6df2bfee926e12dc8b,44,47,54,4,M_40_50,L_50_60,alluvial,phash:40b73012aead0b15,phash:40b73012aead0b15,,,train
7e7bc4fc296232c36228,IMG_0240_M_0_10_light_brown.jpg,Soil_Labeled_Data/M_40_50/L_60_70/alluvial/IMG_0240_M_0_10_light_brown.jpg,Soil_Labeled_Data/M_40_50/L_60_70/alluvial/IMG_0240_M_0_10_light_brown.jpg,PRESENT,False,4720363c49f5a304fde27741896f90953e77da831f01b7a1313673de61a3de02,49,49,66,4,M_40_50,L_60_70,alluvial,phash:ddcd5bf42ce461e9,phash:ddcd5bf42ce461e9,,,train
0ac8cb496a42caac30f3,IMG_0240_M_0_10_pale_yellow.jpg,Soil_Labeled_Data/M_40_50/L_60_70/alluvial/IMG_0240_M_0_10_pale_yellow.jpg,Soil_Labeled_Data/M_40_50/L_60_70/alluvial/IMG_0240_M_0_10_pale_yellow.jpg,PRESENT,False,d2ec10edf043f3837f0bffd9ab6f76d733bfab266fc90cc8706dfa16f287ce82,41,44,70,4,M_40_50,L_60_70,alluvial,phash:ddcd5bf42ce461e9,phash:ddcd5bf42ce461e9,,,train
9ee752d97969455881ac,IMG_0241_M_0_10_clayish_red.jpg,Soil_Labeled_Data/M_40_50/L_60_70/alluvial/IMG_0241_M_0_10_clayish_red.jpg,Soil_Labeled_Data/M_40_50/L_60_70/alluvial/IMG_0241_M_0_10_clayish_red.jpg,PRESENT,False,3bcf347e53c756fb69a06b90e77f8c96b4e8c62ff2813ed3e1f23bc2ec23de70,46,45,62,4,M_40_50,L_60_70,alluvial,phash:c54122dc935fea79,phash:c54122dc935fea79,,,train
5c027d68e2dba16a1102,IMG_0242_M_0_10_clayish_red.jpg,Soil_Labeled_Data/M_40_50/L_60_70/alluvial/IMG_0242_M_0_10_clayish_red.jpg,Soil_Labeled_Data/M_40_50/L_60_70/alluvial/IMG_0242_M_0_10_clayish_red.jpg,PRESENT,False,e96d1e8468851270246125a877f68d19a52c31ee53410f8e9c349d8c71f732d9,49,50,62,4,M_40_50,L_60_70,alluvial,phash:72f2bba7253dc548,phash:72f2bba7253dc548,,,train
dbf77a1396e93f0eecf8,IMG_0242_M_0_10_light_brown.jpg,Soil_Labeled_Data/M_40_50/L_60_70/alluvial/IMG_0242_M_0_10_light_brown.jpg,Soil_Labeled_Data/M_40_50/L_60_70/alluvial/IMG_0242_M_0_10_light_brown.jpg,PRESENT,False,bb48268ca67247e9d9246f6622fff5d69a63091956972542541f6ca1e0747fff,44,43,67,4,M_40_50,L_60_70,alluvial,phash:72f2bba7253dc548,phash:72f2bba7253dc548,,,train
891ac061d704c421796b,IMG_0243_M_0_10_gray_brown.jpg,Soil_Labeled_Data/M_40_50/L_60_70/alluvial/IMG_0243_M_0_10_gray_brown.jpg,Soil_Labeled_Data/M_40_50/L_60_70/alluvial/IMG_0243_M_0_10_gray_brown.jpg,PRESENT,False,06443d49ab37c005fe2afbe2722dc05674244c5ba075766a32925f96f3194a2a,44,47,69,4,M_40_50,L_60_70,alluvial,phash:2de4e5d09b92659a,phash:2de4e5d09b92659a,,,train
74db54396ef64dbc5bad,IMG_0244_M_0_10_clayish_red.jpg,Soil_Labeled_Data/M_40_50/L_60_70/alluvial/IMG_0244_M_0_10_clayish_red.jpg,Soil_Labeled_Data/M_40_50/L_60_70/alluvial/IMG_0244_M_0_10_clayish_red.jpg,PRESENT,False,b3800733eccd3d26031b0078d3b9c8f5e465bfe2715eef8434ff90f9dc5886d5,45,47,65,4,M_40_50,L_60_70,alluvial,phash:b637075916ceadb4,phash:b637075916ceadb4,,,train
3fc60fdb18c40af783b8,IMG_0245_M_0_10_pale_yellow.jpg,Soil_Labeled_Data/M_40_50/L_60_70/alluvial/IMG_0245_M_0_10_pale_yellow.jpg,Soil_Labeled_Data/M_40_50/L_60_70/alluvial/IMG_0245_M_0_10_pale_yellow.jpg,PRESENT,False,b2e7699c1f60326687fc8d7aea376d16f02b4b99b0daf71114ffac416d828d2b,45,47,61,4,M_40_50,L_60_70,alluvial,phash:5216086d9e7f6171,phash:5216086d9e7f6171,,,train
c4138df05ad934709761,IMG_0246_M_0_10_clayish_red.jpg,Soil_Labeled_Data/M_40_50/L_60_70/alluvial/IMG_0246_M_0_10_clayish_red.jpg,Soil_Labeled_Data/M_40_50/L_60_70/alluvial/IMG_0246_M_0_10_clayish_red.jpg,PRESENT,False,9149067c1729cbddb2a1c52f412c57e06d1fc0c6efbc048a6bfba9bc7a836810,43,44,62,4,M_40_50,L_60_70,alluvial,phash:19ac01d45edafba1,phash:19ac01d45edafba1,,,train
947ed0e388ffa381081d,IMG_0246_M_0_10_light_brown.jpg,Soil_Labeled_Data/M_40_50/L_60_70/alluvial/IMG_0246_M_0_10_light_brown.jpg,Soil_Labeled_Data/M_40_50/L_60_70/alluvial/IMG_0246_M_0_10_light_brown.jpg,PRESENT,False,ea66835da21c24f6868ebb730af3c8118b5eed0163d2240a20469d0b0f90f15c,46,48,65,4,M_40_50,L_60_70,alluvial,phash:19ac01d45edafba1,phash:19ac01d45edafba1,,,train
810845fe2a597a2be788,IMG_0248_M_0_10_clayish_red.jpg,Soil_Labeled_Data/M_40_50/L_60_70/alluvial/IMG_0248_M_0_10_clayish_red.jpg,Soil_Labeled_Data/M_40_50/L_60_70/alluvial/IMG_0248_M_0_10_clayish_red.jpg,PRESENT,False,c1b5bc9c84650940dfa3c96f00b8343ee5ca4c47848e3a9cec6ae6298daf096a,42,43,65,4,M_40_50,L_60_70,alluvial,phash:1f74a9bc25cb6f71,phash:1f74a9bc25cb6f71,,,train
ef81344911866261395f,IMG_0248_M_0_10_gray_brown.jpg,Soil_Labeled_Data/M_40_50/L_60_70/alluvial/IMG_0248_M_0_10_gray_brown.jpg,Soil_Labeled_Data/M_40_50/L_60_70/alluvial/IMG_0248_M_0_10_gray_brown.jpg,PRESENT,False,6ad278def20043f1ccd6ea97662f42841f46f4f99c9eac772de12cd49cec8599,47,51,60,4,M_40_50,L_60_70,alluvial,phash:1f74a9bc25cb6f71,phash:1f74a9bc25cb6f71,,,train
3d3197ccc741dc033793,IMG_0250_M_0_10_pale_yellow.jpg,Soil_Labeled_Data/M_40_50/L_60_70/alluvial/IMG_0250_M_0_10_pale_yellow.jpg,Soil_Labeled_Data/M_40_50/L_60_70/alluvial/IMG_0250_M_0_10_pale_yellow.jpg,PRESENT,False,c53a01f783958a7329d68b865c12b35ad18d3bd8ae8fe4fbcb81b6c2277c4373,42,45,65,4,M_40_50,L_60_70,alluvial,phash:7cc0d10041dd5ffd,phash:7cc0d10041dd5ffd,,,train
4ff90ec39faa3853f7be,IMG_0254_M_0_10_light_brown.jpg,Soil_Labeled_Data/M_40_50/L_60_70/alluvial/IMG_0254_M_0_10_light_brown.jpg,Soil_Labeled_Data/M_40_50/L_60_70/alluvial/IMG_0254_M_0_10_light_brown.jpg,PRESENT,False,f8390a9c97819d068ffd15c5384ec5387704f3a87526511d71b83999305b10d1,45,44,69,4,M_40_50,L_60_70,alluvial,phash:3a82b527ebf76359,phash:3a82b527ebf76359,,,train
5345667f6c9257482344,IMG_0257_M_0_10_clayish_red.jpg,Soil_Labeled_Data/M_40_50/L_60_70/alluvial/IMG_0257_M_0_10_clayish_red.jpg,Soil_Labeled_Data/M_40_50/L_60_70/alluvial/IMG_0257_M_0_10_clayish_red.jpg,PRESENT,False,8857824d5495577c3a21f1aef6e903528ffe22be02249079eb43866200ab46c6,42,42,65,4,M_40_50,L_60_70,alluvial,phash:f7221dde8b78e6c4,phash:f7221dde8b78e6c4,,,train
5ca2bb68dcac7cb7d61c,IMG_0675_M_10_20_pale_yellow.jpg,Soil_Labeled_Data/M_40_50/L_60_70/alluvial/IMG_0675_M_10_20_pale_yellow.jpg,Soil_Labeled_Data/M_40_50/L_60_70/alluvial/IMG_0675_M_10_20_pale_yellow.jpg,PRESENT,False,a5162b49695a84d7075dd359d1b2b93cd843ceec39870f52fdd4daeea2963398,46,45,61,4,M_40_50,L_60_70,alluvial,phash:a428d9fcdf8d24fa,phash:a428d9fcdf8d24fa,,,train
fcc34303ba9b90b691c1,IMG_0677_M_10_20_pale_yellow.jpg,Soil_Labeled_Data/M_40_50/L_60_70/alluvial/IMG_0677_M_10_20_pale_yellow.jpg,Soil_Labeled_Data/M_40_50/L_60_70/alluvial/IMG_0677_M_10_20_pale_yellow.jpg,PRESENT,False,bd84697e9c08e1ac1bce24e36f0fd66ab43cec1f8c1b5a69a8375d9144cd7360,41,44,62,4,M_40_50,L_60_70,alluvial,phash:984a40d9cc34abc9,phash:984a40d9cc34abc9,,,train
b1abd3e079e160b372d9,IMG_0678_M_10_20_clayish_red.jpg,Soil_Labeled_Data/M_40_50/L_60_70/alluvial/IMG_0678_M_10_20_clayish_red.jpg,Soil_Labeled_Data/M_40_50/L_60_70/alluvial/IMG_0678_M_10_20_clayish_red.jpg,PRESENT,False,2ee769bf8d1fa216285f11f2bbb02e36f8f47bc4884d2de18467a617ce55d190,44,44,68,4,M_40_50,L_60_70,alluvial,phash:ec233ed2dcb011f0,phash:ec233ed2dcb011f0,,,train
9b69dae030fe31eeabe5,IMG_0681_M_10_20_light_brown.jpg,Soil_Labeled_Data/M_40_50/L_60_70/alluvial/IMG_0681_M_10_20_light_brown.jpg,Soil_Labeled_Data/M_40_50/L_60_70/alluvial/IMG_0681_M_10_20_light_brown.jpg,PRESENT,False,bd8809d2922d1b595cb401a67ee5cf1b1622a53abaea28e325e21e2040d66c8e,44,43,65,4,M_40_50,L_60_70,alluvial,phash:5e8401d92ec70f04,phash:5e8401d92ec70f04,,,train
7967a4ab41818256357f,IMG_0283_M_0_10_pale_yellow.jpg,Soil_Labeled_Data/M_40_50/L_70_80/alluvial/IMG_0283_M_0_10_pale_yellow.jpg,Soil_Labeled_Data/M_40_50/L_70_80/alluvial/IMG_0283_M_0_10_pale_yellow.jpg,PRESENT,False,9725350b9a264988bdd724ffb6c5912ee625e072c63fdb0c6e942adb2cd07124,49,52,76,4,M_40_50,L_70_80,alluvial,phash:bf74a62949a5d43e,phash:bf74a62949a5d43e,,,train
75a2e579b443d48e3e3e,IMG_0284_M_0_10_pale_yellow.jpg,Soil_Labeled_Data/M_40_50/L_70_80/alluvial/IMG_0284_M_0_10_pale_yellow.jpg,Soil_Labeled_Data/M_40_50/L_70_80/alluvial/IMG_0284_M_0_10_pale_yellow.jpg,PRESENT,False,5d2932d6f0708f7a41b0a95284fc3b6b3bc6e08995caa1e3567dc67c4f71599a,41,41,78,4,M_40_50,L_70_80,alluvial,phash:8170dc97703cc108,phash:8170dc97703cc108,,,train
e35d884e0a84a006078d,IMG_0288_M_0_10_gray_brown.jpg,Soil_Labeled_Data/M_40_50/L_70_80/alluvial/IMG_0288_M_0_10_gray_brown.jpg,Soil_Labeled_Data/M_40_50/L_70_80/alluvial/IMG_0288_M_0_10_gray_brown.jpg,PRESENT,False,ef6c6ae7fc8a2b467d89ca20a0cbf8f7493d020f86c38b2faf94c7a9dd0be6d5,50,50,80,4,M_40_50,L_70_80,alluvial,phash:d2d6c675b39da7f8,phash:d2d6c675b39da7f8,,,train
9fdca2f0d8037a1b19c6,IMG_0291_M_0_10_light_brown.jpg,Soil_Labeled_Data/M_40_50/L_70_80/alluvial/IMG_0291_M_0_10_light_brown.jpg,Soil_Labeled_Data/M_40_50/L_70_80/alluvial/IMG_0291_M_0_10_light_brown.jpg,PRESENT,False,c0a7c284146fba3294f5e16d61b14923d6686440ea357891ec8681bd41430b00,46,45,73,4,M_40_50,L_70_80,alluvial,phash:935f13b0e6ded6a5,phash:935f13b0e6ded6a5,,,train
20b214979a40c47e1282,IMG_0292_M_0_10_pale_yellow.jpg,Soil_Labeled_Data/M_40_50/L_70_80/alluvial/IMG_0292_M_0_10_pale_yellow.jpg,Soil_Labeled_Data/M_40_50/L_70_80/alluvial/IMG_0292_M_0_10_pale_yellow.jpg,PRESENT,False,08754d3d210f20032ae66f89277c23d0433266becb984b3d0e801559ddbfafc8,47,50,72,4,M_40_50,L_70_80,alluvial,phash:8ae8b78e4c3d05ab,phash:8ae8b78e4c3d05ab,,,train
78d85e98132bec3b17fa,IMG_0294_M_0_10_clayish_red.jpg,Soil_Labeled_Data/M_40_50/L_70_80/alluvial/IMG_0294_M_0_10_clayish_red.jpg,Soil_Labeled_Data/M_40_50/L_70_80/alluvial/IMG_0294_M_0_10_clayish_red.jpg,PRESENT,False,fce5031d9081b31242be408f463b9d63ed7941323d6011d6b993ef4ef3b05ef9,45,45,71,4,M_40_50,L_70_80,alluvial,phash:a7a5c7421490229c,phash:a7a5c7421490229c,,,train
06ba2616078cddb0472a,IMG_0298_M_0_10_gray_brown.jpg,Soil_Labeled_Data/M_40_50/L_70_80/alluvial/IMG_0298_M_0_10_gray_brown.jpg,Soil_Labeled_Data/M_40_50/L_70_80/alluvial/IMG_0298_M_0_10_gray_brown.jpg,PRESENT,False,56c2350f873183aca410bf54e893753c6e94a83fc0d65268db65c4dacea34c1e,42,41,79,4,M_40_50,L_70_80,alluvial,phash:11e7115e81b35b9a,phash:11e7115e81b35b9a,,,train
a64d25904c7f588bc030,IMG_0299_M_0_10_light_brown.jpg,Soil_Labeled_Data/M_40_50/L_70_80/alluvial/IMG_0299_M_0_10_light_brown.jpg,Soil_Labeled_Data/M_40_50/L_70_80/alluvial/IMG_0299_M_0_10_light_brown.jpg,PRESENT,False,ee5853bf834c9425c930175f06ea83d4e16bdbd8414d0d22ad5ec58771ee98be,41,40,79,4,M_40_50,L_70_80,alluvial,phash:4d6d86021fc16aae,phash:4d6d86021fc16aae,,,train
1a102628603409c1900f,IMG_0302_M_0_10_clayish_red.jpg,Soil_Labeled_Data/M_40_50/L_70_80/alluvial/IMG_0302_M_0_10_clayish_red.jpg,Soil_Labeled_Data/M_40_50/L_70_80/alluvial/IMG_0302_M_0_10_clayish_red.jpg,PRESENT,False,dc9b0d89164351c854279451a6745fa91d69da150ef5eed73f0aaf5b692e2ac5,50,51,77,4,M_40_50,L_70_80,alluvial,phash:5dc310f046e489b5,phash:5dc310f046e489b5,,,train
d7b9fd056f90fb70e568,IMG_0698_M_10_20_clayish_red.jpg,Soil_Labeled_Data/M_40_50/L_70_80/alluvial/IMG_0698_M_10_20_clayish_red.jpg,Soil_Labeled_Data/M_40_50/L_70_80/alluvial/IMG_0698_M_10_20_clayish_red.jpg,PRESENT,False,38db3c9e4e56e2fec418ff099d4ba9cd8bf6e614a9036692bd8748ff5605d4b0,45,46,76,4,M_40_50,L_70_80,alluvial,phash:3bb8acb89f03a372,phash:3bb8acb89f03a372,,,train
9ba920b6d838207e1064,IMG_0700_M_10_20_pale_yellow.jpg,Soil_Labeled_Data/M_40_50/L_70_80/alluvial/IMG_0700_M_10_20_pale_yellow.jpg,Soil_Labeled_Data/M_40_50/L_70_80/alluvial/IMG_0700_M_10_20_pale_yellow.jpg,PRESENT,False,2ed42336016d5de57c6f92ca5df277efe9a5098257a0d5f1d5bb0c9ce4a065a2,40,40,71,4,M_40_50,L_70_80,alluvial,phash:b004e0323940b864,phash:b004e0323940b864,,,train
6d5b2c6bccf908cab226,IMG_0701_M_10_20_gray_brown.jpg,Soil_Labeled_Data/M_40_50/L_70_80/alluvial/IMG_0701_M_10_20_gray_brown.jpg,Soil_Labeled_Data/M_40_50/L_70_80/alluvial/IMG_0701_M_10_20_gray_brown.jpg,PRESENT,False,054118b0cc8112489c48a3e1be073c9d04768152f5e8a170687e48950de5d458,40,41,76,4,M_40_50,L_70_80,alluvial,phash:1b97c67c90136f52,phash:1b97c67c90136f52,,,train
4b1ed177024145eb2406,IMG_0704_M_10_20_pale_yellow.jpg,Soil_Labeled_Data/M_40_50/L_70_80/alluvial/IMG_0704_M_10_20_pale_yellow.jpg,Soil_Labeled_Data/M_40_50/L_70_80/alluvial/IMG_0704_M_10_20_pale_yellow.jpg,PRESENT,False,9dc4aaa53d909efb5ddf28d5e28ac2c18c9dbdf5e2404dfcadc38cc53853fd3c,46,45,76,4,M_40_50,L_70_80,alluvial,phash:357263c31a5c1453,phash:357263c31a5c1453,,,train
8b1a945a6e98efd4b386,IMG_0705_M_10_20_gray_brown.jpg,Soil_Labeled_Data/M_40_50/L_70_80/alluvial/IMG_0705_M_10_20_gray_brown.jpg,Soil_Labeled_Data/M_40_50/L_70_80/alluvial/IMG_0705_M_10_20_gray_brown.jpg,PRESENT,False,b3970fe8e262c4f9e2612b3ab17da25ca92a6018f0ab2c2e5e2e4310c35a98d6,48,50,70,4,M_40_50,L_70_80,alluvial,phash:da003ea3a8a9acb4,phash:da003ea3a8a9acb4,,,train
aafd8048f02d5ca0a408,IMG_0707_M_10_20_gray_brown.jpg,Soil_Labeled_Data/M_40_50/L_70_80/alluvial/IMG_0707_M_10_20_gray_brown.jpg,Soil_Labeled_Data/M_40_50/L_70_80/alluvial/IMG_0707_M_10_20_gray_brown.jpg,PRESENT,False,ba084cf75badf3b2a741f56fa6114b48877fe1b200e8cae141196ffdda660a44,41,40,79,4,M_40_50,L_70_80,alluvial,phash:b8c5699fca19afbe,phash:b8c5699fca19afbe,,,train
33f4f247ac59adb41035,IMG_0710_M_10_20_gray_brown.jpg,Soil_Labeled_Data/M_40_50/L_70_80/alluvial/IMG_0710_M_10_20_gray_brown.jpg,Soil_Labeled_Data/M_40_50/L_70_80/alluvial/IMG_0710_M_10_20_gray_brown.jpg,PRESENT,False,27d98f2163829bf8b17616decc56501d9d6da65e9c21ddc471e3107dae26878f,45,48,78,4,M_40_50,L_70_80,alluvial,phash:5e8c45f8956cae93,phash:5e8c45f8956cae93,,,train
2750fabab27d4abaa4c8,IMG_0711_M_10_20_light_brown.jpg,Soil_Labeled_Data/M_40_50/L_70_80/alluvial/IMG_0711_M_10_20_light_brown.jpg,Soil_Labeled_Data/M_40_50/L_70_80/alluvial/IMG_0711_M_10_20_light_brown.jpg,PRESENT,False,7e6f02b6320271eaf8cc546da9dc787f5a4c625460c62b4fbda75ded2986c7ef,40,40,78,4,M_40_50,L_70_80,alluvial,phash:b9aa2a4a5654395e,phash:b9aa2a4a5654395e,,,train
5deebcb9d6159b308a21,IMG_0713_M_10_20_pale_yellow.jpg,Soil_Labeled_Data/M_40_50/L_70_80/alluvial/IMG_0713_M_10_20_pale_yellow.jpg,Soil_Labeled_Data/M_40_50/L_70_80/alluvial/IMG_0713_M_10_20_pale_yellow.jpg,PRESENT,False,2e753eb794bc063519b010ca17062b0aaa07160d552e0dd6d43307c66bdcbeeb,45,45,75,4,M_40_50,L_70_80,alluvial,phash:2f621abd4c47601f,phash:2f621abd4c47601f,,,train
18732d2e530caf5b505a,IMG_0718_M_10_20_light_brown.jpg,Soil_Labeled_Data/M_40_50/L_70_80/alluvial/IMG_0718_M_10_20_light_brown.jpg,Soil_Labeled_Data/M_40_50/L_70_80/alluvial/IMG_0718_M_10_20_light_brown.jpg,PRESENT,False,dab061a45191f3554b1277587d88f131022ffd3cf2c2cd0c65e732300ad686c3,48,48,70,4,M_40_50,L_70_80,alluvial,phash:64d2078fe8ee93e9,phash:64d2078fe8ee93e9,,,train
f9664d2242589337eee0,IMG_0719_M_10_20_clayish_red.jpg,Soil_Labeled_Data/M_40_50/L_70_80/alluvial/IMG_0719_M_10_20_clayish_red.jpg,Soil_Labeled_Data/M_40_50/L_70_80/alluvial/IMG_0719_M_10_20_clayish_red.jpg,PRESENT,False,23a4c83e401091a57109d43915c36c3df28b5ddb77d184f250be0384984a312d,40,39,70,4,M_40_50,L_70_80,alluvial,phash:d1c90e142218287c,phash:d1c90e142218287c,,,train
90b506a249174e01c527,IMG_0327_M_0_10_gray_brown.jpg,Soil_Labeled_Data/M_40_50/L_80_90/alluvial/IMG_0327_M_0_10_gray_brown.jpg,Soil_Labeled_Data/M_40_50/L_80_90/alluvial/IMG_0327_M_0_10_gray_brown.jpg,PRESENT,False,bd91b4da830b5990ca5da3464d9da187016689dbe8bb4fd0b1b01e367ef4f937,48,46,86,4,M_40_50,L_80_90,alluvial,phash:0ee3c830b949a4af,phash:0ee3c830b949a4af,,,train
bec8fd55f80dfd983511,IMG_0332_M_0_10_light_brown.jpg,Soil_Labeled_Data/M_40_50/L_80_90/alluvial/IMG_0332_M_0_10_light_brown.jpg,Soil_Labeled_Data/M_40_50/L_80_90/alluvial/IMG_0332_M_0_10_light_brown.jpg,PRESENT,False,c4bfd0a33c05402ff5b7f7fb89d1f0064773e8973e02ba44e1728183af861036,46,47,87,4,M_40_50,L_80_90,alluvial,phash:8909164c4c6be62a,phash:8909164c4c6be62a,,,train
a368b8e3b93b71ee2cd2,IMG_0340_M_0_10_light_brown.jpg,Soil_Labeled_Data/M_40_50/L_80_90/alluvial/IMG_0340_M_0_10_light_brown.jpg,Soil_Labeled_Data/M_40_50/L_80_90/alluvial/IMG_0340_M_0_10_light_brown.jpg,PRESENT,False,91ac9a7bd9cc7a74e20d0eaa4638f13c4edb5d724bc611428c2f17b9113b969f,42,42,82,4,M_40_50,L_80_90,alluvial,phash:e57936d1add1597d,phash:e57936d1add1597d,,,train
8304db72aa062c24c0d7,IMG_0742_M_10_20_pale_yellow.jpg,Soil_Labeled_Data/M_40_50/L_80_90/alluvial/IMG_0742_M_10_20_pale_yellow.jpg,Soil_Labeled_Data/M_40_50/L_80_90/alluvial/IMG_0742_M_10_20_pale_yellow.jpg,PRESENT,False,a0e11c0c9d9980a3f9954d1e0626aa26a52c700fafb72d2101ba2c8d50ba2ae1,44,43,83,4,M_40_50,L_80_90,alluvial,phash:384f9f07ce7305c1,phash:384f9f07ce7305c1,,,train
d454acb24a969ea6e871,IMG_0744_M_10_20_pale_yellow.jpg,Soil_Labeled_Data/M_40_50/L_80_90/alluvial/IMG_0744_M_10_20_pale_yellow.jpg,Soil_Labeled_Data/M_40_50/L_80_90/alluvial/IMG_0744_M_10_20_pale_yellow.jpg,PRESENT,False,ed0c322c2aaf1a8f97c664559da7d47c92d34fb418177bfbbf8f891f97359ac7,49,48,90,4,M_40_50,L_80_90,alluvial,phash:4aabf22cca79a2b1,phash:4aabf22cca79a2b1,,,train
178363c736407303516c,IMG_0748_M_10_20_clayish_red.jpg,Soil_Labeled_Data/M_40_50/L_80_90/alluvial/IMG_0748_M_10_20_clayish_red.jpg,Soil_Labeled_Data/M_40_50/L_80_90/alluvial/IMG_0748_M_10_20_clayish_red.jpg,PRESENT,False,15207b491f3d687132de978a1ece0aa8cacc5d561dc6cbdc5678f8e49f58a606,40,41,86,4,M_40_50,L_80_90,alluvial,phash:6aecdab8869df9a0,phash:6aecdab8869df9a0,,,train
5169d5c450bc089d7895,IMG_0749_M_10_20_pale_yellow.jpg,Soil_Labeled_Data/M_40_50/L_80_90/alluvial/IMG_0749_M_10_20_pale_yellow.jpg,Soil_Labeled_Data/M_40_50/L_80_90/alluvial/IMG_0749_M_10_20_pale_yellow.jpg,PRESENT,False,b568c805751ba61672bc399ec4d39bb84cb45bb361a2cd8be58320fad695133f,43,41,86,4,M_40_50,L_80_90,alluvial,phash:91e2c3885496767c,phash:91e2c3885496767c,,,train
89aa7acaaa7a75956651,IMG_0750_M_10_20_clayish_red.jpg,Soil_Labeled_Data/M_40_50/L_80_90/alluvial/IMG_0750_M_10_20_clayish_red.jpg,Soil_Labeled_Data/M_40_50/L_80_90/alluvial/IMG_0750_M_10_20_clayish_red.jpg,PRESENT,False,0c0739d3559f839d393c1e98d0bb198583907f271427b1e7c128fd0c43040c9e,44,46,88,4,M_40_50,L_80_90,alluvial,phash:7a8bda37bd1a1b56,phash:7a8bda37bd1a1b56,,,train
fd13c924402cdd288fff,IMG_0760_M_10_20_gray_brown.jpg,Soil_Labeled_Data/M_40_50/L_80_90/alluvial/IMG_0760_M_10_20_gray_brown.jpg,Soil_Labeled_Data/M_40_50/L_80_90/alluvial/IMG_0760_M_10_20_gray_brown.jpg,PRESENT,False,acbecdba74cdb17e52758d6f15168c10d99f87b25aa51cf7c3429d7d95d301ac,47,47,80,4,M_40_50,L_80_90,alluvial,phash:b87de173de4bd55d,phash:b87de173de4bd55d,,,train
de2e02a59255b0cc6bb6,IMG_0761_M_10_20_pale_yellow.jpg,Soil_Labeled_Data/M_40_50/L_80_90/alluvial/IMG_0761_M_10_20_pale_yellow.jpg,Soil_Labeled_Data/M_40_50/L_80_90/alluvial/IMG_0761_M_10_20_pale_yellow.jpg,PRESENT,False,2c3dbd764821089b37f53cbf5580aeb89baac40e75e2470159bee3ec67b4ecae,42,41,85,4,M_40_50,L_80_90,alluvial,phash:b87de173de4bd55d,phash:b87de173de4bd55d,,,train
8355b1dc468b6a2455a3,IMG_0374_M_0_10_clayish_red.jpg,Soil_Labeled_Data/M_40_50/L_90_100/alluvial/IMG_0374_M_0_10_clayish_red.jpg,Soil_Labeled_Data/M_40_50/L_90_100/alluvial/IMG_0374_M_0_10_clayish_red.jpg,PRESENT,False,b0e726625efefc0c0c78d062262edf54dbbaea6bd066e028a3a57134d9516965,44,45,95,4,M_40_50,L_90_100,alluvial,phash:25a20c412fc48b30,phash:25a20c412fc48b30,,,train
032393a764f230951722,IMG_0377_M_0_10_pale_yellow.jpg,Soil_Labeled_Data/M_40_50/L_90_100/alluvial/IMG_0377_M_0_10_pale_yellow.jpg,Soil_Labeled_Data/M_40_50/L_90_100/alluvial/IMG_0377_M_0_10_pale_yellow.jpg,PRESENT,False,972ae32d6a2d6fd4f6c58200cfb5b75500a77cadd10441d29445f70cd70eb39d,44,46,92,4,M_40_50,L_90_100,alluvial,phash:a2866d8d623a0393,phash:a2866d8d623a0393,,,train
6470ac41b299a9353fcf,IMG_0383_M_0_10_light_brown.jpg,Soil_Labeled_Data/M_40_50/L_90_100/alluvial/IMG_0383_M_0_10_light_brown.jpg,Soil_Labeled_Data/M_40_50/L_90_100/alluvial/IMG_0383_M_0_10_light_brown.jpg,PRESENT,False,0ac1f6f596b0d34730a56d56742280b5844b2346266cbf6a00bbe87e8d6e814b,44,44,93,4,M_40_50,L_90_100,alluvial,phash:fc22572bf4f6c414,phash:fc22572bf4f6c414,,,train
9b26bb6490488f932861,IMG_0384_M_0_10_clayish_red.jpg,Soil_Labeled_Data/M_40_50/L_90_100/alluvial/IMG_0384_M_0_10_clayish_red.jpg,Soil_Labeled_Data/M_40_50/L_90_100/alluvial/IMG_0384_M_0_10_clayish_red.jpg,PRESENT,False,0aa5b86e909f9ff5cc6825d87257e80288df8507114e6d650f90de2b0697193d,47,46,90,4,M_40_50,L_90_100,alluvial,phash:fe5de7758ede66af,phash:fe5de7758ede66af,,,train
eeaad339ffa1a36b0cf2,IMG_0793_M_10_20_clayish_red.jpg,Soil_Labeled_Data/M_40_50/L_90_100/alluvial/IMG_0793_M_10_20_clayish_red.jpg,Soil_Labeled_Data/M_40_50/L_90_100/alluvial/IMG_0793_M_10_20_clayish_red.jpg,PRESENT,False,1a4a5a60ddb0f2fa8ede1f05038c190f9e0c1ea41564c33d0f42e2428e48a937,41,39,92,4,M_40_50,L_90_100,alluvial,phash:b51105d1d4146b87,phash:b51105d1d4146b87,,,train
0dac8eb87757a2a50003,IMG_0796_M_10_20_gray_brown.jpg,Soil_Labeled_Data/M_40_50/L_90_100/alluvial/IMG_0796_M_10_20_gray_brown.jpg,Soil_Labeled_Data/M_40_50/L_90_100/alluvial/IMG_0796_M_10_20_gray_brown.jpg,PRESENT,False,d909fdb41dc4c6d84ad15fe83b726c1b4e7aa8b1afe49dbc6e6b5612e27260b1,47,47,90,4,M_40_50,L_90_100,alluvial,phash:b51105d1d4146b87,phash:b51105d1d4146b87,,,train
9d8e7dd43e58592c77f5,IMG_0797_M_10_20_gray_brown.jpg,Soil_Labeled_Data/M_40_50/L_90_100/alluvial/IMG_0797_M_10_20_gray_brown.jpg,Soil_Labeled_Data/M_40_50/L_90_100/alluvial/IMG_0797_M_10_20_gray_brown.jpg,PRESENT,False,007db960b222f99b3bb2425269787c8f414716372ad9085248dd470bf1428dc9,42,42,91,4,M_40_50,L_90_100,alluvial,phash:16313a78b8c6de56,phash:16313a78b8c6de56,,,train
cadd9674a87ed9618bcc,IMG_0799_M_10_20_pale_yellow.jpg,Soil_Labeled_Data/M_40_50/L_90_100/alluvial/IMG_0799_M_10_20_pale_yellow.jpg,Soil_Labeled_Data/M_40_50/L_90_100/alluvial/IMG_0799_M_10_20_pale_yellow.jpg,PRESENT,False,7eea6caa44dd7cd8677393fcabb350dc3f4219d0dd52af47e606fa4c105c2818,42,43,91,4,M_40_50,L_90_100,alluvial,phash:a042fdfa2e60d86a,phash:a042fdfa2e60d86a,,,train
8ecfce7335b735b8b8d9,IMG_0800_M_10_20_clayish_red.jpg,Soil_Labeled_Data/M_40_50/L_90_100/alluvial/IMG_0800_M_10_20_clayish_red.jpg,Soil_Labeled_Data/M_40_50/L_90_100/alluvial/IMG_0800_M_10_20_clayish_red.jpg,PRESENT,False,d05fa6698df5fa3a2fa1f1ea6dd552862a35cafb706e4e04553f03b49c9f4fe5,40,38,93,4,M_40_50,L_90_100,alluvial,phash:e8b9de4bf1b5ad35,phash:e8b9de4bf1b5ad35,,,train
dad8eebba7592eef4fdb,IMG_0801_M_10_20_clayish_red.jpg,Soil_Labeled_Data/M_40_50/L_90_100/alluvial/IMG_0801_M_10_20_clayish_red.jpg,Soil_Labeled_Data/M_40_50/L_90_100/alluvial/IMG_0801_M_10_20_clayish_red.jpg,PRESENT,False,a95873f31db56396a3683ef3deb86e6978f90b4a7baee00686ac6ac44e3f86c5,50,51,98,4,M_40_50,L_90_100,alluvial,phash:109f4377503ddda1,phash:109f4377503ddda1,,,train
86288ddf790a63b46646,IMG_0407_M_10_20_gray_brown_M_40_50_light_brown.jpg,Soil_Labeled_Data/M_50_60/L_0_10/alluvial/IMG_0407_M_10_20_gray_brown_M_40_50_light_brown.jpg,Soil_Labeled_Data/M_50_60/L_0_10/alluvial/IMG_0407_M_10_20_gray_brown_M_40_50_light_brown.jpg,PRESENT,False,477bbd73ff3d31297ccacb96a9b0e439af7b2cbeb0437301323941bc3d39df74,52,55,2,5,M_50_60,L_0_10,alluvial,phash:4756c126639a1165,phash:4756c126639a1165,,,train
16147e3ca1f817e1bfd9,IMG_0407_M_10_20_light_brown_M_40_50_gray_brown.jpg,Soil_Labeled_Data/M_50_60/L_0_10/alluvial/IMG_0407_M_10_20_light_brown_M_40_50_gray_brown.jpg,Soil_Labeled_Data/M_50_60/L_0_10/alluvial/IMG_0407_M_10_20_light_brown_M_40_50_gray_brown.jpg,PRESENT,False,0e91ff8cd725d05d8c4de6ee292052aa76d033e17f2bef739e2f9d01904b5788,51,53,1,5,M_50_60,L_0_10,alluvial,phash:4756c126639a1165,phash:4756c126639a1165,,,train
0c8fb3ff70947ee16fe8,IMG_0413_M_10_20_pale_yellow_M_40_50_gray_brown.jpg,Soil_Labeled_Data/M_50_60/L_0_10/alluvial/IMG_0413_M_10_20_pale_yellow_M_40_50_gray_brown.jpg,Soil_Labeled_Data/M_50_60/L_0_10/alluvial/IMG_0413_M_10_20_pale_yellow_M_40_50_gray_brown.jpg,PRESENT,False,fd8b3f9a2a4107cbf433da65e5b699622ec8ad6aeab1410ac19f999271cd3ce0,59,61,4,5,M_50_60,L_0_10,alluvial,phash:7b04521d4a15b988,phash:7b04521d4a15b988,,,train
ba655d3574ab78c075ed,IMG_0417_M_10_20_gray_brown_M_40_50_gray_brown.jpg,Soil_Labeled_Data/M_50_60/L_0_10/alluvial/IMG_0417_M_10_20_gray_brown_M_40_50_gray_brown.jpg,Soil_Labeled_Data/M_50_60/L_0_10/alluvial/IMG_0417_M_10_20_gray_brown_M_40_50_gray_brown.jpg,PRESENT,False,53dc86a816fa16689f7c8943ccb8c271e0545c8bcb6ca620827b5aa5fda47a54,55,57,4,5,M_50_60,L_0_10,alluvial,phash:ba78fbdcbfa5f559,phash:ba78fbdcbfa5f559,,,train
4f827bdac60e7b7f4c29,IMG_0425_M_10_20_light_brown_M_40_50_light_brown.jpg,Soil_Labeled_Data/M_50_60/L_0_10/alluvial/IMG_0425_M_10_20_light_brown_M_40_50_light_brown.jpg,Soil_Labeled_Data/M_50_60/L_0_10/alluvial/IMG_0425_M_10_20_light_brown_M_40_50_light_brown.jpg,PRESENT,False,7eb76bf5115aff1c85144abc89842c2751a32e17248f41301261b4762aa21a91,60,65,2,5,M_50_60,L_0_10,alluvial,phash:4756c126639a1165,phash:4756c126639a1165,,,train
c21d91235f39e37312b5,IMG_0427_M_10_20_gray_brown_M_40_50_light_brown.jpg,Soil_Labeled_Data/M_50_60/L_0_10/alluvial/IMG_0427_M_10_20_gray_brown_M_40_50_light_brown.jpg,Soil_Labeled_Data/M_50_60/L_0_10/alluvial/IMG_0427_M_10_20_gray_brown_M_40_50_light_brown.jpg,PRESENT,False,494e6754cd9c169c017e4aafaa7cd4a1344c9c02bb65c5ce640573720dddd12c,58,60,4,5,M_50_60,L_0_10,alluvial,phash:4756c126639a1165,phash:4756c126639a1165,,,train
4a38ab6d4e7bf2978b28,z5714094985878_be3d0b27ad0ff588c74868cf841a13d8_M_0_10_clayish_red_M_40_50_gray_brown.jpg,Soil_Labeled_Data/M_50_60/L_0_10/alluvial/z5714094985878_be3d0b27ad0ff588c74868cf841a13d8_M_0_10_clayish_red_M_40_50_gray_brown.jpg,Soil_Labeled_Data/M_50_60/L_0_10/alluvial/z5714094985878_be3d0b27ad0ff588c74868cf841a13d8_M_0_10_clayish_red_M_40_50_gray_brown.jpg,PRESENT,False,dc58899275379b9b05e067ace55662c1f52710858a9722835f6a0675abec9348,60,65,8,5,M_50_60,L_0_10,alluvial,phash:19bb67e0bcbd5c12,phash:19bb67e0bcbd5c12,,,train
c9dc453c0d901a869c59,z5714095161888_3d5bfbb45a821c7b8a0a0889e60fa9e1_M_0_10_light_brown_M_40_50_gray_brown.jpg,Soil_Labeled_Data/M_50_60/L_0_10/alluvial/z5714095161888_3d5bfbb45a821c7b8a0a0889e60fa9e1_M_0_10_light_brown_M_40_50_gray_brown.jpg,Soil_Labeled_Data/M_50_60/L_0_10/alluvial/z5714095161888_3d5bfbb45a821c7b8a0a0889e60fa9e1_M_0_10_light_brown_M_40_50_gray_brown.jpg,PRESENT,False,b9693980552a765e79c2e3d255c3c5e3ab87db841a8ba470df2408cc9854265f,54,56,10,5,M_50_60,L_0_10,alluvial,phash:c2eb079e9ef240b1,phash:c2eb079e9ef240b1,,,train
1ef165bc6c2639f14206,z5714095397323_3ba8d5731fe9ad72ecd36a4f5fe55be2_M_0_10_pale_yellow_M_40_50_gray_brown.jpg,Soil_Labeled_Data/M_50_60/L_0_10/alluvial/z5714095397323_3ba8d5731fe9ad72ecd36a4f5fe55be2_M_0_10_pale_yellow_M_40_50_gray_brown.jpg,Soil_Labeled_Data/M_50_60/L_0_10/alluvial/z5714095397323_3ba8d5731fe9ad72ecd36a4f5fe55be2_M_0_10_pale_yellow_M_40_50_gray_brown.jpg,PRESENT,False,608d2434e62c550eab9a919488d249d073ebeb590b48fb24dda459bd892f8d19,59,63,7,5,M_50_60,L_0_10,alluvial,phash:310da61118750dd1,phash:310da61118750dd1,,,train
375ef1303928dde26232,z5716042004626_672a27bdaa4badcf207b29a4dbf173b0_M_30_40_pale_yellow_M_40_50_light_brown.jpg,Soil_Labeled_Data/M_50_60/L_0_10/alluvial/z5716042004626_672a27bdaa4badcf207b29a4dbf173b0_M_30_40_pale_yellow_M_40_50_light_brown.jpg,Soil_Labeled_Data/M_50_60/L_0_10/alluvial/z5716042004626_672a27bdaa4badcf207b29a4dbf173b0_M_30_40_pale_yellow_M_40_50_light_brown.jpg,PRESENT,False,cbfb8dd36e9062f05a1af1bdd9e04b4f5cbd55eb34addbbb58fc267a1299a0d4,53,59,5,5,M_50_60,L_0_10,alluvial,phash:156bd532f6d70aa4,phash:156bd532f6d70aa4,,,train
da52a3eda08179f6429d,z5716042049106_e42202833efd1fc8789876381aea1f57_M_30_40_clayish_red_M_40_50_gray_brown.jpg,Soil_Labeled_Data/M_50_60/L_0_10/alluvial/z5716042049106_e42202833efd1fc8789876381aea1f57_M_30_40_clayish_red_M_40_50_gray_brown.jpg,Soil_Labeled_Data/M_50_60/L_0_10/alluvial/z5716042049106_e42202833efd1fc8789876381aea1f57_M_30_40_clayish_red_M_40_50_gray_brown.jpg,PRESENT,False,6e8c8c3d32f4c3d1e3e80c5ca20f27a8c08a66ad720df03fe130dc630da65a03,55,61,7,5,M_50_60,L_0_10,alluvial,phash:a4744846c4b72204,phash:a4744846c4b72204,,,train
97e41a3ccf86e5249110,z5716042362231_afc15cf0059cc0b0a10e2307f0224493_M_30_40_clayish_red_M_40_50_light_brown.jpg,Soil_Labeled_Data/M_50_60/L_0_10/alluvial/z5716042362231_afc15cf0059cc0b0a10e2307f0224493_M_30_40_clayish_red_M_40_50_light_brown.jpg,Soil_Labeled_Data/M_50_60/L_0_10/alluvial/z5716042362231_afc15cf0059cc0b0a10e2307f0224493_M_30_40_clayish_red_M_40_50_light_brown.jpg,PRESENT,False,4f84b7afaa4b6e7f1237c4798479a361ae265d9f4f92050602ce2e436d5d27ac,55,61,8,5,M_50_60,L_0_10,alluvial,phash:55544e56d294fb25,phash:55544e56d294fb25,,,train
db0348bb0b3d7eda7a95,z5716042362231_afc15cf0059cc0b0a10e2307f0224493_M_30_40_gray_brown_M_40_50_light_brown.jpg,Soil_Labeled_Data/M_50_60/L_0_10/alluvial/z5716042362231_afc15cf0059cc0b0a10e2307f0224493_M_30_40_gray_brown_M_40_50_light_brown.jpg,Soil_Labeled_Data/M_50_60/L_0_10/alluvial/z5716042362231_afc15cf0059cc0b0a10e2307f0224493_M_30_40_gray_brown_M_40_50_light_brown.jpg,PRESENT,False,bffc02b3a1814749109088dfb05313bdf52a7dc018a9c61c52e948c94169caa3,51,54,3,5,M_50_60,L_0_10,alluvial,phash:5ad66e7074f63f26,phash:5ad66e7074f63f26,,,train
b83b7af2c9c327a36383,z5716042393202_8e123a1e78f84eda2b3a3bd5bfe377a3_M_30_40_gray_brown_M_40_50_light_brown.jpg,Soil_Labeled_Data/M_50_60/L_0_10/alluvial/z5716042393202_8e123a1e78f84eda2b3a3bd5bfe377a3_M_30_40_gray_brown_M_40_50_light_brown.jpg,Soil_Labeled_Data/M_50_60/L_0_10/alluvial/z5716042393202_8e123a1e78f84eda2b3a3bd5bfe377a3_M_30_40_gray_brown_M_40_50_light_brown.jpg,PRESENT,False,0cadbed9ff81f91f20b1e0bff2e0dad9be1997c514bcaca22264d89490a064e1,55,61,10,5,M_50_60,L_0_10,alluvial,phash:656225373357816c,phash:656225373357816c,,,train
848841546fee8a2e7022,IMG_0007_M_0_10_clayish_red_M_40_50_light_brown.jpg,Soil_Labeled_Data/M_50_60/L_10_20/alluvial/IMG_0007_M_0_10_clayish_red_M_40_50_light_brown.jpg,Soil_Labeled_Data/M_50_60/L_10_20/alluvial/IMG_0007_M_0_10_clayish_red_M_40_50_light_brown.jpg,PRESENT,False,fef96c3f618185a112157f8700c5ee6002cd97fda21c5436a9acd858aef95ab3,55,61,18,5,M_50_60,L_10_20,alluvial,phash:432c8ed6a163119e,phash:432c8ed6a163119e,,,train
5c8ae2185e04bc3c282b,IMG_0012_M_0_10_clayish_red_M_40_50_light_brown.jpg,Soil_Labeled_Data/M_50_60/L_10_20/alluvial/IMG_0012_M_0_10_clayish_red_M_40_50_light_brown.jpg,Soil_Labeled_Data/M_50_60/L_10_20/alluvial/IMG_0012_M_0_10_clayish_red_M_40_50_light_brown.jpg,PRESENT,False,7272c9644f5de4bc93568a8bf99f3162f5480f2353d2efcfc0d2d4debfe8694f,54,56,19,5,M_50_60,L_10_20,alluvial,phash:036bd561c9affbf4,phash:036bd561c9affbf4,,,train
1ebc274189c93dd15de8,IMG_0018_M_0_10_light_brown_M_40_50_light_brown.jpg,Soil_Labeled_Data/M_50_60/L_10_20/alluvial/IMG_0018_M_0_10_light_brown_M_40_50_light_brown.jpg,Soil_Labeled_Data/M_50_60/L_10_20/alluvial/IMG_0018_M_0_10_light_brown_M_40_50_light_brown.jpg,PRESENT,False,58c86c3316854ead87f34ca224376cccb49de9a106572444d6576128e9a393ab,57,59,16,5,M_50_60,L_10_20,alluvial,phash:fc26f4c6b88e93b6,phash:fc26f4c6b88e93b6,,,train
0f8c4a4693f2deaa2a65,IMG_0025_M_0_10_pale_yellow_M_40_50_gray_brown.jpg,Soil_Labeled_Data/M_50_60/L_10_20/alluvial/IMG_0025_M_0_10_pale_yellow_M_40_50_gray_brown.jpg,Soil_Labeled_Data/M_50_60/L_10_20/alluvial/IMG_0025_M_0_10_pale_yellow_M_40_50_gray_brown.jpg,PRESENT,False,612688fd1fa971b74736a0e94f62b05ba1de3832e23248a2cae3197fbf4d85df,54,59,20,5,M_50_60,L_10_20,alluvial,phash:76e985df32d5e5e3,phash:76e985df32d5e5e3,,,train
10cbf99b47d31382d5d9,IMG_0450_M_10_20_pale_yellow_M_40_50_gray_brown.jpg,Soil_Labeled_Data/M_50_60/L_10_20/alluvial/IMG_0450_M_10_20_pale_yellow_M_40_50_gray_brown.jpg,Soil_Labeled_Data/M_50_60/L_10_20/alluvial/IMG_0450_M_10_20_pale_yellow_M_40_50_gray_brown.jpg,PRESENT,False,44ef81b878709cae14f97bfb64aa13387d431d060106130467969ccf5a8bf446,51,53,15,5,M_50_60,L_10_20,alluvial,phash:e5ae9c0394f3d4c2,phash:e5ae9c0394f3d4c2,,,train
a3b6f302c390a542e679,IMG_0465_M_10_20_pale_yellow_M_40_50_light_brown.jpg,Soil_Labeled_Data/M_50_60/L_10_20/alluvial/IMG_0465_M_10_20_pale_yellow_M_40_50_light_brown.jpg,Soil_Labeled_Data/M_50_60/L_10_20/alluvial/IMG_0465_M_10_20_pale_yellow_M_40_50_light_brown.jpg,PRESENT,False,45e812bfc13d94ba472c0e8573fa2dda2672dd18b849ed834704a7b0a1d23392,56,58,18,5,M_50_60,L_10_20,alluvial,phash:42d3d469f0c72e7f,phash:42d3d469f0c72e7f,,,train
368ef81c1d64649e6beb,z5716081541140_f8cf053ed3727193eae06a486810b5ef_M_30_40_light_brown_M_40_50_light_brown.jpg,Soil_Labeled_Data/M_50_60/L_10_20/alluvial/z5716081541140_f8cf053ed3727193eae06a486810b5ef_M_30_40_light_brown_M_40_50_light_brown.jpg,Soil_Labeled_Data/M_50_60/L_10_20/alluvial/z5716081541140_f8cf053ed3727193eae06a486810b5ef_M_30_40_light_brown_M_40_50_light_brown.jpg,PRESENT,False,c3947f1f20c0dadaf8621cfbad80ff96dfa3ab447ee244dee0a7757d4cef1139,58,60,15,5,M_50_60,L_10_20,alluvial,phash:2ede1ab9267c93fb,phash:2ede1ab9267c93fb,,,train
ca5b73e90d58a3c7fb28,z5716081630761_e1624a45d14f513987c03256f064b8bf_M_30_40_light_brown_M_40_50_gray_brown.jpg,Soil_Labeled_Data/M_50_60/L_10_20/alluvial/z5716081630761_e1624a45d14f513987c03256f064b8bf_M_30_40_light_brown_M_40_50_gray_brown.jpg,Soil_Labeled_Data/M_50_60/L_10_20/alluvial/z5716081630761_e1624a45d14f513987c03256f064b8bf_M_30_40_light_brown_M_40_50_gray_brown.jpg,PRESENT,False,8b8c76380b8e5fc43729ccd8c144eff743615b5b0fceacfcc54d8c02e526fc06,50,55,11,5,M_50_60,L_10_20,alluvial,phash:d900520187ed4db7,phash:d900520187ed4db7,,,train
3734d24e3237a4981b29,z5716081662580_90fe70bd39227686c8ca01467428faf4_M_30_40_gray_brown.jpg,Soil_Labeled_Data/M_50_60/L_10_20/alluvial/z5716081662580_90fe70bd39227686c8ca01467428faf4_M_30_40_gray_brown.jpg,Soil_Labeled_Data/M_50_60/L_10_20/alluvial/z5716081662580_90fe70bd39227686c8ca01467428faf4_M_30_40_gray_brown.jpg,PRESENT,False,a5ae4b53e02455e543c75d649ea7256d59cb6ad371deae2154f7611c3aa42762,54,59,10,5,M_50_60,L_10_20,alluvial,phash:72ba288fa0329d1a,phash:72ba288fa0329d1a,,,train
a91a0c531f68b72800e7,z5716081686870_a22c92a1c73378a497174d3b9264fcd8_M_30_40_light_brown.jpg,Soil_Labeled_Data/M_50_60/L_10_20/alluvial/z5716081686870_a22c92a1c73378a497174d3b9264fcd8_M_30_40_light_brown.jpg,Soil_Labeled_Data/M_50_60/L_10_20/alluvial/z5716081686870_a22c92a1c73378a497174d3b9264fcd8_M_30_40_light_brown.jpg,PRESENT,False,26d4a3b5ff5d584dc7be1b4a1ff5c9aea8cf64086a3ae9bc45c94dcd092d1250,58,61,10,5,M_50_60,L_10_20,alluvial,phash:5366782500485afa,phash:5366782500485afa,,,train
876548e507df4360d5c2,z5716081686870_a22c92a1c73378a497174d3b9264fcd8_M_30_40_pale_yellow_M_40_50_light_brown.jpg,Soil_Labeled_Data/M_50_60/L_10_20/alluvial/z5716081686870_a22c92a1c73378a497174d3b9264fcd8_M_30_40_pale_yellow_M_40_50_light_brown.jpg,Soil_Labeled_Data/M_50_60/L_10_20/alluvial/z5716081686870_a22c92a1c73378a497174d3b9264fcd8_M_30_40_pale_yellow_M_40_50_light_brown.jpg,PRESENT,False,7a5a574e16badd9f1b48294d5a680b2737dd2e582015b29fc9f77ba2fba6156c,53,57,14,5,M_50_60,L_10_20,alluvial,phash:5366782500485afa,phash:5366782500485afa,,,train
2fa7e2e0b9571feb3988,z5716081741279_e6dcbcb3d2252e27194aab74ebc27762_M_30_40_gray_brown.jpg,Soil_Labeled_Data/M_50_60/L_10_20/alluvial/z5716081741279_e6dcbcb3d2252e27194aab74ebc27762_M_30_40_gray_brown.jpg,Soil_Labeled_Data/M_50_60/L_10_20/alluvial/z5716081741279_e6dcbcb3d2252e27194aab74ebc27762_M_30_40_gray_brown.jpg,PRESENT,False,46d988a77e52e2090cb92dd2abde9bdede078eec177d72985176f4a87c5a23a2,59,64,20,5,M_50_60,L_10_20,alluvial,phash:46386f8bbcc5a68d,phash:46386f8bbcc5a68d,,,train
1d8e45d2f0bbefe8b799,IMG_0051_M_0_10_light_brown_M_40_50_light_brown.jpg,Soil_Labeled_Data/M_50_60/L_20_30/alluvial/IMG_0051_M_0_10_light_brown_M_40_50_light_brown.jpg,Soil_Labeled_Data/M_50_60/L_20_30/alluvial/IMG_0051_M_0_10_light_brown_M_40_50_light_brown.jpg,PRESENT,False,6afcae57eb1585fd2ba284a877670817f5df03db92c2ad200c243b9879be3967,50,52,28,5,M_50_60,L_20_30,alluvial,phash:65ef1449a8b55a83,phash:65ef1449a8b55a83,,,train
78ce327f0f7d0bca3938,IMG_0054_M_0_10_gray_brown_M_40_50_light_brown.jpg,Soil_Labeled_Data/M_50_60/L_20_30/alluvial/IMG_0054_M_0_10_gray_brown_M_40_50_light_brown.jpg,Soil_Labeled_Data/M_50_60/L_20_30/alluvial/IMG_0054_M_0_10_gray_brown_M_40_50_light_brown.jpg,PRESENT,False,246445501d703311911c8d680846f2177f0d6b48a55d1a6d615ac3273a1ea9d2,50,53,29,5,M_50_60,L_20_30,alluvial,phash:c7ac857b10a488cd,phash:c7ac857b10a488cd,,,train
988757bf1764ed894e2c,IMG_0062_M_0_10_pale_yellow_M_40_50_gray_brown.jpg,Soil_Labeled_Data/M_50_60/L_20_30/alluvial/IMG_0062_M_0_10_pale_yellow_M_40_50_gray_brown.jpg,Soil_Labeled_Data/M_50_60/L_20_30/alluvial/IMG_0062_M_0_10_pale_yellow_M_40_50_gray_brown.jpg,PRESENT,False,379cf156260002eb5a5e5a6fa771c32fcdbad5adfec807ac63e2c9cbd8d7931e,50,52,24,5,M_50_60,L_20_30,alluvial,phash:856223e6719f5382,phash:856223e6719f5382,,,train
049e2ba51eb6d2223a12,IMG_0065_M_0_10_gray_brown_M_40_50_light_brown.jpg,Soil_Labeled_Data/M_50_60/L_20_30/alluvial/IMG_0065_M_0_10_gray_brown_M_40_50_light_brown.jpg,Soil_Labeled_Data/M_50_60/L_20_30/alluvial/IMG_0065_M_0_10_gray_brown_M_40_50_light_brown.jpg,PRESENT,False,f3af214f9c7030524ddf1851e139a2d5606dee4c2c684f83046a5611448c6531,50,51,27,5,M_50_60,L_20_30,alluvial,phash:affbdabec6156118,phash:affbdabec6156118,,,train
d21a33d895be0e06b895,IMG_0070_M_0_10_light_brown_M_40_50_gray_brown.jpg,Soil_Labeled_Data/M_50_60/L_20_30/alluvial/IMG_0070_M_0_10_light_brown_M_40_50_gray_brown.jpg,Soil_Labeled_Data/M_50_60/L_20_30/alluvial/IMG_0070_M_0_10_light_brown_M_40_50_gray_brown.jpg,PRESENT,False,71c1df37ff0d5acd968c8716b3be3cc37453895a3acbc99eb3d6f54dda85e71d,55,59,26,5,M_50_60,L_20_30,alluvial,phash:2acd3f193091fa41,phash:2acd3f193091fa41,,,train
35583693661dc1f9e2fc,IMG_0497_M_10_20_pale_yellow_M_40_50_light_brown.jpg,Soil_Labeled_Data/M_50_60/L_20_30/alluvial/IMG_0497_M_10_20_pale_yellow_M_40_50_light_brown.jpg,Soil_Labeled_Data/M_50_60/L_20_30/alluvial/IMG_0497_M_10_20_pale_yellow_M_40_50_light_brown.jpg,PRESENT,False,1b13cf9023aed932b231ed0dd69636082cc4a47cf9915c2672342bf1737e2b1b,50,54,29,5,M_50_60,L_20_30,alluvial,phash:5bf1ed8e03d8be73,phash:5bf1ed8e03d8be73,,,train
b6e4716954533dc25690,IMG_0501_M_10_20_light_brown_M_40_50_gray_brown.jpg,Soil_Labeled_Data/M_50_60/L_20_30/alluvial/IMG_0501_M_10_20_light_brown_M_40_50_gray_brown.jpg,Soil_Labeled_Data/M_50_60/L_20_30/alluvial/IMG_0501_M_10_20_light_brown_M_40_50_gray_brown.jpg,PRESENT,False,e1e613492098555dd53e516c8ae21c8120eaafd747c1b12c376fc6bd7435e05d,55,56,29,5,M_50_60,L_20_30,alluvial,phash:466c9def00cb8061,phash:466c9def00cb8061,,,train
3258b44e7f5f7b3d64b5,IMG_0507_M_10_20_clayish_red_M_40_50_gray_brown.jpg,Soil_Labeled_Data/M_50_60/L_20_30/alluvial/IMG_0507_M_10_20_clayish_red_M_40_50_gray_brown.jpg,Soil_Labeled_Data/M_50_60/L_20_30/alluvial/IMG_0507_M_10_20_clayish_red_M_40_50_gray_brown.jpg,PRESENT,False,4787bf4b4884928212b20e7959f317171ef6e99d4cd58dc4043aa1c26aa91542,53,55,28,5,M_50_60,L_20_30,alluvial,phash:97840c038cf0ca41,phash:97840c038cf0ca41,,,train
1ae43cda36a48c9c2029,IMG_0512_M_10_20_light_brown_M_40_50_light_brown.jpg,Soil_Labeled_Data/M_50_60/L_20_30/alluvial/IMG_0512_M_10_20_light_brown_M_40_50_light_brown.jpg,Soil_Labeled_Data/M_50_60/L_20_30/alluvial/IMG_0512_M_10_20_light_brown_M_40_50_light_brown.jpg,PRESENT,False,57b25eb13c07ab348988392a045bb13ca8ec4e1fe40f3280a2dbb22641ae60b9,60,65,20,5,M_50_60,L_20_30,alluvial,phash:08b7389bd339e9c1,phash:08b7389bd339e9c1,,,train
043565769de3cf651cf9,z5716143930779_82598f78ba14dbaef200f73e32b8e318_M_30_40_clayish_red_M_40_50_gray_brown.jpg,Soil_Labeled_Data/M_50_60/L_20_30/alluvial/z5716143930779_82598f78ba14dbaef200f73e32b8e318_M_30_40_clayish_red_M_40_50_gray_brown.jpg,Soil_Labeled_Data/M_50_60/L_20_30/alluvial/z5716143930779_82598f78ba14dbaef200f73e32b8e318_M_30_40_clayish_red_M_40_50_gray_brown.jpg,PRESENT,False,303f05d9a30038e0ae6e1a755eccd630e73d69f2a993877c3746b8d9278fe618,54,56,25,5,M_50_60,L_20_30,alluvial,phash:8a3d68b1e659cb4f,phash:8a3d68b1e659cb4f,,,train
f9b5a9b8e7ea8d11a719,z5716143930779_82598f78ba14dbaef200f73e32b8e318_M_30_40_gray_brown.jpg,Soil_Labeled_Data/M_50_60/L_20_30/alluvial/z5716143930779_82598f78ba14dbaef200f73e32b8e318_M_30_40_gray_brown.jpg,Soil_Labeled_Data/M_50_60/L_20_30/alluvial/z5716143930779_82598f78ba14dbaef200f73e32b8e318_M_30_40_gray_brown.jpg,PRESENT,False,3837f815d365e64dff568e01b8e27ece8455c6866a8df7109e094c91e2a1b603,53,55,29,5,M_50_60,L_20_30,alluvial,phash:8a3d68b1e659cb4f,phash:8a3d68b1e659cb4f,,,train
505a80096d0282d021d0,z5716144047202_bfbf5a922e86461675c0376ab5dc29fc_M_30_40_light_brown.jpg,Soil_Labeled_Data/M_50_60/L_20_30/alluvial/z5716144047202_bfbf5a922e86461675c0376ab5dc29fc_M_30_40_light_brown.jpg,Soil_Labeled_Data/M_50_60/L_20_30/alluvial/z5716144047202_bfbf5a922e86461675c0376ab5dc29fc_M_30_40_light_brown.jpg,PRESENT,False,52e7cd4ac5f82deb98bd3299317ebe7a559a9baaa898e2abfe19c6f8e6d16f2a,54,56,20,5,M_50_60,L_20_30,alluvial,phash:1d0a72a47c47c348,phash:1d0a72a47c47c348,,,train
2056ad94cbb689e9e828,z5716144083688_2c23641d859dd12e7ca459c954f4e5a3_M_30_40_gray_brown.jpg,Soil_Labeled_Data/M_50_60/L_20_30/alluvial/z5716144083688_2c23641d859dd12e7ca459c954f4e5a3_M_30_40_gray_brown.jpg,Soil_Labeled_Data/M_50_60/L_20_30/alluvial/z5716144083688_2c23641d859dd12e7ca459c954f4e5a3_M_30_40_gray_brown.jpg,PRESENT,False,ebb5626f84a683d2de08b953497c0a7c2507d16bd4a75867be37388a249df32c,51,56,30,5,M_50_60,L_20_30,alluvial,phash:91b121c2b098a87b,phash:91b121c2b098a87b,,,train
8fee1fe5350d4e330b9c,z5716144083688_2c23641d859dd12e7ca459c954f4e5a3_M_30_40_gray_brown_M_40_50_gray_brown.jpg,Soil_Labeled_Data/M_50_60/L_20_30/alluvial/z5716144083688_2c23641d859dd12e7ca459c954f4e5a3_M_30_40_gray_brown_M_40_50_gray_brown.jpg,Soil_Labeled_Data/M_50_60/L_20_30/alluvial/z5716144083688_2c23641d859dd12e7ca459c954f4e5a3_M_30_40_gray_brown_M_40_50_gray_brown.jpg,PRESENT,False,c23872177d3ab4206547d5a1aafe59dba344c29984c4d50354485da15c14e5fa,59,64,22,5,M_50_60,L_20_30,alluvial,phash:91b121c2b098a87b,phash:91b121c2b098a87b,,,train
a7a0e69b30314840728f,z5716144132663_b70f7b9be95a4c936673e9107c9809f3_M_30_40_pale_yellow_M_40_50_gray_brown.jpg,Soil_Labeled_Data/M_50_60/L_20_30/alluvial/z5716144132663_b70f7b9be95a4c936673e9107c9809f3_M_30_40_pale_yellow_M_40_50_gray_brown.jpg,Soil_Labeled_Data/M_50_60/L_20_30/alluvial/z5716144132663_b70f7b9be95a4c936673e9107c9809f3_M_30_40_pale_yellow_M_40_50_gray_brown.jpg,PRESENT,False,4a6b9a8e61016d31ed91c397c022185ecc2a112546a243b6291f5fac62de8684,52,53,23,5,M_50_60,L_20_30,alluvial,phash:fabf81d21febb44c,phash:fabf81d21febb44c,,,train
167425faaee3ee329f7a,z5716144190940_96c634256f2c6596418ea321b6ccecda_M_30_40_light_brown_M_40_50_light_brown.jpg,Soil_Labeled_Data/M_50_60/L_20_30/alluvial/z5716144190940_96c634256f2c6596418ea321b6ccecda_M_30_40_light_brown_M_40_50_light_brown.jpg,Soil_Labeled_Data/M_50_60/L_20_30/alluvial/z5716144190940_96c634256f2c6596418ea321b6ccecda_M_30_40_light_brown_M_40_50_light_brown.jpg,PRESENT,False,bd72242808544407337e56697bbfc436ed25fcdded0417f600e396f2e4ce8e46,50,55,25,5,M_50_60,L_20_30,alluvial,phash:e470bf4292aac4cd,phash:e470bf4292aac4cd,,,train
5311642303bd8e7dfdeb,z5716144235764_fed4a8b02740ef64fdb95af4099f1336_M_30_40_clayish_red_M_40_50_gray_brown.jpg,Soil_Labeled_Data/M_50_60/L_20_30/alluvial/z5716144235764_fed4a8b02740ef64fdb95af4099f1336_M_30_40_clayish_red_M_40_50_gray_brown.jpg,Soil_Labeled_Data/M_50_60/L_20_30/alluvial/z5716144235764_fed4a8b02740ef64fdb95af4099f1336_M_30_40_clayish_red_M_40_50_gray_brown.jpg,PRESENT,False,248a961ce5625079af4882faad7710135463fe4e5215f0c93ba447ffd2d25b45,54,56,21,5,M_50_60,L_20_30,alluvial,phash:5f3d3bc6e2523e9c,phash:5f3d3bc6e2523e9c,,,train
52d8d5b1b0ed6f962c6e,z5716144322709_8f70df660518e4d32c3fa16707b39049_M_30_40_clayish_red_M_40_50_gray_brown.jpg,Soil_Labeled_Data/M_50_60/L_20_30/alluvial/z5716144322709_8f70df660518e4d32c3fa16707b39049_M_30_40_clayish_red_M_40_50_gray_brown.jpg,Soil_Labeled_Data/M_50_60/L_20_30/alluvial/z5716144322709_8f70df660518e4d32c3fa16707b39049_M_30_40_clayish_red_M_40_50_gray_brown.jpg,PRESENT,False,19738c8535fdfd82bf00d863aae8a4270ae109478055987d1adf7143c2adb24e,55,57,26,5,M_50_60,L_20_30,alluvial,phash:a44dfeb391948c09,phash:a44dfeb391948c09,,,train
e00ea603ab2e3d981025,IMG_0103_M_0_10_clayish_red_M_40_50_light_brown.jpg,Soil_Labeled_Data/M_50_60/L_30_40/alluvial/IMG_0103_M_0_10_clayish_red_M_40_50_light_brown.jpg,Soil_Labeled_Data/M_50_60/L_30_40/alluvial/IMG_0103_M_0_10_clayish_red_M_40_50_light_brown.jpg,PRESENT,False,114b735d9b400cab14e902f857c6b7f32e8719e2aedb99d5ef7a428bc68522de,54,57,31,5,M_50_60,L_30_40,alluvial,phash:df19bd7121c3deb8,phash:df19bd7121c3deb8,,,train
81bdad1cb0255fecbb42,IMG_0104_M_0_10_pale_yellow_M_40_50_gray_brown.jpg,Soil_Labeled_Data/M_50_60/L_30_40/alluvial/IMG_0104_M_0_10_pale_yellow_M_40_50_gray_brown.jpg,Soil_Labeled_Data/M_50_60/L_30_40/alluvial/IMG_0104_M_0_10_pale_yellow_M_40_50_gray_brown.jpg,PRESENT,False,beb1ff3e634cdaaa165c68789cb24a1e0f6d5307ab85b7a3bea73ba07a4366c8,50,53,38,5,M_50_60,L_30_40,alluvial,phash:39621f13c2017892,phash:39621f13c2017892,,,train
cc2547fcc46a50f18d70,IMG_0105_M_0_10_clayish_red_M_40_50_light_brown.jpg,Soil_Labeled_Data/M_50_60/L_30_40/alluvial/IMG_0105_M_0_10_clayish_red_M_40_50_light_brown.jpg,Soil_Labeled_Data/M_50_60/L_30_40/alluvial/IMG_0105_M_0_10_clayish_red_M_40_50_light_brown.jpg,PRESENT,False,6e988c7ff3d3737647c73dad98adab5ba21d24478a642894269b695c5c4bd04e,51,52,34,5,M_50_60,L_30_40,alluvial,phash:7eeb9c5b6e40268d,phash:7eeb9c5b6e40268d,,,train
a6388514031615b1ec10,IMG_0105_M_0_10_pale_yellow_M_40_50_light_brown.jpg,Soil_Labeled_Data/M_50_60/L_30_40/alluvial/IMG_0105_M_0_10_pale_yellow_M_40_50_light_brown.jpg,Soil_Labeled_Data/M_50_60/L_30_40/alluvial/IMG_0105_M_0_10_pale_yellow_M_40_50_light_brown.jpg,PRESENT,False,83f75e9fb75ea770e28a5412fb65bd35d932b05f9790dfb8fc417f7df7c76bce,57,61,34,5,M_50_60,L_30_40,alluvial,phash:7eeb9c5b6e40268d,phash:7eeb9c5b6e40268d,,,train
a40bfb9f16fb14b49bf9,IMG_0111_M_0_10_light_brown_M_40_50_gray_brown.jpg,Soil_Labeled_Data/M_50_60/L_30_40/alluvial/IMG_0111_M_0_10_light_brown_M_40_50_gray_brown.jpg,Soil_Labeled_Data/M_50_60/L_30_40/alluvial/IMG_0111_M_0_10_light_brown_M_40_50_gray_brown.jpg,PRESENT,False,2246c1c091f5bb94d94702f9cb2c1a79fc91ff14c343571a059e1b900f714e18,53,54,30,5,M_50_60,L_30_40,alluvial,phash:1b46fbcdc14f2ddd,phash:1b46fbcdc14f2ddd,,,train
cc586f3a41a026af0abd,IMG_0543_M_10_20_light_brown_M_40_50_gray_brown.jpg,Soil_Labeled_Data/M_50_60/L_30_40/alluvial/IMG_0543_M_10_20_light_brown_M_40_50_gray_brown.jpg,Soil_Labeled_Data/M_50_60/L_30_40/alluvial/IMG_0543_M_10_20_light_brown_M_40_50_gray_brown.jpg,PRESENT,False,97986e96e3960b4b56c9f186ee0a1167715587b5106048ac5eb6366670841d8d,51,52,34,5,M_50_60,L_30_40,alluvial,phash:738961f08c6ad95f,phash:738961f08c6ad95f,,,train
49154f0e1da6955aa18b,IMG_0544_M_10_20_light_brown_M_40_50_gray_brown.jpg,Soil_Labeled_Data/M_50_60/L_30_40/alluvial/IMG_0544_M_10_20_light_brown_M_40_50_gray_brown.jpg,Soil_Labeled_Data/M_50_60/L_30_40/alluvial/IMG_0544_M_10_20_light_brown_M_40_50_gray_brown.jpg,PRESENT,False,bfbb0ff418dd91c4bc3774ffe944404d2064a4404cc2bc0ec72e99fee1c816ac,58,60,36,5,M_50_60,L_30_40,alluvial,phash:ed6979670d9f9dea,phash:ed6979670d9f9dea,,,train
84764cb4c7d5265b14c7,IMG_0549_M_10_20_light_brown_M_40_50_light_brown.jpg,Soil_Labeled_Data/M_50_60/L_30_40/alluvial/IMG_0549_M_10_20_light_brown_M_40_50_light_brown.jpg,Soil_Labeled_Data/M_50_60/L_30_40/alluvial/IMG_0549_M_10_20_light_brown_M_40_50_light_brown.jpg,PRESENT,False,9c351fe4a98ef46b4c894f138d00079382818b8c595c02cb7f602340551d05be,54,58,38,5,M_50_60,L_30_40,alluvial,phash:5af44fcdc59439fe,phash:5af44fcdc59439fe,,,train
c9af969214de9d3dd8d4,IMG_0552_M_10_20_light_brown_M_40_50_light_brown.jpg,Soil_Labeled_Data/M_50_60/L_30_40/alluvial/IMG_0552_M_10_20_light_brown_M_40_50_light_brown.jpg,Soil_Labeled_Data/M_50_60/L_30_40/alluvial/IMG_0552_M_10_20_light_brown_M_40_50_light_brown.jpg,PRESENT,False,adf9d0bfcf50dae65bc68e1053bcff31a5de371e0382ce0545d652deb0bceaeb,51,55,35,5,M_50_60,L_30_40,alluvial,phash:6123742d1b5e5915,phash:6123742d1b5e5915,,,train
8a075517ee82992d47ff,IMG_0555_M_10_20_clayish_red_M_40_50_gray_brown.jpg,Soil_Labeled_Data/M_50_60/L_30_40/alluvial/IMG_0555_M_10_20_clayish_red_M_40_50_gray_brown.jpg,Soil_Labeled_Data/M_50_60/L_30_40/alluvial/IMG_0555_M_10_20_clayish_red_M_40_50_gray_brown.jpg,PRESENT,False,829c0640e4be18f098e70272107e2ba0e4665fa1c84a3fdb9a7e6f3e69f8e9fd,55,58,34,5,M_50_60,L_30_40,alluvial,phash:2c0a79d874f6e502,phash:2c0a79d874f6e502,,,train
d4fdb0d214723616f6c4,z5716113532944_e24b5c26485417eddb8588efca3eea1f_M_30_40_light_brown.jpg,Soil_Labeled_Data/M_50_60/L_30_40/alluvial/z5716113532944_e24b5c26485417eddb8588efca3eea1f_M_30_40_light_brown.jpg,Soil_Labeled_Data/M_50_60/L_30_40/alluvial/z5716113532944_e24b5c26485417eddb8588efca3eea1f_M_30_40_light_brown.jpg,PRESENT,False,a90287d6b3398eb6fe66724e0482c71c00cdefc3f827790415938c40c8113e71,52,55,35,5,M_50_60,L_30_40,alluvial,phash:67cc1dc54d47f36e,phash:67cc1dc54d47f36e,,,train
e0875eaea5b1592884b4,z5716113831635_ad95fd739455206424a51a0a06bc4131_M_30_40_light_brown.jpg,Soil_Labeled_Data/M_50_60/L_30_40/alluvial/z5716113831635_ad95fd739455206424a51a0a06bc4131_M_30_40_light_brown.jpg,Soil_Labeled_Data/M_50_60/L_30_40/alluvial/z5716113831635_ad95fd739455206424a51a0a06bc4131_M_30_40_light_brown.jpg,PRESENT,False,7914cc020a189ca77bb08b2272eb00ea08eec6d8f7f7f74611fb4bfc1a0e5339,55,59,36,5,M_50_60,L_30_40,alluvial,phash:3b0a2646bfb84257,phash:3b0a2646bfb84257,,,train
79b0d483b949b30e86f3,z5716115889689_4a9ef5acc35a1a71531b59c12ba8e0dc_M_30_40_clayish_red_M_40_50_gray_brown.jpg,Soil_Labeled_Data/M_50_60/L_30_40/alluvial/z5716115889689_4a9ef5acc35a1a71531b59c12ba8e0dc_M_30_40_clayish_red_M_40_50_gray_brown.jpg,Soil_Labeled_Data/M_50_60/L_30_40/alluvial/z5716115889689_4a9ef5acc35a1a71531b59c12ba8e0dc_M_30_40_clayish_red_M_40_50_gray_brown.jpg,PRESENT,False,549fe6af01aa386d61ad8c0d44865ad61e671b231ad4e06545b0123b6698f9ed,60,61,35,5,M_50_60,L_30_40,alluvial,phash:309896d1863fe710,phash:309896d1863fe710,,,train
ca44a7e142df12af8144,z5716115913721_f7cff5280e557d5287ca5504b449cdf7_M_30_40_gray_brown_M_40_50_light_brown.jpg,Soil_Labeled_Data/M_50_60/L_30_40/alluvial/z5716115913721_f7cff5280e557d5287ca5504b449cdf7_M_30_40_gray_brown_M_40_50_light_brown.jpg,Soil_Labeled_Data/M_50_60/L_30_40/alluvial/z5716115913721_f7cff5280e557d5287ca5504b449cdf7_M_30_40_gray_brown_M_40_50_light_brown.jpg,PRESENT,False,aa1f1aee20281ea16a61d52dea8babf6f12bb493fb535c8a89f9b496530b6c6e,52,55,36,5,M_50_60,L_30_40,alluvial,phash:2b71b2b9e3b8ac72,phash:2b71b2b9e3b8ac72,,,train
4438afc78ac855ff9487,z5716115913721_f7cff5280e557d5287ca5504b449cdf7_M_30_40_light_brown.jpg,Soil_Labeled_Data/M_50_60/L_30_40/alluvial/z5716115913721_f7cff5280e557d5287ca5504b449cdf7_M_30_40_light_brown.jpg,Soil_Labeled_Data/M_50_60/L_30_40/alluvial/z5716115913721_f7cff5280e557d5287ca5504b449cdf7_M_30_40_light_brown.jpg,PRESENT,False,ad7f03d935d31f34584844d3eebb5d587af99a66f76bdcefd3f5cd5dd04c6af4,58,62,39,5,M_50_60,L_30_40,alluvial,phash:2b71b2b9e3b8ac72,phash:2b71b2b9e3b8ac72,,,train
9768a597f14d52f849d2,z5716115990505_f5f56b58cd35cb9827aaedc4db8efebd_M_30_40_light_brown.jpg,Soil_Labeled_Data/M_50_60/L_30_40/alluvial/z5716115990505_f5f56b58cd35cb9827aaedc4db8efebd_M_30_40_light_brown.jpg,Soil_Labeled_Data/M_50_60/L_30_40/alluvial/z5716115990505_f5f56b58cd35cb9827aaedc4db8efebd_M_30_40_light_brown.jpg,PRESENT,False,0b6f7fc1a8a4344e10ed0b62a31db80fb32e35e410f3c4d0480bb07bcbfe4ac3,59,63,40,5,M_50_60,L_30_40,alluvial,phash:1580dccc06c1a06f,phash:1580dccc06c1a06f,,,train
f8126c78071ea596f7e9,z5716115990505_f5f56b58cd35cb9827aaedc4db8efebd_M_30_40_pale_yellow_M_40_50_light_brown.jpg,Soil_Labeled_Data/M_50_60/L_30_40/alluvial/z5716115990505_f5f56b58cd35cb9827aaedc4db8efebd_M_30_40_pale_yellow_M_40_50_light_brown.jpg,Soil_Labeled_Data/M_50_60/L_30_40/alluvial/z5716115990505_f5f56b58cd35cb9827aaedc4db8efebd_M_30_40_pale_yellow_M_40_50_light_brown.jpg,PRESENT,False,5e10fc1904d16a5d267e1843a9041929249f16e984e207022dd33234b3a0260d,54,55,39,5,M_50_60,L_30_40,alluvial,phash:1580dccc06c1a06f,phash:1580dccc06c1a06f,,,train
9ae73944b0a43c683114,z5716116018535_325bd6ea25b86f2f021b34014f8842e8_M_30_40_light_brown_M_40_50_light_brown.jpg,Soil_Labeled_Data/M_50_60/L_30_40/alluvial/z5716116018535_325bd6ea25b86f2f021b34014f8842e8_M_30_40_light_brown_M_40_50_light_brown.jpg,Soil_Labeled_Data/M_50_60/L_30_40/alluvial/z5716116018535_325bd6ea25b86f2f021b34014f8842e8_M_30_40_light_brown_M_40_50_light_brown.jpg,PRESENT,False,64cab0528737425ecaf895115217a6b77ce94ae3fbffc3bef675220273cadc66,58,60,34,5,M_50_60,L_30_40,alluvial,phash:1b998b2ab5717c54,phash:1b998b2ab5717c54,,,train
c159f6f3ef5a86f62f63,IMG_0153_M_0_10_pale_yellow_M_40_50_gray_brown.jpg,Soil_Labeled_Data/M_50_60/L_40_50/alluvial/IMG_0153_M_0_10_pale_yellow_M_40_50_gray_brown.jpg,Soil_Labeled_Data/M_50_60/L_40_50/alluvial/IMG_0153_M_0_10_pale_yellow_M_40_50_gray_brown.jpg,PRESENT,False,62e02b5b6439ae8c2d85af0aae5ab4b8e2e1592e2455ee14b5b20f1f2f659663,60,61,47,5,M_50_60,L_40_50,alluvial,phash:b8d7b2bffe0b868f,phash:b8d7b2bffe0b868f,,,train
13912ae22559f996e3da,IMG_0155_M_0_10_light_brown_M_40_50_light_brown.jpg,Soil_Labeled_Data/M_50_60/L_40_50/alluvial/IMG_0155_M_0_10_light_brown_M_40_50_light_brown.jpg,Soil_Labeled_Data/M_50_60/L_40_50/alluvial/IMG_0155_M_0_10_light_brown_M_40_50_light_brown.jpg,PRESENT,False,de6eafab59ed8b999db88a4733c7a227f1a06770c1253bd01f91402595a357f6,56,60,42,5,M_50_60,L_40_50,alluvial,phash:c549b2232ac5351e,phash:c549b2232ac5351e,,,train
5ec907f559130afcb4bf,IMG_0157_M_0_10_light_brown_M_40_50_light_brown.jpg,Soil_Labeled_Data/M_50_60/L_40_50/alluvial/IMG_0157_M_0_10_light_brown_M_40_50_light_brown.jpg,Soil_Labeled_Data/M_50_60/L_40_50/alluvial/IMG_0157_M_0_10_light_brown_M_40_50_light_brown.jpg,PRESENT,False,da10b0109aba7a0087b28668a7b277b4b6599960667fddd9aaf6cdbb7765aef4,59,62,43,5,M_50_60,L_40_50,alluvial,phash:7a50a3464b4f7acb,phash:7a50a3464b4f7acb,,,train
8d820cea3b36bd89d120,IMG_0164_M_0_10_gray_brown_M_40_50_gray_brown.jpg,Soil_Labeled_Data/M_50_60/L_40_50/alluvial/IMG_0164_M_0_10_gray_brown_M_40_50_gray_brown.jpg,Soil_Labeled_Data/M_50_60/L_40_50/alluvial/IMG_0164_M_0_10_gray_brown_M_40_50_gray_brown.jpg,PRESENT,False,ab35fa61d21d448e837c645a99132504ac83b132ef6a190803009e5a85b2b333,54,56,40,5,M_50_60,L_40_50,alluvial,phash:17edad2da8a35a03,phash:17edad2da8a35a03,,,train
f6ba1ec82cba22dcac3b,IMG_0166_M_0_10_light_brown_M_40_50_light_brown.jpg,Soil_Labeled_Data/M_50_60/L_40_50/alluvial/IMG_0166_M_0_10_light_brown_M_40_50_light_brown.jpg,Soil_Labeled_Data/M_50_60/L_40_50/alluvial/IMG_0166_M_0_10_light_brown_M_40_50_light_brown.jpg,PRESENT,False,2c50d3604dbd361952053bb8b5fa1a7eea42fa27dccda110185eb164fcca830b,53,57,42,5,M_50_60,L_40_50,alluvial,phash:17c1b5dcd4c310e0,phash:17c1b5dcd4c310e0,,,train
00d9faa2a8b346e40958,IMG_0170_M_0_10_gray_brown_M_40_50_gray_brown.jpg,Soil_Labeled_Data/M_50_60/L_40_50/alluvial/IMG_0170_M_0_10_gray_brown_M_40_50_gray_brown.jpg,Soil_Labeled_Data/M_50_60/L_40_50/alluvial/IMG_0170_M_0_10_gray_brown_M_40_50_gray_brown.jpg,PRESENT,False,58922e22e05b0ee3a33dc62fc0a400daaa300ccbd07341c96c29e9efb9a69211,55,57,45,5,M_50_60,L_40_50,alluvial,phash:d6395896fc8503b5,phash:d6395896fc8503b5,,,train
4894f01765bc2abaadaa,IMG_0170_M_0_10_light_brown_M_40_50_light_brown.jpg,Soil_Labeled_Data/M_50_60/L_40_50/alluvial/IMG_0170_M_0_10_light_brown_M_40_50_light_brown.jpg,Soil_Labeled_Data/M_50_60/L_40_50/alluvial/IMG_0170_M_0_10_light_brown_M_40_50_light_brown.jpg,PRESENT,False,605d24775c3696783cb5a139ccac3bfd41bcb34eff9797a9decd7cf47b1bdc0b,55,56,49,5,M_50_60,L_40_50,alluvial,phash:d6395896fc8503b5,phash:d6395896fc8503b5,,,train
9b200f64462058552be9,IMG_0587_M_10_20_clayish_red_M_40_50_light_brown.jpg,Soil_Labeled_Data/M_50_60/L_40_50/alluvial/IMG_0587_M_10_20_clayish_red_M_40_50_light_brown.jpg,Soil_Labeled_Data/M_50_60/L_40_50/alluvial/IMG_0587_M_10_20_clayish_red_M_40_50_light_brown.jpg,PRESENT,False,767e7efaae476757cb97d9cc6bae0ae6380472b16966d17ab7dce7203585b6b7,50,50,47,5,M_50_60,L_40_50,alluvial,phash:5733abd69998f077,phash:5733abd69998f077,,,train
65368f53cab0199e520d,IMG_0590_M_10_20_light_brown_M_40_50_gray_brown.jpg,Soil_Labeled_Data/M_50_60/L_40_50/alluvial/IMG_0590_M_10_20_light_brown_M_40_50_gray_brown.jpg,Soil_Labeled_Data/M_50_60/L_40_50/alluvial/IMG_0590_M_10_20_light_brown_M_40_50_gray_brown.jpg,PRESENT,False,32126f7a982a095649ebf690f0b13b152c554e8eae91b78ce6aee9e0069b50fd,53,55,40,5,M_50_60,L_40_50,alluvial,phash:507b6b1f4054a934,phash:507b6b1f4054a934,,,train
ca9605c32018614b0808,IMG_0595_M_10_20_gray_brown_M_40_50_light_brown.jpg,Soil_Labeled_Data/M_50_60/L_40_50/alluvial/IMG_0595_M_10_20_gray_brown_M_40_50_light_brown.jpg,Soil_Labeled_Data/M_50_60/L_40_50/alluvial/IMG_0595_M_10_20_gray_brown_M_40_50_light_brown.jpg,PRESENT,False,019ff2f90fbe98def6d911fa84a6cae05b5210fbc7a3f68e1d2fddd3dbc1dd4b,51,55,43,5,M_50_60,L_40_50,alluvial,phash:38ee9b49340cc8f6,phash:38ee9b49340cc8f6,,,train
d4a27d967b3f7bb3da8b,z5719914716950_f7b208b227aab4fbbe62eaf666ebb235_M_30_40_pale_yellow_M_40_50_light_brown.jpg,Soil_Labeled_Data/M_50_60/L_40_50/alluvial/z5719914716950_f7b208b227aab4fbbe62eaf666ebb235_M_30_40_pale_yellow_M_40_50_light_brown.jpg,Soil_Labeled_Data/M_50_60/L_40_50/alluvial/z5719914716950_f7b208b227aab4fbbe62eaf666ebb235_M_30_40_pale_yellow_M_40_50_light_brown.jpg,PRESENT,False,d0021ee938df231a10292c11401b1614d1f7f61564cc9d198bacbea129d0500e,59,61,43,5,M_50_60,L_40_50,alluvial,phash:741cc9e223afea36,phash:741cc9e223afea36,,,train
0b2130c5cdc9adcc32a8,z5719914828210_cddec1f2dabcdd416769c8d8b7f0adaf_M_30_40_gray_brown.jpg,Soil_Labeled_Data/M_50_60/L_40_50/alluvial/z5719914828210_cddec1f2dabcdd416769c8d8b7f0adaf_M_30_40_gray_brown.jpg,Soil_Labeled_Data/M_50_60/L_40_50/alluvial/z5719914828210_cddec1f2dabcdd416769c8d8b7f0adaf_M_30_40_gray_brown.jpg,PRESENT,False,a9fd890f0e83eb5fe3ff2a5cd9a86561de699d21204a53429402ff2d64200ecc,56,59,46,5,M_50_60,L_40_50,alluvial,phash:4cc276d04807a98e,phash:4cc276d04807a98e,,,train
eb26636858f9fb14b134,z5719914960624_6e7d01c6f99d68c85a781306a1116111_M_30_40_gray_brown_M_40_50_light_brown.jpg,Soil_Labeled_Data/M_50_60/L_40_50/alluvial/z5719914960624_6e7d01c6f99d68c85a781306a1116111_M_30_40_gray_brown_M_40_50_light_brown.jpg,Soil_Labeled_Data/M_50_60/L_40_50/alluvial/z5719914960624_6e7d01c6f99d68c85a781306a1116111_M_30_40_gray_brown_M_40_50_light_brown.jpg,PRESENT,False,ef6022067fc06e244d308ace078dc7bf4f4822e4b23d1984c24d58835ede32fe,55,59,49,5,M_50_60,L_40_50,alluvial,phash:853b972fcac916f6,phash:853b972fcac916f6,,,train
850f3a727a2742d597c3,z5719914997148_f06792cac5c60b858589b3b3c2747c43_M_30_40_gray_brown.jpg,Soil_Labeled_Data/M_50_60/L_40_50/alluvial/z5719914997148_f06792cac5c60b858589b3b3c2747c43_M_30_40_gray_brown.jpg,Soil_Labeled_Data/M_50_60/L_40_50/alluvial/z5719914997148_f06792cac5c60b858589b3b3c2747c43_M_30_40_gray_brown.jpg,PRESENT,False,df4dc8a9f19bf0c023b12c7a44d135a8c1091b8b703d0a5cf779b4486d10d9fa,53,53,42,5,M_50_60,L_40_50,alluvial,phash:5e2022160d593777,phash:5e2022160d593777,,,train
c07449ea29869848826e,z5719915050807_883061f62d1ba096fe786e33783493ac_M_30_40_gray_brown_M_40_50_light_brown.jpg,Soil_Labeled_Data/M_50_60/L_40_50/alluvial/z5719915050807_883061f62d1ba096fe786e33783493ac_M_30_40_gray_brown_M_40_50_light_brown.jpg,Soil_Labeled_Data/M_50_60/L_40_50/alluvial/z5719915050807_883061f62d1ba096fe786e33783493ac_M_30_40_gray_brown_M_40_50_light_brown.jpg,PRESENT,False,deb5a133e29449e21cf9a04d15bb84f65ee67b130e70387c27e432203db12148,51,53,46,5,M_50_60,L_40_50,alluvial,phash:24cad31affe7fb9c,phash:24cad31affe7fb9c,,,train
c6c2755207c420e00cc7,z5719915050807_883061f62d1ba096fe786e33783493ac_M_30_40_light_brown_M_40_50_light_brown.jpg,Soil_Labeled_Data/M_50_60/L_40_50/alluvial/z5719915050807_883061f62d1ba096fe786e33783493ac_M_30_40_light_brown_M_40_50_light_brown.jpg,Soil_Labeled_Data/M_50_60/L_40_50/alluvial/z5719915050807_883061f62d1ba096fe786e33783493ac_M_30_40_light_brown_M_40_50_light_brown.jpg,PRESENT,False,fdbd74626c3a22ad8b0d1dcc77b064ea11286f53eb9391ce08fb155dfdff19ae,57,58,50,5,M_50_60,L_40_50,alluvial,phash:24cad31affe7fb9c,phash:24cad31affe7fb9c,,,train
33166cb9428c8c820b60,z5719915162784_a4f69c622478efdc49a59a408dfe4b55_M_30_40_light_brown.jpg,Soil_Labeled_Data/M_50_60/L_40_50/alluvial/z5719915162784_a4f69c622478efdc49a59a408dfe4b55_M_30_40_light_brown.jpg,Soil_Labeled_Data/M_50_60/L_40_50/alluvial/z5719915162784_a4f69c622478efdc49a59a408dfe4b55_M_30_40_light_brown.jpg,PRESENT,False,06872fdc7be40731e4e53c1e0e5dbe16eab7a141fa540caaf4737e11e4c5c57e,53,53,43,5,M_50_60,L_40_50,alluvial,phash:67839c1fdfd7f665,phash:67839c1fdfd7f665,,,train
f9022b9a16be16f8ccc5,z5719915191781_9fbc3215a4e768d8a242c9aae23d78e3_M_30_40_light_brown.jpg,Soil_Labeled_Data/M_50_60/L_40_50/alluvial/z5719915191781_9fbc3215a4e768d8a242c9aae23d78e3_M_30_40_light_brown.jpg,Soil_Labeled_Data/M_50_60/L_40_50/alluvial/z5719915191781_9fbc3215a4e768d8a242c9aae23d78e3_M_30_40_light_brown.jpg,PRESENT,False,9786a8cd3325c8cd2f1944206bfed65d460edd5ba06ca4bfc5c331012ddd20ee,54,56,49,5,M_50_60,L_40_50,alluvial,phash:7fd86c261d9ac446,phash:7fd86c261d9ac446,,,train
5e5002208541b0a68daf,z5719915191781_9fbc3215a4e768d8a242c9aae23d78e3_M_30_40_light_brown_M_40_50_light_brown.jpg,Soil_Labeled_Data/M_50_60/L_40_50/alluvial/z5719915191781_9fbc3215a4e768d8a242c9aae23d78e3_M_30_40_light_brown_M_40_50_light_brown.jpg,Soil_Labeled_Data/M_50_60/L_40_50/alluvial/z5719915191781_9fbc3215a4e768d8a242c9aae23d78e3_M_30_40_light_brown_M_40_50_light_brown.jpg,PRESENT,False,6ba347beedb3f901fcbde9aa8f51490c1951eed7f5dfeb92907ca0d9ce97182d,57,58,45,5,M_50_60,L_40_50,alluvial,phash:7fd86c261d9ac446,phash:7fd86c261d9ac446,,,train
d3f4b3045d881aea2e4c,IMG_0200_M_0_10_clayish_red_M_40_50_gray_brown.jpg,Soil_Labeled_Data/M_50_60/L_50_60/alluvial/IMG_0200_M_0_10_clayish_red_M_40_50_gray_brown.jpg,Soil_Labeled_Data/M_50_60/L_50_60/alluvial/IMG_0200_M_0_10_clayish_red_M_40_50_gray_brown.jpg,PRESENT,False,7957510aed1534516ba0cbbf47bd164ca5653abffb97aa632d0c194dffcc744e,59,63,53,5,M_50_60,L_50_60,alluvial,phash:d860a5a997911aa8,phash:d860a5a997911aa8,,,train
7d17315624daf491b4c0,IMG_0201_M_0_10_clayish_red_M_40_50_gray_brown.jpg,Soil_Labeled_Data/M_50_60/L_50_60/alluvial/IMG_0201_M_0_10_clayish_red_M_40_50_gray_brown.jpg,Soil_Labeled_Data/M_50_60/L_50_60/alluvial/IMG_0201_M_0_10_clayish_red_M_40_50_gray_brown.jpg,PRESENT,False,4807571061aa89c8232c6557399a2548f382d81de54196c3250cdca867d4d415,55,55,57,5,M_50_60,L_50_60,alluvial,phash:aeb9326bd22fbff1,phash:aeb9326bd22fbff1,,,train
8fde3a5e291b312afe88,IMG_0203_M_0_10_pale_yellow_M_40_50_light_brown.jpg,Soil_Labeled_Data/M_50_60/L_50_60/alluvial/IMG_0203_M_0_10_pale_yellow_M_40_50_light_brown.jpg,Soil_Labeled_Data/M_50_60/L_50_60/alluvial/IMG_0203_M_0_10_pale_yellow_M_40_50_light_brown.jpg,PRESENT,False,b2734dfd5b21a74d4f2739296ab2e98dca7b1a3935f119fc5f85d3e5b3ddde28,53,54,53,5,M_50_60,L_50_60,alluvial,phash:d4512147d239b24e,phash:d4512147d239b24e,,,train
c51280899055a554fd31,IMG_0206_M_0_10_clayish_red_M_40_50_gray_brown.jpg,Soil_Labeled_Data/M_50_60/L_50_60/alluvial/IMG_0206_M_0_10_clayish_red_M_40_50_gray_brown.jpg,Soil_Labeled_Data/M_50_60/L_50_60/alluvial/IMG_0206_M_0_10_clayish_red_M_40_50_gray_brown.jpg,PRESENT,False,d7a073da6de2fe4b3ea92ead8df8cb274fdc751a6c92744b4a3d61c85ad29d35,50,50,56,5,M_50_60,L_50_60,alluvial,phash:61280229e46e4f90,phash:61280229e46e4f90,,,train
5b79db74545b636f58c9,IMG_0209_M_0_10_light_brown_M_40_50_light_brown.jpg,Soil_Labeled_Data/M_50_60/L_50_60/alluvial/IMG_0209_M_0_10_light_brown_M_40_50_light_brown.jpg,Soil_Labeled_Data/M_50_60/L_50_60/alluvial/IMG_0209_M_0_10_light_brown_M_40_50_light_brown.jpg,PRESENT,False,2170889e9b0395aafa9cc17a310955f0b954821ebb803cd92a862bafba130973,56,58,53,5,M_50_60,L_50_60,alluvial,phash:a9b092d3bd7f8ca3,phash:a9b092d3bd7f8ca3,,,train
a5aa5036cde332bf11e3,IMG_0632_M_10_20_gray_brown_M_40_50_light_brown.jpg,Soil_Labeled_Data/M_50_60/L_50_60/alluvial/IMG_0632_M_10_20_gray_brown_M_40_50_light_brown.jpg,Soil_Labeled_Data/M_50_60/L_50_60/alluvial/IMG_0632_M_10_20_gray_brown_M_40_50_light_brown.jpg,PRESENT,False,2782496193c052ab8eab8b6839b46cdb336e70a00a5983905565999eb5b8e63f,60,62,54,5,M_50_60,L_50_60,alluvial,phash:e41b56e0db0207b7,phash:e41b56e0db0207b7,,,train
c4f9d583630e9f53aefe,IMG_0640_M_10_20_light_brown_M_40_50_gray_brown.jpg,Soil_Labeled_Data/M_50_60/L_50_60/alluvial/IMG_0640_M_10_20_light_brown_M_40_50_gray_brown.jpg,Soil_Labeled_Data/M_50_60/L_50_60/alluvial/IMG_0640_M_10_20_light_brown_M_40_50_gray_brown.jpg,PRESENT,False,8a42c1b9f6b64f33cc1e85828d4bd6827dbea4c0e743da4c5855ea3012e15aea,55,55,57,5,M_50_60,L_50_60,alluvial,phash:252bcc7e88528538,phash:252bcc7e88528538,,,train
c0b0d233ff75401c6aca,IMG_0641_M_10_20_clayish_red_M_40_50_gray_brown.jpg,Soil_Labeled_Data/M_50_60/L_50_60/alluvial/IMG_0641_M_10_20_clayish_red_M_40_50_gray_brown.jpg,Soil_Labeled_Data/M_50_60/L_50_60/alluvial/IMG_0641_M_10_20_clayish_red_M_40_50_gray_brown.jpg,PRESENT,False,2c6838b9305d24f73bd8c2959d6ffa6ec566e6877a0535a3619d8fe0039b3308,53,56,57,5,M_50_60,L_50_60,alluvial,phash:dbf2ab5282982124,phash:dbf2ab5282982124,,,train
6c755587629335c6b654,IMG_0642_M_10_20_gray_brown_M_40_50_gray_brown.jpg,Soil_Labeled_Data/M_50_60/L_50_60/alluvial/IMG_0642_M_10_20_gray_brown_M_40_50_gray_brown.jpg,Soil_Labeled_Data/M_50_60/L_50_60/alluvial/IMG_0642_M_10_20_gray_brown_M_40_50_gray_brown.jpg,PRESENT,False,178fc125ae3b808ad6493557c5a974456c47c5c8b0234fc248bb5a775364ebdd,57,61,60,5,M_50_60,L_50_60,alluvial,phash:b897f55411018911,phash:b897f55411018911,,,train
41c18c45fdae6e2c362c,IMG_0644_M_10_20_light_brown_M_40_50_light_brown.jpg,Soil_Labeled_Data/M_50_60/L_50_60/alluvial/IMG_0644_M_10_20_light_brown_M_40_50_light_brown.jpg,Soil_Labeled_Data/M_50_60/L_50_60/alluvial/IMG_0644_M_10_20_light_brown_M_40_50_light_brown.jpg,PRESENT,False,efab13d599a86e7937c6eb5396804ceda79cbc39fb23c9296d2baa7d0965e783,56,56,59,5,M_50_60,L_50_60,alluvial,phash:8f6adc2c4b57fab2,phash:8f6adc2c4b57fab2,,,train
a5f2eea865e58ca1b877,z5719945047556_cad2b245e96e675e8307be1ecf1a91f9_M_30_40_gray_brown_M_40_50_gray_brown.jpg,Soil_Labeled_Data/M_50_60/L_50_60/alluvial/z5719945047556_cad2b245e96e675e8307be1ecf1a91f9_M_30_40_gray_brown_M_40_50_gray_brown.jpg,Soil_Labeled_Data/M_50_60/L_50_60/alluvial/z5719945047556_cad2b245e96e675e8307be1ecf1a91f9_M_30_40_gray_brown_M_40_50_gray_brown.jpg,PRESENT,False,f6410acd8783ae8af283fdb0c3b3a1a0ecacb9140849870f6def95bd47dec195,56,57,53,5,M_50_60,L_50_60,alluvial,phash:39160d85a60b1913,phash:39160d85a60b1913,,,train
3ecc8fcbe7891c9cfc5b,z5719945237944_9e81baa660ace3bd2958bfa740e457b9_M_30_40_gray_brown.jpg,Soil_Labeled_Data/M_50_60/L_50_60/alluvial/z5719945237944_9e81baa660ace3bd2958bfa740e457b9_M_30_40_gray_brown.jpg,Soil_Labeled_Data/M_50_60/L_50_60/alluvial/z5719945237944_9e81baa660ace3bd2958bfa740e457b9_M_30_40_gray_brown.jpg,PRESENT,False,271faa0cbdd10120afdc376824870065a3028faa092d46ca06ddd181bd156190,50,53,55,5,M_50_60,L_50_60,alluvial,phash:80dd9e7c4fcf4f4e,phash:80dd9e7c4fcf4f4e,,,train
a10ce5588ab3ec62873c,z5719945282121_22a25cca44c3ca90506d7f082a8e62ba_M_30_40_pale_yellow_M_40_50_gray_brown.jpg,Soil_Labeled_Data/M_50_60/L_50_60/alluvial/z5719945282121_22a25cca44c3ca90506d7f082a8e62ba_M_30_40_pale_yellow_M_40_50_gray_brown.jpg,Soil_Labeled_Data/M_50_60/L_50_60/alluvial/z5719945282121_22a25cca44c3ca90506d7f082a8e62ba_M_30_40_pale_yellow_M_40_50_gray_brown.jpg,PRESENT,False,83df3d5905294a6339a4acb11214690ffb8c4e6df88a97e72608143ee2f7fe7b,60,61,54,5,M_50_60,L_50_60,alluvial,phash:bef86f50238eb24a,phash:bef86f50238eb24a,,,train
8abbebdba1d3b19ef3e4,z5719945410375_d68840a29b4222519ffac084ea8cf065_M_30_40_light_brown.jpg,Soil_Labeled_Data/M_50_60/L_50_60/alluvial/z5719945410375_d68840a29b4222519ffac084ea8cf065_M_30_40_light_brown.jpg,Soil_Labeled_Data/M_50_60/L_50_60/alluvial/z5719945410375_d68840a29b4222519ffac084ea8cf065_M_30_40_light_brown.jpg,PRESENT,False,811a190ee5638dbef843d1dbe4724b72a2494145cec63e99dc4c585081253594,52,55,58,5,M_50_60,L_50_60,alluvial,phash:ff670dc08f99ba9e,phash:ff670dc08f99ba9e,,,train
afdf9bb008a0c5b109cd,z5719945410375_d68840a29b4222519ffac084ea8cf065_M_30_40_pale_yellow_M_40_50_gray_brown.jpg,Soil_Labeled_Data/M_50_60/L_50_60/alluvial/z5719945410375_d68840a29b4222519ffac084ea8cf065_M_30_40_pale_yellow_M_40_50_gray_brown.jpg,Soil_Labeled_Data/M_50_60/L_50_60/alluvial/z5719945410375_d68840a29b4222519ffac084ea8cf065_M_30_40_pale_yellow_M_40_50_gray_brown.jpg,PRESENT,False,4d227face19e243dfc9e8575aafd48c7dc97145c0ac64861305fa2cf6924ebcc,56,59,52,5,M_50_60,L_50_60,alluvial,phash:ff670dc08f99ba9e,phash:ff670dc08f99ba9e,,,train
8be22dace2934bdea7c8,z5719945442394_074f397072a0e21797e33be6440ab366_M_30_40_light_brown_M_40_50_light_brown.jpg,Soil_Labeled_Data/M_50_60/L_50_60/alluvial/z5719945442394_074f397072a0e21797e33be6440ab366_M_30_40_light_brown_M_40_50_light_brown.jpg,Soil_Labeled_Data/M_50_60/L_50_60/alluvial/z5719945442394_074f397072a0e21797e33be6440ab366_M_30_40_light_brown_M_40_50_light_brown.jpg,PRESENT,False,ac8910839217408ac23968d765d462522e2723c99b750cade2b881828a8db752,57,57,59,5,M_50_60,L_50_60,alluvial,phash:2765edb8329cb206,phash:2765edb8329cb206,,,train
43fc14e42e6677d90077,z5719945442394_074f397072a0e21797e33be6440ab366_M_30_40_pale_yellow_M_40_50_light_brown.jpg,Soil_Labeled_Data/M_50_60/L_50_60/alluvial/z5719945442394_074f397072a0e21797e33be6440ab366_M_30_40_pale_yellow_M_40_50_light_brown.jpg,Soil_Labeled_Data/M_50_60/L_50_60/alluvial/z5719945442394_074f397072a0e21797e33be6440ab366_M_30_40_pale_yellow_M_40_50_light_brown.jpg,PRESENT,False,17b6371c99fbeeb79573680e3d2e25f4dfc3fb2ecc4e73ee21331ea044f9b8c8,55,59,52,5,M_50_60,L_50_60,alluvial,phash:2765edb8329cb206,phash:2765edb8329cb206,,,train
331a1205b1b8b244f43a,z5719945465403_eef403001195b9d5de6375b6fe2e3628_M_30_40_gray_brown.jpg,Soil_Labeled_Data/M_50_60/L_50_60/alluvial/z5719945465403_eef403001195b9d5de6375b6fe2e3628_M_30_40_gray_brown.jpg,Soil_Labeled_Data/M_50_60/L_50_60/alluvial/z5719945465403_eef403001195b9d5de6375b6fe2e3628_M_30_40_gray_brown.jpg,PRESENT,False,9e2945fe30bcd6ae996707af9b3ffdd7bd17e099de95dc57e712023693fa60aa,55,58,51,5,M_50_60,L_50_60,alluvial,phash:90a9507b3fdd1392,phash:90a9507b3fdd1392,,,train
3d2eda1e4498ea20256b,z5719945512664_b31ee4aecf6a552463f894dbf83282d1_M_30_40_clayish_red_M_40_50_light_brown.jpg,Soil_Labeled_Data/M_50_60/L_50_60/alluvial/z5719945512664_b31ee4aecf6a552463f894dbf83282d1_M_30_40_clayish_red_M_40_50_light_brown.jpg,Soil_Labeled_Data/M_50_60/L_50_60/alluvial/z5719945512664_b31ee4aecf6a552463f894dbf83282d1_M_30_40_clayish_red_M_40_50_light_brown.jpg,PRESENT,False,ef775e390a4274c0552af9148e6c1b0c191a5540a97de459ab85f75dd6077a5e,55,57,58,5,M_50_60,L_50_60,alluvial,phash:1393e6d17ef1dd32,phash:1393e6d17ef1dd32,,,train
4fa1302492f334524ef2,z5719945538606_74154fe115c2ace51dfd6ecc533d4633_M_30_40_pale_yellow_M_40_50_light_brown.jpg,Soil_Labeled_Data/M_50_60/L_50_60/alluvial/z5719945538606_74154fe115c2ace51dfd6ecc533d4633_M_30_40_pale_yellow_M_40_50_light_brown.jpg,Soil_Labeled_Data/M_50_60/L_50_60/alluvial/z5719945538606_74154fe115c2ace51dfd6ecc533d4633_M_30_40_pale_yellow_M_40_50_light_brown.jpg,PRESENT,False,0f0354fb4c85e1208289dfec4d26e1032875388b6a5f296c4b090b06cef8e5cc,58,59,51,5,M_50_60,L_50_60,alluvial,phash:f65cac7b6916c0db,phash:f65cac7b6916c0db,,,train
9e938a2cdf5d2fbc9fc9,IMG_0239_M_0_10_light_brown_M_40_50_gray_brown.jpg,Soil_Labeled_Data/M_50_60/L_60_70/alluvial/IMG_0239_M_0_10_light_brown_M_40_50_gray_brown.jpg,Soil_Labeled_Data/M_50_60/L_60_70/alluvial/IMG_0239_M_0_10_light_brown_M_40_50_gray_brown.jpg,PRESENT,False,7403c08684fd6c8ce0816309150a6f4c08d3fd4ae1c792942fc6fffc415df0e7,56,56,61,5,M_50_60,L_60_70,alluvial,phash:2596a36dcbaad8c9,phash:2596a36dcbaad8c9,,,train
179e3ce2cf20d3207ec6,IMG_0241_M_0_10_gray_brown_M_40_50_light_brown.jpg,Soil_Labeled_Data/M_50_60/L_60_70/alluvial/IMG_0241_M_0_10_gray_brown_M_40_50_light_brown.jpg,Soil_Labeled_Data/M_50_60/L_60_70/alluvial/IMG_0241_M_0_10_gray_brown_M_40_50_light_brown.jpg,PRESENT,False,de396e8e7a7eac5b5ceca4070ff3d229b44e2893608a84db5e0a6362360878ef,53,53,63,5,M_50_60,L_60_70,alluvial,phash:c54122dc935fea79,phash:c54122dc935fea79,,,train
e8edf65403149ca31377,IMG_0242_M_0_10_light_brown_M_40_50_light_brown.jpg,Soil_Labeled_Data/M_50_60/L_60_70/alluvial/IMG_0242_M_0_10_light_brown_M_40_50_light_brown.jpg,Soil_Labeled_Data/M_50_60/L_60_70/alluvial/IMG_0242_M_0_10_light_brown_M_40_50_light_brown.jpg,PRESENT,False,6e8a0466a7455b39897eb2ab915854083d8b518d7de0e1535ee44b1fc6b1cd32,54,56,70,5,M_50_60,L_60_70,alluvial,phash:72f2bba7253dc548,phash:72f2bba7253dc548,,,train
2d71c8c27843e480af89,IMG_0244_M_0_10_clayish_red_M_40_50_gray_brown.jpg,Soil_Labeled_Data/M_50_60/L_60_70/alluvial/IMG_0244_M_0_10_clayish_red_M_40_50_gray_brown.jpg,Soil_Labeled_Data/M_50_60/L_60_70/alluvial/IMG_0244_M_0_10_clayish_red_M_40_50_gray_brown.jpg,PRESENT,False,31018c9bdde3466aa71199bb8c9c59d7a0ebb9e39504ba76541f4306916b371f,55,58,69,5,M_50_60,L_60_70,alluvial,phash:b637075916ceadb4,phash:b637075916ceadb4,,,train
fdbbaf238c25edb00f42,IMG_0247_M_0_10_light_brown_M_40_50_light_brown.jpg,Soil_Labeled_Data/M_50_60/L_60_70/alluvial/IMG_0247_M_0_10_light_brown_M_40_50_light_brown.jpg,Soil_Labeled_Data/M_50_60/L_60_70/alluvial/IMG_0247_M_0_10_light_brown_M_40_50_light_brown.jpg,PRESENT,False,26129983f38649038bdd89e682dab25b2d6a10760fd886ea90d65bedb12fc6a0,59,58,64,5,M_50_60,L_60_70,alluvial,phash:4dd3a5c57ac11698,phash:4dd3a5c57ac11698,,,train
c48f07b265591074a5e3,IMG_0249_M_0_10_pale_yellow_M_40_50_light_brown.jpg,Soil_Labeled_Data/M_50_60/L_60_70/alluvial/IMG_0249_M_0_10_pale_yellow_M_40_50_light_brown.jpg,Soil_Labeled_Data/M_50_60/L_60_70/alluvial/IMG_0249_M_0_10_pale_yellow_M_40_50_light_brown.jpg,PRESENT,False,bacf7e01011376d68f24e1900bf7dd3b24cf684fc61a06c1f0b858dd87980b0f,55,56,70,5,M_50_60,L_60_70,alluvial,phash:766fecf2e5383231,phash:766fecf2e5383231,,,train
891c95fd3adcbecebb33,IMG_0250_M_0_10_pale_yellow_M_40_50_light_brown.jpg,Soil_Labeled_Data/M_50_60/L_60_70/alluvial/IMG_0250_M_0_10_pale_yellow_M_40_50_light_brown.jpg,Soil_Labeled_Data/M_50_60/L_60_70/alluvial/IMG_0250_M_0_10_pale_yellow_M_40_50_light_brown.jpg,PRESENT,False,734bc749d7ab05d1fcd44242a81945a111d5814ed5f8a544c37d8e17c7eaa8a1,50,53,64,5,M_50_60,L_60_70,alluvial,phash:7cc0d10041dd5ffd,phash:7cc0d10041dd5ffd,,,train
1abf13be48b002b4725d,IMG_0254_M_0_10_light_brown_M_40_50_gray_brown.jpg,Soil_Labeled_Data/M_50_60/L_60_70/alluvial/IMG_0254_M_0_10_light_brown_M_40_50_gray_brown.jpg,Soil_Labeled_Data/M_50_60/L_60_70/alluvial/IMG_0254_M_0_10_light_brown_M_40_50_gray_brown.jpg,PRESENT,False,9648b8fc88730728c0b226bec38d536f644b2912659b96bebe5a57d9fc5cfaa0,50,50,61,5,M_50_60,L_60_70,alluvial,phash:3a82b527ebf76359,phash:3a82b527ebf76359,,,train
33d4585f82f0823d1ed8,IMG_0257_M_0_10_clayish_red_M_40_50_gray_brown.jpg,Soil_Labeled_Data/M_50_60/L_60_70/alluvial/IMG_0257_M_0_10_clayish_red_M_40_50_gray_brown.jpg,Soil_Labeled_Data/M_50_60/L_60_70/alluvial/IMG_0257_M_0_10_clayish_red_M_40_50_gray_brown.jpg,PRESENT,False,50e69b5f53ba784f2531b97b34ca3f48cbecf13fb6665f43cbeaa44140f0516c,58,59,68,5,M_50_60,L_60_70,alluvial,phash:f7221dde8b78e6c4,phash:f7221dde8b78e6c4,,,train
5502d2b955366340df1c,IMG_0257_M_0_10_light_brown_M_40_50_light_brown.jpg,Soil_Labeled_Data/M_50_60/L_60_70/alluvial/IMG_0257_M_0_10_light_brown_M_40_50_light_brown.jpg,Soil_Labeled_Data/M_50_60/L_60_70/alluvial/IMG_0257_M_0_10_light_brown_M_40_50_light_brown.jpg,PRESENT,False,d4ecd721421c4ca89d730b82404541480ae328f4e98e5d818849d2af80b238a3,57,59,68,5,M_50_60,L_60_70,alluvial,phash:f7221dde8b78e6c4,phash:f7221dde8b78e6c4,,,train
d1229f5336d38f5da971,IMG_0258_M_0_10_pale_yellow_M_40_50_light_brown.jpg,Soil_Labeled_Data/M_50_60/L_60_70/alluvial/IMG_0258_M_0_10_pale_yellow_M_40_50_light_brown.jpg,Soil_Labeled_Data/M_50_60/L_60_70/alluvial/IMG_0258_M_0_10_pale_yellow_M_40_50_light_brown.jpg,PRESENT,False,9008248ed5daedef6f390eba2c0ab77df3eed4e8486e220feb36eae35b7d40df,52,55,62,5,M_50_60,L_60_70,alluvial,phash:17e978ef03cb2911,phash:17e978ef03cb2911,,,train
95a075df0f54d49af1f4,IMG_0675_M_10_20_pale_yellow_M_40_50_gray_brown.jpg,Soil_Labeled_Data/M_50_60/L_60_70/alluvial/IMG_0675_M_10_20_pale_yellow_M_40_50_gray_brown.jpg,Soil_Labeled_Data/M_50_60/L_60_70/alluvial/IMG_0675_M_10_20_pale_yellow_M_40_50_gray_brown.jpg,PRESENT,False,649b064eeaaa0d923f46a83557de6b3c1a595b3194e47376858b3ad8422085c0,51,53,68,5,M_50_60,L_60_70,alluvial,phash:a428d9fcdf8d24fa,phash:a428d9fcdf8d24fa,,,train
158fd6ecb1b45058b47c,IMG_0676_M_10_20_pale_yellow_M_30_40_gray_brown.jpg,Soil_Labeled_Data/M_50_60/L_60_70/alluvial/IMG_0676_M_10_20_pale_yellow_M_30_40_gray_brown.jpg,Soil_Labeled_Data/M_50_60/L_60_70/alluvial/IMG_0676_M_10_20_pale_yellow_M_30_40_gray_brown.jpg,PRESENT,False,8803a0f3c3053df4e1ff510de68a91a278e216dfe3756be5d11ba70fb33a9fd5,54,56,67,5,M_50_60,L_60_70,alluvial,phash:984a40d9cc34abc9,phash:984a40d9cc34abc9,,,train
c0680ab713288a1bd8e8,IMG_0679_M_10_20_light_brown_M_40_50_gray_brown.jpg,Soil_Labeled_Data/M_50_60/L_60_70/alluvial/IMG_0679_M_10_20_light_brown_M_40_50_gray_brown.jpg,Soil_Labeled_Data/M_50_60/L_60_70/alluvial/IMG_0679_M_10_20_light_brown_M_40_50_gray_brown.jpg,PRESENT,False,5d96907fd07378a2cc891db6eed1b1f25d6963346f24f5e02c960d2719f1d7a5,51,51,62,5,M_50_60,L_60_70,alluvial,phash:511c840490f6b4a6,phash:511c840490f6b4a6,,,train
3923ec73a9a96825ac74,IMG_0681_M_10_20_light_brown_M_30_40_light_brown.jpg,Soil_Labeled_Data/M_50_60/L_60_70/alluvial/IMG_0681_M_10_20_light_brown_M_30_40_light_brown.jpg,Soil_Labeled_Data/M_50_60/L_60_70/alluvial/IMG_0681_M_10_20_light_brown_M_30_40_light_brown.jpg,PRESENT,False,277b3e8259a0f0b7632b2fbd1ac6f18dcdc9c7097c9df3f4a26c52a6451d63a5,50,49,66,5,M_50_60,L_60_70,alluvial,phash:5e8401d92ec70f04,phash:5e8401d92ec70f04,,,train
0caae34edb6dca39d52d,IMG_0682_M_10_20_light_brown_M_30_40_gray_brown.jpg,Soil_Labeled_Data/M_50_60/L_60_70/alluvial/IMG_0682_M_10_20_light_brown_M_30_40_gray_brown.jpg,Soil_Labeled_Data/M_50_60/L_60_70/alluvial/IMG_0682_M_10_20_light_brown_M_30_40_gray_brown.jpg,PRESENT,False,41360f0356f4eb9b761d92e70cec8c64678ce7f758b764c896bb43a46b6a9135,52,52,66,5,M_50_60,L_60_70,alluvial,phash:019406175839e097,phash:019406175839e097,,,train
4c65f4c69be4798fab4d,IMG_0682_M_10_20_light_brown_M_40_50_gray_brown.jpg,Soil_Labeled_Data/M_50_60/L_60_70/alluvial/IMG_0682_M_10_20_light_brown_M_40_50_gray_brown.jpg,Soil_Labeled_Data/M_50_60/L_60_70/alluvial/IMG_0682_M_10_20_light_brown_M_40_50_gray_brown.jpg,PRESENT,False,518437051917a01668e61b7d5ee0d5f059239023781ec597f61948751763c68d,51,51,63,5,M_50_60,L_60_70,alluvial,phash:019406175839e097,phash:019406175839e097,,,train
ddb0f7e1e0b4665ccd47,z5715083885623_9f42a940c20ea1e55af3e06994578004_M_20_30_light_brown_M_30_40_light_brown.jpg,Soil_Labeled_Data/M_50_60/L_60_70/alluvial/z5715083885623_9f42a940c20ea1e55af3e06994578004_M_20_30_light_brown_M_30_40_light_brown.jpg,Soil_Labeled_Data/M_50_60/L_60_70/alluvial/z5715083885623_9f42a940c20ea1e55af3e06994578004_M_20_30_light_brown_M_30_40_light_brown.jpg,PRESENT,False,8d5dad0420745de8b7c29dadf9b8601c6c708b3fb47a79caab6d8672079c531a,59,61,64,5,M_50_60,L_60_70,alluvial,phash:780eb3e36ab6145a,phash:780eb3e36ab6145a,,,train
64c9d92796fbb7ba2c69,z5715084235063_019bf1d09588c2fd5226859f4331698b_M_20_30_light_brown_M_30_40_light_brown.jpg,Soil_Labeled_Data/M_50_60/L_60_70/alluvial/z5715084235063_019bf1d09588c2fd5226859f4331698b_M_20_30_light_brown_M_30_40_light_brown.jpg,Soil_Labeled_Data/M_50_60/L_60_70/alluvial/z5715084235063_019bf1d09588c2fd5226859f4331698b_M_20_30_light_brown_M_30_40_light_brown.jpg,PRESENT,False,bcc5f8f04eb0960722e78e888acd6978ba069286e3d3ca732e7f37b3f1a98f51,51,51,70,5,M_50_60,L_60_70,alluvial,phash:2239954b40c98c02,phash:2239954b40c98c02,,,train
828a81427eb773d65ceb,z5715084451345_2e9b065fd62392917b331a68b82abded_M_20_30_light_brown_M_30_40_light_brown.jpg,Soil_Labeled_Data/M_50_60/L_60_70/alluvial/z5715084451345_2e9b065fd62392917b331a68b82abded_M_20_30_light_brown_M_30_40_light_brown.jpg,Soil_Labeled_Data/M_50_60/L_60_70/alluvial/z5715084451345_2e9b065fd62392917b331a68b82abded_M_20_30_light_brown_M_30_40_light_brown.jpg,PRESENT,False,26a023c444cb6ff3c0ff350719216c38a62e61f7dfeb1311bc86ab4b146fffe6,58,58,69,5,M_50_60,L_60_70,alluvial,phash:0415e4080b15a32f,phash:0415e4080b15a32f,,,train
a895b326514498fb37a9,IMG_0283_M_0_10_pale_yellow_M_40_50_light_brown.jpg,Soil_Labeled_Data/M_50_60/L_70_80/alluvial/IMG_0283_M_0_10_pale_yellow_M_40_50_light_brown.jpg,Soil_Labeled_Data/M_50_60/L_70_80/alluvial/IMG_0283_M_0_10_pale_yellow_M_40_50_light_brown.jpg,PRESENT,False,67bd884b1f92e14934767f4148f27dc60d3058b984ba9ee5def0bd262fde8665,60,61,75,5,M_50_60,L_70_80,alluvial,phash:bf74a62949a5d43e,phash:bf74a62949a5d43e,,,train
90876fe2ab06483d6403,IMG_0286_M_0_10_pale_yellow_M_40_50_gray_brown.jpg,Soil_Labeled_Data/M_50_60/L_70_80/alluvial/IMG_0286_M_0_10_pale_yellow_M_40_50_gray_brown.jpg,Soil_Labeled_Data/M_50_60/L_70_80/alluvial/IMG_0286_M_0_10_pale_yellow_M_40_50_gray_brown.jpg,PRESENT,False,0f8afc75e1fa29010254109e0785567d9e24c5f231f5b50afed96fa757abb595,52,54,74,5,M_50_60,L_70_80,alluvial,phash:430ed9a6cfd66f1c,phash:430ed9a6cfd66f1c,,,train
c7e83f2fc4b8fecbb626,IMG_0288_M_0_10_gray_brown_M_40_50_light_brown.jpg,Soil_Labeled_Data/M_50_60/L_70_80/alluvial/IMG_0288_M_0_10_gray_brown_M_40_50_light_brown.jpg,Soil_Labeled_Data/M_50_60/L_70_80/alluvial/IMG_0288_M_0_10_gray_brown_M_40_50_light_brown.jpg,PRESENT,False,9a84d21f12a3432e24af584b0b7ae5782e6c4f94856193282f4a02cb1b1b84c5,56,57,80,5,M_50_60,L_70_80,alluvial,phash:d2d6c675b39da7f8,phash:d2d6c675b39da7f8,,,train
fc86d79faa543a7422c4,IMG_0290_M_0_10_light_brown_M_40_50_light_brown.jpg,Soil_Labeled_Data/M_50_60/L_70_80/alluvial/IMG_0290_M_0_10_light_brown_M_40_50_light_brown.jpg,Soil_Labeled_Data/M_50_60/L_70_80/alluvial/IMG_0290_M_0_10_light_brown_M_40_50_light_brown.jpg,PRESENT,False,e7315be40b6a490e6257f56b608a9a476f881d731d867b49397e495788dafed5,60,60,73,5,M_50_60,L_70_80,alluvial,phash:8d480b16949f2dfa,phash:8d480b16949f2dfa,,,train
ed9b5c3d206c7eb0b273,IMG_0293_M_0_10_gray_brown_M_40_50_gray_brown.jpg,Soil_Labeled_Data/M_50_60/L_70_80/alluvial/IMG_0293_M_0_10_gray_brown_M_40_50_gray_brown.jpg,Soil_Labeled_Data/M_50_60/L_70_80/alluvial/IMG_0293_M_0_10_gray_brown_M_40_50_gray_brown.jpg,PRESENT,False,ef098b7d8e1fcd1d50f9ba4427be58ebfc1e64c4da9eb76d809a489c6f562511,58,57,78,5,M_50_60,L_70_80,alluvial,phash:c937577b1b7aa40e,phash:c937577b1b7aa40e,,,train
7c94cb45a329256ddc55,IMG_0698_M_10_20_pale_yellow_M_30_40_gray_brown.jpg,Soil_Labeled_Data/M_50_60/L_70_80/alluvial/IMG_0698_M_10_20_pale_yellow_M_30_40_gray_brown.jpg,Soil_Labeled_Data/M_50_60/L_70_80/alluvial/IMG_0698_M_10_20_pale_yellow_M_30_40_gray_brown.jpg,PRESENT,False,b1aa5d942412e8bc954e0ca85c9cb3c3ff0e1d495f0c073f0cf1bc5cea0d8763,56,58,76,5,M_50_60,L_70_80,alluvial,phash:3bb8acb89f03a372,phash:3bb8acb89f03a372,,,train
f23a5755b3802a26a70a,IMG_0702_M_10_20_pale_yellow_M_30_40_gray_brown.jpg,Soil_Labeled_Data/M_50_60/L_70_80/alluvial/IMG_0702_M_10_20_pale_yellow_M_30_40_gray_brown.jpg,Soil_Labeled_Data/M_50_60/L_70_80/alluvial/IMG_0702_M_10_20_pale_yellow_M_30_40_gray_brown.jpg,PRESENT,False,7b2189d99ff2d589685ee465c8ccdae903928c377b86adf014613264ca54d08e,58,60,76,5,M_50_60,L_70_80,alluvial,phash:da003ea3a8a9acb4,phash:da003ea3a8a9acb4,,,train
3c2878a568de95a573ff,IMG_0704_M_10_20_pale_yellow_M_40_50_light_brown.jpg,Soil_Labeled_Data/M_50_60/L_70_80/alluvial/IMG_0704_M_10_20_pale_yellow_M_40_50_light_brown.jpg,Soil_Labeled_Data/M_50_60/L_70_80/alluvial/IMG_0704_M_10_20_pale_yellow_M_40_50_light_brown.jpg,PRESENT,False,315fc08be383834fc0c0187a227f58b45633e72e2a83f2d596599b5ee35c217e,51,52,73,5,M_50_60,L_70_80,alluvial,phash:357263c31a5c1453,phash:357263c31a5c1453,,,train
9090d19f820233461e4c,IMG_0710_M_10_20_pale_yellow_M_30_40_gray_brown.jpg,Soil_Labeled_Data/M_50_60/L_70_80/alluvial/IMG_0710_M_10_20_pale_yellow_M_30_40_gray_brown.jpg,Soil_Labeled_Data/M_50_60/L_70_80/alluvial/IMG_0710_M_10_20_pale_yellow_M_30_40_gray_brown.jpg,PRESENT,False,6c54b0d1b54e329d8ae879c2585010655f84b146199df95a744b7f02ad8e2009,57,56,75,5,M_50_60,L_70_80,alluvial,phash:5e8c45f8956cae93,phash:5e8c45f8956cae93,,,train
24e702f4e854837faae9,IMG_0714_M_10_20_light_brown_M_30_40_gray_brown.jpg,Soil_Labeled_Data/M_50_60/L_70_80/alluvial/IMG_0714_M_10_20_light_brown_M_30_40_gray_brown.jpg,Soil_Labeled_Data/M_50_60/L_70_80/alluvial/IMG_0714_M_10_20_light_brown_M_30_40_gray_brown.jpg,PRESENT,False,f360761258ed2b1e45baa877df0a6a5ad85853f34d8e973a5bc08d4ac9ff10d0,55,57,78,5,M_50_60,L_70_80,alluvial,phash:bc9c3f0c970894cc,phash:bc9c3f0c970894cc,,,train
7a32c58e6bc3edc401b2,IMG_0719_M_10_20_clayish_red_M_40_50_gray_brown.jpg,Soil_Labeled_Data/M_50_60/L_70_80/alluvial/IMG_0719_M_10_20_clayish_red_M_40_50_gray_brown.jpg,Soil_Labeled_Data/M_50_60/L_70_80/alluvial/IMG_0719_M_10_20_clayish_red_M_40_50_gray_brown.jpg,PRESENT,False,64c7a0a40cf43467d0b2a77827849b889d76c971c14fceaca8334030bdde751e,53,53,79,5,M_50_60,L_70_80,alluvial,phash:d1c90e142218287c,phash:d1c90e142218287c,,,train
a3b760dad87ab50145f9,z5715141626411_00b983fd5f44402c4bda94b5b928bb00_M_20_30_light_brown_M_30_40_light_brown.jpg,Soil_Labeled_Data/M_50_60/L_70_80/alluvial/z5715141626411_00b983fd5f44402c4bda94b5b928bb00_M_20_30_light_brown_M_30_40_light_brown.jpg,Soil_Labeled_Data/M_50_60/L_70_80/alluvial/z5715141626411_00b983fd5f44402c4bda94b5b928bb00_M_20_30_light_brown_M_30_40_light_brown.jpg,PRESENT,False,d00d9bbc280d3a4a1aaf50bce5bb8531512fab14be7bbc5b8234e5c8bd5a813b,51,51,80,5,M_50_60,L_70_80,alluvial,phash:58b6b94065785737,phash:58b6b94065785737,,,train
2cf0ea93d8b8f1d44738,z5715141676311_1d060c8ef71e58aadc2f6099b373b761_M_20_30_light_brown_M_30_40_gray_brown.jpg,Soil_Labeled_Data/M_50_60/L_70_80/alluvial/z5715141676311_1d060c8ef71e58aadc2f6099b373b761_M_20_30_light_brown_M_30_40_gray_brown.jpg,Soil_Labeled_Data/M_50_60/L_70_80/alluvial/z5715141676311_1d060c8ef71e58aadc2f6099b373b761_M_20_30_light_brown_M_30_40_gray_brown.jpg,PRESENT,False,9f626ef2004d94ad28591a57ee1c099dae597b66cafde453127b463ee52b084f,58,57,80,5,M_50_60,L_70_80,alluvial,phash:17a33323a8c95ba6,phash:17a33323a8c95ba6,,,train
896c8d8ad09b8acd0413,z5715141839575_b7b45144485ab528e29f7f20c818087e_M_20_30_light_brown_M_30_40_gray_brown.jpg,Soil_Labeled_Data/M_50_60/L_70_80/alluvial/z5715141839575_b7b45144485ab528e29f7f20c818087e_M_20_30_light_brown_M_30_40_gray_brown.jpg,Soil_Labeled_Data/M_50_60/L_70_80/alluvial/z5715141839575_b7b45144485ab528e29f7f20c818087e_M_20_30_light_brown_M_30_40_gray_brown.jpg,PRESENT,False,27d3f3001c284195a19bc838fba4fe37d2cb48ae8fced234f21dd3eb7c989d7f,55,58,75,5,M_50_60,L_70_80,alluvial,phash:a9a50068574c2f94,phash:a9a50068574c2f94,,,train
e1673337ea9d7587ab16,z5715142094388_c5aff9d8c06cb2f2846d510846da43cc_M_20_30_pale_yellow_M_30_40_light_brown.jpg,Soil_Labeled_Data/M_50_60/L_70_80/alluvial/z5715142094388_c5aff9d8c06cb2f2846d510846da43cc_M_20_30_pale_yellow_M_30_40_light_brown.jpg,Soil_Labeled_Data/M_50_60/L_70_80/alluvial/z5715142094388_c5aff9d8c06cb2f2846d510846da43cc_M_20_30_pale_yellow_M_30_40_light_brown.jpg,PRESENT,False,a2c51b2ae7f1b57527ded005ed508ea468f7648869a5203388a1657b0665146f,53,54,73,5,M_50_60,L_70_80,alluvial,phash:87a698f67236321c,phash:87a698f67236321c,,,train
509a8acfa385695488ac,z5715142193394_b30a0cc8a4160e93e5340cc2d37f7490_M_20_30_light_brown_M_30_40_gray_brown.jpg,Soil_Labeled_Data/M_50_60/L_70_80/alluvial/z5715142193394_b30a0cc8a4160e93e5340cc2d37f7490_M_20_30_light_brown_M_30_40_gray_brown.jpg,Soil_Labeled_Data/M_50_60/L_70_80/alluvial/z5715142193394_b30a0cc8a4160e93e5340cc2d37f7490_M_20_30_light_brown_M_30_40_gray_brown.jpg,PRESENT,False,22ff6d39400621d66e88c5154ebcef748bbc3072311605ca99676b982e4d29d1,57,58,77,5,M_50_60,L_70_80,alluvial,phash:bc8421654ab19e1d,phash:bc8421654ab19e1d,,,train
602eea684ad337c9ab28,M_50_60_L_80_90_0006_clay_red.jpg,Soil_Labeled_Data/M_50_60/L_80_90/alluvial/M_50_60_L_80_90_0006_clay_red.jpg,Soil_Labeled_Data/M_50_60/L_80_90/alluvial/M_50_60_L_80_90_0006_clay_red.jpg,PRESENT,False,f85df24e260bf03d090c52dd999207c4ca0e7409a831196980af4cf88ebc31cf,56,58,84,5,M_50_60,L_80_90,alluvial,phash:fb60e23b1c5f4197,phash:fb60e23b1c5f4197,,,train
be952ea764b048624ada,M_50_60_L_80_90_0009_wet_gray.jpg,Soil_Labeled_Data/M_50_60/L_80_90/alluvial/M_50_60_L_80_90_0009_wet_gray.jpg,Soil_Labeled_Data/M_50_60/L_80_90/alluvial/M_50_60_L_80_90_0009_wet_gray.jpg,PRESENT,False,c769a12bcd50b67c243059086c40d90f3d3a0531c8126992573c9c9d217b70ae,59,59,84,5,M_50_60,L_80_90,alluvial,phash:84986216fec716df,phash:84986216fec716df,,,train
72eea57324168481ef5a,M_50_60_L_80_90_0022_dark_brown.jpg,Soil_Labeled_Data/M_50_60/L_80_90/alluvial/M_50_60_L_80_90_0022_dark_brown.jpg,Soil_Labeled_Data/M_50_60/L_80_90/alluvial/M_50_60_L_80_90_0022_dark_brown.jpg,PRESENT,False,241401dc5127e5de9beda45b4f16ac743bb8778c53cbc2675ffeaf6ed1c54808,50,52,82,5,M_50_60,L_80_90,alluvial,phash:7a8bda37bd1a1b56,phash:7a8bda37bd1a1b56,,,train
e08192d5d1df63a0a58b,M_50_60_L_80_90_0025_light_brown.jpg,Soil_Labeled_Data/M_50_60/L_80_90/alluvial/M_50_60_L_80_90_0025_light_brown.jpg,Soil_Labeled_Data/M_50_60/L_80_90/alluvial/M_50_60_L_80_90_0025_light_brown.jpg,PRESENT,False,e0335b140202652048464f68f73be98f32f78e1dda09f5be60e50b1740367021,51,53,82,5,M_50_60,L_80_90,alluvial,phash:77ff853871681a5f,phash:77ff853871681a5f,,,train
528408eed077ac69832f,M_50_60_L_80_90_0037_dark_brown.jpg,Soil_Labeled_Data/M_50_60/L_80_90/alluvial/M_50_60_L_80_90_0037_dark_brown.jpg,Soil_Labeled_Data/M_50_60/L_80_90/alluvial/M_50_60_L_80_90_0037_dark_brown.jpg,PRESENT,False,088cd0e99d426d13a5c8b90c7fd28ecc4ee9ffd8c7abc272ced024c50f58481d,60,59,80,5,M_50_60,L_80_90,alluvial,phash:14f22c12d21ae414,phash:14f22c12d21ae414,,,train
2ef7388384efbcc8b85f,M_50_60_L_80_90_0050_gray_brown.jpg,Soil_Labeled_Data/M_50_60/L_80_90/alluvial/M_50_60_L_80_90_0050_gray_brown.jpg,Soil_Labeled_Data/M_50_60/L_80_90/alluvial/M_50_60_L_80_90_0050_gray_brown.jpg,PRESENT,False,b58ed325270d99e21648c918485a3ee11bf0487e9bc510b5ccf1484b400a7c9e,52,53,85,5,M_50_60,L_80_90,alluvial,phash:7fef4dde43e48360,phash:7fef4dde43e48360,,,train
e87c3c01ccd1da5093f0,M_50_60_L_80_90_0055_clay_red.jpg,Soil_Labeled_Data/M_50_60/L_80_90/alluvial/M_50_60_L_80_90_0055_clay_red.jpg,Soil_Labeled_Data/M_50_60/L_80_90/alluvial/M_50_60_L_80_90_0055_clay_red.jpg,PRESENT,False,26346a7d46ef0871b5d31e7daa2192fe379d21194fca0967791f0caa3e3794ef,56,58,86,5,M_50_60,L_80_90,alluvial,phash:fb60e23b1c5f4197,phash:fb60e23b1c5f4197,,,train
04233843c8228acfb417,M_50_60_L_80_90_0057_gray_brown.jpg,Soil_Labeled_Data/M_50_60/L_80_90/alluvial/M_50_60_L_80_90_0057_gray_brown.jpg,Soil_Labeled_Data/M_50_60/L_80_90/alluvial/M_50_60_L_80_90_0057_gray_brown.jpg,PRESENT,False,25fc2a5da99d55caa7557fb212b0e7d88d2a02dca9eb1ff620d6b5b0768d44b2,51,50,86,5,M_50_60,L_80_90,alluvial,phash:e57936d1add1597d,phash:e57936d1add1597d,,,train
82f79d314c37d56c8f93,M_50_60_L_80_90_0074_gray_brown.jpg,Soil_Labeled_Data/M_50_60/L_80_90/alluvial/M_50_60_L_80_90_0074_gray_brown.jpg,Soil_Labeled_Data/M_50_60/L_80_90/alluvial/M_50_60_L_80_90_0074_gray_brown.jpg,PRESENT,False,0ed9a96be5bfcf8180dd9622ac94c0ab3d4f436066b2355f7f2b44902489d0df,60,61,89,5,M_50_60,L_80_90,alluvial,phash:790ceaf06e875e73,phash:790ceaf06e875e73,,,train
a35e116e82cdfc062a6a,M_50_60_L_80_90_0081_gray_brown.jpg,Soil_Labeled_Data/M_50_60/L_80_90/alluvial/M_50_60_L_80_90_0081_gray_brown.jpg,Soil_Labeled_Data/M_50_60/L_80_90/alluvial/M_50_60_L_80_90_0081_gray_brown.jpg,PRESENT,False,9f3453ce7a4c82f4e9a0d463095802714c84586a218101d3c375ec3247220e0f,50,51,86,5,M_50_60,L_80_90,alluvial,phash:fb60e23b1c5f4197,phash:fb60e23b1c5f4197,,,train
0a673cf18c0c05c6c949,M_50_60_L_80_90_0087_gray_brown.jpg,Soil_Labeled_Data/M_50_60/L_80_90/alluvial/M_50_60_L_80_90_0087_gray_brown.jpg,Soil_Labeled_Data/M_50_60/L_80_90/alluvial/M_50_60_L_80_90_0087_gray_brown.jpg,PRESENT,False,1cbbb592c0a7715e5e3339743b3c9dbc87e3f3c1396c57e323ac997b7cd59dbd,51,51,87,5,M_50_60,L_80_90,alluvial,phash:a15659574d9b162a,phash:a15659574d9b162a,,,train
4b07a32cc42b86c6299e,M_50_60_L_80_90_0088_gray_brown.jpg,Soil_Labeled_Data/M_50_60/L_80_90/alluvial/M_50_60_L_80_90_0088_gray_brown.jpg,Soil_Labeled_Data/M_50_60/L_80_90/alluvial/M_50_60_L_80_90_0088_gray_brown.jpg,PRESENT,False,c9057dd7ceb917ab7bf938804745286a4817c5f3dbc6335216dbc18098f08155,54,54,80,5,M_50_60,L_80_90,alluvial,phash:7fef4dde43e48360,phash:7fef4dde43e48360,,,train
29f57f4725a8ec7baacf,M_50_60_L_80_90_0092_light_brown.jpg,Soil_Labeled_Data/M_50_60/L_80_90/alluvial/M_50_60_L_80_90_0092_light_brown.jpg,Soil_Labeled_Data/M_50_60/L_80_90/alluvial/M_50_60_L_80_90_0092_light_brown.jpg,PRESENT,False,d66abde67bfe689945102d4a2e116b2f7250865cbaa62d712f9a6fc17a1dca8e,52,54,88,5,M_50_60,L_80_90,alluvial,phash:87a0fc93f2cf29b3,phash:87a0fc93f2cf29b3,,,train
c3cf425ff11dfd4fac1f,M_50_60_L_80_90_0093_clay_red.jpg,Soil_Labeled_Data/M_50_60/L_80_90/alluvial/M_50_60_L_80_90_0093_clay_red.jpg,Soil_Labeled_Data/M_50_60/L_80_90/alluvial/M_50_60_L_80_90_0093_clay_red.jpg,PRESENT,False,b298e2c9df616a42b54988c988a23202f4dfe004093688121320abae4022d9a6,58,56,84,5,M_50_60,L_80_90,alluvial,phash:5d4a1cc17f3caf91,phash:5d4a1cc17f3caf91,,,train
85808c724f0b94d3dfcc,M_50_60_L_90_100_0026_clay_red.jpg,Soil_Labeled_Data/M_50_60/L_90_100/alluvial/M_50_60_L_90_100_0026_clay_red.jpg,Soil_Labeled_Data/M_50_60/L_90_100/alluvial/M_50_60_L_90_100_0026_clay_red.jpg,PRESENT,False,28b58a17768d0832e2f3536bd189a90b3e2552b4f4bd294a5c35ab5f5b19ee3d,56,55,100,5,M_50_60,L_90_100,alluvial,phash:fe5de7758ede66af,phash:fe5de7758ede66af,,,train
b613c9a82a84fbf67c0f,M_50_60_L_90_100_0030_light_brown.jpg,Soil_Labeled_Data/M_50_60/L_90_100/alluvial/M_50_60_L_90_100_0030_light_brown.jpg,Soil_Labeled_Data/M_50_60/L_90_100/alluvial/M_50_60_L_90_100_0030_light_brown.jpg,PRESENT,False,a1a8e56ef648fc2ab4ddd845ead06fef3f76f79fa6dd0a7295dcfa5758382b03,59,58,93,5,M_50_60,L_90_100,alluvial,phash:e8b9de4bf1b5ad35,phash:e8b9de4bf1b5ad35,,,train
1c09a7ba437688735be7,M_50_60_L_90_100_0037_dark_brown.jpg,Soil_Labeled_Data/M_50_60/L_90_100/alluvial/M_50_60_L_90_100_0037_dark_brown.jpg,Soil_Labeled_Data/M_50_60/L_90_100/alluvial/M_50_60_L_90_100_0037_dark_brown.jpg,PRESENT,False,1c0af51b4cffe5b5d1a350adcadd317e38ae1d25df500cf942818e8b4f28330f,57,55,93,5,M_50_60,L_90_100,alluvial,phash:3f12adad0d3de4b3,phash:3f12adad0d3de4b3,,,train
b03058c764482fb66e69,M_50_60_L_90_100_0043_dark_brown.jpg,Soil_Labeled_Data/M_50_60/L_90_100/alluvial/M_50_60_L_90_100_0043_dark_brown.jpg,Soil_Labeled_Data/M_50_60/L_90_100/alluvial/M_50_60_L_90_100_0043_dark_brown.jpg,PRESENT,False,64262c8406040c8b76d1f65d6e64c2b829ae1f8482f33850423e7adad637de93,55,54,97,5,M_50_60,L_90_100,alluvial,phash:16313a78b8c6de56,phash:16313a78b8c6de56,,,train
d35873d482a52947430f,M_50_60_L_90_100_0044_wet_gray.jpg,Soil_Labeled_Data/M_50_60/L_90_100/alluvial/M_50_60_L_90_100_0044_wet_gray.jpg,Soil_Labeled_Data/M_50_60/L_90_100/alluvial/M_50_60_L_90_100_0044_wet_gray.jpg,PRESENT,False,22b65678b66e38e28879494c56afb7d88d1d1e16a6748a51f1f723eecbd86d0e,53,53,99,5,M_50_60,L_90_100,alluvial,phash:fe5de7758ede66af,phash:fe5de7758ede66af,,,train
72ed0b43efb408fd6fb6,M_50_60_L_90_100_0045_dark_brown.jpg,Soil_Labeled_Data/M_50_60/L_90_100/alluvial/M_50_60_L_90_100_0045_dark_brown.jpg,Soil_Labeled_Data/M_50_60/L_90_100/alluvial/M_50_60_L_90_100_0045_dark_brown.jpg,PRESENT,False,ca320ef37e87aa2344cd44434576b93fee643fe99f707754423c63f60a8a43f2,53,53,92,5,M_50_60,L_90_100,alluvial,phash:186f1b83b794bf40,phash:186f1b83b794bf40,,,train
48ec6964490f8558cd34,M_50_60_L_90_100_0051_gray_brown.jpg,Soil_Labeled_Data/M_50_60/L_90_100/alluvial/M_50_60_L_90_100_0051_gray_brown.jpg,Soil_Labeled_Data/M_50_60/L_90_100/alluvial/M_50_60_L_90_100_0051_gray_brown.jpg,PRESENT,False,d3d56547befc0c68034fce09ddaa5798e653fc589bf41f29886fb4d09dbae62b,56,56,94,5,M_50_60,L_90_100,alluvial,phash:c07316710b5c7615,phash:c07316710b5c7615,,,train
b21ea86b3bb30a51bb02,M_50_60_L_90_100_0063_wet_gray.jpg,Soil_Labeled_Data/M_50_60/L_90_100/alluvial/M_50_60_L_90_100_0063_wet_gray.jpg,Soil_Labeled_Data/M_50_60/L_90_100/alluvial/M_50_60_L_90_100_0063_wet_gray.jpg,PRESENT,False,589891a9c74dcde44757009c3d9faf5b00811314cacec0dc24cf6c5b82e6ccf5,58,60,97,5,M_50_60,L_90_100,alluvial,phash:e282fa23d5ab9496,phash:e282fa23d5ab9496,,,train
97b6ba7c0cad2a73913d,M_50_60_L_90_100_0064_gray_brown.jpg,Soil_Labeled_Data/M_50_60/L_90_100/alluvial/M_50_60_L_90_100_0064_gray_brown.jpg,Soil_Labeled_Data/M_50_60/L_90_100/alluvial/M_50_60_L_90_100_0064_gray_brown.jpg,PRESENT,False,5bab1e9b1236695db108b5ea395d3bc42ca6bd7a577f7f43cbfb30c50103a28b,58,56,99,5,M_50_60,L_90_100,alluvial,phash:c87437fc240e682d,phash:c87437fc240e682d,,,train
2c72543586577568ed20,M_50_60_L_90_100_0067_light_brown.jpg,Soil_Labeled_Data/M_50_60/L_90_100/alluvial/M_50_60_L_90_100_0067_light_brown.jpg,Soil_Labeled_Data/M_50_60/L_90_100/alluvial/M_50_60_L_90_100_0067_light_brown.jpg,PRESENT,False,0f8cbea6721dcf40763dfbffbdc31707ead6ad63d9030335399d71d32b2daf80,57,56,90,5,M_50_60,L_90_100,alluvial,phash:c87437fc240e682d,phash:c87437fc240e682d,,,train
f11e66d094a90e1f8bd4,M_50_60_L_90_100_0073_light_brown.jpg,Soil_Labeled_Data/M_50_60/L_90_100/alluvial/M_50_60_L_90_100_0073_light_brown.jpg,Soil_Labeled_Data/M_50_60/L_90_100/alluvial/M_50_60_L_90_100_0073_light_brown.jpg,PRESENT,False,8c30cf60889c7a0cec1488962d4cd9cf66087d481a28eda5d63e4eff452156df,54,55,97,5,M_50_60,L_90_100,alluvial,phash:04a596876660edf6,phash:04a596876660edf6,,,train
908a76a0710b8a6b1a46,M_50_60_L_90_100_0075_light_brown.jpg,Soil_Labeled_Data/M_50_60/L_90_100/alluvial/M_50_60_L_90_100_0075_light_brown.jpg,Soil_Labeled_Data/M_50_60/L_90_100/alluvial/M_50_60_L_90_100_0075_light_brown.jpg,PRESENT,False,0915de8c97774ca8b60e42ab1f8039f1541ec732049a6be95fbfdc54f3234c9a,57,59,94,5,M_50_60,L_90_100,alluvial,phash:25a20c412fc48b30,phash:25a20c412fc48b30,,,train
12c3923232563894f907,M_50_60_L_90_100_0079_clay_red.jpg,Soil_Labeled_Data/M_50_60/L_90_100/alluvial/M_50_60_L_90_100_0079_clay_red.jpg,Soil_Labeled_Data/M_50_60/L_90_100/alluvial/M_50_60_L_90_100_0079_clay_red.jpg,PRESENT,False,6878c56c81e0d8f62e88db763a6832ccac64a8190c3eba58448cf4671d0d3836,57,55,100,5,M_50_60,L_90_100,alluvial,phash:c07316710b5c7615,phash:c07316710b5c7615,,,train
f3ddbf694b991d1e2943,M_50_60_L_90_100_0081_gray_brown.jpg,Soil_Labeled_Data/M_50_60/L_90_100/alluvial/M_50_60_L_90_100_0081_gray_brown.jpg,Soil_Labeled_Data/M_50_60/L_90_100/alluvial/M_50_60_L_90_100_0081_gray_brown.jpg,PRESENT,False,d32891161e66e9b0dcf5eecde0c43aab95d81d3ab9796155fa5e668565400bb4,54,54,92,5,M_50_60,L_90_100,alluvial,phash:109f4377503ddda1,phash:109f4377503ddda1,,,train
8356f01644a3ffe5ddfe,M_50_60_L_90_100_0083_light_brown.jpg,Soil_Labeled_Data/M_50_60/L_90_100/alluvial/M_50_60_L_90_100_0083_light_brown.jpg,Soil_Labeled_Data/M_50_60/L_90_100/alluvial/M_50_60_L_90_100_0083_light_brown.jpg,PRESENT,False,a91d174bc31bcefda444dcd347792e0de582bf45f69590aac1341c5540c00fad,57,57,99,5,M_50_60,L_90_100,alluvial,phash:9a4f78194ba33596,phash:9a4f78194ba33596,,,train
7ccbb926fba183c4dba0,M_50_60_L_90_100_0099_clay_red.jpg,Soil_Labeled_Data/M_50_60/L_90_100/alluvial/M_50_60_L_90_100_0099_clay_red.jpg,Soil_Labeled_Data/M_50_60/L_90_100/alluvial/M_50_60_L_90_100_0099_clay_red.jpg,PRESENT,False,a8447be769f06a4cef11caa38c1f05bdf660a6972eedaf2e6c6a5175fd696f3a,59,60,91,5,M_50_60,L_90_100,alluvial,phash:f664b3f7ab320084,phash:f664b3f7ab320084,,,train
216cc70abc6ec5ec8fdf,IMG_0407_M_10_20_light_brown_M_40_50_gray_brown_M_50_60_gray_brown.jpg,Soil_Labeled_Data/M_60_70/L_0_10/alluvial/IMG_0407_M_10_20_light_brown_M_40_50_gray_brown_M_50_60_gray_brown.jpg,Soil_Labeled_Data/M_60_70/L_0_10/alluvial/IMG_0407_M_10_20_light_brown_M_40_50_gray_brown_M_50_60_gray_brown.jpg,PRESENT,False,d766fac8c3d3f14b24ef5e60c00ed322c956b398138d122a471322410d4c2187,62,67,7,6,M_60_70,L_0_10,alluvial,phash:4756c126639a1165,phash:4756c126639a1165,,,train
def76db553aadcd1710d,IMG_0424_M_10_20_pale_yellow_M_40_50_gray_brown.jpg,Soil_Labeled_Data/M_60_70/L_0_10/alluvial/IMG_0424_M_10_20_pale_yellow_M_40_50_gray_brown.jpg,Soil_Labeled_Data/M_60_70/L_0_10/alluvial/IMG_0424_M_10_20_pale_yellow_M_40_50_gray_brown.jpg,PRESENT,False,04996447a1c5e33be989230b84d0b557909c9ee3d50ce36b1ba8997178536771,69,74,10,6,M_60_70,L_0_10,alluvial,phash:4756c126639a1165,phash:4756c126639a1165,,,train
9f62333d49d93ceb0b5d,IMG_0425_M_10_20_light_brown_M_40_50_light_brown_M_50_60_dark_brown.jpg,Soil_Labeled_Data/M_60_70/L_0_10/alluvial/IMG_0425_M_10_20_light_brown_M_40_50_light_brown_M_50_60_dark_brown.jpg,Soil_Labeled_Data/M_60_70/L_0_10/alluvial/IMG_0425_M_10_20_light_brown_M_40_50_light_brown_M_50_60_dark_brown.jpg,PRESENT,False,06818fd93670e614c93b1d9fa4239ec9b928b7a9cfb6cffee4e7e8a51f9ea3c3,67,73,2,6,M_60_70,L_0_10,alluvial,phash:4756c126639a1165,phash:4756c126639a1165,,,train
c2e8487689ff5d548fe2,z5714095361298_5b8521f71b6051a784c85bd3550ccbe0_M_0_10_pale_yellow_M_40_50_gray_brown.jpg,Soil_Labeled_Data/M_60_70/L_0_10/alluvial/z5714095361298_5b8521f71b6051a784c85bd3550ccbe0_M_0_10_pale_yellow_M_40_50_gray_brown.jpg,Soil_Labeled_Data/M_60_70/L_0_10/alluvial/z5714095361298_5b8521f71b6051a784c85bd3550ccbe0_M_0_10_pale_yellow_M_40_50_gray_brown.jpg,PRESENT,False,568694cbcc12859498a52307cb62a35a3fe93ac1bb247cdd3f3ba7b15501e7a7,64,67,5,6,M_60_70,L_0_10,alluvial,phash:43eb2bc58c1ed2f1,phash:43eb2bc58c1ed2f1,,,train
a65d8f9c7d046ef7cb22,z5716041803963_45e386f270937e1ffed33e997140939d_M_30_40_clayish_red_M_40_50_gray_brown_M_50_60_dark_brown.jpg,Soil_Labeled_Data/M_60_70/L_0_10/alluvial/z5716041803963_45e386f270937e1ffed33e997140939d_M_30_40_clayish_red_M_40_50_gray_brown_M_50_60_dark_brown.jpg,Soil_Labeled_Data/M_60_70/L_0_10/alluvial/z5716041803963_45e386f270937e1ffed33e997140939d_M_30_40_clayish_red_M_40_50_gray_brown_M_50_60_dark_brown.jpg,PRESENT,False,a9f64914d0111d24eff82449e3b299215eb8e09c192d9f4349128a354662bdcb,65,71,5,6,M_60_70,L_0_10,alluvial,phash:4756c126639a1165,phash:4756c126639a1165,,,train
df67baa08f6f47896465,z5716041962889_1d362459ea63da03f90b3aa0f319097d_M_30_40_light_brown_M_40_50_gray_brown_M_50_60_dark_brown.jpg,Soil_Labeled_Data/M_60_70/L_0_10/alluvial/z5716041962889_1d362459ea63da03f90b3aa0f319097d_M_30_40_light_brown_M_40_50_gray_brown_M_50_60_dark_brown.jpg,Soil_Labeled_Data/M_60_70/L_0_10/alluvial/z5716041962889_1d362459ea63da03f90b3aa0f319097d_M_30_40_light_brown_M_40_50_gray_brown_M_50_60_dark_brown.jpg,PRESENT,False,d08aa6a13a04fe5483827a01736e580777147de93393a00cec009af1eb921864,66,68,4,6,M_60_70,L_0_10,alluvial,phash:4756c126639a1165,phash:4756c126639a1165,,,train
0333501c81f527ccd3ba,z5716042289286_4f5ba54e9a7dd70e051e6c0bf403d0f8_M_30_40_pale_yellow_M_40_50_light_brown_M_50_60_dark_brown.jpg,Soil_Labeled_Data/M_60_70/L_0_10/alluvial/z5716042289286_4f5ba54e9a7dd70e051e6c0bf403d0f8_M_30_40_pale_yellow_M_40_50_light_brown_M_50_60_dark_brown.jpg,Soil_Labeled_Data/M_60_70/L_0_10/alluvial/z5716042289286_4f5ba54e9a7dd70e051e6c0bf403d0f8_M_30_40_pale_yellow_M_40_50_light_brown_M_50_60_dark_brown.jpg,PRESENT,False,0af80185b06602ed1f5323a951c3a6b566d7345139688febe61166c9b9eb203b,60,67,0,6,M_60_70,L_0_10,alluvial,phash:5601fc46215235b5,phash:5601fc46215235b5,,,train
fa0ad32e950ba0eb24c6,IMG_0012_M_0_10_clayish_red_M_40_50_gray_brown.jpg,Soil_Labeled_Data/M_60_70/L_10_20/alluvial/IMG_0012_M_0_10_clayish_red_M_40_50_gray_brown.jpg,Soil_Labeled_Data/M_60_70/L_10_20/alluvial/IMG_0012_M_0_10_clayish_red_M_40_50_gray_brown.jpg,PRESENT,False,ae2eaf80dd7b697348a822211dce88869e7a7db593c1d8ee35c95415bbfb68ef,70,74,11,6,M_60_70,L_10_20,alluvial,phash:036bd561c9affbf4,phash:036bd561c9affbf4,,,train
8dabb2de8b887fc0ea58,IMG_0014_M_0_10_light_brown_M_40_50_gray_brown.jpg,Soil_Labeled_Data/M_60_70/L_10_20/alluvial/IMG_0014_M_0_10_light_brown_M_40_50_gray_brown.jpg,Soil_Labeled_Data/M_60_70/L_10_20/alluvial/IMG_0014_M_0_10_light_brown_M_40_50_gray_brown.jpg,PRESENT,False,4cd796814fac64eed464f16b486eeb7c266c9ddb92ed7f370f7a07735bd61ec0,64,70,15,6,M_60_70,L_10_20,alluvial,phash:28ae9471e98b75c2,phash:28ae9471e98b75c2,,,train
a4b2da1284cbf8f0387c,IMG_0017_M_0_10_gray_brown_M_40_50_gray_brown.jpg,Soil_Labeled_Data/M_60_70/L_10_20/alluvial/IMG_0017_M_0_10_gray_brown_M_40_50_gray_brown.jpg,Soil_Labeled_Data/M_60_70/L_10_20/alluvial/IMG_0017_M_0_10_gray_brown_M_40_50_gray_brown.jpg,PRESENT,False,5f149feebda9269236743a490d51ea7b0a4609cc335fb2879c63ee1b11cd6391,63,68,20,6,M_60_70,L_10_20,alluvial,phash:282a7261d87da92b,phash:282a7261d87da92b,,,train
8cb6947302e89399277f,IMG_0450_M_10_20_light_brown_M_40_50_light_brown_M_50_60_gray_brown.jpg,Soil_Labeled_Data/M_60_70/L_10_20/alluvial/IMG_0450_M_10_20_light_brown_M_40_50_light_brown_M_50_60_gray_brown.jpg,Soil_Labeled_Data/M_60_70/L_10_20/alluvial/IMG_0450_M_10_20_light_brown_M_40_50_light_brown_M_50_60_gray_brown.jpg,PRESENT,False,4fb3392625f71400b76ecf6236149b722291c38a27603b9c9cacc8db337e932d,63,65,18,6,M_60_70,L_10_20,alluvial,phash:e5ae9c0394f3d4c2,phash:e5ae9c0394f3d4c2,,,train
37f3f66040117e9c6b76,IMG_0462_M_10_20_pale_yellow_M_40_50_dark_brown.jpg,Soil_Labeled_Data/M_60_70/L_10_20/alluvial/IMG_0462_M_10_20_pale_yellow_M_40_50_dark_brown.jpg,Soil_Labeled_Data/M_60_70/L_10_20/alluvial/IMG_0462_M_10_20_pale_yellow_M_40_50_dark_brown.jpg,PRESENT,False,5e151d80d55ab0e8379595e61f301f97d382cf84249b51ece626107fdb600280,60,65,18,6,M_60_70,L_10_20,alluvial,phash:951d52fa90f00818,phash:951d52fa90f00818,,,train
62523f5dbeae813abb06,IMG_0468_M_10_20_clayish_red_M_40_50_gray_brown.jpg,Soil_Labeled_Data/M_60_70/L_10_20/alluvial/IMG_0468_M_10_20_clayish_red_M_40_50_gray_brown.jpg,Soil_Labeled_Data/M_60_70/L_10_20/alluvial/IMG_0468_M_10_20_clayish_red_M_40_50_gray_brown.jpg,PRESENT,False,7bdaa6c870a5f1d339b9a7acc84f1d0ad6a1d22c4e685718bcfc466359b9663b,66,72,14,6,M_60_70,L_10_20,alluvial,phash:dd00b8a6129e2709,phash:dd00b8a6129e2709,,,train
be8685352c9554b79807,IMG_0468_M_10_20_clayish_red_M_40_50_gray_brown_M_50_60_dark_brown.jpg,Soil_Labeled_Data/M_60_70/L_10_20/alluvial/IMG_0468_M_10_20_clayish_red_M_40_50_gray_brown_M_50_60_dark_brown.jpg,Soil_Labeled_Data/M_60_70/L_10_20/alluvial/IMG_0468_M_10_20_clayish_red_M_40_50_gray_brown_M_50_60_dark_brown.jpg,PRESENT,False,0191d68405286ae646f21228f8c16aa076445070373053d4624f7521674d3b07,62,66,19,6,M_60_70,L_10_20,alluvial,phash:dd00b8a6129e2709,phash:dd00b8a6129e2709,,,train
a9020ebea295ea5c853a,z5716081662580_90fe70bd39227686c8ca01467428faf4_M_30_40_clayish_red_M_40_50_dark_brown.jpg,Soil_Labeled_Data/M_60_70/L_10_20/alluvial/z5716081662580_90fe70bd39227686c8ca01467428faf4_M_30_40_clayish_red_M_40_50_dark_brown.jpg,Soil_Labeled_Data/M_60_70/L_10_20/alluvial/z5716081662580_90fe70bd39227686c8ca01467428faf4_M_30_40_clayish_red_M_40_50_dark_brown.jpg,PRESENT,False,66c783d896404a8e0c45395af7fd6b7391ee9bdce281c7bf1a685c28ce67b049,68,73,18,6,M_60_70,L_10_20,alluvial,phash:72ba288fa0329d1a,phash:72ba288fa0329d1a,,,train
5dda5d72c42b5a097905,z5716081741279_e6dcbcb3d2252e27194aab74ebc27762_M_30_40_pale_yellow_M_40_50_gray_brown.jpg,Soil_Labeled_Data/M_60_70/L_10_20/alluvial/z5716081741279_e6dcbcb3d2252e27194aab74ebc27762_M_30_40_pale_yellow_M_40_50_gray_brown.jpg,Soil_Labeled_Data/M_60_70/L_10_20/alluvial/z5716081741279_e6dcbcb3d2252e27194aab74ebc27762_M_30_40_pale_yellow_M_40_50_gray_brown.jpg,PRESENT,False,97d7fd36402d8ff9596f9d65a6eba937bca4ea238f0b75c496be70def012a229,64,67,18,6,M_60_70,L_10_20,alluvial,phash:46386f8bbcc5a68d,phash:46386f8bbcc5a68d,,,train
430fce5419cfc113a1c2,IMG_0057_M_0_10_clayish_red_M_40_50_dark_brown.jpg,Soil_Labeled_Data/M_60_70/L_20_30/alluvial/IMG_0057_M_0_10_clayish_red_M_40_50_dark_brown.jpg,Soil_Labeled_Data/M_60_70/L_20_30/alluvial/IMG_0057_M_0_10_clayish_red_M_40_50_dark_brown.jpg,PRESENT,False,3390a42c9021ab698e513381e52f4afc70353367368504562e5cedbfa7aba7fe,63,68,26,6,M_60_70,L_20_30,alluvial,phash:8476ce23020249fd,phash:8476ce23020249fd,,,train
7aa779fd9daad63dda0c,IMG_0059_M_0_10_pale_yellow_M_40_50_gray_brown.jpg,Soil_Labeled_Data/M_60_70/L_20_30/alluvial/IMG_0059_M_0_10_pale_yellow_M_40_50_gray_brown.jpg,Soil_Labeled_Data/M_60_70/L_20_30/alluvial/IMG_0059_M_0_10_pale_yellow_M_40_50_gray_brown.jpg,PRESENT,False,8f923c22009814abae8dc8c517a7991899b818339443658d749f9397cd6f81d6,70,73,23,6,M_60_70,L_20_30,alluvial,phash:c681ac1b33256bae,phash:c681ac1b33256bae,,,train
2e9a9d05a0b8a9b527e5,IMG_0063_M_0_10_light_brown_M_40_50_light_brown_M_50_60_gray_brown.jpg,Soil_Labeled_Data/M_60_70/L_20_30/alluvial/IMG_0063_M_0_10_light_brown_M_40_50_light_brown_M_50_60_gray_brown.jpg,Soil_Labeled_Data/M_60_70/L_20_30/alluvial/IMG_0063_M_0_10_light_brown_M_40_50_light_brown_M_50_60_gray_brown.jpg,PRESENT,False,45f013ee81b6cec7eb7d2d88b45ae573291ac0aeae6ca401c71d4f51cd2bb83d,66,69,30,6,M_60_70,L_20_30,alluvial,phash:4f7ee60442d31744,phash:4f7ee60442d31744,,,train
e6c71dffe7876476b1a1,IMG_0500_M_10_20_clayish_red_M_40_50_dark_brown.jpg,Soil_Labeled_Data/M_60_70/L_20_30/alluvial/IMG_0500_M_10_20_clayish_red_M_40_50_dark_brown.jpg,Soil_Labeled_Data/M_60_70/L_20_30/alluvial/IMG_0500_M_10_20_clayish_red_M_40_50_dark_brown.jpg,PRESENT,False,06fddb34ce7ce4b5ed72dd93735f2941304c7ac8a63cb0b22e134acb3daa3eee,70,74,22,6,M_60_70,L_20_30,alluvial,phash:59c86ca7b0ff6cbe,phash:59c86ca7b0ff6cbe,,,train
14def0765ba289b19cc7,IMG_0500_M_10_20_clayish_red_M_40_50_light_brown_M_50_60_gray_brown.jpg,Soil_Labeled_Data/M_60_70/L_20_30/alluvial/IMG_0500_M_10_20_clayish_red_M_40_50_light_brown_M_50_60_gray_brown.jpg,Soil_Labeled_Data/M_60_70/L_20_30/alluvial/IMG_0500_M_10_20_clayish_red_M_40_50_light_brown_M_50_60_gray_brown.jpg,PRESENT,False,4ac0c95cd7526a2d0b95cc54431a569cbd6b83c8313edfcd2b503e0da045a1b3,66,72,20,6,M_60_70,L_20_30,alluvial,phash:59c86ca7b0ff6cbe,phash:59c86ca7b0ff6cbe,,,train
37b658a5d9d22aecccf5,IMG_0501_M_10_20_clayish_red_M_40_50_gray_brown.jpg,Soil_Labeled_Data/M_60_70/L_20_30/alluvial/IMG_0501_M_10_20_clayish_red_M_40_50_gray_brown.jpg,Soil_Labeled_Data/M_60_70/L_20_30/alluvial/IMG_0501_M_10_20_clayish_red_M_40_50_gray_brown.jpg,PRESENT,False,4ac5b232fba100a65da9f42cfc0aa78fa71ba5b8c74681a09dca02990050d1e3,60,61,25,6,M_60_70,L_20_30,alluvial,phash:466c9def00cb8061,phash:466c9def00cb8061,,,train
3a61f9f7371e579a960d,IMG_0501_M_10_20_light_brown_M_40_50_dark_brown.jpg,Soil_Labeled_Data/M_60_70/L_20_30/alluvial/IMG_0501_M_10_20_light_brown_M_40_50_dark_brown.jpg,Soil_Labeled_Data/M_60_70/L_20_30/alluvial/IMG_0501_M_10_20_light_brown_M_40_50_dark_brown.jpg,PRESENT,False,d5490301cf832a5396776870df06fcff406e1984915746957eb09c804bb8957b,64,69,26,6,M_60_70,L_20_30,alluvial,phash:466c9def00cb8061,phash:466c9def00cb8061,,,train
146063b9e72897e7cf66,IMG_0505_M_10_20_gray_brown_M_40_50_gray_brown_M_50_60_gray_brown.jpg,Soil_Labeled_Data/M_60_70/L_20_30/alluvial/IMG_0505_M_10_20_gray_brown_M_40_50_gray_brown_M_50_60_gray_brown.jpg,Soil_Labeled_Data/M_60_70/L_20_30/alluvial/IMG_0505_M_10_20_gray_brown_M_40_50_gray_brown_M_50_60_gray_brown.jpg,PRESENT,False,c125fbb4bacf3fc3dc6667a04fad8b9f95a9eefbdd1a7bc717bd8b7511ab2366,62,65,23,6,M_60_70,L_20_30,alluvial,phash:b33553afc04cc567,phash:b33553afc04cc567,,,train
8211115e62e1933e1934,IMG_0507_M_10_20_clayish_red_M_40_50_gray_brown_M_50_60_dark_brown.jpg,Soil_Labeled_Data/M_60_70/L_20_30/alluvial/IMG_0507_M_10_20_clayish_red_M_40_50_gray_brown_M_50_60_dark_brown.jpg,Soil_Labeled_Data/M_60_70/L_20_30/alluvial/IMG_0507_M_10_20_clayish_red_M_40_50_gray_brown_M_50_60_dark_brown.jpg,PRESENT,False,b937a86d9862cb18b863b0360f48718f681ad67ff907a9e9c39c06fab5e6377c,60,64,22,6,M_60_70,L_20_30,alluvial,phash:97840c038cf0ca41,phash:97840c038cf0ca41,,,train
a8ab805762ce7214816b,IMG_0508_M_10_20_clayish_red_M_40_50_gray_brown.jpg,Soil_Labeled_Data/M_60_70/L_20_30/alluvial/IMG_0508_M_10_20_clayish_red_M_40_50_gray_brown.jpg,Soil_Labeled_Data/M_60_70/L_20_30/alluvial/IMG_0508_M_10_20_clayish_red_M_40_50_gray_brown.jpg,PRESENT,False,a22bfec2410003db1c67bc43eda548ee3128850cfb3896afd389a1e9d7e13f9a,65,69,30,6,M_60_70,L_20_30,alluvial,phash:051110bc56e248a7,phash:051110bc56e248a7,,,train
8f8ab3754323cd99276e,IMG_0512_M_10_20_light_brown_M_40_50_light_brown_M_50_60_dark_brown.jpg,Soil_Labeled_Data/M_60_70/L_20_30/alluvial/IMG_0512_M_10_20_light_brown_M_40_50_light_brown_M_50_60_dark_brown.jpg,Soil_Labeled_Data/M_60_70/L_20_30/alluvial/IMG_0512_M_10_20_light_brown_M_40_50_light_brown_M_50_60_dark_brown.jpg,PRESENT,False,a38d42a4121923a892d0a390dccdd803640382dae4ee672cb7ef70d90d6d6831,69,73,20,6,M_60_70,L_20_30,alluvial,phash:08b7389bd339e9c1,phash:08b7389bd339e9c1,,,train
6653ae38810dac831f6c,IMG_0513_M_10_20_clayish_red_M_40_50_gray_brown_M_50_60_gray_brown.jpg,Soil_Labeled_Data/M_60_70/L_20_30/alluvial/IMG_0513_M_10_20_clayish_red_M_40_50_gray_brown_M_50_60_gray_brown.jpg,Soil_Labeled_Data/M_60_70/L_20_30/alluvial/IMG_0513_M_10_20_clayish_red_M_40_50_gray_brown_M_50_60_gray_brown.jpg,PRESENT,False,a1e8012a2cd2207cafe4c3d5103bd5ba5e4ae2ae3a47c6e13c5135ee0ca799f7,62,66,30,6,M_60_70,L_20_30,alluvial,phash:ec75f2cfc0deaff3,phash:ec75f2cfc0deaff3,,,train
0d80bfc40445a93c51e5,z5716143848502_4bd0eba511c987674067e6093eb213b9_M_30_40_clayish_red_M_40_50_gray_brown.jpg,Soil_Labeled_Data/M_60_70/L_20_30/alluvial/z5716143848502_4bd0eba511c987674067e6093eb213b9_M_30_40_clayish_red_M_40_50_gray_brown.jpg,Soil_Labeled_Data/M_60_70/L_20_30/alluvial/z5716143848502_4bd0eba511c987674067e6093eb213b9_M_30_40_clayish_red_M_40_50_gray_brown.jpg,PRESENT,False,1d69075ad57352e30dcc34ee494fc7ccbef1017e2a67fa17632590ba2c8f4a9c,68,69,30,6,M_60_70,L_20_30,alluvial,phash:9fb314b66ba5fac9,phash:9fb314b66ba5fac9,,,train
5cb3c68c485d6dd0bb1e,z5716143884036_b02bdfc16942b9a4a8029ffa42d721fa_M_30_40_gray_brown_M_50_60_gray_brown.jpg,Soil_Labeled_Data/M_60_70/L_20_30/alluvial/z5716143884036_b02bdfc16942b9a4a8029ffa42d721fa_M_30_40_gray_brown_M_50_60_gray_brown.jpg,Soil_Labeled_Data/M_60_70/L_20_30/alluvial/z5716143884036_b02bdfc16942b9a4a8029ffa42d721fa_M_30_40_gray_brown_M_50_60_gray_brown.jpg,PRESENT,False,ef8e3cfbc38b9fc6e7b8477721e178951f0634cabccdf80906645ce657f14141,67,68,24,6,M_60_70,L_20_30,alluvial,phash:1323798deece8975,phash:1323798deece8975,,,train
ca488380259c73092dc8,z5716143930779_82598f78ba14dbaef200f73e32b8e318_M_30_40_clayish_red_M_40_50_dark_brown.jpg,Soil_Labeled_Data/M_60_70/L_20_30/alluvial/z5716143930779_82598f78ba14dbaef200f73e32b8e318_M_30_40_clayish_red_M_40_50_dark_brown.jpg,Soil_Labeled_Data/M_60_70/L_20_30/alluvial/z5716143930779_82598f78ba14dbaef200f73e32b8e318_M_30_40_clayish_red_M_40_50_dark_brown.jpg,PRESENT,False,03988a7ce00449675ac4249266a24a66565b346e9a269d7f2434d0060898e79b,68,73,24,6,M_60_70,L_20_30,alluvial,phash:8a3d68b1e659cb4f,phash:8a3d68b1e659cb4f,,,train
564450f63be964195c60,z5716143930779_82598f78ba14dbaef200f73e32b8e318_M_30_40_gray_brown_M_40_50_gray_brown.jpg,Soil_Labeled_Data/M_60_70/L_20_30/alluvial/z5716143930779_82598f78ba14dbaef200f73e32b8e318_M_30_40_gray_brown_M_40_50_gray_brown.jpg,Soil_Labeled_Data/M_60_70/L_20_30/alluvial/z5716143930779_82598f78ba14dbaef200f73e32b8e318_M_30_40_gray_brown_M_40_50_gray_brown.jpg,PRESENT,False,dbef50ce1576ed14972c486a8cd69f0420b27d02f5ac59ce6dbcf180c9c74fe5,63,68,20,6,M_60_70,L_20_30,alluvial,phash:8a3d68b1e659cb4f,phash:8a3d68b1e659cb4f,,,train
f2ea35b0444aca6eb76d,z5716143971881_3b7ae01df4bd18ac6697e43919b461a8_M_30_40_clayish_red_M_40_50_dark_brown.jpg,Soil_Labeled_Data/M_60_70/L_20_30/alluvial/z5716143971881_3b7ae01df4bd18ac6697e43919b461a8_M_30_40_clayish_red_M_40_50_dark_brown.jpg,Soil_Labeled_Data/M_60_70/L_20_30/alluvial/z5716143971881_3b7ae01df4bd18ac6697e43919b461a8_M_30_40_clayish_red_M_40_50_dark_brown.jpg,PRESENT,False,88645649ff924c115899a337b9764bd1088aac2d10bd14cb35c0df8125087243,63,67,22,6,M_60_70,L_20_30,alluvial,phash:3a1e8ff119bb677a,phash:3a1e8ff119bb677a,,,train
1c408a42ae0bc8b9278a,z5716144235764_fed4a8b02740ef64fdb95af4099f1336_M_30_40_clayish_red_M_40_50_dark_brown.jpg,Soil_Labeled_Data/M_60_70/L_20_30/alluvial/z5716144235764_fed4a8b02740ef64fdb95af4099f1336_M_30_40_clayish_red_M_40_50_dark_brown.jpg,Soil_Labeled_Data/M_60_70/L_20_30/alluvial/z5716144235764_fed4a8b02740ef64fdb95af4099f1336_M_30_40_clayish_red_M_40_50_dark_brown.jpg,PRESENT,False,ca604aca836c8bcbbc19210330e7271fa471b72d65c22041d3c5d9a08ef2e2e7,68,71,21,6,M_60_70,L_20_30,alluvial,phash:5f3d3bc6e2523e9c,phash:5f3d3bc6e2523e9c,,,train
c7eef277a6c55d2fb39c,z5716144284037_44127132185b5cccfae5b4beda32cc38_M_30_40_gray_brown_M_50_60_dark_brown.jpg,Soil_Labeled_Data/M_60_70/L_20_30/alluvial/z5716144284037_44127132185b5cccfae5b4beda32cc38_M_30_40_gray_brown_M_50_60_dark_brown.jpg,Soil_Labeled_Data/M_60_70/L_20_30/alluvial/z5716144284037_44127132185b5cccfae5b4beda32cc38_M_30_40_gray_brown_M_50_60_dark_brown.jpg,PRESENT,False,fe9ac971f25797fc5d38cfdc8005dc6bc211efbdb7e11de0e58049f82d39f64f,63,66,26,6,M_60_70,L_20_30,alluvial,phash:9be36b885a6aa974,phash:9be36b885a6aa974,,,train
18b5ab9facd512007c16,IMG_0098_M_0_10_pale_yellow_M_40_50_gray_brown.jpg,Soil_Labeled_Data/M_60_70/L_30_40/alluvial/IMG_0098_M_0_10_pale_yellow_M_40_50_gray_brown.jpg,Soil_Labeled_Data/M_60_70/L_30_40/alluvial/IMG_0098_M_0_10_pale_yellow_M_40_50_gray_brown.jpg,PRESENT,False,10d9d7d081e11b2d1e0b84f9933bc21efff871b38a74dc8bf014ae0a5c7000d2,61,65,37,6,M_60_70,L_30_40,alluvial,phash:f01c359cc88566ef,phash:f01c359cc88566ef,,,train
b5454493deb5fbb96fc0,IMG_0100_M_0_10_gray_brown_M_40_50_gray_brown.jpg,Soil_Labeled_Data/M_60_70/L_30_40/alluvial/IMG_0100_M_0_10_gray_brown_M_40_50_gray_brown.jpg,Soil_Labeled_Data/M_60_70/L_30_40/alluvial/IMG_0100_M_0_10_gray_brown_M_40_50_gray_brown.jpg,PRESENT,False,88ed7c84db080b96cc1bee2e1f04b281e28170b8c1f45867475efe4149a4be30,70,73,30,6,M_60_70,L_30_40,alluvial,phash:f285b4af27e70749,phash:f285b4af27e70749,,,train
9bdc87a6c35da2b58f2d,IMG_0103_M_0_10_clayish_red_M_40_50_dark_brown.jpg,Soil_Labeled_Data/M_60_70/L_30_40/alluvial/IMG_0103_M_0_10_clayish_red_M_40_50_dark_brown.jpg,Soil_Labeled_Data/M_60_70/L_30_40/alluvial/IMG_0103_M_0_10_clayish_red_M_40_50_dark_brown.jpg,PRESENT,False,7424c6c8a3f738cd64d07572f03fc5b5df0d65a668f0068c980fd9e1d75a62ce,61,66,31,6,M_60_70,L_30_40,alluvial,phash:df19bd7121c3deb8,phash:df19bd7121c3deb8,,,train
a6d565a304f742ba3233,IMG_0104_M_0_10_clayish_red_M_40_50_light_brown_M_50_60_gray_brown.jpg,Soil_Labeled_Data/M_60_70/L_30_40/alluvial/IMG_0104_M_0_10_clayish_red_M_40_50_light_brown_M_50_60_gray_brown.jpg,Soil_Labeled_Data/M_60_70/L_30_40/alluvial/IMG_0104_M_0_10_clayish_red_M_40_50_light_brown_M_50_60_gray_brown.jpg,PRESENT,False,fdeb3fc13dce2907cdddf6b70559c276853fd0acc0dbb65d1491ca037fac8a35,68,73,37,6,M_60_70,L_30_40,alluvial,phash:39621f13c2017892,phash:39621f13c2017892,,,train
3b04d7dda9ab8b61f668,IMG_0106_M_0_10_gray_brown_M_40_50_gray_brown_M_50_60_gray_brown.jpg,Soil_Labeled_Data/M_60_70/L_30_40/alluvial/IMG_0106_M_0_10_gray_brown_M_40_50_gray_brown_M_50_60_gray_brown.jpg,Soil_Labeled_Data/M_60_70/L_30_40/alluvial/IMG_0106_M_0_10_gray_brown_M_40_50_gray_brown_M_50_60_gray_brown.jpg,PRESENT,False,71f95fda6c40bfd6d462c50915edd597d5d5c1e87080615854798aa664729614,69,74,36,6,M_60_70,L_30_40,alluvial,phash:40087a11bb71f87d,phash:40087a11bb71f87d,,,train
f5c8f52d5b203297c6ae,IMG_0113_M_0_10_clayish_red_M_40_50_light_brown_M_50_60_dark_brown.jpg,Soil_Labeled_Data/M_60_70/L_30_40/alluvial/IMG_0113_M_0_10_clayish_red_M_40_50_light_brown_M_50_60_dark_brown.jpg,Soil_Labeled_Data/M_60_70/L_30_40/alluvial/IMG_0113_M_0_10_clayish_red_M_40_50_light_brown_M_50_60_dark_brown.jpg,PRESENT,False,0349a2cd5a9cfbaf0038533fad781cad27081574803a44e98d2a1918ca1b5cb8,66,69,34,6,M_60_70,L_30_40,alluvial,phash:fa99784640564d0a,phash:fa99784640564d0a,,,train
eb33acc3a58dc5e2c00a,IMG_0113_M_0_10_pale_yellow_M_40_50_gray_brown.jpg,Soil_Labeled_Data/M_60_70/L_30_40/alluvial/IMG_0113_M_0_10_pale_yellow_M_40_50_gray_brown.jpg,Soil_Labeled_Data/M_60_70/L_30_40/alluvial/IMG_0113_M_0_10_pale_yellow_M_40_50_gray_brown.jpg,PRESENT,False,ec0d08cebf603488f8641290dc84d068b159c0d3d9ed987f9d811d5bdffff7be,65,68,33,6,M_60_70,L_30_40,alluvial,phash:fa99784640564d0a,phash:fa99784640564d0a,,,train
3f0d7e2f24b42c3d3dcb,IMG_0545_M_10_20_gray_brown_M_40_50_gray_brown.jpg,Soil_Labeled_Data/M_60_70/L_30_40/alluvial/IMG_0545_M_10_20_gray_brown_M_40_50_gray_brown.jpg,Soil_Labeled_Data/M_60_70/L_30_40/alluvial/IMG_0545_M_10_20_gray_brown_M_40_50_gray_brown.jpg,PRESENT,False,9fc70622bdb351f2b46fee33fcc9d471b50d7b0e9858b05cef64edeadfcde7bf,70,74,34,6,M_60_70,L_30_40,alluvial,phash:1f63adda602b4998,phash:1f63adda602b4998,,,train
525b11ebfeec8dd14c1f,IMG_0559_M_10_20_pale_yellow_M_40_50_gray_brown_M_50_60_gray_brown.jpg,Soil_Labeled_Data/M_60_70/L_30_40/alluvial/IMG_0559_M_10_20_pale_yellow_M_40_50_gray_brown_M_50_60_gray_brown.jpg,Soil_Labeled_Data/M_60_70/L_30_40/alluvial/IMG_0559_M_10_20_pale_yellow_M_40_50_gray_brown_M_50_60_gray_brown.jpg,PRESENT,False,085d5fd8abe111ebfa3e7436b2d5f70e13f05270efcab89ab19c5c7057734783,70,73,35,6,M_60_70,L_30_40,alluvial,phash:433a9f8bcc2a8639,phash:433a9f8bcc2a8639,,,train
4694ee29db09db8cdb92,IMG_0561_M_10_20_light_brown_M_40_50_dark_brown.jpg,Soil_Labeled_Data/M_60_70/L_30_40/alluvial/IMG_0561_M_10_20_light_brown_M_40_50_dark_brown.jpg,Soil_Labeled_Data/M_60_70/L_30_40/alluvial/IMG_0561_M_10_20_light_brown_M_40_50_dark_brown.jpg,PRESENT,False,004076fb7a3eb9529483e7c35168372cee64c15265db9b12d8ed64b6c2f06ed7,70,75,31,6,M_60_70,L_30_40,alluvial,phash:b2562dcc7bb703ed,phash:b2562dcc7bb703ed,,,train
a6cf7ec7797d29491d04,z5716113532944_e24b5c26485417eddb8588efca3eea1f_M_30_40_light_brown_M_40_50_gray_brown.jpg,Soil_Labeled_Data/M_60_70/L_30_40/alluvial/z5716113532944_e24b5c26485417eddb8588efca3eea1f_M_30_40_light_brown_M_40_50_gray_brown.jpg,Soil_Labeled_Data/M_60_70/L_30_40/alluvial/z5716113532944_e24b5c26485417eddb8588efca3eea1f_M_30_40_light_brown_M_40_50_gray_brown.jpg,PRESENT,False,eba62972b2018b0307f069ba9f207565f1576fc6b7703e994326eeca7d47b440,68,72,37,6,M_60_70,L_30_40,alluvial,phash:67cc1dc54d47f36e,phash:67cc1dc54d47f36e,,,train
e44109362ab768947192,z5716113582590_c1f59f1cd35db605de2ac5249cd439b0_M_30_40_light_brown_M_40_50_dark_brown.jpg,Soil_Labeled_Data/M_60_70/L_30_40/alluvial/z5716113582590_c1f59f1cd35db605de2ac5249cd439b0_M_30_40_light_brown_M_40_50_dark_brown.jpg,Soil_Labeled_Data/M_60_70/L_30_40/alluvial/z5716113582590_c1f59f1cd35db605de2ac5249cd439b0_M_30_40_light_brown_M_40_50_dark_brown.jpg,PRESENT,False,7635bc9b06db64a9bd45b6e2cf488883462cd3e3a6807ff20b0a28fbc5bddb99,61,62,40,6,M_60_70,L_30_40,alluvial,phash:6408beb1a56a96d0,phash:6408beb1a56a96d0,,,train
b96b89777a8b8b1ab6cf,z5716113632942_5f926ef109e13eb9a864102d6cae87cc_M_30_40_gray_brown_M_40_50_gray_brown.jpg,Soil_Labeled_Data/M_60_70/L_30_40/alluvial/z5716113632942_5f926ef109e13eb9a864102d6cae87cc_M_30_40_gray_brown_M_40_50_gray_brown.jpg,Soil_Labeled_Data/M_60_70/L_30_40/alluvial/z5716113632942_5f926ef109e13eb9a864102d6cae87cc_M_30_40_gray_brown_M_40_50_gray_brown.jpg,PRESENT,False,11e98428cb49b7222d324cf669a2107966af5f150a7c9e37576cf3bd92e07b3b,69,73,34,6,M_60_70,L_30_40,alluvial,phash:ce2d2410ac94b89a,phash:ce2d2410ac94b89a,,,train
973466649a6b7f7be10c,z5716113632942_5f926ef109e13eb9a864102d6cae87cc_M_30_40_light_brown_M_50_60_gray_brown.jpg,Soil_Labeled_Data/M_60_70/L_30_40/alluvial/z5716113632942_5f926ef109e13eb9a864102d6cae87cc_M_30_40_light_brown_M_50_60_gray_brown.jpg,Soil_Labeled_Data/M_60_70/L_30_40/alluvial/z5716113632942_5f926ef109e13eb9a864102d6cae87cc_M_30_40_light_brown_M_50_60_gray_brown.jpg,PRESENT,False,3b632312f22cdb60c31770dde614ed455bb447c6cf83828fc56271d5ab311ac1,69,70,36,6,M_60_70,L_30_40,alluvial,phash:ce2d2410ac94b89a,phash:ce2d2410ac94b89a,,,train
3c6bc657d5ef66d84da2,z5716113879850_447b9ea1dd28b71c4c2a3579561cee3f_M_30_40_light_brown_M_50_60_gray_brown.jpg,Soil_Labeled_Data/M_60_70/L_30_40/alluvial/z5716113879850_447b9ea1dd28b71c4c2a3579561cee3f_M_30_40_light_brown_M_50_60_gray_brown.jpg,Soil_Labeled_Data/M_60_70/L_30_40/alluvial/z5716113879850_447b9ea1dd28b71c4c2a3579561cee3f_M_30_40_light_brown_M_50_60_gray_brown.jpg,PRESENT,False,3bd577d573e045598edc8c898ffc6348d9f36b78119a3cb221aa927a57bd147d,63,67,31,6,M_60_70,L_30_40,alluvial,phash:823d96d5f866f1a3,phash:823d96d5f866f1a3,,,train
0facc5df653c9ca63fb2,z5716115913721_f7cff5280e557d5287ca5504b449cdf7_M_30_40_clayish_red_M_40_50_gray_brown_M_50_60_dark_brown.jpg,Soil_Labeled_Data/M_60_70/L_30_40/alluvial/z5716115913721_f7cff5280e557d5287ca5504b449cdf7_M_30_40_clayish_red_M_40_50_gray_brown_M_50_60_dark_brown.jpg,Soil_Labeled_Data/M_60_70/L_30_40/alluvial/z5716115913721_f7cff5280e557d5287ca5504b449cdf7_M_30_40_clayish_red_M_40_50_gray_brown_M_50_60_dark_brown.jpg,PRESENT,False,bdc4d41b520290c9f09620b481a0ed9aeae52bdf8e7d0fb3500055c77a5b8245,64,68,30,6,M_60_70,L_30_40,alluvial,phash:2b71b2b9e3b8ac72,phash:2b71b2b9e3b8ac72,,,train
0b18e1415371e8028240,z5716116018535_325bd6ea25b86f2f021b34014f8842e8_M_30_40_light_brown_M_40_50_dark_brown.jpg,Soil_Labeled_Data/M_60_70/L_30_40/alluvial/z5716116018535_325bd6ea25b86f2f021b34014f8842e8_M_30_40_light_brown_M_40_50_dark_brown.jpg,Soil_Labeled_Data/M_60_70/L_30_40/alluvial/z5716116018535_325bd6ea25b86f2f021b34014f8842e8_M_30_40_light_brown_M_40_50_dark_brown.jpg,PRESENT,False,4b178347160d15696700c021ed689fc4e432bef9bc7c9c4438b8d2c78469dd77,70,75,36,6,M_60_70,L_30_40,alluvial,phash:1b998b2ab5717c54,phash:1b998b2ab5717c54,,,train
de41281968f00af4dc2b,IMG_0157_M_0_10_light_brown_M_40_50_light_brown_M_50_60_gray_brown.jpg,Soil_Labeled_Data/M_60_70/L_40_50/alluvial/IMG_0157_M_0_10_light_brown_M_40_50_light_brown_M_50_60_gray_brown.jpg,Soil_Labeled_Data/M_60_70/L_40_50/alluvial/IMG_0157_M_0_10_light_brown_M_40_50_light_brown_M_50_60_gray_brown.jpg,PRESENT,False,b728b8120ad5b9a15ebc50a7df2212dd0968e4ff1f20cd0e3f4577c93ecf1978,67,71,48,6,M_60_70,L_40_50,alluvial,phash:7a50a3464b4f7acb,phash:7a50a3464b4f7acb,,,train
2b4d13aa11b3ce3014e8,IMG_0159_M_0_10_clayish_red_M_40_50_gray_brown_M_50_60_dark_brown.jpg,Soil_Labeled_Data/M_60_70/L_40_50/alluvial/IMG_0159_M_0_10_clayish_red_M_40_50_gray_brown_M_50_60_dark_brown.jpg,Soil_Labeled_Data/M_60_70/L_40_50/alluvial/IMG_0159_M_0_10_clayish_red_M_40_50_gray_brown_M_50_60_dark_brown.jpg,PRESENT,False,1848fe85bd39651ef1d1717e2ae96adb9581ee6edf4a35815cd228f676331b7c,65,65,46,6,M_60_70,L_40_50,alluvial,phash:351919a7efd95827,phash:351919a7efd95827,,,train
3e66f67750012e4a61f9,IMG_0162_M_0_10_gray_brown_M_40_50_light_brown_M_50_60_gray_brown.jpg,Soil_Labeled_Data/M_60_70/L_40_50/alluvial/IMG_0162_M_0_10_gray_brown_M_40_50_light_brown_M_50_60_gray_brown.jpg,Soil_Labeled_Data/M_60_70/L_40_50/alluvial/IMG_0162_M_0_10_gray_brown_M_40_50_light_brown_M_50_60_gray_brown.jpg,PRESENT,False,2558cd6ec844cbce1792cf2e5942d91c08b3ed210842d7702c3fbb1c0e9e8efd,61,65,41,6,M_60_70,L_40_50,alluvial,phash:124887665cbfb8dc,phash:124887665cbfb8dc,,,train
c77875e7cd8c9c41ebc6,IMG_0586_M_10_20_gray_brown_M_40_50_dark_brown.jpg,Soil_Labeled_Data/M_60_70/L_40_50/alluvial/IMG_0586_M_10_20_gray_brown_M_40_50_dark_brown.jpg,Soil_Labeled_Data/M_60_70/L_40_50/alluvial/IMG_0586_M_10_20_gray_brown_M_40_50_dark_brown.jpg,PRESENT,False,ef5ef873f2732507fbe700badaaf649ba03c93e77530cf1fc3d47fdbe4cdd7f9,62,66,48,6,M_60_70,L_40_50,alluvial,phash:0812a163177bf539,phash:0812a163177bf539,,,train
6c7078202aa45289d009,IMG_0587_M_10_20_clayish_red_M_40_50_gray_brown.jpg,Soil_Labeled_Data/M_60_70/L_40_50/alluvial/IMG_0587_M_10_20_clayish_red_M_40_50_gray_brown.jpg,Soil_Labeled_Data/M_60_70/L_40_50/alluvial/IMG_0587_M_10_20_clayish_red_M_40_50_gray_brown.jpg,PRESENT,False,460c79c419e43fff721c16c691bb6afe3a0bf3811dd066d02d83fe9670fda663,66,68,44,6,M_60_70,L_40_50,alluvial,phash:5733abd69998f077,phash:5733abd69998f077,,,train
f2d7b12577be6cbf469f,IMG_0587_M_10_20_light_brown_M_40_50_gray_brown.jpg,Soil_Labeled_Data/M_60_70/L_40_50/alluvial/IMG_0587_M_10_20_light_brown_M_40_50_gray_brown.jpg,Soil_Labeled_Data/M_60_70/L_40_50/alluvial/IMG_0587_M_10_20_light_brown_M_40_50_gray_brown.jpg,PRESENT,False,dc84109d6fa5766100bb7693512416b07cfc325814f3744ad7db4d63914d4a37,60,60,44,6,M_60_70,L_40_50,alluvial,phash:5733abd69998f077,phash:5733abd69998f077,,,train
d27a17b3dee82fff2ee7,IMG_0588_M_10_20_clayish_red_M_40_50_gray_brown.jpg,Soil_Labeled_Data/M_60_70/L_40_50/alluvial/IMG_0588_M_10_20_clayish_red_M_40_50_gray_brown.jpg,Soil_Labeled_Data/M_60_70/L_40_50/alluvial/IMG_0588_M_10_20_clayish_red_M_40_50_gray_brown.jpg,PRESENT,False,2dbdc6412384ab53409caed2b57649c30dcecc6c82dcfdf4bd0db9df34d9a17c,63,67,41,6,M_60_70,L_40_50,alluvial,phash:a76329a9ee2f4159,phash:a76329a9ee2f4159,,,train
d07ecd8ae771de4b39fd,IMG_0591_M_10_20_gray_brown_M_40_50_dark_brown.jpg,Soil_Labeled_Data/M_60_70/L_40_50/alluvial/IMG_0591_M_10_20_gray_brown_M_40_50_dark_brown.jpg,Soil_Labeled_Data/M_60_70/L_40_50/alluvial/IMG_0591_M_10_20_gray_brown_M_40_50_dark_brown.jpg,PRESENT,False,f1ec6eabdd3ed87355ef7f8072c7564011844b94638a57f668bc5f06856eff55,61,64,48,6,M_60_70,L_40_50,alluvial,phash:2a98fc04f9504a93,phash:2a98fc04f9504a93,,,train
f6b347ab52c5c3135fae,IMG_0594_M_10_20_pale_yellow_M_40_50_gray_brown_M_50_60_gray_brown.jpg,Soil_Labeled_Data/M_60_70/L_40_50/alluvial/IMG_0594_M_10_20_pale_yellow_M_40_50_gray_brown_M_50_60_gray_brown.jpg,Soil_Labeled_Data/M_60_70/L_40_50/alluvial/IMG_0594_M_10_20_pale_yellow_M_40_50_gray_brown_M_50_60_gray_brown.jpg,PRESENT,False,934fade0ba917383fe4433ea0ebf256db4fce138ca007bb38b8e87d691b8ad7e,63,64,42,6,M_60_70,L_40_50,alluvial,phash:60b3568e8b1cc117,phash:60b3568e8b1cc117,,,train
ff53ce2937f92286f0a0,IMG_0595_M_10_20_pale_yellow_M_40_50_gray_brown.jpg,Soil_Labeled_Data/M_60_70/L_40_50/alluvial/IMG_0595_M_10_20_pale_yellow_M_40_50_gray_brown.jpg,Soil_Labeled_Data/M_60_70/L_40_50/alluvial/IMG_0595_M_10_20_pale_yellow_M_40_50_gray_brown.jpg,PRESENT,False,c8a25f6c5781d653988a25421c65bd3b5c34e9c9c2c4665c3e6c6cb17dd1b2ff,66,66,46,6,M_60_70,L_40_50,alluvial,phash:38ee9b49340cc8f6,phash:38ee9b49340cc8f6,,,train
600066b0eafed5aa4d16,IMG_0595_M_10_20_pale_yellow_M_40_50_light_brown_M_50_60_gray_brown.jpg,Soil_Labeled_Data/M_60_70/L_40_50/alluvial/IMG_0595_M_10_20_pale_yellow_M_40_50_light_brown_M_50_60_gray_brown.jpg,Soil_Labeled_Data/M_60_70/L_40_50/alluvial/IMG_0595_M_10_20_pale_yellow_M_40_50_light_brown_M_50_60_gray_brown.jpg,PRESENT,False,0951745a48d9e9dffe94169202b84e9f71b73868371a0096b273a7ee438614e5,67,71,48,6,M_60_70,L_40_50,alluvial,phash:38ee9b49340cc8f6,phash:38ee9b49340cc8f6,,,train
c0a4b65a59d9a7724872,IMG_0600_M_10_20_light_brown_M_40_50_gray_brown.jpg,Soil_Labeled_Data/M_60_70/L_40_50/alluvial/IMG_0600_M_10_20_light_brown_M_40_50_gray_brown.jpg,Soil_Labeled_Data/M_60_70/L_40_50/alluvial/IMG_0600_M_10_20_light_brown_M_40_50_gray_brown.jpg,PRESENT,False,f8d76cafd6a91abc3bf3009da6bac6cda97ae0d26c24f36a8d1fa0709c90d6a3,64,68,40,6,M_60_70,L_40_50,alluvial,phash:841854c902c8e87e,phash:841854c902c8e87e,,,train
578f41376b8d4a826588,z5719915050807_883061f62d1ba096fe786e33783493ac_M_30_40_gray_brown_M_40_50_light_brown_M_50_60_gray_brown.jpg,Soil_Labeled_Data/M_60_70/L_40_50/alluvial/z5719915050807_883061f62d1ba096fe786e33783493ac_M_30_40_gray_brown_M_40_50_light_brown_M_50_60_gray_brown.jpg,Soil_Labeled_Data/M_60_70/L_40_50/alluvial/z5719915050807_883061f62d1ba096fe786e33783493ac_M_30_40_gray_brown_M_40_50_light_brown_M_50_60_gray_brown.jpg,PRESENT,False,51843502657dce864e5323e275bfef20003eb4b86e0f01b881f918b1d5dd6855,70,72,49,6,M_60_70,L_40_50,alluvial,phash:24cad31affe7fb9c,phash:24cad31affe7fb9c,,,train
565dc76e02a4e31efa4e,z5719915081454_c67fb96c8fd1c13e8d457956fcdd9641_M_30_40_clayish_red_M_40_50_dark_brown.jpg,Soil_Labeled_Data/M_60_70/L_40_50/alluvial/z5719915081454_c67fb96c8fd1c13e8d457956fcdd9641_M_30_40_clayish_red_M_40_50_dark_brown.jpg,Soil_Labeled_Data/M_60_70/L_40_50/alluvial/z5719915081454_c67fb96c8fd1c13e8d457956fcdd9641_M_30_40_clayish_red_M_40_50_dark_brown.jpg,PRESENT,False,cb6d750f43f4f69cc1c80c03255912587ffa5520db0daa731eff3566b94f3508,63,63,41,6,M_60_70,L_40_50,alluvial,phash:451604e7a4017b24,phash:451604e7a4017b24,,,train
d516c23c018e96c7dfe2,z5719915081454_c67fb96c8fd1c13e8d457956fcdd9641_M_30_40_gray_brown_M_50_60_gray_brown.jpg,Soil_Labeled_Data/M_60_70/L_40_50/alluvial/z5719915081454_c67fb96c8fd1c13e8d457956fcdd9641_M_30_40_gray_brown_M_50_60_gray_brown.jpg,Soil_Labeled_Data/M_60_70/L_40_50/alluvial/z5719915081454_c67fb96c8fd1c13e8d457956fcdd9641_M_30_40_gray_brown_M_50_60_gray_brown.jpg,PRESENT,False,1d1fca81e26f598bb6b1f5f6b159be09da26d765357fc23f577e3afe6255a4b4,66,67,50,6,M_60_70,L_40_50,alluvial,phash:451604e7a4017b24,phash:451604e7a4017b24,,,train
63afa27c04a355e185c5,z5719915191781_9fbc3215a4e768d8a242c9aae23d78e3_M_30_40_gray_brown_M_40_50_light_brown_M_50_60_gray_brown.jpg,Soil_Labeled_Data/M_60_70/L_40_50/alluvial/z5719915191781_9fbc3215a4e768d8a242c9aae23d78e3_M_30_40_gray_brown_M_40_50_light_brown_M_50_60_gray_brown.jpg,Soil_Labeled_Data/M_60_70/L_40_50/alluvial/z5719915191781_9fbc3215a4e768d8a242c9aae23d78e3_M_30_40_gray_brown_M_40_50_light_brown_M_50_60_gray_brown.jpg,PRESENT,False,419e8ff6f2f0b31715259c35c380bd5ed4a3255b592bcc456d636f55a4544ff0,60,62,50,6,M_60_70,L_40_50,alluvial,phash:7fd86c261d9ac446,phash:7fd86c261d9ac446,,,train
82ef1f467a854d3e321b,z5719915206794_043f99c4e48d30a3c242949620c8fbd3_M_30_40_gray_brown_M_50_60_gray_brown.jpg,Soil_Labeled_Data/M_60_70/L_40_50/alluvial/z5719915206794_043f99c4e48d30a3c242949620c8fbd3_M_30_40_gray_brown_M_50_60_gray_brown.jpg,Soil_Labeled_Data/M_60_70/L_40_50/alluvial/z5719915206794_043f99c4e48d30a3c242949620c8fbd3_M_30_40_gray_brown_M_50_60_gray_brown.jpg,PRESENT,False,8597d318ebefb6e649f8fe4186f1817c01ce8e534e25087eebc98a448b38eef2,67,69,41,6,M_60_70,L_40_50,alluvial,phash:237d3461c22957a5,phash:237d3461c22957a5,,,train
03308908ee3263f3ecaa,z5719915206794_043f99c4e48d30a3c242949620c8fbd3_M_30_40_pale_yellow_M_40_50_light_brown_M_50_60_dark_brown.jpg,Soil_Labeled_Data/M_60_70/L_40_50/alluvial/z5719915206794_043f99c4e48d30a3c242949620c8fbd3_M_30_40_pale_yellow_M_40_50_light_brown_M_50_60_dark_brown.jpg,Soil_Labeled_Data/M_60_70/L_40_50/alluvial/z5719915206794_043f99c4e48d30a3c242949620c8fbd3_M_30_40_pale_yellow_M_40_50_light_brown_M_50_60_dark_brown.jpg,PRESENT,False,074f63abc81b7ca4e81b3296c7d91344895719e98132cdb989f50282703303fb,70,72,48,6,M_60_70,L_40_50,alluvial,phash:237d3461c22957a5,phash:237d3461c22957a5,,,train
4581789da11e9962b106,IMG_0196_M_0_10_clayish_red_M_40_50_light_brown_M_50_60_gray_brown.jpg,Soil_Labeled_Data/M_60_70/L_50_60/alluvial/IMG_0196_M_0_10_clayish_red_M_40_50_light_brown_M_50_60_gray_brown.jpg,Soil_Labeled_Data/M_60_70/L_50_60/alluvial/IMG_0196_M_0_10_clayish_red_M_40_50_light_brown_M_50_60_gray_brown.jpg,PRESENT,False,bab705fbaf3384a1352c916783d1cd98decf36c35dfb16b34c78102422d6401d,62,64,57,6,M_60_70,L_50_60,alluvial,phash:c8300f8708e9afd6,phash:c8300f8708e9afd6,,,train
75115143c6b929b3398e,IMG_0197_M_0_10_gray_brown_M_40_50_dark_brown.jpg,Soil_Labeled_Data/M_60_70/L_50_60/alluvial/IMG_0197_M_0_10_gray_brown_M_40_50_dark_brown.jpg,Soil_Labeled_Data/M_60_70/L_50_60/alluvial/IMG_0197_M_0_10_gray_brown_M_40_50_dark_brown.jpg,PRESENT,False,3db9c8b3d43b3c8660058c0abd4581eded054b8122f80ce3fc020ed08a05b620,70,74,57,6,M_60_70,L_50_60,alluvial,phash:be66fd8e4e1f0f06,phash:be66fd8e4e1f0f06,,,train
ea2800eea4798403f12a,IMG_0197_M_0_10_gray_brown_M_40_50_light_brown_M_50_60_dark_brown.jpg,Soil_Labeled_Data/M_60_70/L_50_60/alluvial/IMG_0197_M_0_10_gray_brown_M_40_50_light_brown_M_50_60_dark_brown.jpg,Soil_Labeled_Data/M_60_70/L_50_60/alluvial/IMG_0197_M_0_10_gray_brown_M_40_50_light_brown_M_50_60_dark_brown.jpg,PRESENT,False,ac8efbac3acc29ada17c355048553574bdc36b0709c63af47292e5bba65260f6,62,65,55,6,M_60_70,L_50_60,alluvial,phash:be66fd8e4e1f0f06,phash:be66fd8e4e1f0f06,,,train
283b5546d746b07836b3,IMG_0200_M_0_10_clayish_red_M_40_50_gray_brown_M_50_60_gray_brown.jpg,Soil_Labeled_Data/M_60_70/L_50_60/alluvial/IMG_0200_M_0_10_clayish_red_M_40_50_gray_brown_M_50_60_gray_brown.jpg,Soil_Labeled_Data/M_60_70/L_50_60/alluvial/IMG_0200_M_0_10_clayish_red_M_40_50_gray_brown_M_50_60_gray_brown.jpg,PRESENT,False,9b7d226922b21a19113b13bc1003421ab38d0ac2b17aac5c83236f8df8c98fef,64,66,58,6,M_60_70,L_50_60,alluvial,phash:d860a5a997911aa8,phash:d860a5a997911aa8,,,train
09c00281ce5c2bb90b75,IMG_0202_M_0_10_clayish_red_M_40_50_dark_brown.jpg,Soil_Labeled_Data/M_60_70/L_50_60/alluvial/IMG_0202_M_0_10_clayish_red_M_40_50_dark_brown.jpg,Soil_Labeled_Data/M_60_70/L_50_60/alluvial/IMG_0202_M_0_10_clayish_red_M_40_50_dark_brown.jpg,PRESENT,False,7659e66bd2c98fdc38431077f8d72029db5ad3a340ce609e2c8cb9a18e7dbb71,66,69,52,6,M_60_70,L_50_60,alluvial,phash:e53cc76e071af0e3,phash:e53cc76e071af0e3,,,train
4d155dfe224be7814714,IMG_0203_M_0_10_pale_yellow_M_40_50_dark_brown.jpg,Soil_Labeled_Data/M_60_70/L_50_60/alluvial/IMG_0203_M_0_10_pale_yellow_M_40_50_dark_brown.jpg,Soil_Labeled_Data/M_60_70/L_50_60/alluvial/IMG_0203_M_0_10_pale_yellow_M_40_50_dark_brown.jpg,PRESENT,False,3c50f705be3a51888ba88a5f6cf44124461771e18a97c13b464554595daac778,62,63,56,6,M_60_70,L_50_60,alluvial,phash:d4512147d239b24e,phash:d4512147d239b24e,,,train
d09452400b02f06515c1,IMG_0207_M_0_10_clayish_red_M_40_50_gray_brown_M_50_60_dark_brown.jpg,Soil_Labeled_Data/M_60_70/L_50_60/alluvial/IMG_0207_M_0_10_clayish_red_M_40_50_gray_brown_M_50_60_dark_brown.jpg,Soil_Labeled_Data/M_60_70/L_50_60/alluvial/IMG_0207_M_0_10_clayish_red_M_40_50_gray_brown_M_50_60_dark_brown.jpg,PRESENT,False,19bffe42cda01d97afcc7aed5b737583725a3cf1df8ddd3b16aa466e54a0529c,61,64,56,6,M_60_70,L_50_60,alluvial,phash:0772f8c13cc08780,phash:0772f8c13cc08780,,,train
04cd96cd912065730e52,IMG_0209_M_0_10_clayish_red_M_40_50_gray_brown_M_50_60_gray_brown.jpg,Soil_Labeled_Data/M_60_70/L_50_60/alluvial/IMG_0209_M_0_10_clayish_red_M_40_50_gray_brown_M_50_60_gray_brown.jpg,Soil_Labeled_Data/M_60_70/L_50_60/alluvial/IMG_0209_M_0_10_clayish_red_M_40_50_gray_brown_M_50_60_gray_brown.jpg,PRESENT,False,79fa496e9af39cb0183bac4051be31291de801608a89a38590c7a3ec46e60f0b,67,67,51,6,M_60_70,L_50_60,alluvial,phash:a9b092d3bd7f8ca3,phash:a9b092d3bd7f8ca3,,,train
16b455ec276db710702f,IMG_0210_M_0_10_light_brown_M_40_50_dark_brown.jpg,Soil_Labeled_Data/M_60_70/L_50_60/alluvial/IMG_0210_M_0_10_light_brown_M_40_50_dark_brown.jpg,Soil_Labeled_Data/M_60_70/L_50_60/alluvial/IMG_0210_M_0_10_light_brown_M_40_50_dark_brown.jpg,PRESENT,False,93d7bd9295cf7db8c0ad351f8a2eb8fb2828668efa993c1a38bfedab656cb9e8,60,64,59,6,M_60_70,L_50_60,alluvial,phash:12e5de9a219b300b,phash:12e5de9a219b300b,,,train
212b1dbe8c4720ae0ffb,IMG_0212_M_0_10_clayish_red_M_40_50_dark_brown.jpg,Soil_Labeled_Data/M_60_70/L_50_60/alluvial/IMG_0212_M_0_10_clayish_red_M_40_50_dark_brown.jpg,Soil_Labeled_Data/M_60_70/L_50_60/alluvial/IMG_0212_M_0_10_clayish_red_M_40_50_dark_brown.jpg,PRESENT,False,50930914b09fe433240447be64544ca431077536d0c0dbfc8044e619e510a6f7,69,69,54,6,M_60_70,L_50_60,alluvial,phash:fe170979b5ca8fe3,phash:fe170979b5ca8fe3,,,train
ecb2e26e761bbf5db564,IMG_0212_M_0_10_clayish_red_M_40_50_light_brown_M_50_60_dark_brown.jpg,Soil_Labeled_Data/M_60_70/L_50_60/alluvial/IMG_0212_M_0_10_clayish_red_M_40_50_light_brown_M_50_60_dark_brown.jpg,Soil_Labeled_Data/M_60_70/L_50_60/alluvial/IMG_0212_M_0_10_clayish_red_M_40_50_light_brown_M_50_60_dark_brown.jpg,PRESENT,False,e3da99051699d8853cdac6144498bfae9140bf85e34702a1d11e42d678c992e9,61,61,58,6,M_60_70,L_50_60,alluvial,phash:fe170979b5ca8fe3,phash:fe170979b5ca8fe3,,,train
f2ec6f23bb4e992b1f71,IMG_0627_M_10_20_pale_yellow_M_40_50_dark_brown.jpg,Soil_Labeled_Data/M_60_70/L_50_60/alluvial/IMG_0627_M_10_20_pale_yellow_M_40_50_dark_brown.jpg,Soil_Labeled_Data/M_60_70/L_50_60/alluvial/IMG_0627_M_10_20_pale_yellow_M_40_50_dark_brown.jpg,PRESENT,False,d0d54d7d4bc8c5a20b25e9d02bf9de0b386701b37af7f04618b3bd3c14e936a9,64,64,58,6,M_60_70,L_50_60,alluvial,phash:559bc98d230bebc4,phash:559bc98d230bebc4,,,train
ffb05802ac5d351573b1,IMG_0630_M_10_20_clayish_red_M_40_50_dark_brown.jpg,Soil_Labeled_Data/M_60_70/L_50_60/alluvial/IMG_0630_M_10_20_clayish_red_M_40_50_dark_brown.jpg,Soil_Labeled_Data/M_60_70/L_50_60/alluvial/IMG_0630_M_10_20_clayish_red_M_40_50_dark_brown.jpg,PRESENT,False,03751974a2c2a3217d9fab99a1c02d6d020202d9dadc7983024b8488b8739bb3,62,62,53,6,M_60_70,L_50_60,alluvial,phash:397b60f63f3838c5,phash:397b60f63f3838c5,,,train
08ece693dd5bb51891d4,IMG_0632_M_10_20_clayish_red_M_40_50_gray_brown_M_50_60_gray_brown.jpg,Soil_Labeled_Data/M_60_70/L_50_60/alluvial/IMG_0632_M_10_20_clayish_red_M_40_50_gray_brown_M_50_60_gray_brown.jpg,Soil_Labeled_Data/M_60_70/L_50_60/alluvial/IMG_0632_M_10_20_clayish_red_M_40_50_gray_brown_M_50_60_gray_brown.jpg,PRESENT,False,cd5c23396c5206806a9a25a2901f9f71968fef6207855890d3b12f55e320e5fd,62,62,60,6,M_60_70,L_50_60,alluvial,phash:e41b56e0db0207b7,phash:e41b56e0db0207b7,,,train
5b30a2dc2e44df66b999,IMG_0645_M_10_20_clayish_red_M_40_50_dark_brown.jpg,Soil_Labeled_Data/M_60_70/L_50_60/alluvial/IMG_0645_M_10_20_clayish_red_M_40_50_dark_brown.jpg,Soil_Labeled_Data/M_60_70/L_50_60/alluvial/IMG_0645_M_10_20_clayish_red_M_40_50_dark_brown.jpg,PRESENT,False,8a759a833d52b8a3c1ff57aeef8f6ef2d3fe311696cdee707e5205283b7ce5d5,64,67,51,6,M_60_70,L_50_60,alluvial,phash:2673c07fa3a6aac1,phash:2673c07fa3a6aac1,,,train
f80383c52663c891efaa,z5719945326572_38e3e733446eabe3bf00850bf73883e0_M_30_40_pale_yellow_M_40_50_gray_brown.jpg,Soil_Labeled_Data/M_60_70/L_50_60/alluvial/z5719945326572_38e3e733446eabe3bf00850bf73883e0_M_30_40_pale_yellow_M_40_50_gray_brown.jpg,Soil_Labeled_Data/M_60_70/L_50_60/alluvial/z5719945326572_38e3e733446eabe3bf00850bf73883e0_M_30_40_pale_yellow_M_40_50_gray_brown.jpg,PRESENT,False,260ad6bffa500ff43322b8815242219d4d017a8e3d004507b2621a87696aecd4,67,67,59,6,M_60_70,L_50_60,alluvial,phash:ae5e6bb93e10e1eb,phash:ae5e6bb93e10e1eb,,,train
13fba7772ea6209eaec4,z5719945410375_d68840a29b4222519ffac084ea8cf065_M_30_40_light_brown_M_50_60_dark_brown.jpg,Soil_Labeled_Data/M_60_70/L_50_60/alluvial/z5719945410375_d68840a29b4222519ffac084ea8cf065_M_30_40_light_brown_M_50_60_dark_brown.jpg,Soil_Labeled_Data/M_60_70/L_50_60/alluvial/z5719945410375_d68840a29b4222519ffac084ea8cf065_M_30_40_light_brown_M_50_60_dark_brown.jpg,PRESENT,False,66d373a589a08ed215d48c5f287c63e140cbfc52ca783938668339072252ee2c,60,61,50,6,M_60_70,L_50_60,alluvial,phash:ff670dc08f99ba9e,phash:ff670dc08f99ba9e,,,train
794c0c4f95b89eddc81f,z5719945494405_a556366a429daf9a78448e62806f33bb_M_30_40_gray_brown_M_40_50_gray_brown.jpg,Soil_Labeled_Data/M_60_70/L_50_60/alluvial/z5719945494405_a556366a429daf9a78448e62806f33bb_M_30_40_gray_brown_M_40_50_gray_brown.jpg,Soil_Labeled_Data/M_60_70/L_50_60/alluvial/z5719945494405_a556366a429daf9a78448e62806f33bb_M_30_40_gray_brown_M_40_50_gray_brown.jpg,PRESENT,False,a79cdcfd7ae0726002290b48008c869232991f87dc92a5889335d4db5ccd566b,69,72,60,6,M_60_70,L_50_60,alluvial,phash:98cba7f801fd0d43,phash:98cba7f801fd0d43,,,train
3dd6c8759e139a378698,z5719945512664_b31ee4aecf6a552463f894dbf83282d1_M_30_40_clayish_red_M_40_50_light_brown_M_50_60_gray_brown.jpg,Soil_Labeled_Data/M_60_70/L_50_60/alluvial/z5719945512664_b31ee4aecf6a552463f894dbf83282d1_M_30_40_clayish_red_M_40_50_light_brown_M_50_60_gray_brown.jpg,Soil_Labeled_Data/M_60_70/L_50_60/alluvial/z5719945512664_b31ee4aecf6a552463f894dbf83282d1_M_30_40_clayish_red_M_40_50_light_brown_M_50_60_gray_brown.jpg,PRESENT,False,b0e9e2cddc915ab43b7042024f9e7840524ced94e0e6fff2a415a3c06c2991de,69,69,51,6,M_60_70,L_50_60,alluvial,phash:1393e6d17ef1dd32,phash:1393e6d17ef1dd32,,,train
367122e8778492b645bc,z5719945512664_b31ee4aecf6a552463f894dbf83282d1_M_30_40_light_brown_M_50_60_dark_brown.jpg,Soil_Labeled_Data/M_60_70/L_50_60/alluvial/z5719945512664_b31ee4aecf6a552463f894dbf83282d1_M_30_40_light_brown_M_50_60_dark_brown.jpg,Soil_Labeled_Data/M_60_70/L_50_60/alluvial/z5719945512664_b31ee4aecf6a552463f894dbf83282d1_M_30_40_light_brown_M_50_60_dark_brown.jpg,PRESENT,False,dabe7baeb5b611738d839ef599f6b8f1fecaae87911034d0f602421eb2ecfd2f,64,67,54,6,M_60_70,L_50_60,alluvial,phash:1393e6d17ef1dd32,phash:1393e6d17ef1dd32,,,train
1f8b193a30fe5574885a,IMG_0241_M_0_10_gray_brown_M_40_50_gray_brown.jpg,Soil_Labeled_Data/M_60_70/L_60_70/alluvial/IMG_0241_M_0_10_gray_brown_M_40_50_gray_brown.jpg,Soil_Labeled_Data/M_60_70/L_60_70/alluvial/IMG_0241_M_0_10_gray_brown_M_40_50_gray_brown.jpg,PRESENT,False,0718277e030619f6c49fe63cf7b93a6f93506405b5621b63c1be58cacdb4d0c2,65,65,65,6,M_60_70,L_60_70,alluvial,phash:c54122dc935fea79,phash:c54122dc935fea79,,,train
4e95e651edcbbe2212c7,IMG_0242_M_0_10_light_brown_M_40_50_gray_brown.jpg,Soil_Labeled_Data/M_60_70/L_60_70/alluvial/IMG_0242_M_0_10_light_brown_M_40_50_gray_brown.jpg,Soil_Labeled_Data/M_60_70/L_60_70/alluvial/IMG_0242_M_0_10_light_brown_M_40_50_gray_brown.jpg,PRESENT,False,f03f92a408ae5d701096e2bbcbf00269433ab96f2b04dffd7a75b8be79b58b29,66,66,63,6,M_60_70,L_60_70,alluvial,phash:72f2bba7253dc548,phash:72f2bba7253dc548,,,train
b616ef22702530618af0,IMG_0246_M_0_10_light_brown_M_40_50_gray_brown.jpg,Soil_Labeled_Data/M_60_70/L_60_70/alluvial/IMG_0246_M_0_10_light_brown_M_40_50_gray_brown.jpg,Soil_Labeled_Data/M_60_70/L_60_70/alluvial/IMG_0246_M_0_10_light_brown_M_40_50_gray_brown.jpg,PRESENT,False,bad4b03351fa681c813d4a5eab90f4a987a597715d99c1d89d166b88a7b045fd,70,72,70,6,M_60_70,L_60_70,alluvial,phash:19ac01d45edafba1,phash:19ac01d45edafba1,,,train
f61a31a0f325629e205e,IMG_0248_M_0_10_clayish_red_M_40_50_dark_brown.jpg,Soil_Labeled_Data/M_60_70/L_60_70/alluvial/IMG_0248_M_0_10_clayish_red_M_40_50_dark_brown.jpg,Soil_Labeled_Data/M_60_70/L_60_70/alluvial/IMG_0248_M_0_10_clayish_red_M_40_50_dark_brown.jpg,PRESENT,False,19b6eee65a4dc588fe101da4bd8d03294bfe28f3f3380131aa7a66654da609e0,60,62,60,6,M_60_70,L_60_70,alluvial,phash:1f74a9bc25cb6f71,phash:1f74a9bc25cb6f71,,,train
4de1462d52250462bc57,IMG_0250_M_0_10_pale_yellow_M_40_50_dark_brown.jpg,Soil_Labeled_Data/M_60_70/L_60_70/alluvial/IMG_0250_M_0_10_pale_yellow_M_40_50_dark_brown.jpg,Soil_Labeled_Data/M_60_70/L_60_70/alluvial/IMG_0250_M_0_10_pale_yellow_M_40_50_dark_brown.jpg,PRESENT,False,ccf95f1b777388587002cd321ac8c435d6588c81e47cf54b20b2ef47e166ca81,67,70,70,6,M_60_70,L_60_70,alluvial,phash:7cc0d10041dd5ffd,phash:7cc0d10041dd5ffd,,,train
52996a9817ff2c2899d8,IMG_0255_M_0_10_gray_brown_M_40_50_light_brown_M_50_60_dark_brown.jpg,Soil_Labeled_Data/M_60_70/L_60_70/alluvial/IMG_0255_M_0_10_gray_brown_M_40_50_light_brown_M_50_60_dark_brown.jpg,Soil_Labeled_Data/M_60_70/L_60_70/alluvial/IMG_0255_M_0_10_gray_brown_M_40_50_light_brown_M_50_60_dark_brown.jpg,PRESENT,False,aeebe77f4e39a16a8817ddff2672f45d924648171205e518947212c52b481d5d,68,69,65,6,M_60_70,L_60_70,alluvial,phash:3a82b527ebf76359,phash:3a82b527ebf76359,,,train
b1eeb55c623ff7ada798,IMG_0255_M_0_10_light_brown_M_40_50_light_brown_M_50_60_gray_brown.jpg,Soil_Labeled_Data/M_60_70/L_60_70/alluvial/IMG_0255_M_0_10_light_brown_M_40_50_light_brown_M_50_60_gray_brown.jpg,Soil_Labeled_Data/M_60_70/L_60_70/alluvial/IMG_0255_M_0_10_light_brown_M_40_50_light_brown_M_50_60_gray_brown.jpg,PRESENT,False,d4bb4ad53c5a715e8c16cd4dfaa76eb37dc6fca58b055683affd7edd7e83853b,61,61,66,6,M_60_70,L_60_70,alluvial,phash:3a82b527ebf76359,phash:3a82b527ebf76359,,,train
f3cbbc28544097c2fc46,IMG_0258_M_0_10_pale_yellow_M_40_50_gray_brown.jpg,Soil_Labeled_Data/M_60_70/L_60_70/alluvial/IMG_0258_M_0_10_pale_yellow_M_40_50_gray_brown.jpg,Soil_Labeled_Data/M_60_70/L_60_70/alluvial/IMG_0258_M_0_10_pale_yellow_M_40_50_gray_brown.jpg,PRESENT,False,3225fa1a3d07d4b267ad8d8500d215c69b2817513aa3e40eefd6a0bf25fa875e,66,65,65,6,M_60_70,L_60_70,alluvial,phash:17e978ef03cb2911,phash:17e978ef03cb2911,,,train
be0ea0efa7422a1e1ef7,IMG_0675_M_10_20_light_brown_M_30_40_light_brown_M_50_60_gray_brown.jpg,Soil_Labeled_Data/M_60_70/L_60_70/alluvial/IMG_0675_M_10_20_light_brown_M_30_40_light_brown_M_50_60_gray_brown.jpg,Soil_Labeled_Data/M_60_70/L_60_70/alluvial/IMG_0675_M_10_20_light_brown_M_30_40_light_brown_M_50_60_gray_brown.jpg,PRESENT,False,82b7c2ada3ac395f4df202ddbbc7cf7ece065cd7cfa1eca35fc542c80fe9f19b,65,65,63,6,M_60_70,L_60_70,alluvial,phash:a428d9fcdf8d24fa,phash:a428d9fcdf8d24fa,,,train
5933fe2d7116e25299de,IMG_0679_M_10_20_light_brown_M_30_40_gray_brown_M_50_60_gray_brown.jpg,Soil_Labeled_Data/M_60_70/L_60_70/alluvial/IMG_0679_M_10_20_light_brown_M_30_40_gray_brown_M_50_60_gray_brown.jpg,Soil_Labeled_Data/M_60_70/L_60_70/alluvial/IMG_0679_M_10_20_light_brown_M_30_40_gray_brown_M_50_60_gray_brown.jpg,PRESENT,False,eeed34ca07bb929602c2260ee3605ab7cc015f10ad047f140116022294957e3a,69,70,60,6,M_60_70,L_60_70,alluvial,phash:511c840490f6b4a6,phash:511c840490f6b4a6,,,train
10c5930b3af4fd932a91,IMG_0679_M_10_20_light_brown_M_40_50_gray_brown.jpg,Soil_Labeled_Data/M_60_70/L_60_70/alluvial/IMG_0679_M_10_20_light_brown_M_40_50_gray_brown.jpg,Soil_Labeled_Data/M_60_70/L_60_70/alluvial/IMG_0679_M_10_20_light_brown_M_40_50_gray_brown.jpg,PRESENT,False,cd5accbd1bb2b6fc333fb5eecb3aa2c29204b91a77a74c5318aec9fb8f54a427,60,62,66,6,M_60_70,L_60_70,alluvial,phash:511c840490f6b4a6,phash:511c840490f6b4a6,,,train
1ffefca37d27019823c7,IMG_0679_M_10_20_light_brown_M_40_50_gray_brown_M_50_60_dark_brown.jpg,Soil_Labeled_Data/M_60_70/L_60_70/alluvial/IMG_0679_M_10_20_light_brown_M_40_50_gray_brown_M_50_60_dark_brown.jpg,Soil_Labeled_Data/M_60_70/L_60_70/alluvial/IMG_0679_M_10_20_light_brown_M_40_50_gray_brown_M_50_60_dark_brown.jpg,PRESENT,False,f56b85fa803ae25bfaee7f710f9bce8863ba072ab28fc7df1e2e293fe09c1c99,66,67,67,6,M_60_70,L_60_70,alluvial,phash:511c840490f6b4a6,phash:511c840490f6b4a6,,,train
973000dafe044191f677,IMG_0681_M_10_20_light_brown_M_40_50_dark_brown.jpg,Soil_Labeled_Data/M_60_70/L_60_70/alluvial/IMG_0681_M_10_20_light_brown_M_40_50_dark_brown.jpg,Soil_Labeled_Data/M_60_70/L_60_70/alluvial/IMG_0681_M_10_20_light_brown_M_40_50_dark_brown.jpg,PRESENT,False,65675bf082db4e74a67e4da7e70c73128a2c0f06f66f9862e5ca62564034fa80,60,63,62,6,M_60_70,L_60_70,alluvial,phash:5e8401d92ec70f04,phash:5e8401d92ec70f04,,,train
cdb4e7f3b0861d1e7bbe,IMG_0682_M_10_20_light_brown_M_40_50_gray_brown.jpg,Soil_Labeled_Data/M_60_70/L_60_70/alluvial/IMG_0682_M_10_20_light_brown_M_40_50_gray_brown.jpg,Soil_Labeled_Data/M_60_70/L_60_70/alluvial/IMG_0682_M_10_20_light_brown_M_40_50_gray_brown.jpg,PRESENT,False,70795c62be5f0ac61a9471e7a764817c98f16cbf02159a2394f5406dc82c04aa,70,73,70,6,M_60_70,L_60_70,alluvial,phash:019406175839e097,phash:019406175839e097,,,train
bb6e32a9ae481c37a4fa,IMG_0695_M_10_20_clayish_red_M_40_50_light_brown_M_50_60_gray_brown.jpg,Soil_Labeled_Data/M_60_70/L_60_70/alluvial/IMG_0695_M_10_20_clayish_red_M_40_50_light_brown_M_50_60_gray_brown.jpg,Soil_Labeled_Data/M_60_70/L_60_70/alluvial/IMG_0695_M_10_20_clayish_red_M_40_50_light_brown_M_50_60_gray_brown.jpg,PRESENT,False,0bc384dd85073ddea2c6867936a466bdf10fb437c99dd04748ee9786bd9b4747,66,65,64,6,M_60_70,L_60_70,alluvial,phash:4d2073dc153cb1de,phash:4d2073dc153cb1de,,,train
f6c12b650bdd9a7b829a,IMG_0695_M_10_20_gray_brown_M_40_50_dark_brown.jpg,Soil_Labeled_Data/M_60_70/L_60_70/alluvial/IMG_0695_M_10_20_gray_brown_M_40_50_dark_brown.jpg,Soil_Labeled_Data/M_60_70/L_60_70/alluvial/IMG_0695_M_10_20_gray_brown_M_40_50_dark_brown.jpg,PRESENT,False,0b219df5ff67465792a11de6ef4be903c219762432f7ac8333a516e9a27b25c3,64,63,70,6,M_60_70,L_60_70,alluvial,phash:4d2073dc153cb1de,phash:4d2073dc153cb1de,,,train
abb4ccf2341526a9d325,z5715083829092_c796baa2a13a45a626e1c31cb08f116a_M_20_30_light_brown_M_30_40_gray_brown_M_50_60_dark_brown.jpg,Soil_Labeled_Data/M_60_70/L_60_70/alluvial/z5715083829092_c796baa2a13a45a626e1c31cb08f116a_M_20_30_light_brown_M_30_40_gray_brown_M_50_60_dark_brown.jpg,Soil_Labeled_Data/M_60_70/L_60_70/alluvial/z5715083829092_c796baa2a13a45a626e1c31cb08f116a_M_20_30_light_brown_M_30_40_gray_brown_M_50_60_dark_brown.jpg,PRESENT,False,7e06b7ab41237357f654fbd92b4b671dbf60b0fc5cbdddb2b3a0b6922b12ebe1,66,69,69,6,M_60_70,L_60_70,alluvial,phash:b712b0d5fc97a691,phash:b712b0d5fc97a691,,,train
78dc87e0772df8fd301a,z5715083944464_a4caa92a042d5283254923501cb8358c_M_20_30_pale_yellow_M_30_40_light_brown_M_50_60_dark_brown.jpg,Soil_Labeled_Data/M_60_70/L_60_70/alluvial/z5715083944464_a4caa92a042d5283254923501cb8358c_M_20_30_pale_yellow_M_30_40_light_brown_M_50_60_dark_brown.jpg,Soil_Labeled_Data/M_60_70/L_60_70/alluvial/z5715083944464_a4caa92a042d5283254923501cb8358c_M_20_30_pale_yellow_M_30_40_light_brown_M_50_60_dark_brown.jpg,PRESENT,False,7d72b9115959f3a42715374ef9c767574dee9dc45f7d4934379ea4b2834255c5,70,72,70,6,M_60_70,L_60_70,alluvial,phash:0addb7d1506343b6,phash:0addb7d1506343b6,,,train
43c4f4da3fef3cd7f34d,z5715084217100_56ffdcb9a7e21ae938a857822326c4e1_M_20_30_light_brown_M_30_40_light_brown_M_50_60_dark_brown.jpg,Soil_Labeled_Data/M_60_70/L_60_70/alluvial/z5715084217100_56ffdcb9a7e21ae938a857822326c4e1_M_20_30_light_brown_M_30_40_light_brown_M_50_60_dark_brown.jpg,Soil_Labeled_Data/M_60_70/L_60_70/alluvial/z5715084217100_56ffdcb9a7e21ae938a857822326c4e1_M_20_30_light_brown_M_30_40_light_brown_M_50_60_dark_brown.jpg,PRESENT,False,f456dfd6ac45488d5fcfbde4a0473e5cbfe18cc4266a872c69f9610c59f35737,69,70,66,6,M_60_70,L_60_70,alluvial,phash:0b0189f76cd4b322,phash:0b0189f76cd4b322,,,train
559109eb0dcc1ab58541,z5715084235063_019bf1d09588c2fd5226859f4331698b_M_20_30_light_brown_M_30_40_light_brown_M_50_60_dark_brown.jpg,Soil_Labeled_Data/M_60_70/L_60_70/alluvial/z5715084235063_019bf1d09588c2fd5226859f4331698b_M_20_30_light_brown_M_30_40_light_brown_M_50_60_dark_brown.jpg,Soil_Labeled_Data/M_60_70/L_60_70/alluvial/z5715084235063_019bf1d09588c2fd5226859f4331698b_M_20_30_light_brown_M_30_40_light_brown_M_50_60_dark_brown.jpg,PRESENT,False,f2caa503ffbe2d14b7666eef192b7efd7be4950bd2a1aaf42ebb5d1302d377bb,69,68,65,6,M_60_70,L_60_70,alluvial,phash:2239954b40c98c02,phash:2239954b40c98c02,,,train
1b90b52cdfdf16015734,IMG_0286_M_0_10_pale_yellow_M_40_50_dark_brown.jpg,Soil_Labeled_Data/M_60_70/L_70_80/alluvial/IMG_0286_M_0_10_pale_yellow_M_40_50_dark_brown.jpg,Soil_Labeled_Data/M_60_70/L_70_80/alluvial/IMG_0286_M_0_10_pale_yellow_M_40_50_dark_brown.jpg,PRESENT,False,3e4d0f565b842bf76729904d81c09362e47a5b1b3a4b49a78ada48690a9712d4,70,69,70,6,M_60_70,L_70_80,alluvial,phash:430ed9a6cfd66f1c,phash:430ed9a6cfd66f1c,,,train
10f7f8e8f91ef17b11a8,IMG_0287_M_0_10_gray_brown_M_40_50_dark_brown.jpg,Soil_Labeled_Data/M_60_70/L_70_80/alluvial/IMG_0287_M_0_10_gray_brown_M_40_50_dark_brown.jpg,Soil_Labeled_Data/M_60_70/L_70_80/alluvial/IMG_0287_M_0_10_gray_brown_M_40_50_dark_brown.jpg,PRESENT,False,386af14400f9e58966566721a76f6ef8b91defcc6aaac7f3de7f0442fd19b842,61,64,80,6,M_60_70,L_70_80,alluvial,phash:e29f3395d78fb71e,phash:e29f3395d78fb71e,,,train
1a06c4e73adec4e8130a,IMG_0290_M_0_10_light_brown_M_40_50_light_brown_M_50_60_gray_brown.jpg,Soil_Labeled_Data/M_60_70/L_70_80/alluvial/IMG_0290_M_0_10_light_brown_M_40_50_light_brown_M_50_60_gray_brown.jpg,Soil_Labeled_Data/M_60_70/L_70_80/alluvial/IMG_0290_M_0_10_light_brown_M_40_50_light_brown_M_50_60_gray_brown.jpg,PRESENT,False,53f6e00f6921a7baa2a98a316db4924f9921106d952e776b6db2d8e0c2d7f5aa,70,69,74,6,M_60_70,L_70_80,alluvial,phash:8d480b16949f2dfa,phash:8d480b16949f2dfa,,,train
275b6acbe8d10204919d,IMG_0293_M_0_10_gray_brown_M_40_50_gray_brown_M_50_60_gray_brown.jpg,Soil_Labeled_Data/M_60_70/L_70_80/alluvial/IMG_0293_M_0_10_gray_brown_M_40_50_gray_brown_M_50_60_gray_brown.jpg,Soil_Labeled_Data/M_60_70/L_70_80/alluvial/IMG_0293_M_0_10_gray_brown_M_40_50_gray_brown_M_50_60_gray_brown.jpg,PRESENT,False,2ed37e7583b3f8d3b5e45a484f89dcfc4dc81bde96e02867f760e50570fc2a9c,66,69,71,6,M_60_70,L_70_80,alluvial,phash:c937577b1b7aa40e,phash:c937577b1b7aa40e,,,train
a0733f9b3ea479bf97d5,IMG_0295_M_0_10_clayish_red_M_40_50_gray_brown.jpg,Soil_Labeled_Data/M_60_70/L_70_80/alluvial/IMG_0295_M_0_10_clayish_red_M_40_50_gray_brown.jpg,Soil_Labeled_Data/M_60_70/L_70_80/alluvial/IMG_0295_M_0_10_clayish_red_M_40_50_gray_brown.jpg,PRESENT,False,a759401c23177350419d00b3c0cf6436971d5881279c0ee656919f3082d4d4f0,67,67,70,6,M_60_70,L_70_80,alluvial,phash:d0bdf9e31c9a9339,phash:d0bdf9e31c9a9339,,,train
0873e976fea307136694,IMG_0298_M_0_10_gray_brown_M_40_50_dark_brown.jpg,Soil_Labeled_Data/M_60_70/L_70_80/alluvial/IMG_0298_M_0_10_gray_brown_M_40_50_dark_brown.jpg,Soil_Labeled_Data/M_60_70/L_70_80/alluvial/IMG_0298_M_0_10_gray_brown_M_40_50_dark_brown.jpg,PRESENT,False,fa113de788040e9299b2df06bdfd44d1e255f338ea8c4f51c3fb1924603674ac,60,61,75,6,M_60_70,L_70_80,alluvial,phash:11e7115e81b35b9a,phash:11e7115e81b35b9a,,,train
4ee51c5338f84079a961,IMG_0298_M_0_10_gray_brown_M_40_50_gray_brown_M_50_60_gray_brown.jpg,Soil_Labeled_Data/M_60_70/L_70_80/alluvial/IMG_0298_M_0_10_gray_brown_M_40_50_gray_brown_M_50_60_gray_brown.jpg,Soil_Labeled_Data/M_60_70/L_70_80/alluvial/IMG_0298_M_0_10_gray_brown_M_40_50_gray_brown_M_50_60_gray_brown.jpg,PRESENT,False,44c674b2e8f571607779bec696c5c41ce0969596fe6c1473411489590adf1fdb,70,73,72,6,M_60_70,L_70_80,alluvial,phash:11e7115e81b35b9a,phash:11e7115e81b35b9a,,,train
43a6eeafd1dd455037e0,IMG_0299_M_0_10_light_brown_M_40_50_gray_brown.jpg,Soil_Labeled_Data/M_60_70/L_70_80/alluvial/IMG_0299_M_0_10_light_brown_M_40_50_gray_brown.jpg,Soil_Labeled_Data/M_60_70/L_70_80/alluvial/IMG_0299_M_0_10_light_brown_M_40_50_gray_brown.jpg,PRESENT,False,44827e904ab7cafa347003cecbc1eba26841147e1ecf036e74ee017a9b9574f8,60,61,80,6,M_60_70,L_70_80,alluvial,phash:4d6d86021fc16aae,phash:4d6d86021fc16aae,,,train
5c60bdef9ac42a4e9945,IMG_0300_M_0_10_pale_yellow_M_40_50_dark_brown.jpg,Soil_Labeled_Data/M_60_70/L_70_80/alluvial/IMG_0300_M_0_10_pale_yellow_M_40_50_dark_brown.jpg,Soil_Labeled_Data/M_60_70/L_70_80/alluvial/IMG_0300_M_0_10_pale_yellow_M_40_50_dark_brown.jpg,PRESENT,False,4ab933591f1937b99c3c0a4ce5b4c1a8b286afd951ae62a222825d2182dd5d86,70,70,71,6,M_60_70,L_70_80,alluvial,phash:c394eaefdefded4a,phash:c394eaefdefded4a,,,train
e1affee36a6555022fc9,IMG_0300_M_0_10_pale_yellow_M_40_50_gray_brown_M_50_60_dark_brown.jpg,Soil_Labeled_Data/M_60_70/L_70_80/alluvial/IMG_0300_M_0_10_pale_yellow_M_40_50_gray_brown_M_50_60_dark_brown.jpg,Soil_Labeled_Data/M_60_70/L_70_80/alluvial/IMG_0300_M_0_10_pale_yellow_M_40_50_gray_brown_M_50_60_dark_brown.jpg,PRESENT,False,9482121a9e1e365b88cdf94541adc4774cc0570ff4ab45c15a519f82de3ad943,61,62,70,6,M_60_70,L_70_80,alluvial,phash:c394eaefdefded4a,phash:c394eaefdefded4a,,,train
165af01baefe71e7484b,IMG_0701_M_10_20_gray_brown_M_40_50_gray_brown.jpg,Soil_Labeled_Data/M_60_70/L_70_80/alluvial/IMG_0701_M_10_20_gray_brown_M_40_50_gray_brown.jpg,Soil_Labeled_Data/M_60_70/L_70_80/alluvial/IMG_0701_M_10_20_gray_brown_M_40_50_gray_brown.jpg,PRESENT,False,0ce159dedd1f0ddb44da4ba078c533c404f4b06f91c4c2e113b12e17dea6090a,69,71,76,6,M_60_70,L_70_80,alluvial,phash:1b97c67c90136f52,phash:1b97c67c90136f52,,,train
a00a7469bf67f5c33c2d,IMG_0702_M_10_20_clayish_red_M_40_50_gray_brown.jpg,Soil_Labeled_Data/M_60_70/L_70_80/alluvial/IMG_0702_M_10_20_clayish_red_M_40_50_gray_brown.jpg,Soil_Labeled_Data/M_60_70/L_70_80/alluvial/IMG_0702_M_10_20_clayish_red_M_40_50_gray_brown.jpg,PRESENT,False,bd081ffcab3b01147ccd4133347049a68f76e27d252414daa28990bc9a3d0a2f,63,66,75,6,M_60_70,L_70_80,alluvial,phash:da003ea3a8a9acb4,phash:da003ea3a8a9acb4,,,train
43813ed7a8442f264f73,IMG_0702_M_10_20_clayish_red_M_40_50_gray_brown_M_50_60_dark_brown.jpg,Soil_Labeled_Data/M_60_70/L_70_80/alluvial/IMG_0702_M_10_20_clayish_red_M_40_50_gray_brown_M_50_60_dark_brown.jpg,Soil_Labeled_Data/M_60_70/L_70_80/alluvial/IMG_0702_M_10_20_clayish_red_M_40_50_gray_brown_M_50_60_dark_brown.jpg,PRESENT,False,d5e84f8191386a3a709b9cd98b41de03797c11b3df78f0dd8423207a2f2e3627,66,69,73,6,M_60_70,L_70_80,alluvial,phash:da003ea3a8a9acb4,phash:da003ea3a8a9acb4,,,train
f3316b0a8da7403b3e55,IMG_0705_M_10_20_gray_brown_M_40_50_gray_brown.jpg,Soil_Labeled_Data/M_60_70/L_70_80/alluvial/IMG_0705_M_10_20_gray_brown_M_40_50_gray_brown.jpg,Soil_Labeled_Data/M_60_70/L_70_80/alluvial/IMG_0705_M_10_20_gray_brown_M_40_50_gray_brown.jpg,PRESENT,False,e6f867231a68cadfd7e24a9f51ba030c99b14aab400da309f41793610618c673,62,61,76,6,M_60_70,L_70_80,alluvial,phash:da003ea3a8a9acb4,phash:da003ea3a8a9acb4,,,train
cee40bc37d0e181704e8,IMG_0710_M_10_20_gray_brown_M_40_50_light_brown_M_50_60_gray_brown.jpg,Soil_Labeled_Data/M_60_70/L_70_80/alluvial/IMG_0710_M_10_20_gray_brown_M_40_50_light_brown_M_50_60_gray_brown.jpg,Soil_Labeled_Data/M_60_70/L_70_80/alluvial/IMG_0710_M_10_20_gray_brown_M_40_50_light_brown_M_50_60_gray_brown.jpg,PRESENT,False,80c905dce8822b1deb0a03aa3f896af31a6f66a440b14d0c6cc9b97540ca8bf3,69,71,72,6,M_60_70,L_70_80,alluvial,phash:5e8c45f8956cae93,phash:5e8c45f8956cae93,,,train
b90c7ce2cc5e035ad4fc,IMG_0715_M_10_20_light_brown_M_40_50_dark_brown.jpg,Soil_Labeled_Data/M_60_70/L_70_80/alluvial/IMG_0715_M_10_20_light_brown_M_40_50_dark_brown.jpg,Soil_Labeled_Data/M_60_70/L_70_80/alluvial/IMG_0715_M_10_20_light_brown_M_40_50_dark_brown.jpg,PRESENT,False,652add4027d1f58d176f2c01539983d1cf66dd65b0a36c835e1e259a833ad709,61,64,80,6,M_60_70,L_70_80,alluvial,phash:04c1aca557db14ee,phash:04c1aca557db14ee,,,train
02a8ab2a4b76898b98c1,IMG_0716_M_10_20_light_brown_M_40_50_gray_brown_M_50_60_gray_brown.jpg,Soil_Labeled_Data/M_60_70/L_70_80/alluvial/IMG_0716_M_10_20_light_brown_M_40_50_gray_brown_M_50_60_gray_brown.jpg,Soil_Labeled_Data/M_60_70/L_70_80/alluvial/IMG_0716_M_10_20_light_brown_M_40_50_gray_brown_M_50_60_gray_brown.jpg,PRESENT,False,71cf7dad149c69c38669c1eb3e14b80ca4615d127b5d26cab05cb759b22f8ffc,67,67,75,6,M_60_70,L_70_80,alluvial,phash:ea21b0c5f7c3e0b8,phash:ea21b0c5f7c3e0b8,,,train
4280b64064ce887859dc,IMG_0719_M_10_20_clayish_red_M_40_50_gray_brown.jpg,Soil_Labeled_Data/M_60_70/L_70_80/alluvial/IMG_0719_M_10_20_clayish_red_M_40_50_gray_brown.jpg,Soil_Labeled_Data/M_60_70/L_70_80/alluvial/IMG_0719_M_10_20_clayish_red_M_40_50_gray_brown.jpg,PRESENT,False,a7ea2c004f7f4e945e20418bcf8f798a25e195ea42e831f2c554ee23ae8c7fcb,61,61,71,6,M_60_70,L_70_80,alluvial,phash:d1c90e142218287c,phash:d1c90e142218287c,,,train
aba33453f9fded515250,z5715141626411_00b983fd5f44402c4bda94b5b928bb00_M_20_30_light_brown_M_30_40_light_brown_M_50_60_dark_brown.jpg,Soil_Labeled_Data/M_60_70/L_70_80/alluvial/z5715141626411_00b983fd5f44402c4bda94b5b928bb00_M_20_30_light_brown_M_30_40_light_brown_M_50_60_dark_brown.jpg,Soil_Labeled_Data/M_60_70/L_70_80/alluvial/z5715141626411_00b983fd5f44402c4bda94b5b928bb00_M_20_30_light_brown_M_30_40_light_brown_M_50_60_dark_brown.jpg,PRESENT,False,b256ce3bd4f50859727401a6efce127612519b12853f4974565c8063eb2c4656,65,66,79,6,M_60_70,L_70_80,alluvial,phash:58b6b94065785737,phash:58b6b94065785737,,,train
bf86ec17333e7e8fe755,z5715142251106_f70a13549cdc2cbc53d4da6e12f77581_M_20_30_pale_yellow_M_30_40_gray_brown_M_50_60_dark_brown.jpg,Soil_Labeled_Data/M_60_70/L_70_80/alluvial/z5715142251106_f70a13549cdc2cbc53d4da6e12f77581_M_20_30_pale_yellow_M_30_40_gray_brown_M_50_60_dark_brown.jpg,Soil_Labeled_Data/M_60_70/L_70_80/alluvial/z5715142251106_f70a13549cdc2cbc53d4da6e12f77581_M_20_30_pale_yellow_M_30_40_gray_brown_M_50_60_dark_brown.jpg,PRESENT,False,249cfea99e2c9d6d87dd156a51a13c197d2723fc529b5d943f5f805774132f0e,68,71,72,6,M_60_70,L_70_80,alluvial,phash:c007721889ea07ad,phash:c007721889ea07ad,,,train
583bceb95a2f85a71c93,M_60_70_L_80_90_0014_gray_brown.jpg,Soil_Labeled_Data/M_60_70/L_80_90/alluvial/M_60_70_L_80_90_0014_gray_brown.jpg,Soil_Labeled_Data/M_60_70/L_80_90/alluvial/M_60_70_L_80_90_0014_gray_brown.jpg,PRESENT,False,cd7a8b4bca9dad9df256439696cc48713c153ba6b525cf6b9102d5c208704c76,67,66,82,6,M_60_70,L_80_90,alluvial,phash:a15659574d9b162a,phash:a15659574d9b162a,,,train
178735bc1cee8cf45c46,M_60_70_L_80_90_0017_light_brown.jpg,Soil_Labeled_Data/M_60_70/L_80_90/alluvial/M_60_70_L_80_90_0017_light_brown.jpg,Soil_Labeled_Data/M_60_70/L_80_90/alluvial/M_60_70_L_80_90_0017_light_brown.jpg,PRESENT,False,0739e6ffd68615147d612b9ab480ce494f9d3602b60bfb4f33b44dcf56e5e0e4,67,68,87,6,M_60_70,L_80_90,alluvial,phash:14f22c12d21ae414,phash:14f22c12d21ae414,,,train
ad10ff93dcf2532ac040,M_60_70_L_80_90_0020_light_brown.jpg,Soil_Labeled_Data/M_60_70/L_80_90/alluvial/M_60_70_L_80_90_0020_light_brown.jpg,Soil_Labeled_Data/M_60_70/L_80_90/alluvial/M_60_70_L_80_90_0020_light_brown.jpg,PRESENT,False,f7baae8264ab7080c9b64eda912282bb7ec5055e7f3a6fca8b7f0243954249ac,67,66,86,6,M_60_70,L_80_90,alluvial,phash:32fa337bf04ea824,phash:32fa337bf04ea824,,,train
6df44d5219942bf71c4e,M_60_70_L_80_90_0038_gray_brown.jpg,Soil_Labeled_Data/M_60_70/L_80_90/alluvial/M_60_70_L_80_90_0038_gray_brown.jpg,Soil_Labeled_Data/M_60_70/L_80_90/alluvial/M_60_70_L_80_90_0038_gray_brown.jpg,PRESENT,False,e35acf5b2e8cc3f1f2334fce0aec8f6a9b461ec8613cb49292b2046d3f7d4bf8,60,60,90,6,M_60_70,L_80_90,alluvial,phash:7a8bda37bd1a1b56,phash:7a8bda37bd1a1b56,,,train
20d54138d37639fc86b9,M_60_70_L_80_90_0039_clay_red.jpg,Soil_Labeled_Data/M_60_70/L_80_90/alluvial/M_60_70_L_80_90_0039_clay_red.jpg,Soil_Labeled_Data/M_60_70/L_80_90/alluvial/M_60_70_L_80_90_0039_clay_red.jpg,PRESENT,False,b9d9cafcb153a003cb8356cebbd698514c69a114f3a9f72f4b47536c2f9ef978,65,65,80,6,M_60_70,L_80_90,alluvial,phash:db9ee2806dc05985,phash:db9ee2806dc05985,,,train
68a0cc05ff767117a0a9,M_60_70_L_80_90_0041_wet_gray.jpg,Soil_Labeled_Data/M_60_70/L_80_90/alluvial/M_60_70_L_80_90_0041_wet_gray.jpg,Soil_Labeled_Data/M_60_70/L_80_90/alluvial/M_60_70_L_80_90_0041_wet_gray.jpg,PRESENT,False,0725a6ed56b1a9a724aff5511bc1c8be1d89a9b663b8204b6e022defd4fc1c91,65,67,80,6,M_60_70,L_80_90,alluvial,phash:b87de173de4bd55d,phash:b87de173de4bd55d,,,train
f0e59a54fa1cfa192a10,M_60_70_L_80_90_0044_light_brown.jpg,Soil_Labeled_Data/M_60_70/L_80_90/alluvial/M_60_70_L_80_90_0044_light_brown.jpg,Soil_Labeled_Data/M_60_70/L_80_90/alluvial/M_60_70_L_80_90_0044_light_brown.jpg,PRESENT,False,ced2cd3f9a55a4bd7e604cdd612799fd60953c89d6b8e3b2303788ccc28c7c66,68,70,90,6,M_60_70,L_80_90,alluvial,phash:440cf10437760781,phash:440cf10437760781,,,train
88cd8dc434cccf475d55,M_60_70_L_80_90_0045_wet_gray.jpg,Soil_Labeled_Data/M_60_70/L_80_90/alluvial/M_60_70_L_80_90_0045_wet_gray.jpg,Soil_Labeled_Data/M_60_70/L_80_90/alluvial/M_60_70_L_80_90_0045_wet_gray.jpg,PRESENT,False,dc8bc9506f704cb5c87337c29a607a4866f65561b6ccee2d89557e58f95152bc,67,69,89,6,M_60_70,L_80_90,alluvial,phash:5d4a1cc17f3caf91,phash:5d4a1cc17f3caf91,,,train
548bcf71f6b0e1aa1bd8,M_60_70_L_80_90_0051_gray_brown.jpg,Soil_Labeled_Data/M_60_70/L_80_90/alluvial/M_60_70_L_80_90_0051_gray_brown.jpg,Soil_Labeled_Data/M_60_70/L_80_90/alluvial/M_60_70_L_80_90_0051_gray_brown.jpg,PRESENT,False,2628ebed5907b8786f423b45249e08efc4c27a04a342a286891944a4f75a266f,68,68,90,6,M_60_70,L_80_90,alluvial,phash:87a0fc93f2cf29b3,phash:87a0fc93f2cf29b3,,,train
ed6e6dce0e45571e503a,M_60_70_L_80_90_0054_clay_red.jpg,Soil_Labeled_Data/M_60_70/L_80_90/alluvial/M_60_70_L_80_90_0054_clay_red.jpg,Soil_Labeled_Data/M_60_70/L_80_90/alluvial/M_60_70_L_80_90_0054_clay_red.jpg,PRESENT,False,c07aec9e7bf037c26c41e016818fa25eb3a6057b5acd1e28be059614312755fa,64,63,81,6,M_60_70,L_80_90,alluvial,phash:384f9f07ce7305c1,phash:384f9f07ce7305c1,,,train
40d0b0d6098318dcdf0f,M_60_70_L_80_90_0058_gray_brown.jpg,Soil_Labeled_Data/M_60_70/L_80_90/alluvial/M_60_70_L_80_90_0058_gray_brown.jpg,Soil_Labeled_Data/M_60_70/L_80_90/alluvial/M_60_70_L_80_90_0058_gray_brown.jpg,PRESENT,False,3be27060042684990c643d32c5ce96233e163278022e2187ccb1e80c4d6d4b00,62,61,82,6,M_60_70,L_80_90,alluvial,phash:7fef4dde43e48360,phash:7fef4dde43e48360,,,train
b2c107877e4bc9fe38d0,M_60_70_L_80_90_0064_light_brown.jpg,Soil_Labeled_Data/M_60_70/L_80_90/alluvial/M_60_70_L_80_90_0064_light_brown.jpg,Soil_Labeled_Data/M_60_70/L_80_90/alluvial/M_60_70_L_80_90_0064_light_brown.jpg,PRESENT,False,a0d1ac105819ca3bdcb1cbed367fb3db58b736b124ae0f93de9e5de10ccc1193,68,68,90,6,M_60_70,L_80_90,alluvial,phash:0ee3c830b949a4af,phash:0ee3c830b949a4af,,,train
9bbc04dc3309dd7c404a,M_60_70_L_80_90_0068_light_brown.jpg,Soil_Labeled_Data/M_60_70/L_80_90/alluvial/M_60_70_L_80_90_0068_light_brown.jpg,Soil_Labeled_Data/M_60_70/L_80_90/alluvial/M_60_70_L_80_90_0068_light_brown.jpg,PRESENT,False,7887de2d3e8a5ee7d72b4b20eeaf155f4ce72a4906670b54feb8f905d485ad03,60,59,86,6,M_60_70,L_80_90,alluvial,phash:4aabf22cca79a2b1,phash:4aabf22cca79a2b1,,,train
87b3d9a9a17b4cf14837,M_60_70_L_80_90_0080_dark_brown.jpg,Soil_Labeled_Data/M_60_70/L_80_90/alluvial/M_60_70_L_80_90_0080_dark_brown.jpg,Soil_Labeled_Data/M_60_70/L_80_90/alluvial/M_60_70_L_80_90_0080_dark_brown.jpg,PRESENT,False,a024dd8c42f7abb3885b10044d16ce654a35b06ebbb19ed406fb45290649a55a,65,67,85,6,M_60_70,L_80_90,alluvial,phash:77ff853871681a5f,phash:77ff853871681a5f,,,train
5230e7aff51e0643e062,M_60_70_L_90_100_0001_gray_brown.jpg,Soil_Labeled_Data/M_60_70/L_90_100/alluvial/M_60_70_L_90_100_0001_gray_brown.jpg,Soil_Labeled_Data/M_60_70/L_90_100/alluvial/M_60_70_L_90_100_0001_gray_brown.jpg,PRESENT,False,059030a12c0d39630781a21d216a36bd67d901c663f88d7c95ad83768e5ae1b1,60,62,99,6,M_60_70,L_90_100,alluvial,phash:11f61dd650eab9c1,phash:11f61dd650eab9c1,,,train
c4df016a64ce11ada08b,M_60_70_L_90_100_0004_gray_brown.jpg,Soil_Labeled_Data/M_60_70/L_90_100/alluvial/M_60_70_L_90_100_0004_gray_brown.jpg,Soil_Labeled_Data/M_60_70/L_90_100/alluvial/M_60_70_L_90_100_0004_gray_brown.jpg,PRESENT,False,0e8fcd9a673182f7ad4d8092c72fd4d6a42d6179b09e02b1fc8c2f62b47e01fa,66,65,94,6,M_60_70,L_90_100,alluvial,phash:b51105d1d4146b87,phash:b51105d1d4146b87,,,train
9329b69521021aa732e1,M_60_70_L_90_100_0005_dark_brown.jpg,Soil_Labeled_Data/M_60_70/L_90_100/alluvial/M_60_70_L_90_100_0005_dark_brown.jpg,Soil_Labeled_Data/M_60_70/L_90_100/alluvial/M_60_70_L_90_100_0005_dark_brown.jpg,PRESENT,False,f4d3e358297730ad82e1f8bb6c9c78e0a3df8444ad767c2479ea5059b02cc457,70,71,90,6,M_60_70,L_90_100,alluvial,phash:186f1b83b794bf40,phash:186f1b83b794bf40,,,train
4d401e80a00eca9a508d,M_60_70_L_90_100_0024_light_brown.jpg,Soil_Labeled_Data/M_60_70/L_90_100/alluvial/M_60_70_L_90_100_0024_light_brown.jpg,Soil_Labeled_Data/M_60_70/L_90_100/alluvial/M_60_70_L_90_100_0024_light_brown.jpg,PRESENT,False,8e50df781a0b37adb2ef973e007729e7b1a1ceb4b8655029145a21ef4d411ed7,66,66,90,6,M_60_70,L_90_100,alluvial,phash:f664b3f7ab320084,phash:f664b3f7ab320084,,,train
81631e97066044921f0d,M_60_70_L_90_100_0025_wet_gray.jpg,Soil_Labeled_Data/M_60_70/L_90_100/alluvial/M_60_70_L_90_100_0025_wet_gray.jpg,Soil_Labeled_Data/M_60_70/L_90_100/alluvial/M_60_70_L_90_100_0025_wet_gray.jpg,PRESENT,False,4a381a166aba50711200640063af856034dcaab0559ab74467797e4710d75a91,60,60,100,6,M_60_70,L_90_100,alluvial,phash:4dffec36c3896eb9,phash:4dffec36c3896eb9,,,train
f80eb6ff35c0e2d21eb1,M_60_70_L_90_100_0029_gray_brown.jpg,Soil_Labeled_Data/M_60_70/L_90_100/alluvial/M_60_70_L_90_100_0029_gray_brown.jpg,Soil_Labeled_Data/M_60_70/L_90_100/alluvial/M_60_70_L_90_100_0029_gray_brown.jpg,PRESENT,False,cc44d827dfb511f12c78ac1f0914e80dddab0099cf5b083a728c64005036e237,66,67,98,6,M_60_70,L_90_100,alluvial,phash:c87437fc240e682d,phash:c87437fc240e682d,,,train
e8bce87298c863cdd9d8,M_60_70_L_90_100_0033_clay_red.jpg,Soil_Labeled_Data/M_60_70/L_90_100/alluvial/M_60_70_L_90_100_0033_clay_red.jpg,Soil_Labeled_Data/M_60_70/L_90_100/alluvial/M_60_70_L_90_100_0033_clay_red.jpg,PRESENT,False,ab8885b9235ea2786102c5bcceda9c88b33bb9b8566a6d00127731e45597eb97,67,68,91,6,M_60_70,L_90_100,alluvial,phash:b51105d1d4146b87,phash:b51105d1d4146b87,,,train
daa50a8dce4003dd5cfc,M_60_70_L_90_100_0050_gray_brown.jpg,Soil_Labeled_Data/M_60_70/L_90_100/alluvial/M_60_70_L_90_100_0050_gray_brown.jpg,Soil_Labeled_Data/M_60_70/L_90_100/alluvial/M_60_70_L_90_100_0050_gray_brown.jpg,PRESENT,False,24759744b2009ba52004eddef72ba31eca70cec4bb51634014a24341d7cce249,68,67,98,6,M_60_70,L_90_100,alluvial,phash:186f1b83b794bf40,phash:186f1b83b794bf40,,,train
c2b1691448ab3a768f45,M_60_70_L_90_100_0051_gray_brown.jpg,Soil_Labeled_Data/M_60_70/L_90_100/alluvial/M_60_70_L_90_100_0051_gray_brown.jpg,Soil_Labeled_Data/M_60_70/L_90_100/alluvial/M_60_70_L_90_100_0051_gray_brown.jpg,PRESENT,False,7b46165fe351f860e10a51282461361c6fd0410a028ea856c99b84ff51aef8ab,69,68,97,6,M_60_70,L_90_100,alluvial,phash:109f4377503ddda1,phash:109f4377503ddda1,,,train
a67d523dc850c9135aca,M_60_70_L_90_100_0058_dark_brown.jpg,Soil_Labeled_Data/M_60_70/L_90_100/alluvial/M_60_70_L_90_100_0058_dark_brown.jpg,Soil_Labeled_Data/M_60_70/L_90_100/alluvial/M_60_70_L_90_100_0058_dark_brown.jpg,PRESENT,False,29f492f98568603bdebe0f93ff483a03180c2a651dced8da699fd9b7ad02d9e5,62,62,94,6,M_60_70,L_90_100,alluvial,phash:4629140a527a816d,phash:4629140a527a816d,,,train
f65afee5064041e87aa8,M_60_70_L_90_100_0060_dark_brown.jpg,Soil_Labeled_Data/M_60_70/L_90_100/alluvial/M_60_70_L_90_100_0060_dark_brown.jpg,Soil_Labeled_Data/M_60_70/L_90_100/alluvial/M_60_70_L_90_100_0060_dark_brown.jpg,PRESENT,False,c99038a9e425deeb223f1840312e526acc0aac2ac20ccd08eccad193917549a9,68,67,91,6,M_60_70,L_90_100,alluvial,phash:3f12adad0d3de4b3,phash:3f12adad0d3de4b3,,,train
706a31cde4e3d6bcfcdb,M_60_70_L_90_100_0061_clay_red.jpg,Soil_Labeled_Data/M_60_70/L_90_100/alluvial/M_60_70_L_90_100_0061_clay_red.jpg,Soil_Labeled_Data/M_60_70/L_90_100/alluvial/M_60_70_L_90_100_0061_clay_red.jpg,PRESENT,False,0517ac1128d0a2a678ea9c9e6f0aca7c20abdad447a93e3dacac5ef68597b6e0,66,68,92,6,M_60_70,L_90_100,alluvial,phash:4dffec36c3896eb9,phash:4dffec36c3896eb9,,,train
ceed52e2075382ad19c8,M_60_70_L_90_100_0062_dark_brown.jpg,Soil_Labeled_Data/M_60_70/L_90_100/alluvial/M_60_70_L_90_100_0062_dark_brown.jpg,Soil_Labeled_Data/M_60_70/L_90_100/alluvial/M_60_70_L_90_100_0062_dark_brown.jpg,PRESENT,False,75906e4a5f6c4fc0cbfc5cfb97b3478ae880f4758cd0f8fa98575b487f29d7c3,63,63,96,6,M_60_70,L_90_100,alluvial,phash:f664b3f7ab320084,phash:f664b3f7ab320084,,,train
13ab9e2ebcd6dbf5ba90,M_60_70_L_90_100_0068_wet_gray.jpg,Soil_Labeled_Data/M_60_70/L_90_100/alluvial/M_60_70_L_90_100_0068_wet_gray.jpg,Soil_Labeled_Data/M_60_70/L_90_100/alluvial/M_60_70_L_90_100_0068_wet_gray.jpg,PRESENT,False,8e464c4f686d19d13e9d3005622c3153fc81b4ad65a6bdd92b5144f449b07b24,66,67,91,6,M_60_70,L_90_100,alluvial,phash:fce8ca8571b71253,phash:fce8ca8571b71253,,,train
d36b152732cc10d8411e,M_60_70_L_90_100_0079_wet_gray.jpg,Soil_Labeled_Data/M_60_70/L_90_100/alluvial/M_60_70_L_90_100_0079_wet_gray.jpg,Soil_Labeled_Data/M_60_70/L_90_100/alluvial/M_60_70_L_90_100_0079_wet_gray.jpg,PRESENT,False,d268b0281bf95010980ff2be28df021501128aa5cbd5a0023b4f7e117a28246a,64,65,100,6,M_60_70,L_90_100,alluvial,phash:3f12adad0d3de4b3,phash:3f12adad0d3de4b3,,,train
6cc75a8db9ca905f1945,M_60_70_L_90_100_0086_wet_gray.jpg,Soil_Labeled_Data/M_60_70/L_90_100/alluvial/M_60_70_L_90_100_0086_wet_gray.jpg,Soil_Labeled_Data/M_60_70/L_90_100/alluvial/M_60_70_L_90_100_0086_wet_gray.jpg,PRESENT,False,fee08a31687061b4a1c62cd99291040793364167e35790d8b24107a90fddb898,64,63,99,6,M_60_70,L_90_100,alluvial,phash:25a20c412fc48b30,phash:25a20c412fc48b30,,,train
be7d3edd1c439702f597,M_60_70_L_90_100_0090_light_brown.jpg,Soil_Labeled_Data/M_60_70/L_90_100/alluvial/M_60_70_L_90_100_0090_light_brown.jpg,Soil_Labeled_Data/M_60_70/L_90_100/alluvial/M_60_70_L_90_100_0090_light_brown.jpg,PRESENT,False,bf37a317997e70600814d23e8267489ef34933768ea67c9d776d263de82ae801,63,64,98,6,M_60_70,L_90_100,alluvial,phash:b1dd5e518be03381,phash:b1dd5e518be03381,,,train
18b1bb88df1fae03c1f5,M_60_70_L_90_100_0099_gray_brown.jpg,Soil_Labeled_Data/M_60_70/L_90_100/alluvial/M_60_70_L_90_100_0099_gray_brown.jpg,Soil_Labeled_Data/M_60_70/L_90_100/alluvial/M_60_70_L_90_100_0099_gray_brown.jpg,PRESENT,False,6e7b9d38dd4bf0692cf943d302b6a6f8b3f9b2aa12a161dfded9a46bb849df8d,70,70,91,6,M_60_70,L_90_100,alluvial,phash:c87437fc240e682d,phash:c87437fc240e682d,,,train
887b55eef5ee6c938759,IMG_0407_M_10_20_gray_brown_M_40_50_light_brown_M_50_60_dark_brown.jpg,Soil_Labeled_Data/M_70_80/L_0_10/alluvial/IMG_0407_M_10_20_gray_brown_M_40_50_light_brown_M_50_60_dark_brown.jpg,Soil_Labeled_Data/M_70_80/L_0_10/alluvial/IMG_0407_M_10_20_gray_brown_M_40_50_light_brown_M_50_60_dark_brown.jpg,PRESENT,False,fef2b61799ed68f7390ad9c5cb2c668b9a2ebd2dee0be9789bfd5ac87cc52719,80,84,4,7,M_70_80,L_0_10,alluvial,phash:4756c126639a1165,phash:4756c126639a1165,,,train
1406360ad5af344424f4,IMG_0408_M_10_20_gray_brown_M_40_50_gray_brown_M_50_60_dark_brown_M_60_70_clay_red.jpg,Soil_Labeled_Data/M_70_80/L_0_10/alluvial/IMG_0408_M_10_20_gray_brown_M_40_50_gray_brown_M_50_60_dark_brown_M_60_70_clay_red.jpg,Soil_Labeled_Data/M_70_80/L_0_10/alluvial/IMG_0408_M_10_20_gray_brown_M_40_50_gray_brown_M_50_60_dark_brown_M_60_70_clay_red.jpg,PRESENT,False,4fc3de18d54e68e36b0551481b88338ee98b25c5cb8a4a7acdc52d33eb414074,70,76,10,7,M_70_80,L_0_10,alluvial,phash:4756c126639a1165,phash:4756c126639a1165,,,train
66932117abec911f9ff9,IMG_0413_M_10_20_pale_yellow_M_40_50_gray_brown_M_60_70_clay_red.jpg,Soil_Labeled_Data/M_70_80/L_0_10/alluvial/IMG_0413_M_10_20_pale_yellow_M_40_50_gray_brown_M_60_70_clay_red.jpg,Soil_Labeled_Data/M_70_80/L_0_10/alluvial/IMG_0413_M_10_20_pale_yellow_M_40_50_gray_brown_M_60_70_clay_red.jpg,PRESENT,False,ea12126a42a4a593a76511c16ba45aae980a04f25745ed812acead648f66f904,71,76,2,7,M_70_80,L_0_10,alluvial,phash:7b04521d4a15b988,phash:7b04521d4a15b988,,,train
6328e3c69c91802cf017,IMG_0418_M_10_20_clayish_red_M_40_50_gray_brown_M_60_70_clay_red.jpg,Soil_Labeled_Data/M_70_80/L_0_10/alluvial/IMG_0418_M_10_20_clayish_red_M_40_50_gray_brown_M_60_70_clay_red.jpg,Soil_Labeled_Data/M_70_80/L_0_10/alluvial/IMG_0418_M_10_20_clayish_red_M_40_50_gray_brown_M_60_70_clay_red.jpg,PRESENT,False,bb6c00ba04bff8f02a8df74b560508cbe942625f737d918a037b612eb5bb4792,76,82,3,7,M_70_80,L_0_10,alluvial,phash:4756c126639a1165,phash:4756c126639a1165,,,train
b6bf03daac51d2226280,IMG_0418_M_10_20_clayish_red_M_40_50_light_brown_M_50_60_dark_brown_M_60_70_dark_brown.jpg,Soil_Labeled_Data/M_70_80/L_0_10/alluvial/IMG_0418_M_10_20_clayish_red_M_40_50_light_brown_M_50_60_dark_brown_M_60_70_dark_brown.jpg,Soil_Labeled_Data/M_70_80/L_0_10/alluvial/IMG_0418_M_10_20_clayish_red_M_40_50_light_brown_M_50_60_dark_brown_M_60_70_dark_brown.jpg,PRESENT,False,8fddf52e5c84b483a025ddf6c49e1ea3810e3ab71a51482865ac10e03bd3e304,75,79,2,7,M_70_80,L_0_10,alluvial,phash:4756c126639a1165,phash:4756c126639a1165,,,train
62c4d305555ee30b0cbb,z5714094628996_2ba67db18f33aa6bf75d2bf34582cb2c_M_0_10_gray_brown_M_40_50_dark_brown_M_60_70_dark_brown.jpg,Soil_Labeled_Data/M_70_80/L_0_10/alluvial/z5714094628996_2ba67db18f33aa6bf75d2bf34582cb2c_M_0_10_gray_brown_M_40_50_dark_brown_M_60_70_dark_brown.jpg,Soil_Labeled_Data/M_70_80/L_0_10/alluvial/z5714094628996_2ba67db18f33aa6bf75d2bf34582cb2c_M_0_10_gray_brown_M_40_50_dark_brown_M_60_70_dark_brown.jpg,PRESENT,False,d568c653fa44ca422f78c624e4bb8955146a8a205d2bca31c745ab1435f66b11,74,78,3,7,M_70_80,L_0_10,alluvial,phash:be82a2ac90b5db49,phash:be82a2ac90b5db49,,,train
fd1afca7e6192acd69b6,z5714095397323_3ba8d5731fe9ad72ecd36a4f5fe55be2_M_0_10_clayish_red_M_40_50_dark_brown_M_60_70_clay_red.jpg,Soil_Labeled_Data/M_70_80/L_0_10/alluvial/z5714095397323_3ba8d5731fe9ad72ecd36a4f5fe55be2_M_0_10_clayish_red_M_40_50_dark_brown_M_60_70_clay_red.jpg,Soil_Labeled_Data/M_70_80/L_0_10/alluvial/z5714095397323_3ba8d5731fe9ad72ecd36a4f5fe55be2_M_0_10_clayish_red_M_40_50_dark_brown_M_60_70_clay_red.jpg,PRESENT,False,8bd22d2dd43e7fb9f0d025961c2624dceb42b9471783ec08377a35d7a60d434b,73,75,3,7,M_70_80,L_0_10,alluvial,phash:4469c3f673087d8f,phash:4469c3f673087d8f,,,train
275ae444db430ccf5a13,z5714095397323_3ba8d5731fe9ad72ecd36a4f5fe55be2_M_0_10_pale_yellow_M_40_50_gray_brown_M_50_60_clay_red.jpg,Soil_Labeled_Data/M_70_80/L_0_10/alluvial/z5714095397323_3ba8d5731fe9ad72ecd36a4f5fe55be2_M_0_10_pale_yellow_M_40_50_gray_brown_M_50_60_clay_red.jpg,Soil_Labeled_Data/M_70_80/L_0_10/alluvial/z5714095397323_3ba8d5731fe9ad72ecd36a4f5fe55be2_M_0_10_pale_yellow_M_40_50_gray_brown_M_50_60_clay_red.jpg,PRESENT,False,9d85429049f834896051b2e63a971b0c17eec5966b8c116d7741f168653625f3,78,84,3,7,M_70_80,L_0_10,alluvial,phash:4469c3f673087d8f,phash:4469c3f673087d8f,,,train
0637aa179b762e849b05,z5716041534082_306e15f5e30046bae34f62036b4539ae_M_30_40_gray_brown_M_50_60_clay_red.jpg,Soil_Labeled_Data/M_70_80/L_0_10/alluvial/z5716041534082_306e15f5e30046bae34f62036b4539ae_M_30_40_gray_brown_M_50_60_clay_red.jpg,Soil_Labeled_Data/M_70_80/L_0_10/alluvial/z5716041534082_306e15f5e30046bae34f62036b4539ae_M_30_40_gray_brown_M_50_60_clay_red.jpg,PRESENT,False,ca8c61ed42e829318353e29d5c04b967ccc3cd394fabcd24dd90921d36658566,73,76,8,7,M_70_80,L_0_10,alluvial,phash:12f1ff61c064688c,phash:12f1ff61c064688c,,,train
2114a2940d1313e28b8c,z5716041600867_155ef81185111d0c63d0fb1432ad825c_M_30_40_light_brown_M_50_60_dark_brown.jpg,Soil_Labeled_Data/M_70_80/L_0_10/alluvial/z5716041600867_155ef81185111d0c63d0fb1432ad825c_M_30_40_light_brown_M_50_60_dark_brown.jpg,Soil_Labeled_Data/M_70_80/L_0_10/alluvial/z5716041600867_155ef81185111d0c63d0fb1432ad825c_M_30_40_light_brown_M_50_60_dark_brown.jpg,PRESENT,False,31b0a1590d332ab1c91becfc6e9eebc788c20e979b9eec66d452c32a1fdcefca,70,72,6,7,M_70_80,L_0_10,alluvial,phash:4756c126639a1165,phash:4756c126639a1165,,,train
42f63dab4bc3e6191b31,z5716041881708_78beac35b69090477b9041eb1ba236f3_M_30_40_gray_brown_M_40_50_gray_brown_M_50_60_gray_brown_M_60_70_dark_brown.jpg,Soil_Labeled_Data/M_70_80/L_0_10/alluvial/z5716041881708_78beac35b69090477b9041eb1ba236f3_M_30_40_gray_brown_M_40_50_gray_brown_M_50_60_gray_brown_M_60_70_dark_brown.jpg,Soil_Labeled_Data/M_70_80/L_0_10/alluvial/z5716041881708_78beac35b69090477b9041eb1ba236f3_M_30_40_gray_brown_M_40_50_gray_brown_M_50_60_gray_brown_M_60_70_dark_brown.jpg,PRESENT,False,c06305bd73d33e8bb8d1a00a3c0f7090173a582dae982ff45a34eb95ad925924,73,75,1,7,M_70_80,L_0_10,alluvial,phash:7ddd66f0a7851851,phash:7ddd66f0a7851851,,,train
8c85294a4fee3a1f1351,z5716041921976_7e4a689b2efcc84b88cd5677cea9ff06_M_30_40_light_brown_M_50_60_clay_red.jpg,Soil_Labeled_Data/M_70_80/L_0_10/alluvial/z5716041921976_7e4a689b2efcc84b88cd5677cea9ff06_M_30_40_light_brown_M_50_60_clay_red.jpg,Soil_Labeled_Data/M_70_80/L_0_10/alluvial/z5716041921976_7e4a689b2efcc84b88cd5677cea9ff06_M_30_40_light_brown_M_50_60_clay_red.jpg,PRESENT,False,8a8ac6e2af0f5527ccf4a84c93fb6ce8fbe30a40e4a6a1c2af912d24075f5f98,71,73,3,7,M_70_80,L_0_10,alluvial,phash:4756c126639a1165,phash:4756c126639a1165,,,train
e818c149a74b5c19c0ab,z5716042289286_4f5ba54e9a7dd70e051e6c0bf403d0f8_M_30_40_pale_yellow_M_40_50_light_brown_M_50_60_clay_red.jpg,Soil_Labeled_Data/M_70_80/L_0_10/alluvial/z5716042289286_4f5ba54e9a7dd70e051e6c0bf403d0f8_M_30_40_pale_yellow_M_40_50_light_brown_M_50_60_clay_red.jpg,Soil_Labeled_Data/M_70_80/L_0_10/alluvial/z5716042289286_4f5ba54e9a7dd70e051e6c0bf403d0f8_M_30_40_pale_yellow_M_40_50_light_brown_M_50_60_clay_red.jpg,PRESENT,False,13a14d3d1b72589268ee6d12b1503fe0163383c1ce9d3682c66b21376c4c1003,80,82,1,7,M_70_80,L_0_10,alluvial,phash:4756c126639a1165,phash:4756c126639a1165,,,train
75673655b29588d0e7b0,z5716042393202_8e123a1e78f84eda2b3a3bd5bfe377a3_M_30_40_gray_brown_M_40_50_light_brown_M_50_60_clay_red.jpg,Soil_Labeled_Data/M_70_80/L_0_10/alluvial/z5716042393202_8e123a1e78f84eda2b3a3bd5bfe377a3_M_30_40_gray_brown_M_40_50_light_brown_M_50_60_clay_red.jpg,Soil_Labeled_Data/M_70_80/L_0_10/alluvial/z5716042393202_8e123a1e78f84eda2b3a3bd5bfe377a3_M_30_40_gray_brown_M_40_50_light_brown_M_50_60_clay_red.jpg,PRESENT,False,5084051fb2857a334d01acca4b7419bbae5a55d72923ecd457d2cc5933726809,71,76,3,7,M_70_80,L_0_10,alluvial,phash:4756c126639a1165,phash:4756c126639a1165,,,train
3ae31b226bcf4c2ab4fe,IMG_0020_M_0_10_pale_yellow_M_40_50_gray_brown_M_50_60_clay_red.jpg,Soil_Labeled_Data/M_70_80/L_10_20/alluvial/IMG_0020_M_0_10_pale_yellow_M_40_50_gray_brown_M_50_60_clay_red.jpg,Soil_Labeled_Data/M_70_80/L_10_20/alluvial/IMG_0020_M_0_10_pale_yellow_M_40_50_gray_brown_M_50_60_clay_red.jpg,PRESENT,False,665e82970525fb089f0fefee1924e4612aca84980da79882517943ab81647207,77,79,11,7,M_70_80,L_10_20,alluvial,phash:900b2f159f98aec7,phash:900b2f159f98aec7,,,train
6c8d49c1d4bbf371ed09,IMG_0452_M_10_20_gray_brown_M_40_50_light_brown_M_50_60_gray_brown_M_60_70_clay_red.jpg,Soil_Labeled_Data/M_70_80/L_10_20/alluvial/IMG_0452_M_10_20_gray_brown_M_40_50_light_brown_M_50_60_gray_brown_M_60_70_clay_red.jpg,Soil_Labeled_Data/M_70_80/L_10_20/alluvial/IMG_0452_M_10_20_gray_brown_M_40_50_light_brown_M_50_60_gray_brown_M_60_70_clay_red.jpg,PRESENT,False,50028d35a97e25131a6146fb50ac05ae4d95db0b938a91d4d7900e1d944d7207,78,84,14,7,M_70_80,L_10_20,alluvial,phash:4dab5b82f54d3326,phash:4dab5b82f54d3326,,,train
b493a663d28b36f1ce5e,IMG_0462_M_10_20_pale_yellow_M_40_50_dark_brown_M_60_70_clay_red.jpg,Soil_Labeled_Data/M_70_80/L_10_20/alluvial/IMG_0462_M_10_20_pale_yellow_M_40_50_dark_brown_M_60_70_clay_red.jpg,Soil_Labeled_Data/M_70_80/L_10_20/alluvial/IMG_0462_M_10_20_pale_yellow_M_40_50_dark_brown_M_60_70_clay_red.jpg,PRESENT,False,65f0844630b88e213cfaa7f0c42150408b1fa3264dccf1668d1a441505f49b7a,77,82,19,7,M_70_80,L_10_20,alluvial,phash:a218abd28b5d36df,phash:a218abd28b5d36df,,,train
c8c013ecb2a667826c82,IMG_0462_M_10_20_pale_yellow_M_40_50_gray_brown_M_50_60_clay_red.jpg,Soil_Labeled_Data/M_70_80/L_10_20/alluvial/IMG_0462_M_10_20_pale_yellow_M_40_50_gray_brown_M_50_60_clay_red.jpg,Soil_Labeled_Data/M_70_80/L_10_20/alluvial/IMG_0462_M_10_20_pale_yellow_M_40_50_gray_brown_M_50_60_clay_red.jpg,PRESENT,False,485cb88b5054bd610c6b6c36b7b61fa36e85045e5ae9d856ad6794dcc6e7cb9a,78,83,15,7,M_70_80,L_10_20,alluvial,phash:a7132e1b2f6dfe6e,phash:a7132e1b2f6dfe6e,,,train
9ddfc3a2dcb8344268f7,IMG_0468_M_10_20_clayish_red_M_40_50_gray_brown_M_60_70_clay_red.jpg,Soil_Labeled_Data/M_70_80/L_10_20/alluvial/IMG_0468_M_10_20_clayish_red_M_40_50_gray_brown_M_60_70_clay_red.jpg,Soil_Labeled_Data/M_70_80/L_10_20/alluvial/IMG_0468_M_10_20_clayish_red_M_40_50_gray_brown_M_60_70_clay_red.jpg,PRESENT,False,634a10184c60ddc7034d8a2e678198f8089c52bf376f2821ee8a8145bab8ba4a,78,81,10,7,M_70_80,L_10_20,alluvial,phash:dd00b8a6129e2709,phash:dd00b8a6129e2709,,,train
226266495a46b02b41ef,z5716081579514_5a67b978119dcf79cb53e218abca90ab_M_30_40_gray_brown_M_50_60_clay_red.jpg,Soil_Labeled_Data/M_70_80/L_10_20/alluvial/z5716081579514_5a67b978119dcf79cb53e218abca90ab_M_30_40_gray_brown_M_50_60_clay_red.jpg,Soil_Labeled_Data/M_70_80/L_10_20/alluvial/z5716081579514_5a67b978119dcf79cb53e218abca90ab_M_30_40_gray_brown_M_50_60_clay_red.jpg,PRESENT,False,c90c2aff5fc17d6e30a2590bf33297217f1abe430f59a6b8f68cb03679ffe43f,75,79,11,7,M_70_80,L_10_20,alluvial,phash:4fd845fe0a85faf8,phash:4fd845fe0a85faf8,,,train
3191d823a9bb634df068,z5716081662580_90fe70bd39227686c8ca01467428faf4_M_30_40_gray_brown_M_50_60_dark_brown.jpg,Soil_Labeled_Data/M_70_80/L_10_20/alluvial/z5716081662580_90fe70bd39227686c8ca01467428faf4_M_30_40_gray_brown_M_50_60_dark_brown.jpg,Soil_Labeled_Data/M_70_80/L_10_20/alluvial/z5716081662580_90fe70bd39227686c8ca01467428faf4_M_30_40_gray_brown_M_50_60_dark_brown.jpg,PRESENT,False,e9c5359faa3927106f76b215074c0ba424a21bb2dd196be4928f3fa1bfedf13b,78,84,19,7,M_70_80,L_10_20,alluvial,phash:72ba288fa0329d1a,phash:72ba288fa0329d1a,,,train
46880361272b4efdf4a8,z5716081698408_1104a201030364e4363947fc0b109f20_M_30_40_light_brown_M_40_50_dark_brown_M_60_70_dark_brown.jpg,Soil_Labeled_Data/M_70_80/L_10_20/alluvial/z5716081698408_1104a201030364e4363947fc0b109f20_M_30_40_light_brown_M_40_50_dark_brown_M_60_70_dark_brown.jpg,Soil_Labeled_Data/M_70_80/L_10_20/alluvial/z5716081698408_1104a201030364e4363947fc0b109f20_M_30_40_light_brown_M_40_50_dark_brown_M_60_70_dark_brown.jpg,PRESENT,False,186435dff3c157cc3e5060d04d8ebecb6ced802faf587c175c682ea6ab307625,74,79,20,7,M_70_80,L_10_20,alluvial,phash:0873a96e4ff25a7d,phash:0873a96e4ff25a7d,,,train
bf48d2e34f25943e04a0,z5716081722638_c5469396c1e35eacca15c178956594c9_M_30_40_gray_brown_M_50_60_clay_red.jpg,Soil_Labeled_Data/M_70_80/L_10_20/alluvial/z5716081722638_c5469396c1e35eacca15c178956594c9_M_30_40_gray_brown_M_50_60_clay_red.jpg,Soil_Labeled_Data/M_70_80/L_10_20/alluvial/z5716081722638_c5469396c1e35eacca15c178956594c9_M_30_40_gray_brown_M_50_60_clay_red.jpg,PRESENT,False,ee88659df0e56bd7d648b4955b5d970b36a09e710d09f19a02907cb915c9e989,71,77,19,7,M_70_80,L_10_20,alluvial,phash:5842a5560e2b0093,phash:5842a5560e2b0093,,,train
7bee23e20f9862b9370a,z5716081772943_2fb347b31f759bb077e09ce9344a4b18_M_30_40_light_brown_M_50_60_dark_brown_M_60_70_dark_brown.jpg,Soil_Labeled_Data/M_70_80/L_10_20/alluvial/z5716081772943_2fb347b31f759bb077e09ce9344a4b18_M_30_40_light_brown_M_50_60_dark_brown_M_60_70_dark_brown.jpg,Soil_Labeled_Data/M_70_80/L_10_20/alluvial/z5716081772943_2fb347b31f759bb077e09ce9344a4b18_M_30_40_light_brown_M_50_60_dark_brown_M_60_70_dark_brown.jpg,PRESENT,False,1a478a5e3ab60eae9ce7a661bdf195da5afb8766048e77741604554d1fad9dc8,72,76,10,7,M_70_80,L_10_20,alluvial,phash:01c05f275d76123f,phash:01c05f275d76123f,,,train
c7679c7badc7a5205f37,z5716081793488_8e267ac7db26534a784551ddef1bbd5f_M_30_40_clayish_red_M_40_50_gray_brown_M_50_60_gray_brown_M_60_70_clay_red.jpg,Soil_Labeled_Data/M_70_80/L_10_20/alluvial/z5716081793488_8e267ac7db26534a784551ddef1bbd5f_M_30_40_clayish_red_M_40_50_gray_brown_M_50_60_gray_brown_M_60_70_clay_red.jpg,Soil_Labeled_Data/M_70_80/L_10_20/alluvial/z5716081793488_8e267ac7db26534a784551ddef1bbd5f_M_30_40_clayish_red_M_40_50_gray_brown_M_50_60_gray_brown_M_60_70_clay_red.jpg,PRESENT,False,6db7b21607e267f9ab33195f9ef585628c7821037d66c93ca11f3437ce668a16,74,79,13,7,M_70_80,L_10_20,alluvial,phash:4756c126639a1165,phash:4756c126639a1165,,,train
23e5475b5037ba77b666,z5716081805208_48402b457cdf22dfa132f7652a7f995f_M_30_40_light_brown_M_50_60_dark_brown_M_60_70_clay_red.jpg,Soil_Labeled_Data/M_70_80/L_10_20/alluvial/z5716081805208_48402b457cdf22dfa132f7652a7f995f_M_30_40_light_brown_M_50_60_dark_brown_M_60_70_clay_red.jpg,Soil_Labeled_Data/M_70_80/L_10_20/alluvial/z5716081805208_48402b457cdf22dfa132f7652a7f995f_M_30_40_light_brown_M_50_60_dark_brown_M_60_70_clay_red.jpg,PRESENT,False,915d6ca8d437d619fcc50b93d99c60826a15e8a978fbfa40159e276d45a8de9a,74,76,12,7,M_70_80,L_10_20,alluvial,phash:4756c126639a1165,phash:4756c126639a1165,,,train
c22d31f65b249b4ea09a,IMG_0057_M_0_10_light_brown_M_40_50_dark_brown_M_60_70_clay_red.jpg,Soil_Labeled_Data/M_70_80/L_20_30/alluvial/IMG_0057_M_0_10_light_brown_M_40_50_dark_brown_M_60_70_clay_red.jpg,Soil_Labeled_Data/M_70_80/L_20_30/alluvial/IMG_0057_M_0_10_light_brown_M_40_50_dark_brown_M_60_70_clay_red.jpg,PRESENT,False,37e90626135ea51d1dec1f24c7e6622b409a47fad9038d5688581c3eb8fbfa9d,77,82,28,7,M_70_80,L_20_30,alluvial,phash:8476ce23020249fd,phash:8476ce23020249fd,,,train
c2b3cba06e8147d9e0d4,IMG_0068_M_0_10_clayish_red_M_40_50_dark_brown_M_60_70_clay_red.jpg,Soil_Labeled_Data/M_70_80/L_20_30/alluvial/IMG_0068_M_0_10_clayish_red_M_40_50_dark_brown_M_60_70_clay_red.jpg,Soil_Labeled_Data/M_70_80/L_20_30/alluvial/IMG_0068_M_0_10_clayish_red_M_40_50_dark_brown_M_60_70_clay_red.jpg,PRESENT,False,97eb51b3d9ec19c6430219de826b34ad3e4aba34ed2388d241fb3be011ecf8d3,80,81,27,7,M_70_80,L_20_30,alluvial,phash:fb2d21f2c87c356c,phash:fb2d21f2c87c356c,,,train
29ffb55f0429a9040588,IMG_0068_M_0_10_light_brown_M_40_50_gray_brown_M_50_60_gray_brown_M_60_70_clay_red.jpg,Soil_Labeled_Data/M_70_80/L_20_30/alluvial/IMG_0068_M_0_10_light_brown_M_40_50_gray_brown_M_50_60_gray_brown_M_60_70_clay_red.jpg,Soil_Labeled_Data/M_70_80/L_20_30/alluvial/IMG_0068_M_0_10_light_brown_M_40_50_gray_brown_M_50_60_gray_brown_M_60_70_clay_red.jpg,PRESENT,False,90df8a978b9306332ea4802ed8ddbdc96b38198d699c57c30e2643508fb91d99,73,78,27,7,M_70_80,L_20_30,alluvial,phash:fb2d21f2c87c356c,phash:fb2d21f2c87c356c,,,train
8d5f501770120925aa07,IMG_0502_M_10_20_pale_yellow_M_40_50_gray_brown_M_60_70_clay_red.jpg,Soil_Labeled_Data/M_70_80/L_20_30/alluvial/IMG_0502_M_10_20_pale_yellow_M_40_50_gray_brown_M_60_70_clay_red.jpg,Soil_Labeled_Data/M_70_80/L_20_30/alluvial/IMG_0502_M_10_20_pale_yellow_M_40_50_gray_brown_M_60_70_clay_red.jpg,PRESENT,False,50d2b2649bf3b03ecb7252dd992918d58839ef80d68f8e80b6ffdd6f803b0f44,80,82,20,7,M_70_80,L_20_30,alluvial,phash:2977e23d0929cfa6,phash:2977e23d0929cfa6,,,train
8e9fdc4415216af69e9b,IMG_0504_M_10_20_light_brown_M_40_50_gray_brown_M_50_60_clay_red.jpg,Soil_Labeled_Data/M_70_80/L_20_30/alluvial/IMG_0504_M_10_20_light_brown_M_40_50_gray_brown_M_50_60_clay_red.jpg,Soil_Labeled_Data/M_70_80/L_20_30/alluvial/IMG_0504_M_10_20_light_brown_M_40_50_gray_brown_M_50_60_clay_red.jpg,PRESENT,False,9894631894ebcac1f62124afa96fcd3a943fcdd138adb7c4521d41490e2d459d,75,77,24,7,M_70_80,L_20_30,alluvial,phash:68c0216d4e775305,phash:68c0216d4e775305,,,train
e4c1da64bb61ce973ef1,IMG_0505_M_10_20_gray_brown_M_40_50_gray_brown_M_50_60_dark_brown.jpg,Soil_Labeled_Data/M_70_80/L_20_30/alluvial/IMG_0505_M_10_20_gray_brown_M_40_50_gray_brown_M_50_60_dark_brown.jpg,Soil_Labeled_Data/M_70_80/L_20_30/alluvial/IMG_0505_M_10_20_gray_brown_M_40_50_gray_brown_M_50_60_dark_brown.jpg,PRESENT,False,39b0a13a859a86bc1ead5266fee767ccebcf55179bfc1aa00865dc37cc41af2a,76,80,23,7,M_70_80,L_20_30,alluvial,phash:b33553afc04cc567,phash:b33553afc04cc567,,,train
39199fe1deccd58f33ef,IMG_0506_M_10_20_clayish_red_M_40_50_gray_brown_M_50_60_dark_brown.jpg,Soil_Labeled_Data/M_70_80/L_20_30/alluvial/IMG_0506_M_10_20_clayish_red_M_40_50_gray_brown_M_50_60_dark_brown.jpg,Soil_Labeled_Data/M_70_80/L_20_30/alluvial/IMG_0506_M_10_20_clayish_red_M_40_50_gray_brown_M_50_60_dark_brown.jpg,PRESENT,False,d8ed008ac8036d848a8c9030adaf5e851a3c4f01e5cc857b4977a5966dcada06,80,83,25,7,M_70_80,L_20_30,alluvial,phash:d4cac56fbf8548b6,phash:d4cac56fbf8548b6,,,train
58b32718be02a297bdbe,IMG_0510_M_10_20_light_brown_M_40_50_gray_brown_M_60_70_clay_red.jpg,Soil_Labeled_Data/M_70_80/L_20_30/alluvial/IMG_0510_M_10_20_light_brown_M_40_50_gray_brown_M_60_70_clay_red.jpg,Soil_Labeled_Data/M_70_80/L_20_30/alluvial/IMG_0510_M_10_20_light_brown_M_40_50_gray_brown_M_60_70_clay_red.jpg,PRESENT,False,5216f01cb1f6123271ece4a389d598c3c364caa84afc767579c2d90ef08bd31a,72,77,26,7,M_70_80,L_20_30,alluvial,phash:33784c06279c45c9,phash:33784c06279c45c9,,,train
3670d4144689606cd993,IMG_0514_M_10_20_clayish_red_M_40_50_light_brown_M_50_60_clay_red.jpg,Soil_Labeled_Data/M_70_80/L_20_30/alluvial/IMG_0514_M_10_20_clayish_red_M_40_50_light_brown_M_50_60_clay_red.jpg,Soil_Labeled_Data/M_70_80/L_20_30/alluvial/IMG_0514_M_10_20_clayish_red_M_40_50_light_brown_M_50_60_clay_red.jpg,PRESENT,False,ecd3b56529993d7ef60af647aa4290c7b3ff3a458b925f4fee9dc95d13e93ba3,79,82,30,7,M_70_80,L_20_30,alluvial,phash:54782112c471a7dd,phash:54782112c471a7dd,,,train
28a4c6a47c9b8ab3bcd0,IMG_0515_M_10_20_pale_yellow_M_40_50_light_brown_M_50_60_dark_brown.jpg,Soil_Labeled_Data/M_70_80/L_20_30/alluvial/IMG_0515_M_10_20_pale_yellow_M_40_50_light_brown_M_50_60_dark_brown.jpg,Soil_Labeled_Data/M_70_80/L_20_30/alluvial/IMG_0515_M_10_20_pale_yellow_M_40_50_light_brown_M_50_60_dark_brown.jpg,PRESENT,False,989e50b435b40a137d324a279e4186de6527bfc254b18dab2e5823b5155c04c2,70,74,24,7,M_70_80,L_20_30,alluvial,phash:f4840b581e6dd76a,phash:f4840b581e6dd76a,,,train
dbae417a405d913c3d69,IMG_0516_M_10_20_gray_brown_M_40_50_light_brown_M_50_60_dark_brown_M_60_70_clay_red.jpg,Soil_Labeled_Data/M_70_80/L_20_30/alluvial/IMG_0516_M_10_20_gray_brown_M_40_50_light_brown_M_50_60_dark_brown_M_60_70_clay_red.jpg,Soil_Labeled_Data/M_70_80/L_20_30/alluvial/IMG_0516_M_10_20_gray_brown_M_40_50_light_brown_M_50_60_dark_brown_M_60_70_clay_red.jpg,PRESENT,False,f0556e330b5e155d1f50237230cbb5542edd84cd48487eb9fe079886b99cc815,79,84,20,7,M_70_80,L_20_30,alluvial,phash:94504f8b15c25eb0,phash:94504f8b15c25eb0,,,train
e8597c789770d09b4d87,z5716143884036_b02bdfc16942b9a4a8029ffa42d721fa_M_30_40_gray_brown_M_50_60_clay_red.jpg,Soil_Labeled_Data/M_70_80/L_20_30/alluvial/z5716143884036_b02bdfc16942b9a4a8029ffa42d721fa_M_30_40_gray_brown_M_50_60_clay_red.jpg,Soil_Labeled_Data/M_70_80/L_20_30/alluvial/z5716143884036_b02bdfc16942b9a4a8029ffa42d721fa_M_30_40_gray_brown_M_50_60_clay_red.jpg,PRESENT,False,709aebe779615bbbc4e85a120a86618dac01e9f35d64c89ebab5ddeddf8582d4,73,77,22,7,M_70_80,L_20_30,alluvial,phash:1323798deece8975,phash:1323798deece8975,,,train
759c88026a6261ab3e1c,z5716143971881_3b7ae01df4bd18ac6697e43919b461a8_M_30_40_light_brown_M_50_60_dark_brown.jpg,Soil_Labeled_Data/M_70_80/L_20_30/alluvial/z5716143971881_3b7ae01df4bd18ac6697e43919b461a8_M_30_40_light_brown_M_50_60_dark_brown.jpg,Soil_Labeled_Data/M_70_80/L_20_30/alluvial/z5716143971881_3b7ae01df4bd18ac6697e43919b461a8_M_30_40_light_brown_M_50_60_dark_brown.jpg,PRESENT,False,e2d33db26178cb3ad62c0f6c011c81bd8cf4ca63464a001da157eb90a04e1639,70,75,29,7,M_70_80,L_20_30,alluvial,phash:3a1e8ff119bb677a,phash:3a1e8ff119bb677a,,,train
534cb91292bd1767d4ea,z5716144083688_2c23641d859dd12e7ca459c954f4e5a3_M_30_40_gray_brown_M_40_50_gray_brown_M_50_60_dark_brown_M_60_70_clay_red.jpg,Soil_Labeled_Data/M_70_80/L_20_30/alluvial/z5716144083688_2c23641d859dd12e7ca459c954f4e5a3_M_30_40_gray_brown_M_40_50_gray_brown_M_50_60_dark_brown_M_60_70_clay_red.jpg,Soil_Labeled_Data/M_70_80/L_20_30/alluvial/z5716144083688_2c23641d859dd12e7ca459c954f4e5a3_M_30_40_gray_brown_M_40_50_gray_brown_M_50_60_dark_brown_M_60_70_clay_red.jpg,PRESENT,False,22e3601a95da8266cdab42cedc574b43f457baf916e6d6566617389c230f8a37,77,81,30,7,M_70_80,L_20_30,alluvial,phash:91b121c2b098a87b,phash:91b121c2b098a87b,,,train
871f339e4236e608a7c1,z5716144132663_b70f7b9be95a4c936673e9107c9809f3_M_30_40_pale_yellow_M_40_50_gray_brown_M_50_60_clay_red.jpg,Soil_Labeled_Data/M_70_80/L_20_30/alluvial/z5716144132663_b70f7b9be95a4c936673e9107c9809f3_M_30_40_pale_yellow_M_40_50_gray_brown_M_50_60_clay_red.jpg,Soil_Labeled_Data/M_70_80/L_20_30/alluvial/z5716144132663_b70f7b9be95a4c936673e9107c9809f3_M_30_40_pale_yellow_M_40_50_gray_brown_M_50_60_clay_red.jpg,PRESENT,False,023e0b0bc0c72ef77679a18021c7078113264e8dfb60111a99346f0d06b8d3c7,78,82,29,7,M_70_80,L_20_30,alluvial,phash:fabf81d21febb44c,phash:fabf81d21febb44c,,,train
3b4695356d8c5d9e032d,z5716144284037_44127132185b5cccfae5b4beda32cc38_M_30_40_clayish_red_M_40_50_light_brown_M_50_60_dark_brown_M_60_70_clay_red.jpg,Soil_Labeled_Data/M_70_80/L_20_30/alluvial/z5716144284037_44127132185b5cccfae5b4beda32cc38_M_30_40_clayish_red_M_40_50_light_brown_M_50_60_dark_brown_M_60_70_clay_red.jpg,Soil_Labeled_Data/M_70_80/L_20_30/alluvial/z5716144284037_44127132185b5cccfae5b4beda32cc38_M_30_40_clayish_red_M_40_50_light_brown_M_50_60_dark_brown_M_60_70_clay_red.jpg,PRESENT,False,2d4632beffab291d4d0adb7382ac9435c25244cd5f54e102111f926cebf65eff,77,82,26,7,M_70_80,L_20_30,alluvial,phash:c790d44403efbf2c,phash:c790d44403efbf2c,,,train
2ef2358861d0d4ac9874,IMG_0098_M_0_10_pale_yellow_M_40_50_gray_brown_M_50_60_dark_brown_M_60_70_dark_brown.jpg,Soil_Labeled_Data/M_70_80/L_30_40/alluvial/IMG_0098_M_0_10_pale_yellow_M_40_50_gray_brown_M_50_60_dark_brown_M_60_70_dark_brown.jpg,Soil_Labeled_Data/M_70_80/L_30_40/alluvial/IMG_0098_M_0_10_pale_yellow_M_40_50_gray_brown_M_50_60_dark_brown_M_60_70_dark_brown.jpg,PRESENT,False,fa9d5245a3118f47e3743279634dd2b043a96b7cabcf3231545885058b61ac01,78,83,40,7,M_70_80,L_30_40,alluvial,phash:f01c359cc88566ef,phash:f01c359cc88566ef,,,train
7e4d7120b23a64b3d76b,IMG_0098_M_0_10_pale_yellow_M_40_50_gray_brown_M_60_70_clay_red.jpg,Soil_Labeled_Data/M_70_80/L_30_40/alluvial/IMG_0098_M_0_10_pale_yellow_M_40_50_gray_brown_M_60_70_clay_red.jpg,Soil_Labeled_Data/M_70_80/L_30_40/alluvial/IMG_0098_M_0_10_pale_yellow_M_40_50_gray_brown_M_60_70_clay_red.jpg,PRESENT,False,0e2b9de7a57f0d9c7abcd36818b2c0df3456f200741c039f6d98a6c810e5779f,71,75,36,7,M_70_80,L_30_40,alluvial,phash:f01c359cc88566ef,phash:f01c359cc88566ef,,,train
a50a43eda47e4834d28d,IMG_0100_M_0_10_clayish_red_M_40_50_gray_brown_M_50_60_dark_brown.jpg,Soil_Labeled_Data/M_70_80/L_30_40/alluvial/IMG_0100_M_0_10_clayish_red_M_40_50_gray_brown_M_50_60_dark_brown.jpg,Soil_Labeled_Data/M_70_80/L_30_40/alluvial/IMG_0100_M_0_10_clayish_red_M_40_50_gray_brown_M_50_60_dark_brown.jpg,PRESENT,False,4aee3fd07e0415d2a8708b0647010229ee38afecc52ca4ecccaf1b7b0bf018cd,75,79,33,7,M_70_80,L_30_40,alluvial,phash:f285b4af27e70749,phash:f285b4af27e70749,,,train
b8d7850998b6a2a44a6e,IMG_0103_M_0_10_clayish_red_M_40_50_dark_brown_M_60_70_dark_brown.jpg,Soil_Labeled_Data/M_70_80/L_30_40/alluvial/IMG_0103_M_0_10_clayish_red_M_40_50_dark_brown_M_60_70_dark_brown.jpg,Soil_Labeled_Data/M_70_80/L_30_40/alluvial/IMG_0103_M_0_10_clayish_red_M_40_50_dark_brown_M_60_70_dark_brown.jpg,PRESENT,False,ccef033a697b92f22aab0ddfa6463fd5e0f8f1d1e0c7422f459e6caa5dc797ee,70,73,32,7,M_70_80,L_30_40,alluvial,phash:df19bd7121c3deb8,phash:df19bd7121c3deb8,,,train
31cd55b232516828e29a,IMG_0113_M_0_10_pale_yellow_M_40_50_light_brown_M_50_60_dark_brown.jpg,Soil_Labeled_Data/M_70_80/L_30_40/alluvial/IMG_0113_M_0_10_pale_yellow_M_40_50_light_brown_M_50_60_dark_brown.jpg,Soil_Labeled_Data/M_70_80/L_30_40/alluvial/IMG_0113_M_0_10_pale_yellow_M_40_50_light_brown_M_50_60_dark_brown.jpg,PRESENT,False,e24cf9193c88b82b81ac1baabe1236d06730ceee8b262d0c62494f3907657dc6,74,78,38,7,M_70_80,L_30_40,alluvial,phash:fa99784640564d0a,phash:fa99784640564d0a,,,train
f378c1c5596a41572db5,IMG_0545_M_10_20_gray_brown_M_40_50_light_brown_M_50_60_dark_brown.jpg,Soil_Labeled_Data/M_70_80/L_30_40/alluvial/IMG_0545_M_10_20_gray_brown_M_40_50_light_brown_M_50_60_dark_brown.jpg,Soil_Labeled_Data/M_70_80/L_30_40/alluvial/IMG_0545_M_10_20_gray_brown_M_40_50_light_brown_M_50_60_dark_brown.jpg,PRESENT,False,63432c6000480378d76cd56faaa9b59112e319d667dd267711969bb419ab4839,80,84,32,7,M_70_80,L_30_40,alluvial,phash:1f63adda602b4998,phash:1f63adda602b4998,,,train
f8f740b6391fa9cf14b4,IMG_0549_M_10_20_light_brown_M_40_50_light_brown_M_50_60_clay_red.jpg,Soil_Labeled_Data/M_70_80/L_30_40/alluvial/IMG_0549_M_10_20_light_brown_M_40_50_light_brown_M_50_60_clay_red.jpg,Soil_Labeled_Data/M_70_80/L_30_40/alluvial/IMG_0549_M_10_20_light_brown_M_40_50_light_brown_M_50_60_clay_red.jpg,PRESENT,False,7fa93aa693e6c1f8bbe81fb062fb91b8e235973049d9b6e18a09c084511974e4,71,76,39,7,M_70_80,L_30_40,alluvial,phash:5af44fcdc59439fe,phash:5af44fcdc59439fe,,,train
9ad9ca5ba158c922a291,IMG_0551_M_10_20_light_brown_M_40_50_gray_brown_M_50_60_clay_red.jpg,Soil_Labeled_Data/M_70_80/L_30_40/alluvial/IMG_0551_M_10_20_light_brown_M_40_50_gray_brown_M_50_60_clay_red.jpg,Soil_Labeled_Data/M_70_80/L_30_40/alluvial/IMG_0551_M_10_20_light_brown_M_40_50_gray_brown_M_50_60_clay_red.jpg,PRESENT,False,db79674f4680113e70a67031d76378f8746726da7e1c0efdcfcb9a349c642c76,72,77,31,7,M_70_80,L_30_40,alluvial,phash:e68869e5052b62ca,phash:e68869e5052b62ca,,,train
36a3a39ad8e57ef9ba0b,IMG_0554_M_10_20_light_brown_M_40_50_gray_brown_M_50_60_dark_brown_M_60_70_clay_red.jpg,Soil_Labeled_Data/M_70_80/L_30_40/alluvial/IMG_0554_M_10_20_light_brown_M_40_50_gray_brown_M_50_60_dark_brown_M_60_70_clay_red.jpg,Soil_Labeled_Data/M_70_80/L_30_40/alluvial/IMG_0554_M_10_20_light_brown_M_40_50_gray_brown_M_50_60_dark_brown_M_60_70_clay_red.jpg,PRESENT,False,6c544acfe6777ad824272cba33af2f056da72e1ee82a64e21cafb16b141939bf,78,82,37,7,M_70_80,L_30_40,alluvial,phash:e5f1bf05b11dc4a6,phash:e5f1bf05b11dc4a6,,,train
46d24919a76709d2d1e9,IMG_0556_M_10_20_gray_brown_M_40_50_light_brown_M_50_60_dark_brown_M_60_70_dark_brown.jpg,Soil_Labeled_Data/M_70_80/L_30_40/alluvial/IMG_0556_M_10_20_gray_brown_M_40_50_light_brown_M_50_60_dark_brown_M_60_70_dark_brown.jpg,Soil_Labeled_Data/M_70_80/L_30_40/alluvial/IMG_0556_M_10_20_gray_brown_M_40_50_light_brown_M_50_60_dark_brown_M_60_70_dark_brown.jpg,PRESENT,False,83301908f2d1e0f1774b79408f3eb94a2186efbd7962682ddfc6228bc60bff0b,75,79,40,7,M_70_80,L_30_40,alluvial,phash:daa0dce101fa60b2,phash:daa0dce101fa60b2,,,train
060ab918d09d12253ecc,IMG_0558_M_10_20_light_brown_M_40_50_light_brown_M_50_60_clay_red.jpg,Soil_Labeled_Data/M_70_80/L_30_40/alluvial/IMG_0558_M_10_20_light_brown_M_40_50_light_brown_M_50_60_clay_red.jpg,Soil_Labeled_Data/M_70_80/L_30_40/alluvial/IMG_0558_M_10_20_light_brown_M_40_50_light_brown_M_50_60_clay_red.jpg,PRESENT,False,307ad22ce73914af8c49a68c9cd76046726fb84db86861776e4c8db26e4e73e9,72,73,35,7,M_70_80,L_30_40,alluvial,phash:24d6e849b24f4f55,phash:24d6e849b24f4f55,,,train
b48ab824f18d572942da,z5716113582590_c1f59f1cd35db605de2ac5249cd439b0_M_30_40_clayish_red_M_40_50_gray_brown_M_50_60_dark_brown.jpg,Soil_Labeled_Data/M_70_80/L_30_40/alluvial/z5716113582590_c1f59f1cd35db605de2ac5249cd439b0_M_30_40_clayish_red_M_40_50_gray_brown_M_50_60_dark_brown.jpg,Soil_Labeled_Data/M_70_80/L_30_40/alluvial/z5716113582590_c1f59f1cd35db605de2ac5249cd439b0_M_30_40_clayish_red_M_40_50_gray_brown_M_50_60_dark_brown.jpg,PRESENT,False,bacb436a9bec70c0147f5ba7f9b9a255897942d899c4f08388b01a013a4d3e21,70,74,39,7,M_70_80,L_30_40,alluvial,phash:6408beb1a56a96d0,phash:6408beb1a56a96d0,,,train
05e043762cfefecf8126,z5716113582590_c1f59f1cd35db605de2ac5249cd439b0_M_30_40_light_brown_M_40_50_dark_brown_M_60_70_clay_red.jpg,Soil_Labeled_Data/M_70_80/L_30_40/alluvial/z5716113582590_c1f59f1cd35db605de2ac5249cd439b0_M_30_40_light_brown_M_40_50_dark_brown_M_60_70_clay_red.jpg,Soil_Labeled_Data/M_70_80/L_30_40/alluvial/z5716113582590_c1f59f1cd35db605de2ac5249cd439b0_M_30_40_light_brown_M_40_50_dark_brown_M_60_70_clay_red.jpg,PRESENT,False,448d1292acebed41d8f7d1030569221925a3a6a27dea571722c745aef9a7abb4,73,75,39,7,M_70_80,L_30_40,alluvial,phash:6408beb1a56a96d0,phash:6408beb1a56a96d0,,,train
5d5e76b070de3433e0b3,z5716113679540_d7ab319e31c41af206e2d03ad2b15725_M_30_40_gray_brown_M_40_50_gray_brown_M_50_60_dark_brown.jpg,Soil_Labeled_Data/M_70_80/L_30_40/alluvial/z5716113679540_d7ab319e31c41af206e2d03ad2b15725_M_30_40_gray_brown_M_40_50_gray_brown_M_50_60_dark_brown.jpg,Soil_Labeled_Data/M_70_80/L_30_40/alluvial/z5716113679540_d7ab319e31c41af206e2d03ad2b15725_M_30_40_gray_brown_M_40_50_gray_brown_M_50_60_dark_brown.jpg,PRESENT,False,c6138e6fb4b7f56224d3c02b1f3a2b4cdfa72124d57f185f470195b2e2c716c4,71,76,32,7,M_70_80,L_30_40,alluvial,phash:e4c12a0978536b7d,phash:e4c12a0978536b7d,,,train
f171e465d9eca67e6f3a,z5716113728055_dd08551aa6ea83b557da7365c80ea990_M_30_40_gray_brown_M_50_60_clay_red.jpg,Soil_Labeled_Data/M_70_80/L_30_40/alluvial/z5716113728055_dd08551aa6ea83b557da7365c80ea990_M_30_40_gray_brown_M_50_60_clay_red.jpg,Soil_Labeled_Data/M_70_80/L_30_40/alluvial/z5716113728055_dd08551aa6ea83b557da7365c80ea990_M_30_40_gray_brown_M_50_60_clay_red.jpg,PRESENT,False,3d0ed1637dbda33b92cf6ae120d4cab93cb8380b4d67bd35228d8ca43b4a5778,78,83,35,7,M_70_80,L_30_40,alluvial,phash:e83ae9b27690ee64,phash:e83ae9b27690ee64,,,train
1e3ffb3a9c944a8a8666,z5716113879850_447b9ea1dd28b71c4c2a3579561cee3f_M_30_40_light_brown_M_40_50_gray_brown_M_60_70_dark_brown.jpg,Soil_Labeled_Data/M_70_80/L_30_40/alluvial/z5716113879850_447b9ea1dd28b71c4c2a3579561cee3f_M_30_40_light_brown_M_40_50_gray_brown_M_60_70_dark_brown.jpg,Soil_Labeled_Data/M_70_80/L_30_40/alluvial/z5716113879850_447b9ea1dd28b71c4c2a3579561cee3f_M_30_40_light_brown_M_40_50_gray_brown_M_60_70_dark_brown.jpg,PRESENT,False,fceca7ad865235ccde69cf8166bede6f1dc7e010905b7365243f6991e0211a7b,75,79,31,7,M_70_80,L_30_40,alluvial,phash:823d96d5f866f1a3,phash:823d96d5f866f1a3,,,train
11507e220f447bb34464,z5716116095651_7302dffdd0922f72ed36881d27ffff3b_M_30_40_gray_brown_M_50_60_dark_brown.jpg,Soil_Labeled_Data/M_70_80/L_30_40/alluvial/z5716116095651_7302dffdd0922f72ed36881d27ffff3b_M_30_40_gray_brown_M_50_60_dark_brown.jpg,Soil_Labeled_Data/M_70_80/L_30_40/alluvial/z5716116095651_7302dffdd0922f72ed36881d27ffff3b_M_30_40_gray_brown_M_50_60_dark_brown.jpg,PRESENT,False,d711d957c21c3a90970f5827d9b579e1bb1158742d210676e5cda66766de0a5f,80,81,32,7,M_70_80,L_30_40,alluvial,phash:284a765042b72a3a,phash:284a765042b72a3a,,,train
28d37cccd7c1177bcd27,z5716116121668_8ca2d1786b81d9113c9a520cd9bb5832_M_30_40_gray_brown_M_50_60_dark_brown.jpg,Soil_Labeled_Data/M_70_80/L_30_40/alluvial/z5716116121668_8ca2d1786b81d9113c9a520cd9bb5832_M_30_40_gray_brown_M_50_60_dark_brown.jpg,Soil_Labeled_Data/M_70_80/L_30_40/alluvial/z5716116121668_8ca2d1786b81d9113c9a520cd9bb5832_M_30_40_gray_brown_M_50_60_dark_brown.jpg,PRESENT,False,89d7c73758aeba58ec2ac691eded8fb2df18408e583d7013997f2e6d11492640,76,81,37,7,M_70_80,L_30_40,alluvial,phash:b1efb47043fc842a,phash:b1efb47043fc842a,,,train
58e7e497717b2fc51436,IMG_0152_M_0_10_light_brown_M_40_50_gray_brown_M_60_70_clay_red.jpg,Soil_Labeled_Data/M_70_80/L_40_50/alluvial/IMG_0152_M_0_10_light_brown_M_40_50_gray_brown_M_60_70_clay_red.jpg,Soil_Labeled_Data/M_70_80/L_40_50/alluvial/IMG_0152_M_0_10_light_brown_M_40_50_gray_brown_M_60_70_clay_red.jpg,PRESENT,False,5214e1e370f0369c299024a90bda6f6e035f4b1f52d0a917d91a77424a776c70,79,80,44,7,M_70_80,L_40_50,alluvial,phash:38628faaea372908,phash:38628faaea372908,,,train
f8d8499bf67582fd0c9d,IMG_0153_M_0_10_gray_brown_M_40_50_gray_brown_M_50_60_clay_red.jpg,Soil_Labeled_Data/M_70_80/L_40_50/alluvial/IMG_0153_M_0_10_gray_brown_M_40_50_gray_brown_M_50_60_clay_red.jpg,Soil_Labeled_Data/M_70_80/L_40_50/alluvial/IMG_0153_M_0_10_gray_brown_M_40_50_gray_brown_M_50_60_clay_red.jpg,PRESENT,False,38bb3f766f2aa79dde3120216f931963cef6e646788aa2f5f2407057ccb4a5ab,70,74,48,7,M_70_80,L_40_50,alluvial,phash:b8d7b2bffe0b868f,phash:b8d7b2bffe0b868f,,,train
076ec53f59c3aa287261,IMG_0156_M_0_10_gray_brown_M_40_50_gray_brown_M_50_60_dark_brown_M_60_70_clay_red.jpg,Soil_Labeled_Data/M_70_80/L_40_50/alluvial/IMG_0156_M_0_10_gray_brown_M_40_50_gray_brown_M_50_60_dark_brown_M_60_70_clay_red.jpg,Soil_Labeled_Data/M_70_80/L_40_50/alluvial/IMG_0156_M_0_10_gray_brown_M_40_50_gray_brown_M_50_60_dark_brown_M_60_70_clay_red.jpg,PRESENT,False,5b94ebee893f27890983c61a43ea68352f78761bcac12cb7449483aafd2c9215,73,73,48,7,M_70_80,L_40_50,alluvial,phash:c882cbac884cb390,phash:c882cbac884cb390,,,train
4ec4699ed1c7c2be283e,IMG_0159_M_0_10_clayish_red_M_40_50_gray_brown_M_50_60_clay_red.jpg,Soil_Labeled_Data/M_70_80/L_40_50/alluvial/IMG_0159_M_0_10_clayish_red_M_40_50_gray_brown_M_50_60_clay_red.jpg,Soil_Labeled_Data/M_70_80/L_40_50/alluvial/IMG_0159_M_0_10_clayish_red_M_40_50_gray_brown_M_50_60_clay_red.jpg,PRESENT,False,a1a22334e27f21d2ecdd89e8c69bcb8a89f133496f3a9f8b72a8d67039a16793,73,74,42,7,M_70_80,L_40_50,alluvial,phash:351919a7efd95827,phash:351919a7efd95827,,,train
05a4ea48caef534d9e88,IMG_0165_M_0_10_clayish_red_M_40_50_light_brown_M_50_60_clay_red.jpg,Soil_Labeled_Data/M_70_80/L_40_50/alluvial/IMG_0165_M_0_10_clayish_red_M_40_50_light_brown_M_50_60_clay_red.jpg,Soil_Labeled_Data/M_70_80/L_40_50/alluvial/IMG_0165_M_0_10_clayish_red_M_40_50_light_brown_M_50_60_clay_red.jpg,PRESENT,False,03631048e03302e7541666b2cedf52468e956535267654e529cfeca61c3dfd4c,76,78,40,7,M_70_80,L_40_50,alluvial,phash:3085ebfb726e58fd,phash:3085ebfb726e58fd,,,train
5d863ee73c822baf0298,IMG_0169_M_0_10_pale_yellow_M_40_50_light_brown_M_50_60_clay_red.jpg,Soil_Labeled_Data/M_70_80/L_40_50/alluvial/IMG_0169_M_0_10_pale_yellow_M_40_50_light_brown_M_50_60_clay_red.jpg,Soil_Labeled_Data/M_70_80/L_40_50/alluvial/IMG_0169_M_0_10_pale_yellow_M_40_50_light_brown_M_50_60_clay_red.jpg,PRESENT,False,4ae1c1967baff69fc7ab55af2909831d01424f790be5fbe3451ff7d062696587,75,77,43,7,M_70_80,L_40_50,alluvial,phash:e39268df5143025a,phash:e39268df5143025a,,,train
9652533d1306d6625274,IMG_0587_M_10_20_clayish_red_M_40_50_gray_brown_M_60_70_clay_red.jpg,Soil_Labeled_Data/M_70_80/L_40_50/alluvial/IMG_0587_M_10_20_clayish_red_M_40_50_gray_brown_M_60_70_clay_red.jpg,Soil_Labeled_Data/M_70_80/L_40_50/alluvial/IMG_0587_M_10_20_clayish_red_M_40_50_gray_brown_M_60_70_clay_red.jpg,PRESENT,False,ec716a4f4d23df665b0c13edeec01cced157b19e2c9527398644bd3d7d663134,71,75,48,7,M_70_80,L_40_50,alluvial,phash:5733abd69998f077,phash:5733abd69998f077,,,train
0f94fb06553b9eba1d97,IMG_0590_M_10_20_pale_yellow_M_40_50_gray_brown_M_50_60_dark_brown.jpg,Soil_Labeled_Data/M_70_80/L_40_50/alluvial/IMG_0590_M_10_20_pale_yellow_M_40_50_gray_brown_M_50_60_dark_brown.jpg,Soil_Labeled_Data/M_70_80/L_40_50/alluvial/IMG_0590_M_10_20_pale_yellow_M_40_50_gray_brown_M_50_60_dark_brown.jpg,PRESENT,False,8cba37e30b2164d86c3c211b4f05b4850c263c98f8c6cd1761a3243f9b914995,74,75,42,7,M_70_80,L_40_50,alluvial,phash:507b6b1f4054a934,phash:507b6b1f4054a934,,,train
6e3818d6956edb8eb54d,IMG_0590_M_10_20_pale_yellow_M_40_50_gray_brown_M_50_60_dark_brown_M_60_70_dark_brown.jpg,Soil_Labeled_Data/M_70_80/L_40_50/alluvial/IMG_0590_M_10_20_pale_yellow_M_40_50_gray_brown_M_50_60_dark_brown_M_60_70_dark_brown.jpg,Soil_Labeled_Data/M_70_80/L_40_50/alluvial/IMG_0590_M_10_20_pale_yellow_M_40_50_gray_brown_M_50_60_dark_brown_M_60_70_dark_brown.jpg,PRESENT,False,800f1b95a0422f24075864839a615f32df5ef313c8e7ec94a9ee5208a985c470,74,75,49,7,M_70_80,L_40_50,alluvial,phash:507b6b1f4054a934,phash:507b6b1f4054a934,,,train
b72ccb2d912e392679bc,IMG_0591_M_10_20_gray_brown_M_40_50_light_brown_M_50_60_clay_red.jpg,Soil_Labeled_Data/M_70_80/L_40_50/alluvial/IMG_0591_M_10_20_gray_brown_M_40_50_light_brown_M_50_60_clay_red.jpg,Soil_Labeled_Data/M_70_80/L_40_50/alluvial/IMG_0591_M_10_20_gray_brown_M_40_50_light_brown_M_50_60_clay_red.jpg,PRESENT,False,d8c2855b7ffe5992d0c0bbca531af6837343b278765fc562b4ca5e1148dc4ace,80,82,47,7,M_70_80,L_40_50,alluvial,phash:2a98fc04f9504a93,phash:2a98fc04f9504a93,,,train
10610215801d74531bd4,IMG_0591_M_10_20_pale_yellow_M_40_50_gray_brown_M_50_60_dark_brown_M_60_70_dark_brown.jpg,Soil_Labeled_Data/M_70_80/L_40_50/alluvial/IMG_0591_M_10_20_pale_yellow_M_40_50_gray_brown_M_50_60_dark_brown_M_60_70_dark_brown.jpg,Soil_Labeled_Data/M_70_80/L_40_50/alluvial/IMG_0591_M_10_20_pale_yellow_M_40_50_gray_brown_M_50_60_dark_brown_M_60_70_dark_brown.jpg,PRESENT,False,b990ce9603c6c31e99d4598cb5ca582db5148020b7ab9f051bd3ec80bb5305fc,77,77,45,7,M_70_80,L_40_50,alluvial,phash:2a98fc04f9504a93,phash:2a98fc04f9504a93,,,train
3700825fad5e0c94df11,IMG_0595_M_10_20_gray_brown_M_40_50_light_brown_M_50_60_dark_brown.jpg,Soil_Labeled_Data/M_70_80/L_40_50/alluvial/IMG_0595_M_10_20_gray_brown_M_40_50_light_brown_M_50_60_dark_brown.jpg,Soil_Labeled_Data/M_70_80/L_40_50/alluvial/IMG_0595_M_10_20_gray_brown_M_40_50_light_brown_M_50_60_dark_brown.jpg,PRESENT,False,3c2b20a2b34e815148225bf61ce69d5ebee0e7dece98c7a32a97bcd6342cabb7,70,73,43,7,M_70_80,L_40_50,alluvial,phash:38ee9b49340cc8f6,phash:38ee9b49340cc8f6,,,train
fdfca8622ff216f5b455,z5719914924505_76c1acb4c3a03965a67149c70566e117_M_30_40_light_brown_M_50_60_dark_brown_M_60_70_dark_brown.jpg,Soil_Labeled_Data/M_70_80/L_40_50/alluvial/z5719914924505_76c1acb4c3a03965a67149c70566e117_M_30_40_light_brown_M_50_60_dark_brown_M_60_70_dark_brown.jpg,Soil_Labeled_Data/M_70_80/L_40_50/alluvial/z5719914924505_76c1acb4c3a03965a67149c70566e117_M_30_40_light_brown_M_50_60_dark_brown_M_60_70_dark_brown.jpg,PRESENT,False,17c87ab7c2cf833aecf2a8cf2903501fec0bfc645d6d4e18340e1248dee2b117,71,75,48,7,M_70_80,L_40_50,alluvial,phash:716b93cb3852bf57,phash:716b93cb3852bf57,,,train
14acabb89c5d7ea8ab9d,z5719915162784_a4f69c622478efdc49a59a408dfe4b55_M_30_40_gray_brown_M_40_50_gray_brown_M_50_60_clay_red.jpg,Soil_Labeled_Data/M_70_80/L_40_50/alluvial/z5719915162784_a4f69c622478efdc49a59a408dfe4b55_M_30_40_gray_brown_M_40_50_gray_brown_M_50_60_clay_red.jpg,Soil_Labeled_Data/M_70_80/L_40_50/alluvial/z5719915162784_a4f69c622478efdc49a59a408dfe4b55_M_30_40_gray_brown_M_40_50_gray_brown_M_50_60_clay_red.jpg,PRESENT,False,b163a73bdd3df06ae37eaea0269a4fb88a19d3edd16ad6dcd29dfe2e67871d6a,78,80,48,7,M_70_80,L_40_50,alluvial,phash:67839c1fdfd7f665,phash:67839c1fdfd7f665,,,train
97bd3ca53bc15a4a4565,z5719915191781_9fbc3215a4e768d8a242c9aae23d78e3_M_30_40_gray_brown_M_40_50_light_brown_M_50_60_gray_brown_M_60_70_clay_red.jpg,Soil_Labeled_Data/M_70_80/L_40_50/alluvial/z5719915191781_9fbc3215a4e768d8a242c9aae23d78e3_M_30_40_gray_brown_M_40_50_light_brown_M_50_60_gray_brown_M_60_70_clay_red.jpg,Soil_Labeled_Data/M_70_80/L_40_50/alluvial/z5719915191781_9fbc3215a4e768d8a242c9aae23d78e3_M_30_40_gray_brown_M_40_50_light_brown_M_50_60_gray_brown_M_60_70_clay_red.jpg,PRESENT,False,39a91ea063373d5c32adac0530483e1a88b5fcd72a46df6fcb4c47930a10fef5,70,74,40,7,M_70_80,L_40_50,alluvial,phash:7fd86c261d9ac446,phash:7fd86c261d9ac446,,,train
c7890b833bc4ac48b533,z5719915206794_043f99c4e48d30a3c242949620c8fbd3_M_30_40_pale_yellow_M_40_50_light_brown_M_50_60_clay_red.jpg,Soil_Labeled_Data/M_70_80/L_40_50/alluvial/z5719915206794_043f99c4e48d30a3c242949620c8fbd3_M_30_40_pale_yellow_M_40_50_light_brown_M_50_60_clay_red.jpg,Soil_Labeled_Data/M_70_80/L_40_50/alluvial/z5719915206794_043f99c4e48d30a3c242949620c8fbd3_M_30_40_pale_yellow_M_40_50_light_brown_M_50_60_clay_red.jpg,PRESENT,False,bf8addc960c23fc57e67007b36e86cb04f69f303d37d6cfaf2850fb8af96ef9c,75,78,50,7,M_70_80,L_40_50,alluvial,phash:237d3461c22957a5,phash:237d3461c22957a5,,,train
e0f0908185334ff5f748,IMG_0196_M_0_10_light_brown_M_40_50_gray_brown_M_50_60_clay_red.jpg,Soil_Labeled_Data/M_70_80/L_50_60/alluvial/IMG_0196_M_0_10_light_brown_M_40_50_gray_brown_M_50_60_clay_red.jpg,Soil_Labeled_Data/M_70_80/L_50_60/alluvial/IMG_0196_M_0_10_light_brown_M_40_50_gray_brown_M_50_60_clay_red.jpg,PRESENT,False,ed22548dae2f6bf8c49ec20f0ba51a923d6440c99f8a9fc6785ad4c2ec07a2f6,76,78,59,7,M_70_80,L_50_60,alluvial,phash:c8300f8708e9afd6,phash:c8300f8708e9afd6,,,train
5fc8144fe72e692fe009,IMG_0208_M_0_10_light_brown_M_40_50_gray_brown_M_50_60_dark_brown.jpg,Soil_Labeled_Data/M_70_80/L_50_60/alluvial/IMG_0208_M_0_10_light_brown_M_40_50_gray_brown_M_50_60_dark_brown.jpg,Soil_Labeled_Data/M_70_80/L_50_60/alluvial/IMG_0208_M_0_10_light_brown_M_40_50_gray_brown_M_50_60_dark_brown.jpg,PRESENT,False,c56fb888bdeffbb075374944c6092e3a7f5e8945917cad218db84ae038cde3a7,76,79,53,7,M_70_80,L_50_60,alluvial,phash:272fa05db045290a,phash:272fa05db045290a,,,train
a1ca552176dd85983c11,IMG_0210_M_0_10_light_brown_M_40_50_light_brown_M_50_60_clay_red.jpg,Soil_Labeled_Data/M_70_80/L_50_60/alluvial/IMG_0210_M_0_10_light_brown_M_40_50_light_brown_M_50_60_clay_red.jpg,Soil_Labeled_Data/M_70_80/L_50_60/alluvial/IMG_0210_M_0_10_light_brown_M_40_50_light_brown_M_50_60_clay_red.jpg,PRESENT,False,d75896260543ce24911ada5712bb4e190560662e037e393bfb0ad4efcc7f5814,78,81,57,7,M_70_80,L_50_60,alluvial,phash:12e5de9a219b300b,phash:12e5de9a219b300b,,,train
38b25995f68e684c84ea,IMG_0627_M_10_20_clayish_red_M_40_50_gray_brown_M_50_60_dark_brown.jpg,Soil_Labeled_Data/M_70_80/L_50_60/alluvial/IMG_0627_M_10_20_clayish_red_M_40_50_gray_brown_M_50_60_dark_brown.jpg,Soil_Labeled_Data/M_70_80/L_50_60/alluvial/IMG_0627_M_10_20_clayish_red_M_40_50_gray_brown_M_50_60_dark_brown.jpg,PRESENT,False,6b6bfed4041b134a3055127a938f42a312cc5d91748b87cab971f741c4ca0755,70,73,56,7,M_70_80,L_50_60,alluvial,phash:559bc98d230bebc4,phash:559bc98d230bebc4,,,train
382ba510abcb4d4698eb,IMG_0630_M_10_20_gray_brown_M_40_50_gray_brown_M_60_70_dark_brown.jpg,Soil_Labeled_Data/M_70_80/L_50_60/alluvial/IMG_0630_M_10_20_gray_brown_M_40_50_gray_brown_M_60_70_dark_brown.jpg,Soil_Labeled_Data/M_70_80/L_50_60/alluvial/IMG_0630_M_10_20_gray_brown_M_40_50_gray_brown_M_60_70_dark_brown.jpg,PRESENT,False,f8fb1add44d6d701b0e3397c3d479b8b0bf585cb863e7d1fadaa186921dd865a,74,78,59,7,M_70_80,L_50_60,alluvial,phash:397b60f63f3838c5,phash:397b60f63f3838c5,,,train
aa1483b8ec139a438cf4,IMG_0631_M_10_20_light_brown_M_40_50_gray_brown_M_60_70_dark_brown.jpg,Soil_Labeled_Data/M_70_80/L_50_60/alluvial/IMG_0631_M_10_20_light_brown_M_40_50_gray_brown_M_60_70_dark_brown.jpg,Soil_Labeled_Data/M_70_80/L_50_60/alluvial/IMG_0631_M_10_20_light_brown_M_40_50_gray_brown_M_60_70_dark_brown.jpg,PRESENT,False,a67becdd4dc89356e2d5ce00f7689d63b39572d771c5cf967afe4cbe10dc1b51,71,75,52,7,M_70_80,L_50_60,alluvial,phash:0be3776bf5b85f30,phash:0be3776bf5b85f30,,,train
b815457ced7081aaa274,IMG_0632_M_10_20_clayish_red_M_40_50_gray_brown_M_50_60_dark_brown.jpg,Soil_Labeled_Data/M_70_80/L_50_60/alluvial/IMG_0632_M_10_20_clayish_red_M_40_50_gray_brown_M_50_60_dark_brown.jpg,Soil_Labeled_Data/M_70_80/L_50_60/alluvial/IMG_0632_M_10_20_clayish_red_M_40_50_gray_brown_M_50_60_dark_brown.jpg,PRESENT,False,9d882cf0d6db9473667d32615ef6ca21a7a492a0c30e840e882cdfdff1b0c2c2,70,74,55,7,M_70_80,L_50_60,alluvial,phash:e41b56e0db0207b7,phash:e41b56e0db0207b7,,,train
bf3a745a26e20d1b6397,IMG_0642_M_10_20_gray_brown_M_40_50_gray_brown_M_50_60_dark_brown.jpg,Soil_Labeled_Data/M_70_80/L_50_60/alluvial/IMG_0642_M_10_20_gray_brown_M_40_50_gray_brown_M_50_60_dark_brown.jpg,Soil_Labeled_Data/M_70_80/L_50_60/alluvial/IMG_0642_M_10_20_gray_brown_M_40_50_gray_brown_M_50_60_dark_brown.jpg,PRESENT,False,499392acc93c620f97b83f82d41ef0e73ec85aa4559c74e10701efd9c17c4726,77,80,58,7,M_70_80,L_50_60,alluvial,phash:b897f55411018911,phash:b897f55411018911,,,train
f3b3698f060dcde852b0,IMG_0642_M_10_20_pale_yellow_M_40_50_light_brown_M_50_60_gray_brown_M_60_70_dark_brown.jpg,Soil_Labeled_Data/M_70_80/L_50_60/alluvial/IMG_0642_M_10_20_pale_yellow_M_40_50_light_brown_M_50_60_gray_brown_M_60_70_dark_brown.jpg,Soil_Labeled_Data/M_70_80/L_50_60/alluvial/IMG_0642_M_10_20_pale_yellow_M_40_50_light_brown_M_50_60_gray_brown_M_60_70_dark_brown.jpg,PRESENT,False,f72413e00be79d555a764b957f4542a446b28c64bc36d1ebde26b65d90c623d1,77,79,54,7,M_70_80,L_50_60,alluvial,phash:b897f55411018911,phash:b897f55411018911,,,train
01e5943ddbea33d11722,IMG_0644_M_10_20_light_brown_M_40_50_light_brown_M_50_60_dark_brown.jpg,Soil_Labeled_Data/M_70_80/L_50_60/alluvial/IMG_0644_M_10_20_light_brown_M_40_50_light_brown_M_50_60_dark_brown.jpg,Soil_Labeled_Data/M_70_80/L_50_60/alluvial/IMG_0644_M_10_20_light_brown_M_40_50_light_brown_M_50_60_dark_brown.jpg,PRESENT,False,559ac71d204e065323885b4c4019f9bdcfe899c08dec5ac1225ff83ef999fd28,77,81,53,7,M_70_80,L_50_60,alluvial,phash:8f6adc2c4b57fab2,phash:8f6adc2c4b57fab2,,,train
e0adb2f06def1311011a,z5719945086578_e3ca39e5b5ab67c958a7fdaed8e174c3_M_30_40_clayish_red_M_40_50_dark_brown_M_60_70_clay_red.jpg,Soil_Labeled_Data/M_70_80/L_50_60/alluvial/z5719945086578_e3ca39e5b5ab67c958a7fdaed8e174c3_M_30_40_clayish_red_M_40_50_dark_brown_M_60_70_clay_red.jpg,Soil_Labeled_Data/M_70_80/L_50_60/alluvial/z5719945086578_e3ca39e5b5ab67c958a7fdaed8e174c3_M_30_40_clayish_red_M_40_50_dark_brown_M_60_70_clay_red.jpg,PRESENT,False,6b4727a2d046dd427d005005290ca92df6212e403802d8fc9a56a452598d8c22,77,81,56,7,M_70_80,L_50_60,alluvial,phash:1faff8c0993d0a20,phash:1faff8c0993d0a20,,,train
4ddd5df2010627f0c313,z5719945086578_e3ca39e5b5ab67c958a7fdaed8e174c3_M_30_40_clayish_red_M_40_50_gray_brown_M_50_60_clay_red.jpg,Soil_Labeled_Data/M_70_80/L_50_60/alluvial/z5719945086578_e3ca39e5b5ab67c958a7fdaed8e174c3_M_30_40_clayish_red_M_40_50_gray_brown_M_50_60_clay_red.jpg,Soil_Labeled_Data/M_70_80/L_50_60/alluvial/z5719945086578_e3ca39e5b5ab67c958a7fdaed8e174c3_M_30_40_clayish_red_M_40_50_gray_brown_M_50_60_clay_red.jpg,PRESENT,False,ea81cf6b85f3f95107f47a96b65d0088e41cdb9eb18c5a49acaddd2dc6aea4da,76,78,55,7,M_70_80,L_50_60,alluvial,phash:1faff8c0993d0a20,phash:1faff8c0993d0a20,,,train
da740d4c2b855228ee96,z5719945326572_38e3e733446eabe3bf00850bf73883e0_M_30_40_light_brown_M_50_60_clay_red.jpg,Soil_Labeled_Data/M_70_80/L_50_60/alluvial/z5719945326572_38e3e733446eabe3bf00850bf73883e0_M_30_40_light_brown_M_50_60_clay_red.jpg,Soil_Labeled_Data/M_70_80/L_50_60/alluvial/z5719945326572_38e3e733446eabe3bf00850bf73883e0_M_30_40_light_brown_M_50_60_clay_red.jpg,PRESENT,False,489de00c347e7890636e563878a743d27f95c606f879afbe82251cbdc1456cb1,78,79,54,7,M_70_80,L_50_60,alluvial,phash:ae5e6bb93e10e1eb,phash:ae5e6bb93e10e1eb,,,train
bda2b0d8a721e153bcdf,z5719945326572_38e3e733446eabe3bf00850bf73883e0_M_30_40_pale_yellow_M_40_50_gray_brown_M_50_60_dark_brown.jpg,Soil_Labeled_Data/M_70_80/L_50_60/alluvial/z5719945326572_38e3e733446eabe3bf00850bf73883e0_M_30_40_pale_yellow_M_40_50_gray_brown_M_50_60_dark_brown.jpg,Soil_Labeled_Data/M_70_80/L_50_60/alluvial/z5719945326572_38e3e733446eabe3bf00850bf73883e0_M_30_40_pale_yellow_M_40_50_gray_brown_M_50_60_dark_brown.jpg,PRESENT,False,79fa1b02160d43c69df6a924509f88aaea61d89bdc36c7feef8b447c162142bb,80,82,57,7,M_70_80,L_50_60,alluvial,phash:ae5e6bb93e10e1eb,phash:ae5e6bb93e10e1eb,,,train
cc93853fa4573af310e9,z5719945465403_eef403001195b9d5de6375b6fe2e3628_M_30_40_pale_yellow_M_40_50_light_brown_M_50_60_clay_red.jpg,Soil_Labeled_Data/M_70_80/L_50_60/alluvial/z5719945465403_eef403001195b9d5de6375b6fe2e3628_M_30_40_pale_yellow_M_40_50_light_brown_M_50_60_clay_red.jpg,Soil_Labeled_Data/M_70_80/L_50_60/alluvial/z5719945465403_eef403001195b9d5de6375b6fe2e3628_M_30_40_pale_yellow_M_40_50_light_brown_M_50_60_clay_red.jpg,PRESENT,False,c98ba43e667361ca6a277a7b145b776fb8ecb6e2897bf937694e94f41aabeef8,80,81,55,7,M_70_80,L_50_60,alluvial,phash:90a9507b3fdd1392,phash:90a9507b3fdd1392,,,train
2a825636676505a34ec2,z5719945494405_a556366a429daf9a78448e62806f33bb_M_30_40_gray_brown_M_40_50_gray_brown_M_60_70_clay_red.jpg,Soil_Labeled_Data/M_70_80/L_50_60/alluvial/z5719945494405_a556366a429daf9a78448e62806f33bb_M_30_40_gray_brown_M_40_50_gray_brown_M_60_70_clay_red.jpg,Soil_Labeled_Data/M_70_80/L_50_60/alluvial/z5719945494405_a556366a429daf9a78448e62806f33bb_M_30_40_gray_brown_M_40_50_gray_brown_M_60_70_clay_red.jpg,PRESENT,False,69a3d2b0bcdcb24a43628adb16c2419b3902a326a3148f838b9bdc6af589fddf,79,82,59,7,M_70_80,L_50_60,alluvial,phash:98cba7f801fd0d43,phash:98cba7f801fd0d43,,,train
41de7075aa0c6e7d202a,z5719945494405_a556366a429daf9a78448e62806f33bb_M_30_40_light_brown_M_50_60_dark_brown.jpg,Soil_Labeled_Data/M_70_80/L_50_60/alluvial/z5719945494405_a556366a429daf9a78448e62806f33bb_M_30_40_light_brown_M_50_60_dark_brown.jpg,Soil_Labeled_Data/M_70_80/L_50_60/alluvial/z5719945494405_a556366a429daf9a78448e62806f33bb_M_30_40_light_brown_M_50_60_dark_brown.jpg,PRESENT,False,1b845516b47e5a95a9b96e11ccc810a6da91083238844570be31ec13f5601ba8,71,73,53,7,M_70_80,L_50_60,alluvial,phash:98cba7f801fd0d43,phash:98cba7f801fd0d43,,,train
1dbcf338104c1ed2ce03,z5719945525148_2d147c0909d312302995e4cfa5fe6c26_M_30_40_light_brown_M_50_60_dark_brown.jpg,Soil_Labeled_Data/M_70_80/L_50_60/alluvial/z5719945525148_2d147c0909d312302995e4cfa5fe6c26_M_30_40_light_brown_M_50_60_dark_brown.jpg,Soil_Labeled_Data/M_70_80/L_50_60/alluvial/z5719945525148_2d147c0909d312302995e4cfa5fe6c26_M_30_40_light_brown_M_50_60_dark_brown.jpg,PRESENT,False,6581d8164fee42b5b50dc582f4212c4e529d6bb0b9f23ad5b56bcb5a52e72b8c,71,75,58,7,M_70_80,L_50_60,alluvial,phash:40b73012aead0b15,phash:40b73012aead0b15,,,train
636915db53b70817724c,IMG_0241_M_0_10_clayish_red_M_40_50_gray_brown_M_50_60_dark_brown_M_60_70_dark_brown.jpg,Soil_Labeled_Data/M_70_80/L_60_70/alluvial/IMG_0241_M_0_10_clayish_red_M_40_50_gray_brown_M_50_60_dark_brown_M_60_70_dark_brown.jpg,Soil_Labeled_Data/M_70_80/L_60_70/alluvial/IMG_0241_M_0_10_clayish_red_M_40_50_gray_brown_M_50_60_dark_brown_M_60_70_dark_brown.jpg,PRESENT,False,c0156247ac7bbff3b26f1c70b2839600c6555fde40fecb04d2ce9216af19950f,75,76,65,7,M_70_80,L_60_70,alluvial,phash:c54122dc935fea79,phash:c54122dc935fea79,,,train
8dcd10fddbafa57d5762,IMG_0243_M_0_10_gray_brown_M_40_50_light_brown_M_50_60_dark_brown.jpg,Soil_Labeled_Data/M_70_80/L_60_70/alluvial/IMG_0243_M_0_10_gray_brown_M_40_50_light_brown_M_50_60_dark_brown.jpg,Soil_Labeled_Data/M_70_80/L_60_70/alluvial/IMG_0243_M_0_10_gray_brown_M_40_50_light_brown_M_50_60_dark_brown.jpg,PRESENT,False,4d2393fb56bbc949a2a4fe7d89572befbee844a695b5f37c56506271bde6a132,76,76,60,7,M_70_80,L_60_70,alluvial,phash:2de4e5d09b92659a,phash:2de4e5d09b92659a,,,train
18d4ff8e7b0d95a484b1,IMG_0249_M_0_10_pale_yellow_M_40_50_light_brown_M_50_60_clay_red.jpg,Soil_Labeled_Data/M_70_80/L_60_70/alluvial/IMG_0249_M_0_10_pale_yellow_M_40_50_light_brown_M_50_60_clay_red.jpg,Soil_Labeled_Data/M_70_80/L_60_70/alluvial/IMG_0249_M_0_10_pale_yellow_M_40_50_light_brown_M_50_60_clay_red.jpg,PRESENT,False,1a4dc8a2206b50b6fa54ea042dbabce3573865f1482fff0f0b08f5b859676b2b,79,80,61,7,M_70_80,L_60_70,alluvial,phash:766fecf2e5383231,phash:766fecf2e5383231,,,train
df7a94b38e57088be301,IMG_0250_M_0_10_pale_yellow_M_40_50_dark_brown_M_60_70_dark_brown.jpg,Soil_Labeled_Data/M_70_80/L_60_70/alluvial/IMG_0250_M_0_10_pale_yellow_M_40_50_dark_brown_M_60_70_dark_brown.jpg,Soil_Labeled_Data/M_70_80/L_60_70/alluvial/IMG_0250_M_0_10_pale_yellow_M_40_50_dark_brown_M_60_70_dark_brown.jpg,PRESENT,False,c81fd138b393c43c1f16e3881b7ba3e8f75fad3f55836dbe87a106ef715e0289,73,75,65,7,M_70_80,L_60_70,alluvial,phash:7cc0d10041dd5ffd,phash:7cc0d10041dd5ffd,,,train
3d28fee86ea4f03c9ef8,IMG_0254_M_0_10_light_brown_M_40_50_dark_brown_M_60_70_clay_red.jpg,Soil_Labeled_Data/M_70_80/L_60_70/alluvial/IMG_0254_M_0_10_light_brown_M_40_50_dark_brown_M_60_70_clay_red.jpg,Soil_Labeled_Data/M_70_80/L_60_70/alluvial/IMG_0254_M_0_10_light_brown_M_40_50_dark_brown_M_60_70_clay_red.jpg,PRESENT,False,d399163e2b5c151d7569acb92cd785321e13954d6f2bd67be4a8de804a69041c,78,77,67,7,M_70_80,L_60_70,alluvial,phash:3a82b527ebf76359,phash:3a82b527ebf76359,,,train
13af36df10ec77788abe,IMG_0255_M_0_10_gray_brown_M_40_50_dark_brown_M_60_70_dark_brown.jpg,Soil_Labeled_Data/M_70_80/L_60_70/alluvial/IMG_0255_M_0_10_gray_brown_M_40_50_dark_brown_M_60_70_dark_brown.jpg,Soil_Labeled_Data/M_70_80/L_60_70/alluvial/IMG_0255_M_0_10_gray_brown_M_40_50_dark_brown_M_60_70_dark_brown.jpg,PRESENT,False,3b24822a71dada6b5e0ebadfc50d014b4e4c3edd1cf09a8b9fa3d103e104ccc6,78,79,61,7,M_70_80,L_60_70,alluvial,phash:3a82b527ebf76359,phash:3a82b527ebf76359,,,train
2402a9ae7d8aa250f277,IMG_0258_M_0_10_pale_yellow_M_40_50_light_brown_M_50_60_dark_brown.jpg,Soil_Labeled_Data/M_70_80/L_60_70/alluvial/IMG_0258_M_0_10_pale_yellow_M_40_50_light_brown_M_50_60_dark_brown.jpg,Soil_Labeled_Data/M_70_80/L_60_70/alluvial/IMG_0258_M_0_10_pale_yellow_M_40_50_light_brown_M_50_60_dark_brown.jpg,PRESENT,False,2d09d21deae1881e8df67bd622e4c51d564957e29ae45ca9e15df725c3ee1227,80,81,63,7,M_70_80,L_60_70,alluvial,phash:17e978ef03cb2911,phash:17e978ef03cb2911,,,train
0da087a283486f6b0740,IMG_0675_M_10_20_pale_yellow_M_40_50_gray_brown_M_50_60_dark_brown.jpg,Soil_Labeled_Data/M_70_80/L_60_70/alluvial/IMG_0675_M_10_20_pale_yellow_M_40_50_gray_brown_M_50_60_dark_brown.jpg,Soil_Labeled_Data/M_70_80/L_60_70/alluvial/IMG_0675_M_10_20_pale_yellow_M_40_50_gray_brown_M_50_60_dark_brown.jpg,PRESENT,False,ce3617ccc6c6d62fd3536503cbeb4173888f7882ed4a9adc003bba6c33a6bd0e,76,79,68,7,M_70_80,L_60_70,alluvial,phash:a428d9fcdf8d24fa,phash:a428d9fcdf8d24fa,,,train
50877ffb25b9b2163006,IMG_0676_M_10_20_clayish_red_M_40_50_gray_brown_M_50_60_dark_brown_M_60_70_clay_red.jpg,Soil_Labeled_Data/M_70_80/L_60_70/alluvial/IMG_0676_M_10_20_clayish_red_M_40_50_gray_brown_M_50_60_dark_brown_M_60_70_clay_red.jpg,Soil_Labeled_Data/M_70_80/L_60_70/alluvial/IMG_0676_M_10_20_clayish_red_M_40_50_gray_brown_M_50_60_dark_brown_M_60_70_clay_red.jpg,PRESENT,False,debd0a72a261a7b302266dbaaac21be5e38d19067814f18e023216135c9260ca,80,79,62,7,M_70_80,L_60_70,alluvial,phash:984a40d9cc34abc9,phash:984a40d9cc34abc9,,,train
04edfc1084b2f2ee86dd,IMG_0680_M_10_20_light_brown_M_30_40_gray_brown_M_50_60_dark_brown_M_60_70_clay_red.jpg,Soil_Labeled_Data/M_70_80/L_60_70/alluvial/IMG_0680_M_10_20_light_brown_M_30_40_gray_brown_M_50_60_dark_brown_M_60_70_clay_red.jpg,Soil_Labeled_Data/M_70_80/L_60_70/alluvial/IMG_0680_M_10_20_light_brown_M_30_40_gray_brown_M_50_60_dark_brown_M_60_70_clay_red.jpg,PRESENT,False,b296254a791c9b45a751657054c2dd4a22aef6e9f1cbe60d54ff09614d0a8385,72,71,68,7,M_70_80,L_60_70,alluvial,phash:f1ae61d2650f45e9,phash:f1ae61d2650f45e9,,,train
aa6223c9c171a51a51f7,IMG_0681_M_10_20_light_brown_M_40_50_gray_brown_M_50_60_dark_brown_M_60_70_dark_brown.jpg,Soil_Labeled_Data/M_70_80/L_60_70/alluvial/IMG_0681_M_10_20_light_brown_M_40_50_gray_brown_M_50_60_dark_brown_M_60_70_dark_brown.jpg,Soil_Labeled_Data/M_70_80/L_60_70/alluvial/IMG_0681_M_10_20_light_brown_M_40_50_gray_brown_M_50_60_dark_brown_M_60_70_dark_brown.jpg,PRESENT,False,8c158416c63169bf4b9f793c2c59860a2bb663e942cd3e11f971bf4109c2b7f3,79,80,63,7,M_70_80,L_60_70,alluvial,phash:5e8401d92ec70f04,phash:5e8401d92ec70f04,,,train
e5567e3a67246e642c32,IMG_0695_M_10_20_clayish_red_M_40_50_gray_brown_M_60_70_clay_red.jpg,Soil_Labeled_Data/M_70_80/L_60_70/alluvial/IMG_0695_M_10_20_clayish_red_M_40_50_gray_brown_M_60_70_clay_red.jpg,Soil_Labeled_Data/M_70_80/L_60_70/alluvial/IMG_0695_M_10_20_clayish_red_M_40_50_gray_brown_M_60_70_clay_red.jpg,PRESENT,False,bbb0ea451665fcd6d3892b5ca494d3f3c9f03bafccb51938b00727d26313351a,77,78,62,7,M_70_80,L_60_70,alluvial,phash:4d2073dc153cb1de,phash:4d2073dc153cb1de,,,train
69a6b000446ec374d390,IMG_0695_M_10_20_gray_brown_M_40_50_dark_brown_M_60_70_dark_brown.jpg,Soil_Labeled_Data/M_70_80/L_60_70/alluvial/IMG_0695_M_10_20_gray_brown_M_40_50_dark_brown_M_60_70_dark_brown.jpg,Soil_Labeled_Data/M_70_80/L_60_70/alluvial/IMG_0695_M_10_20_gray_brown_M_40_50_dark_brown_M_60_70_dark_brown.jpg,PRESENT,False,0628df1b71b62dd80b0e1aa931adda467291e13e5d363fbea4c0ee404f801436,74,77,61,7,M_70_80,L_60_70,alluvial,phash:4d2073dc153cb1de,phash:4d2073dc153cb1de,,,train
b66bf90e0c88aae8f390,z5715083885623_9f42a940c20ea1e55af3e06994578004_M_20_30_light_brown_M_30_40_light_brown_M_50_60_gray_brown_M_60_70_dark_brown.jpg,Soil_Labeled_Data/M_70_80/L_60_70/alluvial/z5715083885623_9f42a940c20ea1e55af3e06994578004_M_20_30_light_brown_M_30_40_light_brown_M_50_60_gray_brown_M_60_70_dark_brown.jpg,Soil_Labeled_Data/M_70_80/L_60_70/alluvial/z5715083885623_9f42a940c20ea1e55af3e06994578004_M_20_30_light_brown_M_30_40_light_brown_M_50_60_gray_brown_M_60_70_dark_brown.jpg,PRESENT,False,dd58940ff8f7a1aa2be8fd7408411a227c1b4dc2445eaafe7874fe7e44402d64,80,79,66,7,M_70_80,L_60_70,alluvial,phash:780eb3e36ab6145a,phash:780eb3e36ab6145a,,,train
ca91562f833b2d3155be,z5715084050631_480b9ae3c93e9adc09ca30cd0761e10e_M_20_30_pale_yellow_M_30_40_gray_brown_M_50_60_dark_brown_M_60_70_clay_red.jpg,Soil_Labeled_Data/M_70_80/L_60_70/alluvial/z5715084050631_480b9ae3c93e9adc09ca30cd0761e10e_M_20_30_pale_yellow_M_30_40_gray_brown_M_50_60_dark_brown_M_60_70_clay_red.jpg,Soil_Labeled_Data/M_70_80/L_60_70/alluvial/z5715084050631_480b9ae3c93e9adc09ca30cd0761e10e_M_20_30_pale_yellow_M_30_40_gray_brown_M_50_60_dark_brown_M_60_70_clay_red.jpg,PRESENT,False,3b0409190c183ffcd01e182337ecd9149783cdfafbe77ed2415a980fa003705c,75,78,69,7,M_70_80,L_60_70,alluvial,phash:c8c63c305b66e060,phash:c8c63c305b66e060,,,train
503ff1366150f34477df,z5715084165270_22662a8e6cfa3719910b048011f20dc3_M_20_30_light_brown_M_30_40_light_brown_M_50_60_clay_red.jpg,Soil_Labeled_Data/M_70_80/L_60_70/alluvial/z5715084165270_22662a8e6cfa3719910b048011f20dc3_M_20_30_light_brown_M_30_40_light_brown_M_50_60_clay_red.jpg,Soil_Labeled_Data/M_70_80/L_60_70/alluvial/z5715084165270_22662a8e6cfa3719910b048011f20dc3_M_20_30_light_brown_M_30_40_light_brown_M_50_60_clay_red.jpg,PRESENT,False,a795229620f948d4034ce28b208ea7954b38bef15f5acb9d09ba256b4b8ac279,72,75,70,7,M_70_80,L_60_70,alluvial,phash:cd45673673b5cc09,phash:cd45673673b5cc09,,,train
0f2536434c520001c96d,z5715084217100_56ffdcb9a7e21ae938a857822326c4e1_M_20_30_light_brown_M_30_40_light_brown_M_50_60_dark_brown.jpg,Soil_Labeled_Data/M_70_80/L_60_70/alluvial/z5715084217100_56ffdcb9a7e21ae938a857822326c4e1_M_20_30_light_brown_M_30_40_light_brown_M_50_60_dark_brown.jpg,Soil_Labeled_Data/M_70_80/L_60_70/alluvial/z5715084217100_56ffdcb9a7e21ae938a857822326c4e1_M_20_30_light_brown_M_30_40_light_brown_M_50_60_dark_brown.jpg,PRESENT,False,6706bdca03161883c7f12856e0d726e71a84aa4123fa796fc24c0a567f13b966,78,80,68,7,M_70_80,L_60_70,alluvial,phash:0b0189f76cd4b322,phash:0b0189f76cd4b322,,,train
9cb90bcd670e086fcf9f,z5715084306747_adff9a454f2d560f7c94ff4d4f1ba239_M_20_30_pale_yellow_M_30_40_light_brown_M_50_60_clay_red.jpg,Soil_Labeled_Data/M_70_80/L_60_70/alluvial/z5715084306747_adff9a454f2d560f7c94ff4d4f1ba239_M_20_30_pale_yellow_M_30_40_light_brown_M_50_60_clay_red.jpg,Soil_Labeled_Data/M_70_80/L_60_70/alluvial/z5715084306747_adff9a454f2d560f7c94ff4d4f1ba239_M_20_30_pale_yellow_M_30_40_light_brown_M_50_60_clay_red.jpg,PRESENT,False,7c17113d309bd5edbc70ea8f79f965305fe3ed61a27563a26546ef6be7cd11aa,72,75,70,7,M_70_80,L_60_70,alluvial,phash:809b2d358b7be717,phash:809b2d358b7be717,,,train
61e4e2f2e1cd99076db1,IMG_0288_M_0_10_gray_brown_M_40_50_light_brown_M_50_60_clay_red.jpg,Soil_Labeled_Data/M_70_80/L_70_80/alluvial/IMG_0288_M_0_10_gray_brown_M_40_50_light_brown_M_50_60_clay_red.jpg,Soil_Labeled_Data/M_70_80/L_70_80/alluvial/IMG_0288_M_0_10_gray_brown_M_40_50_light_brown_M_50_60_clay_red.jpg,PRESENT,False,9177eacde1fe0088e3f99d09bf39a0cc33685c5e4e5ca066d554d947e9e2b6c3,70,72,78,7,M_70_80,L_70_80,alluvial,phash:d2d6c675b39da7f8,phash:d2d6c675b39da7f8,,,train
dc63d25b51fb6c8439fd,IMG_0288_M_0_10_gray_brown_M_40_50_light_brown_M_50_60_dark_brown_M_60_70_clay_red.jpg,Soil_Labeled_Data/M_70_80/L_70_80/alluvial/IMG_0288_M_0_10_gray_brown_M_40_50_light_brown_M_50_60_dark_brown_M_60_70_clay_red.jpg,Soil_Labeled_Data/M_70_80/L_70_80/alluvial/IMG_0288_M_0_10_gray_brown_M_40_50_light_brown_M_50_60_dark_brown_M_60_70_clay_red.jpg,PRESENT,False,8da8177da9f5153fc4e0ab1538d3b28fea4eb0b0acf33ae2786eab7f9b1ac382,72,74,80,7,M_70_80,L_70_80,alluvial,phash:d2d6c675b39da7f8,phash:d2d6c675b39da7f8,,,train
a3a0c9f1c8e12b377cbb,IMG_0295_M_0_10_clayish_red_M_40_50_gray_brown_M_50_60_dark_brown.jpg,Soil_Labeled_Data/M_70_80/L_70_80/alluvial/IMG_0295_M_0_10_clayish_red_M_40_50_gray_brown_M_50_60_dark_brown.jpg,Soil_Labeled_Data/M_70_80/L_70_80/alluvial/IMG_0295_M_0_10_clayish_red_M_40_50_gray_brown_M_50_60_dark_brown.jpg,PRESENT,False,e2311b510e1277d9bdf8e661259940e9efd3411a4767261376d63b3f6e3434d1,72,72,72,7,M_70_80,L_70_80,alluvial,phash:d0bdf9e31c9a9339,phash:d0bdf9e31c9a9339,,,train
0d8f7da70777053f773d,IMG_0301_M_0_10_pale_yellow_M_40_50_dark_brown_M_60_70_dark_brown.jpg,Soil_Labeled_Data/M_70_80/L_70_80/alluvial/IMG_0301_M_0_10_pale_yellow_M_40_50_dark_brown_M_60_70_dark_brown.jpg,Soil_Labeled_Data/M_70_80/L_70_80/alluvial/IMG_0301_M_0_10_pale_yellow_M_40_50_dark_brown_M_60_70_dark_brown.jpg,PRESENT,False,31f89116a4d6166fc7d142ff82c2134c7e7f30596df082a90536426e41d5f236,72,75,71,7,M_70_80,L_70_80,alluvial,phash:222099dae69a0921,phash:222099dae69a0921,,,train
761c5ceb89a6c581f291,IMG_0698_M_10_20_clayish_red_M_40_50_gray_brown_M_50_60_clay_red.jpg,Soil_Labeled_Data/M_70_80/L_70_80/alluvial/IMG_0698_M_10_20_clayish_red_M_40_50_gray_brown_M_50_60_clay_red.jpg,Soil_Labeled_Data/M_70_80/L_70_80/alluvial/IMG_0698_M_10_20_clayish_red_M_40_50_gray_brown_M_50_60_clay_red.jpg,PRESENT,False,6a07dc81534d74eba59c7ecc79057f766d3ea777cb07ab0ee3468a1f369ef1d6,72,71,77,7,M_70_80,L_70_80,alluvial,phash:3bb8acb89f03a372,phash:3bb8acb89f03a372,,,train
b96fb2adfdfa56c3a8b7,IMG_0699_M_10_20_pale_yellow_M_40_50_gray_brown_M_60_70_clay_red.jpg,Soil_Labeled_Data/M_70_80/L_70_80/alluvial/IMG_0699_M_10_20_pale_yellow_M_40_50_gray_brown_M_60_70_clay_red.jpg,Soil_Labeled_Data/M_70_80/L_70_80/alluvial/IMG_0699_M_10_20_pale_yellow_M_40_50_gray_brown_M_60_70_clay_red.jpg,PRESENT,False,158a8201f27b5e9cfcc14a472024527c7a1a37702221545804e7a940added87f,80,82,72,7,M_70_80,L_70_80,alluvial,phash:b5220e00f45fa5b8,phash:b5220e00f45fa5b8,,,train
a014b979de9a494f7b47,IMG_0702_M_10_20_clayish_red_M_40_50_gray_brown_M_50_60_dark_brown_M_60_70_dark_brown.jpg,Soil_Labeled_Data/M_70_80/L_70_80/alluvial/IMG_0702_M_10_20_clayish_red_M_40_50_gray_brown_M_50_60_dark_brown_M_60_70_dark_brown.jpg,Soil_Labeled_Data/M_70_80/L_70_80/alluvial/IMG_0702_M_10_20_clayish_red_M_40_50_gray_brown_M_50_60_dark_brown_M_60_70_dark_brown.jpg,PRESENT,False,907bde866e6a7edaaa3649d4223a88b3a3a949a862635e1d9900fd6ba5140b35,80,82,75,7,M_70_80,L_70_80,alluvial,phash:da003ea3a8a9acb4,phash:da003ea3a8a9acb4,,,train
9b45c9b39f591a27ee99,IMG_0702_M_10_20_pale_yellow_M_30_40_gray_brown_M_50_60_clay_red.jpg,Soil_Labeled_Data/M_70_80/L_70_80/alluvial/IMG_0702_M_10_20_pale_yellow_M_30_40_gray_brown_M_50_60_clay_red.jpg,Soil_Labeled_Data/M_70_80/L_70_80/alluvial/IMG_0702_M_10_20_pale_yellow_M_30_40_gray_brown_M_50_60_clay_red.jpg,PRESENT,False,2fb911706072c4c221748d7e1eb79f8f3c82188885e13f18c91a28aa7b9f81b8,80,81,76,7,M_70_80,L_70_80,alluvial,phash:da003ea3a8a9acb4,phash:da003ea3a8a9acb4,,,train
feebbb0aad31a1255e01,IMG_0706_M_10_20_light_brown_M_30_40_light_brown_M_50_60_gray_brown_M_60_70_dark_brown.jpg,Soil_Labeled_Data/M_70_80/L_70_80/alluvial/IMG_0706_M_10_20_light_brown_M_30_40_light_brown_M_50_60_gray_brown_M_60_70_dark_brown.jpg,Soil_Labeled_Data/M_70_80/L_70_80/alluvial/IMG_0706_M_10_20_light_brown_M_30_40_light_brown_M_50_60_gray_brown_M_60_70_dark_brown.jpg,PRESENT,False,1c46818db570b9b4e39dfbe28e5bcd4697354239b38c42ee4ade196aeb32f88a,78,78,76,7,M_70_80,L_70_80,alluvial,phash:da003ea3a8a9acb4,phash:da003ea3a8a9acb4,,,train
4fcc937d96d002080788,IMG_0708_M_10_20_clayish_red_M_40_50_light_brown_M_50_60_clay_red.jpg,Soil_Labeled_Data/M_70_80/L_70_80/alluvial/IMG_0708_M_10_20_clayish_red_M_40_50_light_brown_M_50_60_clay_red.jpg,Soil_Labeled_Data/M_70_80/L_70_80/alluvial/IMG_0708_M_10_20_clayish_red_M_40_50_light_brown_M_50_60_clay_red.jpg,PRESENT,False,397bd92c883d070dc231121fbbe5a9fc61c4870d7d703e46df34f09c4e3c2b52,76,78,77,7,M_70_80,L_70_80,alluvial,phash:9d2033d48628688c,phash:9d2033d48628688c,,,train
5370ce4f5abafeb3501d,IMG_0710_M_10_20_pale_yellow_M_30_40_gray_brown_M_50_60_clay_red.jpg,Soil_Labeled_Data/M_70_80/L_70_80/alluvial/IMG_0710_M_10_20_pale_yellow_M_30_40_gray_brown_M_50_60_clay_red.jpg,Soil_Labeled_Data/M_70_80/L_70_80/alluvial/IMG_0710_M_10_20_pale_yellow_M_30_40_gray_brown_M_50_60_clay_red.jpg,PRESENT,False,f0cd639f983fcc3365de670e8192213e19d96b2721ecedf17fa68b8e7c2a6a27,77,77,76,7,M_70_80,L_70_80,alluvial,phash:5e8c45f8956cae93,phash:5e8c45f8956cae93,,,train
cba8500a6ed0d14031e8,IMG_0711_M_10_20_light_brown_M_40_50_light_brown_M_50_60_dark_brown.jpg,Soil_Labeled_Data/M_70_80/L_70_80/alluvial/IMG_0711_M_10_20_light_brown_M_40_50_light_brown_M_50_60_dark_brown.jpg,Soil_Labeled_Data/M_70_80/L_70_80/alluvial/IMG_0711_M_10_20_light_brown_M_40_50_light_brown_M_50_60_dark_brown.jpg,PRESENT,False,4a1b15ba9c830b059f64db56df5646a29f5896fec5b419fab9b8d44a819b726c,73,72,78,7,M_70_80,L_70_80,alluvial,phash:b9aa2a4a5654395e,phash:b9aa2a4a5654395e,,,train
cb31b30c5659b54ab890,IMG_0711_M_10_20_light_brown_M_40_50_light_brown_M_50_60_dark_brown_M_60_70_clay_red.jpg,Soil_Labeled_Data/M_70_80/L_70_80/alluvial/IMG_0711_M_10_20_light_brown_M_40_50_light_brown_M_50_60_dark_brown_M_60_70_clay_red.jpg,Soil_Labeled_Data/M_70_80/L_70_80/alluvial/IMG_0711_M_10_20_light_brown_M_40_50_light_brown_M_50_60_dark_brown_M_60_70_clay_red.jpg,PRESENT,False,f55445efd21f239d437ec7b638ae86df9b6a79a961183ec76a25c20f10694149,77,77,70,7,M_70_80,L_70_80,alluvial,phash:b9aa2a4a5654395e,phash:b9aa2a4a5654395e,,,train
b1a8cf29773853899544,IMG_0715_M_10_20_light_brown_M_40_50_light_brown_M_50_60_dark_brown.jpg,Soil_Labeled_Data/M_70_80/L_70_80/alluvial/IMG_0715_M_10_20_light_brown_M_40_50_light_brown_M_50_60_dark_brown.jpg,Soil_Labeled_Data/M_70_80/L_70_80/alluvial/IMG_0715_M_10_20_light_brown_M_40_50_light_brown_M_50_60_dark_brown.jpg,PRESENT,False,feaea47a96e17a919086cd4d7286649acf4afe54224a0b47b139c76ef4fb7337,76,78,72,7,M_70_80,L_70_80,alluvial,phash:04c1aca557db14ee,phash:04c1aca557db14ee,,,train
68bbc6e8507cc6f38acc,IMG_0716_M_10_20_light_brown_M_40_50_gray_brown_M_50_60_dark_brown.jpg,Soil_Labeled_Data/M_70_80/L_70_80/alluvial/IMG_0716_M_10_20_light_brown_M_40_50_gray_brown_M_50_60_dark_brown.jpg,Soil_Labeled_Data/M_70_80/L_70_80/alluvial/IMG_0716_M_10_20_light_brown_M_40_50_gray_brown_M_50_60_dark_brown.jpg,PRESENT,False,86f17ff191c3ffbaf1375f9acfb39dd47a5f4ca1ef811f0feb6a542999f31c55,76,79,73,7,M_70_80,L_70_80,alluvial,phash:ea21b0c5f7c3e0b8,phash:ea21b0c5f7c3e0b8,,,train
d5a668b2ceeb9bcf84c8,IMG_0716_M_10_20_light_brown_M_40_50_gray_brown_M_50_60_gray_brown_M_60_70_clay_red.jpg,Soil_Labeled_Data/M_70_80/L_70_80/alluvial/IMG_0716_M_10_20_light_brown_M_40_50_gray_brown_M_50_60_gray_brown_M_60_70_clay_red.jpg,Soil_Labeled_Data/M_70_80/L_70_80/alluvial/IMG_0716_M_10_20_light_brown_M_40_50_gray_brown_M_50_60_gray_brown_M_60_70_clay_red.jpg,PRESENT,False,f8d076fe0bdb7440c6aae6883ddf664102b0b6e98890154e3f9421096cd6abae,72,71,77,7,M_70_80,L_70_80,alluvial,phash:ea21b0c5f7c3e0b8,phash:ea21b0c5f7c3e0b8,,,train
18ac91aebf621fb841c4,IMG_0718_M_10_20_pale_yellow_M_30_40_light_brown_M_50_60_dark_brown_M_60_70_dark_brown.jpg,Soil_Labeled_Data/M_70_80/L_70_80/alluvial/IMG_0718_M_10_20_pale_yellow_M_30_40_light_brown_M_50_60_dark_brown_M_60_70_dark_brown.jpg,Soil_Labeled_Data/M_70_80/L_70_80/alluvial/IMG_0718_M_10_20_pale_yellow_M_30_40_light_brown_M_50_60_dark_brown_M_60_70_dark_brown.jpg,PRESENT,False,14cf504934be633f093750817c4dd6b3ebdd11faeddd215e904dd45df5ba9b97,77,79,77,7,M_70_80,L_70_80,alluvial,phash:64d2078fe8ee93e9,phash:64d2078fe8ee93e9,,,train
b7536e686c96d75eade2,z5715141626411_00b983fd5f44402c4bda94b5b928bb00_M_20_30_light_brown_M_30_40_light_brown_M_50_60_clay_red.jpg,Soil_Labeled_Data/M_70_80/L_70_80/alluvial/z5715141626411_00b983fd5f44402c4bda94b5b928bb00_M_20_30_light_brown_M_30_40_light_brown_M_50_60_clay_red.jpg,Soil_Labeled_Data/M_70_80/L_70_80/alluvial/z5715141626411_00b983fd5f44402c4bda94b5b928bb00_M_20_30_light_brown_M_30_40_light_brown_M_50_60_clay_red.jpg,PRESENT,False,08164304401b61a6ca4733aa8fc7274e4808504f6dbe982cc22449173b2097cb,73,74,75,7,M_70_80,L_70_80,alluvial,phash:58b6b94065785737,phash:58b6b94065785737,,,train
6502140b7df1996db52f,z5715141734634_e77f72db46f26975a8a55807dd7433b7_M_20_30_light_brown_M_30_40_light_brown_M_50_60_gray_brown_M_60_70_dark_brown.jpg,Soil_Labeled_Data/M_70_80/L_70_80/alluvial/z5715141734634_e77f72db46f26975a8a55807dd7433b7_M_20_30_light_brown_M_30_40_light_brown_M_50_60_gray_brown_M_60_70_dark_brown.jpg,Soil_Labeled_Data/M_70_80/L_70_80/alluvial/z5715141734634_e77f72db46f26975a8a55807dd7433b7_M_20_30_light_brown_M_30_40_light_brown_M_50_60_gray_brown_M_60_70_dark_brown.jpg,PRESENT,False,d5aa5c242ea07490ae10b07df77048617d59cdf6e8aefbab065dbd70b8aee0d3,70,73,73,7,M_70_80,L_70_80,alluvial,phash:e24ee0f14f9344e0,phash:e24ee0f14f9344e0,,,train
5d92a4d238d38486aee1,z5715142111427_710989d5ad90708c35b310578e9c654f_M_20_30_light_brown_M_30_40_gray_brown_M_50_60_dark_brown_M_60_70_clay_red.jpg,Soil_Labeled_Data/M_70_80/L_70_80/alluvial/z5715142111427_710989d5ad90708c35b310578e9c654f_M_20_30_light_brown_M_30_40_gray_brown_M_50_60_dark_brown_M_60_70_clay_red.jpg,Soil_Labeled_Data/M_70_80/L_70_80/alluvial/z5715142111427_710989d5ad90708c35b310578e9c654f_M_20_30_light_brown_M_30_40_gray_brown_M_50_60_dark_brown_M_60_70_clay_red.jpg,PRESENT,False,754016307ba1f42b0b6ad77d20393a7ca7d5f4eaa0c18b932dfc1321e4111af2,78,78,80,7,M_70_80,L_70_80,alluvial,phash:989c11f801dd17a4,phash:989c11f801dd17a4,,,train
8e0da3fc91d764163d23,z6637130697431_6d70a85f4106abdead232fcb5f71f42a.jpg,Soil_Labeled_Data/M_70_80/L_80_90/alluvial/z6637130697431_6d70a85f4106abdead232fcb5f71f42a.jpg,Soil_Labeled_Data/M_70_80/L_80_90/alluvial/z6637130697431_6d70a85f4106abdead232fcb5f71f42a.jpg,PRESENT,False,0c557681e6ad7d51a690efcd580f485f41b15e2e371f69d200951a015970d623,75,77,80,7,M_70_80,L_80_90,alluvial,phash:07caed62d5c5a351,phash:07caed62d5c5a351,,,train
e1acb10ee9de7c11c2f4,z6637130735106_772755f9dc53b349f090eda92e53e822.jpg,Soil_Labeled_Data/M_70_80/L_80_90/alluvial/z6637130735106_772755f9dc53b349f090eda92e53e822.jpg,Soil_Labeled_Data/M_70_80/L_80_90/alluvial/z6637130735106_772755f9dc53b349f090eda92e53e822.jpg,PRESENT,False,5071e19dfea6c57a7a2907e834477697ce93a85b2224957dc529b89db2c73066,75,73,87,7,M_70_80,L_80_90,alluvial,phash:9273858716ba3bbb,phash:9273858716ba3bbb,,,train
92f50ce1229142fa287b,z6637130735106_772755f9dc53b349f090eda92e53e822_aug_04_wet_gray.jpg,Soil_Labeled_Data/M_70_80/L_80_90/alluvial/z6637130735106_772755f9dc53b349f090eda92e53e822_aug_04_wet_gray.jpg,Soil_Labeled_Data/M_70_80/L_80_90/alluvial/z6637130735106_772755f9dc53b349f090eda92e53e822_aug_04_wet_gray.jpg,PRESENT,False,2f700efda5db45abbbb2527d483e0a3459ccd9a10cbf69d04209cab94170bacb,77,75,86,7,M_70_80,L_80_90,alluvial,phash:9273858716ba3bbb,phash:9273858716ba3bbb,,,train
8ee77a283347e0af5a69,z6637133093804_415790f7d7dbfe6a16b41cd95b244b90.jpg,Soil_Labeled_Data/M_70_80/L_80_90/alluvial/z6637133093804_415790f7d7dbfe6a16b41cd95b244b90.jpg,Soil_Labeled_Data/M_70_80/L_80_90/alluvial/z6637133093804_415790f7d7dbfe6a16b41cd95b244b90.jpg,PRESENT,False,227bfdee36fdec6f17a1a971f776267a0e7ef68da9d09a476d9d12581e73deaf,76,76,82,7,M_70_80,L_80_90,alluvial,phash:ce69abba2222d0ce,phash:ce69abba2222d0ce,,,train
ff4e998e14ba31b59809,z6637133131476_9c50046ba5ba1e09a778276e16b52935.jpg,Soil_Labeled_Data/M_70_80/L_80_90/alluvial/z6637133131476_9c50046ba5ba1e09a778276e16b52935.jpg,Soil_Labeled_Data/M_70_80/L_80_90/alluvial/z6637133131476_9c50046ba5ba1e09a778276e16b52935.jpg,PRESENT,False,9c12bb2ba9b5ef9d8ea3a75d7086212d1d8e21bfbd41c191d9f48cfdc8586a95,74,74,89,7,M_70_80,L_80_90,alluvial,phash:553f4fa2337e4f5f,phash:553f4fa2337e4f5f,,,train
4c1b03cae7479ae06ae2,z6637133131476_9c50046ba5ba1e09a778276e16b52935_aug_02_gray_brown.jpg,Soil_Labeled_Data/M_70_80/L_80_90/alluvial/z6637133131476_9c50046ba5ba1e09a778276e16b52935_aug_02_gray_brown.jpg,Soil_Labeled_Data/M_70_80/L_80_90/alluvial/z6637133131476_9c50046ba5ba1e09a778276e16b52935_aug_02_gray_brown.jpg,PRESENT,False,dd85587f218a600f1dfd82b8bc4bd583894d6f73d898f7113467ec65787ed41d,74,72,90,7,M_70_80,L_80_90,alluvial,phash:553f4fa2337e4f5f,phash:553f4fa2337e4f5f,,,train
5c6fa67cf18d6180bec6,z6637133229889_5b005cc0f6f6905ea12108ef19300d89.jpg,Soil_Labeled_Data/M_70_80/L_80_90/alluvial/z6637133229889_5b005cc0f6f6905ea12108ef19300d89.jpg,Soil_Labeled_Data/M_70_80/L_80_90/alluvial/z6637133229889_5b005cc0f6f6905ea12108ef19300d89.jpg,PRESENT,False,d2d31baf9342c38fd0397b6f7d618450e488121d41a1976db38729c51a108eb8,75,76,82,7,M_70_80,L_80_90,alluvial,phash:13e26c531599bc10,phash:13e26c531599bc10,,,train
f72a15be9548a7babcb2,z6637133229889_5b005cc0f6f6905ea12108ef19300d89_aug_03_gray_brown.jpg,Soil_Labeled_Data/M_70_80/L_80_90/alluvial/z6637133229889_5b005cc0f6f6905ea12108ef19300d89_aug_03_gray_brown.jpg,Soil_Labeled_Data/M_70_80/L_80_90/alluvial/z6637133229889_5b005cc0f6f6905ea12108ef19300d89_aug_03_gray_brown.jpg,PRESENT,False,edac6c1266026f28a8fce614b94ce0e3241f31f2a27aca2b45397e9e990d83cd,75,75,90,7,M_70_80,L_80_90,alluvial,phash:13e26c531599bc10,phash:13e26c531599bc10,,,train
3868b2618a3472a3eb2d,z6637133276123_4285ca8ca061b3e3f9f02388e39159a5.jpg,Soil_Labeled_Data/M_70_80/L_80_90/alluvial/z6637133276123_4285ca8ca061b3e3f9f02388e39159a5.jpg,Soil_Labeled_Data/M_70_80/L_80_90/alluvial/z6637133276123_4285ca8ca061b3e3f9f02388e39159a5.jpg,PRESENT,False,eb986a12164254a2e2c3c7336312aef49ff22dce33f7770e04397d193eed168a,74,72,86,7,M_70_80,L_80_90,alluvial,phash:7dd25ba25a77b821,phash:7dd25ba25a77b821,,,train
bade1b381435b067f07f,z6637133276123_4285ca8ca061b3e3f9f02388e39159a5_aug_05_clay_red.jpg,Soil_Labeled_Data/M_70_80/L_80_90/alluvial/z6637133276123_4285ca8ca061b3e3f9f02388e39159a5_aug_05_clay_red.jpg,Soil_Labeled_Data/M_70_80/L_80_90/alluvial/z6637133276123_4285ca8ca061b3e3f9f02388e39159a5_aug_05_clay_red.jpg,PRESENT,False,e25a36104f1e2a2c5de19d1b324c506883630379eb352f5ba9b99791f0b5238a,77,78,90,7,M_70_80,L_80_90,alluvial,phash:7dd25ba25a77b821,phash:7dd25ba25a77b821,,,train
06c58cb4bef0f28d6b62,z6637133316811_2946f54350a4e8e69b64c6b6a661c772.jpg,Soil_Labeled_Data/M_70_80/L_80_90/alluvial/z6637133316811_2946f54350a4e8e69b64c6b6a661c772.jpg,Soil_Labeled_Data/M_70_80/L_80_90/alluvial/z6637133316811_2946f54350a4e8e69b64c6b6a661c772.jpg,PRESENT,False,2a5a8aaa745905489e0b97d16f2c037d16de1979a50f2b90b0a1b7b005d8b87b,70,69,84,7,M_70_80,L_80_90,alluvial,phash:8ffc952b2dd4edb4,phash:8ffc952b2dd4edb4,,,train
9a36a2e38104cae31582,z6637133316811_2946f54350a4e8e69b64c6b6a661c772_aug_00_gray_brown.jpg,Soil_Labeled_Data/M_70_80/L_80_90/alluvial/z6637133316811_2946f54350a4e8e69b64c6b6a661c772_aug_00_gray_brown.jpg,Soil_Labeled_Data/M_70_80/L_80_90/alluvial/z6637133316811_2946f54350a4e8e69b64c6b6a661c772_aug_00_gray_brown.jpg,PRESENT,False,efc3adb80f90825d2357f7c0f73b43dc986304083477816f99d0e670cffaf86d,75,74,80,7,M_70_80,L_80_90,alluvial,phash:8ffc952b2dd4edb4,phash:8ffc952b2dd4edb4,,,train
dbe1c706c0b36517d484,M_70_80_L_90_100_0012_wet_gray.jpg,Soil_Labeled_Data/M_70_80/L_90_100/alluvial/M_70_80_L_90_100_0012_wet_gray.jpg,Soil_Labeled_Data/M_70_80/L_90_100/alluvial/M_70_80_L_90_100_0012_wet_gray.jpg,PRESENT,False,fefe3c9b003995a424465033aa3525adea8441f768f7346df4d27e1aacbd9fe0,79,77,97,7,M_70_80,L_90_100,alluvial,phash:e92eaca4ff3b1796,phash:e92eaca4ff3b1796,,,train
c7d69cea9f31275205ec,M_70_80_L_90_100_0020_dark_brown.jpg,Soil_Labeled_Data/M_70_80/L_90_100/alluvial/M_70_80_L_90_100_0020_dark_brown.jpg,Soil_Labeled_Data/M_70_80/L_90_100/alluvial/M_70_80_L_90_100_0020_dark_brown.jpg,PRESENT,False,65ae6197851529714c0f4847490bc6a59e8a44064c461914f3861c4fc11b9d71,70,70,93,7,M_70_80,L_90_100,alluvial,phash:25a20c412fc48b30,phash:25a20c412fc48b30,,,train
084823c569a4796d1446,M_70_80_L_90_100_0022_wet_gray.jpg,Soil_Labeled_Data/M_70_80/L_90_100/alluvial/M_70_80_L_90_100_0022_wet_gray.jpg,Soil_Labeled_Data/M_70_80/L_90_100/alluvial/M_70_80_L_90_100_0022_wet_gray.jpg,PRESENT,False,36688fdeb4ac193d62eace749d4222850aaab2a0e2c4eb7f77f747ed418e363b,73,71,93,7,M_70_80,L_90_100,alluvial,phash:186f1b83b794bf40,phash:186f1b83b794bf40,,,train
2270fc2aeb2e2fe78de1,M_70_80_L_90_100_0031_gray_brown.jpg,Soil_Labeled_Data/M_70_80/L_90_100/alluvial/M_70_80_L_90_100_0031_gray_brown.jpg,Soil_Labeled_Data/M_70_80/L_90_100/alluvial/M_70_80_L_90_100_0031_gray_brown.jpg,PRESENT,False,3b2ba72237a135694153383b605ac54fafaee18bec5c84e3838b2b1d02b4f677,72,73,100,7,M_70_80,L_90_100,alluvial,phash:c07316710b5c7615,phash:c07316710b5c7615,,,train
1e6a01f5605a72790789,M_70_80_L_90_100_0033_clay_red.jpg,Soil_Labeled_Data/M_70_80/L_90_100/alluvial/M_70_80_L_90_100_0033_clay_red.jpg,Soil_Labeled_Data/M_70_80/L_90_100/alluvial/M_70_80_L_90_100_0033_clay_red.jpg,PRESENT,False,a790a95adfdbf2fc3cc4a552e456bd4a4c031ec4bd41a0b6cc86f02fdcdae731,73,74,94,7,M_70_80,L_90_100,alluvial,phash:fe5de7758ede66af,phash:fe5de7758ede66af,,,train
a3e5836cdb6c95f37d96,M_70_80_L_90_100_0035_clay_red.jpg,Soil_Labeled_Data/M_70_80/L_90_100/alluvial/M_70_80_L_90_100_0035_clay_red.jpg,Soil_Labeled_Data/M_70_80/L_90_100/alluvial/M_70_80_L_90_100_0035_clay_red.jpg,PRESENT,False,7086e7805d751c3269df48eca598f63fc81fabefc687da30e11f03362042078d,70,71,98,7,M_70_80,L_90_100,alluvial,phash:221b56b65a88ae8d,phash:221b56b65a88ae8d,,,train
f19963400afd2b20fde6,M_70_80_L_90_100_0036_clay_red.jpg,Soil_Labeled_Data/M_70_80/L_90_100/alluvial/M_70_80_L_90_100_0036_clay_red.jpg,Soil_Labeled_Data/M_70_80/L_90_100/alluvial/M_70_80_L_90_100_0036_clay_red.jpg,PRESENT,False,15a7ec325f5434ec29269365d0610172de2b740ecd9857b681dbf86967a6c395,73,72,99,7,M_70_80,L_90_100,alluvial,phash:16313a78b8c6de56,phash:16313a78b8c6de56,,,train
1ce9f3f552a94c950bb7,M_70_80_L_90_100_0039_dark_brown.jpg,Soil_Labeled_Data/M_70_80/L_90_100/alluvial/M_70_80_L_90_100_0039_dark_brown.jpg,Soil_Labeled_Data/M_70_80/L_90_100/alluvial/M_70_80_L_90_100_0039_dark_brown.jpg,PRESENT,False,c3a5725021773cf8fe4ee951a46dbce0b888d0c5e1647d66acb175a61e222439,73,71,99,7,M_70_80,L_90_100,alluvial,phash:0285effacff0304c,phash:0285effacff0304c,,,train
f3b7f226ffb9ebf5db83,M_70_80_L_90_100_0043_wet_gray.jpg,Soil_Labeled_Data/M_70_80/L_90_100/alluvial/M_70_80_L_90_100_0043_wet_gray.jpg,Soil_Labeled_Data/M_70_80/L_90_100/alluvial/M_70_80_L_90_100_0043_wet_gray.jpg,PRESENT,False,8828386a4279017c2717f36dfc36867b59c5914a9b9b802f70604e99b4ebca4f,76,77,96,7,M_70_80,L_90_100,alluvial,phash:16313a78b8c6de56,phash:16313a78b8c6de56,,,train
a3225a37a7de04943eda,M_70_80_L_90_100_0062_gray_brown.jpg,Soil_Labeled_Data/M_70_80/L_90_100/alluvial/M_70_80_L_90_100_0062_gray_brown.jpg,Soil_Labeled_Data/M_70_80/L_90_100/alluvial/M_70_80_L_90_100_0062_gray_brown.jpg,PRESENT,False,4450a7d98fffee5dc0a8f4144a20e0c5bba7a181464f03f71ee39b33378561c7,77,77,99,7,M_70_80,L_90_100,alluvial,phash:186f1b83b794bf40,phash:186f1b83b794bf40,,,train
cc54fa1c0a72caf3e785,M_70_80_L_90_100_0064_clay_red.jpg,Soil_Labeled_Data/M_70_80/L_90_100/alluvial/M_70_80_L_90_100_0064_clay_red.jpg,Soil_Labeled_Data/M_70_80/L_90_100/alluvial/M_70_80_L_90_100_0064_clay_red.jpg,PRESENT,False,5a5dd0e446a3c1f2ba3dfc558eb34de3cb5f698a8893a77a5ff1ed45763e36b5,74,75,90,7,M_70_80,L_90_100,alluvial,phash:3f12adad0d3de4b3,phash:3f12adad0d3de4b3,,,train
23320f9a358eb02fe86a,M_70_80_L_90_100_0065_light_brown.jpg,Soil_Labeled_Data/M_70_80/L_90_100/alluvial/M_70_80_L_90_100_0065_light_brown.jpg,Soil_Labeled_Data/M_70_80/L_90_100/alluvial/M_70_80_L_90_100_0065_light_brown.jpg,PRESENT,False,423e984e527461efd9e16508d31ab44b3602598c279182bb2acd04ae7a4d06a6,70,68,93,7,M_70_80,L_90_100,alluvial,phash:11f61dd650eab9c1,phash:11f61dd650eab9c1,,,train
396034ba130e4a0fcda7,M_70_80_L_90_100_0066_gray_brown.jpg,Soil_Labeled_Data/M_70_80/L_90_100/alluvial/M_70_80_L_90_100_0066_gray_brown.jpg,Soil_Labeled_Data/M_70_80/L_90_100/alluvial/M_70_80_L_90_100_0066_gray_brown.jpg,PRESENT,False,c4d1ffbd7b5e6830d185edbf07691a89cb7f4414a1d8d2b82e93eb359e4ca56a,71,71,91,7,M_70_80,L_90_100,alluvial,phash:186f1b83b794bf40,phash:186f1b83b794bf40,,,train
b30fff9a8450899f62cd,M_70_80_L_90_100_0067_light_brown.jpg,Soil_Labeled_Data/M_70_80/L_90_100/alluvial/M_70_80_L_90_100_0067_light_brown.jpg,Soil_Labeled_Data/M_70_80/L_90_100/alluvial/M_70_80_L_90_100_0067_light_brown.jpg,PRESENT,False,ed8caa959397fb5cf9b23452d4381ada7da61584d304d6adf5837920a69cdcb5,80,80,92,7,M_70_80,L_90_100,alluvial,phash:186f1b83b794bf40,phash:186f1b83b794bf40,,,train
3245f128d635923bfa32,M_70_80_L_90_100_0082_gray_brown.jpg,Soil_Labeled_Data/M_70_80/L_90_100/alluvial/M_70_80_L_90_100_0082_gray_brown.jpg,Soil_Labeled_Data/M_70_80/L_90_100/alluvial/M_70_80_L_90_100_0082_gray_brown.jpg,PRESENT,False,f8df794bc93bacbd93a29cfd6d3226855ea4ad40a62886788939d63576f58f46,71,73,93,7,M_70_80,L_90_100,alluvial,phash:186f1b83b794bf40,phash:186f1b83b794bf40,,,train
f74127c48ddc7843c499,M_70_80_L_90_100_0084_clay_red.jpg,Soil_Labeled_Data/M_70_80/L_90_100/alluvial/M_70_80_L_90_100_0084_clay_red.jpg,Soil_Labeled_Data/M_70_80/L_90_100/alluvial/M_70_80_L_90_100_0084_clay_red.jpg,PRESENT,False,1d7b941a2197bc1a1ca69e3f37e4fd2c45817dce726327cb9e7b5e04e4d2bf0c,80,82,92,7,M_70_80,L_90_100,alluvial,phash:3f12adad0d3de4b3,phash:3f12adad0d3de4b3,,,train
684080c494ddadc43e9c,M_70_80_L_90_100_0086_clay_red.jpg,Soil_Labeled_Data/M_70_80/L_90_100/alluvial/M_70_80_L_90_100_0086_clay_red.jpg,Soil_Labeled_Data/M_70_80/L_90_100/alluvial/M_70_80_L_90_100_0086_clay_red.jpg,PRESENT,False,3df49c2b6b2cbaa0e584babb070c188c443ea001618b12b4815d3a04ebc503ff,76,78,100,7,M_70_80,L_90_100,alluvial,phash:c07316710b5c7615,phash:c07316710b5c7615,,,train
22578acb52e555f9f305,M_70_80_L_90_100_0087_clay_red.jpg,Soil_Labeled_Data/M_70_80/L_90_100/alluvial/M_70_80_L_90_100_0087_clay_red.jpg,Soil_Labeled_Data/M_70_80/L_90_100/alluvial/M_70_80_L_90_100_0087_clay_red.jpg,PRESENT,False,911b2227345be3899270c3a1e01a0eea8607d6e88516b6f54a1a5e89a0b5b7da,73,75,91,7,M_70_80,L_90_100,alluvial,phash:7c9ef0dd6e1b1f31,phash:7c9ef0dd6e1b1f31,,,train
890af6a4a228f4c88cde,M_70_80_L_90_100_0093_wet_gray.jpg,Soil_Labeled_Data/M_70_80/L_90_100/alluvial/M_70_80_L_90_100_0093_wet_gray.jpg,Soil_Labeled_Data/M_70_80/L_90_100/alluvial/M_70_80_L_90_100_0093_wet_gray.jpg,PRESENT,False,d3283728583dd05e35d7dc18720ddfb30b99a9f4f99f8376f6453d5a522aac54,74,73,97,7,M_70_80,L_90_100,alluvial,phash:3f12adad0d3de4b3,phash:3f12adad0d3de4b3,,,train
3af3f8d31653870fa97d,M_70_80_L_90_100_0098_wet_gray.jpg,Soil_Labeled_Data/M_70_80/L_90_100/alluvial/M_70_80_L_90_100_0098_wet_gray.jpg,Soil_Labeled_Data/M_70_80/L_90_100/alluvial/M_70_80_L_90_100_0098_wet_gray.jpg,PRESENT,False,cdd1ba942dbdb7d20deb68e8f17c8b1f95566f6cf5f03c04dc504942ffb0c355,72,72,93,7,M_70_80,L_90_100,alluvial,phash:b1dd5e518be03381,phash:b1dd5e518be03381,,,train
a6b8b6774cdc8b1f10c6,IMG_0407_M_10_20_gray_brown_M_40_50_gray_brown_M_60_70_dark_brown_M_70_80_wet_gray.jpg,Soil_Labeled_Data/M_80_90/L_0_10/alluvial/IMG_0407_M_10_20_gray_brown_M_40_50_gray_brown_M_60_70_dark_brown_M_70_80_wet_gray.jpg,Soil_Labeled_Data/M_80_90/L_0_10/alluvial/IMG_0407_M_10_20_gray_brown_M_40_50_gray_brown_M_60_70_dark_brown_M_70_80_wet_gray.jpg,PRESENT,False,32e9c2877a388b65d7d0c973be851677db1a1abf41641c134aa7464dd136566c,80,82,7,8,M_80_90,L_0_10,alluvial,phash:4756c126639a1165,phash:4756c126639a1165,,,train
df8a25f4e5d472f44922,IMG_0423_M_10_20_gray_brown_M_40_50_dark_brown_M_60_70_wet_gray.jpg,Soil_Labeled_Data/M_80_90/L_0_10/alluvial/IMG_0423_M_10_20_gray_brown_M_40_50_dark_brown_M_60_70_wet_gray.jpg,Soil_Labeled_Data/M_80_90/L_0_10/alluvial/IMG_0423_M_10_20_gray_brown_M_40_50_dark_brown_M_60_70_wet_gray.jpg,PRESENT,False,8037c97820643c26ac070bfe0664da807b4b355ddea59234989960b439374df1,88,90,5,8,M_80_90,L_0_10,alluvial,phash:4756c126639a1165,phash:4756c126639a1165,,,train
c439e2af07dadfcff3f7,z5714094628996_2ba67db18f33aa6bf75d2bf34582cb2c_M_0_10_gray_brown_M_40_50_dark_brown_M_60_70_dark_brown_M_70_80_clay_red.jpg,Soil_Labeled_Data/M_80_90/L_0_10/alluvial/z5714094628996_2ba67db18f33aa6bf75d2bf34582cb2c_M_0_10_gray_brown_M_40_50_dark_brown_M_60_70_dark_brown_M_70_80_clay_red.jpg,Soil_Labeled_Data/M_80_90/L_0_10/alluvial/z5714094628996_2ba67db18f33aa6bf75d2bf34582cb2c_M_0_10_gray_brown_M_40_50_dark_brown_M_60_70_dark_brown_M_70_80_clay_red.jpg,PRESENT,False,6b0bb8edfa1b53e2cc4215af968f75c112ac53e99594448b4147463b39767d7c,89,93,2,8,M_80_90,L_0_10,alluvial,phash:4756c126639a1165,phash:4756c126639a1165,,,train
e9e2cf3051d3bd6c5ca9,z5714094985878_be3d0b27ad0ff588c74868cf841a13d8_M_0_10_clayish_red_M_40_50_gray_brown_M_50_60_dark_brown_M_70_80_clay_red.jpg,Soil_Labeled_Data/M_80_90/L_0_10/alluvial/z5714094985878_be3d0b27ad0ff588c74868cf841a13d8_M_0_10_clayish_red_M_40_50_gray_brown_M_50_60_dark_brown_M_70_80_clay_red.jpg,Soil_Labeled_Data/M_80_90/L_0_10/alluvial/z5714094985878_be3d0b27ad0ff588c74868cf841a13d8_M_0_10_clayish_red_M_40_50_gray_brown_M_50_60_dark_brown_M_70_80_clay_red.jpg,PRESENT,False,e37f236939b7f3b826cb64dfc9e46ad2127d2a0fa427defbc9a731d46c6fd393,86,92,1,8,M_80_90,L_0_10,alluvial,phash:f1163e79f27afe9c,phash:f1163e79f27afe9c,,,train
54b4e3a5c8fcb56a2823,z5714095397323_3ba8d5731fe9ad72ecd36a4f5fe55be2_M_0_10_pale_yellow_M_40_50_gray_brown_M_50_60_gray_brown_M_60_70_wet_gray.jpg,Soil_Labeled_Data/M_80_90/L_0_10/alluvial/z5714095397323_3ba8d5731fe9ad72ecd36a4f5fe55be2_M_0_10_pale_yellow_M_40_50_gray_brown_M_50_60_gray_brown_M_60_70_wet_gray.jpg,Soil_Labeled_Data/M_80_90/L_0_10/alluvial/z5714095397323_3ba8d5731fe9ad72ecd36a4f5fe55be2_M_0_10_pale_yellow_M_40_50_gray_brown_M_50_60_gray_brown_M_60_70_wet_gray.jpg,PRESENT,False,34b0515fc5922b77369f7473bfaff7b42fce8ce55796cea5413ecb41baca0400,86,88,2,8,M_80_90,L_0_10,alluvial,phash:7b252eb8c229e719,phash:7b252eb8c229e719,,,train
fb882a86bbc2610dffbf,z5716041534082_306e15f5e30046bae34f62036b4539ae_M_30_40_light_brown_M_40_50_gray_brown_M_60_70_clay_red_M_70_80_wet_gray.jpg,Soil_Labeled_Data/M_80_90/L_0_10/alluvial/z5716041534082_306e15f5e30046bae34f62036b4539ae_M_30_40_light_brown_M_40_50_gray_brown_M_60_70_clay_red_M_70_80_wet_gray.jpg,Soil_Labeled_Data/M_80_90/L_0_10/alluvial/z5716041534082_306e15f5e30046bae34f62036b4539ae_M_30_40_light_brown_M_40_50_gray_brown_M_60_70_clay_red_M_70_80_wet_gray.jpg,PRESENT,False,bcdeb5a7f69c684829621432e1d32ef1e5137f0e3c71863d956ae846a4456d8e,80,86,4,8,M_80_90,L_0_10,alluvial,phash:4756c126639a1165,phash:4756c126639a1165,,,train
1b82baa85c5ca3cda8db,z5716041760025_1dd3015fad2a52a8d4cd7de5588f2bc5_M_30_40_gray_brown_M_40_50_gray_brown_M_50_60_dark_brown_M_70_80_clay_red.jpg,Soil_Labeled_Data/M_80_90/L_0_10/alluvial/z5716041760025_1dd3015fad2a52a8d4cd7de5588f2bc5_M_30_40_gray_brown_M_40_50_gray_brown_M_50_60_dark_brown_M_70_80_clay_red.jpg,Soil_Labeled_Data/M_80_90/L_0_10/alluvial/z5716041760025_1dd3015fad2a52a8d4cd7de5588f2bc5_M_30_40_gray_brown_M_40_50_gray_brown_M_50_60_dark_brown_M_70_80_clay_red.jpg,PRESENT,False,6f10108aee04eb83f23690d0c018f67e7f99779d8cf9193e43bc7636bb6776f2,88,93,7,8,M_80_90,L_0_10,alluvial,phash:1d3a31400104ea6e,phash:1d3a31400104ea6e,,,train
ade57497eecb962e39e2,z5716041844114_ff29c3aa34e5e5744c16680220233e4e_M_30_40_gray_brown_M_40_50_gray_brown_M_60_70_clay_red.jpg,Soil_Labeled_Data/M_80_90/L_0_10/alluvial/z5716041844114_ff29c3aa34e5e5744c16680220233e4e_M_30_40_gray_brown_M_40_50_gray_brown_M_60_70_clay_red.jpg,Soil_Labeled_Data/M_80_90/L_0_10/alluvial/z5716041844114_ff29c3aa34e5e5744c16680220233e4e_M_30_40_gray_brown_M_40_50_gray_brown_M_60_70_clay_red.jpg,PRESENT,False,ef47b1bf8ffac1f9f589224e871d554d11b48a994eee9b388dce7385c254df04,80,82,2,8,M_80_90,L_0_10,alluvial,phash:4756c126639a1165,phash:4756c126639a1165,,,train
736474a8d4110bf57267,z5716041881708_78beac35b69090477b9041eb1ba236f3_M_30_40_gray_brown_M_40_50_gray_brown_M_50_60_clay_red_M_70_80_wet_gray.jpg,Soil_Labeled_Data/M_80_90/L_0_10/alluvial/z5716041881708_78beac35b69090477b9041eb1ba236f3_M_30_40_gray_brown_M_40_50_gray_brown_M_50_60_clay_red_M_70_80_wet_gray.jpg,Soil_Labeled_Data/M_80_90/L_0_10/alluvial/z5716041881708_78beac35b69090477b9041eb1ba236f3_M_30_40_gray_brown_M_40_50_gray_brown_M_50_60_clay_red_M_70_80_wet_gray.jpg,PRESENT,False,2816bc48fd095deda5347dcbb44c753c09d03423df3a796ebb30cb8473a0fe86,87,92,6,8,M_80_90,L_0_10,alluvial,phash:4756c126639a1165,phash:4756c126639a1165,,,train
380a94061e5001cb1899,z5716041921976_7e4a689b2efcc84b88cd5677cea9ff06_M_30_40_light_brown_M_50_60_clay_red_M_70_80_clay_red.jpg,Soil_Labeled_Data/M_80_90/L_0_10/alluvial/z5716041921976_7e4a689b2efcc84b88cd5677cea9ff06_M_30_40_light_brown_M_50_60_clay_red_M_70_80_clay_red.jpg,Soil_Labeled_Data/M_80_90/L_0_10/alluvial/z5716041921976_7e4a689b2efcc84b88cd5677cea9ff06_M_30_40_light_brown_M_50_60_clay_red_M_70_80_clay_red.jpg,PRESENT,False,303da2ed991ee2cd7cc29bc46f4b61b2171266882a65ed7e0b5880b0b90c4d4c,83,88,0,8,M_80_90,L_0_10,alluvial,phash:4756c126639a1165,phash:4756c126639a1165,,,train
e4ea0ee535b2181148e4,z5716041962889_1d362459ea63da03f90b3aa0f319097d_M_30_40_light_brown_M_40_50_gray_brown_M_50_60_dark_brown_M_60_70_wet_gray.jpg,Soil_Labeled_Data/M_80_90/L_0_10/alluvial/z5716041962889_1d362459ea63da03f90b3aa0f319097d_M_30_40_light_brown_M_40_50_gray_brown_M_50_60_dark_brown_M_60_70_wet_gray.jpg,Soil_Labeled_Data/M_80_90/L_0_10/alluvial/z5716041962889_1d362459ea63da03f90b3aa0f319097d_M_30_40_light_brown_M_40_50_gray_brown_M_50_60_dark_brown_M_60_70_wet_gray.jpg,PRESENT,False,5d1035bc14f139b01af78a6d4de9c2152383fb533d61da82e8228dd7d711d6e6,89,91,8,8,M_80_90,L_0_10,alluvial,phash:4756c126639a1165,phash:4756c126639a1165,,,train
e22401b9364ea2546750,z5716042049106_e42202833efd1fc8789876381aea1f57_M_30_40_gray_brown_M_50_60_dark_brown_M_60_70_clay_red_M_70_80_wet_gray.jpg,Soil_Labeled_Data/M_80_90/L_0_10/alluvial/z5716042049106_e42202833efd1fc8789876381aea1f57_M_30_40_gray_brown_M_50_60_dark_brown_M_60_70_clay_red_M_70_80_wet_gray.jpg,Soil_Labeled_Data/M_80_90/L_0_10/alluvial/z5716042049106_e42202833efd1fc8789876381aea1f57_M_30_40_gray_brown_M_50_60_dark_brown_M_60_70_clay_red_M_70_80_wet_gray.jpg,PRESENT,False,2e68f1a9b4e6e87853c44e7e2a17e208b4e7876b5bbd83a8502a64da17790048,83,87,3,8,M_80_90,L_0_10,alluvial,phash:4756c126639a1165,phash:4756c126639a1165,,,train
74425ba88ea41ee64518,z5716042049106_e42202833efd1fc8789876381aea1f57_M_30_40_gray_brown_M_50_60_dark_brown_M_70_80_wet_gray.jpg,Soil_Labeled_Data/M_80_90/L_0_10/alluvial/z5716042049106_e42202833efd1fc8789876381aea1f57_M_30_40_gray_brown_M_50_60_dark_brown_M_70_80_wet_gray.jpg,Soil_Labeled_Data/M_80_90/L_0_10/alluvial/z5716042049106_e42202833efd1fc8789876381aea1f57_M_30_40_gray_brown_M_50_60_dark_brown_M_70_80_wet_gray.jpg,PRESENT,False,316d035e43f19a34531ea78077fb7757502575d48dc6f96d1f220008ef44abbf,86,91,4,8,M_80_90,L_0_10,alluvial,phash:7f2befb06b4dd388,phash:7f2befb06b4dd388,,,train
52bf91d06411d3a48564,z5716042220165_291f395222e47e7e129381b510d12073_M_30_40_gray_brown_M_40_50_gray_brown_M_50_60_gray_brown_M_60_70_wet_gray.jpg,Soil_Labeled_Data/M_80_90/L_0_10/alluvial/z5716042220165_291f395222e47e7e129381b510d12073_M_30_40_gray_brown_M_40_50_gray_brown_M_50_60_gray_brown_M_60_70_wet_gray.jpg,Soil_Labeled_Data/M_80_90/L_0_10/alluvial/z5716042220165_291f395222e47e7e129381b510d12073_M_30_40_gray_brown_M_40_50_gray_brown_M_50_60_gray_brown_M_60_70_wet_gray.jpg,PRESENT,False,802e89905914677489ad7916d063b7b464220f3fe22448fe5dcf552e92d2ef6b,87,90,9,8,M_80_90,L_0_10,alluvial,phash:4756c126639a1165,phash:4756c126639a1165,,,train
5362940fd4b31f8790ac,z5716042393202_8e123a1e78f84eda2b3a3bd5bfe377a3_M_30_40_gray_brown_M_40_50_light_brown_M_50_60_gray_brown_M_60_70_wet_gray.jpg,Soil_Labeled_Data/M_80_90/L_0_10/alluvial/z5716042393202_8e123a1e78f84eda2b3a3bd5bfe377a3_M_30_40_gray_brown_M_40_50_light_brown_M_50_60_gray_brown_M_60_70_wet_gray.jpg,Soil_Labeled_Data/M_80_90/L_0_10/alluvial/z5716042393202_8e123a1e78f84eda2b3a3bd5bfe377a3_M_30_40_gray_brown_M_40_50_light_brown_M_50_60_gray_brown_M_60_70_wet_gray.jpg,PRESENT,False,2290057621b923173f54a7d434cf4fdcb32dbaec3062ac73ea2ca556c21b5f28,89,92,2,8,M_80_90,L_0_10,alluvial,phash:4756c126639a1165,phash:4756c126639a1165,,,train
c28165831a5e6b225d60,IMG_0012_M_0_10_clayish_red_M_40_50_gray_brown_M_60_70_wet_gray.jpg,Soil_Labeled_Data/M_80_90/L_10_20/alluvial/IMG_0012_M_0_10_clayish_red_M_40_50_gray_brown_M_60_70_wet_gray.jpg,Soil_Labeled_Data/M_80_90/L_10_20/alluvial/IMG_0012_M_0_10_clayish_red_M_40_50_gray_brown_M_60_70_wet_gray.jpg,PRESENT,False,3d19dea615d66d6edc663eaa0860046b1121a8e0e195cc59697d0245f68f45e8,85,89,18,8,M_80_90,L_10_20,alluvial,phash:036bd561c9affbf4,phash:036bd561c9affbf4,,,train
e430bd9b74d6c7c65270,IMG_0014_M_0_10_light_brown_M_40_50_gray_brown_M_50_60_gray_brown_M_60_70_wet_gray.jpg,Soil_Labeled_Data/M_80_90/L_10_20/alluvial/IMG_0014_M_0_10_light_brown_M_40_50_gray_brown_M_50_60_gray_brown_M_60_70_wet_gray.jpg,Soil_Labeled_Data/M_80_90/L_10_20/alluvial/IMG_0014_M_0_10_light_brown_M_40_50_gray_brown_M_50_60_gray_brown_M_60_70_wet_gray.jpg,PRESENT,False,3b4901a69e916a384765dabee34bc6b94802f3d8d21f3986fe3a95718f86d22e,81,87,16,8,M_80_90,L_10_20,alluvial,phash:28ae9471e98b75c2,phash:28ae9471e98b75c2,,,train
1e73a8cb76d66398f62a,IMG_0014_M_0_10_light_brown_M_40_50_gray_brown_M_60_70_clay_red.jpg,Soil_Labeled_Data/M_80_90/L_10_20/alluvial/IMG_0014_M_0_10_light_brown_M_40_50_gray_brown_M_60_70_clay_red.jpg,Soil_Labeled_Data/M_80_90/L_10_20/alluvial/IMG_0014_M_0_10_light_brown_M_40_50_gray_brown_M_60_70_clay_red.jpg,PRESENT,False,3a81550746e31f1da11db60790987233ec565f064d378172d6e41a8f627bec35,88,92,19,8,M_80_90,L_10_20,alluvial,phash:28ae9471e98b75c2,phash:28ae9471e98b75c2,,,train
eec51a3197f5d087ecc2,IMG_0017_M_0_10_gray_brown_M_40_50_gray_brown_M_60_70_wet_gray.jpg,Soil_Labeled_Data/M_80_90/L_10_20/alluvial/IMG_0017_M_0_10_gray_brown_M_40_50_gray_brown_M_60_70_wet_gray.jpg,Soil_Labeled_Data/M_80_90/L_10_20/alluvial/IMG_0017_M_0_10_gray_brown_M_40_50_gray_brown_M_60_70_wet_gray.jpg,PRESENT,False,39e3771c0dcb0fc2053810de868fd8b6363725081468bcfb1e7314f009e26764,90,96,14,8,M_80_90,L_10_20,alluvial,phash:282a7261d87da92b,phash:282a7261d87da92b,,,train
7b1582cf300b9b279638,IMG_0023_M_0_10_light_brown_M_40_50_light_brown_M_50_60_clay_red_M_70_80_wet_gray.jpg,Soil_Labeled_Data/M_80_90/L_10_20/alluvial/IMG_0023_M_0_10_light_brown_M_40_50_light_brown_M_50_60_clay_red_M_70_80_wet_gray.jpg,Soil_Labeled_Data/M_80_90/L_10_20/alluvial/IMG_0023_M_0_10_light_brown_M_40_50_light_brown_M_50_60_clay_red_M_70_80_wet_gray.jpg,PRESENT,False,34373e6b45f7ca174c120ed337b98815f3001d62764fb0c8796d9032ef161b5c,84,86,20,8,M_80_90,L_10_20,alluvial,phash:161aea46a83a4e0e,phash:161aea46a83a4e0e,,,train
65dd541f264722e44899,IMG_0456_M_10_20_gray_brown_M_40_50_gray_brown_M_50_60_gray_brown_M_60_70_wet_gray.jpg,Soil_Labeled_Data/M_80_90/L_10_20/alluvial/IMG_0456_M_10_20_gray_brown_M_40_50_gray_brown_M_50_60_gray_brown_M_60_70_wet_gray.jpg,Soil_Labeled_Data/M_80_90/L_10_20/alluvial/IMG_0456_M_10_20_gray_brown_M_40_50_gray_brown_M_50_60_gray_brown_M_60_70_wet_gray.jpg,PRESENT,False,8db10e3c83cd190b33eba2b6118fd3ae5369caf8d6a02c3cc52b45ef1a6fcb11,85,87,15,8,M_80_90,L_10_20,alluvial,phash:8ebec7ff9f7cff77,phash:8ebec7ff9f7cff77,,,train
4ef3ec4c725575c71db7,IMG_0462_M_10_20_pale_yellow_M_40_50_gray_brown_M_50_60_clay_red_M_70_80_wet_gray.jpg,Soil_Labeled_Data/M_80_90/L_10_20/alluvial/IMG_0462_M_10_20_pale_yellow_M_40_50_gray_brown_M_50_60_clay_red_M_70_80_wet_gray.jpg,Soil_Labeled_Data/M_80_90/L_10_20/alluvial/IMG_0462_M_10_20_pale_yellow_M_40_50_gray_brown_M_50_60_clay_red_M_70_80_wet_gray.jpg,PRESENT,False,fc2fbaf4a825f6ce1784f4362c9c3aac1825c28b15b40f935714d5ae4e5fbdcc,87,89,18,8,M_80_90,L_10_20,alluvial,phash:a218abd28b5d36df,phash:a218abd28b5d36df,,,train
7def805aab5dba0d59a7,IMG_0463_M_10_20_clayish_red_M_40_50_gray_brown_M_60_70_dark_brown_M_70_80_clay_red.jpg,Soil_Labeled_Data/M_80_90/L_10_20/alluvial/IMG_0463_M_10_20_clayish_red_M_40_50_gray_brown_M_60_70_dark_brown_M_70_80_clay_red.jpg,Soil_Labeled_Data/M_80_90/L_10_20/alluvial/IMG_0463_M_10_20_clayish_red_M_40_50_gray_brown_M_60_70_dark_brown_M_70_80_clay_red.jpg,PRESENT,False,b7a8abd1117804a78226c9ae8adfa30139e9f64db0c1deba42b1f8055f794879,89,92,10,8,M_80_90,L_10_20,alluvial,phash:4756c126639a1165,phash:4756c126639a1165,,,train
f480845f9fb0a338f445,IMG_0467_M_10_20_gray_brown_M_40_50_gray_brown_M_50_60_dark_brown_M_70_80_wet_gray.jpg,Soil_Labeled_Data/M_80_90/L_10_20/alluvial/IMG_0467_M_10_20_gray_brown_M_40_50_gray_brown_M_50_60_dark_brown_M_70_80_wet_gray.jpg,Soil_Labeled_Data/M_80_90/L_10_20/alluvial/IMG_0467_M_10_20_gray_brown_M_40_50_gray_brown_M_50_60_dark_brown_M_70_80_wet_gray.jpg,PRESENT,False,f1f42c990a6e9ca825fe86d05e3868daa463e8a5a24633df0663c74f1f581617,85,89,20,8,M_80_90,L_10_20,alluvial,phash:4756c126639a1165,phash:4756c126639a1165,,,train
9074f3565aef8a61ed96,z5716081541140_f8cf053ed3727193eae06a486810b5ef_M_30_40_light_brown_M_40_50_gray_brown_M_60_70_clay_red.jpg,Soil_Labeled_Data/M_80_90/L_10_20/alluvial/z5716081541140_f8cf053ed3727193eae06a486810b5ef_M_30_40_light_brown_M_40_50_gray_brown_M_60_70_clay_red.jpg,Soil_Labeled_Data/M_80_90/L_10_20/alluvial/z5716081541140_f8cf053ed3727193eae06a486810b5ef_M_30_40_light_brown_M_40_50_gray_brown_M_60_70_clay_red.jpg,PRESENT,False,b288971934f5895d0663a04f138c28c74775dffabd0dd0848cdae02690406a4d,84,88,18,8,M_80_90,L_10_20,alluvial,phash:b580b393801ee096,phash:b580b393801ee096,,,train
be50add79d3768dd3ad9,z5716081741279_e6dcbcb3d2252e27194aab74ebc27762_M_30_40_pale_yellow_M_40_50_gray_brown_M_60_70_wet_gray.jpg,Soil_Labeled_Data/M_80_90/L_10_20/alluvial/z5716081741279_e6dcbcb3d2252e27194aab74ebc27762_M_30_40_pale_yellow_M_40_50_gray_brown_M_60_70_wet_gray.jpg,Soil_Labeled_Data/M_80_90/L_10_20/alluvial/z5716081741279_e6dcbcb3d2252e27194aab74ebc27762_M_30_40_pale_yellow_M_40_50_gray_brown_M_60_70_wet_gray.jpg,PRESENT,False,3ed6f3a3780218202592af4931ef6f2d26561e2d67d43883d28836cb36a522f0,86,89,20,8,M_80_90,L_10_20,alluvial,phash:0463cb81468b39d6,phash:0463cb81468b39d6,,,train
2dfcd049eb62a2c56b83,IMG_0057_M_0_10_clayish_red_M_40_50_dark_brown_M_60_70_wet_gray.jpg,Soil_Labeled_Data/M_80_90/L_20_30/alluvial/IMG_0057_M_0_10_clayish_red_M_40_50_dark_brown_M_60_70_wet_gray.jpg,Soil_Labeled_Data/M_80_90/L_20_30/alluvial/IMG_0057_M_0_10_clayish_red_M_40_50_dark_brown_M_60_70_wet_gray.jpg,PRESENT,False,90676840001c318270f291fbb598cac6d4be12f982aa0704c760414702daa863,90,91,22,8,M_80_90,L_20_30,alluvial,phash:8476ce23020249fd,phash:8476ce23020249fd,,,train
a67e36054f75419e3643,IMG_0068_M_0_10_clayish_red_M_40_50_dark_brown_M_60_70_clay_red_M_70_80_wet_gray.jpg,Soil_Labeled_Data/M_80_90/L_20_30/alluvial/IMG_0068_M_0_10_clayish_red_M_40_50_dark_brown_M_60_70_clay_red_M_70_80_wet_gray.jpg,Soil_Labeled_Data/M_80_90/L_20_30/alluvial/IMG_0068_M_0_10_clayish_red_M_40_50_dark_brown_M_60_70_clay_red_M_70_80_wet_gray.jpg,PRESENT,False,0e63979a7674613aff3abf95962aea5fc0e08c432ec18eed6e646fa0c279c193,88,93,28,8,M_80_90,L_20_30,alluvial,phash:fb2d21f2c87c356c,phash:fb2d21f2c87c356c,,,train
ee00004aedd635cd5de7,IMG_0499_M_10_20_gray_brown_M_40_50_gray_brown_M_50_60_dark_brown_M_60_70_dark_brown_M_70_80_wet_gray.jpg,Soil_Labeled_Data/M_80_90/L_20_30/alluvial/IMG_0499_M_10_20_gray_brown_M_40_50_gray_brown_M_50_60_dark_brown_M_60_70_dark_brown_M_70_80_wet_gray.jpg,Soil_Labeled_Data/M_80_90/L_20_30/alluvial/IMG_0499_M_10_20_gray_brown_M_40_50_gray_brown_M_50_60_dark_brown_M_60_70_dark_brown_M_70_80_wet_gray.jpg,PRESENT,False,75c133c9491489c37269b20ca14df4906d20c7dae52e6d76ec051a6c794ff0d8,90,92,20,8,M_80_90,L_20_30,alluvial,phash:ffecf0c7178d9779,phash:ffecf0c7178d9779,,,train
06ea82c93aa036e1fc32,IMG_0502_M_10_20_pale_yellow_M_40_50_gray_brown_M_60_70_clay_red_M_70_80_wet_gray.jpg,Soil_Labeled_Data/M_80_90/L_20_30/alluvial/IMG_0502_M_10_20_pale_yellow_M_40_50_gray_brown_M_60_70_clay_red_M_70_80_wet_gray.jpg,Soil_Labeled_Data/M_80_90/L_20_30/alluvial/IMG_0502_M_10_20_pale_yellow_M_40_50_gray_brown_M_60_70_clay_red_M_70_80_wet_gray.jpg,PRESENT,False,665a38f1507dba6015c78efdba38d11c420dafb954f6cce4c931965b41ee0c8d,83,85,29,8,M_80_90,L_20_30,alluvial,phash:2977e23d0929cfa6,phash:2977e23d0929cfa6,,,train
e4b8b32bab7dbd7f90ff,IMG_0503_M_10_20_gray_brown_M_40_50_gray_brown_M_50_60_dark_brown_M_70_80_wet_gray.jpg,Soil_Labeled_Data/M_80_90/L_20_30/alluvial/IMG_0503_M_10_20_gray_brown_M_40_50_gray_brown_M_50_60_dark_brown_M_70_80_wet_gray.jpg,Soil_Labeled_Data/M_80_90/L_20_30/alluvial/IMG_0503_M_10_20_gray_brown_M_40_50_gray_brown_M_50_60_dark_brown_M_70_80_wet_gray.jpg,PRESENT,False,402043bd8807d7920293ed46d254b96406d1d1410dc938a7982aa655acee3b99,81,86,22,8,M_80_90,L_20_30,alluvial,phash:bc029cd79db808a1,phash:bc029cd79db808a1,,,train
a7df4a4c69863e1e3283,IMG_0504_M_10_20_pale_yellow_M_40_50_gray_brown_M_50_60_clay_red_M_70_80_clay_red.jpg,Soil_Labeled_Data/M_80_90/L_20_30/alluvial/IMG_0504_M_10_20_pale_yellow_M_40_50_gray_brown_M_50_60_clay_red_M_70_80_clay_red.jpg,Soil_Labeled_Data/M_80_90/L_20_30/alluvial/IMG_0504_M_10_20_pale_yellow_M_40_50_gray_brown_M_50_60_clay_red_M_70_80_clay_red.jpg,PRESENT,False,3d9c0283c3bb7a8977878d4fc904e1659af1fce640854869ec89ba4c65316407,84,89,24,8,M_80_90,L_20_30,alluvial,phash:68c0216d4e775305,phash:68c0216d4e775305,,,train
ea75ac4a510d4ca26ae6,IMG_0506_M_10_20_pale_yellow_M_40_50_gray_brown_M_50_60_dark_brown_M_70_80_clay_red.jpg,Soil_Labeled_Data/M_80_90/L_20_30/alluvial/IMG_0506_M_10_20_pale_yellow_M_40_50_gray_brown_M_50_60_dark_brown_M_70_80_clay_red.jpg,Soil_Labeled_Data/M_80_90/L_20_30/alluvial/IMG_0506_M_10_20_pale_yellow_M_40_50_gray_brown_M_50_60_dark_brown_M_70_80_clay_red.jpg,PRESENT,False,95fba2efff12b534af67bb1acfb2cebc7ef1207bda18f6ed5cf1f1461681e0e7,86,92,20,8,M_80_90,L_20_30,alluvial,phash:d4cac56fbf8548b6,phash:d4cac56fbf8548b6,,,train
13150533955e991b4a1f,IMG_0508_M_10_20_clayish_red_M_40_50_light_brown_M_50_60_dark_brown_M_70_80_clay_red.jpg,Soil_Labeled_Data/M_80_90/L_20_30/alluvial/IMG_0508_M_10_20_clayish_red_M_40_50_light_brown_M_50_60_dark_brown_M_70_80_clay_red.jpg,Soil_Labeled_Data/M_80_90/L_20_30/alluvial/IMG_0508_M_10_20_clayish_red_M_40_50_light_brown_M_50_60_dark_brown_M_70_80_clay_red.jpg,PRESENT,False,4cb5b837a0cb3759febe0a4be8ae1038164f655ee82f3c43ecbeb32bd5f4d80b,83,86,20,8,M_80_90,L_20_30,alluvial,phash:051110bc56e248a7,phash:051110bc56e248a7,,,train
1eadf6c7185562d312ff,IMG_0509_M_10_20_pale_yellow_M_40_50_light_brown_M_50_60_dark_brown_M_60_70_clay_red_M_70_80_wet_gray.jpg,Soil_Labeled_Data/M_80_90/L_20_30/alluvial/IMG_0509_M_10_20_pale_yellow_M_40_50_light_brown_M_50_60_dark_brown_M_60_70_clay_red_M_70_80_wet_gray.jpg,Soil_Labeled_Data/M_80_90/L_20_30/alluvial/IMG_0509_M_10_20_pale_yellow_M_40_50_light_brown_M_50_60_dark_brown_M_60_70_clay_red_M_70_80_wet_gray.jpg,PRESENT,False,5471ab729303d279d0e83a5e30786b112e5820f1dc16ff2da67a0379b0bfc42f,84,89,28,8,M_80_90,L_20_30,alluvial,phash:757e4428c7a6e5ab,phash:757e4428c7a6e5ab,,,train
d68aa08f8a5eff2a9ea0,IMG_0511_M_10_20_light_brown_M_40_50_light_brown_M_50_60_dark_brown_M_60_70_dark_brown_M_70_80_clay_red.jpg,Soil_Labeled_Data/M_80_90/L_20_30/alluvial/IMG_0511_M_10_20_light_brown_M_40_50_light_brown_M_50_60_dark_brown_M_60_70_dark_brown_M_70_80_clay_red.jpg,Soil_Labeled_Data/M_80_90/L_20_30/alluvial/IMG_0511_M_10_20_light_brown_M_40_50_light_brown_M_50_60_dark_brown_M_60_70_dark_brown_M_70_80_clay_red.jpg,PRESENT,False,2c6c2df7836fd2b926b4b7c4f05b49066507ffb38794412edef282f9dc0f851c,86,89,26,8,M_80_90,L_20_30,alluvial,phash:89a905376cfd4bfc,phash:89a905376cfd4bfc,,,train
7953dd630800e167e2ba,IMG_0515_M_10_20_pale_yellow_M_40_50_light_brown_M_50_60_dark_brown_M_70_80_wet_gray.jpg,Soil_Labeled_Data/M_80_90/L_20_30/alluvial/IMG_0515_M_10_20_pale_yellow_M_40_50_light_brown_M_50_60_dark_brown_M_70_80_wet_gray.jpg,Soil_Labeled_Data/M_80_90/L_20_30/alluvial/IMG_0515_M_10_20_pale_yellow_M_40_50_light_brown_M_50_60_dark_brown_M_70_80_wet_gray.jpg,PRESENT,False,707b0d6585ec2eff3276afc73bc239e948b48b3c32997d19078065f090f0037f,83,86,22,8,M_80_90,L_20_30,alluvial,phash:f4840b581e6dd76a,phash:f4840b581e6dd76a,,,train
cb464c07a28b652434cc,z5716143884036_b02bdfc16942b9a4a8029ffa42d721fa_M_30_40_clayish_red_M_40_50_gray_brown_M_50_60_dark_brown_M_70_80_clay_red.jpg,Soil_Labeled_Data/M_80_90/L_20_30/alluvial/z5716143884036_b02bdfc16942b9a4a8029ffa42d721fa_M_30_40_clayish_red_M_40_50_gray_brown_M_50_60_dark_brown_M_70_80_clay_red.jpg,Soil_Labeled_Data/M_80_90/L_20_30/alluvial/z5716143884036_b02bdfc16942b9a4a8029ffa42d721fa_M_30_40_clayish_red_M_40_50_gray_brown_M_50_60_dark_brown_M_70_80_clay_red.jpg,PRESENT,False,453d50a18cea4d7360c81b159ed55cfae70525f89b2116c584c603518dfde70e,89,94,21,8,M_80_90,L_20_30,alluvial,phash:1323798deece8975,phash:1323798deece8975,,,train
74aebc3bf0012054fbca,z5716144132663_b70f7b9be95a4c936673e9107c9809f3_M_30_40_pale_yellow_M_40_50_gray_brown_M_50_60_clay_red_M_70_80_wet_gray.jpg,Soil_Labeled_Data/M_80_90/L_20_30/alluvial/z5716144132663_b70f7b9be95a4c936673e9107c9809f3_M_30_40_pale_yellow_M_40_50_gray_brown_M_50_60_clay_red_M_70_80_wet_gray.jpg,Soil_Labeled_Data/M_80_90/L_20_30/alluvial/z5716144132663_b70f7b9be95a4c936673e9107c9809f3_M_30_40_pale_yellow_M_40_50_gray_brown_M_50_60_clay_red_M_70_80_wet_gray.jpg,PRESENT,False,8646497328d1c41da70e1a1894b4b74a19c8d86ede908c754d29738dbbef417d,81,85,30,8,M_80_90,L_20_30,alluvial,phash:fabf81d21febb44c,phash:fabf81d21febb44c,,,train
7baa128ff3439ec4228f,z5716144343565_fe3feda6ee16a0a7640958a11ec6f6ea_M_30_40_light_brown_M_50_60_dark_brown_M_60_70_wet_gray.jpg,Soil_Labeled_Data/M_80_90/L_20_30/alluvial/z5716144343565_fe3feda6ee16a0a7640958a11ec6f6ea_M_30_40_light_brown_M_50_60_dark_brown_M_60_70_wet_gray.jpg,Soil_Labeled_Data/M_80_90/L_20_30/alluvial/z5716144343565_fe3feda6ee16a0a7640958a11ec6f6ea_M_30_40_light_brown_M_50_60_dark_brown_M_60_70_wet_gray.jpg,PRESENT,False,e36d1d39bb7f9f8284ff61b3bb180f55bf0673c50591443df10faac58c8ffd22,81,84,29,8,M_80_90,L_20_30,alluvial,phash:bafea92dcf159ca8,phash:bafea92dcf159ca8,,,train
75da3ae8d5cd5abcd487,z5716144366625_bc3324d4901d90171755a8afaa56411d_M_30_40_pale_yellow_M_40_50_gray_brown_M_50_60_gray_brown_M_60_70_clay_red.jpg,Soil_Labeled_Data/M_80_90/L_20_30/alluvial/z5716144366625_bc3324d4901d90171755a8afaa56411d_M_30_40_pale_yellow_M_40_50_gray_brown_M_50_60_gray_brown_M_60_70_clay_red.jpg,Soil_Labeled_Data/M_80_90/L_20_30/alluvial/z5716144366625_bc3324d4901d90171755a8afaa56411d_M_30_40_pale_yellow_M_40_50_gray_brown_M_50_60_gray_brown_M_60_70_clay_red.jpg,PRESENT,False,6829a5b712a1672909163e3b4bc68da0e61bbd024ff11ba71e78fadac7da7571,90,91,23,8,M_80_90,L_20_30,alluvial,phash:6d91a5dc81ed33b1,phash:6d91a5dc81ed33b1,,,train
7d143b4818b4c807459f,IMG_0096_M_0_10_light_brown_M_40_50_light_brown_M_50_60_dark_brown_M_60_70_wet_gray.jpg,Soil_Labeled_Data/M_80_90/L_30_40/alluvial/IMG_0096_M_0_10_light_brown_M_40_50_light_brown_M_50_60_dark_brown_M_60_70_wet_gray.jpg,Soil_Labeled_Data/M_80_90/L_30_40/alluvial/IMG_0096_M_0_10_light_brown_M_40_50_light_brown_M_50_60_dark_brown_M_60_70_wet_gray.jpg,PRESENT,False,db8f7b6ddab051e02a0a3403879800ebd1ad2365f2ded2cc4024b5c5aa591889,83,87,34,8,M_80_90,L_30_40,alluvial,phash:6a494aa4d5d4d5b1,phash:6a494aa4d5d4d5b1,,,train
21e380aa7982c3965c6a,IMG_0097_M_0_10_gray_brown_M_40_50_gray_brown_M_50_60_dark_brown_M_60_70_clay_red.jpg,Soil_Labeled_Data/M_80_90/L_30_40/alluvial/IMG_0097_M_0_10_gray_brown_M_40_50_gray_brown_M_50_60_dark_brown_M_60_70_clay_red.jpg,Soil_Labeled_Data/M_80_90/L_30_40/alluvial/IMG_0097_M_0_10_gray_brown_M_40_50_gray_brown_M_50_60_dark_brown_M_60_70_clay_red.jpg,PRESENT,False,e704382d649372fbf0ca7e1f571de00cb35565fc32fc58862bb1325f48b89464,81,82,32,8,M_80_90,L_30_40,alluvial,phash:6a494aa4d5d4d5b1,phash:6a494aa4d5d4d5b1,,,train
f216a7e86d426c6833f1,IMG_0098_M_0_10_pale_yellow_M_40_50_gray_brown_M_50_60_dark_brown_M_60_70_clay_red.jpg,Soil_Labeled_Data/M_80_90/L_30_40/alluvial/IMG_0098_M_0_10_pale_yellow_M_40_50_gray_brown_M_50_60_dark_brown_M_60_70_clay_red.jpg,Soil_Labeled_Data/M_80_90/L_30_40/alluvial/IMG_0098_M_0_10_pale_yellow_M_40_50_gray_brown_M_50_60_dark_brown_M_60_70_clay_red.jpg,PRESENT,False,06623193d3befc0db03f1c7fa9d247308b6690f96d8249b312fb30387329d634,89,91,31,8,M_80_90,L_30_40,alluvial,phash:f01c359cc88566ef,phash:f01c359cc88566ef,,,train
fa71967386ea7e3f26db,IMG_0106_M_0_10_clayish_red_M_40_50_gray_brown_M_60_70_clay_red_M_70_80_clay_red.jpg,Soil_Labeled_Data/M_80_90/L_30_40/alluvial/IMG_0106_M_0_10_clayish_red_M_40_50_gray_brown_M_60_70_clay_red_M_70_80_clay_red.jpg,Soil_Labeled_Data/M_80_90/L_30_40/alluvial/IMG_0106_M_0_10_clayish_red_M_40_50_gray_brown_M_60_70_clay_red_M_70_80_clay_red.jpg,PRESENT,False,3fd5438bd1863c118871c11f1aa81ff40e12a4558ba5fb6e12fa33365a423465,81,86,37,8,M_80_90,L_30_40,alluvial,phash:161a13a83b77762b,phash:161a13a83b77762b,,,train
644f3f34816f96b4ee5c,IMG_0542_M_10_20_gray_brown_M_40_50_gray_brown_M_50_60_dark_brown_M_60_70_wet_gray.jpg,Soil_Labeled_Data/M_80_90/L_30_40/alluvial/IMG_0542_M_10_20_gray_brown_M_40_50_gray_brown_M_50_60_dark_brown_M_60_70_wet_gray.jpg,Soil_Labeled_Data/M_80_90/L_30_40/alluvial/IMG_0542_M_10_20_gray_brown_M_40_50_gray_brown_M_50_60_dark_brown_M_60_70_wet_gray.jpg,PRESENT,False,f7a124055ccc55c31010457c5a6a7cf46a456cfeafc532b2dc64c1a214c4dce1,86,88,40,8,M_80_90,L_30_40,alluvial,phash:9d4239e028278cc1,phash:9d4239e028278cc1,,,train
51d34d642548971e995a,IMG_0543_M_10_20_light_brown_M_40_50_gray_brown_M_50_60_clay_red_M_70_80_clay_red.jpg,Soil_Labeled_Data/M_80_90/L_30_40/alluvial/IMG_0543_M_10_20_light_brown_M_40_50_gray_brown_M_50_60_clay_red_M_70_80_clay_red.jpg,Soil_Labeled_Data/M_80_90/L_30_40/alluvial/IMG_0543_M_10_20_light_brown_M_40_50_gray_brown_M_50_60_clay_red_M_70_80_clay_red.jpg,PRESENT,False,4eb1e978338c78d246ca9c2067bbd69166da8d36f12f6b53a5f17ad474cb8e7b,86,89,35,8,M_80_90,L_30_40,alluvial,phash:738961f08c6ad95f,phash:738961f08c6ad95f,,,train
02e2c0222eb41cc5ceee,IMG_0551_M_10_20_light_brown_M_40_50_gray_brown_M_50_60_dark_brown_M_60_70_clay_red.jpg,Soil_Labeled_Data/M_80_90/L_30_40/alluvial/IMG_0551_M_10_20_light_brown_M_40_50_gray_brown_M_50_60_dark_brown_M_60_70_clay_red.jpg,Soil_Labeled_Data/M_80_90/L_30_40/alluvial/IMG_0551_M_10_20_light_brown_M_40_50_gray_brown_M_50_60_dark_brown_M_60_70_clay_red.jpg,PRESENT,False,fba740dbaa7bed847373a0f6222032614076934319a13383b923e016f45d3980,84,88,32,8,M_80_90,L_30_40,alluvial,phash:66e2f97ad59f8122,phash:66e2f97ad59f8122,,,train
656c03448e3a1b3d0f8f,IMG_0552_M_10_20_light_brown_M_40_50_gray_brown_M_60_70_dark_brown_M_70_80_wet_gray.jpg,Soil_Labeled_Data/M_80_90/L_30_40/alluvial/IMG_0552_M_10_20_light_brown_M_40_50_gray_brown_M_60_70_dark_brown_M_70_80_wet_gray.jpg,Soil_Labeled_Data/M_80_90/L_30_40/alluvial/IMG_0552_M_10_20_light_brown_M_40_50_gray_brown_M_60_70_dark_brown_M_70_80_wet_gray.jpg,PRESENT,False,07f81629589138ccb0865086b002373db4cde2d321ac6589bd8bd198b1f01f3b,83,88,35,8,M_80_90,L_30_40,alluvial,phash:5dee909cab377b3c,phash:5dee909cab377b3c,,,train
d2ac6ef890b35819f1d6,IMG_0558_M_10_20_light_brown_M_40_50_light_brown_M_50_60_clay_red_M_70_80_clay_red.jpg,Soil_Labeled_Data/M_80_90/L_30_40/alluvial/IMG_0558_M_10_20_light_brown_M_40_50_light_brown_M_50_60_clay_red_M_70_80_clay_red.jpg,Soil_Labeled_Data/M_80_90/L_30_40/alluvial/IMG_0558_M_10_20_light_brown_M_40_50_light_brown_M_50_60_clay_red_M_70_80_clay_red.jpg,PRESENT,False,a2350befaebfdf64f711f876ea2a143fc60af37ffdf7ddbcf02905b1041f11de,81,86,35,8,M_80_90,L_30_40,alluvial,phash:24d6e849b24f4f55,phash:24d6e849b24f4f55,,,train
946b4d03690ecca2088b,IMG_0560_M_10_20_pale_yellow_M_40_50_dark_brown_M_60_70_wet_gray.jpg,Soil_Labeled_Data/M_80_90/L_30_40/alluvial/IMG_0560_M_10_20_pale_yellow_M_40_50_dark_brown_M_60_70_wet_gray.jpg,Soil_Labeled_Data/M_80_90/L_30_40/alluvial/IMG_0560_M_10_20_pale_yellow_M_40_50_dark_brown_M_60_70_wet_gray.jpg,PRESENT,False,bbbeb99822617d92d2d5814ead2b3adaf2bfe1c4edfaa247bc57ab4c1847e0b7,83,84,36,8,M_80_90,L_30_40,alluvial,phash:ef5e7404aeafdb0b,phash:ef5e7404aeafdb0b,,,train
90b76bdee48617b45763,IMG_0560_M_10_20_pale_yellow_M_40_50_light_brown_M_50_60_dark_brown_M_70_80_clay_red.jpg,Soil_Labeled_Data/M_80_90/L_30_40/alluvial/IMG_0560_M_10_20_pale_yellow_M_40_50_light_brown_M_50_60_dark_brown_M_70_80_clay_red.jpg,Soil_Labeled_Data/M_80_90/L_30_40/alluvial/IMG_0560_M_10_20_pale_yellow_M_40_50_light_brown_M_50_60_dark_brown_M_70_80_clay_red.jpg,PRESENT,False,4eb79fae515df96b5e25ce0531445bd52d6d62f1f61bf391216e23645d85015b,83,88,39,8,M_80_90,L_30_40,alluvial,phash:ef5e7404aeafdb0b,phash:ef5e7404aeafdb0b,,,train
d98e488a5b3afe899528,IMG_0561_M_10_20_light_brown_M_40_50_dark_brown_M_60_70_clay_red.jpg,Soil_Labeled_Data/M_80_90/L_30_40/alluvial/IMG_0561_M_10_20_light_brown_M_40_50_dark_brown_M_60_70_clay_red.jpg,Soil_Labeled_Data/M_80_90/L_30_40/alluvial/IMG_0561_M_10_20_light_brown_M_40_50_dark_brown_M_60_70_clay_red.jpg,PRESENT,False,2d89a9b14e431ba348125f3c9904bd8bd6cd4dd23e238932edc3532b8cb6524a,80,83,40,8,M_80_90,L_30_40,alluvial,phash:9f5f613117af89d1,phash:9f5f613117af89d1,,,train
58741571eb4953809377,z5716113532944_e24b5c26485417eddb8588efca3eea1f_M_30_40_light_brown_M_40_50_gray_brown_M_60_70_dark_brown_M_70_80_clay_red.jpg,Soil_Labeled_Data/M_80_90/L_30_40/alluvial/z5716113532944_e24b5c26485417eddb8588efca3eea1f_M_30_40_light_brown_M_40_50_gray_brown_M_60_70_dark_brown_M_70_80_clay_red.jpg,Soil_Labeled_Data/M_80_90/L_30_40/alluvial/z5716113532944_e24b5c26485417eddb8588efca3eea1f_M_30_40_light_brown_M_40_50_gray_brown_M_60_70_dark_brown_M_70_80_clay_red.jpg,PRESENT,False,83547d17832d124ba600d7507270a2e1e91f5379a1bb7a9e73bd8dbae593fc7e,87,88,37,8,M_80_90,L_30_40,alluvial,phash:67cc1dc54d47f36e,phash:67cc1dc54d47f36e,,,train
7e535fa1a0ff059aa68a,z5716113582590_c1f59f1cd35db605de2ac5249cd439b0_M_30_40_light_brown_M_40_50_gray_brown_M_50_60_dark_brown_M_70_80_clay_red.jpg,Soil_Labeled_Data/M_80_90/L_30_40/alluvial/z5716113582590_c1f59f1cd35db605de2ac5249cd439b0_M_30_40_light_brown_M_40_50_gray_brown_M_50_60_dark_brown_M_70_80_clay_red.jpg,Soil_Labeled_Data/M_80_90/L_30_40/alluvial/z5716113582590_c1f59f1cd35db605de2ac5249cd439b0_M_30_40_light_brown_M_40_50_gray_brown_M_50_60_dark_brown_M_70_80_clay_red.jpg,PRESENT,False,338c52be895fd6b157fdad0fd7e6acb9910133437d8927cbfc653db5a9f1a3ce,81,83,36,8,M_80_90,L_30_40,alluvial,phash:6408beb1a56a96d0,phash:6408beb1a56a96d0,,,train
629d661a71906271742d,z5716113632942_5f926ef109e13eb9a864102d6cae87cc_M_30_40_gray_brown_M_40_50_gray_brown_M_60_70_clay_red.jpg,Soil_Labeled_Data/M_80_90/L_30_40/alluvial/z5716113632942_5f926ef109e13eb9a864102d6cae87cc_M_30_40_gray_brown_M_40_50_gray_brown_M_60_70_clay_red.jpg,Soil_Labeled_Data/M_80_90/L_30_40/alluvial/z5716113632942_5f926ef109e13eb9a864102d6cae87cc_M_30_40_gray_brown_M_40_50_gray_brown_M_60_70_clay_red.jpg,PRESENT,False,420013a2988cbfd33add195a1956e01a6287218a88a2fc97406474512488be73,84,89,32,8,M_80_90,L_30_40,alluvial,phash:ce2d2410ac94b89a,phash:ce2d2410ac94b89a,,,train
16a3814a89916897f963,z5716113879850_447b9ea1dd28b71c4c2a3579561cee3f_M_30_40_light_brown_M_40_50_gray_brown_M_60_70_dark_brown_M_70_80_wet_gray.jpg,Soil_Labeled_Data/M_80_90/L_30_40/alluvial/z5716113879850_447b9ea1dd28b71c4c2a3579561cee3f_M_30_40_light_brown_M_40_50_gray_brown_M_60_70_dark_brown_M_70_80_wet_gray.jpg,Soil_Labeled_Data/M_80_90/L_30_40/alluvial/z5716113879850_447b9ea1dd28b71c4c2a3579561cee3f_M_30_40_light_brown_M_40_50_gray_brown_M_60_70_dark_brown_M_70_80_wet_gray.jpg,PRESENT,False,dce435e3e659220c8744c919c083c7f1f8f2dab0c607383b5ebca52ce8746741,90,91,33,8,M_80_90,L_30_40,alluvial,phash:823d96d5f866f1a3,phash:823d96d5f866f1a3,,,train
4eac3a7bbddb92a419cf,IMG_0159_M_0_10_clayish_red_M_40_50_dark_brown_M_60_70_dark_brown_M_70_80_clay_red.jpg,Soil_Labeled_Data/M_80_90/L_40_50/alluvial/IMG_0159_M_0_10_clayish_red_M_40_50_dark_brown_M_60_70_dark_brown_M_70_80_clay_red.jpg,Soil_Labeled_Data/M_80_90/L_40_50/alluvial/IMG_0159_M_0_10_clayish_red_M_40_50_dark_brown_M_60_70_dark_brown_M_70_80_clay_red.jpg,PRESENT,False,90578a8fcf7b1de21e751b9efb48134d7713978b42eb5b52f1d58ef950996d1e,84,88,49,8,M_80_90,L_40_50,alluvial,phash:351919a7efd95827,phash:351919a7efd95827,,,train
e00dc335ccdde17746b1,IMG_0162_M_0_10_gray_brown_M_40_50_gray_brown_M_60_70_clay_red.jpg,Soil_Labeled_Data/M_80_90/L_40_50/alluvial/IMG_0162_M_0_10_gray_brown_M_40_50_gray_brown_M_60_70_clay_red.jpg,Soil_Labeled_Data/M_80_90/L_40_50/alluvial/IMG_0162_M_0_10_gray_brown_M_40_50_gray_brown_M_60_70_clay_red.jpg,PRESENT,False,201dd7964ba67fb5af3e5194758227b50230d9d764f406bec86398eafdadca0d,83,84,48,8,M_80_90,L_40_50,alluvial,phash:124887665cbfb8dc,phash:124887665cbfb8dc,,,train
e95b8bbb8d1d2bf91f18,IMG_0162_M_0_10_gray_brown_M_40_50_light_brown_M_50_60_gray_brown_M_60_70_wet_gray.jpg,Soil_Labeled_Data/M_80_90/L_40_50/alluvial/IMG_0162_M_0_10_gray_brown_M_40_50_light_brown_M_50_60_gray_brown_M_60_70_wet_gray.jpg,Soil_Labeled_Data/M_80_90/L_40_50/alluvial/IMG_0162_M_0_10_gray_brown_M_40_50_light_brown_M_50_60_gray_brown_M_60_70_wet_gray.jpg,PRESENT,False,542cedc87cab540185567cfa25d6be17389b2486ee5b825f4634e8db9ca899b8,87,87,41,8,M_80_90,L_40_50,alluvial,phash:124887665cbfb8dc,phash:124887665cbfb8dc,,,train
18dd2c07f4ab5eb54d02,IMG_0168_M_0_10_pale_yellow_M_40_50_gray_brown_M_60_70_clay_red.jpg,Soil_Labeled_Data/M_80_90/L_40_50/alluvial/IMG_0168_M_0_10_pale_yellow_M_40_50_gray_brown_M_60_70_clay_red.jpg,Soil_Labeled_Data/M_80_90/L_40_50/alluvial/IMG_0168_M_0_10_pale_yellow_M_40_50_gray_brown_M_60_70_clay_red.jpg,PRESENT,False,6f30efa04b5a03ede192bd090a78b7d7f562af5dad16d884e98be0f72de0bdfa,84,84,50,8,M_80_90,L_40_50,alluvial,phash:55ed86ba605b6f60,phash:55ed86ba605b6f60,,,train
ffc3ea83d9595d465127,IMG_0170_M_0_10_light_brown_M_40_50_light_brown_M_50_60_gray_brown_M_60_70_clay_red.jpg,Soil_Labeled_Data/M_80_90/L_40_50/alluvial/IMG_0170_M_0_10_light_brown_M_40_50_light_brown_M_50_60_gray_brown_M_60_70_clay_red.jpg,Soil_Labeled_Data/M_80_90/L_40_50/alluvial/IMG_0170_M_0_10_light_brown_M_40_50_light_brown_M_50_60_gray_brown_M_60_70_clay_red.jpg,PRESENT,False,10c3ea4f39a17d7fdf7052b2dc5784e6bf9bd9a46619cc6d5aef6ac81a1a1ff8,82,86,41,8,M_80_90,L_40_50,alluvial,phash:d6395896fc8503b5,phash:d6395896fc8503b5,,,train
32fffa86388353c5292d,IMG_0590_M_10_20_pale_yellow_M_40_50_gray_brown_M_50_60_dark_brown_M_60_70_clay_red.jpg,Soil_Labeled_Data/M_80_90/L_40_50/alluvial/IMG_0590_M_10_20_pale_yellow_M_40_50_gray_brown_M_50_60_dark_brown_M_60_70_clay_red.jpg,Soil_Labeled_Data/M_80_90/L_40_50/alluvial/IMG_0590_M_10_20_pale_yellow_M_40_50_gray_brown_M_50_60_dark_brown_M_60_70_clay_red.jpg,PRESENT,False,0ccdcf37cfed1691ed96bb2eb4850626387e5fa6bdedffe707d2df6ca92db685,87,87,45,8,M_80_90,L_40_50,alluvial,phash:507b6b1f4054a934,phash:507b6b1f4054a934,,,train
26349b48a061d4b80973,IMG_0591_M_10_20_gray_brown_M_40_50_dark_brown_M_60_70_dark_brown_M_70_80_clay_red.jpg,Soil_Labeled_Data/M_80_90/L_40_50/alluvial/IMG_0591_M_10_20_gray_brown_M_40_50_dark_brown_M_60_70_dark_brown_M_70_80_clay_red.jpg,Soil_Labeled_Data/M_80_90/L_40_50/alluvial/IMG_0591_M_10_20_gray_brown_M_40_50_dark_brown_M_60_70_dark_brown_M_70_80_clay_red.jpg,PRESENT,False,4cfa632ce81aa3716085d6d6e4d1ba35883fbe520bef5334570793a3a943195b,88,92,43,8,M_80_90,L_40_50,alluvial,phash:2a98fc04f9504a93,phash:2a98fc04f9504a93,,,train
b8e4728520cf4db3d0f0,IMG_0591_M_10_20_gray_brown_M_40_50_light_brown_M_50_60_dark_brown_M_60_70_wet_gray.jpg,Soil_Labeled_Data/M_80_90/L_40_50/alluvial/IMG_0591_M_10_20_gray_brown_M_40_50_light_brown_M_50_60_dark_brown_M_60_70_wet_gray.jpg,Soil_Labeled_Data/M_80_90/L_40_50/alluvial/IMG_0591_M_10_20_gray_brown_M_40_50_light_brown_M_50_60_dark_brown_M_60_70_wet_gray.jpg,PRESENT,False,984c235425ee3867e616f9a7fbb26327ef47226540055319a326875046ba24b2,86,86,46,8,M_80_90,L_40_50,alluvial,phash:2a98fc04f9504a93,phash:2a98fc04f9504a93,,,train
aed795ad17b5f4ddeb61,IMG_0595_M_10_20_gray_brown_M_40_50_light_brown_M_50_60_dark_brown_M_70_80_wet_gray.jpg,Soil_Labeled_Data/M_80_90/L_40_50/alluvial/IMG_0595_M_10_20_gray_brown_M_40_50_light_brown_M_50_60_dark_brown_M_70_80_wet_gray.jpg,Soil_Labeled_Data/M_80_90/L_40_50/alluvial/IMG_0595_M_10_20_gray_brown_M_40_50_light_brown_M_50_60_dark_brown_M_70_80_wet_gray.jpg,PRESENT,False,6aca0b6e18f6deb56a362649ca2431b834e41b98aec5861ba93b0548a8ad82e9,90,93,47,8,M_80_90,L_40_50,alluvial,phash:38ee9b49340cc8f6,phash:38ee9b49340cc8f6,,,train
9e6109981daee2b1be5f,IMG_0598_M_10_20_light_brown_M_40_50_gray_brown_M_50_60_clay_red_M_70_80_clay_red.jpg,Soil_Labeled_Data/M_80_90/L_40_50/alluvial/IMG_0598_M_10_20_light_brown_M_40_50_gray_brown_M_50_60_clay_red_M_70_80_clay_red.jpg,Soil_Labeled_Data/M_80_90/L_40_50/alluvial/IMG_0598_M_10_20_light_brown_M_40_50_gray_brown_M_50_60_clay_red_M_70_80_clay_red.jpg,PRESENT,False,996be9d74966d7ba855392f5b78480464d95364f422780aa5815dbd93ce1ada7,84,87,41,8,M_80_90,L_40_50,alluvial,phash:9116ede5d92d6a98,phash:9116ede5d92d6a98,,,train
afd2b6e8e887bc799f6f,z5719914924505_76c1acb4c3a03965a67149c70566e117_M_30_40_clayish_red_M_40_50_gray_brown_M_60_70_clay_red.jpg,Soil_Labeled_Data/M_80_90/L_40_50/alluvial/z5719914924505_76c1acb4c3a03965a67149c70566e117_M_30_40_clayish_red_M_40_50_gray_brown_M_60_70_clay_red.jpg,Soil_Labeled_Data/M_80_90/L_40_50/alluvial/z5719914924505_76c1acb4c3a03965a67149c70566e117_M_30_40_clayish_red_M_40_50_gray_brown_M_60_70_clay_red.jpg,PRESENT,False,dbb5e0d6c514a2f6c4baca78d583ae7cb085a44fee5223b1f125fc7ce6a3300f,87,91,44,8,M_80_90,L_40_50,alluvial,phash:716b93cb3852bf57,phash:716b93cb3852bf57,,,train
4d43984caa6591e817db,z5719914924505_76c1acb4c3a03965a67149c70566e117_M_30_40_light_brown_M_50_60_dark_brown_M_60_70_clay_red.jpg,Soil_Labeled_Data/M_80_90/L_40_50/alluvial/z5719914924505_76c1acb4c3a03965a67149c70566e117_M_30_40_light_brown_M_50_60_dark_brown_M_60_70_clay_red.jpg,Soil_Labeled_Data/M_80_90/L_40_50/alluvial/z5719914924505_76c1acb4c3a03965a67149c70566e117_M_30_40_light_brown_M_50_60_dark_brown_M_60_70_clay_red.jpg,PRESENT,False,ad3c28b9d8d80d8ba988b844f22e71b483e37a85bc018e3d2c65efd9e1a12bac,80,80,48,8,M_80_90,L_40_50,alluvial,phash:716b93cb3852bf57,phash:716b93cb3852bf57,,,train
05bcb80e727b7280d039,z5719914960624_6e7d01c6f99d68c85a781306a1116111_M_30_40_clayish_red_M_40_50_gray_brown_M_60_70_clay_red.jpg,Soil_Labeled_Data/M_80_90/L_40_50/alluvial/z5719914960624_6e7d01c6f99d68c85a781306a1116111_M_30_40_clayish_red_M_40_50_gray_brown_M_60_70_clay_red.jpg,Soil_Labeled_Data/M_80_90/L_40_50/alluvial/z5719914960624_6e7d01c6f99d68c85a781306a1116111_M_30_40_clayish_red_M_40_50_gray_brown_M_60_70_clay_red.jpg,PRESENT,False,64dd8e5b6f0f332df9b30b93d7caa80cc9af0c55e96a637c1aa441634755621a,90,94,44,8,M_80_90,L_40_50,alluvial,phash:853b972fcac916f6,phash:853b972fcac916f6,,,train
9e80c953cd56dd56dfbe,z5719915050807_883061f62d1ba096fe786e33783493ac_M_30_40_light_brown_M_40_50_light_brown_M_50_60_clay_red_M_70_80_clay_red.jpg,Soil_Labeled_Data/M_80_90/L_40_50/alluvial/z5719915050807_883061f62d1ba096fe786e33783493ac_M_30_40_light_brown_M_40_50_light_brown_M_50_60_clay_red_M_70_80_clay_red.jpg,Soil_Labeled_Data/M_80_90/L_40_50/alluvial/z5719915050807_883061f62d1ba096fe786e33783493ac_M_30_40_light_brown_M_40_50_light_brown_M_50_60_clay_red_M_70_80_clay_red.jpg,PRESENT,False,09c5ed917e4b1f7d60efea64e4982ee27c5a9a9c48d8414ae16c8fb09610b914,85,89,47,8,M_80_90,L_40_50,alluvial,phash:24cad31affe7fb9c,phash:24cad31affe7fb9c,,,train
7b85defed2a472fed109,z5719915131240_b52c7f068d1abd26f05cb78e3e3ad74c_M_30_40_gray_brown_M_40_50_dark_brown_M_60_70_clay_red_M_70_80_clay_red.jpg,Soil_Labeled_Data/M_80_90/L_40_50/alluvial/z5719915131240_b52c7f068d1abd26f05cb78e3e3ad74c_M_30_40_gray_brown_M_40_50_dark_brown_M_60_70_clay_red_M_70_80_clay_red.jpg,Soil_Labeled_Data/M_80_90/L_40_50/alluvial/z5719915131240_b52c7f068d1abd26f05cb78e3e3ad74c_M_30_40_gray_brown_M_40_50_dark_brown_M_60_70_clay_red_M_70_80_clay_red.jpg,PRESENT,False,10182b884299d899f5eaf228e8beb28f48224d7c1c7b3a7e31eb010cdb72f78e,86,87,45,8,M_80_90,L_40_50,alluvial,phash:1fd8326543aa675f,phash:1fd8326543aa675f,,,train
52432c7a269579afdbde,z5719915191781_9fbc3215a4e768d8a242c9aae23d78e3_M_30_40_gray_brown_M_40_50_light_brown_M_50_60_gray_brown_M_60_70_clay_red_M_70_80_wet_gray.jpg,Soil_Labeled_Data/M_80_90/L_40_50/alluvial/z5719915191781_9fbc3215a4e768d8a242c9aae23d78e3_M_30_40_gray_brown_M_40_50_light_brown_M_50_60_gray_brown_M_60_70_clay_red_M_70_80_wet_gray.jpg,Soil_Labeled_Data/M_80_90/L_40_50/alluvial/z5719915191781_9fbc3215a4e768d8a242c9aae23d78e3_M_30_40_gray_brown_M_40_50_light_brown_M_50_60_gray_brown_M_60_70_clay_red_M_70_80_wet_gray.jpg,PRESENT,False,57b3080fb1618f2429621291589aefe9fc4be7a6f9c5394d64022c4430f797f0,86,88,49,8,M_80_90,L_40_50,alluvial,phash:7fd86c261d9ac446,phash:7fd86c261d9ac446,,,train
c2d580a1b6e695ad1b34,IMG_0196_M_0_10_clayish_red_M_40_50_light_brown_M_50_60_dark_brown_M_70_80_wet_gray.jpg,Soil_Labeled_Data/M_80_90/L_50_60/alluvial/IMG_0196_M_0_10_clayish_red_M_40_50_light_brown_M_50_60_dark_brown_M_70_80_wet_gray.jpg,Soil_Labeled_Data/M_80_90/L_50_60/alluvial/IMG_0196_M_0_10_clayish_red_M_40_50_light_brown_M_50_60_dark_brown_M_70_80_wet_gray.jpg,PRESENT,False,3c024f52f5c84110cd0d7cc9633494fdcd029a162b022446363bfc1703f7b546,81,84,59,8,M_80_90,L_50_60,alluvial,phash:c8300f8708e9afd6,phash:c8300f8708e9afd6,,,train
2d972a6aaa589f6899dc,IMG_0196_M_0_10_light_brown_M_40_50_gray_brown_M_50_60_clay_red_M_70_80_wet_gray.jpg,Soil_Labeled_Data/M_80_90/L_50_60/alluvial/IMG_0196_M_0_10_light_brown_M_40_50_gray_brown_M_50_60_clay_red_M_70_80_wet_gray.jpg,Soil_Labeled_Data/M_80_90/L_50_60/alluvial/IMG_0196_M_0_10_light_brown_M_40_50_gray_brown_M_50_60_clay_red_M_70_80_wet_gray.jpg,PRESENT,False,ce6a621168d77ebd609f2c616b99bd731af5999fa97182cb4449fe6c1299a29e,84,84,50,8,M_80_90,L_50_60,alluvial,phash:c8300f8708e9afd6,phash:c8300f8708e9afd6,,,train
5becfdf70cd47e10411c,IMG_0198_M_0_10_clayish_red_M_40_50_dark_brown_M_60_70_dark_brown_M_70_80_wet_gray.jpg,Soil_Labeled_Data/M_80_90/L_50_60/alluvial/IMG_0198_M_0_10_clayish_red_M_40_50_dark_brown_M_60_70_dark_brown_M_70_80_wet_gray.jpg,Soil_Labeled_Data/M_80_90/L_50_60/alluvial/IMG_0198_M_0_10_clayish_red_M_40_50_dark_brown_M_60_70_dark_brown_M_70_80_wet_gray.jpg,PRESENT,False,311744f4afa851c04d53d646e687c70248b494e1187fe1f9bbc895adecde5ebb,83,86,54,8,M_80_90,L_50_60,alluvial,phash:0d2d9ad2361ac018,phash:0d2d9ad2361ac018,,,train
4fc420ecf9dd57b04df2,IMG_0198_M_0_10_pale_yellow_M_40_50_dark_brown_M_60_70_wet_gray.jpg,Soil_Labeled_Data/M_80_90/L_50_60/alluvial/IMG_0198_M_0_10_pale_yellow_M_40_50_dark_brown_M_60_70_wet_gray.jpg,Soil_Labeled_Data/M_80_90/L_50_60/alluvial/IMG_0198_M_0_10_pale_yellow_M_40_50_dark_brown_M_60_70_wet_gray.jpg,PRESENT,False,4790c12158512c7278aa56dedc4c1113d482b26f4cf2007525172309371ab1be,82,86,55,8,M_80_90,L_50_60,alluvial,phash:0d2d9ad2361ac018,phash:0d2d9ad2361ac018,,,train
da67f702a9a999335fbc,IMG_0203_M_0_10_pale_yellow_M_40_50_dark_brown_M_60_70_clay_red_M_70_80_wet_gray.jpg,Soil_Labeled_Data/M_80_90/L_50_60/alluvial/IMG_0203_M_0_10_pale_yellow_M_40_50_dark_brown_M_60_70_clay_red_M_70_80_wet_gray.jpg,Soil_Labeled_Data/M_80_90/L_50_60/alluvial/IMG_0203_M_0_10_pale_yellow_M_40_50_dark_brown_M_60_70_clay_red_M_70_80_wet_gray.jpg,PRESENT,False,760fb7f1778ae2195b9917b2455a1d2ffc0a42281293239022557d4d2a659be8,89,90,51,8,M_80_90,L_50_60,alluvial,phash:d4512147d239b24e,phash:d4512147d239b24e,,,train
b5ccd0db7a217b9c2c18,IMG_0204_M_0_10_pale_yellow_M_40_50_gray_brown_M_60_70_clay_red.jpg,Soil_Labeled_Data/M_80_90/L_50_60/alluvial/IMG_0204_M_0_10_pale_yellow_M_40_50_gray_brown_M_60_70_clay_red.jpg,Soil_Labeled_Data/M_80_90/L_50_60/alluvial/IMG_0204_M_0_10_pale_yellow_M_40_50_gray_brown_M_60_70_clay_red.jpg,PRESENT,False,3b21ca6b62c6fdcf38eb5d28c96b7dfb1c16d670c85d0743dc85d84bffadf354,88,91,52,8,M_80_90,L_50_60,alluvial,phash:d439d38aa2cdd80d,phash:d439d38aa2cdd80d,,,train
cee29b1581a5f5af0db4,IMG_0208_M_0_10_light_brown_M_40_50_gray_brown_M_50_60_dark_brown_M_70_80_wet_gray.jpg,Soil_Labeled_Data/M_80_90/L_50_60/alluvial/IMG_0208_M_0_10_light_brown_M_40_50_gray_brown_M_50_60_dark_brown_M_70_80_wet_gray.jpg,Soil_Labeled_Data/M_80_90/L_50_60/alluvial/IMG_0208_M_0_10_light_brown_M_40_50_gray_brown_M_50_60_dark_brown_M_70_80_wet_gray.jpg,PRESENT,False,15d9d3d4a5b77bfdb699b7799daa61bc32a4d1194c83e4ad1dc2bdcf6d672464,89,93,50,8,M_80_90,L_50_60,alluvial,phash:272fa05db045290a,phash:272fa05db045290a,,,train
8aed5facb506c5f1dcb3,IMG_0210_M_0_10_pale_yellow_M_40_50_gray_brown_M_50_60_dark_brown_M_70_80_clay_red.jpg,Soil_Labeled_Data/M_80_90/L_50_60/alluvial/IMG_0210_M_0_10_pale_yellow_M_40_50_gray_brown_M_50_60_dark_brown_M_70_80_clay_red.jpg,Soil_Labeled_Data/M_80_90/L_50_60/alluvial/IMG_0210_M_0_10_pale_yellow_M_40_50_gray_brown_M_50_60_dark_brown_M_70_80_clay_red.jpg,PRESENT,False,dcd440afa94f846e75c1a1420e72c330c36cde671acfa2559bef095fa52c4dcb,86,86,54,8,M_80_90,L_50_60,alluvial,phash:12e5de9a219b300b,phash:12e5de9a219b300b,,,train
31f873d58a6341344dcc,IMG_0212_M_0_10_light_brown_M_40_50_dark_brown_M_60_70_clay_red.jpg,Soil_Labeled_Data/M_80_90/L_50_60/alluvial/IMG_0212_M_0_10_light_brown_M_40_50_dark_brown_M_60_70_clay_red.jpg,Soil_Labeled_Data/M_80_90/L_50_60/alluvial/IMG_0212_M_0_10_light_brown_M_40_50_dark_brown_M_60_70_clay_red.jpg,PRESENT,False,6e36c56991e5fed83ccd2d09f56073f7590d94e40bd787603b984158366199b8,80,84,58,8,M_80_90,L_50_60,alluvial,phash:fe170979b5ca8fe3,phash:fe170979b5ca8fe3,,,train
c019695d09285330fdcd,IMG_0631_M_10_20_light_brown_M_40_50_light_brown_M_50_60_dark_brown_M_70_80_clay_red.jpg,Soil_Labeled_Data/M_80_90/L_50_60/alluvial/IMG_0631_M_10_20_light_brown_M_40_50_light_brown_M_50_60_dark_brown_M_70_80_clay_red.jpg,Soil_Labeled_Data/M_80_90/L_50_60/alluvial/IMG_0631_M_10_20_light_brown_M_40_50_light_brown_M_50_60_dark_brown_M_70_80_clay_red.jpg,PRESENT,False,a5c4c4305961ba6c5fcd73a36c7cd50e694d0dd024f24650fc2e62abcebf5c07,85,85,60,8,M_80_90,L_50_60,alluvial,phash:0be3776bf5b85f30,phash:0be3776bf5b85f30,,,train
cf027fd5fff71fba578d,z5719945326572_38e3e733446eabe3bf00850bf73883e0_M_30_40_light_brown_M_50_60_clay_red_M_70_80_wet_gray.jpg,Soil_Labeled_Data/M_80_90/L_50_60/alluvial/z5719945326572_38e3e733446eabe3bf00850bf73883e0_M_30_40_light_brown_M_50_60_clay_red_M_70_80_wet_gray.jpg,Soil_Labeled_Data/M_80_90/L_50_60/alluvial/z5719945326572_38e3e733446eabe3bf00850bf73883e0_M_30_40_light_brown_M_50_60_clay_red_M_70_80_wet_gray.jpg,PRESENT,False,39fd273e6712f69dafb464b420945c2ca69aa2d0642c871d918a67c1acacfa81,90,91,51,8,M_80_90,L_50_60,alluvial,phash:ae5e6bb93e10e1eb,phash:ae5e6bb93e10e1eb,,,train
da0cc804db4470e05bcd,z5719945372269_2a3fa83b9d92ccaa70da062eccace05c_M_30_40_gray_brown_M_50_60_dark_brown_M_70_80_clay_red.jpg,Soil_Labeled_Data/M_80_90/L_50_60/alluvial/z5719945372269_2a3fa83b9d92ccaa70da062eccace05c_M_30_40_gray_brown_M_50_60_dark_brown_M_70_80_clay_red.jpg,Soil_Labeled_Data/M_80_90/L_50_60/alluvial/z5719945372269_2a3fa83b9d92ccaa70da062eccace05c_M_30_40_gray_brown_M_50_60_dark_brown_M_70_80_clay_red.jpg,PRESENT,False,bf29aaa0bcde6d959974cc2aeaf0fb19c055b54335dd9d385cd0956756263339,87,88,51,8,M_80_90,L_50_60,alluvial,phash:3d82ea23d942126e,phash:3d82ea23d942126e,,,train
4c3d2012109566aa0999,z5719945410375_d68840a29b4222519ffac084ea8cf065_M_30_40_light_brown_M_50_60_dark_brown_M_60_70_wet_gray.jpg,Soil_Labeled_Data/M_80_90/L_50_60/alluvial/z5719945410375_d68840a29b4222519ffac084ea8cf065_M_30_40_light_brown_M_50_60_dark_brown_M_60_70_wet_gray.jpg,Soil_Labeled_Data/M_80_90/L_50_60/alluvial/z5719945410375_d68840a29b4222519ffac084ea8cf065_M_30_40_light_brown_M_50_60_dark_brown_M_60_70_wet_gray.jpg,PRESENT,False,526081b31facf607a91944af0a88676b2760fe0505b085c80d9c225408b7049f,82,82,51,8,M_80_90,L_50_60,alluvial,phash:ff670dc08f99ba9e,phash:ff670dc08f99ba9e,,,train
3598dd144fcaa55f7d4d,z5719945422897_e85f1f456697f2e20bc5401bb55ec951_M_30_40_gray_brown_M_40_50_gray_brown_M_50_60_dark_brown_M_60_70_clay_red_M_70_80_clay_red.jpg,Soil_Labeled_Data/M_80_90/L_50_60/alluvial/z5719945422897_e85f1f456697f2e20bc5401bb55ec951_M_30_40_gray_brown_M_40_50_gray_brown_M_50_60_dark_brown_M_60_70_clay_red_M_70_80_clay_red.jpg,Soil_Labeled_Data/M_80_90/L_50_60/alluvial/z5719945422897_e85f1f456697f2e20bc5401bb55ec951_M_30_40_gray_brown_M_40_50_gray_brown_M_50_60_dark_brown_M_60_70_clay_red_M_70_80_clay_red.jpg,PRESENT,False,09628187eeb3cd06d3baf310811a2cd8c98f9aa39d41c8d7431fd8a6fa6e350d,83,87,54,8,M_80_90,L_50_60,alluvial,phash:aaea210362ca2aa0,phash:aaea210362ca2aa0,,,train
ebfeecc2071c53e8323c,z5719945422897_e85f1f456697f2e20bc5401bb55ec951_M_30_40_light_brown_M_40_50_gray_brown_M_50_60_dark_brown_M_60_70_wet_gray.jpg,Soil_Labeled_Data/M_80_90/L_50_60/alluvial/z5719945422897_e85f1f456697f2e20bc5401bb55ec951_M_30_40_light_brown_M_40_50_gray_brown_M_50_60_dark_brown_M_60_70_wet_gray.jpg,Soil_Labeled_Data/M_80_90/L_50_60/alluvial/z5719945422897_e85f1f456697f2e20bc5401bb55ec951_M_30_40_light_brown_M_40_50_gray_brown_M_50_60_dark_brown_M_60_70_wet_gray.jpg,PRESENT,False,a70c54282cb21090184b26a70ced8b7d1b878c4635c844ef704a90229c27362c,87,88,53,8,M_80_90,L_50_60,alluvial,phash:aaea210362ca2aa0,phash:aaea210362ca2aa0,,,train
1eee14a7f70ae9a15ad6,z5719945442394_074f397072a0e21797e33be6440ab366_M_30_40_gray_brown_M_50_60_gray_brown_M_60_70_clay_red.jpg,Soil_Labeled_Data/M_80_90/L_50_60/alluvial/z5719945442394_074f397072a0e21797e33be6440ab366_M_30_40_gray_brown_M_50_60_gray_brown_M_60_70_clay_red.jpg,Soil_Labeled_Data/M_80_90/L_50_60/alluvial/z5719945442394_074f397072a0e21797e33be6440ab366_M_30_40_gray_brown_M_50_60_gray_brown_M_60_70_clay_red.jpg,PRESENT,False,e9f7e6d79595d3b4c9e076f9a17a4de404d76cf2cc9aaf4a7b3500c9ecba6ddd,82,84,59,8,M_80_90,L_50_60,alluvial,phash:2765edb8329cb206,phash:2765edb8329cb206,,,train
1930cef15785bb289644,z5719945465403_eef403001195b9d5de6375b6fe2e3628_M_30_40_pale_yellow_M_40_50_light_brown_M_50_60_clay_red_M_70_80_wet_gray.jpg,Soil_Labeled_Data/M_80_90/L_50_60/alluvial/z5719945465403_eef403001195b9d5de6375b6fe2e3628_M_30_40_pale_yellow_M_40_50_light_brown_M_50_60_clay_red_M_70_80_wet_gray.jpg,Soil_Labeled_Data/M_80_90/L_50_60/alluvial/z5719945465403_eef403001195b9d5de6375b6fe2e3628_M_30_40_pale_yellow_M_40_50_light_brown_M_50_60_clay_red_M_70_80_wet_gray.jpg,PRESENT,False,05bf3105b7bfaab9a9e814e8bb1ea7834c3863858b98c3993b286b3c903dcab5,83,83,54,8,M_80_90,L_50_60,alluvial,phash:90a9507b3fdd1392,phash:90a9507b3fdd1392,,,train
0d1d85303f20c92c4364,z5719945494405_a556366a429daf9a78448e62806f33bb_M_30_40_gray_brown_M_40_50_gray_brown_M_60_70_clay_red_M_70_80_wet_gray.jpg,Soil_Labeled_Data/M_80_90/L_50_60/alluvial/z5719945494405_a556366a429daf9a78448e62806f33bb_M_30_40_gray_brown_M_40_50_gray_brown_M_60_70_clay_red_M_70_80_wet_gray.jpg,Soil_Labeled_Data/M_80_90/L_50_60/alluvial/z5719945494405_a556366a429daf9a78448e62806f33bb_M_30_40_gray_brown_M_40_50_gray_brown_M_60_70_clay_red_M_70_80_wet_gray.jpg,PRESENT,False,c47f1286955e7aae5a2cbd994da5a4d25d0fb17dd9dc0f53099f3d97926b4256,86,87,50,8,M_80_90,L_50_60,alluvial,phash:98cba7f801fd0d43,phash:98cba7f801fd0d43,,,train
beba36a59829c8a12017,IMG_0240_M_0_10_light_brown_M_40_50_light_brown_M_50_60_dark_brown_M_60_70_clay_red.jpg,Soil_Labeled_Data/M_80_90/L_60_70/alluvial/IMG_0240_M_0_10_light_brown_M_40_50_light_brown_M_50_60_dark_brown_M_60_70_clay_red.jpg,Soil_Labeled_Data/M_80_90/L_60_70/alluvial/IMG_0240_M_0_10_light_brown_M_40_50_light_brown_M_50_60_dark_brown_M_60_70_clay_red.jpg,PRESENT,False,aa500d9e1de1417d77fc193b3fc445bf0841190e14183eb964538f5dc77a407d,82,84,69,8,M_80_90,L_60_70,alluvial,phash:ddcd5bf42ce461e9,phash:ddcd5bf42ce461e9,,,train
5ca26a109c6ee0cca749,IMG_0240_M_0_10_pale_yellow_M_40_50_gray_brown_M_50_60_dark_brown_M_70_80_clay_red.jpg,Soil_Labeled_Data/M_80_90/L_60_70/alluvial/IMG_0240_M_0_10_pale_yellow_M_40_50_gray_brown_M_50_60_dark_brown_M_70_80_clay_red.jpg,Soil_Labeled_Data/M_80_90/L_60_70/alluvial/IMG_0240_M_0_10_pale_yellow_M_40_50_gray_brown_M_50_60_dark_brown_M_70_80_clay_red.jpg,PRESENT,False,c41efc4fc4f43984d73fa48fff835cab2c3fd29832eede3b8cde4e325db62e3c,90,90,69,8,M_80_90,L_60_70,alluvial,phash:ddcd5bf42ce461e9,phash:ddcd5bf42ce461e9,,,train
461456e0c8378f67eee7,IMG_0242_M_0_10_clayish_red_M_40_50_light_brown_M_50_60_gray_brown_M_60_70_clay_red.jpg,Soil_Labeled_Data/M_80_90/L_60_70/alluvial/IMG_0242_M_0_10_clayish_red_M_40_50_light_brown_M_50_60_gray_brown_M_60_70_clay_red.jpg,Soil_Labeled_Data/M_80_90/L_60_70/alluvial/IMG_0242_M_0_10_clayish_red_M_40_50_light_brown_M_50_60_gray_brown_M_60_70_clay_red.jpg,PRESENT,False,712ef2d1c1639f4e6a3ed88f42eac59da5438b6a662f8bb3c12dd1d2d395db85,86,88,60,8,M_80_90,L_60_70,alluvial,phash:72f2bba7253dc548,phash:72f2bba7253dc548,,,train
e58a00d4398c46136a48,IMG_0244_M_0_10_clayish_red_M_40_50_dark_brown_M_60_70_clay_red_M_70_80_clay_red.jpg,Soil_Labeled_Data/M_80_90/L_60_70/alluvial/IMG_0244_M_0_10_clayish_red_M_40_50_dark_brown_M_60_70_clay_red_M_70_80_clay_red.jpg,Soil_Labeled_Data/M_80_90/L_60_70/alluvial/IMG_0244_M_0_10_clayish_red_M_40_50_dark_brown_M_60_70_clay_red_M_70_80_clay_red.jpg,PRESENT,False,9eb475a88ea571c004effcdf79ee5775dcfd49646b9c96285fb0ab7c0c9c897e,86,87,62,8,M_80_90,L_60_70,alluvial,phash:b637075916ceadb4,phash:b637075916ceadb4,,,train
be08aeee9b9279263ee2,IMG_0246_M_0_10_light_brown_M_40_50_gray_brown_M_60_70_wet_gray.jpg,Soil_Labeled_Data/M_80_90/L_60_70/alluvial/IMG_0246_M_0_10_light_brown_M_40_50_gray_brown_M_60_70_wet_gray.jpg,Soil_Labeled_Data/M_80_90/L_60_70/alluvial/IMG_0246_M_0_10_light_brown_M_40_50_gray_brown_M_60_70_wet_gray.jpg,PRESENT,False,034f43c5da8c08b0ee41ce3af065d97c037aa277bee54a5ecdb8b2e6e651b43c,88,90,68,8,M_80_90,L_60_70,alluvial,phash:19ac01d45edafba1,phash:19ac01d45edafba1,,,train
cf6011e287c74d23ee27,IMG_0255_M_0_10_gray_brown_M_40_50_dark_brown_M_60_70_dark_brown_M_70_80_clay_red.jpg,Soil_Labeled_Data/M_80_90/L_60_70/alluvial/IMG_0255_M_0_10_gray_brown_M_40_50_dark_brown_M_60_70_dark_brown_M_70_80_clay_red.jpg,Soil_Labeled_Data/M_80_90/L_60_70/alluvial/IMG_0255_M_0_10_gray_brown_M_40_50_dark_brown_M_60_70_dark_brown_M_70_80_clay_red.jpg,PRESENT,False,4d10dd57fd7e34bdb9e898f2703b9c99076d8b80ca2f0d19b9a3d36505d97228,82,81,63,8,M_80_90,L_60_70,alluvial,phash:3a82b527ebf76359,phash:3a82b527ebf76359,,,train
a6b407a21cc932436890,IMG_0255_M_0_10_gray_brown_M_40_50_light_brown_M_50_60_dark_brown_M_60_70_clay_red_M_70_80_clay_red.jpg,Soil_Labeled_Data/M_80_90/L_60_70/alluvial/IMG_0255_M_0_10_gray_brown_M_40_50_light_brown_M_50_60_dark_brown_M_60_70_clay_red_M_70_80_clay_red.jpg,Soil_Labeled_Data/M_80_90/L_60_70/alluvial/IMG_0255_M_0_10_gray_brown_M_40_50_light_brown_M_50_60_dark_brown_M_60_70_clay_red_M_70_80_clay_red.jpg,PRESENT,False,dd8b867ca318b14c5714739e83a43f7715775ed4763e3c00fabf55060da884cb,85,88,68,8,M_80_90,L_60_70,alluvial,phash:28c8f3401e69481b,phash:28c8f3401e69481b,,,train
82b1b4b4ee9bd8e97850,IMG_0675_M_10_20_pale_yellow_M_40_50_gray_brown_M_50_60_gray_brown_M_60_70_wet_gray.jpg,Soil_Labeled_Data/M_80_90/L_60_70/alluvial/IMG_0675_M_10_20_pale_yellow_M_40_50_gray_brown_M_50_60_gray_brown_M_60_70_wet_gray.jpg,Soil_Labeled_Data/M_80_90/L_60_70/alluvial/IMG_0675_M_10_20_pale_yellow_M_40_50_gray_brown_M_50_60_gray_brown_M_60_70_wet_gray.jpg,PRESENT,False,635d971ff92b544fb1512d76674a0a48a3a6c84ff167c9bf5c5ebbdb9d1fa87f,83,83,64,8,M_80_90,L_60_70,alluvial,phash:a428d9fcdf8d24fa,phash:a428d9fcdf8d24fa,,,train
dc31b60494c3dbcc49a7,IMG_0679_M_10_20_light_brown_M_30_40_gray_brown_M_50_60_dark_brown_M_70_80_wet_gray.jpg,Soil_Labeled_Data/M_80_90/L_60_70/alluvial/IMG_0679_M_10_20_light_brown_M_30_40_gray_brown_M_50_60_dark_brown_M_70_80_wet_gray.jpg,Soil_Labeled_Data/M_80_90/L_60_70/alluvial/IMG_0679_M_10_20_light_brown_M_30_40_gray_brown_M_50_60_dark_brown_M_70_80_wet_gray.jpg,PRESENT,False,dbd1d979e60e8c601c5a45e37340bbecb31118b6de10c3c224c7e655714d1ab7,87,86,65,8,M_80_90,L_60_70,alluvial,phash:511c840490f6b4a6,phash:511c840490f6b4a6,,,train
6cbe44fa3e8f1b66b58f,IMG_0679_M_10_20_light_brown_M_40_50_gray_brown_M_50_60_dark_brown_M_60_70_clay_red.jpg,Soil_Labeled_Data/M_80_90/L_60_70/alluvial/IMG_0679_M_10_20_light_brown_M_40_50_gray_brown_M_50_60_dark_brown_M_60_70_clay_red.jpg,Soil_Labeled_Data/M_80_90/L_60_70/alluvial/IMG_0679_M_10_20_light_brown_M_40_50_gray_brown_M_50_60_dark_brown_M_60_70_clay_red.jpg,PRESENT,False,7e0e0ae62f178c4724114a767bfbb9617c68da4fee75c94bbc7c681906f99411,86,85,61,8,M_80_90,L_60_70,alluvial,phash:511c840490f6b4a6,phash:511c840490f6b4a6,,,train
c73f38e424343e0d79b5,IMG_0680_M_10_20_gray_brown_M_40_50_dark_brown_M_60_70_wet_gray.jpg,Soil_Labeled_Data/M_80_90/L_60_70/alluvial/IMG_0680_M_10_20_gray_brown_M_40_50_dark_brown_M_60_70_wet_gray.jpg,Soil_Labeled_Data/M_80_90/L_60_70/alluvial/IMG_0680_M_10_20_gray_brown_M_40_50_dark_brown_M_60_70_wet_gray.jpg,PRESENT,False,2374b7f86a4a5beb6b7f94d8d79dcc3530e463a8bcf71665ade2a0fb864a476d,83,85,68,8,M_80_90,L_60_70,alluvial,phash:f1ae61d2650f45e9,phash:f1ae61d2650f45e9,,,train
e3ecd5c9156672af8369,IMG_0695_M_10_20_clayish_red_M_40_50_light_brown_M_50_60_dark_brown_M_70_80_clay_red.jpg,Soil_Labeled_Data/M_80_90/L_60_70/alluvial/IMG_0695_M_10_20_clayish_red_M_40_50_light_brown_M_50_60_dark_brown_M_70_80_clay_red.jpg,Soil_Labeled_Data/M_80_90/L_60_70/alluvial/IMG_0695_M_10_20_clayish_red_M_40_50_light_brown_M_50_60_dark_brown_M_70_80_clay_red.jpg,PRESENT,False,8dc7f45db490f28f9fd905568b817731997373c9f47aa5a7bb8b96d0bf909485,84,87,70,8,M_80_90,L_60_70,alluvial,phash:4d2073dc153cb1de,phash:4d2073dc153cb1de,,,train
b4f5ff5a961f27a61591,IMG_0695_M_10_20_gray_brown_M_40_50_dark_brown_M_60_70_dark_brown_M_70_80_clay_red.jpg,Soil_Labeled_Data/M_80_90/L_60_70/alluvial/IMG_0695_M_10_20_gray_brown_M_40_50_dark_brown_M_60_70_dark_brown_M_70_80_clay_red.jpg,Soil_Labeled_Data/M_80_90/L_60_70/alluvial/IMG_0695_M_10_20_gray_brown_M_40_50_dark_brown_M_60_70_dark_brown_M_70_80_clay_red.jpg,PRESENT,False,4f89410e4dd1afcc10e20b8d96fd5a48d6c86435a852ba78a2bc3a23550e4814,85,85,70,8,M_80_90,L_60_70,alluvial,phash:4d2073dc153cb1de,phash:4d2073dc153cb1de,,,train
21612b3c5ee9ada24469,z5715084112046_c4388528720a09f94233e3004fa76f74_M_20_30_pale_yellow_M_30_40_light_brown_M_50_60_dark_brown_M_60_70_wet_gray.jpg,Soil_Labeled_Data/M_80_90/L_60_70/alluvial/z5715084112046_c4388528720a09f94233e3004fa76f74_M_20_30_pale_yellow_M_30_40_light_brown_M_50_60_dark_brown_M_60_70_wet_gray.jpg,Soil_Labeled_Data/M_80_90/L_60_70/alluvial/z5715084112046_c4388528720a09f94233e3004fa76f74_M_20_30_pale_yellow_M_30_40_light_brown_M_50_60_dark_brown_M_60_70_wet_gray.jpg,PRESENT,False,67eb40b214c7fe65087f97827609462d7d62678b0764e4bb538979e503f3a8e2,90,92,63,8,M_80_90,L_60_70,alluvial,phash:8b71a8bf945bfd44,phash:8b71a8bf945bfd44,,,train
41e6a0116ddbb6d8cbb4,z5715084165270_22662a8e6cfa3719910b048011f20dc3_M_20_30_light_brown_M_30_40_light_brown_M_50_60_clay_red_M_70_80_wet_gray.jpg,Soil_Labeled_Data/M_80_90/L_60_70/alluvial/z5715084165270_22662a8e6cfa3719910b048011f20dc3_M_20_30_light_brown_M_30_40_light_brown_M_50_60_clay_red_M_70_80_wet_gray.jpg,Soil_Labeled_Data/M_80_90/L_60_70/alluvial/z5715084165270_22662a8e6cfa3719910b048011f20dc3_M_20_30_light_brown_M_30_40_light_brown_M_50_60_clay_red_M_70_80_wet_gray.jpg,PRESENT,False,1ba5fafb74e662da2b86381a43da60c0cc593b2ee826efa768dbb570539e9896,83,84,66,8,M_80_90,L_60_70,alluvial,phash:cd45673673b5cc09,phash:cd45673673b5cc09,,,train
06767a30205426a4d85f,z5715084217100_56ffdcb9a7e21ae938a857822326c4e1_M_20_30_light_brown_M_30_40_light_brown_M_50_60_dark_brown_M_60_70_wet_gray.jpg,Soil_Labeled_Data/M_80_90/L_60_70/alluvial/z5715084217100_56ffdcb9a7e21ae938a857822326c4e1_M_20_30_light_brown_M_30_40_light_brown_M_50_60_dark_brown_M_60_70_wet_gray.jpg,Soil_Labeled_Data/M_80_90/L_60_70/alluvial/z5715084217100_56ffdcb9a7e21ae938a857822326c4e1_M_20_30_light_brown_M_30_40_light_brown_M_50_60_dark_brown_M_60_70_wet_gray.jpg,PRESENT,False,be323e07a2b9febacaf5338e2e4fe2bcd72c75688fd5190081bf3803f607aa1e,90,93,69,8,M_80_90,L_60_70,alluvial,phash:0b0189f76cd4b322,phash:0b0189f76cd4b322,,,train
b2fd40d27d6ad590cc84,z5715084235063_019bf1d09588c2fd5226859f4331698b_M_20_30_light_brown_M_30_40_light_brown_M_50_60_dark_brown_M_70_80_clay_red.jpg,Soil_Labeled_Data/M_80_90/L_60_70/alluvial/z5715084235063_019bf1d09588c2fd5226859f4331698b_M_20_30_light_brown_M_30_40_light_brown_M_50_60_dark_brown_M_70_80_clay_red.jpg,Soil_Labeled_Data/M_80_90/L_60_70/alluvial/z5715084235063_019bf1d09588c2fd5226859f4331698b_M_20_30_light_brown_M_30_40_light_brown_M_50_60_dark_brown_M_70_80_clay_red.jpg,PRESENT,False,dd5b83238b84fe19faabf3aa1b036eaceb2626b6ce8ae5a2682c0332848b02fa,81,80,69,8,M_80_90,L_60_70,alluvial,phash:2239954b40c98c02,phash:2239954b40c98c02,,,train
23923a4dc022cb632367,z5715084415256_c016f29f8a2b857513855a25b24de184_M_20_30_pale_yellow_M_30_40_gray_brown_M_50_60_gray_brown_M_60_70_clay_red_M_70_80_clay_red.jpg,Soil_Labeled_Data/M_80_90/L_60_70/alluvial/z5715084415256_c016f29f8a2b857513855a25b24de184_M_20_30_pale_yellow_M_30_40_gray_brown_M_50_60_gray_brown_M_60_70_clay_red_M_70_80_clay_red.jpg,Soil_Labeled_Data/M_80_90/L_60_70/alluvial/z5715084415256_c016f29f8a2b857513855a25b24de184_M_20_30_pale_yellow_M_30_40_gray_brown_M_50_60_gray_brown_M_60_70_clay_red_M_70_80_clay_red.jpg,PRESENT,False,bb19c0ee5104d52d8ffb86060b2f4208cada3172e31f97c076426f00dae5a352,87,88,61,8,M_80_90,L_60_70,alluvial,phash:d20d5edb74fa0581,phash:d20d5edb74fa0581,,,train
42fe1187f9412dd4d743,IMG_0292_M_0_10_pale_yellow_M_40_50_gray_brown_M_60_70_clay_red.jpg,Soil_Labeled_Data/M_80_90/L_70_80/alluvial/IMG_0292_M_0_10_pale_yellow_M_40_50_gray_brown_M_60_70_clay_red.jpg,Soil_Labeled_Data/M_80_90/L_70_80/alluvial/IMG_0292_M_0_10_pale_yellow_M_40_50_gray_brown_M_60_70_clay_red.jpg,PRESENT,False,bb26ac3736e8bf4dee7adc2c41d08d0ca5b748cde8092357ad39501c686d9d53,82,85,72,8,M_80_90,L_70_80,alluvial,phash:8ae8b78e4c3d05ab,phash:8ae8b78e4c3d05ab,,,train
61a5805934a08ad6b5bf,IMG_0298_M_0_10_gray_brown_M_40_50_gray_brown_M_50_60_gray_brown_M_60_70_dark_brown_M_70_80_clay_red.jpg,Soil_Labeled_Data/M_80_90/L_70_80/alluvial/IMG_0298_M_0_10_gray_brown_M_40_50_gray_brown_M_50_60_gray_brown_M_60_70_dark_brown_M_70_80_clay_red.jpg,Soil_Labeled_Data/M_80_90/L_70_80/alluvial/IMG_0298_M_0_10_gray_brown_M_40_50_gray_brown_M_50_60_gray_brown_M_60_70_dark_brown_M_70_80_clay_red.jpg,PRESENT,False,17baaa22bc286530df605aabc6e9a7e6f8f4d68211ecbed6b3c62a5c04ceca77,82,84,70,8,M_80_90,L_70_80,alluvial,phash:11e7115e81b35b9a,phash:11e7115e81b35b9a,,,train
e74098488f6e07e4ceb8,IMG_0697_M_10_20_light_brown_M_40_50_dark_brown_M_60_70_clay_red.jpg,Soil_Labeled_Data/M_80_90/L_70_80/alluvial/IMG_0697_M_10_20_light_brown_M_40_50_dark_brown_M_60_70_clay_red.jpg,Soil_Labeled_Data/M_80_90/L_70_80/alluvial/IMG_0697_M_10_20_light_brown_M_40_50_dark_brown_M_60_70_clay_red.jpg,PRESENT,False,e9320782466d4b813042a8c34a902ac68536273bbab742a8f253d3c92a831354,90,89,74,8,M_80_90,L_70_80,alluvial,phash:5cf9899e04a59dd3,phash:5cf9899e04a59dd3,,,train
df3d6288a1ccf21f1390,IMG_0697_M_10_20_pale_yellow_M_30_40_gray_brown_M_50_60_dark_brown_M_70_80_wet_gray.jpg,Soil_Labeled_Data/M_80_90/L_70_80/alluvial/IMG_0697_M_10_20_pale_yellow_M_30_40_gray_brown_M_50_60_dark_brown_M_70_80_wet_gray.jpg,Soil_Labeled_Data/M_80_90/L_70_80/alluvial/IMG_0697_M_10_20_pale_yellow_M_30_40_gray_brown_M_50_60_dark_brown_M_70_80_wet_gray.jpg,PRESENT,False,2f3925ed8a15aca0877080f93024492fb0872902de1b680cc517ff7ae04ac471,82,84,78,8,M_80_90,L_70_80,alluvial,phash:5cf9899e04a59dd3,phash:5cf9899e04a59dd3,,,train
e5547fb12fc6325cb06f,IMG_0699_M_10_20_pale_yellow_M_40_50_gray_brown_M_60_70_clay_red_M_70_80_clay_red.jpg,Soil_Labeled_Data/M_80_90/L_70_80/alluvial/IMG_0699_M_10_20_pale_yellow_M_40_50_gray_brown_M_60_70_clay_red_M_70_80_clay_red.jpg,Soil_Labeled_Data/M_80_90/L_70_80/alluvial/IMG_0699_M_10_20_pale_yellow_M_40_50_gray_brown_M_60_70_clay_red_M_70_80_clay_red.jpg,PRESENT,False,b69699299f7e8bdb4ff09290dced90c362a62f3577eba9d847b4c7fd236d9d00,84,87,71,8,M_80_90,L_70_80,alluvial,phash:b5220e00f45fa5b8,phash:b5220e00f45fa5b8,,,train
b6951f4bc5a4c62026b0,IMG_0699_M_10_20_pale_yellow_M_40_50_light_brown_M_50_60_dark_brown_M_60_70_clay_red_M_70_80_clay_red.jpg,Soil_Labeled_Data/M_80_90/L_70_80/alluvial/IMG_0699_M_10_20_pale_yellow_M_40_50_light_brown_M_50_60_dark_brown_M_60_70_clay_red_M_70_80_clay_red.jpg,Soil_Labeled_Data/M_80_90/L_70_80/alluvial/IMG_0699_M_10_20_pale_yellow_M_40_50_light_brown_M_50_60_dark_brown_M_60_70_clay_red_M_70_80_clay_red.jpg,PRESENT,False,05931e3bbf552779835546a230b637e03a5ec32f634c834827e33b5f8670b651,83,82,72,8,M_80_90,L_70_80,alluvial,phash:b5220e00f45fa5b8,phash:b5220e00f45fa5b8,,,train
be433af69cf51b1a4826,IMG_0700_M_10_20_light_brown_M_30_40_light_brown_M_50_60_dark_brown_M_60_70_clay_red.jpg,Soil_Labeled_Data/M_80_90/L_70_80/alluvial/IMG_0700_M_10_20_light_brown_M_30_40_light_brown_M_50_60_dark_brown_M_60_70_clay_red.jpg,Soil_Labeled_Data/M_80_90/L_70_80/alluvial/IMG_0700_M_10_20_light_brown_M_30_40_light_brown_M_50_60_dark_brown_M_60_70_clay_red.jpg,PRESENT,False,f1d196a9433027ebcbbe819241b7460ad5ede5ed74949a770cf4842d22bee600,85,85,79,8,M_80_90,L_70_80,alluvial,phash:b004e0323940b864,phash:b004e0323940b864,,,train
2f71f03385cf378a08bb,IMG_0702_M_10_20_clayish_red_M_40_50_gray_brown_M_60_70_clay_red_M_70_80_clay_red.jpg,Soil_Labeled_Data/M_80_90/L_70_80/alluvial/IMG_0702_M_10_20_clayish_red_M_40_50_gray_brown_M_60_70_clay_red_M_70_80_clay_red.jpg,Soil_Labeled_Data/M_80_90/L_70_80/alluvial/IMG_0702_M_10_20_clayish_red_M_40_50_gray_brown_M_60_70_clay_red_M_70_80_clay_red.jpg,PRESENT,False,222fbe777d83cc9bf8125b3dfb81723e8d06fb10ccb3481ffc7fce338db3ea65,87,89,71,8,M_80_90,L_70_80,alluvial,phash:da003ea3a8a9acb4,phash:da003ea3a8a9acb4,,,train
1efcfe798c2b56061955,IMG_0706_M_10_20_light_brown_M_30_40_light_brown_M_50_60_clay_red_M_70_80_wet_gray.jpg,Soil_Labeled_Data/M_80_90/L_70_80/alluvial/IMG_0706_M_10_20_light_brown_M_30_40_light_brown_M_50_60_clay_red_M_70_80_wet_gray.jpg,Soil_Labeled_Data/M_80_90/L_70_80/alluvial/IMG_0706_M_10_20_light_brown_M_30_40_light_brown_M_50_60_clay_red_M_70_80_wet_gray.jpg,PRESENT,False,dff3fd4523f2bac78813523b5afd49802f5301e26fddb20b05563276b227c2c3,86,86,71,8,M_80_90,L_70_80,alluvial,phash:da003ea3a8a9acb4,phash:da003ea3a8a9acb4,,,train
db922ff29d1248f47597,IMG_0707_M_10_20_gray_brown_M_40_50_dark_brown_M_60_70_clay_red.jpg,Soil_Labeled_Data/M_80_90/L_70_80/alluvial/IMG_0707_M_10_20_gray_brown_M_40_50_dark_brown_M_60_70_clay_red.jpg,Soil_Labeled_Data/M_80_90/L_70_80/alluvial/IMG_0707_M_10_20_gray_brown_M_40_50_dark_brown_M_60_70_clay_red.jpg,PRESENT,False,bc1cba7c3cfa0fa79e628706cbb7e6026cb3f886e618b2148e86311d5b0fbfbf,80,79,78,8,M_80_90,L_70_80,alluvial,phash:b8c5699fca19afbe,phash:b8c5699fca19afbe,,,train
21654299ec7985a1f84c,IMG_0707_M_10_20_gray_brown_M_40_50_light_brown_M_50_60_dark_brown_M_60_70_clay_red.jpg,Soil_Labeled_Data/M_80_90/L_70_80/alluvial/IMG_0707_M_10_20_gray_brown_M_40_50_light_brown_M_50_60_dark_brown_M_60_70_clay_red.jpg,Soil_Labeled_Data/M_80_90/L_70_80/alluvial/IMG_0707_M_10_20_gray_brown_M_40_50_light_brown_M_50_60_dark_brown_M_60_70_clay_red.jpg,PRESENT,False,c17c464967944012e813b9b9960657524cc9f553c57421ba7860deda624cbac3,83,86,76,8,M_80_90,L_70_80,alluvial,phash:b8c5699fca19afbe,phash:b8c5699fca19afbe,,,train
9e36e2924606538d9493,IMG_0707_M_10_20_pale_yellow_M_30_40_gray_brown_M_50_60_dark_brown_M_70_80_wet_gray.jpg,Soil_Labeled_Data/M_80_90/L_70_80/alluvial/IMG_0707_M_10_20_pale_yellow_M_30_40_gray_brown_M_50_60_dark_brown_M_70_80_wet_gray.jpg,Soil_Labeled_Data/M_80_90/L_70_80/alluvial/IMG_0707_M_10_20_pale_yellow_M_30_40_gray_brown_M_50_60_dark_brown_M_70_80_wet_gray.jpg,PRESENT,False,3a36443e345eb68b5e01e75db66e287d7ae53a0898f2230917feb1739f4f89a6,88,90,78,8,M_80_90,L_70_80,alluvial,phash:b8c5699fca19afbe,phash:b8c5699fca19afbe,,,train
d9b006373054c6e1a8e3,IMG_0708_M_10_20_clayish_red_M_40_50_light_brown_M_50_60_gray_brown_M_60_70_clay_red_M_70_80_clay_red.jpg,Soil_Labeled_Data/M_80_90/L_70_80/alluvial/IMG_0708_M_10_20_clayish_red_M_40_50_light_brown_M_50_60_gray_brown_M_60_70_clay_red_M_70_80_clay_red.jpg,Soil_Labeled_Data/M_80_90/L_70_80/alluvial/IMG_0708_M_10_20_clayish_red_M_40_50_light_brown_M_50_60_gray_brown_M_60_70_clay_red_M_70_80_clay_red.jpg,PRESENT,False,06e6bbbc94b1cb09aadd0ec6a1c84111335e274e6b3ed0f2652356bc3d8ddf09,84,83,73,8,M_80_90,L_70_80,alluvial,phash:9d2033d48628688c,phash:9d2033d48628688c,,,train
6ceb9901cf09914c3cab,IMG_0710_M_10_20_pale_yellow_M_30_40_gray_brown_M_50_60_gray_brown_M_60_70_clay_red_M_70_80_clay_red.jpg,Soil_Labeled_Data/M_80_90/L_70_80/alluvial/IMG_0710_M_10_20_pale_yellow_M_30_40_gray_brown_M_50_60_gray_brown_M_60_70_clay_red_M_70_80_clay_red.jpg,Soil_Labeled_Data/M_80_90/L_70_80/alluvial/IMG_0710_M_10_20_pale_yellow_M_30_40_gray_brown_M_50_60_gray_brown_M_60_70_clay_red_M_70_80_clay_red.jpg,PRESENT,False,52f32dec88d52dbf5528656978b1bb5c788bf5a32ce6d54d580b7a964bdfa6c1,80,81,80,8,M_80_90,L_70_80,alluvial,phash:5e8c45f8956cae93,phash:5e8c45f8956cae93,,,train
42bb5c2d1cb7068893c8,IMG_0715_M_10_20_pale_yellow_M_30_40_light_brown_M_50_60_dark_brown_M_60_70_wet_gray.jpg,Soil_Labeled_Data/M_80_90/L_70_80/alluvial/IMG_0715_M_10_20_pale_yellow_M_30_40_light_brown_M_50_60_dark_brown_M_60_70_wet_gray.jpg,Soil_Labeled_Data/M_80_90/L_70_80/alluvial/IMG_0715_M_10_20_pale_yellow_M_30_40_light_brown_M_50_60_dark_brown_M_60_70_wet_gray.jpg,PRESENT,False,d02d8151eb9742d2766fb1764f07b3546220892c8bc755a2a44dade9b46f9405,82,85,71,8,M_80_90,L_70_80,alluvial,phash:04c1aca557db14ee,phash:04c1aca557db14ee,,,train
91949533b047e05ceb7b,z5715142006130_46686c8c324bef016a5cf09b6c303d7d_M_20_30_light_brown_M_30_40_light_brown_M_50_60_dark_brown_M_70_80_clay_red.jpg,Soil_Labeled_Data/M_80_90/L_70_80/alluvial/z5715142006130_46686c8c324bef016a5cf09b6c303d7d_M_20_30_light_brown_M_30_40_light_brown_M_50_60_dark_brown_M_70_80_clay_red.jpg,Soil_Labeled_Data/M_80_90/L_70_80/alluvial/z5715142006130_46686c8c324bef016a5cf09b6c303d7d_M_20_30_light_brown_M_30_40_light_brown_M_50_60_dark_brown_M_70_80_clay_red.jpg,PRESENT,False,7b5454ed347d54a9fa546ac119d7e0649c8b0053b690e8e5a2c2947f3f0f9c6e,84,87,75,8,M_80_90,L_70_80,alluvial,phash:f2c7f7d00b739ab5,phash:f2c7f7d00b739ab5,,,train
7e8a19cf3ae866e28785,z5715142006130_46686c8c324bef016a5cf09b6c303d7d_M_20_30_light_brown_M_30_40_light_brown_M_50_60_gray_brown_M_60_70_clay_red.jpg,Soil_Labeled_Data/M_80_90/L_70_80/alluvial/z5715142006130_46686c8c324bef016a5cf09b6c303d7d_M_20_30_light_brown_M_30_40_light_brown_M_50_60_gray_brown_M_60_70_clay_red.jpg,Soil_Labeled_Data/M_80_90/L_70_80/alluvial/z5715142006130_46686c8c324bef016a5cf09b6c303d7d_M_20_30_light_brown_M_30_40_light_brown_M_50_60_gray_brown_M_60_70_clay_red.jpg,PRESENT,False,f40f68dd507fa32376892f05d7366ca0ee0a14340432d204aa1d928d23973aff,80,79,75,8,M_80_90,L_70_80,alluvial,phash:f2c7f7d00b739ab5,phash:f2c7f7d00b739ab5,,,train
bfd7ea5807fb4c0b752a,z5715142229857_c6b81d36db95f193a6b59ac535fea2cc_M_20_30_pale_yellow_M_30_40_gray_brown_M_50_60_dark_brown_M_70_80_clay_red.jpg,Soil_Labeled_Data/M_80_90/L_70_80/alluvial/z5715142229857_c6b81d36db95f193a6b59ac535fea2cc_M_20_30_pale_yellow_M_30_40_gray_brown_M_50_60_dark_brown_M_70_80_clay_red.jpg,Soil_Labeled_Data/M_80_90/L_70_80/alluvial/z5715142229857_c6b81d36db95f193a6b59ac535fea2cc_M_20_30_pale_yellow_M_30_40_gray_brown_M_50_60_dark_brown_M_70_80_clay_red.jpg,PRESENT,False,df21a347babd42c0fcef4257512cbf367c6dcdda7137da3102e10e596d787fba,80,83,71,8,M_80_90,L_70_80,alluvial,phash:941a871f81e9813c,phash:941a871f81e9813c,,,train
abde11f2e9090a25a01c,z5715142229857_c6b81d36db95f193a6b59ac535fea2cc_M_20_30_pale_yellow_M_30_40_gray_brown_M_50_60_gray_brown_M_60_70_clay_red_M_70_80_wet_gray.jpg,Soil_Labeled_Data/M_80_90/L_70_80/alluvial/z5715142229857_c6b81d36db95f193a6b59ac535fea2cc_M_20_30_pale_yellow_M_30_40_gray_brown_M_50_60_gray_brown_M_60_70_clay_red_M_70_80_wet_gray.jpg,Soil_Labeled_Data/M_80_90/L_70_80/alluvial/z5715142229857_c6b81d36db95f193a6b59ac535fea2cc_M_20_30_pale_yellow_M_30_40_gray_brown_M_50_60_gray_brown_M_60_70_clay_red_M_70_80_wet_gray.jpg,PRESENT,False,610606bfd594096e5dd7136f237f930390a505bfba97a7c876a2c2bd31ca0f9f,81,81,73,8,M_80_90,L_70_80,alluvial,phash:941a871f81e9813c,phash:941a871f81e9813c,,,train
7f5c66514109cee3aefc,z5613702246518_ab3113f49f25ded520dcb04a67253ccb.jpg,Soil_Labeled_Data/M_80_90/L_80_90/alluvial/z5613702246518_ab3113f49f25ded520dcb04a67253ccb.jpg,Soil_Labeled_Data/M_80_90/L_80_90/alluvial/z5613702246518_ab3113f49f25ded520dcb04a67253ccb.jpg,PRESENT,False,8984297f295b214cab63e6d9f8939a699f6c8c9e5257941c968bfbbd7be17a9f,82,85,80,8,M_80_90,L_80_90,alluvial,phash:71ad861852ba3e1c,phash:71ad861852ba3e1c,,,train
b21b1c968c02b78a2a70,z5613702575086_ccc939e24dd66fe3300e61ce99f46525.jpg,Soil_Labeled_Data/M_80_90/L_80_90/alluvial/z5613702575086_ccc939e24dd66fe3300e61ce99f46525.jpg,Soil_Labeled_Data/M_80_90/L_80_90/alluvial/z5613702575086_ccc939e24dd66fe3300e61ce99f46525.jpg,PRESENT,False,6ffc35fa6049c153ddba449ddb7a3cdc2c7c363dc7141f1025919304145c360c,82,81,82,8,M_80_90,L_80_90,alluvial,phash:1215d62c7553ea0a,phash:1215d62c7553ea0a,,,train
d3766b8618e49bca6f98,z5613702725206_8c7c8cf0e406cce7f9bb44dbf7c21d36.jpg,Soil_Labeled_Data/M_80_90/L_80_90/alluvial/z5613702725206_8c7c8cf0e406cce7f9bb44dbf7c21d36.jpg,Soil_Labeled_Data/M_80_90/L_80_90/alluvial/z5613702725206_8c7c8cf0e406cce7f9bb44dbf7c21d36.jpg,PRESENT,False,0bd5a3b7eca43500274ec27f6a922f4d3f89cb09f9542ab85761bedd5ebd3a2a,89,87,85,8,M_80_90,L_80_90,alluvial,phash:9f5f47dfa731054a,phash:9f5f47dfa731054a,,,train
33bbc440543b635fc0a9,z5613703452772_492385cf235886abfc19c81ea79dd383.jpg,Soil_Labeled_Data/M_80_90/L_80_90/alluvial/z5613703452772_492385cf235886abfc19c81ea79dd383.jpg,Soil_Labeled_Data/M_80_90/L_80_90/alluvial/z5613703452772_492385cf235886abfc19c81ea79dd383.jpg,PRESENT,False,4e95bfc76533072c07fa9ebdf48293e5b15d526c48822b00915f87d3b4410c65,85,84,89,8,M_80_90,L_80_90,alluvial,phash:76cc89c5934a6235,phash:76cc89c5934a6235,,,train
9b6b802034e9075bd5cf,z5613703690832_9a6ffbbcfe22a421836e1a70bf5a4058.jpg,Soil_Labeled_Data/M_80_90/L_80_90/alluvial/z5613703690832_9a6ffbbcfe22a421836e1a70bf5a4058.jpg,Soil_Labeled_Data/M_80_90/L_80_90/alluvial/z5613703690832_9a6ffbbcfe22a421836e1a70bf5a4058.jpg,PRESENT,False,2b2352a5d2d4d5c2eb01b8ff8219afce5f280265a5fb3cd3566a367ee7f89aa1,80,80,88,8,M_80_90,L_80_90,alluvial,phash:973bc84196291d6c,phash:973bc84196291d6c,,,train
65f75a6423b4dd89fd43,z5613703928980_0887994eda3991e7d39724d312f0c82e.jpg,Soil_Labeled_Data/M_80_90/L_80_90/alluvial/z5613703928980_0887994eda3991e7d39724d312f0c82e.jpg,Soil_Labeled_Data/M_80_90/L_80_90/alluvial/z5613703928980_0887994eda3991e7d39724d312f0c82e.jpg,PRESENT,False,aa6d515264e009bfee4e151e74feca11066b34f9d3d4375a7a32b32c5c3688e7,80,78,85,8,M_80_90,L_80_90,alluvial,phash:800634b2c99ac8f3,phash:800634b2c99ac8f3,,,train
d5dbbe90ba7477bc2c27,z5613704092818_44e9d2e8185b6c87debb699df8979837.jpg,Soil_Labeled_Data/M_80_90/L_80_90/alluvial/z5613704092818_44e9d2e8185b6c87debb699df8979837.jpg,Soil_Labeled_Data/M_80_90/L_80_90/alluvial/z5613704092818_44e9d2e8185b6c87debb699df8979837.jpg,PRESENT,False,dd832da332d67f525c1db2ab76fd036850bf58f79496ee25ce99e3484aa357bf,82,82,90,8,M_80_90,L_80_90,alluvial,phash:2d5d165a635a2095,phash:2d5d165a635a2095,,,train
efca98e9ee8dfd5da2ee,z5613704249404_edbe7fe10db96e1d859c72ec4c44ceff.jpg,Soil_Labeled_Data/M_80_90/L_80_90/alluvial/z5613704249404_edbe7fe10db96e1d859c72ec4c44ceff.jpg,Soil_Labeled_Data/M_80_90/L_80_90/alluvial/z5613704249404_edbe7fe10db96e1d859c72ec4c44ceff.jpg,PRESENT,False,d188e602553f7c7c499bb57ebf65338ff6d6dae91915235194c7f6c920362c3f,84,84,82,8,M_80_90,L_80_90,alluvial,phash:9d431cab8795e4bf,phash:9d431cab8795e4bf,,,train
44cef74cc0e7c9f8e6a2,z5613704321140_6d67c39d725fb50253def9c57db4bedc.jpg,Soil_Labeled_Data/M_80_90/L_80_90/alluvial/z5613704321140_6d67c39d725fb50253def9c57db4bedc.jpg,Soil_Labeled_Data/M_80_90/L_80_90/alluvial/z5613704321140_6d67c39d725fb50253def9c57db4bedc.jpg,PRESENT,False,c9f11f4859e70d08a385ec563ff0bdb1b94fd1f7ccf1cdeb8cf5bcea8a817d94,85,86,86,8,M_80_90,L_80_90,alluvial,phash:4b6bf69f8d4e521c,phash:4b6bf69f8d4e521c,,,train
b766ebcd58fc04121fad,z5613704380679_35582141031c6fb926f69d2a5af1acc2.jpg,Soil_Labeled_Data/M_80_90/L_80_90/alluvial/z5613704380679_35582141031c6fb926f69d2a5af1acc2.jpg,Soil_Labeled_Data/M_80_90/L_80_90/alluvial/z5613704380679_35582141031c6fb926f69d2a5af1acc2.jpg,PRESENT,False,953b7e154a9950a4f3f4525cd6d79f68747c23278d1ee40d36bc6da4bf5efbd7,82,82,88,8,M_80_90,L_80_90,alluvial,phash:5b4a016b5e5430e6,phash:5b4a016b5e5430e6,,,train
f708401c0e5f70ce7f1c,M_80_90_L_90_100_0010_dark_brown.jpg,Soil_Labeled_Data/M_80_90/L_90_100/alluvial/M_80_90_L_90_100_0010_dark_brown.jpg,Soil_Labeled_Data/M_80_90/L_90_100/alluvial/M_80_90_L_90_100_0010_dark_brown.jpg,PRESENT,False,61e264703e13c598974b79e2605e0f9fa335b504fafad622ff63c176d97f91bc,80,78,95,8,M_80_90,L_90_100,alluvial,phash:221b56b65a88ae8d,phash:221b56b65a88ae8d,,,train
92f92d6e50644fd7b674,M_80_90_L_90_100_0015_gray_brown.jpg,Soil_Labeled_Data/M_80_90/L_90_100/alluvial/M_80_90_L_90_100_0015_gray_brown.jpg,Soil_Labeled_Data/M_80_90/L_90_100/alluvial/M_80_90_L_90_100_0015_gray_brown.jpg,PRESENT,False,b21216ab028bacfaa79d2f68c7abea4b30f275b2a771dc6c1af1898d69bb9e26,81,83,92,8,M_80_90,L_90_100,alluvial,phash:4dffec36c3896eb9,phash:4dffec36c3896eb9,,,train
0f3ba5e4bf661547df53,M_80_90_L_90_100_0019_gray_brown.jpg,Soil_Labeled_Data/M_80_90/L_90_100/alluvial/M_80_90_L_90_100_0019_gray_brown.jpg,Soil_Labeled_Data/M_80_90/L_90_100/alluvial/M_80_90_L_90_100_0019_gray_brown.jpg,PRESENT,False,7d52d848212b9a08688dc12b2870064125102f1f7f877f18d6fd16212dd5cf3e,90,90,97,8,M_80_90,L_90_100,alluvial,phash:b1dd5e518be03381,phash:b1dd5e518be03381,,,train
1a856d28726b2e399e5e,M_80_90_L_90_100_0020_gray_brown.jpg,Soil_Labeled_Data/M_80_90/L_90_100/alluvial/M_80_90_L_90_100_0020_gray_brown.jpg,Soil_Labeled_Data/M_80_90/L_90_100/alluvial/M_80_90_L_90_100_0020_gray_brown.jpg,PRESENT,False,f8872c54254c912dd653f9b39da6294a4ad6683831a5f38d468ff1e669643ab3,81,79,90,8,M_80_90,L_90_100,alluvial,phash:3f12adad0d3de4b3,phash:3f12adad0d3de4b3,,,train
0460fdb8b5f78c3b7731,M_80_90_L_90_100_0021_clay_red.jpg,Soil_Labeled_Data/M_80_90/L_90_100/alluvial/M_80_90_L_90_100_0021_clay_red.jpg,Soil_Labeled_Data/M_80_90/L_90_100/alluvial/M_80_90_L_90_100_0021_clay_red.jpg,PRESENT,False,7c0e53622b6d871c53f733a8ddb82345584ce07b0162c32abc5103291045ae0b,83,83,94,8,M_80_90,L_90_100,alluvial,phash:1817f7729054661c,phash:1817f7729054661c,,,train
aeda01cd8fea6cbb8a29,M_80_90_L_90_100_0028_light_brown.jpg,Soil_Labeled_Data/M_80_90/L_90_100/alluvial/M_80_90_L_90_100_0028_light_brown.jpg,Soil_Labeled_Data/M_80_90/L_90_100/alluvial/M_80_90_L_90_100_0028_light_brown.jpg,PRESENT,False,27281107187e6154271d2eaba1ba0809de8cda8c7a4b46b65859120e2a491bc0,88,87,90,8,M_80_90,L_90_100,alluvial,phash:4629140a527a816d,phash:4629140a527a816d,,,train
7755ce21e084010a2e0a,M_80_90_L_90_100_0036_clay_red.jpg,Soil_Labeled_Data/M_80_90/L_90_100/alluvial/M_80_90_L_90_100_0036_clay_red.jpg,Soil_Labeled_Data/M_80_90/L_90_100/alluvial/M_80_90_L_90_100_0036_clay_red.jpg,PRESENT,False,c30b4eac8f5f8be460c1824668902b30cb02ce39191549927b6a9f4c4547cd58,87,89,93,8,M_80_90,L_90_100,alluvial,phash:4dffec36c3896eb9,phash:4dffec36c3896eb9,,,train
e193a13ed10596d1df8d,M_80_90_L_90_100_0037_clay_red.jpg,Soil_Labeled_Data/M_80_90/L_90_100/alluvial/M_80_90_L_90_100_0037_clay_red.jpg,Soil_Labeled_Data/M_80_90/L_90_100/alluvial/M_80_90_L_90_100_0037_clay_red.jpg,PRESENT,False,1b75b92be30a9ac6fbcbe28ddf6af21b7c0ec687f4de9e1614ec40e851add497,90,91,97,8,M_80_90,L_90_100,alluvial,phash:4dffec36c3896eb9,phash:4dffec36c3896eb9,,,train
e19479c83e3c57e5c975,M_80_90_L_90_100_0038_dark_brown.jpg,Soil_Labeled_Data/M_80_90/L_90_100/alluvial/M_80_90_L_90_100_0038_dark_brown.jpg,Soil_Labeled_Data/M_80_90/L_90_100/alluvial/M_80_90_L_90_100_0038_dark_brown.jpg,PRESENT,False,9a6ac62f1c1733b95d9f69e129baf5efff31b19f57e9937d81b4402f9d7ce9d3,83,83,95,8,M_80_90,L_90_100,alluvial,phash:7c9ef0dd6e1b1f31,phash:7c9ef0dd6e1b1f31,,,train
e2ff58a4020c5c077ad6,M_80_90_L_90_100_0039_gray_brown.jpg,Soil_Labeled_Data/M_80_90/L_90_100/alluvial/M_80_90_L_90_100_0039_gray_brown.jpg,Soil_Labeled_Data/M_80_90/L_90_100/alluvial/M_80_90_L_90_100_0039_gray_brown.jpg,PRESENT,False,d56a0c7ab6780ac8f03ad8f528baff0d38c0b3c7708dd57540635d2a2df80df8,81,81,95,8,M_80_90,L_90_100,alluvial,phash:4dffec36c3896eb9,phash:4dffec36c3896eb9,,,train
e4d584bfecc8ea666081,M_80_90_L_90_100_0044_clay_red.jpg,Soil_Labeled_Data/M_80_90/L_90_100/alluvial/M_80_90_L_90_100_0044_clay_red.jpg,Soil_Labeled_Data/M_80_90/L_90_100/alluvial/M_80_90_L_90_100_0044_clay_red.jpg,PRESENT,False,c0c7ae7ddc3f72fcc056cd6b67eed07a41e5c1ba8044745aca3f8cb3fc780830,83,81,94,8,M_80_90,L_90_100,alluvial,phash:4dffec36c3896eb9,phash:4dffec36c3896eb9,,,train
70498b2f0c7566e21cd8,M_80_90_L_90_100_0058_dark_brown.jpg,Soil_Labeled_Data/M_80_90/L_90_100/alluvial/M_80_90_L_90_100_0058_dark_brown.jpg,Soil_Labeled_Data/M_80_90/L_90_100/alluvial/M_80_90_L_90_100_0058_dark_brown.jpg,PRESENT,False,ea515b8815121547967f47c18752dba3cd1e1d61c7a93463370a261573467669,80,82,99,8,M_80_90,L_90_100,alluvial,phash:1817f7729054661c,phash:1817f7729054661c,,,train
d7694b6675060070de5c,M_80_90_L_90_100_0061_light_brown.jpg,Soil_Labeled_Data/M_80_90/L_90_100/alluvial/M_80_90_L_90_100_0061_light_brown.jpg,Soil_Labeled_Data/M_80_90/L_90_100/alluvial/M_80_90_L_90_100_0061_light_brown.jpg,PRESENT,False,87651056c0c088519e0b626d796aa377e7090cf42304bd70f2b6a26461708226,80,82,100,8,M_80_90,L_90_100,alluvial,phash:25a20c412fc48b30,phash:25a20c412fc48b30,,,train
f318c297118aca23a9e2,M_80_90_L_90_100_0067_clay_red.jpg,Soil_Labeled_Data/M_80_90/L_90_100/alluvial/M_80_90_L_90_100_0067_clay_red.jpg,Soil_Labeled_Data/M_80_90/L_90_100/alluvial/M_80_90_L_90_100_0067_clay_red.jpg,PRESENT,False,e21751f215c65ff9391f1f3783b296a8733cda880922097b3cd65d9b108e7a04,82,80,100,8,M_80_90,L_90_100,alluvial,phash:b1dd5e518be03381,phash:b1dd5e518be03381,,,train
b6913234909f99887780,M_80_90_L_90_100_0069_dark_brown.jpg,Soil_Labeled_Data/M_80_90/L_90_100/alluvial/M_80_90_L_90_100_0069_dark_brown.jpg,Soil_Labeled_Data/M_80_90/L_90_100/alluvial/M_80_90_L_90_100_0069_dark_brown.jpg,PRESENT,False,d9682626437148151145f8886221511e58484aad8dc3470c8531f57d3448bf75,80,82,99,8,M_80_90,L_90_100,alluvial,phash:b1dd5e518be03381,phash:b1dd5e518be03381,,,train
45d8219b46c4228340ff,M_80_90_L_90_100_0076_wet_gray.jpg,Soil_Labeled_Data/M_80_90/L_90_100/alluvial/M_80_90_L_90_100_0076_wet_gray.jpg,Soil_Labeled_Data/M_80_90/L_90_100/alluvial/M_80_90_L_90_100_0076_wet_gray.jpg,PRESENT,False,7814008810bff97891b81343ba898270c825939ad81b9d0d27bb531991857765,88,87,92,8,M_80_90,L_90_100,alluvial,phash:b1dd5e518be03381,phash:b1dd5e518be03381,,,train
6c7e484a717e13729743,M_80_90_L_90_100_0087_clay_red.jpg,Soil_Labeled_Data/M_80_90/L_90_100/alluvial/M_80_90_L_90_100_0087_clay_red.jpg,Soil_Labeled_Data/M_80_90/L_90_100/alluvial/M_80_90_L_90_100_0087_clay_red.jpg,PRESENT,False,3bfb5dd46040073eeeb81b4e858c4d8331c793fca032a699f384796d319eee19,82,83,96,8,M_80_90,L_90_100,alluvial,phash:e41a373209bba8a1,phash:e41a373209bba8a1,,,train
e84a7a4b22da5c1918ef,M_80_90_L_90_100_0093_wet_gray.jpg,Soil_Labeled_Data/M_80_90/L_90_100/alluvial/M_80_90_L_90_100_0093_wet_gray.jpg,Soil_Labeled_Data/M_80_90/L_90_100/alluvial/M_80_90_L_90_100_0093_wet_gray.jpg,PRESENT,False,794bae77aba7bbe82e3046357f853414b75042a3d3c6fb9f729d7cefb65e6ab3,90,92,99,8,M_80_90,L_90_100,alluvial,phash:3f12adad0d3de4b3,phash:3f12adad0d3de4b3,,,train
bbd3ecc4d8bd5c7b0273,M_80_90_L_90_100_0097_gray_brown.jpg,Soil_Labeled_Data/M_80_90/L_90_100/alluvial/M_80_90_L_90_100_0097_gray_brown.jpg,Soil_Labeled_Data/M_80_90/L_90_100/alluvial/M_80_90_L_90_100_0097_gray_brown.jpg,PRESENT,False,4d5ac7be5d8a00c9a242339639c6701d9763a209d7c9431b58e211a46f6291a4,86,87,90,8,M_80_90,L_90_100,alluvial,phash:e92eaca4ff3b1796,phash:e92eaca4ff3b1796,,,train
ad357813180cd3cedde8,M_80_90_L_90_100_0099_gray_brown.jpg,Soil_Labeled_Data/M_80_90/L_90_100/alluvial/M_80_90_L_90_100_0099_gray_brown.jpg,Soil_Labeled_Data/M_80_90/L_90_100/alluvial/M_80_90_L_90_100_0099_gray_brown.jpg,PRESENT,False,86dde74117249f507d6b9528cbd89f8c599de7bee3a18794f349cdf883f52843,87,86,91,8,M_80_90,L_90_100,alluvial,phash:25a20c412fc48b30,phash:25a20c412fc48b30,,,train
5f977b7f7f14aec9c519,IMG_0405_M_10_20_light_brown_M_40_50_gray_brown_M_50_60_dark_brown_M_70_80_dark_brown.jpg,Soil_Labeled_Data/M_90_100/L_0_10/alluvial/IMG_0405_M_10_20_light_brown_M_40_50_gray_brown_M_50_60_dark_brown_M_70_80_dark_brown.jpg,Soil_Labeled_Data/M_90_100/L_0_10/alluvial/IMG_0405_M_10_20_light_brown_M_40_50_gray_brown_M_50_60_dark_brown_M_70_80_dark_brown.jpg,PRESENT,False,e9c2687c93f6c7ac179957180582c645ca948ae614b3ccc38dbd33b299ca23fe,92,99,0,9,M_90_100,L_0_10,alluvial,phash:4756c126639a1165,phash:4756c126639a1165,,,train
7fff649899ac640d9e1f,IMG_0413_M_10_20_pale_yellow_M_40_50_gray_brown_M_60_70_wet_gray_M_80_90_wet_gray.jpg,Soil_Labeled_Data/M_90_100/L_0_10/alluvial/IMG_0413_M_10_20_pale_yellow_M_40_50_gray_brown_M_60_70_wet_gray_M_80_90_wet_gray.jpg,Soil_Labeled_Data/M_90_100/L_0_10/alluvial/IMG_0413_M_10_20_pale_yellow_M_40_50_gray_brown_M_60_70_wet_gray_M_80_90_wet_gray.jpg,PRESENT,False,d0b11fbca73eae346054af25e8ae99a52a7434b550fd70f31f906f979e8ff0e2,97,100,0,9,M_90_100,L_0_10,alluvial,phash:4756c126639a1165,phash:4756c126639a1165,,,train
6d9de4eb70c0c8a34424,IMG_0418_M_10_20_clayish_red_M_40_50_light_brown_M_50_60_dark_brown_M_60_70_dark_brown_M_70_80_wet_gray.jpg,Soil_Labeled_Data/M_90_100/L_0_10/alluvial/IMG_0418_M_10_20_clayish_red_M_40_50_light_brown_M_50_60_dark_brown_M_60_70_dark_brown_M_70_80_wet_gray.jpg,Soil_Labeled_Data/M_90_100/L_0_10/alluvial/IMG_0418_M_10_20_clayish_red_M_40_50_light_brown_M_50_60_dark_brown_M_60_70_dark_brown_M_70_80_wet_gray.jpg,PRESENT,False,e419b1cb3ab83f1e19739b2750c3095907fea9f2936d35d24dae2bee007bb0cb,100,100,3,9,M_90_100,L_0_10,alluvial,phash:4756c126639a1165,phash:4756c126639a1165,,,train
d611bc618f85c6df3d30,IMG_0424_M_10_20_clayish_red_M_40_50_gray_brown_M_50_60_dark_brown_M_60_70_dark_brown_M_70_80_wet_gray.jpg,Soil_Labeled_Data/M_90_100/L_0_10/alluvial/IMG_0424_M_10_20_clayish_red_M_40_50_gray_brown_M_50_60_dark_brown_M_60_70_dark_brown_M_70_80_wet_gray.jpg,Soil_Labeled_Data/M_90_100/L_0_10/alluvial/IMG_0424_M_10_20_clayish_red_M_40_50_gray_brown_M_50_60_dark_brown_M_60_70_dark_brown_M_70_80_wet_gray.jpg,PRESENT,False,d0612e3df00ee5bda329ef5e8f15695a86093fe1d97886d766889a6284489b6b,90,93,1,9,M_90_100,L_0_10,alluvial,phash:4756c126639a1165,phash:4756c126639a1165,,,train
1d1a9922a77a750b9112,IMG_0424_M_10_20_clayish_red_M_40_50_gray_brown_M_50_60_dark_brown_M_70_80_dark_brown.jpg,Soil_Labeled_Data/M_90_100/L_0_10/alluvial/IMG_0424_M_10_20_clayish_red_M_40_50_gray_brown_M_50_60_dark_brown_M_70_80_dark_brown.jpg,Soil_Labeled_Data/M_90_100/L_0_10/alluvial/IMG_0424_M_10_20_clayish_red_M_40_50_gray_brown_M_50_60_dark_brown_M_70_80_dark_brown.jpg,PRESENT,False,e4f4a110f210760b4b1912b570f338b8246ec9fa53d3d90f0c7b0a7568b85224,97,100,10,9,M_90_100,L_0_10,alluvial,phash:4756c126639a1165,phash:4756c126639a1165,,,train
2b2d2822f328211d5a38,IMG_0424_M_10_20_pale_yellow_M_40_50_gray_brown_M_60_70_clay_red_M_80_90_wet_gray.jpg,Soil_Labeled_Data/M_90_100/L_0_10/alluvial/IMG_0424_M_10_20_pale_yellow_M_40_50_gray_brown_M_60_70_clay_red_M_80_90_wet_gray.jpg,Soil_Labeled_Data/M_90_100/L_0_10/alluvial/IMG_0424_M_10_20_pale_yellow_M_40_50_gray_brown_M_60_70_clay_red_M_80_90_wet_gray.jpg,PRESENT,False,c4ffb3a7e1abb90f6de34b6592baa0c86853ddb823261ba226942afe5c6c4432,98,100,0,9,M_90_100,L_0_10,alluvial,phash:4756c126639a1165,phash:4756c126639a1165,,,train
0247aff524364a3e10c7,z5714094628996_2ba67db18f33aa6bf75d2bf34582cb2c_M_0_10_gray_brown_M_40_50_dark_brown_M_60_70_dark_brown_M_70_80_clay_red_M_80_90_wet_gray.jpg,Soil_Labeled_Data/M_90_100/L_0_10/alluvial/z5714094628996_2ba67db18f33aa6bf75d2bf34582cb2c_M_0_10_gray_brown_M_40_50_dark_brown_M_60_70_dark_brown_M_70_80_clay_red_M_80_90_wet_gray.jpg,Soil_Labeled_Data/M_90_100/L_0_10/alluvial/z5714094628996_2ba67db18f33aa6bf75d2bf34582cb2c_M_0_10_gray_brown_M_40_50_dark_brown_M_60_70_dark_brown_M_70_80_clay_red_M_80_90_wet_gray.jpg,PRESENT,False,108eed26bd07713aef6cc5abf1faf7ae76a62e6b6f9653e2dc98866283d89a13,96,99,7,9,M_90_100,L_0_10,alluvial,phash:4756c126639a1165,phash:4756c126639a1165,,,train
7b4f9a6b93c6fd144883,z5714094628996_2ba67db18f33aa6bf75d2bf34582cb2c_M_0_10_light_brown_M_40_50_light_brown_M_50_60_gray_brown_M_60_70_clay_red_M_70_80_dark_brown.jpg,Soil_Labeled_Data/M_90_100/L_0_10/alluvial/z5714094628996_2ba67db18f33aa6bf75d2bf34582cb2c_M_0_10_light_brown_M_40_50_light_brown_M_50_60_gray_brown_M_60_70_clay_red_M_70_80_dark_brown.jpg,Soil_Labeled_Data/M_90_100/L_0_10/alluvial/z5714094628996_2ba67db18f33aa6bf75d2bf34582cb2c_M_0_10_light_brown_M_40_50_light_brown_M_50_60_gray_brown_M_60_70_clay_red_M_70_80_dark_brown.jpg,PRESENT,False,23b27cb54f54728505373918e2dc89241602e435a2a5ae3e7b40da1ab0b5f39e,95,98,7,9,M_90_100,L_0_10,alluvial,phash:4756c126639a1165,phash:4756c126639a1165,,,train
2a650bba8a27f96974e2,z5714094901576_151d7c7f5174236f4ce3c22eb6767bd0_M_0_10_clayish_red_M_40_50_gray_brown_M_50_60_gray_brown_M_60_70_dark_brown_M_70_80_wet_gray_M_80_90_wet_gray.jpg,Soil_Labeled_Data/M_90_100/L_0_10/alluvial/z5714094901576_151d7c7f5174236f4ce3c22eb6767bd0_M_0_10_clayish_red_M_40_50_gray_brown_M_50_60_gray_brown_M_60_70_dark_brown_M_70_80_wet_gray_M_80_90_wet_gray.jpg,Soil_Labeled_Data/M_90_100/L_0_10/alluvial/z5714094901576_151d7c7f5174236f4ce3c22eb6767bd0_M_0_10_clayish_red_M_40_50_gray_brown_M_50_60_gray_brown_M_60_70_dark_brown_M_70_80_wet_gray_M_80_90_wet_gray.jpg,PRESENT,False,9c03ddea13616cdbf32c8e7d7a409d823ff072ab331b4f3cd1ae08d50af573bf,98,100,9,9,M_90_100,L_0_10,alluvial,phash:4756c126639a1165,phash:4756c126639a1165,,,train
d5c34ea7013e323843ca,z5714095397323_3ba8d5731fe9ad72ecd36a4f5fe55be2_M_0_10_clayish_red_M_40_50_light_brown_M_50_60_gray_brown_M_60_70_dark_brown_M_70_80_wet_gray.jpg,Soil_Labeled_Data/M_90_100/L_0_10/alluvial/z5714095397323_3ba8d5731fe9ad72ecd36a4f5fe55be2_M_0_10_clayish_red_M_40_50_light_brown_M_50_60_gray_brown_M_60_70_dark_brown_M_70_80_wet_gray.jpg,Soil_Labeled_Data/M_90_100/L_0_10/alluvial/z5714095397323_3ba8d5731fe9ad72ecd36a4f5fe55be2_M_0_10_clayish_red_M_40_50_light_brown_M_50_60_gray_brown_M_60_70_dark_brown_M_70_80_wet_gray.jpg,PRESENT,False,b16023851343e69c941572e88653b44914734dd7e6c1688b569e22b20c06a747,95,97,1,9,M_90_100,L_0_10,alluvial,phash:4756c126639a1165,phash:4756c126639a1165,,,train
1d4f21d6630016be160b,z5716041534082_306e15f5e30046bae34f62036b4539ae_M_30_40_light_brown_M_40_50_gray_brown_M_60_70_wet_gray_M_80_90_dark_brown.jpg,Soil_Labeled_Data/M_90_100/L_0_10/alluvial/z5716041534082_306e15f5e30046bae34f62036b4539ae_M_30_40_light_brown_M_40_50_gray_brown_M_60_70_wet_gray_M_80_90_dark_brown.jpg,Soil_Labeled_Data/M_90_100/L_0_10/alluvial/z5716041534082_306e15f5e30046bae34f62036b4539ae_M_30_40_light_brown_M_40_50_gray_brown_M_60_70_wet_gray_M_80_90_dark_brown.jpg,PRESENT,False,54fa9b95ab56db678f03ac2091bf86e6403dad9ffed1e9048960189d630bab1e,96,99,2,9,M_90_100,L_0_10,alluvial,phash:4756c126639a1165,phash:4756c126639a1165,,,train
5e5e01d581905873cfd3,z5716041641006_4402096ed77e6521a8e53bcaf1ff039a_M_30_40_gray_brown_M_50_60_clay_red_M_70_80_wet_gray_M_80_90_dark_brown.jpg,Soil_Labeled_Data/M_90_100/L_0_10/alluvial/z5716041641006_4402096ed77e6521a8e53bcaf1ff039a_M_30_40_gray_brown_M_50_60_clay_red_M_70_80_wet_gray_M_80_90_dark_brown.jpg,Soil_Labeled_Data/M_90_100/L_0_10/alluvial/z5716041641006_4402096ed77e6521a8e53bcaf1ff039a_M_30_40_gray_brown_M_50_60_clay_red_M_70_80_wet_gray_M_80_90_dark_brown.jpg,PRESENT,False,95ca060d93b2965b2e6e3400203fb7345f34c03a00d26a8c34d7cfa31a054e36,90,92,1,9,M_90_100,L_0_10,alluvial,phash:4756c126639a1165,phash:4756c126639a1165,,,train
b9ca2336bdf63dddb8a0,z5716041844114_ff29c3aa34e5e5744c16680220233e4e_M_30_40_gray_brown_M_40_50_gray_brown_M_50_60_clay_red_M_70_80_wet_gray.jpg,Soil_Labeled_Data/M_90_100/L_0_10/alluvial/z5716041844114_ff29c3aa34e5e5744c16680220233e4e_M_30_40_gray_brown_M_40_50_gray_brown_M_50_60_clay_red_M_70_80_wet_gray.jpg,Soil_Labeled_Data/M_90_100/L_0_10/alluvial/z5716041844114_ff29c3aa34e5e5744c16680220233e4e_M_30_40_gray_brown_M_40_50_gray_brown_M_50_60_clay_red_M_70_80_wet_gray.jpg,PRESENT,False,f4125e635d7b7afd288a0d9afd8e2444cf8d0bf23a548823f038d5e220de66b7,100,100,2,9,M_90_100,L_0_10,alluvial,phash:4756c126639a1165,phash:4756c126639a1165,,,train
18cccaae19cee29d873e,z5716041881708_78beac35b69090477b9041eb1ba236f3_M_30_40_gray_brown_M_40_50_gray_brown_M_50_60_gray_brown_M_60_70_dark_brown_M_70_80_wet_gray.jpg,Soil_Labeled_Data/M_90_100/L_0_10/alluvial/z5716041881708_78beac35b69090477b9041eb1ba236f3_M_30_40_gray_brown_M_40_50_gray_brown_M_50_60_gray_brown_M_60_70_dark_brown_M_70_80_wet_gray.jpg,Soil_Labeled_Data/M_90_100/L_0_10/alluvial/z5716041881708_78beac35b69090477b9041eb1ba236f3_M_30_40_gray_brown_M_40_50_gray_brown_M_50_60_gray_brown_M_60_70_dark_brown_M_70_80_wet_gray.jpg,PRESENT,False,e2884be163521c847b6b295d069fdb80d992bc248f88f56278bbe9b57f88ec12,100,100,0,9,M_90_100,L_0_10,alluvial,phash:4756c126639a1165,phash:4756c126639a1165,,,train
30715fd94e67fec1adea,z5716041962889_1d362459ea63da03f90b3aa0f319097d_M_30_40_pale_yellow_M_40_50_light_brown_M_50_60_clay_red_M_70_80_dark_brown.jpg,Soil_Labeled_Data/M_90_100/L_0_10/alluvial/z5716041962889_1d362459ea63da03f90b3aa0f319097d_M_30_40_pale_yellow_M_40_50_light_brown_M_50_60_clay_red_M_70_80_dark_brown.jpg,Soil_Labeled_Data/M_90_100/L_0_10/alluvial/z5716041962889_1d362459ea63da03f90b3aa0f319097d_M_30_40_pale_yellow_M_40_50_light_brown_M_50_60_clay_red_M_70_80_dark_brown.jpg,PRESENT,False,1d184cb16eac94bb1ef3364a943d1d93d23029d25ee47bbce8fcc1c65ea336b1,96,100,1,9,M_90_100,L_0_10,alluvial,phash:4756c126639a1165,phash:4756c126639a1165,,,train
ec317889f7d5b9e9a90f,z5716042004626_672a27bdaa4badcf207b29a4dbf173b0_M_30_40_light_brown_M_50_60_dark_brown_M_60_70_clay_red_M_80_90_dark_brown.jpg,Soil_Labeled_Data/M_90_100/L_0_10/alluvial/z5716042004626_672a27bdaa4badcf207b29a4dbf173b0_M_30_40_light_brown_M_50_60_dark_brown_M_60_70_clay_red_M_80_90_dark_brown.jpg,Soil_Labeled_Data/M_90_100/L_0_10/alluvial/z5716042004626_672a27bdaa4badcf207b29a4dbf173b0_M_30_40_light_brown_M_50_60_dark_brown_M_60_70_clay_red_M_80_90_dark_brown.jpg,PRESENT,False,0c4c57ba24014245b964d64aa45dd6213a5c3d1db8f2c32f1f587c36c85b19a5,94,98,3,9,M_90_100,L_0_10,alluvial,phash:4756c126639a1165,phash:4756c126639a1165,,,train
11c17ab3617526a05421,z5716042289286_4f5ba54e9a7dd70e051e6c0bf403d0f8_M_30_40_pale_yellow_M_40_50_dark_brown_M_60_70_dark_brown_M_70_80_clay_red_M_80_90_dark_brown.jpg,Soil_Labeled_Data/M_90_100/L_0_10/alluvial/z5716042289286_4f5ba54e9a7dd70e051e6c0bf403d0f8_M_30_40_pale_yellow_M_40_50_dark_brown_M_60_70_dark_brown_M_70_80_clay_red_M_80_90_dark_brown.jpg,Soil_Labeled_Data/M_90_100/L_0_10/alluvial/z5716042289286_4f5ba54e9a7dd70e051e6c0bf403d0f8_M_30_40_pale_yellow_M_40_50_dark_brown_M_60_70_dark_brown_M_70_80_clay_red_M_80_90_dark_brown.jpg,PRESENT,False,1b790d9d2f8a0a461ead12dc79370b40ae45062b85376b57969ed41749940e00,94,99,7,9,M_90_100,L_0_10,alluvial,phash:4756c126639a1165,phash:4756c126639a1165,,,train
5bac88a4c2f89d2d8e68,z5716042321152_979083553c4378666fb6af100231c565_M_30_40_gray_brown_M_40_50_gray_brown_M_60_70_clay_red_M_80_90_wet_gray.jpg,Soil_Labeled_Data/M_90_100/L_0_10/alluvial/z5716042321152_979083553c4378666fb6af100231c565_M_30_40_gray_brown_M_40_50_gray_brown_M_60_70_clay_red_M_80_90_wet_gray.jpg,Soil_Labeled_Data/M_90_100/L_0_10/alluvial/z5716042321152_979083553c4378666fb6af100231c565_M_30_40_gray_brown_M_40_50_gray_brown_M_60_70_clay_red_M_80_90_wet_gray.jpg,PRESENT,False,11b6c8d09abacadc98ee104215ea3c730cead8a898935aada0b53cced066c87d,95,98,9,9,M_90_100,L_0_10,alluvial,phash:4756c126639a1165,phash:4756c126639a1165,,,train
e1e31ffd9df82b18dd33,z5716042362231_afc15cf0059cc0b0a10e2307f0224493_M_30_40_clayish_red_M_40_50_dark_brown_M_60_70_dark_brown_M_70_80_wet_gray.jpg,Soil_Labeled_Data/M_90_100/L_0_10/alluvial/z5716042362231_afc15cf0059cc0b0a10e2307f0224493_M_30_40_clayish_red_M_40_50_dark_brown_M_60_70_dark_brown_M_70_80_wet_gray.jpg,Soil_Labeled_Data/M_90_100/L_0_10/alluvial/z5716042362231_afc15cf0059cc0b0a10e2307f0224493_M_30_40_clayish_red_M_40_50_dark_brown_M_60_70_dark_brown_M_70_80_wet_gray.jpg,PRESENT,False,f0a9353462ef2717fe4aa14685a5d1cd2db030e4cbc644055ea91eb2d99d28e5,96,100,9,9,M_90_100,L_0_10,alluvial,phash:66c1813009945ade,phash:66c1813009945ade,,,train
70749e7f01ccd8f132f0,z5716042362231_afc15cf0059cc0b0a10e2307f0224493_M_30_40_clayish_red_M_40_50_light_brown_M_50_60_clay_red_M_70_80_clay_red_M_80_90_wet_gray.jpg,Soil_Labeled_Data/M_90_100/L_0_10/alluvial/z5716042362231_afc15cf0059cc0b0a10e2307f0224493_M_30_40_clayish_red_M_40_50_light_brown_M_50_60_clay_red_M_70_80_clay_red_M_80_90_wet_gray.jpg,Soil_Labeled_Data/M_90_100/L_0_10/alluvial/z5716042362231_afc15cf0059cc0b0a10e2307f0224493_M_30_40_clayish_red_M_40_50_light_brown_M_50_60_clay_red_M_70_80_clay_red_M_80_90_wet_gray.jpg,PRESENT,False,965801333f80f4a3498243cc244888c307404dc60491a3bfee78ea08373cdb37,93,95,2,9,M_90_100,L_0_10,alluvial,phash:4756c126639a1165,phash:4756c126639a1165,,,train
f4f3c46e0fb2de3125e1,IMG_0007_M_0_10_pale_yellow_M_40_50_light_brown_M_50_60_gray_brown_M_60_70_wet_gray_M_80_90_dark_brown.jpg,Soil_Labeled_Data/M_90_100/L_10_20/alluvial/IMG_0007_M_0_10_pale_yellow_M_40_50_light_brown_M_50_60_gray_brown_M_60_70_wet_gray_M_80_90_dark_brown.jpg,Soil_Labeled_Data/M_90_100/L_10_20/alluvial/IMG_0007_M_0_10_pale_yellow_M_40_50_light_brown_M_50_60_gray_brown_M_60_70_wet_gray_M_80_90_dark_brown.jpg,PRESENT,False,7f92610758fed3641585af43bd267785c0c78bd612aedd84043f3a9fb94c698a,97,100,12,9,M_90_100,L_10_20,alluvial,phash:1fa66719e35da455,phash:1fa66719e35da455,,,train
77af703703fd3ed1ae42,IMG_0019_M_0_10_pale_yellow_M_40_50_gray_brown_M_60_70_clay_red_M_70_80_clay_red_M_80_90_dark_brown.jpg,Soil_Labeled_Data/M_90_100/L_10_20/alluvial/IMG_0019_M_0_10_pale_yellow_M_40_50_gray_brown_M_60_70_clay_red_M_70_80_clay_red_M_80_90_dark_brown.jpg,Soil_Labeled_Data/M_90_100/L_10_20/alluvial/IMG_0019_M_0_10_pale_yellow_M_40_50_gray_brown_M_60_70_clay_red_M_70_80_clay_red_M_80_90_dark_brown.jpg,PRESENT,False,ed3d8fb564db45be995b4cc6f56e7c7b8d5aa686ec03cd81803c1e08b2ed0843,96,100,18,9,M_90_100,L_10_20,alluvial,phash:05bbd92adb5050e6,phash:05bbd92adb5050e6,,,train
d63f9a1d7f5c9c532ef7,IMG_0022_M_0_10_clayish_red_M_40_50_gray_brown_M_60_70_clay_red_M_70_80_dark_brown.jpg,Soil_Labeled_Data/M_90_100/L_10_20/alluvial/IMG_0022_M_0_10_clayish_red_M_40_50_gray_brown_M_60_70_clay_red_M_70_80_dark_brown.jpg,Soil_Labeled_Data/M_90_100/L_10_20/alluvial/IMG_0022_M_0_10_clayish_red_M_40_50_gray_brown_M_60_70_clay_red_M_70_80_dark_brown.jpg,PRESENT,False,1a10fefa7c40b083ed03718d7ee2ec7f44fdeca7b88613b393ab78edf2b25c01,94,99,18,9,M_90_100,L_10_20,alluvial,phash:e6ba7456dbfd0c6a,phash:e6ba7456dbfd0c6a,,,train
e43374d44bf908fefbb2,IMG_0025_M_0_10_pale_yellow_M_40_50_gray_brown_M_50_60_dark_brown_M_70_80_clay_red_M_80_90_dark_brown.jpg,Soil_Labeled_Data/M_90_100/L_10_20/alluvial/IMG_0025_M_0_10_pale_yellow_M_40_50_gray_brown_M_50_60_dark_brown_M_70_80_clay_red_M_80_90_dark_brown.jpg,Soil_Labeled_Data/M_90_100/L_10_20/alluvial/IMG_0025_M_0_10_pale_yellow_M_40_50_gray_brown_M_50_60_dark_brown_M_70_80_clay_red_M_80_90_dark_brown.jpg,PRESENT,False,4d55bea6db4849dc77d99320ad6f7b55ac131ee6625fd7c5f3d7c80d8a67a92d,93,95,11,9,M_90_100,L_10_20,alluvial,phash:4756c126639a1165,phash:4756c126639a1165,,,train
0ab12f8ae05f41bc48aa,IMG_0457_M_10_20_clayish_red_M_40_50_gray_brown_M_60_70_wet_gray_M_80_90_dark_brown.jpg,Soil_Labeled_Data/M_90_100/L_10_20/alluvial/IMG_0457_M_10_20_clayish_red_M_40_50_gray_brown_M_60_70_wet_gray_M_80_90_dark_brown.jpg,Soil_Labeled_Data/M_90_100/L_10_20/alluvial/IMG_0457_M_10_20_clayish_red_M_40_50_gray_brown_M_60_70_wet_gray_M_80_90_dark_brown.jpg,PRESENT,False,921a235314e08550985c807a7c87b81dc380ef89fc25e9ce2fe5683988d1a334,96,98,16,9,M_90_100,L_10_20,alluvial,phash:1c010aeb3b280f3a,phash:1c010aeb3b280f3a,,,train
5299cb3b1496e7f9f30b,IMG_0458_M_10_20_clayish_red_M_40_50_gray_brown_M_50_60_dark_brown_M_60_70_dark_brown_M_70_80_dark_brown.jpg,Soil_Labeled_Data/M_90_100/L_10_20/alluvial/IMG_0458_M_10_20_clayish_red_M_40_50_gray_brown_M_50_60_dark_brown_M_60_70_dark_brown_M_70_80_dark_brown.jpg,Soil_Labeled_Data/M_90_100/L_10_20/alluvial/IMG_0458_M_10_20_clayish_red_M_40_50_gray_brown_M_50_60_dark_brown_M_60_70_dark_brown_M_70_80_dark_brown.jpg,PRESENT,False,285309cf586e4411ec4ff8019c1833a6130d25a483917f558be0c7355ab29994,100,100,17,9,M_90_100,L_10_20,alluvial,phash:9bc35e47807444ce,phash:9bc35e47807444ce,,,train
e85f7fef33ec84c617c8,IMG_0460_M_10_20_gray_brown_M_40_50_gray_brown_M_60_70_wet_gray_M_80_90_dark_brown.jpg,Soil_Labeled_Data/M_90_100/L_10_20/alluvial/IMG_0460_M_10_20_gray_brown_M_40_50_gray_brown_M_60_70_wet_gray_M_80_90_dark_brown.jpg,Soil_Labeled_Data/M_90_100/L_10_20/alluvial/IMG_0460_M_10_20_gray_brown_M_40_50_gray_brown_M_60_70_wet_gray_M_80_90_dark_brown.jpg,PRESENT,False,0e3f2aa6f8b32b525f468a7ac2419c34a32d7c08c73c944e36bf76f874eb86bf,97,99,18,9,M_90_100,L_10_20,alluvial,phash:2aed8726d371a18a,phash:2aed8726d371a18a,,,train
500a2e839569213d4747,IMG_0464_M_10_20_gray_brown_M_40_50_light_brown_M_50_60_gray_brown_M_60_70_dark_brown_M_70_80_wet_gray.jpg,Soil_Labeled_Data/M_90_100/L_10_20/alluvial/IMG_0464_M_10_20_gray_brown_M_40_50_light_brown_M_50_60_gray_brown_M_60_70_dark_brown_M_70_80_wet_gray.jpg,Soil_Labeled_Data/M_90_100/L_10_20/alluvial/IMG_0464_M_10_20_gray_brown_M_40_50_light_brown_M_50_60_gray_brown_M_60_70_dark_brown_M_70_80_wet_gray.jpg,PRESENT,False,50e662a1ff1db242189004d4513110005599f6be0b8e5f5a4a3ba64e56504b5a,97,99,19,9,M_90_100,L_10_20,alluvial,phash:4756c126639a1165,phash:4756c126639a1165,,,train
283276645de22e697db1,IMG_0464_M_10_20_pale_yellow_M_40_50_gray_brown_M_50_60_clay_red_M_70_80_dark_brown.jpg,Soil_Labeled_Data/M_90_100/L_10_20/alluvial/IMG_0464_M_10_20_pale_yellow_M_40_50_gray_brown_M_50_60_clay_red_M_70_80_dark_brown.jpg,Soil_Labeled_Data/M_90_100/L_10_20/alluvial/IMG_0464_M_10_20_pale_yellow_M_40_50_gray_brown_M_50_60_clay_red_M_70_80_dark_brown.jpg,PRESENT,False,ba121508d15c4f691dbc03f3e071ae656bcfb5bde798eaaa381de1eb7b0b52af,95,99,14,9,M_90_100,L_10_20,alluvial,phash:4756c126639a1165,phash:4756c126639a1165,,,train
d32dc8efa5aef0b10484,IMG_0468_M_10_20_clayish_red_M_40_50_gray_brown_M_60_70_clay_red_M_70_80_wet_gray.jpg,Soil_Labeled_Data/M_90_100/L_10_20/alluvial/IMG_0468_M_10_20_clayish_red_M_40_50_gray_brown_M_60_70_clay_red_M_70_80_wet_gray.jpg,Soil_Labeled_Data/M_90_100/L_10_20/alluvial/IMG_0468_M_10_20_clayish_red_M_40_50_gray_brown_M_60_70_clay_red_M_70_80_wet_gray.jpg,PRESENT,False,46bd149ef8974a9c24b7e0d8809895c11067cd3c060087ba76f23532c5689b42,93,99,19,9,M_90_100,L_10_20,alluvial,phash:dd00b8a6129e2709,phash:dd00b8a6129e2709,,,train
5fbe66767c89e59e1e27,z5716081579514_5a67b978119dcf79cb53e218abca90ab_M_30_40_gray_brown_M_50_60_clay_red_M_70_80_dark_brown.jpg,Soil_Labeled_Data/M_90_100/L_10_20/alluvial/z5716081579514_5a67b978119dcf79cb53e218abca90ab_M_30_40_gray_brown_M_50_60_clay_red_M_70_80_dark_brown.jpg,Soil_Labeled_Data/M_90_100/L_10_20/alluvial/z5716081579514_5a67b978119dcf79cb53e218abca90ab_M_30_40_gray_brown_M_50_60_clay_red_M_70_80_dark_brown.jpg,PRESENT,False,3a2052d1016f4165652d1f3fd14119ba3547e7b6d91c57998d9ebf277e9a730c,93,99,10,9,M_90_100,L_10_20,alluvial,phash:4756c126639a1165,phash:4756c126639a1165,,,train
0378ee1b6d4563f7537a,z5716081698408_1104a201030364e4363947fc0b109f20_M_30_40_light_brown_M_40_50_dark_brown_M_60_70_dark_brown_M_70_80_dark_brown.jpg,Soil_Labeled_Data/M_90_100/L_10_20/alluvial/z5716081698408_1104a201030364e4363947fc0b109f20_M_30_40_light_brown_M_40_50_dark_brown_M_60_70_dark_brown_M_70_80_dark_brown.jpg,Soil_Labeled_Data/M_90_100/L_10_20/alluvial/z5716081698408_1104a201030364e4363947fc0b109f20_M_30_40_light_brown_M_40_50_dark_brown_M_60_70_dark_brown_M_70_80_dark_brown.jpg,PRESENT,False,2b5af417547fc791dd58d1d289b7b02cd4d7363b25755ff0768b3f37521d2598,94,100,12,9,M_90_100,L_10_20,alluvial,phash:13b1406722bb241f,phash:13b1406722bb241f,,,train
54e5e0bbcd3e313d1e29,z5716081732799_46a8abd72cd445d5fc7f7576562133ff_M_30_40_pale_yellow_M_40_50_light_brown_M_50_60_dark_brown_M_60_70_wet_gray_M_80_90_wet_gray.jpg,Soil_Labeled_Data/M_90_100/L_10_20/alluvial/z5716081732799_46a8abd72cd445d5fc7f7576562133ff_M_30_40_pale_yellow_M_40_50_light_brown_M_50_60_dark_brown_M_60_70_wet_gray_M_80_90_wet_gray.jpg,Soil_Labeled_Data/M_90_100/L_10_20/alluvial/z5716081732799_46a8abd72cd445d5fc7f7576562133ff_M_30_40_pale_yellow_M_40_50_light_brown_M_50_60_dark_brown_M_60_70_wet_gray_M_80_90_wet_gray.jpg,PRESENT,False,26b9d3bdc1da3ed45f36737a538494378fdc442811e2711235813b7c1a06ff60,92,97,16,9,M_90_100,L_10_20,alluvial,phash:4756c126639a1165,phash:4756c126639a1165,,,train
2728b1c732f96d6b845f,z5716081783135_13a61c0ddb9d30f00b44e630e47c1f42_M_30_40_gray_brown_M_40_50_gray_brown_M_50_60_clay_red_M_70_80_clay_red_M_80_90_wet_gray.jpg,Soil_Labeled_Data/M_90_100/L_10_20/alluvial/z5716081783135_13a61c0ddb9d30f00b44e630e47c1f42_M_30_40_gray_brown_M_40_50_gray_brown_M_50_60_clay_red_M_70_80_clay_red_M_80_90_wet_gray.jpg,Soil_Labeled_Data/M_90_100/L_10_20/alluvial/z5716081783135_13a61c0ddb9d30f00b44e630e47c1f42_M_30_40_gray_brown_M_40_50_gray_brown_M_50_60_clay_red_M_70_80_clay_red_M_80_90_wet_gray.jpg,PRESENT,False,d849fcbfd769095db7b9ef4925f4d1299a220db1fb8335d42468b235d6963e57,96,100,13,9,M_90_100,L_10_20,alluvial,phash:4756c126639a1165,phash:4756c126639a1165,,,train
4aab35d3609a35dc6819,z5716081805208_48402b457cdf22dfa132f7652a7f995f_M_30_40_light_brown_M_50_60_dark_brown_M_60_70_clay_red_M_70_80_dark_brown.jpg,Soil_Labeled_Data/M_90_100/L_10_20/alluvial/z5716081805208_48402b457cdf22dfa132f7652a7f995f_M_30_40_light_brown_M_50_60_dark_brown_M_60_70_clay_red_M_70_80_dark_brown.jpg,Soil_Labeled_Data/M_90_100/L_10_20/alluvial/z5716081805208_48402b457cdf22dfa132f7652a7f995f_M_30_40_light_brown_M_50_60_dark_brown_M_60_70_clay_red_M_70_80_dark_brown.jpg,PRESENT,False,e32433d5688b7f0505a51abfb75efd29aa3cb29c3dc7a0dc5943abd40dd6430f,90,94,14,9,M_90_100,L_10_20,alluvial,phash:4756c126639a1165,phash:4756c126639a1165,,,train
980e23c5e81f0b25c4ba,IMG_0054_M_0_10_gray_brown_M_40_50_light_brown_M_50_60_dark_brown_M_60_70_clay_red_M_70_80_dark_brown.jpg,Soil_Labeled_Data/M_90_100/L_20_30/alluvial/IMG_0054_M_0_10_gray_brown_M_40_50_light_brown_M_50_60_dark_brown_M_60_70_clay_red_M_70_80_dark_brown.jpg,Soil_Labeled_Data/M_90_100/L_20_30/alluvial/IMG_0054_M_0_10_gray_brown_M_40_50_light_brown_M_50_60_dark_brown_M_60_70_clay_red_M_70_80_dark_brown.jpg,PRESENT,False,f43964c3625cd05764f5d2577a681e852035f41ed83cdf244ba04d73b266772d,91,96,28,9,M_90_100,L_20_30,alluvial,phash:2a565759afa81cb0,phash:2a565759afa81cb0,,,train
32c99288d954af25e13d,IMG_0059_M_0_10_pale_yellow_M_40_50_light_brown_M_50_60_clay_red_M_70_80_wet_gray.jpg,Soil_Labeled_Data/M_90_100/L_20_30/alluvial/IMG_0059_M_0_10_pale_yellow_M_40_50_light_brown_M_50_60_clay_red_M_70_80_wet_gray.jpg,Soil_Labeled_Data/M_90_100/L_20_30/alluvial/IMG_0059_M_0_10_pale_yellow_M_40_50_light_brown_M_50_60_clay_red_M_70_80_wet_gray.jpg,PRESENT,False,769282d4d607fb0b1f06786379bee1451846aac744396376a245f8cc6bf64a10,95,97,20,9,M_90_100,L_20_30,alluvial,phash:c681ac1b33256bae,phash:c681ac1b33256bae,,,train
5149537d50cfc285be03,IMG_0063_M_0_10_light_brown_M_40_50_gray_brown_M_60_70_dark_brown_M_70_80_wet_gray.jpg,Soil_Labeled_Data/M_90_100/L_20_30/alluvial/IMG_0063_M_0_10_light_brown_M_40_50_gray_brown_M_60_70_dark_brown_M_70_80_wet_gray.jpg,Soil_Labeled_Data/M_90_100/L_20_30/alluvial/IMG_0063_M_0_10_light_brown_M_40_50_gray_brown_M_60_70_dark_brown_M_70_80_wet_gray.jpg,PRESENT,False,1efabb395079c4478abb971c3eb49b249bb411fc5471fe62f4044d329453c670,95,96,21,9,M_90_100,L_20_30,alluvial,phash:4f7ee60442d31744,phash:4f7ee60442d31744,,,train
39e1e8710500633d7e14,IMG_0063_M_0_10_light_brown_M_40_50_gray_brown_M_60_70_dark_brown_M_70_80_wet_gray_M_80_90_wet_gray.jpg,Soil_Labeled_Data/M_90_100/L_20_30/alluvial/IMG_0063_M_0_10_light_brown_M_40_50_gray_brown_M_60_70_dark_brown_M_70_80_wet_gray_M_80_90_wet_gray.jpg,Soil_Labeled_Data/M_90_100/L_20_30/alluvial/IMG_0063_M_0_10_light_brown_M_40_50_gray_brown_M_60_70_dark_brown_M_70_80_wet_gray_M_80_90_wet_gray.jpg,PRESENT,False,95cabc99b0bf43ff69a8b26134a296c6dcf5d2716b6e8462adc577cc22f5f96b,94,96,25,9,M_90_100,L_20_30,alluvial,phash:4f7ee60442d31744,phash:4f7ee60442d31744,,,train
d1b0f34aaed4842ba835,IMG_0067_M_0_10_light_brown_M_40_50_light_brown_M_50_60_clay_red_M_70_80_dark_brown.jpg,Soil_Labeled_Data/M_90_100/L_20_30/alluvial/IMG_0067_M_0_10_light_brown_M_40_50_light_brown_M_50_60_clay_red_M_70_80_dark_brown.jpg,Soil_Labeled_Data/M_90_100/L_20_30/alluvial/IMG_0067_M_0_10_light_brown_M_40_50_light_brown_M_50_60_clay_red_M_70_80_dark_brown.jpg,PRESENT,False,bb50a7f44e93c7f033b2dde6c66e2b14bf023bd7fb92af5afc8cdf5090398a3c,90,94,29,9,M_90_100,L_20_30,alluvial,phash:a9be8da516abc599,phash:a9be8da516abc599,,,train
045e389e48eb1c14d457,IMG_0497_M_10_20_pale_yellow_M_40_50_gray_brown_M_60_70_clay_red_M_70_80_wet_gray.jpg,Soil_Labeled_Data/M_90_100/L_20_30/alluvial/IMG_0497_M_10_20_pale_yellow_M_40_50_gray_brown_M_60_70_clay_red_M_70_80_wet_gray.jpg,Soil_Labeled_Data/M_90_100/L_20_30/alluvial/IMG_0497_M_10_20_pale_yellow_M_40_50_gray_brown_M_60_70_clay_red_M_70_80_wet_gray.jpg,PRESENT,False,de62ccd3ddb51c155aaedded4fa57aaf7cd90ffb0205c8ad62d8589b4e1b67a2,90,93,20,9,M_90_100,L_20_30,alluvial,phash:5bf1ed8e03d8be73,phash:5bf1ed8e03d8be73,,,train
d3ac10460e8293941bbb,IMG_0501_M_10_20_clayish_red_M_40_50_gray_brown_M_50_60_clay_red_M_70_80_dark_brown.jpg,Soil_Labeled_Data/M_90_100/L_20_30/alluvial/IMG_0501_M_10_20_clayish_red_M_40_50_gray_brown_M_50_60_clay_red_M_70_80_dark_brown.jpg,Soil_Labeled_Data/M_90_100/L_20_30/alluvial/IMG_0501_M_10_20_clayish_red_M_40_50_gray_brown_M_50_60_clay_red_M_70_80_dark_brown.jpg,PRESENT,False,9845b0d7aa5ce5954c0820d8a1d32f6c6a86c4783647cc63cd9ea9296db7cd24,96,100,20,9,M_90_100,L_20_30,alluvial,phash:466c9def00cb8061,phash:466c9def00cb8061,,,train
6819f5ab63dfd5cc1bd0,IMG_0516_M_10_20_gray_brown_M_40_50_gray_brown_M_60_70_wet_gray_M_80_90_dark_brown.jpg,Soil_Labeled_Data/M_90_100/L_20_30/alluvial/IMG_0516_M_10_20_gray_brown_M_40_50_gray_brown_M_60_70_wet_gray_M_80_90_dark_brown.jpg,Soil_Labeled_Data/M_90_100/L_20_30/alluvial/IMG_0516_M_10_20_gray_brown_M_40_50_gray_brown_M_60_70_wet_gray_M_80_90_dark_brown.jpg,PRESENT,False,336a624cb94757d7b095dea46882b687f9cd792ee2b7c1637f2ee96a5a09f727,99,100,27,9,M_90_100,L_20_30,alluvial,phash:94504f8b15c25eb0,phash:94504f8b15c25eb0,,,train
22bac7bed48aaa768808,z5716144366625_bc3324d4901d90171755a8afaa56411d_M_30_40_pale_yellow_M_40_50_gray_brown_M_50_60_gray_brown_M_60_70_clay_red_M_80_90_dark_brown.jpg,Soil_Labeled_Data/M_90_100/L_20_30/alluvial/z5716144366625_bc3324d4901d90171755a8afaa56411d_M_30_40_pale_yellow_M_40_50_gray_brown_M_50_60_gray_brown_M_60_70_clay_red_M_80_90_dark_brown.jpg,Soil_Labeled_Data/M_90_100/L_20_30/alluvial/z5716144366625_bc3324d4901d90171755a8afaa56411d_M_30_40_pale_yellow_M_40_50_gray_brown_M_50_60_gray_brown_M_60_70_clay_red_M_80_90_dark_brown.jpg,PRESENT,False,66b98e7c1da605444bb8b4dc37407d8655e9bdcaa99ce5379e58857122e688b6,96,97,27,9,M_90_100,L_20_30,alluvial,phash:6d91a5dc81ed33b1,phash:6d91a5dc81ed33b1,,,train
81c0de7df698cc27afdd,IMG_0100_M_0_10_gray_brown_M_40_50_light_brown_M_50_60_clay_red_M_70_80_dark_brown.jpg,Soil_Labeled_Data/M_90_100/L_30_40/alluvial/IMG_0100_M_0_10_gray_brown_M_40_50_light_brown_M_50_60_clay_red_M_70_80_dark_brown.jpg,Soil_Labeled_Data/M_90_100/L_30_40/alluvial/IMG_0100_M_0_10_gray_brown_M_40_50_light_brown_M_50_60_clay_red_M_70_80_dark_brown.jpg,PRESENT,False,9b13faf9157fb9193656283512536f22ca074568600b189d00bbb9ce0557e990,94,97,40,9,M_90_100,L_30_40,alluvial,phash:f285b4af27e70749,phash:f285b4af27e70749,,,train
731c1131f507e1cd3b02,IMG_0107_M_0_10_clayish_red_M_40_50_gray_brown_M_50_60_dark_brown_M_70_80_dark_brown.jpg,Soil_Labeled_Data/M_90_100/L_30_40/alluvial/IMG_0107_M_0_10_clayish_red_M_40_50_gray_brown_M_50_60_dark_brown_M_70_80_dark_brown.jpg,Soil_Labeled_Data/M_90_100/L_30_40/alluvial/IMG_0107_M_0_10_clayish_red_M_40_50_gray_brown_M_50_60_dark_brown_M_70_80_dark_brown.jpg,PRESENT,False,a1c86e5befd213b27606cbf54252f89508c30ca050db676b9deac372081b059f,95,100,38,9,M_90_100,L_30_40,alluvial,phash:0e50473e72514650,phash:0e50473e72514650,,,train
751f6556e617c15468c8,IMG_0107_M_0_10_clayish_red_M_40_50_gray_brown_M_60_70_dark_brown_M_70_80_dark_brown.jpg,Soil_Labeled_Data/M_90_100/L_30_40/alluvial/IMG_0107_M_0_10_clayish_red_M_40_50_gray_brown_M_60_70_dark_brown_M_70_80_dark_brown.jpg,Soil_Labeled_Data/M_90_100/L_30_40/alluvial/IMG_0107_M_0_10_clayish_red_M_40_50_gray_brown_M_60_70_dark_brown_M_70_80_dark_brown.jpg,PRESENT,False,18d3f5b5d8feddefeb8c27da92902427411a87362c4e1e41dd76f407d0dd1f44,96,98,30,9,M_90_100,L_30_40,alluvial,phash:0e50473e72514650,phash:0e50473e72514650,,,train
f7af2621dc5ef87bfb1c,IMG_0114_M_0_10_clayish_red_M_40_50_gray_brown_M_50_60_gray_brown_M_60_70_dark_brown_M_70_80_dark_brown.jpg,Soil_Labeled_Data/M_90_100/L_30_40/alluvial/IMG_0114_M_0_10_clayish_red_M_40_50_gray_brown_M_50_60_gray_brown_M_60_70_dark_brown_M_70_80_dark_brown.jpg,Soil_Labeled_Data/M_90_100/L_30_40/alluvial/IMG_0114_M_0_10_clayish_red_M_40_50_gray_brown_M_50_60_gray_brown_M_60_70_dark_brown_M_70_80_dark_brown.jpg,PRESENT,False,d0f4fa54b45201da17c737d2f6fff74203dd6f58dafc7ee8c820aabe0e0710cc,93,98,31,9,M_90_100,L_30_40,alluvial,phash:4b2de972f0132935,phash:4b2de972f0132935,,,train
c686a0d54a2d5d3b6819,IMG_0553_M_10_20_light_brown_M_40_50_dark_brown_M_60_70_dark_brown_M_70_80_dark_brown.jpg,Soil_Labeled_Data/M_90_100/L_30_40/alluvial/IMG_0553_M_10_20_light_brown_M_40_50_dark_brown_M_60_70_dark_brown_M_70_80_dark_brown.jpg,Soil_Labeled_Data/M_90_100/L_30_40/alluvial/IMG_0553_M_10_20_light_brown_M_40_50_dark_brown_M_60_70_dark_brown_M_70_80_dark_brown.jpg,PRESENT,False,00075f6cfe01cb02fc80b22f60b0548ba893de476855bef61edc85d4baaee10f,91,93,39,9,M_90_100,L_30_40,alluvial,phash:e23fb6dea990ad0e,phash:e23fb6dea990ad0e,,,train
530be544fb5c5e62d1eb,IMG_0553_M_10_20_pale_yellow_M_40_50_dark_brown_M_60_70_dark_brown_M_70_80_clay_red_M_80_90_wet_gray.jpg,Soil_Labeled_Data/M_90_100/L_30_40/alluvial/IMG_0553_M_10_20_pale_yellow_M_40_50_dark_brown_M_60_70_dark_brown_M_70_80_clay_red_M_80_90_wet_gray.jpg,Soil_Labeled_Data/M_90_100/L_30_40/alluvial/IMG_0553_M_10_20_pale_yellow_M_40_50_dark_brown_M_60_70_dark_brown_M_70_80_clay_red_M_80_90_wet_gray.jpg,PRESENT,False,5f4e1af9982b66d8a754a6ccb032f30fa5d4c86908bb261a5932397f5ce0bb74,94,97,36,9,M_90_100,L_30_40,alluvial,phash:c89751558f1cf951,phash:c89751558f1cf951,,,train
7ceccdb238c2d7c3d5be,IMG_0556_M_10_20_gray_brown_M_40_50_light_brown_M_50_60_dark_brown_M_60_70_dark_brown_M_70_80_wet_gray.jpg,Soil_Labeled_Data/M_90_100/L_30_40/alluvial/IMG_0556_M_10_20_gray_brown_M_40_50_light_brown_M_50_60_dark_brown_M_60_70_dark_brown_M_70_80_wet_gray.jpg,Soil_Labeled_Data/M_90_100/L_30_40/alluvial/IMG_0556_M_10_20_gray_brown_M_40_50_light_brown_M_50_60_dark_brown_M_60_70_dark_brown_M_70_80_wet_gray.jpg,PRESENT,False,38dd0b84313b622fb56d67bb0cd4afe3640871f4968fbddb3c245c19f0344866,94,99,37,9,M_90_100,L_30_40,alluvial,phash:933f875358a9f165,phash:933f875358a9f165,,,train
fe10da7a37bd13181ec4,IMG_0558_M_10_20_light_brown_M_40_50_light_brown_M_50_60_clay_red_M_70_80_clay_red_M_80_90_wet_gray.jpg,Soil_Labeled_Data/M_90_100/L_30_40/alluvial/IMG_0558_M_10_20_light_brown_M_40_50_light_brown_M_50_60_clay_red_M_70_80_clay_red_M_80_90_wet_gray.jpg,Soil_Labeled_Data/M_90_100/L_30_40/alluvial/IMG_0558_M_10_20_light_brown_M_40_50_light_brown_M_50_60_clay_red_M_70_80_clay_red_M_80_90_wet_gray.jpg,PRESENT,False,9a129a1e55538386ef7c0975ddb5435a5b0f95f41f8853b9d50b244c27f4dc13,92,94,31,9,M_90_100,L_30_40,alluvial,phash:4756c126639a1165,phash:4756c126639a1165,,,train
5088a91b0e9df5ccae16,z5716113632942_5f926ef109e13eb9a864102d6cae87cc_M_30_40_light_brown_M_50_60_gray_brown_M_60_70_dark_brown_M_70_80_dark_brown.jpg,Soil_Labeled_Data/M_90_100/L_30_40/alluvial/z5716113632942_5f926ef109e13eb9a864102d6cae87cc_M_30_40_light_brown_M_50_60_gray_brown_M_60_70_dark_brown_M_70_80_dark_brown.jpg,Soil_Labeled_Data/M_90_100/L_30_40/alluvial/z5716113632942_5f926ef109e13eb9a864102d6cae87cc_M_30_40_light_brown_M_50_60_gray_brown_M_60_70_dark_brown_M_70_80_dark_brown.jpg,PRESENT,False,00fea6dd7fe5df00134ba4dc8e3e29bda5b5e0820f5dd82290057bc41b7c7751,92,94,40,9,M_90_100,L_30_40,alluvial,phash:68c4882f24eeb7ec,phash:68c4882f24eeb7ec,,,train
09c5f157f6f8fc55457a,z5716113777056_8bcc905fd2e415355a24bcfe07180a6f_M_30_40_gray_brown_M_40_50_gray_brown_M_50_60_dark_brown_M_70_80_wet_gray.jpg,Soil_Labeled_Data/M_90_100/L_30_40/alluvial/z5716113777056_8bcc905fd2e415355a24bcfe07180a6f_M_30_40_gray_brown_M_40_50_gray_brown_M_50_60_dark_brown_M_70_80_wet_gray.jpg,Soil_Labeled_Data/M_90_100/L_30_40/alluvial/z5716113777056_8bcc905fd2e415355a24bcfe07180a6f_M_30_40_gray_brown_M_40_50_gray_brown_M_50_60_dark_brown_M_70_80_wet_gray.jpg,PRESENT,False,e80a9ab6710c21dd3aaa19aaa8c2757b93c7db18d37183721fb6ea14ebba03b6,91,92,40,9,M_90_100,L_30_40,alluvial,phash:62489bd94b9539f6,phash:62489bd94b9539f6,,,train
a524f8df897c19c62cbc,IMG_0152_M_0_10_light_brown_M_40_50_gray_brown_M_60_70_clay_red_M_70_80_wet_gray.jpg,Soil_Labeled_Data/M_90_100/L_40_50/alluvial/IMG_0152_M_0_10_light_brown_M_40_50_gray_brown_M_60_70_clay_red_M_70_80_wet_gray.jpg,Soil_Labeled_Data/M_90_100/L_40_50/alluvial/IMG_0152_M_0_10_light_brown_M_40_50_gray_brown_M_60_70_clay_red_M_70_80_wet_gray.jpg,PRESENT,False,ef89af6d5a434f351327086c63ef78c89ff2d5a12cb69976580ab56b1dbef31b,94,97,49,9,M_90_100,L_40_50,alluvial,phash:38628faaea372908,phash:38628faaea372908,,,train
63ee041228bfdd805a20,IMG_0156_M_0_10_pale_yellow_M_40_50_gray_brown_M_50_60_dark_brown_M_70_80_wet_gray.jpg,Soil_Labeled_Data/M_90_100/L_40_50/alluvial/IMG_0156_M_0_10_pale_yellow_M_40_50_gray_brown_M_50_60_dark_brown_M_70_80_wet_gray.jpg,Soil_Labeled_Data/M_90_100/L_40_50/alluvial/IMG_0156_M_0_10_pale_yellow_M_40_50_gray_brown_M_50_60_dark_brown_M_70_80_wet_gray.jpg,PRESENT,False,0c382c0acd6981f0f46c84cb7a8041656933d823e503a2b8f02103d8444ce1de,91,94,43,9,M_90_100,L_40_50,alluvial,phash:c882cbac884cb390,phash:c882cbac884cb390,,,train
a3a3808145d826ea2bd5,IMG_0166_M_0_10_light_brown_M_40_50_light_brown_M_50_60_dark_brown_M_70_80_wet_gray.jpg,Soil_Labeled_Data/M_90_100/L_40_50/alluvial/IMG_0166_M_0_10_light_brown_M_40_50_light_brown_M_50_60_dark_brown_M_70_80_wet_gray.jpg,Soil_Labeled_Data/M_90_100/L_40_50/alluvial/IMG_0166_M_0_10_light_brown_M_40_50_light_brown_M_50_60_dark_brown_M_70_80_wet_gray.jpg,PRESENT,False,b5a73cbe247e9a455783f81bf8eb643efd7a2c54d3dd1375d82d931988380021,92,95,48,9,M_90_100,L_40_50,alluvial,phash:17c1b5dcd4c310e0,phash:17c1b5dcd4c310e0,,,train
2932b15ded813a8c7b6f,IMG_0587_M_10_20_clayish_red_M_40_50_gray_brown_M_60_70_clay_red_M_70_80_dark_brown.jpg,Soil_Labeled_Data/M_90_100/L_40_50/alluvial/IMG_0587_M_10_20_clayish_red_M_40_50_gray_brown_M_60_70_clay_red_M_70_80_dark_brown.jpg,Soil_Labeled_Data/M_90_100/L_40_50/alluvial/IMG_0587_M_10_20_clayish_red_M_40_50_gray_brown_M_60_70_clay_red_M_70_80_dark_brown.jpg,PRESENT,False,de8c1d0f54e58b00b9b9b0ecf4d4624ead5f6d72f01479f55d03819aa426ad66,90,95,40,9,M_90_100,L_40_50,alluvial,phash:fb93c40ea1783b13,phash:fb93c40ea1783b13,,,train
91662ef2f2c6eb1ea0c9,IMG_0588_M_10_20_gray_brown_M_40_50_dark_brown_M_60_70_clay_red_M_80_90_wet_gray.jpg,Soil_Labeled_Data/M_90_100/L_40_50/alluvial/IMG_0588_M_10_20_gray_brown_M_40_50_dark_brown_M_60_70_clay_red_M_80_90_wet_gray.jpg,Soil_Labeled_Data/M_90_100/L_40_50/alluvial/IMG_0588_M_10_20_gray_brown_M_40_50_dark_brown_M_60_70_clay_red_M_80_90_wet_gray.jpg,PRESENT,False,ff81483559ac4da8185cb58c90d9be10a907fc432f7e21d358ec2730378e2ad6,98,99,50,9,M_90_100,L_40_50,alluvial,phash:eab22439ce9a4819,phash:eab22439ce9a4819,,,train
3c41824a3d56907ed07d,IMG_0588_M_10_20_gray_brown_M_40_50_light_brown_M_50_60_clay_red_M_70_80_dark_brown.jpg,Soil_Labeled_Data/M_90_100/L_40_50/alluvial/IMG_0588_M_10_20_gray_brown_M_40_50_light_brown_M_50_60_clay_red_M_70_80_dark_brown.jpg,Soil_Labeled_Data/M_90_100/L_40_50/alluvial/IMG_0588_M_10_20_gray_brown_M_40_50_light_brown_M_50_60_clay_red_M_70_80_dark_brown.jpg,PRESENT,False,9dec66f7436345b9f31b7d900c8d78c364fa7440d0a5111dfa24357e74633d97,100,100,41,9,M_90_100,L_40_50,alluvial,phash:eab22439ce9a4819,phash:eab22439ce9a4819,,,train
342b7e494465acc1008b,IMG_0589_M_10_20_light_brown_M_40_50_dark_brown_M_60_70_clay_red_M_70_80_wet_gray_M_80_90_dark_brown.jpg,Soil_Labeled_Data/M_90_100/L_40_50/alluvial/IMG_0589_M_10_20_light_brown_M_40_50_dark_brown_M_60_70_clay_red_M_70_80_wet_gray_M_80_90_dark_brown.jpg,Soil_Labeled_Data/M_90_100/L_40_50/alluvial/IMG_0589_M_10_20_light_brown_M_40_50_dark_brown_M_60_70_clay_red_M_70_80_wet_gray_M_80_90_dark_brown.jpg,PRESENT,False,a0ccda887ba1c5ef03bcea2707073446f3099ffbc203f4e9bfdd263584e4826c,92,94,41,9,M_90_100,L_40_50,alluvial,phash:88d7dbf4bf51d9ff,phash:88d7dbf4bf51d9ff,,,train
aedc9febfe8bd0979047,IMG_0591_M_10_20_gray_brown_M_40_50_dark_brown_M_60_70_dark_brown_M_70_80_clay_red_M_80_90_dark_brown.jpg,Soil_Labeled_Data/M_90_100/L_40_50/alluvial/IMG_0591_M_10_20_gray_brown_M_40_50_dark_brown_M_60_70_dark_brown_M_70_80_clay_red_M_80_90_dark_brown.jpg,Soil_Labeled_Data/M_90_100/L_40_50/alluvial/IMG_0591_M_10_20_gray_brown_M_40_50_dark_brown_M_60_70_dark_brown_M_70_80_clay_red_M_80_90_dark_brown.jpg,PRESENT,False,d90f1102b51fc763faef1f623316b08da0ff0fc443fd0e21c2f9bf28d29941a2,98,99,46,9,M_90_100,L_40_50,alluvial,phash:2a98fc04f9504a93,phash:2a98fc04f9504a93,,,train
5e8deae49d418589a665,IMG_0591_M_10_20_gray_brown_M_40_50_dark_brown_M_60_70_dark_brown_M_70_80_dark_brown.jpg,Soil_Labeled_Data/M_90_100/L_40_50/alluvial/IMG_0591_M_10_20_gray_brown_M_40_50_dark_brown_M_60_70_dark_brown_M_70_80_dark_brown.jpg,Soil_Labeled_Data/M_90_100/L_40_50/alluvial/IMG_0591_M_10_20_gray_brown_M_40_50_dark_brown_M_60_70_dark_brown_M_70_80_dark_brown.jpg,PRESENT,False,19627e726d8d736275897b341abfec6787a312627d17375e91f76a484ca38fb8,96,96,43,9,M_90_100,L_40_50,alluvial,phash:2a98fc04f9504a93,phash:2a98fc04f9504a93,,,train
417f82415ac0a5b0eba9,IMG_0595_M_10_20_pale_yellow_M_40_50_gray_brown_M_60_70_dark_brown_M_70_80_wet_gray_M_80_90_dark_brown.jpg,Soil_Labeled_Data/M_90_100/L_40_50/alluvial/IMG_0595_M_10_20_pale_yellow_M_40_50_gray_brown_M_60_70_dark_brown_M_70_80_wet_gray_M_80_90_dark_brown.jpg,Soil_Labeled_Data/M_90_100/L_40_50/alluvial/IMG_0595_M_10_20_pale_yellow_M_40_50_gray_brown_M_60_70_dark_brown_M_70_80_wet_gray_M_80_90_dark_brown.jpg,PRESENT,False,4cd09fcb90c2c8e86a8f0dc741f3dff6e974bc85951f51ab5b51a65fb4b313b9,98,98,46,9,M_90_100,L_40_50,alluvial,phash:38ee9b49340cc8f6,phash:38ee9b49340cc8f6,,,train
4534978e4155cc3f0594,z5719914753588_0c56217f338c6ce291955ae9b10cce77_M_30_40_gray_brown_M_50_60_gray_brown_M_60_70_clay_red_M_70_80_dark_brown.jpg,Soil_Labeled_Data/M_90_100/L_40_50/alluvial/z5719914753588_0c56217f338c6ce291955ae9b10cce77_M_30_40_gray_brown_M_50_60_gray_brown_M_60_70_clay_red_M_70_80_dark_brown.jpg,Soil_Labeled_Data/M_90_100/L_40_50/alluvial/z5719914753588_0c56217f338c6ce291955ae9b10cce77_M_30_40_gray_brown_M_50_60_gray_brown_M_60_70_clay_red_M_70_80_dark_brown.jpg,PRESENT,False,20b86607efc907410aea4dea6c4c1742c7978270344abf2b982e5e712efbcf88,100,100,44,9,M_90_100,L_40_50,alluvial,phash:d50923f6832f8c9f,phash:d50923f6832f8c9f,,,train
2b06cd91c63676b91be0,z5719914924505_76c1acb4c3a03965a67149c70566e117_M_30_40_clayish_red_M_40_50_gray_brown_M_60_70_clay_red_M_70_80_wet_gray.jpg,Soil_Labeled_Data/M_90_100/L_40_50/alluvial/z5719914924505_76c1acb4c3a03965a67149c70566e117_M_30_40_clayish_red_M_40_50_gray_brown_M_60_70_clay_red_M_70_80_wet_gray.jpg,Soil_Labeled_Data/M_90_100/L_40_50/alluvial/z5719914924505_76c1acb4c3a03965a67149c70566e117_M_30_40_clayish_red_M_40_50_gray_brown_M_60_70_clay_red_M_70_80_wet_gray.jpg,PRESENT,False,3419e52a9e1c8990b63e921529d8e467b3c9d227e4fd280b5224c7b849af79b8,99,100,49,9,M_90_100,L_40_50,alluvial,phash:716b93cb3852bf57,phash:716b93cb3852bf57,,,train
3f599059653886c1257d,z5719914960624_6e7d01c6f99d68c85a781306a1116111_M_30_40_clayish_red_M_40_50_gray_brown_M_60_70_clay_red_M_80_90_dark_brown.jpg,Soil_Labeled_Data/M_90_100/L_40_50/alluvial/z5719914960624_6e7d01c6f99d68c85a781306a1116111_M_30_40_clayish_red_M_40_50_gray_brown_M_60_70_clay_red_M_80_90_dark_brown.jpg,Soil_Labeled_Data/M_90_100/L_40_50/alluvial/z5719914960624_6e7d01c6f99d68c85a781306a1116111_M_30_40_clayish_red_M_40_50_gray_brown_M_60_70_clay_red_M_80_90_dark_brown.jpg,PRESENT,False,0feb1258f1d7e6cd15dc2f51035fc960a01a8ad8cc3846621c494634cae8c284,99,100,44,9,M_90_100,L_40_50,alluvial,phash:853b972fcac916f6,phash:853b972fcac916f6,,,train
d71973927eb6a77c83a7,z5719915081454_c67fb96c8fd1c13e8d457956fcdd9641_M_30_40_gray_brown_M_50_60_clay_red_M_70_80_wet_gray.jpg,Soil_Labeled_Data/M_90_100/L_40_50/alluvial/z5719915081454_c67fb96c8fd1c13e8d457956fcdd9641_M_30_40_gray_brown_M_50_60_clay_red_M_70_80_wet_gray.jpg,Soil_Labeled_Data/M_90_100/L_40_50/alluvial/z5719915081454_c67fb96c8fd1c13e8d457956fcdd9641_M_30_40_gray_brown_M_50_60_clay_red_M_70_80_wet_gray.jpg,PRESENT,False,2633621ec41b8f8684ba88ae64a654bf4201fc0897dcb05a397a802573f61676,95,98,46,9,M_90_100,L_40_50,alluvial,phash:13b2414d3ccf511b,phash:13b2414d3ccf511b,,,train
8ac03e23ad56347af4fa,z5719915081454_c67fb96c8fd1c13e8d457956fcdd9641_M_30_40_gray_brown_M_50_60_gray_brown_M_60_70_dark_brown_M_70_80_wet_gray.jpg,Soil_Labeled_Data/M_90_100/L_40_50/alluvial/z5719915081454_c67fb96c8fd1c13e8d457956fcdd9641_M_30_40_gray_brown_M_50_60_gray_brown_M_60_70_dark_brown_M_70_80_wet_gray.jpg,Soil_Labeled_Data/M_90_100/L_40_50/alluvial/z5719915081454_c67fb96c8fd1c13e8d457956fcdd9641_M_30_40_gray_brown_M_50_60_gray_brown_M_60_70_dark_brown_M_70_80_wet_gray.jpg,PRESENT,False,59cf7e321f2ef8c3eabe7d639feed98da766071d4a08d56e7730f1880a7b0aa9,94,98,45,9,M_90_100,L_40_50,alluvial,phash:fea15fe46fe63e1b,phash:fea15fe46fe63e1b,,,train
f91aade0d890556cffdf,IMG_0196_M_0_10_clayish_red_M_40_50_light_brown_M_50_60_gray_brown_M_60_70_wet_gray_M_80_90_dark_brown.jpg,Soil_Labeled_Data/M_90_100/L_50_60/alluvial/IMG_0196_M_0_10_clayish_red_M_40_50_light_brown_M_50_60_gray_brown_M_60_70_wet_gray_M_80_90_dark_brown.jpg,Soil_Labeled_Data/M_90_100/L_50_60/alluvial/IMG_0196_M_0_10_clayish_red_M_40_50_light_brown_M_50_60_gray_brown_M_60_70_wet_gray_M_80_90_dark_brown.jpg,PRESENT,False,c6f82ab43f936a01a6b135387403e29a3e80f2467961b4406ad5004411df9351,95,98,54,9,M_90_100,L_50_60,alluvial,phash:c8300f8708e9afd6,phash:c8300f8708e9afd6,,,train
c70d55057300d72a7b24,IMG_0206_M_0_10_clayish_red_M_40_50_gray_brown_M_50_60_dark_brown_M_60_70_clay_red_M_70_80_dark_brown.jpg,Soil_Labeled_Data/M_90_100/L_50_60/alluvial/IMG_0206_M_0_10_clayish_red_M_40_50_gray_brown_M_50_60_dark_brown_M_60_70_clay_red_M_70_80_dark_brown.jpg,Soil_Labeled_Data/M_90_100/L_50_60/alluvial/IMG_0206_M_0_10_clayish_red_M_40_50_gray_brown_M_50_60_dark_brown_M_60_70_clay_red_M_70_80_dark_brown.jpg,PRESENT,False,4676c875c5e91e6ec50ab6854411a0d76ff02c12f9f115570bcc1eafde624c9e,93,96,51,9,M_90_100,L_50_60,alluvial,phash:61280229e46e4f90,phash:61280229e46e4f90,,,train
3f745461cf62d1a145b7,IMG_0208_M_0_10_light_brown_M_40_50_gray_brown_M_50_60_dark_brown_M_60_70_clay_red_M_70_80_wet_gray.jpg,Soil_Labeled_Data/M_90_100/L_50_60/alluvial/IMG_0208_M_0_10_light_brown_M_40_50_gray_brown_M_50_60_dark_brown_M_60_70_clay_red_M_70_80_wet_gray.jpg,Soil_Labeled_Data/M_90_100/L_50_60/alluvial/IMG_0208_M_0_10_light_brown_M_40_50_gray_brown_M_50_60_dark_brown_M_60_70_clay_red_M_70_80_wet_gray.jpg,PRESENT,False,50c577a76a792b0cc0c194709d12cd672fb4668226d60d806d83d80098cc920c,95,96,60,9,M_90_100,L_50_60,alluvial,phash:272fa05db045290a,phash:272fa05db045290a,,,train
b12ba8323ae141a833e6,IMG_0208_M_0_10_light_brown_M_40_50_gray_brown_M_60_70_dark_brown_M_70_80_wet_gray_M_80_90_dark_brown.jpg,Soil_Labeled_Data/M_90_100/L_50_60/alluvial/IMG_0208_M_0_10_light_brown_M_40_50_gray_brown_M_60_70_dark_brown_M_70_80_wet_gray_M_80_90_dark_brown.jpg,Soil_Labeled_Data/M_90_100/L_50_60/alluvial/IMG_0208_M_0_10_light_brown_M_40_50_gray_brown_M_60_70_dark_brown_M_70_80_wet_gray_M_80_90_dark_brown.jpg,PRESENT,False,43b077e688dd5108ffe133fe67ae7d76bc6de1f4e5bf91c32bc561ae7d5cabfa,93,95,60,9,M_90_100,L_50_60,alluvial,phash:4d22f0f05d736ff7,phash:4d22f0f05d736ff7,,,train
316a4e52faf0bd6bf929,IMG_0212_M_0_10_light_brown_M_40_50_dark_brown_M_60_70_clay_red_M_80_90_wet_gray.jpg,Soil_Labeled_Data/M_90_100/L_50_60/alluvial/IMG_0212_M_0_10_light_brown_M_40_50_dark_brown_M_60_70_clay_red_M_80_90_wet_gray.jpg,Soil_Labeled_Data/M_90_100/L_50_60/alluvial/IMG_0212_M_0_10_light_brown_M_40_50_dark_brown_M_60_70_clay_red_M_80_90_wet_gray.jpg,PRESENT,False,54528a35af4b3264d8c1f5e2fa4337f092dca5ab1c4ad5519cbbbea0fce6b095,95,98,59,9,M_90_100,L_50_60,alluvial,phash:fe170979b5ca8fe3,phash:fe170979b5ca8fe3,,,train
281aa23d133dfc3dcd62,IMG_0627_M_10_20_clayish_red_M_40_50_gray_brown_M_50_60_gray_brown_M_60_70_clay_red_M_80_90_wet_gray.jpg,Soil_Labeled_Data/M_90_100/L_50_60/alluvial/IMG_0627_M_10_20_clayish_red_M_40_50_gray_brown_M_50_60_gray_brown_M_60_70_clay_red_M_80_90_wet_gray.jpg,Soil_Labeled_Data/M_90_100/L_50_60/alluvial/IMG_0627_M_10_20_clayish_red_M_40_50_gray_brown_M_50_60_gray_brown_M_60_70_clay_red_M_80_90_wet_gray.jpg,PRESENT,False,cdeed2dc0d19cdf9dfbbd592f7a4bdcf14b175f1375f9289bc05d986338e776f,92,92,50,9,M_90_100,L_50_60,alluvial,phash:f694cd8db868b87f,phash:f694cd8db868b87f,,,train
e1feef09f2d2051b4fb8,IMG_0631_M_10_20_light_brown_M_40_50_light_brown_M_50_60_dark_brown_M_70_80_clay_red_M_80_90_dark_brown.jpg,Soil_Labeled_Data/M_90_100/L_50_60/alluvial/IMG_0631_M_10_20_light_brown_M_40_50_light_brown_M_50_60_dark_brown_M_70_80_clay_red_M_80_90_dark_brown.jpg,Soil_Labeled_Data/M_90_100/L_50_60/alluvial/IMG_0631_M_10_20_light_brown_M_40_50_light_brown_M_50_60_dark_brown_M_70_80_clay_red_M_80_90_dark_brown.jpg,PRESENT,False,047a92f61553738e838c50f1d273ef1fdf0f6302a088487e47c5972bfc4d403b,91,94,57,9,M_90_100,L_50_60,alluvial,phash:0be3776bf5b85f30,phash:0be3776bf5b85f30,,,train
89b1a430e020562d3b65,IMG_0642_M_10_20_gray_brown_M_40_50_dark_brown_M_60_70_wet_gray_M_80_90_wet_gray.jpg,Soil_Labeled_Data/M_90_100/L_50_60/alluvial/IMG_0642_M_10_20_gray_brown_M_40_50_dark_brown_M_60_70_wet_gray_M_80_90_wet_gray.jpg,Soil_Labeled_Data/M_90_100/L_50_60/alluvial/IMG_0642_M_10_20_gray_brown_M_40_50_dark_brown_M_60_70_wet_gray_M_80_90_wet_gray.jpg,PRESENT,False,431cbda8afb43518a670345454d2eb0a259c2e31e09212d6008f9d8662bfef94,93,96,59,9,M_90_100,L_50_60,alluvial,phash:b897f55411018911,phash:b897f55411018911,,,train
b5ab7e23c845226e9684,IMG_0644_M_10_20_light_brown_M_40_50_light_brown_M_50_60_dark_brown_M_70_80_clay_red_M_80_90_dark_brown.jpg,Soil_Labeled_Data/M_90_100/L_50_60/alluvial/IMG_0644_M_10_20_light_brown_M_40_50_light_brown_M_50_60_dark_brown_M_70_80_clay_red_M_80_90_dark_brown.jpg,Soil_Labeled_Data/M_90_100/L_50_60/alluvial/IMG_0644_M_10_20_light_brown_M_40_50_light_brown_M_50_60_dark_brown_M_70_80_clay_red_M_80_90_dark_brown.jpg,PRESENT,False,9d81f2126bff2e6b13a14cab02946c8d8b16bf4ce9217170968a7a6be4350f68,98,100,50,9,M_90_100,L_50_60,alluvial,phash:8f6adc2c4b57fab2,phash:8f6adc2c4b57fab2,,,train
ff7a24cda28f8d9192f7,IMG_0644_M_10_20_light_brown_M_40_50_light_brown_M_50_60_dark_brown_M_70_80_wet_gray.jpg,Soil_Labeled_Data/M_90_100/L_50_60/alluvial/IMG_0644_M_10_20_light_brown_M_40_50_light_brown_M_50_60_dark_brown_M_70_80_wet_gray.jpg,Soil_Labeled_Data/M_90_100/L_50_60/alluvial/IMG_0644_M_10_20_light_brown_M_40_50_light_brown_M_50_60_dark_brown_M_70_80_wet_gray.jpg,PRESENT,False,a3fdee179b8f4fee100a5963ba499eeb0eda5283752b6a485c90e8a3d8e5fb6f,94,97,58,9,M_90_100,L_50_60,alluvial,phash:8f6adc2c4b57fab2,phash:8f6adc2c4b57fab2,,,train
79e50a8e654703a21259,z5719945128230_6802d6f378727442f0aab01c758677a5_M_30_40_gray_brown_M_40_50_gray_brown_M_50_60_dark_brown_M_60_70_clay_red_M_70_80_clay_red_M_80_90_dark_brown.jpg,Soil_Labeled_Data/M_90_100/L_50_60/alluvial/z5719945128230_6802d6f378727442f0aab01c758677a5_M_30_40_gray_brown_M_40_50_gray_brown_M_50_60_dark_brown_M_60_70_clay_red_M_70_80_clay_red_M_80_90_dark_brown.jpg,Soil_Labeled_Data/M_90_100/L_50_60/alluvial/z5719945128230_6802d6f378727442f0aab01c758677a5_M_30_40_gray_brown_M_40_50_gray_brown_M_50_60_dark_brown_M_60_70_clay_red_M_70_80_clay_red_M_80_90_dark_brown.jpg,PRESENT,False,7ee9a39438b5ce2a11465db0b44dac1c2bb745f38bebe3d8ddb702c1477941e7,99,99,58,9,M_90_100,L_50_60,alluvial,phash:9707ff4b216224ee,phash:9707ff4b216224ee,,,train
bec22878e66eded05b88,z5719945326572_38e3e733446eabe3bf00850bf73883e0_M_30_40_pale_yellow_M_40_50_gray_brown_M_50_60_dark_brown_M_70_80_wet_gray.jpg,Soil_Labeled_Data/M_90_100/L_50_60/alluvial/z5719945326572_38e3e733446eabe3bf00850bf73883e0_M_30_40_pale_yellow_M_40_50_gray_brown_M_50_60_dark_brown_M_70_80_wet_gray.jpg,Soil_Labeled_Data/M_90_100/L_50_60/alluvial/z5719945326572_38e3e733446eabe3bf00850bf73883e0_M_30_40_pale_yellow_M_40_50_gray_brown_M_50_60_dark_brown_M_70_80_wet_gray.jpg,PRESENT,False,25522bac840cf436f2e6398398238439149d83ea32a7391273be484c4aaf1ae5,94,98,58,9,M_90_100,L_50_60,alluvial,phash:ae5e6bb93e10e1eb,phash:ae5e6bb93e10e1eb,,,train
fc50176b7dd56f4390b0,z5719945442394_074f397072a0e21797e33be6440ab366_M_30_40_light_brown_M_40_50_light_brown_M_50_60_dark_brown_M_70_80_dark_brown.jpg,Soil_Labeled_Data/M_90_100/L_50_60/alluvial/z5719945442394_074f397072a0e21797e33be6440ab366_M_30_40_light_brown_M_40_50_light_brown_M_50_60_dark_brown_M_70_80_dark_brown.jpg,Soil_Labeled_Data/M_90_100/L_50_60/alluvial/z5719945442394_074f397072a0e21797e33be6440ab366_M_30_40_light_brown_M_40_50_light_brown_M_50_60_dark_brown_M_70_80_dark_brown.jpg,PRESENT,False,84b6b908ffd7283fa84ebea3153f020b385cbac24ed164438348a693afc165fb,100,100,51,9,M_90_100,L_50_60,alluvial,phash:2765edb8329cb206,phash:2765edb8329cb206,,,train
8170858d4fa165717b55,z5719945494405_a556366a429daf9a78448e62806f33bb_M_30_40_light_brown_M_50_60_dark_brown_M_70_80_wet_gray.jpg,Soil_Labeled_Data/M_90_100/L_50_60/alluvial/z5719945494405_a556366a429daf9a78448e62806f33bb_M_30_40_light_brown_M_50_60_dark_brown_M_70_80_wet_gray.jpg,Soil_Labeled_Data/M_90_100/L_50_60/alluvial/z5719945494405_a556366a429daf9a78448e62806f33bb_M_30_40_light_brown_M_50_60_dark_brown_M_70_80_wet_gray.jpg,PRESENT,False,36a1178b89ce0c8e326706c185d477c0214568102883e6def03961cf574537fe,97,97,57,9,M_90_100,L_50_60,alluvial,phash:98cba7f801fd0d43,phash:98cba7f801fd0d43,,,train
af2ab01f5f8fb730ab06,z5719945512664_b31ee4aecf6a552463f894dbf83282d1_M_30_40_gray_brown_M_40_50_light_brown_M_50_60_dark_brown_M_70_80_dark_brown.jpg,Soil_Labeled_Data/M_90_100/L_50_60/alluvial/z5719945512664_b31ee4aecf6a552463f894dbf83282d1_M_30_40_gray_brown_M_40_50_light_brown_M_50_60_dark_brown_M_70_80_dark_brown.jpg,Soil_Labeled_Data/M_90_100/L_50_60/alluvial/z5719945512664_b31ee4aecf6a552463f894dbf83282d1_M_30_40_gray_brown_M_40_50_light_brown_M_50_60_dark_brown_M_70_80_dark_brown.jpg,PRESENT,False,cc6435701beb6269a4e5a2c1a5faf877249c4228aca43e4112c1139958391028,91,92,50,9,M_90_100,L_50_60,alluvial,phash:b920e2d30ccecfad,phash:b920e2d30ccecfad,,,train
481dfe7ef5e854e45e03,IMG_0241_M_0_10_clayish_red_M_40_50_dark_brown_M_60_70_dark_brown_M_70_80_dark_brown.jpg,Soil_Labeled_Data/M_90_100/L_60_70/alluvial/IMG_0241_M_0_10_clayish_red_M_40_50_dark_brown_M_60_70_dark_brown_M_70_80_dark_brown.jpg,Soil_Labeled_Data/M_90_100/L_60_70/alluvial/IMG_0241_M_0_10_clayish_red_M_40_50_dark_brown_M_60_70_dark_brown_M_70_80_dark_brown.jpg,PRESENT,False,097128e4978dca2fb81dcf831f6983f18db6bf4af2b7764d5a07893274d71cd4,92,91,70,9,M_90_100,L_60_70,alluvial,phash:c54122dc935fea79,phash:c54122dc935fea79,,,train
bb65c4662712d2da57eb,IMG_0242_M_0_10_light_brown_M_40_50_light_brown_M_50_60_dark_brown_M_60_70_dark_brown_M_70_80_dark_brown.jpg,Soil_Labeled_Data/M_90_100/L_60_70/alluvial/IMG_0242_M_0_10_light_brown_M_40_50_light_brown_M_50_60_dark_brown_M_60_70_dark_brown_M_70_80_dark_brown.jpg,Soil_Labeled_Data/M_90_100/L_60_70/alluvial/IMG_0242_M_0_10_light_brown_M_40_50_light_brown_M_50_60_dark_brown_M_60_70_dark_brown_M_70_80_dark_brown.jpg,PRESENT,False,d92e4421c637fc2d94b5217c6fdd1414b920f2c73dba137baa99f327c95bc2c6,93,96,65,9,M_90_100,L_60_70,alluvial,phash:72f2bba7253dc548,phash:72f2bba7253dc548,,,train
7b1d6f10e675c8ab20c7,IMG_0245_M_0_10_pale_yellow_M_40_50_gray_brown_M_50_60_clay_red_M_70_80_dark_brown.jpg,Soil_Labeled_Data/M_90_100/L_60_70/alluvial/IMG_0245_M_0_10_pale_yellow_M_40_50_gray_brown_M_50_60_clay_red_M_70_80_dark_brown.jpg,Soil_Labeled_Data/M_90_100/L_60_70/alluvial/IMG_0245_M_0_10_pale_yellow_M_40_50_gray_brown_M_50_60_clay_red_M_70_80_dark_brown.jpg,PRESENT,False,76e196645dca1e612dff39dd602303b75dba8da25745626d52956c05356a3502,99,99,70,9,M_90_100,L_60_70,alluvial,phash:5216086d9e7f6171,phash:5216086d9e7f6171,,,train
b55142664db220ae90e0,IMG_0252_M_0_10_pale_yellow_M_40_50_gray_brown_M_60_70_clay_red_M_70_80_wet_gray_M_80_90_wet_gray.jpg,Soil_Labeled_Data/M_90_100/L_60_70/alluvial/IMG_0252_M_0_10_pale_yellow_M_40_50_gray_brown_M_60_70_clay_red_M_70_80_wet_gray_M_80_90_wet_gray.jpg,Soil_Labeled_Data/M_90_100/L_60_70/alluvial/IMG_0252_M_0_10_pale_yellow_M_40_50_gray_brown_M_60_70_clay_red_M_70_80_wet_gray_M_80_90_wet_gray.jpg,PRESENT,False,e512b7ea8f03391002d40105aba97ac0abb375b9c43590a0b075ca30ca64e5b3,96,97,70,9,M_90_100,L_60_70,alluvial,phash:b692d37e2c84bc39,phash:b692d37e2c84bc39,,,train
5799fa1fc9b65d857369,IMG_0255_M_0_10_gray_brown_M_40_50_light_brown_M_50_60_dark_brown_M_60_70_clay_red_M_70_80_wet_gray.jpg,Soil_Labeled_Data/M_90_100/L_60_70/alluvial/IMG_0255_M_0_10_gray_brown_M_40_50_light_brown_M_50_60_dark_brown_M_60_70_clay_red_M_70_80_wet_gray.jpg,Soil_Labeled_Data/M_90_100/L_60_70/alluvial/IMG_0255_M_0_10_gray_brown_M_40_50_light_brown_M_50_60_dark_brown_M_60_70_clay_red_M_70_80_wet_gray.jpg,PRESENT,False,0c7e8836c55ae0c30d19b6c793df0e2b2b11724ab6d704618f1a7599f89dd0b8,94,93,63,9,M_90_100,L_60_70,alluvial,phash:28c8f3401e69481b,phash:28c8f3401e69481b,,,train
a6cbb11aa2e0aadadea9,IMG_0682_M_10_20_light_brown_M_30_40_gray_brown_M_50_60_dark_brown_M_60_70_clay_red_M_70_80_clay_red_M_80_90_wet_gray.jpg,Soil_Labeled_Data/M_90_100/L_60_70/alluvial/IMG_0682_M_10_20_light_brown_M_30_40_gray_brown_M_50_60_dark_brown_M_60_70_clay_red_M_70_80_clay_red_M_80_90_wet_gray.jpg,Soil_Labeled_Data/M_90_100/L_60_70/alluvial/IMG_0682_M_10_20_light_brown_M_30_40_gray_brown_M_50_60_dark_brown_M_60_70_clay_red_M_70_80_clay_red_M_80_90_wet_gray.jpg,PRESENT,False,c75c94c4e496c733d4c7694e3943c545affa70daba6897220cc3b13b81d4634a,95,97,70,9,M_90_100,L_60_70,alluvial,phash:019406175839e097,phash:019406175839e097,,,train
f5b9450028cd6c72931a,IMG_0682_M_10_20_light_brown_M_30_40_gray_brown_M_50_60_dark_brown_M_60_70_wet_gray_M_80_90_dark_brown.jpg,Soil_Labeled_Data/M_90_100/L_60_70/alluvial/IMG_0682_M_10_20_light_brown_M_30_40_gray_brown_M_50_60_dark_brown_M_60_70_wet_gray_M_80_90_dark_brown.jpg,Soil_Labeled_Data/M_90_100/L_60_70/alluvial/IMG_0682_M_10_20_light_brown_M_30_40_gray_brown_M_50_60_dark_brown_M_60_70_wet_gray_M_80_90_dark_brown.jpg,PRESENT,False,b0483ea573ddf15cf3b1d468684928b504409fb18fbfff02ac494b2d210d0fff,96,99,68,9,M_90_100,L_60_70,alluvial,phash:019406175839e097,phash:019406175839e097,,,train
5053fa8a994f46ef805c,IMG_0682_M_10_20_light_brown_M_40_50_gray_brown_M_60_70_clay_red_M_80_90_wet_gray.jpg,Soil_Labeled_Data/M_90_100/L_60_70/alluvial/IMG_0682_M_10_20_light_brown_M_40_50_gray_brown_M_60_70_clay_red_M_80_90_wet_gray.jpg,Soil_Labeled_Data/M_90_100/L_60_70/alluvial/IMG_0682_M_10_20_light_brown_M_40_50_gray_brown_M_60_70_clay_red_M_80_90_wet_gray.jpg,PRESENT,False,b494072731f7d848d9d6f7a4e857481fec5a7e54f1380036d8a83b7fef7a0613,93,93,67,9,M_90_100,L_60_70,alluvial,phash:019406175839e097,phash:019406175839e097,,,train
b98fdef0110591f8744d,z5715084165270_22662a8e6cfa3719910b048011f20dc3_M_20_30_light_brown_M_30_40_light_brown_M_50_60_clay_red_M_70_80_wet_gray_M_80_90_dark_brown.jpg,Soil_Labeled_Data/M_90_100/L_60_70/alluvial/z5715084165270_22662a8e6cfa3719910b048011f20dc3_M_20_30_light_brown_M_30_40_light_brown_M_50_60_clay_red_M_70_80_wet_gray_M_80_90_dark_brown.jpg,Soil_Labeled_Data/M_90_100/L_60_70/alluvial/z5715084165270_22662a8e6cfa3719910b048011f20dc3_M_20_30_light_brown_M_30_40_light_brown_M_50_60_clay_red_M_70_80_wet_gray_M_80_90_dark_brown.jpg,PRESENT,False,3c42d8e6a0c902c2672776d64e1359bf3357ab57c7ccb1e37942973aba3ca2f4,99,100,65,9,M_90_100,L_60_70,alluvial,phash:cd45673673b5cc09,phash:cd45673673b5cc09,,,train
4748d1865b140a7689e4,z5715084217100_56ffdcb9a7e21ae938a857822326c4e1_M_20_30_light_brown_M_30_40_light_brown_M_50_60_dark_brown_M_70_80_clay_red_M_80_90_wet_gray.jpg,Soil_Labeled_Data/M_90_100/L_60_70/alluvial/z5715084217100_56ffdcb9a7e21ae938a857822326c4e1_M_20_30_light_brown_M_30_40_light_brown_M_50_60_dark_brown_M_70_80_clay_red_M_80_90_wet_gray.jpg,Soil_Labeled_Data/M_90_100/L_60_70/alluvial/z5715084217100_56ffdcb9a7e21ae938a857822326c4e1_M_20_30_light_brown_M_30_40_light_brown_M_50_60_dark_brown_M_70_80_clay_red_M_80_90_wet_gray.jpg,PRESENT,False,b6c913cb821997a2491a620c34b442e34652eb3dbc0b5ee101723acbb8840d2a,95,98,70,9,M_90_100,L_60_70,alluvial,phash:0b0189f76cd4b322,phash:0b0189f76cd4b322,,,train
abbbbc298182bcfacebc,z5715084235063_019bf1d09588c2fd5226859f4331698b_M_20_30_light_brown_M_30_40_light_brown_M_50_60_dark_brown_M_60_70_clay_red_M_80_90_wet_gray.jpg,Soil_Labeled_Data/M_90_100/L_60_70/alluvial/z5715084235063_019bf1d09588c2fd5226859f4331698b_M_20_30_light_brown_M_30_40_light_brown_M_50_60_dark_brown_M_60_70_clay_red_M_80_90_wet_gray.jpg,Soil_Labeled_Data/M_90_100/L_60_70/alluvial/z5715084235063_019bf1d09588c2fd5226859f4331698b_M_20_30_light_brown_M_30_40_light_brown_M_50_60_dark_brown_M_60_70_clay_red_M_80_90_wet_gray.jpg,PRESENT,False,7b83e7ea86c1098e1e1395cfc723caa5160969d9a43008e6fdd54405814927e4,94,93,61,9,M_90_100,L_60_70,alluvial,phash:2239954b40c98c02,phash:2239954b40c98c02,,,train
cd88d345240d851a310f,z5715084235063_019bf1d09588c2fd5226859f4331698b_M_20_30_light_brown_M_30_40_light_brown_M_50_60_dark_brown_M_70_80_clay_red_M_80_90_wet_gray.jpg,Soil_Labeled_Data/M_90_100/L_60_70/alluvial/z5715084235063_019bf1d09588c2fd5226859f4331698b_M_20_30_light_brown_M_30_40_light_brown_M_50_60_dark_brown_M_70_80_clay_red_M_80_90_wet_gray.jpg,Soil_Labeled_Data/M_90_100/L_60_70/alluvial/z5715084235063_019bf1d09588c2fd5226859f4331698b_M_20_30_light_brown_M_30_40_light_brown_M_50_60_dark_brown_M_70_80_clay_red_M_80_90_wet_gray.jpg,PRESENT,False,821d2f68e657336db4e4d0a0c2e3446f7f80d0ccf4969499e65ec8ae9b7a382a,91,92,69,9,M_90_100,L_60_70,alluvial,phash:2239954b40c98c02,phash:2239954b40c98c02,,,train
6ed858a5d59606f071d5,z5715084355096_c7964126a2b1f16f09a53be76d55e947_M_20_30_pale_yellow_M_30_40_gray_brown_M_50_60_clay_red_M_70_80_dark_brown.jpg,Soil_Labeled_Data/M_90_100/L_60_70/alluvial/z5715084355096_c7964126a2b1f16f09a53be76d55e947_M_20_30_pale_yellow_M_30_40_gray_brown_M_50_60_clay_red_M_70_80_dark_brown.jpg,Soil_Labeled_Data/M_90_100/L_60_70/alluvial/z5715084355096_c7964126a2b1f16f09a53be76d55e947_M_20_30_pale_yellow_M_30_40_gray_brown_M_50_60_clay_red_M_70_80_dark_brown.jpg,PRESENT,False,b63354876ff52096a9c1a26f03e5f490251b2ed0d1be5d0be8f40998e313d225,93,96,68,9,M_90_100,L_60_70,alluvial,phash:b9c4e59d99e5235b,phash:b9c4e59d99e5235b,,,train
d7cffab275ab700558a7,IMG_0286_M_0_10_pale_yellow_M_40_50_gray_brown_M_50_60_clay_red_M_70_80_dark_brown.jpg,Soil_Labeled_Data/M_90_100/L_70_80/alluvial/IMG_0286_M_0_10_pale_yellow_M_40_50_gray_brown_M_50_60_clay_red_M_70_80_dark_brown.jpg,Soil_Labeled_Data/M_90_100/L_70_80/alluvial/IMG_0286_M_0_10_pale_yellow_M_40_50_gray_brown_M_50_60_clay_red_M_70_80_dark_brown.jpg,PRESENT,False,51c5989793d6147be25ec0c258a0163a568e55073f816b53524d63ea95f60494,99,100,75,9,M_90_100,L_70_80,alluvial,phash:fd87265d3e19661a,phash:fd87265d3e19661a,,,train
037855e63ff2381750b7,IMG_0300_M_0_10_pale_yellow_M_40_50_dark_brown_M_60_70_dark_brown_M_70_80_clay_red_M_80_90_dark_brown.jpg,Soil_Labeled_Data/M_90_100/L_70_80/alluvial/IMG_0300_M_0_10_pale_yellow_M_40_50_dark_brown_M_60_70_dark_brown_M_70_80_clay_red_M_80_90_dark_brown.jpg,Soil_Labeled_Data/M_90_100/L_70_80/alluvial/IMG_0300_M_0_10_pale_yellow_M_40_50_dark_brown_M_60_70_dark_brown_M_70_80_clay_red_M_80_90_dark_brown.jpg,PRESENT,False,3442d802b8bd7b28acef91cec1839da27ceb4d1e12de0f802ff7cc9da24054e5,98,98,70,9,M_90_100,L_70_80,alluvial,phash:fa7b95d4eefcdbe3,phash:fa7b95d4eefcdbe3,,,train
dfd7b5aaebe59524cd30,IMG_0301_M_0_10_pale_yellow_M_40_50_dark_brown_M_60_70_dark_brown_M_70_80_clay_red_M_80_90_dark_brown.jpg,Soil_Labeled_Data/M_90_100/L_70_80/alluvial/IMG_0301_M_0_10_pale_yellow_M_40_50_dark_brown_M_60_70_dark_brown_M_70_80_clay_red_M_80_90_dark_brown.jpg,Soil_Labeled_Data/M_90_100/L_70_80/alluvial/IMG_0301_M_0_10_pale_yellow_M_40_50_dark_brown_M_60_70_dark_brown_M_70_80_clay_red_M_80_90_dark_brown.jpg,PRESENT,False,a99ee5d3f99f7f31a33233feb26306633deeee855b338e6d50d89a8277477870,99,98,76,9,M_90_100,L_70_80,alluvial,phash:222099dae69a0921,phash:222099dae69a0921,,,train
e5940eb4e8206361afcf,IMG_0302_M_0_10_clayish_red_M_40_50_light_brown_M_50_60_dark_brown_M_70_80_dark_brown.jpg,Soil_Labeled_Data/M_90_100/L_70_80/alluvial/IMG_0302_M_0_10_clayish_red_M_40_50_light_brown_M_50_60_dark_brown_M_70_80_dark_brown.jpg,Soil_Labeled_Data/M_90_100/L_70_80/alluvial/IMG_0302_M_0_10_clayish_red_M_40_50_light_brown_M_50_60_dark_brown_M_70_80_dark_brown.jpg,PRESENT,False,517cddd5b6779130234e20524d9097bc2d7aff29aa8676acd980450d77926316,98,97,73,9,M_90_100,L_70_80,alluvial,phash:5dc310f046e489b5,phash:5dc310f046e489b5,,,train
f1bb7c8c012cf2524466,IMG_0697_M_10_20_light_brown_M_40_50_gray_brown_M_50_60_clay_red_M_70_80_wet_gray.jpg,Soil_Labeled_Data/M_90_100/L_70_80/alluvial/IMG_0697_M_10_20_light_brown_M_40_50_gray_brown_M_50_60_clay_red_M_70_80_wet_gray.jpg,Soil_Labeled_Data/M_90_100/L_70_80/alluvial/IMG_0697_M_10_20_light_brown_M_40_50_gray_brown_M_50_60_clay_red_M_70_80_wet_gray.jpg,PRESENT,False,f5c2efd851074cebdf556488fc9a419ab5c02e75977985ca2ee401078d50de39,100,100,75,9,M_90_100,L_70_80,alluvial,phash:5cf9899e04a59dd3,phash:5cf9899e04a59dd3,,,train
333ced4ce00a2f97f8f0,IMG_0697_M_10_20_pale_yellow_M_30_40_gray_brown_M_50_60_dark_brown_M_70_80_wet_gray_M_80_90_wet_gray.jpg,Soil_Labeled_Data/M_90_100/L_70_80/alluvial/IMG_0697_M_10_20_pale_yellow_M_30_40_gray_brown_M_50_60_dark_brown_M_70_80_wet_gray_M_80_90_wet_gray.jpg,Soil_Labeled_Data/M_90_100/L_70_80/alluvial/IMG_0697_M_10_20_pale_yellow_M_30_40_gray_brown_M_50_60_dark_brown_M_70_80_wet_gray_M_80_90_wet_gray.jpg,PRESENT,False,8b776e7b519c11e2df08fba6ff77a41ae746b67e836f137cf5f3b585ef043d0e,92,94,78,9,M_90_100,L_70_80,alluvial,phash:cce21ffc8d19eb1d,phash:cce21ffc8d19eb1d,,,train
a088ca3a5a0571c3f895,IMG_0698_M_10_20_pale_yellow_M_30_40_gray_brown_M_50_60_clay_red_M_70_80_wet_gray.jpg,Soil_Labeled_Data/M_90_100/L_70_80/alluvial/IMG_0698_M_10_20_pale_yellow_M_30_40_gray_brown_M_50_60_clay_red_M_70_80_wet_gray.jpg,Soil_Labeled_Data/M_90_100/L_70_80/alluvial/IMG_0698_M_10_20_pale_yellow_M_30_40_gray_brown_M_50_60_clay_red_M_70_80_wet_gray.jpg,PRESENT,False,69f5d39004cd74bd49e7121247bacbeab029d2c06423a7dcb58f9ecc6d511086,95,97,75,9,M_90_100,L_70_80,alluvial,phash:3bb8acb89f03a372,phash:3bb8acb89f03a372,,,train
6d5dc36cd3df43766f6b,IMG_0700_M_10_20_light_brown_M_30_40_light_brown_M_50_60_dark_brown_M_60_70_clay_red_M_80_90_wet_gray.jpg,Soil_Labeled_Data/M_90_100/L_70_80/alluvial/IMG_0700_M_10_20_light_brown_M_30_40_light_brown_M_50_60_dark_brown_M_60_70_clay_red_M_80_90_wet_gray.jpg,Soil_Labeled_Data/M_90_100/L_70_80/alluvial/IMG_0700_M_10_20_light_brown_M_30_40_light_brown_M_50_60_dark_brown_M_60_70_clay_red_M_80_90_wet_gray.jpg,PRESENT,False,fe32f6d5ab660da02c3f8e43a2fa052b8078ece481d13b32e6d63bf42c72b336,95,96,79,9,M_90_100,L_70_80,alluvial,phash:b004e0323940b864,phash:b004e0323940b864,,,train
04c1f58c5f6a36c15c5c,IMG_0702_M_10_20_clayish_red_M_40_50_gray_brown_M_50_60_dark_brown_M_60_70_dark_brown_M_70_80_wet_gray.jpg,Soil_Labeled_Data/M_90_100/L_70_80/alluvial/IMG_0702_M_10_20_clayish_red_M_40_50_gray_brown_M_50_60_dark_brown_M_60_70_dark_brown_M_70_80_wet_gray.jpg,Soil_Labeled_Data/M_90_100/L_70_80/alluvial/IMG_0702_M_10_20_clayish_red_M_40_50_gray_brown_M_50_60_dark_brown_M_60_70_dark_brown_M_70_80_wet_gray.jpg,PRESENT,False,3727c4db5afa970d06f1517414d8ae94b612a29f2309a15c7e4f347147700f0b,90,91,75,9,M_90_100,L_70_80,alluvial,phash:da003ea3a8a9acb4,phash:da003ea3a8a9acb4,,,train
067575c838c49394a55e,IMG_0708_M_10_20_clayish_red_M_40_50_light_brown_M_50_60_gray_brown_M_60_70_wet_gray_M_80_90_dark_brown.jpg,Soil_Labeled_Data/M_90_100/L_70_80/alluvial/IMG_0708_M_10_20_clayish_red_M_40_50_light_brown_M_50_60_gray_brown_M_60_70_wet_gray_M_80_90_dark_brown.jpg,Soil_Labeled_Data/M_90_100/L_70_80/alluvial/IMG_0708_M_10_20_clayish_red_M_40_50_light_brown_M_50_60_gray_brown_M_60_70_wet_gray_M_80_90_dark_brown.jpg,PRESENT,False,dc2388b60d5bfba0183862cb96396f4ee87de134a9bf278a58d2f39fb2688c21,92,94,76,9,M_90_100,L_70_80,alluvial,phash:9d2033d48628688c,phash:9d2033d48628688c,,,train
36666290c144cfe151d1,IMG_0713_M_10_20_light_brown_M_30_40_gray_brown_M_50_60_clay_red_M_70_80_dark_brown.jpg,Soil_Labeled_Data/M_90_100/L_70_80/alluvial/IMG_0713_M_10_20_light_brown_M_30_40_gray_brown_M_50_60_clay_red_M_70_80_dark_brown.jpg,Soil_Labeled_Data/M_90_100/L_70_80/alluvial/IMG_0713_M_10_20_light_brown_M_30_40_gray_brown_M_50_60_clay_red_M_70_80_dark_brown.jpg,PRESENT,False,30f6a776e85e04068f9e6ceadff20f1eb8886ab3be28a851e1988db20d77c4d7,95,98,70,9,M_90_100,L_70_80,alluvial,phash:2f621abd4c47601f,phash:2f621abd4c47601f,,,train
591828598fd55c50fffb,IMG_0713_M_10_20_pale_yellow_M_40_50_gray_brown_M_50_60_gray_brown_M_60_70_dark_brown_M_70_80_dark_brown.jpg,Soil_Labeled_Data/M_90_100/L_70_80/alluvial/IMG_0713_M_10_20_pale_yellow_M_40_50_gray_brown_M_50_60_gray_brown_M_60_70_dark_brown_M_70_80_dark_brown.jpg,Soil_Labeled_Data/M_90_100/L_70_80/alluvial/IMG_0713_M_10_20_pale_yellow_M_40_50_gray_brown_M_50_60_gray_brown_M_60_70_dark_brown_M_70_80_dark_brown.jpg,PRESENT,False,3232afc792e06c80c007ed47f18b9940dfc446719603e98841a2034bafb4c9fa,91,92,73,9,M_90_100,L_70_80,alluvial,phash:2f621abd4c47601f,phash:2f621abd4c47601f,,,train
72b92210f4d653b8600c,IMG_0716_M_10_20_light_brown_M_40_50_gray_brown_M_50_60_dark_brown_M_70_80_wet_gray.jpg,Soil_Labeled_Data/M_90_100/L_70_80/alluvial/IMG_0716_M_10_20_light_brown_M_40_50_gray_brown_M_50_60_dark_brown_M_70_80_wet_gray.jpg,Soil_Labeled_Data/M_90_100/L_70_80/alluvial/IMG_0716_M_10_20_light_brown_M_40_50_gray_brown_M_50_60_dark_brown_M_70_80_wet_gray.jpg,PRESENT,False,c7c471cc01abee3d08ad83ca283631b11fbd8d7fd93a9ade04dfeda27d501898,91,93,76,9,M_90_100,L_70_80,alluvial,phash:ea21b0c5f7c3e0b8,phash:ea21b0c5f7c3e0b8,,,train
443a09dfee2fdb0dc227,IMG_0716_M_10_20_light_brown_M_40_50_gray_brown_M_60_70_clay_red_M_70_80_dark_brown.jpg,Soil_Labeled_Data/M_90_100/L_70_80/alluvial/IMG_0716_M_10_20_light_brown_M_40_50_gray_brown_M_60_70_clay_red_M_70_80_dark_brown.jpg,Soil_Labeled_Data/M_90_100/L_70_80/alluvial/IMG_0716_M_10_20_light_brown_M_40_50_gray_brown_M_60_70_clay_red_M_70_80_dark_brown.jpg,PRESENT,False,6843a303339d0b8c935d5e0018fdc36d4d2208b132f0a7134eeee4915213ea1b,91,94,74,9,M_90_100,L_70_80,alluvial,phash:ea21b0c5f7c3e0b8,phash:ea21b0c5f7c3e0b8,,,train
661c142db4d4df61121d,IMG_0716_M_10_20_light_brown_M_40_50_gray_brown_M_60_70_clay_red_M_80_90_wet_gray.jpg,Soil_Labeled_Data/M_90_100/L_70_80/alluvial/IMG_0716_M_10_20_light_brown_M_40_50_gray_brown_M_60_70_clay_red_M_80_90_wet_gray.jpg,Soil_Labeled_Data/M_90_100/L_70_80/alluvial/IMG_0716_M_10_20_light_brown_M_40_50_gray_brown_M_60_70_clay_red_M_80_90_wet_gray.jpg,PRESENT,False,0c512607891ef03ffd0ce7b2e2367f15fc2c2458979da8f7de436acfec747b37,93,93,78,9,M_90_100,L_70_80,alluvial,phash:ea21b0c5f7c3e0b8,phash:ea21b0c5f7c3e0b8,,,train
17110468b2540b74828a,z5715141734634_e77f72db46f26975a8a55807dd7433b7_M_20_30_light_brown_M_30_40_light_brown_M_50_60_gray_brown_M_60_70_dark_brown_M_70_80_wet_gray.jpg,Soil_Labeled_Data/M_90_100/L_70_80/alluvial/z5715141734634_e77f72db46f26975a8a55807dd7433b7_M_20_30_light_brown_M_30_40_light_brown_M_50_60_gray_brown_M_60_70_dark_brown_M_70_80_wet_gray.jpg,Soil_Labeled_Data/M_90_100/L_70_80/alluvial/z5715141734634_e77f72db46f26975a8a55807dd7433b7_M_20_30_light_brown_M_30_40_light_brown_M_50_60_gray_brown_M_60_70_dark_brown_M_70_80_wet_gray.jpg,PRESENT,False,3d229fe643778cb2d2498498bd2b41313fdc1aa0fef8f6f7d203e122b5c272d7,93,92,80,9,M_90_100,L_70_80,alluvial,phash:e24ee0f14f9344e0,phash:e24ee0f14f9344e0,,,train
e8af69c4f95ef49eb4dd,z5715142059955_714428cc11c0a10913b3b74dd846590d_M_20_30_light_brown_M_30_40_light_brown_M_50_60_dark_brown_M_70_80_dark_brown.jpg,Soil_Labeled_Data/M_90_100/L_70_80/alluvial/z5715142059955_714428cc11c0a10913b3b74dd846590d_M_20_30_light_brown_M_30_40_light_brown_M_50_60_dark_brown_M_70_80_dark_brown.jpg,Soil_Labeled_Data/M_90_100/L_70_80/alluvial/z5715142059955_714428cc11c0a10913b3b74dd846590d_M_20_30_light_brown_M_30_40_light_brown_M_50_60_dark_brown_M_70_80_dark_brown.jpg,PRESENT,False,c5696f23bb333e2e192fca423f312d173e93172b64917825f0de6d486b9b7d38,95,94,73,9,M_90_100,L_70_80,alluvial,phash:acbd364086f7d94e,phash:acbd364086f7d94e,,,train
f3158725d37a92f4389a,M_90_100_L_80_90_0005_wet_gray.jpg,Soil_Labeled_Data/M_90_100/L_80_90/alluvial/M_90_100_L_80_90_0005_wet_gray.jpg,Soil_Labeled_Data/M_90_100/L_80_90/alluvial/M_90_100_L_80_90_0005_wet_gray.jpg,PRESENT,False,f2cc5533b551cdf122bfd506834afccc0501d7a8e8cc70622cea269bbc1f041d,95,97,84,9,M_90_100,L_80_90,alluvial,phash:4ad83b90bc553752,phash:4ad83b90bc553752,,,train
75063ace0d9e4fa7ca32,M_90_100_L_80_90_0006_light_brown.jpg,Soil_Labeled_Data/M_90_100/L_80_90/alluvial/M_90_100_L_80_90_0006_light_brown.jpg,Soil_Labeled_Data/M_90_100/L_80_90/alluvial/M_90_100_L_80_90_0006_light_brown.jpg,PRESENT,False,f926b82149ea300ae280ffe0ce2000677c166e5fd7076ca1002d022e071d8596,98,99,89,9,M_90_100,L_80_90,alluvial,phash:76cc89c5934a6235,phash:76cc89c5934a6235,,,train
a3b0c2123cfb6579b1ea,M_90_100_L_80_90_0012_wet_gray.jpg,Soil_Labeled_Data/M_90_100/L_80_90/alluvial/M_90_100_L_80_90_0012_wet_gray.jpg,Soil_Labeled_Data/M_90_100/L_80_90/alluvial/M_90_100_L_80_90_0012_wet_gray.jpg,PRESENT,False,e70dea0b5f3659363d1f50889804cb30237a686567ce72c7d3dc7d7ec598807f,96,97,83,9,M_90_100,L_80_90,alluvial,phash:973bc84196291d6c,phash:973bc84196291d6c,,,train
f08eea09de70c11bd385,M_90_100_L_80_90_0025_dark_brown.jpg,Soil_Labeled_Data/M_90_100/L_80_90/alluvial/M_90_100_L_80_90_0025_dark_brown.jpg,Soil_Labeled_Data/M_90_100/L_80_90/alluvial/M_90_100_L_80_90_0025_dark_brown.jpg,PRESENT,False,e7bf7effd1d99b85b7bc168a0563bf12906e14315d9391dadf455a5d102cf76a,95,94,83,9,M_90_100,L_80_90,alluvial,phash:aff0a09cdc11f1c9,phash:aff0a09cdc11f1c9,,,train
746303f4027fcd9de432,M_90_100_L_80_90_0027_dark_brown.jpg,Soil_Labeled_Data/M_90_100/L_80_90/alluvial/M_90_100_L_80_90_0027_dark_brown.jpg,Soil_Labeled_Data/M_90_100/L_80_90/alluvial/M_90_100_L_80_90_0027_dark_brown.jpg,PRESENT,False,07b17757c5f2ee305b624015eff897fa333bdb5b3533f6b6f4a9a380f0dc8fd2,90,90,82,9,M_90_100,L_80_90,alluvial,phash:4b6bf69f8d4e521c,phash:4b6bf69f8d4e521c,,,train
0ff399c1c59c47492f67,M_90_100_L_80_90_0035_dark_brown.jpg,Soil_Labeled_Data/M_90_100/L_80_90/alluvial/M_90_100_L_80_90_0035_dark_brown.jpg,Soil_Labeled_Data/M_90_100/L_80_90/alluvial/M_90_100_L_80_90_0035_dark_brown.jpg,PRESENT,False,a9433248f03f3262f7ec437cf6fb8e0861c7d6d26c4e3457ec2b12e47dc26f0e,99,97,83,9,M_90_100,L_80_90,alluvial,phash:1215d62c7553ea0a,phash:1215d62c7553ea0a,,,train
058c416ce5e43506faa5,M_90_100_L_80_90_0046_light_brown.jpg,Soil_Labeled_Data/M_90_100/L_80_90/alluvial/M_90_100_L_80_90_0046_light_brown.jpg,Soil_Labeled_Data/M_90_100/L_80_90/alluvial/M_90_100_L_80_90_0046_light_brown.jpg,PRESENT,False,2f15385e5eeb8e2e49a249d8cf95c5d49287ce704174e51bfa9aa227ce283695,93,91,86,9,M_90_100,L_80_90,alluvial,phash:1215d62c7553ea0a,phash:1215d62c7553ea0a,,,train
ba35a85ab6fd7d8f102d,M_90_100_L_80_90_0047_clay_red.jpg,Soil_Labeled_Data/M_90_100/L_80_90/alluvial/M_90_100_L_80_90_0047_clay_red.jpg,Soil_Labeled_Data/M_90_100/L_80_90/alluvial/M_90_100_L_80_90_0047_clay_red.jpg,PRESENT,False,3f2233cdc3c38512b13383f932b64f10df860c2b17e1b997054a71e230e28a04,95,93,84,9,M_90_100,L_80_90,alluvial,phash:76cc89c5934a6235,phash:76cc89c5934a6235,,,train
5ac5fba679cbac8b0453,M_90_100_L_80_90_0060_gray_brown.jpg,Soil_Labeled_Data/M_90_100/L_80_90/alluvial/M_90_100_L_80_90_0060_gray_brown.jpg,Soil_Labeled_Data/M_90_100/L_80_90/alluvial/M_90_100_L_80_90_0060_gray_brown.jpg,PRESENT,False,50de9ee6154965657155b1458368b327d73dce526b949419865fcee163ee47a6,91,89,86,9,M_90_100,L_80_90,alluvial,phash:4ad83b90bc553752,phash:4ad83b90bc553752,,,train
00894e5421aa767a3f73,M_90_100_L_80_90_0062_wet_gray.jpg,Soil_Labeled_Data/M_90_100/L_80_90/alluvial/M_90_100_L_80_90_0062_wet_gray.jpg,Soil_Labeled_Data/M_90_100/L_80_90/alluvial/M_90_100_L_80_90_0062_wet_gray.jpg,PRESENT,False,a5ba4e351699cc7f663db9155b3bab66ef32320587ffc3d14d6508fa52a6f580,98,99,85,9,M_90_100,L_80_90,alluvial,phash:1215d62c7553ea0a,phash:1215d62c7553ea0a,,,train
21a580387204d9bcb902,M_90_100_L_80_90_0068_gray_brown.jpg,Soil_Labeled_Data/M_90_100/L_80_90/alluvial/M_90_100_L_80_90_0068_gray_brown.jpg,Soil_Labeled_Data/M_90_100/L_80_90/alluvial/M_90_100_L_80_90_0068_gray_brown.jpg,PRESENT,False,672a91f886d1b1afbbe20f5efce87c4ffa6fc21439b0f51b1df1c6da8a97b9c5,97,97,81,9,M_90_100,L_80_90,alluvial,phash:9d431cab8795e4bf,phash:9d431cab8795e4bf,,,train
fb4bff536f85f60a2019,M_90_100_L_80_90_0069_clay_red.jpg,Soil_Labeled_Data/M_90_100/L_80_90/alluvial/M_90_100_L_80_90_0069_clay_red.jpg,Soil_Labeled_Data/M_90_100/L_80_90/alluvial/M_90_100_L_80_90_0069_clay_red.jpg,PRESENT,False,5b8237b6341b4efb53fd83b6c7348228ca9a9e5d39cdd4f60e93547e02173f08,97,98,89,9,M_90_100,L_80_90,alluvial,phash:800634b2c99ac8f3,phash:800634b2c99ac8f3,,,train
779e0d6e83021dbf9ec7,M_90_100_L_80_90_0071_wet_gray.jpg,Soil_Labeled_Data/M_90_100/L_80_90/alluvial/M_90_100_L_80_90_0071_wet_gray.jpg,Soil_Labeled_Data/M_90_100/L_80_90/alluvial/M_90_100_L_80_90_0071_wet_gray.jpg,PRESENT,False,dc924a1d05e14da994804b4ed7ae0a0455ad4fede74a640a8657e42540819ca0,97,96,88,9,M_90_100,L_80_90,alluvial,phash:71ad861852ba3e1c,phash:71ad861852ba3e1c,,,train
c77b26ff28e347f8470b,M_90_100_L_80_90_0079_light_brown.jpg,Soil_Labeled_Data/M_90_100/L_80_90/alluvial/M_90_100_L_80_90_0079_light_brown.jpg,Soil_Labeled_Data/M_90_100/L_80_90/alluvial/M_90_100_L_80_90_0079_light_brown.jpg,PRESENT,False,0e32b1f986422af532154b33dcf757fbf8c35d361ccae2828c509e715b58d0b7,96,96,83,9,M_90_100,L_80_90,alluvial,phash:4ad83b90bc553752,phash:4ad83b90bc553752,,,train
7b1973350b35541c60b6,M_90_100_L_90_100_0010_light_brown.jpg,Soil_Labeled_Data/M_90_100/L_90_100/alluvial/M_90_100_L_90_100_0010_light_brown.jpg,Soil_Labeled_Data/M_90_100/L_90_100/alluvial/M_90_100_L_90_100_0010_light_brown.jpg,PRESENT,False,e44cdceb012344ac391aa37486467d4b105395761f051e7ae67b82914b785756,95,94,95,9,M_90_100,L_90_100,alluvial,phash:b1dd5e518be03381,phash:b1dd5e518be03381,,,train
0f0ff64d66a24988eb60,M_90_100_L_90_100_0012_light_brown.jpg,Soil_Labeled_Data/M_90_100/L_90_100/alluvial/M_90_100_L_90_100_0012_light_brown.jpg,Soil_Labeled_Data/M_90_100/L_90_100/alluvial/M_90_100_L_90_100_0012_light_brown.jpg,PRESENT,False,bf641d37efc83bf15019ea0cbb8dab76484ec9827d90b0fa483e16507ab07695,95,93,91,9,M_90_100,L_90_100,alluvial,phash:791ed0e2c59ec859,phash:791ed0e2c59ec859,,,train
6cb71c5a6cb6f7cea76e,M_90_100_L_90_100_0015_wet_gray.jpg,Soil_Labeled_Data/M_90_100/L_90_100/alluvial/M_90_100_L_90_100_0015_wet_gray.jpg,Soil_Labeled_Data/M_90_100/L_90_100/alluvial/M_90_100_L_90_100_0015_wet_gray.jpg,PRESENT,False,80ac0d7b1e0bd3265b9071cee2255182da62341876bd4587bf23960b9bab2b1d,90,89,98,9,M_90_100,L_90_100,alluvial,phash:8cc21468101ad959,phash:8cc21468101ad959,,,train
c60f7b7c2a9cc74431c0,M_90_100_L_90_100_0019_clay_red.jpg,Soil_Labeled_Data/M_90_100/L_90_100/alluvial/M_90_100_L_90_100_0019_clay_red.jpg,Soil_Labeled_Data/M_90_100/L_90_100/alluvial/M_90_100_L_90_100_0019_clay_red.jpg,PRESENT,False,b0fe69536f43665b18dd1e96664c23473b5b768a1b5bffd899d9197ceb1348a4,100,100,90,9,M_90_100,L_90_100,alluvial,phash:c53412a0faca5b57,phash:c53412a0faca5b57,,,train
fa19f3655af1c69a1759,M_90_100_L_90_100_0048_light_brown.jpg,Soil_Labeled_Data/M_90_100/L_90_100/alluvial/M_90_100_L_90_100_0048_light_brown.jpg,Soil_Labeled_Data/M_90_100/L_90_100/alluvial/M_90_100_L_90_100_0048_light_brown.jpg,PRESENT,False,d82106fe882088329713fd6015f3ad884e5023173bc55cce6a6a89cff6ec9e1e,94,93,92,9,M_90_100,L_90_100,alluvial,phash:a2e9f8911271b751,phash:a2e9f8911271b751,,,train
193d16e2cc9c7a8338d8,M_90_100_L_90_100_0049_wet_gray.jpg,Soil_Labeled_Data/M_90_100/L_90_100/alluvial/M_90_100_L_90_100_0049_wet_gray.jpg,Soil_Labeled_Data/M_90_100/L_90_100/alluvial/M_90_100_L_90_100_0049_wet_gray.jpg,PRESENT,False,98017c471ded934047e1e2396c9580c0ccf8a0c477c78f8d609060887c42d307,99,100,91,9,M_90_100,L_90_100,alluvial,phash:2c212e94239766ab,phash:2c212e94239766ab,,,train
b29e20abda5158758272,M_90_100_L_90_100_0076_wet_gray.jpg,Soil_Labeled_Data/M_90_100/L_90_100/alluvial/M_90_100_L_90_100_0076_wet_gray.jpg,Soil_Labeled_Data/M_90_100/L_90_100/alluvial/M_90_100_L_90_100_0076_wet_gray.jpg,PRESENT,False,f5d4b367ca5ce3c649999773b7b590c7adf7d44035be87a932ce868c70d908ea,94,95,93,9,M_90_100,L_90_100,alluvial,phash:c3a957c74b78ed78,phash:c3a957c74b78ed78,,,train
ff4d755bef8668cd2450,M_90_100_L_90_100_0084_dark_brown.jpg,Soil_Labeled_Data/M_90_100/L_90_100/alluvial/M_90_100_L_90_100_0084_dark_brown.jpg,Soil_Labeled_Data/M_90_100/L_90_100/alluvial/M_90_100_L_90_100_0084_dark_brown.jpg,PRESENT,False,efafbad669f47153d2da5abe79c8a1dec5a3bfcc03065230569fa36737c3ace3,92,91,90,9,M_90_100,L_90_100,alluvial,phash:4629140a527a816d,phash:4629140a527a816d,,,train
998772cdf592b7e974a3,M_90_100_L_90_100_0091_dark_brown.jpg,Soil_Labeled_Data/M_90_100/L_90_100/alluvial/M_90_100_L_90_100_0091_dark_brown.jpg,Soil_Labeled_Data/M_90_100/L_90_100/alluvial/M_90_100_L_90_100_0091_dark_brown.jpg,PRESENT,False,3913874e504eeada86c24cbc2f46a373cd36e4430279bf8509bb8aea89ebea8a,94,96,93,9,M_90_100,L_90_100,alluvial,phash:bbcc9a37a80df1c7,phash:bbcc9a37a80df1c7,,,train
