checkpoint_id,scope,relative_path,filename,size_bytes,sha256,safe_load_status,top_level_type,top_level_keys,state_dict_prefix,tensor_count,parameter_tensor_count,primary_category,suspected_mu,suspected_epoch,suspected_model,has_reg_head,has_cls_head,has_light_branch,num_classes,regression_output_dimension,reg_head_shape,cls_head_shape,model_compatible,has_optimizer,has_epoch,has_config,additional_flags,notes
sha256:94f99a3efdeb2094bb30,CHECKPOINT_ROOT,checkpoints_massive/best_model.pth,best_model.pth,32712893,94f99a3efdeb2094bb305b0362338eb053c17c8cb4b81f9529e95c45822894ed,SAFE_LOAD_OK,OrderedDict,stem.0.weight;stem.1.weight;stem.1.bias;stem.1.running_mean;stem.1.running_var;stem.1.num_batches_tracked;body.0.conv.0.weight;body.0.conv.1.weight;body.0.conv.1.bias;body.0.conv.1.running_mean;body.0.conv.1.running_var;body.0.conv.1.num_batches_tracked;body.0.conv.3.weight;body.0.conv.4.weight;body.0.conv.4.bias;body.0.conv.4.running_mean;body.0.conv.4.running_var;body.0.conv.4.num_batches_tracked;body.0.conv.6.weight;body.0.conv.7.weight;body.0.conv.7.bias;body.0.conv.7.running_mean;body.0.conv.7.running_var;body.0.conv.7.num_batches_tracked;body.0.se.1.weight;body.0.se.1.bias;body.0.se.3.weight;body.0.se.3.bias;body.1.conv.0.weight;body.1.conv.1.weight;body.1.conv.1.bias;body.1.conv.1.running_mean;body.1.conv.1.running_var;body.1.conv.1.num_batches_tracked;body.1.conv.3.weight;body.1.conv.4.weight;body.1.conv.4.bias;body.1.conv.4.running_mean;body.1.conv.4.running_var;body.1.conv.4.num_batches_tracked;body.1.conv.6.weight;body.1.conv.7.weight;body.1.conv.7.bias;body.1.conv.7.running_mean;body.1.conv.7.running_var;body.1.conv.7.num_batches_tracked;body.1.se.1.weight;body.1.se.1.bias;body.1.se.3.weight;body.1.se.3.bias;body.2.conv.0.weight;body.2.conv.1.weight;body.2.conv.1.bias;body.2.conv.1.running_mean;body.2.conv.1.running_var;body.2.conv.1.num_batches_tracked;body.2.conv.3.weight;body.2.conv.4.weight;body.2.conv.4.bias;body.2.conv.4.running_mean;body.2.conv.4.running_var;body.2.conv.4.num_batches_tracked;body.2.conv.6.weight;body.2.conv.7.weight;body.2.conv.7.bias;body.2.conv.7.running_mean;body.2.conv.7.running_var;body.2.conv.7.num_batches_tracked;body.2.se.1.weight;body.2.se.1.bias;body.2.se.3.weight;body.2.se.3.bias;body.3.conv.0.weight;body.3.conv.1.weight;body.3.conv.1.bias;body.3.conv.1.running_mean;body.3.conv.1.running_var;body.3.conv.1.num_batches_tracked;body.3.conv.3.weight;body.3.conv.4.weight;body.3.conv.4.bias;body.3.conv.4.running_mean;body.3.conv.4.running_var;body.3.conv.4.num_batches_tracked;body.3.conv.6.weight;body.3.conv.7.weight;body.3.conv.7.bias;body.3.conv.7.running_mean;body.3.conv.7.running_var;body.3.conv.7.num_batches_tracked;body.3.se.1.weight;body.3.se.1.bias;body.3.se.3.weight;body.3.se.3.bias;body.4.conv.0.weight;body.4.conv.1.weight;body.4.conv.1.bias;body.4.conv.1.running_mean;body.4.conv.1.running_var;body.4.conv.1.num_batches_tracked,raw_state_dict,511,310,BASELINE_CLASSIFIER,,,baseline_unknown,False,False,False,,,,,False,False,False,False,,Parameter tensor count excludes running statistics/counters; classification uses normalized keys and source evidence.
sha256:bdd6f060a288e9a83fe0,CHECKPOINT_ROOT,checkpoints_massive/checkpoint_epoch_1.pth,checkpoint_epoch_1.pth,97551360,bdd6f060a288e9a83fe0b78838a75a55be0b7331f831fabdb46d2564172b18b8,SAFE_LOAD_OK,dict,epoch;model_state_dict;optimizer_state_dict,model_state_dict,511,310,FULL_TRAINING_STATE,,1,UNKNOWN,False,False,False,,,,,False,True,True,False,HAS_OPTIMIZER;HAS_EPOCH,Parameter tensor count excludes running statistics/counters; classification uses normalized keys and source evidence.
sha256:7dec7d4404260d0734a5,CHECKPOINT_ROOT,checkpoints_massive/checkpoint_epoch_10.pth,checkpoint_epoch_10.pth,97552805,7dec7d4404260d0734a5fb699be21d5fd98c25e645824d801b0996b2e9f084c4,SAFE_LOAD_OK,dict,epoch;model_state_dict;optimizer_state_dict,model_state_dict,511,310,FULL_TRAINING_STATE,,10,UNKNOWN,False,False,False,,,,,False,True,True,False,HAS_OPTIMIZER;HAS_EPOCH,Parameter tensor count excludes running statistics/counters; classification uses normalized keys and source evidence.
sha256:23c541ce3805b52880c9,CHECKPOINT_ROOT,checkpoints_massive/checkpoint_epoch_100.pth,checkpoint_epoch_100.pth,97554250,23c541ce3805b52880c93c184e73de1b23eeac107422694937bbcf09b9ca64e1,SAFE_LOAD_OK,dict,epoch;model_state_dict;optimizer_state_dict,model_state_dict,511,310,FULL_TRAINING_STATE,,100,UNKNOWN,False,False,False,,,,,False,True,True,False,HAS_OPTIMIZER;HAS_EPOCH,Parameter tensor count excludes running statistics/counters; classification uses normalized keys and source evidence.
sha256:9ec5c3ba78b20c92817a,CHECKPOINT_ROOT,checkpoints_massive/checkpoint_epoch_11.pth,checkpoint_epoch_11.pth,97552805,9ec5c3ba78b20c92817a95d9d32edd9c988b0ad1c612721e6b07677d7bf0d029,SAFE_LOAD_OK,dict,epoch;model_state_dict;optimizer_state_dict,model_state_dict,511,310,FULL_TRAINING_STATE,,11,UNKNOWN,False,False,False,,,,,False,True,True,False,HAS_OPTIMIZER;HAS_EPOCH,Parameter tensor count excludes running statistics/counters; classification uses normalized keys and source evidence.
sha256:84e60c8ddda712cb6236,CHECKPOINT_ROOT,checkpoints_massive/checkpoint_epoch_12.pth,checkpoint_epoch_12.pth,97552805,84e60c8ddda712cb62368200501db16235f1c1705416a49a40e1f68d9b67f915,SAFE_LOAD_OK,dict,epoch;model_state_dict;optimizer_state_dict,model_state_dict,511,310,FULL_TRAINING_STATE,,12,UNKNOWN,False,False,False,,,,,False,True,True,False,HAS_OPTIMIZER;HAS_EPOCH,Parameter tensor count excludes running statistics/counters; classification uses normalized keys and source evidence.
sha256:3da61c1cfa82731a4829,CHECKPOINT_ROOT,checkpoints_massive/checkpoint_epoch_13.pth,checkpoint_epoch_13.pth,97552805,3da61c1cfa82731a482929622f32b99fc9fd7b2df81a5b691369e751851ee954,SAFE_LOAD_OK,dict,epoch;model_state_dict;optimizer_state_dict,model_state_dict,511,310,FULL_TRAINING_STATE,,13,UNKNOWN,False,False,False,,,,,False,True,True,False,HAS_OPTIMIZER;HAS_EPOCH,Parameter tensor count excludes running statistics/counters; classification uses normalized keys and source evidence.
sha256:0cdc62f432dada0a2b64,CHECKPOINT_ROOT,checkpoints_massive/checkpoint_epoch_14.pth,checkpoint_epoch_14.pth,97552805,0cdc62f432dada0a2b647d1afaa2e6ea1255738d7fd701d92531bf1a4202bd64,SAFE_LOAD_OK,dict,epoch;model_state_dict;optimizer_state_dict,model_state_dict,511,310,FULL_TRAINING_STATE,,14,UNKNOWN,False,False,False,,,,,False,True,True,False,HAS_OPTIMIZER;HAS_EPOCH,Parameter tensor count excludes running statistics/counters; classification uses normalized keys and source evidence.
sha256:1531d957837dcea25805,CHECKPOINT_ROOT,checkpoints_massive/checkpoint_epoch_15.pth,checkpoint_epoch_15.pth,97552805,1531d957837dcea2580559dd2f247c82524aaf3e521d4d2ba1165d00d1cc96ef,SAFE_LOAD_OK,dict,epoch;model_state_dict;optimizer_state_dict,model_state_dict,511,310,FULL_TRAINING_STATE,,15,UNKNOWN,False,False,False,,,,,False,True,True,False,HAS_OPTIMIZER;HAS_EPOCH,Parameter tensor count excludes running statistics/counters; classification uses normalized keys and source evidence.
sha256:589372dc375cc543865a,CHECKPOINT_ROOT,checkpoints_massive/checkpoint_epoch_16.pth,checkpoint_epoch_16.pth,97552805,589372dc375cc543865a5122812be3798313e97a05d48ca4f61cfa06ffe6360d,SAFE_LOAD_OK,dict,epoch;model_state_dict;optimizer_state_dict,model_state_dict,511,310,FULL_TRAINING_STATE,,16,UNKNOWN,False,False,False,,,,,False,True,True,False,HAS_OPTIMIZER;HAS_EPOCH,Parameter tensor count excludes running statistics/counters; classification uses normalized keys and source evidence.
sha256:b355d8ca156a6b4bf27a,CHECKPOINT_ROOT,checkpoints_massive/checkpoint_epoch_17.pth,checkpoint_epoch_17.pth,97552805,b355d8ca156a6b4bf27a408061096c96692e09cb024158d996ab78e4202ed568,SAFE_LOAD_OK,dict,epoch;model_state_dict;optimizer_state_dict,model_state_dict,511,310,FULL_TRAINING_STATE,,17,UNKNOWN,False,False,False,,,,,False,True,True,False,HAS_OPTIMIZER;HAS_EPOCH,Parameter tensor count excludes running statistics/counters; classification uses normalized keys and source evidence.
sha256:1c0f48ec3967c407b556,CHECKPOINT_ROOT,checkpoints_massive/checkpoint_epoch_18.pth,checkpoint_epoch_18.pth,97552805,1c0f48ec3967c407b5568ec93530bce3ec5416d7145612dc4d8f77eddbe9d6da,SAFE_LOAD_OK,dict,epoch;model_state_dict;optimizer_state_dict,model_state_dict,511,310,FULL_TRAINING_STATE,,18,UNKNOWN,False,False,False,,,,,False,True,True,False,HAS_OPTIMIZER;HAS_EPOCH,Parameter tensor count excludes running statistics/counters; classification uses normalized keys and source evidence.
sha256:c8364a22670a4a2828b4,CHECKPOINT_ROOT,checkpoints_massive/checkpoint_epoch_19.pth,checkpoint_epoch_19.pth,97552805,c8364a22670a4a2828b4289d64e4c1ad29e1f798ca503073bc675d1f5805a1b6,SAFE_LOAD_OK,dict,epoch;model_state_dict;optimizer_state_dict,model_state_dict,511,310,FULL_TRAINING_STATE,,19,UNKNOWN,False,False,False,,,,,False,True,True,False,HAS_OPTIMIZER;HAS_EPOCH,Parameter tensor count excludes running statistics/counters; classification uses normalized keys and source evidence.
sha256:eac59ccc6573c6e37908,CHECKPOINT_ROOT,checkpoints_massive/checkpoint_epoch_2.pth,checkpoint_epoch_2.pth,97551360,eac59ccc6573c6e37908067c7cc24d22116415eaa5dffbbca50adbbe1d3ee0ab,SAFE_LOAD_OK,dict,epoch;model_state_dict;optimizer_state_dict,model_state_dict,511,310,FULL_TRAINING_STATE,,2,UNKNOWN,False,False,False,,,,,False,True,True,False,HAS_OPTIMIZER;HAS_EPOCH,Parameter tensor count excludes running statistics/counters; classification uses normalized keys and source evidence.
sha256:88e311f1aa3dc2a35810,CHECKPOINT_ROOT,checkpoints_massive/checkpoint_epoch_20.pth,checkpoint_epoch_20.pth,97552805,88e311f1aa3dc2a35810e6ee0a0b2e72d660f0ce73ca744aaeb9bc275fe00c89,SAFE_LOAD_OK,dict,epoch;model_state_dict;optimizer_state_dict,model_state_dict,511,310,FULL_TRAINING_STATE,,20,UNKNOWN,False,False,False,,,,,False,True,True,False,HAS_OPTIMIZER;HAS_EPOCH,Parameter tensor count excludes running statistics/counters; classification uses normalized keys and source evidence.
sha256:d9582d5e93d16dcd7faf,CHECKPOINT_ROOT,checkpoints_massive/checkpoint_epoch_21.pth,checkpoint_epoch_21.pth,97552805,d9582d5e93d16dcd7faf47f9861c99e42d49be77bf4654a0cfb0f3485d0db3cf,SAFE_LOAD_OK,dict,epoch;model_state_dict;optimizer_state_dict,model_state_dict,511,310,FULL_TRAINING_STATE,,21,UNKNOWN,False,False,False,,,,,False,True,True,False,HAS_OPTIMIZER;HAS_EPOCH,Parameter tensor count excludes running statistics/counters; classification uses normalized keys and source evidence.
sha256:ef6f11507b33b11f5dec,CHECKPOINT_ROOT,checkpoints_massive/checkpoint_epoch_22.pth,checkpoint_epoch_22.pth,97552805,ef6f11507b33b11f5dec6f0dede64ebd1108b5907b32e1c690b0e0ec5955c441,SAFE_LOAD_OK,dict,epoch;model_state_dict;optimizer_state_dict,model_state_dict,511,310,FULL_TRAINING_STATE,,22,UNKNOWN,False,False,False,,,,,False,True,True,False,HAS_OPTIMIZER;HAS_EPOCH,Parameter tensor count excludes running statistics/counters; classification uses normalized keys and source evidence.
sha256:48e72f29876acdcf7ce4,CHECKPOINT_ROOT,checkpoints_massive/checkpoint_epoch_23.pth,checkpoint_epoch_23.pth,97552805,48e72f29876acdcf7ce4890e81963a3d637bc2eb16f400b1bf15483323b825e2,SAFE_LOAD_OK,dict,epoch;model_state_dict;optimizer_state_dict,model_state_dict,511,310,FULL_TRAINING_STATE,,23,UNKNOWN,False,False,False,,,,,False,True,True,False,HAS_OPTIMIZER;HAS_EPOCH,Parameter tensor count excludes running statistics/counters; classification uses normalized keys and source evidence.
sha256:efccae8c6981a33dd6df,CHECKPOINT_ROOT,checkpoints_massive/checkpoint_epoch_24.pth,checkpoint_epoch_24.pth,97552805,efccae8c6981a33dd6df69402ffa298ed6f7b575f33befe66bd2456b0a49b278,SAFE_LOAD_OK,dict,epoch;model_state_dict;optimizer_state_dict,model_state_dict,511,310,FULL_TRAINING_STATE,,24,UNKNOWN,False,False,False,,,,,False,True,True,False,HAS_OPTIMIZER;HAS_EPOCH,Parameter tensor count excludes running statistics/counters; classification uses normalized keys and source evidence.
sha256:5baa1438e941721668ad,CHECKPOINT_ROOT,checkpoints_massive/checkpoint_epoch_25.pth,checkpoint_epoch_25.pth,97552805,5baa1438e941721668ade3754a6f65c4412202eb4f35346d4cafde6e8f83e3b1,SAFE_LOAD_OK,dict,epoch;model_state_dict;optimizer_state_dict,model_state_dict,511,310,FULL_TRAINING_STATE,,25,UNKNOWN,False,False,False,,,,,False,True,True,False,HAS_OPTIMIZER;HAS_EPOCH,Parameter tensor count excludes running statistics/counters; classification uses normalized keys and source evidence.
sha256:e8cf8c9b08d9147ba9f3,CHECKPOINT_ROOT,checkpoints_massive/checkpoint_epoch_26.pth,checkpoint_epoch_26.pth,97552805,e8cf8c9b08d9147ba9f308e3cca46f8662b718d2a03335adf959f66d2d10ef94,SAFE_LOAD_OK,dict,epoch;model_state_dict;optimizer_state_dict,model_state_dict,511,310,FULL_TRAINING_STATE,,26,UNKNOWN,False,False,False,,,,,False,True,True,False,HAS_OPTIMIZER;HAS_EPOCH,Parameter tensor count excludes running statistics/counters; classification uses normalized keys and source evidence.
sha256:d8e10b6d75ae992cdc59,CHECKPOINT_ROOT,checkpoints_massive/checkpoint_epoch_27.pth,checkpoint_epoch_27.pth,97552805,d8e10b6d75ae992cdc59204b871ac2441e2e72624f07a8c8ffbbcdce480960b9,SAFE_LOAD_OK,dict,epoch;model_state_dict;optimizer_state_dict,model_state_dict,511,310,FULL_TRAINING_STATE,,27,UNKNOWN,False,False,False,,,,,False,True,True,False,HAS_OPTIMIZER;HAS_EPOCH,Parameter tensor count excludes running statistics/counters; classification uses normalized keys and source evidence.
sha256:1b5a49ed0ae1535cd30f,CHECKPOINT_ROOT,checkpoints_massive/checkpoint_epoch_28.pth,checkpoint_epoch_28.pth,97552805,1b5a49ed0ae1535cd30f1f265f5c1d7cc439651e65758b20235e0c755ba86a51,SAFE_LOAD_OK,dict,epoch;model_state_dict;optimizer_state_dict,model_state_dict,511,310,FULL_TRAINING_STATE,,28,UNKNOWN,False,False,False,,,,,False,True,True,False,HAS_OPTIMIZER;HAS_EPOCH,Parameter tensor count excludes running statistics/counters; classification uses normalized keys and source evidence.
sha256:754fda092ea3248dfd7f,CHECKPOINT_ROOT,checkpoints_massive/checkpoint_epoch_29.pth,checkpoint_epoch_29.pth,97552805,754fda092ea3248dfd7ffe19f6bbf6ef4a1c41aa38b3648500fbb06ff6d696b9,SAFE_LOAD_OK,dict,epoch;model_state_dict;optimizer_state_dict,model_state_dict,511,310,FULL_TRAINING_STATE,,29,UNKNOWN,False,False,False,,,,,False,True,True,False,HAS_OPTIMIZER;HAS_EPOCH,Parameter tensor count excludes running statistics/counters; classification uses normalized keys and source evidence.
sha256:36c94af3f8c3faca68a7,CHECKPOINT_ROOT,checkpoints_massive/checkpoint_epoch_3.pth,checkpoint_epoch_3.pth,97551360,36c94af3f8c3faca68a79a32f5a21bd3bfe30854cc2a5bf35d784a116d828f87,SAFE_LOAD_OK,dict,epoch;model_state_dict;optimizer_state_dict,model_state_dict,511,310,FULL_TRAINING_STATE,,3,UNKNOWN,False,False,False,,,,,False,True,True,False,HAS_OPTIMIZER;HAS_EPOCH,Parameter tensor count excludes running statistics/counters; classification uses normalized keys and source evidence.
sha256:04ea2639f0b6b172b9b0,CHECKPOINT_ROOT,checkpoints_massive/checkpoint_epoch_30.pth,checkpoint_epoch_30.pth,97552805,04ea2639f0b6b172b9b07fe1a6140f2c7b91f2971dab604c8021843051686ce5,SAFE_LOAD_OK,dict,epoch;model_state_dict;optimizer_state_dict,model_state_dict,511,310,FULL_TRAINING_STATE,,30,UNKNOWN,False,False,False,,,,,False,True,True,False,HAS_OPTIMIZER;HAS_EPOCH,Parameter tensor count excludes running statistics/counters; classification uses normalized keys and source evidence.
sha256:87aa28ff2277e94f782f,CHECKPOINT_ROOT,checkpoints_massive/checkpoint_epoch_31.pth,checkpoint_epoch_31.pth,97552805,87aa28ff2277e94f782f33123b0c1ef033d4fbb5d3d7d83c8035558388fc01fc,SAFE_LOAD_OK,dict,epoch;model_state_dict;optimizer_state_dict,model_state_dict,511,310,FULL_TRAINING_STATE,,31,UNKNOWN,False,False,False,,,,,False,True,True,False,HAS_OPTIMIZER;HAS_EPOCH,Parameter tensor count excludes running statistics/counters; classification uses normalized keys and source evidence.
sha256:6ae840911fe7a07e42d2,CHECKPOINT_ROOT,checkpoints_massive/checkpoint_epoch_32.pth,checkpoint_epoch_32.pth,97552805,6ae840911fe7a07e42d262770a5c82c114bfc8337bc83a94b9c7adc1e5e75680,SAFE_LOAD_OK,dict,epoch;model_state_dict;optimizer_state_dict,model_state_dict,511,310,FULL_TRAINING_STATE,,32,UNKNOWN,False,False,False,,,,,False,True,True,False,HAS_OPTIMIZER;HAS_EPOCH,Parameter tensor count excludes running statistics/counters; classification uses normalized keys and source evidence.
sha256:f5a9b896e0a6170114e3,CHECKPOINT_ROOT,checkpoints_massive/checkpoint_epoch_33.pth,checkpoint_epoch_33.pth,97552805,f5a9b896e0a6170114e34a138ddc1d05a7412c5ffc5f0a1e58c3792fcbf478a3,SAFE_LOAD_OK,dict,epoch;model_state_dict;optimizer_state_dict,model_state_dict,511,310,FULL_TRAINING_STATE,,33,UNKNOWN,False,False,False,,,,,False,True,True,False,HAS_OPTIMIZER;HAS_EPOCH,Parameter tensor count excludes running statistics/counters; classification uses normalized keys and source evidence.
sha256:a468769dcd6d47f5c74a,CHECKPOINT_ROOT,checkpoints_massive/checkpoint_epoch_34.pth,checkpoint_epoch_34.pth,97552805,a468769dcd6d47f5c74a235f40f0876099f91d2d7a715eaba29171a4ca069f81,SAFE_LOAD_OK,dict,epoch;model_state_dict;optimizer_state_dict,model_state_dict,511,310,FULL_TRAINING_STATE,,34,UNKNOWN,False,False,False,,,,,False,True,True,False,HAS_OPTIMIZER;HAS_EPOCH,Parameter tensor count excludes running statistics/counters; classification uses normalized keys and source evidence.
sha256:1bf696867b212d220474,CHECKPOINT_ROOT,checkpoints_massive/checkpoint_epoch_35.pth,checkpoint_epoch_35.pth,97552805,1bf696867b212d2204747344cd223c808bab40f5309ad06269456aacdf5a6e55,SAFE_LOAD_OK,dict,epoch;model_state_dict;optimizer_state_dict,model_state_dict,511,310,FULL_TRAINING_STATE,,35,UNKNOWN,False,False,False,,,,,False,True,True,False,HAS_OPTIMIZER;HAS_EPOCH,Parameter tensor count excludes running statistics/counters; classification uses normalized keys and source evidence.
sha256:debf984fab8ae9cc7a8c,CHECKPOINT_ROOT,checkpoints_massive/checkpoint_epoch_36.pth,checkpoint_epoch_36.pth,97552805,debf984fab8ae9cc7a8c6c1dcbd6f3cea961ea9a5699c00273433f33454762e2,SAFE_LOAD_OK,dict,epoch;model_state_dict;optimizer_state_dict,model_state_dict,511,310,FULL_TRAINING_STATE,,36,UNKNOWN,False,False,False,,,,,False,True,True,False,HAS_OPTIMIZER;HAS_EPOCH,Parameter tensor count excludes running statistics/counters; classification uses normalized keys and source evidence.
sha256:a2f84e544674bd449c7e,CHECKPOINT_ROOT,checkpoints_massive/checkpoint_epoch_37.pth,checkpoint_epoch_37.pth,97552805,a2f84e544674bd449c7e92a13885700ec3f8cf902c3840467f0e7cf36386a9a4,SAFE_LOAD_OK,dict,epoch;model_state_dict;optimizer_state_dict,model_state_dict,511,310,FULL_TRAINING_STATE,,37,UNKNOWN,False,False,False,,,,,False,True,True,False,HAS_OPTIMIZER;HAS_EPOCH,Parameter tensor count excludes running statistics/counters; classification uses normalized keys and source evidence.
sha256:8e695b59bf2142e6c6d4,CHECKPOINT_ROOT,checkpoints_massive/checkpoint_epoch_38.pth,checkpoint_epoch_38.pth,97552805,8e695b59bf2142e6c6d4a4f04262addf85090a94ae5cb5ee6eb70479cfac3dfc,SAFE_LOAD_OK,dict,epoch;model_state_dict;optimizer_state_dict,model_state_dict,511,310,FULL_TRAINING_STATE,,38,UNKNOWN,False,False,False,,,,,False,True,True,False,HAS_OPTIMIZER;HAS_EPOCH,Parameter tensor count excludes running statistics/counters; classification uses normalized keys and source evidence.
sha256:ad67cbc3e257852f231d,CHECKPOINT_ROOT,checkpoints_massive/checkpoint_epoch_39.pth,checkpoint_epoch_39.pth,97552805,ad67cbc3e257852f231debc5f977edd5c15dc97f055ff6842303b7bf73a8a5ef,SAFE_LOAD_OK,dict,epoch;model_state_dict;optimizer_state_dict,model_state_dict,511,310,FULL_TRAINING_STATE,,39,UNKNOWN,False,False,False,,,,,False,True,True,False,HAS_OPTIMIZER;HAS_EPOCH,Parameter tensor count excludes running statistics/counters; classification uses normalized keys and source evidence.
sha256:74e7f8d1feb67698437e,CHECKPOINT_ROOT,checkpoints_massive/checkpoint_epoch_4.pth,checkpoint_epoch_4.pth,97551360,74e7f8d1feb67698437efe836b2908b5895bcb6847c7b2478ed0a4da3f302452,SAFE_LOAD_OK,dict,epoch;model_state_dict;optimizer_state_dict,model_state_dict,511,310,FULL_TRAINING_STATE,,4,UNKNOWN,False,False,False,,,,,False,True,True,False,HAS_OPTIMIZER;HAS_EPOCH,Parameter tensor count excludes running statistics/counters; classification uses normalized keys and source evidence.
sha256:8e4e6a2bab83b136836e,CHECKPOINT_ROOT,checkpoints_massive/checkpoint_epoch_40.pth,checkpoint_epoch_40.pth,97552805,8e4e6a2bab83b136836e69d45552a5d925be48e46bb840def45b554da62db6d9,SAFE_LOAD_OK,dict,epoch;model_state_dict;optimizer_state_dict,model_state_dict,511,310,FULL_TRAINING_STATE,,40,UNKNOWN,False,False,False,,,,,False,True,True,False,HAS_OPTIMIZER;HAS_EPOCH,Parameter tensor count excludes running statistics/counters; classification uses normalized keys and source evidence.
sha256:3c55a0dad39af7e63566,CHECKPOINT_ROOT,checkpoints_massive/checkpoint_epoch_41.pth,checkpoint_epoch_41.pth,97552805,3c55a0dad39af7e635669d4c10eac35c003710e20e894d44119ec33c7071b3fd,SAFE_LOAD_OK,dict,epoch;model_state_dict;optimizer_state_dict,model_state_dict,511,310,FULL_TRAINING_STATE,,41,UNKNOWN,False,False,False,,,,,False,True,True,False,HAS_OPTIMIZER;HAS_EPOCH,Parameter tensor count excludes running statistics/counters; classification uses normalized keys and source evidence.
sha256:fa18fce2963f9302740a,CHECKPOINT_ROOT,checkpoints_massive/checkpoint_epoch_42.pth,checkpoint_epoch_42.pth,97552805,fa18fce2963f9302740a1e8b45dc8abf7de42c2d69bf3fda61201629f14d9a6b,SAFE_LOAD_OK,dict,epoch;model_state_dict;optimizer_state_dict,model_state_dict,511,310,FULL_TRAINING_STATE,,42,UNKNOWN,False,False,False,,,,,False,True,True,False,HAS_OPTIMIZER;HAS_EPOCH,Parameter tensor count excludes running statistics/counters; classification uses normalized keys and source evidence.
sha256:bc2d04e0e6b630757f7f,CHECKPOINT_ROOT,checkpoints_massive/checkpoint_epoch_43.pth,checkpoint_epoch_43.pth,97552805,bc2d04e0e6b630757f7f362bf95c387be140a1afd555e694c864e1dcd82afd5f,SAFE_LOAD_OK,dict,epoch;model_state_dict;optimizer_state_dict,model_state_dict,511,310,FULL_TRAINING_STATE,,43,UNKNOWN,False,False,False,,,,,False,True,True,False,HAS_OPTIMIZER;HAS_EPOCH,Parameter tensor count excludes running statistics/counters; classification uses normalized keys and source evidence.
sha256:4311b7b4df1d27c1b16e,CHECKPOINT_ROOT,checkpoints_massive/checkpoint_epoch_44.pth,checkpoint_epoch_44.pth,97552805,4311b7b4df1d27c1b16e3f9452fc94de50dfbb7165cd470e7d95e31d055dc947,SAFE_LOAD_OK,dict,epoch;model_state_dict;optimizer_state_dict,model_state_dict,511,310,FULL_TRAINING_STATE,,44,UNKNOWN,False,False,False,,,,,False,True,True,False,HAS_OPTIMIZER;HAS_EPOCH,Parameter tensor count excludes running statistics/counters; classification uses normalized keys and source evidence.
sha256:cab068b07a303c6fffa7,CHECKPOINT_ROOT,checkpoints_massive/checkpoint_epoch_45.pth,checkpoint_epoch_45.pth,97552805,cab068b07a303c6fffa726b2d3539cb4e47d10759bef1135c925e72328ef2b64,SAFE_LOAD_OK,dict,epoch;model_state_dict;optimizer_state_dict,model_state_dict,511,310,FULL_TRAINING_STATE,,45,UNKNOWN,False,False,False,,,,,False,True,True,False,HAS_OPTIMIZER;HAS_EPOCH,Parameter tensor count excludes running statistics/counters; classification uses normalized keys and source evidence.
sha256:8d458138ded5ee469428,CHECKPOINT_ROOT,checkpoints_massive/checkpoint_epoch_46.pth,checkpoint_epoch_46.pth,97552805,8d458138ded5ee4694283839d7cc1112dc254d404047a9fe25f7a9ab1913c7bd,SAFE_LOAD_OK,dict,epoch;model_state_dict;optimizer_state_dict,model_state_dict,511,310,FULL_TRAINING_STATE,,46,UNKNOWN,False,False,False,,,,,False,True,True,False,HAS_OPTIMIZER;HAS_EPOCH,Parameter tensor count excludes running statistics/counters; classification uses normalized keys and source evidence.
sha256:ec34aacf7605891b4858,CHECKPOINT_ROOT,checkpoints_massive/checkpoint_epoch_47.pth,checkpoint_epoch_47.pth,97552805,ec34aacf7605891b4858c609feb0e872fa32ad7338610e63fd79a26bcea30590,SAFE_LOAD_OK,dict,epoch;model_state_dict;optimizer_state_dict,model_state_dict,511,310,FULL_TRAINING_STATE,,47,UNKNOWN,False,False,False,,,,,False,True,True,False,HAS_OPTIMIZER;HAS_EPOCH,Parameter tensor count excludes running statistics/counters; classification uses normalized keys and source evidence.
sha256:4f0e370fe9a6321b8166,CHECKPOINT_ROOT,checkpoints_massive/checkpoint_epoch_48.pth,checkpoint_epoch_48.pth,97552805,4f0e370fe9a6321b81662b4a05baef38798c2a301857e5752dd16e3319d676ff,SAFE_LOAD_OK,dict,epoch;model_state_dict;optimizer_state_dict,model_state_dict,511,310,FULL_TRAINING_STATE,,48,UNKNOWN,False,False,False,,,,,False,True,True,False,HAS_OPTIMIZER;HAS_EPOCH,Parameter tensor count excludes running statistics/counters; classification uses normalized keys and source evidence.
sha256:3f24e026a38028d15c1f,CHECKPOINT_ROOT,checkpoints_massive/checkpoint_epoch_49.pth,checkpoint_epoch_49.pth,97552805,3f24e026a38028d15c1f00d57267c64455f3ba69d550f8d12c4ac0697728c13f,SAFE_LOAD_OK,dict,epoch;model_state_dict;optimizer_state_dict,model_state_dict,511,310,FULL_TRAINING_STATE,,49,UNKNOWN,False,False,False,,,,,False,True,True,False,HAS_OPTIMIZER;HAS_EPOCH,Parameter tensor count excludes running statistics/counters; classification uses normalized keys and source evidence.
sha256:f2908a95a35159631f87,CHECKPOINT_ROOT,checkpoints_massive/checkpoint_epoch_5.pth,checkpoint_epoch_5.pth,97551360,f2908a95a35159631f872617566fc2ed698d33ce8b2f5aa60ef99fd119679d93,SAFE_LOAD_OK,dict,epoch;model_state_dict;optimizer_state_dict,model_state_dict,511,310,FULL_TRAINING_STATE,,5,UNKNOWN,False,False,False,,,,,False,True,True,False,HAS_OPTIMIZER;HAS_EPOCH,Parameter tensor count excludes running statistics/counters; classification uses normalized keys and source evidence.
sha256:94c6a64374beb9718a1d,CHECKPOINT_ROOT,checkpoints_massive/checkpoint_epoch_50.pth,checkpoint_epoch_50.pth,97552805,94c6a64374beb9718a1d97f6a88d327aa335914fb12f943abb4357dadbb46e44,SAFE_LOAD_OK,dict,epoch;model_state_dict;optimizer_state_dict,model_state_dict,511,310,FULL_TRAINING_STATE,,50,UNKNOWN,False,False,False,,,,,False,True,True,False,HAS_OPTIMIZER;HAS_EPOCH,Parameter tensor count excludes running statistics/counters; classification uses normalized keys and source evidence.
sha256:65ff6fb86d91a42e1a8f,CHECKPOINT_ROOT,checkpoints_massive/checkpoint_epoch_51.pth,checkpoint_epoch_51.pth,97552805,65ff6fb86d91a42e1a8f0559b91c2cceeab68b0eaf5574d350fc2c691b1013b0,SAFE_LOAD_OK,dict,epoch;model_state_dict;optimizer_state_dict,model_state_dict,511,310,FULL_TRAINING_STATE,,51,UNKNOWN,False,False,False,,,,,False,True,True,False,HAS_OPTIMIZER;HAS_EPOCH,Parameter tensor count excludes running statistics/counters; classification uses normalized keys and source evidence.
sha256:9ce34f6172ebfe672d02,CHECKPOINT_ROOT,checkpoints_massive/checkpoint_epoch_52.pth,checkpoint_epoch_52.pth,97552805,9ce34f6172ebfe672d02de7630c42617d77305ccc45ebe884cd448d353c1b0be,SAFE_LOAD_OK,dict,epoch;model_state_dict;optimizer_state_dict,model_state_dict,511,310,FULL_TRAINING_STATE,,52,UNKNOWN,False,False,False,,,,,False,True,True,False,HAS_OPTIMIZER;HAS_EPOCH,Parameter tensor count excludes running statistics/counters; classification uses normalized keys and source evidence.
sha256:fc26dea91f7d41f73bef,CHECKPOINT_ROOT,checkpoints_massive/checkpoint_epoch_53.pth,checkpoint_epoch_53.pth,97552805,fc26dea91f7d41f73bef7a1eec3cc2da305d1db24f7768ba25e848270c355950,SAFE_LOAD_OK,dict,epoch;model_state_dict;optimizer_state_dict,model_state_dict,511,310,FULL_TRAINING_STATE,,53,UNKNOWN,False,False,False,,,,,False,True,True,False,HAS_OPTIMIZER;HAS_EPOCH,Parameter tensor count excludes running statistics/counters; classification uses normalized keys and source evidence.
sha256:fea1e99beddb7cc2d3af,CHECKPOINT_ROOT,checkpoints_massive/checkpoint_epoch_54.pth,checkpoint_epoch_54.pth,97552805,fea1e99beddb7cc2d3afe8dfecad67f7e5b3df6e34406e179b9781bb90ddd4ef,SAFE_LOAD_OK,dict,epoch;model_state_dict;optimizer_state_dict,model_state_dict,511,310,FULL_TRAINING_STATE,,54,UNKNOWN,False,False,False,,,,,False,True,True,False,HAS_OPTIMIZER;HAS_EPOCH,Parameter tensor count excludes running statistics/counters; classification uses normalized keys and source evidence.
sha256:52f13976cfe48d23654b,CHECKPOINT_ROOT,checkpoints_massive/checkpoint_epoch_55.pth,checkpoint_epoch_55.pth,97552805,52f13976cfe48d23654b3aa9fcb63783c7de40fc25ac7a78c1b7071dd6335b7b,SAFE_LOAD_OK,dict,epoch;model_state_dict;optimizer_state_dict,model_state_dict,511,310,FULL_TRAINING_STATE,,55,UNKNOWN,False,False,False,,,,,False,True,True,False,HAS_OPTIMIZER;HAS_EPOCH,Parameter tensor count excludes running statistics/counters; classification uses normalized keys and source evidence.
sha256:f0f31993a3f4b870904f,CHECKPOINT_ROOT,checkpoints_massive/checkpoint_epoch_56.pth,checkpoint_epoch_56.pth,97552805,f0f31993a3f4b870904f9f57fb0186ebef744aca214c13bdba16e360f1c29773,SAFE_LOAD_OK,dict,epoch;model_state_dict;optimizer_state_dict,model_state_dict,511,310,FULL_TRAINING_STATE,,56,UNKNOWN,False,False,False,,,,,False,True,True,False,HAS_OPTIMIZER;HAS_EPOCH,Parameter tensor count excludes running statistics/counters; classification uses normalized keys and source evidence.
sha256:b7c6794cfbd21b9737c3,CHECKPOINT_ROOT,checkpoints_massive/checkpoint_epoch_57.pth,checkpoint_epoch_57.pth,97552805,b7c6794cfbd21b9737c371ab313b6871d5ceb7c0123d8458861f02497356cac4,SAFE_LOAD_OK,dict,epoch;model_state_dict;optimizer_state_dict,model_state_dict,511,310,FULL_TRAINING_STATE,,57,UNKNOWN,False,False,False,,,,,False,True,True,False,HAS_OPTIMIZER;HAS_EPOCH,Parameter tensor count excludes running statistics/counters; classification uses normalized keys and source evidence.
sha256:423453c280955993f984,CHECKPOINT_ROOT,checkpoints_massive/checkpoint_epoch_58.pth,checkpoint_epoch_58.pth,97552805,423453c280955993f984c1bf8412cc866814367b499483fae5c5762970f8ad4f,SAFE_LOAD_OK,dict,epoch;model_state_dict;optimizer_state_dict,model_state_dict,511,310,FULL_TRAINING_STATE,,58,UNKNOWN,False,False,False,,,,,False,True,True,False,HAS_OPTIMIZER;HAS_EPOCH,Parameter tensor count excludes running statistics/counters; classification uses normalized keys and source evidence.
sha256:0ccc6f47f5d75fd4c76b,CHECKPOINT_ROOT,checkpoints_massive/checkpoint_epoch_59.pth,checkpoint_epoch_59.pth,97552805,0ccc6f47f5d75fd4c76b7c716ad7285d00e2697bc464e2dc38cdcc1dfb44f984,SAFE_LOAD_OK,dict,epoch;model_state_dict;optimizer_state_dict,model_state_dict,511,310,FULL_TRAINING_STATE,,59,UNKNOWN,False,False,False,,,,,False,True,True,False,HAS_OPTIMIZER;HAS_EPOCH,Parameter tensor count excludes running statistics/counters; classification uses normalized keys and source evidence.
sha256:14353f2b83d95548fd39,CHECKPOINT_ROOT,checkpoints_massive/checkpoint_epoch_6.pth,checkpoint_epoch_6.pth,97551360,14353f2b83d95548fd39a94c895989f1d70dd678db0966a7d4ba57356dc3a7f5,SAFE_LOAD_OK,dict,epoch;model_state_dict;optimizer_state_dict,model_state_dict,511,310,FULL_TRAINING_STATE,,6,UNKNOWN,False,False,False,,,,,False,True,True,False,HAS_OPTIMIZER;HAS_EPOCH,Parameter tensor count excludes running statistics/counters; classification uses normalized keys and source evidence.
sha256:4bb9f2f33fa9f8c32165,CHECKPOINT_ROOT,checkpoints_massive/checkpoint_epoch_60.pth,checkpoint_epoch_60.pth,97552805,4bb9f2f33fa9f8c32165c3cf5b95c09a3806129232004a774b6392b0291c5892,SAFE_LOAD_OK,dict,epoch;model_state_dict;optimizer_state_dict,model_state_dict,511,310,FULL_TRAINING_STATE,,60,UNKNOWN,False,False,False,,,,,False,True,True,False,HAS_OPTIMIZER;HAS_EPOCH,Parameter tensor count excludes running statistics/counters; classification uses normalized keys and source evidence.
sha256:52f286031d6dddd39a1c,CHECKPOINT_ROOT,checkpoints_massive/checkpoint_epoch_61.pth,checkpoint_epoch_61.pth,97552805,52f286031d6dddd39a1cf44d1a3a6a85dcb8250be481b97a6738fcab3b28166b,SAFE_LOAD_OK,dict,epoch;model_state_dict;optimizer_state_dict,model_state_dict,511,310,FULL_TRAINING_STATE,,61,UNKNOWN,False,False,False,,,,,False,True,True,False,HAS_OPTIMIZER;HAS_EPOCH,Parameter tensor count excludes running statistics/counters; classification uses normalized keys and source evidence.
sha256:e6a07e0da47558cf6086,CHECKPOINT_ROOT,checkpoints_massive/checkpoint_epoch_62.pth,checkpoint_epoch_62.pth,97552805,e6a07e0da47558cf60866614426b409dce98d7f9f7f2a29e1a1cff51f4db12d2,SAFE_LOAD_OK,dict,epoch;model_state_dict;optimizer_state_dict,model_state_dict,511,310,FULL_TRAINING_STATE,,62,UNKNOWN,False,False,False,,,,,False,True,True,False,HAS_OPTIMIZER;HAS_EPOCH,Parameter tensor count excludes running statistics/counters; classification uses normalized keys and source evidence.
sha256:e51ef78dc0e3985e9f20,CHECKPOINT_ROOT,checkpoints_massive/checkpoint_epoch_63.pth,checkpoint_epoch_63.pth,97552805,e51ef78dc0e3985e9f207fa9928a0bd225a924c31dd97d9ab1132cb183a6e01a,SAFE_LOAD_OK,dict,epoch;model_state_dict;optimizer_state_dict,model_state_dict,511,310,FULL_TRAINING_STATE,,63,UNKNOWN,False,False,False,,,,,False,True,True,False,HAS_OPTIMIZER;HAS_EPOCH,Parameter tensor count excludes running statistics/counters; classification uses normalized keys and source evidence.
sha256:415641d6e462f951f7f4,CHECKPOINT_ROOT,checkpoints_massive/checkpoint_epoch_64.pth,checkpoint_epoch_64.pth,97552805,415641d6e462f951f7f441c43268194a9aa3c9a8f51679cefaf9dcb5df6b4bd9,SAFE_LOAD_OK,dict,epoch;model_state_dict;optimizer_state_dict,model_state_dict,511,310,FULL_TRAINING_STATE,,64,UNKNOWN,False,False,False,,,,,False,True,True,False,HAS_OPTIMIZER;HAS_EPOCH,Parameter tensor count excludes running statistics/counters; classification uses normalized keys and source evidence.
sha256:245412bfadd9f24bdefa,CHECKPOINT_ROOT,checkpoints_massive/checkpoint_epoch_65.pth,checkpoint_epoch_65.pth,97552805,245412bfadd9f24bdefa8cdad12f13f1c2979207ec9aad74cee548346deb8e8d,SAFE_LOAD_OK,dict,epoch;model_state_dict;optimizer_state_dict,model_state_dict,511,310,FULL_TRAINING_STATE,,65,UNKNOWN,False,False,False,,,,,False,True,True,False,HAS_OPTIMIZER;HAS_EPOCH,Parameter tensor count excludes running statistics/counters; classification uses normalized keys and source evidence.
sha256:0205e2aac1291605e9f6,CHECKPOINT_ROOT,checkpoints_massive/checkpoint_epoch_66.pth,checkpoint_epoch_66.pth,97552805,0205e2aac1291605e9f6a1ac3751dd15e320a16d1808f176f04f56f68474d566,SAFE_LOAD_OK,dict,epoch;model_state_dict;optimizer_state_dict,model_state_dict,511,310,FULL_TRAINING_STATE,,66,UNKNOWN,False,False,False,,,,,False,True,True,False,HAS_OPTIMIZER;HAS_EPOCH,Parameter tensor count excludes running statistics/counters; classification uses normalized keys and source evidence.
sha256:57cdb983558da2cd165f,CHECKPOINT_ROOT,checkpoints_massive/checkpoint_epoch_67.pth,checkpoint_epoch_67.pth,97552805,57cdb983558da2cd165fe0d9396b4d8467b0566ea5410260f40f3427429dd379,SAFE_LOAD_OK,dict,epoch;model_state_dict;optimizer_state_dict,model_state_dict,511,310,FULL_TRAINING_STATE,,67,UNKNOWN,False,False,False,,,,,False,True,True,False,HAS_OPTIMIZER;HAS_EPOCH,Parameter tensor count excludes running statistics/counters; classification uses normalized keys and source evidence.
sha256:afb7d5469cb22e5d76d8,CHECKPOINT_ROOT,checkpoints_massive/checkpoint_epoch_68.pth,checkpoint_epoch_68.pth,97552805,afb7d5469cb22e5d76d88a557f9edecbadc6103708b6c0515c9e4f247d73106b,SAFE_LOAD_OK,dict,epoch;model_state_dict;optimizer_state_dict,model_state_dict,511,310,FULL_TRAINING_STATE,,68,UNKNOWN,False,False,False,,,,,False,True,True,False,HAS_OPTIMIZER;HAS_EPOCH,Parameter tensor count excludes running statistics/counters; classification uses normalized keys and source evidence.
sha256:5fbe3fd57eb70320fc44,CHECKPOINT_ROOT,checkpoints_massive/checkpoint_epoch_69.pth,checkpoint_epoch_69.pth,97552805,5fbe3fd57eb70320fc44009d223869b287a47aa71ff653d02f1008e75a5ea384,SAFE_LOAD_OK,dict,epoch;model_state_dict;optimizer_state_dict,model_state_dict,511,310,FULL_TRAINING_STATE,,69,UNKNOWN,False,False,False,,,,,False,True,True,False,HAS_OPTIMIZER;HAS_EPOCH,Parameter tensor count excludes running statistics/counters; classification uses normalized keys and source evidence.
sha256:05873fa9bb435bfaa6a0,CHECKPOINT_ROOT,checkpoints_massive/checkpoint_epoch_7.pth,checkpoint_epoch_7.pth,97551360,05873fa9bb435bfaa6a0bab4d7e6272872e658b7af8198fff2b5aff731281db7,SAFE_LOAD_OK,dict,epoch;model_state_dict;optimizer_state_dict,model_state_dict,511,310,FULL_TRAINING_STATE,,7,UNKNOWN,False,False,False,,,,,False,True,True,False,HAS_OPTIMIZER;HAS_EPOCH,Parameter tensor count excludes running statistics/counters; classification uses normalized keys and source evidence.
sha256:01afddcdc1c54cac0a8c,CHECKPOINT_ROOT,checkpoints_massive/checkpoint_epoch_70.pth,checkpoint_epoch_70.pth,97552805,01afddcdc1c54cac0a8c8076171efc75b5ae4a744434d181b42cf2d91676406f,SAFE_LOAD_OK,dict,epoch;model_state_dict;optimizer_state_dict,model_state_dict,511,310,FULL_TRAINING_STATE,,70,UNKNOWN,False,False,False,,,,,False,True,True,False,HAS_OPTIMIZER;HAS_EPOCH,Parameter tensor count excludes running statistics/counters; classification uses normalized keys and source evidence.
sha256:31ccbad2805129e63492,CHECKPOINT_ROOT,checkpoints_massive/checkpoint_epoch_71.pth,checkpoint_epoch_71.pth,97552805,31ccbad2805129e63492c8e395176c501f19e7fe548b1cc47eca4e8fa793fea3,SAFE_LOAD_OK,dict,epoch;model_state_dict;optimizer_state_dict,model_state_dict,511,310,FULL_TRAINING_STATE,,71,UNKNOWN,False,False,False,,,,,False,True,True,False,HAS_OPTIMIZER;HAS_EPOCH,Parameter tensor count excludes running statistics/counters; classification uses normalized keys and source evidence.
sha256:26ac43e3e758ce85858b,CHECKPOINT_ROOT,checkpoints_massive/checkpoint_epoch_72.pth,checkpoint_epoch_72.pth,97552805,26ac43e3e758ce85858b56ed0fad2717349935de5d21229e4e75f204dc1ce21c,SAFE_LOAD_OK,dict,epoch;model_state_dict;optimizer_state_dict,model_state_dict,511,310,FULL_TRAINING_STATE,,72,UNKNOWN,False,False,False,,,,,False,True,True,False,HAS_OPTIMIZER;HAS_EPOCH,Parameter tensor count excludes running statistics/counters; classification uses normalized keys and source evidence.
sha256:4eaa8e42ee57e28d3057,CHECKPOINT_ROOT,checkpoints_massive/checkpoint_epoch_73.pth,checkpoint_epoch_73.pth,97552805,4eaa8e42ee57e28d3057718dad0fe42d5bf0248d05818a050a168eecdf7571a8,SAFE_LOAD_OK,dict,epoch;model_state_dict;optimizer_state_dict,model_state_dict,511,310,FULL_TRAINING_STATE,,73,UNKNOWN,False,False,False,,,,,False,True,True,False,HAS_OPTIMIZER;HAS_EPOCH,Parameter tensor count excludes running statistics/counters; classification uses normalized keys and source evidence.
sha256:fd264c4555b023f97e83,CHECKPOINT_ROOT,checkpoints_massive/checkpoint_epoch_74.pth,checkpoint_epoch_74.pth,97552805,fd264c4555b023f97e8343dcc963331fb3e8849ceb45e09d8c5d72a564e42450,SAFE_LOAD_OK,dict,epoch;model_state_dict;optimizer_state_dict,model_state_dict,511,310,FULL_TRAINING_STATE,,74,UNKNOWN,False,False,False,,,,,False,True,True,False,HAS_OPTIMIZER;HAS_EPOCH,Parameter tensor count excludes running statistics/counters; classification uses normalized keys and source evidence.
sha256:774ebac81e7882d6513e,CHECKPOINT_ROOT,checkpoints_massive/checkpoint_epoch_75.pth,checkpoint_epoch_75.pth,97552805,774ebac81e7882d6513e88b30f7d18282a570e25bda75d4f271a678cd0847113,SAFE_LOAD_OK,dict,epoch;model_state_dict;optimizer_state_dict,model_state_dict,511,310,FULL_TRAINING_STATE,,75,UNKNOWN,False,False,False,,,,,False,True,True,False,HAS_OPTIMIZER;HAS_EPOCH,Parameter tensor count excludes running statistics/counters; classification uses normalized keys and source evidence.
sha256:c1b32abbb8e33aa7c623,CHECKPOINT_ROOT,checkpoints_massive/checkpoint_epoch_76.pth,checkpoint_epoch_76.pth,97552805,c1b32abbb8e33aa7c62393d2687d9c3becc6cf9dc17ddada37af94f204a7b3ca,SAFE_LOAD_OK,dict,epoch;model_state_dict;optimizer_state_dict,model_state_dict,511,310,FULL_TRAINING_STATE,,76,UNKNOWN,False,False,False,,,,,False,True,True,False,HAS_OPTIMIZER;HAS_EPOCH,Parameter tensor count excludes running statistics/counters; classification uses normalized keys and source evidence.
sha256:3894da554f7564dacfb4,CHECKPOINT_ROOT,checkpoints_massive/checkpoint_epoch_77.pth,checkpoint_epoch_77.pth,97552805,3894da554f7564dacfb47f8e665a9199f0d490e7e58bd1d735b29518790b9507,SAFE_LOAD_OK,dict,epoch;model_state_dict;optimizer_state_dict,model_state_dict,511,310,FULL_TRAINING_STATE,,77,UNKNOWN,False,False,False,,,,,False,True,True,False,HAS_OPTIMIZER;HAS_EPOCH,Parameter tensor count excludes running statistics/counters; classification uses normalized keys and source evidence.
sha256:e1bb76f91420b918710d,CHECKPOINT_ROOT,checkpoints_massive/checkpoint_epoch_78.pth,checkpoint_epoch_78.pth,97552805,e1bb76f91420b918710d032ed878927050a972d9342aac302b79c4f38486a3e4,SAFE_LOAD_OK,dict,epoch;model_state_dict;optimizer_state_dict,model_state_dict,511,310,FULL_TRAINING_STATE,,78,UNKNOWN,False,False,False,,,,,False,True,True,False,HAS_OPTIMIZER;HAS_EPOCH,Parameter tensor count excludes running statistics/counters; classification uses normalized keys and source evidence.
sha256:f7e36cbdf1008da17dcd,CHECKPOINT_ROOT,checkpoints_massive/checkpoint_epoch_79.pth,checkpoint_epoch_79.pth,97552805,f7e36cbdf1008da17dcdd36061f2061ff4ad1ef092c30fe840ffcd354f9bcc72,SAFE_LOAD_OK,dict,epoch;model_state_dict;optimizer_state_dict,model_state_dict,511,310,FULL_TRAINING_STATE,,79,UNKNOWN,False,False,False,,,,,False,True,True,False,HAS_OPTIMIZER;HAS_EPOCH,Parameter tensor count excludes running statistics/counters; classification uses normalized keys and source evidence.
sha256:309756d873293496b0be,CHECKPOINT_ROOT,checkpoints_massive/checkpoint_epoch_8.pth,checkpoint_epoch_8.pth,97551360,309756d873293496b0be061da6fe37914e64d0bd37926ebbc27948fca16cf46c,SAFE_LOAD_OK,dict,epoch;model_state_dict;optimizer_state_dict,model_state_dict,511,310,FULL_TRAINING_STATE,,8,UNKNOWN,False,False,False,,,,,False,True,True,False,HAS_OPTIMIZER;HAS_EPOCH,Parameter tensor count excludes running statistics/counters; classification uses normalized keys and source evidence.
sha256:ee7aeae1b4436768f274,CHECKPOINT_ROOT,checkpoints_massive/checkpoint_epoch_80.pth,checkpoint_epoch_80.pth,97552805,ee7aeae1b4436768f274aad05484cd27edb75e3c19c1ea2304f1af6f76e060d9,SAFE_LOAD_OK,dict,epoch;model_state_dict;optimizer_state_dict,model_state_dict,511,310,FULL_TRAINING_STATE,,80,UNKNOWN,False,False,False,,,,,False,True,True,False,HAS_OPTIMIZER;HAS_EPOCH,Parameter tensor count excludes running statistics/counters; classification uses normalized keys and source evidence.
sha256:b84c9d93d76777436dba,CHECKPOINT_ROOT,checkpoints_massive/checkpoint_epoch_81.pth,checkpoint_epoch_81.pth,97552805,b84c9d93d76777436dbafc5a0d5b653e7a335187955b0c4a8ec896a3d54dab17,SAFE_LOAD_OK,dict,epoch;model_state_dict;optimizer_state_dict,model_state_dict,511,310,FULL_TRAINING_STATE,,81,UNKNOWN,False,False,False,,,,,False,True,True,False,HAS_OPTIMIZER;HAS_EPOCH,Parameter tensor count excludes running statistics/counters; classification uses normalized keys and source evidence.
sha256:5dc4644d8fb3f7ac2600,CHECKPOINT_ROOT,checkpoints_massive/checkpoint_epoch_82.pth,checkpoint_epoch_82.pth,97552805,5dc4644d8fb3f7ac260026f9be433b6b645676acc42a465977aa661f10ef146d,SAFE_LOAD_OK,dict,epoch;model_state_dict;optimizer_state_dict,model_state_dict,511,310,FULL_TRAINING_STATE,,82,UNKNOWN,False,False,False,,,,,False,True,True,False,HAS_OPTIMIZER;HAS_EPOCH,Parameter tensor count excludes running statistics/counters; classification uses normalized keys and source evidence.
sha256:16073f1bee5b2e79a2dc,CHECKPOINT_ROOT,checkpoints_massive/checkpoint_epoch_83.pth,checkpoint_epoch_83.pth,97552805,16073f1bee5b2e79a2dc4e903f203ca56eb34ea7c23e64c5436194ea79cc5770,SAFE_LOAD_OK,dict,epoch;model_state_dict;optimizer_state_dict,model_state_dict,511,310,FULL_TRAINING_STATE,,83,UNKNOWN,False,False,False,,,,,False,True,True,False,HAS_OPTIMIZER;HAS_EPOCH,Parameter tensor count excludes running statistics/counters; classification uses normalized keys and source evidence.
sha256:482a685d4ad6c6df3db9,CHECKPOINT_ROOT,checkpoints_massive/checkpoint_epoch_84.pth,checkpoint_epoch_84.pth,97552805,482a685d4ad6c6df3db97bf11a7be60de91cccdb531370311bd5190c99aedcda,SAFE_LOAD_OK,dict,epoch;model_state_dict;optimizer_state_dict,model_state_dict,511,310,FULL_TRAINING_STATE,,84,UNKNOWN,False,False,False,,,,,False,True,True,False,HAS_OPTIMIZER;HAS_EPOCH,Parameter tensor count excludes running statistics/counters; classification uses normalized keys and source evidence.
sha256:dd9308ec80f0420c8e0e,CHECKPOINT_ROOT,checkpoints_massive/checkpoint_epoch_85.pth,checkpoint_epoch_85.pth,97552805,dd9308ec80f0420c8e0e3f78fbe019259b7e95f506467994e0d7f5c81a7957e5,SAFE_LOAD_OK,dict,epoch;model_state_dict;optimizer_state_dict,model_state_dict,511,310,FULL_TRAINING_STATE,,85,UNKNOWN,False,False,False,,,,,False,True,True,False,HAS_OPTIMIZER;HAS_EPOCH,Parameter tensor count excludes running statistics/counters; classification uses normalized keys and source evidence.
sha256:f4143f7f0e5077dfa750,CHECKPOINT_ROOT,checkpoints_massive/checkpoint_epoch_86.pth,checkpoint_epoch_86.pth,97552805,f4143f7f0e5077dfa750be8f30c23359324257bbd93beeb2c8a2124df61d27bb,SAFE_LOAD_OK,dict,epoch;model_state_dict;optimizer_state_dict,model_state_dict,511,310,FULL_TRAINING_STATE,,86,UNKNOWN,False,False,False,,,,,False,True,True,False,HAS_OPTIMIZER;HAS_EPOCH,Parameter tensor count excludes running statistics/counters; classification uses normalized keys and source evidence.
sha256:142a0e20a164d55d0818,CHECKPOINT_ROOT,checkpoints_massive/checkpoint_epoch_87.pth,checkpoint_epoch_87.pth,97552805,142a0e20a164d55d0818835b0acaea867038f634a3ec0e493c90c169806fc5b6,SAFE_LOAD_OK,dict,epoch;model_state_dict;optimizer_state_dict,model_state_dict,511,310,FULL_TRAINING_STATE,,87,UNKNOWN,False,False,False,,,,,False,True,True,False,HAS_OPTIMIZER;HAS_EPOCH,Parameter tensor count excludes running statistics/counters; classification uses normalized keys and source evidence.
sha256:2b590b451a2f834d1170,CHECKPOINT_ROOT,checkpoints_massive/checkpoint_epoch_88.pth,checkpoint_epoch_88.pth,97552805,2b590b451a2f834d117005778800afe4704b88647ce164564fa010afb0d5e010,SAFE_LOAD_OK,dict,epoch;model_state_dict;optimizer_state_dict,model_state_dict,511,310,FULL_TRAINING_STATE,,88,UNKNOWN,False,False,False,,,,,False,True,True,False,HAS_OPTIMIZER;HAS_EPOCH,Parameter tensor count excludes running statistics/counters; classification uses normalized keys and source evidence.
sha256:be34ecd4623061875b91,CHECKPOINT_ROOT,checkpoints_massive/checkpoint_epoch_89.pth,checkpoint_epoch_89.pth,97552805,be34ecd4623061875b91a6237b7f811122c3ba8afe90bd49d4ae87f8546ef101,SAFE_LOAD_OK,dict,epoch;model_state_dict;optimizer_state_dict,model_state_dict,511,310,FULL_TRAINING_STATE,,89,UNKNOWN,False,False,False,,,,,False,True,True,False,HAS_OPTIMIZER;HAS_EPOCH,Parameter tensor count excludes running statistics/counters; classification uses normalized keys and source evidence.
sha256:45c006f803dcf8c3fd5e,CHECKPOINT_ROOT,checkpoints_massive/checkpoint_epoch_9.pth,checkpoint_epoch_9.pth,97551360,45c006f803dcf8c3fd5e629b3dbbd477da5700de52d2804d2a84dd1707e91b8a,SAFE_LOAD_OK,dict,epoch;model_state_dict;optimizer_state_dict,model_state_dict,511,310,FULL_TRAINING_STATE,,9,UNKNOWN,False,False,False,,,,,False,True,True,False,HAS_OPTIMIZER;HAS_EPOCH,Parameter tensor count excludes running statistics/counters; classification uses normalized keys and source evidence.
sha256:3ebf6a5ce28f69cba27b,CHECKPOINT_ROOT,checkpoints_massive/checkpoint_epoch_90.pth,checkpoint_epoch_90.pth,97552805,3ebf6a5ce28f69cba27b8f699bc3073a4d3476bd02536f7e40758e8fce5a1282,SAFE_LOAD_OK,dict,epoch;model_state_dict;optimizer_state_dict,model_state_dict,511,310,FULL_TRAINING_STATE,,90,UNKNOWN,False,False,False,,,,,False,True,True,False,HAS_OPTIMIZER;HAS_EPOCH,Parameter tensor count excludes running statistics/counters; classification uses normalized keys and source evidence.
sha256:bb26c7c8fe7e28749b44,CHECKPOINT_ROOT,checkpoints_massive/checkpoint_epoch_91.pth,checkpoint_epoch_91.pth,97552805,bb26c7c8fe7e28749b444e3ba93195f9355b1a3c0231e381a2756c49b3bf7c68,SAFE_LOAD_OK,dict,epoch;model_state_dict;optimizer_state_dict,model_state_dict,511,310,FULL_TRAINING_STATE,,91,UNKNOWN,False,False,False,,,,,False,True,True,False,HAS_OPTIMIZER;HAS_EPOCH,Parameter tensor count excludes running statistics/counters; classification uses normalized keys and source evidence.
sha256:8c2a37e60f493aadbfb5,CHECKPOINT_ROOT,checkpoints_massive/checkpoint_epoch_92.pth,checkpoint_epoch_92.pth,97552805,8c2a37e60f493aadbfb5c685b869d99d406c333f99f7beecd673a4a0482d0003,SAFE_LOAD_OK,dict,epoch;model_state_dict;optimizer_state_dict,model_state_dict,511,310,FULL_TRAINING_STATE,,92,UNKNOWN,False,False,False,,,,,False,True,True,False,HAS_OPTIMIZER;HAS_EPOCH,Parameter tensor count excludes running statistics/counters; classification uses normalized keys and source evidence.
sha256:89e44ab0327a9b8d357b,CHECKPOINT_ROOT,checkpoints_massive/checkpoint_epoch_93.pth,checkpoint_epoch_93.pth,97552805,89e44ab0327a9b8d357bf03bea6b8b25ff4ccbd48fdcef27c9765e30c95aa44c,SAFE_LOAD_OK,dict,epoch;model_state_dict;optimizer_state_dict,model_state_dict,511,310,FULL_TRAINING_STATE,,93,UNKNOWN,False,False,False,,,,,False,True,True,False,HAS_OPTIMIZER;HAS_EPOCH,Parameter tensor count excludes running statistics/counters; classification uses normalized keys and source evidence.
sha256:c81af67b546f78ded88f,CHECKPOINT_ROOT,checkpoints_massive/checkpoint_epoch_94.pth,checkpoint_epoch_94.pth,97552805,c81af67b546f78ded88f2314f9c750aca125d2e6d34df8ad754c6e6687d7c31d,SAFE_LOAD_OK,dict,epoch;model_state_dict;optimizer_state_dict,model_state_dict,511,310,FULL_TRAINING_STATE,,94,UNKNOWN,False,False,False,,,,,False,True,True,False,HAS_OPTIMIZER;HAS_EPOCH,Parameter tensor count excludes running statistics/counters; classification uses normalized keys and source evidence.
sha256:59ebaaa8c50cc3680265,CHECKPOINT_ROOT,checkpoints_massive/checkpoint_epoch_95.pth,checkpoint_epoch_95.pth,97552805,59ebaaa8c50cc36802658972c146a1aef84f91f6ac244757acb7c63531cbe88e,SAFE_LOAD_OK,dict,epoch;model_state_dict;optimizer_state_dict,model_state_dict,511,310,FULL_TRAINING_STATE,,95,UNKNOWN,False,False,False,,,,,False,True,True,False,HAS_OPTIMIZER;HAS_EPOCH,Parameter tensor count excludes running statistics/counters; classification uses normalized keys and source evidence.
sha256:11640c8421a4a86b29af,CHECKPOINT_ROOT,checkpoints_massive/checkpoint_epoch_96.pth,checkpoint_epoch_96.pth,97552805,11640c8421a4a86b29af37733f5cff3d3c171e4cb562c0d440243d077c52840c,SAFE_LOAD_OK,dict,epoch;model_state_dict;optimizer_state_dict,model_state_dict,511,310,FULL_TRAINING_STATE,,96,UNKNOWN,False,False,False,,,,,False,True,True,False,HAS_OPTIMIZER;HAS_EPOCH,Parameter tensor count excludes running statistics/counters; classification uses normalized keys and source evidence.
sha256:ed44c5e58f8d8cfe18f2,CHECKPOINT_ROOT,checkpoints_massive/checkpoint_epoch_97.pth,checkpoint_epoch_97.pth,97552805,ed44c5e58f8d8cfe18f2f10a898b825e89b713eb3de9d7306b387c18664bfca8,SAFE_LOAD_OK,dict,epoch;model_state_dict;optimizer_state_dict,model_state_dict,511,310,FULL_TRAINING_STATE,,97,UNKNOWN,False,False,False,,,,,False,True,True,False,HAS_OPTIMIZER;HAS_EPOCH,Parameter tensor count excludes running statistics/counters; classification uses normalized keys and source evidence.
sha256:345a23ae4451882bd1b6,CHECKPOINT_ROOT,checkpoints_massive/checkpoint_epoch_98.pth,checkpoint_epoch_98.pth,97552805,345a23ae4451882bd1b6039c279fa1a24f8817999ab86be79c764b62eeb33dd9,SAFE_LOAD_OK,dict,epoch;model_state_dict;optimizer_state_dict,model_state_dict,511,310,FULL_TRAINING_STATE,,98,UNKNOWN,False,False,False,,,,,False,True,True,False,HAS_OPTIMIZER;HAS_EPOCH,Parameter tensor count excludes running statistics/counters; classification uses normalized keys and source evidence.
sha256:75727723431f53cab170,CHECKPOINT_ROOT,checkpoints_massive/checkpoint_epoch_99.pth,checkpoint_epoch_99.pth,97552805,75727723431f53cab17069fe3daa0bde109374ae2fcf45e638122f7d36e8cb40,SAFE_LOAD_OK,dict,epoch;model_state_dict;optimizer_state_dict,model_state_dict,511,310,FULL_TRAINING_STATE,,99,UNKNOWN,False,False,False,,,,,False,True,True,False,HAS_OPTIMIZER;HAS_EPOCH,Parameter tensor count excludes running statistics/counters; classification uses normalized keys and source evidence.
sha256:240b3e00e0328f1f1b9f,CHECKPOINT_ROOT,checkpoints_small/best_model_small.pth,best_model_small.pth,2486111,240b3e00e0328f1f1b9f7329230531a17e706c9ff5cf32492aa57775cfd3df46,SAFE_LOAD_OK,OrderedDict,stem.0.weight;stem.1.weight;stem.1.bias;stem.1.running_mean;stem.1.running_var;stem.1.num_batches_tracked;body.0.conv.0.weight;body.0.conv.1.weight;body.0.conv.1.bias;body.0.conv.1.running_mean;body.0.conv.1.running_var;body.0.conv.1.num_batches_tracked;body.0.conv.3.weight;body.0.conv.4.weight;body.0.conv.4.bias;body.0.conv.4.running_mean;body.0.conv.4.running_var;body.0.conv.4.num_batches_tracked;body.0.conv.6.weight;body.0.conv.7.weight;body.0.conv.7.bias;body.0.conv.7.running_mean;body.0.conv.7.running_var;body.0.conv.7.num_batches_tracked;body.0.se.1.weight;body.0.se.1.bias;body.0.se.3.weight;body.0.se.3.bias;body.1.conv.0.weight;body.1.conv.1.weight;body.1.conv.1.bias;body.1.conv.1.running_mean;body.1.conv.1.running_var;body.1.conv.1.num_batches_tracked;body.1.conv.3.weight;body.1.conv.4.weight;body.1.conv.4.bias;body.1.conv.4.running_mean;body.1.conv.4.running_var;body.1.conv.4.num_batches_tracked;body.1.conv.6.weight;body.1.conv.7.weight;body.1.conv.7.bias;body.1.conv.7.running_mean;body.1.conv.7.running_var;body.1.conv.7.num_batches_tracked;body.1.se.1.weight;body.1.se.1.bias;body.1.se.3.weight;body.1.se.3.bias;body.2.conv.0.weight;body.2.conv.1.weight;body.2.conv.1.bias;body.2.conv.1.running_mean;body.2.conv.1.running_var;body.2.conv.1.num_batches_tracked;body.2.conv.3.weight;body.2.conv.4.weight;body.2.conv.4.bias;body.2.conv.4.running_mean;body.2.conv.4.running_var;body.2.conv.4.num_batches_tracked;body.2.conv.6.weight;body.2.conv.7.weight;body.2.conv.7.bias;body.2.conv.7.running_mean;body.2.conv.7.running_var;body.2.conv.7.num_batches_tracked;body.2.se.1.weight;body.2.se.1.bias;body.2.se.3.weight;body.2.se.3.bias;body.3.conv.0.weight;body.3.conv.1.weight;body.3.conv.1.bias;body.3.conv.1.running_mean;body.3.conv.1.running_var;body.3.conv.1.num_batches_tracked;body.3.conv.3.weight;body.3.conv.4.weight;body.3.conv.4.bias;body.3.conv.4.running_mean;body.3.conv.4.running_var;body.3.conv.4.num_batches_tracked;body.3.conv.6.weight;body.3.conv.7.weight;body.3.conv.7.bias;body.3.conv.7.running_mean;body.3.conv.7.running_var;body.3.conv.7.num_batches_tracked;body.3.se.1.weight;body.3.se.1.bias;body.3.se.3.weight;body.3.se.3.bias;body.4.scale;body.4.pos_enc;body.4.query.weight;body.4.query.bias;body.4.key.weight;body.4.key.bias,raw_state_dict,225,141,BASELINE_CLASSIFIER,,,baseline_unknown,False,False,False,,,,,False,False,False,False,,Parameter tensor count excludes running statistics/counters; classification uses normalized keys and source evidence.
sha256:405dd8fd1f03db2b4ecc,CHECKPOINT_ROOT,checkpoints_small/checkpoint_epoch_1.pth,checkpoint_epoch_1.pth,7368294,405dd8fd1f03db2b4ecc85fc06614b7f0fc5af9b8d0b7c0edb178aafd38228a1,SAFE_LOAD_OK,dict,epoch;model_state_dict;optimizer_state_dict,model_state_dict,225,141,FULL_TRAINING_STATE,,1,UNKNOWN,False,False,False,,,,,False,True,True,False,HAS_OPTIMIZER;HAS_EPOCH,Parameter tensor count excludes running statistics/counters; classification uses normalized keys and source evidence.
sha256:3316902674675b552ec0,CHECKPOINT_ROOT,checkpoints_small/checkpoint_epoch_10.pth,checkpoint_epoch_10.pth,7368946,3316902674675b552ec0a0e09f9167ae920ad049a1ae431b9bb16c8b4942d178,SAFE_LOAD_OK,dict,epoch;model_state_dict;optimizer_state_dict,model_state_dict,225,141,FULL_TRAINING_STATE,,10,UNKNOWN,False,False,False,,,,,False,True,True,False,HAS_OPTIMIZER;HAS_EPOCH,Parameter tensor count excludes running statistics/counters; classification uses normalized keys and source evidence.
sha256:5b51076aaa2f9bb26e59,CHECKPOINT_ROOT,checkpoints_small/checkpoint_epoch_100.pth,checkpoint_epoch_100.pth,7369598,5b51076aaa2f9bb26e59451e7b46bae48ddebc1fba4c95424757132adf58502d,SAFE_LOAD_OK,dict,epoch;model_state_dict;optimizer_state_dict,model_state_dict,225,141,FULL_TRAINING_STATE,,100,UNKNOWN,False,False,False,,,,,False,True,True,False,HAS_OPTIMIZER;HAS_EPOCH,Parameter tensor count excludes running statistics/counters; classification uses normalized keys and source evidence.
sha256:edd9bb1db0f93509a989,CHECKPOINT_ROOT,checkpoints_small/checkpoint_epoch_11.pth,checkpoint_epoch_11.pth,7368946,edd9bb1db0f93509a98949d7ba995738c1d1daff744a3f1d68499d8c4a85556c,SAFE_LOAD_OK,dict,epoch;model_state_dict;optimizer_state_dict,model_state_dict,225,141,FULL_TRAINING_STATE,,11,UNKNOWN,False,False,False,,,,,False,True,True,False,HAS_OPTIMIZER;HAS_EPOCH,Parameter tensor count excludes running statistics/counters; classification uses normalized keys and source evidence.
sha256:c2279077479e3862b161,CHECKPOINT_ROOT,checkpoints_small/checkpoint_epoch_12.pth,checkpoint_epoch_12.pth,7368946,c2279077479e3862b16138a3ade15a5abe2e79ee937570e7a541c004f2d7e3c8,SAFE_LOAD_OK,dict,epoch;model_state_dict;optimizer_state_dict,model_state_dict,225,141,FULL_TRAINING_STATE,,12,UNKNOWN,False,False,False,,,,,False,True,True,False,HAS_OPTIMIZER;HAS_EPOCH,Parameter tensor count excludes running statistics/counters; classification uses normalized keys and source evidence.
sha256:33cbcfc3ea1b437f1f01,CHECKPOINT_ROOT,checkpoints_small/checkpoint_epoch_13.pth,checkpoint_epoch_13.pth,7368946,33cbcfc3ea1b437f1f016e4a557a0fb6b6b9a903840f120933253950bf53c1e6,SAFE_LOAD_OK,dict,epoch;model_state_dict;optimizer_state_dict,model_state_dict,225,141,FULL_TRAINING_STATE,,13,UNKNOWN,False,False,False,,,,,False,True,True,False,HAS_OPTIMIZER;HAS_EPOCH,Parameter tensor count excludes running statistics/counters; classification uses normalized keys and source evidence.
sha256:d90fd3b21d18773bd35b,CHECKPOINT_ROOT,checkpoints_small/checkpoint_epoch_14.pth,checkpoint_epoch_14.pth,7368946,d90fd3b21d18773bd35baf53d38436a20ca379db1804eb58a89be14125ee3e65,SAFE_LOAD_OK,dict,epoch;model_state_dict;optimizer_state_dict,model_state_dict,225,141,FULL_TRAINING_STATE,,14,UNKNOWN,False,False,False,,,,,False,True,True,False,HAS_OPTIMIZER;HAS_EPOCH,Parameter tensor count excludes running statistics/counters; classification uses normalized keys and source evidence.
sha256:380524f4b7ccb9add8bc,CHECKPOINT_ROOT,checkpoints_small/checkpoint_epoch_15.pth,checkpoint_epoch_15.pth,7368946,380524f4b7ccb9add8bc07e8c31c28a15a57c158b6560fce5449b91d563bc8b8,SAFE_LOAD_OK,dict,epoch;model_state_dict;optimizer_state_dict,model_state_dict,225,141,FULL_TRAINING_STATE,,15,UNKNOWN,False,False,False,,,,,False,True,True,False,HAS_OPTIMIZER;HAS_EPOCH,Parameter tensor count excludes running statistics/counters; classification uses normalized keys and source evidence.
sha256:a18ed4f03887c1dab7de,CHECKPOINT_ROOT,checkpoints_small/checkpoint_epoch_16.pth,checkpoint_epoch_16.pth,7368946,a18ed4f03887c1dab7decb379f36e2e2681dd79037c916e99743ee25864b980b,SAFE_LOAD_OK,dict,epoch;model_state_dict;optimizer_state_dict,model_state_dict,225,141,FULL_TRAINING_STATE,,16,UNKNOWN,False,False,False,,,,,False,True,True,False,HAS_OPTIMIZER;HAS_EPOCH,Parameter tensor count excludes running statistics/counters; classification uses normalized keys and source evidence.
sha256:0919b7f12f0580e53d98,CHECKPOINT_ROOT,checkpoints_small/checkpoint_epoch_17.pth,checkpoint_epoch_17.pth,7368946,0919b7f12f0580e53d988eb5cc0ed337439f52e9c2981ed04f23152293588429,SAFE_LOAD_OK,dict,epoch;model_state_dict;optimizer_state_dict,model_state_dict,225,141,FULL_TRAINING_STATE,,17,UNKNOWN,False,False,False,,,,,False,True,True,False,HAS_OPTIMIZER;HAS_EPOCH,Parameter tensor count excludes running statistics/counters; classification uses normalized keys and source evidence.
sha256:02302261d200bcfbd036,CHECKPOINT_ROOT,checkpoints_small/checkpoint_epoch_18.pth,checkpoint_epoch_18.pth,7368946,02302261d200bcfbd03678b9da9f1fbb20f0044ada3e39f520ce5c54551e86b6,SAFE_LOAD_OK,dict,epoch;model_state_dict;optimizer_state_dict,model_state_dict,225,141,FULL_TRAINING_STATE,,18,UNKNOWN,False,False,False,,,,,False,True,True,False,HAS_OPTIMIZER;HAS_EPOCH,Parameter tensor count excludes running statistics/counters; classification uses normalized keys and source evidence.
sha256:19e2809fb6d832273927,CHECKPOINT_ROOT,checkpoints_small/checkpoint_epoch_19.pth,checkpoint_epoch_19.pth,7368946,19e2809fb6d83227392734296941dd0082145b778cc09667c624ad816cfbb8de,SAFE_LOAD_OK,dict,epoch;model_state_dict;optimizer_state_dict,model_state_dict,225,141,FULL_TRAINING_STATE,,19,UNKNOWN,False,False,False,,,,,False,True,True,False,HAS_OPTIMIZER;HAS_EPOCH,Parameter tensor count excludes running statistics/counters; classification uses normalized keys and source evidence.
sha256:00c14c80934b6092160d,CHECKPOINT_ROOT,checkpoints_small/checkpoint_epoch_2.pth,checkpoint_epoch_2.pth,7368294,00c14c80934b6092160d6a319d8c37d879253a02355ddfb4818e98259fe7f08a,SAFE_LOAD_OK,dict,epoch;model_state_dict;optimizer_state_dict,model_state_dict,225,141,FULL_TRAINING_STATE,,2,UNKNOWN,False,False,False,,,,,False,True,True,False,HAS_OPTIMIZER;HAS_EPOCH,Parameter tensor count excludes running statistics/counters; classification uses normalized keys and source evidence.
sha256:fa9f8b71cdb8035108bd,CHECKPOINT_ROOT,checkpoints_small/checkpoint_epoch_20.pth,checkpoint_epoch_20.pth,7368946,fa9f8b71cdb8035108bd6ce2febd46c0e59c53d3c899411692f538e3b4e0147d,SAFE_LOAD_OK,dict,epoch;model_state_dict;optimizer_state_dict,model_state_dict,225,141,FULL_TRAINING_STATE,,20,UNKNOWN,False,False,False,,,,,False,True,True,False,HAS_OPTIMIZER;HAS_EPOCH,Parameter tensor count excludes running statistics/counters; classification uses normalized keys and source evidence.
sha256:6ae68a765f0d1c6ba9c8,CHECKPOINT_ROOT,checkpoints_small/checkpoint_epoch_21.pth,checkpoint_epoch_21.pth,7368946,6ae68a765f0d1c6ba9c84d441e6417f94c909cd1f28a1a27c98c41c691bfe96c,SAFE_LOAD_OK,dict,epoch;model_state_dict;optimizer_state_dict,model_state_dict,225,141,FULL_TRAINING_STATE,,21,UNKNOWN,False,False,False,,,,,False,True,True,False,HAS_OPTIMIZER;HAS_EPOCH,Parameter tensor count excludes running statistics/counters; classification uses normalized keys and source evidence.
sha256:107dd95a8385a30858e6,CHECKPOINT_ROOT,checkpoints_small/checkpoint_epoch_22.pth,checkpoint_epoch_22.pth,7368946,107dd95a8385a30858e607b445c81c3a7a4ccf56fd3433219a05348f657844fc,SAFE_LOAD_OK,dict,epoch;model_state_dict;optimizer_state_dict,model_state_dict,225,141,FULL_TRAINING_STATE,,22,UNKNOWN,False,False,False,,,,,False,True,True,False,HAS_OPTIMIZER;HAS_EPOCH,Parameter tensor count excludes running statistics/counters; classification uses normalized keys and source evidence.
sha256:f518b5ab011ed4c477c5,CHECKPOINT_ROOT,checkpoints_small/checkpoint_epoch_23.pth,checkpoint_epoch_23.pth,7368946,f518b5ab011ed4c477c52d434a6b3a110b30da8ad2b4d377ed71270c5cc87a4b,SAFE_LOAD_OK,dict,epoch;model_state_dict;optimizer_state_dict,model_state_dict,225,141,FULL_TRAINING_STATE,,23,UNKNOWN,False,False,False,,,,,False,True,True,False,HAS_OPTIMIZER;HAS_EPOCH,Parameter tensor count excludes running statistics/counters; classification uses normalized keys and source evidence.
sha256:5d682604ac4289a52804,CHECKPOINT_ROOT,checkpoints_small/checkpoint_epoch_24.pth,checkpoint_epoch_24.pth,7368946,5d682604ac4289a52804e1f0e4ff00604dd4549900890f2715ff27d2af4227ed,SAFE_LOAD_OK,dict,epoch;model_state_dict;optimizer_state_dict,model_state_dict,225,141,FULL_TRAINING_STATE,,24,UNKNOWN,False,False,False,,,,,False,True,True,False,HAS_OPTIMIZER;HAS_EPOCH,Parameter tensor count excludes running statistics/counters; classification uses normalized keys and source evidence.
sha256:7e4f1e7a317d2a4b05ff,CHECKPOINT_ROOT,checkpoints_small/checkpoint_epoch_25.pth,checkpoint_epoch_25.pth,7368946,7e4f1e7a317d2a4b05ff2f515ce54cdc00fa8e7d5419e5fef0ab9859c7974c62,SAFE_LOAD_OK,dict,epoch;model_state_dict;optimizer_state_dict,model_state_dict,225,141,FULL_TRAINING_STATE,,25,UNKNOWN,False,False,False,,,,,False,True,True,False,HAS_OPTIMIZER;HAS_EPOCH,Parameter tensor count excludes running statistics/counters; classification uses normalized keys and source evidence.
sha256:da71307f909a6585e696,CHECKPOINT_ROOT,checkpoints_small/checkpoint_epoch_26.pth,checkpoint_epoch_26.pth,7368946,da71307f909a6585e6968a817aad12d0ffb1289323aeb18d5f34ca686a40490f,SAFE_LOAD_OK,dict,epoch;model_state_dict;optimizer_state_dict,model_state_dict,225,141,FULL_TRAINING_STATE,,26,UNKNOWN,False,False,False,,,,,False,True,True,False,HAS_OPTIMIZER;HAS_EPOCH,Parameter tensor count excludes running statistics/counters; classification uses normalized keys and source evidence.
sha256:81b7a199bc5e9ac6f686,CHECKPOINT_ROOT,checkpoints_small/checkpoint_epoch_27.pth,checkpoint_epoch_27.pth,7368946,81b7a199bc5e9ac6f68678c2f55c0160badbae2374b3f27dc181af177acc1170,SAFE_LOAD_OK,dict,epoch;model_state_dict;optimizer_state_dict,model_state_dict,225,141,FULL_TRAINING_STATE,,27,UNKNOWN,False,False,False,,,,,False,True,True,False,HAS_OPTIMIZER;HAS_EPOCH,Parameter tensor count excludes running statistics/counters; classification uses normalized keys and source evidence.
sha256:ecf536c480fd725a601d,CHECKPOINT_ROOT,checkpoints_small/checkpoint_epoch_28.pth,checkpoint_epoch_28.pth,7368946,ecf536c480fd725a601dcdc0a093404304628ff40d0c3dd3155ac1c8ef49053b,SAFE_LOAD_OK,dict,epoch;model_state_dict;optimizer_state_dict,model_state_dict,225,141,FULL_TRAINING_STATE,,28,UNKNOWN,False,False,False,,,,,False,True,True,False,HAS_OPTIMIZER;HAS_EPOCH,Parameter tensor count excludes running statistics/counters; classification uses normalized keys and source evidence.
sha256:0f74686b7d5b8200b01d,CHECKPOINT_ROOT,checkpoints_small/checkpoint_epoch_29.pth,checkpoint_epoch_29.pth,7368946,0f74686b7d5b8200b01dd92c8ca1f0c1d22c3837d78d9830435ccc4bc2fcd13a,SAFE_LOAD_OK,dict,epoch;model_state_dict;optimizer_state_dict,model_state_dict,225,141,FULL_TRAINING_STATE,,29,UNKNOWN,False,False,False,,,,,False,True,True,False,HAS_OPTIMIZER;HAS_EPOCH,Parameter tensor count excludes running statistics/counters; classification uses normalized keys and source evidence.
sha256:a8d92ce80e89c8fd1ae5,CHECKPOINT_ROOT,checkpoints_small/checkpoint_epoch_3.pth,checkpoint_epoch_3.pth,7368294,a8d92ce80e89c8fd1ae5012003860a6bfffd29a00a69e1e212e9830112cb0a8d,SAFE_LOAD_OK,dict,epoch;model_state_dict;optimizer_state_dict,model_state_dict,225,141,FULL_TRAINING_STATE,,3,UNKNOWN,False,False,False,,,,,False,True,True,False,HAS_OPTIMIZER;HAS_EPOCH,Parameter tensor count excludes running statistics/counters; classification uses normalized keys and source evidence.
sha256:2b9342bd3a7827e50da1,CHECKPOINT_ROOT,checkpoints_small/checkpoint_epoch_30.pth,checkpoint_epoch_30.pth,7368946,2b9342bd3a7827e50da10ab0513471bae614bd132898316582b64ef33f8f2822,SAFE_LOAD_OK,dict,epoch;model_state_dict;optimizer_state_dict,model_state_dict,225,141,FULL_TRAINING_STATE,,30,UNKNOWN,False,False,False,,,,,False,True,True,False,HAS_OPTIMIZER;HAS_EPOCH,Parameter tensor count excludes running statistics/counters; classification uses normalized keys and source evidence.
sha256:699b8df65e775e9ac5c6,CHECKPOINT_ROOT,checkpoints_small/checkpoint_epoch_31.pth,checkpoint_epoch_31.pth,7368946,699b8df65e775e9ac5c650e1c2dc006df80f527c4155c62f6e5060657c61378b,SAFE_LOAD_OK,dict,epoch;model_state_dict;optimizer_state_dict,model_state_dict,225,141,FULL_TRAINING_STATE,,31,UNKNOWN,False,False,False,,,,,False,True,True,False,HAS_OPTIMIZER;HAS_EPOCH,Parameter tensor count excludes running statistics/counters; classification uses normalized keys and source evidence.
sha256:30dd4e0a3e387b107f85,CHECKPOINT_ROOT,checkpoints_small/checkpoint_epoch_32.pth,checkpoint_epoch_32.pth,7368946,30dd4e0a3e387b107f853c9bd62c430fc8361d9f6e89b9dd00ae7aa1269e5b69,SAFE_LOAD_OK,dict,epoch;model_state_dict;optimizer_state_dict,model_state_dict,225,141,FULL_TRAINING_STATE,,32,UNKNOWN,False,False,False,,,,,False,True,True,False,HAS_OPTIMIZER;HAS_EPOCH,Parameter tensor count excludes running statistics/counters; classification uses normalized keys and source evidence.
sha256:683142998f86043d0c89,CHECKPOINT_ROOT,checkpoints_small/checkpoint_epoch_33.pth,checkpoint_epoch_33.pth,7368946,683142998f86043d0c89c45451ec923a1fdddf525ce3214f5d4cffa67962739f,SAFE_LOAD_OK,dict,epoch;model_state_dict;optimizer_state_dict,model_state_dict,225,141,FULL_TRAINING_STATE,,33,UNKNOWN,False,False,False,,,,,False,True,True,False,HAS_OPTIMIZER;HAS_EPOCH,Parameter tensor count excludes running statistics/counters; classification uses normalized keys and source evidence.
sha256:ef3e0023689847092aac,CHECKPOINT_ROOT,checkpoints_small/checkpoint_epoch_34.pth,checkpoint_epoch_34.pth,7368946,ef3e0023689847092aaca67a127272a93108bddca3d627a050c5dd22b5b69a8d,SAFE_LOAD_OK,dict,epoch;model_state_dict;optimizer_state_dict,model_state_dict,225,141,FULL_TRAINING_STATE,,34,UNKNOWN,False,False,False,,,,,False,True,True,False,HAS_OPTIMIZER;HAS_EPOCH,Parameter tensor count excludes running statistics/counters; classification uses normalized keys and source evidence.
sha256:3f2efce123706e458be3,CHECKPOINT_ROOT,checkpoints_small/checkpoint_epoch_35.pth,checkpoint_epoch_35.pth,7368946,3f2efce123706e458be3df4c9d0b1d80cda224e696a8ca8dde8ca59a3a15c939,SAFE_LOAD_OK,dict,epoch;model_state_dict;optimizer_state_dict,model_state_dict,225,141,FULL_TRAINING_STATE,,35,UNKNOWN,False,False,False,,,,,False,True,True,False,HAS_OPTIMIZER;HAS_EPOCH,Parameter tensor count excludes running statistics/counters; classification uses normalized keys and source evidence.
sha256:1bc793d720838288625f,CHECKPOINT_ROOT,checkpoints_small/checkpoint_epoch_36.pth,checkpoint_epoch_36.pth,7368946,1bc793d720838288625f1246a2fa60918dd84fc82297f0406543859a978d7921,SAFE_LOAD_OK,dict,epoch;model_state_dict;optimizer_state_dict,model_state_dict,225,141,FULL_TRAINING_STATE,,36,UNKNOWN,False,False,False,,,,,False,True,True,False,HAS_OPTIMIZER;HAS_EPOCH,Parameter tensor count excludes running statistics/counters; classification uses normalized keys and source evidence.
sha256:1e10fb9e06c714b932ce,CHECKPOINT_ROOT,checkpoints_small/checkpoint_epoch_37.pth,checkpoint_epoch_37.pth,7368946,1e10fb9e06c714b932cead5638c702353cbb4489bcc7cd49dace30b634472e4d,SAFE_LOAD_OK,dict,epoch;model_state_dict;optimizer_state_dict,model_state_dict,225,141,FULL_TRAINING_STATE,,37,UNKNOWN,False,False,False,,,,,False,True,True,False,HAS_OPTIMIZER;HAS_EPOCH,Parameter tensor count excludes running statistics/counters; classification uses normalized keys and source evidence.
sha256:c02b13fe125c333ac079,CHECKPOINT_ROOT,checkpoints_small/checkpoint_epoch_38.pth,checkpoint_epoch_38.pth,7368946,c02b13fe125c333ac079170d873de92fee0c16ea77488c83ff69f2d7bbdccc34,SAFE_LOAD_OK,dict,epoch;model_state_dict;optimizer_state_dict,model_state_dict,225,141,FULL_TRAINING_STATE,,38,UNKNOWN,False,False,False,,,,,False,True,True,False,HAS_OPTIMIZER;HAS_EPOCH,Parameter tensor count excludes running statistics/counters; classification uses normalized keys and source evidence.
sha256:5e88de7da0579ff113a2,CHECKPOINT_ROOT,checkpoints_small/checkpoint_epoch_39.pth,checkpoint_epoch_39.pth,7368946,5e88de7da0579ff113a22d415e0239e7b669ac3f4e81d5db839b7a91b816d180,SAFE_LOAD_OK,dict,epoch;model_state_dict;optimizer_state_dict,model_state_dict,225,141,FULL_TRAINING_STATE,,39,UNKNOWN,False,False,False,,,,,False,True,True,False,HAS_OPTIMIZER;HAS_EPOCH,Parameter tensor count excludes running statistics/counters; classification uses normalized keys and source evidence.
sha256:fba1d539173893cee690,CHECKPOINT_ROOT,checkpoints_small/checkpoint_epoch_4.pth,checkpoint_epoch_4.pth,7368294,fba1d539173893cee6900caf491c729af38b6233c97ac9892599ff754fc09789,SAFE_LOAD_OK,dict,epoch;model_state_dict;optimizer_state_dict,model_state_dict,225,141,FULL_TRAINING_STATE,,4,UNKNOWN,False,False,False,,,,,False,True,True,False,HAS_OPTIMIZER;HAS_EPOCH,Parameter tensor count excludes running statistics/counters; classification uses normalized keys and source evidence.
sha256:967b32a5e1c4a701eedf,CHECKPOINT_ROOT,checkpoints_small/checkpoint_epoch_40.pth,checkpoint_epoch_40.pth,7368946,967b32a5e1c4a701eedf7befdaa84effea5b0d05425cddddfbfea3405166a809,SAFE_LOAD_OK,dict,epoch;model_state_dict;optimizer_state_dict,model_state_dict,225,141,FULL_TRAINING_STATE,,40,UNKNOWN,False,False,False,,,,,False,True,True,False,HAS_OPTIMIZER;HAS_EPOCH,Parameter tensor count excludes running statistics/counters; classification uses normalized keys and source evidence.
sha256:123b36a83aa480e09bd5,CHECKPOINT_ROOT,checkpoints_small/checkpoint_epoch_41.pth,checkpoint_epoch_41.pth,7368946,123b36a83aa480e09bd5a0718a7a3513031a68fcbcdc08cf1faeb1773a05e66c,SAFE_LOAD_OK,dict,epoch;model_state_dict;optimizer_state_dict,model_state_dict,225,141,FULL_TRAINING_STATE,,41,UNKNOWN,False,False,False,,,,,False,True,True,False,HAS_OPTIMIZER;HAS_EPOCH,Parameter tensor count excludes running statistics/counters; classification uses normalized keys and source evidence.
sha256:10e46b2582522ec60ed3,CHECKPOINT_ROOT,checkpoints_small/checkpoint_epoch_42.pth,checkpoint_epoch_42.pth,7368946,10e46b2582522ec60ed367dbfe279f0e44939c4d06a185f13f1e2e06049ab6c2,SAFE_LOAD_OK,dict,epoch;model_state_dict;optimizer_state_dict,model_state_dict,225,141,FULL_TRAINING_STATE,,42,UNKNOWN,False,False,False,,,,,False,True,True,False,HAS_OPTIMIZER;HAS_EPOCH,Parameter tensor count excludes running statistics/counters; classification uses normalized keys and source evidence.
sha256:1e3ef1497262727e2817,CHECKPOINT_ROOT,checkpoints_small/checkpoint_epoch_43.pth,checkpoint_epoch_43.pth,7368946,1e3ef1497262727e2817134193a6ca8b475ad711dbfa6d6ed9d13447d8b983fb,SAFE_LOAD_OK,dict,epoch;model_state_dict;optimizer_state_dict,model_state_dict,225,141,FULL_TRAINING_STATE,,43,UNKNOWN,False,False,False,,,,,False,True,True,False,HAS_OPTIMIZER;HAS_EPOCH,Parameter tensor count excludes running statistics/counters; classification uses normalized keys and source evidence.
sha256:55d7f42204a2f070dce4,CHECKPOINT_ROOT,checkpoints_small/checkpoint_epoch_44.pth,checkpoint_epoch_44.pth,7368946,55d7f42204a2f070dce4feffcca2a19b52d9d278c77cf27036f043259dbc82b1,SAFE_LOAD_OK,dict,epoch;model_state_dict;optimizer_state_dict,model_state_dict,225,141,FULL_TRAINING_STATE,,44,UNKNOWN,False,False,False,,,,,False,True,True,False,HAS_OPTIMIZER;HAS_EPOCH,Parameter tensor count excludes running statistics/counters; classification uses normalized keys and source evidence.
sha256:1220689d76311db90b29,CHECKPOINT_ROOT,checkpoints_small/checkpoint_epoch_45.pth,checkpoint_epoch_45.pth,7368946,1220689d76311db90b299484c88bb9ecc37a39f97bf7edcb0ef4b1ec642007ea,SAFE_LOAD_OK,dict,epoch;model_state_dict;optimizer_state_dict,model_state_dict,225,141,FULL_TRAINING_STATE,,45,UNKNOWN,False,False,False,,,,,False,True,True,False,HAS_OPTIMIZER;HAS_EPOCH,Parameter tensor count excludes running statistics/counters; classification uses normalized keys and source evidence.
sha256:85c01a425422b63bf702,CHECKPOINT_ROOT,checkpoints_small/checkpoint_epoch_46.pth,checkpoint_epoch_46.pth,7368946,85c01a425422b63bf702285e77cb5a976f873a3811d9de5515fe75be27e31a47,SAFE_LOAD_OK,dict,epoch;model_state_dict;optimizer_state_dict,model_state_dict,225,141,FULL_TRAINING_STATE,,46,UNKNOWN,False,False,False,,,,,False,True,True,False,HAS_OPTIMIZER;HAS_EPOCH,Parameter tensor count excludes running statistics/counters; classification uses normalized keys and source evidence.
sha256:2a85e03f4dca63affd69,CHECKPOINT_ROOT,checkpoints_small/checkpoint_epoch_47.pth,checkpoint_epoch_47.pth,7368946,2a85e03f4dca63affd693daab2c7daf35b49b9b87d6fc01134882dc611796230,SAFE_LOAD_OK,dict,epoch;model_state_dict;optimizer_state_dict,model_state_dict,225,141,FULL_TRAINING_STATE,,47,UNKNOWN,False,False,False,,,,,False,True,True,False,HAS_OPTIMIZER;HAS_EPOCH,Parameter tensor count excludes running statistics/counters; classification uses normalized keys and source evidence.
sha256:9fe13f0c1e916ebb5410,CHECKPOINT_ROOT,checkpoints_small/checkpoint_epoch_48.pth,checkpoint_epoch_48.pth,7368946,9fe13f0c1e916ebb541039022c50e664955b8f78e42439165a017c793122d9a0,SAFE_LOAD_OK,dict,epoch;model_state_dict;optimizer_state_dict,model_state_dict,225,141,FULL_TRAINING_STATE,,48,UNKNOWN,False,False,False,,,,,False,True,True,False,HAS_OPTIMIZER;HAS_EPOCH,Parameter tensor count excludes running statistics/counters; classification uses normalized keys and source evidence.
sha256:915ff390bbb020cbcbc8,CHECKPOINT_ROOT,checkpoints_small/checkpoint_epoch_49.pth,checkpoint_epoch_49.pth,7368946,915ff390bbb020cbcbc82384269e5eccb99435daedede770c0e02444f7cab161,SAFE_LOAD_OK,dict,epoch;model_state_dict;optimizer_state_dict,model_state_dict,225,141,FULL_TRAINING_STATE,,49,UNKNOWN,False,False,False,,,,,False,True,True,False,HAS_OPTIMIZER;HAS_EPOCH,Parameter tensor count excludes running statistics/counters; classification uses normalized keys and source evidence.
sha256:7705e71db0b169404fee,CHECKPOINT_ROOT,checkpoints_small/checkpoint_epoch_5.pth,checkpoint_epoch_5.pth,7368294,7705e71db0b169404fee9be7bb1a5819206755da5d1d09b4b4c66b257ecae849,SAFE_LOAD_OK,dict,epoch;model_state_dict;optimizer_state_dict,model_state_dict,225,141,FULL_TRAINING_STATE,,5,UNKNOWN,False,False,False,,,,,False,True,True,False,HAS_OPTIMIZER;HAS_EPOCH,Parameter tensor count excludes running statistics/counters; classification uses normalized keys and source evidence.
sha256:9b425b4a94b860ef970e,CHECKPOINT_ROOT,checkpoints_small/checkpoint_epoch_50.pth,checkpoint_epoch_50.pth,7368946,9b425b4a94b860ef970ec0cf996a8f4bd3f5e2c20ab60646b7f68e07675c727a,SAFE_LOAD_OK,dict,epoch;model_state_dict;optimizer_state_dict,model_state_dict,225,141,FULL_TRAINING_STATE,,50,UNKNOWN,False,False,False,,,,,False,True,True,False,HAS_OPTIMIZER;HAS_EPOCH,Parameter tensor count excludes running statistics/counters; classification uses normalized keys and source evidence.
sha256:05646004aa177ed38d5b,CHECKPOINT_ROOT,checkpoints_small/checkpoint_epoch_51.pth,checkpoint_epoch_51.pth,7368946,05646004aa177ed38d5be5734dcbd754fed6dbda70f6ccf75abac8860828a80e,SAFE_LOAD_OK,dict,epoch;model_state_dict;optimizer_state_dict,model_state_dict,225,141,FULL_TRAINING_STATE,,51,UNKNOWN,False,False,False,,,,,False,True,True,False,HAS_OPTIMIZER;HAS_EPOCH,Parameter tensor count excludes running statistics/counters; classification uses normalized keys and source evidence.
sha256:163ada0259f92e3fdc4d,CHECKPOINT_ROOT,checkpoints_small/checkpoint_epoch_52.pth,checkpoint_epoch_52.pth,7368946,163ada0259f92e3fdc4dde60dff679839f105c40a875a7225e4f37c47c5cfb86,SAFE_LOAD_OK,dict,epoch;model_state_dict;optimizer_state_dict,model_state_dict,225,141,FULL_TRAINING_STATE,,52,UNKNOWN,False,False,False,,,,,False,True,True,False,HAS_OPTIMIZER;HAS_EPOCH,Parameter tensor count excludes running statistics/counters; classification uses normalized keys and source evidence.
sha256:341001be108845cf7163,CHECKPOINT_ROOT,checkpoints_small/checkpoint_epoch_53.pth,checkpoint_epoch_53.pth,7368946,341001be108845cf71630478dddb23da5ac1ba425e8dd3d97f04f98e623296c5,SAFE_LOAD_OK,dict,epoch;model_state_dict;optimizer_state_dict,model_state_dict,225,141,FULL_TRAINING_STATE,,53,UNKNOWN,False,False,False,,,,,False,True,True,False,HAS_OPTIMIZER;HAS_EPOCH,Parameter tensor count excludes running statistics/counters; classification uses normalized keys and source evidence.
sha256:c9354cfd4408c05813f2,CHECKPOINT_ROOT,checkpoints_small/checkpoint_epoch_54.pth,checkpoint_epoch_54.pth,7368946,c9354cfd4408c05813f2e2748def391e942485a08cad37da3984c06866faf131,SAFE_LOAD_OK,dict,epoch;model_state_dict;optimizer_state_dict,model_state_dict,225,141,FULL_TRAINING_STATE,,54,UNKNOWN,False,False,False,,,,,False,True,True,False,HAS_OPTIMIZER;HAS_EPOCH,Parameter tensor count excludes running statistics/counters; classification uses normalized keys and source evidence.
sha256:c5a6c39a06097cf3b236,CHECKPOINT_ROOT,checkpoints_small/checkpoint_epoch_55.pth,checkpoint_epoch_55.pth,7368946,c5a6c39a06097cf3b236da30c987d58f148ba4b70c7a7d9abd59397292982dbd,SAFE_LOAD_OK,dict,epoch;model_state_dict;optimizer_state_dict,model_state_dict,225,141,FULL_TRAINING_STATE,,55,UNKNOWN,False,False,False,,,,,False,True,True,False,HAS_OPTIMIZER;HAS_EPOCH,Parameter tensor count excludes running statistics/counters; classification uses normalized keys and source evidence.
sha256:c92b31a50ca81b2c8e32,CHECKPOINT_ROOT,checkpoints_small/checkpoint_epoch_56.pth,checkpoint_epoch_56.pth,7368946,c92b31a50ca81b2c8e325ac962351dd9b93abcab4fd7251b5661c82acd68e9e6,SAFE_LOAD_OK,dict,epoch;model_state_dict;optimizer_state_dict,model_state_dict,225,141,FULL_TRAINING_STATE,,56,UNKNOWN,False,False,False,,,,,False,True,True,False,HAS_OPTIMIZER;HAS_EPOCH,Parameter tensor count excludes running statistics/counters; classification uses normalized keys and source evidence.
sha256:f75b23f5f3f0448df186,CHECKPOINT_ROOT,checkpoints_small/checkpoint_epoch_57.pth,checkpoint_epoch_57.pth,7368946,f75b23f5f3f0448df18674eb7a63e6c02dd79d7244a8ce99f70e636a67f56b2f,SAFE_LOAD_OK,dict,epoch;model_state_dict;optimizer_state_dict,model_state_dict,225,141,FULL_TRAINING_STATE,,57,UNKNOWN,False,False,False,,,,,False,True,True,False,HAS_OPTIMIZER;HAS_EPOCH,Parameter tensor count excludes running statistics/counters; classification uses normalized keys and source evidence.
sha256:5e0d52171b6726926875,CHECKPOINT_ROOT,checkpoints_small/checkpoint_epoch_58.pth,checkpoint_epoch_58.pth,7368946,5e0d52171b67269268754d3841493df7f18bcf17d22a8a02fb0e9a44a2d489e3,SAFE_LOAD_OK,dict,epoch;model_state_dict;optimizer_state_dict,model_state_dict,225,141,FULL_TRAINING_STATE,,58,UNKNOWN,False,False,False,,,,,False,True,True,False,HAS_OPTIMIZER;HAS_EPOCH,Parameter tensor count excludes running statistics/counters; classification uses normalized keys and source evidence.
sha256:2b25c818049137a827b9,CHECKPOINT_ROOT,checkpoints_small/checkpoint_epoch_59.pth,checkpoint_epoch_59.pth,7368946,2b25c818049137a827b944379f948754f7ab04abdf2edee8aed43a4554d935a4,SAFE_LOAD_OK,dict,epoch;model_state_dict;optimizer_state_dict,model_state_dict,225,141,FULL_TRAINING_STATE,,59,UNKNOWN,False,False,False,,,,,False,True,True,False,HAS_OPTIMIZER;HAS_EPOCH,Parameter tensor count excludes running statistics/counters; classification uses normalized keys and source evidence.
sha256:fe721872a02ff0d99313,CHECKPOINT_ROOT,checkpoints_small/checkpoint_epoch_6.pth,checkpoint_epoch_6.pth,7368294,fe721872a02ff0d99313b210122f7b8eac82e13314b950f2806481ee3517553a,SAFE_LOAD_OK,dict,epoch;model_state_dict;optimizer_state_dict,model_state_dict,225,141,FULL_TRAINING_STATE,,6,UNKNOWN,False,False,False,,,,,False,True,True,False,HAS_OPTIMIZER;HAS_EPOCH,Parameter tensor count excludes running statistics/counters; classification uses normalized keys and source evidence.
sha256:eb8ca88ceeefa824ce90,CHECKPOINT_ROOT,checkpoints_small/checkpoint_epoch_60.pth,checkpoint_epoch_60.pth,7368946,eb8ca88ceeefa824ce902417d45e9fcad68b90a9aeda32d240365dd7af6ed514,SAFE_LOAD_OK,dict,epoch;model_state_dict;optimizer_state_dict,model_state_dict,225,141,FULL_TRAINING_STATE,,60,UNKNOWN,False,False,False,,,,,False,True,True,False,HAS_OPTIMIZER;HAS_EPOCH,Parameter tensor count excludes running statistics/counters; classification uses normalized keys and source evidence.
sha256:8ecfa5da5469b15889e5,CHECKPOINT_ROOT,checkpoints_small/checkpoint_epoch_61.pth,checkpoint_epoch_61.pth,7368946,8ecfa5da5469b15889e5f17670cf1050532a39ee97cd891ace3902505d307cb2,SAFE_LOAD_OK,dict,epoch;model_state_dict;optimizer_state_dict,model_state_dict,225,141,FULL_TRAINING_STATE,,61,UNKNOWN,False,False,False,,,,,False,True,True,False,HAS_OPTIMIZER;HAS_EPOCH,Parameter tensor count excludes running statistics/counters; classification uses normalized keys and source evidence.
sha256:f180d3b36cb9ab953834,CHECKPOINT_ROOT,checkpoints_small/checkpoint_epoch_62.pth,checkpoint_epoch_62.pth,7368946,f180d3b36cb9ab953834dbf4430ba409dcb2207b9f8242255a55c7f04cbf9605,SAFE_LOAD_OK,dict,epoch;model_state_dict;optimizer_state_dict,model_state_dict,225,141,FULL_TRAINING_STATE,,62,UNKNOWN,False,False,False,,,,,False,True,True,False,HAS_OPTIMIZER;HAS_EPOCH,Parameter tensor count excludes running statistics/counters; classification uses normalized keys and source evidence.
sha256:dd0d8bb2c8a8125ca5a8,CHECKPOINT_ROOT,checkpoints_small/checkpoint_epoch_63.pth,checkpoint_epoch_63.pth,7368946,dd0d8bb2c8a8125ca5a89d0ab6603eaae83049762c9ed3d470342411d3066f6a,SAFE_LOAD_OK,dict,epoch;model_state_dict;optimizer_state_dict,model_state_dict,225,141,FULL_TRAINING_STATE,,63,UNKNOWN,False,False,False,,,,,False,True,True,False,HAS_OPTIMIZER;HAS_EPOCH,Parameter tensor count excludes running statistics/counters; classification uses normalized keys and source evidence.
sha256:45b8ba92687e3048507d,CHECKPOINT_ROOT,checkpoints_small/checkpoint_epoch_64.pth,checkpoint_epoch_64.pth,7368946,45b8ba92687e3048507d890689ac4e616f87a5a6bcf3cdfa3bd269145cfccfeb,SAFE_LOAD_OK,dict,epoch;model_state_dict;optimizer_state_dict,model_state_dict,225,141,FULL_TRAINING_STATE,,64,UNKNOWN,False,False,False,,,,,False,True,True,False,HAS_OPTIMIZER;HAS_EPOCH,Parameter tensor count excludes running statistics/counters; classification uses normalized keys and source evidence.
sha256:90499e3eaf7ec61b4a25,CHECKPOINT_ROOT,checkpoints_small/checkpoint_epoch_65.pth,checkpoint_epoch_65.pth,7368946,90499e3eaf7ec61b4a255d795334713b19d82dee54cf9c1cc728077e75948458,SAFE_LOAD_OK,dict,epoch;model_state_dict;optimizer_state_dict,model_state_dict,225,141,FULL_TRAINING_STATE,,65,UNKNOWN,False,False,False,,,,,False,True,True,False,HAS_OPTIMIZER;HAS_EPOCH,Parameter tensor count excludes running statistics/counters; classification uses normalized keys and source evidence.
sha256:17b56f88dfb2b5cf3339,CHECKPOINT_ROOT,checkpoints_small/checkpoint_epoch_66.pth,checkpoint_epoch_66.pth,7368946,17b56f88dfb2b5cf3339be061be27fb10879864df79b33872269ff516ef06c99,SAFE_LOAD_OK,dict,epoch;model_state_dict;optimizer_state_dict,model_state_dict,225,141,FULL_TRAINING_STATE,,66,UNKNOWN,False,False,False,,,,,False,True,True,False,HAS_OPTIMIZER;HAS_EPOCH,Parameter tensor count excludes running statistics/counters; classification uses normalized keys and source evidence.
sha256:f6720d0c11177475d93a,CHECKPOINT_ROOT,checkpoints_small/checkpoint_epoch_67.pth,checkpoint_epoch_67.pth,7368946,f6720d0c11177475d93a712ab7f2baaeb40ce583fe4c105cda4e32e28b376812,SAFE_LOAD_OK,dict,epoch;model_state_dict;optimizer_state_dict,model_state_dict,225,141,FULL_TRAINING_STATE,,67,UNKNOWN,False,False,False,,,,,False,True,True,False,HAS_OPTIMIZER;HAS_EPOCH,Parameter tensor count excludes running statistics/counters; classification uses normalized keys and source evidence.
sha256:5fa270eb09c4292eaf34,CHECKPOINT_ROOT,checkpoints_small/checkpoint_epoch_68.pth,checkpoint_epoch_68.pth,7368946,5fa270eb09c4292eaf345094a03a1b1212360303d0c67d7e3c7711d6c72f8037,SAFE_LOAD_OK,dict,epoch;model_state_dict;optimizer_state_dict,model_state_dict,225,141,FULL_TRAINING_STATE,,68,UNKNOWN,False,False,False,,,,,False,True,True,False,HAS_OPTIMIZER;HAS_EPOCH,Parameter tensor count excludes running statistics/counters; classification uses normalized keys and source evidence.
sha256:77923dc23ac6b21b9012,CHECKPOINT_ROOT,checkpoints_small/checkpoint_epoch_69.pth,checkpoint_epoch_69.pth,7368946,77923dc23ac6b21b9012b9dc41715a850972ad0cfe65d99dfcb2a6ddac383269,SAFE_LOAD_OK,dict,epoch;model_state_dict;optimizer_state_dict,model_state_dict,225,141,FULL_TRAINING_STATE,,69,UNKNOWN,False,False,False,,,,,False,True,True,False,HAS_OPTIMIZER;HAS_EPOCH,Parameter tensor count excludes running statistics/counters; classification uses normalized keys and source evidence.
sha256:066e0f2292a013cb420c,CHECKPOINT_ROOT,checkpoints_small/checkpoint_epoch_7.pth,checkpoint_epoch_7.pth,7368294,066e0f2292a013cb420cd1b9a963fe1025f0074581d219cbd771ebc9a7d8b25a,SAFE_LOAD_OK,dict,epoch;model_state_dict;optimizer_state_dict,model_state_dict,225,141,FULL_TRAINING_STATE,,7,UNKNOWN,False,False,False,,,,,False,True,True,False,HAS_OPTIMIZER;HAS_EPOCH,Parameter tensor count excludes running statistics/counters; classification uses normalized keys and source evidence.
sha256:8fc8e6e2cffde14e9074,CHECKPOINT_ROOT,checkpoints_small/checkpoint_epoch_70.pth,checkpoint_epoch_70.pth,7368946,8fc8e6e2cffde14e9074b301f39132a43a81191a1faf5257acc8e48a2c45934d,SAFE_LOAD_OK,dict,epoch;model_state_dict;optimizer_state_dict,model_state_dict,225,141,FULL_TRAINING_STATE,,70,UNKNOWN,False,False,False,,,,,False,True,True,False,HAS_OPTIMIZER;HAS_EPOCH,Parameter tensor count excludes running statistics/counters; classification uses normalized keys and source evidence.
sha256:9b2af1f2e32c9b533f77,CHECKPOINT_ROOT,checkpoints_small/checkpoint_epoch_71.pth,checkpoint_epoch_71.pth,7368946,9b2af1f2e32c9b533f77e070c6da25748938f539e264bdcc69ef2e290db65482,SAFE_LOAD_OK,dict,epoch;model_state_dict;optimizer_state_dict,model_state_dict,225,141,FULL_TRAINING_STATE,,71,UNKNOWN,False,False,False,,,,,False,True,True,False,HAS_OPTIMIZER;HAS_EPOCH,Parameter tensor count excludes running statistics/counters; classification uses normalized keys and source evidence.
sha256:af12011d0c4dd04e5e44,CHECKPOINT_ROOT,checkpoints_small/checkpoint_epoch_72.pth,checkpoint_epoch_72.pth,7368946,af12011d0c4dd04e5e4453f05465e4eb9f9e5d731de67e15d37acb79c8a24b86,SAFE_LOAD_OK,dict,epoch;model_state_dict;optimizer_state_dict,model_state_dict,225,141,FULL_TRAINING_STATE,,72,UNKNOWN,False,False,False,,,,,False,True,True,False,HAS_OPTIMIZER;HAS_EPOCH,Parameter tensor count excludes running statistics/counters; classification uses normalized keys and source evidence.
sha256:ff514a09e744e5835c96,CHECKPOINT_ROOT,checkpoints_small/checkpoint_epoch_73.pth,checkpoint_epoch_73.pth,7368946,ff514a09e744e5835c96214daef710609296ba2faf93cf111abe7a79c8509d87,SAFE_LOAD_OK,dict,epoch;model_state_dict;optimizer_state_dict,model_state_dict,225,141,FULL_TRAINING_STATE,,73,UNKNOWN,False,False,False,,,,,False,True,True,False,HAS_OPTIMIZER;HAS_EPOCH,Parameter tensor count excludes running statistics/counters; classification uses normalized keys and source evidence.
sha256:67eb550bc6db85b6d4c6,CHECKPOINT_ROOT,checkpoints_small/checkpoint_epoch_74.pth,checkpoint_epoch_74.pth,7368946,67eb550bc6db85b6d4c64c2d549e5cb5be21bf7305b1ed31bf771cb2640005d8,SAFE_LOAD_OK,dict,epoch;model_state_dict;optimizer_state_dict,model_state_dict,225,141,FULL_TRAINING_STATE,,74,UNKNOWN,False,False,False,,,,,False,True,True,False,HAS_OPTIMIZER;HAS_EPOCH,Parameter tensor count excludes running statistics/counters; classification uses normalized keys and source evidence.
sha256:0a3f0595c4b10bb197df,CHECKPOINT_ROOT,checkpoints_small/checkpoint_epoch_75.pth,checkpoint_epoch_75.pth,7368946,0a3f0595c4b10bb197df047cca6215f08403c1a360912fe17c1d4b291d6dfd15,SAFE_LOAD_OK,dict,epoch;model_state_dict;optimizer_state_dict,model_state_dict,225,141,FULL_TRAINING_STATE,,75,UNKNOWN,False,False,False,,,,,False,True,True,False,HAS_OPTIMIZER;HAS_EPOCH,Parameter tensor count excludes running statistics/counters; classification uses normalized keys and source evidence.
sha256:ae8426c140ddf2e8ae3d,CHECKPOINT_ROOT,checkpoints_small/checkpoint_epoch_76.pth,checkpoint_epoch_76.pth,7368946,ae8426c140ddf2e8ae3d03c744cf1a4cdad4502a60668e2ed60aa632ae319142,SAFE_LOAD_OK,dict,epoch;model_state_dict;optimizer_state_dict,model_state_dict,225,141,FULL_TRAINING_STATE,,76,UNKNOWN,False,False,False,,,,,False,True,True,False,HAS_OPTIMIZER;HAS_EPOCH,Parameter tensor count excludes running statistics/counters; classification uses normalized keys and source evidence.
sha256:218cd99e3e8ddca2bfb1,CHECKPOINT_ROOT,checkpoints_small/checkpoint_epoch_77.pth,checkpoint_epoch_77.pth,7368946,218cd99e3e8ddca2bfb1a554985551cfe312938932f84009fea2a1f2831efa56,SAFE_LOAD_OK,dict,epoch;model_state_dict;optimizer_state_dict,model_state_dict,225,141,FULL_TRAINING_STATE,,77,UNKNOWN,False,False,False,,,,,False,True,True,False,HAS_OPTIMIZER;HAS_EPOCH,Parameter tensor count excludes running statistics/counters; classification uses normalized keys and source evidence.
sha256:c609cd2806ffdfbecb7f,CHECKPOINT_ROOT,checkpoints_small/checkpoint_epoch_78.pth,checkpoint_epoch_78.pth,7368946,c609cd2806ffdfbecb7f07ce7d0ae3cac12ae7ebdfca16af12824be7df40d1c2,SAFE_LOAD_OK,dict,epoch;model_state_dict;optimizer_state_dict,model_state_dict,225,141,FULL_TRAINING_STATE,,78,UNKNOWN,False,False,False,,,,,False,True,True,False,HAS_OPTIMIZER;HAS_EPOCH,Parameter tensor count excludes running statistics/counters; classification uses normalized keys and source evidence.
sha256:64d13bcac5231401723b,CHECKPOINT_ROOT,checkpoints_small/checkpoint_epoch_79.pth,checkpoint_epoch_79.pth,7368946,64d13bcac5231401723bd47dd0efb9e5f523854ae5378be70c580d772ec7ba29,SAFE_LOAD_OK,dict,epoch;model_state_dict;optimizer_state_dict,model_state_dict,225,141,FULL_TRAINING_STATE,,79,UNKNOWN,False,False,False,,,,,False,True,True,False,HAS_OPTIMIZER;HAS_EPOCH,Parameter tensor count excludes running statistics/counters; classification uses normalized keys and source evidence.
sha256:14b8f6a086be3120813f,CHECKPOINT_ROOT,checkpoints_small/checkpoint_epoch_8.pth,checkpoint_epoch_8.pth,7368294,14b8f6a086be3120813fed2029f06d764a36dc088f02b31f6e2946cfd349d215,SAFE_LOAD_OK,dict,epoch;model_state_dict;optimizer_state_dict,model_state_dict,225,141,FULL_TRAINING_STATE,,8,UNKNOWN,False,False,False,,,,,False,True,True,False,HAS_OPTIMIZER;HAS_EPOCH,Parameter tensor count excludes running statistics/counters; classification uses normalized keys and source evidence.
sha256:f24d564799881a863a6b,CHECKPOINT_ROOT,checkpoints_small/checkpoint_epoch_80.pth,checkpoint_epoch_80.pth,7368946,f24d564799881a863a6b0430fd02e699ffb74317b0fb73cfff73d6dff2e06dda,SAFE_LOAD_OK,dict,epoch;model_state_dict;optimizer_state_dict,model_state_dict,225,141,FULL_TRAINING_STATE,,80,UNKNOWN,False,False,False,,,,,False,True,True,False,HAS_OPTIMIZER;HAS_EPOCH,Parameter tensor count excludes running statistics/counters; classification uses normalized keys and source evidence.
sha256:3c14d4a2f5d3f5cf12e3,CHECKPOINT_ROOT,checkpoints_small/checkpoint_epoch_81.pth,checkpoint_epoch_81.pth,7368946,3c14d4a2f5d3f5cf12e3d9c5e6c818a3a788f85e9a6b2e9c70d26f9eef703bd0,SAFE_LOAD_OK,dict,epoch;model_state_dict;optimizer_state_dict,model_state_dict,225,141,FULL_TRAINING_STATE,,81,UNKNOWN,False,False,False,,,,,False,True,True,False,HAS_OPTIMIZER;HAS_EPOCH,Parameter tensor count excludes running statistics/counters; classification uses normalized keys and source evidence.
sha256:69b1306179d755508a65,CHECKPOINT_ROOT,checkpoints_small/checkpoint_epoch_82.pth,checkpoint_epoch_82.pth,7368946,69b1306179d755508a6563454dd0f153f1804b1a3c2fd6b4ff1071e7ece76442,SAFE_LOAD_OK,dict,epoch;model_state_dict;optimizer_state_dict,model_state_dict,225,141,FULL_TRAINING_STATE,,82,UNKNOWN,False,False,False,,,,,False,True,True,False,HAS_OPTIMIZER;HAS_EPOCH,Parameter tensor count excludes running statistics/counters; classification uses normalized keys and source evidence.
sha256:2dcffb19c7a7f1da8e00,CHECKPOINT_ROOT,checkpoints_small/checkpoint_epoch_83.pth,checkpoint_epoch_83.pth,7368946,2dcffb19c7a7f1da8e003291d6bb6fcff4951f275b483b458446f3ae965e578e,SAFE_LOAD_OK,dict,epoch;model_state_dict;optimizer_state_dict,model_state_dict,225,141,FULL_TRAINING_STATE,,83,UNKNOWN,False,False,False,,,,,False,True,True,False,HAS_OPTIMIZER;HAS_EPOCH,Parameter tensor count excludes running statistics/counters; classification uses normalized keys and source evidence.
sha256:c1d35b6485ead167cec2,CHECKPOINT_ROOT,checkpoints_small/checkpoint_epoch_84.pth,checkpoint_epoch_84.pth,7368946,c1d35b6485ead167cec2309cb4b4e538b9769cbd6009fb1bdb3f54d325c6c8fa,SAFE_LOAD_OK,dict,epoch;model_state_dict;optimizer_state_dict,model_state_dict,225,141,FULL_TRAINING_STATE,,84,UNKNOWN,False,False,False,,,,,False,True,True,False,HAS_OPTIMIZER;HAS_EPOCH,Parameter tensor count excludes running statistics/counters; classification uses normalized keys and source evidence.
sha256:acad5312c42295e68652,CHECKPOINT_ROOT,checkpoints_small/checkpoint_epoch_85.pth,checkpoint_epoch_85.pth,7368946,acad5312c42295e686523c1f2cdb05f56344287b3abe92ffbb60e3105b435103,SAFE_LOAD_OK,dict,epoch;model_state_dict;optimizer_state_dict,model_state_dict,225,141,FULL_TRAINING_STATE,,85,UNKNOWN,False,False,False,,,,,False,True,True,False,HAS_OPTIMIZER;HAS_EPOCH,Parameter tensor count excludes running statistics/counters; classification uses normalized keys and source evidence.
sha256:3b6785f0ce4ebcc97cde,CHECKPOINT_ROOT,checkpoints_small/checkpoint_epoch_86.pth,checkpoint_epoch_86.pth,7368946,3b6785f0ce4ebcc97cdece75a80602786d22fc3e4992eea21d2ca58e9d4133d0,SAFE_LOAD_OK,dict,epoch;model_state_dict;optimizer_state_dict,model_state_dict,225,141,FULL_TRAINING_STATE,,86,UNKNOWN,False,False,False,,,,,False,True,True,False,HAS_OPTIMIZER;HAS_EPOCH,Parameter tensor count excludes running statistics/counters; classification uses normalized keys and source evidence.
sha256:cd4d2bfa4683a99b3625,CHECKPOINT_ROOT,checkpoints_small/checkpoint_epoch_87.pth,checkpoint_epoch_87.pth,7368946,cd4d2bfa4683a99b3625b650d2f21591bc1bbc015354f45774d98f070f209940,SAFE_LOAD_OK,dict,epoch;model_state_dict;optimizer_state_dict,model_state_dict,225,141,FULL_TRAINING_STATE,,87,UNKNOWN,False,False,False,,,,,False,True,True,False,HAS_OPTIMIZER;HAS_EPOCH,Parameter tensor count excludes running statistics/counters; classification uses normalized keys and source evidence.
sha256:ef9546a54102578a8fcd,CHECKPOINT_ROOT,checkpoints_small/checkpoint_epoch_88.pth,checkpoint_epoch_88.pth,7368946,ef9546a54102578a8fcd275747386935642fc2c45044bae15ae29ae79f90a6c0,SAFE_LOAD_OK,dict,epoch;model_state_dict;optimizer_state_dict,model_state_dict,225,141,FULL_TRAINING_STATE,,88,UNKNOWN,False,False,False,,,,,False,True,True,False,HAS_OPTIMIZER;HAS_EPOCH,Parameter tensor count excludes running statistics/counters; classification uses normalized keys and source evidence.
sha256:3573ca1d55a53b750662,CHECKPOINT_ROOT,checkpoints_small/checkpoint_epoch_89.pth,checkpoint_epoch_89.pth,7368946,3573ca1d55a53b750662bce49574932afe52e269b67a70b4f95d8977e94bcb19,SAFE_LOAD_OK,dict,epoch;model_state_dict;optimizer_state_dict,model_state_dict,225,141,FULL_TRAINING_STATE,,89,UNKNOWN,False,False,False,,,,,False,True,True,False,HAS_OPTIMIZER;HAS_EPOCH,Parameter tensor count excludes running statistics/counters; classification uses normalized keys and source evidence.
sha256:fbd3fab7bf02e85ac0e7,CHECKPOINT_ROOT,checkpoints_small/checkpoint_epoch_9.pth,checkpoint_epoch_9.pth,7368294,fbd3fab7bf02e85ac0e7419d64479d9d95ab5b45a46cb5f7dff307fa25e8cade,SAFE_LOAD_OK,dict,epoch;model_state_dict;optimizer_state_dict,model_state_dict,225,141,FULL_TRAINING_STATE,,9,UNKNOWN,False,False,False,,,,,False,True,True,False,HAS_OPTIMIZER;HAS_EPOCH,Parameter tensor count excludes running statistics/counters; classification uses normalized keys and source evidence.
sha256:d83b4f9d8d4db527d8be,CHECKPOINT_ROOT,checkpoints_small/checkpoint_epoch_90.pth,checkpoint_epoch_90.pth,7368946,d83b4f9d8d4db527d8be18fdb5297e1b54d2d02c6e5dab990952109685dd0897,SAFE_LOAD_OK,dict,epoch;model_state_dict;optimizer_state_dict,model_state_dict,225,141,FULL_TRAINING_STATE,,90,UNKNOWN,False,False,False,,,,,False,True,True,False,HAS_OPTIMIZER;HAS_EPOCH,Parameter tensor count excludes running statistics/counters; classification uses normalized keys and source evidence.
sha256:01ff7aec637cdbfdf7d2,CHECKPOINT_ROOT,checkpoints_small/checkpoint_epoch_91.pth,checkpoint_epoch_91.pth,7368946,01ff7aec637cdbfdf7d2f72f1b42de2ef563cd09a6d198dc0a7d03f77ee45de3,SAFE_LOAD_OK,dict,epoch;model_state_dict;optimizer_state_dict,model_state_dict,225,141,FULL_TRAINING_STATE,,91,UNKNOWN,False,False,False,,,,,False,True,True,False,HAS_OPTIMIZER;HAS_EPOCH,Parameter tensor count excludes running statistics/counters; classification uses normalized keys and source evidence.
sha256:fc52fc8ea72edff4e7bd,CHECKPOINT_ROOT,checkpoints_small/checkpoint_epoch_92.pth,checkpoint_epoch_92.pth,7368946,fc52fc8ea72edff4e7bd7d629d26caad3c1bc33648742d54ef70615f675628b6,SAFE_LOAD_OK,dict,epoch;model_state_dict;optimizer_state_dict,model_state_dict,225,141,FULL_TRAINING_STATE,,92,UNKNOWN,False,False,False,,,,,False,True,True,False,HAS_OPTIMIZER;HAS_EPOCH,Parameter tensor count excludes running statistics/counters; classification uses normalized keys and source evidence.
sha256:a93bc027cb7309311b1d,CHECKPOINT_ROOT,checkpoints_small/checkpoint_epoch_93.pth,checkpoint_epoch_93.pth,7368946,a93bc027cb7309311b1d1cd19403abc84afad7648f3816a15aff1f0666d216e7,SAFE_LOAD_OK,dict,epoch;model_state_dict;optimizer_state_dict,model_state_dict,225,141,FULL_TRAINING_STATE,,93,UNKNOWN,False,False,False,,,,,False,True,True,False,HAS_OPTIMIZER;HAS_EPOCH,Parameter tensor count excludes running statistics/counters; classification uses normalized keys and source evidence.
sha256:adb71c7ca979e44dc85d,CHECKPOINT_ROOT,checkpoints_small/checkpoint_epoch_94.pth,checkpoint_epoch_94.pth,7368946,adb71c7ca979e44dc85dcccf5c5d7ede54618e43af72239603381801ea752db1,SAFE_LOAD_OK,dict,epoch;model_state_dict;optimizer_state_dict,model_state_dict,225,141,FULL_TRAINING_STATE,,94,UNKNOWN,False,False,False,,,,,False,True,True,False,HAS_OPTIMIZER;HAS_EPOCH,Parameter tensor count excludes running statistics/counters; classification uses normalized keys and source evidence.
sha256:368f2132a7b1348a152c,CHECKPOINT_ROOT,checkpoints_small/checkpoint_epoch_95.pth,checkpoint_epoch_95.pth,7368946,368f2132a7b1348a152c23bba1b8e39f4de410867f6ee2e253e674c12ecb2fad,SAFE_LOAD_OK,dict,epoch;model_state_dict;optimizer_state_dict,model_state_dict,225,141,FULL_TRAINING_STATE,,95,UNKNOWN,False,False,False,,,,,False,True,True,False,HAS_OPTIMIZER;HAS_EPOCH,Parameter tensor count excludes running statistics/counters; classification uses normalized keys and source evidence.
sha256:0cc394e4cfa53295a3e9,CHECKPOINT_ROOT,checkpoints_small/checkpoint_epoch_96.pth,checkpoint_epoch_96.pth,7368946,0cc394e4cfa53295a3e9117e521b7abb0205e97572751005d6ee79d3592fbe98,SAFE_LOAD_OK,dict,epoch;model_state_dict;optimizer_state_dict,model_state_dict,225,141,FULL_TRAINING_STATE,,96,UNKNOWN,False,False,False,,,,,False,True,True,False,HAS_OPTIMIZER;HAS_EPOCH,Parameter tensor count excludes running statistics/counters; classification uses normalized keys and source evidence.
sha256:4a44706a248aa55893f7,CHECKPOINT_ROOT,checkpoints_small/checkpoint_epoch_97.pth,checkpoint_epoch_97.pth,7368946,4a44706a248aa55893f710389dce5489228d687aa98246cd8429d92803a89781,SAFE_LOAD_OK,dict,epoch;model_state_dict;optimizer_state_dict,model_state_dict,225,141,FULL_TRAINING_STATE,,97,UNKNOWN,False,False,False,,,,,False,True,True,False,HAS_OPTIMIZER;HAS_EPOCH,Parameter tensor count excludes running statistics/counters; classification uses normalized keys and source evidence.
sha256:69a7b79c74a1a6c8f2d2,CHECKPOINT_ROOT,checkpoints_small/checkpoint_epoch_98.pth,checkpoint_epoch_98.pth,7368946,69a7b79c74a1a6c8f2d2f3463d321529f21aff9fc445328e0999131b36b84a29,SAFE_LOAD_OK,dict,epoch;model_state_dict;optimizer_state_dict,model_state_dict,225,141,FULL_TRAINING_STATE,,98,UNKNOWN,False,False,False,,,,,False,True,True,False,HAS_OPTIMIZER;HAS_EPOCH,Parameter tensor count excludes running statistics/counters; classification uses normalized keys and source evidence.
sha256:d772f213b543332a5196,CHECKPOINT_ROOT,checkpoints_small/checkpoint_epoch_99.pth,checkpoint_epoch_99.pth,7368946,d772f213b543332a5196bec12cd3522a79af6e2c2dd6cd9abadc4b67b4c67e8b,SAFE_LOAD_OK,dict,epoch;model_state_dict;optimizer_state_dict,model_state_dict,225,141,FULL_TRAINING_STATE,,99,UNKNOWN,False,False,False,,,,,False,True,True,False,HAS_OPTIMIZER;HAS_EPOCH,Parameter tensor count excludes running statistics/counters; classification uses normalized keys and source evidence.
sha256:75ab632eefefc0410f16,CHECKPOINT_ROOT,checkpoints_tiny/best_model_tiny.pth,best_model_tiny.pth,508475,75ab632eefefc0410f166796d004b1ddb3b26b849357226b441441c3b565149b,SAFE_LOAD_OK,OrderedDict,stem.0.weight;stem.1.weight;stem.1.bias;stem.1.running_mean;stem.1.running_var;stem.1.num_batches_tracked;body.0.conv.0.weight;body.0.conv.1.weight;body.0.conv.1.bias;body.0.conv.1.running_mean;body.0.conv.1.running_var;body.0.conv.1.num_batches_tracked;body.0.conv.3.weight;body.0.conv.4.weight;body.0.conv.4.bias;body.0.conv.4.running_mean;body.0.conv.4.running_var;body.0.conv.4.num_batches_tracked;body.0.conv.6.weight;body.0.conv.7.weight;body.0.conv.7.bias;body.0.conv.7.running_mean;body.0.conv.7.running_var;body.0.conv.7.num_batches_tracked;body.0.se.1.weight;body.0.se.1.bias;body.0.se.3.weight;body.0.se.3.bias;body.1.conv.0.weight;body.1.conv.1.weight;body.1.conv.1.bias;body.1.conv.1.running_mean;body.1.conv.1.running_var;body.1.conv.1.num_batches_tracked;body.1.conv.3.weight;body.1.conv.4.weight;body.1.conv.4.bias;body.1.conv.4.running_mean;body.1.conv.4.running_var;body.1.conv.4.num_batches_tracked;body.1.conv.6.weight;body.1.conv.7.weight;body.1.conv.7.bias;body.1.conv.7.running_mean;body.1.conv.7.running_var;body.1.conv.7.num_batches_tracked;body.1.se.1.weight;body.1.se.1.bias;body.1.se.3.weight;body.1.se.3.bias;body.2.conv.0.weight;body.2.conv.1.weight;body.2.conv.1.bias;body.2.conv.1.running_mean;body.2.conv.1.running_var;body.2.conv.1.num_batches_tracked;body.2.conv.3.weight;body.2.conv.4.weight;body.2.conv.4.bias;body.2.conv.4.running_mean;body.2.conv.4.running_var;body.2.conv.4.num_batches_tracked;body.2.conv.6.weight;body.2.conv.7.weight;body.2.conv.7.bias;body.2.conv.7.running_mean;body.2.conv.7.running_var;body.2.conv.7.num_batches_tracked;body.2.se.1.weight;body.2.se.1.bias;body.2.se.3.weight;body.2.se.3.bias;body.3.conv.0.weight;body.3.conv.1.weight;body.3.conv.1.bias;body.3.conv.1.running_mean;body.3.conv.1.running_var;body.3.conv.1.num_batches_tracked;body.3.conv.3.weight;body.3.conv.4.weight;body.3.conv.4.bias;body.3.conv.4.running_mean;body.3.conv.4.running_var;body.3.conv.4.num_batches_tracked;body.3.conv.6.weight;body.3.conv.7.weight;body.3.conv.7.bias;body.3.conv.7.running_mean;body.3.conv.7.running_var;body.3.conv.7.num_batches_tracked;body.3.se.1.weight;body.3.se.1.bias;body.3.se.3.weight;body.3.se.3.bias;body.4.conv.0.weight;body.4.conv.1.weight;body.4.conv.1.bias;body.4.conv.1.running_mean;body.4.conv.1.running_var;body.4.conv.1.num_batches_tracked,raw_state_dict,125,77,BASELINE_CLASSIFIER,,,baseline_unknown,False,False,False,,,,,False,False,False,False,,Parameter tensor count excludes running statistics/counters; classification uses normalized keys and source evidence.
sha256:98094f3cc1183bb9273e,CHECKPOINT_ROOT,checkpoints_tiny/checkpoint_epoch_1.pth,checkpoint_epoch_1.pth,1491810,98094f3cc1183bb9273e4010c0ce5c90ff1ea7dd64ffd6e23a772bfc4717d8b6,SAFE_LOAD_OK,dict,epoch;model_state_dict;optimizer_state_dict,model_state_dict,125,77,FULL_TRAINING_STATE,,1,UNKNOWN,False,False,False,,,,,False,True,True,False,HAS_OPTIMIZER;HAS_EPOCH,Parameter tensor count excludes running statistics/counters; classification uses normalized keys and source evidence.
sha256:7b7cb3fa01d0b9abee73,CHECKPOINT_ROOT,checkpoints_tiny/checkpoint_epoch_10.pth,checkpoint_epoch_10.pth,1492170,7b7cb3fa01d0b9abee73a128ee4d68f68017331a7a8a78ed24a3a4c5b6263956,SAFE_LOAD_OK,dict,epoch;model_state_dict;optimizer_state_dict,model_state_dict,125,77,FULL_TRAINING_STATE,,10,UNKNOWN,False,False,False,,,,,False,True,True,False,HAS_OPTIMIZER;HAS_EPOCH,Parameter tensor count excludes running statistics/counters; classification uses normalized keys and source evidence.
sha256:1e98c6685a12b9d77365,CHECKPOINT_ROOT,checkpoints_tiny/checkpoint_epoch_100.pth,checkpoint_epoch_100.pth,1492530,1e98c6685a12b9d77365cfbaf1ff80ffc7eb10c62884a2d8ed885d15d3b01964,SAFE_LOAD_OK,dict,epoch;model_state_dict;optimizer_state_dict,model_state_dict,125,77,FULL_TRAINING_STATE,,100,UNKNOWN,False,False,False,,,,,False,True,True,False,HAS_OPTIMIZER;HAS_EPOCH,Parameter tensor count excludes running statistics/counters; classification uses normalized keys and source evidence.
sha256:08f15450e495377de0fe,CHECKPOINT_ROOT,checkpoints_tiny/checkpoint_epoch_11.pth,checkpoint_epoch_11.pth,1492170,08f15450e495377de0fecea93ee34f841693192cfdad5fe69a4437e6f8bb2b7c,SAFE_LOAD_OK,dict,epoch;model_state_dict;optimizer_state_dict,model_state_dict,125,77,FULL_TRAINING_STATE,,11,UNKNOWN,False,False,False,,,,,False,True,True,False,HAS_OPTIMIZER;HAS_EPOCH,Parameter tensor count excludes running statistics/counters; classification uses normalized keys and source evidence.
sha256:cb15c7d53e205104a58d,CHECKPOINT_ROOT,checkpoints_tiny/checkpoint_epoch_12.pth,checkpoint_epoch_12.pth,1492170,cb15c7d53e205104a58d408027cc82865c8b8f9348b0063c8ee321f2713bce81,SAFE_LOAD_OK,dict,epoch;model_state_dict;optimizer_state_dict,model_state_dict,125,77,FULL_TRAINING_STATE,,12,UNKNOWN,False,False,False,,,,,False,True,True,False,HAS_OPTIMIZER;HAS_EPOCH,Parameter tensor count excludes running statistics/counters; classification uses normalized keys and source evidence.
sha256:b67cc1c27d551cac4bbc,CHECKPOINT_ROOT,checkpoints_tiny/checkpoint_epoch_13.pth,checkpoint_epoch_13.pth,1492170,b67cc1c27d551cac4bbcc09e24563847cca652749b57d955408539ded4a7e73c,SAFE_LOAD_OK,dict,epoch;model_state_dict;optimizer_state_dict,model_state_dict,125,77,FULL_TRAINING_STATE,,13,UNKNOWN,False,False,False,,,,,False,True,True,False,HAS_OPTIMIZER;HAS_EPOCH,Parameter tensor count excludes running statistics/counters; classification uses normalized keys and source evidence.
sha256:5a79545dd88bafbcf329,CHECKPOINT_ROOT,checkpoints_tiny/checkpoint_epoch_14.pth,checkpoint_epoch_14.pth,1492170,5a79545dd88bafbcf3297b69ccd5b3725a1b20e18293cfcacb9387f1d508ea6b,SAFE_LOAD_OK,dict,epoch;model_state_dict;optimizer_state_dict,model_state_dict,125,77,FULL_TRAINING_STATE,,14,UNKNOWN,False,False,False,,,,,False,True,True,False,HAS_OPTIMIZER;HAS_EPOCH,Parameter tensor count excludes running statistics/counters; classification uses normalized keys and source evidence.
sha256:0d37d66eed2407877891,CHECKPOINT_ROOT,checkpoints_tiny/checkpoint_epoch_15.pth,checkpoint_epoch_15.pth,1492170,0d37d66eed2407877891cbfbac24e200ef12101c10efb6e63eff4c8334baec17,SAFE_LOAD_OK,dict,epoch;model_state_dict;optimizer_state_dict,model_state_dict,125,77,FULL_TRAINING_STATE,,15,UNKNOWN,False,False,False,,,,,False,True,True,False,HAS_OPTIMIZER;HAS_EPOCH,Parameter tensor count excludes running statistics/counters; classification uses normalized keys and source evidence.
sha256:72311491a87bf8373848,CHECKPOINT_ROOT,checkpoints_tiny/checkpoint_epoch_16.pth,checkpoint_epoch_16.pth,1492170,72311491a87bf837384866738ddd26b0c1a5dd7b65b4b0a898f33f00176220ce,SAFE_LOAD_OK,dict,epoch;model_state_dict;optimizer_state_dict,model_state_dict,125,77,FULL_TRAINING_STATE,,16,UNKNOWN,False,False,False,,,,,False,True,True,False,HAS_OPTIMIZER;HAS_EPOCH,Parameter tensor count excludes running statistics/counters; classification uses normalized keys and source evidence.
sha256:562896d71008b130842c,CHECKPOINT_ROOT,checkpoints_tiny/checkpoint_epoch_17.pth,checkpoint_epoch_17.pth,1492170,562896d71008b130842c55386c1da7ce23641cc0e225644facb833ed129d968d,SAFE_LOAD_OK,dict,epoch;model_state_dict;optimizer_state_dict,model_state_dict,125,77,FULL_TRAINING_STATE,,17,UNKNOWN,False,False,False,,,,,False,True,True,False,HAS_OPTIMIZER;HAS_EPOCH,Parameter tensor count excludes running statistics/counters; classification uses normalized keys and source evidence.
sha256:b391447a6c366012f325,CHECKPOINT_ROOT,checkpoints_tiny/checkpoint_epoch_18.pth,checkpoint_epoch_18.pth,1492170,b391447a6c366012f325b34819a61c09f42c137c251b05137d289ec2e5474820,SAFE_LOAD_OK,dict,epoch;model_state_dict;optimizer_state_dict,model_state_dict,125,77,FULL_TRAINING_STATE,,18,UNKNOWN,False,False,False,,,,,False,True,True,False,HAS_OPTIMIZER;HAS_EPOCH,Parameter tensor count excludes running statistics/counters; classification uses normalized keys and source evidence.
sha256:fc5d24be7cfc4d2c6a92,CHECKPOINT_ROOT,checkpoints_tiny/checkpoint_epoch_19.pth,checkpoint_epoch_19.pth,1492170,fc5d24be7cfc4d2c6a9252c2d696d8bb9a144463daf37fb2a38df571b70b5aa8,SAFE_LOAD_OK,dict,epoch;model_state_dict;optimizer_state_dict,model_state_dict,125,77,FULL_TRAINING_STATE,,19,UNKNOWN,False,False,False,,,,,False,True,True,False,HAS_OPTIMIZER;HAS_EPOCH,Parameter tensor count excludes running statistics/counters; classification uses normalized keys and source evidence.
sha256:7f6c21310b5beee53ebf,CHECKPOINT_ROOT,checkpoints_tiny/checkpoint_epoch_2.pth,checkpoint_epoch_2.pth,1491810,7f6c21310b5beee53ebf34335db542be55e772e3eb501603bd02a8479fac32d5,SAFE_LOAD_OK,dict,epoch;model_state_dict;optimizer_state_dict,model_state_dict,125,77,FULL_TRAINING_STATE,,2,UNKNOWN,False,False,False,,,,,False,True,True,False,HAS_OPTIMIZER;HAS_EPOCH,Parameter tensor count excludes running statistics/counters; classification uses normalized keys and source evidence.
sha256:14f79cb56171ccc9f0b9,CHECKPOINT_ROOT,checkpoints_tiny/checkpoint_epoch_20.pth,checkpoint_epoch_20.pth,1492170,14f79cb56171ccc9f0b94ff80f3bb75ca06aee9423ca9769011833136285f2d6,SAFE_LOAD_OK,dict,epoch;model_state_dict;optimizer_state_dict,model_state_dict,125,77,FULL_TRAINING_STATE,,20,UNKNOWN,False,False,False,,,,,False,True,True,False,HAS_OPTIMIZER;HAS_EPOCH,Parameter tensor count excludes running statistics/counters; classification uses normalized keys and source evidence.
sha256:f158ddd3a3977a8ac547,CHECKPOINT_ROOT,checkpoints_tiny/checkpoint_epoch_21.pth,checkpoint_epoch_21.pth,1492170,f158ddd3a3977a8ac547ea636ad18bc23c2f860662d4abfb9b06f8facd0b44b4,SAFE_LOAD_OK,dict,epoch;model_state_dict;optimizer_state_dict,model_state_dict,125,77,FULL_TRAINING_STATE,,21,UNKNOWN,False,False,False,,,,,False,True,True,False,HAS_OPTIMIZER;HAS_EPOCH,Parameter tensor count excludes running statistics/counters; classification uses normalized keys and source evidence.
sha256:049d154215aac83fee5c,CHECKPOINT_ROOT,checkpoints_tiny/checkpoint_epoch_22.pth,checkpoint_epoch_22.pth,1492170,049d154215aac83fee5cce83050aeaf9530c5dd0bff6f32e297c7b612a00ed4b,SAFE_LOAD_OK,dict,epoch;model_state_dict;optimizer_state_dict,model_state_dict,125,77,FULL_TRAINING_STATE,,22,UNKNOWN,False,False,False,,,,,False,True,True,False,HAS_OPTIMIZER;HAS_EPOCH,Parameter tensor count excludes running statistics/counters; classification uses normalized keys and source evidence.
sha256:06c00508aed667d54477,CHECKPOINT_ROOT,checkpoints_tiny/checkpoint_epoch_23.pth,checkpoint_epoch_23.pth,1492170,06c00508aed667d544771df8877ae6413ddc96583d2cb1676949050d61834c31,SAFE_LOAD_OK,dict,epoch;model_state_dict;optimizer_state_dict,model_state_dict,125,77,FULL_TRAINING_STATE,,23,UNKNOWN,False,False,False,,,,,False,True,True,False,HAS_OPTIMIZER;HAS_EPOCH,Parameter tensor count excludes running statistics/counters; classification uses normalized keys and source evidence.
sha256:085547a9344648d46cf9,CHECKPOINT_ROOT,checkpoints_tiny/checkpoint_epoch_24.pth,checkpoint_epoch_24.pth,1492170,085547a9344648d46cf94cf0493d221614f4e294270dcbf2195d2fe5b4c1dc28,SAFE_LOAD_OK,dict,epoch;model_state_dict;optimizer_state_dict,model_state_dict,125,77,FULL_TRAINING_STATE,,24,UNKNOWN,False,False,False,,,,,False,True,True,False,HAS_OPTIMIZER;HAS_EPOCH,Parameter tensor count excludes running statistics/counters; classification uses normalized keys and source evidence.
sha256:1fbb148fd30efca22577,CHECKPOINT_ROOT,checkpoints_tiny/checkpoint_epoch_25.pth,checkpoint_epoch_25.pth,1492170,1fbb148fd30efca225772811ec3854ff0d98c1d35df58462cdbd8b1e49f15e59,SAFE_LOAD_OK,dict,epoch;model_state_dict;optimizer_state_dict,model_state_dict,125,77,FULL_TRAINING_STATE,,25,UNKNOWN,False,False,False,,,,,False,True,True,False,HAS_OPTIMIZER;HAS_EPOCH,Parameter tensor count excludes running statistics/counters; classification uses normalized keys and source evidence.
sha256:f45732d1b85d77cb2e28,CHECKPOINT_ROOT,checkpoints_tiny/checkpoint_epoch_26.pth,checkpoint_epoch_26.pth,1492170,f45732d1b85d77cb2e28748a9456691e5aa5d1399577b2d050ad058796e42225,SAFE_LOAD_OK,dict,epoch;model_state_dict;optimizer_state_dict,model_state_dict,125,77,FULL_TRAINING_STATE,,26,UNKNOWN,False,False,False,,,,,False,True,True,False,HAS_OPTIMIZER;HAS_EPOCH,Parameter tensor count excludes running statistics/counters; classification uses normalized keys and source evidence.
sha256:8ede2b340c1fba7ba077,CHECKPOINT_ROOT,checkpoints_tiny/checkpoint_epoch_27.pth,checkpoint_epoch_27.pth,1492170,8ede2b340c1fba7ba07728a8790da70431b96272b58c32f00d7c362d63f23301,SAFE_LOAD_OK,dict,epoch;model_state_dict;optimizer_state_dict,model_state_dict,125,77,FULL_TRAINING_STATE,,27,UNKNOWN,False,False,False,,,,,False,True,True,False,HAS_OPTIMIZER;HAS_EPOCH,Parameter tensor count excludes running statistics/counters; classification uses normalized keys and source evidence.
sha256:47ef47fb00a826992460,CHECKPOINT_ROOT,checkpoints_tiny/checkpoint_epoch_28.pth,checkpoint_epoch_28.pth,1492170,47ef47fb00a826992460cd67dd4b9f7cf9a58f1d2cd737aec490a3654546a6b4,SAFE_LOAD_OK,dict,epoch;model_state_dict;optimizer_state_dict,model_state_dict,125,77,FULL_TRAINING_STATE,,28,UNKNOWN,False,False,False,,,,,False,True,True,False,HAS_OPTIMIZER;HAS_EPOCH,Parameter tensor count excludes running statistics/counters; classification uses normalized keys and source evidence.
sha256:837389fba3c1491460ce,CHECKPOINT_ROOT,checkpoints_tiny/checkpoint_epoch_29.pth,checkpoint_epoch_29.pth,1492170,837389fba3c1491460ce9a71e82b9c9c82bd4c58e1345fc84f7d1971a5783472,SAFE_LOAD_OK,dict,epoch;model_state_dict;optimizer_state_dict,model_state_dict,125,77,FULL_TRAINING_STATE,,29,UNKNOWN,False,False,False,,,,,False,True,True,False,HAS_OPTIMIZER;HAS_EPOCH,Parameter tensor count excludes running statistics/counters; classification uses normalized keys and source evidence.
sha256:db300b9ec036fa438071,CHECKPOINT_ROOT,checkpoints_tiny/checkpoint_epoch_3.pth,checkpoint_epoch_3.pth,1491810,db300b9ec036fa438071d38d7fb8eaa762cb0fc16413f06015397e8a9130ddf9,SAFE_LOAD_OK,dict,epoch;model_state_dict;optimizer_state_dict,model_state_dict,125,77,FULL_TRAINING_STATE,,3,UNKNOWN,False,False,False,,,,,False,True,True,False,HAS_OPTIMIZER;HAS_EPOCH,Parameter tensor count excludes running statistics/counters; classification uses normalized keys and source evidence.
sha256:9be4192f1da8147a167b,CHECKPOINT_ROOT,checkpoints_tiny/checkpoint_epoch_30.pth,checkpoint_epoch_30.pth,1492170,9be4192f1da8147a167b995613d23b33dc77858664f1d1e1a7f10e5c90ce05d9,SAFE_LOAD_OK,dict,epoch;model_state_dict;optimizer_state_dict,model_state_dict,125,77,FULL_TRAINING_STATE,,30,UNKNOWN,False,False,False,,,,,False,True,True,False,HAS_OPTIMIZER;HAS_EPOCH,Parameter tensor count excludes running statistics/counters; classification uses normalized keys and source evidence.
sha256:913e8abb22d69a62231c,CHECKPOINT_ROOT,checkpoints_tiny/checkpoint_epoch_31.pth,checkpoint_epoch_31.pth,1492170,913e8abb22d69a62231cc32a7b1bd524238d5004f5bca3547d18816e7c426824,SAFE_LOAD_OK,dict,epoch;model_state_dict;optimizer_state_dict,model_state_dict,125,77,FULL_TRAINING_STATE,,31,UNKNOWN,False,False,False,,,,,False,True,True,False,HAS_OPTIMIZER;HAS_EPOCH,Parameter tensor count excludes running statistics/counters; classification uses normalized keys and source evidence.
sha256:57fe3ebcf873893cdf47,CHECKPOINT_ROOT,checkpoints_tiny/checkpoint_epoch_32.pth,checkpoint_epoch_32.pth,1492170,57fe3ebcf873893cdf47df2e846e0ff2f805b68622cbda455db7ca7fd645c04f,SAFE_LOAD_OK,dict,epoch;model_state_dict;optimizer_state_dict,model_state_dict,125,77,FULL_TRAINING_STATE,,32,UNKNOWN,False,False,False,,,,,False,True,True,False,HAS_OPTIMIZER;HAS_EPOCH,Parameter tensor count excludes running statistics/counters; classification uses normalized keys and source evidence.
sha256:eb6e64b7a277e2a82852,CHECKPOINT_ROOT,checkpoints_tiny/checkpoint_epoch_33.pth,checkpoint_epoch_33.pth,1492170,eb6e64b7a277e2a828525417fa5ecaa2aa83f158908c14d135dcf5ab1d14be3f,SAFE_LOAD_OK,dict,epoch;model_state_dict;optimizer_state_dict,model_state_dict,125,77,FULL_TRAINING_STATE,,33,UNKNOWN,False,False,False,,,,,False,True,True,False,HAS_OPTIMIZER;HAS_EPOCH,Parameter tensor count excludes running statistics/counters; classification uses normalized keys and source evidence.
sha256:f959d5abfda0131a69e2,CHECKPOINT_ROOT,checkpoints_tiny/checkpoint_epoch_34.pth,checkpoint_epoch_34.pth,1492170,f959d5abfda0131a69e25e4d21163b4ef3b4d3b9935b7c8d41a7ce7d61230015,SAFE_LOAD_OK,dict,epoch;model_state_dict;optimizer_state_dict,model_state_dict,125,77,FULL_TRAINING_STATE,,34,UNKNOWN,False,False,False,,,,,False,True,True,False,HAS_OPTIMIZER;HAS_EPOCH,Parameter tensor count excludes running statistics/counters; classification uses normalized keys and source evidence.
sha256:dae256931c19c58b25e2,CHECKPOINT_ROOT,checkpoints_tiny/checkpoint_epoch_35.pth,checkpoint_epoch_35.pth,1492170,dae256931c19c58b25e2c8d386ba5d7c50cbb65c5e17cd4d74d17f28b7bdd89a,SAFE_LOAD_OK,dict,epoch;model_state_dict;optimizer_state_dict,model_state_dict,125,77,FULL_TRAINING_STATE,,35,UNKNOWN,False,False,False,,,,,False,True,True,False,HAS_OPTIMIZER;HAS_EPOCH,Parameter tensor count excludes running statistics/counters; classification uses normalized keys and source evidence.
sha256:ca221388f731d3677101,CHECKPOINT_ROOT,checkpoints_tiny/checkpoint_epoch_36.pth,checkpoint_epoch_36.pth,1492170,ca221388f731d3677101945f0d84f099ebe80bb01fe9ade944a637077d4f81e4,SAFE_LOAD_OK,dict,epoch;model_state_dict;optimizer_state_dict,model_state_dict,125,77,FULL_TRAINING_STATE,,36,UNKNOWN,False,False,False,,,,,False,True,True,False,HAS_OPTIMIZER;HAS_EPOCH,Parameter tensor count excludes running statistics/counters; classification uses normalized keys and source evidence.
sha256:8ba445b919ee6037fae0,CHECKPOINT_ROOT,checkpoints_tiny/checkpoint_epoch_37.pth,checkpoint_epoch_37.pth,1492170,8ba445b919ee6037fae02f16f385702465adcdb4367ad7f27eaed3e062f392dc,SAFE_LOAD_OK,dict,epoch;model_state_dict;optimizer_state_dict,model_state_dict,125,77,FULL_TRAINING_STATE,,37,UNKNOWN,False,False,False,,,,,False,True,True,False,HAS_OPTIMIZER;HAS_EPOCH,Parameter tensor count excludes running statistics/counters; classification uses normalized keys and source evidence.
sha256:157beada074548a9b973,CHECKPOINT_ROOT,checkpoints_tiny/checkpoint_epoch_38.pth,checkpoint_epoch_38.pth,1492170,157beada074548a9b97399951198c908b4f93b4e13d3b9a301c628f30b1a5cad,SAFE_LOAD_OK,dict,epoch;model_state_dict;optimizer_state_dict,model_state_dict,125,77,FULL_TRAINING_STATE,,38,UNKNOWN,False,False,False,,,,,False,True,True,False,HAS_OPTIMIZER;HAS_EPOCH,Parameter tensor count excludes running statistics/counters; classification uses normalized keys and source evidence.
sha256:ed4ab258be9b9ad3dc1b,CHECKPOINT_ROOT,checkpoints_tiny/checkpoint_epoch_39.pth,checkpoint_epoch_39.pth,1492170,ed4ab258be9b9ad3dc1be67bf8452c072d7ef3028c5f5b5a183de1e94068e0c9,SAFE_LOAD_OK,dict,epoch;model_state_dict;optimizer_state_dict,model_state_dict,125,77,FULL_TRAINING_STATE,,39,UNKNOWN,False,False,False,,,,,False,True,True,False,HAS_OPTIMIZER;HAS_EPOCH,Parameter tensor count excludes running statistics/counters; classification uses normalized keys and source evidence.
sha256:f53d56581e7107af73dc,CHECKPOINT_ROOT,checkpoints_tiny/checkpoint_epoch_4.pth,checkpoint_epoch_4.pth,1491810,f53d56581e7107af73dcec95ec38a6210b564d8f3805cf8207fe409acd667d65,SAFE_LOAD_OK,dict,epoch;model_state_dict;optimizer_state_dict,model_state_dict,125,77,FULL_TRAINING_STATE,,4,UNKNOWN,False,False,False,,,,,False,True,True,False,HAS_OPTIMIZER;HAS_EPOCH,Parameter tensor count excludes running statistics/counters; classification uses normalized keys and source evidence.
sha256:6e93ae3e25ca0d18e73f,CHECKPOINT_ROOT,checkpoints_tiny/checkpoint_epoch_40.pth,checkpoint_epoch_40.pth,1492170,6e93ae3e25ca0d18e73fc2cd562d19a99b89ffb44cec8eb1e76eed4565176769,SAFE_LOAD_OK,dict,epoch;model_state_dict;optimizer_state_dict,model_state_dict,125,77,FULL_TRAINING_STATE,,40,UNKNOWN,False,False,False,,,,,False,True,True,False,HAS_OPTIMIZER;HAS_EPOCH,Parameter tensor count excludes running statistics/counters; classification uses normalized keys and source evidence.
sha256:e0ba79c594ecc193d942,CHECKPOINT_ROOT,checkpoints_tiny/checkpoint_epoch_41.pth,checkpoint_epoch_41.pth,1492170,e0ba79c594ecc193d942680dcddcd9bdff06b83cd29e528fecf8f9ae616af1e9,SAFE_LOAD_OK,dict,epoch;model_state_dict;optimizer_state_dict,model_state_dict,125,77,FULL_TRAINING_STATE,,41,UNKNOWN,False,False,False,,,,,False,True,True,False,HAS_OPTIMIZER;HAS_EPOCH,Parameter tensor count excludes running statistics/counters; classification uses normalized keys and source evidence.
sha256:0061f4c7fdc3c73b8afd,CHECKPOINT_ROOT,checkpoints_tiny/checkpoint_epoch_42.pth,checkpoint_epoch_42.pth,1492170,0061f4c7fdc3c73b8afd12ca620a6b2ed7c5661d021dcb4217084b57970817ed,SAFE_LOAD_OK,dict,epoch;model_state_dict;optimizer_state_dict,model_state_dict,125,77,FULL_TRAINING_STATE,,42,UNKNOWN,False,False,False,,,,,False,True,True,False,HAS_OPTIMIZER;HAS_EPOCH,Parameter tensor count excludes running statistics/counters; classification uses normalized keys and source evidence.
sha256:3f796328132ef576844b,CHECKPOINT_ROOT,checkpoints_tiny/checkpoint_epoch_43.pth,checkpoint_epoch_43.pth,1492170,3f796328132ef576844b807826ee161053a43b662ead2937928f8afa9f5636ac,SAFE_LOAD_OK,dict,epoch;model_state_dict;optimizer_state_dict,model_state_dict,125,77,FULL_TRAINING_STATE,,43,UNKNOWN,False,False,False,,,,,False,True,True,False,HAS_OPTIMIZER;HAS_EPOCH,Parameter tensor count excludes running statistics/counters; classification uses normalized keys and source evidence.
sha256:75f84dd082eea9b9a840,CHECKPOINT_ROOT,checkpoints_tiny/checkpoint_epoch_44.pth,checkpoint_epoch_44.pth,1492170,75f84dd082eea9b9a840f0501542172008d9130fc4ebbb5acbcf7eb55fcf4e89,SAFE_LOAD_OK,dict,epoch;model_state_dict;optimizer_state_dict,model_state_dict,125,77,FULL_TRAINING_STATE,,44,UNKNOWN,False,False,False,,,,,False,True,True,False,HAS_OPTIMIZER;HAS_EPOCH,Parameter tensor count excludes running statistics/counters; classification uses normalized keys and source evidence.
sha256:318840cb6dbefb837cbc,CHECKPOINT_ROOT,checkpoints_tiny/checkpoint_epoch_45.pth,checkpoint_epoch_45.pth,1492170,318840cb6dbefb837cbc8378f9dbfaceb9a63b4fa15e0940c7d3455d6f67f909,SAFE_LOAD_OK,dict,epoch;model_state_dict;optimizer_state_dict,model_state_dict,125,77,FULL_TRAINING_STATE,,45,UNKNOWN,False,False,False,,,,,False,True,True,False,HAS_OPTIMIZER;HAS_EPOCH,Parameter tensor count excludes running statistics/counters; classification uses normalized keys and source evidence.
sha256:039cf98c4fac4ebc9317,CHECKPOINT_ROOT,checkpoints_tiny/checkpoint_epoch_46.pth,checkpoint_epoch_46.pth,1492170,039cf98c4fac4ebc93177ecfe7d1a28e0b28f2442470d69b4400bf57b6a2a669,SAFE_LOAD_OK,dict,epoch;model_state_dict;optimizer_state_dict,model_state_dict,125,77,FULL_TRAINING_STATE,,46,UNKNOWN,False,False,False,,,,,False,True,True,False,HAS_OPTIMIZER;HAS_EPOCH,Parameter tensor count excludes running statistics/counters; classification uses normalized keys and source evidence.
sha256:3da4ae01a2f94c359f34,CHECKPOINT_ROOT,checkpoints_tiny/checkpoint_epoch_47.pth,checkpoint_epoch_47.pth,1492170,3da4ae01a2f94c359f34c55f7fdb6f631730117cc01f81743b592a387ab533c0,SAFE_LOAD_OK,dict,epoch;model_state_dict;optimizer_state_dict,model_state_dict,125,77,FULL_TRAINING_STATE,,47,UNKNOWN,False,False,False,,,,,False,True,True,False,HAS_OPTIMIZER;HAS_EPOCH,Parameter tensor count excludes running statistics/counters; classification uses normalized keys and source evidence.
sha256:b0985206b267de27d83b,CHECKPOINT_ROOT,checkpoints_tiny/checkpoint_epoch_48.pth,checkpoint_epoch_48.pth,1492170,b0985206b267de27d83b059c5f0798ffb9656d5feded6e27c9d8089aee7d0e34,SAFE_LOAD_OK,dict,epoch;model_state_dict;optimizer_state_dict,model_state_dict,125,77,FULL_TRAINING_STATE,,48,UNKNOWN,False,False,False,,,,,False,True,True,False,HAS_OPTIMIZER;HAS_EPOCH,Parameter tensor count excludes running statistics/counters; classification uses normalized keys and source evidence.
sha256:24eaa53fe412ad227b06,CHECKPOINT_ROOT,checkpoints_tiny/checkpoint_epoch_49.pth,checkpoint_epoch_49.pth,1492170,24eaa53fe412ad227b06febdb1a7e2d0a866863ea8681b45cecc99aa106f365d,SAFE_LOAD_OK,dict,epoch;model_state_dict;optimizer_state_dict,model_state_dict,125,77,FULL_TRAINING_STATE,,49,UNKNOWN,False,False,False,,,,,False,True,True,False,HAS_OPTIMIZER;HAS_EPOCH,Parameter tensor count excludes running statistics/counters; classification uses normalized keys and source evidence.
sha256:ce46ba387a5b1ff1bf80,CHECKPOINT_ROOT,checkpoints_tiny/checkpoint_epoch_5.pth,checkpoint_epoch_5.pth,1491810,ce46ba387a5b1ff1bf8078b628559465d44b09dac3fe4204dcb6fc1b86ce8488,SAFE_LOAD_OK,dict,epoch;model_state_dict;optimizer_state_dict,model_state_dict,125,77,FULL_TRAINING_STATE,,5,UNKNOWN,False,False,False,,,,,False,True,True,False,HAS_OPTIMIZER;HAS_EPOCH,Parameter tensor count excludes running statistics/counters; classification uses normalized keys and source evidence.
sha256:f03a50faaa697e53e78a,CHECKPOINT_ROOT,checkpoints_tiny/checkpoint_epoch_50.pth,checkpoint_epoch_50.pth,1492170,f03a50faaa697e53e78a4b3545dcc30579c85015781363aac6fefba3d7d25acc,SAFE_LOAD_OK,dict,epoch;model_state_dict;optimizer_state_dict,model_state_dict,125,77,FULL_TRAINING_STATE,,50,UNKNOWN,False,False,False,,,,,False,True,True,False,HAS_OPTIMIZER;HAS_EPOCH,Parameter tensor count excludes running statistics/counters; classification uses normalized keys and source evidence.
sha256:0261aa4f2a5fe57d3f14,CHECKPOINT_ROOT,checkpoints_tiny/checkpoint_epoch_51.pth,checkpoint_epoch_51.pth,1492170,0261aa4f2a5fe57d3f148017611323553b35124be94733e065682bbb497ab5f9,SAFE_LOAD_OK,dict,epoch;model_state_dict;optimizer_state_dict,model_state_dict,125,77,FULL_TRAINING_STATE,,51,UNKNOWN,False,False,False,,,,,False,True,True,False,HAS_OPTIMIZER;HAS_EPOCH,Parameter tensor count excludes running statistics/counters; classification uses normalized keys and source evidence.
sha256:a18f32faf8a69fc37873,CHECKPOINT_ROOT,checkpoints_tiny/checkpoint_epoch_52.pth,checkpoint_epoch_52.pth,1492170,a18f32faf8a69fc37873409f185cb36d342ef1ed574341e253918e27cdaebbb9,SAFE_LOAD_OK,dict,epoch;model_state_dict;optimizer_state_dict,model_state_dict,125,77,FULL_TRAINING_STATE,,52,UNKNOWN,False,False,False,,,,,False,True,True,False,HAS_OPTIMIZER;HAS_EPOCH,Parameter tensor count excludes running statistics/counters; classification uses normalized keys and source evidence.
sha256:9b50418a7453bc3719cb,CHECKPOINT_ROOT,checkpoints_tiny/checkpoint_epoch_53.pth,checkpoint_epoch_53.pth,1492170,9b50418a7453bc3719cb9ee14e68dd0a919805cb7a8e8d314c1eccff9178d40c,SAFE_LOAD_OK,dict,epoch;model_state_dict;optimizer_state_dict,model_state_dict,125,77,FULL_TRAINING_STATE,,53,UNKNOWN,False,False,False,,,,,False,True,True,False,HAS_OPTIMIZER;HAS_EPOCH,Parameter tensor count excludes running statistics/counters; classification uses normalized keys and source evidence.
sha256:0a6e54c5ee5d939712d0,CHECKPOINT_ROOT,checkpoints_tiny/checkpoint_epoch_54.pth,checkpoint_epoch_54.pth,1492170,0a6e54c5ee5d939712d07e9cd013b726e9bb0841d6be610018c1e26f68aaa8fd,SAFE_LOAD_OK,dict,epoch;model_state_dict;optimizer_state_dict,model_state_dict,125,77,FULL_TRAINING_STATE,,54,UNKNOWN,False,False,False,,,,,False,True,True,False,HAS_OPTIMIZER;HAS_EPOCH,Parameter tensor count excludes running statistics/counters; classification uses normalized keys and source evidence.
sha256:128168a6614a05443ada,CHECKPOINT_ROOT,checkpoints_tiny/checkpoint_epoch_55.pth,checkpoint_epoch_55.pth,1492170,128168a6614a05443ada4192497103593729487b3946fb70717fcaf8cedf0f0c,SAFE_LOAD_OK,dict,epoch;model_state_dict;optimizer_state_dict,model_state_dict,125,77,FULL_TRAINING_STATE,,55,UNKNOWN,False,False,False,,,,,False,True,True,False,HAS_OPTIMIZER;HAS_EPOCH,Parameter tensor count excludes running statistics/counters; classification uses normalized keys and source evidence.
sha256:e5f1475bd891c530b57d,CHECKPOINT_ROOT,checkpoints_tiny/checkpoint_epoch_56.pth,checkpoint_epoch_56.pth,1492170,e5f1475bd891c530b57dc271ba3aaac5c49fe0c144c8b0e6879aedf7da056e58,SAFE_LOAD_OK,dict,epoch;model_state_dict;optimizer_state_dict,model_state_dict,125,77,FULL_TRAINING_STATE,,56,UNKNOWN,False,False,False,,,,,False,True,True,False,HAS_OPTIMIZER;HAS_EPOCH,Parameter tensor count excludes running statistics/counters; classification uses normalized keys and source evidence.
sha256:10ec09633d6bbf90cb2c,CHECKPOINT_ROOT,checkpoints_tiny/checkpoint_epoch_57.pth,checkpoint_epoch_57.pth,1492170,10ec09633d6bbf90cb2c122bab4cdf5ca86b2f0ee02e843a0989a5b07fd16ed8,SAFE_LOAD_OK,dict,epoch;model_state_dict;optimizer_state_dict,model_state_dict,125,77,FULL_TRAINING_STATE,,57,UNKNOWN,False,False,False,,,,,False,True,True,False,HAS_OPTIMIZER;HAS_EPOCH,Parameter tensor count excludes running statistics/counters; classification uses normalized keys and source evidence.
sha256:0650bd243a1017f73c66,CHECKPOINT_ROOT,checkpoints_tiny/checkpoint_epoch_58.pth,checkpoint_epoch_58.pth,1492170,0650bd243a1017f73c6603921691d7481312382902002ae76f97cd09652fcff0,SAFE_LOAD_OK,dict,epoch;model_state_dict;optimizer_state_dict,model_state_dict,125,77,FULL_TRAINING_STATE,,58,UNKNOWN,False,False,False,,,,,False,True,True,False,HAS_OPTIMIZER;HAS_EPOCH,Parameter tensor count excludes running statistics/counters; classification uses normalized keys and source evidence.
sha256:c6896ea83fba10e1cfe0,CHECKPOINT_ROOT,checkpoints_tiny/checkpoint_epoch_59.pth,checkpoint_epoch_59.pth,1492170,c6896ea83fba10e1cfe02165fa0b536ec30411507d489a8d79446dba67513505,SAFE_LOAD_OK,dict,epoch;model_state_dict;optimizer_state_dict,model_state_dict,125,77,FULL_TRAINING_STATE,,59,UNKNOWN,False,False,False,,,,,False,True,True,False,HAS_OPTIMIZER;HAS_EPOCH,Parameter tensor count excludes running statistics/counters; classification uses normalized keys and source evidence.
sha256:c297e9170311535f59c5,CHECKPOINT_ROOT,checkpoints_tiny/checkpoint_epoch_6.pth,checkpoint_epoch_6.pth,1491810,c297e9170311535f59c505869863bc8b3a00487a0a39262863249ec625cf6d83,SAFE_LOAD_OK,dict,epoch;model_state_dict;optimizer_state_dict,model_state_dict,125,77,FULL_TRAINING_STATE,,6,UNKNOWN,False,False,False,,,,,False,True,True,False,HAS_OPTIMIZER;HAS_EPOCH,Parameter tensor count excludes running statistics/counters; classification uses normalized keys and source evidence.
sha256:d14c4a54dc8e866c1fb3,CHECKPOINT_ROOT,checkpoints_tiny/checkpoint_epoch_60.pth,checkpoint_epoch_60.pth,1492170,d14c4a54dc8e866c1fb351133daeeb082af70f91cfc0d82487ae5c6e7bf4209c,SAFE_LOAD_OK,dict,epoch;model_state_dict;optimizer_state_dict,model_state_dict,125,77,FULL_TRAINING_STATE,,60,UNKNOWN,False,False,False,,,,,False,True,True,False,HAS_OPTIMIZER;HAS_EPOCH,Parameter tensor count excludes running statistics/counters; classification uses normalized keys and source evidence.
sha256:4c6d07814bd725238c63,CHECKPOINT_ROOT,checkpoints_tiny/checkpoint_epoch_61.pth,checkpoint_epoch_61.pth,1492170,4c6d07814bd725238c63d18b9b2bc87f9f36662dde81b2c7be5789446d0186b6,SAFE_LOAD_OK,dict,epoch;model_state_dict;optimizer_state_dict,model_state_dict,125,77,FULL_TRAINING_STATE,,61,UNKNOWN,False,False,False,,,,,False,True,True,False,HAS_OPTIMIZER;HAS_EPOCH,Parameter tensor count excludes running statistics/counters; classification uses normalized keys and source evidence.
sha256:869700e8d3b4d28a5b3f,CHECKPOINT_ROOT,checkpoints_tiny/checkpoint_epoch_62.pth,checkpoint_epoch_62.pth,1492170,869700e8d3b4d28a5b3f6fac56a2088d0129829a9a49cff8ecc32e558e1be882,SAFE_LOAD_OK,dict,epoch;model_state_dict;optimizer_state_dict,model_state_dict,125,77,FULL_TRAINING_STATE,,62,UNKNOWN,False,False,False,,,,,False,True,True,False,HAS_OPTIMIZER;HAS_EPOCH,Parameter tensor count excludes running statistics/counters; classification uses normalized keys and source evidence.
sha256:e71c50c02060b617e4ef,CHECKPOINT_ROOT,checkpoints_tiny/checkpoint_epoch_63.pth,checkpoint_epoch_63.pth,1492170,e71c50c02060b617e4ef0e73f868ea93e04bda3da86169bebb0839246c55ae1d,SAFE_LOAD_OK,dict,epoch;model_state_dict;optimizer_state_dict,model_state_dict,125,77,FULL_TRAINING_STATE,,63,UNKNOWN,False,False,False,,,,,False,True,True,False,HAS_OPTIMIZER;HAS_EPOCH,Parameter tensor count excludes running statistics/counters; classification uses normalized keys and source evidence.
sha256:82d81f1c510b9b1a843e,CHECKPOINT_ROOT,checkpoints_tiny/checkpoint_epoch_64.pth,checkpoint_epoch_64.pth,1492170,82d81f1c510b9b1a843e714d35b3ab1f49438240faccc72b7957fce7331755de,SAFE_LOAD_OK,dict,epoch;model_state_dict;optimizer_state_dict,model_state_dict,125,77,FULL_TRAINING_STATE,,64,UNKNOWN,False,False,False,,,,,False,True,True,False,HAS_OPTIMIZER;HAS_EPOCH,Parameter tensor count excludes running statistics/counters; classification uses normalized keys and source evidence.
sha256:30cb643d5d2262ba92a7,CHECKPOINT_ROOT,checkpoints_tiny/checkpoint_epoch_65.pth,checkpoint_epoch_65.pth,1492170,30cb643d5d2262ba92a7ca97c537c74e6fd41728c4e633cdc59013840f39a541,SAFE_LOAD_OK,dict,epoch;model_state_dict;optimizer_state_dict,model_state_dict,125,77,FULL_TRAINING_STATE,,65,UNKNOWN,False,False,False,,,,,False,True,True,False,HAS_OPTIMIZER;HAS_EPOCH,Parameter tensor count excludes running statistics/counters; classification uses normalized keys and source evidence.
sha256:17d42c25b2f30ab31ea0,CHECKPOINT_ROOT,checkpoints_tiny/checkpoint_epoch_66.pth,checkpoint_epoch_66.pth,1492170,17d42c25b2f30ab31ea00276ab64c0a6426aaa897ed5ed6a367c19dcca9362e5,SAFE_LOAD_OK,dict,epoch;model_state_dict;optimizer_state_dict,model_state_dict,125,77,FULL_TRAINING_STATE,,66,UNKNOWN,False,False,False,,,,,False,True,True,False,HAS_OPTIMIZER;HAS_EPOCH,Parameter tensor count excludes running statistics/counters; classification uses normalized keys and source evidence.
sha256:f71d4582bf6f7cca49a4,CHECKPOINT_ROOT,checkpoints_tiny/checkpoint_epoch_67.pth,checkpoint_epoch_67.pth,1492170,f71d4582bf6f7cca49a4b77c3f92f3e81ad5f1590220dff98a233315d8be2a57,SAFE_LOAD_OK,dict,epoch;model_state_dict;optimizer_state_dict,model_state_dict,125,77,FULL_TRAINING_STATE,,67,UNKNOWN,False,False,False,,,,,False,True,True,False,HAS_OPTIMIZER;HAS_EPOCH,Parameter tensor count excludes running statistics/counters; classification uses normalized keys and source evidence.
sha256:7274f600d54dcef4391a,CHECKPOINT_ROOT,checkpoints_tiny/checkpoint_epoch_68.pth,checkpoint_epoch_68.pth,1492170,7274f600d54dcef4391a1e13c0c7cd0e6ffae6b7727d2c303b7c545fb3293078,SAFE_LOAD_OK,dict,epoch;model_state_dict;optimizer_state_dict,model_state_dict,125,77,FULL_TRAINING_STATE,,68,UNKNOWN,False,False,False,,,,,False,True,True,False,HAS_OPTIMIZER;HAS_EPOCH,Parameter tensor count excludes running statistics/counters; classification uses normalized keys and source evidence.
sha256:b22d6f126bb88017417c,CHECKPOINT_ROOT,checkpoints_tiny/checkpoint_epoch_69.pth,checkpoint_epoch_69.pth,1492170,b22d6f126bb88017417c9e896afd3561834fb2bf853038606dee7b94857eaaca,SAFE_LOAD_OK,dict,epoch;model_state_dict;optimizer_state_dict,model_state_dict,125,77,FULL_TRAINING_STATE,,69,UNKNOWN,False,False,False,,,,,False,True,True,False,HAS_OPTIMIZER;HAS_EPOCH,Parameter tensor count excludes running statistics/counters; classification uses normalized keys and source evidence.
sha256:663c7506d5a4dc88cdb0,CHECKPOINT_ROOT,checkpoints_tiny/checkpoint_epoch_7.pth,checkpoint_epoch_7.pth,1491810,663c7506d5a4dc88cdb0836598e74102d96dd91ccad0001803ddc943907adcc6,SAFE_LOAD_OK,dict,epoch;model_state_dict;optimizer_state_dict,model_state_dict,125,77,FULL_TRAINING_STATE,,7,UNKNOWN,False,False,False,,,,,False,True,True,False,HAS_OPTIMIZER;HAS_EPOCH,Parameter tensor count excludes running statistics/counters; classification uses normalized keys and source evidence.
sha256:f83241200d88f8bf1cb5,CHECKPOINT_ROOT,checkpoints_tiny/checkpoint_epoch_70.pth,checkpoint_epoch_70.pth,1492170,f83241200d88f8bf1cb569ba7f30642148539a91ed4dc582f7f21a3b08acaacf,SAFE_LOAD_OK,dict,epoch;model_state_dict;optimizer_state_dict,model_state_dict,125,77,FULL_TRAINING_STATE,,70,UNKNOWN,False,False,False,,,,,False,True,True,False,HAS_OPTIMIZER;HAS_EPOCH,Parameter tensor count excludes running statistics/counters; classification uses normalized keys and source evidence.
sha256:d4eca02d442959b84004,CHECKPOINT_ROOT,checkpoints_tiny/checkpoint_epoch_71.pth,checkpoint_epoch_71.pth,1492170,d4eca02d442959b84004f5d3e006ad4c2db0b4f6ff8afd519769eee0b89ef299,SAFE_LOAD_OK,dict,epoch;model_state_dict;optimizer_state_dict,model_state_dict,125,77,FULL_TRAINING_STATE,,71,UNKNOWN,False,False,False,,,,,False,True,True,False,HAS_OPTIMIZER;HAS_EPOCH,Parameter tensor count excludes running statistics/counters; classification uses normalized keys and source evidence.
sha256:802505a73473a5dfe2e7,CHECKPOINT_ROOT,checkpoints_tiny/checkpoint_epoch_72.pth,checkpoint_epoch_72.pth,1492170,802505a73473a5dfe2e76e738ee09e91e2869809c088f416f228f1f2efafece9,SAFE_LOAD_OK,dict,epoch;model_state_dict;optimizer_state_dict,model_state_dict,125,77,FULL_TRAINING_STATE,,72,UNKNOWN,False,False,False,,,,,False,True,True,False,HAS_OPTIMIZER;HAS_EPOCH,Parameter tensor count excludes running statistics/counters; classification uses normalized keys and source evidence.
sha256:b0a6a137849098309deb,CHECKPOINT_ROOT,checkpoints_tiny/checkpoint_epoch_73.pth,checkpoint_epoch_73.pth,1492170,b0a6a137849098309deb649465c94fe27e5b2da718f27fd2fc04bcbed942316f,SAFE_LOAD_OK,dict,epoch;model_state_dict;optimizer_state_dict,model_state_dict,125,77,FULL_TRAINING_STATE,,73,UNKNOWN,False,False,False,,,,,False,True,True,False,HAS_OPTIMIZER;HAS_EPOCH,Parameter tensor count excludes running statistics/counters; classification uses normalized keys and source evidence.
sha256:8cd6b0adde3cca80cfc0,CHECKPOINT_ROOT,checkpoints_tiny/checkpoint_epoch_74.pth,checkpoint_epoch_74.pth,1492170,8cd6b0adde3cca80cfc0c305651f2c999abf3efd6d8cd34f6a7ff8de9a87cb07,SAFE_LOAD_OK,dict,epoch;model_state_dict;optimizer_state_dict,model_state_dict,125,77,FULL_TRAINING_STATE,,74,UNKNOWN,False,False,False,,,,,False,True,True,False,HAS_OPTIMIZER;HAS_EPOCH,Parameter tensor count excludes running statistics/counters; classification uses normalized keys and source evidence.
sha256:e141d78117ced0531344,CHECKPOINT_ROOT,checkpoints_tiny/checkpoint_epoch_75.pth,checkpoint_epoch_75.pth,1492170,e141d78117ced05313448a63a594735ad449189993f33339754791dfd78e56b4,SAFE_LOAD_OK,dict,epoch;model_state_dict;optimizer_state_dict,model_state_dict,125,77,FULL_TRAINING_STATE,,75,UNKNOWN,False,False,False,,,,,False,True,True,False,HAS_OPTIMIZER;HAS_EPOCH,Parameter tensor count excludes running statistics/counters; classification uses normalized keys and source evidence.
sha256:fff3cfc2777a7364f70b,CHECKPOINT_ROOT,checkpoints_tiny/checkpoint_epoch_76.pth,checkpoint_epoch_76.pth,1492170,fff3cfc2777a7364f70b098847fb736d6f5057d089e323b3eeda4638c409a8bf,SAFE_LOAD_OK,dict,epoch;model_state_dict;optimizer_state_dict,model_state_dict,125,77,FULL_TRAINING_STATE,,76,UNKNOWN,False,False,False,,,,,False,True,True,False,HAS_OPTIMIZER;HAS_EPOCH,Parameter tensor count excludes running statistics/counters; classification uses normalized keys and source evidence.
sha256:71b8a925759e29f5d0d1,CHECKPOINT_ROOT,checkpoints_tiny/checkpoint_epoch_77.pth,checkpoint_epoch_77.pth,1492170,71b8a925759e29f5d0d1aa6512ca1eb10427ee3b867a5b7d721f8d930178e829,SAFE_LOAD_OK,dict,epoch;model_state_dict;optimizer_state_dict,model_state_dict,125,77,FULL_TRAINING_STATE,,77,UNKNOWN,False,False,False,,,,,False,True,True,False,HAS_OPTIMIZER;HAS_EPOCH,Parameter tensor count excludes running statistics/counters; classification uses normalized keys and source evidence.
sha256:c9d8531250ec659cfe72,CHECKPOINT_ROOT,checkpoints_tiny/checkpoint_epoch_78.pth,checkpoint_epoch_78.pth,1492170,c9d8531250ec659cfe72f1bbce2de60b1510c9427679121187441eebace2bef7,SAFE_LOAD_OK,dict,epoch;model_state_dict;optimizer_state_dict,model_state_dict,125,77,FULL_TRAINING_STATE,,78,UNKNOWN,False,False,False,,,,,False,True,True,False,HAS_OPTIMIZER;HAS_EPOCH,Parameter tensor count excludes running statistics/counters; classification uses normalized keys and source evidence.
sha256:e4a4c5785d994eed6c60,CHECKPOINT_ROOT,checkpoints_tiny/checkpoint_epoch_79.pth,checkpoint_epoch_79.pth,1492170,e4a4c5785d994eed6c608d65bab1f71cb2aaf21238a709eabd890e2a3662ef7e,SAFE_LOAD_OK,dict,epoch;model_state_dict;optimizer_state_dict,model_state_dict,125,77,FULL_TRAINING_STATE,,79,UNKNOWN,False,False,False,,,,,False,True,True,False,HAS_OPTIMIZER;HAS_EPOCH,Parameter tensor count excludes running statistics/counters; classification uses normalized keys and source evidence.
sha256:e4c43062607c2cf72c2c,CHECKPOINT_ROOT,checkpoints_tiny/checkpoint_epoch_8.pth,checkpoint_epoch_8.pth,1491810,e4c43062607c2cf72c2c20efd2e2bf05125eeacdcd89f47de6e5f2cd09da38d4,SAFE_LOAD_OK,dict,epoch;model_state_dict;optimizer_state_dict,model_state_dict,125,77,FULL_TRAINING_STATE,,8,UNKNOWN,False,False,False,,,,,False,True,True,False,HAS_OPTIMIZER;HAS_EPOCH,Parameter tensor count excludes running statistics/counters; classification uses normalized keys and source evidence.
sha256:0c458ef02840ff103143,CHECKPOINT_ROOT,checkpoints_tiny/checkpoint_epoch_80.pth,checkpoint_epoch_80.pth,1492170,0c458ef02840ff103143861298637f9543bffeead0edc1a6aba863a4171820b1,SAFE_LOAD_OK,dict,epoch;model_state_dict;optimizer_state_dict,model_state_dict,125,77,FULL_TRAINING_STATE,,80,UNKNOWN,False,False,False,,,,,False,True,True,False,HAS_OPTIMIZER;HAS_EPOCH,Parameter tensor count excludes running statistics/counters; classification uses normalized keys and source evidence.
sha256:2ff93d829bedcfbd231f,CHECKPOINT_ROOT,checkpoints_tiny/checkpoint_epoch_81.pth,checkpoint_epoch_81.pth,1492170,2ff93d829bedcfbd231f70f44cba43d21541c4067a649e9fc2054b378a322244,SAFE_LOAD_OK,dict,epoch;model_state_dict;optimizer_state_dict,model_state_dict,125,77,FULL_TRAINING_STATE,,81,UNKNOWN,False,False,False,,,,,False,True,True,False,HAS_OPTIMIZER;HAS_EPOCH,Parameter tensor count excludes running statistics/counters; classification uses normalized keys and source evidence.
sha256:3053a8a2dda273292731,CHECKPOINT_ROOT,checkpoints_tiny/checkpoint_epoch_82.pth,checkpoint_epoch_82.pth,1492170,3053a8a2dda273292731b29051f68260e9694312ceb94455da961ad099d71139,SAFE_LOAD_OK,dict,epoch;model_state_dict;optimizer_state_dict,model_state_dict,125,77,FULL_TRAINING_STATE,,82,UNKNOWN,False,False,False,,,,,False,True,True,False,HAS_OPTIMIZER;HAS_EPOCH,Parameter tensor count excludes running statistics/counters; classification uses normalized keys and source evidence.
sha256:c257b7e6228909964534,CHECKPOINT_ROOT,checkpoints_tiny/checkpoint_epoch_83.pth,checkpoint_epoch_83.pth,1492170,c257b7e622890996453416d47a0b91d0d3f8f3460daee25a22120f11571c22c8,SAFE_LOAD_OK,dict,epoch;model_state_dict;optimizer_state_dict,model_state_dict,125,77,FULL_TRAINING_STATE,,83,UNKNOWN,False,False,False,,,,,False,True,True,False,HAS_OPTIMIZER;HAS_EPOCH,Parameter tensor count excludes running statistics/counters; classification uses normalized keys and source evidence.
sha256:3a91e535979878a3302b,CHECKPOINT_ROOT,checkpoints_tiny/checkpoint_epoch_84.pth,checkpoint_epoch_84.pth,1492170,3a91e535979878a3302bb652b1ffc6a4200abaccd7c297ff554e668877c7382a,SAFE_LOAD_OK,dict,epoch;model_state_dict;optimizer_state_dict,model_state_dict,125,77,FULL_TRAINING_STATE,,84,UNKNOWN,False,False,False,,,,,False,True,True,False,HAS_OPTIMIZER;HAS_EPOCH,Parameter tensor count excludes running statistics/counters; classification uses normalized keys and source evidence.
sha256:af16e18cc1da0ff40c14,CHECKPOINT_ROOT,checkpoints_tiny/checkpoint_epoch_85.pth,checkpoint_epoch_85.pth,1492170,af16e18cc1da0ff40c1405a8be83b882d37f9e2fe44e8703d582efa0a655af92,SAFE_LOAD_OK,dict,epoch;model_state_dict;optimizer_state_dict,model_state_dict,125,77,FULL_TRAINING_STATE,,85,UNKNOWN,False,False,False,,,,,False,True,True,False,HAS_OPTIMIZER;HAS_EPOCH,Parameter tensor count excludes running statistics/counters; classification uses normalized keys and source evidence.
sha256:f801e6c133f235e79989,CHECKPOINT_ROOT,checkpoints_tiny/checkpoint_epoch_86.pth,checkpoint_epoch_86.pth,1492170,f801e6c133f235e7998991a69bc7c747336a24ef0a602c9c40b7080627c4f2db,SAFE_LOAD_OK,dict,epoch;model_state_dict;optimizer_state_dict,model_state_dict,125,77,FULL_TRAINING_STATE,,86,UNKNOWN,False,False,False,,,,,False,True,True,False,HAS_OPTIMIZER;HAS_EPOCH,Parameter tensor count excludes running statistics/counters; classification uses normalized keys and source evidence.
sha256:fddc28d78d45269b6350,CHECKPOINT_ROOT,checkpoints_tiny/checkpoint_epoch_87.pth,checkpoint_epoch_87.pth,1492170,fddc28d78d45269b635016ad6c79108d8cf208fa1d46a66f79893ed66f3ff253,SAFE_LOAD_OK,dict,epoch;model_state_dict;optimizer_state_dict,model_state_dict,125,77,FULL_TRAINING_STATE,,87,UNKNOWN,False,False,False,,,,,False,True,True,False,HAS_OPTIMIZER;HAS_EPOCH,Parameter tensor count excludes running statistics/counters; classification uses normalized keys and source evidence.
sha256:f7075f9a9595c09a9896,CHECKPOINT_ROOT,checkpoints_tiny/checkpoint_epoch_88.pth,checkpoint_epoch_88.pth,1492170,f7075f9a9595c09a9896b86ad2e38a5c524575fcaa86b7d6e45a5d319fb3c0be,SAFE_LOAD_OK,dict,epoch;model_state_dict;optimizer_state_dict,model_state_dict,125,77,FULL_TRAINING_STATE,,88,UNKNOWN,False,False,False,,,,,False,True,True,False,HAS_OPTIMIZER;HAS_EPOCH,Parameter tensor count excludes running statistics/counters; classification uses normalized keys and source evidence.
sha256:a7a3c331686fd25cf612,CHECKPOINT_ROOT,checkpoints_tiny/checkpoint_epoch_89.pth,checkpoint_epoch_89.pth,1492170,a7a3c331686fd25cf6124dd1d542422b1932055354bbfce8f86a3e40a16d1fc6,SAFE_LOAD_OK,dict,epoch;model_state_dict;optimizer_state_dict,model_state_dict,125,77,FULL_TRAINING_STATE,,89,UNKNOWN,False,False,False,,,,,False,True,True,False,HAS_OPTIMIZER;HAS_EPOCH,Parameter tensor count excludes running statistics/counters; classification uses normalized keys and source evidence.
sha256:0f0de3df5460913bafab,CHECKPOINT_ROOT,checkpoints_tiny/checkpoint_epoch_9.pth,checkpoint_epoch_9.pth,1491810,0f0de3df5460913bafab85d216f2abf5e23dadd40f57432b914e548113e74799,SAFE_LOAD_OK,dict,epoch;model_state_dict;optimizer_state_dict,model_state_dict,125,77,FULL_TRAINING_STATE,,9,UNKNOWN,False,False,False,,,,,False,True,True,False,HAS_OPTIMIZER;HAS_EPOCH,Parameter tensor count excludes running statistics/counters; classification uses normalized keys and source evidence.
sha256:86718ef2f53af744f2f0,CHECKPOINT_ROOT,checkpoints_tiny/checkpoint_epoch_90.pth,checkpoint_epoch_90.pth,1492170,86718ef2f53af744f2f0dab183f38f0b50086a959dcc713a5fb3034b277c6814,SAFE_LOAD_OK,dict,epoch;model_state_dict;optimizer_state_dict,model_state_dict,125,77,FULL_TRAINING_STATE,,90,UNKNOWN,False,False,False,,,,,False,True,True,False,HAS_OPTIMIZER;HAS_EPOCH,Parameter tensor count excludes running statistics/counters; classification uses normalized keys and source evidence.
sha256:bcad6111609ca2f665b8,CHECKPOINT_ROOT,checkpoints_tiny/checkpoint_epoch_91.pth,checkpoint_epoch_91.pth,1492170,bcad6111609ca2f665b8def2bf31605d14eae57977c802775fb81aac7f8ff7aa,SAFE_LOAD_OK,dict,epoch;model_state_dict;optimizer_state_dict,model_state_dict,125,77,FULL_TRAINING_STATE,,91,UNKNOWN,False,False,False,,,,,False,True,True,False,HAS_OPTIMIZER;HAS_EPOCH,Parameter tensor count excludes running statistics/counters; classification uses normalized keys and source evidence.
sha256:e4d0ef9c1e17eef6071a,CHECKPOINT_ROOT,checkpoints_tiny/checkpoint_epoch_92.pth,checkpoint_epoch_92.pth,1492170,e4d0ef9c1e17eef6071a9ed59ce4626dbe563459139e43ffef022b95a29834a2,SAFE_LOAD_OK,dict,epoch;model_state_dict;optimizer_state_dict,model_state_dict,125,77,FULL_TRAINING_STATE,,92,UNKNOWN,False,False,False,,,,,False,True,True,False,HAS_OPTIMIZER;HAS_EPOCH,Parameter tensor count excludes running statistics/counters; classification uses normalized keys and source evidence.
sha256:df69772bdaf17752df43,CHECKPOINT_ROOT,checkpoints_tiny/checkpoint_epoch_93.pth,checkpoint_epoch_93.pth,1492170,df69772bdaf17752df4391a914e416a64ca4f10373e3193d0c972402fe3140ea,SAFE_LOAD_OK,dict,epoch;model_state_dict;optimizer_state_dict,model_state_dict,125,77,FULL_TRAINING_STATE,,93,UNKNOWN,False,False,False,,,,,False,True,True,False,HAS_OPTIMIZER;HAS_EPOCH,Parameter tensor count excludes running statistics/counters; classification uses normalized keys and source evidence.
sha256:197627515ca7f2f09f8f,CHECKPOINT_ROOT,checkpoints_tiny/checkpoint_epoch_94.pth,checkpoint_epoch_94.pth,1492170,197627515ca7f2f09f8f353ee688041b159bc04b25dcccfc168a33b098540946,SAFE_LOAD_OK,dict,epoch;model_state_dict;optimizer_state_dict,model_state_dict,125,77,FULL_TRAINING_STATE,,94,UNKNOWN,False,False,False,,,,,False,True,True,False,HAS_OPTIMIZER;HAS_EPOCH,Parameter tensor count excludes running statistics/counters; classification uses normalized keys and source evidence.
sha256:aa8a2fe098cbca7929b7,CHECKPOINT_ROOT,checkpoints_tiny/checkpoint_epoch_95.pth,checkpoint_epoch_95.pth,1492170,aa8a2fe098cbca7929b7021519b4a9cb32f3cd507611bdb5825d494debd927f8,SAFE_LOAD_OK,dict,epoch;model_state_dict;optimizer_state_dict,model_state_dict,125,77,FULL_TRAINING_STATE,,95,UNKNOWN,False,False,False,,,,,False,True,True,False,HAS_OPTIMIZER;HAS_EPOCH,Parameter tensor count excludes running statistics/counters; classification uses normalized keys and source evidence.
sha256:526547013f532262144b,CHECKPOINT_ROOT,checkpoints_tiny/checkpoint_epoch_96.pth,checkpoint_epoch_96.pth,1492170,526547013f532262144b5c38775e8afb114bb3315e8dc51a9ecb78eabb6acec8,SAFE_LOAD_OK,dict,epoch;model_state_dict;optimizer_state_dict,model_state_dict,125,77,FULL_TRAINING_STATE,,96,UNKNOWN,False,False,False,,,,,False,True,True,False,HAS_OPTIMIZER;HAS_EPOCH,Parameter tensor count excludes running statistics/counters; classification uses normalized keys and source evidence.
sha256:b5d814227c6b29b9bfe8,CHECKPOINT_ROOT,checkpoints_tiny/checkpoint_epoch_97.pth,checkpoint_epoch_97.pth,1492170,b5d814227c6b29b9bfe8d5fd2b82b586fee1b4b98f8fbbf7be3f92eb8481230d,SAFE_LOAD_OK,dict,epoch;model_state_dict;optimizer_state_dict,model_state_dict,125,77,FULL_TRAINING_STATE,,97,UNKNOWN,False,False,False,,,,,False,True,True,False,HAS_OPTIMIZER;HAS_EPOCH,Parameter tensor count excludes running statistics/counters; classification uses normalized keys and source evidence.
sha256:4194d69adfdbdea5d2c9,CHECKPOINT_ROOT,checkpoints_tiny/checkpoint_epoch_98.pth,checkpoint_epoch_98.pth,1492170,4194d69adfdbdea5d2c970b135077b5043780014b26d47a21b266d1a547d1eec,SAFE_LOAD_OK,dict,epoch;model_state_dict;optimizer_state_dict,model_state_dict,125,77,FULL_TRAINING_STATE,,98,UNKNOWN,False,False,False,,,,,False,True,True,False,HAS_OPTIMIZER;HAS_EPOCH,Parameter tensor count excludes running statistics/counters; classification uses normalized keys and source evidence.
sha256:e456a2fe2949a4fa5788,CHECKPOINT_ROOT,checkpoints_tiny/checkpoint_epoch_99.pth,checkpoint_epoch_99.pth,1492170,e456a2fe2949a4fa5788313ecb8a18327da8d04e40ba67cecd9d103fb6fb8a32,SAFE_LOAD_OK,dict,epoch;model_state_dict;optimizer_state_dict,model_state_dict,125,77,FULL_TRAINING_STATE,,99,UNKNOWN,False,False,False,,,,,False,True,True,False,HAS_OPTIMIZER;HAS_EPOCH,Parameter tensor count excludes running statistics/counters; classification uses normalized keys and source evidence.
sha256:6e576e723823940c4fa0,CHECKPOINT_ROOT,checkpoints_VicReg_ImageNet_NEWXX/vicreg_model_final_mu_20.0.pth,vicreg_model_final_mu_20.0.pth,16208023,6e576e723823940c4fa0a8241c53415914fbb4a520596fbf86565c7e329db7e6,SAFE_LOAD_OK,OrderedDict,initial_conv.weight;initial_conv.bias;mnv2_block1.0.0.conv_dw.weight;mnv2_block1.0.0.bn1.weight;mnv2_block1.0.0.bn1.bias;mnv2_block1.0.0.bn1.running_mean;mnv2_block1.0.0.bn1.running_var;mnv2_block1.0.0.bn1.num_batches_tracked;mnv2_block1.0.0.conv_pw.weight;mnv2_block1.0.0.bn2.weight;mnv2_block1.0.0.bn2.bias;mnv2_block1.0.0.bn2.running_mean;mnv2_block1.0.0.bn2.running_var;mnv2_block1.0.0.bn2.num_batches_tracked;mnv2_block1.1.0.conv_pw.weight;mnv2_block1.1.0.bn1.weight;mnv2_block1.1.0.bn1.bias;mnv2_block1.1.0.bn1.running_mean;mnv2_block1.1.0.bn1.running_var;mnv2_block1.1.0.bn1.num_batches_tracked;mnv2_block1.1.0.conv_dw.weight;mnv2_block1.1.0.bn2.weight;mnv2_block1.1.0.bn2.bias;mnv2_block1.1.0.bn2.running_mean;mnv2_block1.1.0.bn2.running_var;mnv2_block1.1.0.bn2.num_batches_tracked;mnv2_block1.1.0.conv_pwl.weight;mnv2_block1.1.0.bn3.weight;mnv2_block1.1.0.bn3.bias;mnv2_block1.1.0.bn3.running_mean;mnv2_block1.1.0.bn3.running_var;mnv2_block1.1.0.bn3.num_batches_tracked;mnv2_block1.1.1.conv_pw.weight;mnv2_block1.1.1.bn1.weight;mnv2_block1.1.1.bn1.bias;mnv2_block1.1.1.bn1.running_mean;mnv2_block1.1.1.bn1.running_var;mnv2_block1.1.1.bn1.num_batches_tracked;mnv2_block1.1.1.conv_dw.weight;mnv2_block1.1.1.bn2.weight;mnv2_block1.1.1.bn2.bias;mnv2_block1.1.1.bn2.running_mean;mnv2_block1.1.1.bn2.running_var;mnv2_block1.1.1.bn2.num_batches_tracked;mnv2_block1.1.1.conv_pwl.weight;mnv2_block1.1.1.bn3.weight;mnv2_block1.1.1.bn3.bias;mnv2_block1.1.1.bn3.running_mean;mnv2_block1.1.1.bn3.running_var;mnv2_block1.1.1.bn3.num_batches_tracked;mnv2_block1.2.0.conv_pw.weight;mnv2_block1.2.0.bn1.weight;mnv2_block1.2.0.bn1.bias;mnv2_block1.2.0.bn1.running_mean;mnv2_block1.2.0.bn1.running_var;mnv2_block1.2.0.bn1.num_batches_tracked;mnv2_block1.2.0.conv_dw.weight;mnv2_block1.2.0.bn2.weight;mnv2_block1.2.0.bn2.bias;mnv2_block1.2.0.bn2.running_mean;mnv2_block1.2.0.bn2.running_var;mnv2_block1.2.0.bn2.num_batches_tracked;mnv2_block1.2.0.conv_pwl.weight;mnv2_block1.2.0.bn3.weight;mnv2_block1.2.0.bn3.bias;mnv2_block1.2.0.bn3.running_mean;mnv2_block1.2.0.bn3.running_var;mnv2_block1.2.0.bn3.num_batches_tracked;mnv2_block1.2.1.conv_pw.weight;mnv2_block1.2.1.bn1.weight;mnv2_block1.2.1.bn1.bias;mnv2_block1.2.1.bn1.running_mean;mnv2_block1.2.1.bn1.running_var;mnv2_block1.2.1.bn1.num_batches_tracked;mnv2_block1.2.1.conv_dw.weight;mnv2_block1.2.1.bn2.weight;mnv2_block1.2.1.bn2.bias;mnv2_block1.2.1.bn2.running_mean;mnv2_block1.2.1.bn2.running_var;mnv2_block1.2.1.bn2.num_batches_tracked;mnv2_block1.2.1.conv_pwl.weight;mnv2_block1.2.1.bn3.weight;mnv2_block1.2.1.bn3.bias;mnv2_block1.2.1.bn3.running_mean;mnv2_block1.2.1.bn3.running_var;mnv2_block1.2.1.bn3.num_batches_tracked;mnv2_block1.2.2.conv_pw.weight;mnv2_block1.2.2.bn1.weight;mnv2_block1.2.2.bn1.bias;mnv2_block1.2.2.bn1.running_mean;mnv2_block1.2.2.bn1.running_var;mnv2_block1.2.2.bn1.num_batches_tracked;mnv2_block1.2.2.conv_dw.weight;mnv2_block1.2.2.bn2.weight;mnv2_block1.2.2.bn2.bias;mnv2_block1.2.2.bn2.running_mean;mnv2_block1.2.2.bn2.running_var;mnv2_block1.2.2.bn2.num_batches_tracked;mnv2_block1.2.2.conv_pwl.weight;mnv2_block1.2.2.bn3.weight,raw_state_dict,846,549,SSL_BACKBONE,20.0,,SoilNetDualHead,True,True,True,10,2,2x128,10x128,True,False,False,False,MODEL_COMPATIBLE;HAS_REG_HEAD;HAS_CLS_HEAD;HAS_LIGHT_BRANCH,Parameter tensor count excludes running statistics/counters; classification uses normalized keys and source evidence.
sha256:fa3a2212913ffee059e2,CHECKPOINT_ROOT,checkpoints_VicReg_ImageNet_NEWXX/vicreg_mu_20.0_epoch_1.pth,vicreg_mu_20.0_epoch_1.pth,23421783,fa3a2212913ffee059e217a63357a803142a46182245d5994632bb36142215a3,SAFE_LOAD_OK,dict,epoch;model_state_dict;projector_state_dict;vicreg_loss,model_state_dict,846,549,PARTIAL_STATE,20.0,1,SoilNetDualHead,True,True,True,10,2,2x128,10x128,True,False,True,False,MODEL_COMPATIBLE;HAS_REG_HEAD;HAS_CLS_HEAD;HAS_LIGHT_BRANCH;HAS_EPOCH,Parameter tensor count excludes running statistics/counters; classification uses normalized keys and source evidence.
sha256:39bdab0761fb1a76781c,CHECKPOINT_ROOT,checkpoints_VicReg_ImageNet_NEWXX/vicreg_mu_20.0_epoch_10.pth,vicreg_mu_20.0_epoch_10.pth,23422376,39bdab0761fb1a76781c0fbceeea147ad536b5ec2bf4e09820fae914dedb0c85,SAFE_LOAD_OK,dict,epoch;model_state_dict;projector_state_dict;vicreg_loss,model_state_dict,846,549,PARTIAL_STATE,20.0,10,SoilNetDualHead,True,True,True,10,2,2x128,10x128,True,False,True,False,MODEL_COMPATIBLE;HAS_REG_HEAD;HAS_CLS_HEAD;HAS_LIGHT_BRANCH;HAS_EPOCH,Parameter tensor count excludes running statistics/counters; classification uses normalized keys and source evidence.
sha256:189bfa363594b1f2aa83,CHECKPOINT_ROOT,checkpoints_VicReg_ImageNet_NEWXX/vicreg_mu_20.0_epoch_100.pth,vicreg_mu_20.0_epoch_100.pth,23422969,189bfa363594b1f2aa833946a25d4c3d9e3a7d759fc088fe2e09b73114ae64bd,SAFE_LOAD_OK,dict,epoch;model_state_dict;projector_state_dict;vicreg_loss,model_state_dict,846,549,PARTIAL_STATE,20.0,100,SoilNetDualHead,True,True,True,10,2,2x128,10x128,True,False,True,False,MODEL_COMPATIBLE;HAS_REG_HEAD;HAS_CLS_HEAD;HAS_LIGHT_BRANCH;HAS_EPOCH,Parameter tensor count excludes running statistics/counters; classification uses normalized keys and source evidence.
sha256:fa810241233b664c681b,CHECKPOINT_ROOT,checkpoints_VicReg_ImageNet_NEWXX/vicreg_mu_20.0_epoch_11.pth,vicreg_mu_20.0_epoch_11.pth,23422376,fa810241233b664c681b12e780d26c196c79974394d68a9a27e990e574d15771,SAFE_LOAD_OK,dict,epoch;model_state_dict;projector_state_dict;vicreg_loss,model_state_dict,846,549,PARTIAL_STATE,20.0,11,SoilNetDualHead,True,True,True,10,2,2x128,10x128,True,False,True,False,MODEL_COMPATIBLE;HAS_REG_HEAD;HAS_CLS_HEAD;HAS_LIGHT_BRANCH;HAS_EPOCH,Parameter tensor count excludes running statistics/counters; classification uses normalized keys and source evidence.
sha256:35bb40cc66d9746f600b,CHECKPOINT_ROOT,checkpoints_VicReg_ImageNet_NEWXX/vicreg_mu_20.0_epoch_12.pth,vicreg_mu_20.0_epoch_12.pth,23422376,35bb40cc66d9746f600bebc65fb655e9a2da0467906b60dfa62495fba3386760,SAFE_LOAD_OK,dict,epoch;model_state_dict;projector_state_dict;vicreg_loss,model_state_dict,846,549,PARTIAL_STATE,20.0,12,SoilNetDualHead,True,True,True,10,2,2x128,10x128,True,False,True,False,MODEL_COMPATIBLE;HAS_REG_HEAD;HAS_CLS_HEAD;HAS_LIGHT_BRANCH;HAS_EPOCH,Parameter tensor count excludes running statistics/counters; classification uses normalized keys and source evidence.
sha256:bc2efd22bc901d9c041a,CHECKPOINT_ROOT,checkpoints_VicReg_ImageNet_NEWXX/vicreg_mu_20.0_epoch_13.pth,vicreg_mu_20.0_epoch_13.pth,23422376,bc2efd22bc901d9c041aa84d6decf5bb2d932ed79c2202be5d4d8e1095136570,SAFE_LOAD_OK,dict,epoch;model_state_dict;projector_state_dict;vicreg_loss,model_state_dict,846,549,PARTIAL_STATE,20.0,13,SoilNetDualHead,True,True,True,10,2,2x128,10x128,True,False,True,False,MODEL_COMPATIBLE;HAS_REG_HEAD;HAS_CLS_HEAD;HAS_LIGHT_BRANCH;HAS_EPOCH,Parameter tensor count excludes running statistics/counters; classification uses normalized keys and source evidence.
sha256:51fa3fae9627dc6248c1,CHECKPOINT_ROOT,checkpoints_VicReg_ImageNet_NEWXX/vicreg_mu_20.0_epoch_14.pth,vicreg_mu_20.0_epoch_14.pth,23422376,51fa3fae9627dc6248c1dccca8ddfdb1d96868770e93ed0e117c9da690ac2608,SAFE_LOAD_OK,dict,epoch;model_state_dict;projector_state_dict;vicreg_loss,model_state_dict,846,549,PARTIAL_STATE,20.0,14,SoilNetDualHead,True,True,True,10,2,2x128,10x128,True,False,True,False,MODEL_COMPATIBLE;HAS_REG_HEAD;HAS_CLS_HEAD;HAS_LIGHT_BRANCH;HAS_EPOCH,Parameter tensor count excludes running statistics/counters; classification uses normalized keys and source evidence.
sha256:b0f660b88afd0d3e92dc,CHECKPOINT_ROOT,checkpoints_VicReg_ImageNet_NEWXX/vicreg_mu_20.0_epoch_15.pth,vicreg_mu_20.0_epoch_15.pth,23422376,b0f660b88afd0d3e92dc2ec382263c1d395f7d605da87ffa3cd8a3bf3d048c12,SAFE_LOAD_OK,dict,epoch;model_state_dict;projector_state_dict;vicreg_loss,model_state_dict,846,549,PARTIAL_STATE,20.0,15,SoilNetDualHead,True,True,True,10,2,2x128,10x128,True,False,True,False,MODEL_COMPATIBLE;HAS_REG_HEAD;HAS_CLS_HEAD;HAS_LIGHT_BRANCH;HAS_EPOCH,Parameter tensor count excludes running statistics/counters; classification uses normalized keys and source evidence.
sha256:90793f12d9c939301629,CHECKPOINT_ROOT,checkpoints_VicReg_ImageNet_NEWXX/vicreg_mu_20.0_epoch_16.pth,vicreg_mu_20.0_epoch_16.pth,23422376,90793f12d9c93930162901758f8723a84e011d4860b89beed66c768df09095e7,SAFE_LOAD_OK,dict,epoch;model_state_dict;projector_state_dict;vicreg_loss,model_state_dict,846,549,PARTIAL_STATE,20.0,16,SoilNetDualHead,True,True,True,10,2,2x128,10x128,True,False,True,False,MODEL_COMPATIBLE;HAS_REG_HEAD;HAS_CLS_HEAD;HAS_LIGHT_BRANCH;HAS_EPOCH,Parameter tensor count excludes running statistics/counters; classification uses normalized keys and source evidence.
sha256:e359a0cab46b163f90cb,CHECKPOINT_ROOT,checkpoints_VicReg_ImageNet_NEWXX/vicreg_mu_20.0_epoch_17.pth,vicreg_mu_20.0_epoch_17.pth,23422376,e359a0cab46b163f90cb78ea3e2c8c890e378b74b734e28db020741ec8a4a7cd,SAFE_LOAD_OK,dict,epoch;model_state_dict;projector_state_dict;vicreg_loss,model_state_dict,846,549,PARTIAL_STATE,20.0,17,SoilNetDualHead,True,True,True,10,2,2x128,10x128,True,False,True,False,MODEL_COMPATIBLE;HAS_REG_HEAD;HAS_CLS_HEAD;HAS_LIGHT_BRANCH;HAS_EPOCH,Parameter tensor count excludes running statistics/counters; classification uses normalized keys and source evidence.
sha256:7971d130c457447b0706,CHECKPOINT_ROOT,checkpoints_VicReg_ImageNet_NEWXX/vicreg_mu_20.0_epoch_18.pth,vicreg_mu_20.0_epoch_18.pth,23422376,7971d130c457447b0706e967ff1e5d0e5ae93ab2bc2ae97ebf2f5f5bb488ae59,SAFE_LOAD_OK,dict,epoch;model_state_dict;projector_state_dict;vicreg_loss,model_state_dict,846,549,PARTIAL_STATE,20.0,18,SoilNetDualHead,True,True,True,10,2,2x128,10x128,True,False,True,False,MODEL_COMPATIBLE;HAS_REG_HEAD;HAS_CLS_HEAD;HAS_LIGHT_BRANCH;HAS_EPOCH,Parameter tensor count excludes running statistics/counters; classification uses normalized keys and source evidence.
sha256:168822e958b7292c4649,CHECKPOINT_ROOT,checkpoints_VicReg_ImageNet_NEWXX/vicreg_mu_20.0_epoch_19.pth,vicreg_mu_20.0_epoch_19.pth,23422376,168822e958b7292c464977ad0dd374ab01fadfa552371cd29ba007bdda9a7d17,SAFE_LOAD_OK,dict,epoch;model_state_dict;projector_state_dict;vicreg_loss,model_state_dict,846,549,PARTIAL_STATE,20.0,19,SoilNetDualHead,True,True,True,10,2,2x128,10x128,True,False,True,False,MODEL_COMPATIBLE;HAS_REG_HEAD;HAS_CLS_HEAD;HAS_LIGHT_BRANCH;HAS_EPOCH,Parameter tensor count excludes running statistics/counters; classification uses normalized keys and source evidence.
sha256:7b9ebca45e2f0b2d8a13,CHECKPOINT_ROOT,checkpoints_VicReg_ImageNet_NEWXX/vicreg_mu_20.0_epoch_2.pth,vicreg_mu_20.0_epoch_2.pth,23421783,7b9ebca45e2f0b2d8a13b97d9ff586fd42b2d28af763175e6a278cadc03c3923,SAFE_LOAD_OK,dict,epoch;model_state_dict;projector_state_dict;vicreg_loss,model_state_dict,846,549,PARTIAL_STATE,20.0,2,SoilNetDualHead,True,True,True,10,2,2x128,10x128,True,False,True,False,MODEL_COMPATIBLE;HAS_REG_HEAD;HAS_CLS_HEAD;HAS_LIGHT_BRANCH;HAS_EPOCH,Parameter tensor count excludes running statistics/counters; classification uses normalized keys and source evidence.
sha256:70a8ca1962f69a12f4a2,CHECKPOINT_ROOT,checkpoints_VicReg_ImageNet_NEWXX/vicreg_mu_20.0_epoch_20.pth,vicreg_mu_20.0_epoch_20.pth,23422376,70a8ca1962f69a12f4a212aead577c88cd66bc27f24dad549a3dcf385e229384,SAFE_LOAD_OK,dict,epoch;model_state_dict;projector_state_dict;vicreg_loss,model_state_dict,846,549,PARTIAL_STATE,20.0,20,SoilNetDualHead,True,True,True,10,2,2x128,10x128,True,False,True,False,MODEL_COMPATIBLE;HAS_REG_HEAD;HAS_CLS_HEAD;HAS_LIGHT_BRANCH;HAS_EPOCH,Parameter tensor count excludes running statistics/counters; classification uses normalized keys and source evidence.
sha256:4a83a3b7a1dbf2e2fdfa,CHECKPOINT_ROOT,checkpoints_VicReg_ImageNet_NEWXX/vicreg_mu_20.0_epoch_21.pth,vicreg_mu_20.0_epoch_21.pth,23422376,4a83a3b7a1dbf2e2fdfa20057a5700d494d8e44384658c03084259efb3e3ccf0,SAFE_LOAD_OK,dict,epoch;model_state_dict;projector_state_dict;vicreg_loss,model_state_dict,846,549,PARTIAL_STATE,20.0,21,SoilNetDualHead,True,True,True,10,2,2x128,10x128,True,False,True,False,MODEL_COMPATIBLE;HAS_REG_HEAD;HAS_CLS_HEAD;HAS_LIGHT_BRANCH;HAS_EPOCH,Parameter tensor count excludes running statistics/counters; classification uses normalized keys and source evidence.
sha256:3b0a0108c78960824c9c,CHECKPOINT_ROOT,checkpoints_VicReg_ImageNet_NEWXX/vicreg_mu_20.0_epoch_22.pth,vicreg_mu_20.0_epoch_22.pth,23422376,3b0a0108c78960824c9c739b95287036f94dd99445ed691bf8bd1ce18b9b1125,SAFE_LOAD_OK,dict,epoch;model_state_dict;projector_state_dict;vicreg_loss,model_state_dict,846,549,PARTIAL_STATE,20.0,22,SoilNetDualHead,True,True,True,10,2,2x128,10x128,True,False,True,False,MODEL_COMPATIBLE;HAS_REG_HEAD;HAS_CLS_HEAD;HAS_LIGHT_BRANCH;HAS_EPOCH,Parameter tensor count excludes running statistics/counters; classification uses normalized keys and source evidence.
sha256:a87001c1f3854766678b,CHECKPOINT_ROOT,checkpoints_VicReg_ImageNet_NEWXX/vicreg_mu_20.0_epoch_23.pth,vicreg_mu_20.0_epoch_23.pth,23422376,a87001c1f3854766678b37fb7b03e8dabb24fc16f0c168e125bc4df38dd65b82,SAFE_LOAD_OK,dict,epoch;model_state_dict;projector_state_dict;vicreg_loss,model_state_dict,846,549,PARTIAL_STATE,20.0,23,SoilNetDualHead,True,True,True,10,2,2x128,10x128,True,False,True,False,MODEL_COMPATIBLE;HAS_REG_HEAD;HAS_CLS_HEAD;HAS_LIGHT_BRANCH;HAS_EPOCH,Parameter tensor count excludes running statistics/counters; classification uses normalized keys and source evidence.
sha256:6d32f57aa640b5d8efcc,CHECKPOINT_ROOT,checkpoints_VicReg_ImageNet_NEWXX/vicreg_mu_20.0_epoch_24.pth,vicreg_mu_20.0_epoch_24.pth,23422376,6d32f57aa640b5d8efccfe14e0dfcdfe12d81da8138b52b59e0afa2d5c7601af,SAFE_LOAD_OK,dict,epoch;model_state_dict;projector_state_dict;vicreg_loss,model_state_dict,846,549,PARTIAL_STATE,20.0,24,SoilNetDualHead,True,True,True,10,2,2x128,10x128,True,False,True,False,MODEL_COMPATIBLE;HAS_REG_HEAD;HAS_CLS_HEAD;HAS_LIGHT_BRANCH;HAS_EPOCH,Parameter tensor count excludes running statistics/counters; classification uses normalized keys and source evidence.
sha256:7511a30763131fe0b118,CHECKPOINT_ROOT,checkpoints_VicReg_ImageNet_NEWXX/vicreg_mu_20.0_epoch_25.pth,vicreg_mu_20.0_epoch_25.pth,23422376,7511a30763131fe0b118d4581ef14626e3bbd26783245946be1b78ab501edc14,SAFE_LOAD_OK,dict,epoch;model_state_dict;projector_state_dict;vicreg_loss,model_state_dict,846,549,PARTIAL_STATE,20.0,25,SoilNetDualHead,True,True,True,10,2,2x128,10x128,True,False,True,False,MODEL_COMPATIBLE;HAS_REG_HEAD;HAS_CLS_HEAD;HAS_LIGHT_BRANCH;HAS_EPOCH,Parameter tensor count excludes running statistics/counters; classification uses normalized keys and source evidence.
sha256:48872246e53da051fbf5,CHECKPOINT_ROOT,checkpoints_VicReg_ImageNet_NEWXX/vicreg_mu_20.0_epoch_26.pth,vicreg_mu_20.0_epoch_26.pth,23422376,48872246e53da051fbf530220bdb9facd23453b1982ab267f23c14e34fa592f6,SAFE_LOAD_OK,dict,epoch;model_state_dict;projector_state_dict;vicreg_loss,model_state_dict,846,549,PARTIAL_STATE,20.0,26,SoilNetDualHead,True,True,True,10,2,2x128,10x128,True,False,True,False,MODEL_COMPATIBLE;HAS_REG_HEAD;HAS_CLS_HEAD;HAS_LIGHT_BRANCH;HAS_EPOCH,Parameter tensor count excludes running statistics/counters; classification uses normalized keys and source evidence.
sha256:4a0df05effb52b39b5cb,CHECKPOINT_ROOT,checkpoints_VicReg_ImageNet_NEWXX/vicreg_mu_20.0_epoch_27.pth,vicreg_mu_20.0_epoch_27.pth,23422376,4a0df05effb52b39b5cb77a6b886ab8b97074c9ba05b9ea1f5be797ab8ce21c3,SAFE_LOAD_OK,dict,epoch;model_state_dict;projector_state_dict;vicreg_loss,model_state_dict,846,549,PARTIAL_STATE,20.0,27,SoilNetDualHead,True,True,True,10,2,2x128,10x128,True,False,True,False,MODEL_COMPATIBLE;HAS_REG_HEAD;HAS_CLS_HEAD;HAS_LIGHT_BRANCH;HAS_EPOCH,Parameter tensor count excludes running statistics/counters; classification uses normalized keys and source evidence.
sha256:b34cde1cd57bbb709d40,CHECKPOINT_ROOT,checkpoints_VicReg_ImageNet_NEWXX/vicreg_mu_20.0_epoch_28.pth,vicreg_mu_20.0_epoch_28.pth,23422376,b34cde1cd57bbb709d408ccc21ae620de6905268468a3a823208917d90167ef0,SAFE_LOAD_OK,dict,epoch;model_state_dict;projector_state_dict;vicreg_loss,model_state_dict,846,549,PARTIAL_STATE,20.0,28,SoilNetDualHead,True,True,True,10,2,2x128,10x128,True,False,True,False,MODEL_COMPATIBLE;HAS_REG_HEAD;HAS_CLS_HEAD;HAS_LIGHT_BRANCH;HAS_EPOCH,Parameter tensor count excludes running statistics/counters; classification uses normalized keys and source evidence.
sha256:f89676bb0c3ef9119a9b,CHECKPOINT_ROOT,checkpoints_VicReg_ImageNet_NEWXX/vicreg_mu_20.0_epoch_29.pth,vicreg_mu_20.0_epoch_29.pth,23422376,f89676bb0c3ef9119a9bc7bdbc68ee73674ccc222b70d04c8a85cace317fd58a,SAFE_LOAD_OK,dict,epoch;model_state_dict;projector_state_dict;vicreg_loss,model_state_dict,846,549,PARTIAL_STATE,20.0,29,SoilNetDualHead,True,True,True,10,2,2x128,10x128,True,False,True,False,MODEL_COMPATIBLE;HAS_REG_HEAD;HAS_CLS_HEAD;HAS_LIGHT_BRANCH;HAS_EPOCH,Parameter tensor count excludes running statistics/counters; classification uses normalized keys and source evidence.
sha256:366b78c8992f5662d5ce,CHECKPOINT_ROOT,checkpoints_VicReg_ImageNet_NEWXX/vicreg_mu_20.0_epoch_3.pth,vicreg_mu_20.0_epoch_3.pth,23421783,366b78c8992f5662d5ce77b62d991f2f64448a8fb3bda1feca1d47b172b981ad,SAFE_LOAD_OK,dict,epoch;model_state_dict;projector_state_dict;vicreg_loss,model_state_dict,846,549,PARTIAL_STATE,20.0,3,SoilNetDualHead,True,True,True,10,2,2x128,10x128,True,False,True,False,MODEL_COMPATIBLE;HAS_REG_HEAD;HAS_CLS_HEAD;HAS_LIGHT_BRANCH;HAS_EPOCH,Parameter tensor count excludes running statistics/counters; classification uses normalized keys and source evidence.
sha256:ea54f48c2f224211c46e,CHECKPOINT_ROOT,checkpoints_VicReg_ImageNet_NEWXX/vicreg_mu_20.0_epoch_30.pth,vicreg_mu_20.0_epoch_30.pth,23422376,ea54f48c2f224211c46ec4f4871818ba29cbbd98da0abdd733ecd332cd688ad6,SAFE_LOAD_OK,dict,epoch;model_state_dict;projector_state_dict;vicreg_loss,model_state_dict,846,549,PARTIAL_STATE,20.0,30,SoilNetDualHead,True,True,True,10,2,2x128,10x128,True,False,True,False,MODEL_COMPATIBLE;HAS_REG_HEAD;HAS_CLS_HEAD;HAS_LIGHT_BRANCH;HAS_EPOCH,Parameter tensor count excludes running statistics/counters; classification uses normalized keys and source evidence.
sha256:8fd468c2bd273036cbd2,CHECKPOINT_ROOT,checkpoints_VicReg_ImageNet_NEWXX/vicreg_mu_20.0_epoch_31.pth,vicreg_mu_20.0_epoch_31.pth,23422376,8fd468c2bd273036cbd25efe3a282031b441bdc2947bd564d31e5c13d45f6f8a,SAFE_LOAD_OK,dict,epoch;model_state_dict;projector_state_dict;vicreg_loss,model_state_dict,846,549,PARTIAL_STATE,20.0,31,SoilNetDualHead,True,True,True,10,2,2x128,10x128,True,False,True,False,MODEL_COMPATIBLE;HAS_REG_HEAD;HAS_CLS_HEAD;HAS_LIGHT_BRANCH;HAS_EPOCH,Parameter tensor count excludes running statistics/counters; classification uses normalized keys and source evidence.
sha256:8099f83d3796e44584ad,CHECKPOINT_ROOT,checkpoints_VicReg_ImageNet_NEWXX/vicreg_mu_20.0_epoch_32.pth,vicreg_mu_20.0_epoch_32.pth,23422376,8099f83d3796e44584ad3e94028c12d38e39376382c3012f70d114ba900116ff,SAFE_LOAD_OK,dict,epoch;model_state_dict;projector_state_dict;vicreg_loss,model_state_dict,846,549,PARTIAL_STATE,20.0,32,SoilNetDualHead,True,True,True,10,2,2x128,10x128,True,False,True,False,MODEL_COMPATIBLE;HAS_REG_HEAD;HAS_CLS_HEAD;HAS_LIGHT_BRANCH;HAS_EPOCH,Parameter tensor count excludes running statistics/counters; classification uses normalized keys and source evidence.
sha256:734d20e395e957a61305,CHECKPOINT_ROOT,checkpoints_VicReg_ImageNet_NEWXX/vicreg_mu_20.0_epoch_33.pth,vicreg_mu_20.0_epoch_33.pth,23422376,734d20e395e957a613055a6d57c92e195cfa8d9439f96833ad5650786b18a21e,SAFE_LOAD_OK,dict,epoch;model_state_dict;projector_state_dict;vicreg_loss,model_state_dict,846,549,PARTIAL_STATE,20.0,33,SoilNetDualHead,True,True,True,10,2,2x128,10x128,True,False,True,False,MODEL_COMPATIBLE;HAS_REG_HEAD;HAS_CLS_HEAD;HAS_LIGHT_BRANCH;HAS_EPOCH,Parameter tensor count excludes running statistics/counters; classification uses normalized keys and source evidence.
sha256:d77eb7079f71d0e8812e,CHECKPOINT_ROOT,checkpoints_VicReg_ImageNet_NEWXX/vicreg_mu_20.0_epoch_34.pth,vicreg_mu_20.0_epoch_34.pth,23422376,d77eb7079f71d0e8812e767bb49d10485dd0391472966cc596006165697ac248,SAFE_LOAD_OK,dict,epoch;model_state_dict;projector_state_dict;vicreg_loss,model_state_dict,846,549,PARTIAL_STATE,20.0,34,SoilNetDualHead,True,True,True,10,2,2x128,10x128,True,False,True,False,MODEL_COMPATIBLE;HAS_REG_HEAD;HAS_CLS_HEAD;HAS_LIGHT_BRANCH;HAS_EPOCH,Parameter tensor count excludes running statistics/counters; classification uses normalized keys and source evidence.
sha256:06cee4d91344e9303f11,CHECKPOINT_ROOT,checkpoints_VicReg_ImageNet_NEWXX/vicreg_mu_20.0_epoch_35.pth,vicreg_mu_20.0_epoch_35.pth,23422376,06cee4d91344e9303f11b4c5e495231e11351c928bae6c4b901d0c5a19d31d95,SAFE_LOAD_OK,dict,epoch;model_state_dict;projector_state_dict;vicreg_loss,model_state_dict,846,549,PARTIAL_STATE,20.0,35,SoilNetDualHead,True,True,True,10,2,2x128,10x128,True,False,True,False,MODEL_COMPATIBLE;HAS_REG_HEAD;HAS_CLS_HEAD;HAS_LIGHT_BRANCH;HAS_EPOCH,Parameter tensor count excludes running statistics/counters; classification uses normalized keys and source evidence.
sha256:4f45433f74e302680052,CHECKPOINT_ROOT,checkpoints_VicReg_ImageNet_NEWXX/vicreg_mu_20.0_epoch_36.pth,vicreg_mu_20.0_epoch_36.pth,23422376,4f45433f74e3026800528aa5bec52bead3bf48f727f6d86f12c2d6205bf33174,SAFE_LOAD_OK,dict,epoch;model_state_dict;projector_state_dict;vicreg_loss,model_state_dict,846,549,PARTIAL_STATE,20.0,36,SoilNetDualHead,True,True,True,10,2,2x128,10x128,True,False,True,False,MODEL_COMPATIBLE;HAS_REG_HEAD;HAS_CLS_HEAD;HAS_LIGHT_BRANCH;HAS_EPOCH,Parameter tensor count excludes running statistics/counters; classification uses normalized keys and source evidence.
sha256:3ff28fa36f6a7a3c776b,CHECKPOINT_ROOT,checkpoints_VicReg_ImageNet_NEWXX/vicreg_mu_20.0_epoch_37.pth,vicreg_mu_20.0_epoch_37.pth,23422376,3ff28fa36f6a7a3c776bf35d59b0ffd7dd43952d36d8bb5d771d7a7062cee5e9,SAFE_LOAD_OK,dict,epoch;model_state_dict;projector_state_dict;vicreg_loss,model_state_dict,846,549,PARTIAL_STATE,20.0,37,SoilNetDualHead,True,True,True,10,2,2x128,10x128,True,False,True,False,MODEL_COMPATIBLE;HAS_REG_HEAD;HAS_CLS_HEAD;HAS_LIGHT_BRANCH;HAS_EPOCH,Parameter tensor count excludes running statistics/counters; classification uses normalized keys and source evidence.
sha256:8d53a39abab81e5ad99a,CHECKPOINT_ROOT,checkpoints_VicReg_ImageNet_NEWXX/vicreg_mu_20.0_epoch_38.pth,vicreg_mu_20.0_epoch_38.pth,23422376,8d53a39abab81e5ad99a3114f0b69359e3c8e917b3509548c5d9d66482cd9b6e,SAFE_LOAD_OK,dict,epoch;model_state_dict;projector_state_dict;vicreg_loss,model_state_dict,846,549,PARTIAL_STATE,20.0,38,SoilNetDualHead,True,True,True,10,2,2x128,10x128,True,False,True,False,MODEL_COMPATIBLE;HAS_REG_HEAD;HAS_CLS_HEAD;HAS_LIGHT_BRANCH;HAS_EPOCH,Parameter tensor count excludes running statistics/counters; classification uses normalized keys and source evidence.
sha256:cf6d95798c375416bfaa,CHECKPOINT_ROOT,checkpoints_VicReg_ImageNet_NEWXX/vicreg_mu_20.0_epoch_39.pth,vicreg_mu_20.0_epoch_39.pth,23422376,cf6d95798c375416bfaae911b78f05d47544cd3be2a4f0c740f46bb637fb55ca,SAFE_LOAD_OK,dict,epoch;model_state_dict;projector_state_dict;vicreg_loss,model_state_dict,846,549,PARTIAL_STATE,20.0,39,SoilNetDualHead,True,True,True,10,2,2x128,10x128,True,False,True,False,MODEL_COMPATIBLE;HAS_REG_HEAD;HAS_CLS_HEAD;HAS_LIGHT_BRANCH;HAS_EPOCH,Parameter tensor count excludes running statistics/counters; classification uses normalized keys and source evidence.
sha256:790a231d5ef8a5c2ed02,CHECKPOINT_ROOT,checkpoints_VicReg_ImageNet_NEWXX/vicreg_mu_20.0_epoch_4.pth,vicreg_mu_20.0_epoch_4.pth,23421783,790a231d5ef8a5c2ed02862ea2a164c69bd8d0043c5c630f031669eb1f183755,SAFE_LOAD_OK,dict,epoch;model_state_dict;projector_state_dict;vicreg_loss,model_state_dict,846,549,PARTIAL_STATE,20.0,4,SoilNetDualHead,True,True,True,10,2,2x128,10x128,True,False,True,False,MODEL_COMPATIBLE;HAS_REG_HEAD;HAS_CLS_HEAD;HAS_LIGHT_BRANCH;HAS_EPOCH,Parameter tensor count excludes running statistics/counters; classification uses normalized keys and source evidence.
sha256:24d22fbe1950360fe1a6,CHECKPOINT_ROOT,checkpoints_VicReg_ImageNet_NEWXX/vicreg_mu_20.0_epoch_40.pth,vicreg_mu_20.0_epoch_40.pth,23422376,24d22fbe1950360fe1a69e45eea445e6f99db4e2b6c70f6c240a4f79fcb4b9e2,SAFE_LOAD_OK,dict,epoch;model_state_dict;projector_state_dict;vicreg_loss,model_state_dict,846,549,PARTIAL_STATE,20.0,40,SoilNetDualHead,True,True,True,10,2,2x128,10x128,True,False,True,False,MODEL_COMPATIBLE;HAS_REG_HEAD;HAS_CLS_HEAD;HAS_LIGHT_BRANCH;HAS_EPOCH,Parameter tensor count excludes running statistics/counters; classification uses normalized keys and source evidence.
sha256:d8cb39a2c998253db282,CHECKPOINT_ROOT,checkpoints_VicReg_ImageNet_NEWXX/vicreg_mu_20.0_epoch_41.pth,vicreg_mu_20.0_epoch_41.pth,23422376,d8cb39a2c998253db282f46b84ea1e42331b7e9b738a55591a8b6ef016653fe1,SAFE_LOAD_OK,dict,epoch;model_state_dict;projector_state_dict;vicreg_loss,model_state_dict,846,549,PARTIAL_STATE,20.0,41,SoilNetDualHead,True,True,True,10,2,2x128,10x128,True,False,True,False,MODEL_COMPATIBLE;HAS_REG_HEAD;HAS_CLS_HEAD;HAS_LIGHT_BRANCH;HAS_EPOCH,Parameter tensor count excludes running statistics/counters; classification uses normalized keys and source evidence.
sha256:7690aa42a813b2da87cc,CHECKPOINT_ROOT,checkpoints_VicReg_ImageNet_NEWXX/vicreg_mu_20.0_epoch_42.pth,vicreg_mu_20.0_epoch_42.pth,23422376,7690aa42a813b2da87cce696012319de99c6b52eac777000f2b8efae021db242,SAFE_LOAD_OK,dict,epoch;model_state_dict;projector_state_dict;vicreg_loss,model_state_dict,846,549,PARTIAL_STATE,20.0,42,SoilNetDualHead,True,True,True,10,2,2x128,10x128,True,False,True,False,MODEL_COMPATIBLE;HAS_REG_HEAD;HAS_CLS_HEAD;HAS_LIGHT_BRANCH;HAS_EPOCH,Parameter tensor count excludes running statistics/counters; classification uses normalized keys and source evidence.
sha256:5ab1d3ec6e3160f43cbe,CHECKPOINT_ROOT,checkpoints_VicReg_ImageNet_NEWXX/vicreg_mu_20.0_epoch_43.pth,vicreg_mu_20.0_epoch_43.pth,23422376,5ab1d3ec6e3160f43cbe6f71e0623023a6007d3c0ee1ec3d85f93e2fead42e11,SAFE_LOAD_OK,dict,epoch;model_state_dict;projector_state_dict;vicreg_loss,model_state_dict,846,549,PARTIAL_STATE,20.0,43,SoilNetDualHead,True,True,True,10,2,2x128,10x128,True,False,True,False,MODEL_COMPATIBLE;HAS_REG_HEAD;HAS_CLS_HEAD;HAS_LIGHT_BRANCH;HAS_EPOCH,Parameter tensor count excludes running statistics/counters; classification uses normalized keys and source evidence.
sha256:4237872185725457796d,CHECKPOINT_ROOT,checkpoints_VicReg_ImageNet_NEWXX/vicreg_mu_20.0_epoch_44.pth,vicreg_mu_20.0_epoch_44.pth,23422376,4237872185725457796d8858c4f48cf9f8799057ea661c3c8b5f06103367bbfd,SAFE_LOAD_OK,dict,epoch;model_state_dict;projector_state_dict;vicreg_loss,model_state_dict,846,549,PARTIAL_STATE,20.0,44,SoilNetDualHead,True,True,True,10,2,2x128,10x128,True,False,True,False,MODEL_COMPATIBLE;HAS_REG_HEAD;HAS_CLS_HEAD;HAS_LIGHT_BRANCH;HAS_EPOCH,Parameter tensor count excludes running statistics/counters; classification uses normalized keys and source evidence.
sha256:4e2995dcc65b29dfc3a4,CHECKPOINT_ROOT,checkpoints_VicReg_ImageNet_NEWXX/vicreg_mu_20.0_epoch_45.pth,vicreg_mu_20.0_epoch_45.pth,23422376,4e2995dcc65b29dfc3a4ccb56c10d83472a57cd50b3f38864d09f94d61053e51,SAFE_LOAD_OK,dict,epoch;model_state_dict;projector_state_dict;vicreg_loss,model_state_dict,846,549,PARTIAL_STATE,20.0,45,SoilNetDualHead,True,True,True,10,2,2x128,10x128,True,False,True,False,MODEL_COMPATIBLE;HAS_REG_HEAD;HAS_CLS_HEAD;HAS_LIGHT_BRANCH;HAS_EPOCH,Parameter tensor count excludes running statistics/counters; classification uses normalized keys and source evidence.
sha256:37852f84dec7f5c39d8c,CHECKPOINT_ROOT,checkpoints_VicReg_ImageNet_NEWXX/vicreg_mu_20.0_epoch_46.pth,vicreg_mu_20.0_epoch_46.pth,23422376,37852f84dec7f5c39d8c3d4c25888c7bcc761c0f7175bc9eca114e9345f0e500,SAFE_LOAD_OK,dict,epoch;model_state_dict;projector_state_dict;vicreg_loss,model_state_dict,846,549,PARTIAL_STATE,20.0,46,SoilNetDualHead,True,True,True,10,2,2x128,10x128,True,False,True,False,MODEL_COMPATIBLE;HAS_REG_HEAD;HAS_CLS_HEAD;HAS_LIGHT_BRANCH;HAS_EPOCH,Parameter tensor count excludes running statistics/counters; classification uses normalized keys and source evidence.
sha256:11bb0419783bea5be5ae,CHECKPOINT_ROOT,checkpoints_VicReg_ImageNet_NEWXX/vicreg_mu_20.0_epoch_47.pth,vicreg_mu_20.0_epoch_47.pth,23422376,11bb0419783bea5be5ae71bf05e25f13dff1f5d14b9412ee1fc012a179b53959,SAFE_LOAD_OK,dict,epoch;model_state_dict;projector_state_dict;vicreg_loss,model_state_dict,846,549,PARTIAL_STATE,20.0,47,SoilNetDualHead,True,True,True,10,2,2x128,10x128,True,False,True,False,MODEL_COMPATIBLE;HAS_REG_HEAD;HAS_CLS_HEAD;HAS_LIGHT_BRANCH;HAS_EPOCH,Parameter tensor count excludes running statistics/counters; classification uses normalized keys and source evidence.
sha256:4426ecc668d4a4c67e0c,CHECKPOINT_ROOT,checkpoints_VicReg_ImageNet_NEWXX/vicreg_mu_20.0_epoch_48.pth,vicreg_mu_20.0_epoch_48.pth,23422376,4426ecc668d4a4c67e0c39d58dfe918e2526a00aa318fc1c390d7c7f7888ac3e,SAFE_LOAD_OK,dict,epoch;model_state_dict;projector_state_dict;vicreg_loss,model_state_dict,846,549,PARTIAL_STATE,20.0,48,SoilNetDualHead,True,True,True,10,2,2x128,10x128,True,False,True,False,MODEL_COMPATIBLE;HAS_REG_HEAD;HAS_CLS_HEAD;HAS_LIGHT_BRANCH;HAS_EPOCH,Parameter tensor count excludes running statistics/counters; classification uses normalized keys and source evidence.
sha256:68d2c7e723f97114c6dd,CHECKPOINT_ROOT,checkpoints_VicReg_ImageNet_NEWXX/vicreg_mu_20.0_epoch_49.pth,vicreg_mu_20.0_epoch_49.pth,23422376,68d2c7e723f97114c6dd46c57daa138de4b4089dd5cbaa28103248bcaa02d68d,SAFE_LOAD_OK,dict,epoch;model_state_dict;projector_state_dict;vicreg_loss,model_state_dict,846,549,PARTIAL_STATE,20.0,49,SoilNetDualHead,True,True,True,10,2,2x128,10x128,True,False,True,False,MODEL_COMPATIBLE;HAS_REG_HEAD;HAS_CLS_HEAD;HAS_LIGHT_BRANCH;HAS_EPOCH,Parameter tensor count excludes running statistics/counters; classification uses normalized keys and source evidence.
sha256:2aef514f700ed29500e8,CHECKPOINT_ROOT,checkpoints_VicReg_ImageNet_NEWXX/vicreg_mu_20.0_epoch_5.pth,vicreg_mu_20.0_epoch_5.pth,23421783,2aef514f700ed29500e85036f0d9aa800be19b4593a093b2857fe7f42d47320b,SAFE_LOAD_OK,dict,epoch;model_state_dict;projector_state_dict;vicreg_loss,model_state_dict,846,549,PARTIAL_STATE,20.0,5,SoilNetDualHead,True,True,True,10,2,2x128,10x128,True,False,True,False,MODEL_COMPATIBLE;HAS_REG_HEAD;HAS_CLS_HEAD;HAS_LIGHT_BRANCH;HAS_EPOCH,Parameter tensor count excludes running statistics/counters; classification uses normalized keys and source evidence.
sha256:7f8be44f02e1261c1a80,CHECKPOINT_ROOT,checkpoints_VicReg_ImageNet_NEWXX/vicreg_mu_20.0_epoch_50.pth,vicreg_mu_20.0_epoch_50.pth,23422376,7f8be44f02e1261c1a80e23cd5c88e82f0efb6ac6335220fc561bf2c469a9302,SAFE_LOAD_OK,dict,epoch;model_state_dict;projector_state_dict;vicreg_loss,model_state_dict,846,549,PARTIAL_STATE,20.0,50,SoilNetDualHead,True,True,True,10,2,2x128,10x128,True,False,True,False,MODEL_COMPATIBLE;HAS_REG_HEAD;HAS_CLS_HEAD;HAS_LIGHT_BRANCH;HAS_EPOCH,Parameter tensor count excludes running statistics/counters; classification uses normalized keys and source evidence.
sha256:0b68d5ecaad733a12f50,CHECKPOINT_ROOT,checkpoints_VicReg_ImageNet_NEWXX/vicreg_mu_20.0_epoch_51.pth,vicreg_mu_20.0_epoch_51.pth,23422376,0b68d5ecaad733a12f50b886ec9d2420f7f2f836f5a97caaa1922f15cc60df1a,SAFE_LOAD_OK,dict,epoch;model_state_dict;projector_state_dict;vicreg_loss,model_state_dict,846,549,PARTIAL_STATE,20.0,51,SoilNetDualHead,True,True,True,10,2,2x128,10x128,True,False,True,False,MODEL_COMPATIBLE;HAS_REG_HEAD;HAS_CLS_HEAD;HAS_LIGHT_BRANCH;HAS_EPOCH,Parameter tensor count excludes running statistics/counters; classification uses normalized keys and source evidence.
sha256:874383d1dfec9d0a5f6e,CHECKPOINT_ROOT,checkpoints_VicReg_ImageNet_NEWXX/vicreg_mu_20.0_epoch_52.pth,vicreg_mu_20.0_epoch_52.pth,23422376,874383d1dfec9d0a5f6e678e64a0d482fa249ba1f2af59f4204e5cf0d7be8320,SAFE_LOAD_OK,dict,epoch;model_state_dict;projector_state_dict;vicreg_loss,model_state_dict,846,549,PARTIAL_STATE,20.0,52,SoilNetDualHead,True,True,True,10,2,2x128,10x128,True,False,True,False,MODEL_COMPATIBLE;HAS_REG_HEAD;HAS_CLS_HEAD;HAS_LIGHT_BRANCH;HAS_EPOCH,Parameter tensor count excludes running statistics/counters; classification uses normalized keys and source evidence.
sha256:187ce4a31c745173c792,CHECKPOINT_ROOT,checkpoints_VicReg_ImageNet_NEWXX/vicreg_mu_20.0_epoch_53.pth,vicreg_mu_20.0_epoch_53.pth,23422376,187ce4a31c745173c792119326f9a81e8fd212ae310c90bc1e35186b2e1b6aee,SAFE_LOAD_OK,dict,epoch;model_state_dict;projector_state_dict;vicreg_loss,model_state_dict,846,549,PARTIAL_STATE,20.0,53,SoilNetDualHead,True,True,True,10,2,2x128,10x128,True,False,True,False,MODEL_COMPATIBLE;HAS_REG_HEAD;HAS_CLS_HEAD;HAS_LIGHT_BRANCH;HAS_EPOCH,Parameter tensor count excludes running statistics/counters; classification uses normalized keys and source evidence.
sha256:9b92aec9db38fa741c0a,CHECKPOINT_ROOT,checkpoints_VicReg_ImageNet_NEWXX/vicreg_mu_20.0_epoch_54.pth,vicreg_mu_20.0_epoch_54.pth,23422376,9b92aec9db38fa741c0aa2c4260ebf0dd4722ece0276defc199a6e0da4990981,SAFE_LOAD_OK,dict,epoch;model_state_dict;projector_state_dict;vicreg_loss,model_state_dict,846,549,PARTIAL_STATE,20.0,54,SoilNetDualHead,True,True,True,10,2,2x128,10x128,True,False,True,False,MODEL_COMPATIBLE;HAS_REG_HEAD;HAS_CLS_HEAD;HAS_LIGHT_BRANCH;HAS_EPOCH,Parameter tensor count excludes running statistics/counters; classification uses normalized keys and source evidence.
sha256:47c1ac0bfb4200073017,CHECKPOINT_ROOT,checkpoints_VicReg_ImageNet_NEWXX/vicreg_mu_20.0_epoch_55.pth,vicreg_mu_20.0_epoch_55.pth,23422376,47c1ac0bfb420007301730338aebc7fa1593dc1f5cb33b2e0cf6e788925ef3ca,SAFE_LOAD_OK,dict,epoch;model_state_dict;projector_state_dict;vicreg_loss,model_state_dict,846,549,PARTIAL_STATE,20.0,55,SoilNetDualHead,True,True,True,10,2,2x128,10x128,True,False,True,False,MODEL_COMPATIBLE;HAS_REG_HEAD;HAS_CLS_HEAD;HAS_LIGHT_BRANCH;HAS_EPOCH,Parameter tensor count excludes running statistics/counters; classification uses normalized keys and source evidence.
sha256:92468bf69b4fd47de226,CHECKPOINT_ROOT,checkpoints_VicReg_ImageNet_NEWXX/vicreg_mu_20.0_epoch_56.pth,vicreg_mu_20.0_epoch_56.pth,23422376,92468bf69b4fd47de2268fa226ba006f58a1cf682a5e12c1eb79323e9ed5f8ce,SAFE_LOAD_OK,dict,epoch;model_state_dict;projector_state_dict;vicreg_loss,model_state_dict,846,549,PARTIAL_STATE,20.0,56,SoilNetDualHead,True,True,True,10,2,2x128,10x128,True,False,True,False,MODEL_COMPATIBLE;HAS_REG_HEAD;HAS_CLS_HEAD;HAS_LIGHT_BRANCH;HAS_EPOCH,Parameter tensor count excludes running statistics/counters; classification uses normalized keys and source evidence.
sha256:328d9e24dbb11bde1af9,CHECKPOINT_ROOT,checkpoints_VicReg_ImageNet_NEWXX/vicreg_mu_20.0_epoch_57.pth,vicreg_mu_20.0_epoch_57.pth,23422376,328d9e24dbb11bde1af9aeedfde4f621d84f577cb7da2ffa044613f738213309,SAFE_LOAD_OK,dict,epoch;model_state_dict;projector_state_dict;vicreg_loss,model_state_dict,846,549,PARTIAL_STATE,20.0,57,SoilNetDualHead,True,True,True,10,2,2x128,10x128,True,False,True,False,MODEL_COMPATIBLE;HAS_REG_HEAD;HAS_CLS_HEAD;HAS_LIGHT_BRANCH;HAS_EPOCH,Parameter tensor count excludes running statistics/counters; classification uses normalized keys and source evidence.
sha256:9da7557beb60c75d330f,CHECKPOINT_ROOT,checkpoints_VicReg_ImageNet_NEWXX/vicreg_mu_20.0_epoch_58.pth,vicreg_mu_20.0_epoch_58.pth,23422376,9da7557beb60c75d330f675e6538b1cfc45238f34e85b142f82c8c16ba2c153c,SAFE_LOAD_OK,dict,epoch;model_state_dict;projector_state_dict;vicreg_loss,model_state_dict,846,549,PARTIAL_STATE,20.0,58,SoilNetDualHead,True,True,True,10,2,2x128,10x128,True,False,True,False,MODEL_COMPATIBLE;HAS_REG_HEAD;HAS_CLS_HEAD;HAS_LIGHT_BRANCH;HAS_EPOCH,Parameter tensor count excludes running statistics/counters; classification uses normalized keys and source evidence.
sha256:52dbe0220571339e197d,CHECKPOINT_ROOT,checkpoints_VicReg_ImageNet_NEWXX/vicreg_mu_20.0_epoch_59.pth,vicreg_mu_20.0_epoch_59.pth,23422376,52dbe0220571339e197ddaf2e085a6df40c12b1328390b34bc2cbc6871853519,SAFE_LOAD_OK,dict,epoch;model_state_dict;projector_state_dict;vicreg_loss,model_state_dict,846,549,PARTIAL_STATE,20.0,59,SoilNetDualHead,True,True,True,10,2,2x128,10x128,True,False,True,False,MODEL_COMPATIBLE;HAS_REG_HEAD;HAS_CLS_HEAD;HAS_LIGHT_BRANCH;HAS_EPOCH,Parameter tensor count excludes running statistics/counters; classification uses normalized keys and source evidence.
sha256:69636791c92bcb52c662,CHECKPOINT_ROOT,checkpoints_VicReg_ImageNet_NEWXX/vicreg_mu_20.0_epoch_6.pth,vicreg_mu_20.0_epoch_6.pth,23421783,69636791c92bcb52c66214ad1ad7d43a7d89b7361ce7c8a07b6d6f84180fcb58,SAFE_LOAD_OK,dict,epoch;model_state_dict;projector_state_dict;vicreg_loss,model_state_dict,846,549,PARTIAL_STATE,20.0,6,SoilNetDualHead,True,True,True,10,2,2x128,10x128,True,False,True,False,MODEL_COMPATIBLE;HAS_REG_HEAD;HAS_CLS_HEAD;HAS_LIGHT_BRANCH;HAS_EPOCH,Parameter tensor count excludes running statistics/counters; classification uses normalized keys and source evidence.
sha256:9e919a27891e441eeb16,CHECKPOINT_ROOT,checkpoints_VicReg_ImageNet_NEWXX/vicreg_mu_20.0_epoch_60.pth,vicreg_mu_20.0_epoch_60.pth,23422376,9e919a27891e441eeb16dd31ecf1f1287f7cd4961527e08b65458700552ca62f,SAFE_LOAD_OK,dict,epoch;model_state_dict;projector_state_dict;vicreg_loss,model_state_dict,846,549,PARTIAL_STATE,20.0,60,SoilNetDualHead,True,True,True,10,2,2x128,10x128,True,False,True,False,MODEL_COMPATIBLE;HAS_REG_HEAD;HAS_CLS_HEAD;HAS_LIGHT_BRANCH;HAS_EPOCH,Parameter tensor count excludes running statistics/counters; classification uses normalized keys and source evidence.
sha256:ab5ea97550ce4945109e,CHECKPOINT_ROOT,checkpoints_VicReg_ImageNet_NEWXX/vicreg_mu_20.0_epoch_61.pth,vicreg_mu_20.0_epoch_61.pth,23422376,ab5ea97550ce4945109e3ff3530c67d6f9c57b546ac27844f95e66c673264620,SAFE_LOAD_OK,dict,epoch;model_state_dict;projector_state_dict;vicreg_loss,model_state_dict,846,549,PARTIAL_STATE,20.0,61,SoilNetDualHead,True,True,True,10,2,2x128,10x128,True,False,True,False,MODEL_COMPATIBLE;HAS_REG_HEAD;HAS_CLS_HEAD;HAS_LIGHT_BRANCH;HAS_EPOCH,Parameter tensor count excludes running statistics/counters; classification uses normalized keys and source evidence.
sha256:934dd1f939c54ace357f,CHECKPOINT_ROOT,checkpoints_VicReg_ImageNet_NEWXX/vicreg_mu_20.0_epoch_62.pth,vicreg_mu_20.0_epoch_62.pth,23422376,934dd1f939c54ace357f121a14b4d59fc02864e0089d2611fa05380079de2d7e,SAFE_LOAD_OK,dict,epoch;model_state_dict;projector_state_dict;vicreg_loss,model_state_dict,846,549,PARTIAL_STATE,20.0,62,SoilNetDualHead,True,True,True,10,2,2x128,10x128,True,False,True,False,MODEL_COMPATIBLE;HAS_REG_HEAD;HAS_CLS_HEAD;HAS_LIGHT_BRANCH;HAS_EPOCH,Parameter tensor count excludes running statistics/counters; classification uses normalized keys and source evidence.
sha256:d26b9363fa6be90a45f7,CHECKPOINT_ROOT,checkpoints_VicReg_ImageNet_NEWXX/vicreg_mu_20.0_epoch_63.pth,vicreg_mu_20.0_epoch_63.pth,23422376,d26b9363fa6be90a45f76f035935afd01a55e968fc2cff7958e60c4e122e6535,SAFE_LOAD_OK,dict,epoch;model_state_dict;projector_state_dict;vicreg_loss,model_state_dict,846,549,PARTIAL_STATE,20.0,63,SoilNetDualHead,True,True,True,10,2,2x128,10x128,True,False,True,False,MODEL_COMPATIBLE;HAS_REG_HEAD;HAS_CLS_HEAD;HAS_LIGHT_BRANCH;HAS_EPOCH,Parameter tensor count excludes running statistics/counters; classification uses normalized keys and source evidence.
sha256:b2eae141fb81f4634866,CHECKPOINT_ROOT,checkpoints_VicReg_ImageNet_NEWXX/vicreg_mu_20.0_epoch_64.pth,vicreg_mu_20.0_epoch_64.pth,23422376,b2eae141fb81f4634866584c25b1d3e95b83eb36716eab064872a61db6c3c268,SAFE_LOAD_OK,dict,epoch;model_state_dict;projector_state_dict;vicreg_loss,model_state_dict,846,549,PARTIAL_STATE,20.0,64,SoilNetDualHead,True,True,True,10,2,2x128,10x128,True,False,True,False,MODEL_COMPATIBLE;HAS_REG_HEAD;HAS_CLS_HEAD;HAS_LIGHT_BRANCH;HAS_EPOCH,Parameter tensor count excludes running statistics/counters; classification uses normalized keys and source evidence.
sha256:2ed72d1c87e2916ac9c3,CHECKPOINT_ROOT,checkpoints_VicReg_ImageNet_NEWXX/vicreg_mu_20.0_epoch_65.pth,vicreg_mu_20.0_epoch_65.pth,23422376,2ed72d1c87e2916ac9c30290cc2e583ced406b5b530b9f641bbe31b6adbbc054,SAFE_LOAD_OK,dict,epoch;model_state_dict;projector_state_dict;vicreg_loss,model_state_dict,846,549,PARTIAL_STATE,20.0,65,SoilNetDualHead,True,True,True,10,2,2x128,10x128,True,False,True,False,MODEL_COMPATIBLE;HAS_REG_HEAD;HAS_CLS_HEAD;HAS_LIGHT_BRANCH;HAS_EPOCH,Parameter tensor count excludes running statistics/counters; classification uses normalized keys and source evidence.
sha256:e4560e5600301b660c10,CHECKPOINT_ROOT,checkpoints_VicReg_ImageNet_NEWXX/vicreg_mu_20.0_epoch_66.pth,vicreg_mu_20.0_epoch_66.pth,23422376,e4560e5600301b660c10f4125a62c9b1459f51cb92b0eb33cd0bec743b00cb4d,SAFE_LOAD_OK,dict,epoch;model_state_dict;projector_state_dict;vicreg_loss,model_state_dict,846,549,PARTIAL_STATE,20.0,66,SoilNetDualHead,True,True,True,10,2,2x128,10x128,True,False,True,False,MODEL_COMPATIBLE;HAS_REG_HEAD;HAS_CLS_HEAD;HAS_LIGHT_BRANCH;HAS_EPOCH,Parameter tensor count excludes running statistics/counters; classification uses normalized keys and source evidence.
sha256:acff5e109dc49443c09b,CHECKPOINT_ROOT,checkpoints_VicReg_ImageNet_NEWXX/vicreg_mu_20.0_epoch_67.pth,vicreg_mu_20.0_epoch_67.pth,23422376,acff5e109dc49443c09bd9c390047e792de8c2ba9674097e8dbb6526fa263297,SAFE_LOAD_OK,dict,epoch;model_state_dict;projector_state_dict;vicreg_loss,model_state_dict,846,549,PARTIAL_STATE,20.0,67,SoilNetDualHead,True,True,True,10,2,2x128,10x128,True,False,True,False,MODEL_COMPATIBLE;HAS_REG_HEAD;HAS_CLS_HEAD;HAS_LIGHT_BRANCH;HAS_EPOCH,Parameter tensor count excludes running statistics/counters; classification uses normalized keys and source evidence.
sha256:041d1d2e6ae2c5a55ee4,CHECKPOINT_ROOT,checkpoints_VicReg_ImageNet_NEWXX/vicreg_mu_20.0_epoch_68.pth,vicreg_mu_20.0_epoch_68.pth,23422376,041d1d2e6ae2c5a55ee406a2d7ef28d77fec84dbc4884eff8fe533f3cd55a125,SAFE_LOAD_OK,dict,epoch;model_state_dict;projector_state_dict;vicreg_loss,model_state_dict,846,549,PARTIAL_STATE,20.0,68,SoilNetDualHead,True,True,True,10,2,2x128,10x128,True,False,True,False,MODEL_COMPATIBLE;HAS_REG_HEAD;HAS_CLS_HEAD;HAS_LIGHT_BRANCH;HAS_EPOCH,Parameter tensor count excludes running statistics/counters; classification uses normalized keys and source evidence.
sha256:0f9a8e0e6c55e1eb66be,CHECKPOINT_ROOT,checkpoints_VicReg_ImageNet_NEWXX/vicreg_mu_20.0_epoch_69.pth,vicreg_mu_20.0_epoch_69.pth,23422376,0f9a8e0e6c55e1eb66be23e8fe1bbac8b6ff03abe184e70c34daa28c2592edaa,SAFE_LOAD_OK,dict,epoch;model_state_dict;projector_state_dict;vicreg_loss,model_state_dict,846,549,PARTIAL_STATE,20.0,69,SoilNetDualHead,True,True,True,10,2,2x128,10x128,True,False,True,False,MODEL_COMPATIBLE;HAS_REG_HEAD;HAS_CLS_HEAD;HAS_LIGHT_BRANCH;HAS_EPOCH,Parameter tensor count excludes running statistics/counters; classification uses normalized keys and source evidence.
sha256:f489301259940a6e8228,CHECKPOINT_ROOT,checkpoints_VicReg_ImageNet_NEWXX/vicreg_mu_20.0_epoch_7.pth,vicreg_mu_20.0_epoch_7.pth,23421783,f489301259940a6e82289db91b1ac5ecaf63fb2c62dd78d54960d36a2abea7a2,SAFE_LOAD_OK,dict,epoch;model_state_dict;projector_state_dict;vicreg_loss,model_state_dict,846,549,PARTIAL_STATE,20.0,7,SoilNetDualHead,True,True,True,10,2,2x128,10x128,True,False,True,False,MODEL_COMPATIBLE;HAS_REG_HEAD;HAS_CLS_HEAD;HAS_LIGHT_BRANCH;HAS_EPOCH,Parameter tensor count excludes running statistics/counters; classification uses normalized keys and source evidence.
sha256:57ce775dd5d58ff9ce04,CHECKPOINT_ROOT,checkpoints_VicReg_ImageNet_NEWXX/vicreg_mu_20.0_epoch_70.pth,vicreg_mu_20.0_epoch_70.pth,23422376,57ce775dd5d58ff9ce045692f16c60596b41eb68b07ae2c626f30c055873d693,SAFE_LOAD_OK,dict,epoch;model_state_dict;projector_state_dict;vicreg_loss,model_state_dict,846,549,PARTIAL_STATE,20.0,70,SoilNetDualHead,True,True,True,10,2,2x128,10x128,True,False,True,False,MODEL_COMPATIBLE;HAS_REG_HEAD;HAS_CLS_HEAD;HAS_LIGHT_BRANCH;HAS_EPOCH,Parameter tensor count excludes running statistics/counters; classification uses normalized keys and source evidence.
sha256:2c2f4a9b5af24a364a68,CHECKPOINT_ROOT,checkpoints_VicReg_ImageNet_NEWXX/vicreg_mu_20.0_epoch_71.pth,vicreg_mu_20.0_epoch_71.pth,23422376,2c2f4a9b5af24a364a6884c5b651735602518566642348e4197448c1d212480f,SAFE_LOAD_OK,dict,epoch;model_state_dict;projector_state_dict;vicreg_loss,model_state_dict,846,549,PARTIAL_STATE,20.0,71,SoilNetDualHead,True,True,True,10,2,2x128,10x128,True,False,True,False,MODEL_COMPATIBLE;HAS_REG_HEAD;HAS_CLS_HEAD;HAS_LIGHT_BRANCH;HAS_EPOCH,Parameter tensor count excludes running statistics/counters; classification uses normalized keys and source evidence.
sha256:8d6103c56f45afd5e32c,CHECKPOINT_ROOT,checkpoints_VicReg_ImageNet_NEWXX/vicreg_mu_20.0_epoch_72.pth,vicreg_mu_20.0_epoch_72.pth,23422376,8d6103c56f45afd5e32c71afcdd64f7397cbd1e4c321dfe53f9834c06aa2b8c3,SAFE_LOAD_OK,dict,epoch;model_state_dict;projector_state_dict;vicreg_loss,model_state_dict,846,549,PARTIAL_STATE,20.0,72,SoilNetDualHead,True,True,True,10,2,2x128,10x128,True,False,True,False,MODEL_COMPATIBLE;HAS_REG_HEAD;HAS_CLS_HEAD;HAS_LIGHT_BRANCH;HAS_EPOCH,Parameter tensor count excludes running statistics/counters; classification uses normalized keys and source evidence.
sha256:ce237d21b2879aec4222,CHECKPOINT_ROOT,checkpoints_VicReg_ImageNet_NEWXX/vicreg_mu_20.0_epoch_73.pth,vicreg_mu_20.0_epoch_73.pth,23422376,ce237d21b2879aec42226d102e6733556ec4ad15eb1c80c0138f2c67711a8b0a,SAFE_LOAD_OK,dict,epoch;model_state_dict;projector_state_dict;vicreg_loss,model_state_dict,846,549,PARTIAL_STATE,20.0,73,SoilNetDualHead,True,True,True,10,2,2x128,10x128,True,False,True,False,MODEL_COMPATIBLE;HAS_REG_HEAD;HAS_CLS_HEAD;HAS_LIGHT_BRANCH;HAS_EPOCH,Parameter tensor count excludes running statistics/counters; classification uses normalized keys and source evidence.
sha256:b6f75b5e13695b71b6f1,CHECKPOINT_ROOT,checkpoints_VicReg_ImageNet_NEWXX/vicreg_mu_20.0_epoch_74.pth,vicreg_mu_20.0_epoch_74.pth,23422376,b6f75b5e13695b71b6f16fb368276c043feac124b674ba99125f52704caffecf,SAFE_LOAD_OK,dict,epoch;model_state_dict;projector_state_dict;vicreg_loss,model_state_dict,846,549,PARTIAL_STATE,20.0,74,SoilNetDualHead,True,True,True,10,2,2x128,10x128,True,False,True,False,MODEL_COMPATIBLE;HAS_REG_HEAD;HAS_CLS_HEAD;HAS_LIGHT_BRANCH;HAS_EPOCH,Parameter tensor count excludes running statistics/counters; classification uses normalized keys and source evidence.
sha256:08b7b955153af21f98df,CHECKPOINT_ROOT,checkpoints_VicReg_ImageNet_NEWXX/vicreg_mu_20.0_epoch_75.pth,vicreg_mu_20.0_epoch_75.pth,23422376,08b7b955153af21f98dff0e738734c3cf31fa71f98c9b29da17fc5e011899c1e,SAFE_LOAD_OK,dict,epoch;model_state_dict;projector_state_dict;vicreg_loss,model_state_dict,846,549,PARTIAL_STATE,20.0,75,SoilNetDualHead,True,True,True,10,2,2x128,10x128,True,False,True,False,MODEL_COMPATIBLE;HAS_REG_HEAD;HAS_CLS_HEAD;HAS_LIGHT_BRANCH;HAS_EPOCH,Parameter tensor count excludes running statistics/counters; classification uses normalized keys and source evidence.
sha256:3508e261fb8974589f12,CHECKPOINT_ROOT,checkpoints_VicReg_ImageNet_NEWXX/vicreg_mu_20.0_epoch_76.pth,vicreg_mu_20.0_epoch_76.pth,23422376,3508e261fb8974589f12516f878350163ecafe270abf1fbc1533b65108279f6e,SAFE_LOAD_OK,dict,epoch;model_state_dict;projector_state_dict;vicreg_loss,model_state_dict,846,549,PARTIAL_STATE,20.0,76,SoilNetDualHead,True,True,True,10,2,2x128,10x128,True,False,True,False,MODEL_COMPATIBLE;HAS_REG_HEAD;HAS_CLS_HEAD;HAS_LIGHT_BRANCH;HAS_EPOCH,Parameter tensor count excludes running statistics/counters; classification uses normalized keys and source evidence.
sha256:8879a5cd9fefa9ea34c4,CHECKPOINT_ROOT,checkpoints_VicReg_ImageNet_NEWXX/vicreg_mu_20.0_epoch_77.pth,vicreg_mu_20.0_epoch_77.pth,23422376,8879a5cd9fefa9ea34c42a5ad3ddcb12f5f847ccad6166f8858835603a21fc88,SAFE_LOAD_OK,dict,epoch;model_state_dict;projector_state_dict;vicreg_loss,model_state_dict,846,549,PARTIAL_STATE,20.0,77,SoilNetDualHead,True,True,True,10,2,2x128,10x128,True,False,True,False,MODEL_COMPATIBLE;HAS_REG_HEAD;HAS_CLS_HEAD;HAS_LIGHT_BRANCH;HAS_EPOCH,Parameter tensor count excludes running statistics/counters; classification uses normalized keys and source evidence.
sha256:a2657c22aa251c2f2334,CHECKPOINT_ROOT,checkpoints_VicReg_ImageNet_NEWXX/vicreg_mu_20.0_epoch_78.pth,vicreg_mu_20.0_epoch_78.pth,23422376,a2657c22aa251c2f2334236d8fdb15cb9860467fa98d0185b237fe51e6cea083,SAFE_LOAD_OK,dict,epoch;model_state_dict;projector_state_dict;vicreg_loss,model_state_dict,846,549,PARTIAL_STATE,20.0,78,SoilNetDualHead,True,True,True,10,2,2x128,10x128,True,False,True,False,MODEL_COMPATIBLE;HAS_REG_HEAD;HAS_CLS_HEAD;HAS_LIGHT_BRANCH;HAS_EPOCH,Parameter tensor count excludes running statistics/counters; classification uses normalized keys and source evidence.
sha256:4a9aa6efe13efe8a3c00,CHECKPOINT_ROOT,checkpoints_VicReg_ImageNet_NEWXX/vicreg_mu_20.0_epoch_79.pth,vicreg_mu_20.0_epoch_79.pth,23422376,4a9aa6efe13efe8a3c00c5da8d3ac57f2bf6cf3a8993c014588a8ae0dfdac359,SAFE_LOAD_OK,dict,epoch;model_state_dict;projector_state_dict;vicreg_loss,model_state_dict,846,549,PARTIAL_STATE,20.0,79,SoilNetDualHead,True,True,True,10,2,2x128,10x128,True,False,True,False,MODEL_COMPATIBLE;HAS_REG_HEAD;HAS_CLS_HEAD;HAS_LIGHT_BRANCH;HAS_EPOCH,Parameter tensor count excludes running statistics/counters; classification uses normalized keys and source evidence.
sha256:6e22b0a8e026a063487a,CHECKPOINT_ROOT,checkpoints_VicReg_ImageNet_NEWXX/vicreg_mu_20.0_epoch_8.pth,vicreg_mu_20.0_epoch_8.pth,23421783,6e22b0a8e026a063487aae7011ed3c1edb3e75e712c79fe9f371452b05aa5608,SAFE_LOAD_OK,dict,epoch;model_state_dict;projector_state_dict;vicreg_loss,model_state_dict,846,549,PARTIAL_STATE,20.0,8,SoilNetDualHead,True,True,True,10,2,2x128,10x128,True,False,True,False,MODEL_COMPATIBLE;HAS_REG_HEAD;HAS_CLS_HEAD;HAS_LIGHT_BRANCH;HAS_EPOCH,Parameter tensor count excludes running statistics/counters; classification uses normalized keys and source evidence.
sha256:2db1fe69cb4c71ff96e8,CHECKPOINT_ROOT,checkpoints_VicReg_ImageNet_NEWXX/vicreg_mu_20.0_epoch_80.pth,vicreg_mu_20.0_epoch_80.pth,23422376,2db1fe69cb4c71ff96e8f6124dc1e97b3937e728182aa834b59b92a41395c087,SAFE_LOAD_OK,dict,epoch;model_state_dict;projector_state_dict;vicreg_loss,model_state_dict,846,549,PARTIAL_STATE,20.0,80,SoilNetDualHead,True,True,True,10,2,2x128,10x128,True,False,True,False,MODEL_COMPATIBLE;HAS_REG_HEAD;HAS_CLS_HEAD;HAS_LIGHT_BRANCH;HAS_EPOCH,Parameter tensor count excludes running statistics/counters; classification uses normalized keys and source evidence.
sha256:d24ddb0e5e76867c68e3,CHECKPOINT_ROOT,checkpoints_VicReg_ImageNet_NEWXX/vicreg_mu_20.0_epoch_81.pth,vicreg_mu_20.0_epoch_81.pth,23422376,d24ddb0e5e76867c68e3e88b5bebc93e2e83b0fa809820ab03c22858911b6b8f,SAFE_LOAD_OK,dict,epoch;model_state_dict;projector_state_dict;vicreg_loss,model_state_dict,846,549,PARTIAL_STATE,20.0,81,SoilNetDualHead,True,True,True,10,2,2x128,10x128,True,False,True,False,MODEL_COMPATIBLE;HAS_REG_HEAD;HAS_CLS_HEAD;HAS_LIGHT_BRANCH;HAS_EPOCH,Parameter tensor count excludes running statistics/counters; classification uses normalized keys and source evidence.
sha256:c0b78bb583b2a27328ad,CHECKPOINT_ROOT,checkpoints_VicReg_ImageNet_NEWXX/vicreg_mu_20.0_epoch_82.pth,vicreg_mu_20.0_epoch_82.pth,23422376,c0b78bb583b2a27328ad11484ce8920f46f52edb9112d02001af13e89d5754da,SAFE_LOAD_OK,dict,epoch;model_state_dict;projector_state_dict;vicreg_loss,model_state_dict,846,549,PARTIAL_STATE,20.0,82,SoilNetDualHead,True,True,True,10,2,2x128,10x128,True,False,True,False,MODEL_COMPATIBLE;HAS_REG_HEAD;HAS_CLS_HEAD;HAS_LIGHT_BRANCH;HAS_EPOCH,Parameter tensor count excludes running statistics/counters; classification uses normalized keys and source evidence.
sha256:4be7806d643b023a20ea,CHECKPOINT_ROOT,checkpoints_VicReg_ImageNet_NEWXX/vicreg_mu_20.0_epoch_83.pth,vicreg_mu_20.0_epoch_83.pth,23422376,4be7806d643b023a20ea4cbf0f918df900cd23fb40a4bd321569e5635519422a,SAFE_LOAD_OK,dict,epoch;model_state_dict;projector_state_dict;vicreg_loss,model_state_dict,846,549,PARTIAL_STATE,20.0,83,SoilNetDualHead,True,True,True,10,2,2x128,10x128,True,False,True,False,MODEL_COMPATIBLE;HAS_REG_HEAD;HAS_CLS_HEAD;HAS_LIGHT_BRANCH;HAS_EPOCH,Parameter tensor count excludes running statistics/counters; classification uses normalized keys and source evidence.
sha256:1b3a0cf9bbae3945f619,CHECKPOINT_ROOT,checkpoints_VicReg_ImageNet_NEWXX/vicreg_mu_20.0_epoch_84.pth,vicreg_mu_20.0_epoch_84.pth,23422376,1b3a0cf9bbae3945f6195d3371007e0922c5a3982f9c23fb45be9c5483416ae9,SAFE_LOAD_OK,dict,epoch;model_state_dict;projector_state_dict;vicreg_loss,model_state_dict,846,549,PARTIAL_STATE,20.0,84,SoilNetDualHead,True,True,True,10,2,2x128,10x128,True,False,True,False,MODEL_COMPATIBLE;HAS_REG_HEAD;HAS_CLS_HEAD;HAS_LIGHT_BRANCH;HAS_EPOCH,Parameter tensor count excludes running statistics/counters; classification uses normalized keys and source evidence.
sha256:882b7fbb0a15e6f829c6,CHECKPOINT_ROOT,checkpoints_VicReg_ImageNet_NEWXX/vicreg_mu_20.0_epoch_85.pth,vicreg_mu_20.0_epoch_85.pth,23422376,882b7fbb0a15e6f829c66c2b80bd284e3ce0d215ba90cc51164fddff76848406,SAFE_LOAD_OK,dict,epoch;model_state_dict;projector_state_dict;vicreg_loss,model_state_dict,846,549,PARTIAL_STATE,20.0,85,SoilNetDualHead,True,True,True,10,2,2x128,10x128,True,False,True,False,MODEL_COMPATIBLE;HAS_REG_HEAD;HAS_CLS_HEAD;HAS_LIGHT_BRANCH;HAS_EPOCH,Parameter tensor count excludes running statistics/counters; classification uses normalized keys and source evidence.
sha256:d46664f2597a8ddeb375,CHECKPOINT_ROOT,checkpoints_VicReg_ImageNet_NEWXX/vicreg_mu_20.0_epoch_86.pth,vicreg_mu_20.0_epoch_86.pth,23422376,d46664f2597a8ddeb375203d0904ba9777739c14b91e36013da98d81b2264bef,SAFE_LOAD_OK,dict,epoch;model_state_dict;projector_state_dict;vicreg_loss,model_state_dict,846,549,PARTIAL_STATE,20.0,86,SoilNetDualHead,True,True,True,10,2,2x128,10x128,True,False,True,False,MODEL_COMPATIBLE;HAS_REG_HEAD;HAS_CLS_HEAD;HAS_LIGHT_BRANCH;HAS_EPOCH,Parameter tensor count excludes running statistics/counters; classification uses normalized keys and source evidence.
sha256:5e9d33d4393a8e3df60a,CHECKPOINT_ROOT,checkpoints_VicReg_ImageNet_NEWXX/vicreg_mu_20.0_epoch_87.pth,vicreg_mu_20.0_epoch_87.pth,23422376,5e9d33d4393a8e3df60a434b60a724cc101ed3a5132a07c7ae198cbd33712c11,SAFE_LOAD_OK,dict,epoch;model_state_dict;projector_state_dict;vicreg_loss,model_state_dict,846,549,PARTIAL_STATE,20.0,87,SoilNetDualHead,True,True,True,10,2,2x128,10x128,True,False,True,False,MODEL_COMPATIBLE;HAS_REG_HEAD;HAS_CLS_HEAD;HAS_LIGHT_BRANCH;HAS_EPOCH,Parameter tensor count excludes running statistics/counters; classification uses normalized keys and source evidence.
sha256:d3fa13ce0c0456fe9201,CHECKPOINT_ROOT,checkpoints_VicReg_ImageNet_NEWXX/vicreg_mu_20.0_epoch_88.pth,vicreg_mu_20.0_epoch_88.pth,23422376,d3fa13ce0c0456fe92012980017ff58eda37eca7bc6174f2e3ea93b481bfa5dc,SAFE_LOAD_OK,dict,epoch;model_state_dict;projector_state_dict;vicreg_loss,model_state_dict,846,549,PARTIAL_STATE,20.0,88,SoilNetDualHead,True,True,True,10,2,2x128,10x128,True,False,True,False,MODEL_COMPATIBLE;HAS_REG_HEAD;HAS_CLS_HEAD;HAS_LIGHT_BRANCH;HAS_EPOCH,Parameter tensor count excludes running statistics/counters; classification uses normalized keys and source evidence.
sha256:8fdbda0deadf086d18c8,CHECKPOINT_ROOT,checkpoints_VicReg_ImageNet_NEWXX/vicreg_mu_20.0_epoch_89.pth,vicreg_mu_20.0_epoch_89.pth,23422376,8fdbda0deadf086d18c867581bf02dec45cb9d4c596ade2604a3857a385375ec,SAFE_LOAD_OK,dict,epoch;model_state_dict;projector_state_dict;vicreg_loss,model_state_dict,846,549,PARTIAL_STATE,20.0,89,SoilNetDualHead,True,True,True,10,2,2x128,10x128,True,False,True,False,MODEL_COMPATIBLE;HAS_REG_HEAD;HAS_CLS_HEAD;HAS_LIGHT_BRANCH;HAS_EPOCH,Parameter tensor count excludes running statistics/counters; classification uses normalized keys and source evidence.
sha256:ee6962a85794f0a2e2b3,CHECKPOINT_ROOT,checkpoints_VicReg_ImageNet_NEWXX/vicreg_mu_20.0_epoch_9.pth,vicreg_mu_20.0_epoch_9.pth,23421783,ee6962a85794f0a2e2b30021abc07af266ac243419fe74b3b09ad06ac1024f84,SAFE_LOAD_OK,dict,epoch;model_state_dict;projector_state_dict;vicreg_loss,model_state_dict,846,549,PARTIAL_STATE,20.0,9,SoilNetDualHead,True,True,True,10,2,2x128,10x128,True,False,True,False,MODEL_COMPATIBLE;HAS_REG_HEAD;HAS_CLS_HEAD;HAS_LIGHT_BRANCH;HAS_EPOCH,Parameter tensor count excludes running statistics/counters; classification uses normalized keys and source evidence.
sha256:981bc3054b5daa102926,CHECKPOINT_ROOT,checkpoints_VicReg_ImageNet_NEWXX/vicreg_mu_20.0_epoch_90.pth,vicreg_mu_20.0_epoch_90.pth,23422376,981bc3054b5daa102926a5c4f4b94bba61a4f2439a82b09cdbc983bc6eb475ee,SAFE_LOAD_OK,dict,epoch;model_state_dict;projector_state_dict;vicreg_loss,model_state_dict,846,549,PARTIAL_STATE,20.0,90,SoilNetDualHead,True,True,True,10,2,2x128,10x128,True,False,True,False,MODEL_COMPATIBLE;HAS_REG_HEAD;HAS_CLS_HEAD;HAS_LIGHT_BRANCH;HAS_EPOCH,Parameter tensor count excludes running statistics/counters; classification uses normalized keys and source evidence.
sha256:4011f1d1005527de47ac,CHECKPOINT_ROOT,checkpoints_VicReg_ImageNet_NEWXX/vicreg_mu_20.0_epoch_91.pth,vicreg_mu_20.0_epoch_91.pth,23422376,4011f1d1005527de47ac92c9671e088be62eab22917a0767821c1f91b3ba20a4,SAFE_LOAD_OK,dict,epoch;model_state_dict;projector_state_dict;vicreg_loss,model_state_dict,846,549,PARTIAL_STATE,20.0,91,SoilNetDualHead,True,True,True,10,2,2x128,10x128,True,False,True,False,MODEL_COMPATIBLE;HAS_REG_HEAD;HAS_CLS_HEAD;HAS_LIGHT_BRANCH;HAS_EPOCH,Parameter tensor count excludes running statistics/counters; classification uses normalized keys and source evidence.
sha256:e68fd76223adea73f74f,CHECKPOINT_ROOT,checkpoints_VicReg_ImageNet_NEWXX/vicreg_mu_20.0_epoch_92.pth,vicreg_mu_20.0_epoch_92.pth,23422376,e68fd76223adea73f74f57db83cec69edc31c1a96cbe5faed6ad298d00564a66,SAFE_LOAD_OK,dict,epoch;model_state_dict;projector_state_dict;vicreg_loss,model_state_dict,846,549,PARTIAL_STATE,20.0,92,SoilNetDualHead,True,True,True,10,2,2x128,10x128,True,False,True,False,MODEL_COMPATIBLE;HAS_REG_HEAD;HAS_CLS_HEAD;HAS_LIGHT_BRANCH;HAS_EPOCH,Parameter tensor count excludes running statistics/counters; classification uses normalized keys and source evidence.
sha256:0f7c089b0db1abdab47f,CHECKPOINT_ROOT,checkpoints_VicReg_ImageNet_NEWXX/vicreg_mu_20.0_epoch_93.pth,vicreg_mu_20.0_epoch_93.pth,23422376,0f7c089b0db1abdab47f187e10c3f0f5c9b916ea370aaf75b8e08e6754b128e0,SAFE_LOAD_OK,dict,epoch;model_state_dict;projector_state_dict;vicreg_loss,model_state_dict,846,549,PARTIAL_STATE,20.0,93,SoilNetDualHead,True,True,True,10,2,2x128,10x128,True,False,True,False,MODEL_COMPATIBLE;HAS_REG_HEAD;HAS_CLS_HEAD;HAS_LIGHT_BRANCH;HAS_EPOCH,Parameter tensor count excludes running statistics/counters; classification uses normalized keys and source evidence.
sha256:8e4f29cf5c273bd686c1,CHECKPOINT_ROOT,checkpoints_VicReg_ImageNet_NEWXX/vicreg_mu_20.0_epoch_94.pth,vicreg_mu_20.0_epoch_94.pth,23422376,8e4f29cf5c273bd686c1ebc682138438c488308f3aa62901dec4cb15b09ef4b7,SAFE_LOAD_OK,dict,epoch;model_state_dict;projector_state_dict;vicreg_loss,model_state_dict,846,549,PARTIAL_STATE,20.0,94,SoilNetDualHead,True,True,True,10,2,2x128,10x128,True,False,True,False,MODEL_COMPATIBLE;HAS_REG_HEAD;HAS_CLS_HEAD;HAS_LIGHT_BRANCH;HAS_EPOCH,Parameter tensor count excludes running statistics/counters; classification uses normalized keys and source evidence.
sha256:ebb26b047df89a196501,CHECKPOINT_ROOT,checkpoints_VicReg_ImageNet_NEWXX/vicreg_mu_20.0_epoch_95.pth,vicreg_mu_20.0_epoch_95.pth,23422376,ebb26b047df89a1965016f734d5e5a99a2ea125f12634108f95aa3d72441c16d,SAFE_LOAD_OK,dict,epoch;model_state_dict;projector_state_dict;vicreg_loss,model_state_dict,846,549,PARTIAL_STATE,20.0,95,SoilNetDualHead,True,True,True,10,2,2x128,10x128,True,False,True,False,MODEL_COMPATIBLE;HAS_REG_HEAD;HAS_CLS_HEAD;HAS_LIGHT_BRANCH;HAS_EPOCH,Parameter tensor count excludes running statistics/counters; classification uses normalized keys and source evidence.
sha256:4e295fc71f2949279fcd,CHECKPOINT_ROOT,checkpoints_VicReg_ImageNet_NEWXX/vicreg_mu_20.0_epoch_96.pth,vicreg_mu_20.0_epoch_96.pth,23422376,4e295fc71f2949279fcdbae6ef61749fd34ccf7ae6d47ddcd09081e194097db1,SAFE_LOAD_OK,dict,epoch;model_state_dict;projector_state_dict;vicreg_loss,model_state_dict,846,549,PARTIAL_STATE,20.0,96,SoilNetDualHead,True,True,True,10,2,2x128,10x128,True,False,True,False,MODEL_COMPATIBLE;HAS_REG_HEAD;HAS_CLS_HEAD;HAS_LIGHT_BRANCH;HAS_EPOCH,Parameter tensor count excludes running statistics/counters; classification uses normalized keys and source evidence.
sha256:53e3abae545878b5a9a6,CHECKPOINT_ROOT,checkpoints_VicReg_ImageNet_NEWXX/vicreg_mu_20.0_epoch_97.pth,vicreg_mu_20.0_epoch_97.pth,23422376,53e3abae545878b5a9a6ba5cff69ffdb55189cea1661b65112276fc16b8c28d1,SAFE_LOAD_OK,dict,epoch;model_state_dict;projector_state_dict;vicreg_loss,model_state_dict,846,549,PARTIAL_STATE,20.0,97,SoilNetDualHead,True,True,True,10,2,2x128,10x128,True,False,True,False,MODEL_COMPATIBLE;HAS_REG_HEAD;HAS_CLS_HEAD;HAS_LIGHT_BRANCH;HAS_EPOCH,Parameter tensor count excludes running statistics/counters; classification uses normalized keys and source evidence.
sha256:2d31fdf8ce0c6cf69427,CHECKPOINT_ROOT,checkpoints_VicReg_ImageNet_NEWXX/vicreg_mu_20.0_epoch_98.pth,vicreg_mu_20.0_epoch_98.pth,23422376,2d31fdf8ce0c6cf69427de348801ba4142e46325a7d381dd65761eec77f83849,SAFE_LOAD_OK,dict,epoch;model_state_dict;projector_state_dict;vicreg_loss,model_state_dict,846,549,PARTIAL_STATE,20.0,98,SoilNetDualHead,True,True,True,10,2,2x128,10x128,True,False,True,False,MODEL_COMPATIBLE;HAS_REG_HEAD;HAS_CLS_HEAD;HAS_LIGHT_BRANCH;HAS_EPOCH,Parameter tensor count excludes running statistics/counters; classification uses normalized keys and source evidence.
sha256:29498043f11f9c2cfe55,CHECKPOINT_ROOT,checkpoints_VicReg_ImageNet_NEWXX/vicreg_mu_20.0_epoch_99.pth,vicreg_mu_20.0_epoch_99.pth,23422376,29498043f11f9c2cfe553a5a9967fa81aceecc2660fcb063e684ea705da4c7d3,SAFE_LOAD_OK,dict,epoch;model_state_dict;projector_state_dict;vicreg_loss,model_state_dict,846,549,PARTIAL_STATE,20.0,99,SoilNetDualHead,True,True,True,10,2,2x128,10x128,True,False,True,False,MODEL_COMPATIBLE;HAS_REG_HEAD;HAS_CLS_HEAD;HAS_LIGHT_BRANCH;HAS_EPOCH,Parameter tensor count excludes running statistics/counters; classification uses normalized keys and source evidence.
sha256:2a6aa5fd74b25ec6c8e4,CHECKPOINT_ROOT,checkpoints_VicReg_ImageNet_NEWXX/vicreg_mu_23.0_epoch_1.pth,vicreg_mu_23.0_epoch_1.pth,23421783,2a6aa5fd74b25ec6c8e4507b8d6260644cadcfe75b9e9a5ab25821f363a2d44a,SAFE_LOAD_OK,dict,epoch;model_state_dict;projector_state_dict;vicreg_loss,model_state_dict,846,549,PARTIAL_STATE,23.0,1,SoilNetDualHead,True,True,True,10,2,2x128,10x128,True,False,True,False,MODEL_COMPATIBLE;HAS_REG_HEAD;HAS_CLS_HEAD;HAS_LIGHT_BRANCH;HAS_EPOCH,Parameter tensor count excludes running statistics/counters; classification uses normalized keys and source evidence.
sha256:0c02915c5f5f4cc981d3,CHECKPOINT_ROOT,checkpoints_VicReg_ImageNet_NEWXX/vicreg_mu_23.0_epoch_10.pth,vicreg_mu_23.0_epoch_10.pth,23422376,0c02915c5f5f4cc981d3b58638add8ce110dea3b473d56f3ed573c852d91901f,SAFE_LOAD_OK,dict,epoch;model_state_dict;projector_state_dict;vicreg_loss,model_state_dict,846,549,PARTIAL_STATE,23.0,10,SoilNetDualHead,True,True,True,10,2,2x128,10x128,True,False,True,False,MODEL_COMPATIBLE;HAS_REG_HEAD;HAS_CLS_HEAD;HAS_LIGHT_BRANCH;HAS_EPOCH,Parameter tensor count excludes running statistics/counters; classification uses normalized keys and source evidence.
sha256:64f99f8c126f9b084eae,CHECKPOINT_ROOT,checkpoints_VicReg_ImageNet_NEWXX/vicreg_mu_23.0_epoch_11.pth,vicreg_mu_23.0_epoch_11.pth,23422376,64f99f8c126f9b084eae77a8426fb8888655050cc87d57e7a7c7c3813385b352,SAFE_LOAD_OK,dict,epoch;model_state_dict;projector_state_dict;vicreg_loss,model_state_dict,846,549,PARTIAL_STATE,23.0,11,SoilNetDualHead,True,True,True,10,2,2x128,10x128,True,False,True,False,MODEL_COMPATIBLE;HAS_REG_HEAD;HAS_CLS_HEAD;HAS_LIGHT_BRANCH;HAS_EPOCH,Parameter tensor count excludes running statistics/counters; classification uses normalized keys and source evidence.
sha256:eb89a32fc42095127138,CHECKPOINT_ROOT,checkpoints_VicReg_ImageNet_NEWXX/vicreg_mu_23.0_epoch_12.pth,vicreg_mu_23.0_epoch_12.pth,23422376,eb89a32fc4209512713832c18848c48474eda2a6187fb06982190f782466d62c,SAFE_LOAD_OK,dict,epoch;model_state_dict;projector_state_dict;vicreg_loss,model_state_dict,846,549,PARTIAL_STATE,23.0,12,SoilNetDualHead,True,True,True,10,2,2x128,10x128,True,False,True,False,MODEL_COMPATIBLE;HAS_REG_HEAD;HAS_CLS_HEAD;HAS_LIGHT_BRANCH;HAS_EPOCH,Parameter tensor count excludes running statistics/counters; classification uses normalized keys and source evidence.
sha256:5a7d19551fd5fccc4dbf,CHECKPOINT_ROOT,checkpoints_VicReg_ImageNet_NEWXX/vicreg_mu_23.0_epoch_13.pth,vicreg_mu_23.0_epoch_13.pth,23422376,5a7d19551fd5fccc4dbf6953aef20493fa00d16c821738d15f6ebcce4b5a6f31,SAFE_LOAD_OK,dict,epoch;model_state_dict;projector_state_dict;vicreg_loss,model_state_dict,846,549,PARTIAL_STATE,23.0,13,SoilNetDualHead,True,True,True,10,2,2x128,10x128,True,False,True,False,MODEL_COMPATIBLE;HAS_REG_HEAD;HAS_CLS_HEAD;HAS_LIGHT_BRANCH;HAS_EPOCH,Parameter tensor count excludes running statistics/counters; classification uses normalized keys and source evidence.
sha256:e9b6d36c598d43b3f65d,CHECKPOINT_ROOT,checkpoints_VicReg_ImageNet_NEWXX/vicreg_mu_23.0_epoch_14.pth,vicreg_mu_23.0_epoch_14.pth,23422376,e9b6d36c598d43b3f65dda322199f1ae58c8c539e7b9251302657d6b57ad55c2,SAFE_LOAD_OK,dict,epoch;model_state_dict;projector_state_dict;vicreg_loss,model_state_dict,846,549,PARTIAL_STATE,23.0,14,SoilNetDualHead,True,True,True,10,2,2x128,10x128,True,False,True,False,MODEL_COMPATIBLE;HAS_REG_HEAD;HAS_CLS_HEAD;HAS_LIGHT_BRANCH;HAS_EPOCH,Parameter tensor count excludes running statistics/counters; classification uses normalized keys and source evidence.
sha256:c45d850eb428285d2980,CHECKPOINT_ROOT,checkpoints_VicReg_ImageNet_NEWXX/vicreg_mu_23.0_epoch_15.pth,vicreg_mu_23.0_epoch_15.pth,23422376,c45d850eb428285d29803a96e6e56910ede3d78e16521beb40da744d0b9bc8e6,SAFE_LOAD_OK,dict,epoch;model_state_dict;projector_state_dict;vicreg_loss,model_state_dict,846,549,PARTIAL_STATE,23.0,15,SoilNetDualHead,True,True,True,10,2,2x128,10x128,True,False,True,False,MODEL_COMPATIBLE;HAS_REG_HEAD;HAS_CLS_HEAD;HAS_LIGHT_BRANCH;HAS_EPOCH,Parameter tensor count excludes running statistics/counters; classification uses normalized keys and source evidence.
sha256:e9529153cc9e2a14786e,CHECKPOINT_ROOT,checkpoints_VicReg_ImageNet_NEWXX/vicreg_mu_23.0_epoch_16.pth,vicreg_mu_23.0_epoch_16.pth,23422376,e9529153cc9e2a14786e893207c91b5ccb4f3f40000ded7426bc556b04ae7fea,SAFE_LOAD_OK,dict,epoch;model_state_dict;projector_state_dict;vicreg_loss,model_state_dict,846,549,PARTIAL_STATE,23.0,16,SoilNetDualHead,True,True,True,10,2,2x128,10x128,True,False,True,False,MODEL_COMPATIBLE;HAS_REG_HEAD;HAS_CLS_HEAD;HAS_LIGHT_BRANCH;HAS_EPOCH,Parameter tensor count excludes running statistics/counters; classification uses normalized keys and source evidence.
sha256:5e6a9c99a6bbf709382f,CHECKPOINT_ROOT,checkpoints_VicReg_ImageNet_NEWXX/vicreg_mu_23.0_epoch_17.pth,vicreg_mu_23.0_epoch_17.pth,23422376,5e6a9c99a6bbf709382f5639bc80cec61fbec01cc308f02b4f05fa2c8718a213,SAFE_LOAD_OK,dict,epoch;model_state_dict;projector_state_dict;vicreg_loss,model_state_dict,846,549,PARTIAL_STATE,23.0,17,SoilNetDualHead,True,True,True,10,2,2x128,10x128,True,False,True,False,MODEL_COMPATIBLE;HAS_REG_HEAD;HAS_CLS_HEAD;HAS_LIGHT_BRANCH;HAS_EPOCH,Parameter tensor count excludes running statistics/counters; classification uses normalized keys and source evidence.
sha256:88d5a5c8131e993605c2,CHECKPOINT_ROOT,checkpoints_VicReg_ImageNet_NEWXX/vicreg_mu_23.0_epoch_18.pth,vicreg_mu_23.0_epoch_18.pth,23422376,88d5a5c8131e993605c2339be2ce9424ad35eaae0d47d8ccadeba7d46adbf843,SAFE_LOAD_OK,dict,epoch;model_state_dict;projector_state_dict;vicreg_loss,model_state_dict,846,549,PARTIAL_STATE,23.0,18,SoilNetDualHead,True,True,True,10,2,2x128,10x128,True,False,True,False,MODEL_COMPATIBLE;HAS_REG_HEAD;HAS_CLS_HEAD;HAS_LIGHT_BRANCH;HAS_EPOCH,Parameter tensor count excludes running statistics/counters; classification uses normalized keys and source evidence.
sha256:5c1c8f8872629fbde7d3,CHECKPOINT_ROOT,checkpoints_VicReg_ImageNet_NEWXX/vicreg_mu_23.0_epoch_19.pth,vicreg_mu_23.0_epoch_19.pth,23422376,5c1c8f8872629fbde7d3bdf5a58be4a266f975fd25c5ece7852bafd563bfc8e6,SAFE_LOAD_OK,dict,epoch;model_state_dict;projector_state_dict;vicreg_loss,model_state_dict,846,549,PARTIAL_STATE,23.0,19,SoilNetDualHead,True,True,True,10,2,2x128,10x128,True,False,True,False,MODEL_COMPATIBLE;HAS_REG_HEAD;HAS_CLS_HEAD;HAS_LIGHT_BRANCH;HAS_EPOCH,Parameter tensor count excludes running statistics/counters; classification uses normalized keys and source evidence.
sha256:15cc9fd4b0261897b5e7,CHECKPOINT_ROOT,checkpoints_VicReg_ImageNet_NEWXX/vicreg_mu_23.0_epoch_2.pth,vicreg_mu_23.0_epoch_2.pth,23421783,15cc9fd4b0261897b5e72c6affdd2be71160ebac0bd6e7f856847ecbd80675f4,SAFE_LOAD_OK,dict,epoch;model_state_dict;projector_state_dict;vicreg_loss,model_state_dict,846,549,PARTIAL_STATE,23.0,2,SoilNetDualHead,True,True,True,10,2,2x128,10x128,True,False,True,False,MODEL_COMPATIBLE;HAS_REG_HEAD;HAS_CLS_HEAD;HAS_LIGHT_BRANCH;HAS_EPOCH,Parameter tensor count excludes running statistics/counters; classification uses normalized keys and source evidence.
sha256:f052d32c89943caf4de8,CHECKPOINT_ROOT,checkpoints_VicReg_ImageNet_NEWXX/vicreg_mu_23.0_epoch_20.pth,vicreg_mu_23.0_epoch_20.pth,23422376,f052d32c89943caf4de81c72537b783119af541ee6c46f6c46c5cc1e4169ea17,SAFE_LOAD_OK,dict,epoch;model_state_dict;projector_state_dict;vicreg_loss,model_state_dict,846,549,PARTIAL_STATE,23.0,20,SoilNetDualHead,True,True,True,10,2,2x128,10x128,True,False,True,False,MODEL_COMPATIBLE;HAS_REG_HEAD;HAS_CLS_HEAD;HAS_LIGHT_BRANCH;HAS_EPOCH,Parameter tensor count excludes running statistics/counters; classification uses normalized keys and source evidence.
sha256:8efeb19da1cdb156b7e2,CHECKPOINT_ROOT,checkpoints_VicReg_ImageNet_NEWXX/vicreg_mu_23.0_epoch_21.pth,vicreg_mu_23.0_epoch_21.pth,23422376,8efeb19da1cdb156b7e202a0f1a72ea4e35df4d828533ccca0950f8bbb090a21,SAFE_LOAD_OK,dict,epoch;model_state_dict;projector_state_dict;vicreg_loss,model_state_dict,846,549,PARTIAL_STATE,23.0,21,SoilNetDualHead,True,True,True,10,2,2x128,10x128,True,False,True,False,MODEL_COMPATIBLE;HAS_REG_HEAD;HAS_CLS_HEAD;HAS_LIGHT_BRANCH;HAS_EPOCH,Parameter tensor count excludes running statistics/counters; classification uses normalized keys and source evidence.
sha256:3b91c93ae01a21e76460,CHECKPOINT_ROOT,checkpoints_VicReg_ImageNet_NEWXX/vicreg_mu_23.0_epoch_22.pth,vicreg_mu_23.0_epoch_22.pth,23422376,3b91c93ae01a21e76460316a79cb68a4857325810fc56024e0c4311ade4d0a0a,SAFE_LOAD_OK,dict,epoch;model_state_dict;projector_state_dict;vicreg_loss,model_state_dict,846,549,PARTIAL_STATE,23.0,22,SoilNetDualHead,True,True,True,10,2,2x128,10x128,True,False,True,False,MODEL_COMPATIBLE;HAS_REG_HEAD;HAS_CLS_HEAD;HAS_LIGHT_BRANCH;HAS_EPOCH,Parameter tensor count excludes running statistics/counters; classification uses normalized keys and source evidence.
sha256:6077a815bb2788a7db99,CHECKPOINT_ROOT,checkpoints_VicReg_ImageNet_NEWXX/vicreg_mu_23.0_epoch_23.pth,vicreg_mu_23.0_epoch_23.pth,23422376,6077a815bb2788a7db99533eba85e96dce106cf5ce554c07c0a624a39ba0bc8d,SAFE_LOAD_OK,dict,epoch;model_state_dict;projector_state_dict;vicreg_loss,model_state_dict,846,549,PARTIAL_STATE,23.0,23,SoilNetDualHead,True,True,True,10,2,2x128,10x128,True,False,True,False,MODEL_COMPATIBLE;HAS_REG_HEAD;HAS_CLS_HEAD;HAS_LIGHT_BRANCH;HAS_EPOCH,Parameter tensor count excludes running statistics/counters; classification uses normalized keys and source evidence.
sha256:523e11935f16c65a14f5,CHECKPOINT_ROOT,checkpoints_VicReg_ImageNet_NEWXX/vicreg_mu_23.0_epoch_24.pth,vicreg_mu_23.0_epoch_24.pth,23422376,523e11935f16c65a14f5ee7d7fa617fe2b6bbbf7f412b1ad5dc176cd5ec5a9b7,SAFE_LOAD_OK,dict,epoch;model_state_dict;projector_state_dict;vicreg_loss,model_state_dict,846,549,PARTIAL_STATE,23.0,24,SoilNetDualHead,True,True,True,10,2,2x128,10x128,True,False,True,False,MODEL_COMPATIBLE;HAS_REG_HEAD;HAS_CLS_HEAD;HAS_LIGHT_BRANCH;HAS_EPOCH,Parameter tensor count excludes running statistics/counters; classification uses normalized keys and source evidence.
sha256:b477abe0376a344a4811,CHECKPOINT_ROOT,checkpoints_VicReg_ImageNet_NEWXX/vicreg_mu_23.0_epoch_25.pth,vicreg_mu_23.0_epoch_25.pth,23422376,b477abe0376a344a481165717e39c11f1cd398cc40c41396221ccf342a2c6037,SAFE_LOAD_OK,dict,epoch;model_state_dict;projector_state_dict;vicreg_loss,model_state_dict,846,549,PARTIAL_STATE,23.0,25,SoilNetDualHead,True,True,True,10,2,2x128,10x128,True,False,True,False,MODEL_COMPATIBLE;HAS_REG_HEAD;HAS_CLS_HEAD;HAS_LIGHT_BRANCH;HAS_EPOCH,Parameter tensor count excludes running statistics/counters; classification uses normalized keys and source evidence.
sha256:89f651f003d359798ac0,CHECKPOINT_ROOT,checkpoints_VicReg_ImageNet_NEWXX/vicreg_mu_23.0_epoch_26.pth,vicreg_mu_23.0_epoch_26.pth,23422376,89f651f003d359798ac0dd9dada3769be718af0a8a23919ba47f6fa107802a29,SAFE_LOAD_OK,dict,epoch;model_state_dict;projector_state_dict;vicreg_loss,model_state_dict,846,549,PARTIAL_STATE,23.0,26,SoilNetDualHead,True,True,True,10,2,2x128,10x128,True,False,True,False,MODEL_COMPATIBLE;HAS_REG_HEAD;HAS_CLS_HEAD;HAS_LIGHT_BRANCH;HAS_EPOCH,Parameter tensor count excludes running statistics/counters; classification uses normalized keys and source evidence.
sha256:435b22bd4ba2d6c56311,CHECKPOINT_ROOT,checkpoints_VicReg_ImageNet_NEWXX/vicreg_mu_23.0_epoch_27.pth,vicreg_mu_23.0_epoch_27.pth,23422376,435b22bd4ba2d6c56311fe469875f62318d7900b07aeb9b6ae3e386fbd11ff6c,SAFE_LOAD_OK,dict,epoch;model_state_dict;projector_state_dict;vicreg_loss,model_state_dict,846,549,PARTIAL_STATE,23.0,27,SoilNetDualHead,True,True,True,10,2,2x128,10x128,True,False,True,False,MODEL_COMPATIBLE;HAS_REG_HEAD;HAS_CLS_HEAD;HAS_LIGHT_BRANCH;HAS_EPOCH,Parameter tensor count excludes running statistics/counters; classification uses normalized keys and source evidence.
sha256:2bf234e0f7a86d5e799c,CHECKPOINT_ROOT,checkpoints_VicReg_ImageNet_NEWXX/vicreg_mu_23.0_epoch_28.pth,vicreg_mu_23.0_epoch_28.pth,23422376,2bf234e0f7a86d5e799c4d28864af96d5d99dce07f15579f0c879db3df35e55d,SAFE_LOAD_OK,dict,epoch;model_state_dict;projector_state_dict;vicreg_loss,model_state_dict,846,549,PARTIAL_STATE,23.0,28,SoilNetDualHead,True,True,True,10,2,2x128,10x128,True,False,True,False,MODEL_COMPATIBLE;HAS_REG_HEAD;HAS_CLS_HEAD;HAS_LIGHT_BRANCH;HAS_EPOCH,Parameter tensor count excludes running statistics/counters; classification uses normalized keys and source evidence.
sha256:e69364c6a37a3b3d7202,CHECKPOINT_ROOT,checkpoints_VicReg_ImageNet_NEWXX/vicreg_mu_23.0_epoch_29.pth,vicreg_mu_23.0_epoch_29.pth,23422376,e69364c6a37a3b3d7202c112baa000491b370cf593a28907f180d3f7f80395de,SAFE_LOAD_OK,dict,epoch;model_state_dict;projector_state_dict;vicreg_loss,model_state_dict,846,549,PARTIAL_STATE,23.0,29,SoilNetDualHead,True,True,True,10,2,2x128,10x128,True,False,True,False,MODEL_COMPATIBLE;HAS_REG_HEAD;HAS_CLS_HEAD;HAS_LIGHT_BRANCH;HAS_EPOCH,Parameter tensor count excludes running statistics/counters; classification uses normalized keys and source evidence.
sha256:80d7c9e53300c689e7b4,CHECKPOINT_ROOT,checkpoints_VicReg_ImageNet_NEWXX/vicreg_mu_23.0_epoch_3.pth,vicreg_mu_23.0_epoch_3.pth,23421783,80d7c9e53300c689e7b4de5b9055e9043191764cf182de24afec6f15a9f3e723,SAFE_LOAD_OK,dict,epoch;model_state_dict;projector_state_dict;vicreg_loss,model_state_dict,846,549,PARTIAL_STATE,23.0,3,SoilNetDualHead,True,True,True,10,2,2x128,10x128,True,False,True,False,MODEL_COMPATIBLE;HAS_REG_HEAD;HAS_CLS_HEAD;HAS_LIGHT_BRANCH;HAS_EPOCH,Parameter tensor count excludes running statistics/counters; classification uses normalized keys and source evidence.
sha256:443974ec20637f3c1d52,CHECKPOINT_ROOT,checkpoints_VicReg_ImageNet_NEWXX/vicreg_mu_23.0_epoch_30.pth,vicreg_mu_23.0_epoch_30.pth,23422376,443974ec20637f3c1d5238c61be5a535946fe304812c3bcc8b3e0dd2243b418f,SAFE_LOAD_OK,dict,epoch;model_state_dict;projector_state_dict;vicreg_loss,model_state_dict,846,549,PARTIAL_STATE,23.0,30,SoilNetDualHead,True,True,True,10,2,2x128,10x128,True,False,True,False,MODEL_COMPATIBLE;HAS_REG_HEAD;HAS_CLS_HEAD;HAS_LIGHT_BRANCH;HAS_EPOCH,Parameter tensor count excludes running statistics/counters; classification uses normalized keys and source evidence.
sha256:5f057c831c083b9e4554,CHECKPOINT_ROOT,checkpoints_VicReg_ImageNet_NEWXX/vicreg_mu_23.0_epoch_31.pth,vicreg_mu_23.0_epoch_31.pth,23422376,5f057c831c083b9e4554849d5d31d213d9af2704619eda922830affd1642de64,SAFE_LOAD_OK,dict,epoch;model_state_dict;projector_state_dict;vicreg_loss,model_state_dict,846,549,PARTIAL_STATE,23.0,31,SoilNetDualHead,True,True,True,10,2,2x128,10x128,True,False,True,False,MODEL_COMPATIBLE;HAS_REG_HEAD;HAS_CLS_HEAD;HAS_LIGHT_BRANCH;HAS_EPOCH,Parameter tensor count excludes running statistics/counters; classification uses normalized keys and source evidence.
sha256:b1c27c440a91681fe741,CHECKPOINT_ROOT,checkpoints_VicReg_ImageNet_NEWXX/vicreg_mu_23.0_epoch_32.pth,vicreg_mu_23.0_epoch_32.pth,23422376,b1c27c440a91681fe74153d1db01d415f1f2127a5c31fa1ec70b3cc692131e41,SAFE_LOAD_OK,dict,epoch;model_state_dict;projector_state_dict;vicreg_loss,model_state_dict,846,549,PARTIAL_STATE,23.0,32,SoilNetDualHead,True,True,True,10,2,2x128,10x128,True,False,True,False,MODEL_COMPATIBLE;HAS_REG_HEAD;HAS_CLS_HEAD;HAS_LIGHT_BRANCH;HAS_EPOCH,Parameter tensor count excludes running statistics/counters; classification uses normalized keys and source evidence.
sha256:5a1cc2268dd9f040894b,CHECKPOINT_ROOT,checkpoints_VicReg_ImageNet_NEWXX/vicreg_mu_23.0_epoch_33.pth,vicreg_mu_23.0_epoch_33.pth,23422376,5a1cc2268dd9f040894baa119673d55c74a6b4582c33dc2c35b7d9177753013c,SAFE_LOAD_OK,dict,epoch;model_state_dict;projector_state_dict;vicreg_loss,model_state_dict,846,549,PARTIAL_STATE,23.0,33,SoilNetDualHead,True,True,True,10,2,2x128,10x128,True,False,True,False,MODEL_COMPATIBLE;HAS_REG_HEAD;HAS_CLS_HEAD;HAS_LIGHT_BRANCH;HAS_EPOCH,Parameter tensor count excludes running statistics/counters; classification uses normalized keys and source evidence.
sha256:6fb375f523234c48057c,CHECKPOINT_ROOT,checkpoints_VicReg_ImageNet_NEWXX/vicreg_mu_23.0_epoch_34.pth,vicreg_mu_23.0_epoch_34.pth,23422376,6fb375f523234c48057cf61b4874dc6e902a861e114ae2e34f23b246c4ff7213,SAFE_LOAD_OK,dict,epoch;model_state_dict;projector_state_dict;vicreg_loss,model_state_dict,846,549,PARTIAL_STATE,23.0,34,SoilNetDualHead,True,True,True,10,2,2x128,10x128,True,False,True,False,MODEL_COMPATIBLE;HAS_REG_HEAD;HAS_CLS_HEAD;HAS_LIGHT_BRANCH;HAS_EPOCH,Parameter tensor count excludes running statistics/counters; classification uses normalized keys and source evidence.
sha256:14c8d7305ac94f43c154,CHECKPOINT_ROOT,checkpoints_VicReg_ImageNet_NEWXX/vicreg_mu_23.0_epoch_35.pth,vicreg_mu_23.0_epoch_35.pth,23422376,14c8d7305ac94f43c154b900a75a701282cdc9700a2498039c14c78563ccd2ba,SAFE_LOAD_OK,dict,epoch;model_state_dict;projector_state_dict;vicreg_loss,model_state_dict,846,549,PARTIAL_STATE,23.0,35,SoilNetDualHead,True,True,True,10,2,2x128,10x128,True,False,True,False,MODEL_COMPATIBLE;HAS_REG_HEAD;HAS_CLS_HEAD;HAS_LIGHT_BRANCH;HAS_EPOCH,Parameter tensor count excludes running statistics/counters; classification uses normalized keys and source evidence.
sha256:e35971276138a83b47f2,CHECKPOINT_ROOT,checkpoints_VicReg_ImageNet_NEWXX/vicreg_mu_23.0_epoch_36.pth,vicreg_mu_23.0_epoch_36.pth,23422376,e35971276138a83b47f248b9b661ca94bb7549acceb46afb6a8d0a759d322c3a,SAFE_LOAD_OK,dict,epoch;model_state_dict;projector_state_dict;vicreg_loss,model_state_dict,846,549,PARTIAL_STATE,23.0,36,SoilNetDualHead,True,True,True,10,2,2x128,10x128,True,False,True,False,MODEL_COMPATIBLE;HAS_REG_HEAD;HAS_CLS_HEAD;HAS_LIGHT_BRANCH;HAS_EPOCH,Parameter tensor count excludes running statistics/counters; classification uses normalized keys and source evidence.
sha256:5c42cfedc31a32620bd1,CHECKPOINT_ROOT,checkpoints_VicReg_ImageNet_NEWXX/vicreg_mu_23.0_epoch_37.pth,vicreg_mu_23.0_epoch_37.pth,23422376,5c42cfedc31a32620bd12eb9e0994e5180370b0172ebe73f8a8f80c9f4148e98,SAFE_LOAD_OK,dict,epoch;model_state_dict;projector_state_dict;vicreg_loss,model_state_dict,846,549,PARTIAL_STATE,23.0,37,SoilNetDualHead,True,True,True,10,2,2x128,10x128,True,False,True,False,MODEL_COMPATIBLE;HAS_REG_HEAD;HAS_CLS_HEAD;HAS_LIGHT_BRANCH;HAS_EPOCH,Parameter tensor count excludes running statistics/counters; classification uses normalized keys and source evidence.
sha256:7e904fbf3dd563a097ed,CHECKPOINT_ROOT,checkpoints_VicReg_ImageNet_NEWXX/vicreg_mu_23.0_epoch_38.pth,vicreg_mu_23.0_epoch_38.pth,23422376,7e904fbf3dd563a097edcb3b598342a28ff00305a02047d50c18e8f5811c99e0,SAFE_LOAD_OK,dict,epoch;model_state_dict;projector_state_dict;vicreg_loss,model_state_dict,846,549,PARTIAL_STATE,23.0,38,SoilNetDualHead,True,True,True,10,2,2x128,10x128,True,False,True,False,MODEL_COMPATIBLE;HAS_REG_HEAD;HAS_CLS_HEAD;HAS_LIGHT_BRANCH;HAS_EPOCH,Parameter tensor count excludes running statistics/counters; classification uses normalized keys and source evidence.
sha256:a74eb75182f6f0caed45,CHECKPOINT_ROOT,checkpoints_VicReg_ImageNet_NEWXX/vicreg_mu_23.0_epoch_39.pth,vicreg_mu_23.0_epoch_39.pth,23422376,a74eb75182f6f0caed45c24ee62141dab0c421471759994d40963abc3f04f8b7,SAFE_LOAD_OK,dict,epoch;model_state_dict;projector_state_dict;vicreg_loss,model_state_dict,846,549,PARTIAL_STATE,23.0,39,SoilNetDualHead,True,True,True,10,2,2x128,10x128,True,False,True,False,MODEL_COMPATIBLE;HAS_REG_HEAD;HAS_CLS_HEAD;HAS_LIGHT_BRANCH;HAS_EPOCH,Parameter tensor count excludes running statistics/counters; classification uses normalized keys and source evidence.
sha256:7f1f55cc4272f5e50574,CHECKPOINT_ROOT,checkpoints_VicReg_ImageNet_NEWXX/vicreg_mu_23.0_epoch_4.pth,vicreg_mu_23.0_epoch_4.pth,23421783,7f1f55cc4272f5e50574bb5a753b4e42c7428ba78c0dc14c533749fe4995b1ea,SAFE_LOAD_OK,dict,epoch;model_state_dict;projector_state_dict;vicreg_loss,model_state_dict,846,549,PARTIAL_STATE,23.0,4,SoilNetDualHead,True,True,True,10,2,2x128,10x128,True,False,True,False,MODEL_COMPATIBLE;HAS_REG_HEAD;HAS_CLS_HEAD;HAS_LIGHT_BRANCH;HAS_EPOCH,Parameter tensor count excludes running statistics/counters; classification uses normalized keys and source evidence.
sha256:5a33da294e1b93b4960d,CHECKPOINT_ROOT,checkpoints_VicReg_ImageNet_NEWXX/vicreg_mu_23.0_epoch_40.pth,vicreg_mu_23.0_epoch_40.pth,23422376,5a33da294e1b93b4960d64cdf8180a0bb5ba6e8911abf2a232ebf4c90f5af8f6,SAFE_LOAD_OK,dict,epoch;model_state_dict;projector_state_dict;vicreg_loss,model_state_dict,846,549,PARTIAL_STATE,23.0,40,SoilNetDualHead,True,True,True,10,2,2x128,10x128,True,False,True,False,MODEL_COMPATIBLE;HAS_REG_HEAD;HAS_CLS_HEAD;HAS_LIGHT_BRANCH;HAS_EPOCH,Parameter tensor count excludes running statistics/counters; classification uses normalized keys and source evidence.
sha256:36c282dd894280e404c2,CHECKPOINT_ROOT,checkpoints_VicReg_ImageNet_NEWXX/vicreg_mu_23.0_epoch_41.pth,vicreg_mu_23.0_epoch_41.pth,23422376,36c282dd894280e404c2418a8c9effa53b62bf5d7a4061243175ed1aaee35f5a,SAFE_LOAD_OK,dict,epoch;model_state_dict;projector_state_dict;vicreg_loss,model_state_dict,846,549,PARTIAL_STATE,23.0,41,SoilNetDualHead,True,True,True,10,2,2x128,10x128,True,False,True,False,MODEL_COMPATIBLE;HAS_REG_HEAD;HAS_CLS_HEAD;HAS_LIGHT_BRANCH;HAS_EPOCH,Parameter tensor count excludes running statistics/counters; classification uses normalized keys and source evidence.
sha256:e80cdb91051cd57281e9,CHECKPOINT_ROOT,checkpoints_VicReg_ImageNet_NEWXX/vicreg_mu_23.0_epoch_42.pth,vicreg_mu_23.0_epoch_42.pth,23422376,e80cdb91051cd57281e96865ece40ea28ba32b3744e6c0eadafff1f5c51a8de8,SAFE_LOAD_OK,dict,epoch;model_state_dict;projector_state_dict;vicreg_loss,model_state_dict,846,549,PARTIAL_STATE,23.0,42,SoilNetDualHead,True,True,True,10,2,2x128,10x128,True,False,True,False,MODEL_COMPATIBLE;HAS_REG_HEAD;HAS_CLS_HEAD;HAS_LIGHT_BRANCH;HAS_EPOCH,Parameter tensor count excludes running statistics/counters; classification uses normalized keys and source evidence.
sha256:7d4273ff9473debbaa5d,CHECKPOINT_ROOT,checkpoints_VicReg_ImageNet_NEWXX/vicreg_mu_23.0_epoch_43.pth,vicreg_mu_23.0_epoch_43.pth,23422376,7d4273ff9473debbaa5d452994f32bec490e417edfc2e857c6bcac3003b46bb4,SAFE_LOAD_OK,dict,epoch;model_state_dict;projector_state_dict;vicreg_loss,model_state_dict,846,549,PARTIAL_STATE,23.0,43,SoilNetDualHead,True,True,True,10,2,2x128,10x128,True,False,True,False,MODEL_COMPATIBLE;HAS_REG_HEAD;HAS_CLS_HEAD;HAS_LIGHT_BRANCH;HAS_EPOCH,Parameter tensor count excludes running statistics/counters; classification uses normalized keys and source evidence.
sha256:be89a49f48ee930f1046,CHECKPOINT_ROOT,checkpoints_VicReg_ImageNet_NEWXX/vicreg_mu_23.0_epoch_44.pth,vicreg_mu_23.0_epoch_44.pth,23422376,be89a49f48ee930f10461817a2ed7156fb49ae358a64b7ece64228cca089b4c8,SAFE_LOAD_OK,dict,epoch;model_state_dict;projector_state_dict;vicreg_loss,model_state_dict,846,549,PARTIAL_STATE,23.0,44,SoilNetDualHead,True,True,True,10,2,2x128,10x128,True,False,True,False,MODEL_COMPATIBLE;HAS_REG_HEAD;HAS_CLS_HEAD;HAS_LIGHT_BRANCH;HAS_EPOCH,Parameter tensor count excludes running statistics/counters; classification uses normalized keys and source evidence.
sha256:182be07b2bfcaff5ab79,CHECKPOINT_ROOT,checkpoints_VicReg_ImageNet_NEWXX/vicreg_mu_23.0_epoch_45.pth,vicreg_mu_23.0_epoch_45.pth,23422376,182be07b2bfcaff5ab7947878d1f5ce7ac58cd25972ebcf54258699ce1a29bd0,SAFE_LOAD_OK,dict,epoch;model_state_dict;projector_state_dict;vicreg_loss,model_state_dict,846,549,PARTIAL_STATE,23.0,45,SoilNetDualHead,True,True,True,10,2,2x128,10x128,True,False,True,False,MODEL_COMPATIBLE;HAS_REG_HEAD;HAS_CLS_HEAD;HAS_LIGHT_BRANCH;HAS_EPOCH,Parameter tensor count excludes running statistics/counters; classification uses normalized keys and source evidence.
sha256:e2518d01df1630359827,CHECKPOINT_ROOT,checkpoints_VicReg_ImageNet_NEWXX/vicreg_mu_23.0_epoch_46.pth,vicreg_mu_23.0_epoch_46.pth,23422376,e2518d01df1630359827e18f4e9710870c7cd35f8d86d288a631309ca5c75c72,SAFE_LOAD_OK,dict,epoch;model_state_dict;projector_state_dict;vicreg_loss,model_state_dict,846,549,PARTIAL_STATE,23.0,46,SoilNetDualHead,True,True,True,10,2,2x128,10x128,True,False,True,False,MODEL_COMPATIBLE;HAS_REG_HEAD;HAS_CLS_HEAD;HAS_LIGHT_BRANCH;HAS_EPOCH,Parameter tensor count excludes running statistics/counters; classification uses normalized keys and source evidence.
sha256:78771b547fcc7122ab9d,CHECKPOINT_ROOT,checkpoints_VicReg_ImageNet_NEWXX/vicreg_mu_23.0_epoch_47.pth,vicreg_mu_23.0_epoch_47.pth,23422376,78771b547fcc7122ab9d2d5b2d00a1f85d2ee99f2c82c6c538ac4355f752aecf,SAFE_LOAD_OK,dict,epoch;model_state_dict;projector_state_dict;vicreg_loss,model_state_dict,846,549,PARTIAL_STATE,23.0,47,SoilNetDualHead,True,True,True,10,2,2x128,10x128,True,False,True,False,MODEL_COMPATIBLE;HAS_REG_HEAD;HAS_CLS_HEAD;HAS_LIGHT_BRANCH;HAS_EPOCH,Parameter tensor count excludes running statistics/counters; classification uses normalized keys and source evidence.
sha256:35d103e0834cf546b567,CHECKPOINT_ROOT,checkpoints_VicReg_ImageNet_NEWXX/vicreg_mu_23.0_epoch_48.pth,vicreg_mu_23.0_epoch_48.pth,23422376,35d103e0834cf546b5671bda4c74f187788b27ef37ffe42c96a1d9f36436f1d1,SAFE_LOAD_OK,dict,epoch;model_state_dict;projector_state_dict;vicreg_loss,model_state_dict,846,549,PARTIAL_STATE,23.0,48,SoilNetDualHead,True,True,True,10,2,2x128,10x128,True,False,True,False,MODEL_COMPATIBLE;HAS_REG_HEAD;HAS_CLS_HEAD;HAS_LIGHT_BRANCH;HAS_EPOCH,Parameter tensor count excludes running statistics/counters; classification uses normalized keys and source evidence.
sha256:05503bd74530d5cf638f,CHECKPOINT_ROOT,checkpoints_VicReg_ImageNet_NEWXX/vicreg_mu_23.0_epoch_49.pth,vicreg_mu_23.0_epoch_49.pth,23422376,05503bd74530d5cf638f6162d235736e1e66e599a1cc0875e57dcfb622cda0d3,SAFE_LOAD_OK,dict,epoch;model_state_dict;projector_state_dict;vicreg_loss,model_state_dict,846,549,PARTIAL_STATE,23.0,49,SoilNetDualHead,True,True,True,10,2,2x128,10x128,True,False,True,False,MODEL_COMPATIBLE;HAS_REG_HEAD;HAS_CLS_HEAD;HAS_LIGHT_BRANCH;HAS_EPOCH,Parameter tensor count excludes running statistics/counters; classification uses normalized keys and source evidence.
sha256:fb4c235bef275187a419,CHECKPOINT_ROOT,checkpoints_VicReg_ImageNet_NEWXX/vicreg_mu_23.0_epoch_5.pth,vicreg_mu_23.0_epoch_5.pth,23421783,fb4c235bef275187a419644fd4621be889223095e13c350d535ed042799c520d,SAFE_LOAD_OK,dict,epoch;model_state_dict;projector_state_dict;vicreg_loss,model_state_dict,846,549,PARTIAL_STATE,23.0,5,SoilNetDualHead,True,True,True,10,2,2x128,10x128,True,False,True,False,MODEL_COMPATIBLE;HAS_REG_HEAD;HAS_CLS_HEAD;HAS_LIGHT_BRANCH;HAS_EPOCH,Parameter tensor count excludes running statistics/counters; classification uses normalized keys and source evidence.
sha256:d98373df40c6ef888135,CHECKPOINT_ROOT,checkpoints_VicReg_ImageNet_NEWXX/vicreg_mu_23.0_epoch_50.pth,vicreg_mu_23.0_epoch_50.pth,23422376,d98373df40c6ef888135650f5b497b682c0f1147904066971e8f1ede667d7ad4,SAFE_LOAD_OK,dict,epoch;model_state_dict;projector_state_dict;vicreg_loss,model_state_dict,846,549,PARTIAL_STATE,23.0,50,SoilNetDualHead,True,True,True,10,2,2x128,10x128,True,False,True,False,MODEL_COMPATIBLE;HAS_REG_HEAD;HAS_CLS_HEAD;HAS_LIGHT_BRANCH;HAS_EPOCH,Parameter tensor count excludes running statistics/counters; classification uses normalized keys and source evidence.
sha256:5c7c027a16b816d5aa06,CHECKPOINT_ROOT,checkpoints_VicReg_ImageNet_NEWXX/vicreg_mu_23.0_epoch_51.pth,vicreg_mu_23.0_epoch_51.pth,23422376,5c7c027a16b816d5aa062c795194acea2e347bec7cd57a3fb7d033dcb211a035,SAFE_LOAD_OK,dict,epoch;model_state_dict;projector_state_dict;vicreg_loss,model_state_dict,846,549,PARTIAL_STATE,23.0,51,SoilNetDualHead,True,True,True,10,2,2x128,10x128,True,False,True,False,MODEL_COMPATIBLE;HAS_REG_HEAD;HAS_CLS_HEAD;HAS_LIGHT_BRANCH;HAS_EPOCH,Parameter tensor count excludes running statistics/counters; classification uses normalized keys and source evidence.
sha256:6246cecdb8b29617dadc,CHECKPOINT_ROOT,checkpoints_VicReg_ImageNet_NEWXX/vicreg_mu_23.0_epoch_52.pth,vicreg_mu_23.0_epoch_52.pth,23422376,6246cecdb8b29617dadc7df4429bf025267bd5a0a8b79e6574fe4bc1513323ae,SAFE_LOAD_OK,dict,epoch;model_state_dict;projector_state_dict;vicreg_loss,model_state_dict,846,549,PARTIAL_STATE,23.0,52,SoilNetDualHead,True,True,True,10,2,2x128,10x128,True,False,True,False,MODEL_COMPATIBLE;HAS_REG_HEAD;HAS_CLS_HEAD;HAS_LIGHT_BRANCH;HAS_EPOCH,Parameter tensor count excludes running statistics/counters; classification uses normalized keys and source evidence.
sha256:23f3e4b948322e941fa1,CHECKPOINT_ROOT,checkpoints_VicReg_ImageNet_NEWXX/vicreg_mu_23.0_epoch_53.pth,vicreg_mu_23.0_epoch_53.pth,23422376,23f3e4b948322e941fa107bba0a284f039952a7e1e166619dea9fc68292d11d6,SAFE_LOAD_OK,dict,epoch;model_state_dict;projector_state_dict;vicreg_loss,model_state_dict,846,549,PARTIAL_STATE,23.0,53,SoilNetDualHead,True,True,True,10,2,2x128,10x128,True,False,True,False,MODEL_COMPATIBLE;HAS_REG_HEAD;HAS_CLS_HEAD;HAS_LIGHT_BRANCH;HAS_EPOCH,Parameter tensor count excludes running statistics/counters; classification uses normalized keys and source evidence.
sha256:d0bb78951988b546710f,CHECKPOINT_ROOT,checkpoints_VicReg_ImageNet_NEWXX/vicreg_mu_23.0_epoch_54.pth,vicreg_mu_23.0_epoch_54.pth,23422376,d0bb78951988b546710f80364d539d711bb531d8cc9358ef9ee377714497e5e7,SAFE_LOAD_OK,dict,epoch;model_state_dict;projector_state_dict;vicreg_loss,model_state_dict,846,549,PARTIAL_STATE,23.0,54,SoilNetDualHead,True,True,True,10,2,2x128,10x128,True,False,True,False,MODEL_COMPATIBLE;HAS_REG_HEAD;HAS_CLS_HEAD;HAS_LIGHT_BRANCH;HAS_EPOCH,Parameter tensor count excludes running statistics/counters; classification uses normalized keys and source evidence.
sha256:bcd3ad235a77da5d8544,CHECKPOINT_ROOT,checkpoints_VicReg_ImageNet_NEWXX/vicreg_mu_23.0_epoch_55.pth,vicreg_mu_23.0_epoch_55.pth,23422376,bcd3ad235a77da5d85443da271d0344751d4a979abaf8c3c2c9fce19b01a6a47,SAFE_LOAD_OK,dict,epoch;model_state_dict;projector_state_dict;vicreg_loss,model_state_dict,846,549,PARTIAL_STATE,23.0,55,SoilNetDualHead,True,True,True,10,2,2x128,10x128,True,False,True,False,MODEL_COMPATIBLE;HAS_REG_HEAD;HAS_CLS_HEAD;HAS_LIGHT_BRANCH;HAS_EPOCH,Parameter tensor count excludes running statistics/counters; classification uses normalized keys and source evidence.
sha256:732f6ffc7445af468adf,CHECKPOINT_ROOT,checkpoints_VicReg_ImageNet_NEWXX/vicreg_mu_23.0_epoch_56.pth,vicreg_mu_23.0_epoch_56.pth,23422376,732f6ffc7445af468adf759a85fc22eef06df29a1794a8442696148c73d05462,SAFE_LOAD_OK,dict,epoch;model_state_dict;projector_state_dict;vicreg_loss,model_state_dict,846,549,PARTIAL_STATE,23.0,56,SoilNetDualHead,True,True,True,10,2,2x128,10x128,True,False,True,False,MODEL_COMPATIBLE;HAS_REG_HEAD;HAS_CLS_HEAD;HAS_LIGHT_BRANCH;HAS_EPOCH,Parameter tensor count excludes running statistics/counters; classification uses normalized keys and source evidence.
sha256:97b975056b53558e6f06,CHECKPOINT_ROOT,checkpoints_VicReg_ImageNet_NEWXX/vicreg_mu_23.0_epoch_57.pth,vicreg_mu_23.0_epoch_57.pth,23422376,97b975056b53558e6f06015c407291f173c57174dff846527aa2994ab2b3776d,SAFE_LOAD_OK,dict,epoch;model_state_dict;projector_state_dict;vicreg_loss,model_state_dict,846,549,PARTIAL_STATE,23.0,57,SoilNetDualHead,True,True,True,10,2,2x128,10x128,True,False,True,False,MODEL_COMPATIBLE;HAS_REG_HEAD;HAS_CLS_HEAD;HAS_LIGHT_BRANCH;HAS_EPOCH,Parameter tensor count excludes running statistics/counters; classification uses normalized keys and source evidence.
sha256:aed893f7e4688ec1a019,CHECKPOINT_ROOT,checkpoints_VicReg_ImageNet_NEWXX/vicreg_mu_23.0_epoch_58.pth,vicreg_mu_23.0_epoch_58.pth,23422376,aed893f7e4688ec1a0195754c559a226825b4a7c038d410e86703656bf19835a,SAFE_LOAD_OK,dict,epoch;model_state_dict;projector_state_dict;vicreg_loss,model_state_dict,846,549,PARTIAL_STATE,23.0,58,SoilNetDualHead,True,True,True,10,2,2x128,10x128,True,False,True,False,MODEL_COMPATIBLE;HAS_REG_HEAD;HAS_CLS_HEAD;HAS_LIGHT_BRANCH;HAS_EPOCH,Parameter tensor count excludes running statistics/counters; classification uses normalized keys and source evidence.
sha256:ac67a340e53af42be61b,CHECKPOINT_ROOT,checkpoints_VicReg_ImageNet_NEWXX/vicreg_mu_23.0_epoch_59.pth,vicreg_mu_23.0_epoch_59.pth,23422376,ac67a340e53af42be61ba315aa362b45686a79b4723aff37c1cbda5e3ec70c76,SAFE_LOAD_OK,dict,epoch;model_state_dict;projector_state_dict;vicreg_loss,model_state_dict,846,549,PARTIAL_STATE,23.0,59,SoilNetDualHead,True,True,True,10,2,2x128,10x128,True,False,True,False,MODEL_COMPATIBLE;HAS_REG_HEAD;HAS_CLS_HEAD;HAS_LIGHT_BRANCH;HAS_EPOCH,Parameter tensor count excludes running statistics/counters; classification uses normalized keys and source evidence.
sha256:9725ac9b23af13390b59,CHECKPOINT_ROOT,checkpoints_VicReg_ImageNet_NEWXX/vicreg_mu_23.0_epoch_6.pth,vicreg_mu_23.0_epoch_6.pth,23421783,9725ac9b23af13390b59b99618e37ea961f9155d29836c3567b78fdfc7c6ab7d,SAFE_LOAD_OK,dict,epoch;model_state_dict;projector_state_dict;vicreg_loss,model_state_dict,846,549,PARTIAL_STATE,23.0,6,SoilNetDualHead,True,True,True,10,2,2x128,10x128,True,False,True,False,MODEL_COMPATIBLE;HAS_REG_HEAD;HAS_CLS_HEAD;HAS_LIGHT_BRANCH;HAS_EPOCH,Parameter tensor count excludes running statistics/counters; classification uses normalized keys and source evidence.
sha256:a8d18ed05517e14b0650,CHECKPOINT_ROOT,checkpoints_VicReg_ImageNet_NEWXX/vicreg_mu_23.0_epoch_60.pth,vicreg_mu_23.0_epoch_60.pth,23422376,a8d18ed05517e14b06509e1281cc3ff235605c328d8f5947e6c4a46807269b3d,SAFE_LOAD_OK,dict,epoch;model_state_dict;projector_state_dict;vicreg_loss,model_state_dict,846,549,PARTIAL_STATE,23.0,60,SoilNetDualHead,True,True,True,10,2,2x128,10x128,True,False,True,False,MODEL_COMPATIBLE;HAS_REG_HEAD;HAS_CLS_HEAD;HAS_LIGHT_BRANCH;HAS_EPOCH,Parameter tensor count excludes running statistics/counters; classification uses normalized keys and source evidence.
sha256:4d22c830561babe9c976,CHECKPOINT_ROOT,checkpoints_VicReg_ImageNet_NEWXX/vicreg_mu_23.0_epoch_61.pth,vicreg_mu_23.0_epoch_61.pth,23422376,4d22c830561babe9c9762a0f56baf16249b139cba2c7428a6abd05463e33830a,SAFE_LOAD_OK,dict,epoch;model_state_dict;projector_state_dict;vicreg_loss,model_state_dict,846,549,PARTIAL_STATE,23.0,61,SoilNetDualHead,True,True,True,10,2,2x128,10x128,True,False,True,False,MODEL_COMPATIBLE;HAS_REG_HEAD;HAS_CLS_HEAD;HAS_LIGHT_BRANCH;HAS_EPOCH,Parameter tensor count excludes running statistics/counters; classification uses normalized keys and source evidence.
sha256:08283612a1f51301899d,CHECKPOINT_ROOT,checkpoints_VicReg_ImageNet_NEWXX/vicreg_mu_23.0_epoch_62.pth,vicreg_mu_23.0_epoch_62.pth,23422376,08283612a1f51301899d6b1e2813ce228c2632d31e94fd6cfcb1dc754044bf1d,SAFE_LOAD_OK,dict,epoch;model_state_dict;projector_state_dict;vicreg_loss,model_state_dict,846,549,PARTIAL_STATE,23.0,62,SoilNetDualHead,True,True,True,10,2,2x128,10x128,True,False,True,False,MODEL_COMPATIBLE;HAS_REG_HEAD;HAS_CLS_HEAD;HAS_LIGHT_BRANCH;HAS_EPOCH,Parameter tensor count excludes running statistics/counters; classification uses normalized keys and source evidence.
sha256:8cba4cab3795ae6f9541,CHECKPOINT_ROOT,checkpoints_VicReg_ImageNet_NEWXX/vicreg_mu_23.0_epoch_63.pth,vicreg_mu_23.0_epoch_63.pth,23422376,8cba4cab3795ae6f9541a3e6c177737967113434d7fceab685e6c415b728afe2,SAFE_LOAD_OK,dict,epoch;model_state_dict;projector_state_dict;vicreg_loss,model_state_dict,846,549,PARTIAL_STATE,23.0,63,SoilNetDualHead,True,True,True,10,2,2x128,10x128,True,False,True,False,MODEL_COMPATIBLE;HAS_REG_HEAD;HAS_CLS_HEAD;HAS_LIGHT_BRANCH;HAS_EPOCH,Parameter tensor count excludes running statistics/counters; classification uses normalized keys and source evidence.
sha256:771773aabecae3691aa2,CHECKPOINT_ROOT,checkpoints_VicReg_ImageNet_NEWXX/vicreg_mu_23.0_epoch_64.pth,vicreg_mu_23.0_epoch_64.pth,23422376,771773aabecae3691aa2e8b9a433beb61df9e72d9945c447a557638e2828d514,SAFE_LOAD_OK,dict,epoch;model_state_dict;projector_state_dict;vicreg_loss,model_state_dict,846,549,PARTIAL_STATE,23.0,64,SoilNetDualHead,True,True,True,10,2,2x128,10x128,True,False,True,False,MODEL_COMPATIBLE;HAS_REG_HEAD;HAS_CLS_HEAD;HAS_LIGHT_BRANCH;HAS_EPOCH,Parameter tensor count excludes running statistics/counters; classification uses normalized keys and source evidence.
sha256:31d129f71610c3e89beb,CHECKPOINT_ROOT,checkpoints_VicReg_ImageNet_NEWXX/vicreg_mu_23.0_epoch_65.pth,vicreg_mu_23.0_epoch_65.pth,23422376,31d129f71610c3e89beb0efa4af9e3a44987fecab471b071abafc18dcd849632,SAFE_LOAD_OK,dict,epoch;model_state_dict;projector_state_dict;vicreg_loss,model_state_dict,846,549,PARTIAL_STATE,23.0,65,SoilNetDualHead,True,True,True,10,2,2x128,10x128,True,False,True,False,MODEL_COMPATIBLE;HAS_REG_HEAD;HAS_CLS_HEAD;HAS_LIGHT_BRANCH;HAS_EPOCH,Parameter tensor count excludes running statistics/counters; classification uses normalized keys and source evidence.
sha256:8281131fddc1923de7ab,CHECKPOINT_ROOT,checkpoints_VicReg_ImageNet_NEWXX/vicreg_mu_23.0_epoch_66.pth,vicreg_mu_23.0_epoch_66.pth,23422376,8281131fddc1923de7ab020d2b4024f05bb9390b6ab58b67016ee582b1615268,SAFE_LOAD_OK,dict,epoch;model_state_dict;projector_state_dict;vicreg_loss,model_state_dict,846,549,PARTIAL_STATE,23.0,66,SoilNetDualHead,True,True,True,10,2,2x128,10x128,True,False,True,False,MODEL_COMPATIBLE;HAS_REG_HEAD;HAS_CLS_HEAD;HAS_LIGHT_BRANCH;HAS_EPOCH,Parameter tensor count excludes running statistics/counters; classification uses normalized keys and source evidence.
sha256:be0bf62907cc99e4dffa,CHECKPOINT_ROOT,checkpoints_VicReg_ImageNet_NEWXX/vicreg_mu_23.0_epoch_67.pth,vicreg_mu_23.0_epoch_67.pth,23422376,be0bf62907cc99e4dffad2b632ece5d8406d3f59cf5f0a574cd311e3da213766,SAFE_LOAD_OK,dict,epoch;model_state_dict;projector_state_dict;vicreg_loss,model_state_dict,846,549,PARTIAL_STATE,23.0,67,SoilNetDualHead,True,True,True,10,2,2x128,10x128,True,False,True,False,MODEL_COMPATIBLE;HAS_REG_HEAD;HAS_CLS_HEAD;HAS_LIGHT_BRANCH;HAS_EPOCH,Parameter tensor count excludes running statistics/counters; classification uses normalized keys and source evidence.
sha256:58e9af797eda09545ed8,CHECKPOINT_ROOT,checkpoints_VicReg_ImageNet_NEWXX/vicreg_mu_23.0_epoch_68.pth,vicreg_mu_23.0_epoch_68.pth,23422376,58e9af797eda09545ed894144a7abb30242db9c778fc3309472f89acd1a443fa,SAFE_LOAD_OK,dict,epoch;model_state_dict;projector_state_dict;vicreg_loss,model_state_dict,846,549,PARTIAL_STATE,23.0,68,SoilNetDualHead,True,True,True,10,2,2x128,10x128,True,False,True,False,MODEL_COMPATIBLE;HAS_REG_HEAD;HAS_CLS_HEAD;HAS_LIGHT_BRANCH;HAS_EPOCH,Parameter tensor count excludes running statistics/counters; classification uses normalized keys and source evidence.
sha256:028830b06c5196cf8ea5,CHECKPOINT_ROOT,checkpoints_VicReg_ImageNet_NEWXX/vicreg_mu_23.0_epoch_69.pth,vicreg_mu_23.0_epoch_69.pth,23422376,028830b06c5196cf8ea5f7370588c3ea7a4a08269e5d74083b9c5a3a855aa1f7,SAFE_LOAD_OK,dict,epoch;model_state_dict;projector_state_dict;vicreg_loss,model_state_dict,846,549,PARTIAL_STATE,23.0,69,SoilNetDualHead,True,True,True,10,2,2x128,10x128,True,False,True,False,MODEL_COMPATIBLE;HAS_REG_HEAD;HAS_CLS_HEAD;HAS_LIGHT_BRANCH;HAS_EPOCH,Parameter tensor count excludes running statistics/counters; classification uses normalized keys and source evidence.
sha256:744aa2ac1a664e70ca18,CHECKPOINT_ROOT,checkpoints_VicReg_ImageNet_NEWXX/vicreg_mu_23.0_epoch_7.pth,vicreg_mu_23.0_epoch_7.pth,23421783,744aa2ac1a664e70ca1813bbf0b0cecf0545575415c733fe0d75f5b5399ab37b,SAFE_LOAD_OK,dict,epoch;model_state_dict;projector_state_dict;vicreg_loss,model_state_dict,846,549,PARTIAL_STATE,23.0,7,SoilNetDualHead,True,True,True,10,2,2x128,10x128,True,False,True,False,MODEL_COMPATIBLE;HAS_REG_HEAD;HAS_CLS_HEAD;HAS_LIGHT_BRANCH;HAS_EPOCH,Parameter tensor count excludes running statistics/counters; classification uses normalized keys and source evidence.
sha256:105965f75a9e2719c611,CHECKPOINT_ROOT,checkpoints_VicReg_ImageNet_NEWXX/vicreg_mu_23.0_epoch_70.pth,vicreg_mu_23.0_epoch_70.pth,23422376,105965f75a9e2719c611f8c08c9802c278f11fc0598bb9bdd761d09ec0aa145b,SAFE_LOAD_OK,dict,epoch;model_state_dict;projector_state_dict;vicreg_loss,model_state_dict,846,549,PARTIAL_STATE,23.0,70,SoilNetDualHead,True,True,True,10,2,2x128,10x128,True,False,True,False,MODEL_COMPATIBLE;HAS_REG_HEAD;HAS_CLS_HEAD;HAS_LIGHT_BRANCH;HAS_EPOCH,Parameter tensor count excludes running statistics/counters; classification uses normalized keys and source evidence.
sha256:98a8b356c3c650db3fe4,CHECKPOINT_ROOT,checkpoints_VicReg_ImageNet_NEWXX/vicreg_mu_23.0_epoch_71.pth,vicreg_mu_23.0_epoch_71.pth,23422376,98a8b356c3c650db3fe49b63e8c9d24c9a65bdb411df8782fc452d491f289d0e,SAFE_LOAD_OK,dict,epoch;model_state_dict;projector_state_dict;vicreg_loss,model_state_dict,846,549,PARTIAL_STATE,23.0,71,SoilNetDualHead,True,True,True,10,2,2x128,10x128,True,False,True,False,MODEL_COMPATIBLE;HAS_REG_HEAD;HAS_CLS_HEAD;HAS_LIGHT_BRANCH;HAS_EPOCH,Parameter tensor count excludes running statistics/counters; classification uses normalized keys and source evidence.
sha256:8d4dadd49ed547d44f4d,CHECKPOINT_ROOT,checkpoints_VicReg_ImageNet_NEWXX/vicreg_mu_23.0_epoch_72.pth,vicreg_mu_23.0_epoch_72.pth,23422376,8d4dadd49ed547d44f4de99b0dd8d03e64424f12bfd86d099c3543e2eec789af,SAFE_LOAD_OK,dict,epoch;model_state_dict;projector_state_dict;vicreg_loss,model_state_dict,846,549,PARTIAL_STATE,23.0,72,SoilNetDualHead,True,True,True,10,2,2x128,10x128,True,False,True,False,MODEL_COMPATIBLE;HAS_REG_HEAD;HAS_CLS_HEAD;HAS_LIGHT_BRANCH;HAS_EPOCH,Parameter tensor count excludes running statistics/counters; classification uses normalized keys and source evidence.
sha256:c751b228629caf615bf9,CHECKPOINT_ROOT,checkpoints_VicReg_ImageNet_NEWXX/vicreg_mu_23.0_epoch_8.pth,vicreg_mu_23.0_epoch_8.pth,23421783,c751b228629caf615bf936e82dce43e232530a43a6bf0203c76411d061055cdf,SAFE_LOAD_OK,dict,epoch;model_state_dict;projector_state_dict;vicreg_loss,model_state_dict,846,549,PARTIAL_STATE,23.0,8,SoilNetDualHead,True,True,True,10,2,2x128,10x128,True,False,True,False,MODEL_COMPATIBLE;HAS_REG_HEAD;HAS_CLS_HEAD;HAS_LIGHT_BRANCH;HAS_EPOCH,Parameter tensor count excludes running statistics/counters; classification uses normalized keys and source evidence.
sha256:0e00016bb88f794c262c,CHECKPOINT_ROOT,checkpoints_VicReg_ImageNet_NEWXX/vicreg_mu_23.0_epoch_9.pth,vicreg_mu_23.0_epoch_9.pth,23421783,0e00016bb88f794c262c174697ca6b20a4ce1b60b7894dd8f42d53f4e856aa2c,SAFE_LOAD_OK,dict,epoch;model_state_dict;projector_state_dict;vicreg_loss,model_state_dict,846,549,PARTIAL_STATE,23.0,9,SoilNetDualHead,True,True,True,10,2,2x128,10x128,True,False,True,False,MODEL_COMPATIBLE;HAS_REG_HEAD;HAS_CLS_HEAD;HAS_LIGHT_BRANCH;HAS_EPOCH,Parameter tensor count excludes running statistics/counters; classification uses normalized keys and source evidence.
sha256:11bf7c902c9b9bba5003,CHECKPOINT_ROOT,checkpoints_VicReg_ImageNet_NEWXX/vicreg_projector_final_mu_20.0.pth,vicreg_projector_final_mu_20.0.pth,7217032,11bf7c902c9b9bba500347a79e761717512782b3feabbe4a531a014663fb5e47,SAFE_LOAD_OK,OrderedDict,net.0.weight;net.0.bias;net.2.weight;net.2.bias,raw_state_dict,4,4,VICREG_PROJECTOR,20.0,,VICRegProjector,False,False,False,,,,,False,False,False,False,,Parameter tensor count excludes running statistics/counters; classification uses normalized keys and source evidence.
sha256:2708eb89c6d6341b636d,CHECKPOINT_ROOT,checkpoints_VicReg_original_NEW/vicreg_model_final_mu_20.0.pth,vicreg_model_final_mu_20.0.pth,16208023,2708eb89c6d6341b636da668a8d1e732b971f565937f9a94b97c325f415bc85f,SAFE_LOAD_OK,OrderedDict,initial_conv.weight;initial_conv.bias;mnv2_block1.0.0.conv_dw.weight;mnv2_block1.0.0.bn1.weight;mnv2_block1.0.0.bn1.bias;mnv2_block1.0.0.bn1.running_mean;mnv2_block1.0.0.bn1.running_var;mnv2_block1.0.0.bn1.num_batches_tracked;mnv2_block1.0.0.conv_pw.weight;mnv2_block1.0.0.bn2.weight;mnv2_block1.0.0.bn2.bias;mnv2_block1.0.0.bn2.running_mean;mnv2_block1.0.0.bn2.running_var;mnv2_block1.0.0.bn2.num_batches_tracked;mnv2_block1.1.0.conv_pw.weight;mnv2_block1.1.0.bn1.weight;mnv2_block1.1.0.bn1.bias;mnv2_block1.1.0.bn1.running_mean;mnv2_block1.1.0.bn1.running_var;mnv2_block1.1.0.bn1.num_batches_tracked;mnv2_block1.1.0.conv_dw.weight;mnv2_block1.1.0.bn2.weight;mnv2_block1.1.0.bn2.bias;mnv2_block1.1.0.bn2.running_mean;mnv2_block1.1.0.bn2.running_var;mnv2_block1.1.0.bn2.num_batches_tracked;mnv2_block1.1.0.conv_pwl.weight;mnv2_block1.1.0.bn3.weight;mnv2_block1.1.0.bn3.bias;mnv2_block1.1.0.bn3.running_mean;mnv2_block1.1.0.bn3.running_var;mnv2_block1.1.0.bn3.num_batches_tracked;mnv2_block1.1.1.conv_pw.weight;mnv2_block1.1.1.bn1.weight;mnv2_block1.1.1.bn1.bias;mnv2_block1.1.1.bn1.running_mean;mnv2_block1.1.1.bn1.running_var;mnv2_block1.1.1.bn1.num_batches_tracked;mnv2_block1.1.1.conv_dw.weight;mnv2_block1.1.1.bn2.weight;mnv2_block1.1.1.bn2.bias;mnv2_block1.1.1.bn2.running_mean;mnv2_block1.1.1.bn2.running_var;mnv2_block1.1.1.bn2.num_batches_tracked;mnv2_block1.1.1.conv_pwl.weight;mnv2_block1.1.1.bn3.weight;mnv2_block1.1.1.bn3.bias;mnv2_block1.1.1.bn3.running_mean;mnv2_block1.1.1.bn3.running_var;mnv2_block1.1.1.bn3.num_batches_tracked;mnv2_block1.2.0.conv_pw.weight;mnv2_block1.2.0.bn1.weight;mnv2_block1.2.0.bn1.bias;mnv2_block1.2.0.bn1.running_mean;mnv2_block1.2.0.bn1.running_var;mnv2_block1.2.0.bn1.num_batches_tracked;mnv2_block1.2.0.conv_dw.weight;mnv2_block1.2.0.bn2.weight;mnv2_block1.2.0.bn2.bias;mnv2_block1.2.0.bn2.running_mean;mnv2_block1.2.0.bn2.running_var;mnv2_block1.2.0.bn2.num_batches_tracked;mnv2_block1.2.0.conv_pwl.weight;mnv2_block1.2.0.bn3.weight;mnv2_block1.2.0.bn3.bias;mnv2_block1.2.0.bn3.running_mean;mnv2_block1.2.0.bn3.running_var;mnv2_block1.2.0.bn3.num_batches_tracked;mnv2_block1.2.1.conv_pw.weight;mnv2_block1.2.1.bn1.weight;mnv2_block1.2.1.bn1.bias;mnv2_block1.2.1.bn1.running_mean;mnv2_block1.2.1.bn1.running_var;mnv2_block1.2.1.bn1.num_batches_tracked;mnv2_block1.2.1.conv_dw.weight;mnv2_block1.2.1.bn2.weight;mnv2_block1.2.1.bn2.bias;mnv2_block1.2.1.bn2.running_mean;mnv2_block1.2.1.bn2.running_var;mnv2_block1.2.1.bn2.num_batches_tracked;mnv2_block1.2.1.conv_pwl.weight;mnv2_block1.2.1.bn3.weight;mnv2_block1.2.1.bn3.bias;mnv2_block1.2.1.bn3.running_mean;mnv2_block1.2.1.bn3.running_var;mnv2_block1.2.1.bn3.num_batches_tracked;mnv2_block1.2.2.conv_pw.weight;mnv2_block1.2.2.bn1.weight;mnv2_block1.2.2.bn1.bias;mnv2_block1.2.2.bn1.running_mean;mnv2_block1.2.2.bn1.running_var;mnv2_block1.2.2.bn1.num_batches_tracked;mnv2_block1.2.2.conv_dw.weight;mnv2_block1.2.2.bn2.weight;mnv2_block1.2.2.bn2.bias;mnv2_block1.2.2.bn2.running_mean;mnv2_block1.2.2.bn2.running_var;mnv2_block1.2.2.bn2.num_batches_tracked;mnv2_block1.2.2.conv_pwl.weight;mnv2_block1.2.2.bn3.weight,raw_state_dict,846,549,SSL_BACKBONE,20.0,,SoilNetDualHead,True,True,True,10,2,2x128,10x128,True,False,False,False,MODEL_COMPATIBLE;HAS_REG_HEAD;HAS_CLS_HEAD;HAS_LIGHT_BRANCH,Parameter tensor count excludes running statistics/counters; classification uses normalized keys and source evidence.
sha256:8ac2cc4110c3d6a6f740,CHECKPOINT_ROOT,checkpoints_VicReg_original_NEW/vicreg_model_final_mu_23.0.pth,vicreg_model_final_mu_23.0.pth,16208023,8ac2cc4110c3d6a6f7408352ae376a898f8da856b0441e704eae92f4fabcf41b,SAFE_LOAD_OK,OrderedDict,initial_conv.weight;initial_conv.bias;mnv2_block1.0.0.conv_dw.weight;mnv2_block1.0.0.bn1.weight;mnv2_block1.0.0.bn1.bias;mnv2_block1.0.0.bn1.running_mean;mnv2_block1.0.0.bn1.running_var;mnv2_block1.0.0.bn1.num_batches_tracked;mnv2_block1.0.0.conv_pw.weight;mnv2_block1.0.0.bn2.weight;mnv2_block1.0.0.bn2.bias;mnv2_block1.0.0.bn2.running_mean;mnv2_block1.0.0.bn2.running_var;mnv2_block1.0.0.bn2.num_batches_tracked;mnv2_block1.1.0.conv_pw.weight;mnv2_block1.1.0.bn1.weight;mnv2_block1.1.0.bn1.bias;mnv2_block1.1.0.bn1.running_mean;mnv2_block1.1.0.bn1.running_var;mnv2_block1.1.0.bn1.num_batches_tracked;mnv2_block1.1.0.conv_dw.weight;mnv2_block1.1.0.bn2.weight;mnv2_block1.1.0.bn2.bias;mnv2_block1.1.0.bn2.running_mean;mnv2_block1.1.0.bn2.running_var;mnv2_block1.1.0.bn2.num_batches_tracked;mnv2_block1.1.0.conv_pwl.weight;mnv2_block1.1.0.bn3.weight;mnv2_block1.1.0.bn3.bias;mnv2_block1.1.0.bn3.running_mean;mnv2_block1.1.0.bn3.running_var;mnv2_block1.1.0.bn3.num_batches_tracked;mnv2_block1.1.1.conv_pw.weight;mnv2_block1.1.1.bn1.weight;mnv2_block1.1.1.bn1.bias;mnv2_block1.1.1.bn1.running_mean;mnv2_block1.1.1.bn1.running_var;mnv2_block1.1.1.bn1.num_batches_tracked;mnv2_block1.1.1.conv_dw.weight;mnv2_block1.1.1.bn2.weight;mnv2_block1.1.1.bn2.bias;mnv2_block1.1.1.bn2.running_mean;mnv2_block1.1.1.bn2.running_var;mnv2_block1.1.1.bn2.num_batches_tracked;mnv2_block1.1.1.conv_pwl.weight;mnv2_block1.1.1.bn3.weight;mnv2_block1.1.1.bn3.bias;mnv2_block1.1.1.bn3.running_mean;mnv2_block1.1.1.bn3.running_var;mnv2_block1.1.1.bn3.num_batches_tracked;mnv2_block1.2.0.conv_pw.weight;mnv2_block1.2.0.bn1.weight;mnv2_block1.2.0.bn1.bias;mnv2_block1.2.0.bn1.running_mean;mnv2_block1.2.0.bn1.running_var;mnv2_block1.2.0.bn1.num_batches_tracked;mnv2_block1.2.0.conv_dw.weight;mnv2_block1.2.0.bn2.weight;mnv2_block1.2.0.bn2.bias;mnv2_block1.2.0.bn2.running_mean;mnv2_block1.2.0.bn2.running_var;mnv2_block1.2.0.bn2.num_batches_tracked;mnv2_block1.2.0.conv_pwl.weight;mnv2_block1.2.0.bn3.weight;mnv2_block1.2.0.bn3.bias;mnv2_block1.2.0.bn3.running_mean;mnv2_block1.2.0.bn3.running_var;mnv2_block1.2.0.bn3.num_batches_tracked;mnv2_block1.2.1.conv_pw.weight;mnv2_block1.2.1.bn1.weight;mnv2_block1.2.1.bn1.bias;mnv2_block1.2.1.bn1.running_mean;mnv2_block1.2.1.bn1.running_var;mnv2_block1.2.1.bn1.num_batches_tracked;mnv2_block1.2.1.conv_dw.weight;mnv2_block1.2.1.bn2.weight;mnv2_block1.2.1.bn2.bias;mnv2_block1.2.1.bn2.running_mean;mnv2_block1.2.1.bn2.running_var;mnv2_block1.2.1.bn2.num_batches_tracked;mnv2_block1.2.1.conv_pwl.weight;mnv2_block1.2.1.bn3.weight;mnv2_block1.2.1.bn3.bias;mnv2_block1.2.1.bn3.running_mean;mnv2_block1.2.1.bn3.running_var;mnv2_block1.2.1.bn3.num_batches_tracked;mnv2_block1.2.2.conv_pw.weight;mnv2_block1.2.2.bn1.weight;mnv2_block1.2.2.bn1.bias;mnv2_block1.2.2.bn1.running_mean;mnv2_block1.2.2.bn1.running_var;mnv2_block1.2.2.bn1.num_batches_tracked;mnv2_block1.2.2.conv_dw.weight;mnv2_block1.2.2.bn2.weight;mnv2_block1.2.2.bn2.bias;mnv2_block1.2.2.bn2.running_mean;mnv2_block1.2.2.bn2.running_var;mnv2_block1.2.2.bn2.num_batches_tracked;mnv2_block1.2.2.conv_pwl.weight;mnv2_block1.2.2.bn3.weight,raw_state_dict,846,549,SSL_BACKBONE,23.0,,SoilNetDualHead,True,True,True,10,2,2x128,10x128,True,False,False,False,MODEL_COMPATIBLE;HAS_REG_HEAD;HAS_CLS_HEAD;HAS_LIGHT_BRANCH,Parameter tensor count excludes running statistics/counters; classification uses normalized keys and source evidence.
sha256:5b5b015f3bc14e6ce915,CHECKPOINT_ROOT,checkpoints_VicReg_original_NEW/vicreg_model_final_mu_25.0.pth,vicreg_model_final_mu_25.0.pth,16208023,5b5b015f3bc14e6ce9158dd62a08c9d2697b53092ada506922b622553f402285,SAFE_LOAD_OK,OrderedDict,initial_conv.weight;initial_conv.bias;mnv2_block1.0.0.conv_dw.weight;mnv2_block1.0.0.bn1.weight;mnv2_block1.0.0.bn1.bias;mnv2_block1.0.0.bn1.running_mean;mnv2_block1.0.0.bn1.running_var;mnv2_block1.0.0.bn1.num_batches_tracked;mnv2_block1.0.0.conv_pw.weight;mnv2_block1.0.0.bn2.weight;mnv2_block1.0.0.bn2.bias;mnv2_block1.0.0.bn2.running_mean;mnv2_block1.0.0.bn2.running_var;mnv2_block1.0.0.bn2.num_batches_tracked;mnv2_block1.1.0.conv_pw.weight;mnv2_block1.1.0.bn1.weight;mnv2_block1.1.0.bn1.bias;mnv2_block1.1.0.bn1.running_mean;mnv2_block1.1.0.bn1.running_var;mnv2_block1.1.0.bn1.num_batches_tracked;mnv2_block1.1.0.conv_dw.weight;mnv2_block1.1.0.bn2.weight;mnv2_block1.1.0.bn2.bias;mnv2_block1.1.0.bn2.running_mean;mnv2_block1.1.0.bn2.running_var;mnv2_block1.1.0.bn2.num_batches_tracked;mnv2_block1.1.0.conv_pwl.weight;mnv2_block1.1.0.bn3.weight;mnv2_block1.1.0.bn3.bias;mnv2_block1.1.0.bn3.running_mean;mnv2_block1.1.0.bn3.running_var;mnv2_block1.1.0.bn3.num_batches_tracked;mnv2_block1.1.1.conv_pw.weight;mnv2_block1.1.1.bn1.weight;mnv2_block1.1.1.bn1.bias;mnv2_block1.1.1.bn1.running_mean;mnv2_block1.1.1.bn1.running_var;mnv2_block1.1.1.bn1.num_batches_tracked;mnv2_block1.1.1.conv_dw.weight;mnv2_block1.1.1.bn2.weight;mnv2_block1.1.1.bn2.bias;mnv2_block1.1.1.bn2.running_mean;mnv2_block1.1.1.bn2.running_var;mnv2_block1.1.1.bn2.num_batches_tracked;mnv2_block1.1.1.conv_pwl.weight;mnv2_block1.1.1.bn3.weight;mnv2_block1.1.1.bn3.bias;mnv2_block1.1.1.bn3.running_mean;mnv2_block1.1.1.bn3.running_var;mnv2_block1.1.1.bn3.num_batches_tracked;mnv2_block1.2.0.conv_pw.weight;mnv2_block1.2.0.bn1.weight;mnv2_block1.2.0.bn1.bias;mnv2_block1.2.0.bn1.running_mean;mnv2_block1.2.0.bn1.running_var;mnv2_block1.2.0.bn1.num_batches_tracked;mnv2_block1.2.0.conv_dw.weight;mnv2_block1.2.0.bn2.weight;mnv2_block1.2.0.bn2.bias;mnv2_block1.2.0.bn2.running_mean;mnv2_block1.2.0.bn2.running_var;mnv2_block1.2.0.bn2.num_batches_tracked;mnv2_block1.2.0.conv_pwl.weight;mnv2_block1.2.0.bn3.weight;mnv2_block1.2.0.bn3.bias;mnv2_block1.2.0.bn3.running_mean;mnv2_block1.2.0.bn3.running_var;mnv2_block1.2.0.bn3.num_batches_tracked;mnv2_block1.2.1.conv_pw.weight;mnv2_block1.2.1.bn1.weight;mnv2_block1.2.1.bn1.bias;mnv2_block1.2.1.bn1.running_mean;mnv2_block1.2.1.bn1.running_var;mnv2_block1.2.1.bn1.num_batches_tracked;mnv2_block1.2.1.conv_dw.weight;mnv2_block1.2.1.bn2.weight;mnv2_block1.2.1.bn2.bias;mnv2_block1.2.1.bn2.running_mean;mnv2_block1.2.1.bn2.running_var;mnv2_block1.2.1.bn2.num_batches_tracked;mnv2_block1.2.1.conv_pwl.weight;mnv2_block1.2.1.bn3.weight;mnv2_block1.2.1.bn3.bias;mnv2_block1.2.1.bn3.running_mean;mnv2_block1.2.1.bn3.running_var;mnv2_block1.2.1.bn3.num_batches_tracked;mnv2_block1.2.2.conv_pw.weight;mnv2_block1.2.2.bn1.weight;mnv2_block1.2.2.bn1.bias;mnv2_block1.2.2.bn1.running_mean;mnv2_block1.2.2.bn1.running_var;mnv2_block1.2.2.bn1.num_batches_tracked;mnv2_block1.2.2.conv_dw.weight;mnv2_block1.2.2.bn2.weight;mnv2_block1.2.2.bn2.bias;mnv2_block1.2.2.bn2.running_mean;mnv2_block1.2.2.bn2.running_var;mnv2_block1.2.2.bn2.num_batches_tracked;mnv2_block1.2.2.conv_pwl.weight;mnv2_block1.2.2.bn3.weight,raw_state_dict,846,549,SSL_BACKBONE,25.0,,SoilNetDualHead,True,True,True,10,2,2x128,10x128,True,False,False,False,MODEL_COMPATIBLE;HAS_REG_HEAD;HAS_CLS_HEAD;HAS_LIGHT_BRANCH,Parameter tensor count excludes running statistics/counters; classification uses normalized keys and source evidence.
sha256:42599ac025b8d8c8c5b8,CHECKPOINT_ROOT,checkpoints_VicReg_original_NEW/vicreg_model_final_mu_27.0.pth,vicreg_model_final_mu_27.0.pth,16208023,42599ac025b8d8c8c5b8cca36624665f155e0ff588cd90de2fd47b08cd2d60d8,SAFE_LOAD_OK,OrderedDict,initial_conv.weight;initial_conv.bias;mnv2_block1.0.0.conv_dw.weight;mnv2_block1.0.0.bn1.weight;mnv2_block1.0.0.bn1.bias;mnv2_block1.0.0.bn1.running_mean;mnv2_block1.0.0.bn1.running_var;mnv2_block1.0.0.bn1.num_batches_tracked;mnv2_block1.0.0.conv_pw.weight;mnv2_block1.0.0.bn2.weight;mnv2_block1.0.0.bn2.bias;mnv2_block1.0.0.bn2.running_mean;mnv2_block1.0.0.bn2.running_var;mnv2_block1.0.0.bn2.num_batches_tracked;mnv2_block1.1.0.conv_pw.weight;mnv2_block1.1.0.bn1.weight;mnv2_block1.1.0.bn1.bias;mnv2_block1.1.0.bn1.running_mean;mnv2_block1.1.0.bn1.running_var;mnv2_block1.1.0.bn1.num_batches_tracked;mnv2_block1.1.0.conv_dw.weight;mnv2_block1.1.0.bn2.weight;mnv2_block1.1.0.bn2.bias;mnv2_block1.1.0.bn2.running_mean;mnv2_block1.1.0.bn2.running_var;mnv2_block1.1.0.bn2.num_batches_tracked;mnv2_block1.1.0.conv_pwl.weight;mnv2_block1.1.0.bn3.weight;mnv2_block1.1.0.bn3.bias;mnv2_block1.1.0.bn3.running_mean;mnv2_block1.1.0.bn3.running_var;mnv2_block1.1.0.bn3.num_batches_tracked;mnv2_block1.1.1.conv_pw.weight;mnv2_block1.1.1.bn1.weight;mnv2_block1.1.1.bn1.bias;mnv2_block1.1.1.bn1.running_mean;mnv2_block1.1.1.bn1.running_var;mnv2_block1.1.1.bn1.num_batches_tracked;mnv2_block1.1.1.conv_dw.weight;mnv2_block1.1.1.bn2.weight;mnv2_block1.1.1.bn2.bias;mnv2_block1.1.1.bn2.running_mean;mnv2_block1.1.1.bn2.running_var;mnv2_block1.1.1.bn2.num_batches_tracked;mnv2_block1.1.1.conv_pwl.weight;mnv2_block1.1.1.bn3.weight;mnv2_block1.1.1.bn3.bias;mnv2_block1.1.1.bn3.running_mean;mnv2_block1.1.1.bn3.running_var;mnv2_block1.1.1.bn3.num_batches_tracked;mnv2_block1.2.0.conv_pw.weight;mnv2_block1.2.0.bn1.weight;mnv2_block1.2.0.bn1.bias;mnv2_block1.2.0.bn1.running_mean;mnv2_block1.2.0.bn1.running_var;mnv2_block1.2.0.bn1.num_batches_tracked;mnv2_block1.2.0.conv_dw.weight;mnv2_block1.2.0.bn2.weight;mnv2_block1.2.0.bn2.bias;mnv2_block1.2.0.bn2.running_mean;mnv2_block1.2.0.bn2.running_var;mnv2_block1.2.0.bn2.num_batches_tracked;mnv2_block1.2.0.conv_pwl.weight;mnv2_block1.2.0.bn3.weight;mnv2_block1.2.0.bn3.bias;mnv2_block1.2.0.bn3.running_mean;mnv2_block1.2.0.bn3.running_var;mnv2_block1.2.0.bn3.num_batches_tracked;mnv2_block1.2.1.conv_pw.weight;mnv2_block1.2.1.bn1.weight;mnv2_block1.2.1.bn1.bias;mnv2_block1.2.1.bn1.running_mean;mnv2_block1.2.1.bn1.running_var;mnv2_block1.2.1.bn1.num_batches_tracked;mnv2_block1.2.1.conv_dw.weight;mnv2_block1.2.1.bn2.weight;mnv2_block1.2.1.bn2.bias;mnv2_block1.2.1.bn2.running_mean;mnv2_block1.2.1.bn2.running_var;mnv2_block1.2.1.bn2.num_batches_tracked;mnv2_block1.2.1.conv_pwl.weight;mnv2_block1.2.1.bn3.weight;mnv2_block1.2.1.bn3.bias;mnv2_block1.2.1.bn3.running_mean;mnv2_block1.2.1.bn3.running_var;mnv2_block1.2.1.bn3.num_batches_tracked;mnv2_block1.2.2.conv_pw.weight;mnv2_block1.2.2.bn1.weight;mnv2_block1.2.2.bn1.bias;mnv2_block1.2.2.bn1.running_mean;mnv2_block1.2.2.bn1.running_var;mnv2_block1.2.2.bn1.num_batches_tracked;mnv2_block1.2.2.conv_dw.weight;mnv2_block1.2.2.bn2.weight;mnv2_block1.2.2.bn2.bias;mnv2_block1.2.2.bn2.running_mean;mnv2_block1.2.2.bn2.running_var;mnv2_block1.2.2.bn2.num_batches_tracked;mnv2_block1.2.2.conv_pwl.weight;mnv2_block1.2.2.bn3.weight,raw_state_dict,846,549,SSL_BACKBONE,27.0,,SoilNetDualHead,True,True,True,10,2,2x128,10x128,True,False,False,False,MODEL_COMPATIBLE;HAS_REG_HEAD;HAS_CLS_HEAD;HAS_LIGHT_BRANCH,Parameter tensor count excludes running statistics/counters; classification uses normalized keys and source evidence.
sha256:08678cf2bc39897aa6b8,CHECKPOINT_ROOT,checkpoints_VicReg_original_NEW/vicreg_model_final_mu_30.0.pth,vicreg_model_final_mu_30.0.pth,16208023,08678cf2bc39897aa6b87c3fb5c454367c948edef634e542e2da6bf827d3c5ae,SAFE_LOAD_OK,OrderedDict,initial_conv.weight;initial_conv.bias;mnv2_block1.0.0.conv_dw.weight;mnv2_block1.0.0.bn1.weight;mnv2_block1.0.0.bn1.bias;mnv2_block1.0.0.bn1.running_mean;mnv2_block1.0.0.bn1.running_var;mnv2_block1.0.0.bn1.num_batches_tracked;mnv2_block1.0.0.conv_pw.weight;mnv2_block1.0.0.bn2.weight;mnv2_block1.0.0.bn2.bias;mnv2_block1.0.0.bn2.running_mean;mnv2_block1.0.0.bn2.running_var;mnv2_block1.0.0.bn2.num_batches_tracked;mnv2_block1.1.0.conv_pw.weight;mnv2_block1.1.0.bn1.weight;mnv2_block1.1.0.bn1.bias;mnv2_block1.1.0.bn1.running_mean;mnv2_block1.1.0.bn1.running_var;mnv2_block1.1.0.bn1.num_batches_tracked;mnv2_block1.1.0.conv_dw.weight;mnv2_block1.1.0.bn2.weight;mnv2_block1.1.0.bn2.bias;mnv2_block1.1.0.bn2.running_mean;mnv2_block1.1.0.bn2.running_var;mnv2_block1.1.0.bn2.num_batches_tracked;mnv2_block1.1.0.conv_pwl.weight;mnv2_block1.1.0.bn3.weight;mnv2_block1.1.0.bn3.bias;mnv2_block1.1.0.bn3.running_mean;mnv2_block1.1.0.bn3.running_var;mnv2_block1.1.0.bn3.num_batches_tracked;mnv2_block1.1.1.conv_pw.weight;mnv2_block1.1.1.bn1.weight;mnv2_block1.1.1.bn1.bias;mnv2_block1.1.1.bn1.running_mean;mnv2_block1.1.1.bn1.running_var;mnv2_block1.1.1.bn1.num_batches_tracked;mnv2_block1.1.1.conv_dw.weight;mnv2_block1.1.1.bn2.weight;mnv2_block1.1.1.bn2.bias;mnv2_block1.1.1.bn2.running_mean;mnv2_block1.1.1.bn2.running_var;mnv2_block1.1.1.bn2.num_batches_tracked;mnv2_block1.1.1.conv_pwl.weight;mnv2_block1.1.1.bn3.weight;mnv2_block1.1.1.bn3.bias;mnv2_block1.1.1.bn3.running_mean;mnv2_block1.1.1.bn3.running_var;mnv2_block1.1.1.bn3.num_batches_tracked;mnv2_block1.2.0.conv_pw.weight;mnv2_block1.2.0.bn1.weight;mnv2_block1.2.0.bn1.bias;mnv2_block1.2.0.bn1.running_mean;mnv2_block1.2.0.bn1.running_var;mnv2_block1.2.0.bn1.num_batches_tracked;mnv2_block1.2.0.conv_dw.weight;mnv2_block1.2.0.bn2.weight;mnv2_block1.2.0.bn2.bias;mnv2_block1.2.0.bn2.running_mean;mnv2_block1.2.0.bn2.running_var;mnv2_block1.2.0.bn2.num_batches_tracked;mnv2_block1.2.0.conv_pwl.weight;mnv2_block1.2.0.bn3.weight;mnv2_block1.2.0.bn3.bias;mnv2_block1.2.0.bn3.running_mean;mnv2_block1.2.0.bn3.running_var;mnv2_block1.2.0.bn3.num_batches_tracked;mnv2_block1.2.1.conv_pw.weight;mnv2_block1.2.1.bn1.weight;mnv2_block1.2.1.bn1.bias;mnv2_block1.2.1.bn1.running_mean;mnv2_block1.2.1.bn1.running_var;mnv2_block1.2.1.bn1.num_batches_tracked;mnv2_block1.2.1.conv_dw.weight;mnv2_block1.2.1.bn2.weight;mnv2_block1.2.1.bn2.bias;mnv2_block1.2.1.bn2.running_mean;mnv2_block1.2.1.bn2.running_var;mnv2_block1.2.1.bn2.num_batches_tracked;mnv2_block1.2.1.conv_pwl.weight;mnv2_block1.2.1.bn3.weight;mnv2_block1.2.1.bn3.bias;mnv2_block1.2.1.bn3.running_mean;mnv2_block1.2.1.bn3.running_var;mnv2_block1.2.1.bn3.num_batches_tracked;mnv2_block1.2.2.conv_pw.weight;mnv2_block1.2.2.bn1.weight;mnv2_block1.2.2.bn1.bias;mnv2_block1.2.2.bn1.running_mean;mnv2_block1.2.2.bn1.running_var;mnv2_block1.2.2.bn1.num_batches_tracked;mnv2_block1.2.2.conv_dw.weight;mnv2_block1.2.2.bn2.weight;mnv2_block1.2.2.bn2.bias;mnv2_block1.2.2.bn2.running_mean;mnv2_block1.2.2.bn2.running_var;mnv2_block1.2.2.bn2.num_batches_tracked;mnv2_block1.2.2.conv_pwl.weight;mnv2_block1.2.2.bn3.weight,raw_state_dict,846,549,SSL_BACKBONE,30.0,,SoilNetDualHead,True,True,True,10,2,2x128,10x128,True,False,False,False,MODEL_COMPATIBLE;HAS_REG_HEAD;HAS_CLS_HEAD;HAS_LIGHT_BRANCH,Parameter tensor count excludes running statistics/counters; classification uses normalized keys and source evidence.
sha256:eca38571da2404f39ddf,CHECKPOINT_ROOT,checkpoints_VicReg_original_NEW/vicreg_model_final_mu_33.0.pth,vicreg_model_final_mu_33.0.pth,16208023,eca38571da2404f39ddf6deaf19d7844aece3407a6fa8383e1f572f23336a94d,SAFE_LOAD_OK,OrderedDict,initial_conv.weight;initial_conv.bias;mnv2_block1.0.0.conv_dw.weight;mnv2_block1.0.0.bn1.weight;mnv2_block1.0.0.bn1.bias;mnv2_block1.0.0.bn1.running_mean;mnv2_block1.0.0.bn1.running_var;mnv2_block1.0.0.bn1.num_batches_tracked;mnv2_block1.0.0.conv_pw.weight;mnv2_block1.0.0.bn2.weight;mnv2_block1.0.0.bn2.bias;mnv2_block1.0.0.bn2.running_mean;mnv2_block1.0.0.bn2.running_var;mnv2_block1.0.0.bn2.num_batches_tracked;mnv2_block1.1.0.conv_pw.weight;mnv2_block1.1.0.bn1.weight;mnv2_block1.1.0.bn1.bias;mnv2_block1.1.0.bn1.running_mean;mnv2_block1.1.0.bn1.running_var;mnv2_block1.1.0.bn1.num_batches_tracked;mnv2_block1.1.0.conv_dw.weight;mnv2_block1.1.0.bn2.weight;mnv2_block1.1.0.bn2.bias;mnv2_block1.1.0.bn2.running_mean;mnv2_block1.1.0.bn2.running_var;mnv2_block1.1.0.bn2.num_batches_tracked;mnv2_block1.1.0.conv_pwl.weight;mnv2_block1.1.0.bn3.weight;mnv2_block1.1.0.bn3.bias;mnv2_block1.1.0.bn3.running_mean;mnv2_block1.1.0.bn3.running_var;mnv2_block1.1.0.bn3.num_batches_tracked;mnv2_block1.1.1.conv_pw.weight;mnv2_block1.1.1.bn1.weight;mnv2_block1.1.1.bn1.bias;mnv2_block1.1.1.bn1.running_mean;mnv2_block1.1.1.bn1.running_var;mnv2_block1.1.1.bn1.num_batches_tracked;mnv2_block1.1.1.conv_dw.weight;mnv2_block1.1.1.bn2.weight;mnv2_block1.1.1.bn2.bias;mnv2_block1.1.1.bn2.running_mean;mnv2_block1.1.1.bn2.running_var;mnv2_block1.1.1.bn2.num_batches_tracked;mnv2_block1.1.1.conv_pwl.weight;mnv2_block1.1.1.bn3.weight;mnv2_block1.1.1.bn3.bias;mnv2_block1.1.1.bn3.running_mean;mnv2_block1.1.1.bn3.running_var;mnv2_block1.1.1.bn3.num_batches_tracked;mnv2_block1.2.0.conv_pw.weight;mnv2_block1.2.0.bn1.weight;mnv2_block1.2.0.bn1.bias;mnv2_block1.2.0.bn1.running_mean;mnv2_block1.2.0.bn1.running_var;mnv2_block1.2.0.bn1.num_batches_tracked;mnv2_block1.2.0.conv_dw.weight;mnv2_block1.2.0.bn2.weight;mnv2_block1.2.0.bn2.bias;mnv2_block1.2.0.bn2.running_mean;mnv2_block1.2.0.bn2.running_var;mnv2_block1.2.0.bn2.num_batches_tracked;mnv2_block1.2.0.conv_pwl.weight;mnv2_block1.2.0.bn3.weight;mnv2_block1.2.0.bn3.bias;mnv2_block1.2.0.bn3.running_mean;mnv2_block1.2.0.bn3.running_var;mnv2_block1.2.0.bn3.num_batches_tracked;mnv2_block1.2.1.conv_pw.weight;mnv2_block1.2.1.bn1.weight;mnv2_block1.2.1.bn1.bias;mnv2_block1.2.1.bn1.running_mean;mnv2_block1.2.1.bn1.running_var;mnv2_block1.2.1.bn1.num_batches_tracked;mnv2_block1.2.1.conv_dw.weight;mnv2_block1.2.1.bn2.weight;mnv2_block1.2.1.bn2.bias;mnv2_block1.2.1.bn2.running_mean;mnv2_block1.2.1.bn2.running_var;mnv2_block1.2.1.bn2.num_batches_tracked;mnv2_block1.2.1.conv_pwl.weight;mnv2_block1.2.1.bn3.weight;mnv2_block1.2.1.bn3.bias;mnv2_block1.2.1.bn3.running_mean;mnv2_block1.2.1.bn3.running_var;mnv2_block1.2.1.bn3.num_batches_tracked;mnv2_block1.2.2.conv_pw.weight;mnv2_block1.2.2.bn1.weight;mnv2_block1.2.2.bn1.bias;mnv2_block1.2.2.bn1.running_mean;mnv2_block1.2.2.bn1.running_var;mnv2_block1.2.2.bn1.num_batches_tracked;mnv2_block1.2.2.conv_dw.weight;mnv2_block1.2.2.bn2.weight;mnv2_block1.2.2.bn2.bias;mnv2_block1.2.2.bn2.running_mean;mnv2_block1.2.2.bn2.running_var;mnv2_block1.2.2.bn2.num_batches_tracked;mnv2_block1.2.2.conv_pwl.weight;mnv2_block1.2.2.bn3.weight,raw_state_dict,846,549,SSL_BACKBONE,33.0,,SoilNetDualHead,True,True,True,10,2,2x128,10x128,True,False,False,False,MODEL_COMPATIBLE;HAS_REG_HEAD;HAS_CLS_HEAD;HAS_LIGHT_BRANCH,Parameter tensor count excludes running statistics/counters; classification uses normalized keys and source evidence.
sha256:ce10162a99fc96dab492,CHECKPOINT_ROOT,checkpoints_VicReg_original_NEW/vicreg_mu_20.0_epoch_1.pth,vicreg_mu_20.0_epoch_1.pth,23421783,ce10162a99fc96dab49263f676693b2eb109cb4a78931b2f7e24749a745de017,SAFE_LOAD_OK,dict,epoch;model_state_dict;projector_state_dict;vicreg_loss,model_state_dict,846,549,PARTIAL_STATE,20.0,1,SoilNetDualHead,True,True,True,10,2,2x128,10x128,True,False,True,False,MODEL_COMPATIBLE;HAS_REG_HEAD;HAS_CLS_HEAD;HAS_LIGHT_BRANCH;HAS_EPOCH,Parameter tensor count excludes running statistics/counters; classification uses normalized keys and source evidence.
sha256:06aba241c056708f9297,CHECKPOINT_ROOT,checkpoints_VicReg_original_NEW/vicreg_mu_20.0_epoch_10.pth,vicreg_mu_20.0_epoch_10.pth,23422376,06aba241c056708f9297e9d6fa8a6b27dfc12c46a406e1c02bf52bb18f51e0b6,SAFE_LOAD_OK,dict,epoch;model_state_dict;projector_state_dict;vicreg_loss,model_state_dict,846,549,PARTIAL_STATE,20.0,10,SoilNetDualHead,True,True,True,10,2,2x128,10x128,True,False,True,False,MODEL_COMPATIBLE;HAS_REG_HEAD;HAS_CLS_HEAD;HAS_LIGHT_BRANCH;HAS_EPOCH,Parameter tensor count excludes running statistics/counters; classification uses normalized keys and source evidence.
sha256:3d0388cf39c4152925e0,CHECKPOINT_ROOT,checkpoints_VicReg_original_NEW/vicreg_mu_20.0_epoch_11.pth,vicreg_mu_20.0_epoch_11.pth,23422376,3d0388cf39c4152925e0a8ed1754eb9cf0f78f6f569ecfad1499cbb604de7fea,SAFE_LOAD_OK,dict,epoch;model_state_dict;projector_state_dict;vicreg_loss,model_state_dict,846,549,PARTIAL_STATE,20.0,11,SoilNetDualHead,True,True,True,10,2,2x128,10x128,True,False,True,False,MODEL_COMPATIBLE;HAS_REG_HEAD;HAS_CLS_HEAD;HAS_LIGHT_BRANCH;HAS_EPOCH,Parameter tensor count excludes running statistics/counters; classification uses normalized keys and source evidence.
sha256:7b309e1eae402459c076,CHECKPOINT_ROOT,checkpoints_VicReg_original_NEW/vicreg_mu_20.0_epoch_12.pth,vicreg_mu_20.0_epoch_12.pth,23422376,7b309e1eae402459c076e27510468d8a145c5f5634b502a252bc8971cd2304c8,SAFE_LOAD_OK,dict,epoch;model_state_dict;projector_state_dict;vicreg_loss,model_state_dict,846,549,PARTIAL_STATE,20.0,12,SoilNetDualHead,True,True,True,10,2,2x128,10x128,True,False,True,False,MODEL_COMPATIBLE;HAS_REG_HEAD;HAS_CLS_HEAD;HAS_LIGHT_BRANCH;HAS_EPOCH,Parameter tensor count excludes running statistics/counters; classification uses normalized keys and source evidence.
sha256:5cc3c65505569b31cc25,CHECKPOINT_ROOT,checkpoints_VicReg_original_NEW/vicreg_mu_20.0_epoch_13.pth,vicreg_mu_20.0_epoch_13.pth,23422376,5cc3c65505569b31cc25769be75b8b7efe4c21fbb76557e7faa0069593460fa8,SAFE_LOAD_OK,dict,epoch;model_state_dict;projector_state_dict;vicreg_loss,model_state_dict,846,549,PARTIAL_STATE,20.0,13,SoilNetDualHead,True,True,True,10,2,2x128,10x128,True,False,True,False,MODEL_COMPATIBLE;HAS_REG_HEAD;HAS_CLS_HEAD;HAS_LIGHT_BRANCH;HAS_EPOCH,Parameter tensor count excludes running statistics/counters; classification uses normalized keys and source evidence.
sha256:fa0d111cd14192502b07,CHECKPOINT_ROOT,checkpoints_VicReg_original_NEW/vicreg_mu_20.0_epoch_14.pth,vicreg_mu_20.0_epoch_14.pth,23422376,fa0d111cd14192502b076f6847e3e5f2c264edde3599ae95f28a3b39e44d8410,SAFE_LOAD_OK,dict,epoch;model_state_dict;projector_state_dict;vicreg_loss,model_state_dict,846,549,PARTIAL_STATE,20.0,14,SoilNetDualHead,True,True,True,10,2,2x128,10x128,True,False,True,False,MODEL_COMPATIBLE;HAS_REG_HEAD;HAS_CLS_HEAD;HAS_LIGHT_BRANCH;HAS_EPOCH,Parameter tensor count excludes running statistics/counters; classification uses normalized keys and source evidence.
sha256:15633d047d0e6b2a9642,CHECKPOINT_ROOT,checkpoints_VicReg_original_NEW/vicreg_mu_20.0_epoch_15.pth,vicreg_mu_20.0_epoch_15.pth,23422376,15633d047d0e6b2a964276a4ceaeaa1045c4d599dc534f20e1cc5cc31b013499,SAFE_LOAD_OK,dict,epoch;model_state_dict;projector_state_dict;vicreg_loss,model_state_dict,846,549,PARTIAL_STATE,20.0,15,SoilNetDualHead,True,True,True,10,2,2x128,10x128,True,False,True,False,MODEL_COMPATIBLE;HAS_REG_HEAD;HAS_CLS_HEAD;HAS_LIGHT_BRANCH;HAS_EPOCH,Parameter tensor count excludes running statistics/counters; classification uses normalized keys and source evidence.
sha256:b90d7181fac3dc8ff541,CHECKPOINT_ROOT,checkpoints_VicReg_original_NEW/vicreg_mu_20.0_epoch_16.pth,vicreg_mu_20.0_epoch_16.pth,23422376,b90d7181fac3dc8ff541cdda44f39f2bb398bb25579ae9d85319c7f2f0c9083f,SAFE_LOAD_OK,dict,epoch;model_state_dict;projector_state_dict;vicreg_loss,model_state_dict,846,549,PARTIAL_STATE,20.0,16,SoilNetDualHead,True,True,True,10,2,2x128,10x128,True,False,True,False,MODEL_COMPATIBLE;HAS_REG_HEAD;HAS_CLS_HEAD;HAS_LIGHT_BRANCH;HAS_EPOCH,Parameter tensor count excludes running statistics/counters; classification uses normalized keys and source evidence.
sha256:f5cfc7ce125288574b8d,CHECKPOINT_ROOT,checkpoints_VicReg_original_NEW/vicreg_mu_20.0_epoch_17.pth,vicreg_mu_20.0_epoch_17.pth,23422376,f5cfc7ce125288574b8da4b2a00a2447fd1edad89688046a7141add568d21270,SAFE_LOAD_OK,dict,epoch;model_state_dict;projector_state_dict;vicreg_loss,model_state_dict,846,549,PARTIAL_STATE,20.0,17,SoilNetDualHead,True,True,True,10,2,2x128,10x128,True,False,True,False,MODEL_COMPATIBLE;HAS_REG_HEAD;HAS_CLS_HEAD;HAS_LIGHT_BRANCH;HAS_EPOCH,Parameter tensor count excludes running statistics/counters; classification uses normalized keys and source evidence.
sha256:7badcaf8ab3b12d03d3b,CHECKPOINT_ROOT,checkpoints_VicReg_original_NEW/vicreg_mu_20.0_epoch_18.pth,vicreg_mu_20.0_epoch_18.pth,23422376,7badcaf8ab3b12d03d3bd3630b482c0ba8d346c8f489f38e8ea731055f499a7a,SAFE_LOAD_OK,dict,epoch;model_state_dict;projector_state_dict;vicreg_loss,model_state_dict,846,549,PARTIAL_STATE,20.0,18,SoilNetDualHead,True,True,True,10,2,2x128,10x128,True,False,True,False,MODEL_COMPATIBLE;HAS_REG_HEAD;HAS_CLS_HEAD;HAS_LIGHT_BRANCH;HAS_EPOCH,Parameter tensor count excludes running statistics/counters; classification uses normalized keys and source evidence.
sha256:7b21a09c954a2826316b,CHECKPOINT_ROOT,checkpoints_VicReg_original_NEW/vicreg_mu_20.0_epoch_19.pth,vicreg_mu_20.0_epoch_19.pth,23422376,7b21a09c954a2826316ba8de1fd713077eb47b45b9888c23b62b7a913f84e4e0,SAFE_LOAD_OK,dict,epoch;model_state_dict;projector_state_dict;vicreg_loss,model_state_dict,846,549,PARTIAL_STATE,20.0,19,SoilNetDualHead,True,True,True,10,2,2x128,10x128,True,False,True,False,MODEL_COMPATIBLE;HAS_REG_HEAD;HAS_CLS_HEAD;HAS_LIGHT_BRANCH;HAS_EPOCH,Parameter tensor count excludes running statistics/counters; classification uses normalized keys and source evidence.
sha256:59ce0e8db1ce76b579f8,CHECKPOINT_ROOT,checkpoints_VicReg_original_NEW/vicreg_mu_20.0_epoch_2.pth,vicreg_mu_20.0_epoch_2.pth,23421783,59ce0e8db1ce76b579f8fd77e53640710d8f87fffc2b104576bb3caa4e669b59,SAFE_LOAD_OK,dict,epoch;model_state_dict;projector_state_dict;vicreg_loss,model_state_dict,846,549,PARTIAL_STATE,20.0,2,SoilNetDualHead,True,True,True,10,2,2x128,10x128,True,False,True,False,MODEL_COMPATIBLE;HAS_REG_HEAD;HAS_CLS_HEAD;HAS_LIGHT_BRANCH;HAS_EPOCH,Parameter tensor count excludes running statistics/counters; classification uses normalized keys and source evidence.
sha256:da7b4f1bc9d1986542f4,CHECKPOINT_ROOT,checkpoints_VicReg_original_NEW/vicreg_mu_20.0_epoch_20.pth,vicreg_mu_20.0_epoch_20.pth,23422376,da7b4f1bc9d1986542f40e028b2b78de384b670e71bb32c4e227fab4792d5b78,SAFE_LOAD_OK,dict,epoch;model_state_dict;projector_state_dict;vicreg_loss,model_state_dict,846,549,PARTIAL_STATE,20.0,20,SoilNetDualHead,True,True,True,10,2,2x128,10x128,True,False,True,False,MODEL_COMPATIBLE;HAS_REG_HEAD;HAS_CLS_HEAD;HAS_LIGHT_BRANCH;HAS_EPOCH,Parameter tensor count excludes running statistics/counters; classification uses normalized keys and source evidence.
sha256:b5d73e52236ecdc87016,CHECKPOINT_ROOT,checkpoints_VicReg_original_NEW/vicreg_mu_20.0_epoch_21.pth,vicreg_mu_20.0_epoch_21.pth,23422376,b5d73e52236ecdc870165f2b22c8f41731ff01f656850e25260a3c4ace9bd954,SAFE_LOAD_OK,dict,epoch;model_state_dict;projector_state_dict;vicreg_loss,model_state_dict,846,549,PARTIAL_STATE,20.0,21,SoilNetDualHead,True,True,True,10,2,2x128,10x128,True,False,True,False,MODEL_COMPATIBLE;HAS_REG_HEAD;HAS_CLS_HEAD;HAS_LIGHT_BRANCH;HAS_EPOCH,Parameter tensor count excludes running statistics/counters; classification uses normalized keys and source evidence.
sha256:eaf68de4c3641a8c01c9,CHECKPOINT_ROOT,checkpoints_VicReg_original_NEW/vicreg_mu_20.0_epoch_22.pth,vicreg_mu_20.0_epoch_22.pth,23422376,eaf68de4c3641a8c01c99866c4654b738688c2ca8d8817600bab5c55b77dd85f,SAFE_LOAD_OK,dict,epoch;model_state_dict;projector_state_dict;vicreg_loss,model_state_dict,846,549,PARTIAL_STATE,20.0,22,SoilNetDualHead,True,True,True,10,2,2x128,10x128,True,False,True,False,MODEL_COMPATIBLE;HAS_REG_HEAD;HAS_CLS_HEAD;HAS_LIGHT_BRANCH;HAS_EPOCH,Parameter tensor count excludes running statistics/counters; classification uses normalized keys and source evidence.
sha256:a2e54662a8bea96db6f3,CHECKPOINT_ROOT,checkpoints_VicReg_original_NEW/vicreg_mu_20.0_epoch_23.pth,vicreg_mu_20.0_epoch_23.pth,23422376,a2e54662a8bea96db6f3b543b29c14e360989e259101ca435cdd418e49368c89,SAFE_LOAD_OK,dict,epoch;model_state_dict;projector_state_dict;vicreg_loss,model_state_dict,846,549,PARTIAL_STATE,20.0,23,SoilNetDualHead,True,True,True,10,2,2x128,10x128,True,False,True,False,MODEL_COMPATIBLE;HAS_REG_HEAD;HAS_CLS_HEAD;HAS_LIGHT_BRANCH;HAS_EPOCH,Parameter tensor count excludes running statistics/counters; classification uses normalized keys and source evidence.
sha256:0ab9d73438759016f1ff,CHECKPOINT_ROOT,checkpoints_VicReg_original_NEW/vicreg_mu_20.0_epoch_24.pth,vicreg_mu_20.0_epoch_24.pth,23422376,0ab9d73438759016f1ffedba3ebc61a9bae251a93ed9be36de5c9902ee7584dd,SAFE_LOAD_OK,dict,epoch;model_state_dict;projector_state_dict;vicreg_loss,model_state_dict,846,549,PARTIAL_STATE,20.0,24,SoilNetDualHead,True,True,True,10,2,2x128,10x128,True,False,True,False,MODEL_COMPATIBLE;HAS_REG_HEAD;HAS_CLS_HEAD;HAS_LIGHT_BRANCH;HAS_EPOCH,Parameter tensor count excludes running statistics/counters; classification uses normalized keys and source evidence.
sha256:14e4b651eee9d723f7b5,CHECKPOINT_ROOT,checkpoints_VicReg_original_NEW/vicreg_mu_20.0_epoch_25.pth,vicreg_mu_20.0_epoch_25.pth,23422376,14e4b651eee9d723f7b5b867c11b60903e312ac05f6b33e1c54d86cd9834dcb6,SAFE_LOAD_OK,dict,epoch;model_state_dict;projector_state_dict;vicreg_loss,model_state_dict,846,549,PARTIAL_STATE,20.0,25,SoilNetDualHead,True,True,True,10,2,2x128,10x128,True,False,True,False,MODEL_COMPATIBLE;HAS_REG_HEAD;HAS_CLS_HEAD;HAS_LIGHT_BRANCH;HAS_EPOCH,Parameter tensor count excludes running statistics/counters; classification uses normalized keys and source evidence.
sha256:8d349c8a0a55921a9acc,CHECKPOINT_ROOT,checkpoints_VicReg_original_NEW/vicreg_mu_20.0_epoch_26.pth,vicreg_mu_20.0_epoch_26.pth,23422376,8d349c8a0a55921a9accfbc686dc47ef34193e614bf75ea0af5d9ebe031c5379,SAFE_LOAD_OK,dict,epoch;model_state_dict;projector_state_dict;vicreg_loss,model_state_dict,846,549,PARTIAL_STATE,20.0,26,SoilNetDualHead,True,True,True,10,2,2x128,10x128,True,False,True,False,MODEL_COMPATIBLE;HAS_REG_HEAD;HAS_CLS_HEAD;HAS_LIGHT_BRANCH;HAS_EPOCH,Parameter tensor count excludes running statistics/counters; classification uses normalized keys and source evidence.
sha256:79aa5cbcda86d80f38b5,CHECKPOINT_ROOT,checkpoints_VicReg_original_NEW/vicreg_mu_20.0_epoch_27.pth,vicreg_mu_20.0_epoch_27.pth,23422376,79aa5cbcda86d80f38b587a5585e4ed26bb1618010279b08505b56e4d8e1d6c6,SAFE_LOAD_OK,dict,epoch;model_state_dict;projector_state_dict;vicreg_loss,model_state_dict,846,549,PARTIAL_STATE,20.0,27,SoilNetDualHead,True,True,True,10,2,2x128,10x128,True,False,True,False,MODEL_COMPATIBLE;HAS_REG_HEAD;HAS_CLS_HEAD;HAS_LIGHT_BRANCH;HAS_EPOCH,Parameter tensor count excludes running statistics/counters; classification uses normalized keys and source evidence.
sha256:20cd721f6a1f148d5e7e,CHECKPOINT_ROOT,checkpoints_VicReg_original_NEW/vicreg_mu_20.0_epoch_28.pth,vicreg_mu_20.0_epoch_28.pth,23422376,20cd721f6a1f148d5e7e12ca9cf5c4d77448d388db1141f7de8a1f07efbe115d,SAFE_LOAD_OK,dict,epoch;model_state_dict;projector_state_dict;vicreg_loss,model_state_dict,846,549,PARTIAL_STATE,20.0,28,SoilNetDualHead,True,True,True,10,2,2x128,10x128,True,False,True,False,MODEL_COMPATIBLE;HAS_REG_HEAD;HAS_CLS_HEAD;HAS_LIGHT_BRANCH;HAS_EPOCH,Parameter tensor count excludes running statistics/counters; classification uses normalized keys and source evidence.
sha256:2e4777a03ae1a938cd43,CHECKPOINT_ROOT,checkpoints_VicReg_original_NEW/vicreg_mu_20.0_epoch_29.pth,vicreg_mu_20.0_epoch_29.pth,23422376,2e4777a03ae1a938cd435b06fee3199037537cc17eb1ca9a4f0e7298768123d7,SAFE_LOAD_OK,dict,epoch;model_state_dict;projector_state_dict;vicreg_loss,model_state_dict,846,549,PARTIAL_STATE,20.0,29,SoilNetDualHead,True,True,True,10,2,2x128,10x128,True,False,True,False,MODEL_COMPATIBLE;HAS_REG_HEAD;HAS_CLS_HEAD;HAS_LIGHT_BRANCH;HAS_EPOCH,Parameter tensor count excludes running statistics/counters; classification uses normalized keys and source evidence.
sha256:b0504f583ec3fd519756,CHECKPOINT_ROOT,checkpoints_VicReg_original_NEW/vicreg_mu_20.0_epoch_3.pth,vicreg_mu_20.0_epoch_3.pth,23421783,b0504f583ec3fd519756cf602a597dbc96fa2467668f4f5e213821a63e405954,SAFE_LOAD_OK,dict,epoch;model_state_dict;projector_state_dict;vicreg_loss,model_state_dict,846,549,PARTIAL_STATE,20.0,3,SoilNetDualHead,True,True,True,10,2,2x128,10x128,True,False,True,False,MODEL_COMPATIBLE;HAS_REG_HEAD;HAS_CLS_HEAD;HAS_LIGHT_BRANCH;HAS_EPOCH,Parameter tensor count excludes running statistics/counters; classification uses normalized keys and source evidence.
sha256:8c94ab92a30e86c969dd,CHECKPOINT_ROOT,checkpoints_VicReg_original_NEW/vicreg_mu_20.0_epoch_30.pth,vicreg_mu_20.0_epoch_30.pth,23422376,8c94ab92a30e86c969dd3c2a8c6a9270e33a5bdb3e0c179c284b446d0869c97c,SAFE_LOAD_OK,dict,epoch;model_state_dict;projector_state_dict;vicreg_loss,model_state_dict,846,549,PARTIAL_STATE,20.0,30,SoilNetDualHead,True,True,True,10,2,2x128,10x128,True,False,True,False,MODEL_COMPATIBLE;HAS_REG_HEAD;HAS_CLS_HEAD;HAS_LIGHT_BRANCH;HAS_EPOCH,Parameter tensor count excludes running statistics/counters; classification uses normalized keys and source evidence.
sha256:bf3e53de01f60a0340d7,CHECKPOINT_ROOT,checkpoints_VicReg_original_NEW/vicreg_mu_20.0_epoch_31.pth,vicreg_mu_20.0_epoch_31.pth,23422376,bf3e53de01f60a0340d77b06966dd63ba9ef84856ecbd77ee70cc511a3b3a2fa,SAFE_LOAD_OK,dict,epoch;model_state_dict;projector_state_dict;vicreg_loss,model_state_dict,846,549,PARTIAL_STATE,20.0,31,SoilNetDualHead,True,True,True,10,2,2x128,10x128,True,False,True,False,MODEL_COMPATIBLE;HAS_REG_HEAD;HAS_CLS_HEAD;HAS_LIGHT_BRANCH;HAS_EPOCH,Parameter tensor count excludes running statistics/counters; classification uses normalized keys and source evidence.
sha256:c9754b7090c5e6f39390,CHECKPOINT_ROOT,checkpoints_VicReg_original_NEW/vicreg_mu_20.0_epoch_32.pth,vicreg_mu_20.0_epoch_32.pth,23422376,c9754b7090c5e6f393900ab96abe795a5bf9ae2acdf794d9a57942f984429703,SAFE_LOAD_OK,dict,epoch;model_state_dict;projector_state_dict;vicreg_loss,model_state_dict,846,549,PARTIAL_STATE,20.0,32,SoilNetDualHead,True,True,True,10,2,2x128,10x128,True,False,True,False,MODEL_COMPATIBLE;HAS_REG_HEAD;HAS_CLS_HEAD;HAS_LIGHT_BRANCH;HAS_EPOCH,Parameter tensor count excludes running statistics/counters; classification uses normalized keys and source evidence.
sha256:08352928a0712299470f,CHECKPOINT_ROOT,checkpoints_VicReg_original_NEW/vicreg_mu_20.0_epoch_33.pth,vicreg_mu_20.0_epoch_33.pth,23422376,08352928a0712299470fc136da7c3e3e1c88f0343e12646d4e54c009483dc13a,SAFE_LOAD_OK,dict,epoch;model_state_dict;projector_state_dict;vicreg_loss,model_state_dict,846,549,PARTIAL_STATE,20.0,33,SoilNetDualHead,True,True,True,10,2,2x128,10x128,True,False,True,False,MODEL_COMPATIBLE;HAS_REG_HEAD;HAS_CLS_HEAD;HAS_LIGHT_BRANCH;HAS_EPOCH,Parameter tensor count excludes running statistics/counters; classification uses normalized keys and source evidence.
sha256:693b99ddecb1c84c0c1d,CHECKPOINT_ROOT,checkpoints_VicReg_original_NEW/vicreg_mu_20.0_epoch_34.pth,vicreg_mu_20.0_epoch_34.pth,23422376,693b99ddecb1c84c0c1d9c5284fcc60b6057320bf1c35a9088b20e3406b092f4,SAFE_LOAD_OK,dict,epoch;model_state_dict;projector_state_dict;vicreg_loss,model_state_dict,846,549,PARTIAL_STATE,20.0,34,SoilNetDualHead,True,True,True,10,2,2x128,10x128,True,False,True,False,MODEL_COMPATIBLE;HAS_REG_HEAD;HAS_CLS_HEAD;HAS_LIGHT_BRANCH;HAS_EPOCH,Parameter tensor count excludes running statistics/counters; classification uses normalized keys and source evidence.
sha256:533df1f68b430d7bcb69,CHECKPOINT_ROOT,checkpoints_VicReg_original_NEW/vicreg_mu_20.0_epoch_35.pth,vicreg_mu_20.0_epoch_35.pth,23422376,533df1f68b430d7bcb69cf02cbda999eca7f215b4546256e269066307f65739b,SAFE_LOAD_OK,dict,epoch;model_state_dict;projector_state_dict;vicreg_loss,model_state_dict,846,549,PARTIAL_STATE,20.0,35,SoilNetDualHead,True,True,True,10,2,2x128,10x128,True,False,True,False,MODEL_COMPATIBLE;HAS_REG_HEAD;HAS_CLS_HEAD;HAS_LIGHT_BRANCH;HAS_EPOCH,Parameter tensor count excludes running statistics/counters; classification uses normalized keys and source evidence.
sha256:a3401d14a5bc2ad35ec1,CHECKPOINT_ROOT,checkpoints_VicReg_original_NEW/vicreg_mu_20.0_epoch_36.pth,vicreg_mu_20.0_epoch_36.pth,23422376,a3401d14a5bc2ad35ec19f00d0dcb9c24e192c2124a9d752f601abc22d60e700,SAFE_LOAD_OK,dict,epoch;model_state_dict;projector_state_dict;vicreg_loss,model_state_dict,846,549,PARTIAL_STATE,20.0,36,SoilNetDualHead,True,True,True,10,2,2x128,10x128,True,False,True,False,MODEL_COMPATIBLE;HAS_REG_HEAD;HAS_CLS_HEAD;HAS_LIGHT_BRANCH;HAS_EPOCH,Parameter tensor count excludes running statistics/counters; classification uses normalized keys and source evidence.
sha256:f9bea741ea34b7bc05ca,CHECKPOINT_ROOT,checkpoints_VicReg_original_NEW/vicreg_mu_20.0_epoch_37.pth,vicreg_mu_20.0_epoch_37.pth,23422376,f9bea741ea34b7bc05ca6f904547efdd1e624be12934ab7faa9165ee72e6d5e5,SAFE_LOAD_OK,dict,epoch;model_state_dict;projector_state_dict;vicreg_loss,model_state_dict,846,549,PARTIAL_STATE,20.0,37,SoilNetDualHead,True,True,True,10,2,2x128,10x128,True,False,True,False,MODEL_COMPATIBLE;HAS_REG_HEAD;HAS_CLS_HEAD;HAS_LIGHT_BRANCH;HAS_EPOCH,Parameter tensor count excludes running statistics/counters; classification uses normalized keys and source evidence.
sha256:653fbbecce2216dfeb8c,CHECKPOINT_ROOT,checkpoints_VicReg_original_NEW/vicreg_mu_20.0_epoch_38.pth,vicreg_mu_20.0_epoch_38.pth,23422376,653fbbecce2216dfeb8cc7b1960fca5c7ffc815364eeb6d73fa1a256db1a4d5e,SAFE_LOAD_OK,dict,epoch;model_state_dict;projector_state_dict;vicreg_loss,model_state_dict,846,549,PARTIAL_STATE,20.0,38,SoilNetDualHead,True,True,True,10,2,2x128,10x128,True,False,True,False,MODEL_COMPATIBLE;HAS_REG_HEAD;HAS_CLS_HEAD;HAS_LIGHT_BRANCH;HAS_EPOCH,Parameter tensor count excludes running statistics/counters; classification uses normalized keys and source evidence.
sha256:e308ac96aa60ae122ee0,CHECKPOINT_ROOT,checkpoints_VicReg_original_NEW/vicreg_mu_20.0_epoch_39.pth,vicreg_mu_20.0_epoch_39.pth,23422376,e308ac96aa60ae122ee096e67921b5c8a766d6679b54d5233e051996d0f20235,SAFE_LOAD_OK,dict,epoch;model_state_dict;projector_state_dict;vicreg_loss,model_state_dict,846,549,PARTIAL_STATE,20.0,39,SoilNetDualHead,True,True,True,10,2,2x128,10x128,True,False,True,False,MODEL_COMPATIBLE;HAS_REG_HEAD;HAS_CLS_HEAD;HAS_LIGHT_BRANCH;HAS_EPOCH,Parameter tensor count excludes running statistics/counters; classification uses normalized keys and source evidence.
sha256:d18dc9337c0fea579756,CHECKPOINT_ROOT,checkpoints_VicReg_original_NEW/vicreg_mu_20.0_epoch_4.pth,vicreg_mu_20.0_epoch_4.pth,23421783,d18dc9337c0fea57975667e2e1b604215f3c897d89c15862ead0b1f7d09e4b5f,SAFE_LOAD_OK,dict,epoch;model_state_dict;projector_state_dict;vicreg_loss,model_state_dict,846,549,PARTIAL_STATE,20.0,4,SoilNetDualHead,True,True,True,10,2,2x128,10x128,True,False,True,False,MODEL_COMPATIBLE;HAS_REG_HEAD;HAS_CLS_HEAD;HAS_LIGHT_BRANCH;HAS_EPOCH,Parameter tensor count excludes running statistics/counters; classification uses normalized keys and source evidence.
sha256:57d1476277f20a340e99,CHECKPOINT_ROOT,checkpoints_VicReg_original_NEW/vicreg_mu_20.0_epoch_40.pth,vicreg_mu_20.0_epoch_40.pth,23422376,57d1476277f20a340e9998849e756a50f6064460482fb6d22e2e2fad7627809e,SAFE_LOAD_OK,dict,epoch;model_state_dict;projector_state_dict;vicreg_loss,model_state_dict,846,549,PARTIAL_STATE,20.0,40,SoilNetDualHead,True,True,True,10,2,2x128,10x128,True,False,True,False,MODEL_COMPATIBLE;HAS_REG_HEAD;HAS_CLS_HEAD;HAS_LIGHT_BRANCH;HAS_EPOCH,Parameter tensor count excludes running statistics/counters; classification uses normalized keys and source evidence.
sha256:f34bdcb5f9dfd83db754,CHECKPOINT_ROOT,checkpoints_VicReg_original_NEW/vicreg_mu_20.0_epoch_41.pth,vicreg_mu_20.0_epoch_41.pth,23422376,f34bdcb5f9dfd83db7541bb7ab5a2f6c803ace98dbead63632e9a832b054611d,SAFE_LOAD_OK,dict,epoch;model_state_dict;projector_state_dict;vicreg_loss,model_state_dict,846,549,PARTIAL_STATE,20.0,41,SoilNetDualHead,True,True,True,10,2,2x128,10x128,True,False,True,False,MODEL_COMPATIBLE;HAS_REG_HEAD;HAS_CLS_HEAD;HAS_LIGHT_BRANCH;HAS_EPOCH,Parameter tensor count excludes running statistics/counters; classification uses normalized keys and source evidence.
sha256:3ca2a1b4ef7124f9fbcd,CHECKPOINT_ROOT,checkpoints_VicReg_original_NEW/vicreg_mu_20.0_epoch_42.pth,vicreg_mu_20.0_epoch_42.pth,23422376,3ca2a1b4ef7124f9fbcde9934866b917b03a1a5a25c99517d7b364b997cabfcc,SAFE_LOAD_OK,dict,epoch;model_state_dict;projector_state_dict;vicreg_loss,model_state_dict,846,549,PARTIAL_STATE,20.0,42,SoilNetDualHead,True,True,True,10,2,2x128,10x128,True,False,True,False,MODEL_COMPATIBLE;HAS_REG_HEAD;HAS_CLS_HEAD;HAS_LIGHT_BRANCH;HAS_EPOCH,Parameter tensor count excludes running statistics/counters; classification uses normalized keys and source evidence.
sha256:7fa23931bdbd280a3f84,CHECKPOINT_ROOT,checkpoints_VicReg_original_NEW/vicreg_mu_20.0_epoch_43.pth,vicreg_mu_20.0_epoch_43.pth,23422376,7fa23931bdbd280a3f84eb32b1062ac35d9e7875685153c3fa9d22fef35d894c,SAFE_LOAD_OK,dict,epoch;model_state_dict;projector_state_dict;vicreg_loss,model_state_dict,846,549,PARTIAL_STATE,20.0,43,SoilNetDualHead,True,True,True,10,2,2x128,10x128,True,False,True,False,MODEL_COMPATIBLE;HAS_REG_HEAD;HAS_CLS_HEAD;HAS_LIGHT_BRANCH;HAS_EPOCH,Parameter tensor count excludes running statistics/counters; classification uses normalized keys and source evidence.
sha256:5386b9e8446e72b2b287,CHECKPOINT_ROOT,checkpoints_VicReg_original_NEW/vicreg_mu_20.0_epoch_44.pth,vicreg_mu_20.0_epoch_44.pth,23422376,5386b9e8446e72b2b287889268d22105aeafdd02fad13d5b83a729dfc1773672,SAFE_LOAD_OK,dict,epoch;model_state_dict;projector_state_dict;vicreg_loss,model_state_dict,846,549,PARTIAL_STATE,20.0,44,SoilNetDualHead,True,True,True,10,2,2x128,10x128,True,False,True,False,MODEL_COMPATIBLE;HAS_REG_HEAD;HAS_CLS_HEAD;HAS_LIGHT_BRANCH;HAS_EPOCH,Parameter tensor count excludes running statistics/counters; classification uses normalized keys and source evidence.
sha256:5d034e0ed331cfdede11,CHECKPOINT_ROOT,checkpoints_VicReg_original_NEW/vicreg_mu_20.0_epoch_45.pth,vicreg_mu_20.0_epoch_45.pth,23422376,5d034e0ed331cfdede116245491029673ca33d2cb402faa315f6272f405a24da,SAFE_LOAD_OK,dict,epoch;model_state_dict;projector_state_dict;vicreg_loss,model_state_dict,846,549,PARTIAL_STATE,20.0,45,SoilNetDualHead,True,True,True,10,2,2x128,10x128,True,False,True,False,MODEL_COMPATIBLE;HAS_REG_HEAD;HAS_CLS_HEAD;HAS_LIGHT_BRANCH;HAS_EPOCH,Parameter tensor count excludes running statistics/counters; classification uses normalized keys and source evidence.
sha256:0fd6e4508497913e1a80,CHECKPOINT_ROOT,checkpoints_VicReg_original_NEW/vicreg_mu_20.0_epoch_46.pth,vicreg_mu_20.0_epoch_46.pth,23422376,0fd6e4508497913e1a80d3551aa5fae5a936ea2fe0c679fcc091c185bf1d7ca5,SAFE_LOAD_OK,dict,epoch;model_state_dict;projector_state_dict;vicreg_loss,model_state_dict,846,549,PARTIAL_STATE,20.0,46,SoilNetDualHead,True,True,True,10,2,2x128,10x128,True,False,True,False,MODEL_COMPATIBLE;HAS_REG_HEAD;HAS_CLS_HEAD;HAS_LIGHT_BRANCH;HAS_EPOCH,Parameter tensor count excludes running statistics/counters; classification uses normalized keys and source evidence.
sha256:b40985eab8a5a5d87b50,CHECKPOINT_ROOT,checkpoints_VicReg_original_NEW/vicreg_mu_20.0_epoch_47.pth,vicreg_mu_20.0_epoch_47.pth,23422376,b40985eab8a5a5d87b505fac7c1991828d71611cb146332ee11b28cef9e0c240,SAFE_LOAD_OK,dict,epoch;model_state_dict;projector_state_dict;vicreg_loss,model_state_dict,846,549,PARTIAL_STATE,20.0,47,SoilNetDualHead,True,True,True,10,2,2x128,10x128,True,False,True,False,MODEL_COMPATIBLE;HAS_REG_HEAD;HAS_CLS_HEAD;HAS_LIGHT_BRANCH;HAS_EPOCH,Parameter tensor count excludes running statistics/counters; classification uses normalized keys and source evidence.
sha256:a83a7c6d70f83c64d958,CHECKPOINT_ROOT,checkpoints_VicReg_original_NEW/vicreg_mu_20.0_epoch_48.pth,vicreg_mu_20.0_epoch_48.pth,23422376,a83a7c6d70f83c64d95810d163d71e73d3d3fcaaa7278902218b118ed18cdf2c,SAFE_LOAD_OK,dict,epoch;model_state_dict;projector_state_dict;vicreg_loss,model_state_dict,846,549,PARTIAL_STATE,20.0,48,SoilNetDualHead,True,True,True,10,2,2x128,10x128,True,False,True,False,MODEL_COMPATIBLE;HAS_REG_HEAD;HAS_CLS_HEAD;HAS_LIGHT_BRANCH;HAS_EPOCH,Parameter tensor count excludes running statistics/counters; classification uses normalized keys and source evidence.
sha256:3cd3f99736760adc376e,CHECKPOINT_ROOT,checkpoints_VicReg_original_NEW/vicreg_mu_20.0_epoch_49.pth,vicreg_mu_20.0_epoch_49.pth,23422376,3cd3f99736760adc376e9bb13d3c14b7b5a36d4b1ec0d6ba773a1691c8f04846,SAFE_LOAD_OK,dict,epoch;model_state_dict;projector_state_dict;vicreg_loss,model_state_dict,846,549,PARTIAL_STATE,20.0,49,SoilNetDualHead,True,True,True,10,2,2x128,10x128,True,False,True,False,MODEL_COMPATIBLE;HAS_REG_HEAD;HAS_CLS_HEAD;HAS_LIGHT_BRANCH;HAS_EPOCH,Parameter tensor count excludes running statistics/counters; classification uses normalized keys and source evidence.
sha256:d17e2f88fe022dd415e1,CHECKPOINT_ROOT,checkpoints_VicReg_original_NEW/vicreg_mu_20.0_epoch_5.pth,vicreg_mu_20.0_epoch_5.pth,23421783,d17e2f88fe022dd415e1cecbdad46ff75572c5bf296138e2ecb85150bf403630,SAFE_LOAD_OK,dict,epoch;model_state_dict;projector_state_dict;vicreg_loss,model_state_dict,846,549,PARTIAL_STATE,20.0,5,SoilNetDualHead,True,True,True,10,2,2x128,10x128,True,False,True,False,MODEL_COMPATIBLE;HAS_REG_HEAD;HAS_CLS_HEAD;HAS_LIGHT_BRANCH;HAS_EPOCH,Parameter tensor count excludes running statistics/counters; classification uses normalized keys and source evidence.
sha256:4253192b7437fb5fe488,CHECKPOINT_ROOT,checkpoints_VicReg_original_NEW/vicreg_mu_20.0_epoch_50.pth,vicreg_mu_20.0_epoch_50.pth,23422376,4253192b7437fb5fe48831c88d52b3d504859aad3f113f221cf68f5a7c40fddb,SAFE_LOAD_OK,dict,epoch;model_state_dict;projector_state_dict;vicreg_loss,model_state_dict,846,549,PARTIAL_STATE,20.0,50,SoilNetDualHead,True,True,True,10,2,2x128,10x128,True,False,True,False,MODEL_COMPATIBLE;HAS_REG_HEAD;HAS_CLS_HEAD;HAS_LIGHT_BRANCH;HAS_EPOCH,Parameter tensor count excludes running statistics/counters; classification uses normalized keys and source evidence.
sha256:25aabda02bccdc52213a,CHECKPOINT_ROOT,checkpoints_VicReg_original_NEW/vicreg_mu_20.0_epoch_51.pth,vicreg_mu_20.0_epoch_51.pth,23422376,25aabda02bccdc52213ac9cd4e0365a1c297313c937a74549523c59678f7b732,SAFE_LOAD_OK,dict,epoch;model_state_dict;projector_state_dict;vicreg_loss,model_state_dict,846,549,PARTIAL_STATE,20.0,51,SoilNetDualHead,True,True,True,10,2,2x128,10x128,True,False,True,False,MODEL_COMPATIBLE;HAS_REG_HEAD;HAS_CLS_HEAD;HAS_LIGHT_BRANCH;HAS_EPOCH,Parameter tensor count excludes running statistics/counters; classification uses normalized keys and source evidence.
sha256:1d2647164e8c01f264d4,CHECKPOINT_ROOT,checkpoints_VicReg_original_NEW/vicreg_mu_20.0_epoch_52.pth,vicreg_mu_20.0_epoch_52.pth,23422376,1d2647164e8c01f264d48e77fc1259a523eff2292bec8d262736cdd677056e9c,SAFE_LOAD_OK,dict,epoch;model_state_dict;projector_state_dict;vicreg_loss,model_state_dict,846,549,PARTIAL_STATE,20.0,52,SoilNetDualHead,True,True,True,10,2,2x128,10x128,True,False,True,False,MODEL_COMPATIBLE;HAS_REG_HEAD;HAS_CLS_HEAD;HAS_LIGHT_BRANCH;HAS_EPOCH,Parameter tensor count excludes running statistics/counters; classification uses normalized keys and source evidence.
sha256:9659fa2528bfb35037d7,CHECKPOINT_ROOT,checkpoints_VicReg_original_NEW/vicreg_mu_20.0_epoch_53.pth,vicreg_mu_20.0_epoch_53.pth,23422376,9659fa2528bfb35037d72163981abbeb844a69bbe2215ad5c274e81c909ef6df,SAFE_LOAD_OK,dict,epoch;model_state_dict;projector_state_dict;vicreg_loss,model_state_dict,846,549,PARTIAL_STATE,20.0,53,SoilNetDualHead,True,True,True,10,2,2x128,10x128,True,False,True,False,MODEL_COMPATIBLE;HAS_REG_HEAD;HAS_CLS_HEAD;HAS_LIGHT_BRANCH;HAS_EPOCH,Parameter tensor count excludes running statistics/counters; classification uses normalized keys and source evidence.
sha256:84544dee681aa5ad0528,CHECKPOINT_ROOT,checkpoints_VicReg_original_NEW/vicreg_mu_20.0_epoch_54.pth,vicreg_mu_20.0_epoch_54.pth,23422376,84544dee681aa5ad05289f4d05743d67852eca8cd88c25a6c50b9ab8bdc9434c,SAFE_LOAD_OK,dict,epoch;model_state_dict;projector_state_dict;vicreg_loss,model_state_dict,846,549,PARTIAL_STATE,20.0,54,SoilNetDualHead,True,True,True,10,2,2x128,10x128,True,False,True,False,MODEL_COMPATIBLE;HAS_REG_HEAD;HAS_CLS_HEAD;HAS_LIGHT_BRANCH;HAS_EPOCH,Parameter tensor count excludes running statistics/counters; classification uses normalized keys and source evidence.
sha256:dcc1c77db6eae02bd597,CHECKPOINT_ROOT,checkpoints_VicReg_original_NEW/vicreg_mu_20.0_epoch_55.pth,vicreg_mu_20.0_epoch_55.pth,23422376,dcc1c77db6eae02bd59740eccea711fff21401f28dac6adbd3de92db67cf3a9d,SAFE_LOAD_OK,dict,epoch;model_state_dict;projector_state_dict;vicreg_loss,model_state_dict,846,549,PARTIAL_STATE,20.0,55,SoilNetDualHead,True,True,True,10,2,2x128,10x128,True,False,True,False,MODEL_COMPATIBLE;HAS_REG_HEAD;HAS_CLS_HEAD;HAS_LIGHT_BRANCH;HAS_EPOCH,Parameter tensor count excludes running statistics/counters; classification uses normalized keys and source evidence.
sha256:d0156460c20d431dd917,CHECKPOINT_ROOT,checkpoints_VicReg_original_NEW/vicreg_mu_20.0_epoch_56.pth,vicreg_mu_20.0_epoch_56.pth,23422376,d0156460c20d431dd9175a4a5a59c6549743db75c8f1e2d0af8cc963535fed5b,SAFE_LOAD_OK,dict,epoch;model_state_dict;projector_state_dict;vicreg_loss,model_state_dict,846,549,PARTIAL_STATE,20.0,56,SoilNetDualHead,True,True,True,10,2,2x128,10x128,True,False,True,False,MODEL_COMPATIBLE;HAS_REG_HEAD;HAS_CLS_HEAD;HAS_LIGHT_BRANCH;HAS_EPOCH,Parameter tensor count excludes running statistics/counters; classification uses normalized keys and source evidence.
sha256:8a18fad0c3bf920c9b20,CHECKPOINT_ROOT,checkpoints_VicReg_original_NEW/vicreg_mu_20.0_epoch_57.pth,vicreg_mu_20.0_epoch_57.pth,23422376,8a18fad0c3bf920c9b2005e50cd99bb969aef8b53957139263a153533a8e2f17,SAFE_LOAD_OK,dict,epoch;model_state_dict;projector_state_dict;vicreg_loss,model_state_dict,846,549,PARTIAL_STATE,20.0,57,SoilNetDualHead,True,True,True,10,2,2x128,10x128,True,False,True,False,MODEL_COMPATIBLE;HAS_REG_HEAD;HAS_CLS_HEAD;HAS_LIGHT_BRANCH;HAS_EPOCH,Parameter tensor count excludes running statistics/counters; classification uses normalized keys and source evidence.
sha256:a62cd94276dcd57751e3,CHECKPOINT_ROOT,checkpoints_VicReg_original_NEW/vicreg_mu_20.0_epoch_58.pth,vicreg_mu_20.0_epoch_58.pth,23422376,a62cd94276dcd57751e3c9d2b297617566f3b16a020df3bb9285747c6b12ceb9,SAFE_LOAD_OK,dict,epoch;model_state_dict;projector_state_dict;vicreg_loss,model_state_dict,846,549,PARTIAL_STATE,20.0,58,SoilNetDualHead,True,True,True,10,2,2x128,10x128,True,False,True,False,MODEL_COMPATIBLE;HAS_REG_HEAD;HAS_CLS_HEAD;HAS_LIGHT_BRANCH;HAS_EPOCH,Parameter tensor count excludes running statistics/counters; classification uses normalized keys and source evidence.
sha256:ef15cf8b90701152e0bc,CHECKPOINT_ROOT,checkpoints_VicReg_original_NEW/vicreg_mu_20.0_epoch_59.pth,vicreg_mu_20.0_epoch_59.pth,23422376,ef15cf8b90701152e0bc3b7b8cb50075604797a1f65e5fe03d940f027a975ed1,SAFE_LOAD_OK,dict,epoch;model_state_dict;projector_state_dict;vicreg_loss,model_state_dict,846,549,PARTIAL_STATE,20.0,59,SoilNetDualHead,True,True,True,10,2,2x128,10x128,True,False,True,False,MODEL_COMPATIBLE;HAS_REG_HEAD;HAS_CLS_HEAD;HAS_LIGHT_BRANCH;HAS_EPOCH,Parameter tensor count excludes running statistics/counters; classification uses normalized keys and source evidence.
sha256:f40887086883dd7e870a,CHECKPOINT_ROOT,checkpoints_VicReg_original_NEW/vicreg_mu_20.0_epoch_6.pth,vicreg_mu_20.0_epoch_6.pth,23421783,f40887086883dd7e870a2670374cc17a0149153890daca9f86cef1679b047326,SAFE_LOAD_OK,dict,epoch;model_state_dict;projector_state_dict;vicreg_loss,model_state_dict,846,549,PARTIAL_STATE,20.0,6,SoilNetDualHead,True,True,True,10,2,2x128,10x128,True,False,True,False,MODEL_COMPATIBLE;HAS_REG_HEAD;HAS_CLS_HEAD;HAS_LIGHT_BRANCH;HAS_EPOCH,Parameter tensor count excludes running statistics/counters; classification uses normalized keys and source evidence.
sha256:63d776d2e37cc560c0ac,CHECKPOINT_ROOT,checkpoints_VicReg_original_NEW/vicreg_mu_20.0_epoch_60.pth,vicreg_mu_20.0_epoch_60.pth,23422376,63d776d2e37cc560c0ac1f77c4582cc3ae347b3a3e38b1f1d0f77fe29f6a170c,SAFE_LOAD_OK,dict,epoch;model_state_dict;projector_state_dict;vicreg_loss,model_state_dict,846,549,PARTIAL_STATE,20.0,60,SoilNetDualHead,True,True,True,10,2,2x128,10x128,True,False,True,False,MODEL_COMPATIBLE;HAS_REG_HEAD;HAS_CLS_HEAD;HAS_LIGHT_BRANCH;HAS_EPOCH,Parameter tensor count excludes running statistics/counters; classification uses normalized keys and source evidence.
sha256:249907242e87728bbdb5,CHECKPOINT_ROOT,checkpoints_VicReg_original_NEW/vicreg_mu_20.0_epoch_61.pth,vicreg_mu_20.0_epoch_61.pth,23422376,249907242e87728bbdb54d3dbc7bf4a3b4d5dd499f78b4fa1799853e32d180b7,SAFE_LOAD_OK,dict,epoch;model_state_dict;projector_state_dict;vicreg_loss,model_state_dict,846,549,PARTIAL_STATE,20.0,61,SoilNetDualHead,True,True,True,10,2,2x128,10x128,True,False,True,False,MODEL_COMPATIBLE;HAS_REG_HEAD;HAS_CLS_HEAD;HAS_LIGHT_BRANCH;HAS_EPOCH,Parameter tensor count excludes running statistics/counters; classification uses normalized keys and source evidence.
sha256:2f664c61eb27d66b0eb5,CHECKPOINT_ROOT,checkpoints_VicReg_original_NEW/vicreg_mu_20.0_epoch_62.pth,vicreg_mu_20.0_epoch_62.pth,23422376,2f664c61eb27d66b0eb5caa498ad6c52955ddf67eada94daee145a83d6b78e18,SAFE_LOAD_OK,dict,epoch;model_state_dict;projector_state_dict;vicreg_loss,model_state_dict,846,549,PARTIAL_STATE,20.0,62,SoilNetDualHead,True,True,True,10,2,2x128,10x128,True,False,True,False,MODEL_COMPATIBLE;HAS_REG_HEAD;HAS_CLS_HEAD;HAS_LIGHT_BRANCH;HAS_EPOCH,Parameter tensor count excludes running statistics/counters; classification uses normalized keys and source evidence.
sha256:02cbd3ae3edb6eea7d5a,CHECKPOINT_ROOT,checkpoints_VicReg_original_NEW/vicreg_mu_20.0_epoch_63.pth,vicreg_mu_20.0_epoch_63.pth,23422376,02cbd3ae3edb6eea7d5a02c9f949d997ec77ea2cd79cd22926950feb54e4fb3d,SAFE_LOAD_OK,dict,epoch;model_state_dict;projector_state_dict;vicreg_loss,model_state_dict,846,549,PARTIAL_STATE,20.0,63,SoilNetDualHead,True,True,True,10,2,2x128,10x128,True,False,True,False,MODEL_COMPATIBLE;HAS_REG_HEAD;HAS_CLS_HEAD;HAS_LIGHT_BRANCH;HAS_EPOCH,Parameter tensor count excludes running statistics/counters; classification uses normalized keys and source evidence.
sha256:f7ab95174ff408a38c3a,CHECKPOINT_ROOT,checkpoints_VicReg_original_NEW/vicreg_mu_20.0_epoch_64.pth,vicreg_mu_20.0_epoch_64.pth,23422376,f7ab95174ff408a38c3a27259352f0016658952444273d267ee604721feda949,SAFE_LOAD_OK,dict,epoch;model_state_dict;projector_state_dict;vicreg_loss,model_state_dict,846,549,PARTIAL_STATE,20.0,64,SoilNetDualHead,True,True,True,10,2,2x128,10x128,True,False,True,False,MODEL_COMPATIBLE;HAS_REG_HEAD;HAS_CLS_HEAD;HAS_LIGHT_BRANCH;HAS_EPOCH,Parameter tensor count excludes running statistics/counters; classification uses normalized keys and source evidence.
sha256:a2c1530af17ae21693b4,CHECKPOINT_ROOT,checkpoints_VicReg_original_NEW/vicreg_mu_20.0_epoch_65.pth,vicreg_mu_20.0_epoch_65.pth,23422376,a2c1530af17ae21693b48a47018f021f44c03a8353c94a90f489d66cce668ecb,SAFE_LOAD_OK,dict,epoch;model_state_dict;projector_state_dict;vicreg_loss,model_state_dict,846,549,PARTIAL_STATE,20.0,65,SoilNetDualHead,True,True,True,10,2,2x128,10x128,True,False,True,False,MODEL_COMPATIBLE;HAS_REG_HEAD;HAS_CLS_HEAD;HAS_LIGHT_BRANCH;HAS_EPOCH,Parameter tensor count excludes running statistics/counters; classification uses normalized keys and source evidence.
sha256:0dbd9411398703cd3088,CHECKPOINT_ROOT,checkpoints_VicReg_original_NEW/vicreg_mu_20.0_epoch_66.pth,vicreg_mu_20.0_epoch_66.pth,23422376,0dbd9411398703cd3088f471df341947f47844300aa5a1797ea77459470044cd,SAFE_LOAD_OK,dict,epoch;model_state_dict;projector_state_dict;vicreg_loss,model_state_dict,846,549,PARTIAL_STATE,20.0,66,SoilNetDualHead,True,True,True,10,2,2x128,10x128,True,False,True,False,MODEL_COMPATIBLE;HAS_REG_HEAD;HAS_CLS_HEAD;HAS_LIGHT_BRANCH;HAS_EPOCH,Parameter tensor count excludes running statistics/counters; classification uses normalized keys and source evidence.
sha256:45f860e233f0c3d75f3a,CHECKPOINT_ROOT,checkpoints_VicReg_original_NEW/vicreg_mu_20.0_epoch_67.pth,vicreg_mu_20.0_epoch_67.pth,23422376,45f860e233f0c3d75f3a241d27a57f529d56001b28ea28ff042e10e7457080d7,SAFE_LOAD_OK,dict,epoch;model_state_dict;projector_state_dict;vicreg_loss,model_state_dict,846,549,PARTIAL_STATE,20.0,67,SoilNetDualHead,True,True,True,10,2,2x128,10x128,True,False,True,False,MODEL_COMPATIBLE;HAS_REG_HEAD;HAS_CLS_HEAD;HAS_LIGHT_BRANCH;HAS_EPOCH,Parameter tensor count excludes running statistics/counters; classification uses normalized keys and source evidence.
sha256:e9f18940b505fd931373,CHECKPOINT_ROOT,checkpoints_VicReg_original_NEW/vicreg_mu_20.0_epoch_68.pth,vicreg_mu_20.0_epoch_68.pth,23422376,e9f18940b505fd931373bd79fac6edbe13ebc1aaad9d94c2e041f81d3ac4678f,SAFE_LOAD_OK,dict,epoch;model_state_dict;projector_state_dict;vicreg_loss,model_state_dict,846,549,PARTIAL_STATE,20.0,68,SoilNetDualHead,True,True,True,10,2,2x128,10x128,True,False,True,False,MODEL_COMPATIBLE;HAS_REG_HEAD;HAS_CLS_HEAD;HAS_LIGHT_BRANCH;HAS_EPOCH,Parameter tensor count excludes running statistics/counters; classification uses normalized keys and source evidence.
sha256:c61a811984e1999d56e1,CHECKPOINT_ROOT,checkpoints_VicReg_original_NEW/vicreg_mu_20.0_epoch_69.pth,vicreg_mu_20.0_epoch_69.pth,23422376,c61a811984e1999d56e1129a3c5179e9339e2659b7a888794353b9440b5337fa,SAFE_LOAD_OK,dict,epoch;model_state_dict;projector_state_dict;vicreg_loss,model_state_dict,846,549,PARTIAL_STATE,20.0,69,SoilNetDualHead,True,True,True,10,2,2x128,10x128,True,False,True,False,MODEL_COMPATIBLE;HAS_REG_HEAD;HAS_CLS_HEAD;HAS_LIGHT_BRANCH;HAS_EPOCH,Parameter tensor count excludes running statistics/counters; classification uses normalized keys and source evidence.
sha256:b23777bf58d4ad68631e,CHECKPOINT_ROOT,checkpoints_VicReg_original_NEW/vicreg_mu_20.0_epoch_7.pth,vicreg_mu_20.0_epoch_7.pth,23421783,b23777bf58d4ad68631eb6437052d878a60720db3824d2a66d963ac44b955d31,SAFE_LOAD_OK,dict,epoch;model_state_dict;projector_state_dict;vicreg_loss,model_state_dict,846,549,PARTIAL_STATE,20.0,7,SoilNetDualHead,True,True,True,10,2,2x128,10x128,True,False,True,False,MODEL_COMPATIBLE;HAS_REG_HEAD;HAS_CLS_HEAD;HAS_LIGHT_BRANCH;HAS_EPOCH,Parameter tensor count excludes running statistics/counters; classification uses normalized keys and source evidence.
sha256:e12685f559f644ba8caf,CHECKPOINT_ROOT,checkpoints_VicReg_original_NEW/vicreg_mu_20.0_epoch_70.pth,vicreg_mu_20.0_epoch_70.pth,23422376,e12685f559f644ba8caf2e57029930bdcab6832f22b2b6868db0918f9006f261,SAFE_LOAD_OK,dict,epoch;model_state_dict;projector_state_dict;vicreg_loss,model_state_dict,846,549,PARTIAL_STATE,20.0,70,SoilNetDualHead,True,True,True,10,2,2x128,10x128,True,False,True,False,MODEL_COMPATIBLE;HAS_REG_HEAD;HAS_CLS_HEAD;HAS_LIGHT_BRANCH;HAS_EPOCH,Parameter tensor count excludes running statistics/counters; classification uses normalized keys and source evidence.
sha256:dfcedcf50866f8253e89,CHECKPOINT_ROOT,checkpoints_VicReg_original_NEW/vicreg_mu_20.0_epoch_71.pth,vicreg_mu_20.0_epoch_71.pth,23422376,dfcedcf50866f8253e895aea1533ae11bb09f5613f0f8a3c7d9554ac67182960,SAFE_LOAD_OK,dict,epoch;model_state_dict;projector_state_dict;vicreg_loss,model_state_dict,846,549,PARTIAL_STATE,20.0,71,SoilNetDualHead,True,True,True,10,2,2x128,10x128,True,False,True,False,MODEL_COMPATIBLE;HAS_REG_HEAD;HAS_CLS_HEAD;HAS_LIGHT_BRANCH;HAS_EPOCH,Parameter tensor count excludes running statistics/counters; classification uses normalized keys and source evidence.
sha256:782c17504c4cdeff4c81,CHECKPOINT_ROOT,checkpoints_VicReg_original_NEW/vicreg_mu_20.0_epoch_72.pth,vicreg_mu_20.0_epoch_72.pth,23422376,782c17504c4cdeff4c812e523e0d9770eae4b431f3b1a8631e3224a0f56830ea,SAFE_LOAD_OK,dict,epoch;model_state_dict;projector_state_dict;vicreg_loss,model_state_dict,846,549,PARTIAL_STATE,20.0,72,SoilNetDualHead,True,True,True,10,2,2x128,10x128,True,False,True,False,MODEL_COMPATIBLE;HAS_REG_HEAD;HAS_CLS_HEAD;HAS_LIGHT_BRANCH;HAS_EPOCH,Parameter tensor count excludes running statistics/counters; classification uses normalized keys and source evidence.
sha256:cb8531f41cab747c7bfb,CHECKPOINT_ROOT,checkpoints_VicReg_original_NEW/vicreg_mu_20.0_epoch_73.pth,vicreg_mu_20.0_epoch_73.pth,23422376,cb8531f41cab747c7bfb9fbb2d6c31bae11b38fe23bb9f247ea768c48db6a1fe,SAFE_LOAD_OK,dict,epoch;model_state_dict;projector_state_dict;vicreg_loss,model_state_dict,846,549,PARTIAL_STATE,20.0,73,SoilNetDualHead,True,True,True,10,2,2x128,10x128,True,False,True,False,MODEL_COMPATIBLE;HAS_REG_HEAD;HAS_CLS_HEAD;HAS_LIGHT_BRANCH;HAS_EPOCH,Parameter tensor count excludes running statistics/counters; classification uses normalized keys and source evidence.
sha256:f9870f32c9bb49450b3a,CHECKPOINT_ROOT,checkpoints_VicReg_original_NEW/vicreg_mu_20.0_epoch_74.pth,vicreg_mu_20.0_epoch_74.pth,23422376,f9870f32c9bb49450b3af334c5e69aa020d5e65471cff1efeccebe457f9d4f46,SAFE_LOAD_OK,dict,epoch;model_state_dict;projector_state_dict;vicreg_loss,model_state_dict,846,549,PARTIAL_STATE,20.0,74,SoilNetDualHead,True,True,True,10,2,2x128,10x128,True,False,True,False,MODEL_COMPATIBLE;HAS_REG_HEAD;HAS_CLS_HEAD;HAS_LIGHT_BRANCH;HAS_EPOCH,Parameter tensor count excludes running statistics/counters; classification uses normalized keys and source evidence.
sha256:371926301748cebfaa38,CHECKPOINT_ROOT,checkpoints_VicReg_original_NEW/vicreg_mu_20.0_epoch_75.pth,vicreg_mu_20.0_epoch_75.pth,23422376,371926301748cebfaa3880c0adad41981d1899ada037f0c77d92a705e2273e16,SAFE_LOAD_OK,dict,epoch;model_state_dict;projector_state_dict;vicreg_loss,model_state_dict,846,549,PARTIAL_STATE,20.0,75,SoilNetDualHead,True,True,True,10,2,2x128,10x128,True,False,True,False,MODEL_COMPATIBLE;HAS_REG_HEAD;HAS_CLS_HEAD;HAS_LIGHT_BRANCH;HAS_EPOCH,Parameter tensor count excludes running statistics/counters; classification uses normalized keys and source evidence.
sha256:412147a104e120c262c4,CHECKPOINT_ROOT,checkpoints_VicReg_original_NEW/vicreg_mu_20.0_epoch_76.pth,vicreg_mu_20.0_epoch_76.pth,23422376,412147a104e120c262c4530b5cb0fb0a4af2d816ef027ef199742660e1b26933,SAFE_LOAD_OK,dict,epoch;model_state_dict;projector_state_dict;vicreg_loss,model_state_dict,846,549,PARTIAL_STATE,20.0,76,SoilNetDualHead,True,True,True,10,2,2x128,10x128,True,False,True,False,MODEL_COMPATIBLE;HAS_REG_HEAD;HAS_CLS_HEAD;HAS_LIGHT_BRANCH;HAS_EPOCH,Parameter tensor count excludes running statistics/counters; classification uses normalized keys and source evidence.
sha256:1fd8b70b278cec00e6bf,CHECKPOINT_ROOT,checkpoints_VicReg_original_NEW/vicreg_mu_20.0_epoch_77.pth,vicreg_mu_20.0_epoch_77.pth,23422376,1fd8b70b278cec00e6bf3ff039eafb5f7765c3692ca41186037e639fadd83711,SAFE_LOAD_OK,dict,epoch;model_state_dict;projector_state_dict;vicreg_loss,model_state_dict,846,549,PARTIAL_STATE,20.0,77,SoilNetDualHead,True,True,True,10,2,2x128,10x128,True,False,True,False,MODEL_COMPATIBLE;HAS_REG_HEAD;HAS_CLS_HEAD;HAS_LIGHT_BRANCH;HAS_EPOCH,Parameter tensor count excludes running statistics/counters; classification uses normalized keys and source evidence.
sha256:9f8f9709333502e1a3da,CHECKPOINT_ROOT,checkpoints_VicReg_original_NEW/vicreg_mu_20.0_epoch_78.pth,vicreg_mu_20.0_epoch_78.pth,23422376,9f8f9709333502e1a3da772b94658964969480476c3a6118f950000f6e05e9ae,SAFE_LOAD_OK,dict,epoch;model_state_dict;projector_state_dict;vicreg_loss,model_state_dict,846,549,PARTIAL_STATE,20.0,78,SoilNetDualHead,True,True,True,10,2,2x128,10x128,True,False,True,False,MODEL_COMPATIBLE;HAS_REG_HEAD;HAS_CLS_HEAD;HAS_LIGHT_BRANCH;HAS_EPOCH,Parameter tensor count excludes running statistics/counters; classification uses normalized keys and source evidence.
sha256:8511161e47020b1a60bd,CHECKPOINT_ROOT,checkpoints_VicReg_original_NEW/vicreg_mu_20.0_epoch_79.pth,vicreg_mu_20.0_epoch_79.pth,23422376,8511161e47020b1a60bded4d98b212b15e1ec0b38722cdc378d3d35c4d87043f,SAFE_LOAD_OK,dict,epoch;model_state_dict;projector_state_dict;vicreg_loss,model_state_dict,846,549,PARTIAL_STATE,20.0,79,SoilNetDualHead,True,True,True,10,2,2x128,10x128,True,False,True,False,MODEL_COMPATIBLE;HAS_REG_HEAD;HAS_CLS_HEAD;HAS_LIGHT_BRANCH;HAS_EPOCH,Parameter tensor count excludes running statistics/counters; classification uses normalized keys and source evidence.
sha256:14b49342bea6e24d24aa,CHECKPOINT_ROOT,checkpoints_VicReg_original_NEW/vicreg_mu_20.0_epoch_8.pth,vicreg_mu_20.0_epoch_8.pth,23421783,14b49342bea6e24d24aa8c9655b26a2643aa9ab6adc9ca741535f97619520a40,SAFE_LOAD_OK,dict,epoch;model_state_dict;projector_state_dict;vicreg_loss,model_state_dict,846,549,PARTIAL_STATE,20.0,8,SoilNetDualHead,True,True,True,10,2,2x128,10x128,True,False,True,False,MODEL_COMPATIBLE;HAS_REG_HEAD;HAS_CLS_HEAD;HAS_LIGHT_BRANCH;HAS_EPOCH,Parameter tensor count excludes running statistics/counters; classification uses normalized keys and source evidence.
sha256:a682899e140a6855c66f,CHECKPOINT_ROOT,checkpoints_VicReg_original_NEW/vicreg_mu_20.0_epoch_80.pth,vicreg_mu_20.0_epoch_80.pth,23422376,a682899e140a6855c66f89f80484e092de9a45bef87511d496f6b3615a95f6e9,SAFE_LOAD_OK,dict,epoch;model_state_dict;projector_state_dict;vicreg_loss,model_state_dict,846,549,PARTIAL_STATE,20.0,80,SoilNetDualHead,True,True,True,10,2,2x128,10x128,True,False,True,False,MODEL_COMPATIBLE;HAS_REG_HEAD;HAS_CLS_HEAD;HAS_LIGHT_BRANCH;HAS_EPOCH,Parameter tensor count excludes running statistics/counters; classification uses normalized keys and source evidence.
sha256:8112b2eb78e26487bef1,CHECKPOINT_ROOT,checkpoints_VicReg_original_NEW/vicreg_mu_20.0_epoch_9.pth,vicreg_mu_20.0_epoch_9.pth,23421783,8112b2eb78e26487bef1c5c712a349985b76d4d8231a4ed7d37d4da4e042b7dc,SAFE_LOAD_OK,dict,epoch;model_state_dict;projector_state_dict;vicreg_loss,model_state_dict,846,549,PARTIAL_STATE,20.0,9,SoilNetDualHead,True,True,True,10,2,2x128,10x128,True,False,True,False,MODEL_COMPATIBLE;HAS_REG_HEAD;HAS_CLS_HEAD;HAS_LIGHT_BRANCH;HAS_EPOCH,Parameter tensor count excludes running statistics/counters; classification uses normalized keys and source evidence.
sha256:abbf63aad0e1f0ec5603,CHECKPOINT_ROOT,checkpoints_VicReg_original_NEW/vicreg_mu_23.0_epoch_1.pth,vicreg_mu_23.0_epoch_1.pth,23421783,abbf63aad0e1f0ec56033e523cf0625900b380fa46bb23a5184693b7eebb08da,SAFE_LOAD_OK,dict,epoch;model_state_dict;projector_state_dict;vicreg_loss,model_state_dict,846,549,PARTIAL_STATE,23.0,1,SoilNetDualHead,True,True,True,10,2,2x128,10x128,True,False,True,False,MODEL_COMPATIBLE;HAS_REG_HEAD;HAS_CLS_HEAD;HAS_LIGHT_BRANCH;HAS_EPOCH,Parameter tensor count excludes running statistics/counters; classification uses normalized keys and source evidence.
sha256:7256b966a90acab7d156,CHECKPOINT_ROOT,checkpoints_VicReg_original_NEW/vicreg_mu_23.0_epoch_10.pth,vicreg_mu_23.0_epoch_10.pth,23422376,7256b966a90acab7d1565e85ede5486396ec94b73a9e6f2c801c06404b833d64,SAFE_LOAD_OK,dict,epoch;model_state_dict;projector_state_dict;vicreg_loss,model_state_dict,846,549,PARTIAL_STATE,23.0,10,SoilNetDualHead,True,True,True,10,2,2x128,10x128,True,False,True,False,MODEL_COMPATIBLE;HAS_REG_HEAD;HAS_CLS_HEAD;HAS_LIGHT_BRANCH;HAS_EPOCH,Parameter tensor count excludes running statistics/counters; classification uses normalized keys and source evidence.
sha256:a1697aa503334baf0c6d,CHECKPOINT_ROOT,checkpoints_VicReg_original_NEW/vicreg_mu_23.0_epoch_11.pth,vicreg_mu_23.0_epoch_11.pth,23422376,a1697aa503334baf0c6d2ca378e27eadc7575192878a18a0e77f23a1abae286c,SAFE_LOAD_OK,dict,epoch;model_state_dict;projector_state_dict;vicreg_loss,model_state_dict,846,549,PARTIAL_STATE,23.0,11,SoilNetDualHead,True,True,True,10,2,2x128,10x128,True,False,True,False,MODEL_COMPATIBLE;HAS_REG_HEAD;HAS_CLS_HEAD;HAS_LIGHT_BRANCH;HAS_EPOCH,Parameter tensor count excludes running statistics/counters; classification uses normalized keys and source evidence.
sha256:032cd396988b6942e09f,CHECKPOINT_ROOT,checkpoints_VicReg_original_NEW/vicreg_mu_23.0_epoch_12.pth,vicreg_mu_23.0_epoch_12.pth,23422376,032cd396988b6942e09f578a53d1775fe0d87e9cfeef3dffc622d5b411f37c1e,SAFE_LOAD_OK,dict,epoch;model_state_dict;projector_state_dict;vicreg_loss,model_state_dict,846,549,PARTIAL_STATE,23.0,12,SoilNetDualHead,True,True,True,10,2,2x128,10x128,True,False,True,False,MODEL_COMPATIBLE;HAS_REG_HEAD;HAS_CLS_HEAD;HAS_LIGHT_BRANCH;HAS_EPOCH,Parameter tensor count excludes running statistics/counters; classification uses normalized keys and source evidence.
sha256:f6779d1141d70cf1f8fd,CHECKPOINT_ROOT,checkpoints_VicReg_original_NEW/vicreg_mu_23.0_epoch_13.pth,vicreg_mu_23.0_epoch_13.pth,23422376,f6779d1141d70cf1f8fda9f4d6736995bdfc1881798d9c7a002cb1237de1a4c6,SAFE_LOAD_OK,dict,epoch;model_state_dict;projector_state_dict;vicreg_loss,model_state_dict,846,549,PARTIAL_STATE,23.0,13,SoilNetDualHead,True,True,True,10,2,2x128,10x128,True,False,True,False,MODEL_COMPATIBLE;HAS_REG_HEAD;HAS_CLS_HEAD;HAS_LIGHT_BRANCH;HAS_EPOCH,Parameter tensor count excludes running statistics/counters; classification uses normalized keys and source evidence.
sha256:4e34da2620559e545ed4,CHECKPOINT_ROOT,checkpoints_VicReg_original_NEW/vicreg_mu_23.0_epoch_14.pth,vicreg_mu_23.0_epoch_14.pth,23422376,4e34da2620559e545ed4588e846e46416d1191907527fca26099bf6d131d45df,SAFE_LOAD_OK,dict,epoch;model_state_dict;projector_state_dict;vicreg_loss,model_state_dict,846,549,PARTIAL_STATE,23.0,14,SoilNetDualHead,True,True,True,10,2,2x128,10x128,True,False,True,False,MODEL_COMPATIBLE;HAS_REG_HEAD;HAS_CLS_HEAD;HAS_LIGHT_BRANCH;HAS_EPOCH,Parameter tensor count excludes running statistics/counters; classification uses normalized keys and source evidence.
sha256:9857664832143b0e8336,CHECKPOINT_ROOT,checkpoints_VicReg_original_NEW/vicreg_mu_23.0_epoch_15.pth,vicreg_mu_23.0_epoch_15.pth,23422376,9857664832143b0e8336ea25eb09f39afeb41a131793d0d54f9efe7e1a25c633,SAFE_LOAD_OK,dict,epoch;model_state_dict;projector_state_dict;vicreg_loss,model_state_dict,846,549,PARTIAL_STATE,23.0,15,SoilNetDualHead,True,True,True,10,2,2x128,10x128,True,False,True,False,MODEL_COMPATIBLE;HAS_REG_HEAD;HAS_CLS_HEAD;HAS_LIGHT_BRANCH;HAS_EPOCH,Parameter tensor count excludes running statistics/counters; classification uses normalized keys and source evidence.
sha256:c66da8e7ac178959d679,CHECKPOINT_ROOT,checkpoints_VicReg_original_NEW/vicreg_mu_23.0_epoch_16.pth,vicreg_mu_23.0_epoch_16.pth,23422376,c66da8e7ac178959d679955210010b890888b3d40f265a0dd70d482f444b9412,SAFE_LOAD_OK,dict,epoch;model_state_dict;projector_state_dict;vicreg_loss,model_state_dict,846,549,PARTIAL_STATE,23.0,16,SoilNetDualHead,True,True,True,10,2,2x128,10x128,True,False,True,False,MODEL_COMPATIBLE;HAS_REG_HEAD;HAS_CLS_HEAD;HAS_LIGHT_BRANCH;HAS_EPOCH,Parameter tensor count excludes running statistics/counters; classification uses normalized keys and source evidence.
sha256:c7597b3cf818b48397da,CHECKPOINT_ROOT,checkpoints_VicReg_original_NEW/vicreg_mu_23.0_epoch_17.pth,vicreg_mu_23.0_epoch_17.pth,23422376,c7597b3cf818b48397da8ad37dc8a794ba446566101eb5c6a0c9863a440958c4,SAFE_LOAD_OK,dict,epoch;model_state_dict;projector_state_dict;vicreg_loss,model_state_dict,846,549,PARTIAL_STATE,23.0,17,SoilNetDualHead,True,True,True,10,2,2x128,10x128,True,False,True,False,MODEL_COMPATIBLE;HAS_REG_HEAD;HAS_CLS_HEAD;HAS_LIGHT_BRANCH;HAS_EPOCH,Parameter tensor count excludes running statistics/counters; classification uses normalized keys and source evidence.
sha256:6da8e4e557a4488da7b9,CHECKPOINT_ROOT,checkpoints_VicReg_original_NEW/vicreg_mu_23.0_epoch_18.pth,vicreg_mu_23.0_epoch_18.pth,23422376,6da8e4e557a4488da7b969163216547bd007ddf57a97b2c8248aa0233c2b1ec7,SAFE_LOAD_OK,dict,epoch;model_state_dict;projector_state_dict;vicreg_loss,model_state_dict,846,549,PARTIAL_STATE,23.0,18,SoilNetDualHead,True,True,True,10,2,2x128,10x128,True,False,True,False,MODEL_COMPATIBLE;HAS_REG_HEAD;HAS_CLS_HEAD;HAS_LIGHT_BRANCH;HAS_EPOCH,Parameter tensor count excludes running statistics/counters; classification uses normalized keys and source evidence.
sha256:330cd6de965e2fa72d8a,CHECKPOINT_ROOT,checkpoints_VicReg_original_NEW/vicreg_mu_23.0_epoch_19.pth,vicreg_mu_23.0_epoch_19.pth,23422376,330cd6de965e2fa72d8ae7fe370f6e37f52605ebd8689a5d0e0aeaea87f73c68,SAFE_LOAD_OK,dict,epoch;model_state_dict;projector_state_dict;vicreg_loss,model_state_dict,846,549,PARTIAL_STATE,23.0,19,SoilNetDualHead,True,True,True,10,2,2x128,10x128,True,False,True,False,MODEL_COMPATIBLE;HAS_REG_HEAD;HAS_CLS_HEAD;HAS_LIGHT_BRANCH;HAS_EPOCH,Parameter tensor count excludes running statistics/counters; classification uses normalized keys and source evidence.
sha256:25d944b96818813a7a18,CHECKPOINT_ROOT,checkpoints_VicReg_original_NEW/vicreg_mu_23.0_epoch_2.pth,vicreg_mu_23.0_epoch_2.pth,23421783,25d944b96818813a7a18a09f548c52c6635441c1e1b49288834b67b028b8d963,SAFE_LOAD_OK,dict,epoch;model_state_dict;projector_state_dict;vicreg_loss,model_state_dict,846,549,PARTIAL_STATE,23.0,2,SoilNetDualHead,True,True,True,10,2,2x128,10x128,True,False,True,False,MODEL_COMPATIBLE;HAS_REG_HEAD;HAS_CLS_HEAD;HAS_LIGHT_BRANCH;HAS_EPOCH,Parameter tensor count excludes running statistics/counters; classification uses normalized keys and source evidence.
sha256:502abda28500d2277127,CHECKPOINT_ROOT,checkpoints_VicReg_original_NEW/vicreg_mu_23.0_epoch_20.pth,vicreg_mu_23.0_epoch_20.pth,23422376,502abda28500d22771274aeb0cf74c2d46e6ebd961fefb638db392928a59b4e6,SAFE_LOAD_OK,dict,epoch;model_state_dict;projector_state_dict;vicreg_loss,model_state_dict,846,549,PARTIAL_STATE,23.0,20,SoilNetDualHead,True,True,True,10,2,2x128,10x128,True,False,True,False,MODEL_COMPATIBLE;HAS_REG_HEAD;HAS_CLS_HEAD;HAS_LIGHT_BRANCH;HAS_EPOCH,Parameter tensor count excludes running statistics/counters; classification uses normalized keys and source evidence.
sha256:e0b66e1b72425eca4f93,CHECKPOINT_ROOT,checkpoints_VicReg_original_NEW/vicreg_mu_23.0_epoch_21.pth,vicreg_mu_23.0_epoch_21.pth,23422376,e0b66e1b72425eca4f938a6152f823c60c0946e16894e2e40584f58290bff4dd,SAFE_LOAD_OK,dict,epoch;model_state_dict;projector_state_dict;vicreg_loss,model_state_dict,846,549,PARTIAL_STATE,23.0,21,SoilNetDualHead,True,True,True,10,2,2x128,10x128,True,False,True,False,MODEL_COMPATIBLE;HAS_REG_HEAD;HAS_CLS_HEAD;HAS_LIGHT_BRANCH;HAS_EPOCH,Parameter tensor count excludes running statistics/counters; classification uses normalized keys and source evidence.
sha256:d875a138542b54a102ac,CHECKPOINT_ROOT,checkpoints_VicReg_original_NEW/vicreg_mu_23.0_epoch_22.pth,vicreg_mu_23.0_epoch_22.pth,23422376,d875a138542b54a102acc508dda709e8df6ae6c74f9f3889f9793bbee604d23e,SAFE_LOAD_OK,dict,epoch;model_state_dict;projector_state_dict;vicreg_loss,model_state_dict,846,549,PARTIAL_STATE,23.0,22,SoilNetDualHead,True,True,True,10,2,2x128,10x128,True,False,True,False,MODEL_COMPATIBLE;HAS_REG_HEAD;HAS_CLS_HEAD;HAS_LIGHT_BRANCH;HAS_EPOCH,Parameter tensor count excludes running statistics/counters; classification uses normalized keys and source evidence.
sha256:1f6fe09faf47cafe731f,CHECKPOINT_ROOT,checkpoints_VicReg_original_NEW/vicreg_mu_23.0_epoch_23.pth,vicreg_mu_23.0_epoch_23.pth,23422376,1f6fe09faf47cafe731f8fbc30a96fed30f1928560edd0b11f35a24b0e2dfcf0,SAFE_LOAD_OK,dict,epoch;model_state_dict;projector_state_dict;vicreg_loss,model_state_dict,846,549,PARTIAL_STATE,23.0,23,SoilNetDualHead,True,True,True,10,2,2x128,10x128,True,False,True,False,MODEL_COMPATIBLE;HAS_REG_HEAD;HAS_CLS_HEAD;HAS_LIGHT_BRANCH;HAS_EPOCH,Parameter tensor count excludes running statistics/counters; classification uses normalized keys and source evidence.
sha256:600eb5fc7124adfaf130,CHECKPOINT_ROOT,checkpoints_VicReg_original_NEW/vicreg_mu_23.0_epoch_24.pth,vicreg_mu_23.0_epoch_24.pth,23422376,600eb5fc7124adfaf1304231cc06c17bf130b7fd47f371290067f251c23829d8,SAFE_LOAD_OK,dict,epoch;model_state_dict;projector_state_dict;vicreg_loss,model_state_dict,846,549,PARTIAL_STATE,23.0,24,SoilNetDualHead,True,True,True,10,2,2x128,10x128,True,False,True,False,MODEL_COMPATIBLE;HAS_REG_HEAD;HAS_CLS_HEAD;HAS_LIGHT_BRANCH;HAS_EPOCH,Parameter tensor count excludes running statistics/counters; classification uses normalized keys and source evidence.
sha256:f927e1ed9ec983ee85a2,CHECKPOINT_ROOT,checkpoints_VicReg_original_NEW/vicreg_mu_23.0_epoch_25.pth,vicreg_mu_23.0_epoch_25.pth,23422376,f927e1ed9ec983ee85a22886191c9c14d993ca7bf27fe77fdd7939c0f8d150ad,SAFE_LOAD_OK,dict,epoch;model_state_dict;projector_state_dict;vicreg_loss,model_state_dict,846,549,PARTIAL_STATE,23.0,25,SoilNetDualHead,True,True,True,10,2,2x128,10x128,True,False,True,False,MODEL_COMPATIBLE;HAS_REG_HEAD;HAS_CLS_HEAD;HAS_LIGHT_BRANCH;HAS_EPOCH,Parameter tensor count excludes running statistics/counters; classification uses normalized keys and source evidence.
sha256:03a1e3018e69179a2349,CHECKPOINT_ROOT,checkpoints_VicReg_original_NEW/vicreg_mu_23.0_epoch_26.pth,vicreg_mu_23.0_epoch_26.pth,23422376,03a1e3018e69179a2349ba7af29eaa251c94b4e080ea4320f49472cc68a2a418,SAFE_LOAD_OK,dict,epoch;model_state_dict;projector_state_dict;vicreg_loss,model_state_dict,846,549,PARTIAL_STATE,23.0,26,SoilNetDualHead,True,True,True,10,2,2x128,10x128,True,False,True,False,MODEL_COMPATIBLE;HAS_REG_HEAD;HAS_CLS_HEAD;HAS_LIGHT_BRANCH;HAS_EPOCH,Parameter tensor count excludes running statistics/counters; classification uses normalized keys and source evidence.
sha256:4296a3667ba8714711c3,CHECKPOINT_ROOT,checkpoints_VicReg_original_NEW/vicreg_mu_23.0_epoch_27.pth,vicreg_mu_23.0_epoch_27.pth,23422376,4296a3667ba8714711c332ccf6125d674ebb5cf6bdddfc424b008d6aa0a3ed4f,SAFE_LOAD_OK,dict,epoch;model_state_dict;projector_state_dict;vicreg_loss,model_state_dict,846,549,PARTIAL_STATE,23.0,27,SoilNetDualHead,True,True,True,10,2,2x128,10x128,True,False,True,False,MODEL_COMPATIBLE;HAS_REG_HEAD;HAS_CLS_HEAD;HAS_LIGHT_BRANCH;HAS_EPOCH,Parameter tensor count excludes running statistics/counters; classification uses normalized keys and source evidence.
sha256:157d0a48ecf84c550ca6,CHECKPOINT_ROOT,checkpoints_VicReg_original_NEW/vicreg_mu_23.0_epoch_28.pth,vicreg_mu_23.0_epoch_28.pth,23422376,157d0a48ecf84c550ca68804c654f54286676ee5ad826173b3b07077e2e90f50,SAFE_LOAD_OK,dict,epoch;model_state_dict;projector_state_dict;vicreg_loss,model_state_dict,846,549,PARTIAL_STATE,23.0,28,SoilNetDualHead,True,True,True,10,2,2x128,10x128,True,False,True,False,MODEL_COMPATIBLE;HAS_REG_HEAD;HAS_CLS_HEAD;HAS_LIGHT_BRANCH;HAS_EPOCH,Parameter tensor count excludes running statistics/counters; classification uses normalized keys and source evidence.
sha256:48f53c1ba2a21ae64c5c,CHECKPOINT_ROOT,checkpoints_VicReg_original_NEW/vicreg_mu_23.0_epoch_29.pth,vicreg_mu_23.0_epoch_29.pth,23422376,48f53c1ba2a21ae64c5c6b073c828629ba9997856b1ea66da44db702364d71ca,SAFE_LOAD_OK,dict,epoch;model_state_dict;projector_state_dict;vicreg_loss,model_state_dict,846,549,PARTIAL_STATE,23.0,29,SoilNetDualHead,True,True,True,10,2,2x128,10x128,True,False,True,False,MODEL_COMPATIBLE;HAS_REG_HEAD;HAS_CLS_HEAD;HAS_LIGHT_BRANCH;HAS_EPOCH,Parameter tensor count excludes running statistics/counters; classification uses normalized keys and source evidence.
sha256:1491c93498cc2b4a32fd,CHECKPOINT_ROOT,checkpoints_VicReg_original_NEW/vicreg_mu_23.0_epoch_3.pth,vicreg_mu_23.0_epoch_3.pth,23421783,1491c93498cc2b4a32fd2c217b5962be96c339080e3b7ecfba6520ceb404300d,SAFE_LOAD_OK,dict,epoch;model_state_dict;projector_state_dict;vicreg_loss,model_state_dict,846,549,PARTIAL_STATE,23.0,3,SoilNetDualHead,True,True,True,10,2,2x128,10x128,True,False,True,False,MODEL_COMPATIBLE;HAS_REG_HEAD;HAS_CLS_HEAD;HAS_LIGHT_BRANCH;HAS_EPOCH,Parameter tensor count excludes running statistics/counters; classification uses normalized keys and source evidence.
sha256:3a91cba264103910e3d2,CHECKPOINT_ROOT,checkpoints_VicReg_original_NEW/vicreg_mu_23.0_epoch_30.pth,vicreg_mu_23.0_epoch_30.pth,23422376,3a91cba264103910e3d2a34ec2948c28811a269c6e81a4304c35b39f3b2fa148,SAFE_LOAD_OK,dict,epoch;model_state_dict;projector_state_dict;vicreg_loss,model_state_dict,846,549,PARTIAL_STATE,23.0,30,SoilNetDualHead,True,True,True,10,2,2x128,10x128,True,False,True,False,MODEL_COMPATIBLE;HAS_REG_HEAD;HAS_CLS_HEAD;HAS_LIGHT_BRANCH;HAS_EPOCH,Parameter tensor count excludes running statistics/counters; classification uses normalized keys and source evidence.
sha256:01d3f17faaa22bb75734,CHECKPOINT_ROOT,checkpoints_VicReg_original_NEW/vicreg_mu_23.0_epoch_31.pth,vicreg_mu_23.0_epoch_31.pth,23422376,01d3f17faaa22bb75734c01456fa0a71de7ae8fc38df0146ba106e028135f559,SAFE_LOAD_OK,dict,epoch;model_state_dict;projector_state_dict;vicreg_loss,model_state_dict,846,549,PARTIAL_STATE,23.0,31,SoilNetDualHead,True,True,True,10,2,2x128,10x128,True,False,True,False,MODEL_COMPATIBLE;HAS_REG_HEAD;HAS_CLS_HEAD;HAS_LIGHT_BRANCH;HAS_EPOCH,Parameter tensor count excludes running statistics/counters; classification uses normalized keys and source evidence.
sha256:853d7fe31ae11f3ae5f0,CHECKPOINT_ROOT,checkpoints_VicReg_original_NEW/vicreg_mu_23.0_epoch_32.pth,vicreg_mu_23.0_epoch_32.pth,23422376,853d7fe31ae11f3ae5f03af0f8226624d7fa5249a23282f1cc13d3c85950fb51,SAFE_LOAD_OK,dict,epoch;model_state_dict;projector_state_dict;vicreg_loss,model_state_dict,846,549,PARTIAL_STATE,23.0,32,SoilNetDualHead,True,True,True,10,2,2x128,10x128,True,False,True,False,MODEL_COMPATIBLE;HAS_REG_HEAD;HAS_CLS_HEAD;HAS_LIGHT_BRANCH;HAS_EPOCH,Parameter tensor count excludes running statistics/counters; classification uses normalized keys and source evidence.
sha256:79478fdb20f53826d461,CHECKPOINT_ROOT,checkpoints_VicReg_original_NEW/vicreg_mu_23.0_epoch_33.pth,vicreg_mu_23.0_epoch_33.pth,23422376,79478fdb20f53826d461076c41c93d30e5fa02435e5e229a31b3ed3d3af501c8,SAFE_LOAD_OK,dict,epoch;model_state_dict;projector_state_dict;vicreg_loss,model_state_dict,846,549,PARTIAL_STATE,23.0,33,SoilNetDualHead,True,True,True,10,2,2x128,10x128,True,False,True,False,MODEL_COMPATIBLE;HAS_REG_HEAD;HAS_CLS_HEAD;HAS_LIGHT_BRANCH;HAS_EPOCH,Parameter tensor count excludes running statistics/counters; classification uses normalized keys and source evidence.
sha256:9e8a3195a13393103428,CHECKPOINT_ROOT,checkpoints_VicReg_original_NEW/vicreg_mu_23.0_epoch_34.pth,vicreg_mu_23.0_epoch_34.pth,23422376,9e8a3195a13393103428e38828b8b2a25351d8bcfc324a1e2e6ae47a98f1a2d5,SAFE_LOAD_OK,dict,epoch;model_state_dict;projector_state_dict;vicreg_loss,model_state_dict,846,549,PARTIAL_STATE,23.0,34,SoilNetDualHead,True,True,True,10,2,2x128,10x128,True,False,True,False,MODEL_COMPATIBLE;HAS_REG_HEAD;HAS_CLS_HEAD;HAS_LIGHT_BRANCH;HAS_EPOCH,Parameter tensor count excludes running statistics/counters; classification uses normalized keys and source evidence.
sha256:49b15d77c7f7bd0db5e1,CHECKPOINT_ROOT,checkpoints_VicReg_original_NEW/vicreg_mu_23.0_epoch_35.pth,vicreg_mu_23.0_epoch_35.pth,23422376,49b15d77c7f7bd0db5e1425c341de346975275dd523289700b93ffef6f42ce65,SAFE_LOAD_OK,dict,epoch;model_state_dict;projector_state_dict;vicreg_loss,model_state_dict,846,549,PARTIAL_STATE,23.0,35,SoilNetDualHead,True,True,True,10,2,2x128,10x128,True,False,True,False,MODEL_COMPATIBLE;HAS_REG_HEAD;HAS_CLS_HEAD;HAS_LIGHT_BRANCH;HAS_EPOCH,Parameter tensor count excludes running statistics/counters; classification uses normalized keys and source evidence.
sha256:a5591864d1d5e55a363f,CHECKPOINT_ROOT,checkpoints_VicReg_original_NEW/vicreg_mu_23.0_epoch_36.pth,vicreg_mu_23.0_epoch_36.pth,23422376,a5591864d1d5e55a363f920c5db7e3cf352787ffba61e30ae3b36663bc192e69,SAFE_LOAD_OK,dict,epoch;model_state_dict;projector_state_dict;vicreg_loss,model_state_dict,846,549,PARTIAL_STATE,23.0,36,SoilNetDualHead,True,True,True,10,2,2x128,10x128,True,False,True,False,MODEL_COMPATIBLE;HAS_REG_HEAD;HAS_CLS_HEAD;HAS_LIGHT_BRANCH;HAS_EPOCH,Parameter tensor count excludes running statistics/counters; classification uses normalized keys and source evidence.
sha256:cb56561986e7013d36ae,CHECKPOINT_ROOT,checkpoints_VicReg_original_NEW/vicreg_mu_23.0_epoch_37.pth,vicreg_mu_23.0_epoch_37.pth,23422376,cb56561986e7013d36aefd59d62f815fc07844c0db867fb9f84b8f4a652c82ad,SAFE_LOAD_OK,dict,epoch;model_state_dict;projector_state_dict;vicreg_loss,model_state_dict,846,549,PARTIAL_STATE,23.0,37,SoilNetDualHead,True,True,True,10,2,2x128,10x128,True,False,True,False,MODEL_COMPATIBLE;HAS_REG_HEAD;HAS_CLS_HEAD;HAS_LIGHT_BRANCH;HAS_EPOCH,Parameter tensor count excludes running statistics/counters; classification uses normalized keys and source evidence.
sha256:291ddf211c6e4a98eba8,CHECKPOINT_ROOT,checkpoints_VicReg_original_NEW/vicreg_mu_23.0_epoch_38.pth,vicreg_mu_23.0_epoch_38.pth,23422376,291ddf211c6e4a98eba81aa85524966ebb49621903a5ed94307dd251045e8dd9,SAFE_LOAD_OK,dict,epoch;model_state_dict;projector_state_dict;vicreg_loss,model_state_dict,846,549,PARTIAL_STATE,23.0,38,SoilNetDualHead,True,True,True,10,2,2x128,10x128,True,False,True,False,MODEL_COMPATIBLE;HAS_REG_HEAD;HAS_CLS_HEAD;HAS_LIGHT_BRANCH;HAS_EPOCH,Parameter tensor count excludes running statistics/counters; classification uses normalized keys and source evidence.
sha256:c4d257a358d41b62af5e,CHECKPOINT_ROOT,checkpoints_VicReg_original_NEW/vicreg_mu_23.0_epoch_39.pth,vicreg_mu_23.0_epoch_39.pth,23422376,c4d257a358d41b62af5ee42584a6ccce3c9736e13de6749e19d8d2016d1de244,SAFE_LOAD_OK,dict,epoch;model_state_dict;projector_state_dict;vicreg_loss,model_state_dict,846,549,PARTIAL_STATE,23.0,39,SoilNetDualHead,True,True,True,10,2,2x128,10x128,True,False,True,False,MODEL_COMPATIBLE;HAS_REG_HEAD;HAS_CLS_HEAD;HAS_LIGHT_BRANCH;HAS_EPOCH,Parameter tensor count excludes running statistics/counters; classification uses normalized keys and source evidence.
sha256:e395fc4518f3f5e9ee54,CHECKPOINT_ROOT,checkpoints_VicReg_original_NEW/vicreg_mu_23.0_epoch_4.pth,vicreg_mu_23.0_epoch_4.pth,23421783,e395fc4518f3f5e9ee540012dbd324499b5a19450bc5c77a6cff0f5a01ae48b3,SAFE_LOAD_OK,dict,epoch;model_state_dict;projector_state_dict;vicreg_loss,model_state_dict,846,549,PARTIAL_STATE,23.0,4,SoilNetDualHead,True,True,True,10,2,2x128,10x128,True,False,True,False,MODEL_COMPATIBLE;HAS_REG_HEAD;HAS_CLS_HEAD;HAS_LIGHT_BRANCH;HAS_EPOCH,Parameter tensor count excludes running statistics/counters; classification uses normalized keys and source evidence.
sha256:5a0192cf92870346c26b,CHECKPOINT_ROOT,checkpoints_VicReg_original_NEW/vicreg_mu_23.0_epoch_40.pth,vicreg_mu_23.0_epoch_40.pth,23422376,5a0192cf92870346c26bb60aface355a1873e5cd45cb7fbdd492c351d26675ee,SAFE_LOAD_OK,dict,epoch;model_state_dict;projector_state_dict;vicreg_loss,model_state_dict,846,549,PARTIAL_STATE,23.0,40,SoilNetDualHead,True,True,True,10,2,2x128,10x128,True,False,True,False,MODEL_COMPATIBLE;HAS_REG_HEAD;HAS_CLS_HEAD;HAS_LIGHT_BRANCH;HAS_EPOCH,Parameter tensor count excludes running statistics/counters; classification uses normalized keys and source evidence.
sha256:64aeabddeea8c57c708d,CHECKPOINT_ROOT,checkpoints_VicReg_original_NEW/vicreg_mu_23.0_epoch_41.pth,vicreg_mu_23.0_epoch_41.pth,23422376,64aeabddeea8c57c708d6493ae325c7d583d77105e3e4acbce81efdede33507a,SAFE_LOAD_OK,dict,epoch;model_state_dict;projector_state_dict;vicreg_loss,model_state_dict,846,549,PARTIAL_STATE,23.0,41,SoilNetDualHead,True,True,True,10,2,2x128,10x128,True,False,True,False,MODEL_COMPATIBLE;HAS_REG_HEAD;HAS_CLS_HEAD;HAS_LIGHT_BRANCH;HAS_EPOCH,Parameter tensor count excludes running statistics/counters; classification uses normalized keys and source evidence.
sha256:0e9833e959004792982e,CHECKPOINT_ROOT,checkpoints_VicReg_original_NEW/vicreg_mu_23.0_epoch_42.pth,vicreg_mu_23.0_epoch_42.pth,23422376,0e9833e959004792982e6c5d723760f045a93953ca50cd5ac2d1f6a8838b8fb2,SAFE_LOAD_OK,dict,epoch;model_state_dict;projector_state_dict;vicreg_loss,model_state_dict,846,549,PARTIAL_STATE,23.0,42,SoilNetDualHead,True,True,True,10,2,2x128,10x128,True,False,True,False,MODEL_COMPATIBLE;HAS_REG_HEAD;HAS_CLS_HEAD;HAS_LIGHT_BRANCH;HAS_EPOCH,Parameter tensor count excludes running statistics/counters; classification uses normalized keys and source evidence.
sha256:c63c178013b6c0d53fa0,CHECKPOINT_ROOT,checkpoints_VicReg_original_NEW/vicreg_mu_23.0_epoch_43.pth,vicreg_mu_23.0_epoch_43.pth,23422376,c63c178013b6c0d53fa0313d38e98d2a72d99c190d3575cedb9bfc83aeddfb07,SAFE_LOAD_OK,dict,epoch;model_state_dict;projector_state_dict;vicreg_loss,model_state_dict,846,549,PARTIAL_STATE,23.0,43,SoilNetDualHead,True,True,True,10,2,2x128,10x128,True,False,True,False,MODEL_COMPATIBLE;HAS_REG_HEAD;HAS_CLS_HEAD;HAS_LIGHT_BRANCH;HAS_EPOCH,Parameter tensor count excludes running statistics/counters; classification uses normalized keys and source evidence.
sha256:7e1c381fa905b2d03e8e,CHECKPOINT_ROOT,checkpoints_VicReg_original_NEW/vicreg_mu_23.0_epoch_44.pth,vicreg_mu_23.0_epoch_44.pth,23422376,7e1c381fa905b2d03e8ef3e5b4676f7646044e01f6f1298ba2f5a23216059690,SAFE_LOAD_OK,dict,epoch;model_state_dict;projector_state_dict;vicreg_loss,model_state_dict,846,549,PARTIAL_STATE,23.0,44,SoilNetDualHead,True,True,True,10,2,2x128,10x128,True,False,True,False,MODEL_COMPATIBLE;HAS_REG_HEAD;HAS_CLS_HEAD;HAS_LIGHT_BRANCH;HAS_EPOCH,Parameter tensor count excludes running statistics/counters; classification uses normalized keys and source evidence.
sha256:dceaa02ed9b71474c9f3,CHECKPOINT_ROOT,checkpoints_VicReg_original_NEW/vicreg_mu_23.0_epoch_45.pth,vicreg_mu_23.0_epoch_45.pth,23422376,dceaa02ed9b71474c9f303257798ad0ddbec142e9afad3b83ce0480aaebc17f4,SAFE_LOAD_OK,dict,epoch;model_state_dict;projector_state_dict;vicreg_loss,model_state_dict,846,549,PARTIAL_STATE,23.0,45,SoilNetDualHead,True,True,True,10,2,2x128,10x128,True,False,True,False,MODEL_COMPATIBLE;HAS_REG_HEAD;HAS_CLS_HEAD;HAS_LIGHT_BRANCH;HAS_EPOCH,Parameter tensor count excludes running statistics/counters; classification uses normalized keys and source evidence.
sha256:b4d7f21aed02d42b258c,CHECKPOINT_ROOT,checkpoints_VicReg_original_NEW/vicreg_mu_23.0_epoch_46.pth,vicreg_mu_23.0_epoch_46.pth,23422376,b4d7f21aed02d42b258c8294f6368aff5d2c30f66329259511a261d1820775e9,SAFE_LOAD_OK,dict,epoch;model_state_dict;projector_state_dict;vicreg_loss,model_state_dict,846,549,PARTIAL_STATE,23.0,46,SoilNetDualHead,True,True,True,10,2,2x128,10x128,True,False,True,False,MODEL_COMPATIBLE;HAS_REG_HEAD;HAS_CLS_HEAD;HAS_LIGHT_BRANCH;HAS_EPOCH,Parameter tensor count excludes running statistics/counters; classification uses normalized keys and source evidence.
sha256:8d562337dd2a6b3b3b2d,CHECKPOINT_ROOT,checkpoints_VicReg_original_NEW/vicreg_mu_23.0_epoch_47.pth,vicreg_mu_23.0_epoch_47.pth,23422376,8d562337dd2a6b3b3b2de19afbcbf38dbca7e046bdbcea879528f2c33bfce13a,SAFE_LOAD_OK,dict,epoch;model_state_dict;projector_state_dict;vicreg_loss,model_state_dict,846,549,PARTIAL_STATE,23.0,47,SoilNetDualHead,True,True,True,10,2,2x128,10x128,True,False,True,False,MODEL_COMPATIBLE;HAS_REG_HEAD;HAS_CLS_HEAD;HAS_LIGHT_BRANCH;HAS_EPOCH,Parameter tensor count excludes running statistics/counters; classification uses normalized keys and source evidence.
sha256:9eb2887e624ffe752a69,CHECKPOINT_ROOT,checkpoints_VicReg_original_NEW/vicreg_mu_23.0_epoch_48.pth,vicreg_mu_23.0_epoch_48.pth,23422376,9eb2887e624ffe752a696c49bdf2ead0c8036a532100c721d13fe9b4b061cc5e,SAFE_LOAD_OK,dict,epoch;model_state_dict;projector_state_dict;vicreg_loss,model_state_dict,846,549,PARTIAL_STATE,23.0,48,SoilNetDualHead,True,True,True,10,2,2x128,10x128,True,False,True,False,MODEL_COMPATIBLE;HAS_REG_HEAD;HAS_CLS_HEAD;HAS_LIGHT_BRANCH;HAS_EPOCH,Parameter tensor count excludes running statistics/counters; classification uses normalized keys and source evidence.
sha256:542b5059b15fb471e2fc,CHECKPOINT_ROOT,checkpoints_VicReg_original_NEW/vicreg_mu_23.0_epoch_49.pth,vicreg_mu_23.0_epoch_49.pth,23422376,542b5059b15fb471e2fcc547966f8040bf72b5df0d5356ca98c8c345a1e534e6,SAFE_LOAD_OK,dict,epoch;model_state_dict;projector_state_dict;vicreg_loss,model_state_dict,846,549,PARTIAL_STATE,23.0,49,SoilNetDualHead,True,True,True,10,2,2x128,10x128,True,False,True,False,MODEL_COMPATIBLE;HAS_REG_HEAD;HAS_CLS_HEAD;HAS_LIGHT_BRANCH;HAS_EPOCH,Parameter tensor count excludes running statistics/counters; classification uses normalized keys and source evidence.
sha256:17574006343e26c30b77,CHECKPOINT_ROOT,checkpoints_VicReg_original_NEW/vicreg_mu_23.0_epoch_5.pth,vicreg_mu_23.0_epoch_5.pth,23421783,17574006343e26c30b77d69d9dafe2e8cff1af76a08cede2b836dad0f761331f,SAFE_LOAD_OK,dict,epoch;model_state_dict;projector_state_dict;vicreg_loss,model_state_dict,846,549,PARTIAL_STATE,23.0,5,SoilNetDualHead,True,True,True,10,2,2x128,10x128,True,False,True,False,MODEL_COMPATIBLE;HAS_REG_HEAD;HAS_CLS_HEAD;HAS_LIGHT_BRANCH;HAS_EPOCH,Parameter tensor count excludes running statistics/counters; classification uses normalized keys and source evidence.
sha256:230fbec617b8286ee0d5,CHECKPOINT_ROOT,checkpoints_VicReg_original_NEW/vicreg_mu_23.0_epoch_50.pth,vicreg_mu_23.0_epoch_50.pth,23422376,230fbec617b8286ee0d5cc539c22f6c89fb43425c8f38dc25b92eb1fd7c1415c,SAFE_LOAD_OK,dict,epoch;model_state_dict;projector_state_dict;vicreg_loss,model_state_dict,846,549,PARTIAL_STATE,23.0,50,SoilNetDualHead,True,True,True,10,2,2x128,10x128,True,False,True,False,MODEL_COMPATIBLE;HAS_REG_HEAD;HAS_CLS_HEAD;HAS_LIGHT_BRANCH;HAS_EPOCH,Parameter tensor count excludes running statistics/counters; classification uses normalized keys and source evidence.
sha256:e6d86538f7c9286fe261,CHECKPOINT_ROOT,checkpoints_VicReg_original_NEW/vicreg_mu_23.0_epoch_51.pth,vicreg_mu_23.0_epoch_51.pth,23422376,e6d86538f7c9286fe261191750bf6cb95217d0a38c0fa24f51e48fafd9d7b055,SAFE_LOAD_OK,dict,epoch;model_state_dict;projector_state_dict;vicreg_loss,model_state_dict,846,549,PARTIAL_STATE,23.0,51,SoilNetDualHead,True,True,True,10,2,2x128,10x128,True,False,True,False,MODEL_COMPATIBLE;HAS_REG_HEAD;HAS_CLS_HEAD;HAS_LIGHT_BRANCH;HAS_EPOCH,Parameter tensor count excludes running statistics/counters; classification uses normalized keys and source evidence.
sha256:fdc195c1ad40c709c4f9,CHECKPOINT_ROOT,checkpoints_VicReg_original_NEW/vicreg_mu_23.0_epoch_52.pth,vicreg_mu_23.0_epoch_52.pth,23422376,fdc195c1ad40c709c4f920757982a15028cff2aea51b7cae7daef49c596cc675,SAFE_LOAD_OK,dict,epoch;model_state_dict;projector_state_dict;vicreg_loss,model_state_dict,846,549,PARTIAL_STATE,23.0,52,SoilNetDualHead,True,True,True,10,2,2x128,10x128,True,False,True,False,MODEL_COMPATIBLE;HAS_REG_HEAD;HAS_CLS_HEAD;HAS_LIGHT_BRANCH;HAS_EPOCH,Parameter tensor count excludes running statistics/counters; classification uses normalized keys and source evidence.
sha256:1d25050992dcac5f633e,CHECKPOINT_ROOT,checkpoints_VicReg_original_NEW/vicreg_mu_23.0_epoch_53.pth,vicreg_mu_23.0_epoch_53.pth,23422376,1d25050992dcac5f633e6e2231ffc077c10b64362794c1f48fc0f4e866398f05,SAFE_LOAD_OK,dict,epoch;model_state_dict;projector_state_dict;vicreg_loss,model_state_dict,846,549,PARTIAL_STATE,23.0,53,SoilNetDualHead,True,True,True,10,2,2x128,10x128,True,False,True,False,MODEL_COMPATIBLE;HAS_REG_HEAD;HAS_CLS_HEAD;HAS_LIGHT_BRANCH;HAS_EPOCH,Parameter tensor count excludes running statistics/counters; classification uses normalized keys and source evidence.
sha256:d43ad52a00ab6d90aae6,CHECKPOINT_ROOT,checkpoints_VicReg_original_NEW/vicreg_mu_23.0_epoch_54.pth,vicreg_mu_23.0_epoch_54.pth,23422376,d43ad52a00ab6d90aae6352dc3dd7011d5b982f94dd1677c84565d662b17f946,SAFE_LOAD_OK,dict,epoch;model_state_dict;projector_state_dict;vicreg_loss,model_state_dict,846,549,PARTIAL_STATE,23.0,54,SoilNetDualHead,True,True,True,10,2,2x128,10x128,True,False,True,False,MODEL_COMPATIBLE;HAS_REG_HEAD;HAS_CLS_HEAD;HAS_LIGHT_BRANCH;HAS_EPOCH,Parameter tensor count excludes running statistics/counters; classification uses normalized keys and source evidence.
sha256:556622daf286939be530,CHECKPOINT_ROOT,checkpoints_VicReg_original_NEW/vicreg_mu_23.0_epoch_55.pth,vicreg_mu_23.0_epoch_55.pth,23422376,556622daf286939be53030f45f9bf7bd695b8d929d559450dcef226d123bacde,SAFE_LOAD_OK,dict,epoch;model_state_dict;projector_state_dict;vicreg_loss,model_state_dict,846,549,PARTIAL_STATE,23.0,55,SoilNetDualHead,True,True,True,10,2,2x128,10x128,True,False,True,False,MODEL_COMPATIBLE;HAS_REG_HEAD;HAS_CLS_HEAD;HAS_LIGHT_BRANCH;HAS_EPOCH,Parameter tensor count excludes running statistics/counters; classification uses normalized keys and source evidence.
sha256:00decb6f58236aa31f5a,CHECKPOINT_ROOT,checkpoints_VicReg_original_NEW/vicreg_mu_23.0_epoch_56.pth,vicreg_mu_23.0_epoch_56.pth,23422376,00decb6f58236aa31f5a80020ee785f56c03b127146d5d78e682ffb017d9fe1a,SAFE_LOAD_OK,dict,epoch;model_state_dict;projector_state_dict;vicreg_loss,model_state_dict,846,549,PARTIAL_STATE,23.0,56,SoilNetDualHead,True,True,True,10,2,2x128,10x128,True,False,True,False,MODEL_COMPATIBLE;HAS_REG_HEAD;HAS_CLS_HEAD;HAS_LIGHT_BRANCH;HAS_EPOCH,Parameter tensor count excludes running statistics/counters; classification uses normalized keys and source evidence.
sha256:ca9ea6cbf0180430d2fa,CHECKPOINT_ROOT,checkpoints_VicReg_original_NEW/vicreg_mu_23.0_epoch_57.pth,vicreg_mu_23.0_epoch_57.pth,23422376,ca9ea6cbf0180430d2fa83bea2edcc4356b2b717d3afb3e910cbeb39a7adcdf4,SAFE_LOAD_OK,dict,epoch;model_state_dict;projector_state_dict;vicreg_loss,model_state_dict,846,549,PARTIAL_STATE,23.0,57,SoilNetDualHead,True,True,True,10,2,2x128,10x128,True,False,True,False,MODEL_COMPATIBLE;HAS_REG_HEAD;HAS_CLS_HEAD;HAS_LIGHT_BRANCH;HAS_EPOCH,Parameter tensor count excludes running statistics/counters; classification uses normalized keys and source evidence.
sha256:7e5bd8b1d2278c9c8fbc,CHECKPOINT_ROOT,checkpoints_VicReg_original_NEW/vicreg_mu_23.0_epoch_58.pth,vicreg_mu_23.0_epoch_58.pth,23422376,7e5bd8b1d2278c9c8fbcf08920a09e18506c805c63bc397a1de459510b5e1638,SAFE_LOAD_OK,dict,epoch;model_state_dict;projector_state_dict;vicreg_loss,model_state_dict,846,549,PARTIAL_STATE,23.0,58,SoilNetDualHead,True,True,True,10,2,2x128,10x128,True,False,True,False,MODEL_COMPATIBLE;HAS_REG_HEAD;HAS_CLS_HEAD;HAS_LIGHT_BRANCH;HAS_EPOCH,Parameter tensor count excludes running statistics/counters; classification uses normalized keys and source evidence.
sha256:35dd951479d0f36d3a3d,CHECKPOINT_ROOT,checkpoints_VicReg_original_NEW/vicreg_mu_23.0_epoch_59.pth,vicreg_mu_23.0_epoch_59.pth,23422376,35dd951479d0f36d3a3df6756c116d629daedf02ba4c1765fdf79ab2cafcf492,SAFE_LOAD_OK,dict,epoch;model_state_dict;projector_state_dict;vicreg_loss,model_state_dict,846,549,PARTIAL_STATE,23.0,59,SoilNetDualHead,True,True,True,10,2,2x128,10x128,True,False,True,False,MODEL_COMPATIBLE;HAS_REG_HEAD;HAS_CLS_HEAD;HAS_LIGHT_BRANCH;HAS_EPOCH,Parameter tensor count excludes running statistics/counters; classification uses normalized keys and source evidence.
sha256:07dd9d964464451779d0,CHECKPOINT_ROOT,checkpoints_VicReg_original_NEW/vicreg_mu_23.0_epoch_6.pth,vicreg_mu_23.0_epoch_6.pth,23421783,07dd9d964464451779d0243a668e064ad96c3e87f9641d14b62ebe538410c01c,SAFE_LOAD_OK,dict,epoch;model_state_dict;projector_state_dict;vicreg_loss,model_state_dict,846,549,PARTIAL_STATE,23.0,6,SoilNetDualHead,True,True,True,10,2,2x128,10x128,True,False,True,False,MODEL_COMPATIBLE;HAS_REG_HEAD;HAS_CLS_HEAD;HAS_LIGHT_BRANCH;HAS_EPOCH,Parameter tensor count excludes running statistics/counters; classification uses normalized keys and source evidence.
sha256:c578ca91e5606620f141,CHECKPOINT_ROOT,checkpoints_VicReg_original_NEW/vicreg_mu_23.0_epoch_60.pth,vicreg_mu_23.0_epoch_60.pth,23422376,c578ca91e5606620f141f80fa865afe66b86e95c338d2c22a3cead06158ac9a5,SAFE_LOAD_OK,dict,epoch;model_state_dict;projector_state_dict;vicreg_loss,model_state_dict,846,549,PARTIAL_STATE,23.0,60,SoilNetDualHead,True,True,True,10,2,2x128,10x128,True,False,True,False,MODEL_COMPATIBLE;HAS_REG_HEAD;HAS_CLS_HEAD;HAS_LIGHT_BRANCH;HAS_EPOCH,Parameter tensor count excludes running statistics/counters; classification uses normalized keys and source evidence.
sha256:12155d262d736702d425,CHECKPOINT_ROOT,checkpoints_VicReg_original_NEW/vicreg_mu_23.0_epoch_61.pth,vicreg_mu_23.0_epoch_61.pth,23422376,12155d262d736702d425361a66755c8eeaf1d88e8d21c569063062bc239deaed,SAFE_LOAD_OK,dict,epoch;model_state_dict;projector_state_dict;vicreg_loss,model_state_dict,846,549,PARTIAL_STATE,23.0,61,SoilNetDualHead,True,True,True,10,2,2x128,10x128,True,False,True,False,MODEL_COMPATIBLE;HAS_REG_HEAD;HAS_CLS_HEAD;HAS_LIGHT_BRANCH;HAS_EPOCH,Parameter tensor count excludes running statistics/counters; classification uses normalized keys and source evidence.
sha256:ef19232580e82e0461c4,CHECKPOINT_ROOT,checkpoints_VicReg_original_NEW/vicreg_mu_23.0_epoch_62.pth,vicreg_mu_23.0_epoch_62.pth,23422376,ef19232580e82e0461c4a186ae9bf684c61d3376256c3db173e01f89c542f69c,SAFE_LOAD_OK,dict,epoch;model_state_dict;projector_state_dict;vicreg_loss,model_state_dict,846,549,PARTIAL_STATE,23.0,62,SoilNetDualHead,True,True,True,10,2,2x128,10x128,True,False,True,False,MODEL_COMPATIBLE;HAS_REG_HEAD;HAS_CLS_HEAD;HAS_LIGHT_BRANCH;HAS_EPOCH,Parameter tensor count excludes running statistics/counters; classification uses normalized keys and source evidence.
sha256:944f7d95440b4dd7f582,CHECKPOINT_ROOT,checkpoints_VicReg_original_NEW/vicreg_mu_23.0_epoch_63.pth,vicreg_mu_23.0_epoch_63.pth,23422376,944f7d95440b4dd7f58211f90c4adf5a12a7414b8bf2f403b97687fe9e3c32cc,SAFE_LOAD_OK,dict,epoch;model_state_dict;projector_state_dict;vicreg_loss,model_state_dict,846,549,PARTIAL_STATE,23.0,63,SoilNetDualHead,True,True,True,10,2,2x128,10x128,True,False,True,False,MODEL_COMPATIBLE;HAS_REG_HEAD;HAS_CLS_HEAD;HAS_LIGHT_BRANCH;HAS_EPOCH,Parameter tensor count excludes running statistics/counters; classification uses normalized keys and source evidence.
sha256:3e1cbae7d6098d1a590f,CHECKPOINT_ROOT,checkpoints_VicReg_original_NEW/vicreg_mu_23.0_epoch_64.pth,vicreg_mu_23.0_epoch_64.pth,23422376,3e1cbae7d6098d1a590f863e394f74365993d49d90f0423df18ed96525c3cbb1,SAFE_LOAD_OK,dict,epoch;model_state_dict;projector_state_dict;vicreg_loss,model_state_dict,846,549,PARTIAL_STATE,23.0,64,SoilNetDualHead,True,True,True,10,2,2x128,10x128,True,False,True,False,MODEL_COMPATIBLE;HAS_REG_HEAD;HAS_CLS_HEAD;HAS_LIGHT_BRANCH;HAS_EPOCH,Parameter tensor count excludes running statistics/counters; classification uses normalized keys and source evidence.
sha256:242be19fbd44f9042fc7,CHECKPOINT_ROOT,checkpoints_VicReg_original_NEW/vicreg_mu_23.0_epoch_65.pth,vicreg_mu_23.0_epoch_65.pth,23422376,242be19fbd44f9042fc7210e1ed11188a4df7455649b5d68c3ff0dd059b4a344,SAFE_LOAD_OK,dict,epoch;model_state_dict;projector_state_dict;vicreg_loss,model_state_dict,846,549,PARTIAL_STATE,23.0,65,SoilNetDualHead,True,True,True,10,2,2x128,10x128,True,False,True,False,MODEL_COMPATIBLE;HAS_REG_HEAD;HAS_CLS_HEAD;HAS_LIGHT_BRANCH;HAS_EPOCH,Parameter tensor count excludes running statistics/counters; classification uses normalized keys and source evidence.
sha256:d036cf0af947604298a7,CHECKPOINT_ROOT,checkpoints_VicReg_original_NEW/vicreg_mu_23.0_epoch_66.pth,vicreg_mu_23.0_epoch_66.pth,23422376,d036cf0af947604298a73b14ecd0cfe9cd0cb10ad120fa14671d23b142d6eda4,SAFE_LOAD_OK,dict,epoch;model_state_dict;projector_state_dict;vicreg_loss,model_state_dict,846,549,PARTIAL_STATE,23.0,66,SoilNetDualHead,True,True,True,10,2,2x128,10x128,True,False,True,False,MODEL_COMPATIBLE;HAS_REG_HEAD;HAS_CLS_HEAD;HAS_LIGHT_BRANCH;HAS_EPOCH,Parameter tensor count excludes running statistics/counters; classification uses normalized keys and source evidence.
sha256:0b34d85707813651f92a,CHECKPOINT_ROOT,checkpoints_VicReg_original_NEW/vicreg_mu_23.0_epoch_67.pth,vicreg_mu_23.0_epoch_67.pth,23422376,0b34d85707813651f92af3245f44ecefa9f7d832ddbf85ac559395495b9064a9,SAFE_LOAD_OK,dict,epoch;model_state_dict;projector_state_dict;vicreg_loss,model_state_dict,846,549,PARTIAL_STATE,23.0,67,SoilNetDualHead,True,True,True,10,2,2x128,10x128,True,False,True,False,MODEL_COMPATIBLE;HAS_REG_HEAD;HAS_CLS_HEAD;HAS_LIGHT_BRANCH;HAS_EPOCH,Parameter tensor count excludes running statistics/counters; classification uses normalized keys and source evidence.
sha256:7bb67a4cf4d8bc828389,CHECKPOINT_ROOT,checkpoints_VicReg_original_NEW/vicreg_mu_23.0_epoch_68.pth,vicreg_mu_23.0_epoch_68.pth,23422376,7bb67a4cf4d8bc828389b0eeef41c1c0bb6cd0b535f7b7ca2ee9704ad2cb20af,SAFE_LOAD_OK,dict,epoch;model_state_dict;projector_state_dict;vicreg_loss,model_state_dict,846,549,PARTIAL_STATE,23.0,68,SoilNetDualHead,True,True,True,10,2,2x128,10x128,True,False,True,False,MODEL_COMPATIBLE;HAS_REG_HEAD;HAS_CLS_HEAD;HAS_LIGHT_BRANCH;HAS_EPOCH,Parameter tensor count excludes running statistics/counters; classification uses normalized keys and source evidence.
sha256:81b1e91117d3b06e1d5b,CHECKPOINT_ROOT,checkpoints_VicReg_original_NEW/vicreg_mu_23.0_epoch_69.pth,vicreg_mu_23.0_epoch_69.pth,23422376,81b1e91117d3b06e1d5bf073c9b7f0f57d489ff0109bd947eb4d88705092f32d,SAFE_LOAD_OK,dict,epoch;model_state_dict;projector_state_dict;vicreg_loss,model_state_dict,846,549,PARTIAL_STATE,23.0,69,SoilNetDualHead,True,True,True,10,2,2x128,10x128,True,False,True,False,MODEL_COMPATIBLE;HAS_REG_HEAD;HAS_CLS_HEAD;HAS_LIGHT_BRANCH;HAS_EPOCH,Parameter tensor count excludes running statistics/counters; classification uses normalized keys and source evidence.
sha256:e76428d17aa8fff5c76f,CHECKPOINT_ROOT,checkpoints_VicReg_original_NEW/vicreg_mu_23.0_epoch_7.pth,vicreg_mu_23.0_epoch_7.pth,23421783,e76428d17aa8fff5c76f364fd9fe1d869f10948b5673af42632916edec872fbf,SAFE_LOAD_OK,dict,epoch;model_state_dict;projector_state_dict;vicreg_loss,model_state_dict,846,549,PARTIAL_STATE,23.0,7,SoilNetDualHead,True,True,True,10,2,2x128,10x128,True,False,True,False,MODEL_COMPATIBLE;HAS_REG_HEAD;HAS_CLS_HEAD;HAS_LIGHT_BRANCH;HAS_EPOCH,Parameter tensor count excludes running statistics/counters; classification uses normalized keys and source evidence.
sha256:6718493ef982eb50ac58,CHECKPOINT_ROOT,checkpoints_VicReg_original_NEW/vicreg_mu_23.0_epoch_70.pth,vicreg_mu_23.0_epoch_70.pth,23422376,6718493ef982eb50ac58ea48cc4cb7e937513fa8d30cedc2b3c35b7503a01045,SAFE_LOAD_OK,dict,epoch;model_state_dict;projector_state_dict;vicreg_loss,model_state_dict,846,549,PARTIAL_STATE,23.0,70,SoilNetDualHead,True,True,True,10,2,2x128,10x128,True,False,True,False,MODEL_COMPATIBLE;HAS_REG_HEAD;HAS_CLS_HEAD;HAS_LIGHT_BRANCH;HAS_EPOCH,Parameter tensor count excludes running statistics/counters; classification uses normalized keys and source evidence.
sha256:3da824d98c1b7a719cf9,CHECKPOINT_ROOT,checkpoints_VicReg_original_NEW/vicreg_mu_23.0_epoch_71.pth,vicreg_mu_23.0_epoch_71.pth,23422376,3da824d98c1b7a719cf93fad90d6f5a330cae2cab7a1a16c35293db99a2038eb,SAFE_LOAD_OK,dict,epoch;model_state_dict;projector_state_dict;vicreg_loss,model_state_dict,846,549,PARTIAL_STATE,23.0,71,SoilNetDualHead,True,True,True,10,2,2x128,10x128,True,False,True,False,MODEL_COMPATIBLE;HAS_REG_HEAD;HAS_CLS_HEAD;HAS_LIGHT_BRANCH;HAS_EPOCH,Parameter tensor count excludes running statistics/counters; classification uses normalized keys and source evidence.
sha256:3c364ac5d29dcb470d8c,CHECKPOINT_ROOT,checkpoints_VicReg_original_NEW/vicreg_mu_23.0_epoch_72.pth,vicreg_mu_23.0_epoch_72.pth,23422376,3c364ac5d29dcb470d8c3cece21edcf417fcab3c8b6e2ebf6e2e4e0770dd1c4c,SAFE_LOAD_OK,dict,epoch;model_state_dict;projector_state_dict;vicreg_loss,model_state_dict,846,549,PARTIAL_STATE,23.0,72,SoilNetDualHead,True,True,True,10,2,2x128,10x128,True,False,True,False,MODEL_COMPATIBLE;HAS_REG_HEAD;HAS_CLS_HEAD;HAS_LIGHT_BRANCH;HAS_EPOCH,Parameter tensor count excludes running statistics/counters; classification uses normalized keys and source evidence.
sha256:1819a6e2e3e65b714553,CHECKPOINT_ROOT,checkpoints_VicReg_original_NEW/vicreg_mu_23.0_epoch_73.pth,vicreg_mu_23.0_epoch_73.pth,23422376,1819a6e2e3e65b7145539054c507c1b693afea062366c2954185f1e9ef62f7d5,SAFE_LOAD_OK,dict,epoch;model_state_dict;projector_state_dict;vicreg_loss,model_state_dict,846,549,PARTIAL_STATE,23.0,73,SoilNetDualHead,True,True,True,10,2,2x128,10x128,True,False,True,False,MODEL_COMPATIBLE;HAS_REG_HEAD;HAS_CLS_HEAD;HAS_LIGHT_BRANCH;HAS_EPOCH,Parameter tensor count excludes running statistics/counters; classification uses normalized keys and source evidence.
sha256:586ad05c68ca84b10d7d,CHECKPOINT_ROOT,checkpoints_VicReg_original_NEW/vicreg_mu_23.0_epoch_74.pth,vicreg_mu_23.0_epoch_74.pth,23422376,586ad05c68ca84b10d7db5ce654203c620c60e11944e9d18d5281387a9681beb,SAFE_LOAD_OK,dict,epoch;model_state_dict;projector_state_dict;vicreg_loss,model_state_dict,846,549,PARTIAL_STATE,23.0,74,SoilNetDualHead,True,True,True,10,2,2x128,10x128,True,False,True,False,MODEL_COMPATIBLE;HAS_REG_HEAD;HAS_CLS_HEAD;HAS_LIGHT_BRANCH;HAS_EPOCH,Parameter tensor count excludes running statistics/counters; classification uses normalized keys and source evidence.
sha256:eaa7a1d7ca831c704a06,CHECKPOINT_ROOT,checkpoints_VicReg_original_NEW/vicreg_mu_23.0_epoch_75.pth,vicreg_mu_23.0_epoch_75.pth,23422376,eaa7a1d7ca831c704a06075c831038d199b4cbebdd1f04bbf5f943a422a3d92e,SAFE_LOAD_OK,dict,epoch;model_state_dict;projector_state_dict;vicreg_loss,model_state_dict,846,549,PARTIAL_STATE,23.0,75,SoilNetDualHead,True,True,True,10,2,2x128,10x128,True,False,True,False,MODEL_COMPATIBLE;HAS_REG_HEAD;HAS_CLS_HEAD;HAS_LIGHT_BRANCH;HAS_EPOCH,Parameter tensor count excludes running statistics/counters; classification uses normalized keys and source evidence.
sha256:2f93a020963b230e5126,CHECKPOINT_ROOT,checkpoints_VicReg_original_NEW/vicreg_mu_23.0_epoch_76.pth,vicreg_mu_23.0_epoch_76.pth,23422376,2f93a020963b230e5126227c00cfdd76cbb7dbe52a048ded6f008d18f75a208d,SAFE_LOAD_OK,dict,epoch;model_state_dict;projector_state_dict;vicreg_loss,model_state_dict,846,549,PARTIAL_STATE,23.0,76,SoilNetDualHead,True,True,True,10,2,2x128,10x128,True,False,True,False,MODEL_COMPATIBLE;HAS_REG_HEAD;HAS_CLS_HEAD;HAS_LIGHT_BRANCH;HAS_EPOCH,Parameter tensor count excludes running statistics/counters; classification uses normalized keys and source evidence.
sha256:e7451a7b0524c1fc4ab1,CHECKPOINT_ROOT,checkpoints_VicReg_original_NEW/vicreg_mu_23.0_epoch_77.pth,vicreg_mu_23.0_epoch_77.pth,23422376,e7451a7b0524c1fc4ab1e7294ce3533461f5c7d66b947df1258c44ea3d8f7ed8,SAFE_LOAD_OK,dict,epoch;model_state_dict;projector_state_dict;vicreg_loss,model_state_dict,846,549,PARTIAL_STATE,23.0,77,SoilNetDualHead,True,True,True,10,2,2x128,10x128,True,False,True,False,MODEL_COMPATIBLE;HAS_REG_HEAD;HAS_CLS_HEAD;HAS_LIGHT_BRANCH;HAS_EPOCH,Parameter tensor count excludes running statistics/counters; classification uses normalized keys and source evidence.
sha256:a8635bc6a0afc8a6f469,CHECKPOINT_ROOT,checkpoints_VicReg_original_NEW/vicreg_mu_23.0_epoch_78.pth,vicreg_mu_23.0_epoch_78.pth,23422376,a8635bc6a0afc8a6f469e7d1ebeca68696b871e36d0bf32cbb0e574d7b169f10,SAFE_LOAD_OK,dict,epoch;model_state_dict;projector_state_dict;vicreg_loss,model_state_dict,846,549,PARTIAL_STATE,23.0,78,SoilNetDualHead,True,True,True,10,2,2x128,10x128,True,False,True,False,MODEL_COMPATIBLE;HAS_REG_HEAD;HAS_CLS_HEAD;HAS_LIGHT_BRANCH;HAS_EPOCH,Parameter tensor count excludes running statistics/counters; classification uses normalized keys and source evidence.
sha256:023eacbabc4dacdb7225,CHECKPOINT_ROOT,checkpoints_VicReg_original_NEW/vicreg_mu_23.0_epoch_79.pth,vicreg_mu_23.0_epoch_79.pth,23422376,023eacbabc4dacdb72257ae112ece9580e0a6329b7d0ef12b88dbf8c0db643ad,SAFE_LOAD_OK,dict,epoch;model_state_dict;projector_state_dict;vicreg_loss,model_state_dict,846,549,PARTIAL_STATE,23.0,79,SoilNetDualHead,True,True,True,10,2,2x128,10x128,True,False,True,False,MODEL_COMPATIBLE;HAS_REG_HEAD;HAS_CLS_HEAD;HAS_LIGHT_BRANCH;HAS_EPOCH,Parameter tensor count excludes running statistics/counters; classification uses normalized keys and source evidence.
sha256:b1a23b8c27daf9a15cc4,CHECKPOINT_ROOT,checkpoints_VicReg_original_NEW/vicreg_mu_23.0_epoch_8.pth,vicreg_mu_23.0_epoch_8.pth,23421783,b1a23b8c27daf9a15cc447ca2d350f31e82c8b52d905c91a3dfaa143c513de81,SAFE_LOAD_OK,dict,epoch;model_state_dict;projector_state_dict;vicreg_loss,model_state_dict,846,549,PARTIAL_STATE,23.0,8,SoilNetDualHead,True,True,True,10,2,2x128,10x128,True,False,True,False,MODEL_COMPATIBLE;HAS_REG_HEAD;HAS_CLS_HEAD;HAS_LIGHT_BRANCH;HAS_EPOCH,Parameter tensor count excludes running statistics/counters; classification uses normalized keys and source evidence.
sha256:e95b1775cf13b8bccf5f,CHECKPOINT_ROOT,checkpoints_VicReg_original_NEW/vicreg_mu_23.0_epoch_80.pth,vicreg_mu_23.0_epoch_80.pth,23422376,e95b1775cf13b8bccf5f795c019975a53c5962657ed8cbe633ce27552921cf7c,SAFE_LOAD_OK,dict,epoch;model_state_dict;projector_state_dict;vicreg_loss,model_state_dict,846,549,PARTIAL_STATE,23.0,80,SoilNetDualHead,True,True,True,10,2,2x128,10x128,True,False,True,False,MODEL_COMPATIBLE;HAS_REG_HEAD;HAS_CLS_HEAD;HAS_LIGHT_BRANCH;HAS_EPOCH,Parameter tensor count excludes running statistics/counters; classification uses normalized keys and source evidence.
sha256:d96a668d456b4c3c4388,CHECKPOINT_ROOT,checkpoints_VicReg_original_NEW/vicreg_mu_23.0_epoch_9.pth,vicreg_mu_23.0_epoch_9.pth,23421783,d96a668d456b4c3c4388e04a08cf7322474f0a30ba95664c7e474c6f5b2fab1a,SAFE_LOAD_OK,dict,epoch;model_state_dict;projector_state_dict;vicreg_loss,model_state_dict,846,549,PARTIAL_STATE,23.0,9,SoilNetDualHead,True,True,True,10,2,2x128,10x128,True,False,True,False,MODEL_COMPATIBLE;HAS_REG_HEAD;HAS_CLS_HEAD;HAS_LIGHT_BRANCH;HAS_EPOCH,Parameter tensor count excludes running statistics/counters; classification uses normalized keys and source evidence.
sha256:52d134f89c14f17e53c2,CHECKPOINT_ROOT,checkpoints_VicReg_original_NEW/vicreg_mu_25.0_epoch_1.pth,vicreg_mu_25.0_epoch_1.pth,23421783,52d134f89c14f17e53c2e607babe6a76db1d3cb9821eb987273b0cbb2ba30624,SAFE_LOAD_OK,dict,epoch;model_state_dict;projector_state_dict;vicreg_loss,model_state_dict,846,549,PARTIAL_STATE,25.0,1,SoilNetDualHead,True,True,True,10,2,2x128,10x128,True,False,True,False,MODEL_COMPATIBLE;HAS_REG_HEAD;HAS_CLS_HEAD;HAS_LIGHT_BRANCH;HAS_EPOCH,Parameter tensor count excludes running statistics/counters; classification uses normalized keys and source evidence.
sha256:4b1ea8fbf4d5134d2882,CHECKPOINT_ROOT,checkpoints_VicReg_original_NEW/vicreg_mu_25.0_epoch_10.pth,vicreg_mu_25.0_epoch_10.pth,23422376,4b1ea8fbf4d5134d28829d990041ca9ad88f02773b6ed976b284535084dfcb2f,SAFE_LOAD_OK,dict,epoch;model_state_dict;projector_state_dict;vicreg_loss,model_state_dict,846,549,PARTIAL_STATE,25.0,10,SoilNetDualHead,True,True,True,10,2,2x128,10x128,True,False,True,False,MODEL_COMPATIBLE;HAS_REG_HEAD;HAS_CLS_HEAD;HAS_LIGHT_BRANCH;HAS_EPOCH,Parameter tensor count excludes running statistics/counters; classification uses normalized keys and source evidence.
sha256:14b25236c8a2c49c4588,CHECKPOINT_ROOT,checkpoints_VicReg_original_NEW/vicreg_mu_25.0_epoch_11.pth,vicreg_mu_25.0_epoch_11.pth,23422376,14b25236c8a2c49c4588dfeba3ed78ac6301c3477f2fd78c76d171de795d5ec6,SAFE_LOAD_OK,dict,epoch;model_state_dict;projector_state_dict;vicreg_loss,model_state_dict,846,549,PARTIAL_STATE,25.0,11,SoilNetDualHead,True,True,True,10,2,2x128,10x128,True,False,True,False,MODEL_COMPATIBLE;HAS_REG_HEAD;HAS_CLS_HEAD;HAS_LIGHT_BRANCH;HAS_EPOCH,Parameter tensor count excludes running statistics/counters; classification uses normalized keys and source evidence.
sha256:9f5f22bfd44e6552348d,CHECKPOINT_ROOT,checkpoints_VicReg_original_NEW/vicreg_mu_25.0_epoch_12.pth,vicreg_mu_25.0_epoch_12.pth,23422376,9f5f22bfd44e6552348d43082f3c804478024d5bd91767ba4facc2d8d3ac8002,SAFE_LOAD_OK,dict,epoch;model_state_dict;projector_state_dict;vicreg_loss,model_state_dict,846,549,PARTIAL_STATE,25.0,12,SoilNetDualHead,True,True,True,10,2,2x128,10x128,True,False,True,False,MODEL_COMPATIBLE;HAS_REG_HEAD;HAS_CLS_HEAD;HAS_LIGHT_BRANCH;HAS_EPOCH,Parameter tensor count excludes running statistics/counters; classification uses normalized keys and source evidence.
sha256:892b9479d3bb5555eb29,CHECKPOINT_ROOT,checkpoints_VicReg_original_NEW/vicreg_mu_25.0_epoch_13.pth,vicreg_mu_25.0_epoch_13.pth,23422376,892b9479d3bb5555eb2922c5878a6f644410f9ce5d1db6677ea42b12cbcbacaa,SAFE_LOAD_OK,dict,epoch;model_state_dict;projector_state_dict;vicreg_loss,model_state_dict,846,549,PARTIAL_STATE,25.0,13,SoilNetDualHead,True,True,True,10,2,2x128,10x128,True,False,True,False,MODEL_COMPATIBLE;HAS_REG_HEAD;HAS_CLS_HEAD;HAS_LIGHT_BRANCH;HAS_EPOCH,Parameter tensor count excludes running statistics/counters; classification uses normalized keys and source evidence.
sha256:37d963c9b94cb2e88de1,CHECKPOINT_ROOT,checkpoints_VicReg_original_NEW/vicreg_mu_25.0_epoch_14.pth,vicreg_mu_25.0_epoch_14.pth,23422376,37d963c9b94cb2e88de1beac4fdd052a104bc945a6c9203cc79b991f90397806,SAFE_LOAD_OK,dict,epoch;model_state_dict;projector_state_dict;vicreg_loss,model_state_dict,846,549,PARTIAL_STATE,25.0,14,SoilNetDualHead,True,True,True,10,2,2x128,10x128,True,False,True,False,MODEL_COMPATIBLE;HAS_REG_HEAD;HAS_CLS_HEAD;HAS_LIGHT_BRANCH;HAS_EPOCH,Parameter tensor count excludes running statistics/counters; classification uses normalized keys and source evidence.
sha256:d42bca681437f3402252,CHECKPOINT_ROOT,checkpoints_VicReg_original_NEW/vicreg_mu_25.0_epoch_15.pth,vicreg_mu_25.0_epoch_15.pth,23422376,d42bca681437f3402252bcc9160e557ef32e7515a81a03cc6265fbd3c7a56f68,SAFE_LOAD_OK,dict,epoch;model_state_dict;projector_state_dict;vicreg_loss,model_state_dict,846,549,PARTIAL_STATE,25.0,15,SoilNetDualHead,True,True,True,10,2,2x128,10x128,True,False,True,False,MODEL_COMPATIBLE;HAS_REG_HEAD;HAS_CLS_HEAD;HAS_LIGHT_BRANCH;HAS_EPOCH,Parameter tensor count excludes running statistics/counters; classification uses normalized keys and source evidence.
sha256:d306eef6089e0232d6b1,CHECKPOINT_ROOT,checkpoints_VicReg_original_NEW/vicreg_mu_25.0_epoch_16.pth,vicreg_mu_25.0_epoch_16.pth,23422376,d306eef6089e0232d6b1726c2acab2d4257152e0ab780ccc6296490bbd8eb17f,SAFE_LOAD_OK,dict,epoch;model_state_dict;projector_state_dict;vicreg_loss,model_state_dict,846,549,PARTIAL_STATE,25.0,16,SoilNetDualHead,True,True,True,10,2,2x128,10x128,True,False,True,False,MODEL_COMPATIBLE;HAS_REG_HEAD;HAS_CLS_HEAD;HAS_LIGHT_BRANCH;HAS_EPOCH,Parameter tensor count excludes running statistics/counters; classification uses normalized keys and source evidence.
sha256:5c04bd0da91e2badef50,CHECKPOINT_ROOT,checkpoints_VicReg_original_NEW/vicreg_mu_25.0_epoch_17.pth,vicreg_mu_25.0_epoch_17.pth,23422376,5c04bd0da91e2badef501f9cb01a6e3b6947e95f0119baa908d7f328070da3e9,SAFE_LOAD_OK,dict,epoch;model_state_dict;projector_state_dict;vicreg_loss,model_state_dict,846,549,PARTIAL_STATE,25.0,17,SoilNetDualHead,True,True,True,10,2,2x128,10x128,True,False,True,False,MODEL_COMPATIBLE;HAS_REG_HEAD;HAS_CLS_HEAD;HAS_LIGHT_BRANCH;HAS_EPOCH,Parameter tensor count excludes running statistics/counters; classification uses normalized keys and source evidence.
sha256:3ae82a6a0bc8be8e42a7,CHECKPOINT_ROOT,checkpoints_VicReg_original_NEW/vicreg_mu_25.0_epoch_18.pth,vicreg_mu_25.0_epoch_18.pth,23422376,3ae82a6a0bc8be8e42a7a5a917af411e35b19d5482abe72972f11bec7f1be4c7,SAFE_LOAD_OK,dict,epoch;model_state_dict;projector_state_dict;vicreg_loss,model_state_dict,846,549,PARTIAL_STATE,25.0,18,SoilNetDualHead,True,True,True,10,2,2x128,10x128,True,False,True,False,MODEL_COMPATIBLE;HAS_REG_HEAD;HAS_CLS_HEAD;HAS_LIGHT_BRANCH;HAS_EPOCH,Parameter tensor count excludes running statistics/counters; classification uses normalized keys and source evidence.
sha256:2de9a01ebe7c9c8c1a24,CHECKPOINT_ROOT,checkpoints_VicReg_original_NEW/vicreg_mu_25.0_epoch_19.pth,vicreg_mu_25.0_epoch_19.pth,23422376,2de9a01ebe7c9c8c1a24d006a4c87888f06d986437ecab331a7fb5cabe1c14a4,SAFE_LOAD_OK,dict,epoch;model_state_dict;projector_state_dict;vicreg_loss,model_state_dict,846,549,PARTIAL_STATE,25.0,19,SoilNetDualHead,True,True,True,10,2,2x128,10x128,True,False,True,False,MODEL_COMPATIBLE;HAS_REG_HEAD;HAS_CLS_HEAD;HAS_LIGHT_BRANCH;HAS_EPOCH,Parameter tensor count excludes running statistics/counters; classification uses normalized keys and source evidence.
sha256:0616d3c72eca3182ba93,CHECKPOINT_ROOT,checkpoints_VicReg_original_NEW/vicreg_mu_25.0_epoch_2.pth,vicreg_mu_25.0_epoch_2.pth,23421783,0616d3c72eca3182ba9302187bbba8fac0dc91edd57073c67bd3a375ba5c4df2,SAFE_LOAD_OK,dict,epoch;model_state_dict;projector_state_dict;vicreg_loss,model_state_dict,846,549,PARTIAL_STATE,25.0,2,SoilNetDualHead,True,True,True,10,2,2x128,10x128,True,False,True,False,MODEL_COMPATIBLE;HAS_REG_HEAD;HAS_CLS_HEAD;HAS_LIGHT_BRANCH;HAS_EPOCH,Parameter tensor count excludes running statistics/counters; classification uses normalized keys and source evidence.
sha256:95225854f5719c7cd74c,CHECKPOINT_ROOT,checkpoints_VicReg_original_NEW/vicreg_mu_25.0_epoch_20.pth,vicreg_mu_25.0_epoch_20.pth,23422376,95225854f5719c7cd74cdde1f840fa0e738d6bc8455f3aafd5bb81615d1ddb7a,SAFE_LOAD_OK,dict,epoch;model_state_dict;projector_state_dict;vicreg_loss,model_state_dict,846,549,PARTIAL_STATE,25.0,20,SoilNetDualHead,True,True,True,10,2,2x128,10x128,True,False,True,False,MODEL_COMPATIBLE;HAS_REG_HEAD;HAS_CLS_HEAD;HAS_LIGHT_BRANCH;HAS_EPOCH,Parameter tensor count excludes running statistics/counters; classification uses normalized keys and source evidence.
sha256:070758a7f2cb5b407d9c,CHECKPOINT_ROOT,checkpoints_VicReg_original_NEW/vicreg_mu_25.0_epoch_21.pth,vicreg_mu_25.0_epoch_21.pth,23422376,070758a7f2cb5b407d9c14a04ddf4e529d0bdbf1cd027c32227d36eba6c3bf8c,SAFE_LOAD_OK,dict,epoch;model_state_dict;projector_state_dict;vicreg_loss,model_state_dict,846,549,PARTIAL_STATE,25.0,21,SoilNetDualHead,True,True,True,10,2,2x128,10x128,True,False,True,False,MODEL_COMPATIBLE;HAS_REG_HEAD;HAS_CLS_HEAD;HAS_LIGHT_BRANCH;HAS_EPOCH,Parameter tensor count excludes running statistics/counters; classification uses normalized keys and source evidence.
sha256:7492ff5e74611e4de81c,CHECKPOINT_ROOT,checkpoints_VicReg_original_NEW/vicreg_mu_25.0_epoch_22.pth,vicreg_mu_25.0_epoch_22.pth,23422376,7492ff5e74611e4de81c5f0b0f4af244476e1de80405eae2c6e2ff3f6bac7942,SAFE_LOAD_OK,dict,epoch;model_state_dict;projector_state_dict;vicreg_loss,model_state_dict,846,549,PARTIAL_STATE,25.0,22,SoilNetDualHead,True,True,True,10,2,2x128,10x128,True,False,True,False,MODEL_COMPATIBLE;HAS_REG_HEAD;HAS_CLS_HEAD;HAS_LIGHT_BRANCH;HAS_EPOCH,Parameter tensor count excludes running statistics/counters; classification uses normalized keys and source evidence.
sha256:1f3c8580319a77b6660f,CHECKPOINT_ROOT,checkpoints_VicReg_original_NEW/vicreg_mu_25.0_epoch_23.pth,vicreg_mu_25.0_epoch_23.pth,23422376,1f3c8580319a77b6660f9a2f2676b2c91dc72240b063f50b632142fbe4ac74bf,SAFE_LOAD_OK,dict,epoch;model_state_dict;projector_state_dict;vicreg_loss,model_state_dict,846,549,PARTIAL_STATE,25.0,23,SoilNetDualHead,True,True,True,10,2,2x128,10x128,True,False,True,False,MODEL_COMPATIBLE;HAS_REG_HEAD;HAS_CLS_HEAD;HAS_LIGHT_BRANCH;HAS_EPOCH,Parameter tensor count excludes running statistics/counters; classification uses normalized keys and source evidence.
sha256:c135595a88ff388ba1df,CHECKPOINT_ROOT,checkpoints_VicReg_original_NEW/vicreg_mu_25.0_epoch_24.pth,vicreg_mu_25.0_epoch_24.pth,23422376,c135595a88ff388ba1df9d65c6321ac8058be9504003cc5dd98db0f755d779d4,SAFE_LOAD_OK,dict,epoch;model_state_dict;projector_state_dict;vicreg_loss,model_state_dict,846,549,PARTIAL_STATE,25.0,24,SoilNetDualHead,True,True,True,10,2,2x128,10x128,True,False,True,False,MODEL_COMPATIBLE;HAS_REG_HEAD;HAS_CLS_HEAD;HAS_LIGHT_BRANCH;HAS_EPOCH,Parameter tensor count excludes running statistics/counters; classification uses normalized keys and source evidence.
sha256:5e024d323e9cd448874c,CHECKPOINT_ROOT,checkpoints_VicReg_original_NEW/vicreg_mu_25.0_epoch_25.pth,vicreg_mu_25.0_epoch_25.pth,23422376,5e024d323e9cd448874ce5a8cf7e5c2f745706fb872335ca1a5593fec701a4d2,SAFE_LOAD_OK,dict,epoch;model_state_dict;projector_state_dict;vicreg_loss,model_state_dict,846,549,PARTIAL_STATE,25.0,25,SoilNetDualHead,True,True,True,10,2,2x128,10x128,True,False,True,False,MODEL_COMPATIBLE;HAS_REG_HEAD;HAS_CLS_HEAD;HAS_LIGHT_BRANCH;HAS_EPOCH,Parameter tensor count excludes running statistics/counters; classification uses normalized keys and source evidence.
sha256:411269c18dc90e8b59c0,CHECKPOINT_ROOT,checkpoints_VicReg_original_NEW/vicreg_mu_25.0_epoch_26.pth,vicreg_mu_25.0_epoch_26.pth,23422376,411269c18dc90e8b59c0f22494165ee84a084c923dc0e1b389a98e46e26dbaea,SAFE_LOAD_OK,dict,epoch;model_state_dict;projector_state_dict;vicreg_loss,model_state_dict,846,549,PARTIAL_STATE,25.0,26,SoilNetDualHead,True,True,True,10,2,2x128,10x128,True,False,True,False,MODEL_COMPATIBLE;HAS_REG_HEAD;HAS_CLS_HEAD;HAS_LIGHT_BRANCH;HAS_EPOCH,Parameter tensor count excludes running statistics/counters; classification uses normalized keys and source evidence.
sha256:7777d424b48334716ff8,CHECKPOINT_ROOT,checkpoints_VicReg_original_NEW/vicreg_mu_25.0_epoch_27.pth,vicreg_mu_25.0_epoch_27.pth,23422376,7777d424b48334716ff8fe6df74c7b8e5acf6f913ffedcb3672a7b2e160749f6,SAFE_LOAD_OK,dict,epoch;model_state_dict;projector_state_dict;vicreg_loss,model_state_dict,846,549,PARTIAL_STATE,25.0,27,SoilNetDualHead,True,True,True,10,2,2x128,10x128,True,False,True,False,MODEL_COMPATIBLE;HAS_REG_HEAD;HAS_CLS_HEAD;HAS_LIGHT_BRANCH;HAS_EPOCH,Parameter tensor count excludes running statistics/counters; classification uses normalized keys and source evidence.
sha256:3828e4e930ed29e5a25f,CHECKPOINT_ROOT,checkpoints_VicReg_original_NEW/vicreg_mu_25.0_epoch_28.pth,vicreg_mu_25.0_epoch_28.pth,23422376,3828e4e930ed29e5a25fc893750dbece8c54b0e8f34f5de754581dfe2de0e96f,SAFE_LOAD_OK,dict,epoch;model_state_dict;projector_state_dict;vicreg_loss,model_state_dict,846,549,PARTIAL_STATE,25.0,28,SoilNetDualHead,True,True,True,10,2,2x128,10x128,True,False,True,False,MODEL_COMPATIBLE;HAS_REG_HEAD;HAS_CLS_HEAD;HAS_LIGHT_BRANCH;HAS_EPOCH,Parameter tensor count excludes running statistics/counters; classification uses normalized keys and source evidence.
sha256:7063bc23cb16fd274ff9,CHECKPOINT_ROOT,checkpoints_VicReg_original_NEW/vicreg_mu_25.0_epoch_29.pth,vicreg_mu_25.0_epoch_29.pth,23422376,7063bc23cb16fd274ff98aa8757995d360d8a19144da181ef8a8662dcd1c8b9a,SAFE_LOAD_OK,dict,epoch;model_state_dict;projector_state_dict;vicreg_loss,model_state_dict,846,549,PARTIAL_STATE,25.0,29,SoilNetDualHead,True,True,True,10,2,2x128,10x128,True,False,True,False,MODEL_COMPATIBLE;HAS_REG_HEAD;HAS_CLS_HEAD;HAS_LIGHT_BRANCH;HAS_EPOCH,Parameter tensor count excludes running statistics/counters; classification uses normalized keys and source evidence.
sha256:70928e0f9df808e614f3,CHECKPOINT_ROOT,checkpoints_VicReg_original_NEW/vicreg_mu_25.0_epoch_3.pth,vicreg_mu_25.0_epoch_3.pth,23421783,70928e0f9df808e614f3b8bc3b45f238457b10203b0fb3b52f44c85e941f29b1,SAFE_LOAD_OK,dict,epoch;model_state_dict;projector_state_dict;vicreg_loss,model_state_dict,846,549,PARTIAL_STATE,25.0,3,SoilNetDualHead,True,True,True,10,2,2x128,10x128,True,False,True,False,MODEL_COMPATIBLE;HAS_REG_HEAD;HAS_CLS_HEAD;HAS_LIGHT_BRANCH;HAS_EPOCH,Parameter tensor count excludes running statistics/counters; classification uses normalized keys and source evidence.
sha256:4803ec4e03228d5b2b19,CHECKPOINT_ROOT,checkpoints_VicReg_original_NEW/vicreg_mu_25.0_epoch_30.pth,vicreg_mu_25.0_epoch_30.pth,23422376,4803ec4e03228d5b2b1934013d2b7a4dd7d85d101ce0188d6bf59e4c7d5dc42f,SAFE_LOAD_OK,dict,epoch;model_state_dict;projector_state_dict;vicreg_loss,model_state_dict,846,549,PARTIAL_STATE,25.0,30,SoilNetDualHead,True,True,True,10,2,2x128,10x128,True,False,True,False,MODEL_COMPATIBLE;HAS_REG_HEAD;HAS_CLS_HEAD;HAS_LIGHT_BRANCH;HAS_EPOCH,Parameter tensor count excludes running statistics/counters; classification uses normalized keys and source evidence.
sha256:336a91bfe508d27d9903,CHECKPOINT_ROOT,checkpoints_VicReg_original_NEW/vicreg_mu_25.0_epoch_31.pth,vicreg_mu_25.0_epoch_31.pth,23422376,336a91bfe508d27d99034301cc96e1d5ae024149a7dede5f0aab3e00aa4b28f8,SAFE_LOAD_OK,dict,epoch;model_state_dict;projector_state_dict;vicreg_loss,model_state_dict,846,549,PARTIAL_STATE,25.0,31,SoilNetDualHead,True,True,True,10,2,2x128,10x128,True,False,True,False,MODEL_COMPATIBLE;HAS_REG_HEAD;HAS_CLS_HEAD;HAS_LIGHT_BRANCH;HAS_EPOCH,Parameter tensor count excludes running statistics/counters; classification uses normalized keys and source evidence.
sha256:aea0fd498d31e5a20054,CHECKPOINT_ROOT,checkpoints_VicReg_original_NEW/vicreg_mu_25.0_epoch_32.pth,vicreg_mu_25.0_epoch_32.pth,23422376,aea0fd498d31e5a200546aae2f0273c51388663a5d05852eda8b02566e8e55ba,SAFE_LOAD_OK,dict,epoch;model_state_dict;projector_state_dict;vicreg_loss,model_state_dict,846,549,PARTIAL_STATE,25.0,32,SoilNetDualHead,True,True,True,10,2,2x128,10x128,True,False,True,False,MODEL_COMPATIBLE;HAS_REG_HEAD;HAS_CLS_HEAD;HAS_LIGHT_BRANCH;HAS_EPOCH,Parameter tensor count excludes running statistics/counters; classification uses normalized keys and source evidence.
sha256:97f9456333f5e59568c1,CHECKPOINT_ROOT,checkpoints_VicReg_original_NEW/vicreg_mu_25.0_epoch_33.pth,vicreg_mu_25.0_epoch_33.pth,23422376,97f9456333f5e59568c10345136da805bb41ef37b93d132d32f1a4ad1b0240cf,SAFE_LOAD_OK,dict,epoch;model_state_dict;projector_state_dict;vicreg_loss,model_state_dict,846,549,PARTIAL_STATE,25.0,33,SoilNetDualHead,True,True,True,10,2,2x128,10x128,True,False,True,False,MODEL_COMPATIBLE;HAS_REG_HEAD;HAS_CLS_HEAD;HAS_LIGHT_BRANCH;HAS_EPOCH,Parameter tensor count excludes running statistics/counters; classification uses normalized keys and source evidence.
sha256:715b492210b3f1d0d2d1,CHECKPOINT_ROOT,checkpoints_VicReg_original_NEW/vicreg_mu_25.0_epoch_34.pth,vicreg_mu_25.0_epoch_34.pth,23422376,715b492210b3f1d0d2d134c07e69d65bfa30aa2c8950ea928cd7484e958daba7,SAFE_LOAD_OK,dict,epoch;model_state_dict;projector_state_dict;vicreg_loss,model_state_dict,846,549,PARTIAL_STATE,25.0,34,SoilNetDualHead,True,True,True,10,2,2x128,10x128,True,False,True,False,MODEL_COMPATIBLE;HAS_REG_HEAD;HAS_CLS_HEAD;HAS_LIGHT_BRANCH;HAS_EPOCH,Parameter tensor count excludes running statistics/counters; classification uses normalized keys and source evidence.
sha256:5415c874f3b7b2c3b11e,CHECKPOINT_ROOT,checkpoints_VicReg_original_NEW/vicreg_mu_25.0_epoch_35.pth,vicreg_mu_25.0_epoch_35.pth,23422376,5415c874f3b7b2c3b11ef8419df8f89ea40816444a0cf7faee64d287f6e61dc0,SAFE_LOAD_OK,dict,epoch;model_state_dict;projector_state_dict;vicreg_loss,model_state_dict,846,549,PARTIAL_STATE,25.0,35,SoilNetDualHead,True,True,True,10,2,2x128,10x128,True,False,True,False,MODEL_COMPATIBLE;HAS_REG_HEAD;HAS_CLS_HEAD;HAS_LIGHT_BRANCH;HAS_EPOCH,Parameter tensor count excludes running statistics/counters; classification uses normalized keys and source evidence.
sha256:6189778485249b06eb22,CHECKPOINT_ROOT,checkpoints_VicReg_original_NEW/vicreg_mu_25.0_epoch_36.pth,vicreg_mu_25.0_epoch_36.pth,23422376,6189778485249b06eb22954f1c71a9fcffbc29e564f6dacf7acd6ad2f0426d57,SAFE_LOAD_OK,dict,epoch;model_state_dict;projector_state_dict;vicreg_loss,model_state_dict,846,549,PARTIAL_STATE,25.0,36,SoilNetDualHead,True,True,True,10,2,2x128,10x128,True,False,True,False,MODEL_COMPATIBLE;HAS_REG_HEAD;HAS_CLS_HEAD;HAS_LIGHT_BRANCH;HAS_EPOCH,Parameter tensor count excludes running statistics/counters; classification uses normalized keys and source evidence.
sha256:9c259e0cd5a0b0197844,CHECKPOINT_ROOT,checkpoints_VicReg_original_NEW/vicreg_mu_25.0_epoch_37.pth,vicreg_mu_25.0_epoch_37.pth,23422376,9c259e0cd5a0b019784440345b323b57c8858552f4a0c0d9b60ce7d0bdec2f86,SAFE_LOAD_OK,dict,epoch;model_state_dict;projector_state_dict;vicreg_loss,model_state_dict,846,549,PARTIAL_STATE,25.0,37,SoilNetDualHead,True,True,True,10,2,2x128,10x128,True,False,True,False,MODEL_COMPATIBLE;HAS_REG_HEAD;HAS_CLS_HEAD;HAS_LIGHT_BRANCH;HAS_EPOCH,Parameter tensor count excludes running statistics/counters; classification uses normalized keys and source evidence.
sha256:c5cfe6f6f5b0ff78904b,CHECKPOINT_ROOT,checkpoints_VicReg_original_NEW/vicreg_mu_25.0_epoch_38.pth,vicreg_mu_25.0_epoch_38.pth,23422376,c5cfe6f6f5b0ff78904bf15af4a40fa88f6efd03ca93a888ae430a502d99a854,SAFE_LOAD_OK,dict,epoch;model_state_dict;projector_state_dict;vicreg_loss,model_state_dict,846,549,PARTIAL_STATE,25.0,38,SoilNetDualHead,True,True,True,10,2,2x128,10x128,True,False,True,False,MODEL_COMPATIBLE;HAS_REG_HEAD;HAS_CLS_HEAD;HAS_LIGHT_BRANCH;HAS_EPOCH,Parameter tensor count excludes running statistics/counters; classification uses normalized keys and source evidence.
sha256:f447e95af6e1817b8292,CHECKPOINT_ROOT,checkpoints_VicReg_original_NEW/vicreg_mu_25.0_epoch_39.pth,vicreg_mu_25.0_epoch_39.pth,23422376,f447e95af6e1817b829279890437e2fe8fc8093f3d28711092cffa02c24a5a2a,SAFE_LOAD_OK,dict,epoch;model_state_dict;projector_state_dict;vicreg_loss,model_state_dict,846,549,PARTIAL_STATE,25.0,39,SoilNetDualHead,True,True,True,10,2,2x128,10x128,True,False,True,False,MODEL_COMPATIBLE;HAS_REG_HEAD;HAS_CLS_HEAD;HAS_LIGHT_BRANCH;HAS_EPOCH,Parameter tensor count excludes running statistics/counters; classification uses normalized keys and source evidence.
sha256:1920a2f8ef0829e31ca8,CHECKPOINT_ROOT,checkpoints_VicReg_original_NEW/vicreg_mu_25.0_epoch_4.pth,vicreg_mu_25.0_epoch_4.pth,23421783,1920a2f8ef0829e31ca8fe54804e08597f20e1c1e33feea5d7c03f3d022b5dcd,SAFE_LOAD_OK,dict,epoch;model_state_dict;projector_state_dict;vicreg_loss,model_state_dict,846,549,PARTIAL_STATE,25.0,4,SoilNetDualHead,True,True,True,10,2,2x128,10x128,True,False,True,False,MODEL_COMPATIBLE;HAS_REG_HEAD;HAS_CLS_HEAD;HAS_LIGHT_BRANCH;HAS_EPOCH,Parameter tensor count excludes running statistics/counters; classification uses normalized keys and source evidence.
sha256:b93cf525980f89ef4176,CHECKPOINT_ROOT,checkpoints_VicReg_original_NEW/vicreg_mu_25.0_epoch_40.pth,vicreg_mu_25.0_epoch_40.pth,23422376,b93cf525980f89ef41765eb45880fac37246cd9705c9b2759531a4cd965e1de6,SAFE_LOAD_OK,dict,epoch;model_state_dict;projector_state_dict;vicreg_loss,model_state_dict,846,549,PARTIAL_STATE,25.0,40,SoilNetDualHead,True,True,True,10,2,2x128,10x128,True,False,True,False,MODEL_COMPATIBLE;HAS_REG_HEAD;HAS_CLS_HEAD;HAS_LIGHT_BRANCH;HAS_EPOCH,Parameter tensor count excludes running statistics/counters; classification uses normalized keys and source evidence.
sha256:d1ce065230991b47e5aa,CHECKPOINT_ROOT,checkpoints_VicReg_original_NEW/vicreg_mu_25.0_epoch_41.pth,vicreg_mu_25.0_epoch_41.pth,23422376,d1ce065230991b47e5aa776867b4634451d03cbad5914ba2cd39af0f63734d3d,SAFE_LOAD_OK,dict,epoch;model_state_dict;projector_state_dict;vicreg_loss,model_state_dict,846,549,PARTIAL_STATE,25.0,41,SoilNetDualHead,True,True,True,10,2,2x128,10x128,True,False,True,False,MODEL_COMPATIBLE;HAS_REG_HEAD;HAS_CLS_HEAD;HAS_LIGHT_BRANCH;HAS_EPOCH,Parameter tensor count excludes running statistics/counters; classification uses normalized keys and source evidence.
sha256:28488ad75729b12c2dbe,CHECKPOINT_ROOT,checkpoints_VicReg_original_NEW/vicreg_mu_25.0_epoch_42.pth,vicreg_mu_25.0_epoch_42.pth,23422376,28488ad75729b12c2dbe6a2f9016baca5327fc1f85d06ffc181939002ab8d7f3,SAFE_LOAD_OK,dict,epoch;model_state_dict;projector_state_dict;vicreg_loss,model_state_dict,846,549,PARTIAL_STATE,25.0,42,SoilNetDualHead,True,True,True,10,2,2x128,10x128,True,False,True,False,MODEL_COMPATIBLE;HAS_REG_HEAD;HAS_CLS_HEAD;HAS_LIGHT_BRANCH;HAS_EPOCH,Parameter tensor count excludes running statistics/counters; classification uses normalized keys and source evidence.
sha256:0b347a95edf4ddf88165,CHECKPOINT_ROOT,checkpoints_VicReg_original_NEW/vicreg_mu_25.0_epoch_43.pth,vicreg_mu_25.0_epoch_43.pth,23422376,0b347a95edf4ddf88165669d7d3c0cb090936563663406d20791904e43a1353b,SAFE_LOAD_OK,dict,epoch;model_state_dict;projector_state_dict;vicreg_loss,model_state_dict,846,549,PARTIAL_STATE,25.0,43,SoilNetDualHead,True,True,True,10,2,2x128,10x128,True,False,True,False,MODEL_COMPATIBLE;HAS_REG_HEAD;HAS_CLS_HEAD;HAS_LIGHT_BRANCH;HAS_EPOCH,Parameter tensor count excludes running statistics/counters; classification uses normalized keys and source evidence.
sha256:6f0a940bdf9ca80d3181,CHECKPOINT_ROOT,checkpoints_VicReg_original_NEW/vicreg_mu_25.0_epoch_44.pth,vicreg_mu_25.0_epoch_44.pth,23422376,6f0a940bdf9ca80d318107a33004c10eed0310bf1524ee6ca9beca5789e6ffd4,SAFE_LOAD_OK,dict,epoch;model_state_dict;projector_state_dict;vicreg_loss,model_state_dict,846,549,PARTIAL_STATE,25.0,44,SoilNetDualHead,True,True,True,10,2,2x128,10x128,True,False,True,False,MODEL_COMPATIBLE;HAS_REG_HEAD;HAS_CLS_HEAD;HAS_LIGHT_BRANCH;HAS_EPOCH,Parameter tensor count excludes running statistics/counters; classification uses normalized keys and source evidence.
sha256:ec60c9c69447b4d2bdf6,CHECKPOINT_ROOT,checkpoints_VicReg_original_NEW/vicreg_mu_25.0_epoch_45.pth,vicreg_mu_25.0_epoch_45.pth,23422376,ec60c9c69447b4d2bdf686371ea960bbb6d25111b14c0ab9231c6ddb75bb6b1f,SAFE_LOAD_OK,dict,epoch;model_state_dict;projector_state_dict;vicreg_loss,model_state_dict,846,549,PARTIAL_STATE,25.0,45,SoilNetDualHead,True,True,True,10,2,2x128,10x128,True,False,True,False,MODEL_COMPATIBLE;HAS_REG_HEAD;HAS_CLS_HEAD;HAS_LIGHT_BRANCH;HAS_EPOCH,Parameter tensor count excludes running statistics/counters; classification uses normalized keys and source evidence.
sha256:f66b7a501f4ecfe4a0eb,CHECKPOINT_ROOT,checkpoints_VicReg_original_NEW/vicreg_mu_25.0_epoch_46.pth,vicreg_mu_25.0_epoch_46.pth,23422376,f66b7a501f4ecfe4a0eb4a1a585bf605c0f2df3ed2587d132ffc5b9f25eba33f,SAFE_LOAD_OK,dict,epoch;model_state_dict;projector_state_dict;vicreg_loss,model_state_dict,846,549,PARTIAL_STATE,25.0,46,SoilNetDualHead,True,True,True,10,2,2x128,10x128,True,False,True,False,MODEL_COMPATIBLE;HAS_REG_HEAD;HAS_CLS_HEAD;HAS_LIGHT_BRANCH;HAS_EPOCH,Parameter tensor count excludes running statistics/counters; classification uses normalized keys and source evidence.
sha256:f03f331a8ca53fd3a7fa,CHECKPOINT_ROOT,checkpoints_VicReg_original_NEW/vicreg_mu_25.0_epoch_47.pth,vicreg_mu_25.0_epoch_47.pth,23422376,f03f331a8ca53fd3a7fa159b100db1d8fca1aec75978aaec9ac4132e15b1da51,SAFE_LOAD_OK,dict,epoch;model_state_dict;projector_state_dict;vicreg_loss,model_state_dict,846,549,PARTIAL_STATE,25.0,47,SoilNetDualHead,True,True,True,10,2,2x128,10x128,True,False,True,False,MODEL_COMPATIBLE;HAS_REG_HEAD;HAS_CLS_HEAD;HAS_LIGHT_BRANCH;HAS_EPOCH,Parameter tensor count excludes running statistics/counters; classification uses normalized keys and source evidence.
sha256:8ddb1e164395c80a5d4f,CHECKPOINT_ROOT,checkpoints_VicReg_original_NEW/vicreg_mu_25.0_epoch_48.pth,vicreg_mu_25.0_epoch_48.pth,23422376,8ddb1e164395c80a5d4f2024d04bac3d766ea3a4baa3794a2dd0da6a44fdfc26,SAFE_LOAD_OK,dict,epoch;model_state_dict;projector_state_dict;vicreg_loss,model_state_dict,846,549,PARTIAL_STATE,25.0,48,SoilNetDualHead,True,True,True,10,2,2x128,10x128,True,False,True,False,MODEL_COMPATIBLE;HAS_REG_HEAD;HAS_CLS_HEAD;HAS_LIGHT_BRANCH;HAS_EPOCH,Parameter tensor count excludes running statistics/counters; classification uses normalized keys and source evidence.
sha256:7e2c1b36508f28736804,CHECKPOINT_ROOT,checkpoints_VicReg_original_NEW/vicreg_mu_25.0_epoch_49.pth,vicreg_mu_25.0_epoch_49.pth,23422376,7e2c1b36508f287368042b8e5dad2101f082385b9c884d04cf5ab0f572ac2495,SAFE_LOAD_OK,dict,epoch;model_state_dict;projector_state_dict;vicreg_loss,model_state_dict,846,549,PARTIAL_STATE,25.0,49,SoilNetDualHead,True,True,True,10,2,2x128,10x128,True,False,True,False,MODEL_COMPATIBLE;HAS_REG_HEAD;HAS_CLS_HEAD;HAS_LIGHT_BRANCH;HAS_EPOCH,Parameter tensor count excludes running statistics/counters; classification uses normalized keys and source evidence.
sha256:627c6bb3f316d0f41a84,CHECKPOINT_ROOT,checkpoints_VicReg_original_NEW/vicreg_mu_25.0_epoch_5.pth,vicreg_mu_25.0_epoch_5.pth,23421783,627c6bb3f316d0f41a8473746db9650f3909e8f1d0f1949b7734fe59844139df,SAFE_LOAD_OK,dict,epoch;model_state_dict;projector_state_dict;vicreg_loss,model_state_dict,846,549,PARTIAL_STATE,25.0,5,SoilNetDualHead,True,True,True,10,2,2x128,10x128,True,False,True,False,MODEL_COMPATIBLE;HAS_REG_HEAD;HAS_CLS_HEAD;HAS_LIGHT_BRANCH;HAS_EPOCH,Parameter tensor count excludes running statistics/counters; classification uses normalized keys and source evidence.
sha256:e41ded7d33cc81574ca5,CHECKPOINT_ROOT,checkpoints_VicReg_original_NEW/vicreg_mu_25.0_epoch_50.pth,vicreg_mu_25.0_epoch_50.pth,23422376,e41ded7d33cc81574ca558262b120e2d04aed479c4da9072d48bfb15af1377f8,SAFE_LOAD_OK,dict,epoch;model_state_dict;projector_state_dict;vicreg_loss,model_state_dict,846,549,PARTIAL_STATE,25.0,50,SoilNetDualHead,True,True,True,10,2,2x128,10x128,True,False,True,False,MODEL_COMPATIBLE;HAS_REG_HEAD;HAS_CLS_HEAD;HAS_LIGHT_BRANCH;HAS_EPOCH,Parameter tensor count excludes running statistics/counters; classification uses normalized keys and source evidence.
sha256:e1f8bf1de7c088fb9613,CHECKPOINT_ROOT,checkpoints_VicReg_original_NEW/vicreg_mu_25.0_epoch_51.pth,vicreg_mu_25.0_epoch_51.pth,23422376,e1f8bf1de7c088fb96138e75712ca2c7b8bb46d3ddfe3a9946a0a625f8b61ba0,SAFE_LOAD_OK,dict,epoch;model_state_dict;projector_state_dict;vicreg_loss,model_state_dict,846,549,PARTIAL_STATE,25.0,51,SoilNetDualHead,True,True,True,10,2,2x128,10x128,True,False,True,False,MODEL_COMPATIBLE;HAS_REG_HEAD;HAS_CLS_HEAD;HAS_LIGHT_BRANCH;HAS_EPOCH,Parameter tensor count excludes running statistics/counters; classification uses normalized keys and source evidence.
sha256:5769ef2f84559535b601,CHECKPOINT_ROOT,checkpoints_VicReg_original_NEW/vicreg_mu_25.0_epoch_52.pth,vicreg_mu_25.0_epoch_52.pth,23422376,5769ef2f84559535b6018a5cf0a3bb0f49b09377aa9f90edf9a3d971be7403ee,SAFE_LOAD_OK,dict,epoch;model_state_dict;projector_state_dict;vicreg_loss,model_state_dict,846,549,PARTIAL_STATE,25.0,52,SoilNetDualHead,True,True,True,10,2,2x128,10x128,True,False,True,False,MODEL_COMPATIBLE;HAS_REG_HEAD;HAS_CLS_HEAD;HAS_LIGHT_BRANCH;HAS_EPOCH,Parameter tensor count excludes running statistics/counters; classification uses normalized keys and source evidence.
sha256:da593304f073fd05347b,CHECKPOINT_ROOT,checkpoints_VicReg_original_NEW/vicreg_mu_25.0_epoch_53.pth,vicreg_mu_25.0_epoch_53.pth,23422376,da593304f073fd05347b62e2ef37fb49da8caa7a76c613889e838d38f4736ec4,SAFE_LOAD_OK,dict,epoch;model_state_dict;projector_state_dict;vicreg_loss,model_state_dict,846,549,PARTIAL_STATE,25.0,53,SoilNetDualHead,True,True,True,10,2,2x128,10x128,True,False,True,False,MODEL_COMPATIBLE;HAS_REG_HEAD;HAS_CLS_HEAD;HAS_LIGHT_BRANCH;HAS_EPOCH,Parameter tensor count excludes running statistics/counters; classification uses normalized keys and source evidence.
sha256:9a77af02c38248331f71,CHECKPOINT_ROOT,checkpoints_VicReg_original_NEW/vicreg_mu_25.0_epoch_54.pth,vicreg_mu_25.0_epoch_54.pth,23422376,9a77af02c38248331f71416bdb82831a6118f7ddc7f12e17a80d982f2912b6ce,SAFE_LOAD_OK,dict,epoch;model_state_dict;projector_state_dict;vicreg_loss,model_state_dict,846,549,PARTIAL_STATE,25.0,54,SoilNetDualHead,True,True,True,10,2,2x128,10x128,True,False,True,False,MODEL_COMPATIBLE;HAS_REG_HEAD;HAS_CLS_HEAD;HAS_LIGHT_BRANCH;HAS_EPOCH,Parameter tensor count excludes running statistics/counters; classification uses normalized keys and source evidence.
sha256:701c560ed456cfbfc90a,CHECKPOINT_ROOT,checkpoints_VicReg_original_NEW/vicreg_mu_25.0_epoch_55.pth,vicreg_mu_25.0_epoch_55.pth,23422376,701c560ed456cfbfc90aa51080688ea8c644671b5b4911c9e385474e7d724603,SAFE_LOAD_OK,dict,epoch;model_state_dict;projector_state_dict;vicreg_loss,model_state_dict,846,549,PARTIAL_STATE,25.0,55,SoilNetDualHead,True,True,True,10,2,2x128,10x128,True,False,True,False,MODEL_COMPATIBLE;HAS_REG_HEAD;HAS_CLS_HEAD;HAS_LIGHT_BRANCH;HAS_EPOCH,Parameter tensor count excludes running statistics/counters; classification uses normalized keys and source evidence.
sha256:6c0cfd92820ce2d3e92a,CHECKPOINT_ROOT,checkpoints_VicReg_original_NEW/vicreg_mu_25.0_epoch_56.pth,vicreg_mu_25.0_epoch_56.pth,23422376,6c0cfd92820ce2d3e92a225c38fbfb6afc6f78daf6659db1575e4863dd047379,SAFE_LOAD_OK,dict,epoch;model_state_dict;projector_state_dict;vicreg_loss,model_state_dict,846,549,PARTIAL_STATE,25.0,56,SoilNetDualHead,True,True,True,10,2,2x128,10x128,True,False,True,False,MODEL_COMPATIBLE;HAS_REG_HEAD;HAS_CLS_HEAD;HAS_LIGHT_BRANCH;HAS_EPOCH,Parameter tensor count excludes running statistics/counters; classification uses normalized keys and source evidence.
sha256:ddb99e52d06f0895c207,CHECKPOINT_ROOT,checkpoints_VicReg_original_NEW/vicreg_mu_25.0_epoch_57.pth,vicreg_mu_25.0_epoch_57.pth,23422376,ddb99e52d06f0895c207c96d727b228fcd9ed11421189ddaf6f07dc28dd42f75,SAFE_LOAD_OK,dict,epoch;model_state_dict;projector_state_dict;vicreg_loss,model_state_dict,846,549,PARTIAL_STATE,25.0,57,SoilNetDualHead,True,True,True,10,2,2x128,10x128,True,False,True,False,MODEL_COMPATIBLE;HAS_REG_HEAD;HAS_CLS_HEAD;HAS_LIGHT_BRANCH;HAS_EPOCH,Parameter tensor count excludes running statistics/counters; classification uses normalized keys and source evidence.
sha256:c01109ad0dc0d1653d93,CHECKPOINT_ROOT,checkpoints_VicReg_original_NEW/vicreg_mu_25.0_epoch_58.pth,vicreg_mu_25.0_epoch_58.pth,23422376,c01109ad0dc0d1653d93c1afab294b3dc7dd3a8fa76bfad4a484580a7537b51b,SAFE_LOAD_OK,dict,epoch;model_state_dict;projector_state_dict;vicreg_loss,model_state_dict,846,549,PARTIAL_STATE,25.0,58,SoilNetDualHead,True,True,True,10,2,2x128,10x128,True,False,True,False,MODEL_COMPATIBLE;HAS_REG_HEAD;HAS_CLS_HEAD;HAS_LIGHT_BRANCH;HAS_EPOCH,Parameter tensor count excludes running statistics/counters; classification uses normalized keys and source evidence.
sha256:a7be75f97aee88024056,CHECKPOINT_ROOT,checkpoints_VicReg_original_NEW/vicreg_mu_25.0_epoch_59.pth,vicreg_mu_25.0_epoch_59.pth,23422376,a7be75f97aee88024056cbcac0acf14eade3b41a6a0af49ff12e65a7a7000afa,SAFE_LOAD_OK,dict,epoch;model_state_dict;projector_state_dict;vicreg_loss,model_state_dict,846,549,PARTIAL_STATE,25.0,59,SoilNetDualHead,True,True,True,10,2,2x128,10x128,True,False,True,False,MODEL_COMPATIBLE;HAS_REG_HEAD;HAS_CLS_HEAD;HAS_LIGHT_BRANCH;HAS_EPOCH,Parameter tensor count excludes running statistics/counters; classification uses normalized keys and source evidence.
sha256:37bd70df83a7f58e2d53,CHECKPOINT_ROOT,checkpoints_VicReg_original_NEW/vicreg_mu_25.0_epoch_6.pth,vicreg_mu_25.0_epoch_6.pth,23421783,37bd70df83a7f58e2d53a297743c6736eb70cfc3fa9b842df70be2da41183cbc,SAFE_LOAD_OK,dict,epoch;model_state_dict;projector_state_dict;vicreg_loss,model_state_dict,846,549,PARTIAL_STATE,25.0,6,SoilNetDualHead,True,True,True,10,2,2x128,10x128,True,False,True,False,MODEL_COMPATIBLE;HAS_REG_HEAD;HAS_CLS_HEAD;HAS_LIGHT_BRANCH;HAS_EPOCH,Parameter tensor count excludes running statistics/counters; classification uses normalized keys and source evidence.
sha256:8be74760f7af2f20cca8,CHECKPOINT_ROOT,checkpoints_VicReg_original_NEW/vicreg_mu_25.0_epoch_60.pth,vicreg_mu_25.0_epoch_60.pth,23422376,8be74760f7af2f20cca8ddaa1d7e395b6a370a92a3e03fcf2145813639cae388,SAFE_LOAD_OK,dict,epoch;model_state_dict;projector_state_dict;vicreg_loss,model_state_dict,846,549,PARTIAL_STATE,25.0,60,SoilNetDualHead,True,True,True,10,2,2x128,10x128,True,False,True,False,MODEL_COMPATIBLE;HAS_REG_HEAD;HAS_CLS_HEAD;HAS_LIGHT_BRANCH;HAS_EPOCH,Parameter tensor count excludes running statistics/counters; classification uses normalized keys and source evidence.
sha256:4a58c2b41826c461e186,CHECKPOINT_ROOT,checkpoints_VicReg_original_NEW/vicreg_mu_25.0_epoch_61.pth,vicreg_mu_25.0_epoch_61.pth,23422376,4a58c2b41826c461e186bb8e4819467ed69c40d713167919f0d528b75cddf882,SAFE_LOAD_OK,dict,epoch;model_state_dict;projector_state_dict;vicreg_loss,model_state_dict,846,549,PARTIAL_STATE,25.0,61,SoilNetDualHead,True,True,True,10,2,2x128,10x128,True,False,True,False,MODEL_COMPATIBLE;HAS_REG_HEAD;HAS_CLS_HEAD;HAS_LIGHT_BRANCH;HAS_EPOCH,Parameter tensor count excludes running statistics/counters; classification uses normalized keys and source evidence.
sha256:1a105ed862067adb9baf,CHECKPOINT_ROOT,checkpoints_VicReg_original_NEW/vicreg_mu_25.0_epoch_62.pth,vicreg_mu_25.0_epoch_62.pth,23422376,1a105ed862067adb9bafc943653bf9b60c247e7e9042c9b9dfeed88857557e57,SAFE_LOAD_OK,dict,epoch;model_state_dict;projector_state_dict;vicreg_loss,model_state_dict,846,549,PARTIAL_STATE,25.0,62,SoilNetDualHead,True,True,True,10,2,2x128,10x128,True,False,True,False,MODEL_COMPATIBLE;HAS_REG_HEAD;HAS_CLS_HEAD;HAS_LIGHT_BRANCH;HAS_EPOCH,Parameter tensor count excludes running statistics/counters; classification uses normalized keys and source evidence.
sha256:fa5cf605732a6a166742,CHECKPOINT_ROOT,checkpoints_VicReg_original_NEW/vicreg_mu_25.0_epoch_63.pth,vicreg_mu_25.0_epoch_63.pth,23422376,fa5cf605732a6a1667426398112dac46822a33089cc5ef93b64f51eff9d61e0f,SAFE_LOAD_OK,dict,epoch;model_state_dict;projector_state_dict;vicreg_loss,model_state_dict,846,549,PARTIAL_STATE,25.0,63,SoilNetDualHead,True,True,True,10,2,2x128,10x128,True,False,True,False,MODEL_COMPATIBLE;HAS_REG_HEAD;HAS_CLS_HEAD;HAS_LIGHT_BRANCH;HAS_EPOCH,Parameter tensor count excludes running statistics/counters; classification uses normalized keys and source evidence.
sha256:3a0e1128eb941be762c5,CHECKPOINT_ROOT,checkpoints_VicReg_original_NEW/vicreg_mu_25.0_epoch_64.pth,vicreg_mu_25.0_epoch_64.pth,23422376,3a0e1128eb941be762c5aa3cb139abb3520032afc1eea8df2dc76b0f24478155,SAFE_LOAD_OK,dict,epoch;model_state_dict;projector_state_dict;vicreg_loss,model_state_dict,846,549,PARTIAL_STATE,25.0,64,SoilNetDualHead,True,True,True,10,2,2x128,10x128,True,False,True,False,MODEL_COMPATIBLE;HAS_REG_HEAD;HAS_CLS_HEAD;HAS_LIGHT_BRANCH;HAS_EPOCH,Parameter tensor count excludes running statistics/counters; classification uses normalized keys and source evidence.
sha256:c62a240eea0f5ec61cc9,CHECKPOINT_ROOT,checkpoints_VicReg_original_NEW/vicreg_mu_25.0_epoch_65.pth,vicreg_mu_25.0_epoch_65.pth,23422376,c62a240eea0f5ec61cc97669bd37f91f097a64b4d49bea90567a855177f79dbf,SAFE_LOAD_OK,dict,epoch;model_state_dict;projector_state_dict;vicreg_loss,model_state_dict,846,549,PARTIAL_STATE,25.0,65,SoilNetDualHead,True,True,True,10,2,2x128,10x128,True,False,True,False,MODEL_COMPATIBLE;HAS_REG_HEAD;HAS_CLS_HEAD;HAS_LIGHT_BRANCH;HAS_EPOCH,Parameter tensor count excludes running statistics/counters; classification uses normalized keys and source evidence.
sha256:472cc7b343314feaea44,CHECKPOINT_ROOT,checkpoints_VicReg_original_NEW/vicreg_mu_25.0_epoch_66.pth,vicreg_mu_25.0_epoch_66.pth,23422376,472cc7b343314feaea445065ce65b5e090c2c20b256318c0d167185c23b08a8c,SAFE_LOAD_OK,dict,epoch;model_state_dict;projector_state_dict;vicreg_loss,model_state_dict,846,549,PARTIAL_STATE,25.0,66,SoilNetDualHead,True,True,True,10,2,2x128,10x128,True,False,True,False,MODEL_COMPATIBLE;HAS_REG_HEAD;HAS_CLS_HEAD;HAS_LIGHT_BRANCH;HAS_EPOCH,Parameter tensor count excludes running statistics/counters; classification uses normalized keys and source evidence.
sha256:b4c4c99d4ed03a98e7d0,CHECKPOINT_ROOT,checkpoints_VicReg_original_NEW/vicreg_mu_25.0_epoch_67.pth,vicreg_mu_25.0_epoch_67.pth,23422376,b4c4c99d4ed03a98e7d0c951a9643edd15180eeaa6cc9abba579015310688887,SAFE_LOAD_OK,dict,epoch;model_state_dict;projector_state_dict;vicreg_loss,model_state_dict,846,549,PARTIAL_STATE,25.0,67,SoilNetDualHead,True,True,True,10,2,2x128,10x128,True,False,True,False,MODEL_COMPATIBLE;HAS_REG_HEAD;HAS_CLS_HEAD;HAS_LIGHT_BRANCH;HAS_EPOCH,Parameter tensor count excludes running statistics/counters; classification uses normalized keys and source evidence.
sha256:71d409163876a61d8836,CHECKPOINT_ROOT,checkpoints_VicReg_original_NEW/vicreg_mu_25.0_epoch_68.pth,vicreg_mu_25.0_epoch_68.pth,23422376,71d409163876a61d8836667ca62cc391bf62660b2ae58ce21f45245897a13ffc,SAFE_LOAD_OK,dict,epoch;model_state_dict;projector_state_dict;vicreg_loss,model_state_dict,846,549,PARTIAL_STATE,25.0,68,SoilNetDualHead,True,True,True,10,2,2x128,10x128,True,False,True,False,MODEL_COMPATIBLE;HAS_REG_HEAD;HAS_CLS_HEAD;HAS_LIGHT_BRANCH;HAS_EPOCH,Parameter tensor count excludes running statistics/counters; classification uses normalized keys and source evidence.
sha256:ac51b2d6afe298d9f3bc,CHECKPOINT_ROOT,checkpoints_VicReg_original_NEW/vicreg_mu_25.0_epoch_69.pth,vicreg_mu_25.0_epoch_69.pth,23422376,ac51b2d6afe298d9f3bc06c43b4c18bfca8537c5b8aeb32171a948f4afa22ea3,SAFE_LOAD_OK,dict,epoch;model_state_dict;projector_state_dict;vicreg_loss,model_state_dict,846,549,PARTIAL_STATE,25.0,69,SoilNetDualHead,True,True,True,10,2,2x128,10x128,True,False,True,False,MODEL_COMPATIBLE;HAS_REG_HEAD;HAS_CLS_HEAD;HAS_LIGHT_BRANCH;HAS_EPOCH,Parameter tensor count excludes running statistics/counters; classification uses normalized keys and source evidence.
sha256:ae33cf3f1a64e947748b,CHECKPOINT_ROOT,checkpoints_VicReg_original_NEW/vicreg_mu_25.0_epoch_7.pth,vicreg_mu_25.0_epoch_7.pth,23421783,ae33cf3f1a64e947748baeff380a42276bd4ee9070a0d6fb8c0a3711f19ac62f,SAFE_LOAD_OK,dict,epoch;model_state_dict;projector_state_dict;vicreg_loss,model_state_dict,846,549,PARTIAL_STATE,25.0,7,SoilNetDualHead,True,True,True,10,2,2x128,10x128,True,False,True,False,MODEL_COMPATIBLE;HAS_REG_HEAD;HAS_CLS_HEAD;HAS_LIGHT_BRANCH;HAS_EPOCH,Parameter tensor count excludes running statistics/counters; classification uses normalized keys and source evidence.
sha256:46eaa445eec856146769,CHECKPOINT_ROOT,checkpoints_VicReg_original_NEW/vicreg_mu_25.0_epoch_70.pth,vicreg_mu_25.0_epoch_70.pth,23422376,46eaa445eec856146769356cc11d38fb0c6c10ea6380ce45c25456777bb2a18e,SAFE_LOAD_OK,dict,epoch;model_state_dict;projector_state_dict;vicreg_loss,model_state_dict,846,549,PARTIAL_STATE,25.0,70,SoilNetDualHead,True,True,True,10,2,2x128,10x128,True,False,True,False,MODEL_COMPATIBLE;HAS_REG_HEAD;HAS_CLS_HEAD;HAS_LIGHT_BRANCH;HAS_EPOCH,Parameter tensor count excludes running statistics/counters; classification uses normalized keys and source evidence.
sha256:901f7e5152545f2c5d62,CHECKPOINT_ROOT,checkpoints_VicReg_original_NEW/vicreg_mu_25.0_epoch_71.pth,vicreg_mu_25.0_epoch_71.pth,23422376,901f7e5152545f2c5d62e2ea42524e887c730f600ea70d8047b82a9c83da0fa5,SAFE_LOAD_OK,dict,epoch;model_state_dict;projector_state_dict;vicreg_loss,model_state_dict,846,549,PARTIAL_STATE,25.0,71,SoilNetDualHead,True,True,True,10,2,2x128,10x128,True,False,True,False,MODEL_COMPATIBLE;HAS_REG_HEAD;HAS_CLS_HEAD;HAS_LIGHT_BRANCH;HAS_EPOCH,Parameter tensor count excludes running statistics/counters; classification uses normalized keys and source evidence.
sha256:9201b22f91df57b96629,CHECKPOINT_ROOT,checkpoints_VicReg_original_NEW/vicreg_mu_25.0_epoch_72.pth,vicreg_mu_25.0_epoch_72.pth,23422376,9201b22f91df57b96629ace1096e9971126c95eabf4621d1809b6f0af5e7f319,SAFE_LOAD_OK,dict,epoch;model_state_dict;projector_state_dict;vicreg_loss,model_state_dict,846,549,PARTIAL_STATE,25.0,72,SoilNetDualHead,True,True,True,10,2,2x128,10x128,True,False,True,False,MODEL_COMPATIBLE;HAS_REG_HEAD;HAS_CLS_HEAD;HAS_LIGHT_BRANCH;HAS_EPOCH,Parameter tensor count excludes running statistics/counters; classification uses normalized keys and source evidence.
sha256:9bd9e880054b41f31e63,CHECKPOINT_ROOT,checkpoints_VicReg_original_NEW/vicreg_mu_25.0_epoch_73.pth,vicreg_mu_25.0_epoch_73.pth,23422376,9bd9e880054b41f31e6362dfdf4be00159e873b205986c60e065718be6414682,SAFE_LOAD_OK,dict,epoch;model_state_dict;projector_state_dict;vicreg_loss,model_state_dict,846,549,PARTIAL_STATE,25.0,73,SoilNetDualHead,True,True,True,10,2,2x128,10x128,True,False,True,False,MODEL_COMPATIBLE;HAS_REG_HEAD;HAS_CLS_HEAD;HAS_LIGHT_BRANCH;HAS_EPOCH,Parameter tensor count excludes running statistics/counters; classification uses normalized keys and source evidence.
sha256:e553faa6562449872b97,CHECKPOINT_ROOT,checkpoints_VicReg_original_NEW/vicreg_mu_25.0_epoch_74.pth,vicreg_mu_25.0_epoch_74.pth,23422376,e553faa6562449872b97d6b8720de17af9755247611191a70fdadb7853640017,SAFE_LOAD_OK,dict,epoch;model_state_dict;projector_state_dict;vicreg_loss,model_state_dict,846,549,PARTIAL_STATE,25.0,74,SoilNetDualHead,True,True,True,10,2,2x128,10x128,True,False,True,False,MODEL_COMPATIBLE;HAS_REG_HEAD;HAS_CLS_HEAD;HAS_LIGHT_BRANCH;HAS_EPOCH,Parameter tensor count excludes running statistics/counters; classification uses normalized keys and source evidence.
sha256:fb653418193b0d9772d4,CHECKPOINT_ROOT,checkpoints_VicReg_original_NEW/vicreg_mu_25.0_epoch_75.pth,vicreg_mu_25.0_epoch_75.pth,23422376,fb653418193b0d9772d4e9ba1186edb0d9aeec48cedcc04d28c564645624ad2e,SAFE_LOAD_OK,dict,epoch;model_state_dict;projector_state_dict;vicreg_loss,model_state_dict,846,549,PARTIAL_STATE,25.0,75,SoilNetDualHead,True,True,True,10,2,2x128,10x128,True,False,True,False,MODEL_COMPATIBLE;HAS_REG_HEAD;HAS_CLS_HEAD;HAS_LIGHT_BRANCH;HAS_EPOCH,Parameter tensor count excludes running statistics/counters; classification uses normalized keys and source evidence.
sha256:fdf6705a137abde8395b,CHECKPOINT_ROOT,checkpoints_VicReg_original_NEW/vicreg_mu_25.0_epoch_76.pth,vicreg_mu_25.0_epoch_76.pth,23422376,fdf6705a137abde8395b522941de3601e89cecfe00f657fae1664d184dfb1bc7,SAFE_LOAD_OK,dict,epoch;model_state_dict;projector_state_dict;vicreg_loss,model_state_dict,846,549,PARTIAL_STATE,25.0,76,SoilNetDualHead,True,True,True,10,2,2x128,10x128,True,False,True,False,MODEL_COMPATIBLE;HAS_REG_HEAD;HAS_CLS_HEAD;HAS_LIGHT_BRANCH;HAS_EPOCH,Parameter tensor count excludes running statistics/counters; classification uses normalized keys and source evidence.
sha256:38c3a708358d56af7fbf,CHECKPOINT_ROOT,checkpoints_VicReg_original_NEW/vicreg_mu_25.0_epoch_77.pth,vicreg_mu_25.0_epoch_77.pth,23422376,38c3a708358d56af7fbf4856eabc5d5756c1bf02fd6170d18dc68610bf6ea16c,SAFE_LOAD_OK,dict,epoch;model_state_dict;projector_state_dict;vicreg_loss,model_state_dict,846,549,PARTIAL_STATE,25.0,77,SoilNetDualHead,True,True,True,10,2,2x128,10x128,True,False,True,False,MODEL_COMPATIBLE;HAS_REG_HEAD;HAS_CLS_HEAD;HAS_LIGHT_BRANCH;HAS_EPOCH,Parameter tensor count excludes running statistics/counters; classification uses normalized keys and source evidence.
sha256:f6e0b0c354c4ce49bde7,CHECKPOINT_ROOT,checkpoints_VicReg_original_NEW/vicreg_mu_25.0_epoch_78.pth,vicreg_mu_25.0_epoch_78.pth,23422376,f6e0b0c354c4ce49bde7a7fb9c385187f6787c386a5bda51dd126c9fd6155980,SAFE_LOAD_OK,dict,epoch;model_state_dict;projector_state_dict;vicreg_loss,model_state_dict,846,549,PARTIAL_STATE,25.0,78,SoilNetDualHead,True,True,True,10,2,2x128,10x128,True,False,True,False,MODEL_COMPATIBLE;HAS_REG_HEAD;HAS_CLS_HEAD;HAS_LIGHT_BRANCH;HAS_EPOCH,Parameter tensor count excludes running statistics/counters; classification uses normalized keys and source evidence.
sha256:031a3b67496e1d8ea16a,CHECKPOINT_ROOT,checkpoints_VicReg_original_NEW/vicreg_mu_25.0_epoch_79.pth,vicreg_mu_25.0_epoch_79.pth,23422376,031a3b67496e1d8ea16ab94903314e851d9cbf8f78e26c596c091af49c326f50,SAFE_LOAD_OK,dict,epoch;model_state_dict;projector_state_dict;vicreg_loss,model_state_dict,846,549,PARTIAL_STATE,25.0,79,SoilNetDualHead,True,True,True,10,2,2x128,10x128,True,False,True,False,MODEL_COMPATIBLE;HAS_REG_HEAD;HAS_CLS_HEAD;HAS_LIGHT_BRANCH;HAS_EPOCH,Parameter tensor count excludes running statistics/counters; classification uses normalized keys and source evidence.
sha256:3e7c764f500328e54130,CHECKPOINT_ROOT,checkpoints_VicReg_original_NEW/vicreg_mu_25.0_epoch_8.pth,vicreg_mu_25.0_epoch_8.pth,23421783,3e7c764f500328e541300d5ea1365e5bea2c6f6c22423a3ad294a329ecff670c,SAFE_LOAD_OK,dict,epoch;model_state_dict;projector_state_dict;vicreg_loss,model_state_dict,846,549,PARTIAL_STATE,25.0,8,SoilNetDualHead,True,True,True,10,2,2x128,10x128,True,False,True,False,MODEL_COMPATIBLE;HAS_REG_HEAD;HAS_CLS_HEAD;HAS_LIGHT_BRANCH;HAS_EPOCH,Parameter tensor count excludes running statistics/counters; classification uses normalized keys and source evidence.
sha256:fdf50672f951648a50b2,CHECKPOINT_ROOT,checkpoints_VicReg_original_NEW/vicreg_mu_25.0_epoch_80.pth,vicreg_mu_25.0_epoch_80.pth,23422376,fdf50672f951648a50b27f70a35d070caa2f216699e3830fc17e16f68abac751,SAFE_LOAD_OK,dict,epoch;model_state_dict;projector_state_dict;vicreg_loss,model_state_dict,846,549,PARTIAL_STATE,25.0,80,SoilNetDualHead,True,True,True,10,2,2x128,10x128,True,False,True,False,MODEL_COMPATIBLE;HAS_REG_HEAD;HAS_CLS_HEAD;HAS_LIGHT_BRANCH;HAS_EPOCH,Parameter tensor count excludes running statistics/counters; classification uses normalized keys and source evidence.
sha256:d2d749d508005224fd19,CHECKPOINT_ROOT,checkpoints_VicReg_original_NEW/vicreg_mu_25.0_epoch_9.pth,vicreg_mu_25.0_epoch_9.pth,23421783,d2d749d508005224fd190a24d7ebda4e8622106ef45f9c0901151c6b2423c4b2,SAFE_LOAD_OK,dict,epoch;model_state_dict;projector_state_dict;vicreg_loss,model_state_dict,846,549,PARTIAL_STATE,25.0,9,SoilNetDualHead,True,True,True,10,2,2x128,10x128,True,False,True,False,MODEL_COMPATIBLE;HAS_REG_HEAD;HAS_CLS_HEAD;HAS_LIGHT_BRANCH;HAS_EPOCH,Parameter tensor count excludes running statistics/counters; classification uses normalized keys and source evidence.
sha256:2bc01fe41632d8cfad0b,CHECKPOINT_ROOT,checkpoints_VicReg_original_NEW/vicreg_mu_27.0_epoch_1.pth,vicreg_mu_27.0_epoch_1.pth,23421783,2bc01fe41632d8cfad0b2634df2a9add73c1accde50dcafaa3c3c933b5b0c532,SAFE_LOAD_OK,dict,epoch;model_state_dict;projector_state_dict;vicreg_loss,model_state_dict,846,549,PARTIAL_STATE,27.0,1,SoilNetDualHead,True,True,True,10,2,2x128,10x128,True,False,True,False,MODEL_COMPATIBLE;HAS_REG_HEAD;HAS_CLS_HEAD;HAS_LIGHT_BRANCH;HAS_EPOCH,Parameter tensor count excludes running statistics/counters; classification uses normalized keys and source evidence.
sha256:75fb0f09965766e2c23e,CHECKPOINT_ROOT,checkpoints_VicReg_original_NEW/vicreg_mu_27.0_epoch_10.pth,vicreg_mu_27.0_epoch_10.pth,23422376,75fb0f09965766e2c23e836d5227206454c3df319edb67d636ac2c9275adcbb3,SAFE_LOAD_OK,dict,epoch;model_state_dict;projector_state_dict;vicreg_loss,model_state_dict,846,549,PARTIAL_STATE,27.0,10,SoilNetDualHead,True,True,True,10,2,2x128,10x128,True,False,True,False,MODEL_COMPATIBLE;HAS_REG_HEAD;HAS_CLS_HEAD;HAS_LIGHT_BRANCH;HAS_EPOCH,Parameter tensor count excludes running statistics/counters; classification uses normalized keys and source evidence.
sha256:20674c8327c063879a0a,CHECKPOINT_ROOT,checkpoints_VicReg_original_NEW/vicreg_mu_27.0_epoch_11.pth,vicreg_mu_27.0_epoch_11.pth,23422376,20674c8327c063879a0ae036494f4d130806fabb1b79b87731351081dc175deb,SAFE_LOAD_OK,dict,epoch;model_state_dict;projector_state_dict;vicreg_loss,model_state_dict,846,549,PARTIAL_STATE,27.0,11,SoilNetDualHead,True,True,True,10,2,2x128,10x128,True,False,True,False,MODEL_COMPATIBLE;HAS_REG_HEAD;HAS_CLS_HEAD;HAS_LIGHT_BRANCH;HAS_EPOCH,Parameter tensor count excludes running statistics/counters; classification uses normalized keys and source evidence.
sha256:cb44caf02418d5e74594,CHECKPOINT_ROOT,checkpoints_VicReg_original_NEW/vicreg_mu_27.0_epoch_12.pth,vicreg_mu_27.0_epoch_12.pth,23422376,cb44caf02418d5e74594293d41946ac40b418bcddb3e21e16e30ca8526597e7c,SAFE_LOAD_OK,dict,epoch;model_state_dict;projector_state_dict;vicreg_loss,model_state_dict,846,549,PARTIAL_STATE,27.0,12,SoilNetDualHead,True,True,True,10,2,2x128,10x128,True,False,True,False,MODEL_COMPATIBLE;HAS_REG_HEAD;HAS_CLS_HEAD;HAS_LIGHT_BRANCH;HAS_EPOCH,Parameter tensor count excludes running statistics/counters; classification uses normalized keys and source evidence.
sha256:cbece95a8032d1db5fe6,CHECKPOINT_ROOT,checkpoints_VicReg_original_NEW/vicreg_mu_27.0_epoch_13.pth,vicreg_mu_27.0_epoch_13.pth,23422376,cbece95a8032d1db5fe63d4e4b1b3f73ed7be979b71bf598d99fe5d527ee7429,SAFE_LOAD_OK,dict,epoch;model_state_dict;projector_state_dict;vicreg_loss,model_state_dict,846,549,PARTIAL_STATE,27.0,13,SoilNetDualHead,True,True,True,10,2,2x128,10x128,True,False,True,False,MODEL_COMPATIBLE;HAS_REG_HEAD;HAS_CLS_HEAD;HAS_LIGHT_BRANCH;HAS_EPOCH,Parameter tensor count excludes running statistics/counters; classification uses normalized keys and source evidence.
sha256:3f92fced17ca61825bdb,CHECKPOINT_ROOT,checkpoints_VicReg_original_NEW/vicreg_mu_27.0_epoch_14.pth,vicreg_mu_27.0_epoch_14.pth,23422376,3f92fced17ca61825bdb06eca96b3238008198417fb93560f51ce0d74f23cfae,SAFE_LOAD_OK,dict,epoch;model_state_dict;projector_state_dict;vicreg_loss,model_state_dict,846,549,PARTIAL_STATE,27.0,14,SoilNetDualHead,True,True,True,10,2,2x128,10x128,True,False,True,False,MODEL_COMPATIBLE;HAS_REG_HEAD;HAS_CLS_HEAD;HAS_LIGHT_BRANCH;HAS_EPOCH,Parameter tensor count excludes running statistics/counters; classification uses normalized keys and source evidence.
sha256:cb1b7243f61c9cbe7c96,CHECKPOINT_ROOT,checkpoints_VicReg_original_NEW/vicreg_mu_27.0_epoch_15.pth,vicreg_mu_27.0_epoch_15.pth,23422376,cb1b7243f61c9cbe7c96f786efa3e2d82877be2004243c651f76a4767f3ea6e5,SAFE_LOAD_OK,dict,epoch;model_state_dict;projector_state_dict;vicreg_loss,model_state_dict,846,549,PARTIAL_STATE,27.0,15,SoilNetDualHead,True,True,True,10,2,2x128,10x128,True,False,True,False,MODEL_COMPATIBLE;HAS_REG_HEAD;HAS_CLS_HEAD;HAS_LIGHT_BRANCH;HAS_EPOCH,Parameter tensor count excludes running statistics/counters; classification uses normalized keys and source evidence.
sha256:c8f99f20aec6f4526690,CHECKPOINT_ROOT,checkpoints_VicReg_original_NEW/vicreg_mu_27.0_epoch_16.pth,vicreg_mu_27.0_epoch_16.pth,23422376,c8f99f20aec6f452669096c7e79b2c49c4568e975fa2297ca461753029393755,SAFE_LOAD_OK,dict,epoch;model_state_dict;projector_state_dict;vicreg_loss,model_state_dict,846,549,PARTIAL_STATE,27.0,16,SoilNetDualHead,True,True,True,10,2,2x128,10x128,True,False,True,False,MODEL_COMPATIBLE;HAS_REG_HEAD;HAS_CLS_HEAD;HAS_LIGHT_BRANCH;HAS_EPOCH,Parameter tensor count excludes running statistics/counters; classification uses normalized keys and source evidence.
sha256:b063e23c7a0fb3c4f0b6,CHECKPOINT_ROOT,checkpoints_VicReg_original_NEW/vicreg_mu_27.0_epoch_17.pth,vicreg_mu_27.0_epoch_17.pth,23422376,b063e23c7a0fb3c4f0b6a6f924e8888f11f56f49eb861b567d4f9f7029d1c75c,SAFE_LOAD_OK,dict,epoch;model_state_dict;projector_state_dict;vicreg_loss,model_state_dict,846,549,PARTIAL_STATE,27.0,17,SoilNetDualHead,True,True,True,10,2,2x128,10x128,True,False,True,False,MODEL_COMPATIBLE;HAS_REG_HEAD;HAS_CLS_HEAD;HAS_LIGHT_BRANCH;HAS_EPOCH,Parameter tensor count excludes running statistics/counters; classification uses normalized keys and source evidence.
sha256:cb0eb379ab3a07e65927,CHECKPOINT_ROOT,checkpoints_VicReg_original_NEW/vicreg_mu_27.0_epoch_18.pth,vicreg_mu_27.0_epoch_18.pth,23422376,cb0eb379ab3a07e65927448d3cc629822ad273d9faa484fb1ade92ff87ce06a8,SAFE_LOAD_OK,dict,epoch;model_state_dict;projector_state_dict;vicreg_loss,model_state_dict,846,549,PARTIAL_STATE,27.0,18,SoilNetDualHead,True,True,True,10,2,2x128,10x128,True,False,True,False,MODEL_COMPATIBLE;HAS_REG_HEAD;HAS_CLS_HEAD;HAS_LIGHT_BRANCH;HAS_EPOCH,Parameter tensor count excludes running statistics/counters; classification uses normalized keys and source evidence.
sha256:deb4e6de6c6dbdb799c1,CHECKPOINT_ROOT,checkpoints_VicReg_original_NEW/vicreg_mu_27.0_epoch_19.pth,vicreg_mu_27.0_epoch_19.pth,23422376,deb4e6de6c6dbdb799c1ab4c848023376ffca44cd862b87cac49630c3ff8472a,SAFE_LOAD_OK,dict,epoch;model_state_dict;projector_state_dict;vicreg_loss,model_state_dict,846,549,PARTIAL_STATE,27.0,19,SoilNetDualHead,True,True,True,10,2,2x128,10x128,True,False,True,False,MODEL_COMPATIBLE;HAS_REG_HEAD;HAS_CLS_HEAD;HAS_LIGHT_BRANCH;HAS_EPOCH,Parameter tensor count excludes running statistics/counters; classification uses normalized keys and source evidence.
sha256:f303460122f226a9bb99,CHECKPOINT_ROOT,checkpoints_VicReg_original_NEW/vicreg_mu_27.0_epoch_2.pth,vicreg_mu_27.0_epoch_2.pth,23421783,f303460122f226a9bb995b4fae58fc74ca46278f1645edfd7c457c0af8e72978,SAFE_LOAD_OK,dict,epoch;model_state_dict;projector_state_dict;vicreg_loss,model_state_dict,846,549,PARTIAL_STATE,27.0,2,SoilNetDualHead,True,True,True,10,2,2x128,10x128,True,False,True,False,MODEL_COMPATIBLE;HAS_REG_HEAD;HAS_CLS_HEAD;HAS_LIGHT_BRANCH;HAS_EPOCH,Parameter tensor count excludes running statistics/counters; classification uses normalized keys and source evidence.
sha256:415ad390aebdf9088f2f,CHECKPOINT_ROOT,checkpoints_VicReg_original_NEW/vicreg_mu_27.0_epoch_20.pth,vicreg_mu_27.0_epoch_20.pth,23422376,415ad390aebdf9088f2fe913f7a183368adec138daf5b102fbe196b16a7b7c71,SAFE_LOAD_OK,dict,epoch;model_state_dict;projector_state_dict;vicreg_loss,model_state_dict,846,549,PARTIAL_STATE,27.0,20,SoilNetDualHead,True,True,True,10,2,2x128,10x128,True,False,True,False,MODEL_COMPATIBLE;HAS_REG_HEAD;HAS_CLS_HEAD;HAS_LIGHT_BRANCH;HAS_EPOCH,Parameter tensor count excludes running statistics/counters; classification uses normalized keys and source evidence.
sha256:6962ce014878d731d682,CHECKPOINT_ROOT,checkpoints_VicReg_original_NEW/vicreg_mu_27.0_epoch_21.pth,vicreg_mu_27.0_epoch_21.pth,23422376,6962ce014878d731d6827732477acd6a6bfd646ca2b5bade31d2ebefd737d0c1,SAFE_LOAD_OK,dict,epoch;model_state_dict;projector_state_dict;vicreg_loss,model_state_dict,846,549,PARTIAL_STATE,27.0,21,SoilNetDualHead,True,True,True,10,2,2x128,10x128,True,False,True,False,MODEL_COMPATIBLE;HAS_REG_HEAD;HAS_CLS_HEAD;HAS_LIGHT_BRANCH;HAS_EPOCH,Parameter tensor count excludes running statistics/counters; classification uses normalized keys and source evidence.
sha256:910ca0dbdf5d973089c1,CHECKPOINT_ROOT,checkpoints_VicReg_original_NEW/vicreg_mu_27.0_epoch_22.pth,vicreg_mu_27.0_epoch_22.pth,23422376,910ca0dbdf5d973089c1162913bb8731a5ecee5f408ca73249a4948ad63ff355,SAFE_LOAD_OK,dict,epoch;model_state_dict;projector_state_dict;vicreg_loss,model_state_dict,846,549,PARTIAL_STATE,27.0,22,SoilNetDualHead,True,True,True,10,2,2x128,10x128,True,False,True,False,MODEL_COMPATIBLE;HAS_REG_HEAD;HAS_CLS_HEAD;HAS_LIGHT_BRANCH;HAS_EPOCH,Parameter tensor count excludes running statistics/counters; classification uses normalized keys and source evidence.
sha256:8f5a8cfad4df99c9332e,CHECKPOINT_ROOT,checkpoints_VicReg_original_NEW/vicreg_mu_27.0_epoch_23.pth,vicreg_mu_27.0_epoch_23.pth,23422376,8f5a8cfad4df99c9332e2bb752c862f175f28a925cd051de3257d5b37d1634da,SAFE_LOAD_OK,dict,epoch;model_state_dict;projector_state_dict;vicreg_loss,model_state_dict,846,549,PARTIAL_STATE,27.0,23,SoilNetDualHead,True,True,True,10,2,2x128,10x128,True,False,True,False,MODEL_COMPATIBLE;HAS_REG_HEAD;HAS_CLS_HEAD;HAS_LIGHT_BRANCH;HAS_EPOCH,Parameter tensor count excludes running statistics/counters; classification uses normalized keys and source evidence.
sha256:c3bcf84cfaf2d4d263d1,CHECKPOINT_ROOT,checkpoints_VicReg_original_NEW/vicreg_mu_27.0_epoch_24.pth,vicreg_mu_27.0_epoch_24.pth,23422376,c3bcf84cfaf2d4d263d1d1572ffbc256f0313909329f52b6d10804918e4a53a0,SAFE_LOAD_OK,dict,epoch;model_state_dict;projector_state_dict;vicreg_loss,model_state_dict,846,549,PARTIAL_STATE,27.0,24,SoilNetDualHead,True,True,True,10,2,2x128,10x128,True,False,True,False,MODEL_COMPATIBLE;HAS_REG_HEAD;HAS_CLS_HEAD;HAS_LIGHT_BRANCH;HAS_EPOCH,Parameter tensor count excludes running statistics/counters; classification uses normalized keys and source evidence.
sha256:1e50052836dcca57ef9a,CHECKPOINT_ROOT,checkpoints_VicReg_original_NEW/vicreg_mu_27.0_epoch_25.pth,vicreg_mu_27.0_epoch_25.pth,23422376,1e50052836dcca57ef9a424f09074f9fefe9efd9a40a66a0b5f81c7979c64ffa,SAFE_LOAD_OK,dict,epoch;model_state_dict;projector_state_dict;vicreg_loss,model_state_dict,846,549,PARTIAL_STATE,27.0,25,SoilNetDualHead,True,True,True,10,2,2x128,10x128,True,False,True,False,MODEL_COMPATIBLE;HAS_REG_HEAD;HAS_CLS_HEAD;HAS_LIGHT_BRANCH;HAS_EPOCH,Parameter tensor count excludes running statistics/counters; classification uses normalized keys and source evidence.
sha256:3e4a2d753123b16bcc5e,CHECKPOINT_ROOT,checkpoints_VicReg_original_NEW/vicreg_mu_27.0_epoch_26.pth,vicreg_mu_27.0_epoch_26.pth,23422376,3e4a2d753123b16bcc5e8859996803e93f4ec205282f16451d5a25fda015e6be,SAFE_LOAD_OK,dict,epoch;model_state_dict;projector_state_dict;vicreg_loss,model_state_dict,846,549,PARTIAL_STATE,27.0,26,SoilNetDualHead,True,True,True,10,2,2x128,10x128,True,False,True,False,MODEL_COMPATIBLE;HAS_REG_HEAD;HAS_CLS_HEAD;HAS_LIGHT_BRANCH;HAS_EPOCH,Parameter tensor count excludes running statistics/counters; classification uses normalized keys and source evidence.
sha256:b850ff6c6a3616ccc83b,CHECKPOINT_ROOT,checkpoints_VicReg_original_NEW/vicreg_mu_27.0_epoch_27.pth,vicreg_mu_27.0_epoch_27.pth,23422376,b850ff6c6a3616ccc83b9634f98946b582579e31151590a4edec8bbc06cf50cc,SAFE_LOAD_OK,dict,epoch;model_state_dict;projector_state_dict;vicreg_loss,model_state_dict,846,549,PARTIAL_STATE,27.0,27,SoilNetDualHead,True,True,True,10,2,2x128,10x128,True,False,True,False,MODEL_COMPATIBLE;HAS_REG_HEAD;HAS_CLS_HEAD;HAS_LIGHT_BRANCH;HAS_EPOCH,Parameter tensor count excludes running statistics/counters; classification uses normalized keys and source evidence.
sha256:8b520e62dc569795bfe3,CHECKPOINT_ROOT,checkpoints_VicReg_original_NEW/vicreg_mu_27.0_epoch_28.pth,vicreg_mu_27.0_epoch_28.pth,23422376,8b520e62dc569795bfe3ba26e63eade0b892083223ad5f57bfa21533061f82da,SAFE_LOAD_OK,dict,epoch;model_state_dict;projector_state_dict;vicreg_loss,model_state_dict,846,549,PARTIAL_STATE,27.0,28,SoilNetDualHead,True,True,True,10,2,2x128,10x128,True,False,True,False,MODEL_COMPATIBLE;HAS_REG_HEAD;HAS_CLS_HEAD;HAS_LIGHT_BRANCH;HAS_EPOCH,Parameter tensor count excludes running statistics/counters; classification uses normalized keys and source evidence.
sha256:106bcc8577c6d2919b07,CHECKPOINT_ROOT,checkpoints_VicReg_original_NEW/vicreg_mu_27.0_epoch_29.pth,vicreg_mu_27.0_epoch_29.pth,23422376,106bcc8577c6d2919b0747c237b710f624bc2a02f26fc8363b68615487d69461,SAFE_LOAD_OK,dict,epoch;model_state_dict;projector_state_dict;vicreg_loss,model_state_dict,846,549,PARTIAL_STATE,27.0,29,SoilNetDualHead,True,True,True,10,2,2x128,10x128,True,False,True,False,MODEL_COMPATIBLE;HAS_REG_HEAD;HAS_CLS_HEAD;HAS_LIGHT_BRANCH;HAS_EPOCH,Parameter tensor count excludes running statistics/counters; classification uses normalized keys and source evidence.
sha256:16b69f646ab157d0b268,CHECKPOINT_ROOT,checkpoints_VicReg_original_NEW/vicreg_mu_27.0_epoch_3.pth,vicreg_mu_27.0_epoch_3.pth,23421783,16b69f646ab157d0b2681bd47438dd44d632a0fcd7105d97d001a8bf4b95c427,SAFE_LOAD_OK,dict,epoch;model_state_dict;projector_state_dict;vicreg_loss,model_state_dict,846,549,PARTIAL_STATE,27.0,3,SoilNetDualHead,True,True,True,10,2,2x128,10x128,True,False,True,False,MODEL_COMPATIBLE;HAS_REG_HEAD;HAS_CLS_HEAD;HAS_LIGHT_BRANCH;HAS_EPOCH,Parameter tensor count excludes running statistics/counters; classification uses normalized keys and source evidence.
sha256:d03250fcd59dd7c6ebf4,CHECKPOINT_ROOT,checkpoints_VicReg_original_NEW/vicreg_mu_27.0_epoch_30.pth,vicreg_mu_27.0_epoch_30.pth,23422376,d03250fcd59dd7c6ebf45fe5bfb5972a86094a71faf1728c5dec7d258fbd6bec,SAFE_LOAD_OK,dict,epoch;model_state_dict;projector_state_dict;vicreg_loss,model_state_dict,846,549,PARTIAL_STATE,27.0,30,SoilNetDualHead,True,True,True,10,2,2x128,10x128,True,False,True,False,MODEL_COMPATIBLE;HAS_REG_HEAD;HAS_CLS_HEAD;HAS_LIGHT_BRANCH;HAS_EPOCH,Parameter tensor count excludes running statistics/counters; classification uses normalized keys and source evidence.
sha256:0fddd2fc6b6864340648,CHECKPOINT_ROOT,checkpoints_VicReg_original_NEW/vicreg_mu_27.0_epoch_31.pth,vicreg_mu_27.0_epoch_31.pth,23422376,0fddd2fc6b686434064842219a7bb0ce1a939d14c23285a98af1b673719bb342,SAFE_LOAD_OK,dict,epoch;model_state_dict;projector_state_dict;vicreg_loss,model_state_dict,846,549,PARTIAL_STATE,27.0,31,SoilNetDualHead,True,True,True,10,2,2x128,10x128,True,False,True,False,MODEL_COMPATIBLE;HAS_REG_HEAD;HAS_CLS_HEAD;HAS_LIGHT_BRANCH;HAS_EPOCH,Parameter tensor count excludes running statistics/counters; classification uses normalized keys and source evidence.
sha256:28ee2786394aa3b4c809,CHECKPOINT_ROOT,checkpoints_VicReg_original_NEW/vicreg_mu_27.0_epoch_32.pth,vicreg_mu_27.0_epoch_32.pth,23422376,28ee2786394aa3b4c809599e68513fddbfa4f4695a08b26f646d1b1983a5e058,SAFE_LOAD_OK,dict,epoch;model_state_dict;projector_state_dict;vicreg_loss,model_state_dict,846,549,PARTIAL_STATE,27.0,32,SoilNetDualHead,True,True,True,10,2,2x128,10x128,True,False,True,False,MODEL_COMPATIBLE;HAS_REG_HEAD;HAS_CLS_HEAD;HAS_LIGHT_BRANCH;HAS_EPOCH,Parameter tensor count excludes running statistics/counters; classification uses normalized keys and source evidence.
sha256:88ae8080ef24580cc832,CHECKPOINT_ROOT,checkpoints_VicReg_original_NEW/vicreg_mu_27.0_epoch_33.pth,vicreg_mu_27.0_epoch_33.pth,23422376,88ae8080ef24580cc8320b5db201d787b4e9637be590de46aae2d5e69e6e2905,SAFE_LOAD_OK,dict,epoch;model_state_dict;projector_state_dict;vicreg_loss,model_state_dict,846,549,PARTIAL_STATE,27.0,33,SoilNetDualHead,True,True,True,10,2,2x128,10x128,True,False,True,False,MODEL_COMPATIBLE;HAS_REG_HEAD;HAS_CLS_HEAD;HAS_LIGHT_BRANCH;HAS_EPOCH,Parameter tensor count excludes running statistics/counters; classification uses normalized keys and source evidence.
sha256:942fc930ba613080c79f,CHECKPOINT_ROOT,checkpoints_VicReg_original_NEW/vicreg_mu_27.0_epoch_34.pth,vicreg_mu_27.0_epoch_34.pth,23422376,942fc930ba613080c79f056bd27dc27d93b47e28374741a8d6c71321e1a4dd2c,SAFE_LOAD_OK,dict,epoch;model_state_dict;projector_state_dict;vicreg_loss,model_state_dict,846,549,PARTIAL_STATE,27.0,34,SoilNetDualHead,True,True,True,10,2,2x128,10x128,True,False,True,False,MODEL_COMPATIBLE;HAS_REG_HEAD;HAS_CLS_HEAD;HAS_LIGHT_BRANCH;HAS_EPOCH,Parameter tensor count excludes running statistics/counters; classification uses normalized keys and source evidence.
sha256:88058d93aa54867876ee,CHECKPOINT_ROOT,checkpoints_VicReg_original_NEW/vicreg_mu_27.0_epoch_35.pth,vicreg_mu_27.0_epoch_35.pth,23422376,88058d93aa54867876ee8af03e66c0954557548244b9bff6566a41fdd085b14e,SAFE_LOAD_OK,dict,epoch;model_state_dict;projector_state_dict;vicreg_loss,model_state_dict,846,549,PARTIAL_STATE,27.0,35,SoilNetDualHead,True,True,True,10,2,2x128,10x128,True,False,True,False,MODEL_COMPATIBLE;HAS_REG_HEAD;HAS_CLS_HEAD;HAS_LIGHT_BRANCH;HAS_EPOCH,Parameter tensor count excludes running statistics/counters; classification uses normalized keys and source evidence.
sha256:e64da0a900600cdb7901,CHECKPOINT_ROOT,checkpoints_VicReg_original_NEW/vicreg_mu_27.0_epoch_36.pth,vicreg_mu_27.0_epoch_36.pth,23422376,e64da0a900600cdb7901bf0dbff1868c03e6ab2342de01437427aea2dcdce678,SAFE_LOAD_OK,dict,epoch;model_state_dict;projector_state_dict;vicreg_loss,model_state_dict,846,549,PARTIAL_STATE,27.0,36,SoilNetDualHead,True,True,True,10,2,2x128,10x128,True,False,True,False,MODEL_COMPATIBLE;HAS_REG_HEAD;HAS_CLS_HEAD;HAS_LIGHT_BRANCH;HAS_EPOCH,Parameter tensor count excludes running statistics/counters; classification uses normalized keys and source evidence.
sha256:64ef5aaec5f929293b4d,CHECKPOINT_ROOT,checkpoints_VicReg_original_NEW/vicreg_mu_27.0_epoch_37.pth,vicreg_mu_27.0_epoch_37.pth,23422376,64ef5aaec5f929293b4de1cbb071cf4e21a7935adfa1341b2df2755fa9abe9d7,SAFE_LOAD_OK,dict,epoch;model_state_dict;projector_state_dict;vicreg_loss,model_state_dict,846,549,PARTIAL_STATE,27.0,37,SoilNetDualHead,True,True,True,10,2,2x128,10x128,True,False,True,False,MODEL_COMPATIBLE;HAS_REG_HEAD;HAS_CLS_HEAD;HAS_LIGHT_BRANCH;HAS_EPOCH,Parameter tensor count excludes running statistics/counters; classification uses normalized keys and source evidence.
sha256:bb1dea09588becc3b31c,CHECKPOINT_ROOT,checkpoints_VicReg_original_NEW/vicreg_mu_27.0_epoch_38.pth,vicreg_mu_27.0_epoch_38.pth,23422376,bb1dea09588becc3b31c9cb08b034d932cc3d776affa2b3f02b3cb73cd6864e3,SAFE_LOAD_OK,dict,epoch;model_state_dict;projector_state_dict;vicreg_loss,model_state_dict,846,549,PARTIAL_STATE,27.0,38,SoilNetDualHead,True,True,True,10,2,2x128,10x128,True,False,True,False,MODEL_COMPATIBLE;HAS_REG_HEAD;HAS_CLS_HEAD;HAS_LIGHT_BRANCH;HAS_EPOCH,Parameter tensor count excludes running statistics/counters; classification uses normalized keys and source evidence.
sha256:cdd8586f1d0c51cda745,CHECKPOINT_ROOT,checkpoints_VicReg_original_NEW/vicreg_mu_27.0_epoch_39.pth,vicreg_mu_27.0_epoch_39.pth,23422376,cdd8586f1d0c51cda745748b1927b27c388f27c7663be4b013245baca303a07f,SAFE_LOAD_OK,dict,epoch;model_state_dict;projector_state_dict;vicreg_loss,model_state_dict,846,549,PARTIAL_STATE,27.0,39,SoilNetDualHead,True,True,True,10,2,2x128,10x128,True,False,True,False,MODEL_COMPATIBLE;HAS_REG_HEAD;HAS_CLS_HEAD;HAS_LIGHT_BRANCH;HAS_EPOCH,Parameter tensor count excludes running statistics/counters; classification uses normalized keys and source evidence.
sha256:2321054db4ee9e2fdaed,CHECKPOINT_ROOT,checkpoints_VicReg_original_NEW/vicreg_mu_27.0_epoch_4.pth,vicreg_mu_27.0_epoch_4.pth,23421783,2321054db4ee9e2fdaedafa8dd112361424db0525f60cae941f657d51805c1d5,SAFE_LOAD_OK,dict,epoch;model_state_dict;projector_state_dict;vicreg_loss,model_state_dict,846,549,PARTIAL_STATE,27.0,4,SoilNetDualHead,True,True,True,10,2,2x128,10x128,True,False,True,False,MODEL_COMPATIBLE;HAS_REG_HEAD;HAS_CLS_HEAD;HAS_LIGHT_BRANCH;HAS_EPOCH,Parameter tensor count excludes running statistics/counters; classification uses normalized keys and source evidence.
sha256:201618e9b78f35ccbf63,CHECKPOINT_ROOT,checkpoints_VicReg_original_NEW/vicreg_mu_27.0_epoch_40.pth,vicreg_mu_27.0_epoch_40.pth,23422376,201618e9b78f35ccbf631a6a7991802fab84109e8a2d84871fc2797f705ff3a6,SAFE_LOAD_OK,dict,epoch;model_state_dict;projector_state_dict;vicreg_loss,model_state_dict,846,549,PARTIAL_STATE,27.0,40,SoilNetDualHead,True,True,True,10,2,2x128,10x128,True,False,True,False,MODEL_COMPATIBLE;HAS_REG_HEAD;HAS_CLS_HEAD;HAS_LIGHT_BRANCH;HAS_EPOCH,Parameter tensor count excludes running statistics/counters; classification uses normalized keys and source evidence.
sha256:5fb9aeaefab4c41fd3a2,CHECKPOINT_ROOT,checkpoints_VicReg_original_NEW/vicreg_mu_27.0_epoch_41.pth,vicreg_mu_27.0_epoch_41.pth,23422376,5fb9aeaefab4c41fd3a2f5360a46624c1986babe0e0f994ad93cf831e59e1574,SAFE_LOAD_OK,dict,epoch;model_state_dict;projector_state_dict;vicreg_loss,model_state_dict,846,549,PARTIAL_STATE,27.0,41,SoilNetDualHead,True,True,True,10,2,2x128,10x128,True,False,True,False,MODEL_COMPATIBLE;HAS_REG_HEAD;HAS_CLS_HEAD;HAS_LIGHT_BRANCH;HAS_EPOCH,Parameter tensor count excludes running statistics/counters; classification uses normalized keys and source evidence.
sha256:667ef9f4864b0ee99060,CHECKPOINT_ROOT,checkpoints_VicReg_original_NEW/vicreg_mu_27.0_epoch_42.pth,vicreg_mu_27.0_epoch_42.pth,23422376,667ef9f4864b0ee99060c0db02a76cc6d3de59847d051f157b56d79773176cfe,SAFE_LOAD_OK,dict,epoch;model_state_dict;projector_state_dict;vicreg_loss,model_state_dict,846,549,PARTIAL_STATE,27.0,42,SoilNetDualHead,True,True,True,10,2,2x128,10x128,True,False,True,False,MODEL_COMPATIBLE;HAS_REG_HEAD;HAS_CLS_HEAD;HAS_LIGHT_BRANCH;HAS_EPOCH,Parameter tensor count excludes running statistics/counters; classification uses normalized keys and source evidence.
sha256:407de027ba4144538004,CHECKPOINT_ROOT,checkpoints_VicReg_original_NEW/vicreg_mu_27.0_epoch_43.pth,vicreg_mu_27.0_epoch_43.pth,23422376,407de027ba4144538004181357bd1af55d08b9870875fac55ad00cfffad9cd26,SAFE_LOAD_OK,dict,epoch;model_state_dict;projector_state_dict;vicreg_loss,model_state_dict,846,549,PARTIAL_STATE,27.0,43,SoilNetDualHead,True,True,True,10,2,2x128,10x128,True,False,True,False,MODEL_COMPATIBLE;HAS_REG_HEAD;HAS_CLS_HEAD;HAS_LIGHT_BRANCH;HAS_EPOCH,Parameter tensor count excludes running statistics/counters; classification uses normalized keys and source evidence.
sha256:6925564c57481bf24353,CHECKPOINT_ROOT,checkpoints_VicReg_original_NEW/vicreg_mu_27.0_epoch_44.pth,vicreg_mu_27.0_epoch_44.pth,23422376,6925564c57481bf243537532505604785d59fac3fedcaaf7348b7a4588110c47,SAFE_LOAD_OK,dict,epoch;model_state_dict;projector_state_dict;vicreg_loss,model_state_dict,846,549,PARTIAL_STATE,27.0,44,SoilNetDualHead,True,True,True,10,2,2x128,10x128,True,False,True,False,MODEL_COMPATIBLE;HAS_REG_HEAD;HAS_CLS_HEAD;HAS_LIGHT_BRANCH;HAS_EPOCH,Parameter tensor count excludes running statistics/counters; classification uses normalized keys and source evidence.
sha256:d22ef3dff9b71eebe6f8,CHECKPOINT_ROOT,checkpoints_VicReg_original_NEW/vicreg_mu_27.0_epoch_45.pth,vicreg_mu_27.0_epoch_45.pth,23422376,d22ef3dff9b71eebe6f8ef2961de104b6e095e1fa946967276ec84f959a3893a,SAFE_LOAD_OK,dict,epoch;model_state_dict;projector_state_dict;vicreg_loss,model_state_dict,846,549,PARTIAL_STATE,27.0,45,SoilNetDualHead,True,True,True,10,2,2x128,10x128,True,False,True,False,MODEL_COMPATIBLE;HAS_REG_HEAD;HAS_CLS_HEAD;HAS_LIGHT_BRANCH;HAS_EPOCH,Parameter tensor count excludes running statistics/counters; classification uses normalized keys and source evidence.
sha256:6918ee5fa9ee824f06af,CHECKPOINT_ROOT,checkpoints_VicReg_original_NEW/vicreg_mu_27.0_epoch_46.pth,vicreg_mu_27.0_epoch_46.pth,23422376,6918ee5fa9ee824f06af19cd254f853e5ad9f2f0bcc05a1af1b8383187b8a1e4,SAFE_LOAD_OK,dict,epoch;model_state_dict;projector_state_dict;vicreg_loss,model_state_dict,846,549,PARTIAL_STATE,27.0,46,SoilNetDualHead,True,True,True,10,2,2x128,10x128,True,False,True,False,MODEL_COMPATIBLE;HAS_REG_HEAD;HAS_CLS_HEAD;HAS_LIGHT_BRANCH;HAS_EPOCH,Parameter tensor count excludes running statistics/counters; classification uses normalized keys and source evidence.
sha256:1991210f14026fce2e97,CHECKPOINT_ROOT,checkpoints_VicReg_original_NEW/vicreg_mu_27.0_epoch_47.pth,vicreg_mu_27.0_epoch_47.pth,23422376,1991210f14026fce2e973d941b3c57bb80f2eb82bddf4e1d66af9a5945a7522a,SAFE_LOAD_OK,dict,epoch;model_state_dict;projector_state_dict;vicreg_loss,model_state_dict,846,549,PARTIAL_STATE,27.0,47,SoilNetDualHead,True,True,True,10,2,2x128,10x128,True,False,True,False,MODEL_COMPATIBLE;HAS_REG_HEAD;HAS_CLS_HEAD;HAS_LIGHT_BRANCH;HAS_EPOCH,Parameter tensor count excludes running statistics/counters; classification uses normalized keys and source evidence.
sha256:4e387487cc2c65897a6c,CHECKPOINT_ROOT,checkpoints_VicReg_original_NEW/vicreg_mu_27.0_epoch_48.pth,vicreg_mu_27.0_epoch_48.pth,23422376,4e387487cc2c65897a6cb9723bb756c8640bf9e4b994e3a2cd304c0ad4c6dc1b,SAFE_LOAD_OK,dict,epoch;model_state_dict;projector_state_dict;vicreg_loss,model_state_dict,846,549,PARTIAL_STATE,27.0,48,SoilNetDualHead,True,True,True,10,2,2x128,10x128,True,False,True,False,MODEL_COMPATIBLE;HAS_REG_HEAD;HAS_CLS_HEAD;HAS_LIGHT_BRANCH;HAS_EPOCH,Parameter tensor count excludes running statistics/counters; classification uses normalized keys and source evidence.
sha256:d9335a495712c7175c1d,CHECKPOINT_ROOT,checkpoints_VicReg_original_NEW/vicreg_mu_27.0_epoch_49.pth,vicreg_mu_27.0_epoch_49.pth,23422376,d9335a495712c7175c1dcbba3408489222beab0a04ac80eb0f06d8976bb75766,SAFE_LOAD_OK,dict,epoch;model_state_dict;projector_state_dict;vicreg_loss,model_state_dict,846,549,PARTIAL_STATE,27.0,49,SoilNetDualHead,True,True,True,10,2,2x128,10x128,True,False,True,False,MODEL_COMPATIBLE;HAS_REG_HEAD;HAS_CLS_HEAD;HAS_LIGHT_BRANCH;HAS_EPOCH,Parameter tensor count excludes running statistics/counters; classification uses normalized keys and source evidence.
sha256:3dd01fc14df6fa5c1990,CHECKPOINT_ROOT,checkpoints_VicReg_original_NEW/vicreg_mu_27.0_epoch_5.pth,vicreg_mu_27.0_epoch_5.pth,23421783,3dd01fc14df6fa5c199066897182ab44ce38137587b9b11cea905b7f8fcfeb2b,SAFE_LOAD_OK,dict,epoch;model_state_dict;projector_state_dict;vicreg_loss,model_state_dict,846,549,PARTIAL_STATE,27.0,5,SoilNetDualHead,True,True,True,10,2,2x128,10x128,True,False,True,False,MODEL_COMPATIBLE;HAS_REG_HEAD;HAS_CLS_HEAD;HAS_LIGHT_BRANCH;HAS_EPOCH,Parameter tensor count excludes running statistics/counters; classification uses normalized keys and source evidence.
sha256:b9279bffdc47d554d76b,CHECKPOINT_ROOT,checkpoints_VicReg_original_NEW/vicreg_mu_27.0_epoch_50.pth,vicreg_mu_27.0_epoch_50.pth,23422376,b9279bffdc47d554d76bf51a290e85347975d0065738203c2fb24a29829fe62c,SAFE_LOAD_OK,dict,epoch;model_state_dict;projector_state_dict;vicreg_loss,model_state_dict,846,549,PARTIAL_STATE,27.0,50,SoilNetDualHead,True,True,True,10,2,2x128,10x128,True,False,True,False,MODEL_COMPATIBLE;HAS_REG_HEAD;HAS_CLS_HEAD;HAS_LIGHT_BRANCH;HAS_EPOCH,Parameter tensor count excludes running statistics/counters; classification uses normalized keys and source evidence.
sha256:630798caf4345b256b3b,CHECKPOINT_ROOT,checkpoints_VicReg_original_NEW/vicreg_mu_27.0_epoch_51.pth,vicreg_mu_27.0_epoch_51.pth,23422376,630798caf4345b256b3b8518751d18a82f09bfea0417fe4820d280c1b2b3cbb7,SAFE_LOAD_OK,dict,epoch;model_state_dict;projector_state_dict;vicreg_loss,model_state_dict,846,549,PARTIAL_STATE,27.0,51,SoilNetDualHead,True,True,True,10,2,2x128,10x128,True,False,True,False,MODEL_COMPATIBLE;HAS_REG_HEAD;HAS_CLS_HEAD;HAS_LIGHT_BRANCH;HAS_EPOCH,Parameter tensor count excludes running statistics/counters; classification uses normalized keys and source evidence.
sha256:ea86afc1ba0bbff16f4e,CHECKPOINT_ROOT,checkpoints_VicReg_original_NEW/vicreg_mu_27.0_epoch_52.pth,vicreg_mu_27.0_epoch_52.pth,23422376,ea86afc1ba0bbff16f4ed996a28e78eedc20951338621da66317d54981ef9215,SAFE_LOAD_OK,dict,epoch;model_state_dict;projector_state_dict;vicreg_loss,model_state_dict,846,549,PARTIAL_STATE,27.0,52,SoilNetDualHead,True,True,True,10,2,2x128,10x128,True,False,True,False,MODEL_COMPATIBLE;HAS_REG_HEAD;HAS_CLS_HEAD;HAS_LIGHT_BRANCH;HAS_EPOCH,Parameter tensor count excludes running statistics/counters; classification uses normalized keys and source evidence.
sha256:8a1732120a6899822c4f,CHECKPOINT_ROOT,checkpoints_VicReg_original_NEW/vicreg_mu_27.0_epoch_53.pth,vicreg_mu_27.0_epoch_53.pth,23422376,8a1732120a6899822c4f48bd270252a0dcc468b9b2c05b837d7dba899a7a67c7,SAFE_LOAD_OK,dict,epoch;model_state_dict;projector_state_dict;vicreg_loss,model_state_dict,846,549,PARTIAL_STATE,27.0,53,SoilNetDualHead,True,True,True,10,2,2x128,10x128,True,False,True,False,MODEL_COMPATIBLE;HAS_REG_HEAD;HAS_CLS_HEAD;HAS_LIGHT_BRANCH;HAS_EPOCH,Parameter tensor count excludes running statistics/counters; classification uses normalized keys and source evidence.
sha256:fc67bac5c32f6fd3f66b,CHECKPOINT_ROOT,checkpoints_VicReg_original_NEW/vicreg_mu_27.0_epoch_54.pth,vicreg_mu_27.0_epoch_54.pth,23422376,fc67bac5c32f6fd3f66b33bb8619c5437ea53669cde9564971f33ab2b6207b6e,SAFE_LOAD_OK,dict,epoch;model_state_dict;projector_state_dict;vicreg_loss,model_state_dict,846,549,PARTIAL_STATE,27.0,54,SoilNetDualHead,True,True,True,10,2,2x128,10x128,True,False,True,False,MODEL_COMPATIBLE;HAS_REG_HEAD;HAS_CLS_HEAD;HAS_LIGHT_BRANCH;HAS_EPOCH,Parameter tensor count excludes running statistics/counters; classification uses normalized keys and source evidence.
sha256:a5bb3a3c70cf8b40fbed,CHECKPOINT_ROOT,checkpoints_VicReg_original_NEW/vicreg_mu_27.0_epoch_55.pth,vicreg_mu_27.0_epoch_55.pth,23422376,a5bb3a3c70cf8b40fbedb9e21417787f5ecd6efcb87be2cdc9bf9712b61e5c3f,SAFE_LOAD_OK,dict,epoch;model_state_dict;projector_state_dict;vicreg_loss,model_state_dict,846,549,PARTIAL_STATE,27.0,55,SoilNetDualHead,True,True,True,10,2,2x128,10x128,True,False,True,False,MODEL_COMPATIBLE;HAS_REG_HEAD;HAS_CLS_HEAD;HAS_LIGHT_BRANCH;HAS_EPOCH,Parameter tensor count excludes running statistics/counters; classification uses normalized keys and source evidence.
sha256:8646209a4c859e0cd365,CHECKPOINT_ROOT,checkpoints_VicReg_original_NEW/vicreg_mu_27.0_epoch_56.pth,vicreg_mu_27.0_epoch_56.pth,23422376,8646209a4c859e0cd365fe2c52808cff40915f4b26f70ec80daf4d70c470bcee,SAFE_LOAD_OK,dict,epoch;model_state_dict;projector_state_dict;vicreg_loss,model_state_dict,846,549,PARTIAL_STATE,27.0,56,SoilNetDualHead,True,True,True,10,2,2x128,10x128,True,False,True,False,MODEL_COMPATIBLE;HAS_REG_HEAD;HAS_CLS_HEAD;HAS_LIGHT_BRANCH;HAS_EPOCH,Parameter tensor count excludes running statistics/counters; classification uses normalized keys and source evidence.
sha256:f41c2bba374fc212ab62,CHECKPOINT_ROOT,checkpoints_VicReg_original_NEW/vicreg_mu_27.0_epoch_57.pth,vicreg_mu_27.0_epoch_57.pth,23422376,f41c2bba374fc212ab624aa7a4fac14f960dca740846aa17e17f8f8493b05067,SAFE_LOAD_OK,dict,epoch;model_state_dict;projector_state_dict;vicreg_loss,model_state_dict,846,549,PARTIAL_STATE,27.0,57,SoilNetDualHead,True,True,True,10,2,2x128,10x128,True,False,True,False,MODEL_COMPATIBLE;HAS_REG_HEAD;HAS_CLS_HEAD;HAS_LIGHT_BRANCH;HAS_EPOCH,Parameter tensor count excludes running statistics/counters; classification uses normalized keys and source evidence.
sha256:ad4709c7eeb2a2876f76,CHECKPOINT_ROOT,checkpoints_VicReg_original_NEW/vicreg_mu_27.0_epoch_58.pth,vicreg_mu_27.0_epoch_58.pth,23422376,ad4709c7eeb2a2876f76d32f5cac63da8acc26f29c1bf1102bc5dc81a7147c65,SAFE_LOAD_OK,dict,epoch;model_state_dict;projector_state_dict;vicreg_loss,model_state_dict,846,549,PARTIAL_STATE,27.0,58,SoilNetDualHead,True,True,True,10,2,2x128,10x128,True,False,True,False,MODEL_COMPATIBLE;HAS_REG_HEAD;HAS_CLS_HEAD;HAS_LIGHT_BRANCH;HAS_EPOCH,Parameter tensor count excludes running statistics/counters; classification uses normalized keys and source evidence.
sha256:54fad8db148d8880470a,CHECKPOINT_ROOT,checkpoints_VicReg_original_NEW/vicreg_mu_27.0_epoch_59.pth,vicreg_mu_27.0_epoch_59.pth,23422376,54fad8db148d8880470a56a8444115f0caeec1e54c630abdf430dab5619333a2,SAFE_LOAD_OK,dict,epoch;model_state_dict;projector_state_dict;vicreg_loss,model_state_dict,846,549,PARTIAL_STATE,27.0,59,SoilNetDualHead,True,True,True,10,2,2x128,10x128,True,False,True,False,MODEL_COMPATIBLE;HAS_REG_HEAD;HAS_CLS_HEAD;HAS_LIGHT_BRANCH;HAS_EPOCH,Parameter tensor count excludes running statistics/counters; classification uses normalized keys and source evidence.
sha256:99e23bdceaa6f9050e93,CHECKPOINT_ROOT,checkpoints_VicReg_original_NEW/vicreg_mu_27.0_epoch_6.pth,vicreg_mu_27.0_epoch_6.pth,23421783,99e23bdceaa6f9050e932fcefcb96d0d15dc63e235a450b6e2a7d15915050c9b,SAFE_LOAD_OK,dict,epoch;model_state_dict;projector_state_dict;vicreg_loss,model_state_dict,846,549,PARTIAL_STATE,27.0,6,SoilNetDualHead,True,True,True,10,2,2x128,10x128,True,False,True,False,MODEL_COMPATIBLE;HAS_REG_HEAD;HAS_CLS_HEAD;HAS_LIGHT_BRANCH;HAS_EPOCH,Parameter tensor count excludes running statistics/counters; classification uses normalized keys and source evidence.
sha256:186813781ddc9bfcff1b,CHECKPOINT_ROOT,checkpoints_VicReg_original_NEW/vicreg_mu_27.0_epoch_60.pth,vicreg_mu_27.0_epoch_60.pth,23422376,186813781ddc9bfcff1b2b4693a58469252ea9bc01ceceeffa5531fa63147c80,SAFE_LOAD_OK,dict,epoch;model_state_dict;projector_state_dict;vicreg_loss,model_state_dict,846,549,PARTIAL_STATE,27.0,60,SoilNetDualHead,True,True,True,10,2,2x128,10x128,True,False,True,False,MODEL_COMPATIBLE;HAS_REG_HEAD;HAS_CLS_HEAD;HAS_LIGHT_BRANCH;HAS_EPOCH,Parameter tensor count excludes running statistics/counters; classification uses normalized keys and source evidence.
sha256:88ab4b6f0f10348252c3,CHECKPOINT_ROOT,checkpoints_VicReg_original_NEW/vicreg_mu_27.0_epoch_61.pth,vicreg_mu_27.0_epoch_61.pth,23422376,88ab4b6f0f10348252c3fad80f150ebc1be72f961fbdefa0629ff887108ad7d1,SAFE_LOAD_OK,dict,epoch;model_state_dict;projector_state_dict;vicreg_loss,model_state_dict,846,549,PARTIAL_STATE,27.0,61,SoilNetDualHead,True,True,True,10,2,2x128,10x128,True,False,True,False,MODEL_COMPATIBLE;HAS_REG_HEAD;HAS_CLS_HEAD;HAS_LIGHT_BRANCH;HAS_EPOCH,Parameter tensor count excludes running statistics/counters; classification uses normalized keys and source evidence.
sha256:d74ba5d3ce1d98e2d36e,CHECKPOINT_ROOT,checkpoints_VicReg_original_NEW/vicreg_mu_27.0_epoch_62.pth,vicreg_mu_27.0_epoch_62.pth,23422376,d74ba5d3ce1d98e2d36ea4c74a6b9e49b8e3c6b8439146b5775d130c269e66c9,SAFE_LOAD_OK,dict,epoch;model_state_dict;projector_state_dict;vicreg_loss,model_state_dict,846,549,PARTIAL_STATE,27.0,62,SoilNetDualHead,True,True,True,10,2,2x128,10x128,True,False,True,False,MODEL_COMPATIBLE;HAS_REG_HEAD;HAS_CLS_HEAD;HAS_LIGHT_BRANCH;HAS_EPOCH,Parameter tensor count excludes running statistics/counters; classification uses normalized keys and source evidence.
sha256:e4cd34355b6b23312ede,CHECKPOINT_ROOT,checkpoints_VicReg_original_NEW/vicreg_mu_27.0_epoch_63.pth,vicreg_mu_27.0_epoch_63.pth,23422376,e4cd34355b6b23312ede83ea321a8042dbf330f7d1b6984300b1057adaf5ae6c,SAFE_LOAD_OK,dict,epoch;model_state_dict;projector_state_dict;vicreg_loss,model_state_dict,846,549,PARTIAL_STATE,27.0,63,SoilNetDualHead,True,True,True,10,2,2x128,10x128,True,False,True,False,MODEL_COMPATIBLE;HAS_REG_HEAD;HAS_CLS_HEAD;HAS_LIGHT_BRANCH;HAS_EPOCH,Parameter tensor count excludes running statistics/counters; classification uses normalized keys and source evidence.
sha256:852aa08f230ac43ce327,CHECKPOINT_ROOT,checkpoints_VicReg_original_NEW/vicreg_mu_27.0_epoch_64.pth,vicreg_mu_27.0_epoch_64.pth,23422376,852aa08f230ac43ce32750993ecfea73adec86ea9b5ba26a39e34da832435f34,SAFE_LOAD_OK,dict,epoch;model_state_dict;projector_state_dict;vicreg_loss,model_state_dict,846,549,PARTIAL_STATE,27.0,64,SoilNetDualHead,True,True,True,10,2,2x128,10x128,True,False,True,False,MODEL_COMPATIBLE;HAS_REG_HEAD;HAS_CLS_HEAD;HAS_LIGHT_BRANCH;HAS_EPOCH,Parameter tensor count excludes running statistics/counters; classification uses normalized keys and source evidence.
sha256:4ad0e2eef15359c4d61b,CHECKPOINT_ROOT,checkpoints_VicReg_original_NEW/vicreg_mu_27.0_epoch_65.pth,vicreg_mu_27.0_epoch_65.pth,23422376,4ad0e2eef15359c4d61b0b201d44f3a441fafe13338734813e2857c3cb23e61d,SAFE_LOAD_OK,dict,epoch;model_state_dict;projector_state_dict;vicreg_loss,model_state_dict,846,549,PARTIAL_STATE,27.0,65,SoilNetDualHead,True,True,True,10,2,2x128,10x128,True,False,True,False,MODEL_COMPATIBLE;HAS_REG_HEAD;HAS_CLS_HEAD;HAS_LIGHT_BRANCH;HAS_EPOCH,Parameter tensor count excludes running statistics/counters; classification uses normalized keys and source evidence.
sha256:d3c4e79006527535a716,CHECKPOINT_ROOT,checkpoints_VicReg_original_NEW/vicreg_mu_27.0_epoch_66.pth,vicreg_mu_27.0_epoch_66.pth,23422376,d3c4e79006527535a716b6b9fb34c44b912d6665183942ebb9f9aff85d6b89dc,SAFE_LOAD_OK,dict,epoch;model_state_dict;projector_state_dict;vicreg_loss,model_state_dict,846,549,PARTIAL_STATE,27.0,66,SoilNetDualHead,True,True,True,10,2,2x128,10x128,True,False,True,False,MODEL_COMPATIBLE;HAS_REG_HEAD;HAS_CLS_HEAD;HAS_LIGHT_BRANCH;HAS_EPOCH,Parameter tensor count excludes running statistics/counters; classification uses normalized keys and source evidence.
sha256:7ae2ef81df946269d6cc,CHECKPOINT_ROOT,checkpoints_VicReg_original_NEW/vicreg_mu_27.0_epoch_67.pth,vicreg_mu_27.0_epoch_67.pth,23422376,7ae2ef81df946269d6cc5aa52e2bbda3f57040f159125dd5bdd29a5cacafd7b6,SAFE_LOAD_OK,dict,epoch;model_state_dict;projector_state_dict;vicreg_loss,model_state_dict,846,549,PARTIAL_STATE,27.0,67,SoilNetDualHead,True,True,True,10,2,2x128,10x128,True,False,True,False,MODEL_COMPATIBLE;HAS_REG_HEAD;HAS_CLS_HEAD;HAS_LIGHT_BRANCH;HAS_EPOCH,Parameter tensor count excludes running statistics/counters; classification uses normalized keys and source evidence.
sha256:7dfa98c1758b3537e813,CHECKPOINT_ROOT,checkpoints_VicReg_original_NEW/vicreg_mu_27.0_epoch_68.pth,vicreg_mu_27.0_epoch_68.pth,23422376,7dfa98c1758b3537e81397f4a25a29e24b1e551eb3dee65fe535b745388dbdeb,SAFE_LOAD_OK,dict,epoch;model_state_dict;projector_state_dict;vicreg_loss,model_state_dict,846,549,PARTIAL_STATE,27.0,68,SoilNetDualHead,True,True,True,10,2,2x128,10x128,True,False,True,False,MODEL_COMPATIBLE;HAS_REG_HEAD;HAS_CLS_HEAD;HAS_LIGHT_BRANCH;HAS_EPOCH,Parameter tensor count excludes running statistics/counters; classification uses normalized keys and source evidence.
sha256:24d648767615de22ca72,CHECKPOINT_ROOT,checkpoints_VicReg_original_NEW/vicreg_mu_27.0_epoch_69.pth,vicreg_mu_27.0_epoch_69.pth,23422376,24d648767615de22ca72e33f26e437b77c268d90c894598c8647195b2d16f318,SAFE_LOAD_OK,dict,epoch;model_state_dict;projector_state_dict;vicreg_loss,model_state_dict,846,549,PARTIAL_STATE,27.0,69,SoilNetDualHead,True,True,True,10,2,2x128,10x128,True,False,True,False,MODEL_COMPATIBLE;HAS_REG_HEAD;HAS_CLS_HEAD;HAS_LIGHT_BRANCH;HAS_EPOCH,Parameter tensor count excludes running statistics/counters; classification uses normalized keys and source evidence.
sha256:f392fe9ab87ac3f3beca,CHECKPOINT_ROOT,checkpoints_VicReg_original_NEW/vicreg_mu_27.0_epoch_7.pth,vicreg_mu_27.0_epoch_7.pth,23421783,f392fe9ab87ac3f3becae4e9bde41442c320187e5fb9115d82f080170a206623,SAFE_LOAD_OK,dict,epoch;model_state_dict;projector_state_dict;vicreg_loss,model_state_dict,846,549,PARTIAL_STATE,27.0,7,SoilNetDualHead,True,True,True,10,2,2x128,10x128,True,False,True,False,MODEL_COMPATIBLE;HAS_REG_HEAD;HAS_CLS_HEAD;HAS_LIGHT_BRANCH;HAS_EPOCH,Parameter tensor count excludes running statistics/counters; classification uses normalized keys and source evidence.
sha256:db108b2d5442f5f98d5f,CHECKPOINT_ROOT,checkpoints_VicReg_original_NEW/vicreg_mu_27.0_epoch_70.pth,vicreg_mu_27.0_epoch_70.pth,23422376,db108b2d5442f5f98d5f791e458ddd88fb617d433b40594ffd47bdada75e54b3,SAFE_LOAD_OK,dict,epoch;model_state_dict;projector_state_dict;vicreg_loss,model_state_dict,846,549,PARTIAL_STATE,27.0,70,SoilNetDualHead,True,True,True,10,2,2x128,10x128,True,False,True,False,MODEL_COMPATIBLE;HAS_REG_HEAD;HAS_CLS_HEAD;HAS_LIGHT_BRANCH;HAS_EPOCH,Parameter tensor count excludes running statistics/counters; classification uses normalized keys and source evidence.
sha256:719ad332c2d312576e22,CHECKPOINT_ROOT,checkpoints_VicReg_original_NEW/vicreg_mu_27.0_epoch_71.pth,vicreg_mu_27.0_epoch_71.pth,23422376,719ad332c2d312576e22e5afcd5b5013174567e0b176ac159ed24bdc369ffed9,SAFE_LOAD_OK,dict,epoch;model_state_dict;projector_state_dict;vicreg_loss,model_state_dict,846,549,PARTIAL_STATE,27.0,71,SoilNetDualHead,True,True,True,10,2,2x128,10x128,True,False,True,False,MODEL_COMPATIBLE;HAS_REG_HEAD;HAS_CLS_HEAD;HAS_LIGHT_BRANCH;HAS_EPOCH,Parameter tensor count excludes running statistics/counters; classification uses normalized keys and source evidence.
sha256:0ac74f08519f7fc1a08f,CHECKPOINT_ROOT,checkpoints_VicReg_original_NEW/vicreg_mu_27.0_epoch_72.pth,vicreg_mu_27.0_epoch_72.pth,23422376,0ac74f08519f7fc1a08fcd24a59859210fc08dc08e26ecb8a4ab3a671061ee88,SAFE_LOAD_OK,dict,epoch;model_state_dict;projector_state_dict;vicreg_loss,model_state_dict,846,549,PARTIAL_STATE,27.0,72,SoilNetDualHead,True,True,True,10,2,2x128,10x128,True,False,True,False,MODEL_COMPATIBLE;HAS_REG_HEAD;HAS_CLS_HEAD;HAS_LIGHT_BRANCH;HAS_EPOCH,Parameter tensor count excludes running statistics/counters; classification uses normalized keys and source evidence.
sha256:33376c923495eccef697,CHECKPOINT_ROOT,checkpoints_VicReg_original_NEW/vicreg_mu_27.0_epoch_73.pth,vicreg_mu_27.0_epoch_73.pth,23422376,33376c923495eccef6976004d9a6c65f3daa2359c682882e63da06dffeba23be,SAFE_LOAD_OK,dict,epoch;model_state_dict;projector_state_dict;vicreg_loss,model_state_dict,846,549,PARTIAL_STATE,27.0,73,SoilNetDualHead,True,True,True,10,2,2x128,10x128,True,False,True,False,MODEL_COMPATIBLE;HAS_REG_HEAD;HAS_CLS_HEAD;HAS_LIGHT_BRANCH;HAS_EPOCH,Parameter tensor count excludes running statistics/counters; classification uses normalized keys and source evidence.
sha256:82ad8e42cd71fcbad2c5,CHECKPOINT_ROOT,checkpoints_VicReg_original_NEW/vicreg_mu_27.0_epoch_74.pth,vicreg_mu_27.0_epoch_74.pth,23422376,82ad8e42cd71fcbad2c58c3d5a96332ee84ed40613235c178c1c59d964916cea,SAFE_LOAD_OK,dict,epoch;model_state_dict;projector_state_dict;vicreg_loss,model_state_dict,846,549,PARTIAL_STATE,27.0,74,SoilNetDualHead,True,True,True,10,2,2x128,10x128,True,False,True,False,MODEL_COMPATIBLE;HAS_REG_HEAD;HAS_CLS_HEAD;HAS_LIGHT_BRANCH;HAS_EPOCH,Parameter tensor count excludes running statistics/counters; classification uses normalized keys and source evidence.
sha256:a23052cf05620eeb044c,CHECKPOINT_ROOT,checkpoints_VicReg_original_NEW/vicreg_mu_27.0_epoch_75.pth,vicreg_mu_27.0_epoch_75.pth,23422376,a23052cf05620eeb044c1b4934d3bf37750a06d8e3373c84f0b34a7dcef96f31,SAFE_LOAD_OK,dict,epoch;model_state_dict;projector_state_dict;vicreg_loss,model_state_dict,846,549,PARTIAL_STATE,27.0,75,SoilNetDualHead,True,True,True,10,2,2x128,10x128,True,False,True,False,MODEL_COMPATIBLE;HAS_REG_HEAD;HAS_CLS_HEAD;HAS_LIGHT_BRANCH;HAS_EPOCH,Parameter tensor count excludes running statistics/counters; classification uses normalized keys and source evidence.
sha256:c02c0c712b2b665963e4,CHECKPOINT_ROOT,checkpoints_VicReg_original_NEW/vicreg_mu_27.0_epoch_76.pth,vicreg_mu_27.0_epoch_76.pth,23422376,c02c0c712b2b665963e4d3ec0fde16aae41f52d24ddf5b5da29516d6956c7c11,SAFE_LOAD_OK,dict,epoch;model_state_dict;projector_state_dict;vicreg_loss,model_state_dict,846,549,PARTIAL_STATE,27.0,76,SoilNetDualHead,True,True,True,10,2,2x128,10x128,True,False,True,False,MODEL_COMPATIBLE;HAS_REG_HEAD;HAS_CLS_HEAD;HAS_LIGHT_BRANCH;HAS_EPOCH,Parameter tensor count excludes running statistics/counters; classification uses normalized keys and source evidence.
sha256:2e33921e51e4f455312a,CHECKPOINT_ROOT,checkpoints_VicReg_original_NEW/vicreg_mu_27.0_epoch_77.pth,vicreg_mu_27.0_epoch_77.pth,23422376,2e33921e51e4f455312a09d89288f6c65c0a3d244e7647f6e092870727fbb150,SAFE_LOAD_OK,dict,epoch;model_state_dict;projector_state_dict;vicreg_loss,model_state_dict,846,549,PARTIAL_STATE,27.0,77,SoilNetDualHead,True,True,True,10,2,2x128,10x128,True,False,True,False,MODEL_COMPATIBLE;HAS_REG_HEAD;HAS_CLS_HEAD;HAS_LIGHT_BRANCH;HAS_EPOCH,Parameter tensor count excludes running statistics/counters; classification uses normalized keys and source evidence.
sha256:c5c3512b367cabee93ee,CHECKPOINT_ROOT,checkpoints_VicReg_original_NEW/vicreg_mu_27.0_epoch_78.pth,vicreg_mu_27.0_epoch_78.pth,23422376,c5c3512b367cabee93ee4a9ab719cbccdd920c90819a7a35d970ed69efaa788e,SAFE_LOAD_OK,dict,epoch;model_state_dict;projector_state_dict;vicreg_loss,model_state_dict,846,549,PARTIAL_STATE,27.0,78,SoilNetDualHead,True,True,True,10,2,2x128,10x128,True,False,True,False,MODEL_COMPATIBLE;HAS_REG_HEAD;HAS_CLS_HEAD;HAS_LIGHT_BRANCH;HAS_EPOCH,Parameter tensor count excludes running statistics/counters; classification uses normalized keys and source evidence.
sha256:3b7f45c9be29f48ed0cc,CHECKPOINT_ROOT,checkpoints_VicReg_original_NEW/vicreg_mu_27.0_epoch_79.pth,vicreg_mu_27.0_epoch_79.pth,23422376,3b7f45c9be29f48ed0cce285e98ee5772dfb84942b7c0cd9436a6da917fe192c,SAFE_LOAD_OK,dict,epoch;model_state_dict;projector_state_dict;vicreg_loss,model_state_dict,846,549,PARTIAL_STATE,27.0,79,SoilNetDualHead,True,True,True,10,2,2x128,10x128,True,False,True,False,MODEL_COMPATIBLE;HAS_REG_HEAD;HAS_CLS_HEAD;HAS_LIGHT_BRANCH;HAS_EPOCH,Parameter tensor count excludes running statistics/counters; classification uses normalized keys and source evidence.
sha256:cbc28f56318b21843174,CHECKPOINT_ROOT,checkpoints_VicReg_original_NEW/vicreg_mu_27.0_epoch_8.pth,vicreg_mu_27.0_epoch_8.pth,23421783,cbc28f56318b218431740fe230211ac91fa651c977b4c575980ced799d944edc,SAFE_LOAD_OK,dict,epoch;model_state_dict;projector_state_dict;vicreg_loss,model_state_dict,846,549,PARTIAL_STATE,27.0,8,SoilNetDualHead,True,True,True,10,2,2x128,10x128,True,False,True,False,MODEL_COMPATIBLE;HAS_REG_HEAD;HAS_CLS_HEAD;HAS_LIGHT_BRANCH;HAS_EPOCH,Parameter tensor count excludes running statistics/counters; classification uses normalized keys and source evidence.
sha256:c0caf6a8468356923775,CHECKPOINT_ROOT,checkpoints_VicReg_original_NEW/vicreg_mu_27.0_epoch_80.pth,vicreg_mu_27.0_epoch_80.pth,23422376,c0caf6a846835692377590bebfdcfd04edcfaebda3f8380d00903f7990b495de,SAFE_LOAD_OK,dict,epoch;model_state_dict;projector_state_dict;vicreg_loss,model_state_dict,846,549,PARTIAL_STATE,27.0,80,SoilNetDualHead,True,True,True,10,2,2x128,10x128,True,False,True,False,MODEL_COMPATIBLE;HAS_REG_HEAD;HAS_CLS_HEAD;HAS_LIGHT_BRANCH;HAS_EPOCH,Parameter tensor count excludes running statistics/counters; classification uses normalized keys and source evidence.
sha256:a79ce7704882b0988e00,CHECKPOINT_ROOT,checkpoints_VicReg_original_NEW/vicreg_mu_27.0_epoch_9.pth,vicreg_mu_27.0_epoch_9.pth,23421783,a79ce7704882b0988e00ecb1f2b6b5f707518d4e408b929411653bc64c8a7648,SAFE_LOAD_OK,dict,epoch;model_state_dict;projector_state_dict;vicreg_loss,model_state_dict,846,549,PARTIAL_STATE,27.0,9,SoilNetDualHead,True,True,True,10,2,2x128,10x128,True,False,True,False,MODEL_COMPATIBLE;HAS_REG_HEAD;HAS_CLS_HEAD;HAS_LIGHT_BRANCH;HAS_EPOCH,Parameter tensor count excludes running statistics/counters; classification uses normalized keys and source evidence.
sha256:f8d3a19cb40b4291f4a1,CHECKPOINT_ROOT,checkpoints_VicReg_original_NEW/vicreg_mu_30.0_epoch_1.pth,vicreg_mu_30.0_epoch_1.pth,23421783,f8d3a19cb40b4291f4a16bdae8c0efdb5d5dc7003158e925e62933bb58f2f248,SAFE_LOAD_OK,dict,epoch;model_state_dict;projector_state_dict;vicreg_loss,model_state_dict,846,549,PARTIAL_STATE,30.0,1,SoilNetDualHead,True,True,True,10,2,2x128,10x128,True,False,True,False,MODEL_COMPATIBLE;HAS_REG_HEAD;HAS_CLS_HEAD;HAS_LIGHT_BRANCH;HAS_EPOCH,Parameter tensor count excludes running statistics/counters; classification uses normalized keys and source evidence.
sha256:1369b8243691b763ff63,CHECKPOINT_ROOT,checkpoints_VicReg_original_NEW/vicreg_mu_30.0_epoch_10.pth,vicreg_mu_30.0_epoch_10.pth,23422376,1369b8243691b763ff63363a6cc672d624e1fa3b564821c4bb5a879c3aab0762,SAFE_LOAD_OK,dict,epoch;model_state_dict;projector_state_dict;vicreg_loss,model_state_dict,846,549,PARTIAL_STATE,30.0,10,SoilNetDualHead,True,True,True,10,2,2x128,10x128,True,False,True,False,MODEL_COMPATIBLE;HAS_REG_HEAD;HAS_CLS_HEAD;HAS_LIGHT_BRANCH;HAS_EPOCH,Parameter tensor count excludes running statistics/counters; classification uses normalized keys and source evidence.
sha256:ed40d99d04fadbab9e1e,CHECKPOINT_ROOT,checkpoints_VicReg_original_NEW/vicreg_mu_30.0_epoch_11.pth,vicreg_mu_30.0_epoch_11.pth,23422376,ed40d99d04fadbab9e1ec9f44a9dee3ea2e885ef0d1d74741fa863bb6172549b,SAFE_LOAD_OK,dict,epoch;model_state_dict;projector_state_dict;vicreg_loss,model_state_dict,846,549,PARTIAL_STATE,30.0,11,SoilNetDualHead,True,True,True,10,2,2x128,10x128,True,False,True,False,MODEL_COMPATIBLE;HAS_REG_HEAD;HAS_CLS_HEAD;HAS_LIGHT_BRANCH;HAS_EPOCH,Parameter tensor count excludes running statistics/counters; classification uses normalized keys and source evidence.
sha256:4f7a9a3eb5aa3dbbca3e,CHECKPOINT_ROOT,checkpoints_VicReg_original_NEW/vicreg_mu_30.0_epoch_12.pth,vicreg_mu_30.0_epoch_12.pth,23422376,4f7a9a3eb5aa3dbbca3e984539698a3a41b82e7c10124708802379351001d67a,SAFE_LOAD_OK,dict,epoch;model_state_dict;projector_state_dict;vicreg_loss,model_state_dict,846,549,PARTIAL_STATE,30.0,12,SoilNetDualHead,True,True,True,10,2,2x128,10x128,True,False,True,False,MODEL_COMPATIBLE;HAS_REG_HEAD;HAS_CLS_HEAD;HAS_LIGHT_BRANCH;HAS_EPOCH,Parameter tensor count excludes running statistics/counters; classification uses normalized keys and source evidence.
sha256:09885e91fa14a5994c13,CHECKPOINT_ROOT,checkpoints_VicReg_original_NEW/vicreg_mu_30.0_epoch_13.pth,vicreg_mu_30.0_epoch_13.pth,23422376,09885e91fa14a5994c13ecb2fd34f3a69ee50262e02b516b1d6b1547262dc947,SAFE_LOAD_OK,dict,epoch;model_state_dict;projector_state_dict;vicreg_loss,model_state_dict,846,549,PARTIAL_STATE,30.0,13,SoilNetDualHead,True,True,True,10,2,2x128,10x128,True,False,True,False,MODEL_COMPATIBLE;HAS_REG_HEAD;HAS_CLS_HEAD;HAS_LIGHT_BRANCH;HAS_EPOCH,Parameter tensor count excludes running statistics/counters; classification uses normalized keys and source evidence.
sha256:63466c93b8183f3598aa,CHECKPOINT_ROOT,checkpoints_VicReg_original_NEW/vicreg_mu_30.0_epoch_14.pth,vicreg_mu_30.0_epoch_14.pth,23422376,63466c93b8183f3598aa9e0272a97d79b25e16a067068b299c313ed7491ac90c,SAFE_LOAD_OK,dict,epoch;model_state_dict;projector_state_dict;vicreg_loss,model_state_dict,846,549,PARTIAL_STATE,30.0,14,SoilNetDualHead,True,True,True,10,2,2x128,10x128,True,False,True,False,MODEL_COMPATIBLE;HAS_REG_HEAD;HAS_CLS_HEAD;HAS_LIGHT_BRANCH;HAS_EPOCH,Parameter tensor count excludes running statistics/counters; classification uses normalized keys and source evidence.
sha256:4eb8447725c99d7350b3,CHECKPOINT_ROOT,checkpoints_VicReg_original_NEW/vicreg_mu_30.0_epoch_15.pth,vicreg_mu_30.0_epoch_15.pth,23422376,4eb8447725c99d7350b36dc25ed17eb07a3968752b8709b2c59a93e7dccf0254,SAFE_LOAD_OK,dict,epoch;model_state_dict;projector_state_dict;vicreg_loss,model_state_dict,846,549,PARTIAL_STATE,30.0,15,SoilNetDualHead,True,True,True,10,2,2x128,10x128,True,False,True,False,MODEL_COMPATIBLE;HAS_REG_HEAD;HAS_CLS_HEAD;HAS_LIGHT_BRANCH;HAS_EPOCH,Parameter tensor count excludes running statistics/counters; classification uses normalized keys and source evidence.
sha256:aa0817f83067ecc8db3f,CHECKPOINT_ROOT,checkpoints_VicReg_original_NEW/vicreg_mu_30.0_epoch_16.pth,vicreg_mu_30.0_epoch_16.pth,23422376,aa0817f83067ecc8db3f86b2fc96216f71c2182199aea485fced861a99a6dd07,SAFE_LOAD_OK,dict,epoch;model_state_dict;projector_state_dict;vicreg_loss,model_state_dict,846,549,PARTIAL_STATE,30.0,16,SoilNetDualHead,True,True,True,10,2,2x128,10x128,True,False,True,False,MODEL_COMPATIBLE;HAS_REG_HEAD;HAS_CLS_HEAD;HAS_LIGHT_BRANCH;HAS_EPOCH,Parameter tensor count excludes running statistics/counters; classification uses normalized keys and source evidence.
sha256:729bea19629ce55a1cdf,CHECKPOINT_ROOT,checkpoints_VicReg_original_NEW/vicreg_mu_30.0_epoch_17.pth,vicreg_mu_30.0_epoch_17.pth,23422376,729bea19629ce55a1cdf5813a55cc0f00fdfd7c589480f08181a66e2c49e18e6,SAFE_LOAD_OK,dict,epoch;model_state_dict;projector_state_dict;vicreg_loss,model_state_dict,846,549,PARTIAL_STATE,30.0,17,SoilNetDualHead,True,True,True,10,2,2x128,10x128,True,False,True,False,MODEL_COMPATIBLE;HAS_REG_HEAD;HAS_CLS_HEAD;HAS_LIGHT_BRANCH;HAS_EPOCH,Parameter tensor count excludes running statistics/counters; classification uses normalized keys and source evidence.
sha256:a5daee781bdb3581d96b,CHECKPOINT_ROOT,checkpoints_VicReg_original_NEW/vicreg_mu_30.0_epoch_18.pth,vicreg_mu_30.0_epoch_18.pth,23422376,a5daee781bdb3581d96b44c9087e9940f562b0a117ef1c38583bf39c084d73f5,SAFE_LOAD_OK,dict,epoch;model_state_dict;projector_state_dict;vicreg_loss,model_state_dict,846,549,PARTIAL_STATE,30.0,18,SoilNetDualHead,True,True,True,10,2,2x128,10x128,True,False,True,False,MODEL_COMPATIBLE;HAS_REG_HEAD;HAS_CLS_HEAD;HAS_LIGHT_BRANCH;HAS_EPOCH,Parameter tensor count excludes running statistics/counters; classification uses normalized keys and source evidence.
sha256:6b30220c68842558f979,CHECKPOINT_ROOT,checkpoints_VicReg_original_NEW/vicreg_mu_30.0_epoch_19.pth,vicreg_mu_30.0_epoch_19.pth,23422376,6b30220c68842558f97910f5a043c5aaaf26f3803c5d89d45c682bb62e6dddad,SAFE_LOAD_OK,dict,epoch;model_state_dict;projector_state_dict;vicreg_loss,model_state_dict,846,549,PARTIAL_STATE,30.0,19,SoilNetDualHead,True,True,True,10,2,2x128,10x128,True,False,True,False,MODEL_COMPATIBLE;HAS_REG_HEAD;HAS_CLS_HEAD;HAS_LIGHT_BRANCH;HAS_EPOCH,Parameter tensor count excludes running statistics/counters; classification uses normalized keys and source evidence.
sha256:e7337c011d41fd091161,CHECKPOINT_ROOT,checkpoints_VicReg_original_NEW/vicreg_mu_30.0_epoch_2.pth,vicreg_mu_30.0_epoch_2.pth,23421783,e7337c011d41fd0911613233a99f30fb82fd1ad69619d983a83c643d04e4aade,SAFE_LOAD_OK,dict,epoch;model_state_dict;projector_state_dict;vicreg_loss,model_state_dict,846,549,PARTIAL_STATE,30.0,2,SoilNetDualHead,True,True,True,10,2,2x128,10x128,True,False,True,False,MODEL_COMPATIBLE;HAS_REG_HEAD;HAS_CLS_HEAD;HAS_LIGHT_BRANCH;HAS_EPOCH,Parameter tensor count excludes running statistics/counters; classification uses normalized keys and source evidence.
sha256:38fd42a2d0198be2b683,CHECKPOINT_ROOT,checkpoints_VicReg_original_NEW/vicreg_mu_30.0_epoch_20.pth,vicreg_mu_30.0_epoch_20.pth,23422376,38fd42a2d0198be2b683fb0aab8cbf2c27227778b8744f46aa1f7adc902d8381,SAFE_LOAD_OK,dict,epoch;model_state_dict;projector_state_dict;vicreg_loss,model_state_dict,846,549,PARTIAL_STATE,30.0,20,SoilNetDualHead,True,True,True,10,2,2x128,10x128,True,False,True,False,MODEL_COMPATIBLE;HAS_REG_HEAD;HAS_CLS_HEAD;HAS_LIGHT_BRANCH;HAS_EPOCH,Parameter tensor count excludes running statistics/counters; classification uses normalized keys and source evidence.
sha256:62dd264e372753eedfc6,CHECKPOINT_ROOT,checkpoints_VicReg_original_NEW/vicreg_mu_30.0_epoch_21.pth,vicreg_mu_30.0_epoch_21.pth,23422376,62dd264e372753eedfc6c45dc08316a8a214dbf77f8ff74558af5d963d617a70,SAFE_LOAD_OK,dict,epoch;model_state_dict;projector_state_dict;vicreg_loss,model_state_dict,846,549,PARTIAL_STATE,30.0,21,SoilNetDualHead,True,True,True,10,2,2x128,10x128,True,False,True,False,MODEL_COMPATIBLE;HAS_REG_HEAD;HAS_CLS_HEAD;HAS_LIGHT_BRANCH;HAS_EPOCH,Parameter tensor count excludes running statistics/counters; classification uses normalized keys and source evidence.
sha256:2d47cf7c545c066e6e93,CHECKPOINT_ROOT,checkpoints_VicReg_original_NEW/vicreg_mu_30.0_epoch_22.pth,vicreg_mu_30.0_epoch_22.pth,23422376,2d47cf7c545c066e6e9351b401d5fd35eec65836cf250176947bb5ea2fe7e5a2,SAFE_LOAD_OK,dict,epoch;model_state_dict;projector_state_dict;vicreg_loss,model_state_dict,846,549,PARTIAL_STATE,30.0,22,SoilNetDualHead,True,True,True,10,2,2x128,10x128,True,False,True,False,MODEL_COMPATIBLE;HAS_REG_HEAD;HAS_CLS_HEAD;HAS_LIGHT_BRANCH;HAS_EPOCH,Parameter tensor count excludes running statistics/counters; classification uses normalized keys and source evidence.
sha256:7cf8eee8602e255af1ef,CHECKPOINT_ROOT,checkpoints_VicReg_original_NEW/vicreg_mu_30.0_epoch_23.pth,vicreg_mu_30.0_epoch_23.pth,23422376,7cf8eee8602e255af1ef58ab4c66d00504169e87db6b9a0093fadae7834701ee,SAFE_LOAD_OK,dict,epoch;model_state_dict;projector_state_dict;vicreg_loss,model_state_dict,846,549,PARTIAL_STATE,30.0,23,SoilNetDualHead,True,True,True,10,2,2x128,10x128,True,False,True,False,MODEL_COMPATIBLE;HAS_REG_HEAD;HAS_CLS_HEAD;HAS_LIGHT_BRANCH;HAS_EPOCH,Parameter tensor count excludes running statistics/counters; classification uses normalized keys and source evidence.
sha256:1507a6d0e2a3228795d6,CHECKPOINT_ROOT,checkpoints_VicReg_original_NEW/vicreg_mu_30.0_epoch_24.pth,vicreg_mu_30.0_epoch_24.pth,23422376,1507a6d0e2a3228795d6fceda1b447ed38a4c6cbab008057026f2dac51247f3e,SAFE_LOAD_OK,dict,epoch;model_state_dict;projector_state_dict;vicreg_loss,model_state_dict,846,549,PARTIAL_STATE,30.0,24,SoilNetDualHead,True,True,True,10,2,2x128,10x128,True,False,True,False,MODEL_COMPATIBLE;HAS_REG_HEAD;HAS_CLS_HEAD;HAS_LIGHT_BRANCH;HAS_EPOCH,Parameter tensor count excludes running statistics/counters; classification uses normalized keys and source evidence.
sha256:0f10c559af012afc85f0,CHECKPOINT_ROOT,checkpoints_VicReg_original_NEW/vicreg_mu_30.0_epoch_25.pth,vicreg_mu_30.0_epoch_25.pth,23422376,0f10c559af012afc85f0e0021a6c34c17563e2af071787e058439d414053496e,SAFE_LOAD_OK,dict,epoch;model_state_dict;projector_state_dict;vicreg_loss,model_state_dict,846,549,PARTIAL_STATE,30.0,25,SoilNetDualHead,True,True,True,10,2,2x128,10x128,True,False,True,False,MODEL_COMPATIBLE;HAS_REG_HEAD;HAS_CLS_HEAD;HAS_LIGHT_BRANCH;HAS_EPOCH,Parameter tensor count excludes running statistics/counters; classification uses normalized keys and source evidence.
sha256:806fb629455577fb2235,CHECKPOINT_ROOT,checkpoints_VicReg_original_NEW/vicreg_mu_30.0_epoch_26.pth,vicreg_mu_30.0_epoch_26.pth,23422376,806fb629455577fb22351f9ead4d7c1f679e1f518cc099312ae894ee52d25d64,SAFE_LOAD_OK,dict,epoch;model_state_dict;projector_state_dict;vicreg_loss,model_state_dict,846,549,PARTIAL_STATE,30.0,26,SoilNetDualHead,True,True,True,10,2,2x128,10x128,True,False,True,False,MODEL_COMPATIBLE;HAS_REG_HEAD;HAS_CLS_HEAD;HAS_LIGHT_BRANCH;HAS_EPOCH,Parameter tensor count excludes running statistics/counters; classification uses normalized keys and source evidence.
sha256:f900a67edce02c0c68a5,CHECKPOINT_ROOT,checkpoints_VicReg_original_NEW/vicreg_mu_30.0_epoch_27.pth,vicreg_mu_30.0_epoch_27.pth,23422376,f900a67edce02c0c68a5c2e73c10371adeb54ba81cd358161a76712b39f2cad2,SAFE_LOAD_OK,dict,epoch;model_state_dict;projector_state_dict;vicreg_loss,model_state_dict,846,549,PARTIAL_STATE,30.0,27,SoilNetDualHead,True,True,True,10,2,2x128,10x128,True,False,True,False,MODEL_COMPATIBLE;HAS_REG_HEAD;HAS_CLS_HEAD;HAS_LIGHT_BRANCH;HAS_EPOCH,Parameter tensor count excludes running statistics/counters; classification uses normalized keys and source evidence.
sha256:12493e5305474449bc80,CHECKPOINT_ROOT,checkpoints_VicReg_original_NEW/vicreg_mu_30.0_epoch_28.pth,vicreg_mu_30.0_epoch_28.pth,23422376,12493e5305474449bc80122615b76874b3942648ae5367dd35acd97d03295cdd,SAFE_LOAD_OK,dict,epoch;model_state_dict;projector_state_dict;vicreg_loss,model_state_dict,846,549,PARTIAL_STATE,30.0,28,SoilNetDualHead,True,True,True,10,2,2x128,10x128,True,False,True,False,MODEL_COMPATIBLE;HAS_REG_HEAD;HAS_CLS_HEAD;HAS_LIGHT_BRANCH;HAS_EPOCH,Parameter tensor count excludes running statistics/counters; classification uses normalized keys and source evidence.
sha256:e0d894957dfa29ed33d2,CHECKPOINT_ROOT,checkpoints_VicReg_original_NEW/vicreg_mu_30.0_epoch_29.pth,vicreg_mu_30.0_epoch_29.pth,23422376,e0d894957dfa29ed33d2e4ff83e49bfd766771fa5224e63fd74887e2f4029066,SAFE_LOAD_OK,dict,epoch;model_state_dict;projector_state_dict;vicreg_loss,model_state_dict,846,549,PARTIAL_STATE,30.0,29,SoilNetDualHead,True,True,True,10,2,2x128,10x128,True,False,True,False,MODEL_COMPATIBLE;HAS_REG_HEAD;HAS_CLS_HEAD;HAS_LIGHT_BRANCH;HAS_EPOCH,Parameter tensor count excludes running statistics/counters; classification uses normalized keys and source evidence.
sha256:7b29a63ffe95f6271f24,CHECKPOINT_ROOT,checkpoints_VicReg_original_NEW/vicreg_mu_30.0_epoch_3.pth,vicreg_mu_30.0_epoch_3.pth,23421783,7b29a63ffe95f6271f248c8cda58c09aec8ddc83b750c53f3c1f4827ca1dfe75,SAFE_LOAD_OK,dict,epoch;model_state_dict;projector_state_dict;vicreg_loss,model_state_dict,846,549,PARTIAL_STATE,30.0,3,SoilNetDualHead,True,True,True,10,2,2x128,10x128,True,False,True,False,MODEL_COMPATIBLE;HAS_REG_HEAD;HAS_CLS_HEAD;HAS_LIGHT_BRANCH;HAS_EPOCH,Parameter tensor count excludes running statistics/counters; classification uses normalized keys and source evidence.
sha256:8199a98aa6cca06d74c8,CHECKPOINT_ROOT,checkpoints_VicReg_original_NEW/vicreg_mu_30.0_epoch_30.pth,vicreg_mu_30.0_epoch_30.pth,23422376,8199a98aa6cca06d74c85b1d284fba5f282f36961fc8b92aee0bbd9c7dc3ff50,SAFE_LOAD_OK,dict,epoch;model_state_dict;projector_state_dict;vicreg_loss,model_state_dict,846,549,PARTIAL_STATE,30.0,30,SoilNetDualHead,True,True,True,10,2,2x128,10x128,True,False,True,False,MODEL_COMPATIBLE;HAS_REG_HEAD;HAS_CLS_HEAD;HAS_LIGHT_BRANCH;HAS_EPOCH,Parameter tensor count excludes running statistics/counters; classification uses normalized keys and source evidence.
sha256:1c07a821f6a8b29e57b8,CHECKPOINT_ROOT,checkpoints_VicReg_original_NEW/vicreg_mu_30.0_epoch_31.pth,vicreg_mu_30.0_epoch_31.pth,23422376,1c07a821f6a8b29e57b81563d17c9434be873960a5ad296d8f9d2b12b1b41483,SAFE_LOAD_OK,dict,epoch;model_state_dict;projector_state_dict;vicreg_loss,model_state_dict,846,549,PARTIAL_STATE,30.0,31,SoilNetDualHead,True,True,True,10,2,2x128,10x128,True,False,True,False,MODEL_COMPATIBLE;HAS_REG_HEAD;HAS_CLS_HEAD;HAS_LIGHT_BRANCH;HAS_EPOCH,Parameter tensor count excludes running statistics/counters; classification uses normalized keys and source evidence.
sha256:b772ed3dca5795a50809,CHECKPOINT_ROOT,checkpoints_VicReg_original_NEW/vicreg_mu_30.0_epoch_32.pth,vicreg_mu_30.0_epoch_32.pth,23422376,b772ed3dca5795a50809741c39490a2344c60b4affa075fc9aa9bd76f17b70ba,SAFE_LOAD_OK,dict,epoch;model_state_dict;projector_state_dict;vicreg_loss,model_state_dict,846,549,PARTIAL_STATE,30.0,32,SoilNetDualHead,True,True,True,10,2,2x128,10x128,True,False,True,False,MODEL_COMPATIBLE;HAS_REG_HEAD;HAS_CLS_HEAD;HAS_LIGHT_BRANCH;HAS_EPOCH,Parameter tensor count excludes running statistics/counters; classification uses normalized keys and source evidence.
sha256:262c8415ff9b9c99cfc5,CHECKPOINT_ROOT,checkpoints_VicReg_original_NEW/vicreg_mu_30.0_epoch_33.pth,vicreg_mu_30.0_epoch_33.pth,23422376,262c8415ff9b9c99cfc5816f790ae7c51262976b9645091bcf1dc823fd7a4de6,SAFE_LOAD_OK,dict,epoch;model_state_dict;projector_state_dict;vicreg_loss,model_state_dict,846,549,PARTIAL_STATE,30.0,33,SoilNetDualHead,True,True,True,10,2,2x128,10x128,True,False,True,False,MODEL_COMPATIBLE;HAS_REG_HEAD;HAS_CLS_HEAD;HAS_LIGHT_BRANCH;HAS_EPOCH,Parameter tensor count excludes running statistics/counters; classification uses normalized keys and source evidence.
sha256:1270797506be2e7f4115,CHECKPOINT_ROOT,checkpoints_VicReg_original_NEW/vicreg_mu_30.0_epoch_34.pth,vicreg_mu_30.0_epoch_34.pth,23422376,1270797506be2e7f4115e4c956b10309270595ac011b1bbe2df547e0a867aa6c,SAFE_LOAD_OK,dict,epoch;model_state_dict;projector_state_dict;vicreg_loss,model_state_dict,846,549,PARTIAL_STATE,30.0,34,SoilNetDualHead,True,True,True,10,2,2x128,10x128,True,False,True,False,MODEL_COMPATIBLE;HAS_REG_HEAD;HAS_CLS_HEAD;HAS_LIGHT_BRANCH;HAS_EPOCH,Parameter tensor count excludes running statistics/counters; classification uses normalized keys and source evidence.
sha256:071635dbb237d316ec42,CHECKPOINT_ROOT,checkpoints_VicReg_original_NEW/vicreg_mu_30.0_epoch_35.pth,vicreg_mu_30.0_epoch_35.pth,23422376,071635dbb237d316ec42f9e94343bda7472942c934297bcfe1ef9dc7a6207ca5,SAFE_LOAD_OK,dict,epoch;model_state_dict;projector_state_dict;vicreg_loss,model_state_dict,846,549,PARTIAL_STATE,30.0,35,SoilNetDualHead,True,True,True,10,2,2x128,10x128,True,False,True,False,MODEL_COMPATIBLE;HAS_REG_HEAD;HAS_CLS_HEAD;HAS_LIGHT_BRANCH;HAS_EPOCH,Parameter tensor count excludes running statistics/counters; classification uses normalized keys and source evidence.
sha256:7cb023cbe0ec5f3c7168,CHECKPOINT_ROOT,checkpoints_VicReg_original_NEW/vicreg_mu_30.0_epoch_36.pth,vicreg_mu_30.0_epoch_36.pth,23422376,7cb023cbe0ec5f3c7168d9543abfd92f838c04fa3ea521163996ee1c7ca7d038,SAFE_LOAD_OK,dict,epoch;model_state_dict;projector_state_dict;vicreg_loss,model_state_dict,846,549,PARTIAL_STATE,30.0,36,SoilNetDualHead,True,True,True,10,2,2x128,10x128,True,False,True,False,MODEL_COMPATIBLE;HAS_REG_HEAD;HAS_CLS_HEAD;HAS_LIGHT_BRANCH;HAS_EPOCH,Parameter tensor count excludes running statistics/counters; classification uses normalized keys and source evidence.
sha256:0f44584dfe6754ab91e3,CHECKPOINT_ROOT,checkpoints_VicReg_original_NEW/vicreg_mu_30.0_epoch_37.pth,vicreg_mu_30.0_epoch_37.pth,23422376,0f44584dfe6754ab91e31c5f6e455ddf977654060faacb3a8464c3d65519c32d,SAFE_LOAD_OK,dict,epoch;model_state_dict;projector_state_dict;vicreg_loss,model_state_dict,846,549,PARTIAL_STATE,30.0,37,SoilNetDualHead,True,True,True,10,2,2x128,10x128,True,False,True,False,MODEL_COMPATIBLE;HAS_REG_HEAD;HAS_CLS_HEAD;HAS_LIGHT_BRANCH;HAS_EPOCH,Parameter tensor count excludes running statistics/counters; classification uses normalized keys and source evidence.
sha256:190fe00fa57f2545df3d,CHECKPOINT_ROOT,checkpoints_VicReg_original_NEW/vicreg_mu_30.0_epoch_38.pth,vicreg_mu_30.0_epoch_38.pth,23422376,190fe00fa57f2545df3d71c82f3e60dab97c352422ce9bf35d989f9b256a6d50,SAFE_LOAD_OK,dict,epoch;model_state_dict;projector_state_dict;vicreg_loss,model_state_dict,846,549,PARTIAL_STATE,30.0,38,SoilNetDualHead,True,True,True,10,2,2x128,10x128,True,False,True,False,MODEL_COMPATIBLE;HAS_REG_HEAD;HAS_CLS_HEAD;HAS_LIGHT_BRANCH;HAS_EPOCH,Parameter tensor count excludes running statistics/counters; classification uses normalized keys and source evidence.
sha256:c0fbb08770ab94ce809c,CHECKPOINT_ROOT,checkpoints_VicReg_original_NEW/vicreg_mu_30.0_epoch_39.pth,vicreg_mu_30.0_epoch_39.pth,23422376,c0fbb08770ab94ce809cdbf48c3566f2e4b406846db4560e90dc08743e9f6e09,SAFE_LOAD_OK,dict,epoch;model_state_dict;projector_state_dict;vicreg_loss,model_state_dict,846,549,PARTIAL_STATE,30.0,39,SoilNetDualHead,True,True,True,10,2,2x128,10x128,True,False,True,False,MODEL_COMPATIBLE;HAS_REG_HEAD;HAS_CLS_HEAD;HAS_LIGHT_BRANCH;HAS_EPOCH,Parameter tensor count excludes running statistics/counters; classification uses normalized keys and source evidence.
sha256:83bdc73358241d51ec23,CHECKPOINT_ROOT,checkpoints_VicReg_original_NEW/vicreg_mu_30.0_epoch_4.pth,vicreg_mu_30.0_epoch_4.pth,23421783,83bdc73358241d51ec239ab0a2c7a44ce0a8056c07596e91bbb8c753b1f43ee0,SAFE_LOAD_OK,dict,epoch;model_state_dict;projector_state_dict;vicreg_loss,model_state_dict,846,549,PARTIAL_STATE,30.0,4,SoilNetDualHead,True,True,True,10,2,2x128,10x128,True,False,True,False,MODEL_COMPATIBLE;HAS_REG_HEAD;HAS_CLS_HEAD;HAS_LIGHT_BRANCH;HAS_EPOCH,Parameter tensor count excludes running statistics/counters; classification uses normalized keys and source evidence.
sha256:3d8c982976445154f5fe,CHECKPOINT_ROOT,checkpoints_VicReg_original_NEW/vicreg_mu_30.0_epoch_40.pth,vicreg_mu_30.0_epoch_40.pth,23422376,3d8c982976445154f5fee3d80c968940f864712188498482d8e08d2b41d63f1c,SAFE_LOAD_OK,dict,epoch;model_state_dict;projector_state_dict;vicreg_loss,model_state_dict,846,549,PARTIAL_STATE,30.0,40,SoilNetDualHead,True,True,True,10,2,2x128,10x128,True,False,True,False,MODEL_COMPATIBLE;HAS_REG_HEAD;HAS_CLS_HEAD;HAS_LIGHT_BRANCH;HAS_EPOCH,Parameter tensor count excludes running statistics/counters; classification uses normalized keys and source evidence.
sha256:4f93a3998bf037699f23,CHECKPOINT_ROOT,checkpoints_VicReg_original_NEW/vicreg_mu_30.0_epoch_41.pth,vicreg_mu_30.0_epoch_41.pth,23422376,4f93a3998bf037699f23c78619be98abc7307b5e57e553e0f0f33ed4f24776f3,SAFE_LOAD_OK,dict,epoch;model_state_dict;projector_state_dict;vicreg_loss,model_state_dict,846,549,PARTIAL_STATE,30.0,41,SoilNetDualHead,True,True,True,10,2,2x128,10x128,True,False,True,False,MODEL_COMPATIBLE;HAS_REG_HEAD;HAS_CLS_HEAD;HAS_LIGHT_BRANCH;HAS_EPOCH,Parameter tensor count excludes running statistics/counters; classification uses normalized keys and source evidence.
sha256:749317f4ce38f21ede55,CHECKPOINT_ROOT,checkpoints_VicReg_original_NEW/vicreg_mu_30.0_epoch_42.pth,vicreg_mu_30.0_epoch_42.pth,23422376,749317f4ce38f21ede5555539760b638b0d846832335b6fb7e7f195ccffd6cb8,SAFE_LOAD_OK,dict,epoch;model_state_dict;projector_state_dict;vicreg_loss,model_state_dict,846,549,PARTIAL_STATE,30.0,42,SoilNetDualHead,True,True,True,10,2,2x128,10x128,True,False,True,False,MODEL_COMPATIBLE;HAS_REG_HEAD;HAS_CLS_HEAD;HAS_LIGHT_BRANCH;HAS_EPOCH,Parameter tensor count excludes running statistics/counters; classification uses normalized keys and source evidence.
sha256:7817a238d788796a6d5d,CHECKPOINT_ROOT,checkpoints_VicReg_original_NEW/vicreg_mu_30.0_epoch_43.pth,vicreg_mu_30.0_epoch_43.pth,23422376,7817a238d788796a6d5d86609e82e0e231d668c802dcf631ac91ce88f48dcaec,SAFE_LOAD_OK,dict,epoch;model_state_dict;projector_state_dict;vicreg_loss,model_state_dict,846,549,PARTIAL_STATE,30.0,43,SoilNetDualHead,True,True,True,10,2,2x128,10x128,True,False,True,False,MODEL_COMPATIBLE;HAS_REG_HEAD;HAS_CLS_HEAD;HAS_LIGHT_BRANCH;HAS_EPOCH,Parameter tensor count excludes running statistics/counters; classification uses normalized keys and source evidence.
sha256:722c413beef9075fea3f,CHECKPOINT_ROOT,checkpoints_VicReg_original_NEW/vicreg_mu_30.0_epoch_44.pth,vicreg_mu_30.0_epoch_44.pth,23422376,722c413beef9075fea3f32695ab96c8e3bdd331ce83e3d49631491061f39de2d,SAFE_LOAD_OK,dict,epoch;model_state_dict;projector_state_dict;vicreg_loss,model_state_dict,846,549,PARTIAL_STATE,30.0,44,SoilNetDualHead,True,True,True,10,2,2x128,10x128,True,False,True,False,MODEL_COMPATIBLE;HAS_REG_HEAD;HAS_CLS_HEAD;HAS_LIGHT_BRANCH;HAS_EPOCH,Parameter tensor count excludes running statistics/counters; classification uses normalized keys and source evidence.
sha256:2f215d43506247ea8615,CHECKPOINT_ROOT,checkpoints_VicReg_original_NEW/vicreg_mu_30.0_epoch_45.pth,vicreg_mu_30.0_epoch_45.pth,23422376,2f215d43506247ea8615dcf94ee6d522b0cb71c820634cc2bb4b85ef8e1cfe29,SAFE_LOAD_OK,dict,epoch;model_state_dict;projector_state_dict;vicreg_loss,model_state_dict,846,549,PARTIAL_STATE,30.0,45,SoilNetDualHead,True,True,True,10,2,2x128,10x128,True,False,True,False,MODEL_COMPATIBLE;HAS_REG_HEAD;HAS_CLS_HEAD;HAS_LIGHT_BRANCH;HAS_EPOCH,Parameter tensor count excludes running statistics/counters; classification uses normalized keys and source evidence.
sha256:dd7a46e0d7b537ec561f,CHECKPOINT_ROOT,checkpoints_VicReg_original_NEW/vicreg_mu_30.0_epoch_46.pth,vicreg_mu_30.0_epoch_46.pth,23422376,dd7a46e0d7b537ec561f14bbaa999d9895fee3184d106a83cb18f098dc9c2248,SAFE_LOAD_OK,dict,epoch;model_state_dict;projector_state_dict;vicreg_loss,model_state_dict,846,549,PARTIAL_STATE,30.0,46,SoilNetDualHead,True,True,True,10,2,2x128,10x128,True,False,True,False,MODEL_COMPATIBLE;HAS_REG_HEAD;HAS_CLS_HEAD;HAS_LIGHT_BRANCH;HAS_EPOCH,Parameter tensor count excludes running statistics/counters; classification uses normalized keys and source evidence.
sha256:4ff808886b973366e1a0,CHECKPOINT_ROOT,checkpoints_VicReg_original_NEW/vicreg_mu_30.0_epoch_47.pth,vicreg_mu_30.0_epoch_47.pth,23422376,4ff808886b973366e1a05e6639b01b0df74bd283ecd75f9b048223bce15b0fe2,SAFE_LOAD_OK,dict,epoch;model_state_dict;projector_state_dict;vicreg_loss,model_state_dict,846,549,PARTIAL_STATE,30.0,47,SoilNetDualHead,True,True,True,10,2,2x128,10x128,True,False,True,False,MODEL_COMPATIBLE;HAS_REG_HEAD;HAS_CLS_HEAD;HAS_LIGHT_BRANCH;HAS_EPOCH,Parameter tensor count excludes running statistics/counters; classification uses normalized keys and source evidence.
sha256:0730109402e8b116581d,CHECKPOINT_ROOT,checkpoints_VicReg_original_NEW/vicreg_mu_30.0_epoch_48.pth,vicreg_mu_30.0_epoch_48.pth,23422376,0730109402e8b116581d0cd623645b5df726b3fd8c6e2154d1a3ec80103972db,SAFE_LOAD_OK,dict,epoch;model_state_dict;projector_state_dict;vicreg_loss,model_state_dict,846,549,PARTIAL_STATE,30.0,48,SoilNetDualHead,True,True,True,10,2,2x128,10x128,True,False,True,False,MODEL_COMPATIBLE;HAS_REG_HEAD;HAS_CLS_HEAD;HAS_LIGHT_BRANCH;HAS_EPOCH,Parameter tensor count excludes running statistics/counters; classification uses normalized keys and source evidence.
sha256:afecce6a20d2f7ea5234,CHECKPOINT_ROOT,checkpoints_VicReg_original_NEW/vicreg_mu_30.0_epoch_49.pth,vicreg_mu_30.0_epoch_49.pth,23422376,afecce6a20d2f7ea523449bafe9275f3081b8cea6d5bf850a19c6cf6ded65f6a,SAFE_LOAD_OK,dict,epoch;model_state_dict;projector_state_dict;vicreg_loss,model_state_dict,846,549,PARTIAL_STATE,30.0,49,SoilNetDualHead,True,True,True,10,2,2x128,10x128,True,False,True,False,MODEL_COMPATIBLE;HAS_REG_HEAD;HAS_CLS_HEAD;HAS_LIGHT_BRANCH;HAS_EPOCH,Parameter tensor count excludes running statistics/counters; classification uses normalized keys and source evidence.
sha256:213f7b994c903b4a6db4,CHECKPOINT_ROOT,checkpoints_VicReg_original_NEW/vicreg_mu_30.0_epoch_5.pth,vicreg_mu_30.0_epoch_5.pth,23421783,213f7b994c903b4a6db47c9ce8a673c36e2069015bf189400ea549dc79a93f7f,SAFE_LOAD_OK,dict,epoch;model_state_dict;projector_state_dict;vicreg_loss,model_state_dict,846,549,PARTIAL_STATE,30.0,5,SoilNetDualHead,True,True,True,10,2,2x128,10x128,True,False,True,False,MODEL_COMPATIBLE;HAS_REG_HEAD;HAS_CLS_HEAD;HAS_LIGHT_BRANCH;HAS_EPOCH,Parameter tensor count excludes running statistics/counters; classification uses normalized keys and source evidence.
sha256:c519c826961b574643a3,CHECKPOINT_ROOT,checkpoints_VicReg_original_NEW/vicreg_mu_30.0_epoch_50.pth,vicreg_mu_30.0_epoch_50.pth,23422376,c519c826961b574643a3d9a5f7576cd6f053c45547d034e1678729a904d43254,SAFE_LOAD_OK,dict,epoch;model_state_dict;projector_state_dict;vicreg_loss,model_state_dict,846,549,PARTIAL_STATE,30.0,50,SoilNetDualHead,True,True,True,10,2,2x128,10x128,True,False,True,False,MODEL_COMPATIBLE;HAS_REG_HEAD;HAS_CLS_HEAD;HAS_LIGHT_BRANCH;HAS_EPOCH,Parameter tensor count excludes running statistics/counters; classification uses normalized keys and source evidence.
sha256:d212b2b6b024a5cad719,CHECKPOINT_ROOT,checkpoints_VicReg_original_NEW/vicreg_mu_30.0_epoch_51.pth,vicreg_mu_30.0_epoch_51.pth,23422376,d212b2b6b024a5cad7192622a6dd096c630479a1b9d2ae69678088344e43430f,SAFE_LOAD_OK,dict,epoch;model_state_dict;projector_state_dict;vicreg_loss,model_state_dict,846,549,PARTIAL_STATE,30.0,51,SoilNetDualHead,True,True,True,10,2,2x128,10x128,True,False,True,False,MODEL_COMPATIBLE;HAS_REG_HEAD;HAS_CLS_HEAD;HAS_LIGHT_BRANCH;HAS_EPOCH,Parameter tensor count excludes running statistics/counters; classification uses normalized keys and source evidence.
sha256:0e21ed117b0d5029e105,CHECKPOINT_ROOT,checkpoints_VicReg_original_NEW/vicreg_mu_30.0_epoch_52.pth,vicreg_mu_30.0_epoch_52.pth,23422376,0e21ed117b0d5029e1050c8b1557cab99d606e117c6624bd507f6bdda80ac8df,SAFE_LOAD_OK,dict,epoch;model_state_dict;projector_state_dict;vicreg_loss,model_state_dict,846,549,PARTIAL_STATE,30.0,52,SoilNetDualHead,True,True,True,10,2,2x128,10x128,True,False,True,False,MODEL_COMPATIBLE;HAS_REG_HEAD;HAS_CLS_HEAD;HAS_LIGHT_BRANCH;HAS_EPOCH,Parameter tensor count excludes running statistics/counters; classification uses normalized keys and source evidence.
sha256:14ef49bb65022ffc3676,CHECKPOINT_ROOT,checkpoints_VicReg_original_NEW/vicreg_mu_30.0_epoch_53.pth,vicreg_mu_30.0_epoch_53.pth,23422376,14ef49bb65022ffc3676f7e9bac848c403ab54269fbfb4c4f6a0a858f7958bde,SAFE_LOAD_OK,dict,epoch;model_state_dict;projector_state_dict;vicreg_loss,model_state_dict,846,549,PARTIAL_STATE,30.0,53,SoilNetDualHead,True,True,True,10,2,2x128,10x128,True,False,True,False,MODEL_COMPATIBLE;HAS_REG_HEAD;HAS_CLS_HEAD;HAS_LIGHT_BRANCH;HAS_EPOCH,Parameter tensor count excludes running statistics/counters; classification uses normalized keys and source evidence.
sha256:8519accbb199e7d637e8,CHECKPOINT_ROOT,checkpoints_VicReg_original_NEW/vicreg_mu_30.0_epoch_54.pth,vicreg_mu_30.0_epoch_54.pth,23422376,8519accbb199e7d637e8721cb54229b7cddcbff7006540eba25491f5c04b0e11,SAFE_LOAD_OK,dict,epoch;model_state_dict;projector_state_dict;vicreg_loss,model_state_dict,846,549,PARTIAL_STATE,30.0,54,SoilNetDualHead,True,True,True,10,2,2x128,10x128,True,False,True,False,MODEL_COMPATIBLE;HAS_REG_HEAD;HAS_CLS_HEAD;HAS_LIGHT_BRANCH;HAS_EPOCH,Parameter tensor count excludes running statistics/counters; classification uses normalized keys and source evidence.
sha256:3aa262c76c20088f1c2d,CHECKPOINT_ROOT,checkpoints_VicReg_original_NEW/vicreg_mu_30.0_epoch_55.pth,vicreg_mu_30.0_epoch_55.pth,23422376,3aa262c76c20088f1c2dc74ea311320ce1cbc046114fc6d04793ad48bd431383,SAFE_LOAD_OK,dict,epoch;model_state_dict;projector_state_dict;vicreg_loss,model_state_dict,846,549,PARTIAL_STATE,30.0,55,SoilNetDualHead,True,True,True,10,2,2x128,10x128,True,False,True,False,MODEL_COMPATIBLE;HAS_REG_HEAD;HAS_CLS_HEAD;HAS_LIGHT_BRANCH;HAS_EPOCH,Parameter tensor count excludes running statistics/counters; classification uses normalized keys and source evidence.
sha256:78ed4634224e67e5481b,CHECKPOINT_ROOT,checkpoints_VicReg_original_NEW/vicreg_mu_30.0_epoch_56.pth,vicreg_mu_30.0_epoch_56.pth,23422376,78ed4634224e67e5481b270dac1171ab78d568db09eb9d274f4848374a414b62,SAFE_LOAD_OK,dict,epoch;model_state_dict;projector_state_dict;vicreg_loss,model_state_dict,846,549,PARTIAL_STATE,30.0,56,SoilNetDualHead,True,True,True,10,2,2x128,10x128,True,False,True,False,MODEL_COMPATIBLE;HAS_REG_HEAD;HAS_CLS_HEAD;HAS_LIGHT_BRANCH;HAS_EPOCH,Parameter tensor count excludes running statistics/counters; classification uses normalized keys and source evidence.
sha256:3572b9502437c81327d9,CHECKPOINT_ROOT,checkpoints_VicReg_original_NEW/vicreg_mu_30.0_epoch_57.pth,vicreg_mu_30.0_epoch_57.pth,23422376,3572b9502437c81327d938ecbacea88e53518c02c98d24964aac7d89d8594c0b,SAFE_LOAD_OK,dict,epoch;model_state_dict;projector_state_dict;vicreg_loss,model_state_dict,846,549,PARTIAL_STATE,30.0,57,SoilNetDualHead,True,True,True,10,2,2x128,10x128,True,False,True,False,MODEL_COMPATIBLE;HAS_REG_HEAD;HAS_CLS_HEAD;HAS_LIGHT_BRANCH;HAS_EPOCH,Parameter tensor count excludes running statistics/counters; classification uses normalized keys and source evidence.
sha256:f5eac7496e801be2cc76,CHECKPOINT_ROOT,checkpoints_VicReg_original_NEW/vicreg_mu_30.0_epoch_58.pth,vicreg_mu_30.0_epoch_58.pth,23422376,f5eac7496e801be2cc760091be0f315ab3bb655f9dde107264d2d22bfbf2ef84,SAFE_LOAD_OK,dict,epoch;model_state_dict;projector_state_dict;vicreg_loss,model_state_dict,846,549,PARTIAL_STATE,30.0,58,SoilNetDualHead,True,True,True,10,2,2x128,10x128,True,False,True,False,MODEL_COMPATIBLE;HAS_REG_HEAD;HAS_CLS_HEAD;HAS_LIGHT_BRANCH;HAS_EPOCH,Parameter tensor count excludes running statistics/counters; classification uses normalized keys and source evidence.
sha256:c41d1edc25adf64e8e91,CHECKPOINT_ROOT,checkpoints_VicReg_original_NEW/vicreg_mu_30.0_epoch_59.pth,vicreg_mu_30.0_epoch_59.pth,23422376,c41d1edc25adf64e8e91f8c44c6b6faf9cbd7c1e6c54dfd518b8faf467cb9feb,SAFE_LOAD_OK,dict,epoch;model_state_dict;projector_state_dict;vicreg_loss,model_state_dict,846,549,PARTIAL_STATE,30.0,59,SoilNetDualHead,True,True,True,10,2,2x128,10x128,True,False,True,False,MODEL_COMPATIBLE;HAS_REG_HEAD;HAS_CLS_HEAD;HAS_LIGHT_BRANCH;HAS_EPOCH,Parameter tensor count excludes running statistics/counters; classification uses normalized keys and source evidence.
sha256:7a089ac215829830bbfd,CHECKPOINT_ROOT,checkpoints_VicReg_original_NEW/vicreg_mu_30.0_epoch_6.pth,vicreg_mu_30.0_epoch_6.pth,23421783,7a089ac215829830bbfd6ccf6b88e8dd009a230ab21f35347343ef10cee212bb,SAFE_LOAD_OK,dict,epoch;model_state_dict;projector_state_dict;vicreg_loss,model_state_dict,846,549,PARTIAL_STATE,30.0,6,SoilNetDualHead,True,True,True,10,2,2x128,10x128,True,False,True,False,MODEL_COMPATIBLE;HAS_REG_HEAD;HAS_CLS_HEAD;HAS_LIGHT_BRANCH;HAS_EPOCH,Parameter tensor count excludes running statistics/counters; classification uses normalized keys and source evidence.
sha256:8e827a0bee1607e80d06,CHECKPOINT_ROOT,checkpoints_VicReg_original_NEW/vicreg_mu_30.0_epoch_60.pth,vicreg_mu_30.0_epoch_60.pth,23422376,8e827a0bee1607e80d065cef58630b7141e9f49c3a43a4167177cc5b9915f25f,SAFE_LOAD_OK,dict,epoch;model_state_dict;projector_state_dict;vicreg_loss,model_state_dict,846,549,PARTIAL_STATE,30.0,60,SoilNetDualHead,True,True,True,10,2,2x128,10x128,True,False,True,False,MODEL_COMPATIBLE;HAS_REG_HEAD;HAS_CLS_HEAD;HAS_LIGHT_BRANCH;HAS_EPOCH,Parameter tensor count excludes running statistics/counters; classification uses normalized keys and source evidence.
sha256:5776a1a265c01c810fdc,CHECKPOINT_ROOT,checkpoints_VicReg_original_NEW/vicreg_mu_30.0_epoch_61.pth,vicreg_mu_30.0_epoch_61.pth,23422376,5776a1a265c01c810fdc6e79d9785d51f9bb9ac91bb8bbb87f4d31a70383a806,SAFE_LOAD_OK,dict,epoch;model_state_dict;projector_state_dict;vicreg_loss,model_state_dict,846,549,PARTIAL_STATE,30.0,61,SoilNetDualHead,True,True,True,10,2,2x128,10x128,True,False,True,False,MODEL_COMPATIBLE;HAS_REG_HEAD;HAS_CLS_HEAD;HAS_LIGHT_BRANCH;HAS_EPOCH,Parameter tensor count excludes running statistics/counters; classification uses normalized keys and source evidence.
sha256:ee0a17f42d41b13d4569,CHECKPOINT_ROOT,checkpoints_VicReg_original_NEW/vicreg_mu_30.0_epoch_62.pth,vicreg_mu_30.0_epoch_62.pth,23422376,ee0a17f42d41b13d45693d511b78e291ba22ad54cf358371438324db53887d7a,SAFE_LOAD_OK,dict,epoch;model_state_dict;projector_state_dict;vicreg_loss,model_state_dict,846,549,PARTIAL_STATE,30.0,62,SoilNetDualHead,True,True,True,10,2,2x128,10x128,True,False,True,False,MODEL_COMPATIBLE;HAS_REG_HEAD;HAS_CLS_HEAD;HAS_LIGHT_BRANCH;HAS_EPOCH,Parameter tensor count excludes running statistics/counters; classification uses normalized keys and source evidence.
sha256:eb474800e831f2794b4e,CHECKPOINT_ROOT,checkpoints_VicReg_original_NEW/vicreg_mu_30.0_epoch_63.pth,vicreg_mu_30.0_epoch_63.pth,23422376,eb474800e831f2794b4e7a6a92cf9b7f7ed8dc2d613a8dbd5185fae289e17710,SAFE_LOAD_OK,dict,epoch;model_state_dict;projector_state_dict;vicreg_loss,model_state_dict,846,549,PARTIAL_STATE,30.0,63,SoilNetDualHead,True,True,True,10,2,2x128,10x128,True,False,True,False,MODEL_COMPATIBLE;HAS_REG_HEAD;HAS_CLS_HEAD;HAS_LIGHT_BRANCH;HAS_EPOCH,Parameter tensor count excludes running statistics/counters; classification uses normalized keys and source evidence.
sha256:d2f97c106c60aa0264b9,CHECKPOINT_ROOT,checkpoints_VicReg_original_NEW/vicreg_mu_30.0_epoch_64.pth,vicreg_mu_30.0_epoch_64.pth,23422376,d2f97c106c60aa0264b97c371d411fb510083d50a799c237871016c8185bf7a3,SAFE_LOAD_OK,dict,epoch;model_state_dict;projector_state_dict;vicreg_loss,model_state_dict,846,549,PARTIAL_STATE,30.0,64,SoilNetDualHead,True,True,True,10,2,2x128,10x128,True,False,True,False,MODEL_COMPATIBLE;HAS_REG_HEAD;HAS_CLS_HEAD;HAS_LIGHT_BRANCH;HAS_EPOCH,Parameter tensor count excludes running statistics/counters; classification uses normalized keys and source evidence.
sha256:b9922346b7c3feff5a3e,CHECKPOINT_ROOT,checkpoints_VicReg_original_NEW/vicreg_mu_30.0_epoch_65.pth,vicreg_mu_30.0_epoch_65.pth,23422376,b9922346b7c3feff5a3e171362b3645f052a4f120fdcd3f6051a04388f9c344d,SAFE_LOAD_OK,dict,epoch;model_state_dict;projector_state_dict;vicreg_loss,model_state_dict,846,549,PARTIAL_STATE,30.0,65,SoilNetDualHead,True,True,True,10,2,2x128,10x128,True,False,True,False,MODEL_COMPATIBLE;HAS_REG_HEAD;HAS_CLS_HEAD;HAS_LIGHT_BRANCH;HAS_EPOCH,Parameter tensor count excludes running statistics/counters; classification uses normalized keys and source evidence.
sha256:d27fd0de03c80df5c234,CHECKPOINT_ROOT,checkpoints_VicReg_original_NEW/vicreg_mu_30.0_epoch_66.pth,vicreg_mu_30.0_epoch_66.pth,23422376,d27fd0de03c80df5c23440b346baf9264d087be8b1b2076e173beb86c0995fd0,SAFE_LOAD_OK,dict,epoch;model_state_dict;projector_state_dict;vicreg_loss,model_state_dict,846,549,PARTIAL_STATE,30.0,66,SoilNetDualHead,True,True,True,10,2,2x128,10x128,True,False,True,False,MODEL_COMPATIBLE;HAS_REG_HEAD;HAS_CLS_HEAD;HAS_LIGHT_BRANCH;HAS_EPOCH,Parameter tensor count excludes running statistics/counters; classification uses normalized keys and source evidence.
sha256:d34352bd597c0f3d7286,CHECKPOINT_ROOT,checkpoints_VicReg_original_NEW/vicreg_mu_30.0_epoch_67.pth,vicreg_mu_30.0_epoch_67.pth,23422376,d34352bd597c0f3d7286ccc4fb993b9729224dd9a09b243e4542adbe95939e69,SAFE_LOAD_OK,dict,epoch;model_state_dict;projector_state_dict;vicreg_loss,model_state_dict,846,549,PARTIAL_STATE,30.0,67,SoilNetDualHead,True,True,True,10,2,2x128,10x128,True,False,True,False,MODEL_COMPATIBLE;HAS_REG_HEAD;HAS_CLS_HEAD;HAS_LIGHT_BRANCH;HAS_EPOCH,Parameter tensor count excludes running statistics/counters; classification uses normalized keys and source evidence.
sha256:0ee455289f47530d002a,CHECKPOINT_ROOT,checkpoints_VicReg_original_NEW/vicreg_mu_30.0_epoch_68.pth,vicreg_mu_30.0_epoch_68.pth,23422376,0ee455289f47530d002abf2194b3a5be88c10b42b920690f3eeba90dbc929204,SAFE_LOAD_OK,dict,epoch;model_state_dict;projector_state_dict;vicreg_loss,model_state_dict,846,549,PARTIAL_STATE,30.0,68,SoilNetDualHead,True,True,True,10,2,2x128,10x128,True,False,True,False,MODEL_COMPATIBLE;HAS_REG_HEAD;HAS_CLS_HEAD;HAS_LIGHT_BRANCH;HAS_EPOCH,Parameter tensor count excludes running statistics/counters; classification uses normalized keys and source evidence.
sha256:d8cad380dc8df43c3b2b,CHECKPOINT_ROOT,checkpoints_VicReg_original_NEW/vicreg_mu_30.0_epoch_69.pth,vicreg_mu_30.0_epoch_69.pth,23422376,d8cad380dc8df43c3b2bc8caa60729ef20979617cdd8e8150ed601359ad5e26c,SAFE_LOAD_OK,dict,epoch;model_state_dict;projector_state_dict;vicreg_loss,model_state_dict,846,549,PARTIAL_STATE,30.0,69,SoilNetDualHead,True,True,True,10,2,2x128,10x128,True,False,True,False,MODEL_COMPATIBLE;HAS_REG_HEAD;HAS_CLS_HEAD;HAS_LIGHT_BRANCH;HAS_EPOCH,Parameter tensor count excludes running statistics/counters; classification uses normalized keys and source evidence.
sha256:3863335f8c61dd0d0753,CHECKPOINT_ROOT,checkpoints_VicReg_original_NEW/vicreg_mu_30.0_epoch_7.pth,vicreg_mu_30.0_epoch_7.pth,23421783,3863335f8c61dd0d07537f4b607de54afd902484da7aeccf127cab5cad93ba68,SAFE_LOAD_OK,dict,epoch;model_state_dict;projector_state_dict;vicreg_loss,model_state_dict,846,549,PARTIAL_STATE,30.0,7,SoilNetDualHead,True,True,True,10,2,2x128,10x128,True,False,True,False,MODEL_COMPATIBLE;HAS_REG_HEAD;HAS_CLS_HEAD;HAS_LIGHT_BRANCH;HAS_EPOCH,Parameter tensor count excludes running statistics/counters; classification uses normalized keys and source evidence.
sha256:04d89140e2665b829f4a,CHECKPOINT_ROOT,checkpoints_VicReg_original_NEW/vicreg_mu_30.0_epoch_70.pth,vicreg_mu_30.0_epoch_70.pth,23422376,04d89140e2665b829f4aa602fe5acef3bcf2dd50c542adfd8756df952368c244,SAFE_LOAD_OK,dict,epoch;model_state_dict;projector_state_dict;vicreg_loss,model_state_dict,846,549,PARTIAL_STATE,30.0,70,SoilNetDualHead,True,True,True,10,2,2x128,10x128,True,False,True,False,MODEL_COMPATIBLE;HAS_REG_HEAD;HAS_CLS_HEAD;HAS_LIGHT_BRANCH;HAS_EPOCH,Parameter tensor count excludes running statistics/counters; classification uses normalized keys and source evidence.
sha256:e31e80d5c57e85167722,CHECKPOINT_ROOT,checkpoints_VicReg_original_NEW/vicreg_mu_30.0_epoch_71.pth,vicreg_mu_30.0_epoch_71.pth,23422376,e31e80d5c57e851677226e22e912ee52f6cd55cb7fc3a833dd524e047c247c29,SAFE_LOAD_OK,dict,epoch;model_state_dict;projector_state_dict;vicreg_loss,model_state_dict,846,549,PARTIAL_STATE,30.0,71,SoilNetDualHead,True,True,True,10,2,2x128,10x128,True,False,True,False,MODEL_COMPATIBLE;HAS_REG_HEAD;HAS_CLS_HEAD;HAS_LIGHT_BRANCH;HAS_EPOCH,Parameter tensor count excludes running statistics/counters; classification uses normalized keys and source evidence.
sha256:d68302dfc43f410f8534,CHECKPOINT_ROOT,checkpoints_VicReg_original_NEW/vicreg_mu_30.0_epoch_72.pth,vicreg_mu_30.0_epoch_72.pth,23422376,d68302dfc43f410f8534fec050ac5df10e9157b8fd3704b540f294cf59e4679d,SAFE_LOAD_OK,dict,epoch;model_state_dict;projector_state_dict;vicreg_loss,model_state_dict,846,549,PARTIAL_STATE,30.0,72,SoilNetDualHead,True,True,True,10,2,2x128,10x128,True,False,True,False,MODEL_COMPATIBLE;HAS_REG_HEAD;HAS_CLS_HEAD;HAS_LIGHT_BRANCH;HAS_EPOCH,Parameter tensor count excludes running statistics/counters; classification uses normalized keys and source evidence.
sha256:01b89c6429c3282861b2,CHECKPOINT_ROOT,checkpoints_VicReg_original_NEW/vicreg_mu_30.0_epoch_73.pth,vicreg_mu_30.0_epoch_73.pth,23422376,01b89c6429c3282861b2a93abe6b9cfd73628fe035eed355b4ac5d08b539ca73,SAFE_LOAD_OK,dict,epoch;model_state_dict;projector_state_dict;vicreg_loss,model_state_dict,846,549,PARTIAL_STATE,30.0,73,SoilNetDualHead,True,True,True,10,2,2x128,10x128,True,False,True,False,MODEL_COMPATIBLE;HAS_REG_HEAD;HAS_CLS_HEAD;HAS_LIGHT_BRANCH;HAS_EPOCH,Parameter tensor count excludes running statistics/counters; classification uses normalized keys and source evidence.
sha256:e53b53cc29af611ac716,CHECKPOINT_ROOT,checkpoints_VicReg_original_NEW/vicreg_mu_30.0_epoch_74.pth,vicreg_mu_30.0_epoch_74.pth,23422376,e53b53cc29af611ac716f7b85ad03f2e3fdf25bf590a87f6d870817cafdb7f3f,SAFE_LOAD_OK,dict,epoch;model_state_dict;projector_state_dict;vicreg_loss,model_state_dict,846,549,PARTIAL_STATE,30.0,74,SoilNetDualHead,True,True,True,10,2,2x128,10x128,True,False,True,False,MODEL_COMPATIBLE;HAS_REG_HEAD;HAS_CLS_HEAD;HAS_LIGHT_BRANCH;HAS_EPOCH,Parameter tensor count excludes running statistics/counters; classification uses normalized keys and source evidence.
sha256:0f97ef7b20019be24284,CHECKPOINT_ROOT,checkpoints_VicReg_original_NEW/vicreg_mu_30.0_epoch_75.pth,vicreg_mu_30.0_epoch_75.pth,23422376,0f97ef7b20019be2428499957a8832647f48539919ed4427eab13379a07d2426,SAFE_LOAD_OK,dict,epoch;model_state_dict;projector_state_dict;vicreg_loss,model_state_dict,846,549,PARTIAL_STATE,30.0,75,SoilNetDualHead,True,True,True,10,2,2x128,10x128,True,False,True,False,MODEL_COMPATIBLE;HAS_REG_HEAD;HAS_CLS_HEAD;HAS_LIGHT_BRANCH;HAS_EPOCH,Parameter tensor count excludes running statistics/counters; classification uses normalized keys and source evidence.
sha256:6566d636829dc01277f0,CHECKPOINT_ROOT,checkpoints_VicReg_original_NEW/vicreg_mu_30.0_epoch_76.pth,vicreg_mu_30.0_epoch_76.pth,23422376,6566d636829dc01277f0f0ba3b876098b572f9a8ef66591d91b26c6b8b9c552f,SAFE_LOAD_OK,dict,epoch;model_state_dict;projector_state_dict;vicreg_loss,model_state_dict,846,549,PARTIAL_STATE,30.0,76,SoilNetDualHead,True,True,True,10,2,2x128,10x128,True,False,True,False,MODEL_COMPATIBLE;HAS_REG_HEAD;HAS_CLS_HEAD;HAS_LIGHT_BRANCH;HAS_EPOCH,Parameter tensor count excludes running statistics/counters; classification uses normalized keys and source evidence.
sha256:fe27e2b1f13ed2a5406a,CHECKPOINT_ROOT,checkpoints_VicReg_original_NEW/vicreg_mu_30.0_epoch_77.pth,vicreg_mu_30.0_epoch_77.pth,23422376,fe27e2b1f13ed2a5406a80dbad221421b78d297a334986487d2bfc9dd00ffb8a,SAFE_LOAD_OK,dict,epoch;model_state_dict;projector_state_dict;vicreg_loss,model_state_dict,846,549,PARTIAL_STATE,30.0,77,SoilNetDualHead,True,True,True,10,2,2x128,10x128,True,False,True,False,MODEL_COMPATIBLE;HAS_REG_HEAD;HAS_CLS_HEAD;HAS_LIGHT_BRANCH;HAS_EPOCH,Parameter tensor count excludes running statistics/counters; classification uses normalized keys and source evidence.
sha256:a12c249c5a70cd51dd17,CHECKPOINT_ROOT,checkpoints_VicReg_original_NEW/vicreg_mu_30.0_epoch_78.pth,vicreg_mu_30.0_epoch_78.pth,23422376,a12c249c5a70cd51dd178852463fcd06538febba7f1b429b9363f266be3de3e5,SAFE_LOAD_OK,dict,epoch;model_state_dict;projector_state_dict;vicreg_loss,model_state_dict,846,549,PARTIAL_STATE,30.0,78,SoilNetDualHead,True,True,True,10,2,2x128,10x128,True,False,True,False,MODEL_COMPATIBLE;HAS_REG_HEAD;HAS_CLS_HEAD;HAS_LIGHT_BRANCH;HAS_EPOCH,Parameter tensor count excludes running statistics/counters; classification uses normalized keys and source evidence.
sha256:20545d30d5fa44c41bcd,CHECKPOINT_ROOT,checkpoints_VicReg_original_NEW/vicreg_mu_30.0_epoch_79.pth,vicreg_mu_30.0_epoch_79.pth,23422376,20545d30d5fa44c41bcd662edef48c88dcad846d2c8c7154e8dfad5877a9aa4d,SAFE_LOAD_OK,dict,epoch;model_state_dict;projector_state_dict;vicreg_loss,model_state_dict,846,549,PARTIAL_STATE,30.0,79,SoilNetDualHead,True,True,True,10,2,2x128,10x128,True,False,True,False,MODEL_COMPATIBLE;HAS_REG_HEAD;HAS_CLS_HEAD;HAS_LIGHT_BRANCH;HAS_EPOCH,Parameter tensor count excludes running statistics/counters; classification uses normalized keys and source evidence.
sha256:cc930eb7e9c6eb417577,CHECKPOINT_ROOT,checkpoints_VicReg_original_NEW/vicreg_mu_30.0_epoch_8.pth,vicreg_mu_30.0_epoch_8.pth,23421783,cc930eb7e9c6eb4175779930933aba5e7c1abef53d3997ee21f1bbdb13e179dd,SAFE_LOAD_OK,dict,epoch;model_state_dict;projector_state_dict;vicreg_loss,model_state_dict,846,549,PARTIAL_STATE,30.0,8,SoilNetDualHead,True,True,True,10,2,2x128,10x128,True,False,True,False,MODEL_COMPATIBLE;HAS_REG_HEAD;HAS_CLS_HEAD;HAS_LIGHT_BRANCH;HAS_EPOCH,Parameter tensor count excludes running statistics/counters; classification uses normalized keys and source evidence.
sha256:dd4169a66ef2a2da788b,CHECKPOINT_ROOT,checkpoints_VicReg_original_NEW/vicreg_mu_30.0_epoch_80.pth,vicreg_mu_30.0_epoch_80.pth,23422376,dd4169a66ef2a2da788be19e90537390aac87c4fa7f18a4186edd5a97c49ee4d,SAFE_LOAD_OK,dict,epoch;model_state_dict;projector_state_dict;vicreg_loss,model_state_dict,846,549,PARTIAL_STATE,30.0,80,SoilNetDualHead,True,True,True,10,2,2x128,10x128,True,False,True,False,MODEL_COMPATIBLE;HAS_REG_HEAD;HAS_CLS_HEAD;HAS_LIGHT_BRANCH;HAS_EPOCH,Parameter tensor count excludes running statistics/counters; classification uses normalized keys and source evidence.
sha256:bbb3756b7fdf750437e7,CHECKPOINT_ROOT,checkpoints_VicReg_original_NEW/vicreg_mu_30.0_epoch_9.pth,vicreg_mu_30.0_epoch_9.pth,23421783,bbb3756b7fdf750437e79bda0b10eee77cb67e11da4605f75c5b83ab3ac60bb3,SAFE_LOAD_OK,dict,epoch;model_state_dict;projector_state_dict;vicreg_loss,model_state_dict,846,549,PARTIAL_STATE,30.0,9,SoilNetDualHead,True,True,True,10,2,2x128,10x128,True,False,True,False,MODEL_COMPATIBLE;HAS_REG_HEAD;HAS_CLS_HEAD;HAS_LIGHT_BRANCH;HAS_EPOCH,Parameter tensor count excludes running statistics/counters; classification uses normalized keys and source evidence.
sha256:889324d14a348bbc8084,CHECKPOINT_ROOT,checkpoints_VicReg_original_NEW/vicreg_mu_33.0_epoch_1.pth,vicreg_mu_33.0_epoch_1.pth,23421783,889324d14a348bbc80843fa7149fbed76843e1b027c7409b93bd54dafe86632d,SAFE_LOAD_OK,dict,epoch;model_state_dict;projector_state_dict;vicreg_loss,model_state_dict,846,549,PARTIAL_STATE,33.0,1,SoilNetDualHead,True,True,True,10,2,2x128,10x128,True,False,True,False,MODEL_COMPATIBLE;HAS_REG_HEAD;HAS_CLS_HEAD;HAS_LIGHT_BRANCH;HAS_EPOCH,Parameter tensor count excludes running statistics/counters; classification uses normalized keys and source evidence.
sha256:00a7269e77e4ee2a3f6b,CHECKPOINT_ROOT,checkpoints_VicReg_original_NEW/vicreg_mu_33.0_epoch_10.pth,vicreg_mu_33.0_epoch_10.pth,23422376,00a7269e77e4ee2a3f6baa881ef5c7c7fb32f52470968b89dc48c468ce9355f7,SAFE_LOAD_OK,dict,epoch;model_state_dict;projector_state_dict;vicreg_loss,model_state_dict,846,549,PARTIAL_STATE,33.0,10,SoilNetDualHead,True,True,True,10,2,2x128,10x128,True,False,True,False,MODEL_COMPATIBLE;HAS_REG_HEAD;HAS_CLS_HEAD;HAS_LIGHT_BRANCH;HAS_EPOCH,Parameter tensor count excludes running statistics/counters; classification uses normalized keys and source evidence.
sha256:eb36bd46e245e412933c,CHECKPOINT_ROOT,checkpoints_VicReg_original_NEW/vicreg_mu_33.0_epoch_11.pth,vicreg_mu_33.0_epoch_11.pth,23422376,eb36bd46e245e412933cff6d979d7d198996f2f7a66b394f8d072623c09bba97,SAFE_LOAD_OK,dict,epoch;model_state_dict;projector_state_dict;vicreg_loss,model_state_dict,846,549,PARTIAL_STATE,33.0,11,SoilNetDualHead,True,True,True,10,2,2x128,10x128,True,False,True,False,MODEL_COMPATIBLE;HAS_REG_HEAD;HAS_CLS_HEAD;HAS_LIGHT_BRANCH;HAS_EPOCH,Parameter tensor count excludes running statistics/counters; classification uses normalized keys and source evidence.
sha256:db0b7025604f395fa677,CHECKPOINT_ROOT,checkpoints_VicReg_original_NEW/vicreg_mu_33.0_epoch_12.pth,vicreg_mu_33.0_epoch_12.pth,23422376,db0b7025604f395fa67730f23bb461e7f2a9ef46a849eea1c51f9e9f813e3b2f,SAFE_LOAD_OK,dict,epoch;model_state_dict;projector_state_dict;vicreg_loss,model_state_dict,846,549,PARTIAL_STATE,33.0,12,SoilNetDualHead,True,True,True,10,2,2x128,10x128,True,False,True,False,MODEL_COMPATIBLE;HAS_REG_HEAD;HAS_CLS_HEAD;HAS_LIGHT_BRANCH;HAS_EPOCH,Parameter tensor count excludes running statistics/counters; classification uses normalized keys and source evidence.
sha256:26ba783a3833ba0f442b,CHECKPOINT_ROOT,checkpoints_VicReg_original_NEW/vicreg_mu_33.0_epoch_13.pth,vicreg_mu_33.0_epoch_13.pth,23422376,26ba783a3833ba0f442b3762c538d5449e19488b599f56c854bab90ff0229145,SAFE_LOAD_OK,dict,epoch;model_state_dict;projector_state_dict;vicreg_loss,model_state_dict,846,549,PARTIAL_STATE,33.0,13,SoilNetDualHead,True,True,True,10,2,2x128,10x128,True,False,True,False,MODEL_COMPATIBLE;HAS_REG_HEAD;HAS_CLS_HEAD;HAS_LIGHT_BRANCH;HAS_EPOCH,Parameter tensor count excludes running statistics/counters; classification uses normalized keys and source evidence.
sha256:702f642e77309bbc9074,CHECKPOINT_ROOT,checkpoints_VicReg_original_NEW/vicreg_mu_33.0_epoch_14.pth,vicreg_mu_33.0_epoch_14.pth,23422376,702f642e77309bbc9074fddd3d08614a1454f0de1aff4c6ed40cd350741bfe72,SAFE_LOAD_OK,dict,epoch;model_state_dict;projector_state_dict;vicreg_loss,model_state_dict,846,549,PARTIAL_STATE,33.0,14,SoilNetDualHead,True,True,True,10,2,2x128,10x128,True,False,True,False,MODEL_COMPATIBLE;HAS_REG_HEAD;HAS_CLS_HEAD;HAS_LIGHT_BRANCH;HAS_EPOCH,Parameter tensor count excludes running statistics/counters; classification uses normalized keys and source evidence.
sha256:8a6c5045b1271ddb3eac,CHECKPOINT_ROOT,checkpoints_VicReg_original_NEW/vicreg_mu_33.0_epoch_15.pth,vicreg_mu_33.0_epoch_15.pth,23422376,8a6c5045b1271ddb3eac7167bf85dc0c26f27764dac3e5cd82804151746d958b,SAFE_LOAD_OK,dict,epoch;model_state_dict;projector_state_dict;vicreg_loss,model_state_dict,846,549,PARTIAL_STATE,33.0,15,SoilNetDualHead,True,True,True,10,2,2x128,10x128,True,False,True,False,MODEL_COMPATIBLE;HAS_REG_HEAD;HAS_CLS_HEAD;HAS_LIGHT_BRANCH;HAS_EPOCH,Parameter tensor count excludes running statistics/counters; classification uses normalized keys and source evidence.
sha256:94bc23354b56d0d53c45,CHECKPOINT_ROOT,checkpoints_VicReg_original_NEW/vicreg_mu_33.0_epoch_16.pth,vicreg_mu_33.0_epoch_16.pth,23422376,94bc23354b56d0d53c455aa3f3a8f98c26dfa842af64e6cbefcf3aac23b9365d,SAFE_LOAD_OK,dict,epoch;model_state_dict;projector_state_dict;vicreg_loss,model_state_dict,846,549,PARTIAL_STATE,33.0,16,SoilNetDualHead,True,True,True,10,2,2x128,10x128,True,False,True,False,MODEL_COMPATIBLE;HAS_REG_HEAD;HAS_CLS_HEAD;HAS_LIGHT_BRANCH;HAS_EPOCH,Parameter tensor count excludes running statistics/counters; classification uses normalized keys and source evidence.
sha256:fd264762957f5c1e19ea,CHECKPOINT_ROOT,checkpoints_VicReg_original_NEW/vicreg_mu_33.0_epoch_17.pth,vicreg_mu_33.0_epoch_17.pth,23422376,fd264762957f5c1e19ea37edbcbe36312a7e3d779b403d2296c4141fbb9d6924,SAFE_LOAD_OK,dict,epoch;model_state_dict;projector_state_dict;vicreg_loss,model_state_dict,846,549,PARTIAL_STATE,33.0,17,SoilNetDualHead,True,True,True,10,2,2x128,10x128,True,False,True,False,MODEL_COMPATIBLE;HAS_REG_HEAD;HAS_CLS_HEAD;HAS_LIGHT_BRANCH;HAS_EPOCH,Parameter tensor count excludes running statistics/counters; classification uses normalized keys and source evidence.
sha256:2377064c101d8ac9f0de,CHECKPOINT_ROOT,checkpoints_VicReg_original_NEW/vicreg_mu_33.0_epoch_18.pth,vicreg_mu_33.0_epoch_18.pth,23422376,2377064c101d8ac9f0de06f40ef2e849d12264c456a82c670fde064b3835f03b,SAFE_LOAD_OK,dict,epoch;model_state_dict;projector_state_dict;vicreg_loss,model_state_dict,846,549,PARTIAL_STATE,33.0,18,SoilNetDualHead,True,True,True,10,2,2x128,10x128,True,False,True,False,MODEL_COMPATIBLE;HAS_REG_HEAD;HAS_CLS_HEAD;HAS_LIGHT_BRANCH;HAS_EPOCH,Parameter tensor count excludes running statistics/counters; classification uses normalized keys and source evidence.
sha256:c5ff4784e24f5b6ff78c,CHECKPOINT_ROOT,checkpoints_VicReg_original_NEW/vicreg_mu_33.0_epoch_19.pth,vicreg_mu_33.0_epoch_19.pth,23422376,c5ff4784e24f5b6ff78c26cd459b1d2483abe6c717fffc0a85665ed640751064,SAFE_LOAD_OK,dict,epoch;model_state_dict;projector_state_dict;vicreg_loss,model_state_dict,846,549,PARTIAL_STATE,33.0,19,SoilNetDualHead,True,True,True,10,2,2x128,10x128,True,False,True,False,MODEL_COMPATIBLE;HAS_REG_HEAD;HAS_CLS_HEAD;HAS_LIGHT_BRANCH;HAS_EPOCH,Parameter tensor count excludes running statistics/counters; classification uses normalized keys and source evidence.
sha256:f91bb9088b8561ce9975,CHECKPOINT_ROOT,checkpoints_VicReg_original_NEW/vicreg_mu_33.0_epoch_2.pth,vicreg_mu_33.0_epoch_2.pth,23421783,f91bb9088b8561ce99758c7179d4bd19225e618d21df5de3f9b10ea6c34bf8b8,SAFE_LOAD_OK,dict,epoch;model_state_dict;projector_state_dict;vicreg_loss,model_state_dict,846,549,PARTIAL_STATE,33.0,2,SoilNetDualHead,True,True,True,10,2,2x128,10x128,True,False,True,False,MODEL_COMPATIBLE;HAS_REG_HEAD;HAS_CLS_HEAD;HAS_LIGHT_BRANCH;HAS_EPOCH,Parameter tensor count excludes running statistics/counters; classification uses normalized keys and source evidence.
sha256:f9d24f6b1e140f04abaa,CHECKPOINT_ROOT,checkpoints_VicReg_original_NEW/vicreg_mu_33.0_epoch_20.pth,vicreg_mu_33.0_epoch_20.pth,23422376,f9d24f6b1e140f04abaafb8a91908a665930caff1177d2d9652501a9cb3a8d8c,SAFE_LOAD_OK,dict,epoch;model_state_dict;projector_state_dict;vicreg_loss,model_state_dict,846,549,PARTIAL_STATE,33.0,20,SoilNetDualHead,True,True,True,10,2,2x128,10x128,True,False,True,False,MODEL_COMPATIBLE;HAS_REG_HEAD;HAS_CLS_HEAD;HAS_LIGHT_BRANCH;HAS_EPOCH,Parameter tensor count excludes running statistics/counters; classification uses normalized keys and source evidence.
sha256:f4482c2da691396645f6,CHECKPOINT_ROOT,checkpoints_VicReg_original_NEW/vicreg_mu_33.0_epoch_21.pth,vicreg_mu_33.0_epoch_21.pth,23422376,f4482c2da691396645f6e39572a89ae145819b6ea2935c0575bc22c968b3c602,SAFE_LOAD_OK,dict,epoch;model_state_dict;projector_state_dict;vicreg_loss,model_state_dict,846,549,PARTIAL_STATE,33.0,21,SoilNetDualHead,True,True,True,10,2,2x128,10x128,True,False,True,False,MODEL_COMPATIBLE;HAS_REG_HEAD;HAS_CLS_HEAD;HAS_LIGHT_BRANCH;HAS_EPOCH,Parameter tensor count excludes running statistics/counters; classification uses normalized keys and source evidence.
sha256:045f0e003ed0d00727ff,CHECKPOINT_ROOT,checkpoints_VicReg_original_NEW/vicreg_mu_33.0_epoch_22.pth,vicreg_mu_33.0_epoch_22.pth,23422376,045f0e003ed0d00727ff1a3567d49aec653d2f4047008f4bbb20944fb868bcc3,SAFE_LOAD_OK,dict,epoch;model_state_dict;projector_state_dict;vicreg_loss,model_state_dict,846,549,PARTIAL_STATE,33.0,22,SoilNetDualHead,True,True,True,10,2,2x128,10x128,True,False,True,False,MODEL_COMPATIBLE;HAS_REG_HEAD;HAS_CLS_HEAD;HAS_LIGHT_BRANCH;HAS_EPOCH,Parameter tensor count excludes running statistics/counters; classification uses normalized keys and source evidence.
sha256:087f7d63d75b38fa7d25,CHECKPOINT_ROOT,checkpoints_VicReg_original_NEW/vicreg_mu_33.0_epoch_23.pth,vicreg_mu_33.0_epoch_23.pth,23422376,087f7d63d75b38fa7d25f37886bf17b898ddbd4f9b880492b66df8d72b23a10b,SAFE_LOAD_OK,dict,epoch;model_state_dict;projector_state_dict;vicreg_loss,model_state_dict,846,549,PARTIAL_STATE,33.0,23,SoilNetDualHead,True,True,True,10,2,2x128,10x128,True,False,True,False,MODEL_COMPATIBLE;HAS_REG_HEAD;HAS_CLS_HEAD;HAS_LIGHT_BRANCH;HAS_EPOCH,Parameter tensor count excludes running statistics/counters; classification uses normalized keys and source evidence.
sha256:3eadd6e044ebe23c3bd5,CHECKPOINT_ROOT,checkpoints_VicReg_original_NEW/vicreg_mu_33.0_epoch_24.pth,vicreg_mu_33.0_epoch_24.pth,23422376,3eadd6e044ebe23c3bd5ebc98d5aace1a6309e19898911fe6d2aaa09616113af,SAFE_LOAD_OK,dict,epoch;model_state_dict;projector_state_dict;vicreg_loss,model_state_dict,846,549,PARTIAL_STATE,33.0,24,SoilNetDualHead,True,True,True,10,2,2x128,10x128,True,False,True,False,MODEL_COMPATIBLE;HAS_REG_HEAD;HAS_CLS_HEAD;HAS_LIGHT_BRANCH;HAS_EPOCH,Parameter tensor count excludes running statistics/counters; classification uses normalized keys and source evidence.
sha256:3d379d887bd26df321b4,CHECKPOINT_ROOT,checkpoints_VicReg_original_NEW/vicreg_mu_33.0_epoch_25.pth,vicreg_mu_33.0_epoch_25.pth,23422376,3d379d887bd26df321b45bcccbeed70ee12021949f00e3b85cbde4258c5ead5a,SAFE_LOAD_OK,dict,epoch;model_state_dict;projector_state_dict;vicreg_loss,model_state_dict,846,549,PARTIAL_STATE,33.0,25,SoilNetDualHead,True,True,True,10,2,2x128,10x128,True,False,True,False,MODEL_COMPATIBLE;HAS_REG_HEAD;HAS_CLS_HEAD;HAS_LIGHT_BRANCH;HAS_EPOCH,Parameter tensor count excludes running statistics/counters; classification uses normalized keys and source evidence.
sha256:857a5a505bbd5f8f9071,CHECKPOINT_ROOT,checkpoints_VicReg_original_NEW/vicreg_mu_33.0_epoch_26.pth,vicreg_mu_33.0_epoch_26.pth,23422376,857a5a505bbd5f8f9071f1b849cec163263c97d33242f9d2c3b03d0e34c33584,SAFE_LOAD_OK,dict,epoch;model_state_dict;projector_state_dict;vicreg_loss,model_state_dict,846,549,PARTIAL_STATE,33.0,26,SoilNetDualHead,True,True,True,10,2,2x128,10x128,True,False,True,False,MODEL_COMPATIBLE;HAS_REG_HEAD;HAS_CLS_HEAD;HAS_LIGHT_BRANCH;HAS_EPOCH,Parameter tensor count excludes running statistics/counters; classification uses normalized keys and source evidence.
sha256:2ea944652f915278e2a4,CHECKPOINT_ROOT,checkpoints_VicReg_original_NEW/vicreg_mu_33.0_epoch_27.pth,vicreg_mu_33.0_epoch_27.pth,23422376,2ea944652f915278e2a4b9199c9b882ac93611ed42487096e23d5d136c5bb3bc,SAFE_LOAD_OK,dict,epoch;model_state_dict;projector_state_dict;vicreg_loss,model_state_dict,846,549,PARTIAL_STATE,33.0,27,SoilNetDualHead,True,True,True,10,2,2x128,10x128,True,False,True,False,MODEL_COMPATIBLE;HAS_REG_HEAD;HAS_CLS_HEAD;HAS_LIGHT_BRANCH;HAS_EPOCH,Parameter tensor count excludes running statistics/counters; classification uses normalized keys and source evidence.
sha256:6bc022b13952b76ab9ca,CHECKPOINT_ROOT,checkpoints_VicReg_original_NEW/vicreg_mu_33.0_epoch_28.pth,vicreg_mu_33.0_epoch_28.pth,23422376,6bc022b13952b76ab9ca2c6244dfa8bfc8b9426849a18315eaf396a4c9411ce7,SAFE_LOAD_OK,dict,epoch;model_state_dict;projector_state_dict;vicreg_loss,model_state_dict,846,549,PARTIAL_STATE,33.0,28,SoilNetDualHead,True,True,True,10,2,2x128,10x128,True,False,True,False,MODEL_COMPATIBLE;HAS_REG_HEAD;HAS_CLS_HEAD;HAS_LIGHT_BRANCH;HAS_EPOCH,Parameter tensor count excludes running statistics/counters; classification uses normalized keys and source evidence.
sha256:5da1bfe692da1d96782b,CHECKPOINT_ROOT,checkpoints_VicReg_original_NEW/vicreg_mu_33.0_epoch_29.pth,vicreg_mu_33.0_epoch_29.pth,23422376,5da1bfe692da1d96782b23a77364a548345d972c04af140a5bde3f6d1e3ecbef,SAFE_LOAD_OK,dict,epoch;model_state_dict;projector_state_dict;vicreg_loss,model_state_dict,846,549,PARTIAL_STATE,33.0,29,SoilNetDualHead,True,True,True,10,2,2x128,10x128,True,False,True,False,MODEL_COMPATIBLE;HAS_REG_HEAD;HAS_CLS_HEAD;HAS_LIGHT_BRANCH;HAS_EPOCH,Parameter tensor count excludes running statistics/counters; classification uses normalized keys and source evidence.
sha256:8200ef9bb87b8dcd3a91,CHECKPOINT_ROOT,checkpoints_VicReg_original_NEW/vicreg_mu_33.0_epoch_3.pth,vicreg_mu_33.0_epoch_3.pth,23421783,8200ef9bb87b8dcd3a91401b72103952987231d1c9ec9aea3f0fc62823693a1d,SAFE_LOAD_OK,dict,epoch;model_state_dict;projector_state_dict;vicreg_loss,model_state_dict,846,549,PARTIAL_STATE,33.0,3,SoilNetDualHead,True,True,True,10,2,2x128,10x128,True,False,True,False,MODEL_COMPATIBLE;HAS_REG_HEAD;HAS_CLS_HEAD;HAS_LIGHT_BRANCH;HAS_EPOCH,Parameter tensor count excludes running statistics/counters; classification uses normalized keys and source evidence.
sha256:32eb002e78058660de75,CHECKPOINT_ROOT,checkpoints_VicReg_original_NEW/vicreg_mu_33.0_epoch_30.pth,vicreg_mu_33.0_epoch_30.pth,23422376,32eb002e78058660de7543f2f9ff4e90557a7c157a1e4f0553051982ebcc3f9c,SAFE_LOAD_OK,dict,epoch;model_state_dict;projector_state_dict;vicreg_loss,model_state_dict,846,549,PARTIAL_STATE,33.0,30,SoilNetDualHead,True,True,True,10,2,2x128,10x128,True,False,True,False,MODEL_COMPATIBLE;HAS_REG_HEAD;HAS_CLS_HEAD;HAS_LIGHT_BRANCH;HAS_EPOCH,Parameter tensor count excludes running statistics/counters; classification uses normalized keys and source evidence.
sha256:46cecf054c64f658b6eb,CHECKPOINT_ROOT,checkpoints_VicReg_original_NEW/vicreg_mu_33.0_epoch_31.pth,vicreg_mu_33.0_epoch_31.pth,23422376,46cecf054c64f658b6eb9192fb0b8bac6323f4a03c5d510ba90dc34353cbd46a,SAFE_LOAD_OK,dict,epoch;model_state_dict;projector_state_dict;vicreg_loss,model_state_dict,846,549,PARTIAL_STATE,33.0,31,SoilNetDualHead,True,True,True,10,2,2x128,10x128,True,False,True,False,MODEL_COMPATIBLE;HAS_REG_HEAD;HAS_CLS_HEAD;HAS_LIGHT_BRANCH;HAS_EPOCH,Parameter tensor count excludes running statistics/counters; classification uses normalized keys and source evidence.
sha256:211ceb6ef344814fda6a,CHECKPOINT_ROOT,checkpoints_VicReg_original_NEW/vicreg_mu_33.0_epoch_32.pth,vicreg_mu_33.0_epoch_32.pth,23422376,211ceb6ef344814fda6a93344bd7118bfc7defc978be898e96786dbd7eed1851,SAFE_LOAD_OK,dict,epoch;model_state_dict;projector_state_dict;vicreg_loss,model_state_dict,846,549,PARTIAL_STATE,33.0,32,SoilNetDualHead,True,True,True,10,2,2x128,10x128,True,False,True,False,MODEL_COMPATIBLE;HAS_REG_HEAD;HAS_CLS_HEAD;HAS_LIGHT_BRANCH;HAS_EPOCH,Parameter tensor count excludes running statistics/counters; classification uses normalized keys and source evidence.
sha256:e3fe11248941fe0c561f,CHECKPOINT_ROOT,checkpoints_VicReg_original_NEW/vicreg_mu_33.0_epoch_33.pth,vicreg_mu_33.0_epoch_33.pth,23422376,e3fe11248941fe0c561f6bd9e2e3ea4a2db1229eb31f98af797794d003d25223,SAFE_LOAD_OK,dict,epoch;model_state_dict;projector_state_dict;vicreg_loss,model_state_dict,846,549,PARTIAL_STATE,33.0,33,SoilNetDualHead,True,True,True,10,2,2x128,10x128,True,False,True,False,MODEL_COMPATIBLE;HAS_REG_HEAD;HAS_CLS_HEAD;HAS_LIGHT_BRANCH;HAS_EPOCH,Parameter tensor count excludes running statistics/counters; classification uses normalized keys and source evidence.
sha256:fe2c5b7a9fd65898c801,CHECKPOINT_ROOT,checkpoints_VicReg_original_NEW/vicreg_mu_33.0_epoch_34.pth,vicreg_mu_33.0_epoch_34.pth,23422376,fe2c5b7a9fd65898c801fdeb87561a6b154227dbe498044fa3309a0aa7d8330b,SAFE_LOAD_OK,dict,epoch;model_state_dict;projector_state_dict;vicreg_loss,model_state_dict,846,549,PARTIAL_STATE,33.0,34,SoilNetDualHead,True,True,True,10,2,2x128,10x128,True,False,True,False,MODEL_COMPATIBLE;HAS_REG_HEAD;HAS_CLS_HEAD;HAS_LIGHT_BRANCH;HAS_EPOCH,Parameter tensor count excludes running statistics/counters; classification uses normalized keys and source evidence.
sha256:1129c3f2830f2aa94f93,CHECKPOINT_ROOT,checkpoints_VicReg_original_NEW/vicreg_mu_33.0_epoch_35.pth,vicreg_mu_33.0_epoch_35.pth,23422376,1129c3f2830f2aa94f9389272764c649497abe5c640ef3123a8c51208787c35d,SAFE_LOAD_OK,dict,epoch;model_state_dict;projector_state_dict;vicreg_loss,model_state_dict,846,549,PARTIAL_STATE,33.0,35,SoilNetDualHead,True,True,True,10,2,2x128,10x128,True,False,True,False,MODEL_COMPATIBLE;HAS_REG_HEAD;HAS_CLS_HEAD;HAS_LIGHT_BRANCH;HAS_EPOCH,Parameter tensor count excludes running statistics/counters; classification uses normalized keys and source evidence.
sha256:b39e4b26e16c762a42d1,CHECKPOINT_ROOT,checkpoints_VicReg_original_NEW/vicreg_mu_33.0_epoch_36.pth,vicreg_mu_33.0_epoch_36.pth,23422376,b39e4b26e16c762a42d1868b3daf1e31fd614ab32d403c5a67f7a958ba307c9b,SAFE_LOAD_OK,dict,epoch;model_state_dict;projector_state_dict;vicreg_loss,model_state_dict,846,549,PARTIAL_STATE,33.0,36,SoilNetDualHead,True,True,True,10,2,2x128,10x128,True,False,True,False,MODEL_COMPATIBLE;HAS_REG_HEAD;HAS_CLS_HEAD;HAS_LIGHT_BRANCH;HAS_EPOCH,Parameter tensor count excludes running statistics/counters; classification uses normalized keys and source evidence.
sha256:e86fb707441e5474cc88,CHECKPOINT_ROOT,checkpoints_VicReg_original_NEW/vicreg_mu_33.0_epoch_37.pth,vicreg_mu_33.0_epoch_37.pth,23422376,e86fb707441e5474cc883cd706e5a7072d088d3f3f4593fae2abdf25e557ce92,SAFE_LOAD_OK,dict,epoch;model_state_dict;projector_state_dict;vicreg_loss,model_state_dict,846,549,PARTIAL_STATE,33.0,37,SoilNetDualHead,True,True,True,10,2,2x128,10x128,True,False,True,False,MODEL_COMPATIBLE;HAS_REG_HEAD;HAS_CLS_HEAD;HAS_LIGHT_BRANCH;HAS_EPOCH,Parameter tensor count excludes running statistics/counters; classification uses normalized keys and source evidence.
sha256:011e1af375d8bab162e4,CHECKPOINT_ROOT,checkpoints_VicReg_original_NEW/vicreg_mu_33.0_epoch_38.pth,vicreg_mu_33.0_epoch_38.pth,23422376,011e1af375d8bab162e41fce1fef69cfac92c4e48c08cf160d6012123dba057a,SAFE_LOAD_OK,dict,epoch;model_state_dict;projector_state_dict;vicreg_loss,model_state_dict,846,549,PARTIAL_STATE,33.0,38,SoilNetDualHead,True,True,True,10,2,2x128,10x128,True,False,True,False,MODEL_COMPATIBLE;HAS_REG_HEAD;HAS_CLS_HEAD;HAS_LIGHT_BRANCH;HAS_EPOCH,Parameter tensor count excludes running statistics/counters; classification uses normalized keys and source evidence.
sha256:701c6e858256ae3e152f,CHECKPOINT_ROOT,checkpoints_VicReg_original_NEW/vicreg_mu_33.0_epoch_39.pth,vicreg_mu_33.0_epoch_39.pth,23422376,701c6e858256ae3e152f81726a2334d24faab605c72b100377a7423e39bbee7d,SAFE_LOAD_OK,dict,epoch;model_state_dict;projector_state_dict;vicreg_loss,model_state_dict,846,549,PARTIAL_STATE,33.0,39,SoilNetDualHead,True,True,True,10,2,2x128,10x128,True,False,True,False,MODEL_COMPATIBLE;HAS_REG_HEAD;HAS_CLS_HEAD;HAS_LIGHT_BRANCH;HAS_EPOCH,Parameter tensor count excludes running statistics/counters; classification uses normalized keys and source evidence.
sha256:ce39a15908df0b4c9e4c,CHECKPOINT_ROOT,checkpoints_VicReg_original_NEW/vicreg_mu_33.0_epoch_4.pth,vicreg_mu_33.0_epoch_4.pth,23421783,ce39a15908df0b4c9e4c459c344d11155a295e10936ec1643160f8641a2bee0a,SAFE_LOAD_OK,dict,epoch;model_state_dict;projector_state_dict;vicreg_loss,model_state_dict,846,549,PARTIAL_STATE,33.0,4,SoilNetDualHead,True,True,True,10,2,2x128,10x128,True,False,True,False,MODEL_COMPATIBLE;HAS_REG_HEAD;HAS_CLS_HEAD;HAS_LIGHT_BRANCH;HAS_EPOCH,Parameter tensor count excludes running statistics/counters; classification uses normalized keys and source evidence.
sha256:1ffdcbe48b081c59065a,CHECKPOINT_ROOT,checkpoints_VicReg_original_NEW/vicreg_mu_33.0_epoch_40.pth,vicreg_mu_33.0_epoch_40.pth,23422376,1ffdcbe48b081c59065a29718cb3ca92d361373ebf52e60e15febd59ea2f68e9,SAFE_LOAD_OK,dict,epoch;model_state_dict;projector_state_dict;vicreg_loss,model_state_dict,846,549,PARTIAL_STATE,33.0,40,SoilNetDualHead,True,True,True,10,2,2x128,10x128,True,False,True,False,MODEL_COMPATIBLE;HAS_REG_HEAD;HAS_CLS_HEAD;HAS_LIGHT_BRANCH;HAS_EPOCH,Parameter tensor count excludes running statistics/counters; classification uses normalized keys and source evidence.
sha256:eb711e2f569e7001a83b,CHECKPOINT_ROOT,checkpoints_VicReg_original_NEW/vicreg_mu_33.0_epoch_41.pth,vicreg_mu_33.0_epoch_41.pth,23422376,eb711e2f569e7001a83b7c801698a0150be913f80d43ddc8d46de78977e2d29d,SAFE_LOAD_OK,dict,epoch;model_state_dict;projector_state_dict;vicreg_loss,model_state_dict,846,549,PARTIAL_STATE,33.0,41,SoilNetDualHead,True,True,True,10,2,2x128,10x128,True,False,True,False,MODEL_COMPATIBLE;HAS_REG_HEAD;HAS_CLS_HEAD;HAS_LIGHT_BRANCH;HAS_EPOCH,Parameter tensor count excludes running statistics/counters; classification uses normalized keys and source evidence.
sha256:8e40755ce7957732f6d5,CHECKPOINT_ROOT,checkpoints_VicReg_original_NEW/vicreg_mu_33.0_epoch_42.pth,vicreg_mu_33.0_epoch_42.pth,23422376,8e40755ce7957732f6d593c1667b11848a083328e9f099455e059b940323f454,SAFE_LOAD_OK,dict,epoch;model_state_dict;projector_state_dict;vicreg_loss,model_state_dict,846,549,PARTIAL_STATE,33.0,42,SoilNetDualHead,True,True,True,10,2,2x128,10x128,True,False,True,False,MODEL_COMPATIBLE;HAS_REG_HEAD;HAS_CLS_HEAD;HAS_LIGHT_BRANCH;HAS_EPOCH,Parameter tensor count excludes running statistics/counters; classification uses normalized keys and source evidence.
sha256:01b349bdeccee452f1b6,CHECKPOINT_ROOT,checkpoints_VicReg_original_NEW/vicreg_mu_33.0_epoch_43.pth,vicreg_mu_33.0_epoch_43.pth,23422376,01b349bdeccee452f1b6aefa603d67a28a3e76fdb89d19a9c0187617e48bc10c,SAFE_LOAD_OK,dict,epoch;model_state_dict;projector_state_dict;vicreg_loss,model_state_dict,846,549,PARTIAL_STATE,33.0,43,SoilNetDualHead,True,True,True,10,2,2x128,10x128,True,False,True,False,MODEL_COMPATIBLE;HAS_REG_HEAD;HAS_CLS_HEAD;HAS_LIGHT_BRANCH;HAS_EPOCH,Parameter tensor count excludes running statistics/counters; classification uses normalized keys and source evidence.
sha256:6f5b72d4b0e42cadec66,CHECKPOINT_ROOT,checkpoints_VicReg_original_NEW/vicreg_mu_33.0_epoch_44.pth,vicreg_mu_33.0_epoch_44.pth,23422376,6f5b72d4b0e42cadec66bdab9b251a4332f10c9866fb5b0bd2e9a35e5bfb074c,SAFE_LOAD_OK,dict,epoch;model_state_dict;projector_state_dict;vicreg_loss,model_state_dict,846,549,PARTIAL_STATE,33.0,44,SoilNetDualHead,True,True,True,10,2,2x128,10x128,True,False,True,False,MODEL_COMPATIBLE;HAS_REG_HEAD;HAS_CLS_HEAD;HAS_LIGHT_BRANCH;HAS_EPOCH,Parameter tensor count excludes running statistics/counters; classification uses normalized keys and source evidence.
sha256:d9b6437828420eb42a8c,CHECKPOINT_ROOT,checkpoints_VicReg_original_NEW/vicreg_mu_33.0_epoch_45.pth,vicreg_mu_33.0_epoch_45.pth,23422376,d9b6437828420eb42a8cf434ee50cc75de423a619e7c369c290816776777fc50,SAFE_LOAD_OK,dict,epoch;model_state_dict;projector_state_dict;vicreg_loss,model_state_dict,846,549,PARTIAL_STATE,33.0,45,SoilNetDualHead,True,True,True,10,2,2x128,10x128,True,False,True,False,MODEL_COMPATIBLE;HAS_REG_HEAD;HAS_CLS_HEAD;HAS_LIGHT_BRANCH;HAS_EPOCH,Parameter tensor count excludes running statistics/counters; classification uses normalized keys and source evidence.
sha256:813041d2d69748c633db,CHECKPOINT_ROOT,checkpoints_VicReg_original_NEW/vicreg_mu_33.0_epoch_46.pth,vicreg_mu_33.0_epoch_46.pth,23422376,813041d2d69748c633db9eed63a61190be4a637ebd7849148e8b7cc3c21422a7,SAFE_LOAD_OK,dict,epoch;model_state_dict;projector_state_dict;vicreg_loss,model_state_dict,846,549,PARTIAL_STATE,33.0,46,SoilNetDualHead,True,True,True,10,2,2x128,10x128,True,False,True,False,MODEL_COMPATIBLE;HAS_REG_HEAD;HAS_CLS_HEAD;HAS_LIGHT_BRANCH;HAS_EPOCH,Parameter tensor count excludes running statistics/counters; classification uses normalized keys and source evidence.
sha256:44143aa983ee05abb198,CHECKPOINT_ROOT,checkpoints_VicReg_original_NEW/vicreg_mu_33.0_epoch_47.pth,vicreg_mu_33.0_epoch_47.pth,23422376,44143aa983ee05abb1981578259baf881181089e3b577d07d9052ad62ea508c0,SAFE_LOAD_OK,dict,epoch;model_state_dict;projector_state_dict;vicreg_loss,model_state_dict,846,549,PARTIAL_STATE,33.0,47,SoilNetDualHead,True,True,True,10,2,2x128,10x128,True,False,True,False,MODEL_COMPATIBLE;HAS_REG_HEAD;HAS_CLS_HEAD;HAS_LIGHT_BRANCH;HAS_EPOCH,Parameter tensor count excludes running statistics/counters; classification uses normalized keys and source evidence.
sha256:1ee759b0a372ca27854a,CHECKPOINT_ROOT,checkpoints_VicReg_original_NEW/vicreg_mu_33.0_epoch_48.pth,vicreg_mu_33.0_epoch_48.pth,23422376,1ee759b0a372ca27854afb1e9db0e7faa5eddce349a18f1c851295315bbca6a6,SAFE_LOAD_OK,dict,epoch;model_state_dict;projector_state_dict;vicreg_loss,model_state_dict,846,549,PARTIAL_STATE,33.0,48,SoilNetDualHead,True,True,True,10,2,2x128,10x128,True,False,True,False,MODEL_COMPATIBLE;HAS_REG_HEAD;HAS_CLS_HEAD;HAS_LIGHT_BRANCH;HAS_EPOCH,Parameter tensor count excludes running statistics/counters; classification uses normalized keys and source evidence.
sha256:e8406f65dc499f24971d,CHECKPOINT_ROOT,checkpoints_VicReg_original_NEW/vicreg_mu_33.0_epoch_49.pth,vicreg_mu_33.0_epoch_49.pth,23422376,e8406f65dc499f24971d5e804a9b591922f1bb83d1e4da506a768b3a6bedb21b,SAFE_LOAD_OK,dict,epoch;model_state_dict;projector_state_dict;vicreg_loss,model_state_dict,846,549,PARTIAL_STATE,33.0,49,SoilNetDualHead,True,True,True,10,2,2x128,10x128,True,False,True,False,MODEL_COMPATIBLE;HAS_REG_HEAD;HAS_CLS_HEAD;HAS_LIGHT_BRANCH;HAS_EPOCH,Parameter tensor count excludes running statistics/counters; classification uses normalized keys and source evidence.
sha256:92b99da97e3ab258ef32,CHECKPOINT_ROOT,checkpoints_VicReg_original_NEW/vicreg_mu_33.0_epoch_5.pth,vicreg_mu_33.0_epoch_5.pth,23421783,92b99da97e3ab258ef32866b55f85cc0e6266aa80e5696aa4f24eeab160ca24f,SAFE_LOAD_OK,dict,epoch;model_state_dict;projector_state_dict;vicreg_loss,model_state_dict,846,549,PARTIAL_STATE,33.0,5,SoilNetDualHead,True,True,True,10,2,2x128,10x128,True,False,True,False,MODEL_COMPATIBLE;HAS_REG_HEAD;HAS_CLS_HEAD;HAS_LIGHT_BRANCH;HAS_EPOCH,Parameter tensor count excludes running statistics/counters; classification uses normalized keys and source evidence.
sha256:dac8d660550e9a4741cc,CHECKPOINT_ROOT,checkpoints_VicReg_original_NEW/vicreg_mu_33.0_epoch_50.pth,vicreg_mu_33.0_epoch_50.pth,23422376,dac8d660550e9a4741ccc504ff3db8074c0cc46284aaaff4f8f860f8a7729290,SAFE_LOAD_OK,dict,epoch;model_state_dict;projector_state_dict;vicreg_loss,model_state_dict,846,549,PARTIAL_STATE,33.0,50,SoilNetDualHead,True,True,True,10,2,2x128,10x128,True,False,True,False,MODEL_COMPATIBLE;HAS_REG_HEAD;HAS_CLS_HEAD;HAS_LIGHT_BRANCH;HAS_EPOCH,Parameter tensor count excludes running statistics/counters; classification uses normalized keys and source evidence.
sha256:c42de0528eee7e064207,CHECKPOINT_ROOT,checkpoints_VicReg_original_NEW/vicreg_mu_33.0_epoch_51.pth,vicreg_mu_33.0_epoch_51.pth,23422376,c42de0528eee7e0642075034caf2438e048c9d676597d1f1a993e1a123175bbf,SAFE_LOAD_OK,dict,epoch;model_state_dict;projector_state_dict;vicreg_loss,model_state_dict,846,549,PARTIAL_STATE,33.0,51,SoilNetDualHead,True,True,True,10,2,2x128,10x128,True,False,True,False,MODEL_COMPATIBLE;HAS_REG_HEAD;HAS_CLS_HEAD;HAS_LIGHT_BRANCH;HAS_EPOCH,Parameter tensor count excludes running statistics/counters; classification uses normalized keys and source evidence.
sha256:1ec6cccfa0315f48a734,CHECKPOINT_ROOT,checkpoints_VicReg_original_NEW/vicreg_mu_33.0_epoch_52.pth,vicreg_mu_33.0_epoch_52.pth,23422376,1ec6cccfa0315f48a734ec1e0cbf3ee6faa651aa8d66b9303ac1b21e2750bc25,SAFE_LOAD_OK,dict,epoch;model_state_dict;projector_state_dict;vicreg_loss,model_state_dict,846,549,PARTIAL_STATE,33.0,52,SoilNetDualHead,True,True,True,10,2,2x128,10x128,True,False,True,False,MODEL_COMPATIBLE;HAS_REG_HEAD;HAS_CLS_HEAD;HAS_LIGHT_BRANCH;HAS_EPOCH,Parameter tensor count excludes running statistics/counters; classification uses normalized keys and source evidence.
sha256:e7ea514b4faa436ca2c9,CHECKPOINT_ROOT,checkpoints_VicReg_original_NEW/vicreg_mu_33.0_epoch_53.pth,vicreg_mu_33.0_epoch_53.pth,23422376,e7ea514b4faa436ca2c9b38e7c991738813bab0a5b330af0e4c1bb331496338f,SAFE_LOAD_OK,dict,epoch;model_state_dict;projector_state_dict;vicreg_loss,model_state_dict,846,549,PARTIAL_STATE,33.0,53,SoilNetDualHead,True,True,True,10,2,2x128,10x128,True,False,True,False,MODEL_COMPATIBLE;HAS_REG_HEAD;HAS_CLS_HEAD;HAS_LIGHT_BRANCH;HAS_EPOCH,Parameter tensor count excludes running statistics/counters; classification uses normalized keys and source evidence.
sha256:7773d5bf01006d95a609,CHECKPOINT_ROOT,checkpoints_VicReg_original_NEW/vicreg_mu_33.0_epoch_54.pth,vicreg_mu_33.0_epoch_54.pth,23422376,7773d5bf01006d95a609abdd133268821f7e45600ff50f05ad14118fa5dd24b8,SAFE_LOAD_OK,dict,epoch;model_state_dict;projector_state_dict;vicreg_loss,model_state_dict,846,549,PARTIAL_STATE,33.0,54,SoilNetDualHead,True,True,True,10,2,2x128,10x128,True,False,True,False,MODEL_COMPATIBLE;HAS_REG_HEAD;HAS_CLS_HEAD;HAS_LIGHT_BRANCH;HAS_EPOCH,Parameter tensor count excludes running statistics/counters; classification uses normalized keys and source evidence.
sha256:4867457393b46b8368a0,CHECKPOINT_ROOT,checkpoints_VicReg_original_NEW/vicreg_mu_33.0_epoch_55.pth,vicreg_mu_33.0_epoch_55.pth,23422376,4867457393b46b8368a0401c71a830ad1b9c40ea6105f081664386f9d17901ad,SAFE_LOAD_OK,dict,epoch;model_state_dict;projector_state_dict;vicreg_loss,model_state_dict,846,549,PARTIAL_STATE,33.0,55,SoilNetDualHead,True,True,True,10,2,2x128,10x128,True,False,True,False,MODEL_COMPATIBLE;HAS_REG_HEAD;HAS_CLS_HEAD;HAS_LIGHT_BRANCH;HAS_EPOCH,Parameter tensor count excludes running statistics/counters; classification uses normalized keys and source evidence.
sha256:9d440341c005b8439ccc,CHECKPOINT_ROOT,checkpoints_VicReg_original_NEW/vicreg_mu_33.0_epoch_56.pth,vicreg_mu_33.0_epoch_56.pth,23422376,9d440341c005b8439ccc4f59a03b24a52b654aab35fe63d5df2ae3f04df74cbe,SAFE_LOAD_OK,dict,epoch;model_state_dict;projector_state_dict;vicreg_loss,model_state_dict,846,549,PARTIAL_STATE,33.0,56,SoilNetDualHead,True,True,True,10,2,2x128,10x128,True,False,True,False,MODEL_COMPATIBLE;HAS_REG_HEAD;HAS_CLS_HEAD;HAS_LIGHT_BRANCH;HAS_EPOCH,Parameter tensor count excludes running statistics/counters; classification uses normalized keys and source evidence.
sha256:148e9663150aad51b401,CHECKPOINT_ROOT,checkpoints_VicReg_original_NEW/vicreg_mu_33.0_epoch_57.pth,vicreg_mu_33.0_epoch_57.pth,23422376,148e9663150aad51b4010e38d53bb595309b1a3486661c889bca381b8c5d59cc,SAFE_LOAD_OK,dict,epoch;model_state_dict;projector_state_dict;vicreg_loss,model_state_dict,846,549,PARTIAL_STATE,33.0,57,SoilNetDualHead,True,True,True,10,2,2x128,10x128,True,False,True,False,MODEL_COMPATIBLE;HAS_REG_HEAD;HAS_CLS_HEAD;HAS_LIGHT_BRANCH;HAS_EPOCH,Parameter tensor count excludes running statistics/counters; classification uses normalized keys and source evidence.
sha256:5daa2f4e13b8091ea06a,CHECKPOINT_ROOT,checkpoints_VicReg_original_NEW/vicreg_mu_33.0_epoch_58.pth,vicreg_mu_33.0_epoch_58.pth,23422376,5daa2f4e13b8091ea06a2ca090a3ab33a9773d9107701bd65ef658700cdaf1b4,SAFE_LOAD_OK,dict,epoch;model_state_dict;projector_state_dict;vicreg_loss,model_state_dict,846,549,PARTIAL_STATE,33.0,58,SoilNetDualHead,True,True,True,10,2,2x128,10x128,True,False,True,False,MODEL_COMPATIBLE;HAS_REG_HEAD;HAS_CLS_HEAD;HAS_LIGHT_BRANCH;HAS_EPOCH,Parameter tensor count excludes running statistics/counters; classification uses normalized keys and source evidence.
sha256:64f47a8ffc58495860c3,CHECKPOINT_ROOT,checkpoints_VicReg_original_NEW/vicreg_mu_33.0_epoch_59.pth,vicreg_mu_33.0_epoch_59.pth,23422376,64f47a8ffc58495860c34c6486822f89968df558183fd8df3f18620808d08197,SAFE_LOAD_OK,dict,epoch;model_state_dict;projector_state_dict;vicreg_loss,model_state_dict,846,549,PARTIAL_STATE,33.0,59,SoilNetDualHead,True,True,True,10,2,2x128,10x128,True,False,True,False,MODEL_COMPATIBLE;HAS_REG_HEAD;HAS_CLS_HEAD;HAS_LIGHT_BRANCH;HAS_EPOCH,Parameter tensor count excludes running statistics/counters; classification uses normalized keys and source evidence.
sha256:1ec08da3be7120237944,CHECKPOINT_ROOT,checkpoints_VicReg_original_NEW/vicreg_mu_33.0_epoch_6.pth,vicreg_mu_33.0_epoch_6.pth,23421783,1ec08da3be71202379448cff8348f531362862d850ac8f476af7603e2bce644d,SAFE_LOAD_OK,dict,epoch;model_state_dict;projector_state_dict;vicreg_loss,model_state_dict,846,549,PARTIAL_STATE,33.0,6,SoilNetDualHead,True,True,True,10,2,2x128,10x128,True,False,True,False,MODEL_COMPATIBLE;HAS_REG_HEAD;HAS_CLS_HEAD;HAS_LIGHT_BRANCH;HAS_EPOCH,Parameter tensor count excludes running statistics/counters; classification uses normalized keys and source evidence.
sha256:4936e53313ea86e2569c,CHECKPOINT_ROOT,checkpoints_VicReg_original_NEW/vicreg_mu_33.0_epoch_60.pth,vicreg_mu_33.0_epoch_60.pth,23422376,4936e53313ea86e2569c32556129df6b3e05cfdb479050b80950ec5b461cb015,SAFE_LOAD_OK,dict,epoch;model_state_dict;projector_state_dict;vicreg_loss,model_state_dict,846,549,PARTIAL_STATE,33.0,60,SoilNetDualHead,True,True,True,10,2,2x128,10x128,True,False,True,False,MODEL_COMPATIBLE;HAS_REG_HEAD;HAS_CLS_HEAD;HAS_LIGHT_BRANCH;HAS_EPOCH,Parameter tensor count excludes running statistics/counters; classification uses normalized keys and source evidence.
sha256:fee7353ce4ec78fff214,CHECKPOINT_ROOT,checkpoints_VicReg_original_NEW/vicreg_mu_33.0_epoch_61.pth,vicreg_mu_33.0_epoch_61.pth,23422376,fee7353ce4ec78fff214d5a778750c3275e768bfbb2a0f83676a89474f72e5c0,SAFE_LOAD_OK,dict,epoch;model_state_dict;projector_state_dict;vicreg_loss,model_state_dict,846,549,PARTIAL_STATE,33.0,61,SoilNetDualHead,True,True,True,10,2,2x128,10x128,True,False,True,False,MODEL_COMPATIBLE;HAS_REG_HEAD;HAS_CLS_HEAD;HAS_LIGHT_BRANCH;HAS_EPOCH,Parameter tensor count excludes running statistics/counters; classification uses normalized keys and source evidence.
sha256:d08a5b0212df30dd0ba7,CHECKPOINT_ROOT,checkpoints_VicReg_original_NEW/vicreg_mu_33.0_epoch_62.pth,vicreg_mu_33.0_epoch_62.pth,23422376,d08a5b0212df30dd0ba7580b66647488d8d2f75c3cf9382279908a03822aca0e,SAFE_LOAD_OK,dict,epoch;model_state_dict;projector_state_dict;vicreg_loss,model_state_dict,846,549,PARTIAL_STATE,33.0,62,SoilNetDualHead,True,True,True,10,2,2x128,10x128,True,False,True,False,MODEL_COMPATIBLE;HAS_REG_HEAD;HAS_CLS_HEAD;HAS_LIGHT_BRANCH;HAS_EPOCH,Parameter tensor count excludes running statistics/counters; classification uses normalized keys and source evidence.
sha256:702cca6f47f53a35e014,CHECKPOINT_ROOT,checkpoints_VicReg_original_NEW/vicreg_mu_33.0_epoch_63.pth,vicreg_mu_33.0_epoch_63.pth,23422376,702cca6f47f53a35e014f8cce9395d6ccc9ad235551541e8904fb7fc5e0e6258,SAFE_LOAD_OK,dict,epoch;model_state_dict;projector_state_dict;vicreg_loss,model_state_dict,846,549,PARTIAL_STATE,33.0,63,SoilNetDualHead,True,True,True,10,2,2x128,10x128,True,False,True,False,MODEL_COMPATIBLE;HAS_REG_HEAD;HAS_CLS_HEAD;HAS_LIGHT_BRANCH;HAS_EPOCH,Parameter tensor count excludes running statistics/counters; classification uses normalized keys and source evidence.
sha256:aa56ec54104af19bc12e,CHECKPOINT_ROOT,checkpoints_VicReg_original_NEW/vicreg_mu_33.0_epoch_64.pth,vicreg_mu_33.0_epoch_64.pth,23422376,aa56ec54104af19bc12e361b0a28a3851a00e32fda45c79198f5221e7091c462,SAFE_LOAD_OK,dict,epoch;model_state_dict;projector_state_dict;vicreg_loss,model_state_dict,846,549,PARTIAL_STATE,33.0,64,SoilNetDualHead,True,True,True,10,2,2x128,10x128,True,False,True,False,MODEL_COMPATIBLE;HAS_REG_HEAD;HAS_CLS_HEAD;HAS_LIGHT_BRANCH;HAS_EPOCH,Parameter tensor count excludes running statistics/counters; classification uses normalized keys and source evidence.
sha256:772a4cda286ba87d750c,CHECKPOINT_ROOT,checkpoints_VicReg_original_NEW/vicreg_mu_33.0_epoch_65.pth,vicreg_mu_33.0_epoch_65.pth,23422376,772a4cda286ba87d750cb07d5a0317dd3ffcd9622ab19df860dc6786041d501d,SAFE_LOAD_OK,dict,epoch;model_state_dict;projector_state_dict;vicreg_loss,model_state_dict,846,549,PARTIAL_STATE,33.0,65,SoilNetDualHead,True,True,True,10,2,2x128,10x128,True,False,True,False,MODEL_COMPATIBLE;HAS_REG_HEAD;HAS_CLS_HEAD;HAS_LIGHT_BRANCH;HAS_EPOCH,Parameter tensor count excludes running statistics/counters; classification uses normalized keys and source evidence.
sha256:71f1cfe4b1ad971c16de,CHECKPOINT_ROOT,checkpoints_VicReg_original_NEW/vicreg_mu_33.0_epoch_66.pth,vicreg_mu_33.0_epoch_66.pth,23422376,71f1cfe4b1ad971c16de9597113fc63d42eddf9b5ca6ccd2035c857cce9881f8,SAFE_LOAD_OK,dict,epoch;model_state_dict;projector_state_dict;vicreg_loss,model_state_dict,846,549,PARTIAL_STATE,33.0,66,SoilNetDualHead,True,True,True,10,2,2x128,10x128,True,False,True,False,MODEL_COMPATIBLE;HAS_REG_HEAD;HAS_CLS_HEAD;HAS_LIGHT_BRANCH;HAS_EPOCH,Parameter tensor count excludes running statistics/counters; classification uses normalized keys and source evidence.
sha256:fbf4a8213afd272bbc08,CHECKPOINT_ROOT,checkpoints_VicReg_original_NEW/vicreg_mu_33.0_epoch_67.pth,vicreg_mu_33.0_epoch_67.pth,23422376,fbf4a8213afd272bbc0885f10e8b5af8309bb1300e1c13570498738a9f5dcee3,SAFE_LOAD_OK,dict,epoch;model_state_dict;projector_state_dict;vicreg_loss,model_state_dict,846,549,PARTIAL_STATE,33.0,67,SoilNetDualHead,True,True,True,10,2,2x128,10x128,True,False,True,False,MODEL_COMPATIBLE;HAS_REG_HEAD;HAS_CLS_HEAD;HAS_LIGHT_BRANCH;HAS_EPOCH,Parameter tensor count excludes running statistics/counters; classification uses normalized keys and source evidence.
sha256:55024e31ec1e5629bbee,CHECKPOINT_ROOT,checkpoints_VicReg_original_NEW/vicreg_mu_33.0_epoch_68.pth,vicreg_mu_33.0_epoch_68.pth,23422376,55024e31ec1e5629bbee341a4b9d29f2d507ee944bfce0774f8a9a327ed76aba,SAFE_LOAD_OK,dict,epoch;model_state_dict;projector_state_dict;vicreg_loss,model_state_dict,846,549,PARTIAL_STATE,33.0,68,SoilNetDualHead,True,True,True,10,2,2x128,10x128,True,False,True,False,MODEL_COMPATIBLE;HAS_REG_HEAD;HAS_CLS_HEAD;HAS_LIGHT_BRANCH;HAS_EPOCH,Parameter tensor count excludes running statistics/counters; classification uses normalized keys and source evidence.
sha256:c1ccc42706ab4a88c83a,CHECKPOINT_ROOT,checkpoints_VicReg_original_NEW/vicreg_mu_33.0_epoch_69.pth,vicreg_mu_33.0_epoch_69.pth,23422376,c1ccc42706ab4a88c83a6cfd5bf155a0e6ea43c88587fcba089039c2fd684986,SAFE_LOAD_OK,dict,epoch;model_state_dict;projector_state_dict;vicreg_loss,model_state_dict,846,549,PARTIAL_STATE,33.0,69,SoilNetDualHead,True,True,True,10,2,2x128,10x128,True,False,True,False,MODEL_COMPATIBLE;HAS_REG_HEAD;HAS_CLS_HEAD;HAS_LIGHT_BRANCH;HAS_EPOCH,Parameter tensor count excludes running statistics/counters; classification uses normalized keys and source evidence.
sha256:a932582b43134ec4b378,CHECKPOINT_ROOT,checkpoints_VicReg_original_NEW/vicreg_mu_33.0_epoch_7.pth,vicreg_mu_33.0_epoch_7.pth,23421783,a932582b43134ec4b378bbd086c35ab9527b337ffcfad3758f07354f7871e5ca,SAFE_LOAD_OK,dict,epoch;model_state_dict;projector_state_dict;vicreg_loss,model_state_dict,846,549,PARTIAL_STATE,33.0,7,SoilNetDualHead,True,True,True,10,2,2x128,10x128,True,False,True,False,MODEL_COMPATIBLE;HAS_REG_HEAD;HAS_CLS_HEAD;HAS_LIGHT_BRANCH;HAS_EPOCH,Parameter tensor count excludes running statistics/counters; classification uses normalized keys and source evidence.
sha256:5a1d299000921ac19ec7,CHECKPOINT_ROOT,checkpoints_VicReg_original_NEW/vicreg_mu_33.0_epoch_70.pth,vicreg_mu_33.0_epoch_70.pth,23422376,5a1d299000921ac19ec75538843f8614413c3d43039c6980e2d46e2364faf05f,SAFE_LOAD_OK,dict,epoch;model_state_dict;projector_state_dict;vicreg_loss,model_state_dict,846,549,PARTIAL_STATE,33.0,70,SoilNetDualHead,True,True,True,10,2,2x128,10x128,True,False,True,False,MODEL_COMPATIBLE;HAS_REG_HEAD;HAS_CLS_HEAD;HAS_LIGHT_BRANCH;HAS_EPOCH,Parameter tensor count excludes running statistics/counters; classification uses normalized keys and source evidence.
sha256:223ca6d444b1e95739f5,CHECKPOINT_ROOT,checkpoints_VicReg_original_NEW/vicreg_mu_33.0_epoch_71.pth,vicreg_mu_33.0_epoch_71.pth,23422376,223ca6d444b1e95739f567608cdb38a164c7eea6d1d46bd250a40c811c4e940b,SAFE_LOAD_OK,dict,epoch;model_state_dict;projector_state_dict;vicreg_loss,model_state_dict,846,549,PARTIAL_STATE,33.0,71,SoilNetDualHead,True,True,True,10,2,2x128,10x128,True,False,True,False,MODEL_COMPATIBLE;HAS_REG_HEAD;HAS_CLS_HEAD;HAS_LIGHT_BRANCH;HAS_EPOCH,Parameter tensor count excludes running statistics/counters; classification uses normalized keys and source evidence.
sha256:4f15ddef0f4ec32d5d5b,CHECKPOINT_ROOT,checkpoints_VicReg_original_NEW/vicreg_mu_33.0_epoch_72.pth,vicreg_mu_33.0_epoch_72.pth,23422376,4f15ddef0f4ec32d5d5b5f95113f75a4b1381cf331ad5b0c1cbbf3643b26a031,SAFE_LOAD_OK,dict,epoch;model_state_dict;projector_state_dict;vicreg_loss,model_state_dict,846,549,PARTIAL_STATE,33.0,72,SoilNetDualHead,True,True,True,10,2,2x128,10x128,True,False,True,False,MODEL_COMPATIBLE;HAS_REG_HEAD;HAS_CLS_HEAD;HAS_LIGHT_BRANCH;HAS_EPOCH,Parameter tensor count excludes running statistics/counters; classification uses normalized keys and source evidence.
sha256:efd29e6052198d03fede,CHECKPOINT_ROOT,checkpoints_VicReg_original_NEW/vicreg_mu_33.0_epoch_73.pth,vicreg_mu_33.0_epoch_73.pth,23422376,efd29e6052198d03fede7baf1d2213cd15b8b67ba1705e8f2f226ae11afc6b45,SAFE_LOAD_OK,dict,epoch;model_state_dict;projector_state_dict;vicreg_loss,model_state_dict,846,549,PARTIAL_STATE,33.0,73,SoilNetDualHead,True,True,True,10,2,2x128,10x128,True,False,True,False,MODEL_COMPATIBLE;HAS_REG_HEAD;HAS_CLS_HEAD;HAS_LIGHT_BRANCH;HAS_EPOCH,Parameter tensor count excludes running statistics/counters; classification uses normalized keys and source evidence.
sha256:7c5c76bcc015a40bb956,CHECKPOINT_ROOT,checkpoints_VicReg_original_NEW/vicreg_mu_33.0_epoch_74.pth,vicreg_mu_33.0_epoch_74.pth,23422376,7c5c76bcc015a40bb956a3815334c02f2a6b5b940537da13b1f2aab06ce1f1af,SAFE_LOAD_OK,dict,epoch;model_state_dict;projector_state_dict;vicreg_loss,model_state_dict,846,549,PARTIAL_STATE,33.0,74,SoilNetDualHead,True,True,True,10,2,2x128,10x128,True,False,True,False,MODEL_COMPATIBLE;HAS_REG_HEAD;HAS_CLS_HEAD;HAS_LIGHT_BRANCH;HAS_EPOCH,Parameter tensor count excludes running statistics/counters; classification uses normalized keys and source evidence.
sha256:2c5c15d9b489300acb34,CHECKPOINT_ROOT,checkpoints_VicReg_original_NEW/vicreg_mu_33.0_epoch_75.pth,vicreg_mu_33.0_epoch_75.pth,23422376,2c5c15d9b489300acb34749fee974a23f5bd681b22f02bcbef190acb82842d3a,SAFE_LOAD_OK,dict,epoch;model_state_dict;projector_state_dict;vicreg_loss,model_state_dict,846,549,PARTIAL_STATE,33.0,75,SoilNetDualHead,True,True,True,10,2,2x128,10x128,True,False,True,False,MODEL_COMPATIBLE;HAS_REG_HEAD;HAS_CLS_HEAD;HAS_LIGHT_BRANCH;HAS_EPOCH,Parameter tensor count excludes running statistics/counters; classification uses normalized keys and source evidence.
sha256:d157b757bd9a29474127,CHECKPOINT_ROOT,checkpoints_VicReg_original_NEW/vicreg_mu_33.0_epoch_76.pth,vicreg_mu_33.0_epoch_76.pth,23422376,d157b757bd9a29474127d95345b6a7487a9581e883ad0c37dd05e7c60a105d92,SAFE_LOAD_OK,dict,epoch;model_state_dict;projector_state_dict;vicreg_loss,model_state_dict,846,549,PARTIAL_STATE,33.0,76,SoilNetDualHead,True,True,True,10,2,2x128,10x128,True,False,True,False,MODEL_COMPATIBLE;HAS_REG_HEAD;HAS_CLS_HEAD;HAS_LIGHT_BRANCH;HAS_EPOCH,Parameter tensor count excludes running statistics/counters; classification uses normalized keys and source evidence.
sha256:c94239d2ff0d4c5561a5,CHECKPOINT_ROOT,checkpoints_VicReg_original_NEW/vicreg_mu_33.0_epoch_77.pth,vicreg_mu_33.0_epoch_77.pth,23422376,c94239d2ff0d4c5561a5a835baf3ea78678e2615d8e4a44363802590044c60d2,SAFE_LOAD_OK,dict,epoch;model_state_dict;projector_state_dict;vicreg_loss,model_state_dict,846,549,PARTIAL_STATE,33.0,77,SoilNetDualHead,True,True,True,10,2,2x128,10x128,True,False,True,False,MODEL_COMPATIBLE;HAS_REG_HEAD;HAS_CLS_HEAD;HAS_LIGHT_BRANCH;HAS_EPOCH,Parameter tensor count excludes running statistics/counters; classification uses normalized keys and source evidence.
sha256:7feb5091c7b1c35b8cb6,CHECKPOINT_ROOT,checkpoints_VicReg_original_NEW/vicreg_mu_33.0_epoch_78.pth,vicreg_mu_33.0_epoch_78.pth,23422376,7feb5091c7b1c35b8cb6f26ef2af9906261f1ab01a3a883ec01ca6ea8e647563,SAFE_LOAD_OK,dict,epoch;model_state_dict;projector_state_dict;vicreg_loss,model_state_dict,846,549,PARTIAL_STATE,33.0,78,SoilNetDualHead,True,True,True,10,2,2x128,10x128,True,False,True,False,MODEL_COMPATIBLE;HAS_REG_HEAD;HAS_CLS_HEAD;HAS_LIGHT_BRANCH;HAS_EPOCH,Parameter tensor count excludes running statistics/counters; classification uses normalized keys and source evidence.
sha256:e8df53795a536760fc27,CHECKPOINT_ROOT,checkpoints_VicReg_original_NEW/vicreg_mu_33.0_epoch_79.pth,vicreg_mu_33.0_epoch_79.pth,23422376,e8df53795a536760fc2744d339a2a85b27b08f8badaa65d5bb817c3dc353d119,SAFE_LOAD_OK,dict,epoch;model_state_dict;projector_state_dict;vicreg_loss,model_state_dict,846,549,PARTIAL_STATE,33.0,79,SoilNetDualHead,True,True,True,10,2,2x128,10x128,True,False,True,False,MODEL_COMPATIBLE;HAS_REG_HEAD;HAS_CLS_HEAD;HAS_LIGHT_BRANCH;HAS_EPOCH,Parameter tensor count excludes running statistics/counters; classification uses normalized keys and source evidence.
sha256:afc26d71f0292a766a93,CHECKPOINT_ROOT,checkpoints_VicReg_original_NEW/vicreg_mu_33.0_epoch_8.pth,vicreg_mu_33.0_epoch_8.pth,23421783,afc26d71f0292a766a93a8e47ef28962bd521c7d89efa56444ae3e8a575e3dab,SAFE_LOAD_OK,dict,epoch;model_state_dict;projector_state_dict;vicreg_loss,model_state_dict,846,549,PARTIAL_STATE,33.0,8,SoilNetDualHead,True,True,True,10,2,2x128,10x128,True,False,True,False,MODEL_COMPATIBLE;HAS_REG_HEAD;HAS_CLS_HEAD;HAS_LIGHT_BRANCH;HAS_EPOCH,Parameter tensor count excludes running statistics/counters; classification uses normalized keys and source evidence.
sha256:ce0229707b29fc28f09d,CHECKPOINT_ROOT,checkpoints_VicReg_original_NEW/vicreg_mu_33.0_epoch_80.pth,vicreg_mu_33.0_epoch_80.pth,23422376,ce0229707b29fc28f09dbb0a082dd49367980b6b9e42c294311f0f5b789a6fae,SAFE_LOAD_OK,dict,epoch;model_state_dict;projector_state_dict;vicreg_loss,model_state_dict,846,549,PARTIAL_STATE,33.0,80,SoilNetDualHead,True,True,True,10,2,2x128,10x128,True,False,True,False,MODEL_COMPATIBLE;HAS_REG_HEAD;HAS_CLS_HEAD;HAS_LIGHT_BRANCH;HAS_EPOCH,Parameter tensor count excludes running statistics/counters; classification uses normalized keys and source evidence.
sha256:0f336ad073d5a66afee0,CHECKPOINT_ROOT,checkpoints_VicReg_original_NEW/vicreg_mu_33.0_epoch_9.pth,vicreg_mu_33.0_epoch_9.pth,23421783,0f336ad073d5a66afee0bebe8aec242512822a3516c750bae6e460064ff7bd1f,SAFE_LOAD_OK,dict,epoch;model_state_dict;projector_state_dict;vicreg_loss,model_state_dict,846,549,PARTIAL_STATE,33.0,9,SoilNetDualHead,True,True,True,10,2,2x128,10x128,True,False,True,False,MODEL_COMPATIBLE;HAS_REG_HEAD;HAS_CLS_HEAD;HAS_LIGHT_BRANCH;HAS_EPOCH,Parameter tensor count excludes running statistics/counters; classification uses normalized keys and source evidence.
sha256:5984ab1bdecac99ab94f,CHECKPOINT_ROOT,checkpoints_VicReg_original_NEW/vicreg_projector_final_mu_20.0.pth,vicreg_projector_final_mu_20.0.pth,7217032,5984ab1bdecac99ab94fd9df62670feac8615ff5f7c7de25af15b7922ad5fbab,SAFE_LOAD_OK,OrderedDict,net.0.weight;net.0.bias;net.2.weight;net.2.bias,raw_state_dict,4,4,VICREG_PROJECTOR,20.0,,VICRegProjector,False,False,False,,,,,False,False,False,False,,Parameter tensor count excludes running statistics/counters; classification uses normalized keys and source evidence.
sha256:57b0ddf2342b9f157580,CHECKPOINT_ROOT,checkpoints_VicReg_original_NEW/vicreg_projector_final_mu_23.0.pth,vicreg_projector_final_mu_23.0.pth,7217032,57b0ddf2342b9f157580071e521c8a8220033a72bf072684446ea997a30fadff,SAFE_LOAD_OK,OrderedDict,net.0.weight;net.0.bias;net.2.weight;net.2.bias,raw_state_dict,4,4,VICREG_PROJECTOR,23.0,,VICRegProjector,False,False,False,,,,,False,False,False,False,MATCHES_GITHUB,Parameter tensor count excludes running statistics/counters; classification uses normalized keys and source evidence.
sha256:2560446e649946eea2f3,CHECKPOINT_ROOT,checkpoints_VicReg_original_NEW/vicreg_projector_final_mu_25.0.pth,vicreg_projector_final_mu_25.0.pth,7217032,2560446e649946eea2f3a0ce1a686358eed77a7468001257498dfe1ffd645a64,SAFE_LOAD_OK,OrderedDict,net.0.weight;net.0.bias;net.2.weight;net.2.bias,raw_state_dict,4,4,VICREG_PROJECTOR,25.0,,VICRegProjector,False,False,False,,,,,False,False,False,False,MATCHES_GITHUB,Parameter tensor count excludes running statistics/counters; classification uses normalized keys and source evidence.
sha256:2ccdf9d8f2baa0503e71,CHECKPOINT_ROOT,checkpoints_VicReg_original_NEW/vicreg_projector_final_mu_27.0.pth,vicreg_projector_final_mu_27.0.pth,7217032,2ccdf9d8f2baa0503e713b58f748f0544e3c84dbf1941974aeb89528ea4c70ea,SAFE_LOAD_OK,OrderedDict,net.0.weight;net.0.bias;net.2.weight;net.2.bias,raw_state_dict,4,4,VICREG_PROJECTOR,27.0,,VICRegProjector,False,False,False,,,,,False,False,False,False,MATCHES_GITHUB,Parameter tensor count excludes running statistics/counters; classification uses normalized keys and source evidence.
sha256:79295791c006136ef158,CHECKPOINT_ROOT,checkpoints_VicReg_original_NEW/vicreg_projector_final_mu_30.0.pth,vicreg_projector_final_mu_30.0.pth,7217032,79295791c006136ef158bcba8c0e60dfccd34b9adf8dcb3e31184f59c9f55583,SAFE_LOAD_OK,OrderedDict,net.0.weight;net.0.bias;net.2.weight;net.2.bias,raw_state_dict,4,4,VICREG_PROJECTOR,30.0,,VICRegProjector,False,False,False,,,,,False,False,False,False,MATCHES_GITHUB,Parameter tensor count excludes running statistics/counters; classification uses normalized keys and source evidence.
sha256:0eeca5f0103c722201f5,CHECKPOINT_ROOT,checkpoints_VicReg_original_NEW/vicreg_projector_final_mu_33.0.pth,vicreg_projector_final_mu_33.0.pth,7217032,0eeca5f0103c722201f50891f58c444de50a59fc4169dfb70f06e06f7f89ff37,SAFE_LOAD_OK,OrderedDict,net.0.weight;net.0.bias;net.2.weight;net.2.bias,raw_state_dict,4,4,VICREG_PROJECTOR,33.0,,VICRegProjector,False,False,False,,,,,False,False,False,False,MATCHES_GITHUB,Parameter tensor count excludes running statistics/counters; classification uses normalized keys and source evidence.
sha256:5bf0da9d18229665bf69,DATA_ROOT_EMBEDDED_ARTIFACTS,Soil_Labeled_Data/soilNet_di chuyen tu o C/checkpoints_VicReg/finetune_mu_23.0.pth,finetune_mu_23.0.pth,16202069,5bf0da9d18229665bf69548c884f76886e00626ef86c1c013ba03307e1245e30,SAFE_LOAD_OK,OrderedDict,initial_conv.weight;initial_conv.bias;mnv2_block1.0.0.conv_dw.weight;mnv2_block1.0.0.bn1.weight;mnv2_block1.0.0.bn1.bias;mnv2_block1.0.0.bn1.running_mean;mnv2_block1.0.0.bn1.running_var;mnv2_block1.0.0.bn1.num_batches_tracked;mnv2_block1.0.0.conv_pw.weight;mnv2_block1.0.0.bn2.weight;mnv2_block1.0.0.bn2.bias;mnv2_block1.0.0.bn2.running_mean;mnv2_block1.0.0.bn2.running_var;mnv2_block1.0.0.bn2.num_batches_tracked;mnv2_block1.1.0.conv_pw.weight;mnv2_block1.1.0.bn1.weight;mnv2_block1.1.0.bn1.bias;mnv2_block1.1.0.bn1.running_mean;mnv2_block1.1.0.bn1.running_var;mnv2_block1.1.0.bn1.num_batches_tracked;mnv2_block1.1.0.conv_dw.weight;mnv2_block1.1.0.bn2.weight;mnv2_block1.1.0.bn2.bias;mnv2_block1.1.0.bn2.running_mean;mnv2_block1.1.0.bn2.running_var;mnv2_block1.1.0.bn2.num_batches_tracked;mnv2_block1.1.0.conv_pwl.weight;mnv2_block1.1.0.bn3.weight;mnv2_block1.1.0.bn3.bias;mnv2_block1.1.0.bn3.running_mean;mnv2_block1.1.0.bn3.running_var;mnv2_block1.1.0.bn3.num_batches_tracked;mnv2_block1.1.1.conv_pw.weight;mnv2_block1.1.1.bn1.weight;mnv2_block1.1.1.bn1.bias;mnv2_block1.1.1.bn1.running_mean;mnv2_block1.1.1.bn1.running_var;mnv2_block1.1.1.bn1.num_batches_tracked;mnv2_block1.1.1.conv_dw.weight;mnv2_block1.1.1.bn2.weight;mnv2_block1.1.1.bn2.bias;mnv2_block1.1.1.bn2.running_mean;mnv2_block1.1.1.bn2.running_var;mnv2_block1.1.1.bn2.num_batches_tracked;mnv2_block1.1.1.conv_pwl.weight;mnv2_block1.1.1.bn3.weight;mnv2_block1.1.1.bn3.bias;mnv2_block1.1.1.bn3.running_mean;mnv2_block1.1.1.bn3.running_var;mnv2_block1.1.1.bn3.num_batches_tracked;mnv2_block1.2.0.conv_pw.weight;mnv2_block1.2.0.bn1.weight;mnv2_block1.2.0.bn1.bias;mnv2_block1.2.0.bn1.running_mean;mnv2_block1.2.0.bn1.running_var;mnv2_block1.2.0.bn1.num_batches_tracked;mnv2_block1.2.0.conv_dw.weight;mnv2_block1.2.0.bn2.weight;mnv2_block1.2.0.bn2.bias;mnv2_block1.2.0.bn2.running_mean;mnv2_block1.2.0.bn2.running_var;mnv2_block1.2.0.bn2.num_batches_tracked;mnv2_block1.2.0.conv_pwl.weight;mnv2_block1.2.0.bn3.weight;mnv2_block1.2.0.bn3.bias;mnv2_block1.2.0.bn3.running_mean;mnv2_block1.2.0.bn3.running_var;mnv2_block1.2.0.bn3.num_batches_tracked;mnv2_block1.2.1.conv_pw.weight;mnv2_block1.2.1.bn1.weight;mnv2_block1.2.1.bn1.bias;mnv2_block1.2.1.bn1.running_mean;mnv2_block1.2.1.bn1.running_var;mnv2_block1.2.1.bn1.num_batches_tracked;mnv2_block1.2.1.conv_dw.weight;mnv2_block1.2.1.bn2.weight;mnv2_block1.2.1.bn2.bias;mnv2_block1.2.1.bn2.running_mean;mnv2_block1.2.1.bn2.running_var;mnv2_block1.2.1.bn2.num_batches_tracked;mnv2_block1.2.1.conv_pwl.weight;mnv2_block1.2.1.bn3.weight;mnv2_block1.2.1.bn3.bias;mnv2_block1.2.1.bn3.running_mean;mnv2_block1.2.1.bn3.running_var;mnv2_block1.2.1.bn3.num_batches_tracked;mnv2_block1.2.2.conv_pw.weight;mnv2_block1.2.2.bn1.weight;mnv2_block1.2.2.bn1.bias;mnv2_block1.2.2.bn1.running_mean;mnv2_block1.2.2.bn1.running_var;mnv2_block1.2.2.bn1.num_batches_tracked;mnv2_block1.2.2.conv_dw.weight;mnv2_block1.2.2.bn2.weight;mnv2_block1.2.2.bn2.bias;mnv2_block1.2.2.bn2.running_mean;mnv2_block1.2.2.bn2.running_var;mnv2_block1.2.2.bn2.num_batches_tracked;mnv2_block1.2.2.conv_pwl.weight;mnv2_block1.2.2.bn3.weight,raw_state_dict,846,549,FINETUNED_SOILNET_DUALHEAD,23.0,,SoilNetDualHead,True,True,True,10,2,2x128,10x128,True,False,False,False,MODEL_COMPATIBLE;HAS_REG_HEAD;HAS_CLS_HEAD;HAS_LIGHT_BRANCH,Parameter tensor count excludes running statistics/counters; classification uses normalized keys and source evidence.
sha256:893c229eb3c1fe88fcb6,DATA_ROOT_EMBEDDED_ARTIFACTS,Soil_Labeled_Data/soilNet_di chuyen tu o C/checkpoints_VicReg/finetune_mu_25.0.pth,finetune_mu_25.0.pth,16202069,893c229eb3c1fe88fcb6163097cc82f4fa92623df6abc92f0a1c608acc7691e2,SAFE_LOAD_OK,OrderedDict,initial_conv.weight;initial_conv.bias;mnv2_block1.0.0.conv_dw.weight;mnv2_block1.0.0.bn1.weight;mnv2_block1.0.0.bn1.bias;mnv2_block1.0.0.bn1.running_mean;mnv2_block1.0.0.bn1.running_var;mnv2_block1.0.0.bn1.num_batches_tracked;mnv2_block1.0.0.conv_pw.weight;mnv2_block1.0.0.bn2.weight;mnv2_block1.0.0.bn2.bias;mnv2_block1.0.0.bn2.running_mean;mnv2_block1.0.0.bn2.running_var;mnv2_block1.0.0.bn2.num_batches_tracked;mnv2_block1.1.0.conv_pw.weight;mnv2_block1.1.0.bn1.weight;mnv2_block1.1.0.bn1.bias;mnv2_block1.1.0.bn1.running_mean;mnv2_block1.1.0.bn1.running_var;mnv2_block1.1.0.bn1.num_batches_tracked;mnv2_block1.1.0.conv_dw.weight;mnv2_block1.1.0.bn2.weight;mnv2_block1.1.0.bn2.bias;mnv2_block1.1.0.bn2.running_mean;mnv2_block1.1.0.bn2.running_var;mnv2_block1.1.0.bn2.num_batches_tracked;mnv2_block1.1.0.conv_pwl.weight;mnv2_block1.1.0.bn3.weight;mnv2_block1.1.0.bn3.bias;mnv2_block1.1.0.bn3.running_mean;mnv2_block1.1.0.bn3.running_var;mnv2_block1.1.0.bn3.num_batches_tracked;mnv2_block1.1.1.conv_pw.weight;mnv2_block1.1.1.bn1.weight;mnv2_block1.1.1.bn1.bias;mnv2_block1.1.1.bn1.running_mean;mnv2_block1.1.1.bn1.running_var;mnv2_block1.1.1.bn1.num_batches_tracked;mnv2_block1.1.1.conv_dw.weight;mnv2_block1.1.1.bn2.weight;mnv2_block1.1.1.bn2.bias;mnv2_block1.1.1.bn2.running_mean;mnv2_block1.1.1.bn2.running_var;mnv2_block1.1.1.bn2.num_batches_tracked;mnv2_block1.1.1.conv_pwl.weight;mnv2_block1.1.1.bn3.weight;mnv2_block1.1.1.bn3.bias;mnv2_block1.1.1.bn3.running_mean;mnv2_block1.1.1.bn3.running_var;mnv2_block1.1.1.bn3.num_batches_tracked;mnv2_block1.2.0.conv_pw.weight;mnv2_block1.2.0.bn1.weight;mnv2_block1.2.0.bn1.bias;mnv2_block1.2.0.bn1.running_mean;mnv2_block1.2.0.bn1.running_var;mnv2_block1.2.0.bn1.num_batches_tracked;mnv2_block1.2.0.conv_dw.weight;mnv2_block1.2.0.bn2.weight;mnv2_block1.2.0.bn2.bias;mnv2_block1.2.0.bn2.running_mean;mnv2_block1.2.0.bn2.running_var;mnv2_block1.2.0.bn2.num_batches_tracked;mnv2_block1.2.0.conv_pwl.weight;mnv2_block1.2.0.bn3.weight;mnv2_block1.2.0.bn3.bias;mnv2_block1.2.0.bn3.running_mean;mnv2_block1.2.0.bn3.running_var;mnv2_block1.2.0.bn3.num_batches_tracked;mnv2_block1.2.1.conv_pw.weight;mnv2_block1.2.1.bn1.weight;mnv2_block1.2.1.bn1.bias;mnv2_block1.2.1.bn1.running_mean;mnv2_block1.2.1.bn1.running_var;mnv2_block1.2.1.bn1.num_batches_tracked;mnv2_block1.2.1.conv_dw.weight;mnv2_block1.2.1.bn2.weight;mnv2_block1.2.1.bn2.bias;mnv2_block1.2.1.bn2.running_mean;mnv2_block1.2.1.bn2.running_var;mnv2_block1.2.1.bn2.num_batches_tracked;mnv2_block1.2.1.conv_pwl.weight;mnv2_block1.2.1.bn3.weight;mnv2_block1.2.1.bn3.bias;mnv2_block1.2.1.bn3.running_mean;mnv2_block1.2.1.bn3.running_var;mnv2_block1.2.1.bn3.num_batches_tracked;mnv2_block1.2.2.conv_pw.weight;mnv2_block1.2.2.bn1.weight;mnv2_block1.2.2.bn1.bias;mnv2_block1.2.2.bn1.running_mean;mnv2_block1.2.2.bn1.running_var;mnv2_block1.2.2.bn1.num_batches_tracked;mnv2_block1.2.2.conv_dw.weight;mnv2_block1.2.2.bn2.weight;mnv2_block1.2.2.bn2.bias;mnv2_block1.2.2.bn2.running_mean;mnv2_block1.2.2.bn2.running_var;mnv2_block1.2.2.bn2.num_batches_tracked;mnv2_block1.2.2.conv_pwl.weight;mnv2_block1.2.2.bn3.weight,raw_state_dict,846,549,FINETUNED_SOILNET_DUALHEAD,25.0,,SoilNetDualHead,True,True,True,10,2,2x128,10x128,True,False,False,False,MODEL_COMPATIBLE;HAS_REG_HEAD;HAS_CLS_HEAD;HAS_LIGHT_BRANCH,Parameter tensor count excludes running statistics/counters; classification uses normalized keys and source evidence.
sha256:a34876c035f307844a70,DATA_ROOT_EMBEDDED_ARTIFACTS,Soil_Labeled_Data/soilNet_di chuyen tu o C/checkpoints_VicReg/finetune_mu_27.0.pth,finetune_mu_27.0.pth,16202069,a34876c035f307844a70a89ff053edc20758e9ac1af035ba5bdb8aba04daa392,SAFE_LOAD_OK,OrderedDict,initial_conv.weight;initial_conv.bias;mnv2_block1.0.0.conv_dw.weight;mnv2_block1.0.0.bn1.weight;mnv2_block1.0.0.bn1.bias;mnv2_block1.0.0.bn1.running_mean;mnv2_block1.0.0.bn1.running_var;mnv2_block1.0.0.bn1.num_batches_tracked;mnv2_block1.0.0.conv_pw.weight;mnv2_block1.0.0.bn2.weight;mnv2_block1.0.0.bn2.bias;mnv2_block1.0.0.bn2.running_mean;mnv2_block1.0.0.bn2.running_var;mnv2_block1.0.0.bn2.num_batches_tracked;mnv2_block1.1.0.conv_pw.weight;mnv2_block1.1.0.bn1.weight;mnv2_block1.1.0.bn1.bias;mnv2_block1.1.0.bn1.running_mean;mnv2_block1.1.0.bn1.running_var;mnv2_block1.1.0.bn1.num_batches_tracked;mnv2_block1.1.0.conv_dw.weight;mnv2_block1.1.0.bn2.weight;mnv2_block1.1.0.bn2.bias;mnv2_block1.1.0.bn2.running_mean;mnv2_block1.1.0.bn2.running_var;mnv2_block1.1.0.bn2.num_batches_tracked;mnv2_block1.1.0.conv_pwl.weight;mnv2_block1.1.0.bn3.weight;mnv2_block1.1.0.bn3.bias;mnv2_block1.1.0.bn3.running_mean;mnv2_block1.1.0.bn3.running_var;mnv2_block1.1.0.bn3.num_batches_tracked;mnv2_block1.1.1.conv_pw.weight;mnv2_block1.1.1.bn1.weight;mnv2_block1.1.1.bn1.bias;mnv2_block1.1.1.bn1.running_mean;mnv2_block1.1.1.bn1.running_var;mnv2_block1.1.1.bn1.num_batches_tracked;mnv2_block1.1.1.conv_dw.weight;mnv2_block1.1.1.bn2.weight;mnv2_block1.1.1.bn2.bias;mnv2_block1.1.1.bn2.running_mean;mnv2_block1.1.1.bn2.running_var;mnv2_block1.1.1.bn2.num_batches_tracked;mnv2_block1.1.1.conv_pwl.weight;mnv2_block1.1.1.bn3.weight;mnv2_block1.1.1.bn3.bias;mnv2_block1.1.1.bn3.running_mean;mnv2_block1.1.1.bn3.running_var;mnv2_block1.1.1.bn3.num_batches_tracked;mnv2_block1.2.0.conv_pw.weight;mnv2_block1.2.0.bn1.weight;mnv2_block1.2.0.bn1.bias;mnv2_block1.2.0.bn1.running_mean;mnv2_block1.2.0.bn1.running_var;mnv2_block1.2.0.bn1.num_batches_tracked;mnv2_block1.2.0.conv_dw.weight;mnv2_block1.2.0.bn2.weight;mnv2_block1.2.0.bn2.bias;mnv2_block1.2.0.bn2.running_mean;mnv2_block1.2.0.bn2.running_var;mnv2_block1.2.0.bn2.num_batches_tracked;mnv2_block1.2.0.conv_pwl.weight;mnv2_block1.2.0.bn3.weight;mnv2_block1.2.0.bn3.bias;mnv2_block1.2.0.bn3.running_mean;mnv2_block1.2.0.bn3.running_var;mnv2_block1.2.0.bn3.num_batches_tracked;mnv2_block1.2.1.conv_pw.weight;mnv2_block1.2.1.bn1.weight;mnv2_block1.2.1.bn1.bias;mnv2_block1.2.1.bn1.running_mean;mnv2_block1.2.1.bn1.running_var;mnv2_block1.2.1.bn1.num_batches_tracked;mnv2_block1.2.1.conv_dw.weight;mnv2_block1.2.1.bn2.weight;mnv2_block1.2.1.bn2.bias;mnv2_block1.2.1.bn2.running_mean;mnv2_block1.2.1.bn2.running_var;mnv2_block1.2.1.bn2.num_batches_tracked;mnv2_block1.2.1.conv_pwl.weight;mnv2_block1.2.1.bn3.weight;mnv2_block1.2.1.bn3.bias;mnv2_block1.2.1.bn3.running_mean;mnv2_block1.2.1.bn3.running_var;mnv2_block1.2.1.bn3.num_batches_tracked;mnv2_block1.2.2.conv_pw.weight;mnv2_block1.2.2.bn1.weight;mnv2_block1.2.2.bn1.bias;mnv2_block1.2.2.bn1.running_mean;mnv2_block1.2.2.bn1.running_var;mnv2_block1.2.2.bn1.num_batches_tracked;mnv2_block1.2.2.conv_dw.weight;mnv2_block1.2.2.bn2.weight;mnv2_block1.2.2.bn2.bias;mnv2_block1.2.2.bn2.running_mean;mnv2_block1.2.2.bn2.running_var;mnv2_block1.2.2.bn2.num_batches_tracked;mnv2_block1.2.2.conv_pwl.weight;mnv2_block1.2.2.bn3.weight,raw_state_dict,846,549,FINETUNED_SOILNET_DUALHEAD,27.0,,SoilNetDualHead,True,True,True,10,2,2x128,10x128,True,False,False,False,MODEL_COMPATIBLE;HAS_REG_HEAD;HAS_CLS_HEAD;HAS_LIGHT_BRANCH,Parameter tensor count excludes running statistics/counters; classification uses normalized keys and source evidence.
sha256:51cd9cd7d9d2c2a3d3b4,DATA_ROOT_EMBEDDED_ARTIFACTS,Soil_Labeled_Data/soilNet_di chuyen tu o C/checkpoints_VicReg/finetune_mu_30.0.pth,finetune_mu_30.0.pth,16202069,51cd9cd7d9d2c2a3d3b472040b1434b1d7dbe21907615d570e50397aba629351,SAFE_LOAD_OK,OrderedDict,initial_conv.weight;initial_conv.bias;mnv2_block1.0.0.conv_dw.weight;mnv2_block1.0.0.bn1.weight;mnv2_block1.0.0.bn1.bias;mnv2_block1.0.0.bn1.running_mean;mnv2_block1.0.0.bn1.running_var;mnv2_block1.0.0.bn1.num_batches_tracked;mnv2_block1.0.0.conv_pw.weight;mnv2_block1.0.0.bn2.weight;mnv2_block1.0.0.bn2.bias;mnv2_block1.0.0.bn2.running_mean;mnv2_block1.0.0.bn2.running_var;mnv2_block1.0.0.bn2.num_batches_tracked;mnv2_block1.1.0.conv_pw.weight;mnv2_block1.1.0.bn1.weight;mnv2_block1.1.0.bn1.bias;mnv2_block1.1.0.bn1.running_mean;mnv2_block1.1.0.bn1.running_var;mnv2_block1.1.0.bn1.num_batches_tracked;mnv2_block1.1.0.conv_dw.weight;mnv2_block1.1.0.bn2.weight;mnv2_block1.1.0.bn2.bias;mnv2_block1.1.0.bn2.running_mean;mnv2_block1.1.0.bn2.running_var;mnv2_block1.1.0.bn2.num_batches_tracked;mnv2_block1.1.0.conv_pwl.weight;mnv2_block1.1.0.bn3.weight;mnv2_block1.1.0.bn3.bias;mnv2_block1.1.0.bn3.running_mean;mnv2_block1.1.0.bn3.running_var;mnv2_block1.1.0.bn3.num_batches_tracked;mnv2_block1.1.1.conv_pw.weight;mnv2_block1.1.1.bn1.weight;mnv2_block1.1.1.bn1.bias;mnv2_block1.1.1.bn1.running_mean;mnv2_block1.1.1.bn1.running_var;mnv2_block1.1.1.bn1.num_batches_tracked;mnv2_block1.1.1.conv_dw.weight;mnv2_block1.1.1.bn2.weight;mnv2_block1.1.1.bn2.bias;mnv2_block1.1.1.bn2.running_mean;mnv2_block1.1.1.bn2.running_var;mnv2_block1.1.1.bn2.num_batches_tracked;mnv2_block1.1.1.conv_pwl.weight;mnv2_block1.1.1.bn3.weight;mnv2_block1.1.1.bn3.bias;mnv2_block1.1.1.bn3.running_mean;mnv2_block1.1.1.bn3.running_var;mnv2_block1.1.1.bn3.num_batches_tracked;mnv2_block1.2.0.conv_pw.weight;mnv2_block1.2.0.bn1.weight;mnv2_block1.2.0.bn1.bias;mnv2_block1.2.0.bn1.running_mean;mnv2_block1.2.0.bn1.running_var;mnv2_block1.2.0.bn1.num_batches_tracked;mnv2_block1.2.0.conv_dw.weight;mnv2_block1.2.0.bn2.weight;mnv2_block1.2.0.bn2.bias;mnv2_block1.2.0.bn2.running_mean;mnv2_block1.2.0.bn2.running_var;mnv2_block1.2.0.bn2.num_batches_tracked;mnv2_block1.2.0.conv_pwl.weight;mnv2_block1.2.0.bn3.weight;mnv2_block1.2.0.bn3.bias;mnv2_block1.2.0.bn3.running_mean;mnv2_block1.2.0.bn3.running_var;mnv2_block1.2.0.bn3.num_batches_tracked;mnv2_block1.2.1.conv_pw.weight;mnv2_block1.2.1.bn1.weight;mnv2_block1.2.1.bn1.bias;mnv2_block1.2.1.bn1.running_mean;mnv2_block1.2.1.bn1.running_var;mnv2_block1.2.1.bn1.num_batches_tracked;mnv2_block1.2.1.conv_dw.weight;mnv2_block1.2.1.bn2.weight;mnv2_block1.2.1.bn2.bias;mnv2_block1.2.1.bn2.running_mean;mnv2_block1.2.1.bn2.running_var;mnv2_block1.2.1.bn2.num_batches_tracked;mnv2_block1.2.1.conv_pwl.weight;mnv2_block1.2.1.bn3.weight;mnv2_block1.2.1.bn3.bias;mnv2_block1.2.1.bn3.running_mean;mnv2_block1.2.1.bn3.running_var;mnv2_block1.2.1.bn3.num_batches_tracked;mnv2_block1.2.2.conv_pw.weight;mnv2_block1.2.2.bn1.weight;mnv2_block1.2.2.bn1.bias;mnv2_block1.2.2.bn1.running_mean;mnv2_block1.2.2.bn1.running_var;mnv2_block1.2.2.bn1.num_batches_tracked;mnv2_block1.2.2.conv_dw.weight;mnv2_block1.2.2.bn2.weight;mnv2_block1.2.2.bn2.bias;mnv2_block1.2.2.bn2.running_mean;mnv2_block1.2.2.bn2.running_var;mnv2_block1.2.2.bn2.num_batches_tracked;mnv2_block1.2.2.conv_pwl.weight;mnv2_block1.2.2.bn3.weight,raw_state_dict,846,549,FINETUNED_SOILNET_DUALHEAD,30.0,,SoilNetDualHead,True,True,True,10,2,2x128,10x128,True,False,False,False,MODEL_COMPATIBLE;HAS_REG_HEAD;HAS_CLS_HEAD;HAS_LIGHT_BRANCH,Parameter tensor count excludes running statistics/counters; classification uses normalized keys and source evidence.
sha256:b286fe7b5797f71f1ab2,DATA_ROOT_EMBEDDED_ARTIFACTS,Soil_Labeled_Data/soilNet_di chuyen tu o C/checkpoints_VicReg/finetune_mu_33.0.pth,finetune_mu_33.0.pth,16202069,b286fe7b5797f71f1ab2a72160078ed8bf394b97d6d29bfbcaa7ac456772cbeb,SAFE_LOAD_OK,OrderedDict,initial_conv.weight;initial_conv.bias;mnv2_block1.0.0.conv_dw.weight;mnv2_block1.0.0.bn1.weight;mnv2_block1.0.0.bn1.bias;mnv2_block1.0.0.bn1.running_mean;mnv2_block1.0.0.bn1.running_var;mnv2_block1.0.0.bn1.num_batches_tracked;mnv2_block1.0.0.conv_pw.weight;mnv2_block1.0.0.bn2.weight;mnv2_block1.0.0.bn2.bias;mnv2_block1.0.0.bn2.running_mean;mnv2_block1.0.0.bn2.running_var;mnv2_block1.0.0.bn2.num_batches_tracked;mnv2_block1.1.0.conv_pw.weight;mnv2_block1.1.0.bn1.weight;mnv2_block1.1.0.bn1.bias;mnv2_block1.1.0.bn1.running_mean;mnv2_block1.1.0.bn1.running_var;mnv2_block1.1.0.bn1.num_batches_tracked;mnv2_block1.1.0.conv_dw.weight;mnv2_block1.1.0.bn2.weight;mnv2_block1.1.0.bn2.bias;mnv2_block1.1.0.bn2.running_mean;mnv2_block1.1.0.bn2.running_var;mnv2_block1.1.0.bn2.num_batches_tracked;mnv2_block1.1.0.conv_pwl.weight;mnv2_block1.1.0.bn3.weight;mnv2_block1.1.0.bn3.bias;mnv2_block1.1.0.bn3.running_mean;mnv2_block1.1.0.bn3.running_var;mnv2_block1.1.0.bn3.num_batches_tracked;mnv2_block1.1.1.conv_pw.weight;mnv2_block1.1.1.bn1.weight;mnv2_block1.1.1.bn1.bias;mnv2_block1.1.1.bn1.running_mean;mnv2_block1.1.1.bn1.running_var;mnv2_block1.1.1.bn1.num_batches_tracked;mnv2_block1.1.1.conv_dw.weight;mnv2_block1.1.1.bn2.weight;mnv2_block1.1.1.bn2.bias;mnv2_block1.1.1.bn2.running_mean;mnv2_block1.1.1.bn2.running_var;mnv2_block1.1.1.bn2.num_batches_tracked;mnv2_block1.1.1.conv_pwl.weight;mnv2_block1.1.1.bn3.weight;mnv2_block1.1.1.bn3.bias;mnv2_block1.1.1.bn3.running_mean;mnv2_block1.1.1.bn3.running_var;mnv2_block1.1.1.bn3.num_batches_tracked;mnv2_block1.2.0.conv_pw.weight;mnv2_block1.2.0.bn1.weight;mnv2_block1.2.0.bn1.bias;mnv2_block1.2.0.bn1.running_mean;mnv2_block1.2.0.bn1.running_var;mnv2_block1.2.0.bn1.num_batches_tracked;mnv2_block1.2.0.conv_dw.weight;mnv2_block1.2.0.bn2.weight;mnv2_block1.2.0.bn2.bias;mnv2_block1.2.0.bn2.running_mean;mnv2_block1.2.0.bn2.running_var;mnv2_block1.2.0.bn2.num_batches_tracked;mnv2_block1.2.0.conv_pwl.weight;mnv2_block1.2.0.bn3.weight;mnv2_block1.2.0.bn3.bias;mnv2_block1.2.0.bn3.running_mean;mnv2_block1.2.0.bn3.running_var;mnv2_block1.2.0.bn3.num_batches_tracked;mnv2_block1.2.1.conv_pw.weight;mnv2_block1.2.1.bn1.weight;mnv2_block1.2.1.bn1.bias;mnv2_block1.2.1.bn1.running_mean;mnv2_block1.2.1.bn1.running_var;mnv2_block1.2.1.bn1.num_batches_tracked;mnv2_block1.2.1.conv_dw.weight;mnv2_block1.2.1.bn2.weight;mnv2_block1.2.1.bn2.bias;mnv2_block1.2.1.bn2.running_mean;mnv2_block1.2.1.bn2.running_var;mnv2_block1.2.1.bn2.num_batches_tracked;mnv2_block1.2.1.conv_pwl.weight;mnv2_block1.2.1.bn3.weight;mnv2_block1.2.1.bn3.bias;mnv2_block1.2.1.bn3.running_mean;mnv2_block1.2.1.bn3.running_var;mnv2_block1.2.1.bn3.num_batches_tracked;mnv2_block1.2.2.conv_pw.weight;mnv2_block1.2.2.bn1.weight;mnv2_block1.2.2.bn1.bias;mnv2_block1.2.2.bn1.running_mean;mnv2_block1.2.2.bn1.running_var;mnv2_block1.2.2.bn1.num_batches_tracked;mnv2_block1.2.2.conv_dw.weight;mnv2_block1.2.2.bn2.weight;mnv2_block1.2.2.bn2.bias;mnv2_block1.2.2.bn2.running_mean;mnv2_block1.2.2.bn2.running_var;mnv2_block1.2.2.bn2.num_batches_tracked;mnv2_block1.2.2.conv_pwl.weight;mnv2_block1.2.2.bn3.weight,raw_state_dict,846,549,FINETUNED_SOILNET_DUALHEAD,33.0,,SoilNetDualHead,True,True,True,10,2,2x128,10x128,True,False,False,False,MODEL_COMPATIBLE;HAS_REG_HEAD;HAS_CLS_HEAD;HAS_LIGHT_BRANCH,Parameter tensor count excludes running statistics/counters; classification uses normalized keys and source evidence.
sha256:3e0b6f3429238a120ca2,DATA_ROOT_EMBEDDED_ARTIFACTS,Soil_Labeled_Data/soilNet_di chuyen tu o C/checkpoints_VicReg/finetune_mu_40.0.pth,finetune_mu_40.0.pth,16202069,3e0b6f3429238a120ca26c3cf4282fa1d84a2f67da83c23fbb64b61bbb5fd5e5,SAFE_LOAD_OK,OrderedDict,initial_conv.weight;initial_conv.bias;mnv2_block1.0.0.conv_dw.weight;mnv2_block1.0.0.bn1.weight;mnv2_block1.0.0.bn1.bias;mnv2_block1.0.0.bn1.running_mean;mnv2_block1.0.0.bn1.running_var;mnv2_block1.0.0.bn1.num_batches_tracked;mnv2_block1.0.0.conv_pw.weight;mnv2_block1.0.0.bn2.weight;mnv2_block1.0.0.bn2.bias;mnv2_block1.0.0.bn2.running_mean;mnv2_block1.0.0.bn2.running_var;mnv2_block1.0.0.bn2.num_batches_tracked;mnv2_block1.1.0.conv_pw.weight;mnv2_block1.1.0.bn1.weight;mnv2_block1.1.0.bn1.bias;mnv2_block1.1.0.bn1.running_mean;mnv2_block1.1.0.bn1.running_var;mnv2_block1.1.0.bn1.num_batches_tracked;mnv2_block1.1.0.conv_dw.weight;mnv2_block1.1.0.bn2.weight;mnv2_block1.1.0.bn2.bias;mnv2_block1.1.0.bn2.running_mean;mnv2_block1.1.0.bn2.running_var;mnv2_block1.1.0.bn2.num_batches_tracked;mnv2_block1.1.0.conv_pwl.weight;mnv2_block1.1.0.bn3.weight;mnv2_block1.1.0.bn3.bias;mnv2_block1.1.0.bn3.running_mean;mnv2_block1.1.0.bn3.running_var;mnv2_block1.1.0.bn3.num_batches_tracked;mnv2_block1.1.1.conv_pw.weight;mnv2_block1.1.1.bn1.weight;mnv2_block1.1.1.bn1.bias;mnv2_block1.1.1.bn1.running_mean;mnv2_block1.1.1.bn1.running_var;mnv2_block1.1.1.bn1.num_batches_tracked;mnv2_block1.1.1.conv_dw.weight;mnv2_block1.1.1.bn2.weight;mnv2_block1.1.1.bn2.bias;mnv2_block1.1.1.bn2.running_mean;mnv2_block1.1.1.bn2.running_var;mnv2_block1.1.1.bn2.num_batches_tracked;mnv2_block1.1.1.conv_pwl.weight;mnv2_block1.1.1.bn3.weight;mnv2_block1.1.1.bn3.bias;mnv2_block1.1.1.bn3.running_mean;mnv2_block1.1.1.bn3.running_var;mnv2_block1.1.1.bn3.num_batches_tracked;mnv2_block1.2.0.conv_pw.weight;mnv2_block1.2.0.bn1.weight;mnv2_block1.2.0.bn1.bias;mnv2_block1.2.0.bn1.running_mean;mnv2_block1.2.0.bn1.running_var;mnv2_block1.2.0.bn1.num_batches_tracked;mnv2_block1.2.0.conv_dw.weight;mnv2_block1.2.0.bn2.weight;mnv2_block1.2.0.bn2.bias;mnv2_block1.2.0.bn2.running_mean;mnv2_block1.2.0.bn2.running_var;mnv2_block1.2.0.bn2.num_batches_tracked;mnv2_block1.2.0.conv_pwl.weight;mnv2_block1.2.0.bn3.weight;mnv2_block1.2.0.bn3.bias;mnv2_block1.2.0.bn3.running_mean;mnv2_block1.2.0.bn3.running_var;mnv2_block1.2.0.bn3.num_batches_tracked;mnv2_block1.2.1.conv_pw.weight;mnv2_block1.2.1.bn1.weight;mnv2_block1.2.1.bn1.bias;mnv2_block1.2.1.bn1.running_mean;mnv2_block1.2.1.bn1.running_var;mnv2_block1.2.1.bn1.num_batches_tracked;mnv2_block1.2.1.conv_dw.weight;mnv2_block1.2.1.bn2.weight;mnv2_block1.2.1.bn2.bias;mnv2_block1.2.1.bn2.running_mean;mnv2_block1.2.1.bn2.running_var;mnv2_block1.2.1.bn2.num_batches_tracked;mnv2_block1.2.1.conv_pwl.weight;mnv2_block1.2.1.bn3.weight;mnv2_block1.2.1.bn3.bias;mnv2_block1.2.1.bn3.running_mean;mnv2_block1.2.1.bn3.running_var;mnv2_block1.2.1.bn3.num_batches_tracked;mnv2_block1.2.2.conv_pw.weight;mnv2_block1.2.2.bn1.weight;mnv2_block1.2.2.bn1.bias;mnv2_block1.2.2.bn1.running_mean;mnv2_block1.2.2.bn1.running_var;mnv2_block1.2.2.bn1.num_batches_tracked;mnv2_block1.2.2.conv_dw.weight;mnv2_block1.2.2.bn2.weight;mnv2_block1.2.2.bn2.bias;mnv2_block1.2.2.bn2.running_mean;mnv2_block1.2.2.bn2.running_var;mnv2_block1.2.2.bn2.num_batches_tracked;mnv2_block1.2.2.conv_pwl.weight;mnv2_block1.2.2.bn3.weight,raw_state_dict,846,549,FINETUNED_SOILNET_DUALHEAD,40.0,,SoilNetDualHead,True,True,True,10,2,2x128,10x128,True,False,False,False,MODEL_COMPATIBLE;HAS_REG_HEAD;HAS_CLS_HEAD;HAS_LIGHT_BRANCH,Parameter tensor count excludes running statistics/counters; classification uses normalized keys and source evidence.
sha256:76a07f9ca56410e6c3ff,DATA_ROOT_EMBEDDED_ARTIFACTS,Soil_Labeled_Data/soilNet_di chuyen tu o C/checkpoints_VicReg/vicreg_classifier_final_mu_10.0.pth,vicreg_classifier_final_mu_10.0.pth,53032,76a07f9ca56410e6c3ff48ccc7ced18bc763949dfa51117ef33624a16228fdc8,SAFE_LOAD_OK,OrderedDict,linear.weight;linear.bias,raw_state_dict,2,2,PARTIAL_STATE,10.0,,UNKNOWN,False,False,False,,,,,False,False,False,False,,Parameter tensor count excludes running statistics/counters; classification uses normalized keys and source evidence.
sha256:a8c8fd4d65837ce0303e,DATA_ROOT_EMBEDDED_ARTIFACTS,Soil_Labeled_Data/soilNet_di chuyen tu o C/checkpoints_VicReg/vicreg_classifier_final_mu_2.0.pth,vicreg_classifier_final_mu_2.0.pth,52962,a8c8fd4d65837ce0303ee8316acd089c5ab3b4aeb924968d5d891205909ab824,SAFE_LOAD_OK,OrderedDict,linear.weight;linear.bias,raw_state_dict,2,2,PARTIAL_STATE,2.0,,UNKNOWN,False,False,False,,,,,False,False,False,False,,Parameter tensor count excludes running statistics/counters; classification uses normalized keys and source evidence.
sha256:3a8564c90ced48552bec,DATA_ROOT_EMBEDDED_ARTIFACTS,Soil_Labeled_Data/soilNet_di chuyen tu o C/checkpoints_VicReg/vicreg_classifier_final_mu_20.0.pth,vicreg_classifier_final_mu_20.0.pth,53032,3a8564c90ced48552bec012efe8c40f81bb785d219515feca51815f4c5d70aaa,SAFE_LOAD_OK,OrderedDict,linear.weight;linear.bias,raw_state_dict,2,2,PARTIAL_STATE,20.0,,UNKNOWN,False,False,False,,,,,False,False,False,False,,Parameter tensor count excludes running statistics/counters; classification uses normalized keys and source evidence.
sha256:7ffb8c475bf7418182d8,DATA_ROOT_EMBEDDED_ARTIFACTS,Soil_Labeled_Data/soilNet_di chuyen tu o C/checkpoints_VicReg/vicreg_classifier_final_mu_23.0.pth,vicreg_classifier_final_mu_23.0.pth,53032,7ffb8c475bf7418182d86d555cd45f42a83581f9d0146864835c6fe3020e522e,SAFE_LOAD_OK,OrderedDict,linear.weight;linear.bias,raw_state_dict,2,2,PARTIAL_STATE,23.0,,UNKNOWN,False,False,False,,,,,False,False,False,False,,Parameter tensor count excludes running statistics/counters; classification uses normalized keys and source evidence.
sha256:fa3ebec007a380348991,DATA_ROOT_EMBEDDED_ARTIFACTS,Soil_Labeled_Data/soilNet_di chuyen tu o C/checkpoints_VicReg/vicreg_classifier_final_mu_25.0.pth,vicreg_classifier_final_mu_25.0.pth,53032,fa3ebec007a3803489918e4e062167caea201130c4db78553c9fbe49704f05d8,SAFE_LOAD_OK,OrderedDict,linear.weight;linear.bias,raw_state_dict,2,2,PARTIAL_STATE,25.0,,UNKNOWN,False,False,False,,,,,False,False,False,False,,Parameter tensor count excludes running statistics/counters; classification uses normalized keys and source evidence.
sha256:24c94503d8a39e308f03,DATA_ROOT_EMBEDDED_ARTIFACTS,Soil_Labeled_Data/soilNet_di chuyen tu o C/checkpoints_VicReg/vicreg_classifier_final_mu_27.0.pth,vicreg_classifier_final_mu_27.0.pth,53032,24c94503d8a39e308f03aff34df27879e17f77f66abcddbb0cb3606e83386d0f,SAFE_LOAD_OK,OrderedDict,linear.weight;linear.bias,raw_state_dict,2,2,PARTIAL_STATE,27.0,,UNKNOWN,False,False,False,,,,,False,False,False,False,,Parameter tensor count excludes running statistics/counters; classification uses normalized keys and source evidence.
sha256:19197f1b66c044fb6991,DATA_ROOT_EMBEDDED_ARTIFACTS,Soil_Labeled_Data/soilNet_di chuyen tu o C/checkpoints_VicReg/vicreg_classifier_final_mu_30.0.pth,vicreg_classifier_final_mu_30.0.pth,53032,19197f1b66c044fb69911a5e1124292a6f5f77c0ff1d35b057194a6e06881fe7,SAFE_LOAD_OK,OrderedDict,linear.weight;linear.bias,raw_state_dict,2,2,PARTIAL_STATE,30.0,,UNKNOWN,False,False,False,,,,,False,False,False,False,,Parameter tensor count excludes running statistics/counters; classification uses normalized keys and source evidence.
sha256:b724531a7d0d69db21a6,DATA_ROOT_EMBEDDED_ARTIFACTS,Soil_Labeled_Data/soilNet_di chuyen tu o C/checkpoints_VicReg/vicreg_classifier_final_mu_33.0.pth,vicreg_classifier_final_mu_33.0.pth,53032,b724531a7d0d69db21a687fd90e1c55c052f2138cc2f7e12774df4a2868fe7a9,SAFE_LOAD_OK,OrderedDict,linear.weight;linear.bias,raw_state_dict,2,2,PARTIAL_STATE,33.0,,UNKNOWN,False,False,False,,,,,False,False,False,False,,Parameter tensor count excludes running statistics/counters; classification uses normalized keys and source evidence.
sha256:14b4520dc825142b1587,DATA_ROOT_EMBEDDED_ARTIFACTS,Soil_Labeled_Data/soilNet_di chuyen tu o C/checkpoints_VicReg/vicreg_classifier_final_mu_40.0.pth,vicreg_classifier_final_mu_40.0.pth,53032,14b4520dc825142b158789ba8bbbc81c2018905944465ee60cd23b15b0378b44,SAFE_LOAD_OK,OrderedDict,linear.weight;linear.bias,raw_state_dict,2,2,PARTIAL_STATE,40.0,,UNKNOWN,False,False,False,,,,,False,False,False,False,,Parameter tensor count excludes running statistics/counters; classification uses normalized keys and source evidence.
sha256:fec6bce1498e9fb69c2d,DATA_ROOT_EMBEDDED_ARTIFACTS,Soil_Labeled_Data/soilNet_di chuyen tu o C/checkpoints_VicReg/vicreg_classifier_final_mu_80.0.pth,vicreg_classifier_final_mu_80.0.pth,53032,fec6bce1498e9fb69c2da6ab8b91208a59d14fd1453ec36e8957f1b17ef723c2,SAFE_LOAD_OK,OrderedDict,linear.weight;linear.bias,raw_state_dict,2,2,PARTIAL_STATE,80.0,,UNKNOWN,False,False,False,,,,,False,False,False,False,,Parameter tensor count excludes running statistics/counters; classification uses normalized keys and source evidence.
sha256:c68f8f5f979b1f0d9a53,DATA_ROOT_EMBEDDED_ARTIFACTS,Soil_Labeled_Data/soilNet_di chuyen tu o C/checkpoints_VicReg/vicreg_linear_reg_final_mu_10.0.pth,vicreg_linear_reg_final_mu_10.0.pth,12008,c68f8f5f979b1f0d9a5369160e0c0677b68ee21776ff4ffc8eefa7918c254055,SAFE_LOAD_OK,OrderedDict,linear.weight;linear.bias,raw_state_dict,2,2,PARTIAL_STATE,10.0,,UNKNOWN,False,False,False,,,,,False,False,False,False,,Parameter tensor count excludes running statistics/counters; classification uses normalized keys and source evidence.
sha256:9bdddb94afe6c728b3c7,DATA_ROOT_EMBEDDED_ARTIFACTS,Soil_Labeled_Data/soilNet_di chuyen tu o C/checkpoints_VicReg/vicreg_linear_reg_final_mu_2.0.pth,vicreg_linear_reg_final_mu_2.0.pth,12002,9bdddb94afe6c728b3c7d8f104e507a769a23d04861e8a279c76931b4f5dd3a2,SAFE_LOAD_OK,OrderedDict,linear.weight;linear.bias,raw_state_dict,2,2,PARTIAL_STATE,2.0,,UNKNOWN,False,False,False,,,,,False,False,False,False,,Parameter tensor count excludes running statistics/counters; classification uses normalized keys and source evidence.
sha256:212bbde1295facb9a7cb,DATA_ROOT_EMBEDDED_ARTIFACTS,Soil_Labeled_Data/soilNet_di chuyen tu o C/checkpoints_VicReg/vicreg_linear_reg_final_mu_20.0.pth,vicreg_linear_reg_final_mu_20.0.pth,12008,212bbde1295facb9a7cb6a700330634138bf7f67b9df9f8c1798353ef423d525,SAFE_LOAD_OK,OrderedDict,linear.weight;linear.bias,raw_state_dict,2,2,PARTIAL_STATE,20.0,,UNKNOWN,False,False,False,,,,,False,False,False,False,,Parameter tensor count excludes running statistics/counters; classification uses normalized keys and source evidence.
sha256:1bee9b79321dfb7292a8,DATA_ROOT_EMBEDDED_ARTIFACTS,Soil_Labeled_Data/soilNet_di chuyen tu o C/checkpoints_VicReg/vicreg_linear_reg_final_mu_23.0.pth,vicreg_linear_reg_final_mu_23.0.pth,12008,1bee9b79321dfb7292a8ea8f5d02da5a9330a4c3e8bce1960f38ead0fdc6f36c,SAFE_LOAD_OK,OrderedDict,linear.weight;linear.bias,raw_state_dict,2,2,PARTIAL_STATE,23.0,,UNKNOWN,False,False,False,,,,,False,False,False,False,,Parameter tensor count excludes running statistics/counters; classification uses normalized keys and source evidence.
sha256:fee45784761218ce2cf6,DATA_ROOT_EMBEDDED_ARTIFACTS,Soil_Labeled_Data/soilNet_di chuyen tu o C/checkpoints_VicReg/vicreg_linear_reg_final_mu_25.0.pth,vicreg_linear_reg_final_mu_25.0.pth,12008,fee45784761218ce2cf63fc9678c8ba3ca621b7ce2744625665c47ca4d638259,SAFE_LOAD_OK,OrderedDict,linear.weight;linear.bias,raw_state_dict,2,2,PARTIAL_STATE,25.0,,UNKNOWN,False,False,False,,,,,False,False,False,False,,Parameter tensor count excludes running statistics/counters; classification uses normalized keys and source evidence.
sha256:c22c47ef53d5f8a03031,DATA_ROOT_EMBEDDED_ARTIFACTS,Soil_Labeled_Data/soilNet_di chuyen tu o C/checkpoints_VicReg/vicreg_linear_reg_final_mu_27.0.pth,vicreg_linear_reg_final_mu_27.0.pth,12008,c22c47ef53d5f8a030314e9a315ac482d266f129b7424b794c52c83841d15acd,SAFE_LOAD_OK,OrderedDict,linear.weight;linear.bias,raw_state_dict,2,2,PARTIAL_STATE,27.0,,UNKNOWN,False,False,False,,,,,False,False,False,False,,Parameter tensor count excludes running statistics/counters; classification uses normalized keys and source evidence.
sha256:c34163a620b9b14b5314,DATA_ROOT_EMBEDDED_ARTIFACTS,Soil_Labeled_Data/soilNet_di chuyen tu o C/checkpoints_VicReg/vicreg_linear_reg_final_mu_30.0.pth,vicreg_linear_reg_final_mu_30.0.pth,12008,c34163a620b9b14b5314ded00b4c9cd51688f31c36b285366ead681af9112fab,SAFE_LOAD_OK,OrderedDict,linear.weight;linear.bias,raw_state_dict,2,2,PARTIAL_STATE,30.0,,UNKNOWN,False,False,False,,,,,False,False,False,False,,Parameter tensor count excludes running statistics/counters; classification uses normalized keys and source evidence.
sha256:618a5e8a8f12dee48bc7,DATA_ROOT_EMBEDDED_ARTIFACTS,Soil_Labeled_Data/soilNet_di chuyen tu o C/checkpoints_VicReg/vicreg_linear_reg_final_mu_33.0.pth,vicreg_linear_reg_final_mu_33.0.pth,12008,618a5e8a8f12dee48bc7b8f7d88f97205129171ca0bee6f2f7d7dcf49885d95c,SAFE_LOAD_OK,OrderedDict,linear.weight;linear.bias,raw_state_dict,2,2,PARTIAL_STATE,33.0,,UNKNOWN,False,False,False,,,,,False,False,False,False,,Parameter tensor count excludes running statistics/counters; classification uses normalized keys and source evidence.
sha256:dbe46bcaf48df21fcd75,DATA_ROOT_EMBEDDED_ARTIFACTS,Soil_Labeled_Data/soilNet_di chuyen tu o C/checkpoints_VicReg/vicreg_linear_reg_final_mu_40.0.pth,vicreg_linear_reg_final_mu_40.0.pth,12008,dbe46bcaf48df21fcd751c36fb8ec67027b4a3fef8cc3f8479711900a1388aaa,SAFE_LOAD_OK,OrderedDict,linear.weight;linear.bias,raw_state_dict,2,2,PARTIAL_STATE,40.0,,UNKNOWN,False,False,False,,,,,False,False,False,False,,Parameter tensor count excludes running statistics/counters; classification uses normalized keys and source evidence.
sha256:68549a270f1f3700085a,DATA_ROOT_EMBEDDED_ARTIFACTS,Soil_Labeled_Data/soilNet_di chuyen tu o C/checkpoints_VicReg/vicreg_linear_reg_final_mu_80.0.pth,vicreg_linear_reg_final_mu_80.0.pth,12008,68549a270f1f3700085a95c7ed1473e5657c736091b11a484cba4e2df4172958,SAFE_LOAD_OK,OrderedDict,linear.weight;linear.bias,raw_state_dict,2,2,PARTIAL_STATE,80.0,,UNKNOWN,False,False,False,,,,,False,False,False,False,,Parameter tensor count excludes running statistics/counters; classification uses normalized keys and source evidence.
sha256:df0307271fe5ea037b87,DATA_ROOT_EMBEDDED_ARTIFACTS,Soil_Labeled_Data/soilNet_di chuyen tu o C/checkpoints_VicReg/vicreg_model_final_mu_10.0.pth,vicreg_model_final_mu_10.0.pth,16208023,df0307271fe5ea037b87242e957fea8b5219419ffeffd7b4550a058be47b53fc,SAFE_LOAD_OK,OrderedDict,initial_conv.weight;initial_conv.bias;mnv2_block1.0.0.conv_dw.weight;mnv2_block1.0.0.bn1.weight;mnv2_block1.0.0.bn1.bias;mnv2_block1.0.0.bn1.running_mean;mnv2_block1.0.0.bn1.running_var;mnv2_block1.0.0.bn1.num_batches_tracked;mnv2_block1.0.0.conv_pw.weight;mnv2_block1.0.0.bn2.weight;mnv2_block1.0.0.bn2.bias;mnv2_block1.0.0.bn2.running_mean;mnv2_block1.0.0.bn2.running_var;mnv2_block1.0.0.bn2.num_batches_tracked;mnv2_block1.1.0.conv_pw.weight;mnv2_block1.1.0.bn1.weight;mnv2_block1.1.0.bn1.bias;mnv2_block1.1.0.bn1.running_mean;mnv2_block1.1.0.bn1.running_var;mnv2_block1.1.0.bn1.num_batches_tracked;mnv2_block1.1.0.conv_dw.weight;mnv2_block1.1.0.bn2.weight;mnv2_block1.1.0.bn2.bias;mnv2_block1.1.0.bn2.running_mean;mnv2_block1.1.0.bn2.running_var;mnv2_block1.1.0.bn2.num_batches_tracked;mnv2_block1.1.0.conv_pwl.weight;mnv2_block1.1.0.bn3.weight;mnv2_block1.1.0.bn3.bias;mnv2_block1.1.0.bn3.running_mean;mnv2_block1.1.0.bn3.running_var;mnv2_block1.1.0.bn3.num_batches_tracked;mnv2_block1.1.1.conv_pw.weight;mnv2_block1.1.1.bn1.weight;mnv2_block1.1.1.bn1.bias;mnv2_block1.1.1.bn1.running_mean;mnv2_block1.1.1.bn1.running_var;mnv2_block1.1.1.bn1.num_batches_tracked;mnv2_block1.1.1.conv_dw.weight;mnv2_block1.1.1.bn2.weight;mnv2_block1.1.1.bn2.bias;mnv2_block1.1.1.bn2.running_mean;mnv2_block1.1.1.bn2.running_var;mnv2_block1.1.1.bn2.num_batches_tracked;mnv2_block1.1.1.conv_pwl.weight;mnv2_block1.1.1.bn3.weight;mnv2_block1.1.1.bn3.bias;mnv2_block1.1.1.bn3.running_mean;mnv2_block1.1.1.bn3.running_var;mnv2_block1.1.1.bn3.num_batches_tracked;mnv2_block1.2.0.conv_pw.weight;mnv2_block1.2.0.bn1.weight;mnv2_block1.2.0.bn1.bias;mnv2_block1.2.0.bn1.running_mean;mnv2_block1.2.0.bn1.running_var;mnv2_block1.2.0.bn1.num_batches_tracked;mnv2_block1.2.0.conv_dw.weight;mnv2_block1.2.0.bn2.weight;mnv2_block1.2.0.bn2.bias;mnv2_block1.2.0.bn2.running_mean;mnv2_block1.2.0.bn2.running_var;mnv2_block1.2.0.bn2.num_batches_tracked;mnv2_block1.2.0.conv_pwl.weight;mnv2_block1.2.0.bn3.weight;mnv2_block1.2.0.bn3.bias;mnv2_block1.2.0.bn3.running_mean;mnv2_block1.2.0.bn3.running_var;mnv2_block1.2.0.bn3.num_batches_tracked;mnv2_block1.2.1.conv_pw.weight;mnv2_block1.2.1.bn1.weight;mnv2_block1.2.1.bn1.bias;mnv2_block1.2.1.bn1.running_mean;mnv2_block1.2.1.bn1.running_var;mnv2_block1.2.1.bn1.num_batches_tracked;mnv2_block1.2.1.conv_dw.weight;mnv2_block1.2.1.bn2.weight;mnv2_block1.2.1.bn2.bias;mnv2_block1.2.1.bn2.running_mean;mnv2_block1.2.1.bn2.running_var;mnv2_block1.2.1.bn2.num_batches_tracked;mnv2_block1.2.1.conv_pwl.weight;mnv2_block1.2.1.bn3.weight;mnv2_block1.2.1.bn3.bias;mnv2_block1.2.1.bn3.running_mean;mnv2_block1.2.1.bn3.running_var;mnv2_block1.2.1.bn3.num_batches_tracked;mnv2_block1.2.2.conv_pw.weight;mnv2_block1.2.2.bn1.weight;mnv2_block1.2.2.bn1.bias;mnv2_block1.2.2.bn1.running_mean;mnv2_block1.2.2.bn1.running_var;mnv2_block1.2.2.bn1.num_batches_tracked;mnv2_block1.2.2.conv_dw.weight;mnv2_block1.2.2.bn2.weight;mnv2_block1.2.2.bn2.bias;mnv2_block1.2.2.bn2.running_mean;mnv2_block1.2.2.bn2.running_var;mnv2_block1.2.2.bn2.num_batches_tracked;mnv2_block1.2.2.conv_pwl.weight;mnv2_block1.2.2.bn3.weight,raw_state_dict,846,549,SSL_BACKBONE,10.0,,SoilNetDualHead,True,True,True,10,2,2x128,10x128,True,False,False,False,MODEL_COMPATIBLE;HAS_REG_HEAD;HAS_CLS_HEAD;HAS_LIGHT_BRANCH,Parameter tensor count excludes running statistics/counters; classification uses normalized keys and source evidence.
sha256:15b9cf4e941cd4a4136f,DATA_ROOT_EMBEDDED_ARTIFACTS,Soil_Labeled_Data/soilNet_di chuyen tu o C/checkpoints_VicReg/vicreg_model_final_mu_2.0.pth,vicreg_model_final_mu_2.0.pth,16207434,15b9cf4e941cd4a4136f262be8caaa367d4def628a5c114ad00c075766630539,SAFE_LOAD_OK,OrderedDict,initial_conv.weight;initial_conv.bias;mnv2_block1.0.0.conv_dw.weight;mnv2_block1.0.0.bn1.weight;mnv2_block1.0.0.bn1.bias;mnv2_block1.0.0.bn1.running_mean;mnv2_block1.0.0.bn1.running_var;mnv2_block1.0.0.bn1.num_batches_tracked;mnv2_block1.0.0.conv_pw.weight;mnv2_block1.0.0.bn2.weight;mnv2_block1.0.0.bn2.bias;mnv2_block1.0.0.bn2.running_mean;mnv2_block1.0.0.bn2.running_var;mnv2_block1.0.0.bn2.num_batches_tracked;mnv2_block1.1.0.conv_pw.weight;mnv2_block1.1.0.bn1.weight;mnv2_block1.1.0.bn1.bias;mnv2_block1.1.0.bn1.running_mean;mnv2_block1.1.0.bn1.running_var;mnv2_block1.1.0.bn1.num_batches_tracked;mnv2_block1.1.0.conv_dw.weight;mnv2_block1.1.0.bn2.weight;mnv2_block1.1.0.bn2.bias;mnv2_block1.1.0.bn2.running_mean;mnv2_block1.1.0.bn2.running_var;mnv2_block1.1.0.bn2.num_batches_tracked;mnv2_block1.1.0.conv_pwl.weight;mnv2_block1.1.0.bn3.weight;mnv2_block1.1.0.bn3.bias;mnv2_block1.1.0.bn3.running_mean;mnv2_block1.1.0.bn3.running_var;mnv2_block1.1.0.bn3.num_batches_tracked;mnv2_block1.1.1.conv_pw.weight;mnv2_block1.1.1.bn1.weight;mnv2_block1.1.1.bn1.bias;mnv2_block1.1.1.bn1.running_mean;mnv2_block1.1.1.bn1.running_var;mnv2_block1.1.1.bn1.num_batches_tracked;mnv2_block1.1.1.conv_dw.weight;mnv2_block1.1.1.bn2.weight;mnv2_block1.1.1.bn2.bias;mnv2_block1.1.1.bn2.running_mean;mnv2_block1.1.1.bn2.running_var;mnv2_block1.1.1.bn2.num_batches_tracked;mnv2_block1.1.1.conv_pwl.weight;mnv2_block1.1.1.bn3.weight;mnv2_block1.1.1.bn3.bias;mnv2_block1.1.1.bn3.running_mean;mnv2_block1.1.1.bn3.running_var;mnv2_block1.1.1.bn3.num_batches_tracked;mnv2_block1.2.0.conv_pw.weight;mnv2_block1.2.0.bn1.weight;mnv2_block1.2.0.bn1.bias;mnv2_block1.2.0.bn1.running_mean;mnv2_block1.2.0.bn1.running_var;mnv2_block1.2.0.bn1.num_batches_tracked;mnv2_block1.2.0.conv_dw.weight;mnv2_block1.2.0.bn2.weight;mnv2_block1.2.0.bn2.bias;mnv2_block1.2.0.bn2.running_mean;mnv2_block1.2.0.bn2.running_var;mnv2_block1.2.0.bn2.num_batches_tracked;mnv2_block1.2.0.conv_pwl.weight;mnv2_block1.2.0.bn3.weight;mnv2_block1.2.0.bn3.bias;mnv2_block1.2.0.bn3.running_mean;mnv2_block1.2.0.bn3.running_var;mnv2_block1.2.0.bn3.num_batches_tracked;mnv2_block1.2.1.conv_pw.weight;mnv2_block1.2.1.bn1.weight;mnv2_block1.2.1.bn1.bias;mnv2_block1.2.1.bn1.running_mean;mnv2_block1.2.1.bn1.running_var;mnv2_block1.2.1.bn1.num_batches_tracked;mnv2_block1.2.1.conv_dw.weight;mnv2_block1.2.1.bn2.weight;mnv2_block1.2.1.bn2.bias;mnv2_block1.2.1.bn2.running_mean;mnv2_block1.2.1.bn2.running_var;mnv2_block1.2.1.bn2.num_batches_tracked;mnv2_block1.2.1.conv_pwl.weight;mnv2_block1.2.1.bn3.weight;mnv2_block1.2.1.bn3.bias;mnv2_block1.2.1.bn3.running_mean;mnv2_block1.2.1.bn3.running_var;mnv2_block1.2.1.bn3.num_batches_tracked;mnv2_block1.2.2.conv_pw.weight;mnv2_block1.2.2.bn1.weight;mnv2_block1.2.2.bn1.bias;mnv2_block1.2.2.bn1.running_mean;mnv2_block1.2.2.bn1.running_var;mnv2_block1.2.2.bn1.num_batches_tracked;mnv2_block1.2.2.conv_dw.weight;mnv2_block1.2.2.bn2.weight;mnv2_block1.2.2.bn2.bias;mnv2_block1.2.2.bn2.running_mean;mnv2_block1.2.2.bn2.running_var;mnv2_block1.2.2.bn2.num_batches_tracked;mnv2_block1.2.2.conv_pwl.weight;mnv2_block1.2.2.bn3.weight,raw_state_dict,846,549,SSL_BACKBONE,2.0,,SoilNetDualHead,True,True,True,10,2,2x128,10x128,True,False,False,False,MODEL_COMPATIBLE;HAS_REG_HEAD;HAS_CLS_HEAD;HAS_LIGHT_BRANCH,Parameter tensor count excludes running statistics/counters; classification uses normalized keys and source evidence.
sha256:f71c572dbcaebbc6ba26,DATA_ROOT_EMBEDDED_ARTIFACTS,Soil_Labeled_Data/soilNet_di chuyen tu o C/checkpoints_VicReg/vicreg_model_final_mu_20.0.pth,vicreg_model_final_mu_20.0.pth,16208023,f71c572dbcaebbc6ba267ed4cf0451a9035954e66c5d2a41b65acd2fcb84a08b,SAFE_LOAD_OK,OrderedDict,initial_conv.weight;initial_conv.bias;mnv2_block1.0.0.conv_dw.weight;mnv2_block1.0.0.bn1.weight;mnv2_block1.0.0.bn1.bias;mnv2_block1.0.0.bn1.running_mean;mnv2_block1.0.0.bn1.running_var;mnv2_block1.0.0.bn1.num_batches_tracked;mnv2_block1.0.0.conv_pw.weight;mnv2_block1.0.0.bn2.weight;mnv2_block1.0.0.bn2.bias;mnv2_block1.0.0.bn2.running_mean;mnv2_block1.0.0.bn2.running_var;mnv2_block1.0.0.bn2.num_batches_tracked;mnv2_block1.1.0.conv_pw.weight;mnv2_block1.1.0.bn1.weight;mnv2_block1.1.0.bn1.bias;mnv2_block1.1.0.bn1.running_mean;mnv2_block1.1.0.bn1.running_var;mnv2_block1.1.0.bn1.num_batches_tracked;mnv2_block1.1.0.conv_dw.weight;mnv2_block1.1.0.bn2.weight;mnv2_block1.1.0.bn2.bias;mnv2_block1.1.0.bn2.running_mean;mnv2_block1.1.0.bn2.running_var;mnv2_block1.1.0.bn2.num_batches_tracked;mnv2_block1.1.0.conv_pwl.weight;mnv2_block1.1.0.bn3.weight;mnv2_block1.1.0.bn3.bias;mnv2_block1.1.0.bn3.running_mean;mnv2_block1.1.0.bn3.running_var;mnv2_block1.1.0.bn3.num_batches_tracked;mnv2_block1.1.1.conv_pw.weight;mnv2_block1.1.1.bn1.weight;mnv2_block1.1.1.bn1.bias;mnv2_block1.1.1.bn1.running_mean;mnv2_block1.1.1.bn1.running_var;mnv2_block1.1.1.bn1.num_batches_tracked;mnv2_block1.1.1.conv_dw.weight;mnv2_block1.1.1.bn2.weight;mnv2_block1.1.1.bn2.bias;mnv2_block1.1.1.bn2.running_mean;mnv2_block1.1.1.bn2.running_var;mnv2_block1.1.1.bn2.num_batches_tracked;mnv2_block1.1.1.conv_pwl.weight;mnv2_block1.1.1.bn3.weight;mnv2_block1.1.1.bn3.bias;mnv2_block1.1.1.bn3.running_mean;mnv2_block1.1.1.bn3.running_var;mnv2_block1.1.1.bn3.num_batches_tracked;mnv2_block1.2.0.conv_pw.weight;mnv2_block1.2.0.bn1.weight;mnv2_block1.2.0.bn1.bias;mnv2_block1.2.0.bn1.running_mean;mnv2_block1.2.0.bn1.running_var;mnv2_block1.2.0.bn1.num_batches_tracked;mnv2_block1.2.0.conv_dw.weight;mnv2_block1.2.0.bn2.weight;mnv2_block1.2.0.bn2.bias;mnv2_block1.2.0.bn2.running_mean;mnv2_block1.2.0.bn2.running_var;mnv2_block1.2.0.bn2.num_batches_tracked;mnv2_block1.2.0.conv_pwl.weight;mnv2_block1.2.0.bn3.weight;mnv2_block1.2.0.bn3.bias;mnv2_block1.2.0.bn3.running_mean;mnv2_block1.2.0.bn3.running_var;mnv2_block1.2.0.bn3.num_batches_tracked;mnv2_block1.2.1.conv_pw.weight;mnv2_block1.2.1.bn1.weight;mnv2_block1.2.1.bn1.bias;mnv2_block1.2.1.bn1.running_mean;mnv2_block1.2.1.bn1.running_var;mnv2_block1.2.1.bn1.num_batches_tracked;mnv2_block1.2.1.conv_dw.weight;mnv2_block1.2.1.bn2.weight;mnv2_block1.2.1.bn2.bias;mnv2_block1.2.1.bn2.running_mean;mnv2_block1.2.1.bn2.running_var;mnv2_block1.2.1.bn2.num_batches_tracked;mnv2_block1.2.1.conv_pwl.weight;mnv2_block1.2.1.bn3.weight;mnv2_block1.2.1.bn3.bias;mnv2_block1.2.1.bn3.running_mean;mnv2_block1.2.1.bn3.running_var;mnv2_block1.2.1.bn3.num_batches_tracked;mnv2_block1.2.2.conv_pw.weight;mnv2_block1.2.2.bn1.weight;mnv2_block1.2.2.bn1.bias;mnv2_block1.2.2.bn1.running_mean;mnv2_block1.2.2.bn1.running_var;mnv2_block1.2.2.bn1.num_batches_tracked;mnv2_block1.2.2.conv_dw.weight;mnv2_block1.2.2.bn2.weight;mnv2_block1.2.2.bn2.bias;mnv2_block1.2.2.bn2.running_mean;mnv2_block1.2.2.bn2.running_var;mnv2_block1.2.2.bn2.num_batches_tracked;mnv2_block1.2.2.conv_pwl.weight;mnv2_block1.2.2.bn3.weight,raw_state_dict,846,549,SSL_BACKBONE,20.0,,SoilNetDualHead,True,True,True,10,2,2x128,10x128,True,False,False,False,MODEL_COMPATIBLE;HAS_REG_HEAD;HAS_CLS_HEAD;HAS_LIGHT_BRANCH,Parameter tensor count excludes running statistics/counters; classification uses normalized keys and source evidence.
sha256:a15c5bf0df93980b3757,DATA_ROOT_EMBEDDED_ARTIFACTS,Soil_Labeled_Data/soilNet_di chuyen tu o C/checkpoints_VicReg/vicreg_model_final_mu_23.0.pth,vicreg_model_final_mu_23.0.pth,16208023,a15c5bf0df93980b375770cd34968516624834a947b2c0c2a6a2da1b9e29df8a,SAFE_LOAD_OK,OrderedDict,initial_conv.weight;initial_conv.bias;mnv2_block1.0.0.conv_dw.weight;mnv2_block1.0.0.bn1.weight;mnv2_block1.0.0.bn1.bias;mnv2_block1.0.0.bn1.running_mean;mnv2_block1.0.0.bn1.running_var;mnv2_block1.0.0.bn1.num_batches_tracked;mnv2_block1.0.0.conv_pw.weight;mnv2_block1.0.0.bn2.weight;mnv2_block1.0.0.bn2.bias;mnv2_block1.0.0.bn2.running_mean;mnv2_block1.0.0.bn2.running_var;mnv2_block1.0.0.bn2.num_batches_tracked;mnv2_block1.1.0.conv_pw.weight;mnv2_block1.1.0.bn1.weight;mnv2_block1.1.0.bn1.bias;mnv2_block1.1.0.bn1.running_mean;mnv2_block1.1.0.bn1.running_var;mnv2_block1.1.0.bn1.num_batches_tracked;mnv2_block1.1.0.conv_dw.weight;mnv2_block1.1.0.bn2.weight;mnv2_block1.1.0.bn2.bias;mnv2_block1.1.0.bn2.running_mean;mnv2_block1.1.0.bn2.running_var;mnv2_block1.1.0.bn2.num_batches_tracked;mnv2_block1.1.0.conv_pwl.weight;mnv2_block1.1.0.bn3.weight;mnv2_block1.1.0.bn3.bias;mnv2_block1.1.0.bn3.running_mean;mnv2_block1.1.0.bn3.running_var;mnv2_block1.1.0.bn3.num_batches_tracked;mnv2_block1.1.1.conv_pw.weight;mnv2_block1.1.1.bn1.weight;mnv2_block1.1.1.bn1.bias;mnv2_block1.1.1.bn1.running_mean;mnv2_block1.1.1.bn1.running_var;mnv2_block1.1.1.bn1.num_batches_tracked;mnv2_block1.1.1.conv_dw.weight;mnv2_block1.1.1.bn2.weight;mnv2_block1.1.1.bn2.bias;mnv2_block1.1.1.bn2.running_mean;mnv2_block1.1.1.bn2.running_var;mnv2_block1.1.1.bn2.num_batches_tracked;mnv2_block1.1.1.conv_pwl.weight;mnv2_block1.1.1.bn3.weight;mnv2_block1.1.1.bn3.bias;mnv2_block1.1.1.bn3.running_mean;mnv2_block1.1.1.bn3.running_var;mnv2_block1.1.1.bn3.num_batches_tracked;mnv2_block1.2.0.conv_pw.weight;mnv2_block1.2.0.bn1.weight;mnv2_block1.2.0.bn1.bias;mnv2_block1.2.0.bn1.running_mean;mnv2_block1.2.0.bn1.running_var;mnv2_block1.2.0.bn1.num_batches_tracked;mnv2_block1.2.0.conv_dw.weight;mnv2_block1.2.0.bn2.weight;mnv2_block1.2.0.bn2.bias;mnv2_block1.2.0.bn2.running_mean;mnv2_block1.2.0.bn2.running_var;mnv2_block1.2.0.bn2.num_batches_tracked;mnv2_block1.2.0.conv_pwl.weight;mnv2_block1.2.0.bn3.weight;mnv2_block1.2.0.bn3.bias;mnv2_block1.2.0.bn3.running_mean;mnv2_block1.2.0.bn3.running_var;mnv2_block1.2.0.bn3.num_batches_tracked;mnv2_block1.2.1.conv_pw.weight;mnv2_block1.2.1.bn1.weight;mnv2_block1.2.1.bn1.bias;mnv2_block1.2.1.bn1.running_mean;mnv2_block1.2.1.bn1.running_var;mnv2_block1.2.1.bn1.num_batches_tracked;mnv2_block1.2.1.conv_dw.weight;mnv2_block1.2.1.bn2.weight;mnv2_block1.2.1.bn2.bias;mnv2_block1.2.1.bn2.running_mean;mnv2_block1.2.1.bn2.running_var;mnv2_block1.2.1.bn2.num_batches_tracked;mnv2_block1.2.1.conv_pwl.weight;mnv2_block1.2.1.bn3.weight;mnv2_block1.2.1.bn3.bias;mnv2_block1.2.1.bn3.running_mean;mnv2_block1.2.1.bn3.running_var;mnv2_block1.2.1.bn3.num_batches_tracked;mnv2_block1.2.2.conv_pw.weight;mnv2_block1.2.2.bn1.weight;mnv2_block1.2.2.bn1.bias;mnv2_block1.2.2.bn1.running_mean;mnv2_block1.2.2.bn1.running_var;mnv2_block1.2.2.bn1.num_batches_tracked;mnv2_block1.2.2.conv_dw.weight;mnv2_block1.2.2.bn2.weight;mnv2_block1.2.2.bn2.bias;mnv2_block1.2.2.bn2.running_mean;mnv2_block1.2.2.bn2.running_var;mnv2_block1.2.2.bn2.num_batches_tracked;mnv2_block1.2.2.conv_pwl.weight;mnv2_block1.2.2.bn3.weight,raw_state_dict,846,549,SSL_BACKBONE,23.0,,SoilNetDualHead,True,True,True,10,2,2x128,10x128,True,False,False,False,MODEL_COMPATIBLE;HAS_REG_HEAD;HAS_CLS_HEAD;HAS_LIGHT_BRANCH,Parameter tensor count excludes running statistics/counters; classification uses normalized keys and source evidence.
sha256:2e99ab79687e5ad3082e,DATA_ROOT_EMBEDDED_ARTIFACTS,Soil_Labeled_Data/soilNet_di chuyen tu o C/checkpoints_VicReg/vicreg_model_final_mu_25.0.pth,vicreg_model_final_mu_25.0.pth,16208023,2e99ab79687e5ad3082e440ed7bcea6a0e2cf5c353464fdf91d13f694d5694ab,SAFE_LOAD_OK,OrderedDict,initial_conv.weight;initial_conv.bias;mnv2_block1.0.0.conv_dw.weight;mnv2_block1.0.0.bn1.weight;mnv2_block1.0.0.bn1.bias;mnv2_block1.0.0.bn1.running_mean;mnv2_block1.0.0.bn1.running_var;mnv2_block1.0.0.bn1.num_batches_tracked;mnv2_block1.0.0.conv_pw.weight;mnv2_block1.0.0.bn2.weight;mnv2_block1.0.0.bn2.bias;mnv2_block1.0.0.bn2.running_mean;mnv2_block1.0.0.bn2.running_var;mnv2_block1.0.0.bn2.num_batches_tracked;mnv2_block1.1.0.conv_pw.weight;mnv2_block1.1.0.bn1.weight;mnv2_block1.1.0.bn1.bias;mnv2_block1.1.0.bn1.running_mean;mnv2_block1.1.0.bn1.running_var;mnv2_block1.1.0.bn1.num_batches_tracked;mnv2_block1.1.0.conv_dw.weight;mnv2_block1.1.0.bn2.weight;mnv2_block1.1.0.bn2.bias;mnv2_block1.1.0.bn2.running_mean;mnv2_block1.1.0.bn2.running_var;mnv2_block1.1.0.bn2.num_batches_tracked;mnv2_block1.1.0.conv_pwl.weight;mnv2_block1.1.0.bn3.weight;mnv2_block1.1.0.bn3.bias;mnv2_block1.1.0.bn3.running_mean;mnv2_block1.1.0.bn3.running_var;mnv2_block1.1.0.bn3.num_batches_tracked;mnv2_block1.1.1.conv_pw.weight;mnv2_block1.1.1.bn1.weight;mnv2_block1.1.1.bn1.bias;mnv2_block1.1.1.bn1.running_mean;mnv2_block1.1.1.bn1.running_var;mnv2_block1.1.1.bn1.num_batches_tracked;mnv2_block1.1.1.conv_dw.weight;mnv2_block1.1.1.bn2.weight;mnv2_block1.1.1.bn2.bias;mnv2_block1.1.1.bn2.running_mean;mnv2_block1.1.1.bn2.running_var;mnv2_block1.1.1.bn2.num_batches_tracked;mnv2_block1.1.1.conv_pwl.weight;mnv2_block1.1.1.bn3.weight;mnv2_block1.1.1.bn3.bias;mnv2_block1.1.1.bn3.running_mean;mnv2_block1.1.1.bn3.running_var;mnv2_block1.1.1.bn3.num_batches_tracked;mnv2_block1.2.0.conv_pw.weight;mnv2_block1.2.0.bn1.weight;mnv2_block1.2.0.bn1.bias;mnv2_block1.2.0.bn1.running_mean;mnv2_block1.2.0.bn1.running_var;mnv2_block1.2.0.bn1.num_batches_tracked;mnv2_block1.2.0.conv_dw.weight;mnv2_block1.2.0.bn2.weight;mnv2_block1.2.0.bn2.bias;mnv2_block1.2.0.bn2.running_mean;mnv2_block1.2.0.bn2.running_var;mnv2_block1.2.0.bn2.num_batches_tracked;mnv2_block1.2.0.conv_pwl.weight;mnv2_block1.2.0.bn3.weight;mnv2_block1.2.0.bn3.bias;mnv2_block1.2.0.bn3.running_mean;mnv2_block1.2.0.bn3.running_var;mnv2_block1.2.0.bn3.num_batches_tracked;mnv2_block1.2.1.conv_pw.weight;mnv2_block1.2.1.bn1.weight;mnv2_block1.2.1.bn1.bias;mnv2_block1.2.1.bn1.running_mean;mnv2_block1.2.1.bn1.running_var;mnv2_block1.2.1.bn1.num_batches_tracked;mnv2_block1.2.1.conv_dw.weight;mnv2_block1.2.1.bn2.weight;mnv2_block1.2.1.bn2.bias;mnv2_block1.2.1.bn2.running_mean;mnv2_block1.2.1.bn2.running_var;mnv2_block1.2.1.bn2.num_batches_tracked;mnv2_block1.2.1.conv_pwl.weight;mnv2_block1.2.1.bn3.weight;mnv2_block1.2.1.bn3.bias;mnv2_block1.2.1.bn3.running_mean;mnv2_block1.2.1.bn3.running_var;mnv2_block1.2.1.bn3.num_batches_tracked;mnv2_block1.2.2.conv_pw.weight;mnv2_block1.2.2.bn1.weight;mnv2_block1.2.2.bn1.bias;mnv2_block1.2.2.bn1.running_mean;mnv2_block1.2.2.bn1.running_var;mnv2_block1.2.2.bn1.num_batches_tracked;mnv2_block1.2.2.conv_dw.weight;mnv2_block1.2.2.bn2.weight;mnv2_block1.2.2.bn2.bias;mnv2_block1.2.2.bn2.running_mean;mnv2_block1.2.2.bn2.running_var;mnv2_block1.2.2.bn2.num_batches_tracked;mnv2_block1.2.2.conv_pwl.weight;mnv2_block1.2.2.bn3.weight,raw_state_dict,846,549,SSL_BACKBONE,25.0,,SoilNetDualHead,True,True,True,10,2,2x128,10x128,True,False,False,False,MODEL_COMPATIBLE;HAS_REG_HEAD;HAS_CLS_HEAD;HAS_LIGHT_BRANCH,Parameter tensor count excludes running statistics/counters; classification uses normalized keys and source evidence.
sha256:3d43b479b9ec4ab16d92,DATA_ROOT_EMBEDDED_ARTIFACTS,Soil_Labeled_Data/soilNet_di chuyen tu o C/checkpoints_VicReg/vicreg_model_final_mu_27.0.pth,vicreg_model_final_mu_27.0.pth,16208023,3d43b479b9ec4ab16d920fc4a346fad39b17a72ae9bd087c98752d2b7e2c15e1,SAFE_LOAD_OK,OrderedDict,initial_conv.weight;initial_conv.bias;mnv2_block1.0.0.conv_dw.weight;mnv2_block1.0.0.bn1.weight;mnv2_block1.0.0.bn1.bias;mnv2_block1.0.0.bn1.running_mean;mnv2_block1.0.0.bn1.running_var;mnv2_block1.0.0.bn1.num_batches_tracked;mnv2_block1.0.0.conv_pw.weight;mnv2_block1.0.0.bn2.weight;mnv2_block1.0.0.bn2.bias;mnv2_block1.0.0.bn2.running_mean;mnv2_block1.0.0.bn2.running_var;mnv2_block1.0.0.bn2.num_batches_tracked;mnv2_block1.1.0.conv_pw.weight;mnv2_block1.1.0.bn1.weight;mnv2_block1.1.0.bn1.bias;mnv2_block1.1.0.bn1.running_mean;mnv2_block1.1.0.bn1.running_var;mnv2_block1.1.0.bn1.num_batches_tracked;mnv2_block1.1.0.conv_dw.weight;mnv2_block1.1.0.bn2.weight;mnv2_block1.1.0.bn2.bias;mnv2_block1.1.0.bn2.running_mean;mnv2_block1.1.0.bn2.running_var;mnv2_block1.1.0.bn2.num_batches_tracked;mnv2_block1.1.0.conv_pwl.weight;mnv2_block1.1.0.bn3.weight;mnv2_block1.1.0.bn3.bias;mnv2_block1.1.0.bn3.running_mean;mnv2_block1.1.0.bn3.running_var;mnv2_block1.1.0.bn3.num_batches_tracked;mnv2_block1.1.1.conv_pw.weight;mnv2_block1.1.1.bn1.weight;mnv2_block1.1.1.bn1.bias;mnv2_block1.1.1.bn1.running_mean;mnv2_block1.1.1.bn1.running_var;mnv2_block1.1.1.bn1.num_batches_tracked;mnv2_block1.1.1.conv_dw.weight;mnv2_block1.1.1.bn2.weight;mnv2_block1.1.1.bn2.bias;mnv2_block1.1.1.bn2.running_mean;mnv2_block1.1.1.bn2.running_var;mnv2_block1.1.1.bn2.num_batches_tracked;mnv2_block1.1.1.conv_pwl.weight;mnv2_block1.1.1.bn3.weight;mnv2_block1.1.1.bn3.bias;mnv2_block1.1.1.bn3.running_mean;mnv2_block1.1.1.bn3.running_var;mnv2_block1.1.1.bn3.num_batches_tracked;mnv2_block1.2.0.conv_pw.weight;mnv2_block1.2.0.bn1.weight;mnv2_block1.2.0.bn1.bias;mnv2_block1.2.0.bn1.running_mean;mnv2_block1.2.0.bn1.running_var;mnv2_block1.2.0.bn1.num_batches_tracked;mnv2_block1.2.0.conv_dw.weight;mnv2_block1.2.0.bn2.weight;mnv2_block1.2.0.bn2.bias;mnv2_block1.2.0.bn2.running_mean;mnv2_block1.2.0.bn2.running_var;mnv2_block1.2.0.bn2.num_batches_tracked;mnv2_block1.2.0.conv_pwl.weight;mnv2_block1.2.0.bn3.weight;mnv2_block1.2.0.bn3.bias;mnv2_block1.2.0.bn3.running_mean;mnv2_block1.2.0.bn3.running_var;mnv2_block1.2.0.bn3.num_batches_tracked;mnv2_block1.2.1.conv_pw.weight;mnv2_block1.2.1.bn1.weight;mnv2_block1.2.1.bn1.bias;mnv2_block1.2.1.bn1.running_mean;mnv2_block1.2.1.bn1.running_var;mnv2_block1.2.1.bn1.num_batches_tracked;mnv2_block1.2.1.conv_dw.weight;mnv2_block1.2.1.bn2.weight;mnv2_block1.2.1.bn2.bias;mnv2_block1.2.1.bn2.running_mean;mnv2_block1.2.1.bn2.running_var;mnv2_block1.2.1.bn2.num_batches_tracked;mnv2_block1.2.1.conv_pwl.weight;mnv2_block1.2.1.bn3.weight;mnv2_block1.2.1.bn3.bias;mnv2_block1.2.1.bn3.running_mean;mnv2_block1.2.1.bn3.running_var;mnv2_block1.2.1.bn3.num_batches_tracked;mnv2_block1.2.2.conv_pw.weight;mnv2_block1.2.2.bn1.weight;mnv2_block1.2.2.bn1.bias;mnv2_block1.2.2.bn1.running_mean;mnv2_block1.2.2.bn1.running_var;mnv2_block1.2.2.bn1.num_batches_tracked;mnv2_block1.2.2.conv_dw.weight;mnv2_block1.2.2.bn2.weight;mnv2_block1.2.2.bn2.bias;mnv2_block1.2.2.bn2.running_mean;mnv2_block1.2.2.bn2.running_var;mnv2_block1.2.2.bn2.num_batches_tracked;mnv2_block1.2.2.conv_pwl.weight;mnv2_block1.2.2.bn3.weight,raw_state_dict,846,549,SSL_BACKBONE,27.0,,SoilNetDualHead,True,True,True,10,2,2x128,10x128,True,False,False,False,MODEL_COMPATIBLE;HAS_REG_HEAD;HAS_CLS_HEAD;HAS_LIGHT_BRANCH,Parameter tensor count excludes running statistics/counters; classification uses normalized keys and source evidence.
sha256:0be5dc49b6a42db11182,DATA_ROOT_EMBEDDED_ARTIFACTS,Soil_Labeled_Data/soilNet_di chuyen tu o C/checkpoints_VicReg/vicreg_model_final_mu_30.0.pth,vicreg_model_final_mu_30.0.pth,16208023,0be5dc49b6a42db11182a4a2fdf8913e4b57841e3059f0cc99e6206dd9feb453,SAFE_LOAD_OK,OrderedDict,initial_conv.weight;initial_conv.bias;mnv2_block1.0.0.conv_dw.weight;mnv2_block1.0.0.bn1.weight;mnv2_block1.0.0.bn1.bias;mnv2_block1.0.0.bn1.running_mean;mnv2_block1.0.0.bn1.running_var;mnv2_block1.0.0.bn1.num_batches_tracked;mnv2_block1.0.0.conv_pw.weight;mnv2_block1.0.0.bn2.weight;mnv2_block1.0.0.bn2.bias;mnv2_block1.0.0.bn2.running_mean;mnv2_block1.0.0.bn2.running_var;mnv2_block1.0.0.bn2.num_batches_tracked;mnv2_block1.1.0.conv_pw.weight;mnv2_block1.1.0.bn1.weight;mnv2_block1.1.0.bn1.bias;mnv2_block1.1.0.bn1.running_mean;mnv2_block1.1.0.bn1.running_var;mnv2_block1.1.0.bn1.num_batches_tracked;mnv2_block1.1.0.conv_dw.weight;mnv2_block1.1.0.bn2.weight;mnv2_block1.1.0.bn2.bias;mnv2_block1.1.0.bn2.running_mean;mnv2_block1.1.0.bn2.running_var;mnv2_block1.1.0.bn2.num_batches_tracked;mnv2_block1.1.0.conv_pwl.weight;mnv2_block1.1.0.bn3.weight;mnv2_block1.1.0.bn3.bias;mnv2_block1.1.0.bn3.running_mean;mnv2_block1.1.0.bn3.running_var;mnv2_block1.1.0.bn3.num_batches_tracked;mnv2_block1.1.1.conv_pw.weight;mnv2_block1.1.1.bn1.weight;mnv2_block1.1.1.bn1.bias;mnv2_block1.1.1.bn1.running_mean;mnv2_block1.1.1.bn1.running_var;mnv2_block1.1.1.bn1.num_batches_tracked;mnv2_block1.1.1.conv_dw.weight;mnv2_block1.1.1.bn2.weight;mnv2_block1.1.1.bn2.bias;mnv2_block1.1.1.bn2.running_mean;mnv2_block1.1.1.bn2.running_var;mnv2_block1.1.1.bn2.num_batches_tracked;mnv2_block1.1.1.conv_pwl.weight;mnv2_block1.1.1.bn3.weight;mnv2_block1.1.1.bn3.bias;mnv2_block1.1.1.bn3.running_mean;mnv2_block1.1.1.bn3.running_var;mnv2_block1.1.1.bn3.num_batches_tracked;mnv2_block1.2.0.conv_pw.weight;mnv2_block1.2.0.bn1.weight;mnv2_block1.2.0.bn1.bias;mnv2_block1.2.0.bn1.running_mean;mnv2_block1.2.0.bn1.running_var;mnv2_block1.2.0.bn1.num_batches_tracked;mnv2_block1.2.0.conv_dw.weight;mnv2_block1.2.0.bn2.weight;mnv2_block1.2.0.bn2.bias;mnv2_block1.2.0.bn2.running_mean;mnv2_block1.2.0.bn2.running_var;mnv2_block1.2.0.bn2.num_batches_tracked;mnv2_block1.2.0.conv_pwl.weight;mnv2_block1.2.0.bn3.weight;mnv2_block1.2.0.bn3.bias;mnv2_block1.2.0.bn3.running_mean;mnv2_block1.2.0.bn3.running_var;mnv2_block1.2.0.bn3.num_batches_tracked;mnv2_block1.2.1.conv_pw.weight;mnv2_block1.2.1.bn1.weight;mnv2_block1.2.1.bn1.bias;mnv2_block1.2.1.bn1.running_mean;mnv2_block1.2.1.bn1.running_var;mnv2_block1.2.1.bn1.num_batches_tracked;mnv2_block1.2.1.conv_dw.weight;mnv2_block1.2.1.bn2.weight;mnv2_block1.2.1.bn2.bias;mnv2_block1.2.1.bn2.running_mean;mnv2_block1.2.1.bn2.running_var;mnv2_block1.2.1.bn2.num_batches_tracked;mnv2_block1.2.1.conv_pwl.weight;mnv2_block1.2.1.bn3.weight;mnv2_block1.2.1.bn3.bias;mnv2_block1.2.1.bn3.running_mean;mnv2_block1.2.1.bn3.running_var;mnv2_block1.2.1.bn3.num_batches_tracked;mnv2_block1.2.2.conv_pw.weight;mnv2_block1.2.2.bn1.weight;mnv2_block1.2.2.bn1.bias;mnv2_block1.2.2.bn1.running_mean;mnv2_block1.2.2.bn1.running_var;mnv2_block1.2.2.bn1.num_batches_tracked;mnv2_block1.2.2.conv_dw.weight;mnv2_block1.2.2.bn2.weight;mnv2_block1.2.2.bn2.bias;mnv2_block1.2.2.bn2.running_mean;mnv2_block1.2.2.bn2.running_var;mnv2_block1.2.2.bn2.num_batches_tracked;mnv2_block1.2.2.conv_pwl.weight;mnv2_block1.2.2.bn3.weight,raw_state_dict,846,549,SSL_BACKBONE,30.0,,SoilNetDualHead,True,True,True,10,2,2x128,10x128,True,False,False,False,MODEL_COMPATIBLE;HAS_REG_HEAD;HAS_CLS_HEAD;HAS_LIGHT_BRANCH,Parameter tensor count excludes running statistics/counters; classification uses normalized keys and source evidence.
sha256:59f09f208791035d58fb,DATA_ROOT_EMBEDDED_ARTIFACTS,Soil_Labeled_Data/soilNet_di chuyen tu o C/checkpoints_VicReg/vicreg_model_final_mu_33.0.pth,vicreg_model_final_mu_33.0.pth,16208023,59f09f208791035d58fb46ca3fb61c56a342402fa1a13dd3a1027af1c8298a16,SAFE_LOAD_OK,OrderedDict,initial_conv.weight;initial_conv.bias;mnv2_block1.0.0.conv_dw.weight;mnv2_block1.0.0.bn1.weight;mnv2_block1.0.0.bn1.bias;mnv2_block1.0.0.bn1.running_mean;mnv2_block1.0.0.bn1.running_var;mnv2_block1.0.0.bn1.num_batches_tracked;mnv2_block1.0.0.conv_pw.weight;mnv2_block1.0.0.bn2.weight;mnv2_block1.0.0.bn2.bias;mnv2_block1.0.0.bn2.running_mean;mnv2_block1.0.0.bn2.running_var;mnv2_block1.0.0.bn2.num_batches_tracked;mnv2_block1.1.0.conv_pw.weight;mnv2_block1.1.0.bn1.weight;mnv2_block1.1.0.bn1.bias;mnv2_block1.1.0.bn1.running_mean;mnv2_block1.1.0.bn1.running_var;mnv2_block1.1.0.bn1.num_batches_tracked;mnv2_block1.1.0.conv_dw.weight;mnv2_block1.1.0.bn2.weight;mnv2_block1.1.0.bn2.bias;mnv2_block1.1.0.bn2.running_mean;mnv2_block1.1.0.bn2.running_var;mnv2_block1.1.0.bn2.num_batches_tracked;mnv2_block1.1.0.conv_pwl.weight;mnv2_block1.1.0.bn3.weight;mnv2_block1.1.0.bn3.bias;mnv2_block1.1.0.bn3.running_mean;mnv2_block1.1.0.bn3.running_var;mnv2_block1.1.0.bn3.num_batches_tracked;mnv2_block1.1.1.conv_pw.weight;mnv2_block1.1.1.bn1.weight;mnv2_block1.1.1.bn1.bias;mnv2_block1.1.1.bn1.running_mean;mnv2_block1.1.1.bn1.running_var;mnv2_block1.1.1.bn1.num_batches_tracked;mnv2_block1.1.1.conv_dw.weight;mnv2_block1.1.1.bn2.weight;mnv2_block1.1.1.bn2.bias;mnv2_block1.1.1.bn2.running_mean;mnv2_block1.1.1.bn2.running_var;mnv2_block1.1.1.bn2.num_batches_tracked;mnv2_block1.1.1.conv_pwl.weight;mnv2_block1.1.1.bn3.weight;mnv2_block1.1.1.bn3.bias;mnv2_block1.1.1.bn3.running_mean;mnv2_block1.1.1.bn3.running_var;mnv2_block1.1.1.bn3.num_batches_tracked;mnv2_block1.2.0.conv_pw.weight;mnv2_block1.2.0.bn1.weight;mnv2_block1.2.0.bn1.bias;mnv2_block1.2.0.bn1.running_mean;mnv2_block1.2.0.bn1.running_var;mnv2_block1.2.0.bn1.num_batches_tracked;mnv2_block1.2.0.conv_dw.weight;mnv2_block1.2.0.bn2.weight;mnv2_block1.2.0.bn2.bias;mnv2_block1.2.0.bn2.running_mean;mnv2_block1.2.0.bn2.running_var;mnv2_block1.2.0.bn2.num_batches_tracked;mnv2_block1.2.0.conv_pwl.weight;mnv2_block1.2.0.bn3.weight;mnv2_block1.2.0.bn3.bias;mnv2_block1.2.0.bn3.running_mean;mnv2_block1.2.0.bn3.running_var;mnv2_block1.2.0.bn3.num_batches_tracked;mnv2_block1.2.1.conv_pw.weight;mnv2_block1.2.1.bn1.weight;mnv2_block1.2.1.bn1.bias;mnv2_block1.2.1.bn1.running_mean;mnv2_block1.2.1.bn1.running_var;mnv2_block1.2.1.bn1.num_batches_tracked;mnv2_block1.2.1.conv_dw.weight;mnv2_block1.2.1.bn2.weight;mnv2_block1.2.1.bn2.bias;mnv2_block1.2.1.bn2.running_mean;mnv2_block1.2.1.bn2.running_var;mnv2_block1.2.1.bn2.num_batches_tracked;mnv2_block1.2.1.conv_pwl.weight;mnv2_block1.2.1.bn3.weight;mnv2_block1.2.1.bn3.bias;mnv2_block1.2.1.bn3.running_mean;mnv2_block1.2.1.bn3.running_var;mnv2_block1.2.1.bn3.num_batches_tracked;mnv2_block1.2.2.conv_pw.weight;mnv2_block1.2.2.bn1.weight;mnv2_block1.2.2.bn1.bias;mnv2_block1.2.2.bn1.running_mean;mnv2_block1.2.2.bn1.running_var;mnv2_block1.2.2.bn1.num_batches_tracked;mnv2_block1.2.2.conv_dw.weight;mnv2_block1.2.2.bn2.weight;mnv2_block1.2.2.bn2.bias;mnv2_block1.2.2.bn2.running_mean;mnv2_block1.2.2.bn2.running_var;mnv2_block1.2.2.bn2.num_batches_tracked;mnv2_block1.2.2.conv_pwl.weight;mnv2_block1.2.2.bn3.weight,raw_state_dict,846,549,SSL_BACKBONE,33.0,,SoilNetDualHead,True,True,True,10,2,2x128,10x128,True,False,False,False,MODEL_COMPATIBLE;HAS_REG_HEAD;HAS_CLS_HEAD;HAS_LIGHT_BRANCH,Parameter tensor count excludes running statistics/counters; classification uses normalized keys and source evidence.
sha256:01ed4ecadb7cc518f245,DATA_ROOT_EMBEDDED_ARTIFACTS,Soil_Labeled_Data/soilNet_di chuyen tu o C/checkpoints_VicReg/vicreg_model_final_mu_40.0.pth,vicreg_model_final_mu_40.0.pth,16208023,01ed4ecadb7cc518f245095e93a5af4d1b34c6fbb75f2192cc91e2eb2bd465fb,SAFE_LOAD_OK,OrderedDict,initial_conv.weight;initial_conv.bias;mnv2_block1.0.0.conv_dw.weight;mnv2_block1.0.0.bn1.weight;mnv2_block1.0.0.bn1.bias;mnv2_block1.0.0.bn1.running_mean;mnv2_block1.0.0.bn1.running_var;mnv2_block1.0.0.bn1.num_batches_tracked;mnv2_block1.0.0.conv_pw.weight;mnv2_block1.0.0.bn2.weight;mnv2_block1.0.0.bn2.bias;mnv2_block1.0.0.bn2.running_mean;mnv2_block1.0.0.bn2.running_var;mnv2_block1.0.0.bn2.num_batches_tracked;mnv2_block1.1.0.conv_pw.weight;mnv2_block1.1.0.bn1.weight;mnv2_block1.1.0.bn1.bias;mnv2_block1.1.0.bn1.running_mean;mnv2_block1.1.0.bn1.running_var;mnv2_block1.1.0.bn1.num_batches_tracked;mnv2_block1.1.0.conv_dw.weight;mnv2_block1.1.0.bn2.weight;mnv2_block1.1.0.bn2.bias;mnv2_block1.1.0.bn2.running_mean;mnv2_block1.1.0.bn2.running_var;mnv2_block1.1.0.bn2.num_batches_tracked;mnv2_block1.1.0.conv_pwl.weight;mnv2_block1.1.0.bn3.weight;mnv2_block1.1.0.bn3.bias;mnv2_block1.1.0.bn3.running_mean;mnv2_block1.1.0.bn3.running_var;mnv2_block1.1.0.bn3.num_batches_tracked;mnv2_block1.1.1.conv_pw.weight;mnv2_block1.1.1.bn1.weight;mnv2_block1.1.1.bn1.bias;mnv2_block1.1.1.bn1.running_mean;mnv2_block1.1.1.bn1.running_var;mnv2_block1.1.1.bn1.num_batches_tracked;mnv2_block1.1.1.conv_dw.weight;mnv2_block1.1.1.bn2.weight;mnv2_block1.1.1.bn2.bias;mnv2_block1.1.1.bn2.running_mean;mnv2_block1.1.1.bn2.running_var;mnv2_block1.1.1.bn2.num_batches_tracked;mnv2_block1.1.1.conv_pwl.weight;mnv2_block1.1.1.bn3.weight;mnv2_block1.1.1.bn3.bias;mnv2_block1.1.1.bn3.running_mean;mnv2_block1.1.1.bn3.running_var;mnv2_block1.1.1.bn3.num_batches_tracked;mnv2_block1.2.0.conv_pw.weight;mnv2_block1.2.0.bn1.weight;mnv2_block1.2.0.bn1.bias;mnv2_block1.2.0.bn1.running_mean;mnv2_block1.2.0.bn1.running_var;mnv2_block1.2.0.bn1.num_batches_tracked;mnv2_block1.2.0.conv_dw.weight;mnv2_block1.2.0.bn2.weight;mnv2_block1.2.0.bn2.bias;mnv2_block1.2.0.bn2.running_mean;mnv2_block1.2.0.bn2.running_var;mnv2_block1.2.0.bn2.num_batches_tracked;mnv2_block1.2.0.conv_pwl.weight;mnv2_block1.2.0.bn3.weight;mnv2_block1.2.0.bn3.bias;mnv2_block1.2.0.bn3.running_mean;mnv2_block1.2.0.bn3.running_var;mnv2_block1.2.0.bn3.num_batches_tracked;mnv2_block1.2.1.conv_pw.weight;mnv2_block1.2.1.bn1.weight;mnv2_block1.2.1.bn1.bias;mnv2_block1.2.1.bn1.running_mean;mnv2_block1.2.1.bn1.running_var;mnv2_block1.2.1.bn1.num_batches_tracked;mnv2_block1.2.1.conv_dw.weight;mnv2_block1.2.1.bn2.weight;mnv2_block1.2.1.bn2.bias;mnv2_block1.2.1.bn2.running_mean;mnv2_block1.2.1.bn2.running_var;mnv2_block1.2.1.bn2.num_batches_tracked;mnv2_block1.2.1.conv_pwl.weight;mnv2_block1.2.1.bn3.weight;mnv2_block1.2.1.bn3.bias;mnv2_block1.2.1.bn3.running_mean;mnv2_block1.2.1.bn3.running_var;mnv2_block1.2.1.bn3.num_batches_tracked;mnv2_block1.2.2.conv_pw.weight;mnv2_block1.2.2.bn1.weight;mnv2_block1.2.2.bn1.bias;mnv2_block1.2.2.bn1.running_mean;mnv2_block1.2.2.bn1.running_var;mnv2_block1.2.2.bn1.num_batches_tracked;mnv2_block1.2.2.conv_dw.weight;mnv2_block1.2.2.bn2.weight;mnv2_block1.2.2.bn2.bias;mnv2_block1.2.2.bn2.running_mean;mnv2_block1.2.2.bn2.running_var;mnv2_block1.2.2.bn2.num_batches_tracked;mnv2_block1.2.2.conv_pwl.weight;mnv2_block1.2.2.bn3.weight,raw_state_dict,846,549,SSL_BACKBONE,40.0,,SoilNetDualHead,True,True,True,10,2,2x128,10x128,True,False,False,False,MODEL_COMPATIBLE;HAS_REG_HEAD;HAS_CLS_HEAD;HAS_LIGHT_BRANCH,Parameter tensor count excludes running statistics/counters; classification uses normalized keys and source evidence.
sha256:73dbadc9cf1caa59d75f,DATA_ROOT_EMBEDDED_ARTIFACTS,Soil_Labeled_Data/soilNet_di chuyen tu o C/checkpoints_VicReg/vicreg_model_final_mu_80.0.pth,vicreg_model_final_mu_80.0.pth,16208023,73dbadc9cf1caa59d75faf4078f2453c8cfbc800a90d351d0ad90080327d6a91,SAFE_LOAD_OK,OrderedDict,initial_conv.weight;initial_conv.bias;mnv2_block1.0.0.conv_dw.weight;mnv2_block1.0.0.bn1.weight;mnv2_block1.0.0.bn1.bias;mnv2_block1.0.0.bn1.running_mean;mnv2_block1.0.0.bn1.running_var;mnv2_block1.0.0.bn1.num_batches_tracked;mnv2_block1.0.0.conv_pw.weight;mnv2_block1.0.0.bn2.weight;mnv2_block1.0.0.bn2.bias;mnv2_block1.0.0.bn2.running_mean;mnv2_block1.0.0.bn2.running_var;mnv2_block1.0.0.bn2.num_batches_tracked;mnv2_block1.1.0.conv_pw.weight;mnv2_block1.1.0.bn1.weight;mnv2_block1.1.0.bn1.bias;mnv2_block1.1.0.bn1.running_mean;mnv2_block1.1.0.bn1.running_var;mnv2_block1.1.0.bn1.num_batches_tracked;mnv2_block1.1.0.conv_dw.weight;mnv2_block1.1.0.bn2.weight;mnv2_block1.1.0.bn2.bias;mnv2_block1.1.0.bn2.running_mean;mnv2_block1.1.0.bn2.running_var;mnv2_block1.1.0.bn2.num_batches_tracked;mnv2_block1.1.0.conv_pwl.weight;mnv2_block1.1.0.bn3.weight;mnv2_block1.1.0.bn3.bias;mnv2_block1.1.0.bn3.running_mean;mnv2_block1.1.0.bn3.running_var;mnv2_block1.1.0.bn3.num_batches_tracked;mnv2_block1.1.1.conv_pw.weight;mnv2_block1.1.1.bn1.weight;mnv2_block1.1.1.bn1.bias;mnv2_block1.1.1.bn1.running_mean;mnv2_block1.1.1.bn1.running_var;mnv2_block1.1.1.bn1.num_batches_tracked;mnv2_block1.1.1.conv_dw.weight;mnv2_block1.1.1.bn2.weight;mnv2_block1.1.1.bn2.bias;mnv2_block1.1.1.bn2.running_mean;mnv2_block1.1.1.bn2.running_var;mnv2_block1.1.1.bn2.num_batches_tracked;mnv2_block1.1.1.conv_pwl.weight;mnv2_block1.1.1.bn3.weight;mnv2_block1.1.1.bn3.bias;mnv2_block1.1.1.bn3.running_mean;mnv2_block1.1.1.bn3.running_var;mnv2_block1.1.1.bn3.num_batches_tracked;mnv2_block1.2.0.conv_pw.weight;mnv2_block1.2.0.bn1.weight;mnv2_block1.2.0.bn1.bias;mnv2_block1.2.0.bn1.running_mean;mnv2_block1.2.0.bn1.running_var;mnv2_block1.2.0.bn1.num_batches_tracked;mnv2_block1.2.0.conv_dw.weight;mnv2_block1.2.0.bn2.weight;mnv2_block1.2.0.bn2.bias;mnv2_block1.2.0.bn2.running_mean;mnv2_block1.2.0.bn2.running_var;mnv2_block1.2.0.bn2.num_batches_tracked;mnv2_block1.2.0.conv_pwl.weight;mnv2_block1.2.0.bn3.weight;mnv2_block1.2.0.bn3.bias;mnv2_block1.2.0.bn3.running_mean;mnv2_block1.2.0.bn3.running_var;mnv2_block1.2.0.bn3.num_batches_tracked;mnv2_block1.2.1.conv_pw.weight;mnv2_block1.2.1.bn1.weight;mnv2_block1.2.1.bn1.bias;mnv2_block1.2.1.bn1.running_mean;mnv2_block1.2.1.bn1.running_var;mnv2_block1.2.1.bn1.num_batches_tracked;mnv2_block1.2.1.conv_dw.weight;mnv2_block1.2.1.bn2.weight;mnv2_block1.2.1.bn2.bias;mnv2_block1.2.1.bn2.running_mean;mnv2_block1.2.1.bn2.running_var;mnv2_block1.2.1.bn2.num_batches_tracked;mnv2_block1.2.1.conv_pwl.weight;mnv2_block1.2.1.bn3.weight;mnv2_block1.2.1.bn3.bias;mnv2_block1.2.1.bn3.running_mean;mnv2_block1.2.1.bn3.running_var;mnv2_block1.2.1.bn3.num_batches_tracked;mnv2_block1.2.2.conv_pw.weight;mnv2_block1.2.2.bn1.weight;mnv2_block1.2.2.bn1.bias;mnv2_block1.2.2.bn1.running_mean;mnv2_block1.2.2.bn1.running_var;mnv2_block1.2.2.bn1.num_batches_tracked;mnv2_block1.2.2.conv_dw.weight;mnv2_block1.2.2.bn2.weight;mnv2_block1.2.2.bn2.bias;mnv2_block1.2.2.bn2.running_mean;mnv2_block1.2.2.bn2.running_var;mnv2_block1.2.2.bn2.num_batches_tracked;mnv2_block1.2.2.conv_pwl.weight;mnv2_block1.2.2.bn3.weight,raw_state_dict,846,549,SSL_BACKBONE,80.0,,SoilNetDualHead,True,True,True,10,2,2x128,10x128,True,False,False,False,MODEL_COMPATIBLE;HAS_REG_HEAD;HAS_CLS_HEAD;HAS_LIGHT_BRANCH,Parameter tensor count excludes running statistics/counters; classification uses normalized keys and source evidence.
sha256:404b6cf3662da113b7c7,DATA_ROOT_EMBEDDED_ARTIFACTS,Soil_Labeled_Data/soilNet_di chuyen tu o C/checkpoints_VicReg/vicreg_model_final_tinyImageNet_mu_20.0.pth,vicreg_model_final_tinyImageNet_mu_20.0.pth,16216320,404b6cf3662da113b7c78dddd3548813d5f966d93895b883242d59498a9e59df,SAFE_LOAD_OK,OrderedDict,initial_conv.weight;initial_conv.bias;mnv2_block1.0.0.conv_dw.weight;mnv2_block1.0.0.bn1.weight;mnv2_block1.0.0.bn1.bias;mnv2_block1.0.0.bn1.running_mean;mnv2_block1.0.0.bn1.running_var;mnv2_block1.0.0.bn1.num_batches_tracked;mnv2_block1.0.0.conv_pw.weight;mnv2_block1.0.0.bn2.weight;mnv2_block1.0.0.bn2.bias;mnv2_block1.0.0.bn2.running_mean;mnv2_block1.0.0.bn2.running_var;mnv2_block1.0.0.bn2.num_batches_tracked;mnv2_block1.1.0.conv_pw.weight;mnv2_block1.1.0.bn1.weight;mnv2_block1.1.0.bn1.bias;mnv2_block1.1.0.bn1.running_mean;mnv2_block1.1.0.bn1.running_var;mnv2_block1.1.0.bn1.num_batches_tracked;mnv2_block1.1.0.conv_dw.weight;mnv2_block1.1.0.bn2.weight;mnv2_block1.1.0.bn2.bias;mnv2_block1.1.0.bn2.running_mean;mnv2_block1.1.0.bn2.running_var;mnv2_block1.1.0.bn2.num_batches_tracked;mnv2_block1.1.0.conv_pwl.weight;mnv2_block1.1.0.bn3.weight;mnv2_block1.1.0.bn3.bias;mnv2_block1.1.0.bn3.running_mean;mnv2_block1.1.0.bn3.running_var;mnv2_block1.1.0.bn3.num_batches_tracked;mnv2_block1.1.1.conv_pw.weight;mnv2_block1.1.1.bn1.weight;mnv2_block1.1.1.bn1.bias;mnv2_block1.1.1.bn1.running_mean;mnv2_block1.1.1.bn1.running_var;mnv2_block1.1.1.bn1.num_batches_tracked;mnv2_block1.1.1.conv_dw.weight;mnv2_block1.1.1.bn2.weight;mnv2_block1.1.1.bn2.bias;mnv2_block1.1.1.bn2.running_mean;mnv2_block1.1.1.bn2.running_var;mnv2_block1.1.1.bn2.num_batches_tracked;mnv2_block1.1.1.conv_pwl.weight;mnv2_block1.1.1.bn3.weight;mnv2_block1.1.1.bn3.bias;mnv2_block1.1.1.bn3.running_mean;mnv2_block1.1.1.bn3.running_var;mnv2_block1.1.1.bn3.num_batches_tracked;mnv2_block1.2.0.conv_pw.weight;mnv2_block1.2.0.bn1.weight;mnv2_block1.2.0.bn1.bias;mnv2_block1.2.0.bn1.running_mean;mnv2_block1.2.0.bn1.running_var;mnv2_block1.2.0.bn1.num_batches_tracked;mnv2_block1.2.0.conv_dw.weight;mnv2_block1.2.0.bn2.weight;mnv2_block1.2.0.bn2.bias;mnv2_block1.2.0.bn2.running_mean;mnv2_block1.2.0.bn2.running_var;mnv2_block1.2.0.bn2.num_batches_tracked;mnv2_block1.2.0.conv_pwl.weight;mnv2_block1.2.0.bn3.weight;mnv2_block1.2.0.bn3.bias;mnv2_block1.2.0.bn3.running_mean;mnv2_block1.2.0.bn3.running_var;mnv2_block1.2.0.bn3.num_batches_tracked;mnv2_block1.2.1.conv_pw.weight;mnv2_block1.2.1.bn1.weight;mnv2_block1.2.1.bn1.bias;mnv2_block1.2.1.bn1.running_mean;mnv2_block1.2.1.bn1.running_var;mnv2_block1.2.1.bn1.num_batches_tracked;mnv2_block1.2.1.conv_dw.weight;mnv2_block1.2.1.bn2.weight;mnv2_block1.2.1.bn2.bias;mnv2_block1.2.1.bn2.running_mean;mnv2_block1.2.1.bn2.running_var;mnv2_block1.2.1.bn2.num_batches_tracked;mnv2_block1.2.1.conv_pwl.weight;mnv2_block1.2.1.bn3.weight;mnv2_block1.2.1.bn3.bias;mnv2_block1.2.1.bn3.running_mean;mnv2_block1.2.1.bn3.running_var;mnv2_block1.2.1.bn3.num_batches_tracked;mnv2_block1.2.2.conv_pw.weight;mnv2_block1.2.2.bn1.weight;mnv2_block1.2.2.bn1.bias;mnv2_block1.2.2.bn1.running_mean;mnv2_block1.2.2.bn1.running_var;mnv2_block1.2.2.bn1.num_batches_tracked;mnv2_block1.2.2.conv_dw.weight;mnv2_block1.2.2.bn2.weight;mnv2_block1.2.2.bn2.bias;mnv2_block1.2.2.bn2.running_mean;mnv2_block1.2.2.bn2.running_var;mnv2_block1.2.2.bn2.num_batches_tracked;mnv2_block1.2.2.conv_pwl.weight;mnv2_block1.2.2.bn3.weight,raw_state_dict,846,549,FINETUNED_SOILNET_DUALHEAD,20.0,,SoilNetDualHead,True,True,True,10,2,2x128,10x128,True,False,False,False,MODEL_COMPATIBLE;HAS_REG_HEAD;HAS_CLS_HEAD;HAS_LIGHT_BRANCH,Parameter tensor count excludes running statistics/counters; classification uses normalized keys and source evidence.
sha256:22f8b2d2e13ce78db4db,DATA_ROOT_EMBEDDED_ARTIFACTS,Soil_Labeled_Data/soilNet_di chuyen tu o C/checkpoints_VicReg/vicreg_projector_final_mu_10.0.pth,vicreg_projector_final_mu_10.0.pth,7217032,22f8b2d2e13ce78db4db2b514f8260a1bc8f2f924fc69f510de150386e2decfa,SAFE_LOAD_OK,OrderedDict,net.0.weight;net.0.bias;net.2.weight;net.2.bias,raw_state_dict,4,4,VICREG_PROJECTOR,10.0,,VICRegProjector,False,False,False,,,,,False,False,False,False,,Parameter tensor count excludes running statistics/counters; classification uses normalized keys and source evidence.
sha256:b5e716ac1d5ca584ad84,DATA_ROOT_EMBEDDED_ARTIFACTS,Soil_Labeled_Data/soilNet_di chuyen tu o C/checkpoints_VicReg/vicreg_projector_final_mu_2.0.pth,vicreg_projector_final_mu_2.0.pth,7217024,b5e716ac1d5ca584ad843b0ec636e6c45dbfeecf25b6356e7e8596e57bea2b20,SAFE_LOAD_OK,OrderedDict,net.0.weight;net.0.bias;net.2.weight;net.2.bias,raw_state_dict,4,4,VICREG_PROJECTOR,2.0,,VICRegProjector,False,False,False,,,,,False,False,False,False,,Parameter tensor count excludes running statistics/counters; classification uses normalized keys and source evidence.
sha256:01b349aa15a6d67a1d2f,DATA_ROOT_EMBEDDED_ARTIFACTS,Soil_Labeled_Data/soilNet_di chuyen tu o C/checkpoints_VicReg/vicreg_projector_final_mu_20.0.pth,vicreg_projector_final_mu_20.0.pth,7217032,01b349aa15a6d67a1d2f9507799f1b4aea291357fd2b8d5d53350cf34b2e06c8,SAFE_LOAD_OK,OrderedDict,net.0.weight;net.0.bias;net.2.weight;net.2.bias,raw_state_dict,4,4,VICREG_PROJECTOR,20.0,,VICRegProjector,False,False,False,,,,,False,False,False,False,,Parameter tensor count excludes running statistics/counters; classification uses normalized keys and source evidence.
sha256:9fdf19cc605ea4162011,DATA_ROOT_EMBEDDED_ARTIFACTS,Soil_Labeled_Data/soilNet_di chuyen tu o C/checkpoints_VicReg/vicreg_projector_final_mu_23.0.pth,vicreg_projector_final_mu_23.0.pth,7217032,9fdf19cc605ea41620117c8f3088c068d055aa9c75fbb7151927224aa9dfbd34,SAFE_LOAD_OK,OrderedDict,net.0.weight;net.0.bias;net.2.weight;net.2.bias,raw_state_dict,4,4,VICREG_PROJECTOR,23.0,,VICRegProjector,False,False,False,,,,,False,False,False,False,,Parameter tensor count excludes running statistics/counters; classification uses normalized keys and source evidence.
sha256:fe651a5894d5b3818b5e,DATA_ROOT_EMBEDDED_ARTIFACTS,Soil_Labeled_Data/soilNet_di chuyen tu o C/checkpoints_VicReg/vicreg_projector_final_mu_25.0.pth,vicreg_projector_final_mu_25.0.pth,7217032,fe651a5894d5b3818b5e8c16b320be2911c42e6d6b137ed897751828f2042f2f,SAFE_LOAD_OK,OrderedDict,net.0.weight;net.0.bias;net.2.weight;net.2.bias,raw_state_dict,4,4,VICREG_PROJECTOR,25.0,,VICRegProjector,False,False,False,,,,,False,False,False,False,,Parameter tensor count excludes running statistics/counters; classification uses normalized keys and source evidence.
sha256:6929e054b1f0628a86c6,DATA_ROOT_EMBEDDED_ARTIFACTS,Soil_Labeled_Data/soilNet_di chuyen tu o C/checkpoints_VicReg/vicreg_projector_final_mu_27.0.pth,vicreg_projector_final_mu_27.0.pth,7217032,6929e054b1f0628a86c6fb4bd0e4a1b578e854058e8f6b92f4bff77e31725420,SAFE_LOAD_OK,OrderedDict,net.0.weight;net.0.bias;net.2.weight;net.2.bias,raw_state_dict,4,4,VICREG_PROJECTOR,27.0,,VICRegProjector,False,False,False,,,,,False,False,False,False,,Parameter tensor count excludes running statistics/counters; classification uses normalized keys and source evidence.
sha256:be92a8e47cd54b6b144b,DATA_ROOT_EMBEDDED_ARTIFACTS,Soil_Labeled_Data/soilNet_di chuyen tu o C/checkpoints_VicReg/vicreg_projector_final_mu_30.0.pth,vicreg_projector_final_mu_30.0.pth,7217032,be92a8e47cd54b6b144b8efe6a6b86f64c7ed56b29761e7ac70c275243e24f1a,SAFE_LOAD_OK,OrderedDict,net.0.weight;net.0.bias;net.2.weight;net.2.bias,raw_state_dict,4,4,VICREG_PROJECTOR,30.0,,VICRegProjector,False,False,False,,,,,False,False,False,False,,Parameter tensor count excludes running statistics/counters; classification uses normalized keys and source evidence.
sha256:676dd623e3d8263e93c8,DATA_ROOT_EMBEDDED_ARTIFACTS,Soil_Labeled_Data/soilNet_di chuyen tu o C/checkpoints_VicReg/vicreg_projector_final_mu_33.0.pth,vicreg_projector_final_mu_33.0.pth,7217032,676dd623e3d8263e93c86f7f46fc5200993ce41e6903e2ce1bf53d8e1efe0ca1,SAFE_LOAD_OK,OrderedDict,net.0.weight;net.0.bias;net.2.weight;net.2.bias,raw_state_dict,4,4,VICREG_PROJECTOR,33.0,,VICRegProjector,False,False,False,,,,,False,False,False,False,,Parameter tensor count excludes running statistics/counters; classification uses normalized keys and source evidence.
sha256:9f07ddb3e0044d663fab,DATA_ROOT_EMBEDDED_ARTIFACTS,Soil_Labeled_Data/soilNet_di chuyen tu o C/checkpoints_VicReg/vicreg_projector_final_mu_40.0.pth,vicreg_projector_final_mu_40.0.pth,7217032,9f07ddb3e0044d663fabed57c82f76fd063fd98471bc3ebb2baebffa4305c019,SAFE_LOAD_OK,OrderedDict,net.0.weight;net.0.bias;net.2.weight;net.2.bias,raw_state_dict,4,4,VICREG_PROJECTOR,40.0,,VICRegProjector,False,False,False,,,,,False,False,False,False,,Parameter tensor count excludes running statistics/counters; classification uses normalized keys and source evidence.
sha256:278c101d74df25b2c80e,DATA_ROOT_EMBEDDED_ARTIFACTS,Soil_Labeled_Data/soilNet_di chuyen tu o C/checkpoints_VicReg/vicreg_projector_final_mu_80.0.pth,vicreg_projector_final_mu_80.0.pth,7217032,278c101d74df25b2c80e0542e31669dfb1ee09ca53c675f742c573c147a51e3c,SAFE_LOAD_OK,OrderedDict,net.0.weight;net.0.bias;net.2.weight;net.2.bias,raw_state_dict,4,4,VICREG_PROJECTOR,80.0,,VICRegProjector,False,False,False,,,,,False,False,False,False,,Parameter tensor count excludes running statistics/counters; classification uses normalized keys and source evidence.
sha256:084344a12ac36e0e2463,DATA_ROOT_EMBEDDED_ARTIFACTS,Soil_Labeled_Data/soilNet_di chuyen tu o C/checkpoints_VicReg_tinyImagenet/vicreg_classifier_final_mu_20.0.pth,vicreg_classifier_final_mu_20.0.pth,53032,084344a12ac36e0e246363ddf2fa1538aaa83fc55c71d358db3670863d40a2c7,SAFE_LOAD_OK,OrderedDict,linear.weight;linear.bias,raw_state_dict,2,2,PARTIAL_STATE,20.0,,UNKNOWN,False,False,False,,,,,False,False,False,False,,Parameter tensor count excludes running statistics/counters; classification uses normalized keys and source evidence.
sha256:468acc942d08d2502ace,DATA_ROOT_EMBEDDED_ARTIFACTS,Soil_Labeled_Data/soilNet_di chuyen tu o C/checkpoints_VicReg_tinyImagenet/vicreg_classifier_final_mu_23.0.pth,vicreg_classifier_final_mu_23.0.pth,53032,468acc942d08d2502acefea4579cbcf5579514dc1e6d8e5c775089910a7565fc,SAFE_LOAD_OK,OrderedDict,linear.weight;linear.bias,raw_state_dict,2,2,PARTIAL_STATE,23.0,,UNKNOWN,False,False,False,,,,,False,False,False,False,,Parameter tensor count excludes running statistics/counters; classification uses normalized keys and source evidence.
sha256:b88486d41fe54b8f72c5,DATA_ROOT_EMBEDDED_ARTIFACTS,Soil_Labeled_Data/soilNet_di chuyen tu o C/checkpoints_VicReg_tinyImagenet/vicreg_classifier_final_mu_25.0.pth,vicreg_classifier_final_mu_25.0.pth,53032,b88486d41fe54b8f72c59dfd2fc32ada1659c095453aa20cc90469c5bdb804f4,SAFE_LOAD_OK,OrderedDict,linear.weight;linear.bias,raw_state_dict,2,2,PARTIAL_STATE,25.0,,UNKNOWN,False,False,False,,,,,False,False,False,False,,Parameter tensor count excludes running statistics/counters; classification uses normalized keys and source evidence.
sha256:49ca7e91bf3c90f7e085,DATA_ROOT_EMBEDDED_ARTIFACTS,Soil_Labeled_Data/soilNet_di chuyen tu o C/checkpoints_VicReg_tinyImagenet/vicreg_classifier_final_mu_27.0.pth,vicreg_classifier_final_mu_27.0.pth,53032,49ca7e91bf3c90f7e08589ab5bae12a825f484ab64f234d6f880d09d3cdff0d2,SAFE_LOAD_OK,OrderedDict,linear.weight;linear.bias,raw_state_dict,2,2,PARTIAL_STATE,27.0,,UNKNOWN,False,False,False,,,,,False,False,False,False,,Parameter tensor count excludes running statistics/counters; classification uses normalized keys and source evidence.
sha256:9b4165f8982a913f6578,DATA_ROOT_EMBEDDED_ARTIFACTS,Soil_Labeled_Data/soilNet_di chuyen tu o C/checkpoints_VicReg_tinyImagenet/vicreg_classifier_final_mu_30.0.pth,vicreg_classifier_final_mu_30.0.pth,53032,9b4165f8982a913f657866beb669f21eace64e757b5dbf32071d7fd4a505dec0,SAFE_LOAD_OK,OrderedDict,linear.weight;linear.bias,raw_state_dict,2,2,PARTIAL_STATE,30.0,,UNKNOWN,False,False,False,,,,,False,False,False,False,,Parameter tensor count excludes running statistics/counters; classification uses normalized keys and source evidence.
sha256:03f8d050f9067cb3426f,DATA_ROOT_EMBEDDED_ARTIFACTS,Soil_Labeled_Data/soilNet_di chuyen tu o C/checkpoints_VicReg_tinyImagenet/vicreg_classifier_final_mu_33.0.pth,vicreg_classifier_final_mu_33.0.pth,53032,03f8d050f9067cb3426fd8bcfbb800027914ee04dbf1a02f2f5e83decb02fc8b,SAFE_LOAD_OK,OrderedDict,linear.weight;linear.bias,raw_state_dict,2,2,PARTIAL_STATE,33.0,,UNKNOWN,False,False,False,,,,,False,False,False,False,,Parameter tensor count excludes running statistics/counters; classification uses normalized keys and source evidence.
sha256:b86ffed8b4d7c819c1f7,DATA_ROOT_EMBEDDED_ARTIFACTS,Soil_Labeled_Data/soilNet_di chuyen tu o C/checkpoints_VicReg_tinyImagenet/vicreg_linear_reg_final_mu_20.0.pth,vicreg_linear_reg_final_mu_20.0.pth,12008,b86ffed8b4d7c819c1f73546a42d53fbf615bb32c72f4251c48afc572014c92a,SAFE_LOAD_OK,OrderedDict,linear.weight;linear.bias,raw_state_dict,2,2,PARTIAL_STATE,20.0,,UNKNOWN,False,False,False,,,,,False,False,False,False,,Parameter tensor count excludes running statistics/counters; classification uses normalized keys and source evidence.
sha256:331b707aee8c5e9355bc,DATA_ROOT_EMBEDDED_ARTIFACTS,Soil_Labeled_Data/soilNet_di chuyen tu o C/checkpoints_VicReg_tinyImagenet/vicreg_linear_reg_final_mu_23.0.pth,vicreg_linear_reg_final_mu_23.0.pth,12008,331b707aee8c5e9355bc9a55eb6d4daa7ebc00c9a00e1680ec1b1ee44b2a5b05,SAFE_LOAD_OK,OrderedDict,linear.weight;linear.bias,raw_state_dict,2,2,PARTIAL_STATE,23.0,,UNKNOWN,False,False,False,,,,,False,False,False,False,,Parameter tensor count excludes running statistics/counters; classification uses normalized keys and source evidence.
sha256:d4c3ebb64089942326b1,DATA_ROOT_EMBEDDED_ARTIFACTS,Soil_Labeled_Data/soilNet_di chuyen tu o C/checkpoints_VicReg_tinyImagenet/vicreg_linear_reg_final_mu_25.0.pth,vicreg_linear_reg_final_mu_25.0.pth,12008,d4c3ebb64089942326b1f02a7f60a71ab1c8160b7e8e31d5a69bb79d008c8f86,SAFE_LOAD_OK,OrderedDict,linear.weight;linear.bias,raw_state_dict,2,2,PARTIAL_STATE,25.0,,UNKNOWN,False,False,False,,,,,False,False,False,False,,Parameter tensor count excludes running statistics/counters; classification uses normalized keys and source evidence.
sha256:ce38d310ab88a83afb09,DATA_ROOT_EMBEDDED_ARTIFACTS,Soil_Labeled_Data/soilNet_di chuyen tu o C/checkpoints_VicReg_tinyImagenet/vicreg_linear_reg_final_mu_27.0.pth,vicreg_linear_reg_final_mu_27.0.pth,12008,ce38d310ab88a83afb09aef3b75d9c4cc13cb6549bf621791c0969b244b73b2b,SAFE_LOAD_OK,OrderedDict,linear.weight;linear.bias,raw_state_dict,2,2,PARTIAL_STATE,27.0,,UNKNOWN,False,False,False,,,,,False,False,False,False,,Parameter tensor count excludes running statistics/counters; classification uses normalized keys and source evidence.
sha256:8075a3a8170253f7bdf2,DATA_ROOT_EMBEDDED_ARTIFACTS,Soil_Labeled_Data/soilNet_di chuyen tu o C/checkpoints_VicReg_tinyImagenet/vicreg_linear_reg_final_mu_30.0.pth,vicreg_linear_reg_final_mu_30.0.pth,12008,8075a3a8170253f7bdf242ab9221490318d7e7b162b50d96f83267989e51e6b5,SAFE_LOAD_OK,OrderedDict,linear.weight;linear.bias,raw_state_dict,2,2,PARTIAL_STATE,30.0,,UNKNOWN,False,False,False,,,,,False,False,False,False,,Parameter tensor count excludes running statistics/counters; classification uses normalized keys and source evidence.
sha256:c994b69e414585c5fc6a,DATA_ROOT_EMBEDDED_ARTIFACTS,Soil_Labeled_Data/soilNet_di chuyen tu o C/checkpoints_VicReg_tinyImagenet/vicreg_linear_reg_final_mu_33.0.pth,vicreg_linear_reg_final_mu_33.0.pth,12008,c994b69e414585c5fc6ae475803298a289f3858a3866b0f8b6ce6f82ae6bff05,SAFE_LOAD_OK,OrderedDict,linear.weight;linear.bias,raw_state_dict,2,2,PARTIAL_STATE,33.0,,UNKNOWN,False,False,False,,,,,False,False,False,False,,Parameter tensor count excludes running statistics/counters; classification uses normalized keys and source evidence.
sha256:2b7117fcc91f0bb20ce3,DATA_ROOT_EMBEDDED_ARTIFACTS,Soil_Labeled_Data/soilNet_di chuyen tu o C/checkpoints_VicReg_tinyImagenet/vicreg_model_final_mu_20.0.pth,vicreg_model_final_mu_20.0.pth,16208023,2b7117fcc91f0bb20ce34310078810a2fc0fd9b3b3f815aac48269253d199c6b,SAFE_LOAD_OK,OrderedDict,initial_conv.weight;initial_conv.bias;mnv2_block1.0.0.conv_dw.weight;mnv2_block1.0.0.bn1.weight;mnv2_block1.0.0.bn1.bias;mnv2_block1.0.0.bn1.running_mean;mnv2_block1.0.0.bn1.running_var;mnv2_block1.0.0.bn1.num_batches_tracked;mnv2_block1.0.0.conv_pw.weight;mnv2_block1.0.0.bn2.weight;mnv2_block1.0.0.bn2.bias;mnv2_block1.0.0.bn2.running_mean;mnv2_block1.0.0.bn2.running_var;mnv2_block1.0.0.bn2.num_batches_tracked;mnv2_block1.1.0.conv_pw.weight;mnv2_block1.1.0.bn1.weight;mnv2_block1.1.0.bn1.bias;mnv2_block1.1.0.bn1.running_mean;mnv2_block1.1.0.bn1.running_var;mnv2_block1.1.0.bn1.num_batches_tracked;mnv2_block1.1.0.conv_dw.weight;mnv2_block1.1.0.bn2.weight;mnv2_block1.1.0.bn2.bias;mnv2_block1.1.0.bn2.running_mean;mnv2_block1.1.0.bn2.running_var;mnv2_block1.1.0.bn2.num_batches_tracked;mnv2_block1.1.0.conv_pwl.weight;mnv2_block1.1.0.bn3.weight;mnv2_block1.1.0.bn3.bias;mnv2_block1.1.0.bn3.running_mean;mnv2_block1.1.0.bn3.running_var;mnv2_block1.1.0.bn3.num_batches_tracked;mnv2_block1.1.1.conv_pw.weight;mnv2_block1.1.1.bn1.weight;mnv2_block1.1.1.bn1.bias;mnv2_block1.1.1.bn1.running_mean;mnv2_block1.1.1.bn1.running_var;mnv2_block1.1.1.bn1.num_batches_tracked;mnv2_block1.1.1.conv_dw.weight;mnv2_block1.1.1.bn2.weight;mnv2_block1.1.1.bn2.bias;mnv2_block1.1.1.bn2.running_mean;mnv2_block1.1.1.bn2.running_var;mnv2_block1.1.1.bn2.num_batches_tracked;mnv2_block1.1.1.conv_pwl.weight;mnv2_block1.1.1.bn3.weight;mnv2_block1.1.1.bn3.bias;mnv2_block1.1.1.bn3.running_mean;mnv2_block1.1.1.bn3.running_var;mnv2_block1.1.1.bn3.num_batches_tracked;mnv2_block1.2.0.conv_pw.weight;mnv2_block1.2.0.bn1.weight;mnv2_block1.2.0.bn1.bias;mnv2_block1.2.0.bn1.running_mean;mnv2_block1.2.0.bn1.running_var;mnv2_block1.2.0.bn1.num_batches_tracked;mnv2_block1.2.0.conv_dw.weight;mnv2_block1.2.0.bn2.weight;mnv2_block1.2.0.bn2.bias;mnv2_block1.2.0.bn2.running_mean;mnv2_block1.2.0.bn2.running_var;mnv2_block1.2.0.bn2.num_batches_tracked;mnv2_block1.2.0.conv_pwl.weight;mnv2_block1.2.0.bn3.weight;mnv2_block1.2.0.bn3.bias;mnv2_block1.2.0.bn3.running_mean;mnv2_block1.2.0.bn3.running_var;mnv2_block1.2.0.bn3.num_batches_tracked;mnv2_block1.2.1.conv_pw.weight;mnv2_block1.2.1.bn1.weight;mnv2_block1.2.1.bn1.bias;mnv2_block1.2.1.bn1.running_mean;mnv2_block1.2.1.bn1.running_var;mnv2_block1.2.1.bn1.num_batches_tracked;mnv2_block1.2.1.conv_dw.weight;mnv2_block1.2.1.bn2.weight;mnv2_block1.2.1.bn2.bias;mnv2_block1.2.1.bn2.running_mean;mnv2_block1.2.1.bn2.running_var;mnv2_block1.2.1.bn2.num_batches_tracked;mnv2_block1.2.1.conv_pwl.weight;mnv2_block1.2.1.bn3.weight;mnv2_block1.2.1.bn3.bias;mnv2_block1.2.1.bn3.running_mean;mnv2_block1.2.1.bn3.running_var;mnv2_block1.2.1.bn3.num_batches_tracked;mnv2_block1.2.2.conv_pw.weight;mnv2_block1.2.2.bn1.weight;mnv2_block1.2.2.bn1.bias;mnv2_block1.2.2.bn1.running_mean;mnv2_block1.2.2.bn1.running_var;mnv2_block1.2.2.bn1.num_batches_tracked;mnv2_block1.2.2.conv_dw.weight;mnv2_block1.2.2.bn2.weight;mnv2_block1.2.2.bn2.bias;mnv2_block1.2.2.bn2.running_mean;mnv2_block1.2.2.bn2.running_var;mnv2_block1.2.2.bn2.num_batches_tracked;mnv2_block1.2.2.conv_pwl.weight;mnv2_block1.2.2.bn3.weight,raw_state_dict,846,549,SSL_BACKBONE,20.0,,SoilNetDualHead,True,True,True,10,2,2x128,10x128,True,False,False,False,MODEL_COMPATIBLE;HAS_REG_HEAD;HAS_CLS_HEAD;HAS_LIGHT_BRANCH,Parameter tensor count excludes running statistics/counters; classification uses normalized keys and source evidence.
sha256:bc6b25e52e042d67d587,DATA_ROOT_EMBEDDED_ARTIFACTS,Soil_Labeled_Data/soilNet_di chuyen tu o C/checkpoints_VicReg_tinyImagenet/vicreg_model_final_mu_23.0.pth,vicreg_model_final_mu_23.0.pth,16208023,bc6b25e52e042d67d587b5d0f608701ea0292d372a64ce4646691c38d51c66d8,SAFE_LOAD_OK,OrderedDict,initial_conv.weight;initial_conv.bias;mnv2_block1.0.0.conv_dw.weight;mnv2_block1.0.0.bn1.weight;mnv2_block1.0.0.bn1.bias;mnv2_block1.0.0.bn1.running_mean;mnv2_block1.0.0.bn1.running_var;mnv2_block1.0.0.bn1.num_batches_tracked;mnv2_block1.0.0.conv_pw.weight;mnv2_block1.0.0.bn2.weight;mnv2_block1.0.0.bn2.bias;mnv2_block1.0.0.bn2.running_mean;mnv2_block1.0.0.bn2.running_var;mnv2_block1.0.0.bn2.num_batches_tracked;mnv2_block1.1.0.conv_pw.weight;mnv2_block1.1.0.bn1.weight;mnv2_block1.1.0.bn1.bias;mnv2_block1.1.0.bn1.running_mean;mnv2_block1.1.0.bn1.running_var;mnv2_block1.1.0.bn1.num_batches_tracked;mnv2_block1.1.0.conv_dw.weight;mnv2_block1.1.0.bn2.weight;mnv2_block1.1.0.bn2.bias;mnv2_block1.1.0.bn2.running_mean;mnv2_block1.1.0.bn2.running_var;mnv2_block1.1.0.bn2.num_batches_tracked;mnv2_block1.1.0.conv_pwl.weight;mnv2_block1.1.0.bn3.weight;mnv2_block1.1.0.bn3.bias;mnv2_block1.1.0.bn3.running_mean;mnv2_block1.1.0.bn3.running_var;mnv2_block1.1.0.bn3.num_batches_tracked;mnv2_block1.1.1.conv_pw.weight;mnv2_block1.1.1.bn1.weight;mnv2_block1.1.1.bn1.bias;mnv2_block1.1.1.bn1.running_mean;mnv2_block1.1.1.bn1.running_var;mnv2_block1.1.1.bn1.num_batches_tracked;mnv2_block1.1.1.conv_dw.weight;mnv2_block1.1.1.bn2.weight;mnv2_block1.1.1.bn2.bias;mnv2_block1.1.1.bn2.running_mean;mnv2_block1.1.1.bn2.running_var;mnv2_block1.1.1.bn2.num_batches_tracked;mnv2_block1.1.1.conv_pwl.weight;mnv2_block1.1.1.bn3.weight;mnv2_block1.1.1.bn3.bias;mnv2_block1.1.1.bn3.running_mean;mnv2_block1.1.1.bn3.running_var;mnv2_block1.1.1.bn3.num_batches_tracked;mnv2_block1.2.0.conv_pw.weight;mnv2_block1.2.0.bn1.weight;mnv2_block1.2.0.bn1.bias;mnv2_block1.2.0.bn1.running_mean;mnv2_block1.2.0.bn1.running_var;mnv2_block1.2.0.bn1.num_batches_tracked;mnv2_block1.2.0.conv_dw.weight;mnv2_block1.2.0.bn2.weight;mnv2_block1.2.0.bn2.bias;mnv2_block1.2.0.bn2.running_mean;mnv2_block1.2.0.bn2.running_var;mnv2_block1.2.0.bn2.num_batches_tracked;mnv2_block1.2.0.conv_pwl.weight;mnv2_block1.2.0.bn3.weight;mnv2_block1.2.0.bn3.bias;mnv2_block1.2.0.bn3.running_mean;mnv2_block1.2.0.bn3.running_var;mnv2_block1.2.0.bn3.num_batches_tracked;mnv2_block1.2.1.conv_pw.weight;mnv2_block1.2.1.bn1.weight;mnv2_block1.2.1.bn1.bias;mnv2_block1.2.1.bn1.running_mean;mnv2_block1.2.1.bn1.running_var;mnv2_block1.2.1.bn1.num_batches_tracked;mnv2_block1.2.1.conv_dw.weight;mnv2_block1.2.1.bn2.weight;mnv2_block1.2.1.bn2.bias;mnv2_block1.2.1.bn2.running_mean;mnv2_block1.2.1.bn2.running_var;mnv2_block1.2.1.bn2.num_batches_tracked;mnv2_block1.2.1.conv_pwl.weight;mnv2_block1.2.1.bn3.weight;mnv2_block1.2.1.bn3.bias;mnv2_block1.2.1.bn3.running_mean;mnv2_block1.2.1.bn3.running_var;mnv2_block1.2.1.bn3.num_batches_tracked;mnv2_block1.2.2.conv_pw.weight;mnv2_block1.2.2.bn1.weight;mnv2_block1.2.2.bn1.bias;mnv2_block1.2.2.bn1.running_mean;mnv2_block1.2.2.bn1.running_var;mnv2_block1.2.2.bn1.num_batches_tracked;mnv2_block1.2.2.conv_dw.weight;mnv2_block1.2.2.bn2.weight;mnv2_block1.2.2.bn2.bias;mnv2_block1.2.2.bn2.running_mean;mnv2_block1.2.2.bn2.running_var;mnv2_block1.2.2.bn2.num_batches_tracked;mnv2_block1.2.2.conv_pwl.weight;mnv2_block1.2.2.bn3.weight,raw_state_dict,846,549,SSL_BACKBONE,23.0,,SoilNetDualHead,True,True,True,10,2,2x128,10x128,True,False,False,False,MODEL_COMPATIBLE;HAS_REG_HEAD;HAS_CLS_HEAD;HAS_LIGHT_BRANCH,Parameter tensor count excludes running statistics/counters; classification uses normalized keys and source evidence.
sha256:af33f55e5b71eff91fbc,DATA_ROOT_EMBEDDED_ARTIFACTS,Soil_Labeled_Data/soilNet_di chuyen tu o C/checkpoints_VicReg_tinyImagenet/vicreg_model_final_mu_25.0.pth,vicreg_model_final_mu_25.0.pth,16208023,af33f55e5b71eff91fbc6b047872702e17484ce83645dc62fad1a0616f3e867f,SAFE_LOAD_OK,OrderedDict,initial_conv.weight;initial_conv.bias;mnv2_block1.0.0.conv_dw.weight;mnv2_block1.0.0.bn1.weight;mnv2_block1.0.0.bn1.bias;mnv2_block1.0.0.bn1.running_mean;mnv2_block1.0.0.bn1.running_var;mnv2_block1.0.0.bn1.num_batches_tracked;mnv2_block1.0.0.conv_pw.weight;mnv2_block1.0.0.bn2.weight;mnv2_block1.0.0.bn2.bias;mnv2_block1.0.0.bn2.running_mean;mnv2_block1.0.0.bn2.running_var;mnv2_block1.0.0.bn2.num_batches_tracked;mnv2_block1.1.0.conv_pw.weight;mnv2_block1.1.0.bn1.weight;mnv2_block1.1.0.bn1.bias;mnv2_block1.1.0.bn1.running_mean;mnv2_block1.1.0.bn1.running_var;mnv2_block1.1.0.bn1.num_batches_tracked;mnv2_block1.1.0.conv_dw.weight;mnv2_block1.1.0.bn2.weight;mnv2_block1.1.0.bn2.bias;mnv2_block1.1.0.bn2.running_mean;mnv2_block1.1.0.bn2.running_var;mnv2_block1.1.0.bn2.num_batches_tracked;mnv2_block1.1.0.conv_pwl.weight;mnv2_block1.1.0.bn3.weight;mnv2_block1.1.0.bn3.bias;mnv2_block1.1.0.bn3.running_mean;mnv2_block1.1.0.bn3.running_var;mnv2_block1.1.0.bn3.num_batches_tracked;mnv2_block1.1.1.conv_pw.weight;mnv2_block1.1.1.bn1.weight;mnv2_block1.1.1.bn1.bias;mnv2_block1.1.1.bn1.running_mean;mnv2_block1.1.1.bn1.running_var;mnv2_block1.1.1.bn1.num_batches_tracked;mnv2_block1.1.1.conv_dw.weight;mnv2_block1.1.1.bn2.weight;mnv2_block1.1.1.bn2.bias;mnv2_block1.1.1.bn2.running_mean;mnv2_block1.1.1.bn2.running_var;mnv2_block1.1.1.bn2.num_batches_tracked;mnv2_block1.1.1.conv_pwl.weight;mnv2_block1.1.1.bn3.weight;mnv2_block1.1.1.bn3.bias;mnv2_block1.1.1.bn3.running_mean;mnv2_block1.1.1.bn3.running_var;mnv2_block1.1.1.bn3.num_batches_tracked;mnv2_block1.2.0.conv_pw.weight;mnv2_block1.2.0.bn1.weight;mnv2_block1.2.0.bn1.bias;mnv2_block1.2.0.bn1.running_mean;mnv2_block1.2.0.bn1.running_var;mnv2_block1.2.0.bn1.num_batches_tracked;mnv2_block1.2.0.conv_dw.weight;mnv2_block1.2.0.bn2.weight;mnv2_block1.2.0.bn2.bias;mnv2_block1.2.0.bn2.running_mean;mnv2_block1.2.0.bn2.running_var;mnv2_block1.2.0.bn2.num_batches_tracked;mnv2_block1.2.0.conv_pwl.weight;mnv2_block1.2.0.bn3.weight;mnv2_block1.2.0.bn3.bias;mnv2_block1.2.0.bn3.running_mean;mnv2_block1.2.0.bn3.running_var;mnv2_block1.2.0.bn3.num_batches_tracked;mnv2_block1.2.1.conv_pw.weight;mnv2_block1.2.1.bn1.weight;mnv2_block1.2.1.bn1.bias;mnv2_block1.2.1.bn1.running_mean;mnv2_block1.2.1.bn1.running_var;mnv2_block1.2.1.bn1.num_batches_tracked;mnv2_block1.2.1.conv_dw.weight;mnv2_block1.2.1.bn2.weight;mnv2_block1.2.1.bn2.bias;mnv2_block1.2.1.bn2.running_mean;mnv2_block1.2.1.bn2.running_var;mnv2_block1.2.1.bn2.num_batches_tracked;mnv2_block1.2.1.conv_pwl.weight;mnv2_block1.2.1.bn3.weight;mnv2_block1.2.1.bn3.bias;mnv2_block1.2.1.bn3.running_mean;mnv2_block1.2.1.bn3.running_var;mnv2_block1.2.1.bn3.num_batches_tracked;mnv2_block1.2.2.conv_pw.weight;mnv2_block1.2.2.bn1.weight;mnv2_block1.2.2.bn1.bias;mnv2_block1.2.2.bn1.running_mean;mnv2_block1.2.2.bn1.running_var;mnv2_block1.2.2.bn1.num_batches_tracked;mnv2_block1.2.2.conv_dw.weight;mnv2_block1.2.2.bn2.weight;mnv2_block1.2.2.bn2.bias;mnv2_block1.2.2.bn2.running_mean;mnv2_block1.2.2.bn2.running_var;mnv2_block1.2.2.bn2.num_batches_tracked;mnv2_block1.2.2.conv_pwl.weight;mnv2_block1.2.2.bn3.weight,raw_state_dict,846,549,SSL_BACKBONE,25.0,,SoilNetDualHead,True,True,True,10,2,2x128,10x128,True,False,False,False,MODEL_COMPATIBLE;HAS_REG_HEAD;HAS_CLS_HEAD;HAS_LIGHT_BRANCH,Parameter tensor count excludes running statistics/counters; classification uses normalized keys and source evidence.
sha256:b15d47b3e9b69866e806,DATA_ROOT_EMBEDDED_ARTIFACTS,Soil_Labeled_Data/soilNet_di chuyen tu o C/checkpoints_VicReg_tinyImagenet/vicreg_model_final_mu_27.0.pth,vicreg_model_final_mu_27.0.pth,16208023,b15d47b3e9b69866e806493859a653945800e9eae39cd77130b0a77deb094a80,SAFE_LOAD_OK,OrderedDict,initial_conv.weight;initial_conv.bias;mnv2_block1.0.0.conv_dw.weight;mnv2_block1.0.0.bn1.weight;mnv2_block1.0.0.bn1.bias;mnv2_block1.0.0.bn1.running_mean;mnv2_block1.0.0.bn1.running_var;mnv2_block1.0.0.bn1.num_batches_tracked;mnv2_block1.0.0.conv_pw.weight;mnv2_block1.0.0.bn2.weight;mnv2_block1.0.0.bn2.bias;mnv2_block1.0.0.bn2.running_mean;mnv2_block1.0.0.bn2.running_var;mnv2_block1.0.0.bn2.num_batches_tracked;mnv2_block1.1.0.conv_pw.weight;mnv2_block1.1.0.bn1.weight;mnv2_block1.1.0.bn1.bias;mnv2_block1.1.0.bn1.running_mean;mnv2_block1.1.0.bn1.running_var;mnv2_block1.1.0.bn1.num_batches_tracked;mnv2_block1.1.0.conv_dw.weight;mnv2_block1.1.0.bn2.weight;mnv2_block1.1.0.bn2.bias;mnv2_block1.1.0.bn2.running_mean;mnv2_block1.1.0.bn2.running_var;mnv2_block1.1.0.bn2.num_batches_tracked;mnv2_block1.1.0.conv_pwl.weight;mnv2_block1.1.0.bn3.weight;mnv2_block1.1.0.bn3.bias;mnv2_block1.1.0.bn3.running_mean;mnv2_block1.1.0.bn3.running_var;mnv2_block1.1.0.bn3.num_batches_tracked;mnv2_block1.1.1.conv_pw.weight;mnv2_block1.1.1.bn1.weight;mnv2_block1.1.1.bn1.bias;mnv2_block1.1.1.bn1.running_mean;mnv2_block1.1.1.bn1.running_var;mnv2_block1.1.1.bn1.num_batches_tracked;mnv2_block1.1.1.conv_dw.weight;mnv2_block1.1.1.bn2.weight;mnv2_block1.1.1.bn2.bias;mnv2_block1.1.1.bn2.running_mean;mnv2_block1.1.1.bn2.running_var;mnv2_block1.1.1.bn2.num_batches_tracked;mnv2_block1.1.1.conv_pwl.weight;mnv2_block1.1.1.bn3.weight;mnv2_block1.1.1.bn3.bias;mnv2_block1.1.1.bn3.running_mean;mnv2_block1.1.1.bn3.running_var;mnv2_block1.1.1.bn3.num_batches_tracked;mnv2_block1.2.0.conv_pw.weight;mnv2_block1.2.0.bn1.weight;mnv2_block1.2.0.bn1.bias;mnv2_block1.2.0.bn1.running_mean;mnv2_block1.2.0.bn1.running_var;mnv2_block1.2.0.bn1.num_batches_tracked;mnv2_block1.2.0.conv_dw.weight;mnv2_block1.2.0.bn2.weight;mnv2_block1.2.0.bn2.bias;mnv2_block1.2.0.bn2.running_mean;mnv2_block1.2.0.bn2.running_var;mnv2_block1.2.0.bn2.num_batches_tracked;mnv2_block1.2.0.conv_pwl.weight;mnv2_block1.2.0.bn3.weight;mnv2_block1.2.0.bn3.bias;mnv2_block1.2.0.bn3.running_mean;mnv2_block1.2.0.bn3.running_var;mnv2_block1.2.0.bn3.num_batches_tracked;mnv2_block1.2.1.conv_pw.weight;mnv2_block1.2.1.bn1.weight;mnv2_block1.2.1.bn1.bias;mnv2_block1.2.1.bn1.running_mean;mnv2_block1.2.1.bn1.running_var;mnv2_block1.2.1.bn1.num_batches_tracked;mnv2_block1.2.1.conv_dw.weight;mnv2_block1.2.1.bn2.weight;mnv2_block1.2.1.bn2.bias;mnv2_block1.2.1.bn2.running_mean;mnv2_block1.2.1.bn2.running_var;mnv2_block1.2.1.bn2.num_batches_tracked;mnv2_block1.2.1.conv_pwl.weight;mnv2_block1.2.1.bn3.weight;mnv2_block1.2.1.bn3.bias;mnv2_block1.2.1.bn3.running_mean;mnv2_block1.2.1.bn3.running_var;mnv2_block1.2.1.bn3.num_batches_tracked;mnv2_block1.2.2.conv_pw.weight;mnv2_block1.2.2.bn1.weight;mnv2_block1.2.2.bn1.bias;mnv2_block1.2.2.bn1.running_mean;mnv2_block1.2.2.bn1.running_var;mnv2_block1.2.2.bn1.num_batches_tracked;mnv2_block1.2.2.conv_dw.weight;mnv2_block1.2.2.bn2.weight;mnv2_block1.2.2.bn2.bias;mnv2_block1.2.2.bn2.running_mean;mnv2_block1.2.2.bn2.running_var;mnv2_block1.2.2.bn2.num_batches_tracked;mnv2_block1.2.2.conv_pwl.weight;mnv2_block1.2.2.bn3.weight,raw_state_dict,846,549,SSL_BACKBONE,27.0,,SoilNetDualHead,True,True,True,10,2,2x128,10x128,True,False,False,False,MODEL_COMPATIBLE;HAS_REG_HEAD;HAS_CLS_HEAD;HAS_LIGHT_BRANCH,Parameter tensor count excludes running statistics/counters; classification uses normalized keys and source evidence.
sha256:4b9cde14158fcfd6a2b9,DATA_ROOT_EMBEDDED_ARTIFACTS,Soil_Labeled_Data/soilNet_di chuyen tu o C/checkpoints_VicReg_tinyImagenet/vicreg_model_final_mu_30.0.pth,vicreg_model_final_mu_30.0.pth,16208023,4b9cde14158fcfd6a2b9a3d31bb483978af4f07a30b76764bb270b9ee265b4c8,SAFE_LOAD_OK,OrderedDict,initial_conv.weight;initial_conv.bias;mnv2_block1.0.0.conv_dw.weight;mnv2_block1.0.0.bn1.weight;mnv2_block1.0.0.bn1.bias;mnv2_block1.0.0.bn1.running_mean;mnv2_block1.0.0.bn1.running_var;mnv2_block1.0.0.bn1.num_batches_tracked;mnv2_block1.0.0.conv_pw.weight;mnv2_block1.0.0.bn2.weight;mnv2_block1.0.0.bn2.bias;mnv2_block1.0.0.bn2.running_mean;mnv2_block1.0.0.bn2.running_var;mnv2_block1.0.0.bn2.num_batches_tracked;mnv2_block1.1.0.conv_pw.weight;mnv2_block1.1.0.bn1.weight;mnv2_block1.1.0.bn1.bias;mnv2_block1.1.0.bn1.running_mean;mnv2_block1.1.0.bn1.running_var;mnv2_block1.1.0.bn1.num_batches_tracked;mnv2_block1.1.0.conv_dw.weight;mnv2_block1.1.0.bn2.weight;mnv2_block1.1.0.bn2.bias;mnv2_block1.1.0.bn2.running_mean;mnv2_block1.1.0.bn2.running_var;mnv2_block1.1.0.bn2.num_batches_tracked;mnv2_block1.1.0.conv_pwl.weight;mnv2_block1.1.0.bn3.weight;mnv2_block1.1.0.bn3.bias;mnv2_block1.1.0.bn3.running_mean;mnv2_block1.1.0.bn3.running_var;mnv2_block1.1.0.bn3.num_batches_tracked;mnv2_block1.1.1.conv_pw.weight;mnv2_block1.1.1.bn1.weight;mnv2_block1.1.1.bn1.bias;mnv2_block1.1.1.bn1.running_mean;mnv2_block1.1.1.bn1.running_var;mnv2_block1.1.1.bn1.num_batches_tracked;mnv2_block1.1.1.conv_dw.weight;mnv2_block1.1.1.bn2.weight;mnv2_block1.1.1.bn2.bias;mnv2_block1.1.1.bn2.running_mean;mnv2_block1.1.1.bn2.running_var;mnv2_block1.1.1.bn2.num_batches_tracked;mnv2_block1.1.1.conv_pwl.weight;mnv2_block1.1.1.bn3.weight;mnv2_block1.1.1.bn3.bias;mnv2_block1.1.1.bn3.running_mean;mnv2_block1.1.1.bn3.running_var;mnv2_block1.1.1.bn3.num_batches_tracked;mnv2_block1.2.0.conv_pw.weight;mnv2_block1.2.0.bn1.weight;mnv2_block1.2.0.bn1.bias;mnv2_block1.2.0.bn1.running_mean;mnv2_block1.2.0.bn1.running_var;mnv2_block1.2.0.bn1.num_batches_tracked;mnv2_block1.2.0.conv_dw.weight;mnv2_block1.2.0.bn2.weight;mnv2_block1.2.0.bn2.bias;mnv2_block1.2.0.bn2.running_mean;mnv2_block1.2.0.bn2.running_var;mnv2_block1.2.0.bn2.num_batches_tracked;mnv2_block1.2.0.conv_pwl.weight;mnv2_block1.2.0.bn3.weight;mnv2_block1.2.0.bn3.bias;mnv2_block1.2.0.bn3.running_mean;mnv2_block1.2.0.bn3.running_var;mnv2_block1.2.0.bn3.num_batches_tracked;mnv2_block1.2.1.conv_pw.weight;mnv2_block1.2.1.bn1.weight;mnv2_block1.2.1.bn1.bias;mnv2_block1.2.1.bn1.running_mean;mnv2_block1.2.1.bn1.running_var;mnv2_block1.2.1.bn1.num_batches_tracked;mnv2_block1.2.1.conv_dw.weight;mnv2_block1.2.1.bn2.weight;mnv2_block1.2.1.bn2.bias;mnv2_block1.2.1.bn2.running_mean;mnv2_block1.2.1.bn2.running_var;mnv2_block1.2.1.bn2.num_batches_tracked;mnv2_block1.2.1.conv_pwl.weight;mnv2_block1.2.1.bn3.weight;mnv2_block1.2.1.bn3.bias;mnv2_block1.2.1.bn3.running_mean;mnv2_block1.2.1.bn3.running_var;mnv2_block1.2.1.bn3.num_batches_tracked;mnv2_block1.2.2.conv_pw.weight;mnv2_block1.2.2.bn1.weight;mnv2_block1.2.2.bn1.bias;mnv2_block1.2.2.bn1.running_mean;mnv2_block1.2.2.bn1.running_var;mnv2_block1.2.2.bn1.num_batches_tracked;mnv2_block1.2.2.conv_dw.weight;mnv2_block1.2.2.bn2.weight;mnv2_block1.2.2.bn2.bias;mnv2_block1.2.2.bn2.running_mean;mnv2_block1.2.2.bn2.running_var;mnv2_block1.2.2.bn2.num_batches_tracked;mnv2_block1.2.2.conv_pwl.weight;mnv2_block1.2.2.bn3.weight,raw_state_dict,846,549,SSL_BACKBONE,30.0,,SoilNetDualHead,True,True,True,10,2,2x128,10x128,True,False,False,False,MODEL_COMPATIBLE;HAS_REG_HEAD;HAS_CLS_HEAD;HAS_LIGHT_BRANCH,Parameter tensor count excludes running statistics/counters; classification uses normalized keys and source evidence.
sha256:6f99b74c9bb2051cd37e,DATA_ROOT_EMBEDDED_ARTIFACTS,Soil_Labeled_Data/soilNet_di chuyen tu o C/checkpoints_VicReg_tinyImagenet/vicreg_model_final_mu_33.0.pth,vicreg_model_final_mu_33.0.pth,16208023,6f99b74c9bb2051cd37e221280dd59ce28c6ae16d5c669f2bf619591e0b27a8f,SAFE_LOAD_OK,OrderedDict,initial_conv.weight;initial_conv.bias;mnv2_block1.0.0.conv_dw.weight;mnv2_block1.0.0.bn1.weight;mnv2_block1.0.0.bn1.bias;mnv2_block1.0.0.bn1.running_mean;mnv2_block1.0.0.bn1.running_var;mnv2_block1.0.0.bn1.num_batches_tracked;mnv2_block1.0.0.conv_pw.weight;mnv2_block1.0.0.bn2.weight;mnv2_block1.0.0.bn2.bias;mnv2_block1.0.0.bn2.running_mean;mnv2_block1.0.0.bn2.running_var;mnv2_block1.0.0.bn2.num_batches_tracked;mnv2_block1.1.0.conv_pw.weight;mnv2_block1.1.0.bn1.weight;mnv2_block1.1.0.bn1.bias;mnv2_block1.1.0.bn1.running_mean;mnv2_block1.1.0.bn1.running_var;mnv2_block1.1.0.bn1.num_batches_tracked;mnv2_block1.1.0.conv_dw.weight;mnv2_block1.1.0.bn2.weight;mnv2_block1.1.0.bn2.bias;mnv2_block1.1.0.bn2.running_mean;mnv2_block1.1.0.bn2.running_var;mnv2_block1.1.0.bn2.num_batches_tracked;mnv2_block1.1.0.conv_pwl.weight;mnv2_block1.1.0.bn3.weight;mnv2_block1.1.0.bn3.bias;mnv2_block1.1.0.bn3.running_mean;mnv2_block1.1.0.bn3.running_var;mnv2_block1.1.0.bn3.num_batches_tracked;mnv2_block1.1.1.conv_pw.weight;mnv2_block1.1.1.bn1.weight;mnv2_block1.1.1.bn1.bias;mnv2_block1.1.1.bn1.running_mean;mnv2_block1.1.1.bn1.running_var;mnv2_block1.1.1.bn1.num_batches_tracked;mnv2_block1.1.1.conv_dw.weight;mnv2_block1.1.1.bn2.weight;mnv2_block1.1.1.bn2.bias;mnv2_block1.1.1.bn2.running_mean;mnv2_block1.1.1.bn2.running_var;mnv2_block1.1.1.bn2.num_batches_tracked;mnv2_block1.1.1.conv_pwl.weight;mnv2_block1.1.1.bn3.weight;mnv2_block1.1.1.bn3.bias;mnv2_block1.1.1.bn3.running_mean;mnv2_block1.1.1.bn3.running_var;mnv2_block1.1.1.bn3.num_batches_tracked;mnv2_block1.2.0.conv_pw.weight;mnv2_block1.2.0.bn1.weight;mnv2_block1.2.0.bn1.bias;mnv2_block1.2.0.bn1.running_mean;mnv2_block1.2.0.bn1.running_var;mnv2_block1.2.0.bn1.num_batches_tracked;mnv2_block1.2.0.conv_dw.weight;mnv2_block1.2.0.bn2.weight;mnv2_block1.2.0.bn2.bias;mnv2_block1.2.0.bn2.running_mean;mnv2_block1.2.0.bn2.running_var;mnv2_block1.2.0.bn2.num_batches_tracked;mnv2_block1.2.0.conv_pwl.weight;mnv2_block1.2.0.bn3.weight;mnv2_block1.2.0.bn3.bias;mnv2_block1.2.0.bn3.running_mean;mnv2_block1.2.0.bn3.running_var;mnv2_block1.2.0.bn3.num_batches_tracked;mnv2_block1.2.1.conv_pw.weight;mnv2_block1.2.1.bn1.weight;mnv2_block1.2.1.bn1.bias;mnv2_block1.2.1.bn1.running_mean;mnv2_block1.2.1.bn1.running_var;mnv2_block1.2.1.bn1.num_batches_tracked;mnv2_block1.2.1.conv_dw.weight;mnv2_block1.2.1.bn2.weight;mnv2_block1.2.1.bn2.bias;mnv2_block1.2.1.bn2.running_mean;mnv2_block1.2.1.bn2.running_var;mnv2_block1.2.1.bn2.num_batches_tracked;mnv2_block1.2.1.conv_pwl.weight;mnv2_block1.2.1.bn3.weight;mnv2_block1.2.1.bn3.bias;mnv2_block1.2.1.bn3.running_mean;mnv2_block1.2.1.bn3.running_var;mnv2_block1.2.1.bn3.num_batches_tracked;mnv2_block1.2.2.conv_pw.weight;mnv2_block1.2.2.bn1.weight;mnv2_block1.2.2.bn1.bias;mnv2_block1.2.2.bn1.running_mean;mnv2_block1.2.2.bn1.running_var;mnv2_block1.2.2.bn1.num_batches_tracked;mnv2_block1.2.2.conv_dw.weight;mnv2_block1.2.2.bn2.weight;mnv2_block1.2.2.bn2.bias;mnv2_block1.2.2.bn2.running_mean;mnv2_block1.2.2.bn2.running_var;mnv2_block1.2.2.bn2.num_batches_tracked;mnv2_block1.2.2.conv_pwl.weight;mnv2_block1.2.2.bn3.weight,raw_state_dict,846,549,SSL_BACKBONE,33.0,,SoilNetDualHead,True,True,True,10,2,2x128,10x128,True,False,False,False,MODEL_COMPATIBLE;HAS_REG_HEAD;HAS_CLS_HEAD;HAS_LIGHT_BRANCH,Parameter tensor count excludes running statistics/counters; classification uses normalized keys and source evidence.
sha256:8e64f6898656a2192ea0,DATA_ROOT_EMBEDDED_ARTIFACTS,Soil_Labeled_Data/soilNet_di chuyen tu o C/checkpoints_VicReg_tinyImagenet/vicreg_model_final_tinyImageNet_mu_20.0.pth,vicreg_model_final_tinyImageNet_mu_20.0.pth,16216320,8e64f6898656a2192ea0769d56c78597e6ebad8c961212541f9ed4bcd77492cf,SAFE_LOAD_OK,OrderedDict,initial_conv.weight;initial_conv.bias;mnv2_block1.0.0.conv_dw.weight;mnv2_block1.0.0.bn1.weight;mnv2_block1.0.0.bn1.bias;mnv2_block1.0.0.bn1.running_mean;mnv2_block1.0.0.bn1.running_var;mnv2_block1.0.0.bn1.num_batches_tracked;mnv2_block1.0.0.conv_pw.weight;mnv2_block1.0.0.bn2.weight;mnv2_block1.0.0.bn2.bias;mnv2_block1.0.0.bn2.running_mean;mnv2_block1.0.0.bn2.running_var;mnv2_block1.0.0.bn2.num_batches_tracked;mnv2_block1.1.0.conv_pw.weight;mnv2_block1.1.0.bn1.weight;mnv2_block1.1.0.bn1.bias;mnv2_block1.1.0.bn1.running_mean;mnv2_block1.1.0.bn1.running_var;mnv2_block1.1.0.bn1.num_batches_tracked;mnv2_block1.1.0.conv_dw.weight;mnv2_block1.1.0.bn2.weight;mnv2_block1.1.0.bn2.bias;mnv2_block1.1.0.bn2.running_mean;mnv2_block1.1.0.bn2.running_var;mnv2_block1.1.0.bn2.num_batches_tracked;mnv2_block1.1.0.conv_pwl.weight;mnv2_block1.1.0.bn3.weight;mnv2_block1.1.0.bn3.bias;mnv2_block1.1.0.bn3.running_mean;mnv2_block1.1.0.bn3.running_var;mnv2_block1.1.0.bn3.num_batches_tracked;mnv2_block1.1.1.conv_pw.weight;mnv2_block1.1.1.bn1.weight;mnv2_block1.1.1.bn1.bias;mnv2_block1.1.1.bn1.running_mean;mnv2_block1.1.1.bn1.running_var;mnv2_block1.1.1.bn1.num_batches_tracked;mnv2_block1.1.1.conv_dw.weight;mnv2_block1.1.1.bn2.weight;mnv2_block1.1.1.bn2.bias;mnv2_block1.1.1.bn2.running_mean;mnv2_block1.1.1.bn2.running_var;mnv2_block1.1.1.bn2.num_batches_tracked;mnv2_block1.1.1.conv_pwl.weight;mnv2_block1.1.1.bn3.weight;mnv2_block1.1.1.bn3.bias;mnv2_block1.1.1.bn3.running_mean;mnv2_block1.1.1.bn3.running_var;mnv2_block1.1.1.bn3.num_batches_tracked;mnv2_block1.2.0.conv_pw.weight;mnv2_block1.2.0.bn1.weight;mnv2_block1.2.0.bn1.bias;mnv2_block1.2.0.bn1.running_mean;mnv2_block1.2.0.bn1.running_var;mnv2_block1.2.0.bn1.num_batches_tracked;mnv2_block1.2.0.conv_dw.weight;mnv2_block1.2.0.bn2.weight;mnv2_block1.2.0.bn2.bias;mnv2_block1.2.0.bn2.running_mean;mnv2_block1.2.0.bn2.running_var;mnv2_block1.2.0.bn2.num_batches_tracked;mnv2_block1.2.0.conv_pwl.weight;mnv2_block1.2.0.bn3.weight;mnv2_block1.2.0.bn3.bias;mnv2_block1.2.0.bn3.running_mean;mnv2_block1.2.0.bn3.running_var;mnv2_block1.2.0.bn3.num_batches_tracked;mnv2_block1.2.1.conv_pw.weight;mnv2_block1.2.1.bn1.weight;mnv2_block1.2.1.bn1.bias;mnv2_block1.2.1.bn1.running_mean;mnv2_block1.2.1.bn1.running_var;mnv2_block1.2.1.bn1.num_batches_tracked;mnv2_block1.2.1.conv_dw.weight;mnv2_block1.2.1.bn2.weight;mnv2_block1.2.1.bn2.bias;mnv2_block1.2.1.bn2.running_mean;mnv2_block1.2.1.bn2.running_var;mnv2_block1.2.1.bn2.num_batches_tracked;mnv2_block1.2.1.conv_pwl.weight;mnv2_block1.2.1.bn3.weight;mnv2_block1.2.1.bn3.bias;mnv2_block1.2.1.bn3.running_mean;mnv2_block1.2.1.bn3.running_var;mnv2_block1.2.1.bn3.num_batches_tracked;mnv2_block1.2.2.conv_pw.weight;mnv2_block1.2.2.bn1.weight;mnv2_block1.2.2.bn1.bias;mnv2_block1.2.2.bn1.running_mean;mnv2_block1.2.2.bn1.running_var;mnv2_block1.2.2.bn1.num_batches_tracked;mnv2_block1.2.2.conv_dw.weight;mnv2_block1.2.2.bn2.weight;mnv2_block1.2.2.bn2.bias;mnv2_block1.2.2.bn2.running_mean;mnv2_block1.2.2.bn2.running_var;mnv2_block1.2.2.bn2.num_batches_tracked;mnv2_block1.2.2.conv_pwl.weight;mnv2_block1.2.2.bn3.weight,raw_state_dict,846,549,FINETUNED_SOILNET_DUALHEAD,20.0,,SoilNetDualHead,True,True,True,10,2,2x128,10x128,True,False,False,False,MATCHES_GITHUB;MODEL_COMPATIBLE;HAS_REG_HEAD;HAS_CLS_HEAD;HAS_LIGHT_BRANCH,Parameter tensor count excludes running statistics/counters; classification uses normalized keys and source evidence.
sha256:8fcecd49fbe72fed83ad,DATA_ROOT_EMBEDDED_ARTIFACTS,Soil_Labeled_Data/soilNet_di chuyen tu o C/checkpoints_VicReg_tinyImagenet/vicreg_model_final_tinyImageNet_mu_23.0.pth,vicreg_model_final_tinyImageNet_mu_23.0.pth,16216320,8fcecd49fbe72fed83add29022fc8dc11fc99352b4e38e11349eb256a5732aa2,SAFE_LOAD_OK,OrderedDict,initial_conv.weight;initial_conv.bias;mnv2_block1.0.0.conv_dw.weight;mnv2_block1.0.0.bn1.weight;mnv2_block1.0.0.bn1.bias;mnv2_block1.0.0.bn1.running_mean;mnv2_block1.0.0.bn1.running_var;mnv2_block1.0.0.bn1.num_batches_tracked;mnv2_block1.0.0.conv_pw.weight;mnv2_block1.0.0.bn2.weight;mnv2_block1.0.0.bn2.bias;mnv2_block1.0.0.bn2.running_mean;mnv2_block1.0.0.bn2.running_var;mnv2_block1.0.0.bn2.num_batches_tracked;mnv2_block1.1.0.conv_pw.weight;mnv2_block1.1.0.bn1.weight;mnv2_block1.1.0.bn1.bias;mnv2_block1.1.0.bn1.running_mean;mnv2_block1.1.0.bn1.running_var;mnv2_block1.1.0.bn1.num_batches_tracked;mnv2_block1.1.0.conv_dw.weight;mnv2_block1.1.0.bn2.weight;mnv2_block1.1.0.bn2.bias;mnv2_block1.1.0.bn2.running_mean;mnv2_block1.1.0.bn2.running_var;mnv2_block1.1.0.bn2.num_batches_tracked;mnv2_block1.1.0.conv_pwl.weight;mnv2_block1.1.0.bn3.weight;mnv2_block1.1.0.bn3.bias;mnv2_block1.1.0.bn3.running_mean;mnv2_block1.1.0.bn3.running_var;mnv2_block1.1.0.bn3.num_batches_tracked;mnv2_block1.1.1.conv_pw.weight;mnv2_block1.1.1.bn1.weight;mnv2_block1.1.1.bn1.bias;mnv2_block1.1.1.bn1.running_mean;mnv2_block1.1.1.bn1.running_var;mnv2_block1.1.1.bn1.num_batches_tracked;mnv2_block1.1.1.conv_dw.weight;mnv2_block1.1.1.bn2.weight;mnv2_block1.1.1.bn2.bias;mnv2_block1.1.1.bn2.running_mean;mnv2_block1.1.1.bn2.running_var;mnv2_block1.1.1.bn2.num_batches_tracked;mnv2_block1.1.1.conv_pwl.weight;mnv2_block1.1.1.bn3.weight;mnv2_block1.1.1.bn3.bias;mnv2_block1.1.1.bn3.running_mean;mnv2_block1.1.1.bn3.running_var;mnv2_block1.1.1.bn3.num_batches_tracked;mnv2_block1.2.0.conv_pw.weight;mnv2_block1.2.0.bn1.weight;mnv2_block1.2.0.bn1.bias;mnv2_block1.2.0.bn1.running_mean;mnv2_block1.2.0.bn1.running_var;mnv2_block1.2.0.bn1.num_batches_tracked;mnv2_block1.2.0.conv_dw.weight;mnv2_block1.2.0.bn2.weight;mnv2_block1.2.0.bn2.bias;mnv2_block1.2.0.bn2.running_mean;mnv2_block1.2.0.bn2.running_var;mnv2_block1.2.0.bn2.num_batches_tracked;mnv2_block1.2.0.conv_pwl.weight;mnv2_block1.2.0.bn3.weight;mnv2_block1.2.0.bn3.bias;mnv2_block1.2.0.bn3.running_mean;mnv2_block1.2.0.bn3.running_var;mnv2_block1.2.0.bn3.num_batches_tracked;mnv2_block1.2.1.conv_pw.weight;mnv2_block1.2.1.bn1.weight;mnv2_block1.2.1.bn1.bias;mnv2_block1.2.1.bn1.running_mean;mnv2_block1.2.1.bn1.running_var;mnv2_block1.2.1.bn1.num_batches_tracked;mnv2_block1.2.1.conv_dw.weight;mnv2_block1.2.1.bn2.weight;mnv2_block1.2.1.bn2.bias;mnv2_block1.2.1.bn2.running_mean;mnv2_block1.2.1.bn2.running_var;mnv2_block1.2.1.bn2.num_batches_tracked;mnv2_block1.2.1.conv_pwl.weight;mnv2_block1.2.1.bn3.weight;mnv2_block1.2.1.bn3.bias;mnv2_block1.2.1.bn3.running_mean;mnv2_block1.2.1.bn3.running_var;mnv2_block1.2.1.bn3.num_batches_tracked;mnv2_block1.2.2.conv_pw.weight;mnv2_block1.2.2.bn1.weight;mnv2_block1.2.2.bn1.bias;mnv2_block1.2.2.bn1.running_mean;mnv2_block1.2.2.bn1.running_var;mnv2_block1.2.2.bn1.num_batches_tracked;mnv2_block1.2.2.conv_dw.weight;mnv2_block1.2.2.bn2.weight;mnv2_block1.2.2.bn2.bias;mnv2_block1.2.2.bn2.running_mean;mnv2_block1.2.2.bn2.running_var;mnv2_block1.2.2.bn2.num_batches_tracked;mnv2_block1.2.2.conv_pwl.weight;mnv2_block1.2.2.bn3.weight,raw_state_dict,846,549,FINETUNED_SOILNET_DUALHEAD,23.0,,SoilNetDualHead,True,True,True,10,2,2x128,10x128,True,False,False,False,MATCHES_GITHUB;MODEL_COMPATIBLE;HAS_REG_HEAD;HAS_CLS_HEAD;HAS_LIGHT_BRANCH,Parameter tensor count excludes running statistics/counters; classification uses normalized keys and source evidence.
sha256:cd98e7e59a49b87e9afb,DATA_ROOT_EMBEDDED_ARTIFACTS,Soil_Labeled_Data/soilNet_di chuyen tu o C/checkpoints_VicReg_tinyImagenet/vicreg_model_final_tinyImageNet_mu_25.0.pth,vicreg_model_final_tinyImageNet_mu_25.0.pth,16216320,cd98e7e59a49b87e9afb4146220b616122252042f94a57fef2d766a69bedb3e7,SAFE_LOAD_OK,OrderedDict,initial_conv.weight;initial_conv.bias;mnv2_block1.0.0.conv_dw.weight;mnv2_block1.0.0.bn1.weight;mnv2_block1.0.0.bn1.bias;mnv2_block1.0.0.bn1.running_mean;mnv2_block1.0.0.bn1.running_var;mnv2_block1.0.0.bn1.num_batches_tracked;mnv2_block1.0.0.conv_pw.weight;mnv2_block1.0.0.bn2.weight;mnv2_block1.0.0.bn2.bias;mnv2_block1.0.0.bn2.running_mean;mnv2_block1.0.0.bn2.running_var;mnv2_block1.0.0.bn2.num_batches_tracked;mnv2_block1.1.0.conv_pw.weight;mnv2_block1.1.0.bn1.weight;mnv2_block1.1.0.bn1.bias;mnv2_block1.1.0.bn1.running_mean;mnv2_block1.1.0.bn1.running_var;mnv2_block1.1.0.bn1.num_batches_tracked;mnv2_block1.1.0.conv_dw.weight;mnv2_block1.1.0.bn2.weight;mnv2_block1.1.0.bn2.bias;mnv2_block1.1.0.bn2.running_mean;mnv2_block1.1.0.bn2.running_var;mnv2_block1.1.0.bn2.num_batches_tracked;mnv2_block1.1.0.conv_pwl.weight;mnv2_block1.1.0.bn3.weight;mnv2_block1.1.0.bn3.bias;mnv2_block1.1.0.bn3.running_mean;mnv2_block1.1.0.bn3.running_var;mnv2_block1.1.0.bn3.num_batches_tracked;mnv2_block1.1.1.conv_pw.weight;mnv2_block1.1.1.bn1.weight;mnv2_block1.1.1.bn1.bias;mnv2_block1.1.1.bn1.running_mean;mnv2_block1.1.1.bn1.running_var;mnv2_block1.1.1.bn1.num_batches_tracked;mnv2_block1.1.1.conv_dw.weight;mnv2_block1.1.1.bn2.weight;mnv2_block1.1.1.bn2.bias;mnv2_block1.1.1.bn2.running_mean;mnv2_block1.1.1.bn2.running_var;mnv2_block1.1.1.bn2.num_batches_tracked;mnv2_block1.1.1.conv_pwl.weight;mnv2_block1.1.1.bn3.weight;mnv2_block1.1.1.bn3.bias;mnv2_block1.1.1.bn3.running_mean;mnv2_block1.1.1.bn3.running_var;mnv2_block1.1.1.bn3.num_batches_tracked;mnv2_block1.2.0.conv_pw.weight;mnv2_block1.2.0.bn1.weight;mnv2_block1.2.0.bn1.bias;mnv2_block1.2.0.bn1.running_mean;mnv2_block1.2.0.bn1.running_var;mnv2_block1.2.0.bn1.num_batches_tracked;mnv2_block1.2.0.conv_dw.weight;mnv2_block1.2.0.bn2.weight;mnv2_block1.2.0.bn2.bias;mnv2_block1.2.0.bn2.running_mean;mnv2_block1.2.0.bn2.running_var;mnv2_block1.2.0.bn2.num_batches_tracked;mnv2_block1.2.0.conv_pwl.weight;mnv2_block1.2.0.bn3.weight;mnv2_block1.2.0.bn3.bias;mnv2_block1.2.0.bn3.running_mean;mnv2_block1.2.0.bn3.running_var;mnv2_block1.2.0.bn3.num_batches_tracked;mnv2_block1.2.1.conv_pw.weight;mnv2_block1.2.1.bn1.weight;mnv2_block1.2.1.bn1.bias;mnv2_block1.2.1.bn1.running_mean;mnv2_block1.2.1.bn1.running_var;mnv2_block1.2.1.bn1.num_batches_tracked;mnv2_block1.2.1.conv_dw.weight;mnv2_block1.2.1.bn2.weight;mnv2_block1.2.1.bn2.bias;mnv2_block1.2.1.bn2.running_mean;mnv2_block1.2.1.bn2.running_var;mnv2_block1.2.1.bn2.num_batches_tracked;mnv2_block1.2.1.conv_pwl.weight;mnv2_block1.2.1.bn3.weight;mnv2_block1.2.1.bn3.bias;mnv2_block1.2.1.bn3.running_mean;mnv2_block1.2.1.bn3.running_var;mnv2_block1.2.1.bn3.num_batches_tracked;mnv2_block1.2.2.conv_pw.weight;mnv2_block1.2.2.bn1.weight;mnv2_block1.2.2.bn1.bias;mnv2_block1.2.2.bn1.running_mean;mnv2_block1.2.2.bn1.running_var;mnv2_block1.2.2.bn1.num_batches_tracked;mnv2_block1.2.2.conv_dw.weight;mnv2_block1.2.2.bn2.weight;mnv2_block1.2.2.bn2.bias;mnv2_block1.2.2.bn2.running_mean;mnv2_block1.2.2.bn2.running_var;mnv2_block1.2.2.bn2.num_batches_tracked;mnv2_block1.2.2.conv_pwl.weight;mnv2_block1.2.2.bn3.weight,raw_state_dict,846,549,FINETUNED_SOILNET_DUALHEAD,25.0,,SoilNetDualHead,True,True,True,10,2,2x128,10x128,True,False,False,False,MODEL_COMPATIBLE;HAS_REG_HEAD;HAS_CLS_HEAD;HAS_LIGHT_BRANCH,Parameter tensor count excludes running statistics/counters; classification uses normalized keys and source evidence.
sha256:2919012a6a6e585f6a3c,DATA_ROOT_EMBEDDED_ARTIFACTS,Soil_Labeled_Data/soilNet_di chuyen tu o C/checkpoints_VicReg_tinyImagenet/vicreg_model_final_tinyImageNet_mu_27.0.pth,vicreg_model_final_tinyImageNet_mu_27.0.pth,16216320,2919012a6a6e585f6a3cb2762415c811abae8119e3196fce15afdf3389ee17c1,SAFE_LOAD_OK,OrderedDict,initial_conv.weight;initial_conv.bias;mnv2_block1.0.0.conv_dw.weight;mnv2_block1.0.0.bn1.weight;mnv2_block1.0.0.bn1.bias;mnv2_block1.0.0.bn1.running_mean;mnv2_block1.0.0.bn1.running_var;mnv2_block1.0.0.bn1.num_batches_tracked;mnv2_block1.0.0.conv_pw.weight;mnv2_block1.0.0.bn2.weight;mnv2_block1.0.0.bn2.bias;mnv2_block1.0.0.bn2.running_mean;mnv2_block1.0.0.bn2.running_var;mnv2_block1.0.0.bn2.num_batches_tracked;mnv2_block1.1.0.conv_pw.weight;mnv2_block1.1.0.bn1.weight;mnv2_block1.1.0.bn1.bias;mnv2_block1.1.0.bn1.running_mean;mnv2_block1.1.0.bn1.running_var;mnv2_block1.1.0.bn1.num_batches_tracked;mnv2_block1.1.0.conv_dw.weight;mnv2_block1.1.0.bn2.weight;mnv2_block1.1.0.bn2.bias;mnv2_block1.1.0.bn2.running_mean;mnv2_block1.1.0.bn2.running_var;mnv2_block1.1.0.bn2.num_batches_tracked;mnv2_block1.1.0.conv_pwl.weight;mnv2_block1.1.0.bn3.weight;mnv2_block1.1.0.bn3.bias;mnv2_block1.1.0.bn3.running_mean;mnv2_block1.1.0.bn3.running_var;mnv2_block1.1.0.bn3.num_batches_tracked;mnv2_block1.1.1.conv_pw.weight;mnv2_block1.1.1.bn1.weight;mnv2_block1.1.1.bn1.bias;mnv2_block1.1.1.bn1.running_mean;mnv2_block1.1.1.bn1.running_var;mnv2_block1.1.1.bn1.num_batches_tracked;mnv2_block1.1.1.conv_dw.weight;mnv2_block1.1.1.bn2.weight;mnv2_block1.1.1.bn2.bias;mnv2_block1.1.1.bn2.running_mean;mnv2_block1.1.1.bn2.running_var;mnv2_block1.1.1.bn2.num_batches_tracked;mnv2_block1.1.1.conv_pwl.weight;mnv2_block1.1.1.bn3.weight;mnv2_block1.1.1.bn3.bias;mnv2_block1.1.1.bn3.running_mean;mnv2_block1.1.1.bn3.running_var;mnv2_block1.1.1.bn3.num_batches_tracked;mnv2_block1.2.0.conv_pw.weight;mnv2_block1.2.0.bn1.weight;mnv2_block1.2.0.bn1.bias;mnv2_block1.2.0.bn1.running_mean;mnv2_block1.2.0.bn1.running_var;mnv2_block1.2.0.bn1.num_batches_tracked;mnv2_block1.2.0.conv_dw.weight;mnv2_block1.2.0.bn2.weight;mnv2_block1.2.0.bn2.bias;mnv2_block1.2.0.bn2.running_mean;mnv2_block1.2.0.bn2.running_var;mnv2_block1.2.0.bn2.num_batches_tracked;mnv2_block1.2.0.conv_pwl.weight;mnv2_block1.2.0.bn3.weight;mnv2_block1.2.0.bn3.bias;mnv2_block1.2.0.bn3.running_mean;mnv2_block1.2.0.bn3.running_var;mnv2_block1.2.0.bn3.num_batches_tracked;mnv2_block1.2.1.conv_pw.weight;mnv2_block1.2.1.bn1.weight;mnv2_block1.2.1.bn1.bias;mnv2_block1.2.1.bn1.running_mean;mnv2_block1.2.1.bn1.running_var;mnv2_block1.2.1.bn1.num_batches_tracked;mnv2_block1.2.1.conv_dw.weight;mnv2_block1.2.1.bn2.weight;mnv2_block1.2.1.bn2.bias;mnv2_block1.2.1.bn2.running_mean;mnv2_block1.2.1.bn2.running_var;mnv2_block1.2.1.bn2.num_batches_tracked;mnv2_block1.2.1.conv_pwl.weight;mnv2_block1.2.1.bn3.weight;mnv2_block1.2.1.bn3.bias;mnv2_block1.2.1.bn3.running_mean;mnv2_block1.2.1.bn3.running_var;mnv2_block1.2.1.bn3.num_batches_tracked;mnv2_block1.2.2.conv_pw.weight;mnv2_block1.2.2.bn1.weight;mnv2_block1.2.2.bn1.bias;mnv2_block1.2.2.bn1.running_mean;mnv2_block1.2.2.bn1.running_var;mnv2_block1.2.2.bn1.num_batches_tracked;mnv2_block1.2.2.conv_dw.weight;mnv2_block1.2.2.bn2.weight;mnv2_block1.2.2.bn2.bias;mnv2_block1.2.2.bn2.running_mean;mnv2_block1.2.2.bn2.running_var;mnv2_block1.2.2.bn2.num_batches_tracked;mnv2_block1.2.2.conv_pwl.weight;mnv2_block1.2.2.bn3.weight,raw_state_dict,846,549,FINETUNED_SOILNET_DUALHEAD,27.0,,SoilNetDualHead,True,True,True,10,2,2x128,10x128,True,False,False,False,MATCHES_GITHUB;MODEL_COMPATIBLE;HAS_REG_HEAD;HAS_CLS_HEAD;HAS_LIGHT_BRANCH,Parameter tensor count excludes running statistics/counters; classification uses normalized keys and source evidence.
sha256:480318812d920065cfcc,DATA_ROOT_EMBEDDED_ARTIFACTS,Soil_Labeled_Data/soilNet_di chuyen tu o C/checkpoints_VicReg_tinyImagenet/vicreg_model_final_tinyImageNet_mu_30.0.pth,vicreg_model_final_tinyImageNet_mu_30.0.pth,16216320,480318812d920065cfcc43d29531dbe71947e610e5ae4f2021e3f83cbdddc8ff,SAFE_LOAD_OK,OrderedDict,initial_conv.weight;initial_conv.bias;mnv2_block1.0.0.conv_dw.weight;mnv2_block1.0.0.bn1.weight;mnv2_block1.0.0.bn1.bias;mnv2_block1.0.0.bn1.running_mean;mnv2_block1.0.0.bn1.running_var;mnv2_block1.0.0.bn1.num_batches_tracked;mnv2_block1.0.0.conv_pw.weight;mnv2_block1.0.0.bn2.weight;mnv2_block1.0.0.bn2.bias;mnv2_block1.0.0.bn2.running_mean;mnv2_block1.0.0.bn2.running_var;mnv2_block1.0.0.bn2.num_batches_tracked;mnv2_block1.1.0.conv_pw.weight;mnv2_block1.1.0.bn1.weight;mnv2_block1.1.0.bn1.bias;mnv2_block1.1.0.bn1.running_mean;mnv2_block1.1.0.bn1.running_var;mnv2_block1.1.0.bn1.num_batches_tracked;mnv2_block1.1.0.conv_dw.weight;mnv2_block1.1.0.bn2.weight;mnv2_block1.1.0.bn2.bias;mnv2_block1.1.0.bn2.running_mean;mnv2_block1.1.0.bn2.running_var;mnv2_block1.1.0.bn2.num_batches_tracked;mnv2_block1.1.0.conv_pwl.weight;mnv2_block1.1.0.bn3.weight;mnv2_block1.1.0.bn3.bias;mnv2_block1.1.0.bn3.running_mean;mnv2_block1.1.0.bn3.running_var;mnv2_block1.1.0.bn3.num_batches_tracked;mnv2_block1.1.1.conv_pw.weight;mnv2_block1.1.1.bn1.weight;mnv2_block1.1.1.bn1.bias;mnv2_block1.1.1.bn1.running_mean;mnv2_block1.1.1.bn1.running_var;mnv2_block1.1.1.bn1.num_batches_tracked;mnv2_block1.1.1.conv_dw.weight;mnv2_block1.1.1.bn2.weight;mnv2_block1.1.1.bn2.bias;mnv2_block1.1.1.bn2.running_mean;mnv2_block1.1.1.bn2.running_var;mnv2_block1.1.1.bn2.num_batches_tracked;mnv2_block1.1.1.conv_pwl.weight;mnv2_block1.1.1.bn3.weight;mnv2_block1.1.1.bn3.bias;mnv2_block1.1.1.bn3.running_mean;mnv2_block1.1.1.bn3.running_var;mnv2_block1.1.1.bn3.num_batches_tracked;mnv2_block1.2.0.conv_pw.weight;mnv2_block1.2.0.bn1.weight;mnv2_block1.2.0.bn1.bias;mnv2_block1.2.0.bn1.running_mean;mnv2_block1.2.0.bn1.running_var;mnv2_block1.2.0.bn1.num_batches_tracked;mnv2_block1.2.0.conv_dw.weight;mnv2_block1.2.0.bn2.weight;mnv2_block1.2.0.bn2.bias;mnv2_block1.2.0.bn2.running_mean;mnv2_block1.2.0.bn2.running_var;mnv2_block1.2.0.bn2.num_batches_tracked;mnv2_block1.2.0.conv_pwl.weight;mnv2_block1.2.0.bn3.weight;mnv2_block1.2.0.bn3.bias;mnv2_block1.2.0.bn3.running_mean;mnv2_block1.2.0.bn3.running_var;mnv2_block1.2.0.bn3.num_batches_tracked;mnv2_block1.2.1.conv_pw.weight;mnv2_block1.2.1.bn1.weight;mnv2_block1.2.1.bn1.bias;mnv2_block1.2.1.bn1.running_mean;mnv2_block1.2.1.bn1.running_var;mnv2_block1.2.1.bn1.num_batches_tracked;mnv2_block1.2.1.conv_dw.weight;mnv2_block1.2.1.bn2.weight;mnv2_block1.2.1.bn2.bias;mnv2_block1.2.1.bn2.running_mean;mnv2_block1.2.1.bn2.running_var;mnv2_block1.2.1.bn2.num_batches_tracked;mnv2_block1.2.1.conv_pwl.weight;mnv2_block1.2.1.bn3.weight;mnv2_block1.2.1.bn3.bias;mnv2_block1.2.1.bn3.running_mean;mnv2_block1.2.1.bn3.running_var;mnv2_block1.2.1.bn3.num_batches_tracked;mnv2_block1.2.2.conv_pw.weight;mnv2_block1.2.2.bn1.weight;mnv2_block1.2.2.bn1.bias;mnv2_block1.2.2.bn1.running_mean;mnv2_block1.2.2.bn1.running_var;mnv2_block1.2.2.bn1.num_batches_tracked;mnv2_block1.2.2.conv_dw.weight;mnv2_block1.2.2.bn2.weight;mnv2_block1.2.2.bn2.bias;mnv2_block1.2.2.bn2.running_mean;mnv2_block1.2.2.bn2.running_var;mnv2_block1.2.2.bn2.num_batches_tracked;mnv2_block1.2.2.conv_pwl.weight;mnv2_block1.2.2.bn3.weight,raw_state_dict,846,549,FINETUNED_SOILNET_DUALHEAD,30.0,,SoilNetDualHead,True,True,True,10,2,2x128,10x128,True,False,False,False,MODEL_COMPATIBLE;HAS_REG_HEAD;HAS_CLS_HEAD;HAS_LIGHT_BRANCH,Parameter tensor count excludes running statistics/counters; classification uses normalized keys and source evidence.
sha256:87df6bc8978ccd387cd1,DATA_ROOT_EMBEDDED_ARTIFACTS,Soil_Labeled_Data/soilNet_di chuyen tu o C/checkpoints_VicReg_tinyImagenet/vicreg_model_final_tinyImageNet_mu_33.0.pth,vicreg_model_final_tinyImageNet_mu_33.0.pth,16216320,87df6bc8978ccd387cd1207b3509d1a5fba26fd5d4d38a0b94e9d926529f8b9b,SAFE_LOAD_OK,OrderedDict,initial_conv.weight;initial_conv.bias;mnv2_block1.0.0.conv_dw.weight;mnv2_block1.0.0.bn1.weight;mnv2_block1.0.0.bn1.bias;mnv2_block1.0.0.bn1.running_mean;mnv2_block1.0.0.bn1.running_var;mnv2_block1.0.0.bn1.num_batches_tracked;mnv2_block1.0.0.conv_pw.weight;mnv2_block1.0.0.bn2.weight;mnv2_block1.0.0.bn2.bias;mnv2_block1.0.0.bn2.running_mean;mnv2_block1.0.0.bn2.running_var;mnv2_block1.0.0.bn2.num_batches_tracked;mnv2_block1.1.0.conv_pw.weight;mnv2_block1.1.0.bn1.weight;mnv2_block1.1.0.bn1.bias;mnv2_block1.1.0.bn1.running_mean;mnv2_block1.1.0.bn1.running_var;mnv2_block1.1.0.bn1.num_batches_tracked;mnv2_block1.1.0.conv_dw.weight;mnv2_block1.1.0.bn2.weight;mnv2_block1.1.0.bn2.bias;mnv2_block1.1.0.bn2.running_mean;mnv2_block1.1.0.bn2.running_var;mnv2_block1.1.0.bn2.num_batches_tracked;mnv2_block1.1.0.conv_pwl.weight;mnv2_block1.1.0.bn3.weight;mnv2_block1.1.0.bn3.bias;mnv2_block1.1.0.bn3.running_mean;mnv2_block1.1.0.bn3.running_var;mnv2_block1.1.0.bn3.num_batches_tracked;mnv2_block1.1.1.conv_pw.weight;mnv2_block1.1.1.bn1.weight;mnv2_block1.1.1.bn1.bias;mnv2_block1.1.1.bn1.running_mean;mnv2_block1.1.1.bn1.running_var;mnv2_block1.1.1.bn1.num_batches_tracked;mnv2_block1.1.1.conv_dw.weight;mnv2_block1.1.1.bn2.weight;mnv2_block1.1.1.bn2.bias;mnv2_block1.1.1.bn2.running_mean;mnv2_block1.1.1.bn2.running_var;mnv2_block1.1.1.bn2.num_batches_tracked;mnv2_block1.1.1.conv_pwl.weight;mnv2_block1.1.1.bn3.weight;mnv2_block1.1.1.bn3.bias;mnv2_block1.1.1.bn3.running_mean;mnv2_block1.1.1.bn3.running_var;mnv2_block1.1.1.bn3.num_batches_tracked;mnv2_block1.2.0.conv_pw.weight;mnv2_block1.2.0.bn1.weight;mnv2_block1.2.0.bn1.bias;mnv2_block1.2.0.bn1.running_mean;mnv2_block1.2.0.bn1.running_var;mnv2_block1.2.0.bn1.num_batches_tracked;mnv2_block1.2.0.conv_dw.weight;mnv2_block1.2.0.bn2.weight;mnv2_block1.2.0.bn2.bias;mnv2_block1.2.0.bn2.running_mean;mnv2_block1.2.0.bn2.running_var;mnv2_block1.2.0.bn2.num_batches_tracked;mnv2_block1.2.0.conv_pwl.weight;mnv2_block1.2.0.bn3.weight;mnv2_block1.2.0.bn3.bias;mnv2_block1.2.0.bn3.running_mean;mnv2_block1.2.0.bn3.running_var;mnv2_block1.2.0.bn3.num_batches_tracked;mnv2_block1.2.1.conv_pw.weight;mnv2_block1.2.1.bn1.weight;mnv2_block1.2.1.bn1.bias;mnv2_block1.2.1.bn1.running_mean;mnv2_block1.2.1.bn1.running_var;mnv2_block1.2.1.bn1.num_batches_tracked;mnv2_block1.2.1.conv_dw.weight;mnv2_block1.2.1.bn2.weight;mnv2_block1.2.1.bn2.bias;mnv2_block1.2.1.bn2.running_mean;mnv2_block1.2.1.bn2.running_var;mnv2_block1.2.1.bn2.num_batches_tracked;mnv2_block1.2.1.conv_pwl.weight;mnv2_block1.2.1.bn3.weight;mnv2_block1.2.1.bn3.bias;mnv2_block1.2.1.bn3.running_mean;mnv2_block1.2.1.bn3.running_var;mnv2_block1.2.1.bn3.num_batches_tracked;mnv2_block1.2.2.conv_pw.weight;mnv2_block1.2.2.bn1.weight;mnv2_block1.2.2.bn1.bias;mnv2_block1.2.2.bn1.running_mean;mnv2_block1.2.2.bn1.running_var;mnv2_block1.2.2.bn1.num_batches_tracked;mnv2_block1.2.2.conv_dw.weight;mnv2_block1.2.2.bn2.weight;mnv2_block1.2.2.bn2.bias;mnv2_block1.2.2.bn2.running_mean;mnv2_block1.2.2.bn2.running_var;mnv2_block1.2.2.bn2.num_batches_tracked;mnv2_block1.2.2.conv_pwl.weight;mnv2_block1.2.2.bn3.weight,raw_state_dict,846,549,FINETUNED_SOILNET_DUALHEAD,33.0,,SoilNetDualHead,True,True,True,10,2,2x128,10x128,True,False,False,False,MODEL_COMPATIBLE;HAS_REG_HEAD;HAS_CLS_HEAD;HAS_LIGHT_BRANCH,Parameter tensor count excludes running statistics/counters; classification uses normalized keys and source evidence.
sha256:eb833acb6e4d4c8ffcc4,DATA_ROOT_EMBEDDED_ARTIFACTS,Soil_Labeled_Data/soilNet_di chuyen tu o C/checkpoints_VicReg_tinyImagenet/vicreg_projector_final_mu_20.0.pth,vicreg_projector_final_mu_20.0.pth,7217032,eb833acb6e4d4c8ffcc473b4e2844565f9febe893d1890c3c0e1a54e0d83145c,SAFE_LOAD_OK,OrderedDict,net.0.weight;net.0.bias;net.2.weight;net.2.bias,raw_state_dict,4,4,VICREG_PROJECTOR,20.0,,VICRegProjector,False,False,False,,,,,False,False,False,False,,Parameter tensor count excludes running statistics/counters; classification uses normalized keys and source evidence.
sha256:c8c138d70d767fbfadde,DATA_ROOT_EMBEDDED_ARTIFACTS,Soil_Labeled_Data/soilNet_di chuyen tu o C/checkpoints_VicReg_tinyImagenet/vicreg_projector_final_mu_23.0.pth,vicreg_projector_final_mu_23.0.pth,7217032,c8c138d70d767fbfadde032265b06a4691cbdd85123f4dd6449e6e8c31e2c514,SAFE_LOAD_OK,OrderedDict,net.0.weight;net.0.bias;net.2.weight;net.2.bias,raw_state_dict,4,4,VICREG_PROJECTOR,23.0,,VICRegProjector,False,False,False,,,,,False,False,False,False,,Parameter tensor count excludes running statistics/counters; classification uses normalized keys and source evidence.
sha256:1727d72c10a677f2d9a1,DATA_ROOT_EMBEDDED_ARTIFACTS,Soil_Labeled_Data/soilNet_di chuyen tu o C/checkpoints_VicReg_tinyImagenet/vicreg_projector_final_mu_25.0.pth,vicreg_projector_final_mu_25.0.pth,7217032,1727d72c10a677f2d9a12014987f36639455bd9a636edbc1763e7b514b85d29a,SAFE_LOAD_OK,OrderedDict,net.0.weight;net.0.bias;net.2.weight;net.2.bias,raw_state_dict,4,4,VICREG_PROJECTOR,25.0,,VICRegProjector,False,False,False,,,,,False,False,False,False,,Parameter tensor count excludes running statistics/counters; classification uses normalized keys and source evidence.
sha256:c26e9fdd99c61460011d,DATA_ROOT_EMBEDDED_ARTIFACTS,Soil_Labeled_Data/soilNet_di chuyen tu o C/checkpoints_VicReg_tinyImagenet/vicreg_projector_final_mu_27.0.pth,vicreg_projector_final_mu_27.0.pth,7217032,c26e9fdd99c61460011db32c06e236783e03c1ea24200e0776cd696ae3931a87,SAFE_LOAD_OK,OrderedDict,net.0.weight;net.0.bias;net.2.weight;net.2.bias,raw_state_dict,4,4,VICREG_PROJECTOR,27.0,,VICRegProjector,False,False,False,,,,,False,False,False,False,,Parameter tensor count excludes running statistics/counters; classification uses normalized keys and source evidence.
sha256:7da47573ea30e2e27024,DATA_ROOT_EMBEDDED_ARTIFACTS,Soil_Labeled_Data/soilNet_di chuyen tu o C/checkpoints_VicReg_tinyImagenet/vicreg_projector_final_mu_30.0.pth,vicreg_projector_final_mu_30.0.pth,7217032,7da47573ea30e2e27024ee0e1bfe96b2f75902bb489e5183b3cbc8dea28c404d,SAFE_LOAD_OK,OrderedDict,net.0.weight;net.0.bias;net.2.weight;net.2.bias,raw_state_dict,4,4,VICREG_PROJECTOR,30.0,,VICRegProjector,False,False,False,,,,,False,False,False,False,,Parameter tensor count excludes running statistics/counters; classification uses normalized keys and source evidence.
sha256:41986dc5108c2806a34f,DATA_ROOT_EMBEDDED_ARTIFACTS,Soil_Labeled_Data/soilNet_di chuyen tu o C/checkpoints_VicReg_tinyImagenet/vicreg_projector_final_mu_33.0.pth,vicreg_projector_final_mu_33.0.pth,7217032,41986dc5108c2806a34f87bc04db32683ab957a97a1079f4531d84b16e6235ed,SAFE_LOAD_OK,OrderedDict,net.0.weight;net.0.bias;net.2.weight;net.2.bias,raw_state_dict,4,4,VICREG_PROJECTOR,33.0,,VICRegProjector,False,False,False,,,,,False,False,False,False,,Parameter tensor count excludes running statistics/counters; classification uses normalized keys and source evidence.
sha256:bccc3e541d769518c176,DATA_ROOT_EMBEDDED_ARTIFACTS,Soil_Labeled_Data/soilNet_di chuyen tu o C/Experiment 3 SOTA/Code/trained_models_SOTA/efficientnet_b0_entire.pth,efficientnet_b0_entire.pth,17744926,bccc3e541d769518c17659012c802d881906be1d54c9d08e87314c4c6243050f,SAFE_LOAD_FAILED,UNREADABLE,,,0,0,UNREADABLE,,,UNKNOWN,False,False,False,,,,,False,False,False,False,,"SAFE_LOAD_FAILED; no unsafe fallback: UnpicklingError: Weights only load failed. This file can still be loaded, to do so you have two options, [1mdo those steps only if you trust the source of the checkpoint[0m.
	(1) In PyTorch 2.6, we changed the default value of the `weights_only` argument in `torch.load` from `False` to `True`. Re-running `torch.load` with `weights_only` set to `False` will likely succeed, but it can result in arbitrary code execution. Do it only if you got the file from a trusted source.
	(2) Alternatively, to load with `weights_only=True` please check the recommended steps in the following error message.
	WeightsUnpickler error: Unsupported global: GLOBAL __main__.SoilNetDualHead was not an allowed global by default. Please use `torch.serialization.add_safe_globals([SoilNetDualHead])` or the `torch.serialization.safe_globals([SoilNetDualHead])` context manager to allowlist this global if you trust this class/function.

Check the documentation of torch.load to learn more about types accepted by default with weights_only https://pytorch.org/docs/stable/generated/torch.load.html."
sha256:beadb019c422f04deb03,DATA_ROOT_EMBEDDED_ARTIFACTS,Soil_Labeled_Data/soilNet_di chuyen tu o C/Experiment 3 SOTA/Code/trained_models_SOTA/efficientnet_b0_full.pth,efficientnet_b0_full.pth,52649874,beadb019c422f04deb03bf9bd7b3249a4c706065b483d55f24f80578b4ae4f20,SAFE_LOAD_OK,dict,model_name;model_state;optimizer_state;loss_history,model_state,368,221,FULL_TRAINING_STATE,,,UNKNOWN,True,True,True,10,2,2x128,10x128,False,True,False,False,HAS_REG_HEAD;HAS_CLS_HEAD;HAS_LIGHT_BRANCH;HAS_OPTIMIZER,Parameter tensor count excludes running statistics/counters; classification uses normalized keys and source evidence.
sha256:ffaea3e09ddf0a5ce42c,DATA_ROOT_EMBEDDED_ARTIFACTS,Soil_Labeled_Data/soilNet_di chuyen tu o C/Experiment 3 SOTA/Code/trained_models_SOTA/mobilenetv2_100_entire.pth,mobilenetv2_100_entire.pth,10552072,ffaea3e09ddf0a5ce42c916fb2d9ceee6cebb2110239e5644eb0968362c8a033,SAFE_LOAD_FAILED,UNREADABLE,,,0,0,UNREADABLE,,,UNKNOWN,False,False,False,,,,,False,False,False,False,,"SAFE_LOAD_FAILED; no unsafe fallback: UnpicklingError: Weights only load failed. This file can still be loaded, to do so you have two options, [1mdo those steps only if you trust the source of the checkpoint[0m.
	(1) In PyTorch 2.6, we changed the default value of the `weights_only` argument in `torch.load` from `False` to `True`. Re-running `torch.load` with `weights_only` set to `False` will likely succeed, but it can result in arbitrary code execution. Do it only if you got the file from a trusted source.
	(2) Alternatively, to load with `weights_only=True` please check the recommended steps in the following error message.
	WeightsUnpickler error: Unsupported global: GLOBAL __main__.SoilNetDualHead was not an allowed global by default. Please use `torch.serialization.add_safe_globals([SoilNetDualHead])` or the `torch.serialization.safe_globals([SoilNetDualHead])` context manager to allowlist this global if you trust this class/function.

Check the documentation of torch.load to learn more about types accepted by default with weights_only https://pytorch.org/docs/stable/generated/torch.load.html."
sha256:caff88e6b51dd5931ea6,DATA_ROOT_EMBEDDED_ARTIFACTS,Soil_Labeled_Data/soilNet_di chuyen tu o C/Experiment 3 SOTA/Code/trained_models_SOTA/mobilenetv2_100_full.pth,mobilenetv2_100_full.pth,31147298,caff88e6b51dd5931ea6ddccb0787098b411293416d49112cfda6cbeaf98277c,SAFE_LOAD_OK,dict,model_name;model_state;optimizer_state;loss_history,model_state,322,166,FULL_TRAINING_STATE,,,UNKNOWN,True,True,True,10,2,2x128,10x128,False,True,False,False,HAS_REG_HEAD;HAS_CLS_HEAD;HAS_LIGHT_BRANCH;HAS_OPTIMIZER,Parameter tensor count excludes running statistics/counters; classification uses normalized keys and source evidence.
sha256:9fc773653377f7c9967f,DATA_ROOT_EMBEDDED_ARTIFACTS,Soil_Labeled_Data/soilNet_di chuyen tu o C/Experiment 3 SOTA/Code/trained_models_SOTA/mobilevit_s_entire.pth,mobilevit_s_entire.pth,20689173,9fc773653377f7c9967f29138156f49bfa08fd8b5d7adb31b90031b0ea592a52,SAFE_LOAD_FAILED,UNREADABLE,,,0,0,UNREADABLE,,,UNKNOWN,False,False,False,,,,,False,False,False,False,,"SAFE_LOAD_FAILED; no unsafe fallback: UnpicklingError: Weights only load failed. This file can still be loaded, to do so you have two options, [1mdo those steps only if you trust the source of the checkpoint[0m.
	(1) In PyTorch 2.6, we changed the default value of the `weights_only` argument in `torch.load` from `False` to `True`. Re-running `torch.load` with `weights_only` set to `False` will likely succeed, but it can result in arbitrary code execution. Do it only if you got the file from a trusted source.
	(2) Alternatively, to load with `weights_only=True` please check the recommended steps in the following error message.
	WeightsUnpickler error: Unsupported global: GLOBAL __main__.SoilNetDualHead was not an allowed global by default. Please use `torch.serialization.add_safe_globals([SoilNetDualHead])` or the `torch.serialization.safe_globals([SoilNetDualHead])` context manager to allowlist this global if you trust this class/function.

Check the documentation of torch.load to learn more about types accepted by default with weights_only https://pytorch.org/docs/stable/generated/torch.load.html."
sha256:062605a40a2dca18d8d7,DATA_ROOT_EMBEDDED_ARTIFACTS,Soil_Labeled_Data/soilNet_di chuyen tu o C/Experiment 3 SOTA/Code/trained_models_SOTA/mobilevit_s_full.pth,mobilevit_s_full.pth,61718490,062605a40a2dca18d8d730aae8e6c346caa5c5800b93208331caaaa8106c1fd7,SAFE_LOAD_OK,dict,model_name;model_state;optimizer_state;loss_history,model_state,319,223,FULL_TRAINING_STATE,,,UNKNOWN,True,True,True,10,2,2x128,10x128,False,True,False,False,HAS_REG_HEAD;HAS_CLS_HEAD;HAS_LIGHT_BRANCH;HAS_OPTIMIZER,Parameter tensor count excludes running statistics/counters; classification uses normalized keys and source evidence.
sha256:0b261d6ce716a8462150,DATA_ROOT_EMBEDDED_ARTIFACTS,Soil_Labeled_Data/soilNet_di chuyen tu o C/Experiment 3 SOTA/Code/trained_models_SOTA/mobilevitv2_050_entire.pth,mobilevitv2_050_entire.pth,4955647,0b261d6ce716a84621504469e3c16d01a79e646857f0fe7356751d5de2257bba,SAFE_LOAD_FAILED,UNREADABLE,,,0,0,UNREADABLE,,,UNKNOWN,False,False,False,,,,,False,False,False,False,,"SAFE_LOAD_FAILED; no unsafe fallback: UnpicklingError: Weights only load failed. This file can still be loaded, to do so you have two options, [1mdo those steps only if you trust the source of the checkpoint[0m.
	(1) In PyTorch 2.6, we changed the default value of the `weights_only` argument in `torch.load` from `False` to `True`. Re-running `torch.load` with `weights_only` set to `False` will likely succeed, but it can result in arbitrary code execution. Do it only if you got the file from a trusted source.
	(2) Alternatively, to load with `weights_only=True` please check the recommended steps in the following error message.
	WeightsUnpickler error: Unsupported global: GLOBAL __main__.SoilNetDualHead was not an allowed global by default. Please use `torch.serialization.add_safe_globals([SoilNetDualHead])` or the `torch.serialization.safe_globals([SoilNetDualHead])` context manager to allowlist this global if you trust this class/function.

Check the documentation of torch.load to learn more about types accepted by default with weights_only https://pytorch.org/docs/stable/generated/torch.load.html."
sha256:2dabd8c56d6c71afc13d,DATA_ROOT_EMBEDDED_ARTIFACTS,Soil_Labeled_Data/soilNet_di chuyen tu o C/Experiment 3 SOTA/Code/trained_models_SOTA/mobilevitv2_050_full.pth,mobilevitv2_050_full.pth,14598871,2dabd8c56d6c71afc13d7825040a03f730f2130a74609b3cfc200f61b9e591e5,SAFE_LOAD_OK,dict,model_name;model_state;optimizer_state;loss_history,model_state,277,202,FULL_TRAINING_STATE,,,UNKNOWN,True,True,True,10,2,2x128,10x128,False,True,False,False,HAS_REG_HEAD;HAS_CLS_HEAD;HAS_LIGHT_BRANCH;HAS_OPTIMIZER,Parameter tensor count excludes running statistics/counters; classification uses normalized keys and source evidence.
sha256:9ecab98fc4b0ba220f00,DATA_ROOT_EMBEDDED_ARTIFACTS,Soil_Labeled_Data/soilNet_di chuyen tu o C/finetune_update/Best_finetuned_VicReg_mu_20.pth,Best_finetuned_VicReg_mu_20.pth,16208612,9ecab98fc4b0ba220f00361c011853456adce5900e9daba604c3ac359f25f020,SAFE_LOAD_OK,OrderedDict,initial_conv.weight;initial_conv.bias;mnv2_block1.0.0.conv_dw.weight;mnv2_block1.0.0.bn1.weight;mnv2_block1.0.0.bn1.bias;mnv2_block1.0.0.bn1.running_mean;mnv2_block1.0.0.bn1.running_var;mnv2_block1.0.0.bn1.num_batches_tracked;mnv2_block1.0.0.conv_pw.weight;mnv2_block1.0.0.bn2.weight;mnv2_block1.0.0.bn2.bias;mnv2_block1.0.0.bn2.running_mean;mnv2_block1.0.0.bn2.running_var;mnv2_block1.0.0.bn2.num_batches_tracked;mnv2_block1.1.0.conv_pw.weight;mnv2_block1.1.0.bn1.weight;mnv2_block1.1.0.bn1.bias;mnv2_block1.1.0.bn1.running_mean;mnv2_block1.1.0.bn1.running_var;mnv2_block1.1.0.bn1.num_batches_tracked;mnv2_block1.1.0.conv_dw.weight;mnv2_block1.1.0.bn2.weight;mnv2_block1.1.0.bn2.bias;mnv2_block1.1.0.bn2.running_mean;mnv2_block1.1.0.bn2.running_var;mnv2_block1.1.0.bn2.num_batches_tracked;mnv2_block1.1.0.conv_pwl.weight;mnv2_block1.1.0.bn3.weight;mnv2_block1.1.0.bn3.bias;mnv2_block1.1.0.bn3.running_mean;mnv2_block1.1.0.bn3.running_var;mnv2_block1.1.0.bn3.num_batches_tracked;mnv2_block1.1.1.conv_pw.weight;mnv2_block1.1.1.bn1.weight;mnv2_block1.1.1.bn1.bias;mnv2_block1.1.1.bn1.running_mean;mnv2_block1.1.1.bn1.running_var;mnv2_block1.1.1.bn1.num_batches_tracked;mnv2_block1.1.1.conv_dw.weight;mnv2_block1.1.1.bn2.weight;mnv2_block1.1.1.bn2.bias;mnv2_block1.1.1.bn2.running_mean;mnv2_block1.1.1.bn2.running_var;mnv2_block1.1.1.bn2.num_batches_tracked;mnv2_block1.1.1.conv_pwl.weight;mnv2_block1.1.1.bn3.weight;mnv2_block1.1.1.bn3.bias;mnv2_block1.1.1.bn3.running_mean;mnv2_block1.1.1.bn3.running_var;mnv2_block1.1.1.bn3.num_batches_tracked;mnv2_block1.2.0.conv_pw.weight;mnv2_block1.2.0.bn1.weight;mnv2_block1.2.0.bn1.bias;mnv2_block1.2.0.bn1.running_mean;mnv2_block1.2.0.bn1.running_var;mnv2_block1.2.0.bn1.num_batches_tracked;mnv2_block1.2.0.conv_dw.weight;mnv2_block1.2.0.bn2.weight;mnv2_block1.2.0.bn2.bias;mnv2_block1.2.0.bn2.running_mean;mnv2_block1.2.0.bn2.running_var;mnv2_block1.2.0.bn2.num_batches_tracked;mnv2_block1.2.0.conv_pwl.weight;mnv2_block1.2.0.bn3.weight;mnv2_block1.2.0.bn3.bias;mnv2_block1.2.0.bn3.running_mean;mnv2_block1.2.0.bn3.running_var;mnv2_block1.2.0.bn3.num_batches_tracked;mnv2_block1.2.1.conv_pw.weight;mnv2_block1.2.1.bn1.weight;mnv2_block1.2.1.bn1.bias;mnv2_block1.2.1.bn1.running_mean;mnv2_block1.2.1.bn1.running_var;mnv2_block1.2.1.bn1.num_batches_tracked;mnv2_block1.2.1.conv_dw.weight;mnv2_block1.2.1.bn2.weight;mnv2_block1.2.1.bn2.bias;mnv2_block1.2.1.bn2.running_mean;mnv2_block1.2.1.bn2.running_var;mnv2_block1.2.1.bn2.num_batches_tracked;mnv2_block1.2.1.conv_pwl.weight;mnv2_block1.2.1.bn3.weight;mnv2_block1.2.1.bn3.bias;mnv2_block1.2.1.bn3.running_mean;mnv2_block1.2.1.bn3.running_var;mnv2_block1.2.1.bn3.num_batches_tracked;mnv2_block1.2.2.conv_pw.weight;mnv2_block1.2.2.bn1.weight;mnv2_block1.2.2.bn1.bias;mnv2_block1.2.2.bn1.running_mean;mnv2_block1.2.2.bn1.running_var;mnv2_block1.2.2.bn1.num_batches_tracked;mnv2_block1.2.2.conv_dw.weight;mnv2_block1.2.2.bn2.weight;mnv2_block1.2.2.bn2.bias;mnv2_block1.2.2.bn2.running_mean;mnv2_block1.2.2.bn2.running_var;mnv2_block1.2.2.bn2.num_batches_tracked;mnv2_block1.2.2.conv_pwl.weight;mnv2_block1.2.2.bn3.weight,raw_state_dict,846,549,FINETUNED_SOILNET_DUALHEAD,20,,SoilNetDualHead,True,True,True,10,2,2x128,10x128,True,False,False,False,MODEL_COMPATIBLE;HAS_REG_HEAD;HAS_CLS_HEAD;HAS_LIGHT_BRANCH,Parameter tensor count excludes running statistics/counters; classification uses normalized keys and source evidence.
sha256:b041238df27a184e6b6c,DATA_ROOT_EMBEDDED_ARTIFACTS,Soil_Labeled_Data/soilNet_di chuyen tu o C/finetune_update/Best_finetuned_VicReg_mu_23.pth,Best_finetuned_VicReg_mu_23.pth,16208612,b041238df27a184e6b6c5e2a58feedd8f9f6b230d8bedc5003e04b22327185c0,SAFE_LOAD_OK,OrderedDict,initial_conv.weight;initial_conv.bias;mnv2_block1.0.0.conv_dw.weight;mnv2_block1.0.0.bn1.weight;mnv2_block1.0.0.bn1.bias;mnv2_block1.0.0.bn1.running_mean;mnv2_block1.0.0.bn1.running_var;mnv2_block1.0.0.bn1.num_batches_tracked;mnv2_block1.0.0.conv_pw.weight;mnv2_block1.0.0.bn2.weight;mnv2_block1.0.0.bn2.bias;mnv2_block1.0.0.bn2.running_mean;mnv2_block1.0.0.bn2.running_var;mnv2_block1.0.0.bn2.num_batches_tracked;mnv2_block1.1.0.conv_pw.weight;mnv2_block1.1.0.bn1.weight;mnv2_block1.1.0.bn1.bias;mnv2_block1.1.0.bn1.running_mean;mnv2_block1.1.0.bn1.running_var;mnv2_block1.1.0.bn1.num_batches_tracked;mnv2_block1.1.0.conv_dw.weight;mnv2_block1.1.0.bn2.weight;mnv2_block1.1.0.bn2.bias;mnv2_block1.1.0.bn2.running_mean;mnv2_block1.1.0.bn2.running_var;mnv2_block1.1.0.bn2.num_batches_tracked;mnv2_block1.1.0.conv_pwl.weight;mnv2_block1.1.0.bn3.weight;mnv2_block1.1.0.bn3.bias;mnv2_block1.1.0.bn3.running_mean;mnv2_block1.1.0.bn3.running_var;mnv2_block1.1.0.bn3.num_batches_tracked;mnv2_block1.1.1.conv_pw.weight;mnv2_block1.1.1.bn1.weight;mnv2_block1.1.1.bn1.bias;mnv2_block1.1.1.bn1.running_mean;mnv2_block1.1.1.bn1.running_var;mnv2_block1.1.1.bn1.num_batches_tracked;mnv2_block1.1.1.conv_dw.weight;mnv2_block1.1.1.bn2.weight;mnv2_block1.1.1.bn2.bias;mnv2_block1.1.1.bn2.running_mean;mnv2_block1.1.1.bn2.running_var;mnv2_block1.1.1.bn2.num_batches_tracked;mnv2_block1.1.1.conv_pwl.weight;mnv2_block1.1.1.bn3.weight;mnv2_block1.1.1.bn3.bias;mnv2_block1.1.1.bn3.running_mean;mnv2_block1.1.1.bn3.running_var;mnv2_block1.1.1.bn3.num_batches_tracked;mnv2_block1.2.0.conv_pw.weight;mnv2_block1.2.0.bn1.weight;mnv2_block1.2.0.bn1.bias;mnv2_block1.2.0.bn1.running_mean;mnv2_block1.2.0.bn1.running_var;mnv2_block1.2.0.bn1.num_batches_tracked;mnv2_block1.2.0.conv_dw.weight;mnv2_block1.2.0.bn2.weight;mnv2_block1.2.0.bn2.bias;mnv2_block1.2.0.bn2.running_mean;mnv2_block1.2.0.bn2.running_var;mnv2_block1.2.0.bn2.num_batches_tracked;mnv2_block1.2.0.conv_pwl.weight;mnv2_block1.2.0.bn3.weight;mnv2_block1.2.0.bn3.bias;mnv2_block1.2.0.bn3.running_mean;mnv2_block1.2.0.bn3.running_var;mnv2_block1.2.0.bn3.num_batches_tracked;mnv2_block1.2.1.conv_pw.weight;mnv2_block1.2.1.bn1.weight;mnv2_block1.2.1.bn1.bias;mnv2_block1.2.1.bn1.running_mean;mnv2_block1.2.1.bn1.running_var;mnv2_block1.2.1.bn1.num_batches_tracked;mnv2_block1.2.1.conv_dw.weight;mnv2_block1.2.1.bn2.weight;mnv2_block1.2.1.bn2.bias;mnv2_block1.2.1.bn2.running_mean;mnv2_block1.2.1.bn2.running_var;mnv2_block1.2.1.bn2.num_batches_tracked;mnv2_block1.2.1.conv_pwl.weight;mnv2_block1.2.1.bn3.weight;mnv2_block1.2.1.bn3.bias;mnv2_block1.2.1.bn3.running_mean;mnv2_block1.2.1.bn3.running_var;mnv2_block1.2.1.bn3.num_batches_tracked;mnv2_block1.2.2.conv_pw.weight;mnv2_block1.2.2.bn1.weight;mnv2_block1.2.2.bn1.bias;mnv2_block1.2.2.bn1.running_mean;mnv2_block1.2.2.bn1.running_var;mnv2_block1.2.2.bn1.num_batches_tracked;mnv2_block1.2.2.conv_dw.weight;mnv2_block1.2.2.bn2.weight;mnv2_block1.2.2.bn2.bias;mnv2_block1.2.2.bn2.running_mean;mnv2_block1.2.2.bn2.running_var;mnv2_block1.2.2.bn2.num_batches_tracked;mnv2_block1.2.2.conv_pwl.weight;mnv2_block1.2.2.bn3.weight,raw_state_dict,846,549,FINETUNED_SOILNET_DUALHEAD,23,,SoilNetDualHead,True,True,True,10,2,2x128,10x128,True,False,False,False,MODEL_COMPATIBLE;HAS_REG_HEAD;HAS_CLS_HEAD;HAS_LIGHT_BRANCH,Parameter tensor count excludes running statistics/counters; classification uses normalized keys and source evidence.
sha256:04ef87796b709daea2ab,DATA_ROOT_EMBEDDED_ARTIFACTS,Soil_Labeled_Data/soilNet_di chuyen tu o C/finetune_update/Best_finetuned_VicReg_mu_25.pth,Best_finetuned_VicReg_mu_25.pth,16208612,04ef87796b709daea2ab7b5f728db015e0d09db8105eb3d3b06e3e451105bbd6,SAFE_LOAD_OK,OrderedDict,initial_conv.weight;initial_conv.bias;mnv2_block1.0.0.conv_dw.weight;mnv2_block1.0.0.bn1.weight;mnv2_block1.0.0.bn1.bias;mnv2_block1.0.0.bn1.running_mean;mnv2_block1.0.0.bn1.running_var;mnv2_block1.0.0.bn1.num_batches_tracked;mnv2_block1.0.0.conv_pw.weight;mnv2_block1.0.0.bn2.weight;mnv2_block1.0.0.bn2.bias;mnv2_block1.0.0.bn2.running_mean;mnv2_block1.0.0.bn2.running_var;mnv2_block1.0.0.bn2.num_batches_tracked;mnv2_block1.1.0.conv_pw.weight;mnv2_block1.1.0.bn1.weight;mnv2_block1.1.0.bn1.bias;mnv2_block1.1.0.bn1.running_mean;mnv2_block1.1.0.bn1.running_var;mnv2_block1.1.0.bn1.num_batches_tracked;mnv2_block1.1.0.conv_dw.weight;mnv2_block1.1.0.bn2.weight;mnv2_block1.1.0.bn2.bias;mnv2_block1.1.0.bn2.running_mean;mnv2_block1.1.0.bn2.running_var;mnv2_block1.1.0.bn2.num_batches_tracked;mnv2_block1.1.0.conv_pwl.weight;mnv2_block1.1.0.bn3.weight;mnv2_block1.1.0.bn3.bias;mnv2_block1.1.0.bn3.running_mean;mnv2_block1.1.0.bn3.running_var;mnv2_block1.1.0.bn3.num_batches_tracked;mnv2_block1.1.1.conv_pw.weight;mnv2_block1.1.1.bn1.weight;mnv2_block1.1.1.bn1.bias;mnv2_block1.1.1.bn1.running_mean;mnv2_block1.1.1.bn1.running_var;mnv2_block1.1.1.bn1.num_batches_tracked;mnv2_block1.1.1.conv_dw.weight;mnv2_block1.1.1.bn2.weight;mnv2_block1.1.1.bn2.bias;mnv2_block1.1.1.bn2.running_mean;mnv2_block1.1.1.bn2.running_var;mnv2_block1.1.1.bn2.num_batches_tracked;mnv2_block1.1.1.conv_pwl.weight;mnv2_block1.1.1.bn3.weight;mnv2_block1.1.1.bn3.bias;mnv2_block1.1.1.bn3.running_mean;mnv2_block1.1.1.bn3.running_var;mnv2_block1.1.1.bn3.num_batches_tracked;mnv2_block1.2.0.conv_pw.weight;mnv2_block1.2.0.bn1.weight;mnv2_block1.2.0.bn1.bias;mnv2_block1.2.0.bn1.running_mean;mnv2_block1.2.0.bn1.running_var;mnv2_block1.2.0.bn1.num_batches_tracked;mnv2_block1.2.0.conv_dw.weight;mnv2_block1.2.0.bn2.weight;mnv2_block1.2.0.bn2.bias;mnv2_block1.2.0.bn2.running_mean;mnv2_block1.2.0.bn2.running_var;mnv2_block1.2.0.bn2.num_batches_tracked;mnv2_block1.2.0.conv_pwl.weight;mnv2_block1.2.0.bn3.weight;mnv2_block1.2.0.bn3.bias;mnv2_block1.2.0.bn3.running_mean;mnv2_block1.2.0.bn3.running_var;mnv2_block1.2.0.bn3.num_batches_tracked;mnv2_block1.2.1.conv_pw.weight;mnv2_block1.2.1.bn1.weight;mnv2_block1.2.1.bn1.bias;mnv2_block1.2.1.bn1.running_mean;mnv2_block1.2.1.bn1.running_var;mnv2_block1.2.1.bn1.num_batches_tracked;mnv2_block1.2.1.conv_dw.weight;mnv2_block1.2.1.bn2.weight;mnv2_block1.2.1.bn2.bias;mnv2_block1.2.1.bn2.running_mean;mnv2_block1.2.1.bn2.running_var;mnv2_block1.2.1.bn2.num_batches_tracked;mnv2_block1.2.1.conv_pwl.weight;mnv2_block1.2.1.bn3.weight;mnv2_block1.2.1.bn3.bias;mnv2_block1.2.1.bn3.running_mean;mnv2_block1.2.1.bn3.running_var;mnv2_block1.2.1.bn3.num_batches_tracked;mnv2_block1.2.2.conv_pw.weight;mnv2_block1.2.2.bn1.weight;mnv2_block1.2.2.bn1.bias;mnv2_block1.2.2.bn1.running_mean;mnv2_block1.2.2.bn1.running_var;mnv2_block1.2.2.bn1.num_batches_tracked;mnv2_block1.2.2.conv_dw.weight;mnv2_block1.2.2.bn2.weight;mnv2_block1.2.2.bn2.bias;mnv2_block1.2.2.bn2.running_mean;mnv2_block1.2.2.bn2.running_var;mnv2_block1.2.2.bn2.num_batches_tracked;mnv2_block1.2.2.conv_pwl.weight;mnv2_block1.2.2.bn3.weight,raw_state_dict,846,549,FINETUNED_SOILNET_DUALHEAD,25,,SoilNetDualHead,True,True,True,10,2,2x128,10x128,True,False,False,False,MATCHES_GITHUB;MODEL_COMPATIBLE;HAS_REG_HEAD;HAS_CLS_HEAD;HAS_LIGHT_BRANCH,Parameter tensor count excludes running statistics/counters; classification uses normalized keys and source evidence.
sha256:c14cc5102545ddfbd0be,DATA_ROOT_EMBEDDED_ARTIFACTS,Soil_Labeled_Data/soilNet_di chuyen tu o C/finetune_update/Best_finetuned_VicReg_mu_27.pth,Best_finetuned_VicReg_mu_27.pth,16208612,c14cc5102545ddfbd0be60e611138309231ee185597c415043bb5f9dce188971,SAFE_LOAD_OK,OrderedDict,initial_conv.weight;initial_conv.bias;mnv2_block1.0.0.conv_dw.weight;mnv2_block1.0.0.bn1.weight;mnv2_block1.0.0.bn1.bias;mnv2_block1.0.0.bn1.running_mean;mnv2_block1.0.0.bn1.running_var;mnv2_block1.0.0.bn1.num_batches_tracked;mnv2_block1.0.0.conv_pw.weight;mnv2_block1.0.0.bn2.weight;mnv2_block1.0.0.bn2.bias;mnv2_block1.0.0.bn2.running_mean;mnv2_block1.0.0.bn2.running_var;mnv2_block1.0.0.bn2.num_batches_tracked;mnv2_block1.1.0.conv_pw.weight;mnv2_block1.1.0.bn1.weight;mnv2_block1.1.0.bn1.bias;mnv2_block1.1.0.bn1.running_mean;mnv2_block1.1.0.bn1.running_var;mnv2_block1.1.0.bn1.num_batches_tracked;mnv2_block1.1.0.conv_dw.weight;mnv2_block1.1.0.bn2.weight;mnv2_block1.1.0.bn2.bias;mnv2_block1.1.0.bn2.running_mean;mnv2_block1.1.0.bn2.running_var;mnv2_block1.1.0.bn2.num_batches_tracked;mnv2_block1.1.0.conv_pwl.weight;mnv2_block1.1.0.bn3.weight;mnv2_block1.1.0.bn3.bias;mnv2_block1.1.0.bn3.running_mean;mnv2_block1.1.0.bn3.running_var;mnv2_block1.1.0.bn3.num_batches_tracked;mnv2_block1.1.1.conv_pw.weight;mnv2_block1.1.1.bn1.weight;mnv2_block1.1.1.bn1.bias;mnv2_block1.1.1.bn1.running_mean;mnv2_block1.1.1.bn1.running_var;mnv2_block1.1.1.bn1.num_batches_tracked;mnv2_block1.1.1.conv_dw.weight;mnv2_block1.1.1.bn2.weight;mnv2_block1.1.1.bn2.bias;mnv2_block1.1.1.bn2.running_mean;mnv2_block1.1.1.bn2.running_var;mnv2_block1.1.1.bn2.num_batches_tracked;mnv2_block1.1.1.conv_pwl.weight;mnv2_block1.1.1.bn3.weight;mnv2_block1.1.1.bn3.bias;mnv2_block1.1.1.bn3.running_mean;mnv2_block1.1.1.bn3.running_var;mnv2_block1.1.1.bn3.num_batches_tracked;mnv2_block1.2.0.conv_pw.weight;mnv2_block1.2.0.bn1.weight;mnv2_block1.2.0.bn1.bias;mnv2_block1.2.0.bn1.running_mean;mnv2_block1.2.0.bn1.running_var;mnv2_block1.2.0.bn1.num_batches_tracked;mnv2_block1.2.0.conv_dw.weight;mnv2_block1.2.0.bn2.weight;mnv2_block1.2.0.bn2.bias;mnv2_block1.2.0.bn2.running_mean;mnv2_block1.2.0.bn2.running_var;mnv2_block1.2.0.bn2.num_batches_tracked;mnv2_block1.2.0.conv_pwl.weight;mnv2_block1.2.0.bn3.weight;mnv2_block1.2.0.bn3.bias;mnv2_block1.2.0.bn3.running_mean;mnv2_block1.2.0.bn3.running_var;mnv2_block1.2.0.bn3.num_batches_tracked;mnv2_block1.2.1.conv_pw.weight;mnv2_block1.2.1.bn1.weight;mnv2_block1.2.1.bn1.bias;mnv2_block1.2.1.bn1.running_mean;mnv2_block1.2.1.bn1.running_var;mnv2_block1.2.1.bn1.num_batches_tracked;mnv2_block1.2.1.conv_dw.weight;mnv2_block1.2.1.bn2.weight;mnv2_block1.2.1.bn2.bias;mnv2_block1.2.1.bn2.running_mean;mnv2_block1.2.1.bn2.running_var;mnv2_block1.2.1.bn2.num_batches_tracked;mnv2_block1.2.1.conv_pwl.weight;mnv2_block1.2.1.bn3.weight;mnv2_block1.2.1.bn3.bias;mnv2_block1.2.1.bn3.running_mean;mnv2_block1.2.1.bn3.running_var;mnv2_block1.2.1.bn3.num_batches_tracked;mnv2_block1.2.2.conv_pw.weight;mnv2_block1.2.2.bn1.weight;mnv2_block1.2.2.bn1.bias;mnv2_block1.2.2.bn1.running_mean;mnv2_block1.2.2.bn1.running_var;mnv2_block1.2.2.bn1.num_batches_tracked;mnv2_block1.2.2.conv_dw.weight;mnv2_block1.2.2.bn2.weight;mnv2_block1.2.2.bn2.bias;mnv2_block1.2.2.bn2.running_mean;mnv2_block1.2.2.bn2.running_var;mnv2_block1.2.2.bn2.num_batches_tracked;mnv2_block1.2.2.conv_pwl.weight;mnv2_block1.2.2.bn3.weight,raw_state_dict,846,549,FINETUNED_SOILNET_DUALHEAD,27,,SoilNetDualHead,True,True,True,10,2,2x128,10x128,True,False,False,False,MODEL_COMPATIBLE;HAS_REG_HEAD;HAS_CLS_HEAD;HAS_LIGHT_BRANCH,Parameter tensor count excludes running statistics/counters; classification uses normalized keys and source evidence.
sha256:1e1ca8c55be4f0707edc,DATA_ROOT_EMBEDDED_ARTIFACTS,Soil_Labeled_Data/soilNet_di chuyen tu o C/finetune_update/Best_finetuned_VicReg_mu_30.pth,Best_finetuned_VicReg_mu_30.pth,16208612,1e1ca8c55be4f0707edc14187d855e561d154686f4386f93e6a2b1e97f08598d,SAFE_LOAD_OK,OrderedDict,initial_conv.weight;initial_conv.bias;mnv2_block1.0.0.conv_dw.weight;mnv2_block1.0.0.bn1.weight;mnv2_block1.0.0.bn1.bias;mnv2_block1.0.0.bn1.running_mean;mnv2_block1.0.0.bn1.running_var;mnv2_block1.0.0.bn1.num_batches_tracked;mnv2_block1.0.0.conv_pw.weight;mnv2_block1.0.0.bn2.weight;mnv2_block1.0.0.bn2.bias;mnv2_block1.0.0.bn2.running_mean;mnv2_block1.0.0.bn2.running_var;mnv2_block1.0.0.bn2.num_batches_tracked;mnv2_block1.1.0.conv_pw.weight;mnv2_block1.1.0.bn1.weight;mnv2_block1.1.0.bn1.bias;mnv2_block1.1.0.bn1.running_mean;mnv2_block1.1.0.bn1.running_var;mnv2_block1.1.0.bn1.num_batches_tracked;mnv2_block1.1.0.conv_dw.weight;mnv2_block1.1.0.bn2.weight;mnv2_block1.1.0.bn2.bias;mnv2_block1.1.0.bn2.running_mean;mnv2_block1.1.0.bn2.running_var;mnv2_block1.1.0.bn2.num_batches_tracked;mnv2_block1.1.0.conv_pwl.weight;mnv2_block1.1.0.bn3.weight;mnv2_block1.1.0.bn3.bias;mnv2_block1.1.0.bn3.running_mean;mnv2_block1.1.0.bn3.running_var;mnv2_block1.1.0.bn3.num_batches_tracked;mnv2_block1.1.1.conv_pw.weight;mnv2_block1.1.1.bn1.weight;mnv2_block1.1.1.bn1.bias;mnv2_block1.1.1.bn1.running_mean;mnv2_block1.1.1.bn1.running_var;mnv2_block1.1.1.bn1.num_batches_tracked;mnv2_block1.1.1.conv_dw.weight;mnv2_block1.1.1.bn2.weight;mnv2_block1.1.1.bn2.bias;mnv2_block1.1.1.bn2.running_mean;mnv2_block1.1.1.bn2.running_var;mnv2_block1.1.1.bn2.num_batches_tracked;mnv2_block1.1.1.conv_pwl.weight;mnv2_block1.1.1.bn3.weight;mnv2_block1.1.1.bn3.bias;mnv2_block1.1.1.bn3.running_mean;mnv2_block1.1.1.bn3.running_var;mnv2_block1.1.1.bn3.num_batches_tracked;mnv2_block1.2.0.conv_pw.weight;mnv2_block1.2.0.bn1.weight;mnv2_block1.2.0.bn1.bias;mnv2_block1.2.0.bn1.running_mean;mnv2_block1.2.0.bn1.running_var;mnv2_block1.2.0.bn1.num_batches_tracked;mnv2_block1.2.0.conv_dw.weight;mnv2_block1.2.0.bn2.weight;mnv2_block1.2.0.bn2.bias;mnv2_block1.2.0.bn2.running_mean;mnv2_block1.2.0.bn2.running_var;mnv2_block1.2.0.bn2.num_batches_tracked;mnv2_block1.2.0.conv_pwl.weight;mnv2_block1.2.0.bn3.weight;mnv2_block1.2.0.bn3.bias;mnv2_block1.2.0.bn3.running_mean;mnv2_block1.2.0.bn3.running_var;mnv2_block1.2.0.bn3.num_batches_tracked;mnv2_block1.2.1.conv_pw.weight;mnv2_block1.2.1.bn1.weight;mnv2_block1.2.1.bn1.bias;mnv2_block1.2.1.bn1.running_mean;mnv2_block1.2.1.bn1.running_var;mnv2_block1.2.1.bn1.num_batches_tracked;mnv2_block1.2.1.conv_dw.weight;mnv2_block1.2.1.bn2.weight;mnv2_block1.2.1.bn2.bias;mnv2_block1.2.1.bn2.running_mean;mnv2_block1.2.1.bn2.running_var;mnv2_block1.2.1.bn2.num_batches_tracked;mnv2_block1.2.1.conv_pwl.weight;mnv2_block1.2.1.bn3.weight;mnv2_block1.2.1.bn3.bias;mnv2_block1.2.1.bn3.running_mean;mnv2_block1.2.1.bn3.running_var;mnv2_block1.2.1.bn3.num_batches_tracked;mnv2_block1.2.2.conv_pw.weight;mnv2_block1.2.2.bn1.weight;mnv2_block1.2.2.bn1.bias;mnv2_block1.2.2.bn1.running_mean;mnv2_block1.2.2.bn1.running_var;mnv2_block1.2.2.bn1.num_batches_tracked;mnv2_block1.2.2.conv_dw.weight;mnv2_block1.2.2.bn2.weight;mnv2_block1.2.2.bn2.bias;mnv2_block1.2.2.bn2.running_mean;mnv2_block1.2.2.bn2.running_var;mnv2_block1.2.2.bn2.num_batches_tracked;mnv2_block1.2.2.conv_pwl.weight;mnv2_block1.2.2.bn3.weight,raw_state_dict,846,549,FINETUNED_SOILNET_DUALHEAD,30,,SoilNetDualHead,True,True,True,10,2,2x128,10x128,True,False,False,False,MODEL_COMPATIBLE;HAS_REG_HEAD;HAS_CLS_HEAD;HAS_LIGHT_BRANCH,Parameter tensor count excludes running statistics/counters; classification uses normalized keys and source evidence.
sha256:b8375740dcf7c86541d0,DATA_ROOT_EMBEDDED_ARTIFACTS,Soil_Labeled_Data/soilNet_di chuyen tu o C/finetune_update/Best_finetuned_VicReg_mu_33.pth,Best_finetuned_VicReg_mu_33.pth,16208612,b8375740dcf7c86541d00a282240e7c75eb786b3259177c27dbf0a5f18e7a4e1,SAFE_LOAD_OK,OrderedDict,initial_conv.weight;initial_conv.bias;mnv2_block1.0.0.conv_dw.weight;mnv2_block1.0.0.bn1.weight;mnv2_block1.0.0.bn1.bias;mnv2_block1.0.0.bn1.running_mean;mnv2_block1.0.0.bn1.running_var;mnv2_block1.0.0.bn1.num_batches_tracked;mnv2_block1.0.0.conv_pw.weight;mnv2_block1.0.0.bn2.weight;mnv2_block1.0.0.bn2.bias;mnv2_block1.0.0.bn2.running_mean;mnv2_block1.0.0.bn2.running_var;mnv2_block1.0.0.bn2.num_batches_tracked;mnv2_block1.1.0.conv_pw.weight;mnv2_block1.1.0.bn1.weight;mnv2_block1.1.0.bn1.bias;mnv2_block1.1.0.bn1.running_mean;mnv2_block1.1.0.bn1.running_var;mnv2_block1.1.0.bn1.num_batches_tracked;mnv2_block1.1.0.conv_dw.weight;mnv2_block1.1.0.bn2.weight;mnv2_block1.1.0.bn2.bias;mnv2_block1.1.0.bn2.running_mean;mnv2_block1.1.0.bn2.running_var;mnv2_block1.1.0.bn2.num_batches_tracked;mnv2_block1.1.0.conv_pwl.weight;mnv2_block1.1.0.bn3.weight;mnv2_block1.1.0.bn3.bias;mnv2_block1.1.0.bn3.running_mean;mnv2_block1.1.0.bn3.running_var;mnv2_block1.1.0.bn3.num_batches_tracked;mnv2_block1.1.1.conv_pw.weight;mnv2_block1.1.1.bn1.weight;mnv2_block1.1.1.bn1.bias;mnv2_block1.1.1.bn1.running_mean;mnv2_block1.1.1.bn1.running_var;mnv2_block1.1.1.bn1.num_batches_tracked;mnv2_block1.1.1.conv_dw.weight;mnv2_block1.1.1.bn2.weight;mnv2_block1.1.1.bn2.bias;mnv2_block1.1.1.bn2.running_mean;mnv2_block1.1.1.bn2.running_var;mnv2_block1.1.1.bn2.num_batches_tracked;mnv2_block1.1.1.conv_pwl.weight;mnv2_block1.1.1.bn3.weight;mnv2_block1.1.1.bn3.bias;mnv2_block1.1.1.bn3.running_mean;mnv2_block1.1.1.bn3.running_var;mnv2_block1.1.1.bn3.num_batches_tracked;mnv2_block1.2.0.conv_pw.weight;mnv2_block1.2.0.bn1.weight;mnv2_block1.2.0.bn1.bias;mnv2_block1.2.0.bn1.running_mean;mnv2_block1.2.0.bn1.running_var;mnv2_block1.2.0.bn1.num_batches_tracked;mnv2_block1.2.0.conv_dw.weight;mnv2_block1.2.0.bn2.weight;mnv2_block1.2.0.bn2.bias;mnv2_block1.2.0.bn2.running_mean;mnv2_block1.2.0.bn2.running_var;mnv2_block1.2.0.bn2.num_batches_tracked;mnv2_block1.2.0.conv_pwl.weight;mnv2_block1.2.0.bn3.weight;mnv2_block1.2.0.bn3.bias;mnv2_block1.2.0.bn3.running_mean;mnv2_block1.2.0.bn3.running_var;mnv2_block1.2.0.bn3.num_batches_tracked;mnv2_block1.2.1.conv_pw.weight;mnv2_block1.2.1.bn1.weight;mnv2_block1.2.1.bn1.bias;mnv2_block1.2.1.bn1.running_mean;mnv2_block1.2.1.bn1.running_var;mnv2_block1.2.1.bn1.num_batches_tracked;mnv2_block1.2.1.conv_dw.weight;mnv2_block1.2.1.bn2.weight;mnv2_block1.2.1.bn2.bias;mnv2_block1.2.1.bn2.running_mean;mnv2_block1.2.1.bn2.running_var;mnv2_block1.2.1.bn2.num_batches_tracked;mnv2_block1.2.1.conv_pwl.weight;mnv2_block1.2.1.bn3.weight;mnv2_block1.2.1.bn3.bias;mnv2_block1.2.1.bn3.running_mean;mnv2_block1.2.1.bn3.running_var;mnv2_block1.2.1.bn3.num_batches_tracked;mnv2_block1.2.2.conv_pw.weight;mnv2_block1.2.2.bn1.weight;mnv2_block1.2.2.bn1.bias;mnv2_block1.2.2.bn1.running_mean;mnv2_block1.2.2.bn1.running_var;mnv2_block1.2.2.bn1.num_batches_tracked;mnv2_block1.2.2.conv_dw.weight;mnv2_block1.2.2.bn2.weight;mnv2_block1.2.2.bn2.bias;mnv2_block1.2.2.bn2.running_mean;mnv2_block1.2.2.bn2.running_var;mnv2_block1.2.2.bn2.num_batches_tracked;mnv2_block1.2.2.conv_pwl.weight;mnv2_block1.2.2.bn3.weight,raw_state_dict,846,549,FINETUNED_SOILNET_DUALHEAD,33,,SoilNetDualHead,True,True,True,10,2,2x128,10x128,True,False,False,False,MODEL_COMPATIBLE;HAS_REG_HEAD;HAS_CLS_HEAD;HAS_LIGHT_BRANCH,Parameter tensor count excludes running statistics/counters; classification uses normalized keys and source evidence.
sha256:ea91a0d6daf19f43e3d4,DATA_ROOT_EMBEDDED_ARTIFACTS,Soil_Labeled_Data/soilNet_di chuyen tu o C/finetune_update/Best_finetuned_VicReg_TinyImageNet_mu_20.pth,Best_finetuned_VicReg_TinyImageNet_mu_20.pth,16216909,ea91a0d6daf19f43e3d46f4c0c6c7cd2917c03a93fd8edb2a57c56d032fdde7d,SAFE_LOAD_OK,OrderedDict,initial_conv.weight;initial_conv.bias;mnv2_block1.0.0.conv_dw.weight;mnv2_block1.0.0.bn1.weight;mnv2_block1.0.0.bn1.bias;mnv2_block1.0.0.bn1.running_mean;mnv2_block1.0.0.bn1.running_var;mnv2_block1.0.0.bn1.num_batches_tracked;mnv2_block1.0.0.conv_pw.weight;mnv2_block1.0.0.bn2.weight;mnv2_block1.0.0.bn2.bias;mnv2_block1.0.0.bn2.running_mean;mnv2_block1.0.0.bn2.running_var;mnv2_block1.0.0.bn2.num_batches_tracked;mnv2_block1.1.0.conv_pw.weight;mnv2_block1.1.0.bn1.weight;mnv2_block1.1.0.bn1.bias;mnv2_block1.1.0.bn1.running_mean;mnv2_block1.1.0.bn1.running_var;mnv2_block1.1.0.bn1.num_batches_tracked;mnv2_block1.1.0.conv_dw.weight;mnv2_block1.1.0.bn2.weight;mnv2_block1.1.0.bn2.bias;mnv2_block1.1.0.bn2.running_mean;mnv2_block1.1.0.bn2.running_var;mnv2_block1.1.0.bn2.num_batches_tracked;mnv2_block1.1.0.conv_pwl.weight;mnv2_block1.1.0.bn3.weight;mnv2_block1.1.0.bn3.bias;mnv2_block1.1.0.bn3.running_mean;mnv2_block1.1.0.bn3.running_var;mnv2_block1.1.0.bn3.num_batches_tracked;mnv2_block1.1.1.conv_pw.weight;mnv2_block1.1.1.bn1.weight;mnv2_block1.1.1.bn1.bias;mnv2_block1.1.1.bn1.running_mean;mnv2_block1.1.1.bn1.running_var;mnv2_block1.1.1.bn1.num_batches_tracked;mnv2_block1.1.1.conv_dw.weight;mnv2_block1.1.1.bn2.weight;mnv2_block1.1.1.bn2.bias;mnv2_block1.1.1.bn2.running_mean;mnv2_block1.1.1.bn2.running_var;mnv2_block1.1.1.bn2.num_batches_tracked;mnv2_block1.1.1.conv_pwl.weight;mnv2_block1.1.1.bn3.weight;mnv2_block1.1.1.bn3.bias;mnv2_block1.1.1.bn3.running_mean;mnv2_block1.1.1.bn3.running_var;mnv2_block1.1.1.bn3.num_batches_tracked;mnv2_block1.2.0.conv_pw.weight;mnv2_block1.2.0.bn1.weight;mnv2_block1.2.0.bn1.bias;mnv2_block1.2.0.bn1.running_mean;mnv2_block1.2.0.bn1.running_var;mnv2_block1.2.0.bn1.num_batches_tracked;mnv2_block1.2.0.conv_dw.weight;mnv2_block1.2.0.bn2.weight;mnv2_block1.2.0.bn2.bias;mnv2_block1.2.0.bn2.running_mean;mnv2_block1.2.0.bn2.running_var;mnv2_block1.2.0.bn2.num_batches_tracked;mnv2_block1.2.0.conv_pwl.weight;mnv2_block1.2.0.bn3.weight;mnv2_block1.2.0.bn3.bias;mnv2_block1.2.0.bn3.running_mean;mnv2_block1.2.0.bn3.running_var;mnv2_block1.2.0.bn3.num_batches_tracked;mnv2_block1.2.1.conv_pw.weight;mnv2_block1.2.1.bn1.weight;mnv2_block1.2.1.bn1.bias;mnv2_block1.2.1.bn1.running_mean;mnv2_block1.2.1.bn1.running_var;mnv2_block1.2.1.bn1.num_batches_tracked;mnv2_block1.2.1.conv_dw.weight;mnv2_block1.2.1.bn2.weight;mnv2_block1.2.1.bn2.bias;mnv2_block1.2.1.bn2.running_mean;mnv2_block1.2.1.bn2.running_var;mnv2_block1.2.1.bn2.num_batches_tracked;mnv2_block1.2.1.conv_pwl.weight;mnv2_block1.2.1.bn3.weight;mnv2_block1.2.1.bn3.bias;mnv2_block1.2.1.bn3.running_mean;mnv2_block1.2.1.bn3.running_var;mnv2_block1.2.1.bn3.num_batches_tracked;mnv2_block1.2.2.conv_pw.weight;mnv2_block1.2.2.bn1.weight;mnv2_block1.2.2.bn1.bias;mnv2_block1.2.2.bn1.running_mean;mnv2_block1.2.2.bn1.running_var;mnv2_block1.2.2.bn1.num_batches_tracked;mnv2_block1.2.2.conv_dw.weight;mnv2_block1.2.2.bn2.weight;mnv2_block1.2.2.bn2.bias;mnv2_block1.2.2.bn2.running_mean;mnv2_block1.2.2.bn2.running_var;mnv2_block1.2.2.bn2.num_batches_tracked;mnv2_block1.2.2.conv_pwl.weight;mnv2_block1.2.2.bn3.weight,raw_state_dict,846,549,FINETUNED_SOILNET_DUALHEAD,20,,SoilNetDualHead,True,True,True,10,2,2x128,10x128,True,False,False,False,MODEL_COMPATIBLE;HAS_REG_HEAD;HAS_CLS_HEAD;HAS_LIGHT_BRANCH,Parameter tensor count excludes running statistics/counters; classification uses normalized keys and source evidence.
sha256:4b166e851277f89fbdca,DATA_ROOT_EMBEDDED_ARTIFACTS,Soil_Labeled_Data/soilNet_di chuyen tu o C/finetune_update/Best_finetuned_VicReg_TinyImageNet_mu_23.pth,Best_finetuned_VicReg_TinyImageNet_mu_23.pth,16216909,4b166e851277f89fbdcab0b327c024ee8c72d8f96b042194b9ffd45624e82407,SAFE_LOAD_OK,OrderedDict,initial_conv.weight;initial_conv.bias;mnv2_block1.0.0.conv_dw.weight;mnv2_block1.0.0.bn1.weight;mnv2_block1.0.0.bn1.bias;mnv2_block1.0.0.bn1.running_mean;mnv2_block1.0.0.bn1.running_var;mnv2_block1.0.0.bn1.num_batches_tracked;mnv2_block1.0.0.conv_pw.weight;mnv2_block1.0.0.bn2.weight;mnv2_block1.0.0.bn2.bias;mnv2_block1.0.0.bn2.running_mean;mnv2_block1.0.0.bn2.running_var;mnv2_block1.0.0.bn2.num_batches_tracked;mnv2_block1.1.0.conv_pw.weight;mnv2_block1.1.0.bn1.weight;mnv2_block1.1.0.bn1.bias;mnv2_block1.1.0.bn1.running_mean;mnv2_block1.1.0.bn1.running_var;mnv2_block1.1.0.bn1.num_batches_tracked;mnv2_block1.1.0.conv_dw.weight;mnv2_block1.1.0.bn2.weight;mnv2_block1.1.0.bn2.bias;mnv2_block1.1.0.bn2.running_mean;mnv2_block1.1.0.bn2.running_var;mnv2_block1.1.0.bn2.num_batches_tracked;mnv2_block1.1.0.conv_pwl.weight;mnv2_block1.1.0.bn3.weight;mnv2_block1.1.0.bn3.bias;mnv2_block1.1.0.bn3.running_mean;mnv2_block1.1.0.bn3.running_var;mnv2_block1.1.0.bn3.num_batches_tracked;mnv2_block1.1.1.conv_pw.weight;mnv2_block1.1.1.bn1.weight;mnv2_block1.1.1.bn1.bias;mnv2_block1.1.1.bn1.running_mean;mnv2_block1.1.1.bn1.running_var;mnv2_block1.1.1.bn1.num_batches_tracked;mnv2_block1.1.1.conv_dw.weight;mnv2_block1.1.1.bn2.weight;mnv2_block1.1.1.bn2.bias;mnv2_block1.1.1.bn2.running_mean;mnv2_block1.1.1.bn2.running_var;mnv2_block1.1.1.bn2.num_batches_tracked;mnv2_block1.1.1.conv_pwl.weight;mnv2_block1.1.1.bn3.weight;mnv2_block1.1.1.bn3.bias;mnv2_block1.1.1.bn3.running_mean;mnv2_block1.1.1.bn3.running_var;mnv2_block1.1.1.bn3.num_batches_tracked;mnv2_block1.2.0.conv_pw.weight;mnv2_block1.2.0.bn1.weight;mnv2_block1.2.0.bn1.bias;mnv2_block1.2.0.bn1.running_mean;mnv2_block1.2.0.bn1.running_var;mnv2_block1.2.0.bn1.num_batches_tracked;mnv2_block1.2.0.conv_dw.weight;mnv2_block1.2.0.bn2.weight;mnv2_block1.2.0.bn2.bias;mnv2_block1.2.0.bn2.running_mean;mnv2_block1.2.0.bn2.running_var;mnv2_block1.2.0.bn2.num_batches_tracked;mnv2_block1.2.0.conv_pwl.weight;mnv2_block1.2.0.bn3.weight;mnv2_block1.2.0.bn3.bias;mnv2_block1.2.0.bn3.running_mean;mnv2_block1.2.0.bn3.running_var;mnv2_block1.2.0.bn3.num_batches_tracked;mnv2_block1.2.1.conv_pw.weight;mnv2_block1.2.1.bn1.weight;mnv2_block1.2.1.bn1.bias;mnv2_block1.2.1.bn1.running_mean;mnv2_block1.2.1.bn1.running_var;mnv2_block1.2.1.bn1.num_batches_tracked;mnv2_block1.2.1.conv_dw.weight;mnv2_block1.2.1.bn2.weight;mnv2_block1.2.1.bn2.bias;mnv2_block1.2.1.bn2.running_mean;mnv2_block1.2.1.bn2.running_var;mnv2_block1.2.1.bn2.num_batches_tracked;mnv2_block1.2.1.conv_pwl.weight;mnv2_block1.2.1.bn3.weight;mnv2_block1.2.1.bn3.bias;mnv2_block1.2.1.bn3.running_mean;mnv2_block1.2.1.bn3.running_var;mnv2_block1.2.1.bn3.num_batches_tracked;mnv2_block1.2.2.conv_pw.weight;mnv2_block1.2.2.bn1.weight;mnv2_block1.2.2.bn1.bias;mnv2_block1.2.2.bn1.running_mean;mnv2_block1.2.2.bn1.running_var;mnv2_block1.2.2.bn1.num_batches_tracked;mnv2_block1.2.2.conv_dw.weight;mnv2_block1.2.2.bn2.weight;mnv2_block1.2.2.bn2.bias;mnv2_block1.2.2.bn2.running_mean;mnv2_block1.2.2.bn2.running_var;mnv2_block1.2.2.bn2.num_batches_tracked;mnv2_block1.2.2.conv_pwl.weight;mnv2_block1.2.2.bn3.weight,raw_state_dict,846,549,FINETUNED_SOILNET_DUALHEAD,23,,SoilNetDualHead,True,True,True,10,2,2x128,10x128,True,False,False,False,MODEL_COMPATIBLE;HAS_REG_HEAD;HAS_CLS_HEAD;HAS_LIGHT_BRANCH,Parameter tensor count excludes running statistics/counters; classification uses normalized keys and source evidence.
sha256:9569f31e877280391ce1,DATA_ROOT_EMBEDDED_ARTIFACTS,Soil_Labeled_Data/soilNet_di chuyen tu o C/finetune_update/Best_finetuned_VicReg_TinyImageNet_mu_25.pth,Best_finetuned_VicReg_TinyImageNet_mu_25.pth,16216909,9569f31e877280391ce1d9cb9b446e764e2c3ec5f0a55cbf7086391452aca522,SAFE_LOAD_OK,OrderedDict,initial_conv.weight;initial_conv.bias;mnv2_block1.0.0.conv_dw.weight;mnv2_block1.0.0.bn1.weight;mnv2_block1.0.0.bn1.bias;mnv2_block1.0.0.bn1.running_mean;mnv2_block1.0.0.bn1.running_var;mnv2_block1.0.0.bn1.num_batches_tracked;mnv2_block1.0.0.conv_pw.weight;mnv2_block1.0.0.bn2.weight;mnv2_block1.0.0.bn2.bias;mnv2_block1.0.0.bn2.running_mean;mnv2_block1.0.0.bn2.running_var;mnv2_block1.0.0.bn2.num_batches_tracked;mnv2_block1.1.0.conv_pw.weight;mnv2_block1.1.0.bn1.weight;mnv2_block1.1.0.bn1.bias;mnv2_block1.1.0.bn1.running_mean;mnv2_block1.1.0.bn1.running_var;mnv2_block1.1.0.bn1.num_batches_tracked;mnv2_block1.1.0.conv_dw.weight;mnv2_block1.1.0.bn2.weight;mnv2_block1.1.0.bn2.bias;mnv2_block1.1.0.bn2.running_mean;mnv2_block1.1.0.bn2.running_var;mnv2_block1.1.0.bn2.num_batches_tracked;mnv2_block1.1.0.conv_pwl.weight;mnv2_block1.1.0.bn3.weight;mnv2_block1.1.0.bn3.bias;mnv2_block1.1.0.bn3.running_mean;mnv2_block1.1.0.bn3.running_var;mnv2_block1.1.0.bn3.num_batches_tracked;mnv2_block1.1.1.conv_pw.weight;mnv2_block1.1.1.bn1.weight;mnv2_block1.1.1.bn1.bias;mnv2_block1.1.1.bn1.running_mean;mnv2_block1.1.1.bn1.running_var;mnv2_block1.1.1.bn1.num_batches_tracked;mnv2_block1.1.1.conv_dw.weight;mnv2_block1.1.1.bn2.weight;mnv2_block1.1.1.bn2.bias;mnv2_block1.1.1.bn2.running_mean;mnv2_block1.1.1.bn2.running_var;mnv2_block1.1.1.bn2.num_batches_tracked;mnv2_block1.1.1.conv_pwl.weight;mnv2_block1.1.1.bn3.weight;mnv2_block1.1.1.bn3.bias;mnv2_block1.1.1.bn3.running_mean;mnv2_block1.1.1.bn3.running_var;mnv2_block1.1.1.bn3.num_batches_tracked;mnv2_block1.2.0.conv_pw.weight;mnv2_block1.2.0.bn1.weight;mnv2_block1.2.0.bn1.bias;mnv2_block1.2.0.bn1.running_mean;mnv2_block1.2.0.bn1.running_var;mnv2_block1.2.0.bn1.num_batches_tracked;mnv2_block1.2.0.conv_dw.weight;mnv2_block1.2.0.bn2.weight;mnv2_block1.2.0.bn2.bias;mnv2_block1.2.0.bn2.running_mean;mnv2_block1.2.0.bn2.running_var;mnv2_block1.2.0.bn2.num_batches_tracked;mnv2_block1.2.0.conv_pwl.weight;mnv2_block1.2.0.bn3.weight;mnv2_block1.2.0.bn3.bias;mnv2_block1.2.0.bn3.running_mean;mnv2_block1.2.0.bn3.running_var;mnv2_block1.2.0.bn3.num_batches_tracked;mnv2_block1.2.1.conv_pw.weight;mnv2_block1.2.1.bn1.weight;mnv2_block1.2.1.bn1.bias;mnv2_block1.2.1.bn1.running_mean;mnv2_block1.2.1.bn1.running_var;mnv2_block1.2.1.bn1.num_batches_tracked;mnv2_block1.2.1.conv_dw.weight;mnv2_block1.2.1.bn2.weight;mnv2_block1.2.1.bn2.bias;mnv2_block1.2.1.bn2.running_mean;mnv2_block1.2.1.bn2.running_var;mnv2_block1.2.1.bn2.num_batches_tracked;mnv2_block1.2.1.conv_pwl.weight;mnv2_block1.2.1.bn3.weight;mnv2_block1.2.1.bn3.bias;mnv2_block1.2.1.bn3.running_mean;mnv2_block1.2.1.bn3.running_var;mnv2_block1.2.1.bn3.num_batches_tracked;mnv2_block1.2.2.conv_pw.weight;mnv2_block1.2.2.bn1.weight;mnv2_block1.2.2.bn1.bias;mnv2_block1.2.2.bn1.running_mean;mnv2_block1.2.2.bn1.running_var;mnv2_block1.2.2.bn1.num_batches_tracked;mnv2_block1.2.2.conv_dw.weight;mnv2_block1.2.2.bn2.weight;mnv2_block1.2.2.bn2.bias;mnv2_block1.2.2.bn2.running_mean;mnv2_block1.2.2.bn2.running_var;mnv2_block1.2.2.bn2.num_batches_tracked;mnv2_block1.2.2.conv_pwl.weight;mnv2_block1.2.2.bn3.weight,raw_state_dict,846,549,FINETUNED_SOILNET_DUALHEAD,25,,SoilNetDualHead,True,True,True,10,2,2x128,10x128,True,False,False,False,MODEL_COMPATIBLE;HAS_REG_HEAD;HAS_CLS_HEAD;HAS_LIGHT_BRANCH,Parameter tensor count excludes running statistics/counters; classification uses normalized keys and source evidence.
sha256:ce182aa77a2e1f5b0080,DATA_ROOT_EMBEDDED_ARTIFACTS,Soil_Labeled_Data/soilNet_di chuyen tu o C/finetune_update/Best_finetuned_VicReg_TinyImageNet_mu_27.pth,Best_finetuned_VicReg_TinyImageNet_mu_27.pth,16216909,ce182aa77a2e1f5b00802f10ccd22acee7c1b8fe41e06141bccb221988f09127,SAFE_LOAD_OK,OrderedDict,initial_conv.weight;initial_conv.bias;mnv2_block1.0.0.conv_dw.weight;mnv2_block1.0.0.bn1.weight;mnv2_block1.0.0.bn1.bias;mnv2_block1.0.0.bn1.running_mean;mnv2_block1.0.0.bn1.running_var;mnv2_block1.0.0.bn1.num_batches_tracked;mnv2_block1.0.0.conv_pw.weight;mnv2_block1.0.0.bn2.weight;mnv2_block1.0.0.bn2.bias;mnv2_block1.0.0.bn2.running_mean;mnv2_block1.0.0.bn2.running_var;mnv2_block1.0.0.bn2.num_batches_tracked;mnv2_block1.1.0.conv_pw.weight;mnv2_block1.1.0.bn1.weight;mnv2_block1.1.0.bn1.bias;mnv2_block1.1.0.bn1.running_mean;mnv2_block1.1.0.bn1.running_var;mnv2_block1.1.0.bn1.num_batches_tracked;mnv2_block1.1.0.conv_dw.weight;mnv2_block1.1.0.bn2.weight;mnv2_block1.1.0.bn2.bias;mnv2_block1.1.0.bn2.running_mean;mnv2_block1.1.0.bn2.running_var;mnv2_block1.1.0.bn2.num_batches_tracked;mnv2_block1.1.0.conv_pwl.weight;mnv2_block1.1.0.bn3.weight;mnv2_block1.1.0.bn3.bias;mnv2_block1.1.0.bn3.running_mean;mnv2_block1.1.0.bn3.running_var;mnv2_block1.1.0.bn3.num_batches_tracked;mnv2_block1.1.1.conv_pw.weight;mnv2_block1.1.1.bn1.weight;mnv2_block1.1.1.bn1.bias;mnv2_block1.1.1.bn1.running_mean;mnv2_block1.1.1.bn1.running_var;mnv2_block1.1.1.bn1.num_batches_tracked;mnv2_block1.1.1.conv_dw.weight;mnv2_block1.1.1.bn2.weight;mnv2_block1.1.1.bn2.bias;mnv2_block1.1.1.bn2.running_mean;mnv2_block1.1.1.bn2.running_var;mnv2_block1.1.1.bn2.num_batches_tracked;mnv2_block1.1.1.conv_pwl.weight;mnv2_block1.1.1.bn3.weight;mnv2_block1.1.1.bn3.bias;mnv2_block1.1.1.bn3.running_mean;mnv2_block1.1.1.bn3.running_var;mnv2_block1.1.1.bn3.num_batches_tracked;mnv2_block1.2.0.conv_pw.weight;mnv2_block1.2.0.bn1.weight;mnv2_block1.2.0.bn1.bias;mnv2_block1.2.0.bn1.running_mean;mnv2_block1.2.0.bn1.running_var;mnv2_block1.2.0.bn1.num_batches_tracked;mnv2_block1.2.0.conv_dw.weight;mnv2_block1.2.0.bn2.weight;mnv2_block1.2.0.bn2.bias;mnv2_block1.2.0.bn2.running_mean;mnv2_block1.2.0.bn2.running_var;mnv2_block1.2.0.bn2.num_batches_tracked;mnv2_block1.2.0.conv_pwl.weight;mnv2_block1.2.0.bn3.weight;mnv2_block1.2.0.bn3.bias;mnv2_block1.2.0.bn3.running_mean;mnv2_block1.2.0.bn3.running_var;mnv2_block1.2.0.bn3.num_batches_tracked;mnv2_block1.2.1.conv_pw.weight;mnv2_block1.2.1.bn1.weight;mnv2_block1.2.1.bn1.bias;mnv2_block1.2.1.bn1.running_mean;mnv2_block1.2.1.bn1.running_var;mnv2_block1.2.1.bn1.num_batches_tracked;mnv2_block1.2.1.conv_dw.weight;mnv2_block1.2.1.bn2.weight;mnv2_block1.2.1.bn2.bias;mnv2_block1.2.1.bn2.running_mean;mnv2_block1.2.1.bn2.running_var;mnv2_block1.2.1.bn2.num_batches_tracked;mnv2_block1.2.1.conv_pwl.weight;mnv2_block1.2.1.bn3.weight;mnv2_block1.2.1.bn3.bias;mnv2_block1.2.1.bn3.running_mean;mnv2_block1.2.1.bn3.running_var;mnv2_block1.2.1.bn3.num_batches_tracked;mnv2_block1.2.2.conv_pw.weight;mnv2_block1.2.2.bn1.weight;mnv2_block1.2.2.bn1.bias;mnv2_block1.2.2.bn1.running_mean;mnv2_block1.2.2.bn1.running_var;mnv2_block1.2.2.bn1.num_batches_tracked;mnv2_block1.2.2.conv_dw.weight;mnv2_block1.2.2.bn2.weight;mnv2_block1.2.2.bn2.bias;mnv2_block1.2.2.bn2.running_mean;mnv2_block1.2.2.bn2.running_var;mnv2_block1.2.2.bn2.num_batches_tracked;mnv2_block1.2.2.conv_pwl.weight;mnv2_block1.2.2.bn3.weight,raw_state_dict,846,549,FINETUNED_SOILNET_DUALHEAD,27,,SoilNetDualHead,True,True,True,10,2,2x128,10x128,True,False,False,False,MODEL_COMPATIBLE;HAS_REG_HEAD;HAS_CLS_HEAD;HAS_LIGHT_BRANCH,Parameter tensor count excludes running statistics/counters; classification uses normalized keys and source evidence.
sha256:77747b41967faa23fc10,DATA_ROOT_EMBEDDED_ARTIFACTS,Soil_Labeled_Data/soilNet_di chuyen tu o C/finetune_update/Best_finetuned_VicReg_TinyImageNet_mu_30.pth,Best_finetuned_VicReg_TinyImageNet_mu_30.pth,16216909,77747b41967faa23fc101e92372b55ca6467e37a2324dc041ab2634471b6ec82,SAFE_LOAD_OK,OrderedDict,initial_conv.weight;initial_conv.bias;mnv2_block1.0.0.conv_dw.weight;mnv2_block1.0.0.bn1.weight;mnv2_block1.0.0.bn1.bias;mnv2_block1.0.0.bn1.running_mean;mnv2_block1.0.0.bn1.running_var;mnv2_block1.0.0.bn1.num_batches_tracked;mnv2_block1.0.0.conv_pw.weight;mnv2_block1.0.0.bn2.weight;mnv2_block1.0.0.bn2.bias;mnv2_block1.0.0.bn2.running_mean;mnv2_block1.0.0.bn2.running_var;mnv2_block1.0.0.bn2.num_batches_tracked;mnv2_block1.1.0.conv_pw.weight;mnv2_block1.1.0.bn1.weight;mnv2_block1.1.0.bn1.bias;mnv2_block1.1.0.bn1.running_mean;mnv2_block1.1.0.bn1.running_var;mnv2_block1.1.0.bn1.num_batches_tracked;mnv2_block1.1.0.conv_dw.weight;mnv2_block1.1.0.bn2.weight;mnv2_block1.1.0.bn2.bias;mnv2_block1.1.0.bn2.running_mean;mnv2_block1.1.0.bn2.running_var;mnv2_block1.1.0.bn2.num_batches_tracked;mnv2_block1.1.0.conv_pwl.weight;mnv2_block1.1.0.bn3.weight;mnv2_block1.1.0.bn3.bias;mnv2_block1.1.0.bn3.running_mean;mnv2_block1.1.0.bn3.running_var;mnv2_block1.1.0.bn3.num_batches_tracked;mnv2_block1.1.1.conv_pw.weight;mnv2_block1.1.1.bn1.weight;mnv2_block1.1.1.bn1.bias;mnv2_block1.1.1.bn1.running_mean;mnv2_block1.1.1.bn1.running_var;mnv2_block1.1.1.bn1.num_batches_tracked;mnv2_block1.1.1.conv_dw.weight;mnv2_block1.1.1.bn2.weight;mnv2_block1.1.1.bn2.bias;mnv2_block1.1.1.bn2.running_mean;mnv2_block1.1.1.bn2.running_var;mnv2_block1.1.1.bn2.num_batches_tracked;mnv2_block1.1.1.conv_pwl.weight;mnv2_block1.1.1.bn3.weight;mnv2_block1.1.1.bn3.bias;mnv2_block1.1.1.bn3.running_mean;mnv2_block1.1.1.bn3.running_var;mnv2_block1.1.1.bn3.num_batches_tracked;mnv2_block1.2.0.conv_pw.weight;mnv2_block1.2.0.bn1.weight;mnv2_block1.2.0.bn1.bias;mnv2_block1.2.0.bn1.running_mean;mnv2_block1.2.0.bn1.running_var;mnv2_block1.2.0.bn1.num_batches_tracked;mnv2_block1.2.0.conv_dw.weight;mnv2_block1.2.0.bn2.weight;mnv2_block1.2.0.bn2.bias;mnv2_block1.2.0.bn2.running_mean;mnv2_block1.2.0.bn2.running_var;mnv2_block1.2.0.bn2.num_batches_tracked;mnv2_block1.2.0.conv_pwl.weight;mnv2_block1.2.0.bn3.weight;mnv2_block1.2.0.bn3.bias;mnv2_block1.2.0.bn3.running_mean;mnv2_block1.2.0.bn3.running_var;mnv2_block1.2.0.bn3.num_batches_tracked;mnv2_block1.2.1.conv_pw.weight;mnv2_block1.2.1.bn1.weight;mnv2_block1.2.1.bn1.bias;mnv2_block1.2.1.bn1.running_mean;mnv2_block1.2.1.bn1.running_var;mnv2_block1.2.1.bn1.num_batches_tracked;mnv2_block1.2.1.conv_dw.weight;mnv2_block1.2.1.bn2.weight;mnv2_block1.2.1.bn2.bias;mnv2_block1.2.1.bn2.running_mean;mnv2_block1.2.1.bn2.running_var;mnv2_block1.2.1.bn2.num_batches_tracked;mnv2_block1.2.1.conv_pwl.weight;mnv2_block1.2.1.bn3.weight;mnv2_block1.2.1.bn3.bias;mnv2_block1.2.1.bn3.running_mean;mnv2_block1.2.1.bn3.running_var;mnv2_block1.2.1.bn3.num_batches_tracked;mnv2_block1.2.2.conv_pw.weight;mnv2_block1.2.2.bn1.weight;mnv2_block1.2.2.bn1.bias;mnv2_block1.2.2.bn1.running_mean;mnv2_block1.2.2.bn1.running_var;mnv2_block1.2.2.bn1.num_batches_tracked;mnv2_block1.2.2.conv_dw.weight;mnv2_block1.2.2.bn2.weight;mnv2_block1.2.2.bn2.bias;mnv2_block1.2.2.bn2.running_mean;mnv2_block1.2.2.bn2.running_var;mnv2_block1.2.2.bn2.num_batches_tracked;mnv2_block1.2.2.conv_pwl.weight;mnv2_block1.2.2.bn3.weight,raw_state_dict,846,549,FINETUNED_SOILNET_DUALHEAD,30,,SoilNetDualHead,True,True,True,10,2,2x128,10x128,True,False,False,False,MODEL_COMPATIBLE;HAS_REG_HEAD;HAS_CLS_HEAD;HAS_LIGHT_BRANCH,Parameter tensor count excludes running statistics/counters; classification uses normalized keys and source evidence.
sha256:e6bf990dca8abdeb4d3b,DATA_ROOT_EMBEDDED_ARTIFACTS,Soil_Labeled_Data/soilNet_di chuyen tu o C/finetune_update/Best_finetuned_VicReg_TinyImageNet_mu_33.pth,Best_finetuned_VicReg_TinyImageNet_mu_33.pth,16216909,e6bf990dca8abdeb4d3be842f8ac9ab03bf6152541d8d06c9084cf26f3d79225,SAFE_LOAD_OK,OrderedDict,initial_conv.weight;initial_conv.bias;mnv2_block1.0.0.conv_dw.weight;mnv2_block1.0.0.bn1.weight;mnv2_block1.0.0.bn1.bias;mnv2_block1.0.0.bn1.running_mean;mnv2_block1.0.0.bn1.running_var;mnv2_block1.0.0.bn1.num_batches_tracked;mnv2_block1.0.0.conv_pw.weight;mnv2_block1.0.0.bn2.weight;mnv2_block1.0.0.bn2.bias;mnv2_block1.0.0.bn2.running_mean;mnv2_block1.0.0.bn2.running_var;mnv2_block1.0.0.bn2.num_batches_tracked;mnv2_block1.1.0.conv_pw.weight;mnv2_block1.1.0.bn1.weight;mnv2_block1.1.0.bn1.bias;mnv2_block1.1.0.bn1.running_mean;mnv2_block1.1.0.bn1.running_var;mnv2_block1.1.0.bn1.num_batches_tracked;mnv2_block1.1.0.conv_dw.weight;mnv2_block1.1.0.bn2.weight;mnv2_block1.1.0.bn2.bias;mnv2_block1.1.0.bn2.running_mean;mnv2_block1.1.0.bn2.running_var;mnv2_block1.1.0.bn2.num_batches_tracked;mnv2_block1.1.0.conv_pwl.weight;mnv2_block1.1.0.bn3.weight;mnv2_block1.1.0.bn3.bias;mnv2_block1.1.0.bn3.running_mean;mnv2_block1.1.0.bn3.running_var;mnv2_block1.1.0.bn3.num_batches_tracked;mnv2_block1.1.1.conv_pw.weight;mnv2_block1.1.1.bn1.weight;mnv2_block1.1.1.bn1.bias;mnv2_block1.1.1.bn1.running_mean;mnv2_block1.1.1.bn1.running_var;mnv2_block1.1.1.bn1.num_batches_tracked;mnv2_block1.1.1.conv_dw.weight;mnv2_block1.1.1.bn2.weight;mnv2_block1.1.1.bn2.bias;mnv2_block1.1.1.bn2.running_mean;mnv2_block1.1.1.bn2.running_var;mnv2_block1.1.1.bn2.num_batches_tracked;mnv2_block1.1.1.conv_pwl.weight;mnv2_block1.1.1.bn3.weight;mnv2_block1.1.1.bn3.bias;mnv2_block1.1.1.bn3.running_mean;mnv2_block1.1.1.bn3.running_var;mnv2_block1.1.1.bn3.num_batches_tracked;mnv2_block1.2.0.conv_pw.weight;mnv2_block1.2.0.bn1.weight;mnv2_block1.2.0.bn1.bias;mnv2_block1.2.0.bn1.running_mean;mnv2_block1.2.0.bn1.running_var;mnv2_block1.2.0.bn1.num_batches_tracked;mnv2_block1.2.0.conv_dw.weight;mnv2_block1.2.0.bn2.weight;mnv2_block1.2.0.bn2.bias;mnv2_block1.2.0.bn2.running_mean;mnv2_block1.2.0.bn2.running_var;mnv2_block1.2.0.bn2.num_batches_tracked;mnv2_block1.2.0.conv_pwl.weight;mnv2_block1.2.0.bn3.weight;mnv2_block1.2.0.bn3.bias;mnv2_block1.2.0.bn3.running_mean;mnv2_block1.2.0.bn3.running_var;mnv2_block1.2.0.bn3.num_batches_tracked;mnv2_block1.2.1.conv_pw.weight;mnv2_block1.2.1.bn1.weight;mnv2_block1.2.1.bn1.bias;mnv2_block1.2.1.bn1.running_mean;mnv2_block1.2.1.bn1.running_var;mnv2_block1.2.1.bn1.num_batches_tracked;mnv2_block1.2.1.conv_dw.weight;mnv2_block1.2.1.bn2.weight;mnv2_block1.2.1.bn2.bias;mnv2_block1.2.1.bn2.running_mean;mnv2_block1.2.1.bn2.running_var;mnv2_block1.2.1.bn2.num_batches_tracked;mnv2_block1.2.1.conv_pwl.weight;mnv2_block1.2.1.bn3.weight;mnv2_block1.2.1.bn3.bias;mnv2_block1.2.1.bn3.running_mean;mnv2_block1.2.1.bn3.running_var;mnv2_block1.2.1.bn3.num_batches_tracked;mnv2_block1.2.2.conv_pw.weight;mnv2_block1.2.2.bn1.weight;mnv2_block1.2.2.bn1.bias;mnv2_block1.2.2.bn1.running_mean;mnv2_block1.2.2.bn1.running_var;mnv2_block1.2.2.bn1.num_batches_tracked;mnv2_block1.2.2.conv_dw.weight;mnv2_block1.2.2.bn2.weight;mnv2_block1.2.2.bn2.bias;mnv2_block1.2.2.bn2.running_mean;mnv2_block1.2.2.bn2.running_var;mnv2_block1.2.2.bn2.num_batches_tracked;mnv2_block1.2.2.conv_pwl.weight;mnv2_block1.2.2.bn3.weight,raw_state_dict,846,549,FINETUNED_SOILNET_DUALHEAD,33,,SoilNetDualHead,True,True,True,10,2,2x128,10x128,True,False,False,False,MODEL_COMPATIBLE;HAS_REG_HEAD;HAS_CLS_HEAD;HAS_LIGHT_BRANCH,Parameter tensor count excludes running statistics/counters; classification uses normalized keys and source evidence.
sha256:7deb4cd4f16113fcffc6,DATA_ROOT_EMBEDDED_ARTIFACTS,Soil_Labeled_Data/soilNet_di chuyen tu o C/Model/SoilNet_best.pth,SoilNet_best.pth,16209790,7deb4cd4f16113fcffc64f656b81d362bada4e272f1876896093dcb684a1c890,SAFE_LOAD_OK,OrderedDict,initial_conv.weight;initial_conv.bias;mnv2_block1.0.0.conv_dw.weight;mnv2_block1.0.0.bn1.weight;mnv2_block1.0.0.bn1.bias;mnv2_block1.0.0.bn1.running_mean;mnv2_block1.0.0.bn1.running_var;mnv2_block1.0.0.bn1.num_batches_tracked;mnv2_block1.0.0.conv_pw.weight;mnv2_block1.0.0.bn2.weight;mnv2_block1.0.0.bn2.bias;mnv2_block1.0.0.bn2.running_mean;mnv2_block1.0.0.bn2.running_var;mnv2_block1.0.0.bn2.num_batches_tracked;mnv2_block1.1.0.conv_pw.weight;mnv2_block1.1.0.bn1.weight;mnv2_block1.1.0.bn1.bias;mnv2_block1.1.0.bn1.running_mean;mnv2_block1.1.0.bn1.running_var;mnv2_block1.1.0.bn1.num_batches_tracked;mnv2_block1.1.0.conv_dw.weight;mnv2_block1.1.0.bn2.weight;mnv2_block1.1.0.bn2.bias;mnv2_block1.1.0.bn2.running_mean;mnv2_block1.1.0.bn2.running_var;mnv2_block1.1.0.bn2.num_batches_tracked;mnv2_block1.1.0.conv_pwl.weight;mnv2_block1.1.0.bn3.weight;mnv2_block1.1.0.bn3.bias;mnv2_block1.1.0.bn3.running_mean;mnv2_block1.1.0.bn3.running_var;mnv2_block1.1.0.bn3.num_batches_tracked;mnv2_block1.1.1.conv_pw.weight;mnv2_block1.1.1.bn1.weight;mnv2_block1.1.1.bn1.bias;mnv2_block1.1.1.bn1.running_mean;mnv2_block1.1.1.bn1.running_var;mnv2_block1.1.1.bn1.num_batches_tracked;mnv2_block1.1.1.conv_dw.weight;mnv2_block1.1.1.bn2.weight;mnv2_block1.1.1.bn2.bias;mnv2_block1.1.1.bn2.running_mean;mnv2_block1.1.1.bn2.running_var;mnv2_block1.1.1.bn2.num_batches_tracked;mnv2_block1.1.1.conv_pwl.weight;mnv2_block1.1.1.bn3.weight;mnv2_block1.1.1.bn3.bias;mnv2_block1.1.1.bn3.running_mean;mnv2_block1.1.1.bn3.running_var;mnv2_block1.1.1.bn3.num_batches_tracked;mnv2_block1.2.0.conv_pw.weight;mnv2_block1.2.0.bn1.weight;mnv2_block1.2.0.bn1.bias;mnv2_block1.2.0.bn1.running_mean;mnv2_block1.2.0.bn1.running_var;mnv2_block1.2.0.bn1.num_batches_tracked;mnv2_block1.2.0.conv_dw.weight;mnv2_block1.2.0.bn2.weight;mnv2_block1.2.0.bn2.bias;mnv2_block1.2.0.bn2.running_mean;mnv2_block1.2.0.bn2.running_var;mnv2_block1.2.0.bn2.num_batches_tracked;mnv2_block1.2.0.conv_pwl.weight;mnv2_block1.2.0.bn3.weight;mnv2_block1.2.0.bn3.bias;mnv2_block1.2.0.bn3.running_mean;mnv2_block1.2.0.bn3.running_var;mnv2_block1.2.0.bn3.num_batches_tracked;mnv2_block1.2.1.conv_pw.weight;mnv2_block1.2.1.bn1.weight;mnv2_block1.2.1.bn1.bias;mnv2_block1.2.1.bn1.running_mean;mnv2_block1.2.1.bn1.running_var;mnv2_block1.2.1.bn1.num_batches_tracked;mnv2_block1.2.1.conv_dw.weight;mnv2_block1.2.1.bn2.weight;mnv2_block1.2.1.bn2.bias;mnv2_block1.2.1.bn2.running_mean;mnv2_block1.2.1.bn2.running_var;mnv2_block1.2.1.bn2.num_batches_tracked;mnv2_block1.2.1.conv_pwl.weight;mnv2_block1.2.1.bn3.weight;mnv2_block1.2.1.bn3.bias;mnv2_block1.2.1.bn3.running_mean;mnv2_block1.2.1.bn3.running_var;mnv2_block1.2.1.bn3.num_batches_tracked;mnv2_block1.2.2.conv_pw.weight;mnv2_block1.2.2.bn1.weight;mnv2_block1.2.2.bn1.bias;mnv2_block1.2.2.bn1.running_mean;mnv2_block1.2.2.bn1.running_var;mnv2_block1.2.2.bn1.num_batches_tracked;mnv2_block1.2.2.conv_dw.weight;mnv2_block1.2.2.bn2.weight;mnv2_block1.2.2.bn2.bias;mnv2_block1.2.2.bn2.running_mean;mnv2_block1.2.2.bn2.running_var;mnv2_block1.2.2.bn2.num_batches_tracked;mnv2_block1.2.2.conv_pwl.weight;mnv2_block1.2.2.bn3.weight,raw_state_dict,846,549,FINETUNED_SOILNET_DUALHEAD,,,SoilNetDualHead,True,True,True,10,2,2x128,10x128,True,False,False,False,DUPLICATE_SHA256;MODEL_COMPATIBLE;HAS_REG_HEAD;HAS_CLS_HEAD;HAS_LIGHT_BRANCH,Parameter tensor count excludes running statistics/counters; classification uses normalized keys and source evidence.
sha256:7fbfac2b637613c6f48b,DATA_ROOT_EMBEDDED_ARTIFACTS,Soil_Labeled_Data/soilNet_di chuyen tu o C/Model/SoilNet_orginal.pth,SoilNet_orginal.pth,16203247,7fbfac2b637613c6f48b3fef6f2c56be07080eedfba73da1d2b553e0b41f3631,SAFE_LOAD_OK,OrderedDict,initial_conv.weight;initial_conv.bias;mnv2_block1.0.0.conv_dw.weight;mnv2_block1.0.0.bn1.weight;mnv2_block1.0.0.bn1.bias;mnv2_block1.0.0.bn1.running_mean;mnv2_block1.0.0.bn1.running_var;mnv2_block1.0.0.bn1.num_batches_tracked;mnv2_block1.0.0.conv_pw.weight;mnv2_block1.0.0.bn2.weight;mnv2_block1.0.0.bn2.bias;mnv2_block1.0.0.bn2.running_mean;mnv2_block1.0.0.bn2.running_var;mnv2_block1.0.0.bn2.num_batches_tracked;mnv2_block1.1.0.conv_pw.weight;mnv2_block1.1.0.bn1.weight;mnv2_block1.1.0.bn1.bias;mnv2_block1.1.0.bn1.running_mean;mnv2_block1.1.0.bn1.running_var;mnv2_block1.1.0.bn1.num_batches_tracked;mnv2_block1.1.0.conv_dw.weight;mnv2_block1.1.0.bn2.weight;mnv2_block1.1.0.bn2.bias;mnv2_block1.1.0.bn2.running_mean;mnv2_block1.1.0.bn2.running_var;mnv2_block1.1.0.bn2.num_batches_tracked;mnv2_block1.1.0.conv_pwl.weight;mnv2_block1.1.0.bn3.weight;mnv2_block1.1.0.bn3.bias;mnv2_block1.1.0.bn3.running_mean;mnv2_block1.1.0.bn3.running_var;mnv2_block1.1.0.bn3.num_batches_tracked;mnv2_block1.1.1.conv_pw.weight;mnv2_block1.1.1.bn1.weight;mnv2_block1.1.1.bn1.bias;mnv2_block1.1.1.bn1.running_mean;mnv2_block1.1.1.bn1.running_var;mnv2_block1.1.1.bn1.num_batches_tracked;mnv2_block1.1.1.conv_dw.weight;mnv2_block1.1.1.bn2.weight;mnv2_block1.1.1.bn2.bias;mnv2_block1.1.1.bn2.running_mean;mnv2_block1.1.1.bn2.running_var;mnv2_block1.1.1.bn2.num_batches_tracked;mnv2_block1.1.1.conv_pwl.weight;mnv2_block1.1.1.bn3.weight;mnv2_block1.1.1.bn3.bias;mnv2_block1.1.1.bn3.running_mean;mnv2_block1.1.1.bn3.running_var;mnv2_block1.1.1.bn3.num_batches_tracked;mnv2_block1.2.0.conv_pw.weight;mnv2_block1.2.0.bn1.weight;mnv2_block1.2.0.bn1.bias;mnv2_block1.2.0.bn1.running_mean;mnv2_block1.2.0.bn1.running_var;mnv2_block1.2.0.bn1.num_batches_tracked;mnv2_block1.2.0.conv_dw.weight;mnv2_block1.2.0.bn2.weight;mnv2_block1.2.0.bn2.bias;mnv2_block1.2.0.bn2.running_mean;mnv2_block1.2.0.bn2.running_var;mnv2_block1.2.0.bn2.num_batches_tracked;mnv2_block1.2.0.conv_pwl.weight;mnv2_block1.2.0.bn3.weight;mnv2_block1.2.0.bn3.bias;mnv2_block1.2.0.bn3.running_mean;mnv2_block1.2.0.bn3.running_var;mnv2_block1.2.0.bn3.num_batches_tracked;mnv2_block1.2.1.conv_pw.weight;mnv2_block1.2.1.bn1.weight;mnv2_block1.2.1.bn1.bias;mnv2_block1.2.1.bn1.running_mean;mnv2_block1.2.1.bn1.running_var;mnv2_block1.2.1.bn1.num_batches_tracked;mnv2_block1.2.1.conv_dw.weight;mnv2_block1.2.1.bn2.weight;mnv2_block1.2.1.bn2.bias;mnv2_block1.2.1.bn2.running_mean;mnv2_block1.2.1.bn2.running_var;mnv2_block1.2.1.bn2.num_batches_tracked;mnv2_block1.2.1.conv_pwl.weight;mnv2_block1.2.1.bn3.weight;mnv2_block1.2.1.bn3.bias;mnv2_block1.2.1.bn3.running_mean;mnv2_block1.2.1.bn3.running_var;mnv2_block1.2.1.bn3.num_batches_tracked;mnv2_block1.2.2.conv_pw.weight;mnv2_block1.2.2.bn1.weight;mnv2_block1.2.2.bn1.bias;mnv2_block1.2.2.bn1.running_mean;mnv2_block1.2.2.bn1.running_var;mnv2_block1.2.2.bn1.num_batches_tracked;mnv2_block1.2.2.conv_dw.weight;mnv2_block1.2.2.bn2.weight;mnv2_block1.2.2.bn2.bias;mnv2_block1.2.2.bn2.running_mean;mnv2_block1.2.2.bn2.running_var;mnv2_block1.2.2.bn2.num_batches_tracked;mnv2_block1.2.2.conv_pwl.weight;mnv2_block1.2.2.bn3.weight,raw_state_dict,846,549,UNKNOWN,,,SoilNetDualHead,True,True,True,10,2,2x128,10x128,True,False,False,False,MODEL_COMPATIBLE;HAS_REG_HEAD;HAS_CLS_HEAD;HAS_LIGHT_BRANCH,Parameter tensor count excludes running statistics/counters; classification uses normalized keys and source evidence.
sha256:5a433a67acff306e295d,DATA_ROOT_EMBEDDED_ARTIFACTS,Soil_Labeled_Data/soilNet_di chuyen tu o C/Model/SoilNet_orginal_20_epoch_VicReg.pth,SoilNet_orginal_20_epoch_VicReg.pth,23485664,5a433a67acff306e295df862cceae1f008e08b1a9040eaac7c564a1f51b16d06,SAFE_LOAD_FAILED,UNREADABLE,,,0,0,UNREADABLE,,,UNKNOWN,False,False,False,,,,,False,False,False,False,,"SAFE_LOAD_FAILED; no unsafe fallback: UnpicklingError: Weights only load failed. This file can still be loaded, to do so you have two options, [1mdo those steps only if you trust the source of the checkpoint[0m.
	(1) In PyTorch 2.6, we changed the default value of the `weights_only` argument in `torch.load` from `False` to `True`. Re-running `torch.load` with `weights_only` set to `False` will likely succeed, but it can result in arbitrary code execution. Do it only if you got the file from a trusted source.
	(2) Alternatively, to load with `weights_only=True` please check the recommended steps in the following error message.
	WeightsUnpickler error: Unsupported global: GLOBAL numpy._core.multiarray.scalar was not an allowed global by default. Please use `torch.serialization.add_safe_globals([scalar])` or the `torch.serialization.safe_globals([scalar])` context manager to allowlist this global if you trust this class/function.

Check the documentation of torch.load to learn more about types accepted by default with weights_only https://pytorch.org/docs/stable/generated/torch.load.html."
sha256:ea4d3de46a4a3dd3a391,DATA_ROOT_EMBEDDED_ARTIFACTS,Soil_Labeled_Data/soilNet_di chuyen tu o C/Model/SoilNet_orginal_20_epoch_VicReg_finetuned.pth,SoilNet_orginal_20_epoch_VicReg_finetuned.pth,16197882,ea4d3de46a4a3dd3a391f7408049513e5fdd9da66472d26836a49622aef86612,SAFE_LOAD_OK,OrderedDict,initial_conv.weight;initial_conv.bias;mnv2_block1.0.0.conv_dw.weight;mnv2_block1.0.0.bn1.weight;mnv2_block1.0.0.bn1.bias;mnv2_block1.0.0.bn1.running_mean;mnv2_block1.0.0.bn1.running_var;mnv2_block1.0.0.bn1.num_batches_tracked;mnv2_block1.0.0.conv_pw.weight;mnv2_block1.0.0.bn2.weight;mnv2_block1.0.0.bn2.bias;mnv2_block1.0.0.bn2.running_mean;mnv2_block1.0.0.bn2.running_var;mnv2_block1.0.0.bn2.num_batches_tracked;mnv2_block1.1.0.conv_pw.weight;mnv2_block1.1.0.bn1.weight;mnv2_block1.1.0.bn1.bias;mnv2_block1.1.0.bn1.running_mean;mnv2_block1.1.0.bn1.running_var;mnv2_block1.1.0.bn1.num_batches_tracked;mnv2_block1.1.0.conv_dw.weight;mnv2_block1.1.0.bn2.weight;mnv2_block1.1.0.bn2.bias;mnv2_block1.1.0.bn2.running_mean;mnv2_block1.1.0.bn2.running_var;mnv2_block1.1.0.bn2.num_batches_tracked;mnv2_block1.1.0.conv_pwl.weight;mnv2_block1.1.0.bn3.weight;mnv2_block1.1.0.bn3.bias;mnv2_block1.1.0.bn3.running_mean;mnv2_block1.1.0.bn3.running_var;mnv2_block1.1.0.bn3.num_batches_tracked;mnv2_block1.1.1.conv_pw.weight;mnv2_block1.1.1.bn1.weight;mnv2_block1.1.1.bn1.bias;mnv2_block1.1.1.bn1.running_mean;mnv2_block1.1.1.bn1.running_var;mnv2_block1.1.1.bn1.num_batches_tracked;mnv2_block1.1.1.conv_dw.weight;mnv2_block1.1.1.bn2.weight;mnv2_block1.1.1.bn2.bias;mnv2_block1.1.1.bn2.running_mean;mnv2_block1.1.1.bn2.running_var;mnv2_block1.1.1.bn2.num_batches_tracked;mnv2_block1.1.1.conv_pwl.weight;mnv2_block1.1.1.bn3.weight;mnv2_block1.1.1.bn3.bias;mnv2_block1.1.1.bn3.running_mean;mnv2_block1.1.1.bn3.running_var;mnv2_block1.1.1.bn3.num_batches_tracked;mnv2_block1.2.0.conv_pw.weight;mnv2_block1.2.0.bn1.weight;mnv2_block1.2.0.bn1.bias;mnv2_block1.2.0.bn1.running_mean;mnv2_block1.2.0.bn1.running_var;mnv2_block1.2.0.bn1.num_batches_tracked;mnv2_block1.2.0.conv_dw.weight;mnv2_block1.2.0.bn2.weight;mnv2_block1.2.0.bn2.bias;mnv2_block1.2.0.bn2.running_mean;mnv2_block1.2.0.bn2.running_var;mnv2_block1.2.0.bn2.num_batches_tracked;mnv2_block1.2.0.conv_pwl.weight;mnv2_block1.2.0.bn3.weight;mnv2_block1.2.0.bn3.bias;mnv2_block1.2.0.bn3.running_mean;mnv2_block1.2.0.bn3.running_var;mnv2_block1.2.0.bn3.num_batches_tracked;mnv2_block1.2.1.conv_pw.weight;mnv2_block1.2.1.bn1.weight;mnv2_block1.2.1.bn1.bias;mnv2_block1.2.1.bn1.running_mean;mnv2_block1.2.1.bn1.running_var;mnv2_block1.2.1.bn1.num_batches_tracked;mnv2_block1.2.1.conv_dw.weight;mnv2_block1.2.1.bn2.weight;mnv2_block1.2.1.bn2.bias;mnv2_block1.2.1.bn2.running_mean;mnv2_block1.2.1.bn2.running_var;mnv2_block1.2.1.bn2.num_batches_tracked;mnv2_block1.2.1.conv_pwl.weight;mnv2_block1.2.1.bn3.weight;mnv2_block1.2.1.bn3.bias;mnv2_block1.2.1.bn3.running_mean;mnv2_block1.2.1.bn3.running_var;mnv2_block1.2.1.bn3.num_batches_tracked;mnv2_block1.2.2.conv_pw.weight;mnv2_block1.2.2.bn1.weight;mnv2_block1.2.2.bn1.bias;mnv2_block1.2.2.bn1.running_mean;mnv2_block1.2.2.bn1.running_var;mnv2_block1.2.2.bn1.num_batches_tracked;mnv2_block1.2.2.conv_dw.weight;mnv2_block1.2.2.bn2.weight;mnv2_block1.2.2.bn2.bias;mnv2_block1.2.2.bn2.running_mean;mnv2_block1.2.2.bn2.running_var;mnv2_block1.2.2.bn2.num_batches_tracked;mnv2_block1.2.2.conv_pwl.weight;mnv2_block1.2.2.bn3.weight,raw_state_dict,846,549,FINETUNED_SOILNET_DUALHEAD,,,SoilNetDualHead,True,True,True,10,2,2x128,10x128,True,False,False,False,MODEL_COMPATIBLE;HAS_REG_HEAD;HAS_CLS_HEAD;HAS_LIGHT_BRANCH,Parameter tensor count excludes running statistics/counters; classification uses normalized keys and source evidence.
sha256:7a56300d74b5c91d10d6,DATA_ROOT_EMBEDDED_ARTIFACTS,Soil_Labeled_Data/soilNet_di chuyen tu o C/Model/SoilNet_orginal_50_epoch_VicReg.pth,SoilNet_orginal_50_epoch_VicReg.pth,23485664,7a56300d74b5c91d10d671b248bbacf999058236bf5e14332dfd95405f774493,SAFE_LOAD_FAILED,UNREADABLE,,,0,0,UNREADABLE,,,UNKNOWN,False,False,False,,,,,False,False,False,False,,"SAFE_LOAD_FAILED; no unsafe fallback: UnpicklingError: Weights only load failed. This file can still be loaded, to do so you have two options, [1mdo those steps only if you trust the source of the checkpoint[0m.
	(1) In PyTorch 2.6, we changed the default value of the `weights_only` argument in `torch.load` from `False` to `True`. Re-running `torch.load` with `weights_only` set to `False` will likely succeed, but it can result in arbitrary code execution. Do it only if you got the file from a trusted source.
	(2) Alternatively, to load with `weights_only=True` please check the recommended steps in the following error message.
	WeightsUnpickler error: Unsupported global: GLOBAL numpy._core.multiarray.scalar was not an allowed global by default. Please use `torch.serialization.add_safe_globals([scalar])` or the `torch.serialization.safe_globals([scalar])` context manager to allowlist this global if you trust this class/function.

Check the documentation of torch.load to learn more about types accepted by default with weights_only https://pytorch.org/docs/stable/generated/torch.load.html."
sha256:53e9e7dbf9f3de67a15b,DATA_ROOT_EMBEDDED_ARTIFACTS,Soil_Labeled_Data/soilNet_di chuyen tu o C/Model/SoilNet_orginal_50_epoch_VicReg_finetuned.pth,SoilNet_orginal_50_epoch_VicReg_finetuned.pth,16197882,53e9e7dbf9f3de67a15b55f01e21d451fa3350bcaa7cdca76c7c5cef0971423b,SAFE_LOAD_OK,OrderedDict,initial_conv.weight;initial_conv.bias;mnv2_block1.0.0.conv_dw.weight;mnv2_block1.0.0.bn1.weight;mnv2_block1.0.0.bn1.bias;mnv2_block1.0.0.bn1.running_mean;mnv2_block1.0.0.bn1.running_var;mnv2_block1.0.0.bn1.num_batches_tracked;mnv2_block1.0.0.conv_pw.weight;mnv2_block1.0.0.bn2.weight;mnv2_block1.0.0.bn2.bias;mnv2_block1.0.0.bn2.running_mean;mnv2_block1.0.0.bn2.running_var;mnv2_block1.0.0.bn2.num_batches_tracked;mnv2_block1.1.0.conv_pw.weight;mnv2_block1.1.0.bn1.weight;mnv2_block1.1.0.bn1.bias;mnv2_block1.1.0.bn1.running_mean;mnv2_block1.1.0.bn1.running_var;mnv2_block1.1.0.bn1.num_batches_tracked;mnv2_block1.1.0.conv_dw.weight;mnv2_block1.1.0.bn2.weight;mnv2_block1.1.0.bn2.bias;mnv2_block1.1.0.bn2.running_mean;mnv2_block1.1.0.bn2.running_var;mnv2_block1.1.0.bn2.num_batches_tracked;mnv2_block1.1.0.conv_pwl.weight;mnv2_block1.1.0.bn3.weight;mnv2_block1.1.0.bn3.bias;mnv2_block1.1.0.bn3.running_mean;mnv2_block1.1.0.bn3.running_var;mnv2_block1.1.0.bn3.num_batches_tracked;mnv2_block1.1.1.conv_pw.weight;mnv2_block1.1.1.bn1.weight;mnv2_block1.1.1.bn1.bias;mnv2_block1.1.1.bn1.running_mean;mnv2_block1.1.1.bn1.running_var;mnv2_block1.1.1.bn1.num_batches_tracked;mnv2_block1.1.1.conv_dw.weight;mnv2_block1.1.1.bn2.weight;mnv2_block1.1.1.bn2.bias;mnv2_block1.1.1.bn2.running_mean;mnv2_block1.1.1.bn2.running_var;mnv2_block1.1.1.bn2.num_batches_tracked;mnv2_block1.1.1.conv_pwl.weight;mnv2_block1.1.1.bn3.weight;mnv2_block1.1.1.bn3.bias;mnv2_block1.1.1.bn3.running_mean;mnv2_block1.1.1.bn3.running_var;mnv2_block1.1.1.bn3.num_batches_tracked;mnv2_block1.2.0.conv_pw.weight;mnv2_block1.2.0.bn1.weight;mnv2_block1.2.0.bn1.bias;mnv2_block1.2.0.bn1.running_mean;mnv2_block1.2.0.bn1.running_var;mnv2_block1.2.0.bn1.num_batches_tracked;mnv2_block1.2.0.conv_dw.weight;mnv2_block1.2.0.bn2.weight;mnv2_block1.2.0.bn2.bias;mnv2_block1.2.0.bn2.running_mean;mnv2_block1.2.0.bn2.running_var;mnv2_block1.2.0.bn2.num_batches_tracked;mnv2_block1.2.0.conv_pwl.weight;mnv2_block1.2.0.bn3.weight;mnv2_block1.2.0.bn3.bias;mnv2_block1.2.0.bn3.running_mean;mnv2_block1.2.0.bn3.running_var;mnv2_block1.2.0.bn3.num_batches_tracked;mnv2_block1.2.1.conv_pw.weight;mnv2_block1.2.1.bn1.weight;mnv2_block1.2.1.bn1.bias;mnv2_block1.2.1.bn1.running_mean;mnv2_block1.2.1.bn1.running_var;mnv2_block1.2.1.bn1.num_batches_tracked;mnv2_block1.2.1.conv_dw.weight;mnv2_block1.2.1.bn2.weight;mnv2_block1.2.1.bn2.bias;mnv2_block1.2.1.bn2.running_mean;mnv2_block1.2.1.bn2.running_var;mnv2_block1.2.1.bn2.num_batches_tracked;mnv2_block1.2.1.conv_pwl.weight;mnv2_block1.2.1.bn3.weight;mnv2_block1.2.1.bn3.bias;mnv2_block1.2.1.bn3.running_mean;mnv2_block1.2.1.bn3.running_var;mnv2_block1.2.1.bn3.num_batches_tracked;mnv2_block1.2.2.conv_pw.weight;mnv2_block1.2.2.bn1.weight;mnv2_block1.2.2.bn1.bias;mnv2_block1.2.2.bn1.running_mean;mnv2_block1.2.2.bn1.running_var;mnv2_block1.2.2.bn1.num_batches_tracked;mnv2_block1.2.2.conv_dw.weight;mnv2_block1.2.2.bn2.weight;mnv2_block1.2.2.bn2.bias;mnv2_block1.2.2.bn2.running_mean;mnv2_block1.2.2.bn2.running_var;mnv2_block1.2.2.bn2.num_batches_tracked;mnv2_block1.2.2.conv_pwl.weight;mnv2_block1.2.2.bn3.weight,raw_state_dict,846,549,FINETUNED_SOILNET_DUALHEAD,,,SoilNetDualHead,True,True,True,10,2,2x128,10x128,True,False,False,False,MODEL_COMPATIBLE;HAS_REG_HEAD;HAS_CLS_HEAD;HAS_LIGHT_BRANCH,Parameter tensor count excludes running statistics/counters; classification uses normalized keys and source evidence.
sha256:aa10a820b137bd1c6c6a,DATA_ROOT_EMBEDDED_ARTIFACTS,Soil_Labeled_Data/soilNet_di chuyen tu o C/Model/SoilNet_pretrained_20_epoch_VicReg.pth,SoilNet_pretrained_20_epoch_VicReg.pth,23485664,aa10a820b137bd1c6c6a00d6c5ca7155e5fed26b81f675967821cfc3a5df47e5,SAFE_LOAD_FAILED,UNREADABLE,,,0,0,UNREADABLE,,,UNKNOWN,False,False,False,,,,,False,False,False,False,,"SAFE_LOAD_FAILED; no unsafe fallback: UnpicklingError: Weights only load failed. This file can still be loaded, to do so you have two options, [1mdo those steps only if you trust the source of the checkpoint[0m.
	(1) In PyTorch 2.6, we changed the default value of the `weights_only` argument in `torch.load` from `False` to `True`. Re-running `torch.load` with `weights_only` set to `False` will likely succeed, but it can result in arbitrary code execution. Do it only if you got the file from a trusted source.
	(2) Alternatively, to load with `weights_only=True` please check the recommended steps in the following error message.
	WeightsUnpickler error: Unsupported global: GLOBAL numpy._core.multiarray.scalar was not an allowed global by default. Please use `torch.serialization.add_safe_globals([scalar])` or the `torch.serialization.safe_globals([scalar])` context manager to allowlist this global if you trust this class/function.

Check the documentation of torch.load to learn more about types accepted by default with weights_only https://pytorch.org/docs/stable/generated/torch.load.html."
sha256:9396a7066b541f46f5c5,DATA_ROOT_EMBEDDED_ARTIFACTS,Soil_Labeled_Data/soilNet_di chuyen tu o C/Model/SoilNet_pretrained_20_epoch_VicReg_finetuned.pth,SoilNet_pretrained_20_epoch_VicReg_finetuned.pth,16207434,9396a7066b541f46f5c5bd1f1a560d3aff2694f0194c0e591e6b8ec9e462014d,SAFE_LOAD_OK,OrderedDict,initial_conv.weight;initial_conv.bias;mnv2_block1.0.0.conv_dw.weight;mnv2_block1.0.0.bn1.weight;mnv2_block1.0.0.bn1.bias;mnv2_block1.0.0.bn1.running_mean;mnv2_block1.0.0.bn1.running_var;mnv2_block1.0.0.bn1.num_batches_tracked;mnv2_block1.0.0.conv_pw.weight;mnv2_block1.0.0.bn2.weight;mnv2_block1.0.0.bn2.bias;mnv2_block1.0.0.bn2.running_mean;mnv2_block1.0.0.bn2.running_var;mnv2_block1.0.0.bn2.num_batches_tracked;mnv2_block1.1.0.conv_pw.weight;mnv2_block1.1.0.bn1.weight;mnv2_block1.1.0.bn1.bias;mnv2_block1.1.0.bn1.running_mean;mnv2_block1.1.0.bn1.running_var;mnv2_block1.1.0.bn1.num_batches_tracked;mnv2_block1.1.0.conv_dw.weight;mnv2_block1.1.0.bn2.weight;mnv2_block1.1.0.bn2.bias;mnv2_block1.1.0.bn2.running_mean;mnv2_block1.1.0.bn2.running_var;mnv2_block1.1.0.bn2.num_batches_tracked;mnv2_block1.1.0.conv_pwl.weight;mnv2_block1.1.0.bn3.weight;mnv2_block1.1.0.bn3.bias;mnv2_block1.1.0.bn3.running_mean;mnv2_block1.1.0.bn3.running_var;mnv2_block1.1.0.bn3.num_batches_tracked;mnv2_block1.1.1.conv_pw.weight;mnv2_block1.1.1.bn1.weight;mnv2_block1.1.1.bn1.bias;mnv2_block1.1.1.bn1.running_mean;mnv2_block1.1.1.bn1.running_var;mnv2_block1.1.1.bn1.num_batches_tracked;mnv2_block1.1.1.conv_dw.weight;mnv2_block1.1.1.bn2.weight;mnv2_block1.1.1.bn2.bias;mnv2_block1.1.1.bn2.running_mean;mnv2_block1.1.1.bn2.running_var;mnv2_block1.1.1.bn2.num_batches_tracked;mnv2_block1.1.1.conv_pwl.weight;mnv2_block1.1.1.bn3.weight;mnv2_block1.1.1.bn3.bias;mnv2_block1.1.1.bn3.running_mean;mnv2_block1.1.1.bn3.running_var;mnv2_block1.1.1.bn3.num_batches_tracked;mnv2_block1.2.0.conv_pw.weight;mnv2_block1.2.0.bn1.weight;mnv2_block1.2.0.bn1.bias;mnv2_block1.2.0.bn1.running_mean;mnv2_block1.2.0.bn1.running_var;mnv2_block1.2.0.bn1.num_batches_tracked;mnv2_block1.2.0.conv_dw.weight;mnv2_block1.2.0.bn2.weight;mnv2_block1.2.0.bn2.bias;mnv2_block1.2.0.bn2.running_mean;mnv2_block1.2.0.bn2.running_var;mnv2_block1.2.0.bn2.num_batches_tracked;mnv2_block1.2.0.conv_pwl.weight;mnv2_block1.2.0.bn3.weight;mnv2_block1.2.0.bn3.bias;mnv2_block1.2.0.bn3.running_mean;mnv2_block1.2.0.bn3.running_var;mnv2_block1.2.0.bn3.num_batches_tracked;mnv2_block1.2.1.conv_pw.weight;mnv2_block1.2.1.bn1.weight;mnv2_block1.2.1.bn1.bias;mnv2_block1.2.1.bn1.running_mean;mnv2_block1.2.1.bn1.running_var;mnv2_block1.2.1.bn1.num_batches_tracked;mnv2_block1.2.1.conv_dw.weight;mnv2_block1.2.1.bn2.weight;mnv2_block1.2.1.bn2.bias;mnv2_block1.2.1.bn2.running_mean;mnv2_block1.2.1.bn2.running_var;mnv2_block1.2.1.bn2.num_batches_tracked;mnv2_block1.2.1.conv_pwl.weight;mnv2_block1.2.1.bn3.weight;mnv2_block1.2.1.bn3.bias;mnv2_block1.2.1.bn3.running_mean;mnv2_block1.2.1.bn3.running_var;mnv2_block1.2.1.bn3.num_batches_tracked;mnv2_block1.2.2.conv_pw.weight;mnv2_block1.2.2.bn1.weight;mnv2_block1.2.2.bn1.bias;mnv2_block1.2.2.bn1.running_mean;mnv2_block1.2.2.bn1.running_var;mnv2_block1.2.2.bn1.num_batches_tracked;mnv2_block1.2.2.conv_dw.weight;mnv2_block1.2.2.bn2.weight;mnv2_block1.2.2.bn2.bias;mnv2_block1.2.2.bn2.running_mean;mnv2_block1.2.2.bn2.running_var;mnv2_block1.2.2.bn2.num_batches_tracked;mnv2_block1.2.2.conv_pwl.weight;mnv2_block1.2.2.bn3.weight,raw_state_dict,846,549,FINETUNED_SOILNET_DUALHEAD,,,SoilNetDualHead,True,True,True,10,2,2x128,10x128,True,False,False,False,MODEL_COMPATIBLE;HAS_REG_HEAD;HAS_CLS_HEAD;HAS_LIGHT_BRANCH,Parameter tensor count excludes running statistics/counters; classification uses normalized keys and source evidence.
sha256:bcec49ef83c779a716bd,DATA_ROOT_EMBEDDED_ARTIFACTS,Soil_Labeled_Data/soilNet_di chuyen tu o C/Model/SoilNet_pretrained_50_epoch_VicReg.pth,SoilNet_pretrained_50_epoch_VicReg.pth,23485664,bcec49ef83c779a716bd3eb04adb000cafc66c13cc5ae1e75ffe20cd2397664a,SAFE_LOAD_FAILED,UNREADABLE,,,0,0,UNREADABLE,,,UNKNOWN,False,False,False,,,,,False,False,False,False,,"SAFE_LOAD_FAILED; no unsafe fallback: UnpicklingError: Weights only load failed. This file can still be loaded, to do so you have two options, [1mdo those steps only if you trust the source of the checkpoint[0m.
	(1) In PyTorch 2.6, we changed the default value of the `weights_only` argument in `torch.load` from `False` to `True`. Re-running `torch.load` with `weights_only` set to `False` will likely succeed, but it can result in arbitrary code execution. Do it only if you got the file from a trusted source.
	(2) Alternatively, to load with `weights_only=True` please check the recommended steps in the following error message.
	WeightsUnpickler error: Unsupported global: GLOBAL numpy._core.multiarray.scalar was not an allowed global by default. Please use `torch.serialization.add_safe_globals([scalar])` or the `torch.serialization.safe_globals([scalar])` context manager to allowlist this global if you trust this class/function.

Check the documentation of torch.load to learn more about types accepted by default with weights_only https://pytorch.org/docs/stable/generated/torch.load.html."
sha256:7deb4cd4f16113fcffc6,DATA_ROOT_EMBEDDED_ARTIFACTS,Soil_Labeled_Data/soilNet_di chuyen tu o C/Model/SoilNet_pretrained_50_epoch_VicReg_finetuned.pth,SoilNet_pretrained_50_epoch_VicReg_finetuned.pth,16209790,7deb4cd4f16113fcffc64f656b81d362bada4e272f1876896093dcb684a1c890,SAFE_LOAD_OK,OrderedDict,initial_conv.weight;initial_conv.bias;mnv2_block1.0.0.conv_dw.weight;mnv2_block1.0.0.bn1.weight;mnv2_block1.0.0.bn1.bias;mnv2_block1.0.0.bn1.running_mean;mnv2_block1.0.0.bn1.running_var;mnv2_block1.0.0.bn1.num_batches_tracked;mnv2_block1.0.0.conv_pw.weight;mnv2_block1.0.0.bn2.weight;mnv2_block1.0.0.bn2.bias;mnv2_block1.0.0.bn2.running_mean;mnv2_block1.0.0.bn2.running_var;mnv2_block1.0.0.bn2.num_batches_tracked;mnv2_block1.1.0.conv_pw.weight;mnv2_block1.1.0.bn1.weight;mnv2_block1.1.0.bn1.bias;mnv2_block1.1.0.bn1.running_mean;mnv2_block1.1.0.bn1.running_var;mnv2_block1.1.0.bn1.num_batches_tracked;mnv2_block1.1.0.conv_dw.weight;mnv2_block1.1.0.bn2.weight;mnv2_block1.1.0.bn2.bias;mnv2_block1.1.0.bn2.running_mean;mnv2_block1.1.0.bn2.running_var;mnv2_block1.1.0.bn2.num_batches_tracked;mnv2_block1.1.0.conv_pwl.weight;mnv2_block1.1.0.bn3.weight;mnv2_block1.1.0.bn3.bias;mnv2_block1.1.0.bn3.running_mean;mnv2_block1.1.0.bn3.running_var;mnv2_block1.1.0.bn3.num_batches_tracked;mnv2_block1.1.1.conv_pw.weight;mnv2_block1.1.1.bn1.weight;mnv2_block1.1.1.bn1.bias;mnv2_block1.1.1.bn1.running_mean;mnv2_block1.1.1.bn1.running_var;mnv2_block1.1.1.bn1.num_batches_tracked;mnv2_block1.1.1.conv_dw.weight;mnv2_block1.1.1.bn2.weight;mnv2_block1.1.1.bn2.bias;mnv2_block1.1.1.bn2.running_mean;mnv2_block1.1.1.bn2.running_var;mnv2_block1.1.1.bn2.num_batches_tracked;mnv2_block1.1.1.conv_pwl.weight;mnv2_block1.1.1.bn3.weight;mnv2_block1.1.1.bn3.bias;mnv2_block1.1.1.bn3.running_mean;mnv2_block1.1.1.bn3.running_var;mnv2_block1.1.1.bn3.num_batches_tracked;mnv2_block1.2.0.conv_pw.weight;mnv2_block1.2.0.bn1.weight;mnv2_block1.2.0.bn1.bias;mnv2_block1.2.0.bn1.running_mean;mnv2_block1.2.0.bn1.running_var;mnv2_block1.2.0.bn1.num_batches_tracked;mnv2_block1.2.0.conv_dw.weight;mnv2_block1.2.0.bn2.weight;mnv2_block1.2.0.bn2.bias;mnv2_block1.2.0.bn2.running_mean;mnv2_block1.2.0.bn2.running_var;mnv2_block1.2.0.bn2.num_batches_tracked;mnv2_block1.2.0.conv_pwl.weight;mnv2_block1.2.0.bn3.weight;mnv2_block1.2.0.bn3.bias;mnv2_block1.2.0.bn3.running_mean;mnv2_block1.2.0.bn3.running_var;mnv2_block1.2.0.bn3.num_batches_tracked;mnv2_block1.2.1.conv_pw.weight;mnv2_block1.2.1.bn1.weight;mnv2_block1.2.1.bn1.bias;mnv2_block1.2.1.bn1.running_mean;mnv2_block1.2.1.bn1.running_var;mnv2_block1.2.1.bn1.num_batches_tracked;mnv2_block1.2.1.conv_dw.weight;mnv2_block1.2.1.bn2.weight;mnv2_block1.2.1.bn2.bias;mnv2_block1.2.1.bn2.running_mean;mnv2_block1.2.1.bn2.running_var;mnv2_block1.2.1.bn2.num_batches_tracked;mnv2_block1.2.1.conv_pwl.weight;mnv2_block1.2.1.bn3.weight;mnv2_block1.2.1.bn3.bias;mnv2_block1.2.1.bn3.running_mean;mnv2_block1.2.1.bn3.running_var;mnv2_block1.2.1.bn3.num_batches_tracked;mnv2_block1.2.2.conv_pw.weight;mnv2_block1.2.2.bn1.weight;mnv2_block1.2.2.bn1.bias;mnv2_block1.2.2.bn1.running_mean;mnv2_block1.2.2.bn1.running_var;mnv2_block1.2.2.bn1.num_batches_tracked;mnv2_block1.2.2.conv_dw.weight;mnv2_block1.2.2.bn2.weight;mnv2_block1.2.2.bn2.bias;mnv2_block1.2.2.bn2.running_mean;mnv2_block1.2.2.bn2.running_var;mnv2_block1.2.2.bn2.num_batches_tracked;mnv2_block1.2.2.conv_pwl.weight;mnv2_block1.2.2.bn3.weight,raw_state_dict,846,549,FINETUNED_SOILNET_DUALHEAD,,,SoilNetDualHead,True,True,True,10,2,2x128,10x128,True,False,False,False,DUPLICATE_SHA256;MODEL_COMPATIBLE;HAS_REG_HEAD;HAS_CLS_HEAD;HAS_LIGHT_BRANCH,Parameter tensor count excludes running statistics/counters; classification uses normalized keys and source evidence.
sha256:ed726139b6411cae698b,DATA_ROOT_EMBEDDED_ARTIFACTS,Soil_Labeled_Data/soilNet_di chuyen tu o C/Model/Soilnet_pretrained_ImageNet.pth,Soilnet_pretrained_ImageNet.pth,15614520,ed726139b6411cae698b0eabc7a75888914270b1efa5b3ae45ff611bd760befc,SAFE_LOAD_OK,OrderedDict,initial_conv.weight;initial_conv.bias;mnv2_block1.0.0.conv_dw.weight;mnv2_block1.0.0.bn1.weight;mnv2_block1.0.0.bn1.bias;mnv2_block1.0.0.bn1.running_mean;mnv2_block1.0.0.bn1.running_var;mnv2_block1.0.0.bn1.num_batches_tracked;mnv2_block1.0.0.conv_pw.weight;mnv2_block1.0.0.bn2.weight;mnv2_block1.0.0.bn2.bias;mnv2_block1.0.0.bn2.running_mean;mnv2_block1.0.0.bn2.running_var;mnv2_block1.0.0.bn2.num_batches_tracked;mnv2_block1.1.0.conv_pw.weight;mnv2_block1.1.0.bn1.weight;mnv2_block1.1.0.bn1.bias;mnv2_block1.1.0.bn1.running_mean;mnv2_block1.1.0.bn1.running_var;mnv2_block1.1.0.bn1.num_batches_tracked;mnv2_block1.1.0.conv_dw.weight;mnv2_block1.1.0.bn2.weight;mnv2_block1.1.0.bn2.bias;mnv2_block1.1.0.bn2.running_mean;mnv2_block1.1.0.bn2.running_var;mnv2_block1.1.0.bn2.num_batches_tracked;mnv2_block1.1.0.conv_pwl.weight;mnv2_block1.1.0.bn3.weight;mnv2_block1.1.0.bn3.bias;mnv2_block1.1.0.bn3.running_mean;mnv2_block1.1.0.bn3.running_var;mnv2_block1.1.0.bn3.num_batches_tracked;mnv2_block1.1.1.conv_pw.weight;mnv2_block1.1.1.bn1.weight;mnv2_block1.1.1.bn1.bias;mnv2_block1.1.1.bn1.running_mean;mnv2_block1.1.1.bn1.running_var;mnv2_block1.1.1.bn1.num_batches_tracked;mnv2_block1.1.1.conv_dw.weight;mnv2_block1.1.1.bn2.weight;mnv2_block1.1.1.bn2.bias;mnv2_block1.1.1.bn2.running_mean;mnv2_block1.1.1.bn2.running_var;mnv2_block1.1.1.bn2.num_batches_tracked;mnv2_block1.1.1.conv_pwl.weight;mnv2_block1.1.1.bn3.weight;mnv2_block1.1.1.bn3.bias;mnv2_block1.1.1.bn3.running_mean;mnv2_block1.1.1.bn3.running_var;mnv2_block1.1.1.bn3.num_batches_tracked;mnv2_block1.2.0.conv_pw.weight;mnv2_block1.2.0.bn1.weight;mnv2_block1.2.0.bn1.bias;mnv2_block1.2.0.bn1.running_mean;mnv2_block1.2.0.bn1.running_var;mnv2_block1.2.0.bn1.num_batches_tracked;mnv2_block1.2.0.conv_dw.weight;mnv2_block1.2.0.bn2.weight;mnv2_block1.2.0.bn2.bias;mnv2_block1.2.0.bn2.running_mean;mnv2_block1.2.0.bn2.running_var;mnv2_block1.2.0.bn2.num_batches_tracked;mnv2_block1.2.0.conv_pwl.weight;mnv2_block1.2.0.bn3.weight;mnv2_block1.2.0.bn3.bias;mnv2_block1.2.0.bn3.running_mean;mnv2_block1.2.0.bn3.running_var;mnv2_block1.2.0.bn3.num_batches_tracked;mnv2_block1.2.1.conv_pw.weight;mnv2_block1.2.1.bn1.weight;mnv2_block1.2.1.bn1.bias;mnv2_block1.2.1.bn1.running_mean;mnv2_block1.2.1.bn1.running_var;mnv2_block1.2.1.bn1.num_batches_tracked;mnv2_block1.2.1.conv_dw.weight;mnv2_block1.2.1.bn2.weight;mnv2_block1.2.1.bn2.bias;mnv2_block1.2.1.bn2.running_mean;mnv2_block1.2.1.bn2.running_var;mnv2_block1.2.1.bn2.num_batches_tracked;mnv2_block1.2.1.conv_pwl.weight;mnv2_block1.2.1.bn3.weight;mnv2_block1.2.1.bn3.bias;mnv2_block1.2.1.bn3.running_mean;mnv2_block1.2.1.bn3.running_var;mnv2_block1.2.1.bn3.num_batches_tracked;mnv2_block1.2.2.conv_pw.weight;mnv2_block1.2.2.bn1.weight;mnv2_block1.2.2.bn1.bias;mnv2_block1.2.2.bn1.running_mean;mnv2_block1.2.2.bn1.running_var;mnv2_block1.2.2.bn1.num_batches_tracked;mnv2_block1.2.2.conv_dw.weight;mnv2_block1.2.2.bn2.weight;mnv2_block1.2.2.bn2.bias;mnv2_block1.2.2.bn2.running_mean;mnv2_block1.2.2.bn2.running_var;mnv2_block1.2.2.bn2.num_batches_tracked;mnv2_block1.2.2.conv_pwl.weight;mnv2_block1.2.2.bn3.weight,raw_state_dict,840,543,UNKNOWN,,,UNKNOWN,False,True,False,200,,,200x128,False,False,False,False,HAS_CLS_HEAD,Parameter tensor count excludes running statistics/counters; classification uses normalized keys and source evidence.
