near_duplicate_group_id,group_size,unique_sha256_count,sample_id,relative_path,effective_relative_path,sha256,perceptual_hash,split,threshold
phash:019406175839e097,8,8,0400422af6db50009b81,Soil_Labeled_Data/M_10_20/L_60_70/alluvial/IMG_0682.JPG,Soil_Labeled_Data/M_10_20/L_60_70/alluvial/IMG_0682.JPG,36a24b5252f54d123c2d8a780e43c5e9eec1c372beb3c339688c3b0370936231,64aae96130498c91,validation,5
phash:019406175839e097,8,8,71c41b8a9e21b8c3b6b0,Soil_Labeled_Data/M_30_40/L_60_70/alluvial/IMG_0682_M_10_20_light_brown.jpg,Soil_Labeled_Data/M_30_40/L_60_70/alluvial/IMG_0682_M_10_20_light_brown.jpg,c19ded70c34fe4b7f4806aa91c25b24d3d360b1abbd7b366513d0ce30ac5db59,64aae96130498c91,validation,5
phash:019406175839e097,8,8,0caae34edb6dca39d52d,Soil_Labeled_Data/M_50_60/L_60_70/alluvial/IMG_0682_M_10_20_light_brown_M_30_40_gray_brown.jpg,Soil_Labeled_Data/M_50_60/L_60_70/alluvial/IMG_0682_M_10_20_light_brown_M_30_40_gray_brown.jpg,41360f0356f4eb9b761d92e70cec8c64678ce7f758b764c896bb43a46b6a9135,64aae96130498c91,validation,5
phash:019406175839e097,8,8,4c65f4c69be4798fab4d,Soil_Labeled_Data/M_50_60/L_60_70/alluvial/IMG_0682_M_10_20_light_brown_M_40_50_gray_brown.jpg,Soil_Labeled_Data/M_50_60/L_60_70/alluvial/IMG_0682_M_10_20_light_brown_M_40_50_gray_brown.jpg,518437051917a01668e61b7d5ee0d5f059239023781ec597f61948751763c68d,64aae96130498c81,validation,5
phash:019406175839e097,8,8,cdb4e7f3b0861d1e7bbe,Soil_Labeled_Data/M_60_70/L_60_70/alluvial/IMG_0682_M_10_20_light_brown_M_40_50_gray_brown.jpg,Soil_Labeled_Data/M_60_70/L_60_70/alluvial/IMG_0682_M_10_20_light_brown_M_40_50_gray_brown.jpg,70795c62be5f0ac61a9471e7a764817c98f16cbf02159a2394f5406dc82c04aa,64aae96130498c81,validation,5
phash:019406175839e097,8,8,a6cbb11aa2e0aadadea9,Soil_Labeled_Data/M_90_100/L_60_70/alluvial/IMG_0682_M_10_20_light_brown_M_30_40_gray_brown_M_50_60_dark_brown_M_60_70_clay_red_M_70_80_clay_red_M_80_90_wet_gray.jpg,Soil_Labeled_Data/M_90_100/L_60_70/alluvial/IMG_0682_M_10_20_light_brown_M_30_40_gray_brown_M_50_60_dark_brown_M_60_70_clay_red_M_70_80_clay_red_M_80_90_wet_gray.jpg,c75c94c4e496c733d4c7694e3943c545affa70daba6897220cc3b13b81d4634a,2422696110498c81,validation,5
phash:019406175839e097,8,8,f5b9450028cd6c72931a,Soil_Labeled_Data/M_90_100/L_60_70/alluvial/IMG_0682_M_10_20_light_brown_M_30_40_gray_brown_M_50_60_dark_brown_M_60_70_wet_gray_M_80_90_dark_brown.jpg,Soil_Labeled_Data/M_90_100/L_60_70/alluvial/IMG_0682_M_10_20_light_brown_M_30_40_gray_brown_M_50_60_dark_brown_M_60_70_wet_gray_M_80_90_dark_brown.jpg,b0483ea573ddf15cf3b1d468684928b504409fb18fbfff02ac494b2d210d0fff,64aae96130498c81,validation,5
phash:019406175839e097,8,8,5053fa8a994f46ef805c,Soil_Labeled_Data/M_90_100/L_60_70/alluvial/IMG_0682_M_10_20_light_brown_M_40_50_gray_brown_M_60_70_clay_red_M_80_90_wet_gray.jpg,Soil_Labeled_Data/M_90_100/L_60_70/alluvial/IMG_0682_M_10_20_light_brown_M_40_50_gray_brown_M_60_70_clay_red_M_80_90_wet_gray.jpg,b494072731f7d848d9d6f7a4e857481fec5a7e54f1380036d8a83b7fef7a0613,64aa696130498c81,validation,5
phash:0285effacff0304c,5,3,c8b7c04fd443f160cc9b,Soil_Labeled_Data/M_30_40/L_90_100/alluvial/z5720143165808_c048ad1ab07ddbb36a302d65772e88c8.jpg,Soil_Labeled_Data/M_30_40/L_90_100/alluvial/z5720143165808_c048ad1ab07ddbb36a302d65772e88c8.jpg,9905aa20c91ef10e1318eef77539884be05c4c10b902e962b74c76325f6724c8,2f0d0b1b1b0e2bab,validation,5
phash:0285effacff0304c,5,3,4035ecfe9554d317a060,Soil_Labeled_Data/M_30_40/L_90_100/alluvial/z5720143165808_c048ad1ab07ddbb36a302d65772e88c8_aug_00_dark_brown.jpg,Soil_Labeled_Data/M_30_40/L_90_100/alluvial/z5720143165808_c048ad1ab07ddbb36a302d65772e88c8_aug_00_dark_brown.jpg,e6b8ef9942e574eebb354364813814ec3b490d762e565f8ad6b8d28c37355353,2f0d0b1b1b0e0bab,validation,5
phash:0285effacff0304c,5,3,0d7bdeb3138e8f4fb591,Soil_Labeled_Data/M_40_50/L_90_100/alluvial/z5720143165808_c048ad1ab07ddbb36a302d65772e88c8.jpg,Soil_Labeled_Data/M_40_50/L_90_100/alluvial/z5720143165808_c048ad1ab07ddbb36a302d65772e88c8.jpg,9905aa20c91ef10e1318eef77539884be05c4c10b902e962b74c76325f6724c8,2f0d0b1b1b0e2bab,validation,5
phash:0285effacff0304c,5,3,e2dcaba025409f3004e6,Soil_Labeled_Data/M_50_60/L_90_100/alluvial/z5720143165808_c048ad1ab07ddbb36a302d65772e88c8.jpg,Soil_Labeled_Data/M_50_60/L_90_100/alluvial/z5720143165808_c048ad1ab07ddbb36a302d65772e88c8.jpg,9905aa20c91ef10e1318eef77539884be05c4c10b902e962b74c76325f6724c8,2f0d0b1b1b0e2bab,validation,5
phash:0285effacff0304c,5,3,1ce9f3f552a94c950bb7,Soil_Labeled_Data/M_70_80/L_90_100/alluvial/M_70_80_L_90_100_0039_dark_brown.jpg,Soil_Labeled_Data/M_70_80/L_90_100/alluvial/M_70_80_L_90_100_0039_dark_brown.jpg,c3a5725021773cf8fe4ee951a46dbce0b888d0c5e1647d66acb175a61e222439,2b0d0b1b1b0e0b8b,validation,5
phash:032ca74b7d6f602f,2,2,566f046c434ac2c0c593,Soil_Labeled_Data/M_30_40/L_30_40/alluvial/z5716113984230_841d282af180a0d9e956cbf770b8648f.jpg,Soil_Labeled_Data/M_30_40/L_30_40/alluvial/z5716113984230_841d282af180a0d9e956cbf770b8648f.jpg,82af4b0b4fb1ed264764f7005847699b81cf54b95062345ee39788d3b1bdc86c,250d23060b0323c2,train,5
phash:032ca74b7d6f602f,2,2,db3083a60d0a491183aa,Soil_Labeled_Data/M_40_50/L_30_40/alluvial/z5716113984230_841d282af180a0d9e956cbf770b8648f_M_30_40_pale_yellow.jpg,Soil_Labeled_Data/M_40_50/L_30_40/alluvial/z5716113984230_841d282af180a0d9e956cbf770b8648f_M_30_40_pale_yellow.jpg,b3bc6f46bbb7680f32d790ed7936a409f99f8d0b887d38a0270aa3ad2e16126f,250d23060b0323c2,train,5
phash:036bd561c9affbf4,4,4,f2fea6e0cd3e15dc95ba,Soil_Labeled_Data/M_0_10/L_10_20/alluvial/IMG_0012.JPG,Soil_Labeled_Data/M_0_10/L_10_20/alluvial/IMG_0012.JPG,c6413a0ee8f4d7c5fa7967b47dacfb294c85d120a9108c5ecf4b12572b163a51,450b4723054b3766,train,5
phash:036bd561c9affbf4,4,4,5c8ae2185e04bc3c282b,Soil_Labeled_Data/M_50_60/L_10_20/alluvial/IMG_0012_M_0_10_clayish_red_M_40_50_light_brown.jpg,Soil_Labeled_Data/M_50_60/L_10_20/alluvial/IMG_0012_M_0_10_clayish_red_M_40_50_light_brown.jpg,7272c9644f5de4bc93568a8bf99f3162f5480f2353d2efcfc0d2d4debfe8694f,47034723054f3746,train,5
phash:036bd561c9affbf4,4,4,fa0ad32e950ba0eb24c6,Soil_Labeled_Data/M_60_70/L_10_20/alluvial/IMG_0012_M_0_10_clayish_red_M_40_50_gray_brown.jpg,Soil_Labeled_Data/M_60_70/L_10_20/alluvial/IMG_0012_M_0_10_clayish_red_M_40_50_gray_brown.jpg,ae2eaf80dd7b697348a822211dce88869e7a7db593c1d8ee35c95415bbfb68ef,450b4723054b2766,train,5
phash:036bd561c9affbf4,4,4,c28165831a5e6b225d60,Soil_Labeled_Data/M_80_90/L_10_20/alluvial/IMG_0012_M_0_10_clayish_red_M_40_50_gray_brown_M_60_70_wet_gray.jpg,Soil_Labeled_Data/M_80_90/L_10_20/alluvial/IMG_0012_M_0_10_clayish_red_M_40_50_gray_brown_M_60_70_wet_gray.jpg,3d19dea615d66d6edc663eaa0860046b1121a8e0e195cc59697d0245f68f45e8,45034723054d2766,train,5
phash:038e7ee2adbaeb19,2,2,849516fc01ea9451b3c4,Soil_Labeled_Data/M_30_40/L_0_10/alluvial/z5716042289286_4f5ba54e9a7dd70e051e6c0bf403d0f8.jpg,Soil_Labeled_Data/M_30_40/L_0_10/alluvial/z5716042289286_4f5ba54e9a7dd70e051e6c0bf403d0f8.jpg,1867ee1365b519547339bc84756b65a25ddece44bcacc3c33a7886b5309a1364,0303269303070001,train,5
phash:038e7ee2adbaeb19,2,2,d1a825dd4c8adf923e8f,Soil_Labeled_Data/M_40_50/L_0_10/alluvial/z5716042289286_4f5ba54e9a7dd70e051e6c0bf403d0f8_M_30_40_pale_yellow.jpg,Soil_Labeled_Data/M_40_50/L_0_10/alluvial/z5716042289286_4f5ba54e9a7dd70e051e6c0bf403d0f8_M_30_40_pale_yellow.jpg,896dbdf39ec8e270a830692e16a235fa7ee19de998440f2eda1cee802474504c,0303261303030001,train,5
phash:03e65f3ddfc64595,2,2,42c89ffd65e6e2775b02,Soil_Labeled_Data/M_0_10/L_20_30/alluvial/IMG_0052.JPG,Soil_Labeled_Data/M_0_10/L_20_30/alluvial/IMG_0052.JPG,0b8539f7b2fce0a3215d7f85b4999023126d15cd294b2999a6a4578a3b7a653e,e50d070b1f070311,test,5
phash:03e65f3ddfc64595,2,2,fbf61bb0a97a50e1ef27,Soil_Labeled_Data/M_40_50/L_20_30/alluvial/IMG_0052_M_0_10_pale_yellow.jpg,Soil_Labeled_Data/M_40_50/L_20_30/alluvial/IMG_0052_M_0_10_pale_yellow.jpg,fc613ab746341210accc76941abcc828873b06e4270d59de154ffe8837a9c68d,e50d070a1f070311,test,5
phash:0415e4080b15a32f,3,3,597619771c679fe21a57,Soil_Labeled_Data/M_20_30/L_60_70/alluvial/z5715084451345_2e9b065fd62392917b331a68b82abded.jpg,Soil_Labeled_Data/M_20_30/L_60_70/alluvial/z5715084451345_2e9b065fd62392917b331a68b82abded.jpg,519e8522571ea89a394859cbf6f1d8490b7659356dea9203afaa7e51f4bed52c,69684a5c19346c9c,validation,5
phash:0415e4080b15a32f,3,3,bfcda6413c4da8227c6e,Soil_Labeled_Data/M_30_40/L_60_70/alluvial/z5715084451345_2e9b065fd62392917b331a68b82abded_M_20_30_light_brown.jpg,Soil_Labeled_Data/M_30_40/L_60_70/alluvial/z5715084451345_2e9b065fd62392917b331a68b82abded_M_20_30_light_brown.jpg,6013e3dd33108ddb6a3ced453ab2e31e041fbf4adde4065300f78ecbefee6873,69684a5c19346c9c,validation,5
phash:0415e4080b15a32f,3,3,828a81427eb773d65ceb,Soil_Labeled_Data/M_50_60/L_60_70/alluvial/z5715084451345_2e9b065fd62392917b331a68b82abded_M_20_30_light_brown_M_30_40_light_brown.jpg,Soil_Labeled_Data/M_50_60/L_60_70/alluvial/z5715084451345_2e9b065fd62392917b331a68b82abded_M_20_30_light_brown_M_30_40_light_brown.jpg,26a023c444cb6ff3c0ff350719216c38a62e61f7dfeb1311bc86ab4b146fffe6,69684a5c19346c9c,validation,5
phash:048e715e259a080f,2,2,1dcd258cf87b0ef5f6aa,Soil_Labeled_Data/M_80_90/L_80_90/alluvial/z5613703004646_1015981274be634aafd784b037d301bb.jpg,Soil_Labeled_Data/M_80_90/L_80_90/alluvial/z5613703004646_1015981274be634aafd784b037d301bb.jpg,60b86f0328a38cf82ecab058275fdbfdb48e23deda4d6e2817be0352c2460465,3c1a1e164ae4d66e,test,5
phash:048e715e259a080f,2,2,cf8639c597197ed5a6b4,Soil_Labeled_Data/M_90_100/L_80_90/alluvial/M_90_100_L_80_90_0015_gray_brown.jpg,Soil_Labeled_Data/M_90_100/L_80_90/alluvial/M_90_100_L_80_90_0015_gray_brown.jpg,587dd55b2cb7a019d87cbcd6a667d03208a8e09a86f68e7dc832490a4c16ef34,3c1a1e164ae4d66e,test,5
phash:04a596876660edf6,2,2,7cfaa2968ae189a0ae94,Soil_Labeled_Data/M_0_10/L_90_100/alluvial/IMG_0369.JPG,Soil_Labeled_Data/M_0_10/L_90_100/alluvial/IMG_0369.JPG,49f3ee1b34884d4aa333880b733dc88082a66f53aa416527933813daadf464cc,4a4a0c4354cdc387,test,5
phash:04a596876660edf6,2,2,f11e66d094a90e1f8bd4,Soil_Labeled_Data/M_50_60/L_90_100/alluvial/M_50_60_L_90_100_0073_light_brown.jpg,Soil_Labeled_Data/M_50_60/L_90_100/alluvial/M_50_60_L_90_100_0073_light_brown.jpg,8c30cf60889c7a0cec1488962d4cd9cf66087d481a28eda5d63e4eff452156df,4a4a0c4354cdc387,test,5
phash:04c1aca557db14ee,4,4,c3b07eb3da5f59f7237b,Soil_Labeled_Data/M_10_20/L_70_80/alluvial/IMG_0715.JPG,Soil_Labeled_Data/M_10_20/L_70_80/alluvial/IMG_0715.JPG,b0063f34e7ab6c8d01f85293851eb88588eb3c4cbfc01340fb68400678019ef2,1c5c9e3d1a0f6937,validation,5
phash:04c1aca557db14ee,4,4,b90c7ce2cc5e035ad4fc,Soil_Labeled_Data/M_60_70/L_70_80/alluvial/IMG_0715_M_10_20_light_brown_M_40_50_dark_brown.jpg,Soil_Labeled_Data/M_60_70/L_70_80/alluvial/IMG_0715_M_10_20_light_brown_M_40_50_dark_brown.jpg,652add4027d1f58d176f2c01539983d1cf66dd65b0a36c835e1e259a833ad709,1c5c9e351a0d6937,validation,5
phash:04c1aca557db14ee,4,4,b1a8cf29773853899544,Soil_Labeled_Data/M_70_80/L_70_80/alluvial/IMG_0715_M_10_20_light_brown_M_40_50_light_brown_M_50_60_dark_brown.jpg,Soil_Labeled_Data/M_70_80/L_70_80/alluvial/IMG_0715_M_10_20_light_brown_M_40_50_light_brown_M_50_60_dark_brown.jpg,feaea47a96e17a919086cd4d7286649acf4afe54224a0b47b139c76ef4fb7337,1c5c9e341a0d6937,validation,5
phash:04c1aca557db14ee,4,4,42bb5c2d1cb7068893c8,Soil_Labeled_Data/M_80_90/L_70_80/alluvial/IMG_0715_M_10_20_pale_yellow_M_30_40_light_brown_M_50_60_dark_brown_M_60_70_wet_gray.jpg,Soil_Labeled_Data/M_80_90/L_70_80/alluvial/IMG_0715_M_10_20_pale_yellow_M_30_40_light_brown_M_50_60_dark_brown_M_60_70_wet_gray.jpg,d02d8151eb9742d2766fb1764f07b3546220892c8bc755a2a44dade9b46f9405,1c5c9e3d1a0d2937,validation,5
phash:051110bc56e248a7,4,4,37a076de98a612403602,Soil_Labeled_Data/M_10_20/L_20_30/alluvial/IMG_0508.JPG,Soil_Labeled_Data/M_10_20/L_20_30/alluvial/IMG_0508.JPG,125d52a0b9a03f990e69ba7ec81220bd3a7d03dc6ea57cd9889b3f53ae6a6ba9,9fce03532f0b59d9,train,5
phash:051110bc56e248a7,4,4,53bbf2a1d261e792af1b,Soil_Labeled_Data/M_40_50/L_20_30/alluvial/IMG_0508_M_10_20_clayish_red.jpg,Soil_Labeled_Data/M_40_50/L_20_30/alluvial/IMG_0508_M_10_20_clayish_red.jpg,1601e60d646afde6742bba22c8a81ae54f085dc3862c7ad6a814422a463feeff,9ece03532f0b59d9,train,5
phash:051110bc56e248a7,4,4,a8ab805762ce7214816b,Soil_Labeled_Data/M_60_70/L_20_30/alluvial/IMG_0508_M_10_20_clayish_red_M_40_50_gray_brown.jpg,Soil_Labeled_Data/M_60_70/L_20_30/alluvial/IMG_0508_M_10_20_clayish_red_M_40_50_gray_brown.jpg,a22bfec2410003db1c67bc43eda548ee3128850cfb3896afd389a1e9d7e13f9a,9ece03132f0b59d9,train,5
phash:051110bc56e248a7,4,4,13150533955e991b4a1f,Soil_Labeled_Data/M_80_90/L_20_30/alluvial/IMG_0508_M_10_20_clayish_red_M_40_50_light_brown_M_50_60_dark_brown_M_70_80_clay_red.jpg,Soil_Labeled_Data/M_80_90/L_20_30/alluvial/IMG_0508_M_10_20_clayish_red_M_40_50_light_brown_M_50_60_dark_brown_M_70_80_clay_red.jpg,4cb5b837a0cb3759febe0a4be8ae1038164f655ee82f3c43ecbeb32bd5f4d80b,9e8e0313270951d8,train,5
phash:0772f8c13cc08780,3,3,e22ca6b6078440536266,Soil_Labeled_Data/M_0_10/L_50_60/alluvial/IMG_0207.JPG,Soil_Labeled_Data/M_0_10/L_50_60/alluvial/IMG_0207.JPG,5bbc524fb84781a50f6becbaa015ca2e7f6a60e6d2f725094727453499ec337e,f8b0b8b8b264eab2,validation,5
phash:0772f8c13cc08780,3,3,5eddb55a9d7a8f3957e9,Soil_Labeled_Data/M_40_50/L_50_60/alluvial/IMG_0207_M_0_10_clayish_red.jpg,Soil_Labeled_Data/M_40_50/L_50_60/alluvial/IMG_0207_M_0_10_clayish_red.jpg,dad012b0946c401f97487948daeee7b69abd696d430867c27826476e30179f72,f8b0b8b8b264eab2,validation,5
phash:0772f8c13cc08780,3,3,d09452400b02f06515c1,Soil_Labeled_Data/M_60_70/L_50_60/alluvial/IMG_0207_M_0_10_clayish_red_M_40_50_gray_brown_M_50_60_dark_brown.jpg,Soil_Labeled_Data/M_60_70/L_50_60/alluvial/IMG_0207_M_0_10_clayish_red_M_40_50_gray_brown_M_50_60_dark_brown.jpg,19bffe42cda01d97afcc7aed5b737583725a3cf1df8ddd3b16aa466e54a0529c,f8b0b8b8b264e2b2,validation,5
phash:0812a163177bf539,2,2,51cb23323e39460762b4,Soil_Labeled_Data/M_10_20/L_40_50/alluvial/IMG_0586.JPG,Soil_Labeled_Data/M_10_20/L_40_50/alluvial/IMG_0586.JPG,82ef39a9f866a01c25bc18b31a870e08cedd57e587381ff4935f44f135991c59,5398380f43f8ce66,train,5
phash:0812a163177bf539,2,2,c77875e7cd8c9c41ebc6,Soil_Labeled_Data/M_60_70/L_40_50/alluvial/IMG_0586_M_10_20_gray_brown_M_40_50_dark_brown.jpg,Soil_Labeled_Data/M_60_70/L_40_50/alluvial/IMG_0586_M_10_20_gray_brown_M_40_50_dark_brown.jpg,ef5ef873f2732507fbe700badaaf649ba03c93e77530cf1fc3d47fdbe4cdd7f9,5398380f43f0cce6,train,5
phash:08b7389bd339e9c1,3,3,0dc51ac22d3bb5e4448c,Soil_Labeled_Data/M_10_20/L_20_30/alluvial/IMG_0512.JPG,Soil_Labeled_Data/M_10_20/L_20_30/alluvial/IMG_0512.JPG,0cf8588fb69f8fb34cb96b2679e7f99d2aea32209607965c4ec2ec41ffdb768d,e18c8e1a27291773,train,5
phash:08b7389bd339e9c1,3,3,1ae43cda36a48c9c2029,Soil_Labeled_Data/M_50_60/L_20_30/alluvial/IMG_0512_M_10_20_light_brown_M_40_50_light_brown.jpg,Soil_Labeled_Data/M_50_60/L_20_30/alluvial/IMG_0512_M_10_20_light_brown_M_40_50_light_brown.jpg,57b25eb13c07ab348988392a045bb13ca8ec4e1fe40f3280a2dbb22641ae60b9,f1cc8e1a27291773,train,5
phash:08b7389bd339e9c1,3,3,8f8ab3754323cd99276e,Soil_Labeled_Data/M_60_70/L_20_30/alluvial/IMG_0512_M_10_20_light_brown_M_40_50_light_brown_M_50_60_dark_brown.jpg,Soil_Labeled_Data/M_60_70/L_20_30/alluvial/IMG_0512_M_10_20_light_brown_M_40_50_light_brown_M_50_60_dark_brown.jpg,a38d42a4121923a892d0a390dccdd803640382dae4ee672cb7ef70d90d6d6831,b1cc8e1227291773,train,5
phash:091a3095f24dfa91,2,2,cc888cacf8c4936a6694,Soil_Labeled_Data/M_20_30/L_60_70/alluvial/z5715084472999_950e840441fad54aab4b33a9d6b52f88.jpg,Soil_Labeled_Data/M_20_30/L_60_70/alluvial/z5715084472999_950e840441fad54aab4b33a9d6b52f88.jpg,2be9f35093d0d5834c2a4c31aaa9be22f64d66b28345c087230539dc53ac23ff,0d324383260c1c38,train,5
phash:091a3095f24dfa91,2,2,53264df70329aa3f9210,Soil_Labeled_Data/M_30_40/L_60_70/alluvial/z5715084472999_950e840441fad54aab4b33a9d6b52f88_M_20_30_light_brown.jpg,Soil_Labeled_Data/M_30_40/L_60_70/alluvial/z5715084472999_950e840441fad54aab4b33a9d6b52f88_M_20_30_light_brown.jpg,cc88301844f264eac46814eb455f193df67afea0f3f6318fd9893e8153c49b94,0d324383260c1c38,train,5
phash:0935ecdbb458c371,2,2,57b2be837e4361d64250,Soil_Labeled_Data/M_0_10/L_20_30/alluvial/IMG_0056.JPG,Soil_Labeled_Data/M_0_10/L_20_30/alluvial/IMG_0056.JPG,01e31a418d291442172663980a501c8ea1090eb7d9c284762820c9c2c578fa12,47b7b74f0f171693,train,5
phash:0935ecdbb458c371,2,2,d26203ca3145273ca2c0,Soil_Labeled_Data/M_40_50/L_20_30/alluvial/IMG_0056_M_0_10_clayish_red.jpg,Soil_Labeled_Data/M_40_50/L_20_30/alluvial/IMG_0056_M_0_10_clayish_red.jpg,8f9b2493d490f8ab853dce3ce47e899bf62c8be1b3fac125b06c50f4fe1c7816,47b7b74f0f171693,train,5
phash:0addb7d1506343b6,2,2,96a982322ec6d5b45c24,Soil_Labeled_Data/M_20_30/L_60_70/alluvial/z5715083944464_a4caa92a042d5283254923501cb8358c.jpg,Soil_Labeled_Data/M_20_30/L_60_70/alluvial/z5715083944464_a4caa92a042d5283254923501cb8358c.jpg,c222c113cc89599bf7d087f016816d0e9ebefe20908792a5bf7804254e591e04,9819ac6d3bb9a9e3,train,5
phash:0addb7d1506343b6,2,2,78dc87e0772df8fd301a,Soil_Labeled_Data/M_60_70/L_60_70/alluvial/z5715083944464_a4caa92a042d5283254923501cb8358c_M_20_30_pale_yellow_M_30_40_light_brown_M_50_60_dark_brown.jpg,Soil_Labeled_Data/M_60_70/L_60_70/alluvial/z5715083944464_a4caa92a042d5283254923501cb8358c_M_20_30_pale_yellow_M_30_40_light_brown_M_50_60_dark_brown.jpg,7d72b9115959f3a42715374ef9c767574dee9dc45f7d4934379ea4b2834255c5,9819ac6d3339a9e3,train,5
phash:0b0189f76cd4b322,5,5,0ac197ed5859384405cf,Soil_Labeled_Data/M_20_30/L_60_70/alluvial/z5715084217100_56ffdcb9a7e21ae938a857822326c4e1.jpg,Soil_Labeled_Data/M_20_30/L_60_70/alluvial/z5715084217100_56ffdcb9a7e21ae938a857822326c4e1.jpg,42e164002ed51123257a87667824db345ecfde3d6ac715ea55051a421481360d,b88c9cbd9d08ce93,train,5
phash:0b0189f76cd4b322,5,5,43c4f4da3fef3cd7f34d,Soil_Labeled_Data/M_60_70/L_60_70/alluvial/z5715084217100_56ffdcb9a7e21ae938a857822326c4e1_M_20_30_light_brown_M_30_40_light_brown_M_50_60_dark_brown.jpg,Soil_Labeled_Data/M_60_70/L_60_70/alluvial/z5715084217100_56ffdcb9a7e21ae938a857822326c4e1_M_20_30_light_brown_M_30_40_light_brown_M_50_60_dark_brown.jpg,f456dfd6ac45488d5fcfbde4a0473e5cbfe18cc4266a872c69f9610c59f35737,b88c9cbd9d08ce93,train,5
phash:0b0189f76cd4b322,5,5,0f2536434c520001c96d,Soil_Labeled_Data/M_70_80/L_60_70/alluvial/z5715084217100_56ffdcb9a7e21ae938a857822326c4e1_M_20_30_light_brown_M_30_40_light_brown_M_50_60_dark_brown.jpg,Soil_Labeled_Data/M_70_80/L_60_70/alluvial/z5715084217100_56ffdcb9a7e21ae938a857822326c4e1_M_20_30_light_brown_M_30_40_light_brown_M_50_60_dark_brown.jpg,6706bdca03161883c7f12856e0d726e71a84aa4123fa796fc24c0a567f13b966,b88c9cbd9d08ce93,train,5
phash:0b0189f76cd4b322,5,5,06767a30205426a4d85f,Soil_Labeled_Data/M_80_90/L_60_70/alluvial/z5715084217100_56ffdcb9a7e21ae938a857822326c4e1_M_20_30_light_brown_M_30_40_light_brown_M_50_60_dark_brown_M_60_70_wet_gray.jpg,Soil_Labeled_Data/M_80_90/L_60_70/alluvial/z5715084217100_56ffdcb9a7e21ae938a857822326c4e1_M_20_30_light_brown_M_30_40_light_brown_M_50_60_dark_brown_M_60_70_wet_gray.jpg,be323e07a2b9febacaf5338e2e4fe2bcd72c75688fd5190081bf3803f607aa1e,388c9c9d9d18ce93,train,5
phash:0b0189f76cd4b322,5,5,4748d1865b140a7689e4,Soil_Labeled_Data/M_90_100/L_60_70/alluvial/z5715084217100_56ffdcb9a7e21ae938a857822326c4e1_M_20_30_light_brown_M_30_40_light_brown_M_50_60_dark_brown_M_70_80_clay_red_M_80_90_wet_gray.jpg,Soil_Labeled_Data/M_90_100/L_60_70/alluvial/z5715084217100_56ffdcb9a7e21ae938a857822326c4e1_M_20_30_light_brown_M_30_40_light_brown_M_50_60_dark_brown_M_70_80_clay_red_M_80_90_wet_gray.jpg,b6c913cb821997a2491a620c34b442e34652eb3dbc0b5ee101723acbb8840d2a,188c9c9d9d08c693,train,5
phash:0be3776bf5b85f30,3,3,aa1483b8ec139a438cf4,Soil_Labeled_Data/M_70_80/L_50_60/alluvial/IMG_0631_M_10_20_light_brown_M_40_50_gray_brown_M_60_70_dark_brown.jpg,Soil_Labeled_Data/M_70_80/L_50_60/alluvial/IMG_0631_M_10_20_light_brown_M_40_50_gray_brown_M_60_70_dark_brown.jpg,a67becdd4dc89356e2d5ce00f7689d63b39572d771c5cf967afe4cbe10dc1b51,64961b2413041953,train,5
phash:0be3776bf5b85f30,3,3,c019695d09285330fdcd,Soil_Labeled_Data/M_80_90/L_50_60/alluvial/IMG_0631_M_10_20_light_brown_M_40_50_light_brown_M_50_60_dark_brown_M_70_80_clay_red.jpg,Soil_Labeled_Data/M_80_90/L_50_60/alluvial/IMG_0631_M_10_20_light_brown_M_40_50_light_brown_M_50_60_dark_brown_M_70_80_clay_red.jpg,a5c4c4305961ba6c5fcd73a36c7cd50e694d0dd024f24650fc2e62abcebf5c07,64861b2415041113,train,5
phash:0be3776bf5b85f30,3,3,e1feef09f2d2051b4fb8,Soil_Labeled_Data/M_90_100/L_50_60/alluvial/IMG_0631_M_10_20_light_brown_M_40_50_light_brown_M_50_60_dark_brown_M_70_80_clay_red_M_80_90_dark_brown.jpg,Soil_Labeled_Data/M_90_100/L_50_60/alluvial/IMG_0631_M_10_20_light_brown_M_40_50_light_brown_M_50_60_dark_brown_M_70_80_clay_red_M_80_90_dark_brown.jpg,047a92f61553738e838c50f1d273ef1fdf0f6302a088487e47c5972bfc4d403b,e4821b2423041153,train,5
phash:0c3e6132abc6992b,2,2,a638239c142965fa3d58,Soil_Labeled_Data/M_80_90/L_40_50/alluvial/z5719915064697_6860e93b3637879e75266a9cab0b000e_M_30_40_light_brown_M_40_50_light_brown_M_50_60_dark_brown_M_60_70_wet_gray.jpg,Soil_Labeled_Data/M_80_90/L_40_50/alluvial/z5719915064697_6860e93b3637879e75266a9cab0b000e_M_30_40_light_brown_M_40_50_light_brown_M_50_60_dark_brown_M_60_70_wet_gray.jpg,9264e91b9938eef592611b3aec78443b45a165aa116463aa999f7930830f75d9,506923222418434c,train,5
phash:0c3e6132abc6992b,2,2,244c2e03ae081970fe0b,Soil_Labeled_Data/M_80_90/L_40_50/alluvial/z5719915064697_6860e93b3637879e75266a9cab0b000e_M_30_40_light_brown_M_50_60_clay_red_M_70_80_wet_gray.jpg,Soil_Labeled_Data/M_80_90/L_40_50/alluvial/z5719915064697_6860e93b3637879e75266a9cab0b000e_M_30_40_light_brown_M_50_60_clay_red_M_70_80_wet_gray.jpg,af0de8623ac54bdc6b3b8284820766a54beffe9b1daa58c5b62ccfc089cc973a,506963222410434c,train,5
phash:0c88b548dafd8086,2,2,37cd3faa2c42a07d4098,Soil_Labeled_Data/M_0_10/L_90_100/alluvial/IMG_0377.JPG,Soil_Labeled_Data/M_0_10/L_90_100/alluvial/IMG_0377.JPG,44cd125c28c8f08d232b7e4809d689fde510d7a0debca76b5bee32ebbce04881,6e55dc98e0e4c642,train,5
phash:0c88b548dafd8086,2,2,6d5489b0c35cdca98286,Soil_Labeled_Data/M_0_10/L_90_100/alluvial/IMG_0377_aug_01_clay_red.jpg,Soil_Labeled_Data/M_0_10/L_90_100/alluvial/IMG_0377_aug_01_clay_red.jpg,e34e5a49fadb9d8831d3ac938a0b80461d1c9efb81f8ad2cfdec335e195b3beb,6e55dc98e0e4c642,train,5
phash:0cc2768efceedf39,2,2,a96ae39a7269cde1881b,Soil_Labeled_Data/M_20_30/L_60_70/alluvial/z5715084002036_bdc35c47993d232e5b2b07c45fd7854f.jpg,Soil_Labeled_Data/M_20_30/L_60_70/alluvial/z5715084002036_bdc35c47993d232e5b2b07c45fd7854f.jpg,820e8719cfc466579986fa5edfc332b0d265a952a1c40132ee20c7b7030d67ad,39486c36dcc98dae,train,5
phash:0cc2768efceedf39,2,2,8c644e706d658fe68236,Soil_Labeled_Data/M_30_40/L_60_70/alluvial/z5715084002036_bdc35c47993d232e5b2b07c45fd7854f_M_20_30_light_brown.jpg,Soil_Labeled_Data/M_30_40/L_60_70/alluvial/z5715084002036_bdc35c47993d232e5b2b07c45fd7854f_M_20_30_light_brown.jpg,6854fcff8e56e9b7baec6995dc085c5bad52302468aa32e4625d2db9068271ae,39486c369cc98dae,train,5
phash:0d2d9ad2361ac018,3,3,e289897d85882818c8a0,Soil_Labeled_Data/M_0_10/L_50_60/alluvial/IMG_0198.JPG,Soil_Labeled_Data/M_0_10/L_50_60/alluvial/IMG_0198.JPG,85c669b7f29a6afb93215a41fc02599a63ff4821cb72b2ae5c4eb1f4c6c2d55c,cd9e9e3d1c7b765c,train,5
phash:0d2d9ad2361ac018,3,3,5becfdf70cd47e10411c,Soil_Labeled_Data/M_80_90/L_50_60/alluvial/IMG_0198_M_0_10_clayish_red_M_40_50_dark_brown_M_60_70_dark_brown_M_70_80_wet_gray.jpg,Soil_Labeled_Data/M_80_90/L_50_60/alluvial/IMG_0198_M_0_10_clayish_red_M_40_50_dark_brown_M_60_70_dark_brown_M_70_80_wet_gray.jpg,311744f4afa851c04d53d646e687c70248b494e1187fe1f9bbc895adecde5ebb,cd9a963d1c73761c,train,5
phash:0d2d9ad2361ac018,3,3,4fc420ecf9dd57b04df2,Soil_Labeled_Data/M_80_90/L_50_60/alluvial/IMG_0198_M_0_10_pale_yellow_M_40_50_dark_brown_M_60_70_wet_gray.jpg,Soil_Labeled_Data/M_80_90/L_50_60/alluvial/IMG_0198_M_0_10_pale_yellow_M_40_50_dark_brown_M_60_70_wet_gray.jpg,4790c12158512c7278aa56dedc4c1113d482b26f4cf2007525172309371ab1be,cd9a9a3d1c7a765c,train,5
phash:0e50473e72514650,2,2,731c1131f507e1cd3b02,Soil_Labeled_Data/M_90_100/L_30_40/alluvial/IMG_0107_M_0_10_clayish_red_M_40_50_gray_brown_M_50_60_dark_brown_M_70_80_dark_brown.jpg,Soil_Labeled_Data/M_90_100/L_30_40/alluvial/IMG_0107_M_0_10_clayish_red_M_40_50_gray_brown_M_50_60_dark_brown_M_70_80_dark_brown.jpg,a1c86e5befd213b27606cbf54252f89508c30ca050db676b9deac372081b059f,191a1a4d23826d30,train,5
phash:0e50473e72514650,2,2,751f6556e617c15468c8,Soil_Labeled_Data/M_90_100/L_30_40/alluvial/IMG_0107_M_0_10_clayish_red_M_40_50_gray_brown_M_60_70_dark_brown_M_70_80_dark_brown.jpg,Soil_Labeled_Data/M_90_100/L_30_40/alluvial/IMG_0107_M_0_10_clayish_red_M_40_50_gray_brown_M_60_70_dark_brown_M_70_80_dark_brown.jpg,18d3f5b5d8feddefeb8c27da92902427411a87362c4e1e41dd76f407d0dd1f44,191b3a4d23802d30,train,5
phash:0ee3c830b949a4af,2,2,90b506a249174e01c527,Soil_Labeled_Data/M_40_50/L_80_90/alluvial/IMG_0327_M_0_10_gray_brown.jpg,Soil_Labeled_Data/M_40_50/L_80_90/alluvial/IMG_0327_M_0_10_gray_brown.jpg,bd91b4da830b5990ca5da3464d9da187016689dbe8bb4fd0b1b01e367ef4f937,4bd89ac77b163c12,train,5
phash:0ee3c830b949a4af,2,2,b2c107877e4bc9fe38d0,Soil_Labeled_Data/M_60_70/L_80_90/alluvial/M_60_70_L_80_90_0064_light_brown.jpg,Soil_Labeled_Data/M_60_70/L_80_90/alluvial/M_60_70_L_80_90_0064_light_brown.jpg,a0d1ac105819ca3bdcb1cbed367fb3db58b736b124ae0f93de9e5de10ccc1193,4bc89ac67b162c12,train,5
phash:109e538843df1ff4,2,2,e0afe5916f1398d381ce,Soil_Labeled_Data/M_80_90/L_80_90/alluvial/z5613702794252_14464485296dc8fd092252afb21b8edf.jpg,Soil_Labeled_Data/M_80_90/L_80_90/alluvial/z5613702794252_14464485296dc8fd092252afb21b8edf.jpg,63d4d11ed8dfdc6449d9a717bce6e9a5efb646c34ac5d7d4b1391b52478c8e08,ecde7530fcd5d8aa,test,5
phash:109e538843df1ff4,2,2,88e8bbbdd7af9efd4595,Soil_Labeled_Data/M_90_100/L_80_90/alluvial/M_90_100_L_80_90_0089_light_brown.jpg,Soil_Labeled_Data/M_90_100/L_80_90/alluvial/M_90_100_L_80_90_0089_light_brown.jpg,45da0e43021a2500df67dd7630ab5c5c2851e7dea49d8d79f424d046fb0f7458,ecde7430fcd5d82a,test,5
phash:109f4377503ddda1,4,4,3967a06e89e6a8b0e9f2,Soil_Labeled_Data/M_10_20/L_90_100/alluvial/IMG_0801.JPG,Soil_Labeled_Data/M_10_20/L_90_100/alluvial/IMG_0801.JPG,ff74c606a284e838000ed5a0d35010d032343f7047a4a7eda48dde59512e2c63,2bb0b69bc9208b4b,train,5
phash:109f4377503ddda1,4,4,dad8eebba7592eef4fdb,Soil_Labeled_Data/M_40_50/L_90_100/alluvial/IMG_0801_M_10_20_clayish_red.jpg,Soil_Labeled_Data/M_40_50/L_90_100/alluvial/IMG_0801_M_10_20_clayish_red.jpg,a95873f31db56396a3683ef3deb86e6978f90b4a7baee00686ac6ac44e3f86c5,2bb0b69bc9218b4b,train,5
phash:109f4377503ddda1,4,4,f3ddbf694b991d1e2943,Soil_Labeled_Data/M_50_60/L_90_100/alluvial/M_50_60_L_90_100_0081_gray_brown.jpg,Soil_Labeled_Data/M_50_60/L_90_100/alluvial/M_50_60_L_90_100_0081_gray_brown.jpg,d32891161e66e9b0dcf5eecde0c43aab95d81d3ab9796155fa5e668565400bb4,2bb0b69bc9208b0b,train,5
phash:109f4377503ddda1,4,4,c2b1691448ab3a768f45,Soil_Labeled_Data/M_60_70/L_90_100/alluvial/M_60_70_L_90_100_0051_gray_brown.jpg,Soil_Labeled_Data/M_60_70/L_90_100/alluvial/M_60_70_L_90_100_0051_gray_brown.jpg,7b46165fe351f860e10a51282461361c6fd0410a028ea856c99b84ff51aef8ab,2bb0b69bc9208b4b,train,5
phash:1149053c678cabbd,2,2,5647ff90f838d2e599d4,Soil_Labeled_Data/M_20_30/L_60_70/alluvial/z5715084373143_bf51a90ff4c9af94ac682d0e749d3c52.jpg,Soil_Labeled_Data/M_20_30/L_60_70/alluvial/z5715084373143_bf51a90ff4c9af94ac682d0e749d3c52.jpg,a9541e7f37034c6a56c9230db8ef39eddfab84426dcbaaea4ae28da07c3f8812,183c2c4d4d6b7356,train,5
phash:1149053c678cabbd,2,2,39d94ab1c1b2a6901dd8,Soil_Labeled_Data/M_30_40/L_60_70/alluvial/z5715084373143_bf51a90ff4c9af94ac682d0e749d3c52_M_20_30_pale_yellow.jpg,Soil_Labeled_Data/M_30_40/L_60_70/alluvial/z5715084373143_bf51a90ff4c9af94ac682d0e749d3c52_M_20_30_pale_yellow.jpg,bc6f121e0c529ca26705983961e328e308d31cf5508682d7db46daffa3c03033,183c2c4d4d6b5356,train,5
phash:11e7115e81b35b9a,5,5,ce72a33a97a17f4400df,Soil_Labeled_Data/M_0_10/L_70_80/alluvial/IMG_0298.JPG,Soil_Labeled_Data/M_0_10/L_70_80/alluvial/IMG_0298.JPG,0a0f0f4ccc49cde560ecbcef0c36666fc710659de9a55e736348d3e210a486d8,d4b1c8c3d169339f,train,5
phash:11e7115e81b35b9a,5,5,06ba2616078cddb0472a,Soil_Labeled_Data/M_40_50/L_70_80/alluvial/IMG_0298_M_0_10_gray_brown.jpg,Soil_Labeled_Data/M_40_50/L_70_80/alluvial/IMG_0298_M_0_10_gray_brown.jpg,56c2350f873183aca410bf54e893753c6e94a83fc0d65268db65c4dacea34c1e,c4b1d8c1d179339f,train,5
phash:11e7115e81b35b9a,5,5,0873e976fea307136694,Soil_Labeled_Data/M_60_70/L_70_80/alluvial/IMG_0298_M_0_10_gray_brown_M_40_50_dark_brown.jpg,Soil_Labeled_Data/M_60_70/L_70_80/alluvial/IMG_0298_M_0_10_gray_brown_M_40_50_dark_brown.jpg,fa113de788040e9299b2df06bdfd44d1e255f338ea8c4f51c3fb1924603674ac,c4b0d8c1d179339f,train,5
phash:11e7115e81b35b9a,5,5,4ee51c5338f84079a961,Soil_Labeled_Data/M_60_70/L_70_80/alluvial/IMG_0298_M_0_10_gray_brown_M_40_50_gray_brown_M_50_60_gray_brown.jpg,Soil_Labeled_Data/M_60_70/L_70_80/alluvial/IMG_0298_M_0_10_gray_brown_M_40_50_gray_brown_M_50_60_gray_brown.jpg,44c674b2e8f571607779bec696c5c41ce0969596fe6c1473411489590adf1fdb,c4b0d8c1d159139f,train,5
phash:11e7115e81b35b9a,5,5,61a5805934a08ad6b5bf,Soil_Labeled_Data/M_80_90/L_70_80/alluvial/IMG_0298_M_0_10_gray_brown_M_40_50_gray_brown_M_50_60_gray_brown_M_60_70_dark_brown_M_70_80_clay_red.jpg,Soil_Labeled_Data/M_80_90/L_70_80/alluvial/IMG_0298_M_0_10_gray_brown_M_40_50_gray_brown_M_50_60_gray_brown_M_60_70_dark_brown_M_70_80_clay_red.jpg,17baaa22bc286530df605aabc6e9a7e6f8f4d68211ecbed6b3c62a5c04ceca77,c4b0c8c1d149038b,train,5
phash:11f61dd650eab9c1,4,3,bf74757ce16828e09e77,Soil_Labeled_Data/M_30_40/L_90_100/alluvial/z5720143138433_5a1eba502028ab521a9ccc45f968b42d.jpg,Soil_Labeled_Data/M_30_40/L_90_100/alluvial/z5720143138433_5a1eba502028ab521a9ccc45f968b42d.jpg,524dd00cf9334bab01402f9145428779b1cb96912a8f0c138dbce8e413024df2,6cb337efa7240c09,train,5
phash:11f61dd650eab9c1,4,3,a50c89dd085ce3fe6f27,Soil_Labeled_Data/M_50_60/L_90_100/alluvial/z5720143138433_5a1eba502028ab521a9ccc45f968b42d.jpg,Soil_Labeled_Data/M_50_60/L_90_100/alluvial/z5720143138433_5a1eba502028ab521a9ccc45f968b42d.jpg,524dd00cf9334bab01402f9145428779b1cb96912a8f0c138dbce8e413024df2,6cb337efa7240c09,train,5
phash:11f61dd650eab9c1,4,3,5230e7aff51e0643e062,Soil_Labeled_Data/M_60_70/L_90_100/alluvial/M_60_70_L_90_100_0001_gray_brown.jpg,Soil_Labeled_Data/M_60_70/L_90_100/alluvial/M_60_70_L_90_100_0001_gray_brown.jpg,059030a12c0d39630781a21d216a36bd67d901c663f88d7c95ad83768e5ae1b1,6cb237ef27240c09,train,5
phash:11f61dd650eab9c1,4,3,23320f9a358eb02fe86a,Soil_Labeled_Data/M_70_80/L_90_100/alluvial/M_70_80_L_90_100_0065_light_brown.jpg,Soil_Labeled_Data/M_70_80/L_90_100/alluvial/M_70_80_L_90_100_0065_light_brown.jpg,423e984e527461efd9e16508d31ab44b3602598c279182bb2acd04ae7a4d06a6,6cb217ef27240c29,train,5
phash:1215d62c7553ea0a,4,4,b21b1c968c02b78a2a70,Soil_Labeled_Data/M_80_90/L_80_90/alluvial/z5613702575086_ccc939e24dd66fe3300e61ce99f46525.jpg,Soil_Labeled_Data/M_80_90/L_80_90/alluvial/z5613702575086_ccc939e24dd66fe3300e61ce99f46525.jpg,6ffc35fa6049c153ddba449ddb7a3cdc2c7c363dc7141f1025919304145c360c,bcfc5bffdfdf35a7,test,5
phash:1215d62c7553ea0a,4,4,0ff399c1c59c47492f67,Soil_Labeled_Data/M_90_100/L_80_90/alluvial/M_90_100_L_80_90_0035_dark_brown.jpg,Soil_Labeled_Data/M_90_100/L_80_90/alluvial/M_90_100_L_80_90_0035_dark_brown.jpg,a9433248f03f3262f7ec437cf6fb8e0861c7d6d26c4e3457ec2b12e47dc26f0e,bcfc5bdfdfdf35a7,test,5
phash:1215d62c7553ea0a,4,4,058c416ce5e43506faa5,Soil_Labeled_Data/M_90_100/L_80_90/alluvial/M_90_100_L_80_90_0046_light_brown.jpg,Soil_Labeled_Data/M_90_100/L_80_90/alluvial/M_90_100_L_80_90_0046_light_brown.jpg,2f15385e5eeb8e2e49a249d8cf95c5d49287ce704174e51bfa9aa227ce283695,3cfc5bffdfdf35a7,test,5
phash:1215d62c7553ea0a,4,4,00894e5421aa767a3f73,Soil_Labeled_Data/M_90_100/L_80_90/alluvial/M_90_100_L_80_90_0062_wet_gray.jpg,Soil_Labeled_Data/M_90_100/L_80_90/alluvial/M_90_100_L_80_90_0062_wet_gray.jpg,a5ba4e351699cc7f663db9155b3bab66ef32320587ffc3d14d6508fa52a6f580,3cfc5bdfdfdf35a7,test,5
phash:124887665cbfb8dc,6,6,fcb1c92ea2312f2dd24d,Soil_Labeled_Data/M_0_10/L_40_50/alluvial/IMG_0162.JPG,Soil_Labeled_Data/M_0_10/L_40_50/alluvial/IMG_0162.JPG,dfa478223088717f7d516f0376dd4fd061ddf894a37e02216fb10a5f1e78da22,49ca942b2cd5572f,train,5
phash:124887665cbfb8dc,6,6,85604a75d06b6e919ebb,Soil_Labeled_Data/M_40_50/L_40_50/alluvial/IMG_0162_M_0_10_gray_brown.jpg,Soil_Labeled_Data/M_40_50/L_40_50/alluvial/IMG_0162_M_0_10_gray_brown.jpg,1697a4e7e9fa04949c113fc3c7b2dd2fa647119ed6b64aea45acad63ddef26c9,49ca942b2cd5572f,train,5
phash:124887665cbfb8dc,6,6,dfd91e37e467378a56ed,Soil_Labeled_Data/M_40_50/L_40_50/alluvial/IMG_0162_M_0_10_light_brown.jpg,Soil_Labeled_Data/M_40_50/L_40_50/alluvial/IMG_0162_M_0_10_light_brown.jpg,dd887db2273ec423685c20c06bdac15b517952d090b87347db0ee6e49669e2b6,49ca942b2cd5572f,train,5
phash:124887665cbfb8dc,6,6,3e66f67750012e4a61f9,Soil_Labeled_Data/M_60_70/L_40_50/alluvial/IMG_0162_M_0_10_gray_brown_M_40_50_light_brown_M_50_60_gray_brown.jpg,Soil_Labeled_Data/M_60_70/L_40_50/alluvial/IMG_0162_M_0_10_gray_brown_M_40_50_light_brown_M_50_60_gray_brown.jpg,2558cd6ec844cbce1792cf2e5942d91c08b3ed210842d7702c3fbb1c0e9e8efd,49ca902b2cd5572f,train,5
phash:124887665cbfb8dc,6,6,e00dc335ccdde17746b1,Soil_Labeled_Data/M_80_90/L_40_50/alluvial/IMG_0162_M_0_10_gray_brown_M_40_50_gray_brown_M_60_70_clay_red.jpg,Soil_Labeled_Data/M_80_90/L_40_50/alluvial/IMG_0162_M_0_10_gray_brown_M_40_50_gray_brown_M_60_70_clay_red.jpg,201dd7964ba67fb5af3e5194758227b50230d9d764f406bec86398eafdadca0d,49ca902b2cd5572f,train,5
phash:124887665cbfb8dc,6,6,e95b8bbb8d1d2bf91f18,Soil_Labeled_Data/M_80_90/L_40_50/alluvial/IMG_0162_M_0_10_gray_brown_M_40_50_light_brown_M_50_60_gray_brown_M_60_70_wet_gray.jpg,Soil_Labeled_Data/M_80_90/L_40_50/alluvial/IMG_0162_M_0_10_gray_brown_M_40_50_light_brown_M_50_60_gray_brown_M_60_70_wet_gray.jpg,542cedc87cab540185567cfa25d6be17389b2486ee5b825f4634e8db9ca899b8,49ca902b2cd5572f,train,5
phash:12e5de9a219b300b,4,4,315b30fd2ebafd001e21,Soil_Labeled_Data/M_0_10/L_50_60/alluvial/IMG_0210.JPG,Soil_Labeled_Data/M_0_10/L_50_60/alluvial/IMG_0210.JPG,3e546bbf78ed43d703b8e868b48809cb270a18dcc056b8691b9b5f21ca67fcef,011024949080c484,train,5
phash:12e5de9a219b300b,4,4,16b455ec276db710702f,Soil_Labeled_Data/M_60_70/L_50_60/alluvial/IMG_0210_M_0_10_light_brown_M_40_50_dark_brown.jpg,Soil_Labeled_Data/M_60_70/L_50_60/alluvial/IMG_0210_M_0_10_light_brown_M_40_50_dark_brown.jpg,93d7bd9295cf7db8c0ad351f8a2eb8fb2828668efa993c1a38bfedab656cb9e8,011024949080c484,train,5
phash:12e5de9a219b300b,4,4,a1ca552176dd85983c11,Soil_Labeled_Data/M_70_80/L_50_60/alluvial/IMG_0210_M_0_10_light_brown_M_40_50_light_brown_M_50_60_clay_red.jpg,Soil_Labeled_Data/M_70_80/L_50_60/alluvial/IMG_0210_M_0_10_light_brown_M_40_50_light_brown_M_50_60_clay_red.jpg,d75896260543ce24911ada5712bb4e190560662e037e393bfb0ad4efcc7f5814,011024949080c484,train,5
phash:12e5de9a219b300b,4,4,8aed5facb506c5f1dcb3,Soil_Labeled_Data/M_80_90/L_50_60/alluvial/IMG_0210_M_0_10_pale_yellow_M_40_50_gray_brown_M_50_60_dark_brown_M_70_80_clay_red.jpg,Soil_Labeled_Data/M_80_90/L_50_60/alluvial/IMG_0210_M_0_10_pale_yellow_M_40_50_gray_brown_M_50_60_dark_brown_M_70_80_clay_red.jpg,dcd440afa94f846e75c1a1420e72c330c36cde671acfa2559bef095fa52c4dcb,010024949080c484,train,5
phash:1323798deece8975,4,4,253c762f01b83ace9526,Soil_Labeled_Data/M_30_40/L_20_30/alluvial/z5716143884036_b02bdfc16942b9a4a8029ffa42d721fa.jpg,Soil_Labeled_Data/M_30_40/L_20_30/alluvial/z5716143884036_b02bdfc16942b9a4a8029ffa42d721fa.jpg,42e44e441c7ee74db90bce47b30dc5d311442a53fb76522bd7fa2aecf5f4c438,33178c8103071786,train,5
phash:1323798deece8975,4,4,5cb3c68c485d6dd0bb1e,Soil_Labeled_Data/M_60_70/L_20_30/alluvial/z5716143884036_b02bdfc16942b9a4a8029ffa42d721fa_M_30_40_gray_brown_M_50_60_gray_brown.jpg,Soil_Labeled_Data/M_60_70/L_20_30/alluvial/z5716143884036_b02bdfc16942b9a4a8029ffa42d721fa_M_30_40_gray_brown_M_50_60_gray_brown.jpg,ef8e3cfbc38b9fc6e7b8477721e178951f0634cabccdf80906645ce657f14141,13178c8103071786,train,5
phash:1323798deece8975,4,4,e8597c789770d09b4d87,Soil_Labeled_Data/M_70_80/L_20_30/alluvial/z5716143884036_b02bdfc16942b9a4a8029ffa42d721fa_M_30_40_gray_brown_M_50_60_clay_red.jpg,Soil_Labeled_Data/M_70_80/L_20_30/alluvial/z5716143884036_b02bdfc16942b9a4a8029ffa42d721fa_M_30_40_gray_brown_M_50_60_clay_red.jpg,709aebe779615bbbc4e85a120a86618dac01e9f35d64c89ebab5ddeddf8582d4,13178c81030717c6,train,5
phash:1323798deece8975,4,4,cb464c07a28b652434cc,Soil_Labeled_Data/M_80_90/L_20_30/alluvial/z5716143884036_b02bdfc16942b9a4a8029ffa42d721fa_M_30_40_clayish_red_M_40_50_gray_brown_M_50_60_dark_brown_M_70_80_clay_red.jpg,Soil_Labeled_Data/M_80_90/L_20_30/alluvial/z5716143884036_b02bdfc16942b9a4a8029ffa42d721fa_M_30_40_clayish_red_M_40_50_gray_brown_M_50_60_dark_brown_M_70_80_clay_red.jpg,453d50a18cea4d7360c81b159ed55cfae70525f89b2116c584c603518dfde70e,1317840103051786,train,5
phash:134a6f6c78e6686d,2,2,94e228ec78ea6e04628b,Soil_Labeled_Data/M_30_40/L_30_40/alluvial/z5716116044962_10a081c7546d9c4b542bcc27df664172.jpg,Soil_Labeled_Data/M_30_40/L_30_40/alluvial/z5716116044962_10a081c7546d9c4b542bcc27df664172.jpg,942bab47c6fecafd79c80c374cf998e58daa17f930307835a98f6c877fcb7da9,27cf0b3727913564,test,5
phash:134a6f6c78e6686d,2,2,bae0c1d43237f86015cc,Soil_Labeled_Data/M_60_70/L_30_40/alluvial/z5716116044962_10a081c7546d9c4b542bcc27df664172_M_30_40_clayish_red_M_40_50_light_brown_M_50_60_dark_brown.jpg,Soil_Labeled_Data/M_60_70/L_30_40/alluvial/z5716116044962_10a081c7546d9c4b542bcc27df664172_M_30_40_clayish_red_M_40_50_light_brown_M_50_60_dark_brown.jpg,87dc0dc00f66e4563e987eebf8fd957f8cc6fe957e2bb84730d950947e6a4d57,27cd0b3725113524,test,5
phash:1393e6d17ef1dd32,5,5,89634d8e611dab0bf0b9,Soil_Labeled_Data/M_30_40/L_50_60/alluvial/z5719945512664_b31ee4aecf6a552463f894dbf83282d1.jpg,Soil_Labeled_Data/M_30_40/L_50_60/alluvial/z5719945512664_b31ee4aecf6a552463f894dbf83282d1.jpg,cfe71a2c984129167053ac2df3898cf032703d2de4537fd2b9a9ca6eb1e1ede7,27ebce8d98842615,test,5
phash:1393e6d17ef1dd32,5,5,3769277a1dd9db41ae40,Soil_Labeled_Data/M_40_50/L_50_60/alluvial/z5719945512664_b31ee4aecf6a552463f894dbf83282d1_M_30_40_clayish_red.jpg,Soil_Labeled_Data/M_40_50/L_50_60/alluvial/z5719945512664_b31ee4aecf6a552463f894dbf83282d1_M_30_40_clayish_red.jpg,3a0415958bc2622364e8a1eb54db98d2ace171dd3ebf1c643fc9b1df85c7d354,27ebcecd98842617,test,5
phash:1393e6d17ef1dd32,5,5,3d2eda1e4498ea20256b,Soil_Labeled_Data/M_50_60/L_50_60/alluvial/z5719945512664_b31ee4aecf6a552463f894dbf83282d1_M_30_40_clayish_red_M_40_50_light_brown.jpg,Soil_Labeled_Data/M_50_60/L_50_60/alluvial/z5719945512664_b31ee4aecf6a552463f894dbf83282d1_M_30_40_clayish_red_M_40_50_light_brown.jpg,ef775e390a4274c0552af9148e6c1b0c191a5540a97de459ab85f75dd6077a5e,27ebce8d98842617,test,5
phash:1393e6d17ef1dd32,5,5,3dd6c8759e139a378698,Soil_Labeled_Data/M_60_70/L_50_60/alluvial/z5719945512664_b31ee4aecf6a552463f894dbf83282d1_M_30_40_clayish_red_M_40_50_light_brown_M_50_60_gray_brown.jpg,Soil_Labeled_Data/M_60_70/L_50_60/alluvial/z5719945512664_b31ee4aecf6a552463f894dbf83282d1_M_30_40_clayish_red_M_40_50_light_brown_M_50_60_gray_brown.jpg,b0e9e2cddc915ab43b7042024f9e7840524ced94e0e6fff2a415a3c06c2991de,25e2ce4d98842615,test,5
phash:1393e6d17ef1dd32,5,5,367122e8778492b645bc,Soil_Labeled_Data/M_60_70/L_50_60/alluvial/z5719945512664_b31ee4aecf6a552463f894dbf83282d1_M_30_40_light_brown_M_50_60_dark_brown.jpg,Soil_Labeled_Data/M_60_70/L_50_60/alluvial/z5719945512664_b31ee4aecf6a552463f894dbf83282d1_M_30_40_light_brown_M_50_60_dark_brown.jpg,dabe7baeb5b611738d839ef599f6b8f1fecaae87911034d0f602421eb2ecfd2f,23ebce8d98842615,test,5
phash:13e26c531599bc10,2,2,5c6fa67cf18d6180bec6,Soil_Labeled_Data/M_70_80/L_80_90/alluvial/z6637133229889_5b005cc0f6f6905ea12108ef19300d89.jpg,Soil_Labeled_Data/M_70_80/L_80_90/alluvial/z6637133229889_5b005cc0f6f6905ea12108ef19300d89.jpg,d2d31baf9342c38fd0397b6f7d618450e488121d41a1976db38729c51a108eb8,b12c6c361bcb6fa4,train,5
phash:13e26c531599bc10,2,2,f72a15be9548a7babcb2,Soil_Labeled_Data/M_70_80/L_80_90/alluvial/z6637133229889_5b005cc0f6f6905ea12108ef19300d89_aug_03_gray_brown.jpg,Soil_Labeled_Data/M_70_80/L_80_90/alluvial/z6637133229889_5b005cc0f6f6905ea12108ef19300d89_aug_03_gray_brown.jpg,edac6c1266026f28a8fce614b94ce0e3241f31f2a27aca2b45397e9e990d83cd,b12c6c361bcb6fa4,train,5
phash:14f22c12d21ae414,2,2,528408eed077ac69832f,Soil_Labeled_Data/M_50_60/L_80_90/alluvial/M_50_60_L_80_90_0037_dark_brown.jpg,Soil_Labeled_Data/M_50_60/L_80_90/alluvial/M_50_60_L_80_90_0037_dark_brown.jpg,088cd0e99d426d13a5c8b90c7fd28ecc4ee9ffd8c7abc272ced024c50f58481d,52d2b26d4c8e8930,train,5
phash:14f22c12d21ae414,2,2,178735bc1cee8cf45c46,Soil_Labeled_Data/M_60_70/L_80_90/alluvial/M_60_70_L_80_90_0017_light_brown.jpg,Soil_Labeled_Data/M_60_70/L_80_90/alluvial/M_60_70_L_80_90_0017_light_brown.jpg,0739e6ffd68615147d612b9ab480ce494f9d3602b60bfb4f33b44dcf56e5e0e4,52d2b26d0c8e8931,train,5
phash:156bd532f6d70aa4,3,3,987061d5cbd2754a82ab,Soil_Labeled_Data/M_30_40/L_0_10/alluvial/z5716042004626_672a27bdaa4badcf207b29a4dbf173b0.jpg,Soil_Labeled_Data/M_30_40/L_0_10/alluvial/z5716042004626_672a27bdaa4badcf207b29a4dbf173b0.jpg,3d46b55b6fe66c7081bd5f602ccc9b30c513f14026ee2904baa47dbda1aae862,080b2b0f06041404,train,5
phash:156bd532f6d70aa4,3,3,14dd7e3b732b04ebe421,Soil_Labeled_Data/M_40_50/L_0_10/alluvial/z5716042004626_672a27bdaa4badcf207b29a4dbf173b0_M_30_40_pale_yellow.jpg,Soil_Labeled_Data/M_40_50/L_0_10/alluvial/z5716042004626_672a27bdaa4badcf207b29a4dbf173b0_M_30_40_pale_yellow.jpg,9c324943940e70f398c4c3fca120a8bf01b4f1b8b9ad6bccb13886d376d8d799,080a0b0e06040408,train,5
phash:156bd532f6d70aa4,3,3,375ef1303928dde26232,Soil_Labeled_Data/M_50_60/L_0_10/alluvial/z5716042004626_672a27bdaa4badcf207b29a4dbf173b0_M_30_40_pale_yellow_M_40_50_light_brown.jpg,Soil_Labeled_Data/M_50_60/L_0_10/alluvial/z5716042004626_672a27bdaa4badcf207b29a4dbf173b0_M_30_40_pale_yellow_M_40_50_light_brown.jpg,cbfb8dd36e9062f05a1af1bdd9e04b4f5cbd55eb34addbbb58fc267a1299a0d4,080b0b0e06040004,train,5
phash:1580dccc06c1a06f,4,4,2b38c46b3cbb9e02e116,Soil_Labeled_Data/M_30_40/L_30_40/alluvial/z5716115990505_f5f56b58cd35cb9827aaedc4db8efebd.jpg,Soil_Labeled_Data/M_30_40/L_30_40/alluvial/z5716115990505_f5f56b58cd35cb9827aaedc4db8efebd.jpg,bf68b5820407d9d821bf344d0860548a5fb13a21a74ed3ef0aa4e29655e43fbf,5f3e265792876d21,train,5
phash:1580dccc06c1a06f,4,4,a16967e65f1680fbd7f8,Soil_Labeled_Data/M_40_50/L_30_40/alluvial/z5716115990505_f5f56b58cd35cb9827aaedc4db8efebd_M_30_40_pale_yellow.jpg,Soil_Labeled_Data/M_40_50/L_30_40/alluvial/z5716115990505_f5f56b58cd35cb9827aaedc4db8efebd_M_30_40_pale_yellow.jpg,fee79a3aef2d0fea8189006690e41c1796388f5ee99f4d377c45c23f9a741337,5f3e265792976d21,train,5
phash:1580dccc06c1a06f,4,4,9768a597f14d52f849d2,Soil_Labeled_Data/M_50_60/L_30_40/alluvial/z5716115990505_f5f56b58cd35cb9827aaedc4db8efebd_M_30_40_light_brown.jpg,Soil_Labeled_Data/M_50_60/L_30_40/alluvial/z5716115990505_f5f56b58cd35cb9827aaedc4db8efebd_M_30_40_light_brown.jpg,0b6f7fc1a8a4344e10ed0b62a31db80fb32e35e410f3c4d0480bb07bcbfe4ac3,5f3e265392976d21,train,5
phash:1580dccc06c1a06f,4,4,f8126c78071ea596f7e9,Soil_Labeled_Data/M_50_60/L_30_40/alluvial/z5716115990505_f5f56b58cd35cb9827aaedc4db8efebd_M_30_40_pale_yellow_M_40_50_light_brown.jpg,Soil_Labeled_Data/M_50_60/L_30_40/alluvial/z5716115990505_f5f56b58cd35cb9827aaedc4db8efebd_M_30_40_pale_yellow_M_40_50_light_brown.jpg,5e10fc1904d16a5d267e1843a9041929249f16e984e207022dd33234b3a0260d,1b3e265382876d20,train,5
phash:16313a78b8c6de56,8,5,2a70b57ccb3201e1aad8,Soil_Labeled_Data/M_10_20/L_90_100/alluvial/IMG_0794.JPG,Soil_Labeled_Data/M_10_20/L_90_100/alluvial/IMG_0794.JPG,7c27eb594e080bb4138985853876a1ec96149a2328ca41c77d8d16a7120c46b6,3e3fa77f5dcc9860,train,5
phash:16313a78b8c6de56,8,5,239b1284f6967ca93367,Soil_Labeled_Data/M_10_20/L_90_100/alluvial/IMG_0795.JPG,Soil_Labeled_Data/M_10_20/L_90_100/alluvial/IMG_0795.JPG,7c27eb594e080bb4138985853876a1ec96149a2328ca41c77d8d16a7120c46b6,3e3fa77f5dcc9860,train,5
phash:16313a78b8c6de56,8,5,96446b279c51e8b6689e,Soil_Labeled_Data/M_10_20/L_90_100/alluvial/IMG_0797.JPG,Soil_Labeled_Data/M_10_20/L_90_100/alluvial/IMG_0797.JPG,7c27eb594e080bb4138985853876a1ec96149a2328ca41c77d8d16a7120c46b6,3e3fa77f5dcc9860,train,5
phash:16313a78b8c6de56,8,5,df3b97bcb6afc10f523c,Soil_Labeled_Data/M_10_20/L_90_100/alluvial/IMG_0798.JPG,Soil_Labeled_Data/M_10_20/L_90_100/alluvial/IMG_0798.JPG,7c27eb594e080bb4138985853876a1ec96149a2328ca41c77d8d16a7120c46b6,3e3fa77f5dcc9860,train,5
phash:16313a78b8c6de56,8,5,9d8e7dd43e58592c77f5,Soil_Labeled_Data/M_40_50/L_90_100/alluvial/IMG_0797_M_10_20_gray_brown.jpg,Soil_Labeled_Data/M_40_50/L_90_100/alluvial/IMG_0797_M_10_20_gray_brown.jpg,007db960b222f99b3bb2425269787c8f414716372ad9085248dd470bf1428dc9,3e3f27775dcc9860,train,5
phash:16313a78b8c6de56,8,5,b03058c764482fb66e69,Soil_Labeled_Data/M_50_60/L_90_100/alluvial/M_50_60_L_90_100_0043_dark_brown.jpg,Soil_Labeled_Data/M_50_60/L_90_100/alluvial/M_50_60_L_90_100_0043_dark_brown.jpg,64262c8406040c8b76d1f65d6e64c2b829ae1f8482f33850423e7adad637de93,3e3f27575dcc9860,train,5
phash:16313a78b8c6de56,8,5,f19963400afd2b20fde6,Soil_Labeled_Data/M_70_80/L_90_100/alluvial/M_70_80_L_90_100_0036_clay_red.jpg,Soil_Labeled_Data/M_70_80/L_90_100/alluvial/M_70_80_L_90_100_0036_clay_red.jpg,15a7ec325f5434ec29269365d0610172de2b740ecd9857b681dbf86967a6c395,3e3f27575dcc9860,train,5
phash:16313a78b8c6de56,8,5,f3b7f226ffb9ebf5db83,Soil_Labeled_Data/M_70_80/L_90_100/alluvial/M_70_80_L_90_100_0043_wet_gray.jpg,Soil_Labeled_Data/M_70_80/L_90_100/alluvial/M_70_80_L_90_100_0043_wet_gray.jpg,8828386a4279017c2717f36dfc36867b59c5914a9b9b802f70604e99b4ebca4f,2e3f27575dcc9860,train,5
phash:17a33323a8c95ba6,3,3,8b8cb90bce351575d9f3,Soil_Labeled_Data/M_20_30/L_70_80/alluvial/z5715141676311_1d060c8ef71e58aadc2f6099b373b761.jpg,Soil_Labeled_Data/M_20_30/L_70_80/alluvial/z5715141676311_1d060c8ef71e58aadc2f6099b373b761.jpg,6b13a0d352e52f5a698756a9841c300cda91be22a26ccfa56cc1fa0fc0cdc515,ad66da6d7372c042,train,5
phash:17a33323a8c95ba6,3,3,d8bb4c140ef676bc1cd0,Soil_Labeled_Data/M_30_40/L_70_80/alluvial/z5715141676311_1d060c8ef71e58aadc2f6099b373b761_M_20_30_light_brown.jpg,Soil_Labeled_Data/M_30_40/L_70_80/alluvial/z5715141676311_1d060c8ef71e58aadc2f6099b373b761_M_20_30_light_brown.jpg,d0b37c065fec47f0410109f765ff15ab9f252a2a8160bfd892e3fc472907aa24,ad66da6d7372c042,train,5
phash:17a33323a8c95ba6,3,3,2cf0ea93d8b8f1d44738,Soil_Labeled_Data/M_50_60/L_70_80/alluvial/z5715141676311_1d060c8ef71e58aadc2f6099b373b761_M_20_30_light_brown_M_30_40_gray_brown.jpg,Soil_Labeled_Data/M_50_60/L_70_80/alluvial/z5715141676311_1d060c8ef71e58aadc2f6099b373b761_M_20_30_light_brown_M_30_40_gray_brown.jpg,9f626ef2004d94ad28591a57ee1c099dae597b66cafde453127b463ee52b084f,ad66da6d7372c042,train,5
phash:17c1b5dcd4c310e0,3,3,8c1336244eabbb3f5e91,Soil_Labeled_Data/M_0_10/L_40_50/alluvial/IMG_0166.JPG,Soil_Labeled_Data/M_0_10/L_40_50/alluvial/IMG_0166.JPG,208f9cebf5d7f3e922ae73c56b80adebb2e88de23b6d60b2aebb99f6164bbd74,c743924387850d0d,validation,5
phash:17c1b5dcd4c310e0,3,3,f6ba1ec82cba22dcac3b,Soil_Labeled_Data/M_50_60/L_40_50/alluvial/IMG_0166_M_0_10_light_brown_M_40_50_light_brown.jpg,Soil_Labeled_Data/M_50_60/L_40_50/alluvial/IMG_0166_M_0_10_light_brown_M_40_50_light_brown.jpg,2c50d3604dbd361952053bb8b5fa1a7eea42fa27dccda110185eb164fcca830b,c743924387850d0d,validation,5
phash:17c1b5dcd4c310e0,3,3,a3a3808145d826ea2bd5,Soil_Labeled_Data/M_90_100/L_40_50/alluvial/IMG_0166_M_0_10_light_brown_M_40_50_light_brown_M_50_60_dark_brown_M_70_80_wet_gray.jpg,Soil_Labeled_Data/M_90_100/L_40_50/alluvial/IMG_0166_M_0_10_light_brown_M_40_50_light_brown_M_50_60_dark_brown_M_70_80_wet_gray.jpg,b5a73cbe247e9a455783f81bf8eb643efd7a2c54d3dd1375d82d931988380021,c343924386050c0d,validation,5
phash:17e978ef03cb2911,3,3,d1229f5336d38f5da971,Soil_Labeled_Data/M_50_60/L_60_70/alluvial/IMG_0258_M_0_10_pale_yellow_M_40_50_light_brown.jpg,Soil_Labeled_Data/M_50_60/L_60_70/alluvial/IMG_0258_M_0_10_pale_yellow_M_40_50_light_brown.jpg,9008248ed5daedef6f390eba2c0ab77df3eed4e8486e220feb36eae35b7d40df,f3f1659a3e181b13,validation,5
phash:17e978ef03cb2911,3,3,f3cbbc28544097c2fc46,Soil_Labeled_Data/M_60_70/L_60_70/alluvial/IMG_0258_M_0_10_pale_yellow_M_40_50_gray_brown.jpg,Soil_Labeled_Data/M_60_70/L_60_70/alluvial/IMG_0258_M_0_10_pale_yellow_M_40_50_gray_brown.jpg,3225fa1a3d07d4b267ad8d8500d215c69b2817513aa3e40eefd6a0bf25fa875e,b3f14d9a3e191b13,validation,5
phash:17e978ef03cb2911,3,3,2402a9ae7d8aa250f277,Soil_Labeled_Data/M_70_80/L_60_70/alluvial/IMG_0258_M_0_10_pale_yellow_M_40_50_light_brown_M_50_60_dark_brown.jpg,Soil_Labeled_Data/M_70_80/L_60_70/alluvial/IMG_0258_M_0_10_pale_yellow_M_40_50_light_brown_M_50_60_dark_brown.jpg,2d09d21deae1881e8df67bd622e4c51d564957e29ae45ca9e15df725c3ee1227,b3f1c59a3e181b13,validation,5
phash:17edad2da8a35a03,2,2,0cadb4c6c6c9e17cb099,Soil_Labeled_Data/M_0_10/L_40_50/alluvial/IMG_0164.JPG,Soil_Labeled_Data/M_0_10/L_40_50/alluvial/IMG_0164.JPG,02eeaa2434120a4634ac0cc39791f1e6a26a5544dfe48ddd1e65394159dc6bd1,4913253319c64b95,train,5
phash:17edad2da8a35a03,2,2,8d820cea3b36bd89d120,Soil_Labeled_Data/M_50_60/L_40_50/alluvial/IMG_0164_M_0_10_gray_brown_M_40_50_gray_brown.jpg,Soil_Labeled_Data/M_50_60/L_40_50/alluvial/IMG_0164_M_0_10_gray_brown_M_40_50_gray_brown.jpg,ab35fa61d21d448e837c645a99132504ac83b132ef6a190803009e5a85b2b333,4913253399c64b95,train,5
phash:1817f7729054661c,3,3,e1b995de23bc843e6c7c,Soil_Labeled_Data/M_10_20/L_90_100/alluvial/IMG_0786.JPG,Soil_Labeled_Data/M_10_20/L_90_100/alluvial/IMG_0786.JPG,413cb219fec9c2193199a515c9cb21ce1ea03ad2c94be1d6ef0e46d7515fb7a0,526b4f0f0f57929a,validation,5
phash:1817f7729054661c,3,3,0460fdb8b5f78c3b7731,Soil_Labeled_Data/M_80_90/L_90_100/alluvial/M_80_90_L_90_100_0021_clay_red.jpg,Soil_Labeled_Data/M_80_90/L_90_100/alluvial/M_80_90_L_90_100_0021_clay_red.jpg,7c0e53622b6d871c53f733a8ddb82345584ce07b0162c32abc5103291045ae0b,52494f070e53929a,validation,5
phash:1817f7729054661c,3,3,70498b2f0c7566e21cd8,Soil_Labeled_Data/M_80_90/L_90_100/alluvial/M_80_90_L_90_100_0058_dark_brown.jpg,Soil_Labeled_Data/M_80_90/L_90_100/alluvial/M_80_90_L_90_100_0058_dark_brown.jpg,ea515b8815121547967f47c18752dba3cd1e1d61c7a93463370a261573467669,12494f070e53929a,validation,5
phash:186f1b83b794bf40,9,9,e8b33b3d534b960c9495,Soil_Labeled_Data/M_10_20/L_90_100/alluvial/IMG_0802.JPG,Soil_Labeled_Data/M_10_20/L_90_100/alluvial/IMG_0802.JPG,14d1f4a1c6af6be01dc36c8f3135db21f6d7dff8353667e868565fb350d63149,272c2f594c26c6e7,train,5
phash:186f1b83b794bf40,9,9,72ed0b43efb408fd6fb6,Soil_Labeled_Data/M_50_60/L_90_100/alluvial/M_50_60_L_90_100_0045_dark_brown.jpg,Soil_Labeled_Data/M_50_60/L_90_100/alluvial/M_50_60_L_90_100_0045_dark_brown.jpg,ca320ef37e87aa2344cd44434576b93fee643fe99f707754423c63f60a8a43f2,272c2e590e26c6e7,train,5
phash:186f1b83b794bf40,9,9,9329b69521021aa732e1,Soil_Labeled_Data/M_60_70/L_90_100/alluvial/M_60_70_L_90_100_0005_dark_brown.jpg,Soil_Labeled_Data/M_60_70/L_90_100/alluvial/M_60_70_L_90_100_0005_dark_brown.jpg,f4d3e358297730ad82e1f8bb6c9c78e0a3df8444ad767c2479ea5059b02cc457,272c2e590e26c6e3,train,5
phash:186f1b83b794bf40,9,9,daa50a8dce4003dd5cfc,Soil_Labeled_Data/M_60_70/L_90_100/alluvial/M_60_70_L_90_100_0050_gray_brown.jpg,Soil_Labeled_Data/M_60_70/L_90_100/alluvial/M_60_70_L_90_100_0050_gray_brown.jpg,24759744b2009ba52004eddef72ba31eca70cec4bb51634014a24341d7cce249,272c2e590e26c6e7,train,5
phash:186f1b83b794bf40,9,9,084823c569a4796d1446,Soil_Labeled_Data/M_70_80/L_90_100/alluvial/M_70_80_L_90_100_0022_wet_gray.jpg,Soil_Labeled_Data/M_70_80/L_90_100/alluvial/M_70_80_L_90_100_0022_wet_gray.jpg,36688fdeb4ac193d62eace749d4222850aaab2a0e2c4eb7f77f747ed418e363b,272c2e580c26c6e7,train,5
phash:186f1b83b794bf40,9,9,a3225a37a7de04943eda,Soil_Labeled_Data/M_70_80/L_90_100/alluvial/M_70_80_L_90_100_0062_gray_brown.jpg,Soil_Labeled_Data/M_70_80/L_90_100/alluvial/M_70_80_L_90_100_0062_gray_brown.jpg,4450a7d98fffee5dc0a8f4144a20e0c5bba7a181464f03f71ee39b33378561c7,272c2e590c26c6e3,train,5
phash:186f1b83b794bf40,9,9,396034ba130e4a0fcda7,Soil_Labeled_Data/M_70_80/L_90_100/alluvial/M_70_80_L_90_100_0066_gray_brown.jpg,Soil_Labeled_Data/M_70_80/L_90_100/alluvial/M_70_80_L_90_100_0066_gray_brown.jpg,c4d1ffbd7b5e6830d185edbf07691a89cb7f4414a1d8d2b82e93eb359e4ca56a,272c2c180e24c6c3,train,5
phash:186f1b83b794bf40,9,9,b30fff9a8450899f62cd,Soil_Labeled_Data/M_70_80/L_90_100/alluvial/M_70_80_L_90_100_0067_light_brown.jpg,Soil_Labeled_Data/M_70_80/L_90_100/alluvial/M_70_80_L_90_100_0067_light_brown.jpg,ed8caa959397fb5cf9b23452d4381ada7da61584d304d6adf5837920a69cdcb5,272c2e190c26c6e7,train,5
phash:186f1b83b794bf40,9,9,3245f128d635923bfa32,Soil_Labeled_Data/M_70_80/L_90_100/alluvial/M_70_80_L_90_100_0082_gray_brown.jpg,Soil_Labeled_Data/M_70_80/L_90_100/alluvial/M_70_80_L_90_100_0082_gray_brown.jpg,f8df794bc93bacbd93a29cfd6d3226855ea4ad40a62886788939d63576f58f46,272c2e580c26c6e7,train,5
phash:1911bb4b9fe3f730,3,3,83a769720fc7caf38aab,Soil_Labeled_Data/M_10_20/L_50_60/alluvial/IMG_0638.JPG,Soil_Labeled_Data/M_10_20/L_50_60/alluvial/IMG_0638.JPG,95fbdf0d0d0940250b9d76de0bbff9577845bb85e99814d3feef73339f7f6a6c,8a872783090a1226,validation,5
phash:1911bb4b9fe3f730,3,3,07a5869016f2f16f587d,Soil_Labeled_Data/M_10_20/L_50_60/alluvial/IMG_0638_aug_03_wet_gray.jpg,Soil_Labeled_Data/M_10_20/L_50_60/alluvial/IMG_0638_aug_03_wet_gray.jpg,0d1afb4849edb07debde6789a81b11c93ff3c380b62e4e7d4700cda2ac37675d,8a872783010a1226,validation,5
phash:1911bb4b9fe3f730,3,3,292ee743a8a59251fe5f,Soil_Labeled_Data/M_40_50/L_50_60/alluvial/IMG_0638_M_10_20_clayish_red.jpg,Soil_Labeled_Data/M_40_50/L_50_60/alluvial/IMG_0638_M_10_20_clayish_red.jpg,c73323b673fe1b267024591a848955ee42b40b70193bdf815b03616a5ea2cc55,8a872783010a1226,validation,5
phash:19ac01d45edafba1,5,5,d5c440a35ff3befa07e2,Soil_Labeled_Data/M_0_10/L_60_70/alluvial/IMG_0246.JPG,Soil_Labeled_Data/M_0_10/L_60_70/alluvial/IMG_0246.JPG,3558802cb381e58ea2b8b06af499c0335e3ef6544957fec5d3e35e433a635f0b,75664c1c36356d59,train,5
phash:19ac01d45edafba1,5,5,c4138df05ad934709761,Soil_Labeled_Data/M_40_50/L_60_70/alluvial/IMG_0246_M_0_10_clayish_red.jpg,Soil_Labeled_Data/M_40_50/L_60_70/alluvial/IMG_0246_M_0_10_clayish_red.jpg,9149067c1729cbddb2a1c52f412c57e06d1fc0c6efbc048a6bfba9bc7a836810,75662c3c36116d59,train,5
phash:19ac01d45edafba1,5,5,947ed0e388ffa381081d,Soil_Labeled_Data/M_40_50/L_60_70/alluvial/IMG_0246_M_0_10_light_brown.jpg,Soil_Labeled_Data/M_40_50/L_60_70/alluvial/IMG_0246_M_0_10_light_brown.jpg,ea66835da21c24f6868ebb730af3c8118b5eed0163d2240a20469d0b0f90f15c,75662c3e36116d59,train,5
phash:19ac01d45edafba1,5,5,b616ef22702530618af0,Soil_Labeled_Data/M_60_70/L_60_70/alluvial/IMG_0246_M_0_10_light_brown_M_40_50_gray_brown.jpg,Soil_Labeled_Data/M_60_70/L_60_70/alluvial/IMG_0246_M_0_10_light_brown_M_40_50_gray_brown.jpg,bad4b03351fa681c813d4a5eab90f4a987a597715d99c1d89d166b88a7b045fd,75662c3c36116d59,train,5
phash:19ac01d45edafba1,5,5,be08aeee9b9279263ee2,Soil_Labeled_Data/M_80_90/L_60_70/alluvial/IMG_0246_M_0_10_light_brown_M_40_50_gray_brown_M_60_70_wet_gray.jpg,Soil_Labeled_Data/M_80_90/L_60_70/alluvial/IMG_0246_M_0_10_light_brown_M_40_50_gray_brown_M_60_70_wet_gray.jpg,034f43c5da8c08b0ee41ce3af065d97c037aa277bee54a5ecdb8b2e6e651b43c,75662c3e36116d59,train,5
phash:19bb67e0bcbd5c12,2,2,dac7465cdce21c7d9425,Soil_Labeled_Data/M_0_10/L_0_10/alluvial/z5714094985878_be3d0b27ad0ff588c74868cf841a13d8.jpg,Soil_Labeled_Data/M_0_10/L_0_10/alluvial/z5714094985878_be3d0b27ad0ff588c74868cf841a13d8.jpg,0f50b2ad6086a6d3670165499f6469638e2c50afb362759daf6df858dd812c67,131d0d0f07033142,validation,5
phash:19bb67e0bcbd5c12,2,2,4a38ab6d4e7bf2978b28,Soil_Labeled_Data/M_50_60/L_0_10/alluvial/z5714094985878_be3d0b27ad0ff588c74868cf841a13d8_M_0_10_clayish_red_M_40_50_gray_brown.jpg,Soil_Labeled_Data/M_50_60/L_0_10/alluvial/z5714094985878_be3d0b27ad0ff588c74868cf841a13d8_M_0_10_clayish_red_M_40_50_gray_brown.jpg,dc58899275379b9b05e067ace55662c1f52710858a9722835f6a0675abec9348,031d0d0f0f033142,validation,5
phash:1b46fbcdc14f2ddd,2,2,0918a20963b5f1056f14,Soil_Labeled_Data/M_0_10/L_30_40/alluvial/IMG_0111.JPG,Soil_Labeled_Data/M_0_10/L_30_40/alluvial/IMG_0111.JPG,50f44a4464514b8f250f8e947ed69b008e51cd49cfd8a74656915c0efe4339fd,ad3b5b4b37276eb7,train,5
phash:1b46fbcdc14f2ddd,2,2,a40bfb9f16fb14b49bf9,Soil_Labeled_Data/M_50_60/L_30_40/alluvial/IMG_0111_M_0_10_light_brown_M_40_50_gray_brown.jpg,Soil_Labeled_Data/M_50_60/L_30_40/alluvial/IMG_0111_M_0_10_light_brown_M_40_50_gray_brown.jpg,2246c1c091f5bb94d94702f9cb2c1a79fc91ff14c343571a059e1b900f714e18,ad3b5b5b37276eb7,train,5
phash:1b97c67c90136f52,3,3,a3d13d89c3b578516f3c,Soil_Labeled_Data/M_10_20/L_70_80/alluvial/IMG_0701.JPG,Soil_Labeled_Data/M_10_20/L_70_80/alluvial/IMG_0701.JPG,1f2f3e11bfbd6a6e913d59541e98f4189c5e005f1183c444a5fd4c63bb3dc02c,9369bddd669b5953,test,5
phash:1b97c67c90136f52,3,3,6d5b2c6bccf908cab226,Soil_Labeled_Data/M_40_50/L_70_80/alluvial/IMG_0701_M_10_20_gray_brown.jpg,Soil_Labeled_Data/M_40_50/L_70_80/alluvial/IMG_0701_M_10_20_gray_brown.jpg,054118b0cc8112489c48a3e1be073c9d04768152f5e8a170687e48950de5d458,9369bddd66995953,test,5
phash:1b97c67c90136f52,3,3,165af01baefe71e7484b,Soil_Labeled_Data/M_60_70/L_70_80/alluvial/IMG_0701_M_10_20_gray_brown_M_40_50_gray_brown.jpg,Soil_Labeled_Data/M_60_70/L_70_80/alluvial/IMG_0701_M_10_20_gray_brown_M_40_50_gray_brown.jpg,0ce159dedd1f0ddb44da4ba078c533c404f4b06f91c4c2e113b12e17dea6090a,9369bddd669b5953,test,5
phash:1b998b2ab5717c54,4,4,07b5471490a2ccf84f0c,Soil_Labeled_Data/M_30_40/L_30_40/alluvial/z5716116018535_325bd6ea25b86f2f021b34014f8842e8.jpg,Soil_Labeled_Data/M_30_40/L_30_40/alluvial/z5716116018535_325bd6ea25b86f2f021b34014f8842e8.jpg,b6278b98e88d8d140611f39748ee2646a80fad714acfe9baa2d5223646b0afbd,341c0e2f5db68f5f,train,5
phash:1b998b2ab5717c54,4,4,6043cdf67ec5474c9417,Soil_Labeled_Data/M_40_50/L_30_40/alluvial/z5716116018535_325bd6ea25b86f2f021b34014f8842e8_M_30_40_light_brown.jpg,Soil_Labeled_Data/M_40_50/L_30_40/alluvial/z5716116018535_325bd6ea25b86f2f021b34014f8842e8_M_30_40_light_brown.jpg,3f3872c150c5020c14bf69728ab54e3458cb53d418f0b404874650374b1c15e0,341c0e2f5da6ce5f,train,5
phash:1b998b2ab5717c54,4,4,9ae73944b0a43c683114,Soil_Labeled_Data/M_50_60/L_30_40/alluvial/z5716116018535_325bd6ea25b86f2f021b34014f8842e8_M_30_40_light_brown_M_40_50_light_brown.jpg,Soil_Labeled_Data/M_50_60/L_30_40/alluvial/z5716116018535_325bd6ea25b86f2f021b34014f8842e8_M_30_40_light_brown_M_40_50_light_brown.jpg,64cab0528737425ecaf895115217a6b77ce94ae3fbffc3bef675220273cadc66,341c0e2f5da68f5b,train,5
phash:1b998b2ab5717c54,4,4,0b18e1415371e8028240,Soil_Labeled_Data/M_60_70/L_30_40/alluvial/z5716116018535_325bd6ea25b86f2f021b34014f8842e8_M_30_40_light_brown_M_40_50_dark_brown.jpg,Soil_Labeled_Data/M_60_70/L_30_40/alluvial/z5716116018535_325bd6ea25b86f2f021b34014f8842e8_M_30_40_light_brown_M_40_50_dark_brown.jpg,4b178347160d15696700c021ed689fc4e432bef9bc7c9c4438b8d2c78469dd77,341c0e275d968e4b,train,5
phash:1d0a72a47c47c348,2,2,1a544b8c91072709fe09,Soil_Labeled_Data/M_30_40/L_20_30/alluvial/z5716144047202_bfbf5a922e86461675c0376ab5dc29fc.jpg,Soil_Labeled_Data/M_30_40/L_20_30/alluvial/z5716144047202_bfbf5a922e86461675c0376ab5dc29fc.jpg,d28c314e779803ab9e5e15c72adf9192cd70d27237290105b837298474a797af,1b971207178b0c25,train,5
phash:1d0a72a47c47c348,2,2,505a80096d0282d021d0,Soil_Labeled_Data/M_50_60/L_20_30/alluvial/z5716144047202_bfbf5a922e86461675c0376ab5dc29fc_M_30_40_light_brown.jpg,Soil_Labeled_Data/M_50_60/L_20_30/alluvial/z5716144047202_bfbf5a922e86461675c0376ab5dc29fc_M_30_40_light_brown.jpg,52e7cd4ac5f82deb98bd3299317ebe7a559a9baaa898e2abfe19c6f8e6d16f2a,1b961207178b0c25,train,5
phash:1f63adda602b4998,3,3,dde21f78450400b80e92,Soil_Labeled_Data/M_10_20/L_30_40/alluvial/IMG_0545.JPG,Soil_Labeled_Data/M_10_20/L_30_40/alluvial/IMG_0545.JPG,6e51a4d966993703f22b12da28dc244e153eab06bd157b24c282ca92af03b3c1,0b23270a1286860d,train,5
phash:1f63adda602b4998,3,3,3f0d7e2f24b42c3d3dcb,Soil_Labeled_Data/M_60_70/L_30_40/alluvial/IMG_0545_M_10_20_gray_brown_M_40_50_gray_brown.jpg,Soil_Labeled_Data/M_60_70/L_30_40/alluvial/IMG_0545_M_10_20_gray_brown_M_40_50_gray_brown.jpg,9fc70622bdb351f2b46fee33fcc9d471b50d7b0e9858b05cef64edeadfcde7bf,0b23270a1286860c,train,5
phash:1f63adda602b4998,3,3,f378c1c5596a41572db5,Soil_Labeled_Data/M_70_80/L_30_40/alluvial/IMG_0545_M_10_20_gray_brown_M_40_50_light_brown_M_50_60_dark_brown.jpg,Soil_Labeled_Data/M_70_80/L_30_40/alluvial/IMG_0545_M_10_20_gray_brown_M_40_50_light_brown_M_50_60_dark_brown.jpg,63432c6000480378d76cd56faaa9b59112e319d667dd267711969bb419ab4839,0b23270a02868608,train,5
phash:1f74a9bc25cb6f71,3,3,810845fe2a597a2be788,Soil_Labeled_Data/M_40_50/L_60_70/alluvial/IMG_0248_M_0_10_clayish_red.jpg,Soil_Labeled_Data/M_40_50/L_60_70/alluvial/IMG_0248_M_0_10_clayish_red.jpg,c1b5bc9c84650940dfa3c96f00b8343ee5ca4c47848e3a9cec6ae6298daf096a,5961691726481318,train,5
phash:1f74a9bc25cb6f71,3,3,ef81344911866261395f,Soil_Labeled_Data/M_40_50/L_60_70/alluvial/IMG_0248_M_0_10_gray_brown.jpg,Soil_Labeled_Data/M_40_50/L_60_70/alluvial/IMG_0248_M_0_10_gray_brown.jpg,6ad278def20043f1ccd6ea97662f42841f46f4f99c9eac772de12cd49cec8599,5961691f26481318,train,5
phash:1f74a9bc25cb6f71,3,3,f61a31a0f325629e205e,Soil_Labeled_Data/M_60_70/L_60_70/alluvial/IMG_0248_M_0_10_clayish_red_M_40_50_dark_brown.jpg,Soil_Labeled_Data/M_60_70/L_60_70/alluvial/IMG_0248_M_0_10_clayish_red_M_40_50_dark_brown.jpg,19b6eee65a4dc588fe101da4bd8d03294bfe28f3f3380131aa7a66654da609e0,5961691b26481318,train,5
phash:1faff8c0993d0a20,4,4,906f3586d9bbd541e9e7,Soil_Labeled_Data/M_30_40/L_50_60/alluvial/z5719945086578_e3ca39e5b5ab67c958a7fdaed8e174c3.jpg,Soil_Labeled_Data/M_30_40/L_50_60/alluvial/z5719945086578_e3ca39e5b5ab67c958a7fdaed8e174c3.jpg,152317568da4def3ee28e7ff3fa658ef2e5228b9c7ff77348ca51185a26dd303,212703114f8b2b4c,validation,5
phash:1faff8c0993d0a20,4,4,488072b3f18a68882399,Soil_Labeled_Data/M_40_50/L_50_60/alluvial/z5719945086578_e3ca39e5b5ab67c958a7fdaed8e174c3_M_30_40_gray_brown.jpg,Soil_Labeled_Data/M_40_50/L_50_60/alluvial/z5719945086578_e3ca39e5b5ab67c958a7fdaed8e174c3_M_30_40_gray_brown.jpg,23f66bcb1c063af76377c39a9daecbc2b3e4eee2fe7dd821c9a91891a8f441b0,202723114f8b2b4c,validation,5
phash:1faff8c0993d0a20,4,4,e0adb2f06def1311011a,Soil_Labeled_Data/M_70_80/L_50_60/alluvial/z5719945086578_e3ca39e5b5ab67c958a7fdaed8e174c3_M_30_40_clayish_red_M_40_50_dark_brown_M_60_70_clay_red.jpg,Soil_Labeled_Data/M_70_80/L_50_60/alluvial/z5719945086578_e3ca39e5b5ab67c958a7fdaed8e174c3_M_30_40_clayish_red_M_40_50_dark_brown_M_60_70_clay_red.jpg,6b4727a2d046dd427d005005290ca92df6212e403802d8fc9a56a452598d8c22,002703114f8b034c,validation,5
phash:1faff8c0993d0a20,4,4,4ddd5df2010627f0c313,Soil_Labeled_Data/M_70_80/L_50_60/alluvial/z5719945086578_e3ca39e5b5ab67c958a7fdaed8e174c3_M_30_40_clayish_red_M_40_50_gray_brown_M_50_60_clay_red.jpg,Soil_Labeled_Data/M_70_80/L_50_60/alluvial/z5719945086578_e3ca39e5b5ab67c958a7fdaed8e174c3_M_30_40_clayish_red_M_40_50_gray_brown_M_50_60_clay_red.jpg,ea81cf6b85f3f95107f47a96b65d0088e41cdb9eb18c5a49acaddd2dc6aea4da,412503114f8b2b4c,validation,5
phash:2046b74097299a13,2,2,8fd8f57b480b058ff670,Soil_Labeled_Data/M_10_20/L_40_50/alluvial/IMG_0585.JPG,Soil_Labeled_Data/M_10_20/L_40_50/alluvial/IMG_0585.JPG,edc58d0d79277488a466d73a87fe82f673dd97c3a582ba13e9a6dfd1b399f18f,6707678d82078fb3,train,5
phash:2046b74097299a13,2,2,0b783ae02f7f663eaaec,Soil_Labeled_Data/M_40_50/L_40_50/alluvial/IMG_0585_M_10_20_light_brown.jpg,Soil_Labeled_Data/M_40_50/L_40_50/alluvial/IMG_0585_M_10_20_light_brown.jpg,937128f1eb9df0675f76f372060740fcc106374e893dcf6cda0e494644b2328e,6707668d8a078fb3,train,5
phash:218e36ff96d159b4,2,2,bef8b40609eddfb4b2df,Soil_Labeled_Data/M_0_10/L_50_60/alluvial/IMG_0205.JPG,Soil_Labeled_Data/M_0_10/L_50_60/alluvial/IMG_0205.JPG,41ecd2ef0d482c4f70c60e00a717d16aae9eaedb2216faafbe3d13a315a75681,b9950d0f2d640615,train,5
phash:218e36ff96d159b4,2,2,e62e13bee98ab695644c,Soil_Labeled_Data/M_0_10/L_50_60/alluvial/IMG_0205_aug_02_gray_brown.jpg,Soil_Labeled_Data/M_0_10/L_50_60/alluvial/IMG_0205_aug_02_gray_brown.jpg,7290bb253658f935a1bad77ed7b69716b707b362abfe9be1b89afd0a4486e289,b9950c0f2d640615,train,5
phash:21dcf13ae7c61d65,2,2,6f91b853f984bc4f8d6f,Soil_Labeled_Data/M_60_70/L_10_20/alluvial/IMG_0456_M_10_20_gray_brown_M_40_50_gray_brown_M_50_60_gray_brown.jpg,Soil_Labeled_Data/M_60_70/L_10_20/alluvial/IMG_0456_M_10_20_gray_brown_M_40_50_gray_brown_M_50_60_gray_brown.jpg,57418746d3a7225c2f2461b8e7fe64063cfe35cb25455c05143b6aec679ea0fb,c30753290f8c4a63,validation,5
phash:21dcf13ae7c61d65,2,2,10a09e22f2dbe5971b4f,Soil_Labeled_Data/M_60_70/L_10_20/alluvial/IMG_0456_M_10_20_pale_yellow_M_40_50_gray_brown_M_50_60_gray_brown.jpg,Soil_Labeled_Data/M_60_70/L_10_20/alluvial/IMG_0456_M_10_20_pale_yellow_M_40_50_gray_brown_M_50_60_gray_brown.jpg,2390e05af005523758ef8192f2e7c8f53190abfb73d7a1c9bc4df3de4f9202e3,c307532b0f0c4a63,validation,5
phash:221b56b65a88ae8d,3,3,1d1622a9240107ad6fc0,Soil_Labeled_Data/M_0_10/L_90_100/alluvial/IMG_0382.JPG,Soil_Labeled_Data/M_0_10/L_90_100/alluvial/IMG_0382.JPG,d81d41e7d8c948b0cf49ceaee163665819dd82ab834520925df4b36665bbefaf,d1696960080c1e09,train,5
phash:221b56b65a88ae8d,3,3,a3e5836cdb6c95f37d96,Soil_Labeled_Data/M_70_80/L_90_100/alluvial/M_70_80_L_90_100_0035_clay_red.jpg,Soil_Labeled_Data/M_70_80/L_90_100/alluvial/M_70_80_L_90_100_0035_clay_red.jpg,7086e7805d751c3269df48eca598f63fc81fabefc687da30e11f03362042078d,51696870080c1c09,train,5
phash:221b56b65a88ae8d,3,3,f708401c0e5f70ce7f1c,Soil_Labeled_Data/M_80_90/L_90_100/alluvial/M_80_90_L_90_100_0010_dark_brown.jpg,Soil_Labeled_Data/M_80_90/L_90_100/alluvial/M_80_90_L_90_100_0010_dark_brown.jpg,61e264703e13c598974b79e2605e0f9fa335b504fafad622ff63c176d97f91bc,d1696060080c1c08,train,5
phash:222099dae69a0921,3,3,f9665bb7f6de3ef814fa,Soil_Labeled_Data/M_0_10/L_70_80/alluvial/IMG_0301.JPG,Soil_Labeled_Data/M_0_10/L_70_80/alluvial/IMG_0301.JPG,b678650cef13042bf6015e51c3bcab78cf386a18f24dc7897bcc1902c2337587,a7a789106a4ac22a,train,5
phash:222099dae69a0921,3,3,0d8f7da70777053f773d,Soil_Labeled_Data/M_70_80/L_70_80/alluvial/IMG_0301_M_0_10_pale_yellow_M_40_50_dark_brown_M_60_70_dark_brown.jpg,Soil_Labeled_Data/M_70_80/L_70_80/alluvial/IMG_0301_M_0_10_pale_yellow_M_40_50_dark_brown_M_60_70_dark_brown.jpg,31f89116a4d6166fc7d142ff82c2134c7e7f30596df082a90536426e41d5f236,a7a78910624a9228,train,5
phash:222099dae69a0921,3,3,dfd7b5aaebe59524cd30,Soil_Labeled_Data/M_90_100/L_70_80/alluvial/IMG_0301_M_0_10_pale_yellow_M_40_50_dark_brown_M_60_70_dark_brown_M_70_80_clay_red_M_80_90_dark_brown.jpg,Soil_Labeled_Data/M_90_100/L_70_80/alluvial/IMG_0301_M_0_10_pale_yellow_M_40_50_dark_brown_M_60_70_dark_brown_M_70_80_clay_red_M_80_90_dark_brown.jpg,a99ee5d3f99f7f31a33233feb26306633deeee855b338e6d50d89a8277477870,a7a7891040489028,train,5
phash:2239954b40c98c02,7,7,141c64876c8956a90740,Soil_Labeled_Data/M_20_30/L_60_70/alluvial/z5715084235063_019bf1d09588c2fd5226859f4331698b.jpg,Soil_Labeled_Data/M_20_30/L_60_70/alluvial/z5715084235063_019bf1d09588c2fd5226859f4331698b.jpg,ecb8c6c181da4ca5a895f55437024872b2d8c86c7eda2c55169616ad62b05970,468f2e565c9cb397,train,5
phash:2239954b40c98c02,7,7,00393ce1b7d74e70cb6f,Soil_Labeled_Data/M_30_40/L_60_70/alluvial/z5715084235063_019bf1d09588c2fd5226859f4331698b_M_20_30_light_brown.jpg,Soil_Labeled_Data/M_30_40/L_60_70/alluvial/z5715084235063_019bf1d09588c2fd5226859f4331698b_M_20_30_light_brown.jpg,a10ddc66cad2d20c5f4fda000e6980aa51b2d7f71f5f7b056d4203c2aa4e8c86,468f2e565c9cb397,train,5
phash:2239954b40c98c02,7,7,64c9d92796fbb7ba2c69,Soil_Labeled_Data/M_50_60/L_60_70/alluvial/z5715084235063_019bf1d09588c2fd5226859f4331698b_M_20_30_light_brown_M_30_40_light_brown.jpg,Soil_Labeled_Data/M_50_60/L_60_70/alluvial/z5715084235063_019bf1d09588c2fd5226859f4331698b_M_20_30_light_brown_M_30_40_light_brown.jpg,bcc5f8f04eb0960722e78e888acd6978ba069286e3d3ca732e7f37b3f1a98f51,468f2e565c9cb397,train,5
phash:2239954b40c98c02,7,7,559109eb0dcc1ab58541,Soil_Labeled_Data/M_60_70/L_60_70/alluvial/z5715084235063_019bf1d09588c2fd5226859f4331698b_M_20_30_light_brown_M_30_40_light_brown_M_50_60_dark_brown.jpg,Soil_Labeled_Data/M_60_70/L_60_70/alluvial/z5715084235063_019bf1d09588c2fd5226859f4331698b_M_20_30_light_brown_M_30_40_light_brown_M_50_60_dark_brown.jpg,f2caa503ffbe2d14b7666eef192b7efd7be4950bd2a1aaf42ebb5d1302d377bb,469f2e565c9cb397,train,5
phash:2239954b40c98c02,7,7,b2fd40d27d6ad590cc84,Soil_Labeled_Data/M_80_90/L_60_70/alluvial/z5715084235063_019bf1d09588c2fd5226859f4331698b_M_20_30_light_brown_M_30_40_light_brown_M_50_60_dark_brown_M_70_80_clay_red.jpg,Soil_Labeled_Data/M_80_90/L_60_70/alluvial/z5715084235063_019bf1d09588c2fd5226859f4331698b_M_20_30_light_brown_M_30_40_light_brown_M_50_60_dark_brown_M_70_80_clay_red.jpg,dd5b83238b84fe19faabf3aa1b036eaceb2626b6ce8ae5a2682c0332848b02fa,468f2e565c9cb397,train,5
phash:2239954b40c98c02,7,7,abbbbc298182bcfacebc,Soil_Labeled_Data/M_90_100/L_60_70/alluvial/z5715084235063_019bf1d09588c2fd5226859f4331698b_M_20_30_light_brown_M_30_40_light_brown_M_50_60_dark_brown_M_60_70_clay_red_M_80_90_wet_gray.jpg,Soil_Labeled_Data/M_90_100/L_60_70/alluvial/z5715084235063_019bf1d09588c2fd5226859f4331698b_M_20_30_light_brown_M_30_40_light_brown_M_50_60_dark_brown_M_60_70_clay_red_M_80_90_wet_gray.jpg,7b83e7ea86c1098e1e1395cfc723caa5160969d9a43008e6fdd54405814927e4,068b2e564c9cb193,train,5
phash:2239954b40c98c02,7,7,cd88d345240d851a310f,Soil_Labeled_Data/M_90_100/L_60_70/alluvial/z5715084235063_019bf1d09588c2fd5226859f4331698b_M_20_30_light_brown_M_30_40_light_brown_M_50_60_dark_brown_M_70_80_clay_red_M_80_90_wet_gray.jpg,Soil_Labeled_Data/M_90_100/L_60_70/alluvial/z5715084235063_019bf1d09588c2fd5226859f4331698b_M_20_30_light_brown_M_30_40_light_brown_M_50_60_dark_brown_M_70_80_clay_red_M_80_90_wet_gray.jpg,821d2f68e657336db4e4d0a0c2e3446f7f80d0ccf4969499e65ec8ae9b7a382a,46872e565c9cb295,train,5
phash:22eb69568175d464,3,2,4cbcebd06995963b1d0b,Soil_Labeled_Data/M_30_40/L_90_100/alluvial/z5720142944680_d4f5166a1f72d6cb4ddfe9316119b767.jpg,Soil_Labeled_Data/M_30_40/L_90_100/alluvial/z5720142944680_d4f5166a1f72d6cb4ddfe9316119b767.jpg,ca85bf8ff5a35539fefbb847acbe12f7f32ecbe248c145a844b511e7bc339c0a,68db3030a66c304d,train,5
phash:22eb69568175d464,3,2,d5a806e97c50b967d5ed,Soil_Labeled_Data/M_50_60/L_90_100/alluvial/z5720142944680_d4f5166a1f72d6cb4ddfe9316119b767.jpg,Soil_Labeled_Data/M_50_60/L_90_100/alluvial/z5720142944680_d4f5166a1f72d6cb4ddfe9316119b767.jpg,ca85bf8ff5a35539fefbb847acbe12f7f32ecbe248c145a844b511e7bc339c0a,68db3030a66c304d,train,5
phash:22eb69568175d464,3,2,c09ceb9766635baa8ba5,Soil_Labeled_Data/M_60_70/L_90_100/alluvial/M_60_70_L_90_100_0028_gray_brown.jpg,Soil_Labeled_Data/M_60_70/L_90_100/alluvial/M_60_70_L_90_100_0028_gray_brown.jpg,9b0b487ccdadeb559d349b5670546696581398118e542962cecef695a43575e8,68da3030a66c304d,train,5
phash:237d3461c22957a5,4,4,3ea5489ca58856f98e62,Soil_Labeled_Data/M_30_40/L_40_50/alluvial/z5719915206794_043f99c4e48d30a3c242949620c8fbd3.jpg,Soil_Labeled_Data/M_30_40/L_40_50/alluvial/z5719915206794_043f99c4e48d30a3c242949620c8fbd3.jpg,7adb30b1e8b914994855e637335a08b67c010f0bdef1b4765926f1400fec66a2,8b3a33f3b393a517,test,5
phash:237d3461c22957a5,4,4,82ef1f467a854d3e321b,Soil_Labeled_Data/M_60_70/L_40_50/alluvial/z5719915206794_043f99c4e48d30a3c242949620c8fbd3_M_30_40_gray_brown_M_50_60_gray_brown.jpg,Soil_Labeled_Data/M_60_70/L_40_50/alluvial/z5719915206794_043f99c4e48d30a3c242949620c8fbd3_M_30_40_gray_brown_M_50_60_gray_brown.jpg,8597d318ebefb6e649f8fe4186f1817c01ce8e534e25087eebc98a448b38eef2,8b3233d3b393a517,test,5
phash:237d3461c22957a5,4,4,03308908ee3263f3ecaa,Soil_Labeled_Data/M_60_70/L_40_50/alluvial/z5719915206794_043f99c4e48d30a3c242949620c8fbd3_M_30_40_pale_yellow_M_40_50_light_brown_M_50_60_dark_brown.jpg,Soil_Labeled_Data/M_60_70/L_40_50/alluvial/z5719915206794_043f99c4e48d30a3c242949620c8fbd3_M_30_40_pale_yellow_M_40_50_light_brown_M_50_60_dark_brown.jpg,074f63abc81b7ca4e81b3296c7d91344895719e98132cdb989f50282703303fb,8b3a33f3b393a517,test,5
phash:237d3461c22957a5,4,4,c7890b833bc4ac48b533,Soil_Labeled_Data/M_70_80/L_40_50/alluvial/z5719915206794_043f99c4e48d30a3c242949620c8fbd3_M_30_40_pale_yellow_M_40_50_light_brown_M_50_60_clay_red.jpg,Soil_Labeled_Data/M_70_80/L_40_50/alluvial/z5719915206794_043f99c4e48d30a3c242949620c8fbd3_M_30_40_pale_yellow_M_40_50_light_brown_M_50_60_clay_red.jpg,bf8addc960c23fc57e67007b36e86cb04f69f303d37d6cfaf2850fb8af96ef9c,8b3a33d3b393a517,test,5
phash:24cad31affe7fb9c,5,5,2ad961a40803916932d4,Soil_Labeled_Data/M_30_40/L_40_50/alluvial/z5719915050807_883061f62d1ba096fe786e33783493ac.jpg,Soil_Labeled_Data/M_30_40/L_40_50/alluvial/z5719915050807_883061f62d1ba096fe786e33783493ac.jpg,16cb88b9712205f5898037e8a464e7727fdb0298f75b47ca27902320c4cc3d54,002707070382a60d,train,5
phash:24cad31affe7fb9c,5,5,c07449ea29869848826e,Soil_Labeled_Data/M_50_60/L_40_50/alluvial/z5719915050807_883061f62d1ba096fe786e33783493ac_M_30_40_gray_brown_M_40_50_light_brown.jpg,Soil_Labeled_Data/M_50_60/L_40_50/alluvial/z5719915050807_883061f62d1ba096fe786e33783493ac_M_30_40_gray_brown_M_40_50_light_brown.jpg,deb5a133e29449e21cf9a04d15bb84f65ee67b130e70387c27e432203db12148,002717070382a60d,train,5
phash:24cad31affe7fb9c,5,5,c6c2755207c420e00cc7,Soil_Labeled_Data/M_50_60/L_40_50/alluvial/z5719915050807_883061f62d1ba096fe786e33783493ac_M_30_40_light_brown_M_40_50_light_brown.jpg,Soil_Labeled_Data/M_50_60/L_40_50/alluvial/z5719915050807_883061f62d1ba096fe786e33783493ac_M_30_40_light_brown_M_40_50_light_brown.jpg,fdbd74626c3a22ad8b0d1dcc77b064ea11286f53eb9391ce08fb155dfdff19ae,002707070382260d,train,5
phash:24cad31affe7fb9c,5,5,578f41376b8d4a826588,Soil_Labeled_Data/M_60_70/L_40_50/alluvial/z5719915050807_883061f62d1ba096fe786e33783493ac_M_30_40_gray_brown_M_40_50_light_brown_M_50_60_gray_brown.jpg,Soil_Labeled_Data/M_60_70/L_40_50/alluvial/z5719915050807_883061f62d1ba096fe786e33783493ac_M_30_40_gray_brown_M_40_50_light_brown_M_50_60_gray_brown.jpg,51843502657dce864e5323e275bfef20003eb4b86e0f01b881f918b1d5dd6855,002707070382a60d,train,5
phash:24cad31affe7fb9c,5,5,9e80c953cd56dd56dfbe,Soil_Labeled_Data/M_80_90/L_40_50/alluvial/z5719915050807_883061f62d1ba096fe786e33783493ac_M_30_40_light_brown_M_40_50_light_brown_M_50_60_clay_red_M_70_80_clay_red.jpg,Soil_Labeled_Data/M_80_90/L_40_50/alluvial/z5719915050807_883061f62d1ba096fe786e33783493ac_M_30_40_light_brown_M_40_50_light_brown_M_50_60_clay_red_M_70_80_clay_red.jpg,09c5ed917e4b1f7d60efea64e4982ee27c5a9a9c48d8414ae16c8fb09610b914,002707050382a60c,train,5
phash:24d6e849b24f4f55,2,2,060ab918d09d12253ecc,Soil_Labeled_Data/M_70_80/L_30_40/alluvial/IMG_0558_M_10_20_light_brown_M_40_50_light_brown_M_50_60_clay_red.jpg,Soil_Labeled_Data/M_70_80/L_30_40/alluvial/IMG_0558_M_10_20_light_brown_M_40_50_light_brown_M_50_60_clay_red.jpg,307ad22ce73914af8c49a68c9cd76046726fb84db86861776e4c8db26e4e73e9,8313039242030404,train,5
phash:24d6e849b24f4f55,2,2,d2ac6ef890b35819f1d6,Soil_Labeled_Data/M_80_90/L_30_40/alluvial/IMG_0558_M_10_20_light_brown_M_40_50_light_brown_M_50_60_clay_red_M_70_80_clay_red.jpg,Soil_Labeled_Data/M_80_90/L_30_40/alluvial/IMG_0558_M_10_20_light_brown_M_40_50_light_brown_M_50_60_clay_red_M_70_80_clay_red.jpg,a2350befaebfdf64f711f876ea2a143fc60af37ffdf7ddbcf02905b1041f11de,8113821202030404,train,5
phash:252bcc7e88528538,2,2,461f8163d3f3b5404fdf,Soil_Labeled_Data/M_10_20/L_50_60/alluvial/IMG_0640.JPG,Soil_Labeled_Data/M_10_20/L_50_60/alluvial/IMG_0640.JPG,16b6664328cb560bf2dcc204aca8e55d270d5122f69ed682b196f3f850cf6d5b,0c46a72771193a6e,test,5
phash:252bcc7e88528538,2,2,c4f9d583630e9f53aefe,Soil_Labeled_Data/M_50_60/L_50_60/alluvial/IMG_0640_M_10_20_light_brown_M_40_50_gray_brown.jpg,Soil_Labeled_Data/M_50_60/L_50_60/alluvial/IMG_0640_M_10_20_light_brown_M_40_50_gray_brown.jpg,8a42c1b9f6b64f33cc1e85828d4bd6827dbea4c0e743da4c5855ea3012e15aea,0c46a72771193a6e,test,5
phash:25a20c412fc48b30,6,6,8355b1dc468b6a2455a3,Soil_Labeled_Data/M_40_50/L_90_100/alluvial/IMG_0374_M_0_10_clayish_red.jpg,Soil_Labeled_Data/M_40_50/L_90_100/alluvial/IMG_0374_M_0_10_clayish_red.jpg,b0e726625efefc0c0c78d062262edf54dbbaea6bd066e028a3a57134d9516965,0c4386e2a2e647a7,train,5
phash:25a20c412fc48b30,6,6,908a76a0710b8a6b1a46,Soil_Labeled_Data/M_50_60/L_90_100/alluvial/M_50_60_L_90_100_0075_light_brown.jpg,Soil_Labeled_Data/M_50_60/L_90_100/alluvial/M_50_60_L_90_100_0075_light_brown.jpg,0915de8c97774ca8b60e42ab1f8039f1541ec732049a6be95fbfdc54f3234c9a,0c4b86e2a26647a7,train,5
phash:25a20c412fc48b30,6,6,6cc75a8db9ca905f1945,Soil_Labeled_Data/M_60_70/L_90_100/alluvial/M_60_70_L_90_100_0086_wet_gray.jpg,Soil_Labeled_Data/M_60_70/L_90_100/alluvial/M_60_70_L_90_100_0086_wet_gray.jpg,fee08a31687061b4a1c62cd99291040793364167e35790d8b24107a90fddb898,040386c2a24647a7,train,5
phash:25a20c412fc48b30,6,6,c7d69cea9f31275205ec,Soil_Labeled_Data/M_70_80/L_90_100/alluvial/M_70_80_L_90_100_0020_dark_brown.jpg,Soil_Labeled_Data/M_70_80/L_90_100/alluvial/M_70_80_L_90_100_0020_dark_brown.jpg,65ae6197851529714c0f4847490bc6a59e8a44064c461914f3861c4fc11b9d71,080382c2a2044687,train,5
phash:25a20c412fc48b30,6,6,d7694b6675060070de5c,Soil_Labeled_Data/M_80_90/L_90_100/alluvial/M_80_90_L_90_100_0061_light_brown.jpg,Soil_Labeled_Data/M_80_90/L_90_100/alluvial/M_80_90_L_90_100_0061_light_brown.jpg,87651056c0c088519e0b626d796aa377e7090cf42304bd70f2b6a26461708226,00038242a2044307,train,5
phash:25a20c412fc48b30,6,6,ad357813180cd3cedde8,Soil_Labeled_Data/M_80_90/L_90_100/alluvial/M_80_90_L_90_100_0099_gray_brown.jpg,Soil_Labeled_Data/M_80_90/L_90_100/alluvial/M_80_90_L_90_100_0099_gray_brown.jpg,86dde74117249f507d6b9528cbd89f8c599de7bee3a18794f349cdf883f52843,000382c2a0044305,train,5
phash:2673c07fa3a6aac1,2,2,878e1a0bb45e95e49337,Soil_Labeled_Data/M_10_20/L_50_60/alluvial/IMG_0645.JPG,Soil_Labeled_Data/M_10_20/L_50_60/alluvial/IMG_0645.JPG,ecb4b5f31d07441feea1f052f1525883340bb44ac1f6b7b959fa45ca16e46613,b29bd91d0c4663a3,validation,5
phash:2673c07fa3a6aac1,2,2,5b30a2dc2e44df66b999,Soil_Labeled_Data/M_60_70/L_50_60/alluvial/IMG_0645_M_10_20_clayish_red_M_40_50_dark_brown.jpg,Soil_Labeled_Data/M_60_70/L_50_60/alluvial/IMG_0645_M_10_20_clayish_red_M_40_50_dark_brown.jpg,8a759a833d52b8a3c1ff57aeef8f6ef2d3fe311696cdee707e5205283b7ce5d5,b29bd90d0c4663a3,validation,5
phash:26fda731e9de7d40,3,2,3bea9981114ac4005224,Soil_Labeled_Data/M_30_40/L_90_100/alluvial/z5720143078801_9e7f2d067ac7542cc6f3b8a5bd731451.jpg,Soil_Labeled_Data/M_30_40/L_90_100/alluvial/z5720143078801_9e7f2d067ac7542cc6f3b8a5bd731451.jpg,323a8ac7e9832d5f0b28a04df602dc3fc509c5d0fbaf03cc9c92e70db03d6391,3436eba9a8b56666,train,5
phash:26fda731e9de7d40,3,2,7d1b57cb00d2f80bf1e0,Soil_Labeled_Data/M_50_60/L_90_100/alluvial/M_50_60_L_90_100_0014_light_brown.jpg,Soil_Labeled_Data/M_50_60/L_90_100/alluvial/M_50_60_L_90_100_0014_light_brown.jpg,76b024031a22154352cfd28ad88cac1e53d2a5804c8704852526bd409c718f42,3436eba9a8b56e66,train,5
phash:26fda731e9de7d40,3,2,4b8b2fd7093587dfecc6,Soil_Labeled_Data/M_50_60/L_90_100/alluvial/z5720143078801_9e7f2d067ac7542cc6f3b8a5bd731451.jpg,Soil_Labeled_Data/M_50_60/L_90_100/alluvial/z5720143078801_9e7f2d067ac7542cc6f3b8a5bd731451.jpg,323a8ac7e9832d5f0b28a04df602dc3fc509c5d0fbaf03cc9c92e70db03d6391,3436eba9a8b56666,train,5
phash:272fa05db045290a,6,6,a7a1c157305764c096d6,Soil_Labeled_Data/M_0_10/L_50_60/alluvial/IMG_0208.JPG,Soil_Labeled_Data/M_0_10/L_50_60/alluvial/IMG_0208.JPG,d21214f52ca0c08fc99cf77f6865477f4b7e9503993c72c86e87e4685bda2b62,c0e1f070e8f0e4e4,train,5
phash:272fa05db045290a,6,6,9f2d4fdd8f1859e3f2e0,Soil_Labeled_Data/M_40_50/L_50_60/alluvial/IMG_0208_M_0_10_light_brown.jpg,Soil_Labeled_Data/M_40_50/L_50_60/alluvial/IMG_0208_M_0_10_light_brown.jpg,25db205283fa947cb82a77103c611157d91924d64dc46a8477268a2b8542bb77,c1e1f1f2e8f0e4e4,train,5
phash:272fa05db045290a,6,6,d0a7eccf31a662a947e7,Soil_Labeled_Data/M_40_50/L_50_60/alluvial/IMG_0208_M_0_10_pale_yellow.jpg,Soil_Labeled_Data/M_40_50/L_50_60/alluvial/IMG_0208_M_0_10_pale_yellow.jpg,17d21016c2441fbe3b19de514b86b5a18890099775957f3ac5cf6f492dc789a2,c1e1f0f0e8f0e4e4,train,5
phash:272fa05db045290a,6,6,5fc8144fe72e692fe009,Soil_Labeled_Data/M_70_80/L_50_60/alluvial/IMG_0208_M_0_10_light_brown_M_40_50_gray_brown_M_50_60_dark_brown.jpg,Soil_Labeled_Data/M_70_80/L_50_60/alluvial/IMG_0208_M_0_10_light_brown_M_40_50_gray_brown_M_50_60_dark_brown.jpg,c56fb888bdeffbb075374944c6092e3a7f5e8945917cad218db84ae038cde3a7,c0e1f0f0e0f0e4e4,train,5
phash:272fa05db045290a,6,6,cee29b1581a5f5af0db4,Soil_Labeled_Data/M_80_90/L_50_60/alluvial/IMG_0208_M_0_10_light_brown_M_40_50_gray_brown_M_50_60_dark_brown_M_70_80_wet_gray.jpg,Soil_Labeled_Data/M_80_90/L_50_60/alluvial/IMG_0208_M_0_10_light_brown_M_40_50_gray_brown_M_50_60_dark_brown_M_70_80_wet_gray.jpg,15d9d3d4a5b77bfdb699b7799daa61bc32a4d1194c83e4ad1dc2bdcf6d672464,c0e1f072e0f0e4e4,train,5
phash:272fa05db045290a,6,6,3f745461cf62d1a145b7,Soil_Labeled_Data/M_90_100/L_50_60/alluvial/IMG_0208_M_0_10_light_brown_M_40_50_gray_brown_M_50_60_dark_brown_M_60_70_clay_red_M_70_80_wet_gray.jpg,Soil_Labeled_Data/M_90_100/L_50_60/alluvial/IMG_0208_M_0_10_light_brown_M_40_50_gray_brown_M_50_60_dark_brown_M_60_70_clay_red_M_70_80_wet_gray.jpg,50c577a76a792b0cc0c194709d12cd672fb4668226d60d806d83d80098cc920c,c0e1f060e8f0e464,train,5
phash:2765edb8329cb206,7,7,8a6ec9170615c4d29652,Soil_Labeled_Data/M_30_40/L_50_60/alluvial/z5719945442394_074f397072a0e21797e33be6440ab366.jpg,Soil_Labeled_Data/M_30_40/L_50_60/alluvial/z5719945442394_074f397072a0e21797e33be6440ab366.jpg,be486b174d9108aa310ff3fd65fd4a71317f3d9440fe21e0b66ffbb379bfabcc,2f85930662989607,train,5
phash:2765edb8329cb206,7,7,c16fecc030665a0ba4b2,Soil_Labeled_Data/M_40_50/L_50_60/alluvial/z5719945442394_074f397072a0e21797e33be6440ab366_M_30_40_light_brown.jpg,Soil_Labeled_Data/M_40_50/L_50_60/alluvial/z5719945442394_074f397072a0e21797e33be6440ab366_M_30_40_light_brown.jpg,e1b624904356d56b15a7a95727593d26b96c5a73fe4e14bddefb7def41c30b0d,2585970662989607,train,5
phash:2765edb8329cb206,7,7,883ec3b4d6298ea37a88,Soil_Labeled_Data/M_40_50/L_50_60/alluvial/z5719945442394_074f397072a0e21797e33be6440ab366_M_30_40_pale_yellow.jpg,Soil_Labeled_Data/M_40_50/L_50_60/alluvial/z5719945442394_074f397072a0e21797e33be6440ab366_M_30_40_pale_yellow.jpg,313e1e25ce3ae22b2da4ba911cb295338e1b2690eb3d9fd9207145001dfbd8d9,2585970662989607,train,5
phash:2765edb8329cb206,7,7,8be22dace2934bdea7c8,Soil_Labeled_Data/M_50_60/L_50_60/alluvial/z5719945442394_074f397072a0e21797e33be6440ab366_M_30_40_light_brown_M_40_50_light_brown.jpg,Soil_Labeled_Data/M_50_60/L_50_60/alluvial/z5719945442394_074f397072a0e21797e33be6440ab366_M_30_40_light_brown_M_40_50_light_brown.jpg,ac8910839217408ac23968d765d462522e2723c99b750cade2b881828a8db752,2785930662989607,train,5
phash:2765edb8329cb206,7,7,43fc14e42e6677d90077,Soil_Labeled_Data/M_50_60/L_50_60/alluvial/z5719945442394_074f397072a0e21797e33be6440ab366_M_30_40_pale_yellow_M_40_50_light_brown.jpg,Soil_Labeled_Data/M_50_60/L_50_60/alluvial/z5719945442394_074f397072a0e21797e33be6440ab366_M_30_40_pale_yellow_M_40_50_light_brown.jpg,17b6371c99fbeeb79573680e3d2e25f4dfc3fb2ecc4e73ee21331ea044f9b8c8,2785930662989607,train,5
phash:2765edb8329cb206,7,7,1eee14a7f70ae9a15ad6,Soil_Labeled_Data/M_80_90/L_50_60/alluvial/z5719945442394_074f397072a0e21797e33be6440ab366_M_30_40_gray_brown_M_50_60_gray_brown_M_60_70_clay_red.jpg,Soil_Labeled_Data/M_80_90/L_50_60/alluvial/z5719945442394_074f397072a0e21797e33be6440ab366_M_30_40_gray_brown_M_50_60_gray_brown_M_60_70_clay_red.jpg,e9f7e6d79595d3b4c9e076f9a17a4de404d76cf2cc9aaf4a7b3500c9ecba6ddd,2585170662988607,train,5
phash:2765edb8329cb206,7,7,fc50176b7dd56f4390b0,Soil_Labeled_Data/M_90_100/L_50_60/alluvial/z5719945442394_074f397072a0e21797e33be6440ab366_M_30_40_light_brown_M_40_50_light_brown_M_50_60_dark_brown_M_70_80_dark_brown.jpg,Soil_Labeled_Data/M_90_100/L_50_60/alluvial/z5719945442394_074f397072a0e21797e33be6440ab366_M_30_40_light_brown_M_40_50_light_brown_M_50_60_dark_brown_M_70_80_dark_brown.jpg,84b6b908ffd7283fa84ebea3153f020b385cbac24ed164438348a693afc165fb,2585030662988607,train,5
phash:282a7261d87da92b,3,3,c4a05af199de894a10aa,Soil_Labeled_Data/M_0_10/L_10_20/alluvial/IMG_0017.JPG,Soil_Labeled_Data/M_0_10/L_10_20/alluvial/IMG_0017.JPG,51979befd4ad679ae732ffc04ac6939984f31e01c34692f5a21f4c6c065e144b,4b518fcd11094b50,train,5
phash:282a7261d87da92b,3,3,a4b2da1284cbf8f0387c,Soil_Labeled_Data/M_60_70/L_10_20/alluvial/IMG_0017_M_0_10_gray_brown_M_40_50_gray_brown.jpg,Soil_Labeled_Data/M_60_70/L_10_20/alluvial/IMG_0017_M_0_10_gray_brown_M_40_50_gray_brown.jpg,5f149feebda9269236743a490d51ea7b0a4609cc335fb2879c63ee1b11cd6391,4b138f8d11094b50,train,5
phash:282a7261d87da92b,3,3,eec51a3197f5d087ecc2,Soil_Labeled_Data/M_80_90/L_10_20/alluvial/IMG_0017_M_0_10_gray_brown_M_40_50_gray_brown_M_60_70_wet_gray.jpg,Soil_Labeled_Data/M_80_90/L_10_20/alluvial/IMG_0017_M_0_10_gray_brown_M_40_50_gray_brown_M_60_70_wet_gray.jpg,39e3771c0dcb0fc2053810de868fd8b6363725081468bcfb1e7314f009e26764,41118b8d11094b50,train,5
phash:284a765042b72a3a,2,2,0f7731e5c25e4ebd150b,Soil_Labeled_Data/M_30_40/L_30_40/alluvial/z5716116095651_7302dffdd0922f72ed36881d27ffff3b.jpg,Soil_Labeled_Data/M_30_40/L_30_40/alluvial/z5716116095651_7302dffdd0922f72ed36881d27ffff3b.jpg,7f4a06e1508503438397aa8ce8080532a6586dcae524333b9dd28f7c287e6050,714361c70a1b109c,train,5
phash:284a765042b72a3a,2,2,11507e220f447bb34464,Soil_Labeled_Data/M_70_80/L_30_40/alluvial/z5716116095651_7302dffdd0922f72ed36881d27ffff3b_M_30_40_gray_brown_M_50_60_dark_brown.jpg,Soil_Labeled_Data/M_70_80/L_30_40/alluvial/z5716116095651_7302dffdd0922f72ed36881d27ffff3b_M_30_40_gray_brown_M_50_60_dark_brown.jpg,d711d957c21c3a90970f5827d9b579e1bb1158742d210676e5cda66766de0a5f,714161870a1b101c,train,5
phash:28ae9471e98b75c2,5,5,46262e1df60ee4740c7a,Soil_Labeled_Data/M_0_10/L_10_20/alluvial/IMG_0014.JPG,Soil_Labeled_Data/M_0_10/L_10_20/alluvial/IMG_0014.JPG,b2d9045d6e9f3d752c2ceff148f6d7b4fac431c6f6f20bf3738466cf9aef4185,0a25191f1974b119,train,5
phash:28ae9471e98b75c2,5,5,a3c7e29a669ad38b2800,Soil_Labeled_Data/M_40_50/L_10_20/alluvial/IMG_0014_M_0_10_pale_yellow.jpg,Soil_Labeled_Data/M_40_50/L_10_20/alluvial/IMG_0014_M_0_10_pale_yellow.jpg,50a1217020b01ebb31b6f1d34746f279dd68f3154b0968bd0c4eaef164d9c028,0a25191f1974b119,train,5
phash:28ae9471e98b75c2,5,5,8dabb2de8b887fc0ea58,Soil_Labeled_Data/M_60_70/L_10_20/alluvial/IMG_0014_M_0_10_light_brown_M_40_50_gray_brown.jpg,Soil_Labeled_Data/M_60_70/L_10_20/alluvial/IMG_0014_M_0_10_light_brown_M_40_50_gray_brown.jpg,4cd796814fac64eed464f16b486eeb7c266c9ddb92ed7f370f7a07735bd61ec0,0a25191b1974b119,train,5
phash:28ae9471e98b75c2,5,5,e430bd9b74d6c7c65270,Soil_Labeled_Data/M_80_90/L_10_20/alluvial/IMG_0014_M_0_10_light_brown_M_40_50_gray_brown_M_50_60_gray_brown_M_60_70_wet_gray.jpg,Soil_Labeled_Data/M_80_90/L_10_20/alluvial/IMG_0014_M_0_10_light_brown_M_40_50_gray_brown_M_50_60_gray_brown_M_60_70_wet_gray.jpg,3b4901a69e916a384765dabee34bc6b94802f3d8d21f3986fe3a95718f86d22e,0a24191b1564b109,train,5
phash:28ae9471e98b75c2,5,5,1e73a8cb76d66398f62a,Soil_Labeled_Data/M_80_90/L_10_20/alluvial/IMG_0014_M_0_10_light_brown_M_40_50_gray_brown_M_60_70_clay_red.jpg,Soil_Labeled_Data/M_80_90/L_10_20/alluvial/IMG_0014_M_0_10_light_brown_M_40_50_gray_brown_M_60_70_clay_red.jpg,3a81550746e31f1da11db60790987233ec565f064d378172d6e41a8f627bec35,0224191b1960b109,train,5
phash:28c8f3401e69481b,2,2,a6b407a21cc932436890,Soil_Labeled_Data/M_80_90/L_60_70/alluvial/IMG_0255_M_0_10_gray_brown_M_40_50_light_brown_M_50_60_dark_brown_M_60_70_clay_red_M_70_80_clay_red.jpg,Soil_Labeled_Data/M_80_90/L_60_70/alluvial/IMG_0255_M_0_10_gray_brown_M_40_50_light_brown_M_50_60_dark_brown_M_60_70_clay_red_M_70_80_clay_red.jpg,dd8b867ca318b14c5714739e83a43f7715775ed4763e3c00fabf55060da884cb,1a8a763470400003,train,5
phash:28c8f3401e69481b,2,2,5799fa1fc9b65d857369,Soil_Labeled_Data/M_90_100/L_60_70/alluvial/IMG_0255_M_0_10_gray_brown_M_40_50_light_brown_M_50_60_dark_brown_M_60_70_clay_red_M_70_80_wet_gray.jpg,Soil_Labeled_Data/M_90_100/L_60_70/alluvial/IMG_0255_M_0_10_gray_brown_M_40_50_light_brown_M_50_60_dark_brown_M_60_70_clay_red_M_70_80_wet_gray.jpg,0c7e8836c55ae0c30d19b6c793df0e2b2b11724ab6d704618f1a7599f89dd0b8,0a0a363471600003,train,5
phash:2977e23d0929cfa6,3,3,95888be319a1a115599f,Soil_Labeled_Data/M_10_20/L_20_30/alluvial/IMG_0502.JPG,Soil_Labeled_Data/M_10_20/L_20_30/alluvial/IMG_0502.JPG,4fcb928b7e0b16ab8d1f9ff79993025439841e049e5ea5cd58c475a5cfd5bee4,b32737570b3d8e98,test,5
phash:2977e23d0929cfa6,3,3,8d5f501770120925aa07,Soil_Labeled_Data/M_70_80/L_20_30/alluvial/IMG_0502_M_10_20_pale_yellow_M_40_50_gray_brown_M_60_70_clay_red.jpg,Soil_Labeled_Data/M_70_80/L_20_30/alluvial/IMG_0502_M_10_20_pale_yellow_M_40_50_gray_brown_M_60_70_clay_red.jpg,50d2b2649bf3b03ecb7252dd992918d58839ef80d68f8e80b6ffdd6f803b0f44,b32737570b3d8e98,test,5
phash:2977e23d0929cfa6,3,3,06ea82c93aa036e1fc32,Soil_Labeled_Data/M_80_90/L_20_30/alluvial/IMG_0502_M_10_20_pale_yellow_M_40_50_gray_brown_M_60_70_clay_red_M_70_80_wet_gray.jpg,Soil_Labeled_Data/M_80_90/L_20_30/alluvial/IMG_0502_M_10_20_pale_yellow_M_40_50_gray_brown_M_60_70_clay_red_M_70_80_wet_gray.jpg,665a38f1507dba6015c78efdba38d11c420dafb954f6cce4c931965b41ee0c8d,b3273557093c8698,test,5
phash:2a98fc04f9504a93,8,8,ca4cd0f77ea3738b09aa,Soil_Labeled_Data/M_10_20/L_40_50/alluvial/IMG_0591.JPG,Soil_Labeled_Data/M_10_20/L_40_50/alluvial/IMG_0591.JPG,6941d24b888fd662a3f3ee37f6d610f2b9c6b5deded2d5504e1a74008b4ef046,4b462d830887060e,train,5
phash:2a98fc04f9504a93,8,8,d07ecd8ae771de4b39fd,Soil_Labeled_Data/M_60_70/L_40_50/alluvial/IMG_0591_M_10_20_gray_brown_M_40_50_dark_brown.jpg,Soil_Labeled_Data/M_60_70/L_40_50/alluvial/IMG_0591_M_10_20_gray_brown_M_40_50_dark_brown.jpg,f1ec6eabdd3ed87355ef7f8072c7564011844b94638a57f668bc5f06856eff55,4b462d830887060e,train,5
phash:2a98fc04f9504a93,8,8,b72ccb2d912e392679bc,Soil_Labeled_Data/M_70_80/L_40_50/alluvial/IMG_0591_M_10_20_gray_brown_M_40_50_light_brown_M_50_60_clay_red.jpg,Soil_Labeled_Data/M_70_80/L_40_50/alluvial/IMG_0591_M_10_20_gray_brown_M_40_50_light_brown_M_50_60_clay_red.jpg,d8c2855b7ffe5992d0c0bbca531af6837343b278765fc562b4ca5e1148dc4ace,4b062d830807060e,train,5
phash:2a98fc04f9504a93,8,8,10610215801d74531bd4,Soil_Labeled_Data/M_70_80/L_40_50/alluvial/IMG_0591_M_10_20_pale_yellow_M_40_50_gray_brown_M_50_60_dark_brown_M_60_70_dark_brown.jpg,Soil_Labeled_Data/M_70_80/L_40_50/alluvial/IMG_0591_M_10_20_pale_yellow_M_40_50_gray_brown_M_50_60_dark_brown_M_60_70_dark_brown.jpg,b990ce9603c6c31e99d4598cb5ca582db5148020b7ab9f051bd3ec80bb5305fc,4b442d830807060e,train,5
phash:2a98fc04f9504a93,8,8,26349b48a061d4b80973,Soil_Labeled_Data/M_80_90/L_40_50/alluvial/IMG_0591_M_10_20_gray_brown_M_40_50_dark_brown_M_60_70_dark_brown_M_70_80_clay_red.jpg,Soil_Labeled_Data/M_80_90/L_40_50/alluvial/IMG_0591_M_10_20_gray_brown_M_40_50_dark_brown_M_60_70_dark_brown_M_70_80_clay_red.jpg,4cfa632ce81aa3716085d6d6e4d1ba35883fbe520bef5334570793a3a943195b,43442d830807060e,train,5
phash:2a98fc04f9504a93,8,8,b8e4728520cf4db3d0f0,Soil_Labeled_Data/M_80_90/L_40_50/alluvial/IMG_0591_M_10_20_gray_brown_M_40_50_light_brown_M_50_60_dark_brown_M_60_70_wet_gray.jpg,Soil_Labeled_Data/M_80_90/L_40_50/alluvial/IMG_0591_M_10_20_gray_brown_M_40_50_light_brown_M_50_60_dark_brown_M_60_70_wet_gray.jpg,984c235425ee3867e616f9a7fbb26327ef47226540055319a326875046ba24b2,4b440d830807060e,train,5
phash:2a98fc04f9504a93,8,8,aedc9febfe8bd0979047,Soil_Labeled_Data/M_90_100/L_40_50/alluvial/IMG_0591_M_10_20_gray_brown_M_40_50_dark_brown_M_60_70_dark_brown_M_70_80_clay_red_M_80_90_dark_brown.jpg,Soil_Labeled_Data/M_90_100/L_40_50/alluvial/IMG_0591_M_10_20_gray_brown_M_40_50_dark_brown_M_60_70_dark_brown_M_70_80_clay_red_M_80_90_dark_brown.jpg,d90f1102b51fc763faef1f623316b08da0ff0fc443fd0e21c2f9bf28d29941a2,4b462d020807020a,train,5
phash:2a98fc04f9504a93,8,8,5e8deae49d418589a665,Soil_Labeled_Data/M_90_100/L_40_50/alluvial/IMG_0591_M_10_20_gray_brown_M_40_50_dark_brown_M_60_70_dark_brown_M_70_80_dark_brown.jpg,Soil_Labeled_Data/M_90_100/L_40_50/alluvial/IMG_0591_M_10_20_gray_brown_M_40_50_dark_brown_M_60_70_dark_brown_M_70_80_dark_brown.jpg,19627e726d8d736275897b341abfec6787a312627d17375e91f76a484ca38fb8,43062d830807060a,train,5
phash:2acd3f193091fa41,2,2,9479107eff9f20a58c45,Soil_Labeled_Data/M_0_10/L_20_30/alluvial/IMG_0070.JPG,Soil_Labeled_Data/M_0_10/L_20_30/alluvial/IMG_0070.JPG,fef8dba8a2fb28ba4085cb221e0a56ca09ab2a495e792f35dbf06b8898cc7e20,34262443020e1b3d,train,5
phash:2acd3f193091fa41,2,2,d21a33d895be0e06b895,Soil_Labeled_Data/M_50_60/L_20_30/alluvial/IMG_0070_M_0_10_light_brown_M_40_50_gray_brown.jpg,Soil_Labeled_Data/M_50_60/L_20_30/alluvial/IMG_0070_M_0_10_light_brown_M_40_50_gray_brown.jpg,71c1df37ff0d5acd968c8716b3be3cc37453895a3acbc99eb3d6f54dda85e71d,34266443020e1b3d,train,5
phash:2b71b2b9e3b8ac72,5,5,af5668db4f77490e404e,Soil_Labeled_Data/M_30_40/L_30_40/alluvial/z5716115913721_f7cff5280e557d5287ca5504b449cdf7.jpg,Soil_Labeled_Data/M_30_40/L_30_40/alluvial/z5716115913721_f7cff5280e557d5287ca5504b449cdf7.jpg,7902f2dc087422d3d90a31fc57e77b956b7a7c4ac890ab216d4564348f46904b,66566d3907393975,train,5
phash:2b71b2b9e3b8ac72,5,5,1f9bb65a4002fe2b575f,Soil_Labeled_Data/M_40_50/L_30_40/alluvial/z5716115913721_f7cff5280e557d5287ca5504b449cdf7_M_30_40_gray_brown.jpg,Soil_Labeled_Data/M_40_50/L_30_40/alluvial/z5716115913721_f7cff5280e557d5287ca5504b449cdf7_M_30_40_gray_brown.jpg,7ba8de30e3c171d6d7378419e1d808167c1b959bd5969a58484c64f63a95fdc9,665e6d3907393965,train,5
phash:2b71b2b9e3b8ac72,5,5,ca44a7e142df12af8144,Soil_Labeled_Data/M_50_60/L_30_40/alluvial/z5716115913721_f7cff5280e557d5287ca5504b449cdf7_M_30_40_gray_brown_M_40_50_light_brown.jpg,Soil_Labeled_Data/M_50_60/L_30_40/alluvial/z5716115913721_f7cff5280e557d5287ca5504b449cdf7_M_30_40_gray_brown_M_40_50_light_brown.jpg,aa1f1aee20281ea16a61d52dea8babf6f12bb493fb535c8a89f9b496530b6c6e,66566d3907393934,train,5
phash:2b71b2b9e3b8ac72,5,5,4438afc78ac855ff9487,Soil_Labeled_Data/M_50_60/L_30_40/alluvial/z5716115913721_f7cff5280e557d5287ca5504b449cdf7_M_30_40_light_brown.jpg,Soil_Labeled_Data/M_50_60/L_30_40/alluvial/z5716115913721_f7cff5280e557d5287ca5504b449cdf7_M_30_40_light_brown.jpg,ad7f03d935d31f34584844d3eebb5d587af99a66f76bdcefd3f5cd5dd04c6af4,66566d3907393934,train,5
phash:2b71b2b9e3b8ac72,5,5,0facc5df653c9ca63fb2,Soil_Labeled_Data/M_60_70/L_30_40/alluvial/z5716115913721_f7cff5280e557d5287ca5504b449cdf7_M_30_40_clayish_red_M_40_50_gray_brown_M_50_60_dark_brown.jpg,Soil_Labeled_Data/M_60_70/L_30_40/alluvial/z5716115913721_f7cff5280e557d5287ca5504b449cdf7_M_30_40_clayish_red_M_40_50_gray_brown_M_50_60_dark_brown.jpg,bdc4d41b520290c9f09620b481a0ed9aeae52bdf8e7d0fb3500055c77a5b8245,06166d3107393924,train,5
phash:2c0a79d874f6e502,2,2,95415783e37855a0044e,Soil_Labeled_Data/M_10_20/L_30_40/alluvial/IMG_0555.JPG,Soil_Labeled_Data/M_10_20/L_30_40/alluvial/IMG_0555.JPG,75705932981f8a194f393e8007632acca980093c7341d507fb06c76ce18974ee,358402223161a1d6,test,5
phash:2c0a79d874f6e502,2,2,8a075517ee82992d47ff,Soil_Labeled_Data/M_50_60/L_30_40/alluvial/IMG_0555_M_10_20_clayish_red_M_40_50_gray_brown.jpg,Soil_Labeled_Data/M_50_60/L_30_40/alluvial/IMG_0555_M_10_20_clayish_red_M_40_50_gray_brown.jpg,829c0640e4be18f098e70272107e2ba0e4665fa1c84a3fdb9a7e6f3e69f8e9fd,35844222312181d6,test,5
phash:2de4e5d09b92659a,3,3,0ab523865345f946729b,Soil_Labeled_Data/M_0_10/L_60_70/alluvial/IMG_0243.JPG,Soil_Labeled_Data/M_0_10/L_60_70/alluvial/IMG_0243.JPG,8fb5d2ca2b584e5f87774de59132d4906144c8a096363de9366cd8310a80d2be,393d2d26662c292a,train,5
phash:2de4e5d09b92659a,3,3,891ac061d704c421796b,Soil_Labeled_Data/M_40_50/L_60_70/alluvial/IMG_0243_M_0_10_gray_brown.jpg,Soil_Labeled_Data/M_40_50/L_60_70/alluvial/IMG_0243_M_0_10_gray_brown.jpg,06443d49ab37c005fe2afbe2722dc05674244c5ba075766a32925f96f3194a2a,397d2d26662c292e,train,5
phash:2de4e5d09b92659a,3,3,8dcd10fddbafa57d5762,Soil_Labeled_Data/M_70_80/L_60_70/alluvial/IMG_0243_M_0_10_gray_brown_M_40_50_light_brown_M_50_60_dark_brown.jpg,Soil_Labeled_Data/M_70_80/L_60_70/alluvial/IMG_0243_M_0_10_gray_brown_M_40_50_light_brown_M_50_60_dark_brown.jpg,4d2393fb56bbc949a2a4fe7d89572befbee844a695b5f37c56506271bde6a132,393d2d26662c292a,train,5
phash:2f621abd4c47601f,5,5,385716c4154ff2625ee1,Soil_Labeled_Data/M_10_20/L_70_80/alluvial/IMG_0713.JPG,Soil_Labeled_Data/M_10_20/L_70_80/alluvial/IMG_0713.JPG,8f0a066cc285c39c70c35c9eb42c671ef7e6d962675b8c7fe663f508c6f93c75,db33b395257b2ba7,validation,5
phash:2f621abd4c47601f,5,5,a9ab9e510de719a58c2c,Soil_Labeled_Data/M_30_40/L_70_80/alluvial/IMG_0713_M_10_20_light_brown.jpg,Soil_Labeled_Data/M_30_40/L_70_80/alluvial/IMG_0713_M_10_20_light_brown.jpg,5873a3a253020278ba13ea044c812a375af7ab1b7fb6cf75e6fe99a6671ec6a5,db33b395257b2ba7,validation,5
phash:2f621abd4c47601f,5,5,5deebcb9d6159b308a21,Soil_Labeled_Data/M_40_50/L_70_80/alluvial/IMG_0713_M_10_20_pale_yellow.jpg,Soil_Labeled_Data/M_40_50/L_70_80/alluvial/IMG_0713_M_10_20_pale_yellow.jpg,2e753eb794bc063519b010ca17062b0aaa07160d552e0dd6d43307c66bdcbeeb,db33b395357bfbb7,validation,5
phash:2f621abd4c47601f,5,5,36666290c144cfe151d1,Soil_Labeled_Data/M_90_100/L_70_80/alluvial/IMG_0713_M_10_20_light_brown_M_30_40_gray_brown_M_50_60_clay_red_M_70_80_dark_brown.jpg,Soil_Labeled_Data/M_90_100/L_70_80/alluvial/IMG_0713_M_10_20_light_brown_M_30_40_gray_brown_M_50_60_clay_red_M_70_80_dark_brown.jpg,30f6a776e85e04068f9e6ceadff20f1eb8886ab3be28a851e1988db20d77c4d7,8b233395254b2ba5,validation,5
phash:2f621abd4c47601f,5,5,591828598fd55c50fffb,Soil_Labeled_Data/M_90_100/L_70_80/alluvial/IMG_0713_M_10_20_pale_yellow_M_40_50_gray_brown_M_50_60_gray_brown_M_60_70_dark_brown_M_70_80_dark_brown.jpg,Soil_Labeled_Data/M_90_100/L_70_80/alluvial/IMG_0713_M_10_20_pale_yellow_M_40_50_gray_brown_M_50_60_gray_brown_M_60_70_dark_brown_M_70_80_dark_brown.jpg,3232afc792e06c80c007ed47f18b9940dfc446719603e98841a2034bafb4c9fa,cb2333953573aba7,validation,5
phash:2f6d9429919d198c,2,2,6d355b3437af0223638f,Soil_Labeled_Data/M_0_10/L_90_100/alluvial/IMG_0373.JPG,Soil_Labeled_Data/M_0_10/L_90_100/alluvial/IMG_0373.JPG,f32a70b5e979b415d4408e0e9b138b8f426db4ef88ef230fefcbf469109dda98,45c4ece5e6a462c4,train,5
phash:2f6d9429919d198c,2,2,95a9f0226d3cffa9827f,Soil_Labeled_Data/M_40_50/L_90_100/alluvial/IMG_0373_M_0_10_clayish_red.jpg,Soil_Labeled_Data/M_40_50/L_90_100/alluvial/IMG_0373_M_0_10_clayish_red.jpg,197978f6c575ef456e850646b4fc9bd065b1a09172b2c496fcdede6edd45a9f0,c5c464a5e6a462c6,train,5
phash:3085ebfb726e58fd,3,3,1886a22b4c27a6e3ea86,Soil_Labeled_Data/M_0_10/L_40_50/alluvial/IMG_0165.JPG,Soil_Labeled_Data/M_0_10/L_40_50/alluvial/IMG_0165.JPG,10b4bff0048086264d21ef700f5df4aef05261b82053ab6d51d0164350a18233,2c47d98a2f25249c,train,5
phash:3085ebfb726e58fd,3,3,731dce0ff2f454bdc7f0,Soil_Labeled_Data/M_40_50/L_40_50/alluvial/IMG_0165_M_0_10_gray_brown.jpg,Soil_Labeled_Data/M_40_50/L_40_50/alluvial/IMG_0165_M_0_10_gray_brown.jpg,c66281a8c23fd3701933cb0c08c7f193f3410623c862676dcbbac60f2471ec35,2c47d98a2f25251c,train,5
phash:3085ebfb726e58fd,3,3,05a4ea48caef534d9e88,Soil_Labeled_Data/M_70_80/L_40_50/alluvial/IMG_0165_M_0_10_clayish_red_M_40_50_light_brown_M_50_60_clay_red.jpg,Soil_Labeled_Data/M_70_80/L_40_50/alluvial/IMG_0165_M_0_10_clayish_red_M_40_50_light_brown_M_50_60_clay_red.jpg,03631048e03302e7541666b2cedf52468e956535267654e529cfeca61c3dfd4c,2c47d98a2f25241c,train,5
phash:309896d1863fe710,2,2,850e2f82d0cc28628e49,Soil_Labeled_Data/M_30_40/L_30_40/alluvial/z5716115889689_4a9ef5acc35a1a71531b59c12ba8e0dc.jpg,Soil_Labeled_Data/M_30_40/L_30_40/alluvial/z5716115889689_4a9ef5acc35a1a71531b59c12ba8e0dc.jpg,90f921ddad47a293706b7475a44cfd5d6d3990f6cef6e2f03928b07a26ed81a6,890b090707073762,train,5
phash:309896d1863fe710,2,2,79b0d483b949b30e86f3,Soil_Labeled_Data/M_50_60/L_30_40/alluvial/z5716115889689_4a9ef5acc35a1a71531b59c12ba8e0dc_M_30_40_clayish_red_M_40_50_gray_brown.jpg,Soil_Labeled_Data/M_50_60/L_30_40/alluvial/z5716115889689_4a9ef5acc35a1a71531b59c12ba8e0dc_M_30_40_clayish_red_M_40_50_gray_brown.jpg,549fe6af01aa386d61ad8c0d44865ad61e671b231ad4e06545b0123b6698f9ed,8d0b090707073362,train,5
phash:310da61118750dd1,2,2,7fffed7a50d9076dd666,Soil_Labeled_Data/M_40_50/L_0_10/alluvial/z5714095397323_3ba8d5731fe9ad72ecd36a4f5fe55be2_M_0_10_pale_yellow.jpg,Soil_Labeled_Data/M_40_50/L_0_10/alluvial/z5714095397323_3ba8d5731fe9ad72ecd36a4f5fe55be2_M_0_10_pale_yellow.jpg,52521a214a8a78109eba92dc7844562506dad571e0fc1e21518cd3aff9bca48d,ac1f1f0d5e901212,train,5
phash:310da61118750dd1,2,2,1ef165bc6c2639f14206,Soil_Labeled_Data/M_50_60/L_0_10/alluvial/z5714095397323_3ba8d5731fe9ad72ecd36a4f5fe55be2_M_0_10_pale_yellow_M_40_50_gray_brown.jpg,Soil_Labeled_Data/M_50_60/L_0_10/alluvial/z5714095397323_3ba8d5731fe9ad72ecd36a4f5fe55be2_M_0_10_pale_yellow_M_40_50_gray_brown.jpg,608d2434e62c550eab9a919488d249d073ebeb590b48fb24dda459bd892f8d19,ac0f0f0d4c901202,train,5
phash:313284474eb8bf51,2,2,686e6fd152b89c50e94c,Soil_Labeled_Data/M_0_10/L_10_20/alluvial/IMG_0027.JPG,Soil_Labeled_Data/M_0_10/L_10_20/alluvial/IMG_0027.JPG,c537b1723dd824712e3230afeb9ac288f92923abced04fee6488e28ba45db1c5,0105080f0c2b3b19,train,5
phash:313284474eb8bf51,2,2,abb463103daf2cff8197,Soil_Labeled_Data/M_40_50/L_10_20/alluvial/IMG_0027_M_0_10_clayish_red.jpg,Soil_Labeled_Data/M_40_50/L_10_20/alluvial/IMG_0027_M_0_10_clayish_red.jpg,c569803627b65d8fff85c22c835f8446e26a85cd929bb68d450fe1499a137ca3,0605080f4c2b3b19,train,5
phash:31d78a207f7a2a44,2,2,f66ff601bc24cf9e7238,Soil_Labeled_Data/M_10_20/L_30_40/alluvial/IMG_0554.JPG,Soil_Labeled_Data/M_10_20/L_30_40/alluvial/IMG_0554.JPG,1189166d86c2ee9b04a4afbea4ec69eb2003c71dc91969be5b7297a252f1ae83,2d3c62d325264139,train,5
phash:31d78a207f7a2a44,2,2,871965d864fa262637a4,Soil_Labeled_Data/M_40_50/L_30_40/alluvial/IMG_0554_M_10_20_light_brown.jpg,Soil_Labeled_Data/M_40_50/L_30_40/alluvial/IMG_0554_M_10_20_light_brown.jpg,ff946d637c60d44413020921bbc94f7d6efeaf52b960b91ce1e287a59287d1e5,2d3c72d325264139,train,5
phash:3259603a86830e00,2,2,8d62ba7eb6e7de2075bc,Soil_Labeled_Data/M_30_40/L_40_50/alluvial/z5719915111649_b61a329743f4617c0f9d01ef237a4139.jpg,Soil_Labeled_Data/M_30_40/L_40_50/alluvial/z5719915111649_b61a329743f4617c0f9d01ef237a4139.jpg,3058a7e97c2540069be17aeac059f44a89d16c0dbe1fce9d1df2d6c2df2ebaad,8752324b556b2b59,train,5
phash:3259603a86830e00,2,2,800f18b893b72600f4ff,Soil_Labeled_Data/M_40_50/L_40_50/alluvial/z5719915111649_b61a329743f4617c0f9d01ef237a4139_M_30_40_light_brown.jpg,Soil_Labeled_Data/M_40_50/L_40_50/alluvial/z5719915111649_b61a329743f4617c0f9d01ef237a4139_M_30_40_light_brown.jpg,71ad269abf2f8ef5a77e5472c1956f3b0d5d7510103ab8ba7d0cb00873f0b5b8,0552b24b556b2b59,train,5
phash:32f5cad2263ebdc2,2,2,4a1cb4f5796c9c99b947,Soil_Labeled_Data/M_30_40/L_30_40/alluvial/z5716113777056_8bcc905fd2e415355a24bcfe07180a6f.jpg,Soil_Labeled_Data/M_30_40/L_30_40/alluvial/z5716113777056_8bcc905fd2e415355a24bcfe07180a6f.jpg,44d05306801ac2f988bbf86588086dbf7e7286f69764ff5431a10bad0e837139,998d011b16030607,validation,5
phash:32f5cad2263ebdc2,2,2,f764ecf84b20834f414b,Soil_Labeled_Data/M_50_60/L_30_40/alluvial/z5716113777056_8bcc905fd2e415355a24bcfe07180a6f_M_30_40_gray_brown_M_40_50_gray_brown.jpg,Soil_Labeled_Data/M_50_60/L_30_40/alluvial/z5716113777056_8bcc905fd2e415355a24bcfe07180a6f_M_30_40_gray_brown_M_40_50_gray_brown.jpg,cf8c484d6f2ecc96ca26b2bc8667254318efab84d80313ab39124236271e0bf4,998d011b12020687,validation,5
phash:32fa337bf04ea824,4,2,e44f9cc03f7f33c1e7f4,Soil_Labeled_Data/M_30_40/L_80_90/alluvial/z5720116069849_bcc6949c92dd61a3b67028202e4c3c2a.jpg,Soil_Labeled_Data/M_30_40/L_80_90/alluvial/z5720116069849_bcc6949c92dd61a3b67028202e4c3c2a.jpg,e7d94a42af104da7bdf576e1af439aa873e09e789ad3de009fe5f51e79b02b3f,1f271b191b0f2f13,train,5
phash:32fa337bf04ea824,4,2,ae5f1b5fa493968282ff,Soil_Labeled_Data/M_50_60/L_80_90/alluvial/z5720116069849_bcc6949c92dd61a3b67028202e4c3c2a.jpg,Soil_Labeled_Data/M_50_60/L_80_90/alluvial/z5720116069849_bcc6949c92dd61a3b67028202e4c3c2a.jpg,e7d94a42af104da7bdf576e1af439aa873e09e789ad3de009fe5f51e79b02b3f,1f271b191b0f2f13,train,5
phash:32fa337bf04ea824,4,2,ad10ff93dcf2532ac040,Soil_Labeled_Data/M_60_70/L_80_90/alluvial/M_60_70_L_80_90_0020_light_brown.jpg,Soil_Labeled_Data/M_60_70/L_80_90/alluvial/M_60_70_L_80_90_0020_light_brown.jpg,f7baae8264ab7080c9b64eda912282bb7ec5055e7f3a6fca8b7f0243954249ac,172713191b0f2b03,train,5
phash:32fa337bf04ea824,4,2,9206eab7435ff06a712b,Soil_Labeled_Data/M_60_70/L_80_90/alluvial/z5720116069849_bcc6949c92dd61a3b67028202e4c3c2a.jpg,Soil_Labeled_Data/M_60_70/L_80_90/alluvial/z5720116069849_bcc6949c92dd61a3b67028202e4c3c2a.jpg,e7d94a42af104da7bdf576e1af439aa873e09e789ad3de009fe5f51e79b02b3f,1f271b191b0f2f13,train,5
phash:33784c06279c45c9,3,3,50382c709700b9f7e008,Soil_Labeled_Data/M_10_20/L_20_30/alluvial/IMG_0510.JPG,Soil_Labeled_Data/M_10_20/L_20_30/alluvial/IMG_0510.JPG,e66fadc884f69fe92241aa15de2c623c6f5d3e6e1a21c4ebd553e6da3324a791,07d9460748c8936f,test,5
phash:33784c06279c45c9,3,3,eb6f6a0f3942531594ca,Soil_Labeled_Data/M_40_50/L_20_30/alluvial/IMG_0510_M_10_20_clayish_red.jpg,Soil_Labeled_Data/M_40_50/L_20_30/alluvial/IMG_0510_M_10_20_clayish_red.jpg,33d0936551171c6e999ac5b37f756a9c041648295a8e40ef4b9cca3fd01eb46b,07d846074848936f,test,5
phash:33784c06279c45c9,3,3,58b32718be02a297bdbe,Soil_Labeled_Data/M_70_80/L_20_30/alluvial/IMG_0510_M_10_20_light_brown_M_40_50_gray_brown_M_60_70_clay_red.jpg,Soil_Labeled_Data/M_70_80/L_20_30/alluvial/IMG_0510_M_10_20_light_brown_M_40_50_gray_brown_M_60_70_clay_red.jpg,5216f01cb1f6123271ece4a389d598c3c364caa84afc767579c2d90ef08bd31a,07c846074808932e,test,5
phash:3385bfbe7d6ac5f4,2,2,5679a3dca255face0ad8,Soil_Labeled_Data/M_30_40/L_0_10/alluvial/z5716042134688_b9c0dd073d73e642655a3f55330bce08.jpg,Soil_Labeled_Data/M_30_40/L_0_10/alluvial/z5716042134688_b9c0dd073d73e642655a3f55330bce08.jpg,69c0f8fd93830ff2ad3a679f6a89f37913c09eda652d5593fad64d948c0fd915,1206430d052a1216,train,5
phash:3385bfbe7d6ac5f4,2,2,1bcc6e5079a44cbad90b,Soil_Labeled_Data/M_40_50/L_0_10/alluvial/z5716042134688_b9c0dd073d73e642655a3f55330bce08_M_30_40_pale_yellow.jpg,Soil_Labeled_Data/M_40_50/L_0_10/alluvial/z5716042134688_b9c0dd073d73e642655a3f55330bce08_M_30_40_pale_yellow.jpg,3bf195620ef09ee6a37016d4e133573f5358dce9b5f120b99aa233b73163345d,1206530d050a1116,train,5
phash:351919a7efd95827,4,4,a82fff668ed9d7ecb01b,Soil_Labeled_Data/M_0_10/L_40_50/alluvial/IMG_0159.JPG,Soil_Labeled_Data/M_0_10/L_40_50/alluvial/IMG_0159.JPG,d1d01fe5092607afc342f4bf13715445623f165dd8843c5e8f75947031714b53,d2cac3c1f1f545e1,train,5
phash:351919a7efd95827,4,4,2b4d13aa11b3ce3014e8,Soil_Labeled_Data/M_60_70/L_40_50/alluvial/IMG_0159_M_0_10_clayish_red_M_40_50_gray_brown_M_50_60_dark_brown.jpg,Soil_Labeled_Data/M_60_70/L_40_50/alluvial/IMG_0159_M_0_10_clayish_red_M_40_50_gray_brown_M_50_60_dark_brown.jpg,1848fe85bd39651ef1d1717e2ae96adb9581ee6edf4a35815cd228f676331b7c,d3cac3c1f1f545e1,train,5
phash:351919a7efd95827,4,4,4ec4699ed1c7c2be283e,Soil_Labeled_Data/M_70_80/L_40_50/alluvial/IMG_0159_M_0_10_clayish_red_M_40_50_gray_brown_M_50_60_clay_red.jpg,Soil_Labeled_Data/M_70_80/L_40_50/alluvial/IMG_0159_M_0_10_clayish_red_M_40_50_gray_brown_M_50_60_clay_red.jpg,a1a22334e27f21d2ecdd89e8c69bcb8a89f133496f3a9f8b72a8d67039a16793,d3cac3c1f1f545e3,train,5
phash:351919a7efd95827,4,4,4eac3a7bbddb92a419cf,Soil_Labeled_Data/M_80_90/L_40_50/alluvial/IMG_0159_M_0_10_clayish_red_M_40_50_dark_brown_M_60_70_dark_brown_M_70_80_clay_red.jpg,Soil_Labeled_Data/M_80_90/L_40_50/alluvial/IMG_0159_M_0_10_clayish_red_M_40_50_dark_brown_M_60_70_dark_brown_M_70_80_clay_red.jpg,90578a8fcf7b1de21e751b9efb48134d7713978b42eb5b52f1d58ef950996d1e,d2cac3c1f1f545e1,train,5
phash:357263c31a5c1453,4,4,280459b65967b88977ee,Soil_Labeled_Data/M_10_20/L_70_80/alluvial/IMG_0704.JPG,Soil_Labeled_Data/M_10_20/L_70_80/alluvial/IMG_0704.JPG,734357c2b1945f759e4f692d8dc54dea0786dc8e8fa29a19a86c05bf4178864e,c6cdd1c587928ca8,test,5
phash:357263c31a5c1453,4,4,97f1066edd876c18f19f,Soil_Labeled_Data/M_30_40/L_70_80/alluvial/IMG_0704_M_10_20_pale_yellow.jpg,Soil_Labeled_Data/M_30_40/L_70_80/alluvial/IMG_0704_M_10_20_pale_yellow.jpg,276d5cd8a83ba0d08037cd2acdc61f94698b2f73c8109a8055a7f0054d86093c,c6cdd1c587928ca8,test,5
phash:357263c31a5c1453,4,4,4b1ed177024145eb2406,Soil_Labeled_Data/M_40_50/L_70_80/alluvial/IMG_0704_M_10_20_pale_yellow.jpg,Soil_Labeled_Data/M_40_50/L_70_80/alluvial/IMG_0704_M_10_20_pale_yellow.jpg,9dc4aaa53d909efb5ddf28d5e28ac2c18c9dbdf5e2404dfcadc38cc53853fd3c,c6cdd1d587928ca8,test,5
phash:357263c31a5c1453,4,4,3c2878a568de95a573ff,Soil_Labeled_Data/M_50_60/L_70_80/alluvial/IMG_0704_M_10_20_pale_yellow_M_40_50_light_brown.jpg,Soil_Labeled_Data/M_50_60/L_70_80/alluvial/IMG_0704_M_10_20_pale_yellow_M_40_50_light_brown.jpg,315fc08be383834fc0c0187a227f58b45633e72e2a83f2d596599b5ee35c217e,c6cdd1d5a7928ca8,test,5
phash:3682de7290d2a80c,2,2,0b4ce831ca01434bb3a0,Soil_Labeled_Data/M_60_70/L_0_10/alluvial/IMG_0412_M_10_20_clayish_red_M_40_50_gray_brown.jpg,Soil_Labeled_Data/M_60_70/L_0_10/alluvial/IMG_0412_M_10_20_clayish_red_M_40_50_gray_brown.jpg,01322995587d72dbbbb2b57c83c2bf2fa60074fb146e047add9479446c61eb06,020412020a020001,validation,5
phash:3682de7290d2a80c,2,2,efce4b1341d0a8bf27fb,Soil_Labeled_Data/M_70_80/L_0_10/alluvial/z5716041921976_7e4a689b2efcc84b88cd5677cea9ff06_M_30_40_clayish_red_M_40_50_dark_brown_M_60_70_dark_brown.jpg,Soil_Labeled_Data/M_70_80/L_0_10/alluvial/z5716041921976_7e4a689b2efcc84b88cd5677cea9ff06_M_30_40_clayish_red_M_40_50_dark_brown_M_60_70_dark_brown.jpg,d8b31cb95f9f859fdd5f95785d4a42a27a80000ef07e1afea380dfe5c1c85523,220014020a020000,validation,5
phash:3788069da8cf8d58,2,2,118d6f452a4c0b8c84f1,Soil_Labeled_Data/M_30_40/L_30_40/alluvial/z5716113931150_58a4458dd163c8417cbdd5dbc84c8ecd.jpg,Soil_Labeled_Data/M_30_40/L_30_40/alluvial/z5716113931150_58a4458dd163c8417cbdd5dbc84c8ecd.jpg,a03ab26d14f7ed9fb71f4f06b23e9445ff5bc413aab4b69fb83ea884055497a7,6327070f070f09b9,validation,5
phash:3788069da8cf8d58,2,2,3d5ec7dd583080c37675,Soil_Labeled_Data/M_50_60/L_30_40/alluvial/z5716113931150_58a4458dd163c8417cbdd5dbc84c8ecd_M_30_40_pale_yellow_M_40_50_gray_brown.jpg,Soil_Labeled_Data/M_50_60/L_30_40/alluvial/z5716113931150_58a4458dd163c8417cbdd5dbc84c8ecd_M_30_40_pale_yellow_M_40_50_gray_brown.jpg,add3e9aa401acf218020bf87b05392c1906c6280e0efeea2a555239651c87660,6327270f070f0db9,validation,5
phash:37f43628cfd7ed16,3,2,8904fdbf6bb012585452,Soil_Labeled_Data/M_30_40/L_90_100/alluvial/z5720142873591_1e258c120dc7fd38c4364dc88310cf49.jpg,Soil_Labeled_Data/M_30_40/L_90_100/alluvial/z5720142873591_1e258c120dc7fd38c4364dc88310cf49.jpg,5d994566c0b179988accce70d34367cca75f3d938d184b5d7c8c9558266443ca,5669374e55746898,train,5
phash:37f43628cfd7ed16,3,2,0f6f0cd07b1dfd141d3d,Soil_Labeled_Data/M_50_60/L_90_100/alluvial/z5720142873591_1e258c120dc7fd38c4364dc88310cf49.jpg,Soil_Labeled_Data/M_50_60/L_90_100/alluvial/z5720142873591_1e258c120dc7fd38c4364dc88310cf49.jpg,5d994566c0b179988accce70d34367cca75f3d938d184b5d7c8c9558266443ca,5669374e55746898,train,5
phash:37f43628cfd7ed16,3,2,3ef9886836eca13d1e7f,Soil_Labeled_Data/M_60_70/L_90_100/alluvial/M_60_70_L_90_100_0041_wet_gray.jpg,Soil_Labeled_Data/M_60_70/L_90_100/alluvial/M_60_70_L_90_100_0041_wet_gray.jpg,99ce74d53372e3e879eab2ce6cda4a578cb4094e2ee3ca69e92662c9ae15937f,5669274e55746810,train,5
phash:384f9f07ce7305c1,3,3,d9ae3181c1fa0c65ada0,Soil_Labeled_Data/M_10_20/L_80_90/alluvial/IMG_0742.JPG,Soil_Labeled_Data/M_10_20/L_80_90/alluvial/IMG_0742.JPG,ec757003c575e4aede73cc490777a5e5807fbcaae7272de4a9f1a4dcb0e728d0,6b42cb8b270f1723,train,5
phash:384f9f07ce7305c1,3,3,8304db72aa062c24c0d7,Soil_Labeled_Data/M_40_50/L_80_90/alluvial/IMG_0742_M_10_20_pale_yellow.jpg,Soil_Labeled_Data/M_40_50/L_80_90/alluvial/IMG_0742_M_10_20_pale_yellow.jpg,a0e11c0c9d9980a3f9954d1e0626aa26a52c700fafb72d2101ba2c8d50ba2ae1,6b4acb8b270f1503,train,5
phash:384f9f07ce7305c1,3,3,ed6e6dce0e45571e503a,Soil_Labeled_Data/M_60_70/L_80_90/alluvial/M_60_70_L_80_90_0054_clay_red.jpg,Soil_Labeled_Data/M_60_70/L_80_90/alluvial/M_60_70_L_80_90_0054_clay_red.jpg,c07aec9e7bf037c26c41e016818fa25eb3a6057b5acd1e28be059614312755fa,6b4acb8b270f1523,train,5
phash:38628faaea372908,4,4,a66c5c83a2334c9eef8d,Soil_Labeled_Data/M_0_10/L_40_50/alluvial/IMG_0152.JPG,Soil_Labeled_Data/M_0_10/L_40_50/alluvial/IMG_0152.JPG,d251e755f065aa2d717b334ecd9f0df31c46dd5bc483d0da6a5183e45051379f,1f350ecdd376319c,validation,5
phash:38628faaea372908,4,4,da3936e40bb25e8269c9,Soil_Labeled_Data/M_40_50/L_40_50/alluvial/IMG_0152_M_0_10_light_brown.jpg,Soil_Labeled_Data/M_40_50/L_40_50/alluvial/IMG_0152_M_0_10_light_brown.jpg,e6990b61467568adae1baf002d22eec57ed15700f28435b22c6473d77014c138,1f350e4dd376319c,validation,5
phash:38628faaea372908,4,4,58e7e497717b2fc51436,Soil_Labeled_Data/M_70_80/L_40_50/alluvial/IMG_0152_M_0_10_light_brown_M_40_50_gray_brown_M_60_70_clay_red.jpg,Soil_Labeled_Data/M_70_80/L_40_50/alluvial/IMG_0152_M_0_10_light_brown_M_40_50_gray_brown_M_60_70_clay_red.jpg,5214e1e370f0369c299024a90bda6f6e035f4b1f52d0a917d91a77424a776c70,1f350e4dd3763198,validation,5
phash:38628faaea372908,4,4,a524f8df897c19c62cbc,Soil_Labeled_Data/M_90_100/L_40_50/alluvial/IMG_0152_M_0_10_light_brown_M_40_50_gray_brown_M_60_70_clay_red_M_70_80_wet_gray.jpg,Soil_Labeled_Data/M_90_100/L_40_50/alluvial/IMG_0152_M_0_10_light_brown_M_40_50_gray_brown_M_60_70_clay_red_M_70_80_wet_gray.jpg,ef89af6d5a434f351327086c63ef78c89ff2d5a12cb69976580ab56b1dbef31b,1b350e4dd3763198,validation,5
phash:38ee9b49340cc8f6,8,8,717b3304df5135fe82b7,Soil_Labeled_Data/M_10_20/L_40_50/alluvial/IMG_0595.JPG,Soil_Labeled_Data/M_10_20/L_40_50/alluvial/IMG_0595.JPG,52342fca6242db82550715f7a93f848f984f9cf118579e84978d82a8e2ea46d5,9227265ccd921c1e,train,5
phash:38ee9b49340cc8f6,8,8,f4f8dfb060866758f538,Soil_Labeled_Data/M_40_50/L_40_50/alluvial/IMG_0595_M_10_20_gray_brown.jpg,Soil_Labeled_Data/M_40_50/L_40_50/alluvial/IMG_0595_M_10_20_gray_brown.jpg,20d8c9455cc82af6b7c9f2c2baa84d45d59d549a5d1738dd5bb38d5bc6d2f551,9227265ccd921c1e,train,5
phash:38ee9b49340cc8f6,8,8,ca9605c32018614b0808,Soil_Labeled_Data/M_50_60/L_40_50/alluvial/IMG_0595_M_10_20_gray_brown_M_40_50_light_brown.jpg,Soil_Labeled_Data/M_50_60/L_40_50/alluvial/IMG_0595_M_10_20_gray_brown_M_40_50_light_brown.jpg,019ff2f90fbe98def6d911fa84a6cae05b5210fbc7a3f68e1d2fddd3dbc1dd4b,9227265ccd921c1e,train,5
phash:38ee9b49340cc8f6,8,8,ff53ce2937f92286f0a0,Soil_Labeled_Data/M_60_70/L_40_50/alluvial/IMG_0595_M_10_20_pale_yellow_M_40_50_gray_brown.jpg,Soil_Labeled_Data/M_60_70/L_40_50/alluvial/IMG_0595_M_10_20_pale_yellow_M_40_50_gray_brown.jpg,c8a25f6c5781d653988a25421c65bd3b5c34e9c9c2c4665c3e6c6cb17dd1b2ff,9227265ccd921c1e,train,5
phash:38ee9b49340cc8f6,8,8,600066b0eafed5aa4d16,Soil_Labeled_Data/M_60_70/L_40_50/alluvial/IMG_0595_M_10_20_pale_yellow_M_40_50_light_brown_M_50_60_gray_brown.jpg,Soil_Labeled_Data/M_60_70/L_40_50/alluvial/IMG_0595_M_10_20_pale_yellow_M_40_50_light_brown_M_50_60_gray_brown.jpg,0951745a48d9e9dffe94169202b84e9f71b73868371a0096b273a7ee438614e5,9227265ccd921c1e,train,5
phash:38ee9b49340cc8f6,8,8,3700825fad5e0c94df11,Soil_Labeled_Data/M_70_80/L_40_50/alluvial/IMG_0595_M_10_20_gray_brown_M_40_50_light_brown_M_50_60_dark_brown.jpg,Soil_Labeled_Data/M_70_80/L_40_50/alluvial/IMG_0595_M_10_20_gray_brown_M_40_50_light_brown_M_50_60_dark_brown.jpg,3c2b20a2b34e815148225bf61ce69d5ebee0e7dece98c7a32a97bcd6342cabb7,9227261cc9921c1e,train,5
phash:38ee9b49340cc8f6,8,8,aed795ad17b5f4ddeb61,Soil_Labeled_Data/M_80_90/L_40_50/alluvial/IMG_0595_M_10_20_gray_brown_M_40_50_light_brown_M_50_60_dark_brown_M_70_80_wet_gray.jpg,Soil_Labeled_Data/M_80_90/L_40_50/alluvial/IMG_0595_M_10_20_gray_brown_M_40_50_light_brown_M_50_60_dark_brown_M_70_80_wet_gray.jpg,6aca0b6e18f6deb56a362649ca2431b834e41b98aec5861ba93b0548a8ad82e9,9207260cc9921c1a,train,5
phash:38ee9b49340cc8f6,8,8,417f82415ac0a5b0eba9,Soil_Labeled_Data/M_90_100/L_40_50/alluvial/IMG_0595_M_10_20_pale_yellow_M_40_50_gray_brown_M_60_70_dark_brown_M_70_80_wet_gray_M_80_90_dark_brown.jpg,Soil_Labeled_Data/M_90_100/L_40_50/alluvial/IMG_0595_M_10_20_pale_yellow_M_40_50_gray_brown_M_60_70_dark_brown_M_70_80_wet_gray_M_80_90_dark_brown.jpg,4cd09fcb90c2c8e86a8f0dc741f3dff6e974bc85951f51ab5b51a65fb4b313b9,1227060cc190181a,train,5
phash:39160d85a60b1913,3,3,1e952b9f4b6c471c26ee,Soil_Labeled_Data/M_30_40/L_50_60/alluvial/z5719945047556_cad2b245e96e675e8307be1ecf1a91f9.jpg,Soil_Labeled_Data/M_30_40/L_50_60/alluvial/z5719945047556_cad2b245e96e675e8307be1ecf1a91f9.jpg,77051d5c11e589b8e770cb563dd55d8275fdda9e674cf10d856384c23fea158e,0a43032201232313,test,5
phash:39160d85a60b1913,3,3,c95d467787fd95e7c492,Soil_Labeled_Data/M_40_50/L_50_60/alluvial/z5719945047556_cad2b245e96e675e8307be1ecf1a91f9_M_30_40_gray_brown.jpg,Soil_Labeled_Data/M_40_50/L_50_60/alluvial/z5719945047556_cad2b245e96e675e8307be1ecf1a91f9_M_30_40_gray_brown.jpg,5e15a145b5e546f101099ef16652945497947e70c4aefadac25921f9035663ba,0a03832201232313,test,5
phash:39160d85a60b1913,3,3,a5f2eea865e58ca1b877,Soil_Labeled_Data/M_50_60/L_50_60/alluvial/z5719945047556_cad2b245e96e675e8307be1ecf1a91f9_M_30_40_gray_brown_M_40_50_gray_brown.jpg,Soil_Labeled_Data/M_50_60/L_50_60/alluvial/z5719945047556_cad2b245e96e675e8307be1ecf1a91f9_M_30_40_gray_brown_M_40_50_gray_brown.jpg,f6410acd8783ae8af283fdb0c3b3a1a0ecacb9140849870f6def95bd47dec195,0a43832201232313,test,5
phash:39621f13c2017892,3,3,2554ddea2338fe4bc992,Soil_Labeled_Data/M_0_10/L_30_40/alluvial/IMG_0104.JPG,Soil_Labeled_Data/M_0_10/L_30_40/alluvial/IMG_0104.JPG,131f935ff1ea36bed7545bcf186766d69d0493c48cc0558fc28559d72d84b295,62294f25264b8793,train,5
phash:39621f13c2017892,3,3,81bdad1cb0255fecbb42,Soil_Labeled_Data/M_50_60/L_30_40/alluvial/IMG_0104_M_0_10_pale_yellow_M_40_50_gray_brown.jpg,Soil_Labeled_Data/M_50_60/L_30_40/alluvial/IMG_0104_M_0_10_pale_yellow_M_40_50_gray_brown.jpg,beb1ff3e634cdaaa165c68789cb24a1e0f6d5307ab85b7a3bea73ba07a4366c8,62294f27264b8793,train,5
phash:39621f13c2017892,3,3,a6d565a304f742ba3233,Soil_Labeled_Data/M_60_70/L_30_40/alluvial/IMG_0104_M_0_10_clayish_red_M_40_50_light_brown_M_50_60_gray_brown.jpg,Soil_Labeled_Data/M_60_70/L_30_40/alluvial/IMG_0104_M_0_10_clayish_red_M_40_50_light_brown_M_50_60_gray_brown.jpg,fdeb3fc13dce2907cdddf6b70559c276853fd0acc0dbb65d1491ca037fac8a35,62294f24264b8793,train,5
phash:397b60f63f3838c5,4,4,9610846925935c5fdb82,Soil_Labeled_Data/M_10_20/L_50_60/alluvial/IMG_0630.JPG,Soil_Labeled_Data/M_10_20/L_50_60/alluvial/IMG_0630.JPG,4bd7cee210791214970fd9eedf1ae0feb16ce19e90a919f5bcecb5e1ceef5f30,2126850109241808,test,5
phash:397b60f63f3838c5,4,4,cb3011a5d331633945ea,Soil_Labeled_Data/M_40_50/L_50_60/alluvial/IMG_0630_M_10_20_gray_brown.jpg,Soil_Labeled_Data/M_40_50/L_50_60/alluvial/IMG_0630_M_10_20_gray_brown.jpg,ed6a288e243112f2f2e5696faa536752eac91c04e370bca4be1707adf29b7ea9,2326850109241808,test,5
phash:397b60f63f3838c5,4,4,ffb05802ac5d351573b1,Soil_Labeled_Data/M_60_70/L_50_60/alluvial/IMG_0630_M_10_20_clayish_red_M_40_50_dark_brown.jpg,Soil_Labeled_Data/M_60_70/L_50_60/alluvial/IMG_0630_M_10_20_clayish_red_M_40_50_dark_brown.jpg,03751974a2c2a3217d9fab99a1c02d6d020202d9dadc7983024b8488b8739bb3,2126850109241808,test,5
phash:397b60f63f3838c5,4,4,382ba510abcb4d4698eb,Soil_Labeled_Data/M_70_80/L_50_60/alluvial/IMG_0630_M_10_20_gray_brown_M_40_50_gray_brown_M_60_70_dark_brown.jpg,Soil_Labeled_Data/M_70_80/L_50_60/alluvial/IMG_0630_M_10_20_gray_brown_M_40_50_gray_brown_M_60_70_dark_brown.jpg,f8fb1add44d6d701b0e3397c3d479b8b0bf585cb863e7d1fadaa186921dd865a,2326850109241808,test,5
phash:3988028cea6aae87,2,2,785caddf8dca0be0809d,Soil_Labeled_Data/M_0_10/L_90_100/alluvial/IMG_0368.JPG,Soil_Labeled_Data/M_0_10/L_90_100/alluvial/IMG_0368.JPG,91ac8be7f016041ca663acc760e9083eba3fab59354763aa7705339b65ac619b,c547c485cc4c6a46,train,5
phash:3988028cea6aae87,2,2,4fff1fb38d1c71071640,Soil_Labeled_Data/M_40_50/L_90_100/alluvial/IMG_0368_M_0_10_gray_brown.jpg,Soil_Labeled_Data/M_40_50/L_90_100/alluvial/IMG_0368_M_0_10_gray_brown.jpg,633c6ddbe3444ad20ff389671365d1820a68e1a0c38fbafc059f2f214b376b6e,c547c4858c4c6246,train,5
phash:3a1e8ff119bb677a,4,4,829f52e714bb4cbe30fa,Soil_Labeled_Data/M_30_40/L_20_30/alluvial/z5716143971881_3b7ae01df4bd18ac6697e43919b461a8.jpg,Soil_Labeled_Data/M_30_40/L_20_30/alluvial/z5716143971881_3b7ae01df4bd18ac6697e43919b461a8.jpg,45ca1e9ab7e931b5493dec05d7b6045a6992645dc63893dd7ce69e465a2714ff,92821707070d0c04,test,5
phash:3a1e8ff119bb677a,4,4,a8253601084f51b5c6ae,Soil_Labeled_Data/M_40_50/L_20_30/alluvial/z5716143971881_3b7ae01df4bd18ac6697e43919b461a8_M_30_40_pale_yellow.jpg,Soil_Labeled_Data/M_40_50/L_20_30/alluvial/z5716143971881_3b7ae01df4bd18ac6697e43919b461a8_M_30_40_pale_yellow.jpg,e6f6669f9bd264411f177f36d3d0480ff51b50a1f72a2396eb6ca5a1e673c9cf,92821703070d0c04,test,5
phash:3a1e8ff119bb677a,4,4,f2ea35b0444aca6eb76d,Soil_Labeled_Data/M_60_70/L_20_30/alluvial/z5716143971881_3b7ae01df4bd18ac6697e43919b461a8_M_30_40_clayish_red_M_40_50_dark_brown.jpg,Soil_Labeled_Data/M_60_70/L_20_30/alluvial/z5716143971881_3b7ae01df4bd18ac6697e43919b461a8_M_30_40_clayish_red_M_40_50_dark_brown.jpg,88645649ff924c115899a337b9764bd1088aac2d10bd14cb35c0df8125087243,92823703070d0c04,test,5
phash:3a1e8ff119bb677a,4,4,759c88026a6261ab3e1c,Soil_Labeled_Data/M_70_80/L_20_30/alluvial/z5716143971881_3b7ae01df4bd18ac6697e43919b461a8_M_30_40_light_brown_M_50_60_dark_brown.jpg,Soil_Labeled_Data/M_70_80/L_20_30/alluvial/z5716143971881_3b7ae01df4bd18ac6697e43919b461a8_M_30_40_light_brown_M_50_60_dark_brown.jpg,e2d33db26178cb3ad62c0f6c011c81bd8cf4ca63464a001da157eb90a04e1639,92822703070d0c04,test,5
phash:3a82b527ebf76359,9,9,65ea627090b52336ef6d,Soil_Labeled_Data/M_0_10/L_60_70/alluvial/IMG_0254.JPG,Soil_Labeled_Data/M_0_10/L_60_70/alluvial/IMG_0254.JPG,989855fa62cd60cd7de5cdba8c6414b0c5093ec2460b773b21fd06d8fd7c6005,fb3a363471611107,validation,5
phash:3a82b527ebf76359,9,9,fe72e76ff799a1fde648,Soil_Labeled_Data/M_0_10/L_60_70/alluvial/IMG_0255.JPG,Soil_Labeled_Data/M_0_10/L_60_70/alluvial/IMG_0255.JPG,2ac049a4e67d4d9a90bb78c4b5658aa593815244c9931fc79816f3f8ebe302e1,fb7a363471611107,validation,5
phash:3a82b527ebf76359,9,9,4ff90ec39faa3853f7be,Soil_Labeled_Data/M_40_50/L_60_70/alluvial/IMG_0254_M_0_10_light_brown.jpg,Soil_Labeled_Data/M_40_50/L_60_70/alluvial/IMG_0254_M_0_10_light_brown.jpg,f8390a9c97819d068ffd15c5384ec5387704f3a87526511d71b83999305b10d1,1b1a363471681107,validation,5
phash:3a82b527ebf76359,9,9,1abf13be48b002b4725d,Soil_Labeled_Data/M_50_60/L_60_70/alluvial/IMG_0254_M_0_10_light_brown_M_40_50_gray_brown.jpg,Soil_Labeled_Data/M_50_60/L_60_70/alluvial/IMG_0254_M_0_10_light_brown_M_40_50_gray_brown.jpg,9648b8fc88730728c0b226bec38d536f644b2912659b96bebe5a57d9fc5cfaa0,1b9a363471601107,validation,5
phash:3a82b527ebf76359,9,9,52996a9817ff2c2899d8,Soil_Labeled_Data/M_60_70/L_60_70/alluvial/IMG_0255_M_0_10_gray_brown_M_40_50_light_brown_M_50_60_dark_brown.jpg,Soil_Labeled_Data/M_60_70/L_60_70/alluvial/IMG_0255_M_0_10_gray_brown_M_40_50_light_brown_M_50_60_dark_brown.jpg,aeebe77f4e39a16a8817ddff2672f45d924648171205e518947212c52b481d5d,1b9a363471601107,validation,5
phash:3a82b527ebf76359,9,9,b1eeb55c623ff7ada798,Soil_Labeled_Data/M_60_70/L_60_70/alluvial/IMG_0255_M_0_10_light_brown_M_40_50_light_brown_M_50_60_gray_brown.jpg,Soil_Labeled_Data/M_60_70/L_60_70/alluvial/IMG_0255_M_0_10_light_brown_M_40_50_light_brown_M_50_60_gray_brown.jpg,d4bb4ad53c5a715e8c16cd4dfaa76eb37dc6fca58b055683affd7edd7e83853b,1b1a363471601105,validation,5
phash:3a82b527ebf76359,9,9,3d28fee86ea4f03c9ef8,Soil_Labeled_Data/M_70_80/L_60_70/alluvial/IMG_0254_M_0_10_light_brown_M_40_50_dark_brown_M_60_70_clay_red.jpg,Soil_Labeled_Data/M_70_80/L_60_70/alluvial/IMG_0254_M_0_10_light_brown_M_40_50_dark_brown_M_60_70_clay_red.jpg,d399163e2b5c151d7569acb92cd785321e13954d6f2bd67be4a8de804a69041c,5b1a363471601105,validation,5
phash:3a82b527ebf76359,9,9,13af36df10ec77788abe,Soil_Labeled_Data/M_70_80/L_60_70/alluvial/IMG_0255_M_0_10_gray_brown_M_40_50_dark_brown_M_60_70_dark_brown.jpg,Soil_Labeled_Data/M_70_80/L_60_70/alluvial/IMG_0255_M_0_10_gray_brown_M_40_50_dark_brown_M_60_70_dark_brown.jpg,3b24822a71dada6b5e0ebadfc50d014b4e4c3edd1cf09a8b9fa3d103e104ccc6,1b1a363471601107,validation,5
phash:3a82b527ebf76359,9,9,cf6011e287c74d23ee27,Soil_Labeled_Data/M_80_90/L_60_70/alluvial/IMG_0255_M_0_10_gray_brown_M_40_50_dark_brown_M_60_70_dark_brown_M_70_80_clay_red.jpg,Soil_Labeled_Data/M_80_90/L_60_70/alluvial/IMG_0255_M_0_10_gray_brown_M_40_50_dark_brown_M_60_70_dark_brown_M_70_80_clay_red.jpg,4d10dd57fd7e34bdb9e898f2703b9c99076d8b80ca2f0d19b9a3d36505d97228,1a1a363471601105,validation,5
phash:3b0a2646bfb84257,3,3,f7740290c2c057b58d27,Soil_Labeled_Data/M_30_40/L_30_40/alluvial/z5716113831635_ad95fd739455206424a51a0a06bc4131.jpg,Soil_Labeled_Data/M_30_40/L_30_40/alluvial/z5716113831635_ad95fd739455206424a51a0a06bc4131.jpg,044aa020ada77d488d9fada2cd7b186819504b476798f6fd200cdaf7dbbd01c9,0b1f970f030d8121,train,5
phash:3b0a2646bfb84257,3,3,266841527b391082c682,Soil_Labeled_Data/M_40_50/L_30_40/alluvial/z5716113831635_ad95fd739455206424a51a0a06bc4131_M_30_40_light_brown.jpg,Soil_Labeled_Data/M_40_50/L_30_40/alluvial/z5716113831635_ad95fd739455206424a51a0a06bc4131_M_30_40_light_brown.jpg,38674d211b82b1aeb4d6ad0505c532cb473990ba3c7b3098c0774c87ef4e44d8,0b1f970f0b0d8121,train,5
phash:3b0a2646bfb84257,3,3,e0875eaea5b1592884b4,Soil_Labeled_Data/M_50_60/L_30_40/alluvial/z5716113831635_ad95fd739455206424a51a0a06bc4131_M_30_40_light_brown.jpg,Soil_Labeled_Data/M_50_60/L_30_40/alluvial/z5716113831635_ad95fd739455206424a51a0a06bc4131_M_30_40_light_brown.jpg,7914cc020a189ca77bb08b2272eb00ea08eec6d8f7f7f74611fb4bfc1a0e5339,0b1f970f0b098521,train,5
phash:3b57f6533bc0aed4,2,2,6c504e81e1ae75c17456,Soil_Labeled_Data/M_0_10/L_90_100/alluvial/IMG_0380.JPG,Soil_Labeled_Data/M_0_10/L_90_100/alluvial/IMG_0380.JPG,a6b460c5facc371821d8b881b74d661204a239342dc4b3b4aa2a931752aee421,b278fec6a645c522,train,5
phash:3b57f6533bc0aed4,2,2,c97cf062d6184c45072f,Soil_Labeled_Data/M_0_10/L_90_100/alluvial/IMG_0380_aug_00_light_brown.jpg,Soil_Labeled_Data/M_0_10/L_90_100/alluvial/IMG_0380_aug_00_light_brown.jpg,bd221715151d680fe1966d81c4a367c9afed8a286b86d00e0b7caf79933dda46,b278fec6a645c522,train,5
phash:3bb8acb89f03a372,5,5,4cb04fef2bbf54032e4b,Soil_Labeled_Data/M_10_20/L_70_80/alluvial/IMG_0698.JPG,Soil_Labeled_Data/M_10_20/L_70_80/alluvial/IMG_0698.JPG,4b6323643943a5445f901c28b85bf788cc8cf9b8129d8af84b8d63b831b74f79,2433980e09092712,train,5
phash:3bb8acb89f03a372,5,5,d7b9fd056f90fb70e568,Soil_Labeled_Data/M_40_50/L_70_80/alluvial/IMG_0698_M_10_20_clayish_red.jpg,Soil_Labeled_Data/M_40_50/L_70_80/alluvial/IMG_0698_M_10_20_clayish_red.jpg,38db3c9e4e56e2fec418ff099d4ba9cd8bf6e614a9036692bd8748ff5605d4b0,24339806090d2712,train,5
phash:3bb8acb89f03a372,5,5,7c94cb45a329256ddc55,Soil_Labeled_Data/M_50_60/L_70_80/alluvial/IMG_0698_M_10_20_pale_yellow_M_30_40_gray_brown.jpg,Soil_Labeled_Data/M_50_60/L_70_80/alluvial/IMG_0698_M_10_20_pale_yellow_M_30_40_gray_brown.jpg,b1aa5d942412e8bc954e0ca85c9cb3c3ff0e1d495f0c073f0cf1bc5cea0d8763,2433980609092712,train,5
phash:3bb8acb89f03a372,5,5,761c5ceb89a6c581f291,Soil_Labeled_Data/M_70_80/L_70_80/alluvial/IMG_0698_M_10_20_clayish_red_M_40_50_gray_brown_M_50_60_clay_red.jpg,Soil_Labeled_Data/M_70_80/L_70_80/alluvial/IMG_0698_M_10_20_clayish_red_M_40_50_gray_brown_M_50_60_clay_red.jpg,6a07dc81534d74eba59c7ecc79057f766d3ea777cb07ab0ee3468a1f369ef1d6,2433980609092712,train,5
phash:3bb8acb89f03a372,5,5,a088ca3a5a0571c3f895,Soil_Labeled_Data/M_90_100/L_70_80/alluvial/IMG_0698_M_10_20_pale_yellow_M_30_40_gray_brown_M_50_60_clay_red_M_70_80_wet_gray.jpg,Soil_Labeled_Data/M_90_100/L_70_80/alluvial/IMG_0698_M_10_20_pale_yellow_M_30_40_gray_brown_M_50_60_clay_red_M_70_80_wet_gray.jpg,69f5d39004cd74bd49e7121247bacbeab029d2c06423a7dcb58f9ecc6d511086,2433980c09012712,train,5
phash:3de090ab4e101943,2,2,559506302a2ebb1e76b5,Soil_Labeled_Data/M_10_20/L_90_100/alluvial/IMG_0784.JPG,Soil_Labeled_Data/M_10_20/L_90_100/alluvial/IMG_0784.JPG,534d7ffadabfdcbdcf64a6e94d64441791b7fb984ee3f84b7b97a0c2f415796d,365e2e1cc9c5e1b2,train,5
phash:3de090ab4e101943,2,2,c874e52769edc3727b79,Soil_Labeled_Data/M_50_60/L_90_100/alluvial/M_50_60_L_90_100_0022_clay_red.jpg,Soil_Labeled_Data/M_50_60/L_90_100/alluvial/M_50_60_L_90_100_0022_clay_red.jpg,46769104dd893700a5e0eec2536f39da6ff6318eb111b3c7273404cb3d3da7c6,b65e2e18c9c5e1b2,train,5
phash:3f12adad0d3de4b3,9,9,7dc6fc1685cad90984cf,Soil_Labeled_Data/M_0_10/L_90_100/alluvial/IMG_0370.JPG,Soil_Labeled_Data/M_0_10/L_90_100/alluvial/IMG_0370.JPG,a95e92f3f33a32ef78f9be1b28493a786b113d15593172565db13b4b076d102b,8c89e98ca4e0c89e,train,5
phash:3f12adad0d3de4b3,9,9,1c09a7ba437688735be7,Soil_Labeled_Data/M_50_60/L_90_100/alluvial/M_50_60_L_90_100_0037_dark_brown.jpg,Soil_Labeled_Data/M_50_60/L_90_100/alluvial/M_50_60_L_90_100_0037_dark_brown.jpg,1c0af51b4cffe5b5d1a350adcadd317e38ae1d25df500cf942818e8b4f28330f,8d89298c86e0c89c,train,5
phash:3f12adad0d3de4b3,9,9,f65afee5064041e87aa8,Soil_Labeled_Data/M_60_70/L_90_100/alluvial/M_60_70_L_90_100_0060_dark_brown.jpg,Soil_Labeled_Data/M_60_70/L_90_100/alluvial/M_60_70_L_90_100_0060_dark_brown.jpg,c99038a9e425deeb223f1840312e526acc0aac2ac20ccd08eccad193917549a9,8d89298c84e0c89c,train,5
phash:3f12adad0d3de4b3,9,9,d36b152732cc10d8411e,Soil_Labeled_Data/M_60_70/L_90_100/alluvial/M_60_70_L_90_100_0079_wet_gray.jpg,Soil_Labeled_Data/M_60_70/L_90_100/alluvial/M_60_70_L_90_100_0079_wet_gray.jpg,d268b0281bf95010980ff2be28df021501128aa5cbd5a0023b4f7e117a28246a,8d88298c86e0d89c,train,5
phash:3f12adad0d3de4b3,9,9,cc54fa1c0a72caf3e785,Soil_Labeled_Data/M_70_80/L_90_100/alluvial/M_70_80_L_90_100_0064_clay_red.jpg,Soil_Labeled_Data/M_70_80/L_90_100/alluvial/M_70_80_L_90_100_0064_clay_red.jpg,5a5dd0e446a3c1f2ba3dfc558eb34de3cb5f698a8893a77a5ff1ed45763e36b5,8588298484e0c894,train,5
phash:3f12adad0d3de4b3,9,9,f74127c48ddc7843c499,Soil_Labeled_Data/M_70_80/L_90_100/alluvial/M_70_80_L_90_100_0084_clay_red.jpg,Soil_Labeled_Data/M_70_80/L_90_100/alluvial/M_70_80_L_90_100_0084_clay_red.jpg,1d7b941a2197bc1a1ca69e3f37e4fd2c45817dce726327cb9e7b5e04e4d2bf0c,8d88298c84c0c88c,train,5
phash:3f12adad0d3de4b3,9,9,890af6a4a228f4c88cde,Soil_Labeled_Data/M_70_80/L_90_100/alluvial/M_70_80_L_90_100_0093_wet_gray.jpg,Soil_Labeled_Data/M_70_80/L_90_100/alluvial/M_70_80_L_90_100_0093_wet_gray.jpg,d3283728583dd05e35d7dc18720ddfb30b99a9f4f99f8376f6453d5a522aac54,8989288c86e0c894,train,5
phash:3f12adad0d3de4b3,9,9,1a856d28726b2e399e5e,Soil_Labeled_Data/M_80_90/L_90_100/alluvial/M_80_90_L_90_100_0020_gray_brown.jpg,Soil_Labeled_Data/M_80_90/L_90_100/alluvial/M_80_90_L_90_100_0020_gray_brown.jpg,f8872c54254c912dd653f9b39da6294a4ad6683831a5f38d468ff1e669643ab3,848828848460c08c,train,5
phash:3f12adad0d3de4b3,9,9,e84a7a4b22da5c1918ef,Soil_Labeled_Data/M_80_90/L_90_100/alluvial/M_80_90_L_90_100_0093_wet_gray.jpg,Soil_Labeled_Data/M_80_90/L_90_100/alluvial/M_80_90_L_90_100_0093_wet_gray.jpg,794bae77aba7bbe82e3046357f853414b75042a3d3c6fb9f729d7cefb65e6ab3,8488288484c0c08c,train,5
phash:40087a11bb71f87d,2,2,9a3a2f4f116711eff2f3,Soil_Labeled_Data/M_0_10/L_30_40/alluvial/IMG_0106.JPG,Soil_Labeled_Data/M_0_10/L_30_40/alluvial/IMG_0106.JPG,1a6827c492ccf1de9700d4d73cab67f55d7ec43773b2e7dfa021209544c79783,128727cdcc2c6ecf,train,5
phash:40087a11bb71f87d,2,2,3b04d7dda9ab8b61f668,Soil_Labeled_Data/M_60_70/L_30_40/alluvial/IMG_0106_M_0_10_gray_brown_M_40_50_gray_brown_M_50_60_gray_brown.jpg,Soil_Labeled_Data/M_60_70/L_30_40/alluvial/IMG_0106_M_0_10_gray_brown_M_40_50_gray_brown_M_50_60_gray_brown.jpg,71f95fda6c40bfd6d462c50915edd597d5d5c1e87080615854798aa664729614,1a8727cdcc246ecf,train,5
phash:40b73012aead0b15,4,4,634e37813b2278ea8978,Soil_Labeled_Data/M_30_40/L_50_60/alluvial/z5719945525148_2d147c0909d312302995e4cfa5fe6c26.jpg,Soil_Labeled_Data/M_30_40/L_50_60/alluvial/z5719945525148_2d147c0909d312302995e4cfa5fe6c26.jpg,039004cd5fe4130bc722f4aa8287266cc14311aba75fc5546710325a763ec876,050d6d2935333248,train,5
phash:40b73012aead0b15,4,4,e56a333bf193cb317a39,Soil_Labeled_Data/M_30_40/L_50_60/alluvial/z5719945525148_2d147c0909d312302995e4cfa5fe6c26_aug_01_light_brown.jpg,Soil_Labeled_Data/M_30_40/L_50_60/alluvial/z5719945525148_2d147c0909d312302995e4cfa5fe6c26_aug_01_light_brown.jpg,58ce68517796f44a88b05e9beb34c9ed37e4942bdb405e30e9a29ca607917a26,050d6d2935333240,train,5
phash:40b73012aead0b15,4,4,b3af64366eac23faf98d,Soil_Labeled_Data/M_40_50/L_50_60/alluvial/z5719945525148_2d147c0909d312302995e4cfa5fe6c26_M_30_40_clayish_red.jpg,Soil_Labeled_Data/M_40_50/L_50_60/alluvial/z5719945525148_2d147c0909d312302995e4cfa5fe6c26_M_30_40_clayish_red.jpg,bc8030e9f9b35d795e53bbeea6bd577f55a2ed5050876f6df2bfee926e12dc8b,050d6d2935333248,train,5
phash:40b73012aead0b15,4,4,1dbcf338104c1ed2ce03,Soil_Labeled_Data/M_70_80/L_50_60/alluvial/z5719945525148_2d147c0909d312302995e4cfa5fe6c26_M_30_40_light_brown_M_50_60_dark_brown.jpg,Soil_Labeled_Data/M_70_80/L_50_60/alluvial/z5719945525148_2d147c0909d312302995e4cfa5fe6c26_M_30_40_light_brown_M_50_60_dark_brown.jpg,6581d8164fee42b5b50dc582f4212c4e529d6bb0b9f23ad5b56bcb5a52e72b8c,050c6d2935333240,train,5
phash:4190f44c496e2843,2,2,9bf88f89748993e2c865,Soil_Labeled_Data/M_30_40/L_40_50/alluvial/z5719915146239_5ca09d7569cc6cb956c748dbf20149ff.jpg,Soil_Labeled_Data/M_30_40/L_40_50/alluvial/z5719915146239_5ca09d7569cc6cb956c748dbf20149ff.jpg,14e8300e6ace3905e64a5de71a7a5520087de0189ee813ed8ff3be55e4c912a2,1326370b49ace620,train,5
phash:4190f44c496e2843,2,2,e88e188736d1207762ca,Soil_Labeled_Data/M_50_60/L_40_50/alluvial/z5719915146239_5ca09d7569cc6cb956c748dbf20149ff_M_30_40_gray_brown.jpg,Soil_Labeled_Data/M_50_60/L_40_50/alluvial/z5719915146239_5ca09d7569cc6cb956c748dbf20149ff_M_30_40_gray_brown.jpg,1f172153e2e7696e24c06465b745556b12dbffd6bda4bfdd9a536779d0b2ff5f,1324370b492cf624,train,5
phash:41a7248972494349,2,2,ca8f4fcb68f1306a0fa2,Soil_Labeled_Data/M_0_10/L_10_20/alluvial/IMG_0009.JPG,Soil_Labeled_Data/M_0_10/L_10_20/alluvial/IMG_0009.JPG,31260284a6d1fcad8e660a56967cba2842b52c82ae84163f078fd3c698862e1f,7ba71f0f0f033b17,test,5
phash:41a7248972494349,2,2,ceb0989060057ea944e7,Soil_Labeled_Data/M_40_50/L_10_20/alluvial/IMG_0009_M_0_10_gray_brown.jpg,Soil_Labeled_Data/M_40_50/L_10_20/alluvial/IMG_0009_M_0_10_gray_brown.jpg,529108cb5922aafd84eb85f57f609a2b7f70e9433fb0755d6efcc444909cc999,7ba71f0f0f033b17,test,5
phash:430ed9a6cfd66f1c,3,3,37cff53edad4a9627d56,Soil_Labeled_Data/M_0_10/L_70_80/alluvial/IMG_0286.JPG,Soil_Labeled_Data/M_0_10/L_70_80/alluvial/IMG_0286.JPG,56d996e8169ac96e53445f750e5aa3e0511e779b34d6896449bfb4c76d19ab8c,291b99c9379d6f5b,validation,5
phash:430ed9a6cfd66f1c,3,3,90876fe2ab06483d6403,Soil_Labeled_Data/M_50_60/L_70_80/alluvial/IMG_0286_M_0_10_pale_yellow_M_40_50_gray_brown.jpg,Soil_Labeled_Data/M_50_60/L_70_80/alluvial/IMG_0286_M_0_10_pale_yellow_M_40_50_gray_brown.jpg,0f8afc75e1fa29010254109e0785567d9e24c5f231f5b50afed96fa757abb595,391199e93f9f6f5a,validation,5
phash:430ed9a6cfd66f1c,3,3,1b90b52cdfdf16015734,Soil_Labeled_Data/M_60_70/L_70_80/alluvial/IMG_0286_M_0_10_pale_yellow_M_40_50_dark_brown.jpg,Soil_Labeled_Data/M_60_70/L_70_80/alluvial/IMG_0286_M_0_10_pale_yellow_M_40_50_dark_brown.jpg,3e4d0f565b842bf76729904d81c09362e47a5b1b3a4b49a78ada48690a9712d4,391199c93f9d6f5a,validation,5
phash:432c8ed6a163119e,3,3,88003ddaa899cae3b825,Soil_Labeled_Data/M_0_10/L_10_20/alluvial/IMG_0007.JPG,Soil_Labeled_Data/M_0_10/L_10_20/alluvial/IMG_0007.JPG,8ec3f8cf1867bd9220e6ce235466a06b97ae53f66decc7412e487d12926c8f49,d34f6b066e3b0d2d,train,5
phash:432c8ed6a163119e,3,3,d5b22055732873ce50fa,Soil_Labeled_Data/M_40_50/L_10_20/alluvial/IMG_0007_M_0_10_clayish_red.jpg,Soil_Labeled_Data/M_40_50/L_10_20/alluvial/IMG_0007_M_0_10_clayish_red.jpg,a65aa57d11e39ce1207aff3136853461900606a510faf9feddc124c0e18ba08c,db4f69066e3b0d2d,train,5
phash:432c8ed6a163119e,3,3,848841546fee8a2e7022,Soil_Labeled_Data/M_50_60/L_10_20/alluvial/IMG_0007_M_0_10_clayish_red_M_40_50_light_brown.jpg,Soil_Labeled_Data/M_50_60/L_10_20/alluvial/IMG_0007_M_0_10_clayish_red_M_40_50_light_brown.jpg,fef96c3f618185a112157f8700c5ee6002cd97fda21c5436a9acd858aef95ab3,d34f69066e3b0d2d,train,5
phash:433a9f8bcc2a8639,4,4,39f59242d4696f8eb8e3,Soil_Labeled_Data/M_10_20/L_30_40/alluvial/IMG_0559.JPG,Soil_Labeled_Data/M_10_20/L_30_40/alluvial/IMG_0559.JPG,569bcfa47636f67a6eb65869006d2807e7b77509c29c4ff09c614fc5d57daeb4,170605932f05070e,train,5
phash:433a9f8bcc2a8639,4,4,94cca2f8fab851450c67,Soil_Labeled_Data/M_40_50/L_30_40/alluvial/IMG_0559_M_10_20_light_brown.jpg,Soil_Labeled_Data/M_40_50/L_30_40/alluvial/IMG_0559_M_10_20_light_brown.jpg,a304bbe7baa1db60424516da0a0764cddbe977fb6807959997a20f602bc43d2f,170205932f85070e,train,5
phash:433a9f8bcc2a8639,4,4,997eab8900ceb53b957b,Soil_Labeled_Data/M_40_50/L_30_40/alluvial/IMG_0559_M_10_20_pale_yellow.jpg,Soil_Labeled_Data/M_40_50/L_30_40/alluvial/IMG_0559_M_10_20_pale_yellow.jpg,6b34ab2a9d7ad3f0f7a8571d56994d42ccd0907f929861f137a6da0a2d9be501,130605932f85070e,train,5
phash:433a9f8bcc2a8639,4,4,525b11ebfeec8dd14c1f,Soil_Labeled_Data/M_60_70/L_30_40/alluvial/IMG_0559_M_10_20_pale_yellow_M_40_50_gray_brown_M_50_60_gray_brown.jpg,Soil_Labeled_Data/M_60_70/L_30_40/alluvial/IMG_0559_M_10_20_pale_yellow_M_40_50_gray_brown_M_50_60_gray_brown.jpg,085d5fd8abe111ebfa3e7436b2d5f70e13f05270efcab89ab19c5c7057734783,930205932f05070e,train,5
phash:43eb2bc58c1ed2f1,2,2,17880af9a02f9d4f9d59,Soil_Labeled_Data/M_0_10/L_0_10/alluvial/z5714095361298_5b8521f71b6051a784c85bd3550ccbe0.jpg,Soil_Labeled_Data/M_0_10/L_0_10/alluvial/z5714095361298_5b8521f71b6051a784c85bd3550ccbe0.jpg,263011d7a34702c9b8b64b3eb97f4b2b42f8e24077e5e5a1dccd3664b4402b76,82061607030684d0,train,5
phash:43eb2bc58c1ed2f1,2,2,c2e8487689ff5d548fe2,Soil_Labeled_Data/M_60_70/L_0_10/alluvial/z5714095361298_5b8521f71b6051a784c85bd3550ccbe0_M_0_10_pale_yellow_M_40_50_gray_brown.jpg,Soil_Labeled_Data/M_60_70/L_0_10/alluvial/z5714095361298_5b8521f71b6051a784c85bd3550ccbe0_M_0_10_pale_yellow_M_40_50_gray_brown.jpg,568694cbcc12859498a52307cb62a35a3fe93ac1bb247cdd3f3ba7b15501e7a7,8a06060703060490,train,5
phash:440cf10437760781,3,2,93d132742b6b55e9ac3d,Soil_Labeled_Data/M_10_20/L_80_90/alluvial/IMG_0757.JPG,Soil_Labeled_Data/M_10_20/L_80_90/alluvial/IMG_0757.JPG,2746273450e1a7d8101832135e632930f65ff0bfb7e569ab2f263d346d531f9b,241e1d06171f9f99,train,5
phash:440cf10437760781,3,2,0308ea9aed59285f1583,Soil_Labeled_Data/M_10_20/L_80_90/alluvial/IMG_0758.JPG,Soil_Labeled_Data/M_10_20/L_80_90/alluvial/IMG_0758.JPG,2746273450e1a7d8101832135e632930f65ff0bfb7e569ab2f263d346d531f9b,241e1d06171f9f99,train,5
phash:440cf10437760781,3,2,f0e59a54fa1cfa192a10,Soil_Labeled_Data/M_60_70/L_80_90/alluvial/M_60_70_L_80_90_0044_light_brown.jpg,Soil_Labeled_Data/M_60_70/L_80_90/alluvial/M_60_70_L_80_90_0044_light_brown.jpg,ced2cd3f9a55a4bd7e604cdd612799fd60953c89d6b8e3b2303788ccc28c7c66,24162806171f1799,train,5
phash:446244e7bede194d,2,2,12c48207c8d355dc3469,Soil_Labeled_Data/M_0_10/L_0_10/alluvial/z5714094952173_37de5e4626cba119a6ebdfab7db38cd7.jpg,Soil_Labeled_Data/M_0_10/L_0_10/alluvial/z5714094952173_37de5e4626cba119a6ebdfab7db38cd7.jpg,14db40a67f43712fc0c9fb350da7f29eb8e0c34c4a467f704ff5d507a65c850e,2314061e161f0302,train,5
phash:446244e7bede194d,2,2,8c06a4d32a1c01b6fb47,Soil_Labeled_Data/M_40_50/L_0_10/alluvial/z5714094952173_37de5e4626cba119a6ebdfab7db38cd7_M_0_10_light_brown.jpg,Soil_Labeled_Data/M_40_50/L_0_10/alluvial/z5714094952173_37de5e4626cba119a6ebdfab7db38cd7_M_0_10_light_brown.jpg,38b7fe6165afa2a1b315e12b54fd4d1583a9956973c38970a14ea29c50a5257c,2214061f171f1302,train,5
phash:4469c3f673087d8f,2,2,fd1afca7e6192acd69b6,Soil_Labeled_Data/M_70_80/L_0_10/alluvial/z5714095397323_3ba8d5731fe9ad72ecd36a4f5fe55be2_M_0_10_clayish_red_M_40_50_dark_brown_M_60_70_clay_red.jpg,Soil_Labeled_Data/M_70_80/L_0_10/alluvial/z5714095397323_3ba8d5731fe9ad72ecd36a4f5fe55be2_M_0_10_clayish_red_M_40_50_dark_brown_M_60_70_clay_red.jpg,8bd22d2dd43e7fb9f0d025961c2624dceb42b9471783ec08377a35d7a60d434b,080d0d894a101202,train,5
phash:4469c3f673087d8f,2,2,275ae444db430ccf5a13,Soil_Labeled_Data/M_70_80/L_0_10/alluvial/z5714095397323_3ba8d5731fe9ad72ecd36a4f5fe55be2_M_0_10_pale_yellow_M_40_50_gray_brown_M_50_60_clay_red.jpg,Soil_Labeled_Data/M_70_80/L_0_10/alluvial/z5714095397323_3ba8d5731fe9ad72ecd36a4f5fe55be2_M_0_10_pale_yellow_M_40_50_gray_brown_M_50_60_clay_red.jpg,9d85429049f834896051b2e63a971b0c17eec5966b8c116d7741f168653625f3,880d0b090a101202,train,5
phash:446e88d08346cab4,2,2,c4e1e92dbb2efd1384ff,Soil_Labeled_Data/M_40_50/L_80_90/alluvial/IMG_0338_M_0_10_gray_brown.jpg,Soil_Labeled_Data/M_40_50/L_80_90/alluvial/IMG_0338_M_0_10_gray_brown.jpg,316f20c1648a68656ea045dfb0906c52945381ff22f1209aae39360021e5366c,0c062218192e2a1d,test,5
phash:446e88d08346cab4,2,2,416b33caaca051723318,Soil_Labeled_Data/M_60_70/L_80_90/alluvial/M_60_70_L_80_90_0050_gray_brown.jpg,Soil_Labeled_Data/M_60_70/L_80_90/alluvial/M_60_70_L_80_90_0050_gray_brown.jpg,dfa81e2ed633dff44edfb46a37e0476b36199f10b92d6be98c9d7871b300cdcd,0c042218090e2a0d,test,5
phash:451604e7a4017b24,3,3,f8ae5014457d97cf83d4,Soil_Labeled_Data/M_30_40/L_40_50/alluvial/z5719915081454_c67fb96c8fd1c13e8d457956fcdd9641.jpg,Soil_Labeled_Data/M_30_40/L_40_50/alluvial/z5719915081454_c67fb96c8fd1c13e8d457956fcdd9641.jpg,2ab5826c64b384934796a636959ed5eb38dcee11f555a668292747c543a45f5a,979b3e3c0f895693,train,5
phash:451604e7a4017b24,3,3,565dc76e02a4e31efa4e,Soil_Labeled_Data/M_60_70/L_40_50/alluvial/z5719915081454_c67fb96c8fd1c13e8d457956fcdd9641_M_30_40_clayish_red_M_40_50_dark_brown.jpg,Soil_Labeled_Data/M_60_70/L_40_50/alluvial/z5719915081454_c67fb96c8fd1c13e8d457956fcdd9641_M_30_40_clayish_red_M_40_50_dark_brown.jpg,cb6d750f43f4f69cc1c80c03255912587ffa5520db0daa731eff3566b94f3508,95993e2c0d895413,train,5
phash:451604e7a4017b24,3,3,d516c23c018e96c7dfe2,Soil_Labeled_Data/M_60_70/L_40_50/alluvial/z5719915081454_c67fb96c8fd1c13e8d457956fcdd9641_M_30_40_gray_brown_M_50_60_gray_brown.jpg,Soil_Labeled_Data/M_60_70/L_40_50/alluvial/z5719915081454_c67fb96c8fd1c13e8d457956fcdd9641_M_30_40_gray_brown_M_50_60_gray_brown.jpg,1d1fca81e26f598bb6b1f5f6b159be09da26d765357fc23f577e3afe6255a4b4,97193e3c0f895613,train,5
phash:4629140a527a816d,5,4,c8faee8fb0285caf4888,Soil_Labeled_Data/M_30_40/L_90_100/alluvial/z5720143191868_a2e1d248c34ba593baf30b4defe0d1dd.jpg,Soil_Labeled_Data/M_30_40/L_90_100/alluvial/z5720143191868_a2e1d248c34ba593baf30b4defe0d1dd.jpg,9650caa2b1d13f950242ad63651c99f623a0fd736adc8468372e2f4148af1032,0b0f1b0e0f06c6e4,train,5
phash:4629140a527a816d,5,4,680b31f6585af7088c07,Soil_Labeled_Data/M_50_60/L_90_100/alluvial/z5720143191868_a2e1d248c34ba593baf30b4defe0d1dd.jpg,Soil_Labeled_Data/M_50_60/L_90_100/alluvial/z5720143191868_a2e1d248c34ba593baf30b4defe0d1dd.jpg,9650caa2b1d13f950242ad63651c99f623a0fd736adc8468372e2f4148af1032,0b0f1b0e0f06c6e4,train,5
phash:4629140a527a816d,5,4,a67d523dc850c9135aca,Soil_Labeled_Data/M_60_70/L_90_100/alluvial/M_60_70_L_90_100_0058_dark_brown.jpg,Soil_Labeled_Data/M_60_70/L_90_100/alluvial/M_60_70_L_90_100_0058_dark_brown.jpg,29f492f98568603bdebe0f93ff483a03180c2a651dced8da699fd9b7ad02d9e5,0b0f1b0e0f06c6e4,train,5
phash:4629140a527a816d,5,4,aeda01cd8fea6cbb8a29,Soil_Labeled_Data/M_80_90/L_90_100/alluvial/M_80_90_L_90_100_0028_light_brown.jpg,Soil_Labeled_Data/M_80_90/L_90_100/alluvial/M_80_90_L_90_100_0028_light_brown.jpg,27281107187e6154271d2eaba1ba0809de8cda8c7a4b46b65859120e2a491bc0,0b0d190e0f0646e4,train,5
phash:4629140a527a816d,5,4,ff4d755bef8668cd2450,Soil_Labeled_Data/M_90_100/L_90_100/alluvial/M_90_100_L_90_100_0084_dark_brown.jpg,Soil_Labeled_Data/M_90_100/L_90_100/alluvial/M_90_100_L_90_100_0084_dark_brown.jpg,efafbad669f47153d2da5abe79c8a1dec5a3bfcc03065230569fa36737c3ace3,0b0b190e0f024464,train,5
phash:46386f8bbcc5a68d,3,3,297c183d74ff943ce9bd,Soil_Labeled_Data/M_30_40/L_10_20/alluvial/z5716081741279_e6dcbcb3d2252e27194aab74ebc27762.jpg,Soil_Labeled_Data/M_30_40/L_10_20/alluvial/z5716081741279_e6dcbcb3d2252e27194aab74ebc27762.jpg,50805931c56a4deb9346aafef2f10a77b9ca9cf33c85dec826753aec65d71729,66a053260e18b121,train,5
phash:46386f8bbcc5a68d,3,3,2fa7e2e0b9571feb3988,Soil_Labeled_Data/M_50_60/L_10_20/alluvial/z5716081741279_e6dcbcb3d2252e27194aab74ebc27762_M_30_40_gray_brown.jpg,Soil_Labeled_Data/M_50_60/L_10_20/alluvial/z5716081741279_e6dcbcb3d2252e27194aab74ebc27762_M_30_40_gray_brown.jpg,46d988a77e52e2090cb92dd2abde9bdede078eec177d72985176f4a87c5a23a2,62a0192e0e18b121,train,5
phash:46386f8bbcc5a68d,3,3,5dda5d72c42b5a097905,Soil_Labeled_Data/M_60_70/L_10_20/alluvial/z5716081741279_e6dcbcb3d2252e27194aab74ebc27762_M_30_40_pale_yellow_M_40_50_gray_brown.jpg,Soil_Labeled_Data/M_60_70/L_10_20/alluvial/z5716081741279_e6dcbcb3d2252e27194aab74ebc27762_M_30_40_pale_yellow_M_40_50_gray_brown.jpg,97d7fd36402d8ff9596f9d65a6eba937bca4ea238f0b75c496be70def012a229,6681112e0e18b021,train,5
phash:466c9def00cb8061,5,5,437bfccb32ebd8c0679f,Soil_Labeled_Data/M_10_20/L_20_30/alluvial/IMG_0501.JPG,Soil_Labeled_Data/M_10_20/L_20_30/alluvial/IMG_0501.JPG,d2f719f5a54c294c2847e999e63909944d6dc41a7bfee20582ddc287885b459f,2705330389834786,train,5
phash:466c9def00cb8061,5,5,b6e4716954533dc25690,Soil_Labeled_Data/M_50_60/L_20_30/alluvial/IMG_0501_M_10_20_light_brown_M_40_50_gray_brown.jpg,Soil_Labeled_Data/M_50_60/L_20_30/alluvial/IMG_0501_M_10_20_light_brown_M_40_50_gray_brown.jpg,e1e613492098555dd53e516c8ae21c8120eaafd747c1b12c376fc6bd7435e05d,2705330389834786,train,5
phash:466c9def00cb8061,5,5,37b658a5d9d22aecccf5,Soil_Labeled_Data/M_60_70/L_20_30/alluvial/IMG_0501_M_10_20_clayish_red_M_40_50_gray_brown.jpg,Soil_Labeled_Data/M_60_70/L_20_30/alluvial/IMG_0501_M_10_20_clayish_red_M_40_50_gray_brown.jpg,4ac5b232fba100a65da9f42cfc0aa78fa71ba5b8c74681a09dca02990050d1e3,2705330389834786,train,5
phash:466c9def00cb8061,5,5,3a61f9f7371e579a960d,Soil_Labeled_Data/M_60_70/L_20_30/alluvial/IMG_0501_M_10_20_light_brown_M_40_50_dark_brown.jpg,Soil_Labeled_Data/M_60_70/L_20_30/alluvial/IMG_0501_M_10_20_light_brown_M_40_50_dark_brown.jpg,d5490301cf832a5396776870df06fcff406e1984915746957eb09c804bb8957b,2705330389834786,train,5
phash:466c9def00cb8061,5,5,d3ac10460e8293941bbb,Soil_Labeled_Data/M_90_100/L_20_30/alluvial/IMG_0501_M_10_20_clayish_red_M_40_50_gray_brown_M_50_60_clay_red_M_70_80_dark_brown.jpg,Soil_Labeled_Data/M_90_100/L_20_30/alluvial/IMG_0501_M_10_20_clayish_red_M_40_50_gray_brown_M_50_60_clay_red_M_70_80_dark_brown.jpg,9845b0d7aa5ce5954c0820d8a1d32f6c6a86c4783647cc63cd9ea9296db7cd24,0305330389834306,train,5
phash:4756c126639a1165,59,59,86288ddf790a63b46646,Soil_Labeled_Data/M_50_60/L_0_10/alluvial/IMG_0407_M_10_20_gray_brown_M_40_50_light_brown.jpg,Soil_Labeled_Data/M_50_60/L_0_10/alluvial/IMG_0407_M_10_20_gray_brown_M_40_50_light_brown.jpg,477bbd73ff3d31297ccacb96a9b0e439af7b2cbeb0437301323941bc3d39df74,020301020a0a8900,train,5
phash:4756c126639a1165,59,59,16147e3ca1f817e1bfd9,Soil_Labeled_Data/M_50_60/L_0_10/alluvial/IMG_0407_M_10_20_light_brown_M_40_50_gray_brown.jpg,Soil_Labeled_Data/M_50_60/L_0_10/alluvial/IMG_0407_M_10_20_light_brown_M_40_50_gray_brown.jpg,0e91ff8cd725d05d8c4de6ee292052aa76d033e17f2bef739e2f9d01904b5788,02030102090a0900,train,5
phash:4756c126639a1165,59,59,4f827bdac60e7b7f4c29,Soil_Labeled_Data/M_50_60/L_0_10/alluvial/IMG_0425_M_10_20_light_brown_M_40_50_light_brown.jpg,Soil_Labeled_Data/M_50_60/L_0_10/alluvial/IMG_0425_M_10_20_light_brown_M_40_50_light_brown.jpg,7eb76bf5115aff1c85144abc89842c2751a32e17248f41301261b4762aa21a91,0008081204060400,train,5
phash:4756c126639a1165,59,59,c21d91235f39e37312b5,Soil_Labeled_Data/M_50_60/L_0_10/alluvial/IMG_0427_M_10_20_gray_brown_M_40_50_light_brown.jpg,Soil_Labeled_Data/M_50_60/L_0_10/alluvial/IMG_0427_M_10_20_gray_brown_M_40_50_light_brown.jpg,494e6754cd9c169c017e4aafaa7cd4a1344c9c02bb65c5ce640573720dddd12c,0102010202040004,train,5
phash:4756c126639a1165,59,59,216cc70abc6ec5ec8fdf,Soil_Labeled_Data/M_60_70/L_0_10/alluvial/IMG_0407_M_10_20_light_brown_M_40_50_gray_brown_M_50_60_gray_brown.jpg,Soil_Labeled_Data/M_60_70/L_0_10/alluvial/IMG_0407_M_10_20_light_brown_M_40_50_gray_brown_M_50_60_gray_brown.jpg,d766fac8c3d3f14b24ef5e60c00ed322c956b398138d122a471322410d4c2187,0203010009090808,train,5
phash:4756c126639a1165,59,59,def76db553aadcd1710d,Soil_Labeled_Data/M_60_70/L_0_10/alluvial/IMG_0424_M_10_20_pale_yellow_M_40_50_gray_brown.jpg,Soil_Labeled_Data/M_60_70/L_0_10/alluvial/IMG_0424_M_10_20_pale_yellow_M_40_50_gray_brown.jpg,04996447a1c5e33be989230b84d0b557909c9ee3d50ce36b1ba8997178536771,0008800503080000,train,5
phash:4756c126639a1165,59,59,9f62333d49d93ceb0b5d,Soil_Labeled_Data/M_60_70/L_0_10/alluvial/IMG_0425_M_10_20_light_brown_M_40_50_light_brown_M_50_60_dark_brown.jpg,Soil_Labeled_Data/M_60_70/L_0_10/alluvial/IMG_0425_M_10_20_light_brown_M_40_50_light_brown_M_50_60_dark_brown.jpg,06818fd93670e614c93b1d9fa4239ec9b928b7a9cfb6cffee4e7e8a51f9ea3c3,0000000204040000,train,5
phash:4756c126639a1165,59,59,a65d8f9c7d046ef7cb22,Soil_Labeled_Data/M_60_70/L_0_10/alluvial/z5716041803963_45e386f270937e1ffed33e997140939d_M_30_40_clayish_red_M_40_50_gray_brown_M_50_60_dark_brown.jpg,Soil_Labeled_Data/M_60_70/L_0_10/alluvial/z5716041803963_45e386f270937e1ffed33e997140939d_M_30_40_clayish_red_M_40_50_gray_brown_M_50_60_dark_brown.jpg,a9f64914d0111d24eff82449e3b299215eb8e09c192d9f4349128a354662bdcb,0010010201040000,train,5
phash:4756c126639a1165,59,59,df67baa08f6f47896465,Soil_Labeled_Data/M_60_70/L_0_10/alluvial/z5716041962889_1d362459ea63da03f90b3aa0f319097d_M_30_40_light_brown_M_40_50_gray_brown_M_50_60_dark_brown.jpg,Soil_Labeled_Data/M_60_70/L_0_10/alluvial/z5716041962889_1d362459ea63da03f90b3aa0f319097d_M_30_40_light_brown_M_40_50_gray_brown_M_50_60_dark_brown.jpg,d08aa6a13a04fe5483827a01736e580777147de93393a00cec009af1eb921864,0004020402080090,train,5
phash:4756c126639a1165,59,59,887b55eef5ee6c938759,Soil_Labeled_Data/M_70_80/L_0_10/alluvial/IMG_0407_M_10_20_gray_brown_M_40_50_light_brown_M_50_60_dark_brown.jpg,Soil_Labeled_Data/M_70_80/L_0_10/alluvial/IMG_0407_M_10_20_gray_brown_M_40_50_light_brown_M_50_60_dark_brown.jpg,fef2b61799ed68f7390ad9c5cb2c668b9a2ebd2dee0be9789bfd5ac87cc52719,0002000008080900,train,5
phash:4756c126639a1165,59,59,1406360ad5af344424f4,Soil_Labeled_Data/M_70_80/L_0_10/alluvial/IMG_0408_M_10_20_gray_brown_M_40_50_gray_brown_M_50_60_dark_brown_M_60_70_clay_red.jpg,Soil_Labeled_Data/M_70_80/L_0_10/alluvial/IMG_0408_M_10_20_gray_brown_M_40_50_gray_brown_M_50_60_dark_brown_M_60_70_clay_red.jpg,4fc3de18d54e68e36b0551481b88338ee98b25c5cb8a4a7acdc52d33eb414074,0000000800000000,train,5
phash:4756c126639a1165,59,59,6328e3c69c91802cf017,Soil_Labeled_Data/M_70_80/L_0_10/alluvial/IMG_0418_M_10_20_clayish_red_M_40_50_gray_brown_M_60_70_clay_red.jpg,Soil_Labeled_Data/M_70_80/L_0_10/alluvial/IMG_0418_M_10_20_clayish_red_M_40_50_gray_brown_M_60_70_clay_red.jpg,bb6c00ba04bff8f02a8df74b560508cbe942625f737d918a037b612eb5bb4792,0008000002420800,train,5
phash:4756c126639a1165,59,59,b6bf03daac51d2226280,Soil_Labeled_Data/M_70_80/L_0_10/alluvial/IMG_0418_M_10_20_clayish_red_M_40_50_light_brown_M_50_60_dark_brown_M_60_70_dark_brown.jpg,Soil_Labeled_Data/M_70_80/L_0_10/alluvial/IMG_0418_M_10_20_clayish_red_M_40_50_light_brown_M_50_60_dark_brown_M_60_70_dark_brown.jpg,8fddf52e5c84b483a025ddf6c49e1ea3810e3ab71a51482865ac10e03bd3e304,0000000000024820,train,5
phash:4756c126639a1165,59,59,2114a2940d1313e28b8c,Soil_Labeled_Data/M_70_80/L_0_10/alluvial/z5716041600867_155ef81185111d0c63d0fb1432ad825c_M_30_40_light_brown_M_50_60_dark_brown.jpg,Soil_Labeled_Data/M_70_80/L_0_10/alluvial/z5716041600867_155ef81185111d0c63d0fb1432ad825c_M_30_40_light_brown_M_50_60_dark_brown.jpg,31b0a1590d332ab1c91becfc6e9eebc788c20e979b9eec66d452c32a1fdcefca,0020040200000000,train,5
phash:4756c126639a1165,59,59,8c85294a4fee3a1f1351,Soil_Labeled_Data/M_70_80/L_0_10/alluvial/z5716041921976_7e4a689b2efcc84b88cd5677cea9ff06_M_30_40_light_brown_M_50_60_clay_red.jpg,Soil_Labeled_Data/M_70_80/L_0_10/alluvial/z5716041921976_7e4a689b2efcc84b88cd5677cea9ff06_M_30_40_light_brown_M_50_60_clay_red.jpg,8a8ac6e2af0f5527ccf4a84c93fb6ce8fbe30a40e4a6a1c2af912d24075f5f98,0202100202040000,train,5
phash:4756c126639a1165,59,59,e818c149a74b5c19c0ab,Soil_Labeled_Data/M_70_80/L_0_10/alluvial/z5716042289286_4f5ba54e9a7dd70e051e6c0bf403d0f8_M_30_40_pale_yellow_M_40_50_light_brown_M_50_60_clay_red.jpg,Soil_Labeled_Data/M_70_80/L_0_10/alluvial/z5716042289286_4f5ba54e9a7dd70e051e6c0bf403d0f8_M_30_40_pale_yellow_M_40_50_light_brown_M_50_60_clay_red.jpg,13a14d3d1b72589268ee6d12b1503fe0163383c1ce9d3682c66b21376c4c1003,0202141201020000,train,5
phash:4756c126639a1165,59,59,75673655b29588d0e7b0,Soil_Labeled_Data/M_70_80/L_0_10/alluvial/z5716042393202_8e123a1e78f84eda2b3a3bd5bfe377a3_M_30_40_gray_brown_M_40_50_light_brown_M_50_60_clay_red.jpg,Soil_Labeled_Data/M_70_80/L_0_10/alluvial/z5716042393202_8e123a1e78f84eda2b3a3bd5bfe377a3_M_30_40_gray_brown_M_40_50_light_brown_M_50_60_clay_red.jpg,5084051fb2857a334d01acca4b7419bbae5a55d72923ecd457d2cc5933726809,0002010406048042,train,5
phash:4756c126639a1165,59,59,c7679c7badc7a5205f37,Soil_Labeled_Data/M_70_80/L_10_20/alluvial/z5716081793488_8e267ac7db26534a784551ddef1bbd5f_M_30_40_clayish_red_M_40_50_gray_brown_M_50_60_gray_brown_M_60_70_clay_red.jpg,Soil_Labeled_Data/M_70_80/L_10_20/alluvial/z5716081793488_8e267ac7db26534a784551ddef1bbd5f_M_30_40_clayish_red_M_40_50_gray_brown_M_50_60_gray_brown_M_60_70_clay_red.jpg,6db7b21607e267f9ab33195f9ef585628c7821037d66c93ca11f3437ce668a16,0000000000000000,train,5
phash:4756c126639a1165,59,59,23e5475b5037ba77b666,Soil_Labeled_Data/M_70_80/L_10_20/alluvial/z5716081805208_48402b457cdf22dfa132f7652a7f995f_M_30_40_light_brown_M_50_60_dark_brown_M_60_70_clay_red.jpg,Soil_Labeled_Data/M_70_80/L_10_20/alluvial/z5716081805208_48402b457cdf22dfa132f7652a7f995f_M_30_40_light_brown_M_50_60_dark_brown_M_60_70_clay_red.jpg,915d6ca8d437d619fcc50b93d99c60826a15e8a978fbfa40159e276d45a8de9a,0000000000000000,train,5
phash:4756c126639a1165,59,59,a6b8b6774cdc8b1f10c6,Soil_Labeled_Data/M_80_90/L_0_10/alluvial/IMG_0407_M_10_20_gray_brown_M_40_50_gray_brown_M_60_70_dark_brown_M_70_80_wet_gray.jpg,Soil_Labeled_Data/M_80_90/L_0_10/alluvial/IMG_0407_M_10_20_gray_brown_M_40_50_gray_brown_M_60_70_dark_brown_M_70_80_wet_gray.jpg,32e9c2877a388b65d7d0c973be851677db1a1abf41641c134aa7464dd136566c,0002000010080800,train,5
phash:4756c126639a1165,59,59,df8a25f4e5d472f44922,Soil_Labeled_Data/M_80_90/L_0_10/alluvial/IMG_0423_M_10_20_gray_brown_M_40_50_dark_brown_M_60_70_wet_gray.jpg,Soil_Labeled_Data/M_80_90/L_0_10/alluvial/IMG_0423_M_10_20_gray_brown_M_40_50_dark_brown_M_60_70_wet_gray.jpg,8037c97820643c26ac070bfe0664da807b4b355ddea59234989960b439374df1,0004010101010800,train,5
phash:4756c126639a1165,59,59,c439e2af07dadfcff3f7,Soil_Labeled_Data/M_80_90/L_0_10/alluvial/z5714094628996_2ba67db18f33aa6bf75d2bf34582cb2c_M_0_10_gray_brown_M_40_50_dark_brown_M_60_70_dark_brown_M_70_80_clay_red.jpg,Soil_Labeled_Data/M_80_90/L_0_10/alluvial/z5714094628996_2ba67db18f33aa6bf75d2bf34582cb2c_M_0_10_gray_brown_M_40_50_dark_brown_M_60_70_dark_brown_M_70_80_clay_red.jpg,6b0bb8edfa1b53e2cc4215af968f75c112ac53e99594448b4147463b39767d7c,0004040202020100,train,5
phash:4756c126639a1165,59,59,fb882a86bbc2610dffbf,Soil_Labeled_Data/M_80_90/L_0_10/alluvial/z5716041534082_306e15f5e30046bae34f62036b4539ae_M_30_40_light_brown_M_40_50_gray_brown_M_60_70_clay_red_M_70_80_wet_gray.jpg,Soil_Labeled_Data/M_80_90/L_0_10/alluvial/z5716041534082_306e15f5e30046bae34f62036b4539ae_M_30_40_light_brown_M_40_50_gray_brown_M_60_70_clay_red_M_70_80_wet_gray.jpg,bcdeb5a7f69c684829621432e1d32ef1e5137f0e3c71863d956ae846a4456d8e,0000001502000000,train,5
phash:4756c126639a1165,59,59,ade57497eecb962e39e2,Soil_Labeled_Data/M_80_90/L_0_10/alluvial/z5716041844114_ff29c3aa34e5e5744c16680220233e4e_M_30_40_gray_brown_M_40_50_gray_brown_M_60_70_clay_red.jpg,Soil_Labeled_Data/M_80_90/L_0_10/alluvial/z5716041844114_ff29c3aa34e5e5744c16680220233e4e_M_30_40_gray_brown_M_40_50_gray_brown_M_60_70_clay_red.jpg,ef47b1bf8ffac1f9f589224e871d554d11b48a994eee9b388dce7385c254df04,0000080201020200,train,5
phash:4756c126639a1165,59,59,736474a8d4110bf57267,Soil_Labeled_Data/M_80_90/L_0_10/alluvial/z5716041881708_78beac35b69090477b9041eb1ba236f3_M_30_40_gray_brown_M_40_50_gray_brown_M_50_60_clay_red_M_70_80_wet_gray.jpg,Soil_Labeled_Data/M_80_90/L_0_10/alluvial/z5716041881708_78beac35b69090477b9041eb1ba236f3_M_30_40_gray_brown_M_40_50_gray_brown_M_50_60_clay_red_M_70_80_wet_gray.jpg,2816bc48fd095deda5347dcbb44c753c09d03423df3a796ebb30cb8473a0fe86,c080808284000000,train,5
phash:4756c126639a1165,59,59,380a94061e5001cb1899,Soil_Labeled_Data/M_80_90/L_0_10/alluvial/z5716041921976_7e4a689b2efcc84b88cd5677cea9ff06_M_30_40_light_brown_M_50_60_clay_red_M_70_80_clay_red.jpg,Soil_Labeled_Data/M_80_90/L_0_10/alluvial/z5716041921976_7e4a689b2efcc84b88cd5677cea9ff06_M_30_40_light_brown_M_50_60_clay_red_M_70_80_clay_red.jpg,303da2ed991ee2cd7cc29bc46f4b61b2171266882a65ed7e0b5880b0b90c4d4c,4000140202040000,train,5
phash:4756c126639a1165,59,59,e4ea0ee535b2181148e4,Soil_Labeled_Data/M_80_90/L_0_10/alluvial/z5716041962889_1d362459ea63da03f90b3aa0f319097d_M_30_40_light_brown_M_40_50_gray_brown_M_50_60_dark_brown_M_60_70_wet_gray.jpg,Soil_Labeled_Data/M_80_90/L_0_10/alluvial/z5716041962889_1d362459ea63da03f90b3aa0f319097d_M_30_40_light_brown_M_40_50_gray_brown_M_50_60_dark_brown_M_60_70_wet_gray.jpg,5d1035bc14f139b01af78a6d4de9c2152383fb533d61da82e8228dd7d711d6e6,0000040404000000,train,5
phash:4756c126639a1165,59,59,e22401b9364ea2546750,Soil_Labeled_Data/M_80_90/L_0_10/alluvial/z5716042049106_e42202833efd1fc8789876381aea1f57_M_30_40_gray_brown_M_50_60_dark_brown_M_60_70_clay_red_M_70_80_wet_gray.jpg,Soil_Labeled_Data/M_80_90/L_0_10/alluvial/z5716042049106_e42202833efd1fc8789876381aea1f57_M_30_40_gray_brown_M_50_60_dark_brown_M_60_70_clay_red_M_70_80_wet_gray.jpg,2e68f1a9b4e6e87853c44e7e2a17e208b4e7876b5bbd83a8502a64da17790048,0200001008000200,train,5
phash:4756c126639a1165,59,59,52bf91d06411d3a48564,Soil_Labeled_Data/M_80_90/L_0_10/alluvial/z5716042220165_291f395222e47e7e129381b510d12073_M_30_40_gray_brown_M_40_50_gray_brown_M_50_60_gray_brown_M_60_70_wet_gray.jpg,Soil_Labeled_Data/M_80_90/L_0_10/alluvial/z5716042220165_291f395222e47e7e129381b510d12073_M_30_40_gray_brown_M_40_50_gray_brown_M_50_60_gray_brown_M_60_70_wet_gray.jpg,802e89905914677489ad7916d063b7b464220f3fe22448fe5dcf552e92d2ef6b,0000440214000000,train,5
phash:4756c126639a1165,59,59,5362940fd4b31f8790ac,Soil_Labeled_Data/M_80_90/L_0_10/alluvial/z5716042393202_8e123a1e78f84eda2b3a3bd5bfe377a3_M_30_40_gray_brown_M_40_50_light_brown_M_50_60_gray_brown_M_60_70_wet_gray.jpg,Soil_Labeled_Data/M_80_90/L_0_10/alluvial/z5716042393202_8e123a1e78f84eda2b3a3bd5bfe377a3_M_30_40_gray_brown_M_40_50_light_brown_M_50_60_gray_brown_M_60_70_wet_gray.jpg,2290057621b923173f54a7d434cf4fdcb32dbaec3062ac73ea2ca556c21b5f28,0002010402040242,train,5
phash:4756c126639a1165,59,59,7def805aab5dba0d59a7,Soil_Labeled_Data/M_80_90/L_10_20/alluvial/IMG_0463_M_10_20_clayish_red_M_40_50_gray_brown_M_60_70_dark_brown_M_70_80_clay_red.jpg,Soil_Labeled_Data/M_80_90/L_10_20/alluvial/IMG_0463_M_10_20_clayish_red_M_40_50_gray_brown_M_60_70_dark_brown_M_70_80_clay_red.jpg,b7a8abd1117804a78226c9ae8adfa30139e9f64db0c1deba42b1f8055f794879,0000100402050202,train,5
phash:4756c126639a1165,59,59,f480845f9fb0a338f445,Soil_Labeled_Data/M_80_90/L_10_20/alluvial/IMG_0467_M_10_20_gray_brown_M_40_50_gray_brown_M_50_60_dark_brown_M_70_80_wet_gray.jpg,Soil_Labeled_Data/M_80_90/L_10_20/alluvial/IMG_0467_M_10_20_gray_brown_M_40_50_gray_brown_M_50_60_dark_brown_M_70_80_wet_gray.jpg,f1f42c990a6e9ca825fe86d05e3868daa463e8a5a24633df0663c74f1f581617,0000000000000000,train,5
phash:4756c126639a1165,59,59,5f977b7f7f14aec9c519,Soil_Labeled_Data/M_90_100/L_0_10/alluvial/IMG_0405_M_10_20_light_brown_M_40_50_gray_brown_M_50_60_dark_brown_M_70_80_dark_brown.jpg,Soil_Labeled_Data/M_90_100/L_0_10/alluvial/IMG_0405_M_10_20_light_brown_M_40_50_gray_brown_M_50_60_dark_brown_M_70_80_dark_brown.jpg,e9c2687c93f6c7ac179957180582c645ca948ae614b3ccc38dbd33b299ca23fe,0000000204000000,train,5
phash:4756c126639a1165,59,59,7fff649899ac640d9e1f,Soil_Labeled_Data/M_90_100/L_0_10/alluvial/IMG_0413_M_10_20_pale_yellow_M_40_50_gray_brown_M_60_70_wet_gray_M_80_90_wet_gray.jpg,Soil_Labeled_Data/M_90_100/L_0_10/alluvial/IMG_0413_M_10_20_pale_yellow_M_40_50_gray_brown_M_60_70_wet_gray_M_80_90_wet_gray.jpg,d0b11fbca73eae346054af25e8ae99a52a7434b550fd70f31f906f979e8ff0e2,0000000000000000,train,5
phash:4756c126639a1165,59,59,6d9de4eb70c0c8a34424,Soil_Labeled_Data/M_90_100/L_0_10/alluvial/IMG_0418_M_10_20_clayish_red_M_40_50_light_brown_M_50_60_dark_brown_M_60_70_dark_brown_M_70_80_wet_gray.jpg,Soil_Labeled_Data/M_90_100/L_0_10/alluvial/IMG_0418_M_10_20_clayish_red_M_40_50_light_brown_M_50_60_dark_brown_M_60_70_dark_brown_M_70_80_wet_gray.jpg,e419b1cb3ab83f1e19739b2750c3095907fea9f2936d35d24dae2bee007bb0cb,0000000000000000,train,5
phash:4756c126639a1165,59,59,d611bc618f85c6df3d30,Soil_Labeled_Data/M_90_100/L_0_10/alluvial/IMG_0424_M_10_20_clayish_red_M_40_50_gray_brown_M_50_60_dark_brown_M_60_70_dark_brown_M_70_80_wet_gray.jpg,Soil_Labeled_Data/M_90_100/L_0_10/alluvial/IMG_0424_M_10_20_clayish_red_M_40_50_gray_brown_M_50_60_dark_brown_M_60_70_dark_brown_M_70_80_wet_gray.jpg,d0612e3df00ee5bda329ef5e8f15695a86093fe1d97886d766889a6284489b6b,0000000000000000,train,5
phash:4756c126639a1165,59,59,1d1a9922a77a750b9112,Soil_Labeled_Data/M_90_100/L_0_10/alluvial/IMG_0424_M_10_20_clayish_red_M_40_50_gray_brown_M_50_60_dark_brown_M_70_80_dark_brown.jpg,Soil_Labeled_Data/M_90_100/L_0_10/alluvial/IMG_0424_M_10_20_clayish_red_M_40_50_gray_brown_M_50_60_dark_brown_M_70_80_dark_brown.jpg,e4f4a110f210760b4b1912b570f338b8246ec9fa53d3d90f0c7b0a7568b85224,0010020201080000,train,5
phash:4756c126639a1165,59,59,2b2d2822f328211d5a38,Soil_Labeled_Data/M_90_100/L_0_10/alluvial/IMG_0424_M_10_20_pale_yellow_M_40_50_gray_brown_M_60_70_clay_red_M_80_90_wet_gray.jpg,Soil_Labeled_Data/M_90_100/L_0_10/alluvial/IMG_0424_M_10_20_pale_yellow_M_40_50_gray_brown_M_60_70_clay_red_M_80_90_wet_gray.jpg,c4ffb3a7e1abb90f6de34b6592baa0c86853ddb823261ba226942afe5c6c4432,0000000000000000,train,5
phash:4756c126639a1165,59,59,0247aff524364a3e10c7,Soil_Labeled_Data/M_90_100/L_0_10/alluvial/z5714094628996_2ba67db18f33aa6bf75d2bf34582cb2c_M_0_10_gray_brown_M_40_50_dark_brown_M_60_70_dark_brown_M_70_80_clay_red_M_80_90_wet_gray.jpg,Soil_Labeled_Data/M_90_100/L_0_10/alluvial/z5714094628996_2ba67db18f33aa6bf75d2bf34582cb2c_M_0_10_gray_brown_M_40_50_dark_brown_M_60_70_dark_brown_M_70_80_clay_red_M_80_90_wet_gray.jpg,108eed26bd07713aef6cc5abf1faf7ae76a62e6b6f9653e2dc98866283d89a13,0001000100011000,train,5
phash:4756c126639a1165,59,59,7b4f9a6b93c6fd144883,Soil_Labeled_Data/M_90_100/L_0_10/alluvial/z5714094628996_2ba67db18f33aa6bf75d2bf34582cb2c_M_0_10_light_brown_M_40_50_light_brown_M_50_60_gray_brown_M_60_70_clay_red_M_70_80_dark_brown.jpg,Soil_Labeled_Data/M_90_100/L_0_10/alluvial/z5714094628996_2ba67db18f33aa6bf75d2bf34582cb2c_M_0_10_light_brown_M_40_50_light_brown_M_50_60_gray_brown_M_60_70_clay_red_M_70_80_dark_brown.jpg,23b27cb54f54728505373918e2dc89241602e435a2a5ae3e7b40da1ab0b5f39e,0000010000010000,train,5
phash:4756c126639a1165,59,59,2a650bba8a27f96974e2,Soil_Labeled_Data/M_90_100/L_0_10/alluvial/z5714094901576_151d7c7f5174236f4ce3c22eb6767bd0_M_0_10_clayish_red_M_40_50_gray_brown_M_50_60_gray_brown_M_60_70_dark_brown_M_70_80_wet_gray_M_80_90_wet_gray.jpg,Soil_Labeled_Data/M_90_100/L_0_10/alluvial/z5714094901576_151d7c7f5174236f4ce3c22eb6767bd0_M_0_10_clayish_red_M_40_50_gray_brown_M_50_60_gray_brown_M_60_70_dark_brown_M_70_80_wet_gray_M_80_90_wet_gray.jpg,9c03ddea13616cdbf32c8e7d7a409d823ff072ab331b4f3cd1ae08d50af573bf,0000140200024020,train,5
phash:4756c126639a1165,59,59,d5c34ea7013e323843ca,Soil_Labeled_Data/M_90_100/L_0_10/alluvial/z5714095397323_3ba8d5731fe9ad72ecd36a4f5fe55be2_M_0_10_clayish_red_M_40_50_light_brown_M_50_60_gray_brown_M_60_70_dark_brown_M_70_80_wet_gray.jpg,Soil_Labeled_Data/M_90_100/L_0_10/alluvial/z5714095397323_3ba8d5731fe9ad72ecd36a4f5fe55be2_M_0_10_clayish_red_M_40_50_light_brown_M_50_60_gray_brown_M_60_70_dark_brown_M_70_80_wet_gray.jpg,b16023851343e69c941572e88653b44914734dd7e6c1688b569e22b20c06a747,0008020400000202,train,5
phash:4756c126639a1165,59,59,1d4f21d6630016be160b,Soil_Labeled_Data/M_90_100/L_0_10/alluvial/z5716041534082_306e15f5e30046bae34f62036b4539ae_M_30_40_light_brown_M_40_50_gray_brown_M_60_70_wet_gray_M_80_90_dark_brown.jpg,Soil_Labeled_Data/M_90_100/L_0_10/alluvial/z5716041534082_306e15f5e30046bae34f62036b4539ae_M_30_40_light_brown_M_40_50_gray_brown_M_60_70_wet_gray_M_80_90_dark_brown.jpg,54fa9b95ab56db678f03ac2091bf86e6403dad9ffed1e9048960189d630bab1e,0001120000050000,train,5
phash:4756c126639a1165,59,59,5e5e01d581905873cfd3,Soil_Labeled_Data/M_90_100/L_0_10/alluvial/z5716041641006_4402096ed77e6521a8e53bcaf1ff039a_M_30_40_gray_brown_M_50_60_clay_red_M_70_80_wet_gray_M_80_90_dark_brown.jpg,Soil_Labeled_Data/M_90_100/L_0_10/alluvial/z5716041641006_4402096ed77e6521a8e53bcaf1ff039a_M_30_40_gray_brown_M_50_60_clay_red_M_70_80_wet_gray_M_80_90_dark_brown.jpg,95ca060d93b2965b2e6e3400203fb7345f34c03a00d26a8c34d7cfa31a054e36,0000000800000000,train,5
phash:4756c126639a1165,59,59,b9ca2336bdf63dddb8a0,Soil_Labeled_Data/M_90_100/L_0_10/alluvial/z5716041844114_ff29c3aa34e5e5744c16680220233e4e_M_30_40_gray_brown_M_40_50_gray_brown_M_50_60_clay_red_M_70_80_wet_gray.jpg,Soil_Labeled_Data/M_90_100/L_0_10/alluvial/z5716041844114_ff29c3aa34e5e5744c16680220233e4e_M_30_40_gray_brown_M_40_50_gray_brown_M_50_60_clay_red_M_70_80_wet_gray.jpg,f4125e635d7b7afd288a0d9afd8e2444cf8d0bf23a548823f038d5e220de66b7,0000000002020000,train,5
phash:4756c126639a1165,59,59,18cccaae19cee29d873e,Soil_Labeled_Data/M_90_100/L_0_10/alluvial/z5716041881708_78beac35b69090477b9041eb1ba236f3_M_30_40_gray_brown_M_40_50_gray_brown_M_50_60_gray_brown_M_60_70_dark_brown_M_70_80_wet_gray.jpg,Soil_Labeled_Data/M_90_100/L_0_10/alluvial/z5716041881708_78beac35b69090477b9041eb1ba236f3_M_30_40_gray_brown_M_40_50_gray_brown_M_50_60_gray_brown_M_60_70_dark_brown_M_70_80_wet_gray.jpg,e2884be163521c847b6b295d069fdb80d992bc248f88f56278bbe9b57f88ec12,8080808080000000,train,5
phash:4756c126639a1165,59,59,30715fd94e67fec1adea,Soil_Labeled_Data/M_90_100/L_0_10/alluvial/z5716041962889_1d362459ea63da03f90b3aa0f319097d_M_30_40_pale_yellow_M_40_50_light_brown_M_50_60_clay_red_M_70_80_dark_brown.jpg,Soil_Labeled_Data/M_90_100/L_0_10/alluvial/z5716041962889_1d362459ea63da03f90b3aa0f319097d_M_30_40_pale_yellow_M_40_50_light_brown_M_50_60_clay_red_M_70_80_dark_brown.jpg,1d184cb16eac94bb1ef3364a943d1d93d23029d25ee47bbce8fcc1c65ea336b1,0024020202080000,train,5
phash:4756c126639a1165,59,59,ec317889f7d5b9e9a90f,Soil_Labeled_Data/M_90_100/L_0_10/alluvial/z5716042004626_672a27bdaa4badcf207b29a4dbf173b0_M_30_40_light_brown_M_50_60_dark_brown_M_60_70_clay_red_M_80_90_dark_brown.jpg,Soil_Labeled_Data/M_90_100/L_0_10/alluvial/z5716042004626_672a27bdaa4badcf207b29a4dbf173b0_M_30_40_light_brown_M_50_60_dark_brown_M_60_70_clay_red_M_80_90_dark_brown.jpg,0c4c57ba24014245b964d64aa45dd6213a5c3d1db8f2c32f1f587c36c85b19a5,0000000814000000,train,5
phash:4756c126639a1165,59,59,11c17ab3617526a05421,Soil_Labeled_Data/M_90_100/L_0_10/alluvial/z5716042289286_4f5ba54e9a7dd70e051e6c0bf403d0f8_M_30_40_pale_yellow_M_40_50_dark_brown_M_60_70_dark_brown_M_70_80_clay_red_M_80_90_dark_brown.jpg,Soil_Labeled_Data/M_90_100/L_0_10/alluvial/z5716042289286_4f5ba54e9a7dd70e051e6c0bf403d0f8_M_30_40_pale_yellow_M_40_50_dark_brown_M_60_70_dark_brown_M_70_80_clay_red_M_80_90_dark_brown.jpg,1b790d9d2f8a0a461ead12dc79370b40ae45062b85376b57969ed41749940e00,0002041201010000,train,5
phash:4756c126639a1165,59,59,5bac88a4c2f89d2d8e68,Soil_Labeled_Data/M_90_100/L_0_10/alluvial/z5716042321152_979083553c4378666fb6af100231c565_M_30_40_gray_brown_M_40_50_gray_brown_M_60_70_clay_red_M_80_90_wet_gray.jpg,Soil_Labeled_Data/M_90_100/L_0_10/alluvial/z5716042321152_979083553c4378666fb6af100231c565_M_30_40_gray_brown_M_40_50_gray_brown_M_60_70_clay_red_M_80_90_wet_gray.jpg,11b6c8d09abacadc98ee104215ea3c730cead8a898935aada0b53cced066c87d,0000040808040008,train,5
phash:4756c126639a1165,59,59,70749e7f01ccd8f132f0,Soil_Labeled_Data/M_90_100/L_0_10/alluvial/z5716042362231_afc15cf0059cc0b0a10e2307f0224493_M_30_40_clayish_red_M_40_50_light_brown_M_50_60_clay_red_M_70_80_clay_red_M_80_90_wet_gray.jpg,Soil_Labeled_Data/M_90_100/L_0_10/alluvial/z5716042362231_afc15cf0059cc0b0a10e2307f0224493_M_30_40_clayish_red_M_40_50_light_brown_M_50_60_clay_red_M_70_80_clay_red_M_80_90_wet_gray.jpg,965801333f80f4a3498243cc244888c307404dc60491a3bfee78ea08373cdb37,8002000000000800,train,5
phash:4756c126639a1165,59,59,e43374d44bf908fefbb2,Soil_Labeled_Data/M_90_100/L_10_20/alluvial/IMG_0025_M_0_10_pale_yellow_M_40_50_gray_brown_M_50_60_dark_brown_M_70_80_clay_red_M_80_90_dark_brown.jpg,Soil_Labeled_Data/M_90_100/L_10_20/alluvial/IMG_0025_M_0_10_pale_yellow_M_40_50_gray_brown_M_50_60_dark_brown_M_70_80_clay_red_M_80_90_dark_brown.jpg,4d55bea6db4849dc77d99320ad6f7b55ac131ee6625fd7c5f3d7c80d8a67a92d,000004090a040409,train,5
phash:4756c126639a1165,59,59,500a2e839569213d4747,Soil_Labeled_Data/M_90_100/L_10_20/alluvial/IMG_0464_M_10_20_gray_brown_M_40_50_light_brown_M_50_60_gray_brown_M_60_70_dark_brown_M_70_80_wet_gray.jpg,Soil_Labeled_Data/M_90_100/L_10_20/alluvial/IMG_0464_M_10_20_gray_brown_M_40_50_light_brown_M_50_60_gray_brown_M_60_70_dark_brown_M_70_80_wet_gray.jpg,50e662a1ff1db242189004d4513110005599f6be0b8e5f5a4a3ba64e56504b5a,0000000000000000,train,5
phash:4756c126639a1165,59,59,283276645de22e697db1,Soil_Labeled_Data/M_90_100/L_10_20/alluvial/IMG_0464_M_10_20_pale_yellow_M_40_50_gray_brown_M_50_60_clay_red_M_70_80_dark_brown.jpg,Soil_Labeled_Data/M_90_100/L_10_20/alluvial/IMG_0464_M_10_20_pale_yellow_M_40_50_gray_brown_M_50_60_clay_red_M_70_80_dark_brown.jpg,ba121508d15c4f691dbc03f3e071ae656bcfb5bde798eaaa381de1eb7b0b52af,0000000000000000,train,5
phash:4756c126639a1165,59,59,5fbe66767c89e59e1e27,Soil_Labeled_Data/M_90_100/L_10_20/alluvial/z5716081579514_5a67b978119dcf79cb53e218abca90ab_M_30_40_gray_brown_M_50_60_clay_red_M_70_80_dark_brown.jpg,Soil_Labeled_Data/M_90_100/L_10_20/alluvial/z5716081579514_5a67b978119dcf79cb53e218abca90ab_M_30_40_gray_brown_M_50_60_clay_red_M_70_80_dark_brown.jpg,3a2052d1016f4165652d1f3fd14119ba3547e7b6d91c57998d9ebf277e9a730c,0002020204014200,train,5
phash:4756c126639a1165,59,59,54e5e0bbcd3e313d1e29,Soil_Labeled_Data/M_90_100/L_10_20/alluvial/z5716081732799_46a8abd72cd445d5fc7f7576562133ff_M_30_40_pale_yellow_M_40_50_light_brown_M_50_60_dark_brown_M_60_70_wet_gray_M_80_90_wet_gray.jpg,Soil_Labeled_Data/M_90_100/L_10_20/alluvial/z5716081732799_46a8abd72cd445d5fc7f7576562133ff_M_30_40_pale_yellow_M_40_50_light_brown_M_50_60_dark_brown_M_60_70_wet_gray_M_80_90_wet_gray.jpg,26b9d3bdc1da3ed45f36737a538494378fdc442811e2711235813b7c1a06ff60,0000000000000000,train,5
phash:4756c126639a1165,59,59,2728b1c732f96d6b845f,Soil_Labeled_Data/M_90_100/L_10_20/alluvial/z5716081783135_13a61c0ddb9d30f00b44e630e47c1f42_M_30_40_gray_brown_M_40_50_gray_brown_M_50_60_clay_red_M_70_80_clay_red_M_80_90_wet_gray.jpg,Soil_Labeled_Data/M_90_100/L_10_20/alluvial/z5716081783135_13a61c0ddb9d30f00b44e630e47c1f42_M_30_40_gray_brown_M_40_50_gray_brown_M_50_60_clay_red_M_70_80_clay_red_M_80_90_wet_gray.jpg,d849fcbfd769095db7b9ef4925f4d1299a220db1fb8335d42468b235d6963e57,0000000000000000,train,5
phash:4756c126639a1165,59,59,4aab35d3609a35dc6819,Soil_Labeled_Data/M_90_100/L_10_20/alluvial/z5716081805208_48402b457cdf22dfa132f7652a7f995f_M_30_40_light_brown_M_50_60_dark_brown_M_60_70_clay_red_M_70_80_dark_brown.jpg,Soil_Labeled_Data/M_90_100/L_10_20/alluvial/z5716081805208_48402b457cdf22dfa132f7652a7f995f_M_30_40_light_brown_M_50_60_dark_brown_M_60_70_clay_red_M_70_80_dark_brown.jpg,e32433d5688b7f0505a51abfb75efd29aa3cb29c3dc7a0dc5943abd40dd6430f,0000000000000000,train,5
phash:4756c126639a1165,59,59,fe10da7a37bd13181ec4,Soil_Labeled_Data/M_90_100/L_30_40/alluvial/IMG_0558_M_10_20_light_brown_M_40_50_light_brown_M_50_60_clay_red_M_70_80_clay_red_M_80_90_wet_gray.jpg,Soil_Labeled_Data/M_90_100/L_30_40/alluvial/IMG_0558_M_10_20_light_brown_M_40_50_light_brown_M_50_60_clay_red_M_70_80_clay_red_M_80_90_wet_gray.jpg,9a129a1e55538386ef7c0975ddb5435a5b0f95f41f8853b9d50b244c27f4dc13,0101020402020000,train,5
phash:48f6918d6268138f,2,2,3c75b4d6517617ba4534,Soil_Labeled_Data/M_0_10/L_10_20/alluvial/IMG_0013.JPG,Soil_Labeled_Data/M_0_10/L_10_20/alluvial/IMG_0013.JPG,37f9a48fc0b985359c1bd63f7576f940ad308fa09245424d9200c2a3f2562c8f,373b17671b1101cd,train,5
phash:48f6918d6268138f,2,2,db69cd93df73b1be4f1c,Soil_Labeled_Data/M_40_50/L_10_20/alluvial/IMG_0013_M_0_10_clayish_red.jpg,Soil_Labeled_Data/M_40_50/L_10_20/alluvial/IMG_0013_M_0_10_clayish_red.jpg,79ea184c105e15024dd64004f77af0aebf7f4869abfbc4601a4b53fdc64329cd,373b13671b1101cd,train,5
phash:4aabf22cca79a2b1,3,3,a70194087ac5216a3876,Soil_Labeled_Data/M_10_20/L_80_90/alluvial/IMG_0744.JPG,Soil_Labeled_Data/M_10_20/L_80_90/alluvial/IMG_0744.JPG,d4583b7b3464534719aeb9a89d474eedc69b3cf40b43c66848e9f3b6f6115026,09254f24370b0c86,test,5
phash:4aabf22cca79a2b1,3,3,d454acb24a969ea6e871,Soil_Labeled_Data/M_40_50/L_80_90/alluvial/IMG_0744_M_10_20_pale_yellow.jpg,Soil_Labeled_Data/M_40_50/L_80_90/alluvial/IMG_0744_M_10_20_pale_yellow.jpg,ed0c322c2aaf1a8f97c664559da7d47c92d34fb418177bfbbf8f891f97359ac7,0f274f34374b0c86,test,5
phash:4aabf22cca79a2b1,3,3,9bbc04dc3309dd7c404a,Soil_Labeled_Data/M_60_70/L_80_90/alluvial/M_60_70_L_80_90_0068_light_brown.jpg,Soil_Labeled_Data/M_60_70/L_80_90/alluvial/M_60_70_L_80_90_0068_light_brown.jpg,7887de2d3e8a5ee7d72b4b20eeaf155f4ce72a4906670b54feb8f905d485ad03,0c250f34370b0c8e,test,5
phash:4ad83b90bc553752,3,3,f3158725d37a92f4389a,Soil_Labeled_Data/M_90_100/L_80_90/alluvial/M_90_100_L_80_90_0005_wet_gray.jpg,Soil_Labeled_Data/M_90_100/L_80_90/alluvial/M_90_100_L_80_90_0005_wet_gray.jpg,f2cc5533b551cdf122bfd506834afccc0501d7a8e8cc70622cea269bbc1f041d,b4b6db4f37979777,test,5
phash:4ad83b90bc553752,3,3,5ac5fba679cbac8b0453,Soil_Labeled_Data/M_90_100/L_80_90/alluvial/M_90_100_L_80_90_0060_gray_brown.jpg,Soil_Labeled_Data/M_90_100/L_80_90/alluvial/M_90_100_L_80_90_0060_gray_brown.jpg,50de9ee6154965657155b1458368b327d73dce526b949419865fcee163ee47a6,b496db4f37979777,test,5
phash:4ad83b90bc553752,3,3,c77b26ff28e347f8470b,Soil_Labeled_Data/M_90_100/L_80_90/alluvial/M_90_100_L_80_90_0079_light_brown.jpg,Soil_Labeled_Data/M_90_100/L_80_90/alluvial/M_90_100_L_80_90_0079_light_brown.jpg,0e32b1f986422af532154b33dcf757fbf8c35d361ccae2828c509e715b58d0b7,b496db4f37979777,test,5
phash:4af546806af8d36b,2,2,5d945640d34e1e6f333d,Soil_Labeled_Data/M_10_20/L_10_20/alluvial/IMG_0457.JPG,Soil_Labeled_Data/M_10_20/L_10_20/alluvial/IMG_0457.JPG,c42a95447c5adcbc9cdb1b23d2e6ff78591daf3dd9aae8dfc8185fef06feec4d,17270d06160e1317,train,5
phash:4af546806af8d36b,2,2,955b664396111abcd3c1,Soil_Labeled_Data/M_40_50/L_10_20/alluvial/IMG_0457_M_10_20_clayish_red.jpg,Soil_Labeled_Data/M_40_50/L_10_20/alluvial/IMG_0457_M_10_20_clayish_red.jpg,54689ba1878978481a6a38a42b1a9cd132d7ea667561edcd5180cd196658b93a,17274d06160e1516,train,5
phash:4b6bf69f8d4e521c,2,2,44cef74cc0e7c9f8e6a2,Soil_Labeled_Data/M_80_90/L_80_90/alluvial/z5613704321140_6d67c39d725fb50253def9c57db4bedc.jpg,Soil_Labeled_Data/M_80_90/L_80_90/alluvial/z5613704321140_6d67c39d725fb50253def9c57db4bedc.jpg,c9f11f4859e70d08a385ec563ff0bdb1b94fd1f7ccf1cdeb8cf5bcea8a817d94,cbe1c8c89d5c3ea4,train,5
phash:4b6bf69f8d4e521c,2,2,746303f4027fcd9de432,Soil_Labeled_Data/M_90_100/L_80_90/alluvial/M_90_100_L_80_90_0027_dark_brown.jpg,Soil_Labeled_Data/M_90_100/L_80_90/alluvial/M_90_100_L_80_90_0027_dark_brown.jpg,07b17757c5f2ee305b624015eff897fa333bdb5b3533f6b6f4a9a380f0dc8fd2,cbe1c8c89d5c1ea4,train,5
phash:4cc276d04807a98e,2,2,324b6f2f150837162dba,Soil_Labeled_Data/M_30_40/L_40_50/alluvial/z5719914828210_cddec1f2dabcdd416769c8d8b7f0adaf.jpg,Soil_Labeled_Data/M_30_40/L_40_50/alluvial/z5719914828210_cddec1f2dabcdd416769c8d8b7f0adaf.jpg,e8f8a45923c09b474a7a164f69705a7c327df384a4893dc238009213906d92b3,ce9e2f4f0b842320,train,5
phash:4cc276d04807a98e,2,2,0b2130c5cdc9adcc32a8,Soil_Labeled_Data/M_50_60/L_40_50/alluvial/z5719914828210_cddec1f2dabcdd416769c8d8b7f0adaf_M_30_40_gray_brown.jpg,Soil_Labeled_Data/M_50_60/L_40_50/alluvial/z5719914828210_cddec1f2dabcdd416769c8d8b7f0adaf_M_30_40_gray_brown.jpg,a9fd890f0e83eb5fe3ff2a5cd9a86561de699d21204a53429402ff2d64200ecc,ce9e2f4f0b842320,train,5
phash:4d2073dc153cb1de,10,10,21b1faecc28c4c1aa3ee,Soil_Labeled_Data/M_10_20/L_60_70/alluvial/IMG_0695.JPG,Soil_Labeled_Data/M_10_20/L_60_70/alluvial/IMG_0695.JPG,8eacb0daf98fa4b6a45b64418c8bb508ee927b9e4e7511d60c4fd56c0e9e2882,9f972d2f5f4b2c6e,train,5
phash:4d2073dc153cb1de,10,10,7ada20a4588c9b902db2,Soil_Labeled_Data/M_10_20/L_60_70/alluvial/IMG_0695_aug_02_dark_brown.jpg,Soil_Labeled_Data/M_10_20/L_60_70/alluvial/IMG_0695_aug_02_dark_brown.jpg,b321e841332e5a7b095c6bb6c2c7301592557dd8670db335e1063e78c88484a3,9f972d2f5f4f2c6e,train,5
phash:4d2073dc153cb1de,10,10,eef221307a9b716780f1,Soil_Labeled_Data/M_10_20/L_60_70/alluvial/IMG_0695_aug_08_light_brown.jpg,Soil_Labeled_Data/M_10_20/L_60_70/alluvial/IMG_0695_aug_08_light_brown.jpg,19edbbcd8a67e7e0cde6aae6f22ee24a14c64bbbfdfadec3546d24dc614b9c0a,9f972d2f5f4f2c6e,train,5
phash:4d2073dc153cb1de,10,10,6412110136eabc4ba188,Soil_Labeled_Data/M_30_40/L_60_70/alluvial/IMG_0695_M_10_20_light_brown.jpg,Soil_Labeled_Data/M_30_40/L_60_70/alluvial/IMG_0695_M_10_20_light_brown.jpg,a43ecc574f3015a11565e5e44d97043023467794d68a99e182f6673d3dd36d5b,9f972d2f5f4b2c6e,train,5
phash:4d2073dc153cb1de,10,10,bb6e32a9ae481c37a4fa,Soil_Labeled_Data/M_60_70/L_60_70/alluvial/IMG_0695_M_10_20_clayish_red_M_40_50_light_brown_M_50_60_gray_brown.jpg,Soil_Labeled_Data/M_60_70/L_60_70/alluvial/IMG_0695_M_10_20_clayish_red_M_40_50_light_brown_M_50_60_gray_brown.jpg,0bc384dd85073ddea2c6867936a466bdf10fb437c99dd04748ee9786bd9b4747,9f172d2f5f0f2c6e,train,5
phash:4d2073dc153cb1de,10,10,f6c12b650bdd9a7b829a,Soil_Labeled_Data/M_60_70/L_60_70/alluvial/IMG_0695_M_10_20_gray_brown_M_40_50_dark_brown.jpg,Soil_Labeled_Data/M_60_70/L_60_70/alluvial/IMG_0695_M_10_20_gray_brown_M_40_50_dark_brown.jpg,0b219df5ff67465792a11de6ef4be903c219762432f7ac8333a516e9a27b25c3,9f972d2f5f0b2c6e,train,5
phash:4d2073dc153cb1de,10,10,e5567e3a67246e642c32,Soil_Labeled_Data/M_70_80/L_60_70/alluvial/IMG_0695_M_10_20_clayish_red_M_40_50_gray_brown_M_60_70_clay_red.jpg,Soil_Labeled_Data/M_70_80/L_60_70/alluvial/IMG_0695_M_10_20_clayish_red_M_40_50_gray_brown_M_60_70_clay_red.jpg,bbb0ea451665fcd6d3892b5ca494d3f3c9f03bafccb51938b00727d26313351a,9f972d2f5f0f2c6e,train,5
phash:4d2073dc153cb1de,10,10,69a6b000446ec374d390,Soil_Labeled_Data/M_70_80/L_60_70/alluvial/IMG_0695_M_10_20_gray_brown_M_40_50_dark_brown_M_60_70_dark_brown.jpg,Soil_Labeled_Data/M_70_80/L_60_70/alluvial/IMG_0695_M_10_20_gray_brown_M_40_50_dark_brown_M_60_70_dark_brown.jpg,0628df1b71b62dd80b0e1aa931adda467291e13e5d363fbea4c0ee404f801436,9f172d2f5f0f2c6e,train,5
phash:4d2073dc153cb1de,10,10,e3ecd5c9156672af8369,Soil_Labeled_Data/M_80_90/L_60_70/alluvial/IMG_0695_M_10_20_clayish_red_M_40_50_light_brown_M_50_60_dark_brown_M_70_80_clay_red.jpg,Soil_Labeled_Data/M_80_90/L_60_70/alluvial/IMG_0695_M_10_20_clayish_red_M_40_50_light_brown_M_50_60_dark_brown_M_70_80_clay_red.jpg,8dc7f45db490f28f9fd905568b817731997373c9f47aa5a7bb8b96d0bf909485,9f97290d5f0b2c2e,train,5
phash:4d2073dc153cb1de,10,10,b4f5ff5a961f27a61591,Soil_Labeled_Data/M_80_90/L_60_70/alluvial/IMG_0695_M_10_20_gray_brown_M_40_50_dark_brown_M_60_70_dark_brown_M_70_80_clay_red.jpg,Soil_Labeled_Data/M_80_90/L_60_70/alluvial/IMG_0695_M_10_20_gray_brown_M_40_50_dark_brown_M_60_70_dark_brown_M_70_80_clay_red.jpg,4f89410e4dd1afcc10e20b8d96fd5a48d6c86435a852ba78a2bc3a23550e4814,9f172d2d5f0b2c2e,train,5
phash:4d6d86021fc16aae,3,3,760f409fe52939e111ec,Soil_Labeled_Data/M_0_10/L_70_80/alluvial/IMG_0299.JPG,Soil_Labeled_Data/M_0_10/L_70_80/alluvial/IMG_0299.JPG,dccc80647f7b25413699f13c6c999029e90f8ab9286a400fff7dfbaef1a37dc1,2371726d4c061b28,train,5
phash:4d6d86021fc16aae,3,3,a64d25904c7f588bc030,Soil_Labeled_Data/M_40_50/L_70_80/alluvial/IMG_0299_M_0_10_light_brown.jpg,Soil_Labeled_Data/M_40_50/L_70_80/alluvial/IMG_0299_M_0_10_light_brown.jpg,ee5853bf834c9425c930175f06ea83d4e16bdbd8414d0d22ad5ec58771ee98be,2371726d4c061b28,train,5
phash:4d6d86021fc16aae,3,3,43a6eeafd1dd455037e0,Soil_Labeled_Data/M_60_70/L_70_80/alluvial/IMG_0299_M_0_10_light_brown_M_40_50_gray_brown.jpg,Soil_Labeled_Data/M_60_70/L_70_80/alluvial/IMG_0299_M_0_10_light_brown_M_40_50_gray_brown.jpg,44827e904ab7cafa347003cecbc1eba26841147e1ecf036e74ee017a9b9574f8,2371726d4c061b28,train,5
phash:4dffec36c3896eb9,8,8,f2d4da947934d493ee31,Soil_Labeled_Data/M_10_20/L_90_100/alluvial/IMG_0788.JPG,Soil_Labeled_Data/M_10_20/L_90_100/alluvial/IMG_0788.JPG,c13f8735fd63a9a9ad9fdaee2fd54313ae594df8cf20b3e4ca05ded45090bf92,215b4f070f1f3530,train,5
phash:4dffec36c3896eb9,8,8,81631e97066044921f0d,Soil_Labeled_Data/M_60_70/L_90_100/alluvial/M_60_70_L_90_100_0025_wet_gray.jpg,Soil_Labeled_Data/M_60_70/L_90_100/alluvial/M_60_70_L_90_100_0025_wet_gray.jpg,4a381a166aba50711200640063af856034dcaab0559ab74467797e4710d75a91,25534f270f1f3520,train,5
phash:4dffec36c3896eb9,8,8,706a31cde4e3d6bcfcdb,Soil_Labeled_Data/M_60_70/L_90_100/alluvial/M_60_70_L_90_100_0061_clay_red.jpg,Soil_Labeled_Data/M_60_70/L_90_100/alluvial/M_60_70_L_90_100_0061_clay_red.jpg,0517ac1128d0a2a678ea9c9e6f0aca7c20abdad447a93e3dacac5ef68597b6e0,25134f2f0f1f3530,train,5
phash:4dffec36c3896eb9,8,8,92f92d6e50644fd7b674,Soil_Labeled_Data/M_80_90/L_90_100/alluvial/M_80_90_L_90_100_0015_gray_brown.jpg,Soil_Labeled_Data/M_80_90/L_90_100/alluvial/M_80_90_L_90_100_0015_gray_brown.jpg,b21216ab028bacfaa79d2f68c7abea4b30f275b2a771dc6c1af1898d69bb9e26,21134f260f173520,train,5
phash:4dffec36c3896eb9,8,8,7755ce21e084010a2e0a,Soil_Labeled_Data/M_80_90/L_90_100/alluvial/M_80_90_L_90_100_0036_clay_red.jpg,Soil_Labeled_Data/M_80_90/L_90_100/alluvial/M_80_90_L_90_100_0036_clay_red.jpg,c30b4eac8f5f8be460c1824668902b30cb02ce39191549927b6a9f4c4547cd58,21110b070f171530,train,5
phash:4dffec36c3896eb9,8,8,e193a13ed10596d1df8d,Soil_Labeled_Data/M_80_90/L_90_100/alluvial/M_80_90_L_90_100_0037_clay_red.jpg,Soil_Labeled_Data/M_80_90/L_90_100/alluvial/M_80_90_L_90_100_0037_clay_red.jpg,1b75b92be30a9ac6fbcbe28ddf6af21b7c0ec687f4de9e1614ec40e851add497,2113430e0f1f3520,train,5
phash:4dffec36c3896eb9,8,8,e2ff58a4020c5c077ad6,Soil_Labeled_Data/M_80_90/L_90_100/alluvial/M_80_90_L_90_100_0039_gray_brown.jpg,Soil_Labeled_Data/M_80_90/L_90_100/alluvial/M_80_90_L_90_100_0039_gray_brown.jpg,d56a0c7ab6780ac8f03ad8f528baff0d38c0b3c7708dd57540635d2a2df80df8,21130b060f171520,train,5
phash:4dffec36c3896eb9,8,8,e4d584bfecc8ea666081,Soil_Labeled_Data/M_80_90/L_90_100/alluvial/M_80_90_L_90_100_0044_clay_red.jpg,Soil_Labeled_Data/M_80_90/L_90_100/alluvial/M_80_90_L_90_100_0044_clay_red.jpg,c0c7ae7ddc3f72fcc056cd6b67eed07a41e5c1ba8044745aca3f8cb3fc780830,21110b070f173520,train,5
phash:4e5170f4f4602f76,2,2,70b9cc50b4aaf9ce595b,Soil_Labeled_Data/M_30_40/L_20_30/alluvial/z5716144322709_8f70df660518e4d32c3fa16707b39049.jpg,Soil_Labeled_Data/M_30_40/L_20_30/alluvial/z5716144322709_8f70df660518e4d32c3fa16707b39049.jpg,28ef01225303c754d9e0d93a680254549d7ec5346c3bd2d19c676e48baf430e1,038583122b354622,test,5
phash:4e5170f4f4602f76,2,2,b2d5359956789aa24d2c,Soil_Labeled_Data/M_40_50/L_20_30/alluvial/z5716144322709_8f70df660518e4d32c3fa16707b39049_M_30_40_clayish_red.jpg,Soil_Labeled_Data/M_40_50/L_20_30/alluvial/z5716144322709_8f70df660518e4d32c3fa16707b39049_M_30_40_clayish_red.jpg,3dda2d0f6a7d92aee27f972b35994c5968d4d0b1d2dba87f72a3efa4e563803e,918583122b354603,test,5
phash:4f7ee60442d31744,4,4,c83257745acf546cc201,Soil_Labeled_Data/M_0_10/L_20_30/alluvial/IMG_0063.JPG,Soil_Labeled_Data/M_0_10/L_20_30/alluvial/IMG_0063.JPG,7b2f3e834c3aada07dfd8cb17458987abd60dc272e7b43b5e7452d4ef14e33b5,4b4f5b434a6e2426,validation,5
phash:4f7ee60442d31744,4,4,2e9a9d05a0b8a9b527e5,Soil_Labeled_Data/M_60_70/L_20_30/alluvial/IMG_0063_M_0_10_light_brown_M_40_50_light_brown_M_50_60_gray_brown.jpg,Soil_Labeled_Data/M_60_70/L_20_30/alluvial/IMG_0063_M_0_10_light_brown_M_40_50_light_brown_M_50_60_gray_brown.jpg,45f013ee81b6cec7eb7d2d88b45ae573291ac0aeae6ca401c71d4f51cd2bb83d,4b4f5b434a6e2426,validation,5
phash:4f7ee60442d31744,4,4,5149537d50cfc285be03,Soil_Labeled_Data/M_90_100/L_20_30/alluvial/IMG_0063_M_0_10_light_brown_M_40_50_gray_brown_M_60_70_dark_brown_M_70_80_wet_gray.jpg,Soil_Labeled_Data/M_90_100/L_20_30/alluvial/IMG_0063_M_0_10_light_brown_M_40_50_gray_brown_M_60_70_dark_brown_M_70_80_wet_gray.jpg,1efabb395079c4478abb971c3eb49b249bb411fc5471fe62f4044d329453c670,4b4d4b434a6e2426,validation,5
phash:4f7ee60442d31744,4,4,39e1e8710500633d7e14,Soil_Labeled_Data/M_90_100/L_20_30/alluvial/IMG_0063_M_0_10_light_brown_M_40_50_gray_brown_M_60_70_dark_brown_M_70_80_wet_gray_M_80_90_wet_gray.jpg,Soil_Labeled_Data/M_90_100/L_20_30/alluvial/IMG_0063_M_0_10_light_brown_M_40_50_gray_brown_M_60_70_dark_brown_M_70_80_wet_gray_M_80_90_wet_gray.jpg,95cabc99b0bf43ff69a8b26134a296c6dcf5d2716b6e8462adc577cc22f5f96b,0b4d4b42426e2526,validation,5
phash:507b6b1f4054a934,5,5,54418568bbf26910e1d3,Soil_Labeled_Data/M_10_20/L_40_50/alluvial/IMG_0590.JPG,Soil_Labeled_Data/M_10_20/L_40_50/alluvial/IMG_0590.JPG,1e11322f39f2387b14f4204cef87f273659a081cc6e4d8adae8f4052bd92fb9f,0c1f0f0f97162733,train,5
phash:507b6b1f4054a934,5,5,65368f53cab0199e520d,Soil_Labeled_Data/M_50_60/L_40_50/alluvial/IMG_0590_M_10_20_light_brown_M_40_50_gray_brown.jpg,Soil_Labeled_Data/M_50_60/L_40_50/alluvial/IMG_0590_M_10_20_light_brown_M_40_50_gray_brown.jpg,32126f7a982a095649ebf690f0b13b152c554e8eae91b78ce6aee9e0069b50fd,0c1f0f0f97162733,train,5
phash:507b6b1f4054a934,5,5,0f94fb06553b9eba1d97,Soil_Labeled_Data/M_70_80/L_40_50/alluvial/IMG_0590_M_10_20_pale_yellow_M_40_50_gray_brown_M_50_60_dark_brown.jpg,Soil_Labeled_Data/M_70_80/L_40_50/alluvial/IMG_0590_M_10_20_pale_yellow_M_40_50_gray_brown_M_50_60_dark_brown.jpg,8cba37e30b2164d86c3c211b4f05b4850c263c98f8c6cd1761a3243f9b914995,0c1f0f0797162733,train,5
phash:507b6b1f4054a934,5,5,6e3818d6956edb8eb54d,Soil_Labeled_Data/M_70_80/L_40_50/alluvial/IMG_0590_M_10_20_pale_yellow_M_40_50_gray_brown_M_50_60_dark_brown_M_60_70_dark_brown.jpg,Soil_Labeled_Data/M_70_80/L_40_50/alluvial/IMG_0590_M_10_20_pale_yellow_M_40_50_gray_brown_M_50_60_dark_brown_M_60_70_dark_brown.jpg,800f1b95a0422f24075864839a615f32df5ef313c8e7ec94a9ee5208a985c470,0c1f0e0795162713,train,5
phash:507b6b1f4054a934,5,5,32fffa86388353c5292d,Soil_Labeled_Data/M_80_90/L_40_50/alluvial/IMG_0590_M_10_20_pale_yellow_M_40_50_gray_brown_M_50_60_dark_brown_M_60_70_clay_red.jpg,Soil_Labeled_Data/M_80_90/L_40_50/alluvial/IMG_0590_M_10_20_pale_yellow_M_40_50_gray_brown_M_50_60_dark_brown_M_60_70_clay_red.jpg,0ccdcf37cfed1691ed96bb2eb4850626387e5fa6bdedffe707d2df6ca92db685,0c1f0c0791162713,train,5
phash:50f54d5c2b51e8f5,2,2,b5ebac90b455206e3aa0,Soil_Labeled_Data/M_0_10/L_10_20/alluvial/IMG_0015.JPG,Soil_Labeled_Data/M_0_10/L_10_20/alluvial/IMG_0015.JPG,244ffa963550d7b89875fc98cb1aca12401b981c5c84c0a0e5278cadd04b930a,18095b1b06020306,train,5
phash:50f54d5c2b51e8f5,2,2,2b625ce5cbb8bfc4b23b,Soil_Labeled_Data/M_40_50/L_10_20/alluvial/IMG_0015_M_0_10_gray_brown.jpg,Soil_Labeled_Data/M_40_50/L_10_20/alluvial/IMG_0015_M_0_10_gray_brown.jpg,f33a29b3e152814750acfb399e7a6ae3554b9e3d83172b3c23f8f554ba8eb468,18095b5b06120306,train,5
phash:511c840490f6b4a6,8,8,6c0e23955b9150bb8bfe,Soil_Labeled_Data/M_10_20/L_60_70/alluvial/IMG_0679.JPG,Soil_Labeled_Data/M_10_20/L_60_70/alluvial/IMG_0679.JPG,c32461417a7d7cf48bc6b7f826f2360b280eea845522ecc7da0dc766c486b40a,db99876e6dd7af0f,train,5
phash:511c840490f6b4a6,8,8,e0fdf5767168b16b5287,Soil_Labeled_Data/M_10_20/L_60_70/alluvial/IMG_0679_aug_01_wet_gray.jpg,Soil_Labeled_Data/M_10_20/L_60_70/alluvial/IMG_0679_aug_01_wet_gray.jpg,508b6a501d2555834be6b1c102cb0aeaa70448f2c46b5eebb4bb7e8c513e68c9,db99876e6dd7af0f,train,5
phash:511c840490f6b4a6,8,8,c0680ab713288a1bd8e8,Soil_Labeled_Data/M_50_60/L_60_70/alluvial/IMG_0679_M_10_20_light_brown_M_40_50_gray_brown.jpg,Soil_Labeled_Data/M_50_60/L_60_70/alluvial/IMG_0679_M_10_20_light_brown_M_40_50_gray_brown.jpg,5d96907fd07378a2cc891db6eed1b1f25d6963346f24f5e02c960d2719f1d7a5,db99876e6dd78f0f,train,5
phash:511c840490f6b4a6,8,8,5933fe2d7116e25299de,Soil_Labeled_Data/M_60_70/L_60_70/alluvial/IMG_0679_M_10_20_light_brown_M_30_40_gray_brown_M_50_60_gray_brown.jpg,Soil_Labeled_Data/M_60_70/L_60_70/alluvial/IMG_0679_M_10_20_light_brown_M_30_40_gray_brown_M_50_60_gray_brown.jpg,eeed34ca07bb929602c2260ee3605ab7cc015f10ad047f140116022294957e3a,db99876e4dd78f0f,train,5
phash:511c840490f6b4a6,8,8,10c5930b3af4fd932a91,Soil_Labeled_Data/M_60_70/L_60_70/alluvial/IMG_0679_M_10_20_light_brown_M_40_50_gray_brown.jpg,Soil_Labeled_Data/M_60_70/L_60_70/alluvial/IMG_0679_M_10_20_light_brown_M_40_50_gray_brown.jpg,cd5accbd1bb2b6fc333fb5eecb3aa2c29204b91a77a74c5318aec9fb8f54a427,db99876e4dd78f0f,train,5
phash:511c840490f6b4a6,8,8,1ffefca37d27019823c7,Soil_Labeled_Data/M_60_70/L_60_70/alluvial/IMG_0679_M_10_20_light_brown_M_40_50_gray_brown_M_50_60_dark_brown.jpg,Soil_Labeled_Data/M_60_70/L_60_70/alluvial/IMG_0679_M_10_20_light_brown_M_40_50_gray_brown_M_50_60_dark_brown.jpg,f56b85fa803ae25bfaee7f710f9bce8863ba072ab28fc7df1e2e293fe09c1c99,d999876e6dd78f0f,train,5
phash:511c840490f6b4a6,8,8,dc31b60494c3dbcc49a7,Soil_Labeled_Data/M_80_90/L_60_70/alluvial/IMG_0679_M_10_20_light_brown_M_30_40_gray_brown_M_50_60_dark_brown_M_70_80_wet_gray.jpg,Soil_Labeled_Data/M_80_90/L_60_70/alluvial/IMG_0679_M_10_20_light_brown_M_30_40_gray_brown_M_50_60_dark_brown_M_70_80_wet_gray.jpg,dbd1d979e60e8c601c5a45e37340bbecb31118b6de10c3c224c7e655714d1ab7,5a99876e4dd78f0f,train,5
phash:511c840490f6b4a6,8,8,6cbe44fa3e8f1b66b58f,Soil_Labeled_Data/M_80_90/L_60_70/alluvial/IMG_0679_M_10_20_light_brown_M_40_50_gray_brown_M_50_60_dark_brown_M_60_70_clay_red.jpg,Soil_Labeled_Data/M_80_90/L_60_70/alluvial/IMG_0679_M_10_20_light_brown_M_40_50_gray_brown_M_50_60_dark_brown_M_60_70_clay_red.jpg,7e0e0ae62f178c4724114a767bfbb9617c68da4fee75c94bbc7c681906f99411,db99876e4dd78f0f,train,5
phash:5216086d9e7f6171,3,3,53572bafc11be58ded10,Soil_Labeled_Data/M_0_10/L_60_70/alluvial/IMG_0245.JPG,Soil_Labeled_Data/M_0_10/L_60_70/alluvial/IMG_0245.JPG,4ddfae48113aa70a83a078d17c280b7d4bcbb3384809cb84b2db7ec00d60be50,7c1a21233814320a,train,5
phash:5216086d9e7f6171,3,3,3fc60fdb18c40af783b8,Soil_Labeled_Data/M_40_50/L_60_70/alluvial/IMG_0245_M_0_10_pale_yellow.jpg,Soil_Labeled_Data/M_40_50/L_60_70/alluvial/IMG_0245_M_0_10_pale_yellow.jpg,b2e7699c1f60326687fc8d7aea376d16f02b4b99b0daf71114ffac416d828d2b,741925333814330a,train,5
phash:5216086d9e7f6171,3,3,7b1d6f10e675c8ab20c7,Soil_Labeled_Data/M_90_100/L_60_70/alluvial/IMG_0245_M_0_10_pale_yellow_M_40_50_gray_brown_M_50_60_clay_red_M_70_80_dark_brown.jpg,Soil_Labeled_Data/M_90_100/L_60_70/alluvial/IMG_0245_M_0_10_pale_yellow_M_40_50_gray_brown_M_50_60_clay_red_M_70_80_dark_brown.jpg,76e196645dca1e612dff39dd602303b75dba8da25745626d52956c05356a3502,541921223814320a,train,5
phash:522c1adc444fd47d,4,2,0a2458593f29c4bfa00e,Soil_Labeled_Data/M_30_40/L_80_90/alluvial/z5720115982216_637e10bfdba8825575e6ddce9ee0b4db.jpg,Soil_Labeled_Data/M_30_40/L_80_90/alluvial/z5720115982216_637e10bfdba8825575e6ddce9ee0b4db.jpg,152c3629f5e51fcdd37dc597a1642fce5df05fa051ff1e636ab64591586992fa,c649613517070727,test,5
phash:522c1adc444fd47d,4,2,290e8751b1e6cabf6a05,Soil_Labeled_Data/M_50_60/L_80_90/alluvial/z5720115982216_637e10bfdba8825575e6ddce9ee0b4db.jpg,Soil_Labeled_Data/M_50_60/L_80_90/alluvial/z5720115982216_637e10bfdba8825575e6ddce9ee0b4db.jpg,152c3629f5e51fcdd37dc597a1642fce5df05fa051ff1e636ab64591586992fa,c649613517070727,test,5
phash:522c1adc444fd47d,4,2,0c1a4b4be9256b849eef,Soil_Labeled_Data/M_60_70/L_80_90/alluvial/M_60_70_L_80_90_0059_gray_brown.jpg,Soil_Labeled_Data/M_60_70/L_80_90/alluvial/M_60_70_L_80_90_0059_gray_brown.jpg,812655391cc5fe7d9727d0b8f1201e69c68c228a8de1fbdbf657e30e08a1833e,c649603517070727,test,5
phash:522c1adc444fd47d,4,2,7b413eb8b352bda0dea5,Soil_Labeled_Data/M_60_70/L_80_90/alluvial/z5720115982216_637e10bfdba8825575e6ddce9ee0b4db.jpg,Soil_Labeled_Data/M_60_70/L_80_90/alluvial/z5720115982216_637e10bfdba8825575e6ddce9ee0b4db.jpg,152c3629f5e51fcdd37dc597a1642fce5df05fa051ff1e636ab64591586992fa,c649613517070727,test,5
phash:52ce477933a19c4a,2,2,a4b65f840abc2ee36a52,Soil_Labeled_Data/M_20_30/L_70_80/alluvial/z5715142212681_2e4b5f2d5015cf5252daf3e7bdf1c455.jpg,Soil_Labeled_Data/M_20_30/L_70_80/alluvial/z5715142212681_2e4b5f2d5015cf5252daf3e7bdf1c455.jpg,1753566a6a72d36868f924916c1ecba789f491b5fbc9db3abc09ce38f67a2b33,7cbebfecece2f080,train,5
phash:52ce477933a19c4a,2,2,0b844f59d53d1bba4394,Soil_Labeled_Data/M_30_40/L_70_80/alluvial/z5715142212681_2e4b5f2d5015cf5252daf3e7bdf1c455_M_20_30_pale_yellow.jpg,Soil_Labeled_Data/M_30_40/L_70_80/alluvial/z5715142212681_2e4b5f2d5015cf5252daf3e7bdf1c455_M_20_30_pale_yellow.jpg,313e4574cc5139a8e5df33ce154030b3cfce65fcf5c4d1c6ed18580d1603b61d,7cbebfecece2f080,train,5
phash:5366782500485afa,3,3,e06b67274b31e2a624dc,Soil_Labeled_Data/M_30_40/L_10_20/alluvial/z5716081686870_a22c92a1c73378a497174d3b9264fcd8.jpg,Soil_Labeled_Data/M_30_40/L_10_20/alluvial/z5716081686870_a22c92a1c73378a497174d3b9264fcd8.jpg,fdc277789bdec5d362db1f83ee8060e05dd65abfdba4722cfb44e07b91ddf3d0,17140a0f07068581,train,5
phash:5366782500485afa,3,3,a91a0c531f68b72800e7,Soil_Labeled_Data/M_50_60/L_10_20/alluvial/z5716081686870_a22c92a1c73378a497174d3b9264fcd8_M_30_40_light_brown.jpg,Soil_Labeled_Data/M_50_60/L_10_20/alluvial/z5716081686870_a22c92a1c73378a497174d3b9264fcd8_M_30_40_light_brown.jpg,26d4a3b5ff5d584dc7be1b4a1ff5c9aea8cf64086a3ae9bc45c94dcd092d1250,17140a0f06068581,train,5
phash:5366782500485afa,3,3,876548e507df4360d5c2,Soil_Labeled_Data/M_50_60/L_10_20/alluvial/z5716081686870_a22c92a1c73378a497174d3b9264fcd8_M_30_40_pale_yellow_M_40_50_light_brown.jpg,Soil_Labeled_Data/M_50_60/L_10_20/alluvial/z5716081686870_a22c92a1c73378a497174d3b9264fcd8_M_30_40_pale_yellow_M_40_50_light_brown.jpg,7a5a574e16badd9f1b48294d5a680b2737dd2e582015b29fc9f77ba2fba6156c,16140a0f07060501,train,5
phash:53a18805beeb0d82,6,3,bf5347894784387faaf4,Soil_Labeled_Data/M_30_40/L_80_90/alluvial/z5720115994271_6ee046f5429b540fab54644ee387967d.jpg,Soil_Labeled_Data/M_30_40/L_80_90/alluvial/z5720115994271_6ee046f5429b540fab54644ee387967d.jpg,f78a84e7b2a6e850c20e699b6715e85009c356da4b0001f92227be59ff662b36,0a3525e7df8b1624,train,5
phash:53a18805beeb0d82,6,3,61cadbb7ab6f98654808,Soil_Labeled_Data/M_40_50/L_80_90/alluvial/z5720115994271_6ee046f5429b540fab54644ee387967d.jpg,Soil_Labeled_Data/M_40_50/L_80_90/alluvial/z5720115994271_6ee046f5429b540fab54644ee387967d.jpg,f78a84e7b2a6e850c20e699b6715e85009c356da4b0001f92227be59ff662b36,0a3525e7df8b1624,train,5
phash:53a18805beeb0d82,6,3,bfa108fb91dbe03c19c5,Soil_Labeled_Data/M_50_60/L_80_90/alluvial/M_50_60_L_80_90_0008_clay_red.jpg,Soil_Labeled_Data/M_50_60/L_80_90/alluvial/M_50_60_L_80_90_0008_clay_red.jpg,63c02476fab577834088e730b43b4f749a71ff442bbbcc62ab6dd2b76439e97b,0a3525e7df8b1624,train,5
phash:53a18805beeb0d82,6,3,a7cd032687a48bf511e8,Soil_Labeled_Data/M_50_60/L_80_90/alluvial/z5720115994271_6ee046f5429b540fab54644ee387967d.jpg,Soil_Labeled_Data/M_50_60/L_80_90/alluvial/z5720115994271_6ee046f5429b540fab54644ee387967d.jpg,f78a84e7b2a6e850c20e699b6715e85009c356da4b0001f92227be59ff662b36,0a3525e7df8b1624,train,5
phash:53a18805beeb0d82,6,3,2f3b2536be8e7da58dda,Soil_Labeled_Data/M_60_70/L_80_90/alluvial/M_60_70_L_80_90_0079_dark_brown.jpg,Soil_Labeled_Data/M_60_70/L_80_90/alluvial/M_60_70_L_80_90_0079_dark_brown.jpg,bb536b280d81302ecaf462129adce93a66649fefaad258eb34e98e63b806ef90,0a3505e7cf8b1624,train,5
phash:53a18805beeb0d82,6,3,86973bf50510b1a8d8f5,Soil_Labeled_Data/M_60_70/L_80_90/alluvial/z5720115994271_6ee046f5429b540fab54644ee387967d.jpg,Soil_Labeled_Data/M_60_70/L_80_90/alluvial/z5720115994271_6ee046f5429b540fab54644ee387967d.jpg,f78a84e7b2a6e850c20e699b6715e85009c356da4b0001f92227be59ff662b36,0a3525e7df8b1624,train,5
phash:54782112c471a7dd,3,3,4ab6916fad9f71572be3,Soil_Labeled_Data/M_10_20/L_20_30/alluvial/IMG_0514.JPG,Soil_Labeled_Data/M_10_20/L_20_30/alluvial/IMG_0514.JPG,e10e1cd3034f40790170459cab66fc93c23721b877e1ce31a99e592ea56c1904,0d0e2d6999e62705,validation,5
phash:54782112c471a7dd,3,3,e229d9fa4549bf03aa10,Soil_Labeled_Data/M_40_50/L_20_30/alluvial/IMG_0514_M_10_20_gray_brown.jpg,Soil_Labeled_Data/M_40_50/L_20_30/alluvial/IMG_0514_M_10_20_gray_brown.jpg,a6723a3d2f8b6137c927a8dd4018621d38bd3e12f4dcd9686f2b6f137a60bc3b,4d0e2d6999e62705,validation,5
phash:54782112c471a7dd,3,3,3670d4144689606cd993,Soil_Labeled_Data/M_70_80/L_20_30/alluvial/IMG_0514_M_10_20_clayish_red_M_40_50_light_brown_M_50_60_clay_red.jpg,Soil_Labeled_Data/M_70_80/L_20_30/alluvial/IMG_0514_M_10_20_clayish_red_M_40_50_light_brown_M_50_60_clay_red.jpg,ecd3b56529993d7ef60af647aa4290c7b3ff3a458b925f4fee9dc95d13e93ba3,0d0c254999e20705,validation,5
phash:550f17b8a00c5d3d,4,2,f2abc8a73901eae9ad9e,Soil_Labeled_Data/M_30_40/L_80_90/alluvial/z5720116028219_3547ed7fc4e58ca77d0a9c04ad52a29b.jpg,Soil_Labeled_Data/M_30_40/L_80_90/alluvial/z5720116028219_3547ed7fc4e58ca77d0a9c04ad52a29b.jpg,356b4f61f11c3f3639169e6ac8da9d34ad8d408c85fcafa9b03665c25a2c2d22,0f2d47830b0b89c5,test,5
phash:550f17b8a00c5d3d,4,2,11eecf11a2026c15b3f3,Soil_Labeled_Data/M_50_60/L_80_90/alluvial/M_50_60_L_80_90_0031_wet_gray.jpg,Soil_Labeled_Data/M_50_60/L_80_90/alluvial/M_50_60_L_80_90_0031_wet_gray.jpg,ad501b0fd1e9180dea55d726f887f53f965d12d45ebae54807fa7e7077c4df4f,0f0d47830b0b89c4,test,5
phash:550f17b8a00c5d3d,4,2,b50cd4d731ebc4b0bb52,Soil_Labeled_Data/M_50_60/L_80_90/alluvial/z5720116028219_3547ed7fc4e58ca77d0a9c04ad52a29b.jpg,Soil_Labeled_Data/M_50_60/L_80_90/alluvial/z5720116028219_3547ed7fc4e58ca77d0a9c04ad52a29b.jpg,356b4f61f11c3f3639169e6ac8da9d34ad8d408c85fcafa9b03665c25a2c2d22,0f2d47830b0b89c5,test,5
phash:550f17b8a00c5d3d,4,2,8dcf98fa3990cc1b15db,Soil_Labeled_Data/M_60_70/L_80_90/alluvial/z5720116028219_3547ed7fc4e58ca77d0a9c04ad52a29b.jpg,Soil_Labeled_Data/M_60_70/L_80_90/alluvial/z5720116028219_3547ed7fc4e58ca77d0a9c04ad52a29b.jpg,356b4f61f11c3f3639169e6ac8da9d34ad8d408c85fcafa9b03665c25a2c2d22,0f2d47830b0b89c5,test,5
phash:553f4fa2337e4f5f,2,2,ff4e998e14ba31b59809,Soil_Labeled_Data/M_70_80/L_80_90/alluvial/z6637133131476_9c50046ba5ba1e09a778276e16b52935.jpg,Soil_Labeled_Data/M_70_80/L_80_90/alluvial/z6637133131476_9c50046ba5ba1e09a778276e16b52935.jpg,9c12bb2ba9b5ef9d8ea3a75d7086212d1d8e21bfbd41c191d9f48cfdc8586a95,ca4bdc4d97a3e2b1,train,5
phash:553f4fa2337e4f5f,2,2,4c1b03cae7479ae06ae2,Soil_Labeled_Data/M_70_80/L_80_90/alluvial/z6637133131476_9c50046ba5ba1e09a778276e16b52935_aug_02_gray_brown.jpg,Soil_Labeled_Data/M_70_80/L_80_90/alluvial/z6637133131476_9c50046ba5ba1e09a778276e16b52935_aug_02_gray_brown.jpg,dd85587f218a600f1dfd82b8bc4bd583894d6f73d898f7113467ec65787ed41d,ca4bdc4d97a3eab1,train,5
phash:5545bf87ba12dd6c,2,2,db0d914625b8317ef2dc,Soil_Labeled_Data/M_0_10/L_20_30/alluvial/IMG_0053.JPG,Soil_Labeled_Data/M_0_10/L_20_30/alluvial/IMG_0053.JPG,2ca103dd8b56cc2c19817db868d7494388c0c19ed4a9458b22a52584f7ca2c51,0f574d46870f4620,train,5
phash:5545bf87ba12dd6c,2,2,a48a38a71f490ca8d08f,Soil_Labeled_Data/M_90_100/L_20_30/alluvial/IMG_0053_M_0_10_gray_brown_M_40_50_light_brown_M_50_60_clay_red_M_70_80_dark_brown.jpg,Soil_Labeled_Data/M_90_100/L_20_30/alluvial/IMG_0053_M_0_10_gray_brown_M_40_50_light_brown_M_50_60_clay_red_M_70_80_dark_brown.jpg,c3aa905bef4f8c48bb762315f8171906faab60db33611357848e72358619b962,0e564d46870f0220,train,5
phash:559bc98d230bebc4,3,3,c1dfc7e942bc69641600,Soil_Labeled_Data/M_10_20/L_50_60/alluvial/IMG_0627.JPG,Soil_Labeled_Data/M_10_20/L_50_60/alluvial/IMG_0627.JPG,eef9eb7531d51cf49ee4f6d3cc6a40093e8e20692edc8841f872187fa18b77b7,4d1585b101a30509,train,5
phash:559bc98d230bebc4,3,3,f2ec6f23bb4e992b1f71,Soil_Labeled_Data/M_60_70/L_50_60/alluvial/IMG_0627_M_10_20_pale_yellow_M_40_50_dark_brown.jpg,Soil_Labeled_Data/M_60_70/L_50_60/alluvial/IMG_0627_M_10_20_pale_yellow_M_40_50_dark_brown.jpg,d0d54d7d4bc8c5a20b25e9d02bf9de0b386701b37af7f04618b3bd3c14e936a9,4d15853101a30509,train,5
phash:559bc98d230bebc4,3,3,38b25995f68e684c84ea,Soil_Labeled_Data/M_70_80/L_50_60/alluvial/IMG_0627_M_10_20_clayish_red_M_40_50_gray_brown_M_50_60_dark_brown.jpg,Soil_Labeled_Data/M_70_80/L_50_60/alluvial/IMG_0627_M_10_20_clayish_red_M_40_50_gray_brown_M_50_60_dark_brown.jpg,6b6bfed4041b134a3055127a938f42a312cc5d91748b87cab971f741c4ca0755,0d15853101830509,train,5
phash:55ed86ba605b6f60,2,2,e135d70bca695340b211,Soil_Labeled_Data/M_0_10/L_40_50/alluvial/IMG_0168.JPG,Soil_Labeled_Data/M_0_10/L_40_50/alluvial/IMG_0168.JPG,8ad86862c00bf11c1c8efc16686c55a5370e8b1430e3c26ffba18d80f36aa2bf,18b971cce4131bb3,validation,5
phash:55ed86ba605b6f60,2,2,18dd2c07f4ab5eb54d02,Soil_Labeled_Data/M_80_90/L_40_50/alluvial/IMG_0168_M_0_10_pale_yellow_M_40_50_gray_brown_M_60_70_clay_red.jpg,Soil_Labeled_Data/M_80_90/L_40_50/alluvial/IMG_0168_M_0_10_pale_yellow_M_40_50_gray_brown_M_60_70_clay_red.jpg,6f30efa04b5a03ede192bd090a78b7d7f562af5dad16d884e98be0f72de0bdfa,18b961cce4131b93,validation,5
phash:56c3209e1a8b23fc,3,3,51f2726b5a71a58975a0,Soil_Labeled_Data/M_20_30/L_80_90/alluvial/z5715155307410_ef1fec805684af84f2f37deeee4fb2ed.jpg,Soil_Labeled_Data/M_20_30/L_80_90/alluvial/z5715155307410_ef1fec805684af84f2f37deeee4fb2ed.jpg,d457b924ae63369629193961ad76324848e7e919e7b7f365f5453408bd7e925c,1e3e5a9b5bd6cf4b,train,5
phash:56c3209e1a8b23fc,3,3,22ee551666ec74e1838a,Soil_Labeled_Data/M_20_30/L_80_90/alluvial/z5715155307410_ef1fec805684af84f2f37deeee4fb2ed_aug_00_clay_red.jpg,Soil_Labeled_Data/M_20_30/L_80_90/alluvial/z5715155307410_ef1fec805684af84f2f37deeee4fb2ed_aug_00_clay_red.jpg,4060831bf219de24966279758d660122feb9db3fe347f7957b534d45939f0303,1e3e5a9b5bd6cf4b,train,5
phash:56c3209e1a8b23fc,3,3,dcd44004ae2001386831,Soil_Labeled_Data/M_20_30/L_80_90/alluvial/z5715155376957_341732d07e349f2bacec318c53cd64ce.jpg,Soil_Labeled_Data/M_20_30/L_80_90/alluvial/z5715155376957_341732d07e349f2bacec318c53cd64ce.jpg,c46ccdb9a6d5bc7b059c650e73afe0ade880a5d6ccfcf67c450f4a300827e892,1e3e589b53d7cf0b,train,5
phash:5733abd69998f077,6,6,bcd923e8494276b014ae,Soil_Labeled_Data/M_10_20/L_40_50/alluvial/IMG_0587.JPG,Soil_Labeled_Data/M_10_20/L_40_50/alluvial/IMG_0587.JPG,4b83c3f152553e0e4be4e36570425d5cf023f2104ddf2cdcb2fdb97c8c5c6fc8,df3713c3c792a6ac,validation,5
phash:5733abd69998f077,6,6,4d57cb39d2bffe8ffd72,Soil_Labeled_Data/M_40_50/L_40_50/alluvial/IMG_0587_M_10_20_light_brown.jpg,Soil_Labeled_Data/M_40_50/L_40_50/alluvial/IMG_0587_M_10_20_light_brown.jpg,acd869273d80cecc94d40111f609cf51ccc2942d9b62f70d3715be3e2d0752b6,df3733c3c792a6ae,validation,5
phash:5733abd69998f077,6,6,9b200f64462058552be9,Soil_Labeled_Data/M_50_60/L_40_50/alluvial/IMG_0587_M_10_20_clayish_red_M_40_50_light_brown.jpg,Soil_Labeled_Data/M_50_60/L_40_50/alluvial/IMG_0587_M_10_20_clayish_red_M_40_50_light_brown.jpg,767e7efaae476757cb97d9cc6bae0ae6380472b16966d17ab7dce7203585b6b7,df3713c3c78226aa,validation,5
phash:5733abd69998f077,6,6,6c7078202aa45289d009,Soil_Labeled_Data/M_60_70/L_40_50/alluvial/IMG_0587_M_10_20_clayish_red_M_40_50_gray_brown.jpg,Soil_Labeled_Data/M_60_70/L_40_50/alluvial/IMG_0587_M_10_20_clayish_red_M_40_50_gray_brown.jpg,460c79c419e43fff721c16c691bb6afe3a0bf3811dd066d02d83fe9670fda663,df3713c3c792a2aa,validation,5
phash:5733abd69998f077,6,6,f2d7b12577be6cbf469f,Soil_Labeled_Data/M_60_70/L_40_50/alluvial/IMG_0587_M_10_20_light_brown_M_40_50_gray_brown.jpg,Soil_Labeled_Data/M_60_70/L_40_50/alluvial/IMG_0587_M_10_20_light_brown_M_40_50_gray_brown.jpg,dc84109d6fa5766100bb7693512416b07cfc325814f3744ad7db4d63914d4a37,df3713c3c78222ac,validation,5
phash:5733abd69998f077,6,6,9652533d1306d6625274,Soil_Labeled_Data/M_70_80/L_40_50/alluvial/IMG_0587_M_10_20_clayish_red_M_40_50_gray_brown_M_60_70_clay_red.jpg,Soil_Labeled_Data/M_70_80/L_40_50/alluvial/IMG_0587_M_10_20_clayish_red_M_40_50_gray_brown_M_60_70_clay_red.jpg,ec716a4f4d23df665b0c13edeec01cced157b19e2c9527398644bd3d7d663134,de331353c78222ac,validation,5
phash:5838916762de2266,2,2,0e8f4da8c01079d31b4f,Soil_Labeled_Data/M_10_20/L_50_60/alluvial/IMG_0639.JPG,Soil_Labeled_Data/M_10_20/L_50_60/alluvial/IMG_0639.JPG,48c0dcd35ca998c52bdf237a1aa7a6dac84d9e2709fe640198b05be1e5aa43c2,af539a6e6dc3d324,validation,5
phash:5838916762de2266,2,2,d7f87a6624b82dbb8b7e,Soil_Labeled_Data/M_10_20/L_50_60/alluvial/IMG_0639_aug_01_light_brown.jpg,Soil_Labeled_Data/M_10_20/L_50_60/alluvial/IMG_0639_aug_01_light_brown.jpg,1674c391c6e0033428804d8217ba633446bec1848a12c6153fdfeb349e88af96,af439a6e6fc3d324,validation,5
phash:5842a5560e2b0093,3,3,cae89483d5d77afd2881,Soil_Labeled_Data/M_30_40/L_10_20/alluvial/z5716081722638_c5469396c1e35eacca15c178956594c9.jpg,Soil_Labeled_Data/M_30_40/L_10_20/alluvial/z5716081722638_c5469396c1e35eacca15c178956594c9.jpg,59312e751669536f957ea3c2e9d0a30e942dc2ee0a3e67f94452ded94dfe0cb6,8924041507040001,train,5
phash:5842a5560e2b0093,3,3,0aa49bb1f1916e5a6ec6,Soil_Labeled_Data/M_40_50/L_10_20/alluvial/z5716081722638_c5469396c1e35eacca15c178956594c9_M_30_40_light_brown.jpg,Soil_Labeled_Data/M_40_50/L_10_20/alluvial/z5716081722638_c5469396c1e35eacca15c178956594c9_M_30_40_light_brown.jpg,70707f2b8425d22f6066681d470a859eab927f04d6355f2c6bd7e4ef2b0b8f66,0904001515040000,train,5
phash:5842a5560e2b0093,3,3,bf48d2e34f25943e04a0,Soil_Labeled_Data/M_70_80/L_10_20/alluvial/z5716081722638_c5469396c1e35eacca15c178956594c9_M_30_40_gray_brown_M_50_60_clay_red.jpg,Soil_Labeled_Data/M_70_80/L_10_20/alluvial/z5716081722638_c5469396c1e35eacca15c178956594c9_M_30_40_gray_brown_M_50_60_clay_red.jpg,ee88659df0e56bd7d648b4955b5d970b36a09e710d09f19a02907cb915c9e989,0904001105040000,train,5
phash:58b6b94065785737,5,5,e26e8dcb9041ac0877da,Soil_Labeled_Data/M_20_30/L_70_80/alluvial/z5715141626411_00b983fd5f44402c4bda94b5b928bb00.jpg,Soil_Labeled_Data/M_20_30/L_70_80/alluvial/z5715141626411_00b983fd5f44402c4bda94b5b928bb00.jpg,c4d1fe9f4f7164fb249f5dd4a234c840e61ea268ecf2ab3a7ec2f006647cb856,a7337b0d2d8f0b96,train,5
phash:58b6b94065785737,5,5,96a7733d92418ae4c450,Soil_Labeled_Data/M_30_40/L_70_80/alluvial/z5715141626411_00b983fd5f44402c4bda94b5b928bb00_M_20_30_light_brown.jpg,Soil_Labeled_Data/M_30_40/L_70_80/alluvial/z5715141626411_00b983fd5f44402c4bda94b5b928bb00_M_20_30_light_brown.jpg,ec3906f8976cb62f73e792636fc99e04a939d0cad61762d800276e7de55b7d1b,a7337b0d2d8f0b96,train,5
phash:58b6b94065785737,5,5,a3b760dad87ab50145f9,Soil_Labeled_Data/M_50_60/L_70_80/alluvial/z5715141626411_00b983fd5f44402c4bda94b5b928bb00_M_20_30_light_brown_M_30_40_light_brown.jpg,Soil_Labeled_Data/M_50_60/L_70_80/alluvial/z5715141626411_00b983fd5f44402c4bda94b5b928bb00_M_20_30_light_brown_M_30_40_light_brown.jpg,d00d9bbc280d3a4a1aaf50bce5bb8531512fab14be7bbc5b8234e5c8bd5a813b,a7317b0d2d8f0b96,train,5
phash:58b6b94065785737,5,5,aba33453f9fded515250,Soil_Labeled_Data/M_60_70/L_70_80/alluvial/z5715141626411_00b983fd5f44402c4bda94b5b928bb00_M_20_30_light_brown_M_30_40_light_brown_M_50_60_dark_brown.jpg,Soil_Labeled_Data/M_60_70/L_70_80/alluvial/z5715141626411_00b983fd5f44402c4bda94b5b928bb00_M_20_30_light_brown_M_30_40_light_brown_M_50_60_dark_brown.jpg,b256ce3bd4f50859727401a6efce127612519b12853f4974565c8063eb2c4656,a7317b0d258e0b96,train,5
phash:58b6b94065785737,5,5,b7536e686c96d75eade2,Soil_Labeled_Data/M_70_80/L_70_80/alluvial/z5715141626411_00b983fd5f44402c4bda94b5b928bb00_M_20_30_light_brown_M_30_40_light_brown_M_50_60_clay_red.jpg,Soil_Labeled_Data/M_70_80/L_70_80/alluvial/z5715141626411_00b983fd5f44402c4bda94b5b928bb00_M_20_30_light_brown_M_30_40_light_brown_M_50_60_clay_red.jpg,08164304401b61a6ca4733aa8fc7274e4808504f6dbe982cc22449173b2097cb,a5317b0d258a0996,train,5
phash:59c86ca7b0ff6cbe,3,3,41224598b6ecb3c928de,Soil_Labeled_Data/M_10_20/L_20_30/alluvial/IMG_0500.JPG,Soil_Labeled_Data/M_10_20/L_20_30/alluvial/IMG_0500.JPG,2fec450354b12923c906e82a1fcb75666e8cdb4e82ad05594b65536a5e3cb5ff,6b87e1110c255ecf,test,5
phash:59c86ca7b0ff6cbe,3,3,e6c71dffe7876476b1a1,Soil_Labeled_Data/M_60_70/L_20_30/alluvial/IMG_0500_M_10_20_clayish_red_M_40_50_dark_brown.jpg,Soil_Labeled_Data/M_60_70/L_20_30/alluvial/IMG_0500_M_10_20_clayish_red_M_40_50_dark_brown.jpg,06fddb34ce7ce4b5ed72dd93735f2941304c7ac8a63cb0b22e134acb3daa3eee,4b87a1110c251ecf,test,5
phash:59c86ca7b0ff6cbe,3,3,14def0765ba289b19cc7,Soil_Labeled_Data/M_60_70/L_20_30/alluvial/IMG_0500_M_10_20_clayish_red_M_40_50_light_brown_M_50_60_gray_brown.jpg,Soil_Labeled_Data/M_60_70/L_20_30/alluvial/IMG_0500_M_10_20_clayish_red_M_40_50_light_brown_M_50_60_gray_brown.jpg,4ac0c95cd7526a2d0b95cc54431a569cbd6b83c8313edfcd2b503e0da045a1b3,6b87a1110c051ecf,test,5
phash:5af44fcdc59439fe,3,3,2373c6a3c3143bd6d576,Soil_Labeled_Data/M_10_20/L_30_40/alluvial/IMG_0549.JPG,Soil_Labeled_Data/M_10_20/L_30_40/alluvial/IMG_0549.JPG,b8d5ce7a80f412bffe005772e3c75bd2a8ed74dda289ade606eae9a5fc0f15f9,93132f2713b174ec,train,5
phash:5af44fcdc59439fe,3,3,84764cb4c7d5265b14c7,Soil_Labeled_Data/M_50_60/L_30_40/alluvial/IMG_0549_M_10_20_light_brown_M_40_50_light_brown.jpg,Soil_Labeled_Data/M_50_60/L_30_40/alluvial/IMG_0549_M_10_20_light_brown_M_40_50_light_brown.jpg,9c351fe4a98ef46b4c894f138d00079382818b8c595c02cb7f602340551d05be,b3132f2713b174ec,train,5
phash:5af44fcdc59439fe,3,3,f8f740b6391fa9cf14b4,Soil_Labeled_Data/M_70_80/L_30_40/alluvial/IMG_0549_M_10_20_light_brown_M_40_50_light_brown_M_50_60_clay_red.jpg,Soil_Labeled_Data/M_70_80/L_30_40/alluvial/IMG_0549_M_10_20_light_brown_M_40_50_light_brown_M_50_60_clay_red.jpg,7fa93aa693e6c1f8bbe81fb062fb91b8e235973049d9b6e18a09c084511974e4,b3132b0713b07468,train,5
phash:5bf1ed8e03d8be73,3,3,c1601c5a61bac208d101,Soil_Labeled_Data/M_10_20/L_20_30/alluvial/IMG_0497.JPG,Soil_Labeled_Data/M_10_20/L_20_30/alluvial/IMG_0497.JPG,3195c14828518e7a7e73a5fae7682af4eae9fae45577367d5d556420ba7c81ca,08140b0e1cb33561,train,5
phash:5bf1ed8e03d8be73,3,3,35583693661dc1f9e2fc,Soil_Labeled_Data/M_50_60/L_20_30/alluvial/IMG_0497_M_10_20_pale_yellow_M_40_50_light_brown.jpg,Soil_Labeled_Data/M_50_60/L_20_30/alluvial/IMG_0497_M_10_20_pale_yellow_M_40_50_light_brown.jpg,1b13cf9023aed932b231ed0dd69636082cc4a47cf9915c2672342bf1737e2b1b,08140b0e1cb33561,train,5
phash:5bf1ed8e03d8be73,3,3,045e389e48eb1c14d457,Soil_Labeled_Data/M_90_100/L_20_30/alluvial/IMG_0497_M_10_20_pale_yellow_M_40_50_gray_brown_M_60_70_clay_red_M_70_80_wet_gray.jpg,Soil_Labeled_Data/M_90_100/L_20_30/alluvial/IMG_0497_M_10_20_pale_yellow_M_40_50_gray_brown_M_60_70_clay_red_M_70_80_wet_gray.jpg,de62ccd3ddb51c155aaedded4fa57aaf7cd90ffb0205c8ad62d8589b4e1b67a2,08040a0e1c333161,train,5
phash:5c15da2b7184a2e6,2,2,23c464cb4621572fe525,Soil_Labeled_Data/M_0_10/L_10_20/alluvial/IMG_0019.JPG,Soil_Labeled_Data/M_0_10/L_10_20/alluvial/IMG_0019.JPG,3a6337fae7c3aa2f739274976d72968052fbbc026871c1035cf6e20d548786b1,1b17073738111311,train,5
phash:5c15da2b7184a2e6,2,2,220c0d41846d29a96cc4,Soil_Labeled_Data/M_40_50/L_10_20/alluvial/IMG_0019_M_0_10_pale_yellow.jpg,Soil_Labeled_Data/M_40_50/L_10_20/alluvial/IMG_0019_M_0_10_pale_yellow.jpg,bc525a6a50675ade00c8b0ee1d730c79227cb5727d3b28d62d49639dfb35ede8,1b17073738111311,train,5
phash:5ca572d3107e8d3e,2,2,254ec64a918cdd60840e,Soil_Labeled_Data/M_10_20/L_10_20/alluvial/IMG_0454.JPG,Soil_Labeled_Data/M_10_20/L_10_20/alluvial/IMG_0454.JPG,a5ed3bd2e76548106b7d059773b95d37b6618cd4b7ca26f2cfb85a70451323af,b65e368fc7539f1b,train,5
phash:5ca572d3107e8d3e,2,2,19819640c7a1426dd53a,Soil_Labeled_Data/M_50_60/L_10_20/alluvial/IMG_0454_M_10_20_light_brown_M_40_50_gray_brown.jpg,Soil_Labeled_Data/M_50_60/L_10_20/alluvial/IMG_0454_M_10_20_light_brown_M_40_50_gray_brown.jpg,af91680c4d898018def426b05a173036ecb8ad5f5c247553b7da0907a8d766c7,b65e368fc7531b0b,train,5
phash:5cf9899e04a59dd3,4,4,0c0e889eb2f23c672dd5,Soil_Labeled_Data/M_10_20/L_70_80/alluvial/IMG_0697.JPG,Soil_Labeled_Data/M_10_20/L_70_80/alluvial/IMG_0697.JPG,e7eab8d6a558bc1031cefa55755fdec30748f43d081360d30dc691f899e910e8,2b173af95934ad49,test,5
phash:5cf9899e04a59dd3,4,4,e74098488f6e07e4ceb8,Soil_Labeled_Data/M_80_90/L_70_80/alluvial/IMG_0697_M_10_20_light_brown_M_40_50_dark_brown_M_60_70_clay_red.jpg,Soil_Labeled_Data/M_80_90/L_70_80/alluvial/IMG_0697_M_10_20_light_brown_M_40_50_dark_brown_M_60_70_clay_red.jpg,e9320782466d4b813042a8c34a902ac68536273bbab742a8f253d3c92a831354,2a173af95934ad49,test,5
phash:5cf9899e04a59dd3,4,4,df3d6288a1ccf21f1390,Soil_Labeled_Data/M_80_90/L_70_80/alluvial/IMG_0697_M_10_20_pale_yellow_M_30_40_gray_brown_M_50_60_dark_brown_M_70_80_wet_gray.jpg,Soil_Labeled_Data/M_80_90/L_70_80/alluvial/IMG_0697_M_10_20_pale_yellow_M_30_40_gray_brown_M_50_60_dark_brown_M_70_80_wet_gray.jpg,2f3925ed8a15aca0877080f93024492fb0872902de1b680cc517ff7ae04ac471,22132af95934ad49,test,5
phash:5cf9899e04a59dd3,4,4,f1bb7c8c012cf2524466,Soil_Labeled_Data/M_90_100/L_70_80/alluvial/IMG_0697_M_10_20_light_brown_M_40_50_gray_brown_M_50_60_clay_red_M_70_80_wet_gray.jpg,Soil_Labeled_Data/M_90_100/L_70_80/alluvial/IMG_0697_M_10_20_light_brown_M_40_50_gray_brown_M_50_60_clay_red_M_70_80_wet_gray.jpg,f5c2efd851074cebdf556488fc9a419ab5c02e75977985ca2ee401078d50de39,22152af95934ad49,test,5
phash:5d4a1cc17f3caf91,3,3,aeb9e1642e48c08c7b7f,Soil_Labeled_Data/M_0_10/L_80_90/alluvial/IMG_0343.JPG,Soil_Labeled_Data/M_0_10/L_80_90/alluvial/IMG_0343.JPG,26baff2209d711ee79521526cf67bd075d747ed52b4b0fba092c57441d0a621a,33755cca6fb36a58,validation,5
phash:5d4a1cc17f3caf91,3,3,c3cf425ff11dfd4fac1f,Soil_Labeled_Data/M_50_60/L_80_90/alluvial/M_50_60_L_80_90_0093_clay_red.jpg,Soil_Labeled_Data/M_50_60/L_80_90/alluvial/M_50_60_L_80_90_0093_clay_red.jpg,b298e2c9df616a42b54988c988a23202f4dfe004093688121320abae4022d9a6,b3751c4a6fb36a58,validation,5
phash:5d4a1cc17f3caf91,3,3,88cd8dc434cccf475d55,Soil_Labeled_Data/M_60_70/L_80_90/alluvial/M_60_70_L_80_90_0045_wet_gray.jpg,Soil_Labeled_Data/M_60_70/L_80_90/alluvial/M_60_70_L_80_90_0045_wet_gray.jpg,dc8bc9506f704cb5c87337c29a607a4866f65561b6ccee2d89557e58f95152bc,b3551c4a6eb36a58,validation,5
phash:5dc310f046e489b5,3,3,d5f90f9f1ef4eb9a31d6,Soil_Labeled_Data/M_0_10/L_70_80/alluvial/IMG_0302.JPG,Soil_Labeled_Data/M_0_10/L_70_80/alluvial/IMG_0302.JPG,8c0febe02b51d85c54560d98043761ec6933cd48799e0b474091d75a7a9b5ab2,87dac8ccec213b0d,validation,5
phash:5dc310f046e489b5,3,3,1a102628603409c1900f,Soil_Labeled_Data/M_40_50/L_70_80/alluvial/IMG_0302_M_0_10_clayish_red.jpg,Soil_Labeled_Data/M_40_50/L_70_80/alluvial/IMG_0302_M_0_10_clayish_red.jpg,dc9b0d89164351c854279451a6745fa91d69da150ef5eed73f0aaf5b692e2ac5,87d2c8cce4232b0d,validation,5
phash:5dc310f046e489b5,3,3,e5940eb4e8206361afcf,Soil_Labeled_Data/M_90_100/L_70_80/alluvial/IMG_0302_M_0_10_clayish_red_M_40_50_light_brown_M_50_60_dark_brown_M_70_80_dark_brown.jpg,Soil_Labeled_Data/M_90_100/L_70_80/alluvial/IMG_0302_M_0_10_clayish_red_M_40_50_light_brown_M_50_60_dark_brown_M_70_80_dark_brown.jpg,517cddd5b6779130234e20524d9097bc2d7aff29aa8676acd980450d77926316,87d2c8cce4232b0d,validation,5
phash:5e2022160d593777,3,3,73b076134eac5021ce87,Soil_Labeled_Data/M_30_40/L_40_50/alluvial/z5719914997148_f06792cac5c60b858589b3b3c2747c43.jpg,Soil_Labeled_Data/M_30_40/L_40_50/alluvial/z5719914997148_f06792cac5c60b858589b3b3c2747c43.jpg,a55c7d7dc4fbeb82e6ae083ea336822474a22a006615a8f6ad4d29b678c1070c,1317070503010343,train,5
phash:5e2022160d593777,3,3,9153157cb97a2e7dede6,Soil_Labeled_Data/M_40_50/L_40_50/alluvial/z5719914997148_f06792cac5c60b858589b3b3c2747c43_M_30_40_pale_yellow.jpg,Soil_Labeled_Data/M_40_50/L_40_50/alluvial/z5719914997148_f06792cac5c60b858589b3b3c2747c43_M_30_40_pale_yellow.jpg,4e9fa92e9f94913bc7e2c3a76dd1e414e3ece3e00a07259949963cd2603adb04,1317070503010343,train,5
phash:5e2022160d593777,3,3,850f3a727a2742d597c3,Soil_Labeled_Data/M_50_60/L_40_50/alluvial/z5719914997148_f06792cac5c60b858589b3b3c2747c43_M_30_40_gray_brown.jpg,Soil_Labeled_Data/M_50_60/L_40_50/alluvial/z5719914997148_f06792cac5c60b858589b3b3c2747c43_M_30_40_gray_brown.jpg,df4dc8a9f19bf0c023b12c7a44d135a8c1091b8b703d0a5cf779b4486d10d9fa,1113070503010343,train,5
phash:5e8401d92ec70f04,5,5,99966a313b6f29932285,Soil_Labeled_Data/M_10_20/L_60_70/alluvial/IMG_0681.JPG,Soil_Labeled_Data/M_10_20/L_60_70/alluvial/IMG_0681.JPG,f10b587d809b647c3a0352df0a4dcf2cb61b2a3f1d98c640f8006a5a26c359f9,e3dc6c66dbc93973,train,5
phash:5e8401d92ec70f04,5,5,9b69dae030fe31eeabe5,Soil_Labeled_Data/M_40_50/L_60_70/alluvial/IMG_0681_M_10_20_light_brown.jpg,Soil_Labeled_Data/M_40_50/L_60_70/alluvial/IMG_0681_M_10_20_light_brown.jpg,bd8809d2922d1b595cb401a67ee5cf1b1622a53abaea28e325e21e2040d66c8e,e3dc6c46dbc93973,train,5
phash:5e8401d92ec70f04,5,5,3923ec73a9a96825ac74,Soil_Labeled_Data/M_50_60/L_60_70/alluvial/IMG_0681_M_10_20_light_brown_M_30_40_light_brown.jpg,Soil_Labeled_Data/M_50_60/L_60_70/alluvial/IMG_0681_M_10_20_light_brown_M_30_40_light_brown.jpg,277b3e8259a0f0b7632b2fbd1ac6f18dcdc9c7097c9df3f4a26c52a6451d63a5,e3dc6c66dbc93973,train,5
phash:5e8401d92ec70f04,5,5,973000dafe044191f677,Soil_Labeled_Data/M_60_70/L_60_70/alluvial/IMG_0681_M_10_20_light_brown_M_40_50_dark_brown.jpg,Soil_Labeled_Data/M_60_70/L_60_70/alluvial/IMG_0681_M_10_20_light_brown_M_40_50_dark_brown.jpg,65675bf082db4e74a67e4da7e70c73128a2c0f06f66f9862e5ca62564034fa80,e3dc6c46dbc93973,train,5
phash:5e8401d92ec70f04,5,5,aa6223c9c171a51a51f7,Soil_Labeled_Data/M_70_80/L_60_70/alluvial/IMG_0681_M_10_20_light_brown_M_40_50_gray_brown_M_50_60_dark_brown_M_60_70_dark_brown.jpg,Soil_Labeled_Data/M_70_80/L_60_70/alluvial/IMG_0681_M_10_20_light_brown_M_40_50_gray_brown_M_50_60_dark_brown_M_60_70_dark_brown.jpg,8c158416c63169bf4b9f793c2c59860a2bb663e942cd3e11f971bf4109c2b7f3,e3dc6c46dbc93973,train,5
phash:5e8c45f8956cae93,6,6,9c98e939a2aadd54d83f,Soil_Labeled_Data/M_30_40/L_70_80/alluvial/IMG_0710_M_10_20_pale_yellow.jpg,Soil_Labeled_Data/M_30_40/L_70_80/alluvial/IMG_0710_M_10_20_pale_yellow.jpg,0b072d254373e996a4a1fe076332d7b5d9d97612a71a7e084857508c15feb959,d06626aa6a77666f,validation,5
phash:5e8c45f8956cae93,6,6,33f4f247ac59adb41035,Soil_Labeled_Data/M_40_50/L_70_80/alluvial/IMG_0710_M_10_20_gray_brown.jpg,Soil_Labeled_Data/M_40_50/L_70_80/alluvial/IMG_0710_M_10_20_gray_brown.jpg,27d98f2163829bf8b17616decc56501d9d6da65e9c21ddc471e3107dae26878f,d06626aa6a77e66f,validation,5
phash:5e8c45f8956cae93,6,6,9090d19f820233461e4c,Soil_Labeled_Data/M_50_60/L_70_80/alluvial/IMG_0710_M_10_20_pale_yellow_M_30_40_gray_brown.jpg,Soil_Labeled_Data/M_50_60/L_70_80/alluvial/IMG_0710_M_10_20_pale_yellow_M_30_40_gray_brown.jpg,6c54b0d1b54e329d8ae879c2585010655f84b146199df95a744b7f02ad8e2009,d06626ba6a57666f,validation,5
phash:5e8c45f8956cae93,6,6,cee40bc37d0e181704e8,Soil_Labeled_Data/M_60_70/L_70_80/alluvial/IMG_0710_M_10_20_gray_brown_M_40_50_light_brown_M_50_60_gray_brown.jpg,Soil_Labeled_Data/M_60_70/L_70_80/alluvial/IMG_0710_M_10_20_gray_brown_M_40_50_light_brown_M_50_60_gray_brown.jpg,80c905dce8822b1deb0a03aa3f896af31a6f66a440b14d0c6cc9b97540ca8bf3,b06626a26a77e66f,validation,5
phash:5e8c45f8956cae93,6,6,5370ce4f5abafeb3501d,Soil_Labeled_Data/M_70_80/L_70_80/alluvial/IMG_0710_M_10_20_pale_yellow_M_30_40_gray_brown_M_50_60_clay_red.jpg,Soil_Labeled_Data/M_70_80/L_70_80/alluvial/IMG_0710_M_10_20_pale_yellow_M_30_40_gray_brown_M_50_60_clay_red.jpg,f0cd639f983fcc3365de670e8192213e19d96b2721ecedf17fa68b8e7c2a6a27,d06626b26a576667,validation,5
phash:5e8c45f8956cae93,6,6,6ceb9901cf09914c3cab,Soil_Labeled_Data/M_80_90/L_70_80/alluvial/IMG_0710_M_10_20_pale_yellow_M_30_40_gray_brown_M_50_60_gray_brown_M_60_70_clay_red_M_70_80_clay_red.jpg,Soil_Labeled_Data/M_80_90/L_70_80/alluvial/IMG_0710_M_10_20_pale_yellow_M_30_40_gray_brown_M_50_60_gray_brown_M_60_70_clay_red_M_70_80_clay_red.jpg,52f32dec88d52dbf5528656978b1bb5c788bf5a32ce6d54d580b7a964bdfa6c1,906626a22a57666b,validation,5
phash:5f3d3bc6e2523e9c,3,3,7d07bf13e398ca458c34,Soil_Labeled_Data/M_30_40/L_20_30/alluvial/z5716144235764_fed4a8b02740ef64fdb95af4099f1336.jpg,Soil_Labeled_Data/M_30_40/L_20_30/alluvial/z5716144235764_fed4a8b02740ef64fdb95af4099f1336.jpg,a2d97d8b303fb6d80c95705475da2a61725c201a719d7370dbdfe03d714acdc9,9089291732070f37,train,5
phash:5f3d3bc6e2523e9c,3,3,5311642303bd8e7dfdeb,Soil_Labeled_Data/M_50_60/L_20_30/alluvial/z5716144235764_fed4a8b02740ef64fdb95af4099f1336_M_30_40_clayish_red_M_40_50_gray_brown.jpg,Soil_Labeled_Data/M_50_60/L_20_30/alluvial/z5716144235764_fed4a8b02740ef64fdb95af4099f1336_M_30_40_clayish_red_M_40_50_gray_brown.jpg,248a961ce5625079af4882faad7710135463fe4e5215f0c93ba447ffd2d25b45,1089281632070e27,train,5
phash:5f3d3bc6e2523e9c,3,3,1c408a42ae0bc8b9278a,Soil_Labeled_Data/M_60_70/L_20_30/alluvial/z5716144235764_fed4a8b02740ef64fdb95af4099f1336_M_30_40_clayish_red_M_40_50_dark_brown.jpg,Soil_Labeled_Data/M_60_70/L_20_30/alluvial/z5716144235764_fed4a8b02740ef64fdb95af4099f1336_M_30_40_clayish_red_M_40_50_dark_brown.jpg,ca604aca836c8bcbbc19210330e7271fa471b72d65c22041d3c5d9a08ef2e2e7,1081211332060e27,train,5
phash:60b3568e8b1cc117,3,3,1377262bbdc2a851212d,Soil_Labeled_Data/M_10_20/L_40_50/alluvial/IMG_0594.JPG,Soil_Labeled_Data/M_10_20/L_40_50/alluvial/IMG_0594.JPG,2da87e10945b85ecdb590da6adf1d3aedfbe5c5af3dbc6e38415455c31edc297,170f1057172d6d8c,train,5
phash:60b3568e8b1cc117,3,3,e64ff40c7202baf26a29,Soil_Labeled_Data/M_40_50/L_40_50/alluvial/IMG_0594_M_10_20_gray_brown.jpg,Soil_Labeled_Data/M_40_50/L_40_50/alluvial/IMG_0594_M_10_20_gray_brown.jpg,3b6932dfc4a5e048a497b58a0b08e2cd7a3da9d1fe301a2e7c337ac18a64d9fa,370f1057172d6d8c,train,5
phash:60b3568e8b1cc117,3,3,f6b347ab52c5c3135fae,Soil_Labeled_Data/M_60_70/L_40_50/alluvial/IMG_0594_M_10_20_pale_yellow_M_40_50_gray_brown_M_50_60_gray_brown.jpg,Soil_Labeled_Data/M_60_70/L_40_50/alluvial/IMG_0594_M_10_20_pale_yellow_M_40_50_gray_brown_M_50_60_gray_brown.jpg,934fade0ba917383fe4433ea0ebf256db4fce138ca007bb38b8e87d691b8ad7e,270f105717294d8c,train,5
phash:6123742d1b5e5915,2,2,7f50493d508392054a68,Soil_Labeled_Data/M_10_20/L_30_40/alluvial/IMG_0552.JPG,Soil_Labeled_Data/M_10_20/L_30_40/alluvial/IMG_0552.JPG,03cc6529c94eb4c1fc7208b85e222b2777ffdf57c2f42a78025760fcf8bea72b,0b1d4b46050f8f23,train,5
phash:6123742d1b5e5915,2,2,c9af969214de9d3dd8d4,Soil_Labeled_Data/M_50_60/L_30_40/alluvial/IMG_0552_M_10_20_light_brown_M_40_50_light_brown.jpg,Soil_Labeled_Data/M_50_60/L_30_40/alluvial/IMG_0552_M_10_20_light_brown_M_40_50_light_brown.jpg,adf9d0bfcf50dae65bc68e1053bcff31a5de371e0382ce0545d652deb0bceaeb,0b0d4346250f0f23,train,5
phash:61280229e46e4f90,4,4,65b613e4c62a65a36830,Soil_Labeled_Data/M_0_10/L_50_60/alluvial/IMG_0206.JPG,Soil_Labeled_Data/M_0_10/L_50_60/alluvial/IMG_0206.JPG,298290391bc414d6a21f427cef0ecd54221681388fa459478aea207aae370f7f,93d1d8c888cce4f0,validation,5
phash:61280229e46e4f90,4,4,9e27a8027a6c7d0f2aa7,Soil_Labeled_Data/M_40_50/L_50_60/alluvial/IMG_0206_M_0_10_clayish_red.jpg,Soil_Labeled_Data/M_40_50/L_50_60/alluvial/IMG_0206_M_0_10_clayish_red.jpg,3bf351ed1a5dea882702f2f923c85fc2a3a137354cd681bec7f0e278287f17ac,93d1d8c888cc64f0,validation,5
phash:61280229e46e4f90,4,4,c51280899055a554fd31,Soil_Labeled_Data/M_50_60/L_50_60/alluvial/IMG_0206_M_0_10_clayish_red_M_40_50_gray_brown.jpg,Soil_Labeled_Data/M_50_60/L_50_60/alluvial/IMG_0206_M_0_10_clayish_red_M_40_50_gray_brown.jpg,d7a073da6de2fe4b3ea92ead8df8cb274fdc751a6c92744b4a3d61c85ad29d35,93d1d8c888cc64f0,validation,5
phash:61280229e46e4f90,4,4,c70d55057300d72a7b24,Soil_Labeled_Data/M_90_100/L_50_60/alluvial/IMG_0206_M_0_10_clayish_red_M_40_50_gray_brown_M_50_60_dark_brown_M_60_70_clay_red_M_70_80_dark_brown.jpg,Soil_Labeled_Data/M_90_100/L_50_60/alluvial/IMG_0206_M_0_10_clayish_red_M_40_50_gray_brown_M_50_60_dark_brown_M_60_70_clay_red_M_70_80_dark_brown.jpg,4676c875c5e91e6ec50ab6854411a0d76ff02c12f9f115570bcc1eafde624c9e,93d1d84888cc64e0,validation,5
phash:626459e0714fb404,4,2,522f4dc6b54162929fdf,Soil_Labeled_Data/M_30_40/L_80_90/alluvial/z5720115653272_3de34aa127a04a50ac17b19f6c26e982.jpg,Soil_Labeled_Data/M_30_40/L_80_90/alluvial/z5720115653272_3de34aa127a04a50ac17b19f6c26e982.jpg,c7569787e74310048696c82571cedd2cb89e66b961605a3059711b281284b503,62238d9590b6bc59,test,5
phash:626459e0714fb404,4,2,d5f1ca4f6698101eadd6,Soil_Labeled_Data/M_50_60/L_80_90/alluvial/z5720115653272_3de34aa127a04a50ac17b19f6c26e982.jpg,Soil_Labeled_Data/M_50_60/L_80_90/alluvial/z5720115653272_3de34aa127a04a50ac17b19f6c26e982.jpg,c7569787e74310048696c82571cedd2cb89e66b961605a3059711b281284b503,62238d9590b6bc59,test,5
phash:626459e0714fb404,4,2,50ab139a9ff924d974a6,Soil_Labeled_Data/M_60_70/L_80_90/alluvial/M_60_70_L_80_90_0069_wet_gray.jpg,Soil_Labeled_Data/M_60_70/L_80_90/alluvial/M_60_70_L_80_90_0069_wet_gray.jpg,e847e6425e9208c389f47c077ce75c46f4c3dd6448b7bba0244c3fc1aed8c6d2,62238d9590b6bc59,test,5
phash:626459e0714fb404,4,2,26fd7b73161c46436846,Soil_Labeled_Data/M_60_70/L_80_90/alluvial/z5720115653272_3de34aa127a04a50ac17b19f6c26e982.jpg,Soil_Labeled_Data/M_60_70/L_80_90/alluvial/z5720115653272_3de34aa127a04a50ac17b19f6c26e982.jpg,c7569787e74310048696c82571cedd2cb89e66b961605a3059711b281284b503,62238d9590b6bc59,test,5
phash:62ecceb154c7ae58,2,2,5d1efdb173be912c7e1d,Soil_Labeled_Data/M_80_90/L_80_90/alluvial/z5613703297789_7699d5dd466c6a5c697c207ece420268.jpg,Soil_Labeled_Data/M_80_90/L_80_90/alluvial/z5613703297789_7699d5dd466c6a5c697c207ece420268.jpg,6cb2929b7d0dc7c72d1e764bf4476f85fe69979192476cc8dff0565d455729ab,c26464b69a972737,test,5
phash:62ecceb154c7ae58,2,2,194dcee7355d29af93af,Soil_Labeled_Data/M_90_100/L_80_90/alluvial/M_90_100_L_80_90_0043_gray_brown.jpg,Soil_Labeled_Data/M_90_100/L_80_90/alluvial/M_90_100_L_80_90_0043_gray_brown.jpg,2bc317e5fcc72fb80c3339f802487e76ec1532fe0cae0d90eddc301e3e772b11,c26464b69a972737,test,5
phash:635bbcb52451bab2,2,2,3472c61e472673294947,Soil_Labeled_Data/M_20_30/L_0_10/alluvial/z5714965546728_2f3b17032c9fa9e37c815548ac6f98ff.jpg,Soil_Labeled_Data/M_20_30/L_0_10/alluvial/z5714965546728_2f3b17032c9fa9e37c815548ac6f98ff.jpg,c89a0e461a820ee8471f970d8eb1ded8673abe0e7f7839f2e9bade8cbc50e8e4,0b2b664a0b064848,train,5
phash:635bbcb52451bab2,2,2,383883a88465589fb8d9,Soil_Labeled_Data/M_20_30/L_0_10/alluvial/z5714965553235_e37e86162ed74a56ea975a0d4a5d3d0c.jpg,Soil_Labeled_Data/M_20_30/L_0_10/alluvial/z5714965553235_e37e86162ed74a56ea975a0d4a5d3d0c.jpg,0f6a3537c0ec1722ce8dad4d79fa2959c73f9a1197025055bc8a601854ccf3dc,0b4b665b0b064848,train,5
phash:63730f83f4c00eda,3,3,2a94d3b8b352e068a293,Soil_Labeled_Data/M_0_10/L_50_60/alluvial/IMG_0199.JPG,Soil_Labeled_Data/M_0_10/L_50_60/alluvial/IMG_0199.JPG,68c682de0e5124e3c907ce413f96d8b2cecaa0cd427da817015965ab152e0c34,27d9e5b83c395634,train,5
phash:63730f83f4c00eda,3,3,3db74d9ff5ee308fbd1b,Soil_Labeled_Data/M_0_10/L_50_60/alluvial/IMG_0199_aug_00_gray_brown.jpg,Soil_Labeled_Data/M_0_10/L_50_60/alluvial/IMG_0199_aug_00_gray_brown.jpg,ceb512434242aba1679f6003af4254857621171c242bc08a075355abdebcd2c9,27d9e5783c395634,train,5
phash:63730f83f4c00eda,3,3,bda4f2c8debfd178ea4c,Soil_Labeled_Data/M_0_10/L_50_60/alluvial/IMG_0199_aug_03_gray_brown.jpg,Soil_Labeled_Data/M_0_10/L_50_60/alluvial/IMG_0199_aug_03_gray_brown.jpg,5dab6e3290e9e3e3af3deae72b5297236660bc07ec5845eba59af8bceb12dea5,27d9e5383c395634,train,5
phash:637fec9ec7b348d9,2,2,ba22cc8916135b56d29d,Soil_Labeled_Data/M_20_30/L_70_80/alluvial/z5715142129089_015c9550aeccc7dd88d56342f7ce6df6.jpg,Soil_Labeled_Data/M_20_30/L_70_80/alluvial/z5715142129089_015c9550aeccc7dd88d56342f7ce6df6.jpg,31dfebc59aefd32045fe1cc6adbe0310d852d35a5d577072cb9abd0142380f76,3d2d363f1d98d8d8,validation,5
phash:637fec9ec7b348d9,2,2,345ffb1e4fba0fc230c1,Soil_Labeled_Data/M_30_40/L_70_80/alluvial/z5715142129089_015c9550aeccc7dd88d56342f7ce6df6_M_20_30_light_brown.jpg,Soil_Labeled_Data/M_30_40/L_70_80/alluvial/z5715142129089_015c9550aeccc7dd88d56342f7ce6df6_M_20_30_light_brown.jpg,4af3a474512fed361244acf8e743ddcbc328a6a837065aa56759179128f8c037,2d2d363f1d98c8d8,validation,5
phash:63b094d6637bb8cd,2,2,47d7323ef2d8273272d9,Soil_Labeled_Data/M_20_30/L_70_80/alluvial/z5715142153919_def0b39ba7565c8f6d5509d4cdd83188.jpg,Soil_Labeled_Data/M_20_30/L_70_80/alluvial/z5715142153919_def0b39ba7565c8f6d5509d4cdd83188.jpg,b528f3e725ad7f56101d6fcc01a39f7e3b94181f4896db0d584639dc2a10240f,8f771e3c3c5c9420,train,5
phash:63b094d6637bb8cd,2,2,7745b1394258aaef6a31,Soil_Labeled_Data/M_30_40/L_70_80/alluvial/z5715142153919_def0b39ba7565c8f6d5509d4cdd83188_M_20_30_pale_yellow.jpg,Soil_Labeled_Data/M_30_40/L_70_80/alluvial/z5715142153919_def0b39ba7565c8f6d5509d4cdd83188_M_20_30_pale_yellow.jpg,2879d944ea8b37866eb01e49fda2471a4bc71de72d06fdfe0568740077d02d57,8f771e3c3c5c9420,train,5
phash:6408beb1a56a96d0,7,7,c362d6d5aed7a7cf41c4,Soil_Labeled_Data/M_30_40/L_30_40/alluvial/z5716113582590_c1f59f1cd35db605de2ac5249cd439b0.jpg,Soil_Labeled_Data/M_30_40/L_30_40/alluvial/z5716113582590_c1f59f1cd35db605de2ac5249cd439b0.jpg,04307e3e55faa988b501b33fbcfafdd7c1e9b628a45ff14b3bc37b22cf1a1355,2a1b19130521855c,validation,5
phash:6408beb1a56a96d0,7,7,6fa4c3e66d0c98acf5d5,Soil_Labeled_Data/M_40_50/L_30_40/alluvial/z5716113582590_c1f59f1cd35db605de2ac5249cd439b0_M_30_40_clayish_red.jpg,Soil_Labeled_Data/M_40_50/L_30_40/alluvial/z5716113582590_c1f59f1cd35db605de2ac5249cd439b0_M_30_40_clayish_red.jpg,8446219a7de5fce48e26d9324fa919becfe34dd11f38b419d13d427148713065,2a1b19132521855c,validation,5
phash:6408beb1a56a96d0,7,7,95faabdcaa0aaf7f487d,Soil_Labeled_Data/M_40_50/L_30_40/alluvial/z5716113582590_c1f59f1cd35db605de2ac5249cd439b0_M_30_40_light_brown.jpg,Soil_Labeled_Data/M_40_50/L_30_40/alluvial/z5716113582590_c1f59f1cd35db605de2ac5249cd439b0_M_30_40_light_brown.jpg,046ae76726c938259f546b7e285fd5d0c50ebdf9003aa63cf1799c2b707364ec,2a1b19130521855c,validation,5
phash:6408beb1a56a96d0,7,7,e44109362ab768947192,Soil_Labeled_Data/M_60_70/L_30_40/alluvial/z5716113582590_c1f59f1cd35db605de2ac5249cd439b0_M_30_40_light_brown_M_40_50_dark_brown.jpg,Soil_Labeled_Data/M_60_70/L_30_40/alluvial/z5716113582590_c1f59f1cd35db605de2ac5249cd439b0_M_30_40_light_brown_M_40_50_dark_brown.jpg,7635bc9b06db64a9bd45b6e2cf488883462cd3e3a6807ff20b0a28fbc5bddb99,0a1b19130521851c,validation,5
phash:6408beb1a56a96d0,7,7,b48ab824f18d572942da,Soil_Labeled_Data/M_70_80/L_30_40/alluvial/z5716113582590_c1f59f1cd35db605de2ac5249cd439b0_M_30_40_clayish_red_M_40_50_gray_brown_M_50_60_dark_brown.jpg,Soil_Labeled_Data/M_70_80/L_30_40/alluvial/z5716113582590_c1f59f1cd35db605de2ac5249cd439b0_M_30_40_clayish_red_M_40_50_gray_brown_M_50_60_dark_brown.jpg,bacb436a9bec70c0147f5ba7f9b9a255897942d899c4f08388b01a013a4d3e21,0a1b19130521051c,validation,5
phash:6408beb1a56a96d0,7,7,05e043762cfefecf8126,Soil_Labeled_Data/M_70_80/L_30_40/alluvial/z5716113582590_c1f59f1cd35db605de2ac5249cd439b0_M_30_40_light_brown_M_40_50_dark_brown_M_60_70_clay_red.jpg,Soil_Labeled_Data/M_70_80/L_30_40/alluvial/z5716113582590_c1f59f1cd35db605de2ac5249cd439b0_M_30_40_light_brown_M_40_50_dark_brown_M_60_70_clay_red.jpg,448d1292acebed41d8f7d1030569221925a3a6a27dea571722c745aef9a7abb4,0a1b191305218518,validation,5
phash:6408beb1a56a96d0,7,7,7e535fa1a0ff059aa68a,Soil_Labeled_Data/M_80_90/L_30_40/alluvial/z5716113582590_c1f59f1cd35db605de2ac5249cd439b0_M_30_40_light_brown_M_40_50_gray_brown_M_50_60_dark_brown_M_70_80_clay_red.jpg,Soil_Labeled_Data/M_80_90/L_30_40/alluvial/z5716113582590_c1f59f1cd35db605de2ac5249cd439b0_M_30_40_light_brown_M_40_50_gray_brown_M_50_60_dark_brown_M_70_80_clay_red.jpg,338c52be895fd6b157fdad0fd7e6acb9910133437d8927cbfc653db5a9f1a3ce,0a1b191300000518,validation,5
phash:64d2078fe8ee93e9,3,3,fc99c52504d3cbb9c20f,Soil_Labeled_Data/M_10_20/L_70_80/alluvial/IMG_0718.JPG,Soil_Labeled_Data/M_10_20/L_70_80/alluvial/IMG_0718.JPG,9c44797495d30787055e5a1418a08834ede6a54d79babec9d488731ea6221da7,0e3b358bcf1d331c,train,5
phash:64d2078fe8ee93e9,3,3,18732d2e530caf5b505a,Soil_Labeled_Data/M_40_50/L_70_80/alluvial/IMG_0718_M_10_20_light_brown.jpg,Soil_Labeled_Data/M_40_50/L_70_80/alluvial/IMG_0718_M_10_20_light_brown.jpg,dab061a45191f3554b1277587d88f131022ffd3cf2c2cd0c65e732300ad686c3,0e3b358b8f15331c,train,5
phash:64d2078fe8ee93e9,3,3,18ac91aebf621fb841c4,Soil_Labeled_Data/M_70_80/L_70_80/alluvial/IMG_0718_M_10_20_pale_yellow_M_30_40_light_brown_M_50_60_dark_brown_M_60_70_dark_brown.jpg,Soil_Labeled_Data/M_70_80/L_70_80/alluvial/IMG_0718_M_10_20_pale_yellow_M_30_40_light_brown_M_50_60_dark_brown_M_60_70_dark_brown.jpg,14cf504934be633f093750817c4dd6b3ebdd11faeddd215e904dd45df5ba9b97,0e3b258b8d05331c,train,5
phash:656225373357816c,3,3,a26b956c3e10c77965cb,Soil_Labeled_Data/M_30_40/L_0_10/alluvial/z5716042393202_8e123a1e78f84eda2b3a3bd5bfe377a3.jpg,Soil_Labeled_Data/M_30_40/L_0_10/alluvial/z5716042393202_8e123a1e78f84eda2b3a3bd5bfe377a3.jpg,2784bdf7949c7377b9c47d1277abb8595236e6907b7f8f2c38175c4de9e36bfa,160703040606c2c2,test,5
phash:656225373357816c,3,3,a8d5ad7c87f1e33bee90,Soil_Labeled_Data/M_40_50/L_0_10/alluvial/z5716042393202_8e123a1e78f84eda2b3a3bd5bfe377a3_M_30_40_gray_brown.jpg,Soil_Labeled_Data/M_40_50/L_0_10/alluvial/z5716042393202_8e123a1e78f84eda2b3a3bd5bfe377a3_M_30_40_gray_brown.jpg,5bf405c1145dd84fb518c14fd394ca5a6fd0591fb73601a02ac6c3cf939ccca3,024703040605c2c2,test,5
phash:656225373357816c,3,3,b83b7af2c9c327a36383,Soil_Labeled_Data/M_50_60/L_0_10/alluvial/z5716042393202_8e123a1e78f84eda2b3a3bd5bfe377a3_M_30_40_gray_brown_M_40_50_light_brown.jpg,Soil_Labeled_Data/M_50_60/L_0_10/alluvial/z5716042393202_8e123a1e78f84eda2b3a3bd5bfe377a3_M_30_40_gray_brown_M_40_50_light_brown.jpg,0cadbed9ff81f91f20b1e0bff2e0dad9be1997c514bcaca22264d89490a064e1,020301040606c2c2,test,5
phash:65ef1449a8b55a83,2,2,74c09a9e37e907f3ac7b,Soil_Labeled_Data/M_0_10/L_20_30/alluvial/IMG_0051.JPG,Soil_Labeled_Data/M_0_10/L_20_30/alluvial/IMG_0051.JPG,f627b7e4159c7177a14ce4ea224cd51ce5bffee0249b90b525416088bd2a5798,198797070f47e7d8,train,5
phash:65ef1449a8b55a83,2,2,1d8e45d2f0bbefe8b799,Soil_Labeled_Data/M_50_60/L_20_30/alluvial/IMG_0051_M_0_10_light_brown_M_40_50_light_brown.jpg,Soil_Labeled_Data/M_50_60/L_20_30/alluvial/IMG_0051_M_0_10_light_brown_M_40_50_light_brown.jpg,6afcae57eb1585fd2ba284a877670817f5df03db92c2ad200c243b9879be3967,198797070f47e7d8,train,5
phash:67839c1fdfd7f665,5,5,8a2fecb31844bc8fbda3,Soil_Labeled_Data/M_30_40/L_40_50/alluvial/z5719915162784_a4f69c622478efdc49a59a408dfe4b55.jpg,Soil_Labeled_Data/M_30_40/L_40_50/alluvial/z5719915162784_a4f69c622478efdc49a59a408dfe4b55.jpg,8d8cd26beac394f05a362ca97aa8f1f0b099799f0f0c28ee2ac2763c3c46af01,2f07551b3c7e0b12,test,5
phash:67839c1fdfd7f665,5,5,9e32ee4523fed381bd90,Soil_Labeled_Data/M_40_50/L_40_50/alluvial/z5719915162784_a4f69c622478efdc49a59a408dfe4b55_M_30_40_clayish_red.jpg,Soil_Labeled_Data/M_40_50/L_40_50/alluvial/z5719915162784_a4f69c622478efdc49a59a408dfe4b55_M_30_40_clayish_red.jpg,025a3ff9defa5ac2523a03956d93429ae2e8d66a76eca334fa3cc6ce6a642775,2f07551b3c7e0b12,test,5
phash:67839c1fdfd7f665,5,5,55bbb8a9a1e2d1ed6235,Soil_Labeled_Data/M_40_50/L_40_50/alluvial/z5719915162784_a4f69c622478efdc49a59a408dfe4b55_M_30_40_gray_brown.jpg,Soil_Labeled_Data/M_40_50/L_40_50/alluvial/z5719915162784_a4f69c622478efdc49a59a408dfe4b55_M_30_40_gray_brown.jpg,33e6af48803d19fbde21cce2fce969cf8bb3438082528c829a68ccd697a45daa,2f07551b3c3e0b13,test,5
phash:67839c1fdfd7f665,5,5,33166cb9428c8c820b60,Soil_Labeled_Data/M_50_60/L_40_50/alluvial/z5719915162784_a4f69c622478efdc49a59a408dfe4b55_M_30_40_light_brown.jpg,Soil_Labeled_Data/M_50_60/L_40_50/alluvial/z5719915162784_a4f69c622478efdc49a59a408dfe4b55_M_30_40_light_brown.jpg,06872fdc7be40731e4e53c1e0e5dbe16eab7a141fa540caaf4737e11e4c5c57e,2f07551b1c7e0b12,test,5
phash:67839c1fdfd7f665,5,5,14acabb89c5d7ea8ab9d,Soil_Labeled_Data/M_70_80/L_40_50/alluvial/z5719915162784_a4f69c622478efdc49a59a408dfe4b55_M_30_40_gray_brown_M_40_50_gray_brown_M_50_60_clay_red.jpg,Soil_Labeled_Data/M_70_80/L_40_50/alluvial/z5719915162784_a4f69c622478efdc49a59a408dfe4b55_M_30_40_gray_brown_M_40_50_gray_brown_M_50_60_clay_red.jpg,b163a73bdd3df06ae37eaea0269a4fb88a19d3edd16ad6dcd29dfe2e67871d6a,2e07451b1c3e0b1b,test,5
phash:67cc1dc54d47f36e,4,4,8c1e2bf8d95e2fa6d97c,Soil_Labeled_Data/M_30_40/L_30_40/alluvial/z5716113532944_e24b5c26485417eddb8588efca3eea1f.jpg,Soil_Labeled_Data/M_30_40/L_30_40/alluvial/z5716113532944_e24b5c26485417eddb8588efca3eea1f.jpg,0caf96d71f29a8f9b04bde74396028c1f479f64c3888a6751bbd1473ea670ca9,9293c18b32e6c58d,train,5
phash:67cc1dc54d47f36e,4,4,d4fdb0d214723616f6c4,Soil_Labeled_Data/M_50_60/L_30_40/alluvial/z5716113532944_e24b5c26485417eddb8588efca3eea1f_M_30_40_light_brown.jpg,Soil_Labeled_Data/M_50_60/L_30_40/alluvial/z5716113532944_e24b5c26485417eddb8588efca3eea1f_M_30_40_light_brown.jpg,a90287d6b3398eb6fe66724e0482c71c00cdefc3f827790415938c40c8113e71,9293c18a32e6c58d,train,5
phash:67cc1dc54d47f36e,4,4,a6cf7ec7797d29491d04,Soil_Labeled_Data/M_60_70/L_30_40/alluvial/z5716113532944_e24b5c26485417eddb8588efca3eea1f_M_30_40_light_brown_M_40_50_gray_brown.jpg,Soil_Labeled_Data/M_60_70/L_30_40/alluvial/z5716113532944_e24b5c26485417eddb8588efca3eea1f_M_30_40_light_brown_M_40_50_gray_brown.jpg,eba62972b2018b0307f069ba9f207565f1576fc6b7703e994326eeca7d47b440,1293c18b12e2c58d,train,5
phash:67cc1dc54d47f36e,4,4,58741571eb4953809377,Soil_Labeled_Data/M_80_90/L_30_40/alluvial/z5716113532944_e24b5c26485417eddb8588efca3eea1f_M_30_40_light_brown_M_40_50_gray_brown_M_60_70_dark_brown_M_70_80_clay_red.jpg,Soil_Labeled_Data/M_80_90/L_30_40/alluvial/z5716113532944_e24b5c26485417eddb8588efca3eea1f_M_30_40_light_brown_M_40_50_gray_brown_M_60_70_dark_brown_M_70_80_clay_red.jpg,83547d17832d124ba600d7507270a2e1e91f5379a1bb7a9e73bd8dbae593fc7e,0293c00112e2c58d,train,5
phash:68c0216d4e775305,4,4,a62890d4b286bed18cf4,Soil_Labeled_Data/M_10_20/L_20_30/alluvial/IMG_0504.JPG,Soil_Labeled_Data/M_10_20/L_20_30/alluvial/IMG_0504.JPG,e4e85902664fcfe4631c3eb9ae33e6e4dff3818dfe3eb86935929d0835b26849,4f1b1bebc7132628,train,5
phash:68c0216d4e775305,4,4,304651d28e906419d426,Soil_Labeled_Data/M_40_50/L_20_30/alluvial/IMG_0504_M_10_20_pale_yellow.jpg,Soil_Labeled_Data/M_40_50/L_20_30/alluvial/IMG_0504_M_10_20_pale_yellow.jpg,8c32c34f25bb1e93abfc0586998c22bc8e6b1d48fe81fb9df3502942fea748ba,4f1b1b6bc7132628,train,5
phash:68c0216d4e775305,4,4,8e9fdc4415216af69e9b,Soil_Labeled_Data/M_70_80/L_20_30/alluvial/IMG_0504_M_10_20_light_brown_M_40_50_gray_brown_M_50_60_clay_red.jpg,Soil_Labeled_Data/M_70_80/L_20_30/alluvial/IMG_0504_M_10_20_light_brown_M_40_50_gray_brown_M_50_60_clay_red.jpg,9894631894ebcac1f62124afa96fcd3a943fcdd138adb7c4521d41490e2d459d,4f1b196bc7122628,train,5
phash:68c0216d4e775305,4,4,a7df4a4c69863e1e3283,Soil_Labeled_Data/M_80_90/L_20_30/alluvial/IMG_0504_M_10_20_pale_yellow_M_40_50_gray_brown_M_50_60_clay_red_M_70_80_clay_red.jpg,Soil_Labeled_Data/M_80_90/L_20_30/alluvial/IMG_0504_M_10_20_pale_yellow_M_40_50_gray_brown_M_50_60_clay_red_M_70_80_clay_red.jpg,3d9c0283c3bb7a8977878d4fc904e1659af1fce640854869ec89ba4c65316407,4f1b194bc7130228,train,5
phash:69821793987007d8,2,2,00de741fe78ba9b741e8,Soil_Labeled_Data/M_0_10/L_90_100/alluvial/IMG_0374.JPG,Soil_Labeled_Data/M_0_10/L_90_100/alluvial/IMG_0374.JPG,2eb93b9023ca5c3f5ceb5c6d8df16a2eadaeb197f4563d64046c446a463fbc78,050b86f2a2e447e7,train,5
phash:69821793987007d8,2,2,a3b50c781f733e9f023f,Soil_Labeled_Data/M_0_10/L_90_100/alluvial/IMG_0374_aug_02_gray_brown.jpg,Soil_Labeled_Data/M_0_10/L_90_100/alluvial/IMG_0374_aug_02_gray_brown.jpg,064a8a7d338ca36e07cae085fe791e133e8762ca3ea1a3d2973fcb7000bc5fbc,050b86f2a2c447e7,train,5
phash:6a494aa4d5d4d5b1,5,3,1dbecdb9be1709b0282a,Soil_Labeled_Data/M_0_10/L_30_40/alluvial/IMG_0096.JPG,Soil_Labeled_Data/M_0_10/L_30_40/alluvial/IMG_0096.JPG,55f747c71cf8d43b96b8f3014da9b1f6dca9a9c5be1fbac3617b12384bcd8350,4a060965577342ca,train,5
phash:6a494aa4d5d4d5b1,5,3,6a47b118da32c219ada5,Soil_Labeled_Data/M_0_10/L_30_40/alluvial/IMG_0097.JPG,Soil_Labeled_Data/M_0_10/L_30_40/alluvial/IMG_0097.JPG,55f747c71cf8d43b96b8f3014da9b1f6dca9a9c5be1fbac3617b12384bcd8350,4a060965577342ca,train,5
phash:6a494aa4d5d4d5b1,5,3,cb1d7459f8b6effeffb0,Soil_Labeled_Data/M_0_10/L_30_40/alluvial/IMG_0115.JPG,Soil_Labeled_Data/M_0_10/L_30_40/alluvial/IMG_0115.JPG,55f747c71cf8d43b96b8f3014da9b1f6dca9a9c5be1fbac3617b12384bcd8350,4a060965577342ca,train,5
phash:6a494aa4d5d4d5b1,5,3,7d143b4818b4c807459f,Soil_Labeled_Data/M_80_90/L_30_40/alluvial/IMG_0096_M_0_10_light_brown_M_40_50_light_brown_M_50_60_dark_brown_M_60_70_wet_gray.jpg,Soil_Labeled_Data/M_80_90/L_30_40/alluvial/IMG_0096_M_0_10_light_brown_M_40_50_light_brown_M_50_60_dark_brown_M_60_70_wet_gray.jpg,db8f7b6ddab051e02a0a3403879800ebd1ad2365f2ded2cc4024b5c5aa591889,4a060965576342ca,train,5
phash:6a494aa4d5d4d5b1,5,3,21e380aa7982c3965c6a,Soil_Labeled_Data/M_80_90/L_30_40/alluvial/IMG_0097_M_0_10_gray_brown_M_40_50_gray_brown_M_50_60_dark_brown_M_60_70_clay_red.jpg,Soil_Labeled_Data/M_80_90/L_30_40/alluvial/IMG_0097_M_0_10_gray_brown_M_40_50_gray_brown_M_50_60_dark_brown_M_60_70_clay_red.jpg,e704382d649372fbf0ca7e1f571de00cb35565fc32fc58862bb1325f48b89464,4a060b65577342ca,train,5
phash:6aecdab8869df9a0,2,2,f055596ea04eca1236a0,Soil_Labeled_Data/M_10_20/L_80_90/alluvial/IMG_0748.JPG,Soil_Labeled_Data/M_10_20/L_80_90/alluvial/IMG_0748.JPG,f8bc7720cda15662bb1ba4e3ac2daf09f4420ee1def6d62bacd58aff97d24c8b,263c1f1f3f1d3de4,validation,5
phash:6aecdab8869df9a0,2,2,178363c736407303516c,Soil_Labeled_Data/M_40_50/L_80_90/alluvial/IMG_0748_M_10_20_clayish_red.jpg,Soil_Labeled_Data/M_40_50/L_80_90/alluvial/IMG_0748_M_10_20_clayish_red.jpg,15207b491f3d687132de978a1ece0aa8cacc5d561dc6cbdc5678f8e49f58a606,263c1f1f3f1d2de4,validation,5
phash:6d91a5dc81ed33b1,2,2,75da3ae8d5cd5abcd487,Soil_Labeled_Data/M_80_90/L_20_30/alluvial/z5716144366625_bc3324d4901d90171755a8afaa56411d_M_30_40_pale_yellow_M_40_50_gray_brown_M_50_60_gray_brown_M_60_70_clay_red.jpg,Soil_Labeled_Data/M_80_90/L_20_30/alluvial/z5716144366625_bc3324d4901d90171755a8afaa56411d_M_30_40_pale_yellow_M_40_50_gray_brown_M_50_60_gray_brown_M_60_70_clay_red.jpg,6829a5b712a1672909163e3b4bc68da0e61bbd024ff11ba71e78fadac7da7571,0e52180041060428,train,5
phash:6d91a5dc81ed33b1,2,2,22bac7bed48aaa768808,Soil_Labeled_Data/M_90_100/L_20_30/alluvial/z5716144366625_bc3324d4901d90171755a8afaa56411d_M_30_40_pale_yellow_M_40_50_gray_brown_M_50_60_gray_brown_M_60_70_clay_red_M_80_90_dark_brown.jpg,Soil_Labeled_Data/M_90_100/L_20_30/alluvial/z5716144366625_bc3324d4901d90171755a8afaa56411d_M_30_40_pale_yellow_M_40_50_gray_brown_M_50_60_gray_brown_M_60_70_clay_red_M_80_90_dark_brown.jpg,66b98e7c1da605444bb8b4dc37407d8655e9bdcaa99ce5379e58857122e688b6,0452080041020408,train,5
phash:70066ce13207a235,5,2,d56db68a0329645c2eef,Soil_Labeled_Data/M_30_40/L_80_90/alluvial/z5720115611278_2165bd5b2e5ac713d97400eabcc65d99.jpg,Soil_Labeled_Data/M_30_40/L_80_90/alluvial/z5720115611278_2165bd5b2e5ac713d97400eabcc65d99.jpg,26bb3fee4d57dc0f3c2e373eaccb19a1a4f4b8da2c84829c5918e6d3a9e603b3,1e1668fa8692e1c9,train,5
phash:70066ce13207a235,5,2,b38013506227b42bf16f,Soil_Labeled_Data/M_40_50/L_80_90/alluvial/z5720115611278_2165bd5b2e5ac713d97400eabcc65d99.jpg,Soil_Labeled_Data/M_40_50/L_80_90/alluvial/z5720115611278_2165bd5b2e5ac713d97400eabcc65d99.jpg,26bb3fee4d57dc0f3c2e373eaccb19a1a4f4b8da2c84829c5918e6d3a9e603b3,1e1668fa8692e1c9,train,5
phash:70066ce13207a235,5,2,527f07c8f16d4b528da0,Soil_Labeled_Data/M_50_60/L_80_90/alluvial/M_50_60_L_80_90_0000_wet_gray.jpg,Soil_Labeled_Data/M_50_60/L_80_90/alluvial/M_50_60_L_80_90_0000_wet_gray.jpg,f62651ac0138863df904bf3393b7764eef4037ead287acff0d2264f74ceb82cf,1e1668ba8692e1c9,train,5
phash:70066ce13207a235,5,2,34916b894a9ad9a1c5a4,Soil_Labeled_Data/M_50_60/L_80_90/alluvial/z5720115611278_2165bd5b2e5ac713d97400eabcc65d99.jpg,Soil_Labeled_Data/M_50_60/L_80_90/alluvial/z5720115611278_2165bd5b2e5ac713d97400eabcc65d99.jpg,26bb3fee4d57dc0f3c2e373eaccb19a1a4f4b8da2c84829c5918e6d3a9e603b3,1e1668fa8692e1c9,train,5
phash:70066ce13207a235,5,2,a3dd1a14b20acc9ba88e,Soil_Labeled_Data/M_60_70/L_80_90/alluvial/z5720115611278_2165bd5b2e5ac713d97400eabcc65d99.jpg,Soil_Labeled_Data/M_60_70/L_80_90/alluvial/z5720115611278_2165bd5b2e5ac713d97400eabcc65d99.jpg,26bb3fee4d57dc0f3c2e373eaccb19a1a4f4b8da2c84829c5918e6d3a9e603b3,1e1668fa8692e1c9,train,5
phash:716b93cb3852bf57,5,5,e8f565809323b5251265,Soil_Labeled_Data/M_30_40/L_40_50/alluvial/z5719914924505_76c1acb4c3a03965a67149c70566e117.jpg,Soil_Labeled_Data/M_30_40/L_40_50/alluvial/z5719914924505_76c1acb4c3a03965a67149c70566e117.jpg,bc15e46b04466a74e9c8086ef3e5c09df26edd84c9da3943a970438c6ac88b18,07165b0726064926,train,5
phash:716b93cb3852bf57,5,5,fdfca8622ff216f5b455,Soil_Labeled_Data/M_70_80/L_40_50/alluvial/z5719914924505_76c1acb4c3a03965a67149c70566e117_M_30_40_light_brown_M_50_60_dark_brown_M_60_70_dark_brown.jpg,Soil_Labeled_Data/M_70_80/L_40_50/alluvial/z5719914924505_76c1acb4c3a03965a67149c70566e117_M_30_40_light_brown_M_50_60_dark_brown_M_60_70_dark_brown.jpg,17c87ab7c2cf833aecf2a8cf2903501fec0bfc645d6d4e18340e1248dee2b117,0706520224060822,train,5
phash:716b93cb3852bf57,5,5,afd2b6e8e887bc799f6f,Soil_Labeled_Data/M_80_90/L_40_50/alluvial/z5719914924505_76c1acb4c3a03965a67149c70566e117_M_30_40_clayish_red_M_40_50_gray_brown_M_60_70_clay_red.jpg,Soil_Labeled_Data/M_80_90/L_40_50/alluvial/z5719914924505_76c1acb4c3a03965a67149c70566e117_M_30_40_clayish_red_M_40_50_gray_brown_M_60_70_clay_red.jpg,dbb5e0d6c514a2f6c4baca78d583ae7cb085a44fee5223b1f125fc7ce6a3300f,0706520726060922,train,5
phash:716b93cb3852bf57,5,5,4d43984caa6591e817db,Soil_Labeled_Data/M_80_90/L_40_50/alluvial/z5719914924505_76c1acb4c3a03965a67149c70566e117_M_30_40_light_brown_M_50_60_dark_brown_M_60_70_clay_red.jpg,Soil_Labeled_Data/M_80_90/L_40_50/alluvial/z5719914924505_76c1acb4c3a03965a67149c70566e117_M_30_40_light_brown_M_50_60_dark_brown_M_60_70_clay_red.jpg,ad3c28b9d8d80d8ba988b844f22e71b483e37a85bc018e3d2c65efd9e1a12bac,0316520324060802,train,5
phash:716b93cb3852bf57,5,5,2b06cd91c63676b91be0,Soil_Labeled_Data/M_90_100/L_40_50/alluvial/z5719914924505_76c1acb4c3a03965a67149c70566e117_M_30_40_clayish_red_M_40_50_gray_brown_M_60_70_clay_red_M_70_80_wet_gray.jpg,Soil_Labeled_Data/M_90_100/L_40_50/alluvial/z5719914924505_76c1acb4c3a03965a67149c70566e117_M_30_40_clayish_red_M_40_50_gray_brown_M_60_70_clay_red_M_70_80_wet_gray.jpg,3419e52a9e1c8990b63e921529d8e467b3c9d227e4fd280b5224c7b849af79b8,07064a0224060000,train,5
phash:71ad861852ba3e1c,2,2,7f5c66514109cee3aefc,Soil_Labeled_Data/M_80_90/L_80_90/alluvial/z5613702246518_ab3113f49f25ded520dcb04a67253ccb.jpg,Soil_Labeled_Data/M_80_90/L_80_90/alluvial/z5613702246518_ab3113f49f25ded520dcb04a67253ccb.jpg,8984297f295b214cab63e6d9f8939a699f6c8c9e5257941c968bfbbd7be17a9f,634996a626a72b66,train,5
phash:71ad861852ba3e1c,2,2,779e0d6e83021dbf9ec7,Soil_Labeled_Data/M_90_100/L_80_90/alluvial/M_90_100_L_80_90_0071_wet_gray.jpg,Soil_Labeled_Data/M_90_100/L_80_90/alluvial/M_90_100_L_80_90_0071_wet_gray.jpg,dc924a1d05e14da994804b4ed7ae0a0455ad4fede74a640a8657e42540819ca0,634896a626a72b66,train,5
phash:72ba288fa0329d1a,4,4,fe829d98e774a14c3dde,Soil_Labeled_Data/M_30_40/L_10_20/alluvial/z5716081662580_90fe70bd39227686c8ca01467428faf4.jpg,Soil_Labeled_Data/M_30_40/L_10_20/alluvial/z5716081662580_90fe70bd39227686c8ca01467428faf4.jpg,d1fbd491430e30deac2342f9b19aee42b85853f680ec0dec701cfd8a7f818506,2642650517150d09,train,5
phash:72ba288fa0329d1a,4,4,3734d24e3237a4981b29,Soil_Labeled_Data/M_50_60/L_10_20/alluvial/z5716081662580_90fe70bd39227686c8ca01467428faf4_M_30_40_gray_brown.jpg,Soil_Labeled_Data/M_50_60/L_10_20/alluvial/z5716081662580_90fe70bd39227686c8ca01467428faf4_M_30_40_gray_brown.jpg,a5ae4b53e02455e543c75d649ea7256d59cb6ad371deae2154f7611c3aa42762,2642451517050d09,train,5
phash:72ba288fa0329d1a,4,4,a9020ebea295ea5c853a,Soil_Labeled_Data/M_60_70/L_10_20/alluvial/z5716081662580_90fe70bd39227686c8ca01467428faf4_M_30_40_clayish_red_M_40_50_dark_brown.jpg,Soil_Labeled_Data/M_60_70/L_10_20/alluvial/z5716081662580_90fe70bd39227686c8ca01467428faf4_M_30_40_clayish_red_M_40_50_dark_brown.jpg,66c783d896404a8e0c45395af7fd6b7391ee9bdce281c7bf1a685c28ce67b049,2642240513110509,train,5
phash:72ba288fa0329d1a,4,4,3191d823a9bb634df068,Soil_Labeled_Data/M_70_80/L_10_20/alluvial/z5716081662580_90fe70bd39227686c8ca01467428faf4_M_30_40_gray_brown_M_50_60_dark_brown.jpg,Soil_Labeled_Data/M_70_80/L_10_20/alluvial/z5716081662580_90fe70bd39227686c8ca01467428faf4_M_30_40_gray_brown_M_50_60_dark_brown.jpg,e9c5359faa3927106f76b215074c0ba424a21bb2dd196be4928f3fa1bfedf13b,2602240516100509,train,5
phash:72f2bba7253dc548,7,7,689be46838c2c99b6803,Soil_Labeled_Data/M_0_10/L_60_70/alluvial/IMG_0242.JPG,Soil_Labeled_Data/M_0_10/L_60_70/alluvial/IMG_0242.JPG,2dc53f1762eb2610b03f4ef5a088ad6bc980928c51d4525e16e7375a526951d3,1c0c261e1f3e2c1d,train,5
phash:72f2bba7253dc548,7,7,5c027d68e2dba16a1102,Soil_Labeled_Data/M_40_50/L_60_70/alluvial/IMG_0242_M_0_10_clayish_red.jpg,Soil_Labeled_Data/M_40_50/L_60_70/alluvial/IMG_0242_M_0_10_clayish_red.jpg,e96d1e8468851270246125a877f68d19a52c31ee53410f8e9c349d8c71f732d9,184c061e1b3e2c1d,train,5
phash:72f2bba7253dc548,7,7,dbf77a1396e93f0eecf8,Soil_Labeled_Data/M_40_50/L_60_70/alluvial/IMG_0242_M_0_10_light_brown.jpg,Soil_Labeled_Data/M_40_50/L_60_70/alluvial/IMG_0242_M_0_10_light_brown.jpg,bb48268ca67247e9d9246f6622fff5d69a63091956972542541f6ca1e0747fff,184c061e1b3e2c1d,train,5
phash:72f2bba7253dc548,7,7,e8edf65403149ca31377,Soil_Labeled_Data/M_50_60/L_60_70/alluvial/IMG_0242_M_0_10_light_brown_M_40_50_light_brown.jpg,Soil_Labeled_Data/M_50_60/L_60_70/alluvial/IMG_0242_M_0_10_light_brown_M_40_50_light_brown.jpg,6e8a0466a7455b39897eb2ab915854083d8b518d7de0e1535ee44b1fc6b1cd32,184c061e1b3e2c1d,train,5
phash:72f2bba7253dc548,7,7,4e95e651edcbbe2212c7,Soil_Labeled_Data/M_60_70/L_60_70/alluvial/IMG_0242_M_0_10_light_brown_M_40_50_gray_brown.jpg,Soil_Labeled_Data/M_60_70/L_60_70/alluvial/IMG_0242_M_0_10_light_brown_M_40_50_gray_brown.jpg,f03f92a408ae5d701096e2bbcbf00269433ab96f2b04dffd7a75b8be79b58b29,184c061e1b3e2c1d,train,5
phash:72f2bba7253dc548,7,7,461456e0c8378f67eee7,Soil_Labeled_Data/M_80_90/L_60_70/alluvial/IMG_0242_M_0_10_clayish_red_M_40_50_light_brown_M_50_60_gray_brown_M_60_70_clay_red.jpg,Soil_Labeled_Data/M_80_90/L_60_70/alluvial/IMG_0242_M_0_10_clayish_red_M_40_50_light_brown_M_50_60_gray_brown_M_60_70_clay_red.jpg,712ef2d1c1639f4e6a3ed88f42eac59da5438b6a662f8bb3c12dd1d2d395db85,1808061e1b3e0c1d,train,5
phash:72f2bba7253dc548,7,7,bb65c4662712d2da57eb,Soil_Labeled_Data/M_90_100/L_60_70/alluvial/IMG_0242_M_0_10_light_brown_M_40_50_light_brown_M_50_60_dark_brown_M_60_70_dark_brown_M_70_80_dark_brown.jpg,Soil_Labeled_Data/M_90_100/L_60_70/alluvial/IMG_0242_M_0_10_light_brown_M_40_50_light_brown_M_50_60_dark_brown_M_60_70_dark_brown_M_70_80_dark_brown.jpg,d92e4421c637fc2d94b5217c6fdd1414b920f2c73dba137baa99f327c95bc2c6,0848060e193e2c1d,train,5
phash:738961f08c6ad95f,4,4,243464243ebda3bd52cd,Soil_Labeled_Data/M_10_20/L_30_40/alluvial/IMG_0543.JPG,Soil_Labeled_Data/M_10_20/L_30_40/alluvial/IMG_0543.JPG,caff03ada9d3685ba0f66ad2ad690e86be299ad69b09d395d03510fcdb2e073a,069fcf862d374e2f,train,5
phash:738961f08c6ad95f,4,4,7660f71c1326adf83280,Soil_Labeled_Data/M_40_50/L_30_40/alluvial/IMG_0543_M_10_20_gray_brown.jpg,Soil_Labeled_Data/M_40_50/L_30_40/alluvial/IMG_0543_M_10_20_gray_brown.jpg,2ab4e3dab6ec607730c00e194c4a1d3b01ac49bcc1edef87a361029ed2060137,069fce862d374e0f,train,5
phash:738961f08c6ad95f,4,4,cc586f3a41a026af0abd,Soil_Labeled_Data/M_50_60/L_30_40/alluvial/IMG_0543_M_10_20_light_brown_M_40_50_gray_brown.jpg,Soil_Labeled_Data/M_50_60/L_30_40/alluvial/IMG_0543_M_10_20_light_brown_M_40_50_gray_brown.jpg,97986e96e3960b4b56c9f186ee0a1167715587b5106048ac5eb6366670841d8d,069fcf862d364e27,train,5
phash:738961f08c6ad95f,4,4,51d34d642548971e995a,Soil_Labeled_Data/M_80_90/L_30_40/alluvial/IMG_0543_M_10_20_light_brown_M_40_50_gray_brown_M_50_60_clay_red_M_70_80_clay_red.jpg,Soil_Labeled_Data/M_80_90/L_30_40/alluvial/IMG_0543_M_10_20_light_brown_M_40_50_gray_brown_M_50_60_clay_red_M_70_80_clay_red.jpg,4eb1e978338c78d246ca9c2067bbd69166da8d36f12f6b53a5f17ad474cb8e7b,068fce062d164e07,train,5
phash:741cc9e223afea36,2,2,111c83e5f129d3f79fb5,Soil_Labeled_Data/M_30_40/L_40_50/alluvial/z5719914716950_f7b208b227aab4fbbe62eaf666ebb235.jpg,Soil_Labeled_Data/M_30_40/L_40_50/alluvial/z5719914716950_f7b208b227aab4fbbe62eaf666ebb235.jpg,86674998d6a51679981c11fc7a383a4027080bb76909989f7e7237fd452abc07,212b610276c48f09,train,5
phash:741cc9e223afea36,2,2,d4a27d967b3f7bb3da8b,Soil_Labeled_Data/M_50_60/L_40_50/alluvial/z5719914716950_f7b208b227aab4fbbe62eaf666ebb235_M_30_40_pale_yellow_M_40_50_light_brown.jpg,Soil_Labeled_Data/M_50_60/L_40_50/alluvial/z5719914716950_f7b208b227aab4fbbe62eaf666ebb235_M_30_40_pale_yellow_M_40_50_light_brown.jpg,d0021ee938df231a10292c11401b1614d1f7f61564cc9d198bacbea129d0500e,212b610272c48f09,train,5
phash:7529af5f13d5be22,2,2,bfb3fbc9015f5b9b20f7,Soil_Labeled_Data/M_0_10/L_10_20/alluvial/IMG_0016.JPG,Soil_Labeled_Data/M_0_10/L_10_20/alluvial/IMG_0016.JPG,87085e8fb44485b8dd2563088a709c1622a4424b6b177297c8f79a6a927b2c0a,0a1b1237521b0125,train,5
phash:7529af5f13d5be22,2,2,bbec3f087500b9f4a812,Soil_Labeled_Data/M_40_50/L_10_20/alluvial/IMG_0016_M_0_10_gray_brown.jpg,Soil_Labeled_Data/M_40_50/L_10_20/alluvial/IMG_0016_M_0_10_gray_brown.jpg,d70c4c91279311dfa2d1079962c367536f180993a65398b5695ecdd16cc65a1c,8a1b1237521b0125,train,5
phash:766fecf2e5383231,3,3,bb4582d98d1d744c5429,Soil_Labeled_Data/M_0_10/L_60_70/alluvial/IMG_0249.JPG,Soil_Labeled_Data/M_0_10/L_60_70/alluvial/IMG_0249.JPG,5a7d8a0d3eb6d7157822769c10a53606d91e30b449e0ee02c74ee5477a1ea528,3c3a74393d35191b,train,5
phash:766fecf2e5383231,3,3,c48f07b265591074a5e3,Soil_Labeled_Data/M_50_60/L_60_70/alluvial/IMG_0249_M_0_10_pale_yellow_M_40_50_light_brown.jpg,Soil_Labeled_Data/M_50_60/L_60_70/alluvial/IMG_0249_M_0_10_pale_yellow_M_40_50_light_brown.jpg,bacf7e01011376d68f24e1900bf7dd3b24cf684fc61a06c1f0b858dd87980b0f,1c7a74393d75591b,train,5
phash:766fecf2e5383231,3,3,18d4ff8e7b0d95a484b1,Soil_Labeled_Data/M_70_80/L_60_70/alluvial/IMG_0249_M_0_10_pale_yellow_M_40_50_light_brown_M_50_60_clay_red.jpg,Soil_Labeled_Data/M_70_80/L_60_70/alluvial/IMG_0249_M_0_10_pale_yellow_M_40_50_light_brown_M_50_60_clay_red.jpg,1a4dc8a2206b50b6fa54ea042dbabce3573865f1482fff0f0b08f5b859676b2b,1c7a74193d75591b,train,5
phash:76cc89c5934a6235,3,3,33bbc440543b635fc0a9,Soil_Labeled_Data/M_80_90/L_80_90/alluvial/z5613703452772_492385cf235886abfc19c81ea79dd383.jpg,Soil_Labeled_Data/M_80_90/L_80_90/alluvial/z5613703452772_492385cf235886abfc19c81ea79dd383.jpg,4e95bfc76533072c07fa9ebdf48293e5b15d526c48822b00915f87d3b4410c65,6cd4d7d3cbcbc5cd,validation,5
phash:76cc89c5934a6235,3,3,75063ace0d9e4fa7ca32,Soil_Labeled_Data/M_90_100/L_80_90/alluvial/M_90_100_L_80_90_0006_light_brown.jpg,Soil_Labeled_Data/M_90_100/L_80_90/alluvial/M_90_100_L_80_90_0006_light_brown.jpg,f926b82149ea300ae280ffe0ce2000677c166e5fd7076ca1002d022e071d8596,6cd4d7d3cbcbc54d,validation,5
phash:76cc89c5934a6235,3,3,ba35a85ab6fd7d8f102d,Soil_Labeled_Data/M_90_100/L_80_90/alluvial/M_90_100_L_80_90_0047_clay_red.jpg,Soil_Labeled_Data/M_90_100/L_80_90/alluvial/M_90_100_L_80_90_0047_clay_red.jpg,3f2233cdc3c38512b13383f932b64f10df860c2b17e1b997054a71e230e28a04,6cd4d7d3cbcbc5cd,validation,5
phash:76e985df32d5e5e3,3,3,c25570d12a0040e9c0b0,Soil_Labeled_Data/M_0_10/L_10_20/alluvial/IMG_0025.JPG,Soil_Labeled_Data/M_0_10/L_10_20/alluvial/IMG_0025.JPG,d295134c488ed8b480b47c9f0d034806b689464f5dc568ec73790306c84f006f,0003074b1a042509,train,5
phash:76e985df32d5e5e3,3,3,90238cb87a07d52667af,Soil_Labeled_Data/M_40_50/L_10_20/alluvial/IMG_0025_M_0_10_gray_brown.jpg,Soil_Labeled_Data/M_40_50/L_10_20/alluvial/IMG_0025_M_0_10_gray_brown.jpg,bd70c4f0d2406e92253be0ba3bf0a8e9174d94675b2c21fb22c8fceca3d6b236,480317cb1a04270d,train,5
phash:76e985df32d5e5e3,3,3,0f8c4a4693f2deaa2a65,Soil_Labeled_Data/M_50_60/L_10_20/alluvial/IMG_0025_M_0_10_pale_yellow_M_40_50_gray_brown.jpg,Soil_Labeled_Data/M_50_60/L_10_20/alluvial/IMG_0025_M_0_10_pale_yellow_M_40_50_gray_brown.jpg,612688fd1fa971b74736a0e94f62b05ba1de3832e23248a2cae3197fbf4d85df,480307cb1a042729,train,5
phash:77ff853871681a5f,3,3,e873f83e8efea7694918,Soil_Labeled_Data/M_0_10/L_80_90/alluvial/IMG_0342.JPG,Soil_Labeled_Data/M_0_10/L_80_90/alluvial/IMG_0342.JPG,62d8ebd9bada9a5f642e6a51c21e9936eb85552d17c62aa7fdf202ce0c4e6b24,32cac9c6c46d6fc2,train,5
phash:77ff853871681a5f,3,3,e08192d5d1df63a0a58b,Soil_Labeled_Data/M_50_60/L_80_90/alluvial/M_50_60_L_80_90_0025_light_brown.jpg,Soil_Labeled_Data/M_50_60/L_80_90/alluvial/M_50_60_L_80_90_0025_light_brown.jpg,e0335b140202652048464f68f73be98f32f78e1dda09f5be60e50b1740367021,34cac9cec4696fc3,train,5
phash:77ff853871681a5f,3,3,87b3d9a9a17b4cf14837,Soil_Labeled_Data/M_60_70/L_80_90/alluvial/M_60_70_L_80_90_0080_dark_brown.jpg,Soil_Labeled_Data/M_60_70/L_80_90/alluvial/M_60_70_L_80_90_0080_dark_brown.jpg,a024dd8c42f7abb3885b10044d16ce654a35b06ebbb19ed406fb45290649a55a,34cac9cec4696fc3,train,5
phash:780eb3e36ab6145a,4,4,4b9395158f5e9d867080,Soil_Labeled_Data/M_20_30/L_60_70/alluvial/z5715083885623_9f42a940c20ea1e55af3e06994578004.jpg,Soil_Labeled_Data/M_20_30/L_60_70/alluvial/z5715083885623_9f42a940c20ea1e55af3e06994578004.jpg,67898e04a8c0c0324fdcce7b07b17544e6db14563070c7f5cdae06d19fa03a16,a6a3390eca9c6667,train,5
phash:780eb3e36ab6145a,4,4,4128423aeac2104bfede,Soil_Labeled_Data/M_30_40/L_60_70/alluvial/z5715083885623_9f42a940c20ea1e55af3e06994578004_M_20_30_light_brown.jpg,Soil_Labeled_Data/M_30_40/L_60_70/alluvial/z5715083885623_9f42a940c20ea1e55af3e06994578004_M_20_30_light_brown.jpg,889e24521b4742763f60a08303a23365f35104c6ab9770714198bc13c39dcfc6,a6a13d0eca9c6667,train,5
phash:780eb3e36ab6145a,4,4,ddb0f7e1e0b4665ccd47,Soil_Labeled_Data/M_50_60/L_60_70/alluvial/z5715083885623_9f42a940c20ea1e55af3e06994578004_M_20_30_light_brown_M_30_40_light_brown.jpg,Soil_Labeled_Data/M_50_60/L_60_70/alluvial/z5715083885623_9f42a940c20ea1e55af3e06994578004_M_20_30_light_brown_M_30_40_light_brown.jpg,8d5dad0420745de8b7c29dadf9b8601c6c708b3fb47a79caab6d8672079c531a,a6a1390eca9c6667,train,5
phash:780eb3e36ab6145a,4,4,b66bf90e0c88aae8f390,Soil_Labeled_Data/M_70_80/L_60_70/alluvial/z5715083885623_9f42a940c20ea1e55af3e06994578004_M_20_30_light_brown_M_30_40_light_brown_M_50_60_gray_brown_M_60_70_dark_brown.jpg,Soil_Labeled_Data/M_70_80/L_60_70/alluvial/z5715083885623_9f42a940c20ea1e55af3e06994578004_M_20_30_light_brown_M_30_40_light_brown_M_50_60_gray_brown_M_60_70_dark_brown.jpg,dd58940ff8f7a1aa2be8fd7408411a227c1b4dc2445eaafe7874fe7e44402d64,a621390eca9c6667,train,5
phash:790ceaf06e875e73,4,2,40e4859841f6461c5799,Soil_Labeled_Data/M_30_40/L_80_90/alluvial/z5720115955016_77628ff737c4b80cdf4db3cabe679c96.jpg,Soil_Labeled_Data/M_30_40/L_80_90/alluvial/z5720115955016_77628ff737c4b80cdf4db3cabe679c96.jpg,1036124b03e417fccc2b2771da3daa5a7aa4639e9c0f2094e2f620f40d734ce6,e54b860f07cb470e,test,5
phash:790ceaf06e875e73,4,2,82f79d314c37d56c8f93,Soil_Labeled_Data/M_50_60/L_80_90/alluvial/M_50_60_L_80_90_0074_gray_brown.jpg,Soil_Labeled_Data/M_50_60/L_80_90/alluvial/M_50_60_L_80_90_0074_gray_brown.jpg,0ed9a96be5bfcf8180dd9622ac94c0ab3d4f436066b2355f7f2b44902489d0df,e549860f07cb470e,test,5
phash:790ceaf06e875e73,4,2,da91723cc11cc1e2606b,Soil_Labeled_Data/M_50_60/L_80_90/alluvial/z5720115955016_77628ff737c4b80cdf4db3cabe679c96.jpg,Soil_Labeled_Data/M_50_60/L_80_90/alluvial/z5720115955016_77628ff737c4b80cdf4db3cabe679c96.jpg,1036124b03e417fccc2b2771da3daa5a7aa4639e9c0f2094e2f620f40d734ce6,e54b860f07cb470e,test,5
phash:790ceaf06e875e73,4,2,044b361d62eafd6848cc,Soil_Labeled_Data/M_60_70/L_80_90/alluvial/z5720115955016_77628ff737c4b80cdf4db3cabe679c96.jpg,Soil_Labeled_Data/M_60_70/L_80_90/alluvial/z5720115955016_77628ff737c4b80cdf4db3cabe679c96.jpg,1036124b03e417fccc2b2771da3daa5a7aa4639e9c0f2094e2f620f40d734ce6,e54b860f07cb470e,test,5
phash:793472f47a53cdb3,2,2,a39df78fc134aad70688,Soil_Labeled_Data/M_70_80/L_80_90/alluvial/z6637130652283_62ad15ef253db7e1e829509db208b5a0.jpg,Soil_Labeled_Data/M_70_80/L_80_90/alluvial/z6637130652283_62ad15ef253db7e1e829509db208b5a0.jpg,2398a55bf0b32c91b0a266365202a0f07327d0ed8ad68e733145cefaa16e0065,e2e8f8e4e2cce6a3,train,5
phash:793472f47a53cdb3,2,2,410a906929cf732a304f,Soil_Labeled_Data/M_70_80/L_80_90/alluvial/z6637130652283_62ad15ef253db7e1e829509db208b5a0_aug_01_dark_brown.jpg,Soil_Labeled_Data/M_70_80/L_80_90/alluvial/z6637130652283_62ad15ef253db7e1e829509db208b5a0_aug_01_dark_brown.jpg,f077ff346b6736690c9a791f65d121254d2ca20b69230ba753bb4e1a2cac2981,e2e8f8e4e2cce6a3,train,5
phash:79d3404476848e8d,4,3,11ef52f24adbf37dcfe0,Soil_Labeled_Data/M_10_20/L_80_90/alluvial/IMG_0751.JPG,Soil_Labeled_Data/M_10_20/L_80_90/alluvial/IMG_0751.JPG,e71702166efad6b72f962a665ebf221f6f5a689ab58d63bea2d33f3b5bea0a06,b8cb8c192b4edcd8,train,5
phash:79d3404476848e8d,4,3,f5c220da2afe85bd166b,Soil_Labeled_Data/M_10_20/L_80_90/alluvial/IMG_0752.JPG,Soil_Labeled_Data/M_10_20/L_80_90/alluvial/IMG_0752.JPG,e71702166efad6b72f962a665ebf221f6f5a689ab58d63bea2d33f3b5bea0a06,b8cb8c192b4edcd8,train,5
phash:79d3404476848e8d,4,3,4d82ad7c69d36fbb6321,Soil_Labeled_Data/M_40_50/L_80_90/alluvial/IMG_0752_M_10_20_gray_brown.jpg,Soil_Labeled_Data/M_40_50/L_80_90/alluvial/IMG_0752_M_10_20_gray_brown.jpg,301ea6dbf70e177f573b02114c0aa7dac769f1f55631858e92c786c506ca0455,b88b8c192b4e1898,train,5
phash:79d3404476848e8d,4,3,986d4770c9448cbc899c,Soil_Labeled_Data/M_60_70/L_80_90/alluvial/M_60_70_L_80_90_0097_wet_gray.jpg,Soil_Labeled_Data/M_60_70/L_80_90/alluvial/M_60_70_L_80_90_0097_wet_gray.jpg,302ad859feacf0e48910c2bca008eaa5326b13fda0af8746abc5439443663303,b88b8c192b4a1c98,train,5
phash:7a50a3464b4f7acb,4,4,4bb4563197e4e340f5a2,Soil_Labeled_Data/M_0_10/L_40_50/alluvial/IMG_0157.JPG,Soil_Labeled_Data/M_0_10/L_40_50/alluvial/IMG_0157.JPG,4b59b31a0c4ab00d16529aeae2b7415df567a2052e50857eb62d72edc91c71c6,375a4399cb88c5cd,train,5
phash:7a50a3464b4f7acb,4,4,0453c9bb61d721b67b68,Soil_Labeled_Data/M_40_50/L_40_50/alluvial/IMG_0157_M_0_10_light_brown.jpg,Soil_Labeled_Data/M_40_50/L_40_50/alluvial/IMG_0157_M_0_10_light_brown.jpg,4d14dbbdd5a8d0aaed57bcf52b197471c1eda0e4a1eb778c8cadd88f531247ee,375a4399c988c5cd,train,5
phash:7a50a3464b4f7acb,4,4,5ec907f559130afcb4bf,Soil_Labeled_Data/M_50_60/L_40_50/alluvial/IMG_0157_M_0_10_light_brown_M_40_50_light_brown.jpg,Soil_Labeled_Data/M_50_60/L_40_50/alluvial/IMG_0157_M_0_10_light_brown_M_40_50_light_brown.jpg,da10b0109aba7a0087b28668a7b277b4b6599960667fddd9aaf6cdbb7765aef4,375a4399c988c5cd,train,5
phash:7a50a3464b4f7acb,4,4,de41281968f00af4dc2b,Soil_Labeled_Data/M_60_70/L_40_50/alluvial/IMG_0157_M_0_10_light_brown_M_40_50_light_brown_M_50_60_gray_brown.jpg,Soil_Labeled_Data/M_60_70/L_40_50/alluvial/IMG_0157_M_0_10_light_brown_M_40_50_light_brown_M_50_60_gray_brown.jpg,b728b8120ad5b9a15ebc50a7df2212dd0968e4ff1f20cd0e3f4577c93ecf1978,375a43994988c5cd,train,5
phash:7a8bda37bd1a1b56,5,5,9f22c61e6c27ae96aad4,Soil_Labeled_Data/M_10_20/L_80_90/alluvial/IMG_0746.JPG,Soil_Labeled_Data/augmented_fallback/aug_IMG_0746.JPG,8008427c848ddcaf8c9fed03f70b0c452d9298386721bde972074d4e584858b0,1ed8b12a4d8c1c18,validation,5
phash:7a8bda37bd1a1b56,5,5,f5d663116e5705828088,Soil_Labeled_Data/M_10_20/L_80_90/alluvial/IMG_0750.JPG,Soil_Labeled_Data/M_10_20/L_80_90/alluvial/IMG_0750.JPG,50be34eed0e66abc4f6bac15f6fdd182b5a41e9382f77951b2f95c2593707b4a,1ed8b12a4d8c1c18,validation,5
phash:7a8bda37bd1a1b56,5,5,89aa7acaaa7a75956651,Soil_Labeled_Data/M_40_50/L_80_90/alluvial/IMG_0750_M_10_20_clayish_red.jpg,Soil_Labeled_Data/M_40_50/L_80_90/alluvial/IMG_0750_M_10_20_clayish_red.jpg,0c0739d3559f839d393c1e98d0bb198583907f271427b1e7c128fd0c43040c9e,1cd8b92a4d841c30,validation,5
phash:7a8bda37bd1a1b56,5,5,72eea57324168481ef5a,Soil_Labeled_Data/M_50_60/L_80_90/alluvial/M_50_60_L_80_90_0022_dark_brown.jpg,Soil_Labeled_Data/M_50_60/L_80_90/alluvial/M_50_60_L_80_90_0022_dark_brown.jpg,241401dc5127e5de9beda45b4f16ac743bb8778c53cbc2675ffeaf6ed1c54808,1cd8b12a4d841c30,validation,5
phash:7a8bda37bd1a1b56,5,5,6df44d5219942bf71c4e,Soil_Labeled_Data/M_60_70/L_80_90/alluvial/M_60_70_L_80_90_0038_gray_brown.jpg,Soil_Labeled_Data/M_60_70/L_80_90/alluvial/M_60_70_L_80_90_0038_gray_brown.jpg,e35acf5b2e8cc3f1f2334fce0aec8f6a9b461ec8613cb49292b2046d3f7d4bf8,1cd8b92a4d841c10,validation,5
phash:7b04521d4a15b988,2,2,0c8fb3ff70947ee16fe8,Soil_Labeled_Data/M_50_60/L_0_10/alluvial/IMG_0413_M_10_20_pale_yellow_M_40_50_gray_brown.jpg,Soil_Labeled_Data/M_50_60/L_0_10/alluvial/IMG_0413_M_10_20_pale_yellow_M_40_50_gray_brown.jpg,fd8b3f9a2a4107cbf433da65e5b699622ec8ad6aeab1410ac19f999271cd3ce0,0002850703031602,train,5
phash:7b04521d4a15b988,2,2,66932117abec911f9ff9,Soil_Labeled_Data/M_70_80/L_0_10/alluvial/IMG_0413_M_10_20_pale_yellow_M_40_50_gray_brown_M_60_70_clay_red.jpg,Soil_Labeled_Data/M_70_80/L_0_10/alluvial/IMG_0413_M_10_20_pale_yellow_M_40_50_gray_brown_M_60_70_clay_red.jpg,ea12126a42a4a593a76511c16ba45aae980a04f25745ed812acead648f66f904,0002010401011202,train,5
phash:7c9ef0dd6e1b1f31,3,3,39a5a715d6b7104cee9d,Soil_Labeled_Data/M_10_20/L_90_100/alluvial/IMG_0785.JPG,Soil_Labeled_Data/M_10_20/L_90_100/alluvial/IMG_0785.JPG,51d6948495ac8ca739550e7a5104408db631fd6f871b70f11f93aa7b11e1de23,06170f1f262e68ec,validation,5
phash:7c9ef0dd6e1b1f31,3,3,22578acb52e555f9f305,Soil_Labeled_Data/M_70_80/L_90_100/alluvial/M_70_80_L_90_100_0087_clay_red.jpg,Soil_Labeled_Data/M_70_80/L_90_100/alluvial/M_70_80_L_90_100_0087_clay_red.jpg,911b2227345be3899270c3a1e01a0eea8607d6e88516b6f54a1a5e89a0b5b7da,06170f17262e6cc8,validation,5
phash:7c9ef0dd6e1b1f31,3,3,e19479c83e3c57e5c975,Soil_Labeled_Data/M_80_90/L_90_100/alluvial/M_80_90_L_90_100_0038_dark_brown.jpg,Soil_Labeled_Data/M_80_90/L_90_100/alluvial/M_80_90_L_90_100_0038_dark_brown.jpg,9a6ac62f1c1733b95d9f69e129baf5efff31b19f57e9937d81b4402f9d7ce9d3,02170717260a2cc8,validation,5
phash:7cc0d10041dd5ffd,5,5,28eccd9bffaf71f0495d,Soil_Labeled_Data/M_0_10/L_60_70/alluvial/IMG_0250.JPG,Soil_Labeled_Data/M_0_10/L_60_70/alluvial/IMG_0250.JPG,d1623d789744e008b4ebc8da409ae8e8e2b5a3bd8b34090bdec907824efc5758,192f1f1d1d5c3428,validation,5
phash:7cc0d10041dd5ffd,5,5,3d3197ccc741dc033793,Soil_Labeled_Data/M_40_50/L_60_70/alluvial/IMG_0250_M_0_10_pale_yellow.jpg,Soil_Labeled_Data/M_40_50/L_60_70/alluvial/IMG_0250_M_0_10_pale_yellow.jpg,c53a01f783958a7329d68b865c12b35ad18d3bd8ae8fe4fbcb81b6c2277c4373,590f5d1d1d5c3428,validation,5
phash:7cc0d10041dd5ffd,5,5,891c95fd3adcbecebb33,Soil_Labeled_Data/M_50_60/L_60_70/alluvial/IMG_0250_M_0_10_pale_yellow_M_40_50_light_brown.jpg,Soil_Labeled_Data/M_50_60/L_60_70/alluvial/IMG_0250_M_0_10_pale_yellow_M_40_50_light_brown.jpg,734bc749d7ab05d1fcd44242a81945a111d5814ed5f8a544c37d8e17c7eaa8a1,490d5d1d1d5c3428,validation,5
phash:7cc0d10041dd5ffd,5,5,4de1462d52250462bc57,Soil_Labeled_Data/M_60_70/L_60_70/alluvial/IMG_0250_M_0_10_pale_yellow_M_40_50_dark_brown.jpg,Soil_Labeled_Data/M_60_70/L_60_70/alluvial/IMG_0250_M_0_10_pale_yellow_M_40_50_dark_brown.jpg,ccf95f1b777388587002cd321ac8c435d6588c81e47cf54b20b2ef47e166ca81,490f5d1d1d5c3428,validation,5
phash:7cc0d10041dd5ffd,5,5,df7a94b38e57088be301,Soil_Labeled_Data/M_70_80/L_60_70/alluvial/IMG_0250_M_0_10_pale_yellow_M_40_50_dark_brown_M_60_70_dark_brown.jpg,Soil_Labeled_Data/M_70_80/L_60_70/alluvial/IMG_0250_M_0_10_pale_yellow_M_40_50_dark_brown_M_60_70_dark_brown.jpg,c81fd138b393c43c1f16e3881b7ba3e8f75fad3f55836dbe87a106ef715e0289,494f5d1d1d5c3428,validation,5
phash:7dd25ba25a77b821,2,2,3868b2618a3472a3eb2d,Soil_Labeled_Data/M_70_80/L_80_90/alluvial/z6637133276123_4285ca8ca061b3e3f9f02388e39159a5.jpg,Soil_Labeled_Data/M_70_80/L_80_90/alluvial/z6637133276123_4285ca8ca061b3e3f9f02388e39159a5.jpg,eb986a12164254a2e2c3c7336312aef49ff22dce33f7770e04397d193eed168a,3eb426e6b775dc8e,validation,5
phash:7dd25ba25a77b821,2,2,bade1b381435b067f07f,Soil_Labeled_Data/M_70_80/L_80_90/alluvial/z6637133276123_4285ca8ca061b3e3f9f02388e39159a5_aug_05_clay_red.jpg,Soil_Labeled_Data/M_70_80/L_80_90/alluvial/z6637133276123_4285ca8ca061b3e3f9f02388e39159a5_aug_05_clay_red.jpg,e25a36104f1e2a2c5de19d1b324c506883630379eb352f5ba9b99791f0b5238a,3eb426e6b771dc8e,validation,5
phash:7eeb9c5b6e40268d,4,4,008b4d9a491d2ae6c857,Soil_Labeled_Data/M_0_10/L_30_40/alluvial/IMG_0105.JPG,Soil_Labeled_Data/M_0_10/L_30_40/alluvial/IMG_0105.JPG,54cd9a2c49c349adaa0d14be4b839a2de963641455d26df0ac1ee5862a3cadee,5a8a0b632c868927,validation,5
phash:7eeb9c5b6e40268d,4,4,ebb37e8d28fd9929f622,Soil_Labeled_Data/M_40_50/L_30_40/alluvial/IMG_0105_M_0_10_pale_yellow.jpg,Soil_Labeled_Data/M_40_50/L_30_40/alluvial/IMG_0105_M_0_10_pale_yellow.jpg,f858ff0cc97049494d025f5eaf2e58b420851de371b66cfa8bb031f60b52a612,5a8a0b632c868d2f,validation,5
phash:7eeb9c5b6e40268d,4,4,cc2547fcc46a50f18d70,Soil_Labeled_Data/M_50_60/L_30_40/alluvial/IMG_0105_M_0_10_clayish_red_M_40_50_light_brown.jpg,Soil_Labeled_Data/M_50_60/L_30_40/alluvial/IMG_0105_M_0_10_clayish_red_M_40_50_light_brown.jpg,6e988c7ff3d3737647c73dad98adab5ba21d24478a642894269b695c5c4bd04e,5a8a0b632c868d27,validation,5
phash:7eeb9c5b6e40268d,4,4,a6388514031615b1ec10,Soil_Labeled_Data/M_50_60/L_30_40/alluvial/IMG_0105_M_0_10_pale_yellow_M_40_50_light_brown.jpg,Soil_Labeled_Data/M_50_60/L_30_40/alluvial/IMG_0105_M_0_10_pale_yellow_M_40_50_light_brown.jpg,83f75e9fb75ea770e28a5412fb65bd35d932b05f9790dfb8fc417f7df7c76bce,5a8a0b632c868927,validation,5
phash:7f5657f9fefd180e,2,2,15d3b29e41641270332d,Soil_Labeled_Data/M_10_20/L_10_20/alluvial/IMG_0458.JPG,Soil_Labeled_Data/M_10_20/L_10_20/alluvial/IMG_0458.JPG,99d0be7fd513488c3b8f6dcd1846882f9ca58bc9d80c064c8df995f3a5678c0f,ce26330707190b82,train,5
phash:7f5657f9fefd180e,2,2,2f60804ab2bf58cf17ad,Soil_Labeled_Data/M_40_50/L_10_20/alluvial/IMG_0458_M_10_20_gray_brown.jpg,Soil_Labeled_Data/M_40_50/L_10_20/alluvial/IMG_0458_M_10_20_gray_brown.jpg,0e5fee3eb391d78f46e2da5c709c2730e4653166643eab78a399f7872cd11090,ce26330705190ba6,train,5
phash:7fd86c261d9ac446,6,6,74fd69c97fcd1cc6574d,Soil_Labeled_Data/M_30_40/L_40_50/alluvial/z5719915191781_9fbc3215a4e768d8a242c9aae23d78e3.jpg,Soil_Labeled_Data/M_30_40/L_40_50/alluvial/z5719915191781_9fbc3215a4e768d8a242c9aae23d78e3.jpg,c504186c874df7339a10c3e4f4324a905cdd44f9f6ba03ae10cd047fee1dd838,db9d5d6d2d4e3311,train,5
phash:7fd86c261d9ac446,6,6,f9022b9a16be16f8ccc5,Soil_Labeled_Data/M_50_60/L_40_50/alluvial/z5719915191781_9fbc3215a4e768d8a242c9aae23d78e3_M_30_40_light_brown.jpg,Soil_Labeled_Data/M_50_60/L_40_50/alluvial/z5719915191781_9fbc3215a4e768d8a242c9aae23d78e3_M_30_40_light_brown.jpg,9786a8cd3325c8cd2f1944206bfed65d460edd5ba06ca4bfc5c331012ddd20ee,db9d5d6d2d4e3311,train,5
phash:7fd86c261d9ac446,6,6,5e5002208541b0a68daf,Soil_Labeled_Data/M_50_60/L_40_50/alluvial/z5719915191781_9fbc3215a4e768d8a242c9aae23d78e3_M_30_40_light_brown_M_40_50_light_brown.jpg,Soil_Labeled_Data/M_50_60/L_40_50/alluvial/z5719915191781_9fbc3215a4e768d8a242c9aae23d78e3_M_30_40_light_brown_M_40_50_light_brown.jpg,6ba347beedb3f901fcbde9aa8f51490c1951eed7f5dfeb92907ca0d9ce97182d,5b9d5d6d2d4e3311,train,5
phash:7fd86c261d9ac446,6,6,63afa27c04a355e185c5,Soil_Labeled_Data/M_60_70/L_40_50/alluvial/z5719915191781_9fbc3215a4e768d8a242c9aae23d78e3_M_30_40_gray_brown_M_40_50_light_brown_M_50_60_gray_brown.jpg,Soil_Labeled_Data/M_60_70/L_40_50/alluvial/z5719915191781_9fbc3215a4e768d8a242c9aae23d78e3_M_30_40_gray_brown_M_40_50_light_brown_M_50_60_gray_brown.jpg,419e8ff6f2f0b31715259c35c380bd5ed4a3255b592bcc456d636f55a4544ff0,db9d5c6d2d4e3311,train,5
phash:7fd86c261d9ac446,6,6,97bd3ca53bc15a4a4565,Soil_Labeled_Data/M_70_80/L_40_50/alluvial/z5719915191781_9fbc3215a4e768d8a242c9aae23d78e3_M_30_40_gray_brown_M_40_50_light_brown_M_50_60_gray_brown_M_60_70_clay_red.jpg,Soil_Labeled_Data/M_70_80/L_40_50/alluvial/z5719915191781_9fbc3215a4e768d8a242c9aae23d78e3_M_30_40_gray_brown_M_40_50_light_brown_M_50_60_gray_brown_M_60_70_clay_red.jpg,39a91ea063373d5c32adac0530483e1a88b5fcd72a46df6fcb4c47930a10fef5,5b9d5c6d2c0e3311,train,5
phash:7fd86c261d9ac446,6,6,52432c7a269579afdbde,Soil_Labeled_Data/M_80_90/L_40_50/alluvial/z5719915191781_9fbc3215a4e768d8a242c9aae23d78e3_M_30_40_gray_brown_M_40_50_light_brown_M_50_60_gray_brown_M_60_70_clay_red_M_70_80_wet_gray.jpg,Soil_Labeled_Data/M_80_90/L_40_50/alluvial/z5719915191781_9fbc3215a4e768d8a242c9aae23d78e3_M_30_40_gray_brown_M_40_50_light_brown_M_50_60_gray_brown_M_60_70_clay_red_M_70_80_wet_gray.jpg,57b3080fb1618f2429621291589aefe9fc4be7a6f9c5394d64022c4430f797f0,cb1d4c692c0e1311,train,5
phash:7fef4dde43e48360,6,4,98c66d5a4ed200125a0c,Soil_Labeled_Data/M_30_40/L_80_90/alluvial/z5720116040527_64efc6d26d1ee063c31ac7c808603d38.jpg,Soil_Labeled_Data/M_30_40/L_80_90/alluvial/z5720116040527_64efc6d26d1ee063c31ac7c808603d38.jpg,7230e1cf8fc623e3ff5e052ad819fe35ff56d2740228ea685e65aeff6f9082f1,dc0a470f0d1905e6,train,5
phash:7fef4dde43e48360,6,4,2ef7388384efbcc8b85f,Soil_Labeled_Data/M_50_60/L_80_90/alluvial/M_50_60_L_80_90_0050_gray_brown.jpg,Soil_Labeled_Data/M_50_60/L_80_90/alluvial/M_50_60_L_80_90_0050_gray_brown.jpg,b58ed325270d99e21648c918485a3ee11bf0487e9bc510b5ccf1484b400a7c9e,5c0a470f0d1905e6,train,5
phash:7fef4dde43e48360,6,4,4b07a32cc42b86c6299e,Soil_Labeled_Data/M_50_60/L_80_90/alluvial/M_50_60_L_80_90_0088_gray_brown.jpg,Soil_Labeled_Data/M_50_60/L_80_90/alluvial/M_50_60_L_80_90_0088_gray_brown.jpg,c9057dd7ceb917ab7bf938804745286a4817c5f3dbc6335216dbc18098f08155,dc0a470f0d1905e6,train,5
phash:7fef4dde43e48360,6,4,e2709b3c0660d76f7441,Soil_Labeled_Data/M_50_60/L_80_90/alluvial/z5720116040527_64efc6d26d1ee063c31ac7c808603d38.jpg,Soil_Labeled_Data/M_50_60/L_80_90/alluvial/z5720116040527_64efc6d26d1ee063c31ac7c808603d38.jpg,7230e1cf8fc623e3ff5e052ad819fe35ff56d2740228ea685e65aeff6f9082f1,dc0a470f0d1905e6,train,5
phash:7fef4dde43e48360,6,4,40d0b0d6098318dcdf0f,Soil_Labeled_Data/M_60_70/L_80_90/alluvial/M_60_70_L_80_90_0058_gray_brown.jpg,Soil_Labeled_Data/M_60_70/L_80_90/alluvial/M_60_70_L_80_90_0058_gray_brown.jpg,3be27060042684990c643d32c5ce96233e163278022e2187ccb1e80c4d6d4b00,5c0a470f0d1905e6,train,5
phash:7fef4dde43e48360,6,4,a0eec7610029ef30c836,Soil_Labeled_Data/M_60_70/L_80_90/alluvial/z5720116040527_64efc6d26d1ee063c31ac7c808603d38.jpg,Soil_Labeled_Data/M_60_70/L_80_90/alluvial/z5720116040527_64efc6d26d1ee063c31ac7c808603d38.jpg,7230e1cf8fc623e3ff5e052ad819fe35ff56d2740228ea685e65aeff6f9082f1,dc0a470f0d1905e6,train,5
phash:800634b2c99ac8f3,2,2,65f75a6423b4dd89fd43,Soil_Labeled_Data/M_80_90/L_80_90/alluvial/z5613703928980_0887994eda3991e7d39724d312f0c82e.jpg,Soil_Labeled_Data/M_80_90/L_80_90/alluvial/z5613703928980_0887994eda3991e7d39724d312f0c82e.jpg,aa6d515264e009bfee4e151e74feca11066b34f9d3d4375a7a32b32c5c3688e7,e7f27b59697959fa,validation,5
phash:800634b2c99ac8f3,2,2,fb4bff536f85f60a2019,Soil_Labeled_Data/M_90_100/L_80_90/alluvial/M_90_100_L_80_90_0069_clay_red.jpg,Soil_Labeled_Data/M_90_100/L_80_90/alluvial/M_90_100_L_80_90_0069_clay_red.jpg,5b8237b6341b4efb53fd83b6c7348228ca9a9e5d39cdd4f60e93547e02173f08,e7f27b59695959fa,validation,5
phash:809b2d358b7be717,3,3,298ed4403e0f6fbb987a,Soil_Labeled_Data/M_20_30/L_60_70/alluvial/z5715084306747_adff9a454f2d560f7c94ff4d4f1ba239.jpg,Soil_Labeled_Data/M_20_30/L_60_70/alluvial/z5715084306747_adff9a454f2d560f7c94ff4d4f1ba239.jpg,81593848bf4bfe6d4464335828282911f2e300005af6794572165c5b8115e96b,b40d183b5665655d,test,5
phash:809b2d358b7be717,3,3,f0cc249824ba18b0e60f,Soil_Labeled_Data/M_30_40/L_60_70/alluvial/z5715084306747_adff9a454f2d560f7c94ff4d4f1ba239_M_20_30_pale_yellow.jpg,Soil_Labeled_Data/M_30_40/L_60_70/alluvial/z5715084306747_adff9a454f2d560f7c94ff4d4f1ba239_M_20_30_pale_yellow.jpg,b3683f55a4a7524265b602de9884eef34a1ee8154b25d1a8b9bf2b50575817dc,b40d183b5665655d,test,5
phash:809b2d358b7be717,3,3,9cb90bcd670e086fcf9f,Soil_Labeled_Data/M_70_80/L_60_70/alluvial/z5715084306747_adff9a454f2d560f7c94ff4d4f1ba239_M_20_30_pale_yellow_M_30_40_light_brown_M_50_60_clay_red.jpg,Soil_Labeled_Data/M_70_80/L_60_70/alluvial/z5715084306747_adff9a454f2d560f7c94ff4d4f1ba239_M_20_30_pale_yellow_M_30_40_light_brown_M_50_60_clay_red.jpg,7c17113d309bd5edbc70ea8f79f965305fe3ed61a27563a26546ef6be7cd11aa,b40d183b5665655c,test,5
phash:80dd9e7c4fcf4f4e,2,2,6f99571f92c094df6b20,Soil_Labeled_Data/M_30_40/L_50_60/alluvial/z5719945237944_9e81baa660ace3bd2958bfa740e457b9.jpg,Soil_Labeled_Data/M_30_40/L_50_60/alluvial/z5719945237944_9e81baa660ace3bd2958bfa740e457b9.jpg,712d002095d85f52bc58304c63cb351e90944a8c437688d3d05e0eecebdb1f85,f2535a9294000116,train,5
phash:80dd9e7c4fcf4f4e,2,2,3ecc8fcbe7891c9cfc5b,Soil_Labeled_Data/M_50_60/L_50_60/alluvial/z5719945237944_9e81baa660ace3bd2958bfa740e457b9_M_30_40_gray_brown.jpg,Soil_Labeled_Data/M_50_60/L_50_60/alluvial/z5719945237944_9e81baa660ace3bd2958bfa740e457b9_M_30_40_gray_brown.jpg,271faa0cbdd10120afdc376824870065a3028faa092d46ca06ddd181bd156190,f2535a9294001112,train,5
phash:8170dc97703cc108,2,2,3a24d4a2c8e0d133b99d,Soil_Labeled_Data/M_0_10/L_70_80/alluvial/IMG_0284.JPG,Soil_Labeled_Data/M_0_10/L_70_80/alluvial/IMG_0284.JPG,d29f1c3d77f86edbf79981bf6422aa7e938610ee965111103d5d9c839db876ca,64449426c64d18b4,train,5
phash:8170dc97703cc108,2,2,75a2e579b443d48e3e3e,Soil_Labeled_Data/M_40_50/L_70_80/alluvial/IMG_0284_M_0_10_pale_yellow.jpg,Soil_Labeled_Data/M_40_50/L_70_80/alluvial/IMG_0284_M_0_10_pale_yellow.jpg,5d2932d6f0708f7a41b0a95284fc3b6b3bc6e08995caa1e3567dc67c4f71599a,644c9626e64d98b4,train,5
phash:823d96d5f866f1a3,3,3,3c6bc657d5ef66d84da2,Soil_Labeled_Data/M_60_70/L_30_40/alluvial/z5716113879850_447b9ea1dd28b71c4c2a3579561cee3f_M_30_40_light_brown_M_50_60_gray_brown.jpg,Soil_Labeled_Data/M_60_70/L_30_40/alluvial/z5716113879850_447b9ea1dd28b71c4c2a3579561cee3f_M_30_40_light_brown_M_50_60_gray_brown.jpg,3bd577d573e045598edc8c898ffc6348d9f36b78119a3cb221aa927a57bd147d,2c41230b17181111,train,5
phash:823d96d5f866f1a3,3,3,1e3ffb3a9c944a8a8666,Soil_Labeled_Data/M_70_80/L_30_40/alluvial/z5716113879850_447b9ea1dd28b71c4c2a3579561cee3f_M_30_40_light_brown_M_40_50_gray_brown_M_60_70_dark_brown.jpg,Soil_Labeled_Data/M_70_80/L_30_40/alluvial/z5716113879850_447b9ea1dd28b71c4c2a3579561cee3f_M_30_40_light_brown_M_40_50_gray_brown_M_60_70_dark_brown.jpg,fceca7ad865235ccde69cf8166bede6f1dc7e010905b7365243f6991e0211a7b,2c432b0b17181111,train,5
phash:823d96d5f866f1a3,3,3,16a3814a89916897f963,Soil_Labeled_Data/M_80_90/L_30_40/alluvial/z5716113879850_447b9ea1dd28b71c4c2a3579561cee3f_M_30_40_light_brown_M_40_50_gray_brown_M_60_70_dark_brown_M_70_80_wet_gray.jpg,Soil_Labeled_Data/M_80_90/L_30_40/alluvial/z5716113879850_447b9ea1dd28b71c4c2a3579561cee3f_M_30_40_light_brown_M_40_50_gray_brown_M_60_70_dark_brown_M_70_80_wet_gray.jpg,dce435e3e659220c8744c919c083c7f1f8f2dab0c607383b5ebca52ce8746741,0c01230b17181011,train,5
phash:82a04009ba2a9719,2,2,9f81c198697a90d393cd,Soil_Labeled_Data/M_0_10/L_40_50/alluvial/IMG_0154.JPG,Soil_Labeled_Data/M_0_10/L_40_50/alluvial/IMG_0154.JPG,674f34b4c8e4525053880883982f1ccfd38da263e258943bc2a78625970809cd,b49204a1c9e5e1d9,test,5
phash:82a04009ba2a9719,2,2,f51bda69e04664de52c9,Soil_Labeled_Data/M_40_50/L_40_50/alluvial/IMG_0154_M_0_10_clayish_red.jpg,Soil_Labeled_Data/M_40_50/L_40_50/alluvial/IMG_0154_M_0_10_clayish_red.jpg,aefec0691ee7a492eb2cda6973d860d380f6d83dccf48046f644fe67835d260a,b49204a1c9e5e1d9,test,5
phash:841854c902c8e87e,3,3,f04f5b3a7a2b337ecf64,Soil_Labeled_Data/M_10_20/L_40_50/alluvial/IMG_0600.JPG,Soil_Labeled_Data/M_10_20/L_40_50/alluvial/IMG_0600.JPG,720426f77a7a2206782d0b0ff4c8e9169824f75561f041d3f94e0faeba8191da,8d8d9554303625b5,validation,5
phash:841854c902c8e87e,3,3,d93903d199dbcf88e9c1,Soil_Labeled_Data/M_40_50/L_40_50/alluvial/IMG_0600_M_10_20_gray_brown.jpg,Soil_Labeled_Data/M_40_50/L_40_50/alluvial/IMG_0600_M_10_20_gray_brown.jpg,6ea20bb5008aae3b3d53a9e32e2ce531ba02fdba1df5f56ff9a56ff623506789,8d8d955430360db5,validation,5
phash:841854c902c8e87e,3,3,c0a4b65a59d9a7724872,Soil_Labeled_Data/M_60_70/L_40_50/alluvial/IMG_0600_M_10_20_light_brown_M_40_50_gray_brown.jpg,Soil_Labeled_Data/M_60_70/L_40_50/alluvial/IMG_0600_M_10_20_light_brown_M_40_50_gray_brown.jpg,f8d76cafd6a91abc3bf3009da6bac6cda97ae0d26c24f36a8d1fa0709c90d6a3,8d8d955430360535,validation,5
phash:8476ce23020249fd,4,4,1dc1edceb2a93e4c11ca,Soil_Labeled_Data/M_0_10/L_20_30/alluvial/IMG_0057.JPG,Soil_Labeled_Data/M_0_10/L_20_30/alluvial/IMG_0057.JPG,511975b01bb61ca3ef5658aa38d15be8aae3f05b4848bd4846d691f5f3f8ffe7,0e0b0b1b070fc3c3,train,5
phash:8476ce23020249fd,4,4,430fce5419cfc113a1c2,Soil_Labeled_Data/M_60_70/L_20_30/alluvial/IMG_0057_M_0_10_clayish_red_M_40_50_dark_brown.jpg,Soil_Labeled_Data/M_60_70/L_20_30/alluvial/IMG_0057_M_0_10_clayish_red_M_40_50_dark_brown.jpg,3390a42c9021ab698e513381e52f4afc70353367368504562e5cedbfa7aba7fe,060a0b1a070fc3c3,train,5
phash:8476ce23020249fd,4,4,c22d31f65b249b4ea09a,Soil_Labeled_Data/M_70_80/L_20_30/alluvial/IMG_0057_M_0_10_light_brown_M_40_50_dark_brown_M_60_70_clay_red.jpg,Soil_Labeled_Data/M_70_80/L_20_30/alluvial/IMG_0057_M_0_10_light_brown_M_40_50_dark_brown_M_60_70_clay_red.jpg,37e90626135ea51d1dec1f24c7e6622b409a47fad9038d5688581c3eb8fbfa9d,0e0a0b1b070fc3c2,train,5
phash:8476ce23020249fd,4,4,2dfcd049eb62a2c56b83,Soil_Labeled_Data/M_80_90/L_20_30/alluvial/IMG_0057_M_0_10_clayish_red_M_40_50_dark_brown_M_60_70_wet_gray.jpg,Soil_Labeled_Data/M_80_90/L_20_30/alluvial/IMG_0057_M_0_10_clayish_red_M_40_50_dark_brown_M_60_70_wet_gray.jpg,90676840001c318270f291fbb598cac6d4be12f982aa0704c760414702daa863,060a0b1a070fc3c3,train,5
phash:84986216fec716df,5,2,eb498ebfeb5f7a938612,Soil_Labeled_Data/M_30_40/L_80_90/alluvial/z5720115942754_8be2331cdea2f08eaa20a4d16f47702e.jpg,Soil_Labeled_Data/M_30_40/L_80_90/alluvial/z5720115942754_8be2331cdea2f08eaa20a4d16f47702e.jpg,b31a63d28142efd56024bd0e38ee4b1118ecaf2eca2f4cb0c721d8c954f5bcb9,8894740a48542434,train,5
phash:84986216fec716df,5,2,4a665346df06d3fb7205,Soil_Labeled_Data/M_40_50/L_80_90/alluvial/z5720115942754_8be2331cdea2f08eaa20a4d16f47702e.jpg,Soil_Labeled_Data/M_40_50/L_80_90/alluvial/z5720115942754_8be2331cdea2f08eaa20a4d16f47702e.jpg,b31a63d28142efd56024bd0e38ee4b1118ecaf2eca2f4cb0c721d8c954f5bcb9,8894740a48542434,train,5
phash:84986216fec716df,5,2,be952ea764b048624ada,Soil_Labeled_Data/M_50_60/L_80_90/alluvial/M_50_60_L_80_90_0009_wet_gray.jpg,Soil_Labeled_Data/M_50_60/L_80_90/alluvial/M_50_60_L_80_90_0009_wet_gray.jpg,c769a12bcd50b67c243059086c40d90f3d3a0531c8126992573c9c9d217b70ae,8894740a48142434,train,5
phash:84986216fec716df,5,2,24fb23db17c1c696afa6,Soil_Labeled_Data/M_50_60/L_80_90/alluvial/z5720115942754_8be2331cdea2f08eaa20a4d16f47702e.jpg,Soil_Labeled_Data/M_50_60/L_80_90/alluvial/z5720115942754_8be2331cdea2f08eaa20a4d16f47702e.jpg,b31a63d28142efd56024bd0e38ee4b1118ecaf2eca2f4cb0c721d8c954f5bcb9,8894740a48542434,train,5
phash:84986216fec716df,5,2,6f3e63bc1d07f3a2167c,Soil_Labeled_Data/M_60_70/L_80_90/alluvial/z5720115942754_8be2331cdea2f08eaa20a4d16f47702e.jpg,Soil_Labeled_Data/M_60_70/L_80_90/alluvial/z5720115942754_8be2331cdea2f08eaa20a4d16f47702e.jpg,b31a63d28142efd56024bd0e38ee4b1118ecaf2eca2f4cb0c721d8c954f5bcb9,8894740a48542434,train,5
phash:853b972fcac916f6,4,4,acb2cacb6af63f6b6556,Soil_Labeled_Data/M_30_40/L_40_50/alluvial/z5719914960624_6e7d01c6f99d68c85a781306a1116111.jpg,Soil_Labeled_Data/M_30_40/L_40_50/alluvial/z5719914960624_6e7d01c6f99d68c85a781306a1116111.jpg,2954c45f20f91380679d59b3ed8fc789b2aee9db6bc22d4b62b9d1d4b59a0be3,25281d050f090d04,test,5
phash:853b972fcac916f6,4,4,eb26636858f9fb14b134,Soil_Labeled_Data/M_50_60/L_40_50/alluvial/z5719914960624_6e7d01c6f99d68c85a781306a1116111_M_30_40_gray_brown_M_40_50_light_brown.jpg,Soil_Labeled_Data/M_50_60/L_40_50/alluvial/z5719914960624_6e7d01c6f99d68c85a781306a1116111_M_30_40_gray_brown_M_40_50_light_brown.jpg,ef6022067fc06e244d308ace078dc7bf4f4822e4b23d1984c24d58835ede32fe,252819050f090d04,test,5
phash:853b972fcac916f6,4,4,05bcb80e727b7280d039,Soil_Labeled_Data/M_80_90/L_40_50/alluvial/z5719914960624_6e7d01c6f99d68c85a781306a1116111_M_30_40_clayish_red_M_40_50_gray_brown_M_60_70_clay_red.jpg,Soil_Labeled_Data/M_80_90/L_40_50/alluvial/z5719914960624_6e7d01c6f99d68c85a781306a1116111_M_30_40_clayish_red_M_40_50_gray_brown_M_60_70_clay_red.jpg,64dd8e5b6f0f332df9b30b93d7caa80cc9af0c55e96a637c1aa441634755621a,242809050f090504,test,5
phash:853b972fcac916f6,4,4,3f599059653886c1257d,Soil_Labeled_Data/M_90_100/L_40_50/alluvial/z5719914960624_6e7d01c6f99d68c85a781306a1116111_M_30_40_clayish_red_M_40_50_gray_brown_M_60_70_clay_red_M_80_90_dark_brown.jpg,Soil_Labeled_Data/M_90_100/L_40_50/alluvial/z5719914960624_6e7d01c6f99d68c85a781306a1116111_M_30_40_clayish_red_M_40_50_gray_brown_M_60_70_clay_red_M_80_90_dark_brown.jpg,0feb1258f1d7e6cd15dc2f51035fc960a01a8ad8cc3846621c494634cae8c284,252809050d090504,test,5
phash:856223e6719f5382,2,2,d8b9030a03b6ce9d1127,Soil_Labeled_Data/M_0_10/L_20_30/alluvial/IMG_0062.JPG,Soil_Labeled_Data/M_0_10/L_20_30/alluvial/IMG_0062.JPG,83335b342f2851a0ccfe1c5b60face6e36a8eec0b37c620c51d1d92477400612,4a27f36333125b4b,train,5
phash:856223e6719f5382,2,2,988757bf1764ed894e2c,Soil_Labeled_Data/M_50_60/L_20_30/alluvial/IMG_0062_M_0_10_pale_yellow_M_40_50_gray_brown.jpg,Soil_Labeled_Data/M_50_60/L_20_30/alluvial/IMG_0062_M_0_10_pale_yellow_M_40_50_gray_brown.jpg,379cf156260002eb5a5e5a6fa771c32fcdbad5adfec807ac63e2c9cbd8d7931e,4a07f36333125b4b,train,5
phash:85871f28e0d5f46c,3,3,4be5cfbd6901d7af4815,Soil_Labeled_Data/M_10_20/L_50_60/alluvial/IMG_0631.JPG,Soil_Labeled_Data/M_10_20/L_50_60/alluvial/IMG_0631.JPG,568046b5411267d9221e7c1d221cb14f10cf7e778b14e52654a51a4ad137b280,e5961f2637941953,train,5
phash:85871f28e0d5f46c,3,3,dcd076fa54f745c8d9f6,Soil_Labeled_Data/M_10_20/L_50_60/alluvial/IMG_0631_aug_02_light_brown.jpg,Soil_Labeled_Data/M_10_20/L_50_60/alluvial/IMG_0631_aug_02_light_brown.jpg,1bb0ec756e0a8f4bb7c2b078382e07010dde2bf4c4719ae2e0b4c1ef55acafbb,e5961f2637141953,train,5
phash:85871f28e0d5f46c,3,3,d38129e42e1ec8d11454,Soil_Labeled_Data/M_40_50/L_50_60/alluvial/IMG_0631_M_10_20_light_brown.jpg,Soil_Labeled_Data/M_40_50/L_50_60/alluvial/IMG_0631_M_10_20_light_brown.jpg,aa7641971accd81719ea93526a8c142b3de712e93f943912cf42b44d397727e1,e5961f2637841953,train,5
phash:875e45eb2fb3f8ec,2,2,49830a402a7f0342ff51,Soil_Labeled_Data/M_30_40/L_40_50/alluvial/z5719914890934_84fe7062961727cb183642b47744dea8.jpg,Soil_Labeled_Data/M_30_40/L_40_50/alluvial/z5719914890934_84fe7062961727cb183642b47744dea8.jpg,1cb288355f3fdfec5522dac7f3574e9cffd23ed5d97ed99981f10b005b9de186,062c17164f1655b3,test,5
phash:875e45eb2fb3f8ec,2,2,17cce505ffca3dc9b272,Soil_Labeled_Data/M_40_50/L_40_50/alluvial/z5719914890934_84fe7062961727cb183642b47744dea8_M_30_40_pale_yellow.jpg,Soil_Labeled_Data/M_40_50/L_40_50/alluvial/z5719914890934_84fe7062961727cb183642b47744dea8_M_30_40_pale_yellow.jpg,8796b11f46228abf12c5d0996955dcd09e6d3b14895c0d57446b8b8b976c6ef2,062c07164f1655b3,test,5
phash:8773487b49bfdbff,2,2,333977bf9341f50f50f7,Soil_Labeled_Data/M_30_40/L_50_60/alluvial/z5719945165176_3e73bc54f72839349bf7a02f8f5d684c.jpg,Soil_Labeled_Data/M_30_40/L_50_60/alluvial/z5719945165176_3e73bc54f72839349bf7a02f8f5d684c.jpg,65b9119430b77562404c5e27c576f4cecafbe15102224cc383ebc27e94cb0c50,9d0f0b1b431371c3,validation,5
phash:8773487b49bfdbff,2,2,b0899b20cff8ebd5cb34,Soil_Labeled_Data/M_70_80/L_50_60/alluvial/z5719945165176_3e73bc54f72839349bf7a02f8f5d684c_M_30_40_gray_brown_M_50_60_clay_red.jpg,Soil_Labeled_Data/M_70_80/L_50_60/alluvial/z5719945165176_3e73bc54f72839349bf7a02f8f5d684c_M_30_40_gray_brown_M_50_60_clay_red.jpg,7b1b71ba363dfa2df39a719b0deedfc6d3de72834d0e572c3cffc90dd8cdec3f,9d0f0b1b43032103,validation,5
phash:87a0fc93f2cf29b3,5,3,17326f97c235bfba4264,Soil_Labeled_Data/M_30_40/L_80_90/alluvial/z5720115969160_90e7c8fe51469c6537b93b0b5051f46d.jpg,Soil_Labeled_Data/M_30_40/L_80_90/alluvial/z5720115969160_90e7c8fe51469c6537b93b0b5051f46d.jpg,d2d846cd4e716f7399ac6b2fe8d1b99b43285e9b37aad353e7b55b7f2ba4a9b0,99064a2f27973319,train,5
phash:87a0fc93f2cf29b3,5,3,29f57f4725a8ec7baacf,Soil_Labeled_Data/M_50_60/L_80_90/alluvial/M_50_60_L_80_90_0092_light_brown.jpg,Soil_Labeled_Data/M_50_60/L_80_90/alluvial/M_50_60_L_80_90_0092_light_brown.jpg,d66abde67bfe689945102d4a2e116b2f7250865cbaa62d712f9a6fc17a1dca8e,99064a2f27973319,train,5
phash:87a0fc93f2cf29b3,5,3,a006a8ab8d62d6c421d6,Soil_Labeled_Data/M_50_60/L_80_90/alluvial/z5720115969160_90e7c8fe51469c6537b93b0b5051f46d.jpg,Soil_Labeled_Data/M_50_60/L_80_90/alluvial/z5720115969160_90e7c8fe51469c6537b93b0b5051f46d.jpg,d2d846cd4e716f7399ac6b2fe8d1b99b43285e9b37aad353e7b55b7f2ba4a9b0,99064a2f27973319,train,5
phash:87a0fc93f2cf29b3,5,3,548bcf71f6b0e1aa1bd8,Soil_Labeled_Data/M_60_70/L_80_90/alluvial/M_60_70_L_80_90_0051_gray_brown.jpg,Soil_Labeled_Data/M_60_70/L_80_90/alluvial/M_60_70_L_80_90_0051_gray_brown.jpg,2628ebed5907b8786f423b45249e08efc4c27a04a342a286891944a4f75a266f,99064a2f27973319,train,5
phash:87a0fc93f2cf29b3,5,3,9d3d89498f757e2dd92f,Soil_Labeled_Data/M_60_70/L_80_90/alluvial/z5720115969160_90e7c8fe51469c6537b93b0b5051f46d.jpg,Soil_Labeled_Data/M_60_70/L_80_90/alluvial/z5720115969160_90e7c8fe51469c6537b93b0b5051f46d.jpg,d2d846cd4e716f7399ac6b2fe8d1b99b43285e9b37aad353e7b55b7f2ba4a9b0,99064a2f27973319,train,5
phash:87a698f67236321c,2,2,384cdbb40ae282af3a9b,Soil_Labeled_Data/M_20_30/L_70_80/alluvial/z5715142094388_c5aff9d8c06cb2f2846d510846da43cc.jpg,Soil_Labeled_Data/M_20_30/L_70_80/alluvial/z5715142094388_c5aff9d8c06cb2f2846d510846da43cc.jpg,16b9efb8d7b0519f05b4ffc613123090d206a8eaea2a47f57ef163d212ec96f2,1b394f0f1f1f8ece,train,5
phash:87a698f67236321c,2,2,e1673337ea9d7587ab16,Soil_Labeled_Data/M_50_60/L_70_80/alluvial/z5715142094388_c5aff9d8c06cb2f2846d510846da43cc_M_20_30_pale_yellow_M_30_40_light_brown.jpg,Soil_Labeled_Data/M_50_60/L_70_80/alluvial/z5715142094388_c5aff9d8c06cb2f2846d510846da43cc_M_20_30_pale_yellow_M_30_40_light_brown.jpg,a2c51b2ae7f1b57527ded005ed508ea468f7648869a5203388a1657b0665146f,1b390f0f1f1f8ece,train,5
phash:87a7da1398ed60fe,2,2,5b167c80c006fe73dfc5,Soil_Labeled_Data/M_20_30/L_30_40/alluvial/z5715033411199_2279579c392ffbcec7dc19155430ea38.jpg,Soil_Labeled_Data/M_20_30/L_30_40/alluvial/z5715033411199_2279579c392ffbcec7dc19155430ea38.jpg,b1d8b9d5174219634bde64169c889dc4382e929184f9aacae81db6d40daa2403,1333218113494ac6,train,5
phash:87a7da1398ed60fe,2,2,4dad377ef5595534fbaf,Soil_Labeled_Data/M_20_30/L_30_40/alluvial/z5715033411199_2279579c392ffbcec7dc19155430ea38_aug_00_light_brown.jpg,Soil_Labeled_Data/M_20_30/L_30_40/alluvial/z5715033411199_2279579c392ffbcec7dc19155430ea38_aug_00_light_brown.jpg,5db56ba1d90ca26de8f688a8da5ca47e5d302d01b86e29d1d25b66b5fbf425ef,13312181114b4ac6,train,5
phash:87c8fa61621fe9bb,2,2,fb660dff4af836963f83,Soil_Labeled_Data/M_0_10/L_20_30/alluvial/IMG_0060.JPG,Soil_Labeled_Data/M_0_10/L_20_30/alluvial/IMG_0060.JPG,173c81f0da97dda608f3fcba81d9919c72f051b89dd5d7cff981c3c1c600e6e4,3b734b0d2dcfc7ef,train,5
phash:87c8fa61621fe9bb,2,2,db800ef4b6c67976fe42,Soil_Labeled_Data/M_40_50/L_20_30/alluvial/IMG_0060_M_0_10_light_brown.jpg,Soil_Labeled_Data/M_40_50/L_20_30/alluvial/IMG_0060_M_0_10_light_brown.jpg,f1679af45a432c7a084adba9fc9ac30b92e1f7d39fff240617962d9362f6561b,3b734b0d2dcfc7ef,train,5
phash:8a3d68b1e659cb4f,5,5,b1fa9e8dc9e08985e931,Soil_Labeled_Data/M_30_40/L_20_30/alluvial/z5716143930779_82598f78ba14dbaef200f73e32b8e318.jpg,Soil_Labeled_Data/M_30_40/L_20_30/alluvial/z5716143930779_82598f78ba14dbaef200f73e32b8e318.jpg,2310b7ef926f2e5f93eb1c8d5aeaeefcdbfde30ba5170f4d9b12c3f4f74ddf91,1e272b1317868c03,train,5
phash:8a3d68b1e659cb4f,5,5,043565769de3cf651cf9,Soil_Labeled_Data/M_50_60/L_20_30/alluvial/z5716143930779_82598f78ba14dbaef200f73e32b8e318_M_30_40_clayish_red_M_40_50_gray_brown.jpg,Soil_Labeled_Data/M_50_60/L_20_30/alluvial/z5716143930779_82598f78ba14dbaef200f73e32b8e318_M_30_40_clayish_red_M_40_50_gray_brown.jpg,303f05d9a30038e0ae6e1a755eccd630e73d69f2a993877c3746b8d9278fe618,1a272b1317868c03,train,5
phash:8a3d68b1e659cb4f,5,5,f9b5a9b8e7ea8d11a719,Soil_Labeled_Data/M_50_60/L_20_30/alluvial/z5716143930779_82598f78ba14dbaef200f73e32b8e318_M_30_40_gray_brown.jpg,Soil_Labeled_Data/M_50_60/L_20_30/alluvial/z5716143930779_82598f78ba14dbaef200f73e32b8e318_M_30_40_gray_brown.jpg,3837f815d365e64dff568e01b8e27ece8455c6866a8df7109e094c91e2a1b603,1e27231317868c03,train,5
phash:8a3d68b1e659cb4f,5,5,ca488380259c73092dc8,Soil_Labeled_Data/M_60_70/L_20_30/alluvial/z5716143930779_82598f78ba14dbaef200f73e32b8e318_M_30_40_clayish_red_M_40_50_dark_brown.jpg,Soil_Labeled_Data/M_60_70/L_20_30/alluvial/z5716143930779_82598f78ba14dbaef200f73e32b8e318_M_30_40_clayish_red_M_40_50_dark_brown.jpg,03988a7ce00449675ac4249266a24a66565b346e9a269d7f2434d0060898e79b,1a272b1317868c03,train,5
phash:8a3d68b1e659cb4f,5,5,564450f63be964195c60,Soil_Labeled_Data/M_60_70/L_20_30/alluvial/z5716143930779_82598f78ba14dbaef200f73e32b8e318_M_30_40_gray_brown_M_40_50_gray_brown.jpg,Soil_Labeled_Data/M_60_70/L_20_30/alluvial/z5716143930779_82598f78ba14dbaef200f73e32b8e318_M_30_40_gray_brown_M_40_50_gray_brown.jpg,dbef50ce1576ed14972c486a8cd69f0420b27d02f5ac59ce6dbcf180c9c74fe5,1b27231317868c03,train,5
phash:8a87f33cf199dff1,3,3,2dcbdd9eeb2ad3ffdf9a,Soil_Labeled_Data/M_10_20/L_40_50/alluvial/IMG_0589.JPG,Soil_Labeled_Data/M_10_20/L_40_50/alluvial/IMG_0589.JPG,ecc5a19fb487e1dc86e3c0782989b4372978834179eaba66f687afee520a34a3,96868fab637336ba,train,5
phash:8a87f33cf199dff1,3,3,01517a86151120704854,Soil_Labeled_Data/M_40_50/L_40_50/alluvial/IMG_0589_M_10_20_gray_brown.jpg,Soil_Labeled_Data/M_40_50/L_40_50/alluvial/IMG_0589_M_10_20_gray_brown.jpg,8fb9da4a08d7e1fc87fb846f112693604b3fc21650f0bf558b64f4e085c4dbc5,96868fab637336ba,train,5
phash:8a87f33cf199dff1,3,3,6f3179f3499fca93985f,Soil_Labeled_Data/M_40_50/L_40_50/alluvial/IMG_0589_M_10_20_light_brown.jpg,Soil_Labeled_Data/M_40_50/L_40_50/alluvial/IMG_0589_M_10_20_light_brown.jpg,7c87df3066be2a2a07da6c3cf5daa92f43756cac5ea720a1314cbf6e30bdf726,96868fab637336be,train,5
phash:8ae8b78e4c3d05ab,3,3,2970a6a12f2eef452c23,Soil_Labeled_Data/M_0_10/L_70_80/alluvial/IMG_0292.JPG,Soil_Labeled_Data/M_0_10/L_70_80/alluvial/IMG_0292.JPG,42745de1bc6ccd696f4593fc776c91ce6c9360541db9a460abfc2ff80a311335,2cd8687d616e1d11,validation,5
phash:8ae8b78e4c3d05ab,3,3,20b214979a40c47e1282,Soil_Labeled_Data/M_40_50/L_70_80/alluvial/IMG_0292_M_0_10_pale_yellow.jpg,Soil_Labeled_Data/M_40_50/L_70_80/alluvial/IMG_0292_M_0_10_pale_yellow.jpg,08754d3d210f20032ae66f89277c23d0433266becb984b3d0e801559ddbfafc8,2cb8687d616e1d11,validation,5
phash:8ae8b78e4c3d05ab,3,3,42fe1187f9412dd4d743,Soil_Labeled_Data/M_80_90/L_70_80/alluvial/IMG_0292_M_0_10_pale_yellow_M_40_50_gray_brown_M_60_70_clay_red.jpg,Soil_Labeled_Data/M_80_90/L_70_80/alluvial/IMG_0292_M_0_10_pale_yellow_M_40_50_gray_brown_M_60_70_clay_red.jpg,bb26ac3736e8bf4dee7adc2c41d08d0ca5b748cde8092357ad39501c686d9d53,2cb8687d616e1d11,validation,5
phash:8b71a8bf945bfd44,3,3,d5c8baa47db9bdbfa52b,Soil_Labeled_Data/M_20_30/L_60_70/alluvial/z5715084112046_c4388528720a09f94233e3004fa76f74.jpg,Soil_Labeled_Data/M_20_30/L_60_70/alluvial/z5715084112046_c4388528720a09f94233e3004fa76f74.jpg,dd1bd043f3838840584374de42d8c9d115d6385e7faab5c15861b8fc063c54b6,ce2e65e979948cd6,train,5
phash:8b71a8bf945bfd44,3,3,9a92835bede9c845cdfd,Soil_Labeled_Data/M_30_40/L_60_70/alluvial/z5715084112046_c4388528720a09f94233e3004fa76f74_M_20_30_pale_yellow.jpg,Soil_Labeled_Data/M_30_40/L_60_70/alluvial/z5715084112046_c4388528720a09f94233e3004fa76f74_M_20_30_pale_yellow.jpg,65790033d92d905b33c2934f1bc8c2effbc1b05249f08b71641dff9842a2342d,ce2e65e979948cd6,train,5
phash:8b71a8bf945bfd44,3,3,21612b3c5ee9ada24469,Soil_Labeled_Data/M_80_90/L_60_70/alluvial/z5715084112046_c4388528720a09f94233e3004fa76f74_M_20_30_pale_yellow_M_30_40_light_brown_M_50_60_dark_brown_M_60_70_wet_gray.jpg,Soil_Labeled_Data/M_80_90/L_60_70/alluvial/z5715084112046_c4388528720a09f94233e3004fa76f74_M_20_30_pale_yellow_M_30_40_light_brown_M_50_60_dark_brown_M_60_70_wet_gray.jpg,67eb40b214c7fe65087f97827609462d7d62678b0764e4bb538979e503f3a8e2,ce2665c931948cd6,train,5
phash:8d480b16949f2dfa,3,3,a0dc1ce179439e42e305,Soil_Labeled_Data/M_0_10/L_70_80/alluvial/IMG_0290.JPG,Soil_Labeled_Data/M_0_10/L_70_80/alluvial/IMG_0290.JPG,bd24c8e2f76e69072c2f36aed70c7de98cac581a4ba9c0c41bff9b849c586a7b,1e1b3b79389b8a94,train,5
phash:8d480b16949f2dfa,3,3,fc86d79faa543a7422c4,Soil_Labeled_Data/M_50_60/L_70_80/alluvial/IMG_0290_M_0_10_light_brown_M_40_50_light_brown.jpg,Soil_Labeled_Data/M_50_60/L_70_80/alluvial/IMG_0290_M_0_10_light_brown_M_40_50_light_brown.jpg,e7315be40b6a490e6257f56b608a9a476f881d731d867b49397e495788dafed5,1f1b3b71389b8a95,train,5
phash:8d480b16949f2dfa,3,3,1a06c4e73adec4e8130a,Soil_Labeled_Data/M_60_70/L_70_80/alluvial/IMG_0290_M_0_10_light_brown_M_40_50_light_brown_M_50_60_gray_brown.jpg,Soil_Labeled_Data/M_60_70/L_70_80/alluvial/IMG_0290_M_0_10_light_brown_M_40_50_light_brown_M_50_60_gray_brown.jpg,53f6e00f6921a7baa2a98a316db4924f9921106d952e776b6db2d8e0c2d7f5aa,1f1b3b7138998a95,train,5
phash:8f6adc2c4b57fab2,5,5,9ae0efc59cf6c1e6d704,Soil_Labeled_Data/M_10_20/L_50_60/alluvial/IMG_0644.JPG,Soil_Labeled_Data/M_10_20/L_50_60/alluvial/IMG_0644.JPG,5bb342f0cf56ebda5dd551966e47ba8353b1284d16054cda8fb1c4eb4c4fed4d,87474787c74e0e45,validation,5
phash:8f6adc2c4b57fab2,5,5,41c18c45fdae6e2c362c,Soil_Labeled_Data/M_50_60/L_50_60/alluvial/IMG_0644_M_10_20_light_brown_M_40_50_light_brown.jpg,Soil_Labeled_Data/M_50_60/L_50_60/alluvial/IMG_0644_M_10_20_light_brown_M_40_50_light_brown.jpg,efab13d599a86e7937c6eb5396804ceda79cbc39fb23c9296d2baa7d0965e783,83474787c74e0e45,validation,5
phash:8f6adc2c4b57fab2,5,5,01e5943ddbea33d11722,Soil_Labeled_Data/M_70_80/L_50_60/alluvial/IMG_0644_M_10_20_light_brown_M_40_50_light_brown_M_50_60_dark_brown.jpg,Soil_Labeled_Data/M_70_80/L_50_60/alluvial/IMG_0644_M_10_20_light_brown_M_40_50_light_brown_M_50_60_dark_brown.jpg,559ac71d204e065323885b4c4019f9bdcfe899c08dec5ac1225ff83ef999fd28,83434787c74e0c44,validation,5
phash:8f6adc2c4b57fab2,5,5,b5ab7e23c845226e9684,Soil_Labeled_Data/M_90_100/L_50_60/alluvial/IMG_0644_M_10_20_light_brown_M_40_50_light_brown_M_50_60_dark_brown_M_70_80_clay_red_M_80_90_dark_brown.jpg,Soil_Labeled_Data/M_90_100/L_50_60/alluvial/IMG_0644_M_10_20_light_brown_M_40_50_light_brown_M_50_60_dark_brown_M_70_80_clay_red_M_80_90_dark_brown.jpg,9d81f2126bff2e6b13a14cab02946c8d8b16bf4ce9217170968a7a6be4350f68,83414787c7060444,validation,5
phash:8f6adc2c4b57fab2,5,5,ff7a24cda28f8d9192f7,Soil_Labeled_Data/M_90_100/L_50_60/alluvial/IMG_0644_M_10_20_light_brown_M_40_50_light_brown_M_50_60_dark_brown_M_70_80_wet_gray.jpg,Soil_Labeled_Data/M_90_100/L_50_60/alluvial/IMG_0644_M_10_20_light_brown_M_40_50_light_brown_M_50_60_dark_brown_M_70_80_wet_gray.jpg,a3fdee179b8f4fee100a5963ba499eeb0eda5283752b6a485c90e8a3d8e5fb6f,83434787476e0e44,validation,5
phash:8ffc952b2dd4edb4,2,2,06c58cb4bef0f28d6b62,Soil_Labeled_Data/M_70_80/L_80_90/alluvial/z6637133316811_2946f54350a4e8e69b64c6b6a661c772.jpg,Soil_Labeled_Data/M_70_80/L_80_90/alluvial/z6637133316811_2946f54350a4e8e69b64c6b6a661c772.jpg,2a5a8aaa745905489e0b97d16f2c037d16de1979a50f2b90b0a1b7b005d8b87b,900712308888a662,train,5
phash:8ffc952b2dd4edb4,2,2,9a36a2e38104cae31582,Soil_Labeled_Data/M_70_80/L_80_90/alluvial/z6637133316811_2946f54350a4e8e69b64c6b6a661c772_aug_00_gray_brown.jpg,Soil_Labeled_Data/M_70_80/L_80_90/alluvial/z6637133316811_2946f54350a4e8e69b64c6b6a661c772_aug_00_gray_brown.jpg,efc3adb80f90825d2357f7c0f73b43dc986304083477816f99d0e670cffaf86d,90871230988aa662,train,5
phash:90a9507b3fdd1392,4,4,7038cf428f2417ddc1da,Soil_Labeled_Data/M_30_40/L_50_60/alluvial/z5719945465403_eef403001195b9d5de6375b6fe2e3628.jpg,Soil_Labeled_Data/M_30_40/L_50_60/alluvial/z5719945465403_eef403001195b9d5de6375b6fe2e3628.jpg,c66e939fbbc22170a06eba9435748260f91738867d77cc606c821ec0933f75cf,5e9b9f32273f0d26,train,5
phash:90a9507b3fdd1392,4,4,331a1205b1b8b244f43a,Soil_Labeled_Data/M_50_60/L_50_60/alluvial/z5719945465403_eef403001195b9d5de6375b6fe2e3628_M_30_40_gray_brown.jpg,Soil_Labeled_Data/M_50_60/L_50_60/alluvial/z5719945465403_eef403001195b9d5de6375b6fe2e3628_M_30_40_gray_brown.jpg,9e2945fe30bcd6ae996707af9b3ffdd7bd17e099de95dc57e712023693fa60aa,5e9b9b32273f0d26,train,5
phash:90a9507b3fdd1392,4,4,cc93853fa4573af310e9,Soil_Labeled_Data/M_70_80/L_50_60/alluvial/z5719945465403_eef403001195b9d5de6375b6fe2e3628_M_30_40_pale_yellow_M_40_50_light_brown_M_50_60_clay_red.jpg,Soil_Labeled_Data/M_70_80/L_50_60/alluvial/z5719945465403_eef403001195b9d5de6375b6fe2e3628_M_30_40_pale_yellow_M_40_50_light_brown_M_50_60_clay_red.jpg,c98ba43e667361ca6a277a7b145b776fb8ecb6e2897bf937694e94f41aabeef8,560b9b32272f0d26,train,5
phash:90a9507b3fdd1392,4,4,1930cef15785bb289644,Soil_Labeled_Data/M_80_90/L_50_60/alluvial/z5719945465403_eef403001195b9d5de6375b6fe2e3628_M_30_40_pale_yellow_M_40_50_light_brown_M_50_60_clay_red_M_70_80_wet_gray.jpg,Soil_Labeled_Data/M_80_90/L_50_60/alluvial/z5719945465403_eef403001195b9d5de6375b6fe2e3628_M_30_40_pale_yellow_M_40_50_light_brown_M_50_60_clay_red_M_70_80_wet_gray.jpg,05bf3105b7bfaab9a9e814e8bb1ea7834c3863858b98c3993b286b3c903dcab5,4c8b8b32273b0d26,train,5
phash:90d40b8428492776,2,2,a8b3cb87d648befcc460,Soil_Labeled_Data/M_30_40/L_50_60/alluvial/z5719945372269_2a3fa83b9d92ccaa70da062eccace05c.jpg,Soil_Labeled_Data/M_30_40/L_50_60/alluvial/z5719945372269_2a3fa83b9d92ccaa70da062eccace05c.jpg,7d992db2ce611c897cb405ede2c97e1a7b574ba1b49cbf35b780b79cda759a7a,2e0e34312d441184,train,5
phash:90d40b8428492776,2,2,5a41ba08e986126860fe,Soil_Labeled_Data/M_30_40/L_50_60/alluvial/z5719945372269_2a3fa83b9d92ccaa70da062eccace05c_aug_00_gray_brown.jpg,Soil_Labeled_Data/M_30_40/L_50_60/alluvial/z5719945372269_2a3fa83b9d92ccaa70da062eccace05c_aug_00_gray_brown.jpg,2704dd0863cbe6c94be044f2b6794325960f2ac7e3bbd72052b3c774eb38f76d,2e0c34312d641184,train,5
phash:91b121c2b098a87b,5,5,a33a6dd8d1e8ee727b1a,Soil_Labeled_Data/M_30_40/L_20_30/alluvial/z5716144083688_2c23641d859dd12e7ca459c954f4e5a3.jpg,Soil_Labeled_Data/M_30_40/L_20_30/alluvial/z5716144083688_2c23641d859dd12e7ca459c954f4e5a3.jpg,3a97090e1fad8ea1a12c11a4f43e1a2a0dadc784f30d79a2a13e23e2a776de2c,56230b0b35221235,train,5
phash:91b121c2b098a87b,5,5,2962b05d7f8eabc214e0,Soil_Labeled_Data/M_40_50/L_20_30/alluvial/z5716144083688_2c23641d859dd12e7ca459c954f4e5a3_M_30_40_light_brown.jpg,Soil_Labeled_Data/M_40_50/L_20_30/alluvial/z5716144083688_2c23641d859dd12e7ca459c954f4e5a3_M_30_40_light_brown.jpg,a3400cc52b594fd15511bcd59f6c7c9fa617263d21d596f47982598d4614c319,d6230b0b35221235,train,5
phash:91b121c2b098a87b,5,5,2056ad94cbb689e9e828,Soil_Labeled_Data/M_50_60/L_20_30/alluvial/z5716144083688_2c23641d859dd12e7ca459c954f4e5a3_M_30_40_gray_brown.jpg,Soil_Labeled_Data/M_50_60/L_20_30/alluvial/z5716144083688_2c23641d859dd12e7ca459c954f4e5a3_M_30_40_gray_brown.jpg,ebb5626f84a683d2de08b953497c0a7c2507d16bd4a75867be37388a249df32c,56210b0b352212b5,train,5
phash:91b121c2b098a87b,5,5,8fee1fe5350d4e330b9c,Soil_Labeled_Data/M_50_60/L_20_30/alluvial/z5716144083688_2c23641d859dd12e7ca459c954f4e5a3_M_30_40_gray_brown_M_40_50_gray_brown.jpg,Soil_Labeled_Data/M_50_60/L_20_30/alluvial/z5716144083688_2c23641d859dd12e7ca459c954f4e5a3_M_30_40_gray_brown_M_40_50_gray_brown.jpg,c23872177d3ab4206547d5a1aafe59dba344c29984c4d50354485da15c14e5fa,56230b0b35221031,train,5
phash:91b121c2b098a87b,5,5,534cb91292bd1767d4ea,Soil_Labeled_Data/M_70_80/L_20_30/alluvial/z5716144083688_2c23641d859dd12e7ca459c954f4e5a3_M_30_40_gray_brown_M_40_50_gray_brown_M_50_60_dark_brown_M_60_70_clay_red.jpg,Soil_Labeled_Data/M_70_80/L_20_30/alluvial/z5716144083688_2c23641d859dd12e7ca459c954f4e5a3_M_30_40_gray_brown_M_40_50_gray_brown_M_50_60_dark_brown_M_60_70_clay_red.jpg,22e3601a95da8266cdab42cedc574b43f457baf916e6d6566617389c230f8a37,54230b0b25221021,train,5
phash:91e2c3885496767c,2,2,9843ffa15f958a35b871,Soil_Labeled_Data/M_10_20/L_80_90/alluvial/IMG_0749.JPG,Soil_Labeled_Data/M_10_20/L_80_90/alluvial/IMG_0749.JPG,405b4715c47ceb5e729d1a27774661785412a326fb97db261aa7271c07822c92,2a4dcc1c5c51b7ad,train,5
phash:91e2c3885496767c,2,2,5169d5c450bc089d7895,Soil_Labeled_Data/M_40_50/L_80_90/alluvial/IMG_0749_M_10_20_pale_yellow.jpg,Soil_Labeled_Data/M_40_50/L_80_90/alluvial/IMG_0749_M_10_20_pale_yellow.jpg,b568c805751ba61672bc399ec4d39bb84cb45bb361a2cd8be58320fad695133f,2a4dc4145c51a7a9,train,5
phash:9273858716ba3bbb,2,2,e1acb10ee9de7c11c2f4,Soil_Labeled_Data/M_70_80/L_80_90/alluvial/z6637130735106_772755f9dc53b349f090eda92e53e822.jpg,Soil_Labeled_Data/M_70_80/L_80_90/alluvial/z6637130735106_772755f9dc53b349f090eda92e53e822.jpg,5071e19dfea6c57a7a2907e834477697ce93a85b2224957dc529b89db2c73066,ec38989c74e7f2f9,train,5
phash:9273858716ba3bbb,2,2,92f50ce1229142fa287b,Soil_Labeled_Data/M_70_80/L_80_90/alluvial/z6637130735106_772755f9dc53b349f090eda92e53e822_aug_04_wet_gray.jpg,Soil_Labeled_Data/M_70_80/L_80_90/alluvial/z6637130735106_772755f9dc53b349f090eda92e53e822_aug_04_wet_gray.jpg,2f700efda5db45abbbb2527d483e0a3459ccd9a10cbf69d04209cab94170bacb,ec38989c74e7f2f9,train,5
phash:92e9a35c55bd879b,2,2,ff2e999d6563cf166034,Soil_Labeled_Data/M_20_30/L_40_50/alluvial/z5715051640126_93edb1c1e172d322cc3512303955fa03.jpg,Soil_Labeled_Data/M_20_30/L_40_50/alluvial/z5715051640126_93edb1c1e172d322cc3512303955fa03.jpg,5b65b04834612b20014d72b2999032f1909555b0612d8b082f7d1afcdbc9a02b,7b4bc7110f2c2206,train,5
phash:92e9a35c55bd879b,2,2,cd84c447651d738f2df0,Soil_Labeled_Data/M_20_30/L_40_50/alluvial/z5715051640126_93edb1c1e172d322cc3512303955fa03_aug_01_clay_red.jpg,Soil_Labeled_Data/M_20_30/L_40_50/alluvial/z5715051640126_93edb1c1e172d322cc3512303955fa03_aug_01_clay_red.jpg,caec3bd9a8a963beb8e0d7d31ec0ee80c06c67378ebf36818a2dd12383fcc707,7b4bc7110b2c2206,train,5
phash:935f13b0e6ded6a5,2,2,ef1bce15fc4d9d7aba2d,Soil_Labeled_Data/M_0_10/L_70_80/alluvial/IMG_0291.JPG,Soil_Labeled_Data/M_0_10/L_70_80/alluvial/IMG_0291.JPG,3c16958628c76958f68f7bdf4eb62b7d145c1364c777e3348d0e694747a6fe50,8c2a1e723699f064,train,5
phash:935f13b0e6ded6a5,2,2,9fdca2f0d8037a1b19c6,Soil_Labeled_Data/M_40_50/L_70_80/alluvial/IMG_0291_M_0_10_light_brown.jpg,Soil_Labeled_Data/M_40_50/L_70_80/alluvial/IMG_0291_M_0_10_light_brown.jpg,c0a7c284146fba3294f5e16d61b14923d6686440ea357891ec8681bd41430b00,9c3a3e623699f164,train,5
phash:93e21936b8adaeb4,2,2,4f0627c3724650799c8a,Soil_Labeled_Data/M_10_20/L_10_20/alluvial/IMG_0456.JPG,Soil_Labeled_Data/M_10_20/L_10_20/alluvial/IMG_0456.JPG,0e5b8cdf11fd92993a1a16d97ec5380e20b411f2f2875be8747d2d3af4ad7762,eb27733b0f8d4a63,train,5
phash:93e21936b8adaeb4,2,2,9addd3de7d38e5b5219c,Soil_Labeled_Data/M_40_50/L_10_20/alluvial/IMG_0456_M_10_20_gray_brown.jpg,Soil_Labeled_Data/M_40_50/L_10_20/alluvial/IMG_0456_M_10_20_gray_brown.jpg,dbfd786b549a465dcb2019e50e361dc538bbfad3fd862767253bb570f3635357,eb2773390f8d4a63,train,5
phash:941a871f81e9813c,3,3,961d0448acd2b581019e,Soil_Labeled_Data/M_20_30/L_70_80/alluvial/z5715142229857_c6b81d36db95f193a6b59ac535fea2cc.jpg,Soil_Labeled_Data/M_20_30/L_70_80/alluvial/z5715142229857_c6b81d36db95f193a6b59ac535fea2cc.jpg,b910b800435e588c5c942f78116ff1209bf50909f585623746602b27230288a9,29913001011aced3,validation,5
phash:941a871f81e9813c,3,3,bfd7ea5807fb4c0b752a,Soil_Labeled_Data/M_80_90/L_70_80/alluvial/z5715142229857_c6b81d36db95f193a6b59ac535fea2cc_M_20_30_pale_yellow_M_30_40_gray_brown_M_50_60_dark_brown_M_70_80_clay_red.jpg,Soil_Labeled_Data/M_80_90/L_70_80/alluvial/z5715142229857_c6b81d36db95f193a6b59ac535fea2cc_M_20_30_pale_yellow_M_30_40_gray_brown_M_50_60_dark_brown_M_70_80_clay_red.jpg,df21a347babd42c0fcef4257512cbf367c6dcdda7137da3102e10e596d787fba,299130010112a6c3,validation,5
phash:941a871f81e9813c,3,3,abde11f2e9090a25a01c,Soil_Labeled_Data/M_80_90/L_70_80/alluvial/z5715142229857_c6b81d36db95f193a6b59ac535fea2cc_M_20_30_pale_yellow_M_30_40_gray_brown_M_50_60_gray_brown_M_60_70_clay_red_M_70_80_wet_gray.jpg,Soil_Labeled_Data/M_80_90/L_70_80/alluvial/z5715142229857_c6b81d36db95f193a6b59ac535fea2cc_M_20_30_pale_yellow_M_30_40_gray_brown_M_50_60_gray_brown_M_60_70_clay_red_M_70_80_wet_gray.jpg,610606bfd594096e5dd7136f237f930390a505bfba97a7c876a2c2bd31ca0f9f,099120010112aec3,validation,5
phash:94504f8b15c25eb0,3,3,928cb660b388fd294fa3,Soil_Labeled_Data/M_10_20/L_20_30/alluvial/IMG_0516.JPG,Soil_Labeled_Data/M_10_20/L_20_30/alluvial/IMG_0516.JPG,3421448f32adccfff2d7c5988f7cd686f3c64e5506562d1c7db4787c021b954b,b4921533460b6712,train,5
phash:94504f8b15c25eb0,3,3,dbae417a405d913c3d69,Soil_Labeled_Data/M_70_80/L_20_30/alluvial/IMG_0516_M_10_20_gray_brown_M_40_50_light_brown_M_50_60_dark_brown_M_60_70_clay_red.jpg,Soil_Labeled_Data/M_70_80/L_20_30/alluvial/IMG_0516_M_10_20_gray_brown_M_40_50_light_brown_M_50_60_dark_brown_M_60_70_clay_red.jpg,f0556e330b5e155d1f50237230cbb5542edd84cd48487eb9fe079886b99cc815,b482113106096712,train,5
phash:94504f8b15c25eb0,3,3,6819f5ab63dfd5cc1bd0,Soil_Labeled_Data/M_90_100/L_20_30/alluvial/IMG_0516_M_10_20_gray_brown_M_40_50_gray_brown_M_60_70_wet_gray_M_80_90_dark_brown.jpg,Soil_Labeled_Data/M_90_100/L_20_30/alluvial/IMG_0516_M_10_20_gray_brown_M_40_50_gray_brown_M_60_70_wet_gray_M_80_90_dark_brown.jpg,336a624cb94757d7b095dea46882b687f9cd792ee2b7c1637f2ee96a5a09f727,b4821111860a4712,train,5
phash:95f443aa52a50ebf,4,2,5399127238839d918550,Soil_Labeled_Data/M_30_40/L_80_90/alluvial/z5720115869917_a1c0c0f135fb5443e070ba2cfa3f59b5.jpg,Soil_Labeled_Data/M_30_40/L_80_90/alluvial/z5720115869917_a1c0c0f135fb5443e070ba2cfa3f59b5.jpg,75af8544493631632ecb26dbf0ebbaccebb83a95700602043d0f9d43d51d6261,91a0ec3325cc3930,train,5
phash:95f443aa52a50ebf,4,2,59928749aae795f377f8,Soil_Labeled_Data/M_50_60/L_80_90/alluvial/M_50_60_L_80_90_0002_wet_gray.jpg,Soil_Labeled_Data/M_50_60/L_80_90/alluvial/M_50_60_L_80_90_0002_wet_gray.jpg,bb1681ebd1d6b6f17c9088f88424d6c0e2e3a3f4f55031d633c8654aac149360,9120ec3325cc3930,train,5
phash:95f443aa52a50ebf,4,2,ec7144cf11d7268e9efb,Soil_Labeled_Data/M_50_60/L_80_90/alluvial/z5720115869917_a1c0c0f135fb5443e070ba2cfa3f59b5.jpg,Soil_Labeled_Data/M_50_60/L_80_90/alluvial/z5720115869917_a1c0c0f135fb5443e070ba2cfa3f59b5.jpg,75af8544493631632ecb26dbf0ebbaccebb83a95700602043d0f9d43d51d6261,91a0ec3325cc3930,train,5
phash:95f443aa52a50ebf,4,2,5a2037c36dfb748735e9,Soil_Labeled_Data/M_60_70/L_80_90/alluvial/z5720115869917_a1c0c0f135fb5443e070ba2cfa3f59b5.jpg,Soil_Labeled_Data/M_60_70/L_80_90/alluvial/z5720115869917_a1c0c0f135fb5443e070ba2cfa3f59b5.jpg,75af8544493631632ecb26dbf0ebbaccebb83a95700602043d0f9d43d51d6261,91a0ec3325cc3930,train,5
phash:973bc84196291d6c,2,2,9b6b802034e9075bd5cf,Soil_Labeled_Data/M_80_90/L_80_90/alluvial/z5613703690832_9a6ffbbcfe22a421836e1a70bf5a4058.jpg,Soil_Labeled_Data/M_80_90/L_80_90/alluvial/z5613703690832_9a6ffbbcfe22a421836e1a70bf5a4058.jpg,2b2352a5d2d4d5c2eb01b8ff8219afce5f280265a5fb3cd3566a367ee7f89aa1,daee2c4683c9c1e1,train,5
phash:973bc84196291d6c,2,2,a3b0c2123cfb6579b1ea,Soil_Labeled_Data/M_90_100/L_80_90/alluvial/M_90_100_L_80_90_0012_wet_gray.jpg,Soil_Labeled_Data/M_90_100/L_80_90/alluvial/M_90_100_L_80_90_0012_wet_gray.jpg,e70dea0b5f3659363d1f50889804cb30237a686567ce72c7d3dc7d7ec598807f,daee2c4683c9c1e1,train,5
phash:97840c038cf0ca41,4,4,563310907c591d3b3761,Soil_Labeled_Data/M_10_20/L_20_30/alluvial/IMG_0507.JPG,Soil_Labeled_Data/M_10_20/L_20_30/alluvial/IMG_0507.JPG,5782e1ee95d73376b20d2b3b292fc22c3b819f523c2c6f37d0a3a0954897d43e,24274f0327ebfbb7,train,5
phash:97840c038cf0ca41,4,4,f05784c26a5f222743f2,Soil_Labeled_Data/M_40_50/L_20_30/alluvial/IMG_0507_M_10_20_clayish_red.jpg,Soil_Labeled_Data/M_40_50/L_20_30/alluvial/IMG_0507_M_10_20_clayish_red.jpg,00e2c8039b590f6c91c173333ae1cad1aacd3ace634468b45fe619fd6a4f655b,24274f0327ebfbb7,train,5
phash:97840c038cf0ca41,4,4,3258b44e7f5f7b3d64b5,Soil_Labeled_Data/M_50_60/L_20_30/alluvial/IMG_0507_M_10_20_clayish_red_M_40_50_gray_brown.jpg,Soil_Labeled_Data/M_50_60/L_20_30/alluvial/IMG_0507_M_10_20_clayish_red_M_40_50_gray_brown.jpg,4787bf4b4884928212b20e7959f317171ef6e99d4cd58dc4043aa1c26aa91542,24274f0327ebfbb7,train,5
phash:97840c038cf0ca41,4,4,8211115e62e1933e1934,Soil_Labeled_Data/M_60_70/L_20_30/alluvial/IMG_0507_M_10_20_clayish_red_M_40_50_gray_brown_M_50_60_dark_brown.jpg,Soil_Labeled_Data/M_60_70/L_20_30/alluvial/IMG_0507_M_10_20_clayish_red_M_40_50_gray_brown_M_50_60_dark_brown.jpg,b937a86d9862cb18b863b0360f48718f681ad67ff907a9e9c39c06fab5e6377c,24274f03276bfbb7,train,5
phash:984a40d9cc34abc9,9,9,85641898d5f2e8a948fb,Soil_Labeled_Data/M_10_20/L_60_70/alluvial/IMG_0676.JPG,Soil_Labeled_Data/M_10_20/L_60_70/alluvial/IMG_0676.JPG,8ef3f93246f0d93faf3f50ec2b9f4c824433b1589008e0b34a3c22cdc0829dd4,d40439b9a5a4b2b9,train,5
phash:984a40d9cc34abc9,9,9,2520e5aa2cfb5ba933bf,Soil_Labeled_Data/M_10_20/L_60_70/alluvial/IMG_0676_aug_09_light_brown.jpg,Soil_Labeled_Data/M_10_20/L_60_70/alluvial/IMG_0676_aug_09_light_brown.jpg,7c50fd18463f561944f05197fc4a891b7a18ef3d49bf898604e0886fa9886c12,d40439b9a5a4b2b9,train,5
phash:984a40d9cc34abc9,9,9,c826f9ca288766fcadbb,Soil_Labeled_Data/M_10_20/L_60_70/alluvial/IMG_0677.JPG,Soil_Labeled_Data/M_10_20/L_60_70/alluvial/IMG_0677.JPG,b82f747d017c79a9821acd75d5a61a9d1afd4c5ffa399838338b1c5cf91f252d,d40439b9a5a4b2b9,train,5
phash:984a40d9cc34abc9,9,9,4e343e2420dbb94be9c1,Soil_Labeled_Data/M_10_20/L_60_70/alluvial/IMG_0677_aug_06_wet_gray.jpg,Soil_Labeled_Data/M_10_20/L_60_70/alluvial/IMG_0677_aug_06_wet_gray.jpg,a02a82cb24c519743e328247b45210976b3a7dfe1c0c9f8585cc8d4e9baef037,d42431b9a5a4b2b9,train,5
phash:984a40d9cc34abc9,9,9,6bf3e074b961b3288781,Soil_Labeled_Data/M_30_40/L_60_70/alluvial/IMG_0676_M_10_20_pale_yellow.jpg,Soil_Labeled_Data/M_30_40/L_60_70/alluvial/IMG_0676_M_10_20_pale_yellow.jpg,01271748c5b9ff3eb564a6bd1727f8d071da4a4a8d56b28d1b8e689e26135b3d,d42439b9a5a4b2b9,train,5
phash:984a40d9cc34abc9,9,9,e165e07273a28f95bdbd,Soil_Labeled_Data/M_30_40/L_60_70/alluvial/IMG_0677_M_10_20_light_brown.jpg,Soil_Labeled_Data/M_30_40/L_60_70/alluvial/IMG_0677_M_10_20_light_brown.jpg,000f64f52ef3031ca22cd979e43453e67d9a908f2ea003a2f3fce77d682cb8c8,d42431b9a5a492b9,train,5
phash:984a40d9cc34abc9,9,9,fcc34303ba9b90b691c1,Soil_Labeled_Data/M_40_50/L_60_70/alluvial/IMG_0677_M_10_20_pale_yellow.jpg,Soil_Labeled_Data/M_40_50/L_60_70/alluvial/IMG_0677_M_10_20_pale_yellow.jpg,bd84697e9c08e1ac1bce24e36f0fd66ab43cec1f8c1b5a69a8375d9144cd7360,d4043db9a5a492b9,train,5
phash:984a40d9cc34abc9,9,9,158fd6ecb1b45058b47c,Soil_Labeled_Data/M_50_60/L_60_70/alluvial/IMG_0676_M_10_20_pale_yellow_M_30_40_gray_brown.jpg,Soil_Labeled_Data/M_50_60/L_60_70/alluvial/IMG_0676_M_10_20_pale_yellow_M_30_40_gray_brown.jpg,8803a0f3c3053df4e1ff510de68a91a278e216dfe3756be5d11ba70fb33a9fd5,d40439b9a5a492b9,train,5
phash:984a40d9cc34abc9,9,9,50877ffb25b9b2163006,Soil_Labeled_Data/M_70_80/L_60_70/alluvial/IMG_0676_M_10_20_clayish_red_M_40_50_gray_brown_M_50_60_dark_brown_M_60_70_clay_red.jpg,Soil_Labeled_Data/M_70_80/L_60_70/alluvial/IMG_0676_M_10_20_clayish_red_M_40_50_gray_brown_M_50_60_dark_brown_M_60_70_clay_red.jpg,debd0a72a261a7b302266dbaaac21be5e38d19067814f18e023216135c9260ca,d40439b9a5a4b2b9,train,5
phash:989c11f801dd17a4,2,2,9f7273644c072e4a696d,Soil_Labeled_Data/M_20_30/L_70_80/alluvial/z5715142111427_710989d5ad90708c35b310578e9c654f.jpg,Soil_Labeled_Data/M_20_30/L_70_80/alluvial/z5715142111427_710989d5ad90708c35b310578e9c654f.jpg,24e29037ec5b0bb5cc7e12653dba3e102d64d80e35c7fbe69fd5eff8187d245c,97b67f3e32323198,train,5
phash:989c11f801dd17a4,2,2,5d92a4d238d38486aee1,Soil_Labeled_Data/M_70_80/L_70_80/alluvial/z5715142111427_710989d5ad90708c35b310578e9c654f_M_20_30_light_brown_M_30_40_gray_brown_M_50_60_dark_brown_M_60_70_clay_red.jpg,Soil_Labeled_Data/M_70_80/L_70_80/alluvial/z5715142111427_710989d5ad90708c35b310578e9c654f_M_20_30_light_brown_M_30_40_gray_brown_M_50_60_dark_brown_M_60_70_clay_red.jpg,754016307ba1f42b0b6ad77d20393a7ca7d5f4eaa0c18b932dfc1321e4111af2,97b6773c32223198,train,5
phash:98cba7f801fd0d43,7,7,4a1ddad748dd9121286d,Soil_Labeled_Data/M_30_40/L_50_60/alluvial/z5719945494405_a556366a429daf9a78448e62806f33bb.jpg,Soil_Labeled_Data/M_30_40/L_50_60/alluvial/z5719945494405_a556366a429daf9a78448e62806f33bb.jpg,fb922ae008179176ac440a65481e10fcc871cf7a27e185da1329955ef063c51b,06b716766787e169,train,5
phash:98cba7f801fd0d43,7,7,b328cc86830cc0eeb67c,Soil_Labeled_Data/M_40_50/L_50_60/alluvial/z5719945494405_a556366a429daf9a78448e62806f33bb_M_30_40_gray_brown.jpg,Soil_Labeled_Data/M_40_50/L_50_60/alluvial/z5719945494405_a556366a429daf9a78448e62806f33bb_M_30_40_gray_brown.jpg,646b2a93b02f618b01f9a6147e16dce264d3d484f66f760909ae2268c8d769aa,16b71e766793e169,train,5
phash:98cba7f801fd0d43,7,7,794c0c4f95b89eddc81f,Soil_Labeled_Data/M_60_70/L_50_60/alluvial/z5719945494405_a556366a429daf9a78448e62806f33bb_M_30_40_gray_brown_M_40_50_gray_brown.jpg,Soil_Labeled_Data/M_60_70/L_50_60/alluvial/z5719945494405_a556366a429daf9a78448e62806f33bb_M_30_40_gray_brown_M_40_50_gray_brown.jpg,a79cdcfd7ae0726002290b48008c869232991f87dc92a5889335d4db5ccd566b,06b7167667876069,train,5
phash:98cba7f801fd0d43,7,7,2a825636676505a34ec2,Soil_Labeled_Data/M_70_80/L_50_60/alluvial/z5719945494405_a556366a429daf9a78448e62806f33bb_M_30_40_gray_brown_M_40_50_gray_brown_M_60_70_clay_red.jpg,Soil_Labeled_Data/M_70_80/L_50_60/alluvial/z5719945494405_a556366a429daf9a78448e62806f33bb_M_30_40_gray_brown_M_40_50_gray_brown_M_60_70_clay_red.jpg,69a3d2b0bcdcb24a43628adb16c2419b3902a326a3148f838b9bdc6af589fddf,16b716766783e069,train,5
phash:98cba7f801fd0d43,7,7,41de7075aa0c6e7d202a,Soil_Labeled_Data/M_70_80/L_50_60/alluvial/z5719945494405_a556366a429daf9a78448e62806f33bb_M_30_40_light_brown_M_50_60_dark_brown.jpg,Soil_Labeled_Data/M_70_80/L_50_60/alluvial/z5719945494405_a556366a429daf9a78448e62806f33bb_M_30_40_light_brown_M_50_60_dark_brown.jpg,1b845516b47e5a95a9b96e11ccc810a6da91083238844570be31ec13f5601ba8,16b716766797e069,train,5
phash:98cba7f801fd0d43,7,7,0d1d85303f20c92c4364,Soil_Labeled_Data/M_80_90/L_50_60/alluvial/z5719945494405_a556366a429daf9a78448e62806f33bb_M_30_40_gray_brown_M_40_50_gray_brown_M_60_70_clay_red_M_70_80_wet_gray.jpg,Soil_Labeled_Data/M_80_90/L_50_60/alluvial/z5719945494405_a556366a429daf9a78448e62806f33bb_M_30_40_gray_brown_M_40_50_gray_brown_M_60_70_clay_red_M_70_80_wet_gray.jpg,c47f1286955e7aae5a2cbd994da5a4d25d0fb17dd9dc0f53099f3d97926b4256,0637125667836069,train,5
phash:98cba7f801fd0d43,7,7,8170858d4fa165717b55,Soil_Labeled_Data/M_90_100/L_50_60/alluvial/z5719945494405_a556366a429daf9a78448e62806f33bb_M_30_40_light_brown_M_50_60_dark_brown_M_70_80_wet_gray.jpg,Soil_Labeled_Data/M_90_100/L_50_60/alluvial/z5719945494405_a556366a429daf9a78448e62806f33bb_M_30_40_light_brown_M_50_60_dark_brown_M_70_80_wet_gray.jpg,36a1178b89ce0c8e326706c185d477c0214568102883e6def03961cf574537fe,063716366783e061,train,5
phash:99c1075b537c31fa,2,2,508e9e723222e53b49b3,Soil_Labeled_Data/M_30_40/L_40_50/alluvial/z5719914857645_99adc09da6f4dc19458272bd48872c97.jpg,Soil_Labeled_Data/M_30_40/L_40_50/alluvial/z5719914857645_99adc09da6f4dc19458272bd48872c97.jpg,73bfa123bbb03de196eb3d9564dda017ac8cdb679c7f66100813592c471dc5ac,234b560913050b14,train,5
phash:99c1075b537c31fa,2,2,9aee3ce05d6b65be0404,Soil_Labeled_Data/M_60_70/L_40_50/alluvial/z5719914857645_99adc09da6f4dc19458272bd48872c97_M_30_40_gray_brown_M_40_50_gray_brown.jpg,Soil_Labeled_Data/M_60_70/L_40_50/alluvial/z5719914857645_99adc09da6f4dc19458272bd48872c97_M_30_40_gray_brown_M_40_50_gray_brown.jpg,684286642ebc7c3148add7f191561f6eb6b033615a386e7f41e3b7ab442f2036,234b560913050b04,train,5
phash:9a4f78194ba33596,2,2,4d1de4f3b67e502b6dd8,Soil_Labeled_Data/M_0_10/L_90_100/alluvial/IMG_0372.JPG,Soil_Labeled_Data/M_0_10/L_90_100/alluvial/IMG_0372.JPG,fbfea86d0b5d0061a0648d8a27c2903a590905803d5ccbedd9d3bd8f78d11232,464665a3e4e6e462,train,5
phash:9a4f78194ba33596,2,2,8356f01644a3ffe5ddfe,Soil_Labeled_Data/M_50_60/L_90_100/alluvial/M_50_60_L_90_100_0083_light_brown.jpg,Soil_Labeled_Data/M_50_60/L_90_100/alluvial/M_50_60_L_90_100_0083_light_brown.jpg,a91d174bc31bcefda444dcd347792e0de582bf45f69590aac1341c5540c00fad,424225a1e4e46462,train,5
phash:9d2033d48628688c,6,6,c1789df6e86e5ba60250,Soil_Labeled_Data/M_10_20/L_70_80/alluvial/IMG_0709.JPG,Soil_Labeled_Data/M_10_20/L_70_80/alluvial/IMG_0709.JPG,f60b55d11a7949e8ce9a109418868b7b01fe498db345fd98ffd41b6cb1266a89,efb39955b5abb7d7,train,5
phash:9d2033d48628688c,6,6,c0fc88ee6b1087b277fa,Soil_Labeled_Data/M_30_40/L_70_80/alluvial/IMG_0708_M_10_20_light_brown.jpg,Soil_Labeled_Data/M_30_40/L_70_80/alluvial/IMG_0708_M_10_20_light_brown.jpg,a1e5175a9b7e4ee2d21f1efb4577e9e7d9ce9295b6fe16915ae7e7530991aaef,efb39955b5abb7d7,train,5
phash:9d2033d48628688c,6,6,512fc0be03ef896aea33,Soil_Labeled_Data/M_30_40/L_70_80/alluvial/IMG_0709_M_10_20_pale_yellow.jpg,Soil_Labeled_Data/M_30_40/L_70_80/alluvial/IMG_0709_M_10_20_pale_yellow.jpg,d38ab34f3b718299595f0127563de34bf50765f8851a6a2e0b61a57536ac604a,efb39955b5abb3d7,train,5
phash:9d2033d48628688c,6,6,4fcc937d96d002080788,Soil_Labeled_Data/M_70_80/L_70_80/alluvial/IMG_0708_M_10_20_clayish_red_M_40_50_light_brown_M_50_60_clay_red.jpg,Soil_Labeled_Data/M_70_80/L_70_80/alluvial/IMG_0708_M_10_20_clayish_red_M_40_50_light_brown_M_50_60_clay_red.jpg,397bd92c883d070dc231121fbbe5a9fc61c4870d7d703e46df34f09c4e3c2b52,cfb391d5b5a9b3d3,train,5
phash:9d2033d48628688c,6,6,d9b006373054c6e1a8e3,Soil_Labeled_Data/M_80_90/L_70_80/alluvial/IMG_0708_M_10_20_clayish_red_M_40_50_light_brown_M_50_60_gray_brown_M_60_70_clay_red_M_70_80_clay_red.jpg,Soil_Labeled_Data/M_80_90/L_70_80/alluvial/IMG_0708_M_10_20_clayish_red_M_40_50_light_brown_M_50_60_gray_brown_M_60_70_clay_red_M_70_80_clay_red.jpg,06e6bbbc94b1cb09aadd0ec6a1c84111335e274e6b3ed0f2652356bc3d8ddf09,efb39155b521b3d3,train,5
phash:9d2033d48628688c,6,6,067575c838c49394a55e,Soil_Labeled_Data/M_90_100/L_70_80/alluvial/IMG_0708_M_10_20_clayish_red_M_40_50_light_brown_M_50_60_gray_brown_M_60_70_wet_gray_M_80_90_dark_brown.jpg,Soil_Labeled_Data/M_90_100/L_70_80/alluvial/IMG_0708_M_10_20_clayish_red_M_40_50_light_brown_M_50_60_gray_brown_M_60_70_wet_gray_M_80_90_dark_brown.jpg,dc2388b60d5bfba0183862cb96396f4ee87de134a9bf278a58d2f39fb2688c21,cd939145b5a9b3d3,train,5
phash:9d431cab8795e4bf,2,2,efca98e9ee8dfd5da2ee,Soil_Labeled_Data/M_80_90/L_80_90/alluvial/z5613704249404_edbe7fe10db96e1d859c72ec4c44ceff.jpg,Soil_Labeled_Data/M_80_90/L_80_90/alluvial/z5613704249404_edbe7fe10db96e1d859c72ec4c44ceff.jpg,d188e602553f7c7c499bb57ebf65338ff6d6dae91915235194c7f6c920362c3f,012043d3cc66b2db,train,5
phash:9d431cab8795e4bf,2,2,21a580387204d9bcb902,Soil_Labeled_Data/M_90_100/L_80_90/alluvial/M_90_100_L_80_90_0068_gray_brown.jpg,Soil_Labeled_Data/M_90_100/L_80_90/alluvial/M_90_100_L_80_90_0068_gray_brown.jpg,672a91f886d1b1afbbe20f5efce87c4ffa6fc21439b0f51b1df1c6da8a97b9c5,012041d3cc66b2db,train,5
phash:9eb4ee466e7f1dc6,2,2,526ef66582a00124cca7,Soil_Labeled_Data/M_10_20/L_30_40/alluvial/IMG_0548.JPG,Soil_Labeled_Data/M_10_20/L_30_40/alluvial/IMG_0548.JPG,83706b2f205b2d1960a0633c7c2bfd2416ea22dcb0a137b36822a30a991e8cad,4d67cf0f0d8bb3c3,test,5
phash:9eb4ee466e7f1dc6,2,2,c55ca7ecab850d055d98,Soil_Labeled_Data/M_40_50/L_30_40/alluvial/IMG_0548_M_10_20_light_brown.jpg,Soil_Labeled_Data/M_40_50/L_30_40/alluvial/IMG_0548_M_10_20_light_brown.jpg,fe9423a4790ff02aa7cf5323796c5fef4a4d0232824d38ecf78f2e177c9d5e6f,4d67cf0f0d8bb3c3,test,5
phash:9fb314b66ba5fac9,3,3,ef838efb6e4071aba292,Soil_Labeled_Data/M_30_40/L_20_30/alluvial/z5716143848502_4bd0eba511c987674067e6093eb213b9.jpg,Soil_Labeled_Data/M_30_40/L_20_30/alluvial/z5716143848502_4bd0eba511c987674067e6093eb213b9.jpg,de1a5562a97bddbe7a04dee7a5b2c39c662a032433d6d4db79cfb5aa7ad8a226,069a191622235a34,train,5
phash:9fb314b66ba5fac9,3,3,09c39d21323941b9a608,Soil_Labeled_Data/M_40_50/L_20_30/alluvial/z5716143848502_4bd0eba511c987674067e6093eb213b9_M_30_40_gray_brown.jpg,Soil_Labeled_Data/M_40_50/L_20_30/alluvial/z5716143848502_4bd0eba511c987674067e6093eb213b9_M_30_40_gray_brown.jpg,80fd12ede4ec5269bfc4680eaddef763ffa408483bc11707526caf13f239a95d,061a191622035a34,train,5
phash:9fb314b66ba5fac9,3,3,0d80bfc40445a93c51e5,Soil_Labeled_Data/M_60_70/L_20_30/alluvial/z5716143848502_4bd0eba511c987674067e6093eb213b9_M_30_40_clayish_red_M_40_50_gray_brown.jpg,Soil_Labeled_Data/M_60_70/L_20_30/alluvial/z5716143848502_4bd0eba511c987674067e6093eb213b9_M_30_40_clayish_red_M_40_50_gray_brown.jpg,1d69075ad57352e30dcc34ee494fc7ccbef1017e2a67fa17632590ba2c8f4a9c,061a191622031a35,train,5
phash:a042fdfa2e60d86a,2,2,f445ae3ad8670832ab55,Soil_Labeled_Data/M_10_20/L_90_100/alluvial/IMG_0799.JPG,Soil_Labeled_Data/M_10_20/L_90_100/alluvial/IMG_0799.JPG,3387631b90ecc9fa9c4f5dc0a8a361951aecce30149305d4366eeff710dccf52,821d17a779b3c7cb,train,5
phash:a042fdfa2e60d86a,2,2,cadd9674a87ed9618bcc,Soil_Labeled_Data/M_40_50/L_90_100/alluvial/IMG_0799_M_10_20_pale_yellow.jpg,Soil_Labeled_Data/M_40_50/L_90_100/alluvial/IMG_0799_M_10_20_pale_yellow.jpg,7eea6caa44dd7cd8677393fcabb350dc3f4219d0dd52af47e606fa4c105c2818,c21d1727f933c7c3,train,5
phash:a15659574d9b162a,2,2,0a673cf18c0c05c6c949,Soil_Labeled_Data/M_50_60/L_80_90/alluvial/M_50_60_L_80_90_0087_gray_brown.jpg,Soil_Labeled_Data/M_50_60/L_80_90/alluvial/M_50_60_L_80_90_0087_gray_brown.jpg,1cbbb592c0a7715e5e3339743b3c9dbc87e3f3c1396c57e323ac997b7cd59dbd,142216143319102d,train,5
phash:a15659574d9b162a,2,2,583bceb95a2f85a71c93,Soil_Labeled_Data/M_60_70/L_80_90/alluvial/M_60_70_L_80_90_0014_gray_brown.jpg,Soil_Labeled_Data/M_60_70/L_80_90/alluvial/M_60_70_L_80_90_0014_gray_brown.jpg,cd7a8b4bca9dad9df256439696cc48713c153ba6b525cf6b9102d5c208704c76,142216153319182d,train,5
phash:a218abd28b5d36df,2,2,b493a663d28b36f1ce5e,Soil_Labeled_Data/M_70_80/L_10_20/alluvial/IMG_0462_M_10_20_pale_yellow_M_40_50_dark_brown_M_60_70_clay_red.jpg,Soil_Labeled_Data/M_70_80/L_10_20/alluvial/IMG_0462_M_10_20_pale_yellow_M_40_50_dark_brown_M_60_70_clay_red.jpg,65f0844630b88e213cfaa7f0c42150408b1fa3264dccf1668d1a441505f49b7a,0804220100020450,train,5
phash:a218abd28b5d36df,2,2,4ef3ec4c725575c71db7,Soil_Labeled_Data/M_80_90/L_10_20/alluvial/IMG_0462_M_10_20_pale_yellow_M_40_50_gray_brown_M_50_60_clay_red_M_70_80_wet_gray.jpg,Soil_Labeled_Data/M_80_90/L_10_20/alluvial/IMG_0462_M_10_20_pale_yellow_M_40_50_gray_brown_M_50_60_clay_red_M_70_80_wet_gray.jpg,fc2fbaf4a825f6ce1784f4362c9c3aac1825c28b15b40f935714d5ae4e5fbdcc,0004220101021410,train,5
phash:a318106830de566a,2,2,0a4d2020a7b131f2b9d9,Soil_Labeled_Data/M_20_30/L_70_80/alluvial/z5715141573526_1cfd3d637f1aaae4ef2237bf6ba6ce65.jpg,Soil_Labeled_Data/M_20_30/L_70_80/alluvial/z5715141573526_1cfd3d637f1aaae4ef2237bf6ba6ce65.jpg,38c3ca463e6d5220a24d238390d845b0eb92a858cc21914fc332cbea462e4147,83ede25230313b24,train,5
phash:a318106830de566a,2,2,fbff0ab7f4087cc33b75,Soil_Labeled_Data/M_30_40/L_70_80/alluvial/z5715141573526_1cfd3d637f1aaae4ef2237bf6ba6ce65_M_20_30_light_brown.jpg,Soil_Labeled_Data/M_30_40/L_70_80/alluvial/z5715141573526_1cfd3d637f1aaae4ef2237bf6ba6ce65_M_20_30_light_brown.jpg,ed8da222b17c62f84767f961ca3f4a122128e4aa6ec663ed232fa682382771c8,83ede29231313b24,train,5
phash:a401ec68ff4f6a7a,2,2,20502e9885e342330e58,Soil_Labeled_Data/M_20_30/L_40_50/alluvial/z5715051601829_96fcbe633e7be37063a12a21c47af5b1.jpg,Soil_Labeled_Data/M_20_30/L_40_50/alluvial/z5715051601829_96fcbe633e7be37063a12a21c47af5b1.jpg,c25dfe778aca0b2be0848c38d0286ab9389f5ccfd819c581629b30b672d3187f,2e7715140d0b27c7,train,5
phash:a401ec68ff4f6a7a,2,2,d94dd8b326c0962f2ac2,Soil_Labeled_Data/M_20_30/L_40_50/alluvial/z5715051601829_96fcbe633e7be37063a12a21c47af5b1_aug_00_light_brown.jpg,Soil_Labeled_Data/M_20_30/L_40_50/alluvial/z5715051601829_96fcbe633e7be37063a12a21c47af5b1_aug_00_light_brown.jpg,6923c73b86773a379ac834bf5a90868c819e66628a091e6b8b2e29a955a9b4f3,267715140d0b27c7,train,5
phash:a428d9fcdf8d24fa,7,7,8b16f4c1a439a5978b59,Soil_Labeled_Data/M_10_20/L_60_70/alluvial/IMG_0675.JPG,Soil_Labeled_Data/M_10_20/L_60_70/alluvial/IMG_0675.JPG,c7e911c5514bd5fa414e2c5cfc1711214cac57fa1009eb7c728f08bba22aa59c,44cf47a5d5013333,train,5
phash:a428d9fcdf8d24fa,7,7,f3dddb268bf04790b0b9,Soil_Labeled_Data/M_30_40/L_60_70/alluvial/IMG_0675_M_10_20_light_brown.jpg,Soil_Labeled_Data/M_30_40/L_60_70/alluvial/IMG_0675_M_10_20_light_brown.jpg,91104ea2b87e8fbd7d623191eff0b86ec0aaaea67987494e0ed66f0c88eb78b9,44cf43a5d5013333,train,5
phash:a428d9fcdf8d24fa,7,7,5ca2bb68dcac7cb7d61c,Soil_Labeled_Data/M_40_50/L_60_70/alluvial/IMG_0675_M_10_20_pale_yellow.jpg,Soil_Labeled_Data/M_40_50/L_60_70/alluvial/IMG_0675_M_10_20_pale_yellow.jpg,a5162b49695a84d7075dd359d1b2b93cd843ceec39870f52fdd4daeea2963398,44cf43a5d5013337,train,5
phash:a428d9fcdf8d24fa,7,7,95a075df0f54d49af1f4,Soil_Labeled_Data/M_50_60/L_60_70/alluvial/IMG_0675_M_10_20_pale_yellow_M_40_50_gray_brown.jpg,Soil_Labeled_Data/M_50_60/L_60_70/alluvial/IMG_0675_M_10_20_pale_yellow_M_40_50_gray_brown.jpg,649b064eeaaa0d923f46a83557de6b3c1a595b3194e47376858b3ad8422085c0,44cf43a5d5013337,train,5
phash:a428d9fcdf8d24fa,7,7,be0ea0efa7422a1e1ef7,Soil_Labeled_Data/M_60_70/L_60_70/alluvial/IMG_0675_M_10_20_light_brown_M_30_40_light_brown_M_50_60_gray_brown.jpg,Soil_Labeled_Data/M_60_70/L_60_70/alluvial/IMG_0675_M_10_20_light_brown_M_30_40_light_brown_M_50_60_gray_brown.jpg,82b7c2ada3ac395f4df202ddbbc7cf7ece065cd7cfa1eca35fc542c80fe9f19b,44cf43a5d5013313,train,5
phash:a428d9fcdf8d24fa,7,7,0da087a283486f6b0740,Soil_Labeled_Data/M_70_80/L_60_70/alluvial/IMG_0675_M_10_20_pale_yellow_M_40_50_gray_brown_M_50_60_dark_brown.jpg,Soil_Labeled_Data/M_70_80/L_60_70/alluvial/IMG_0675_M_10_20_pale_yellow_M_40_50_gray_brown_M_50_60_dark_brown.jpg,ce3617ccc6c6d62fd3536503cbeb4173888f7882ed4a9adc003bba6c33a6bd0e,44cf43a5d5013317,train,5
phash:a428d9fcdf8d24fa,7,7,82b1b4b4ee9bd8e97850,Soil_Labeled_Data/M_80_90/L_60_70/alluvial/IMG_0675_M_10_20_pale_yellow_M_40_50_gray_brown_M_50_60_gray_brown_M_60_70_wet_gray.jpg,Soil_Labeled_Data/M_80_90/L_60_70/alluvial/IMG_0675_M_10_20_pale_yellow_M_40_50_gray_brown_M_50_60_gray_brown_M_60_70_wet_gray.jpg,635d971ff92b544fb1512d76674a0a48a3a6c84ff167c9bf5c5ebbdb9d1fa87f,44ca43a4d5013333,train,5
phash:a76329a9ee2f4159,2,2,5a655ea19cb25d89d569,Soil_Labeled_Data/M_10_20/L_40_50/alluvial/IMG_0588.JPG,Soil_Labeled_Data/M_10_20/L_40_50/alluvial/IMG_0588.JPG,c75371f692fa8c989cab1e6a63e7ec95b0ed45ed47adaeee1f85270f7bed4d09,2323077495cb9f3f,validation,5
phash:a76329a9ee2f4159,2,2,d27a17b3dee82fff2ee7,Soil_Labeled_Data/M_60_70/L_40_50/alluvial/IMG_0588_M_10_20_clayish_red_M_40_50_gray_brown.jpg,Soil_Labeled_Data/M_60_70/L_40_50/alluvial/IMG_0588_M_10_20_clayish_red_M_40_50_gray_brown.jpg,2dbdc6412384ab53409caed2b57649c30dcecc6c82dcfdf4bd0db9df34d9a17c,0323076495cb9d3e,validation,5
phash:a9a50068574c2f94,3,3,875b3a989232d39470d6,Soil_Labeled_Data/M_20_30/L_70_80/alluvial/z5715141839575_b7b45144485ab528e29f7f20c818087e.jpg,Soil_Labeled_Data/M_20_30/L_70_80/alluvial/z5715141839575_b7b45144485ab528e29f7f20c818087e.jpg,db3ed734adf8bdac5d2eec6ff7451baf501943149e34360a67900b0d19f6cf6f,d6735333253038f2,test,5
phash:a9a50068574c2f94,3,3,af26e84a3049b0a6a59f,Soil_Labeled_Data/M_30_40/L_70_80/alluvial/z5715141839575_b7b45144485ab528e29f7f20c818087e_M_20_30_light_brown.jpg,Soil_Labeled_Data/M_30_40/L_70_80/alluvial/z5715141839575_b7b45144485ab528e29f7f20c818087e_M_20_30_light_brown.jpg,a136d2925f828a61949dca2b7b0256117ffe684c9c8533ee357ea725b07c623a,d6735333253038f2,test,5
phash:a9a50068574c2f94,3,3,896c8d8ad09b8acd0413,Soil_Labeled_Data/M_50_60/L_70_80/alluvial/z5715141839575_b7b45144485ab528e29f7f20c818087e_M_20_30_light_brown_M_30_40_gray_brown.jpg,Soil_Labeled_Data/M_50_60/L_70_80/alluvial/z5715141839575_b7b45144485ab528e29f7f20c818087e_M_20_30_light_brown_M_30_40_gray_brown.jpg,27d3f3001c284195a19bc838fba4fe37d2cb48ae8fced234f21dd3eb7c989d7f,d6735333253438f2,test,5
phash:a9b092d3bd7f8ca3,3,3,1f583a2a7fd77ae94735,Soil_Labeled_Data/M_0_10/L_50_60/alluvial/IMG_0209.JPG,Soil_Labeled_Data/M_0_10/L_50_60/alluvial/IMG_0209.JPG,3304ee16ba9b9f9553cb8aed80a970dde862e0a5eb1ce6ea503c75905d7b222d,82400484d2d00952,train,5
phash:a9b092d3bd7f8ca3,3,3,5b79db74545b636f58c9,Soil_Labeled_Data/M_50_60/L_50_60/alluvial/IMG_0209_M_0_10_light_brown_M_40_50_light_brown.jpg,Soil_Labeled_Data/M_50_60/L_50_60/alluvial/IMG_0209_M_0_10_light_brown_M_40_50_light_brown.jpg,2170889e9b0395aafa9cc17a310955f0b954821ebb803cd92a862bafba130973,80420484d2d00952,train,5
phash:a9b092d3bd7f8ca3,3,3,04cd96cd912065730e52,Soil_Labeled_Data/M_60_70/L_50_60/alluvial/IMG_0209_M_0_10_clayish_red_M_40_50_gray_brown_M_50_60_gray_brown.jpg,Soil_Labeled_Data/M_60_70/L_50_60/alluvial/IMG_0209_M_0_10_clayish_red_M_40_50_gray_brown_M_50_60_gray_brown.jpg,79fa496e9af39cb0183bac4051be31291de801608a89a38590c7a3ec46e60f0b,80020484d2d00952,train,5
phash:a9be8da516abc599,3,3,98f4c5f02c368353cbf8,Soil_Labeled_Data/M_0_10/L_20_30/alluvial/IMG_0067.JPG,Soil_Labeled_Data/M_0_10/L_20_30/alluvial/IMG_0067.JPG,d9bc36d6644b098a07e85028ff2ff8e36af90304ebcc268302ebabdf9944547f,6e233b2c29313449,train,5
phash:a9be8da516abc599,3,3,f8b09dabada6cb2112fd,Soil_Labeled_Data/M_40_50/L_20_30/alluvial/IMG_0067_M_0_10_light_brown.jpg,Soil_Labeled_Data/M_40_50/L_20_30/alluvial/IMG_0067_M_0_10_light_brown.jpg,037d07a15b10975a8035b56abd48ea3602d1733a9f84e77d074e2d8e9cc65a95,6e233b2c29313449,train,5
phash:a9be8da516abc599,3,3,d1b0f34aaed4842ba835,Soil_Labeled_Data/M_90_100/L_20_30/alluvial/IMG_0067_M_0_10_light_brown_M_40_50_light_brown_M_50_60_clay_red_M_70_80_dark_brown.jpg,Soil_Labeled_Data/M_90_100/L_20_30/alluvial/IMG_0067_M_0_10_light_brown_M_40_50_light_brown_M_50_60_clay_red_M_70_80_dark_brown.jpg,bb50a7f44e93c7f033b2dde6c66e2b14bf023bd7fb92af5afc8cdf5090398a3c,6e233b0c29213449,train,5
phash:aaea210362ca2aa0,3,3,75bd6de1beec7a2b94ae,Soil_Labeled_Data/M_30_40/L_50_60/alluvial/z5719945422897_e85f1f456697f2e20bc5401bb55ec951.jpg,Soil_Labeled_Data/M_30_40/L_50_60/alluvial/z5719945422897_e85f1f456697f2e20bc5401bb55ec951.jpg,21aec8032d5c136e6512ff2b000bfe23e49c51fc0da8ca950cda99e49e882331,2e23371534441229,train,5
phash:aaea210362ca2aa0,3,3,3598dd144fcaa55f7d4d,Soil_Labeled_Data/M_80_90/L_50_60/alluvial/z5719945422897_e85f1f456697f2e20bc5401bb55ec951_M_30_40_gray_brown_M_40_50_gray_brown_M_50_60_dark_brown_M_60_70_clay_red_M_70_80_clay_red.jpg,Soil_Labeled_Data/M_80_90/L_50_60/alluvial/z5719945422897_e85f1f456697f2e20bc5401bb55ec951_M_30_40_gray_brown_M_40_50_gray_brown_M_50_60_dark_brown_M_60_70_clay_red_M_70_80_clay_red.jpg,09628187eeb3cd06d3baf310811a2cd8c98f9aa39d41c8d7431fd8a6fa6e350d,2e23331514041209,train,5
phash:aaea210362ca2aa0,3,3,ebfeecc2071c53e8323c,Soil_Labeled_Data/M_80_90/L_50_60/alluvial/z5719945422897_e85f1f456697f2e20bc5401bb55ec951_M_30_40_light_brown_M_40_50_gray_brown_M_50_60_dark_brown_M_60_70_wet_gray.jpg,Soil_Labeled_Data/M_80_90/L_50_60/alluvial/z5719945422897_e85f1f456697f2e20bc5401bb55ec951_M_30_40_light_brown_M_40_50_gray_brown_M_50_60_dark_brown_M_60_70_wet_gray.jpg,a70c54282cb21090184b26a70ced8b7d1b878c4635c844ef704a90229c27362c,2e22371514041229,train,5
phash:ae5e6bb93e10e1eb,7,7,67b4820d98005f7d40de,Soil_Labeled_Data/M_30_40/L_50_60/alluvial/z5719945326572_38e3e733446eabe3bf00850bf73883e0.jpg,Soil_Labeled_Data/M_30_40/L_50_60/alluvial/z5719945326572_38e3e733446eabe3bf00850bf73883e0.jpg,d444ab3fa9b804417465af69a3b61150f853e0fea68667026f64c92e8bd7a7a2,3528060c35b12441,train,5
phash:ae5e6bb93e10e1eb,7,7,b42a7483a514663bff04,Soil_Labeled_Data/M_40_50/L_50_60/alluvial/z5719945326572_38e3e733446eabe3bf00850bf73883e0_M_30_40_pale_yellow.jpg,Soil_Labeled_Data/M_40_50/L_50_60/alluvial/z5719945326572_38e3e733446eabe3bf00850bf73883e0_M_30_40_pale_yellow.jpg,7804b9e2e876d4bc15698ca3633ea993f0866036955c8da1126c02f966f66d1e,3528060c35b12441,train,5
phash:ae5e6bb93e10e1eb,7,7,f80383c52663c891efaa,Soil_Labeled_Data/M_60_70/L_50_60/alluvial/z5719945326572_38e3e733446eabe3bf00850bf73883e0_M_30_40_pale_yellow_M_40_50_gray_brown.jpg,Soil_Labeled_Data/M_60_70/L_50_60/alluvial/z5719945326572_38e3e733446eabe3bf00850bf73883e0_M_30_40_pale_yellow_M_40_50_gray_brown.jpg,260ad6bffa500ff43322b8815242219d4d017a8e3d004507b2621a87696aecd4,3528060c35312441,train,5
phash:ae5e6bb93e10e1eb,7,7,da740d4c2b855228ee96,Soil_Labeled_Data/M_70_80/L_50_60/alluvial/z5719945326572_38e3e733446eabe3bf00850bf73883e0_M_30_40_light_brown_M_50_60_clay_red.jpg,Soil_Labeled_Data/M_70_80/L_50_60/alluvial/z5719945326572_38e3e733446eabe3bf00850bf73883e0_M_30_40_light_brown_M_50_60_clay_red.jpg,489de00c347e7890636e563878a743d27f95c606f879afbe82251cbdc1456cb1,2528060c35312441,train,5
phash:ae5e6bb93e10e1eb,7,7,bda2b0d8a721e153bcdf,Soil_Labeled_Data/M_70_80/L_50_60/alluvial/z5719945326572_38e3e733446eabe3bf00850bf73883e0_M_30_40_pale_yellow_M_40_50_gray_brown_M_50_60_dark_brown.jpg,Soil_Labeled_Data/M_70_80/L_50_60/alluvial/z5719945326572_38e3e733446eabe3bf00850bf73883e0_M_30_40_pale_yellow_M_40_50_gray_brown_M_50_60_dark_brown.jpg,79fa1b02160d43c69df6a924509f88aaea61d89bdc36c7feef8b447c162142bb,3028060c35312441,train,5
phash:ae5e6bb93e10e1eb,7,7,cf027fd5fff71fba578d,Soil_Labeled_Data/M_80_90/L_50_60/alluvial/z5719945326572_38e3e733446eabe3bf00850bf73883e0_M_30_40_light_brown_M_50_60_clay_red_M_70_80_wet_gray.jpg,Soil_Labeled_Data/M_80_90/L_50_60/alluvial/z5719945326572_38e3e733446eabe3bf00850bf73883e0_M_30_40_light_brown_M_50_60_clay_red_M_70_80_wet_gray.jpg,39fd273e6712f69dafb464b420945c2ca69aa2d0642c871d918a67c1acacfa81,2128060c35312441,train,5
phash:ae5e6bb93e10e1eb,7,7,bec22878e66eded05b88,Soil_Labeled_Data/M_90_100/L_50_60/alluvial/z5719945326572_38e3e733446eabe3bf00850bf73883e0_M_30_40_pale_yellow_M_40_50_gray_brown_M_50_60_dark_brown_M_70_80_wet_gray.jpg,Soil_Labeled_Data/M_90_100/L_50_60/alluvial/z5719945326572_38e3e733446eabe3bf00850bf73883e0_M_30_40_pale_yellow_M_40_50_gray_brown_M_50_60_dark_brown_M_70_80_wet_gray.jpg,25522bac840cf436f2e6398398238439149d83ea32a7391273be484c4aaf1ae5,2020060c35212441,train,5
phash:aeb9326bd22fbff1,3,3,849de97e1d8ef2f8f5ff,Soil_Labeled_Data/M_0_10/L_50_60/alluvial/IMG_0201.JPG,Soil_Labeled_Data/M_0_10/L_50_60/alluvial/IMG_0201.JPG,ee13ed56368520b8b0e315726da1edda78c243731c43905d0da6908cdecbfad7,ec74329a1e1b5b93,train,5
phash:aeb9326bd22fbff1,3,3,dc96cf85dc934bfde91c,Soil_Labeled_Data/M_40_50/L_50_60/alluvial/IMG_0201_M_0_10_clayish_red.jpg,Soil_Labeled_Data/M_40_50/L_50_60/alluvial/IMG_0201_M_0_10_clayish_red.jpg,1153a0b677350d41cabe31415624cd2f30445157a0837c5055ceb7c3e206fea9,ec74329a1e1b5b93,train,5
phash:aeb9326bd22fbff1,3,3,7d17315624daf491b4c0,Soil_Labeled_Data/M_50_60/L_50_60/alluvial/IMG_0201_M_0_10_clayish_red_M_40_50_gray_brown.jpg,Soil_Labeled_Data/M_50_60/L_50_60/alluvial/IMG_0201_M_0_10_clayish_red_M_40_50_gray_brown.jpg,4807571061aa89c8232c6557399a2548f382d81de54196c3250cdca867d4d415,ec74329a1e1b5b93,train,5
phash:aed58a259ead6a36,6,3,7d871def2b0f592ae0ee,Soil_Labeled_Data/M_30_40/L_80_90/alluvial/z5720115765295_566dab2e381f475c4d17c1f90510d54b.jpg,Soil_Labeled_Data/M_30_40/L_80_90/alluvial/z5720115765295_566dab2e381f475c4d17c1f90510d54b.jpg,18bc70fb3bbd74cd8bf3ab88ec4e48b1aa2fdd6673a130490622719209b228e0,644288a5993a324b,validation,5
phash:aed58a259ead6a36,6,3,605650cb9ddba9661922,Soil_Labeled_Data/M_40_50/L_80_90/alluvial/z5720115765295_566dab2e381f475c4d17c1f90510d54b.jpg,Soil_Labeled_Data/M_40_50/L_80_90/alluvial/z5720115765295_566dab2e381f475c4d17c1f90510d54b.jpg,18bc70fb3bbd74cd8bf3ab88ec4e48b1aa2fdd6673a130490622719209b228e0,644288a5993a324b,validation,5
phash:aed58a259ead6a36,6,3,c5c7108e52157de9aa9b,Soil_Labeled_Data/M_50_60/L_80_90/alluvial/M_50_60_L_80_90_0003_dark_brown.jpg,Soil_Labeled_Data/M_50_60/L_80_90/alluvial/M_50_60_L_80_90_0003_dark_brown.jpg,98c62686f54d0e31910aa27a0ff5836e770b9bbf68c8bbb25d76b09d735246c4,644288a599323243,validation,5
phash:aed58a259ead6a36,6,3,5d7f96aa9036168d08dc,Soil_Labeled_Data/M_50_60/L_80_90/alluvial/M_50_60_L_80_90_0080_dark_brown.jpg,Soil_Labeled_Data/M_50_60/L_80_90/alluvial/M_50_60_L_80_90_0080_dark_brown.jpg,608bb142192edf9f1f761f29bd919b7448cf257db93575f3da6eb468cab4c53d,644288a5993a3243,validation,5
phash:aed58a259ead6a36,6,3,b45ddcb1a0f9311e962e,Soil_Labeled_Data/M_50_60/L_80_90/alluvial/z5720115765295_566dab2e381f475c4d17c1f90510d54b.jpg,Soil_Labeled_Data/M_50_60/L_80_90/alluvial/z5720115765295_566dab2e381f475c4d17c1f90510d54b.jpg,18bc70fb3bbd74cd8bf3ab88ec4e48b1aa2fdd6673a130490622719209b228e0,644288a5993a324b,validation,5
phash:aed58a259ead6a36,6,3,00cac614ccf99e7eca7d,Soil_Labeled_Data/M_60_70/L_80_90/alluvial/z5720115765295_566dab2e381f475c4d17c1f90510d54b.jpg,Soil_Labeled_Data/M_60_70/L_80_90/alluvial/z5720115765295_566dab2e381f475c4d17c1f90510d54b.jpg,18bc70fb3bbd74cd8bf3ab88ec4e48b1aa2fdd6673a130490622719209b228e0,644288a5993a324b,validation,5
phash:affbdabec6156118,2,2,a8461ad894d67acea8f3,Soil_Labeled_Data/M_0_10/L_20_30/alluvial/IMG_0065.JPG,Soil_Labeled_Data/M_0_10/L_20_30/alluvial/IMG_0065.JPG,486b8d7f2e6840da4887918c47a307d56b88f90be48789e97b4d102159078613,b29b176633076794,train,5
phash:affbdabec6156118,2,2,049e2ba51eb6d2223a12,Soil_Labeled_Data/M_50_60/L_20_30/alluvial/IMG_0065_M_0_10_gray_brown_M_40_50_light_brown.jpg,Soil_Labeled_Data/M_50_60/L_20_30/alluvial/IMG_0065_M_0_10_gray_brown_M_40_50_light_brown.jpg,f3af214f9c7030524ddf1851e139a2d5606dee4c2c684f83046a5611448c6531,b29b176633076794,train,5
phash:b004e0323940b864,5,5,c6e56b9ad6d45d4df023,Soil_Labeled_Data/M_10_20/L_70_80/alluvial/IMG_0700.JPG,Soil_Labeled_Data/M_10_20/L_70_80/alluvial/IMG_0700.JPG,fe60ed9761a329576f59c0ef3768c19991ad5793c0515b638f402e9b99437533,3f8906125325c46e,train,5
phash:b004e0323940b864,5,5,da730bbb4742fc38c0f4,Soil_Labeled_Data/M_30_40/L_70_80/alluvial/IMG_0700_M_10_20_light_brown.jpg,Soil_Labeled_Data/M_30_40/L_70_80/alluvial/IMG_0700_M_10_20_light_brown.jpg,342a54833f0cfd5267122d3ccfdfffdc086cf3f7da776f8eef79265deed45fc4,3f8906125325c46e,train,5
phash:b004e0323940b864,5,5,9ba920b6d838207e1064,Soil_Labeled_Data/M_40_50/L_70_80/alluvial/IMG_0700_M_10_20_pale_yellow.jpg,Soil_Labeled_Data/M_40_50/L_70_80/alluvial/IMG_0700_M_10_20_pale_yellow.jpg,2ed42336016d5de57c6f92ca5df277efe9a5098257a0d5f1d5bb0c9ce4a065a2,3f8906125325c46e,train,5
phash:b004e0323940b864,5,5,be433af69cf51b1a4826,Soil_Labeled_Data/M_80_90/L_70_80/alluvial/IMG_0700_M_10_20_light_brown_M_30_40_light_brown_M_50_60_dark_brown_M_60_70_clay_red.jpg,Soil_Labeled_Data/M_80_90/L_70_80/alluvial/IMG_0700_M_10_20_light_brown_M_30_40_light_brown_M_50_60_dark_brown_M_60_70_clay_red.jpg,f1d196a9433027ebcbbe819241b7460ad5ede5ed74949a770cf4842d22bee600,3f89021253244462,train,5
phash:b004e0323940b864,5,5,6d5dc36cd3df43766f6b,Soil_Labeled_Data/M_90_100/L_70_80/alluvial/IMG_0700_M_10_20_light_brown_M_30_40_light_brown_M_50_60_dark_brown_M_60_70_clay_red_M_80_90_wet_gray.jpg,Soil_Labeled_Data/M_90_100/L_70_80/alluvial/IMG_0700_M_10_20_light_brown_M_30_40_light_brown_M_50_60_dark_brown_M_60_70_clay_red_M_80_90_wet_gray.jpg,fe32f6d5ab660da02c3f8e43a2fa052b8078ece481d13b32e6d63bf42c72b336,3b09001213244462,train,5
phash:b1dd5e518be03381,11,9,2110bdaa4c861acb2b14,Soil_Labeled_Data/M_30_40/L_90_100/alluvial/z5720143180627_8991003c4168f68248331f4ae3cb75d1.jpg,Soil_Labeled_Data/M_30_40/L_90_100/alluvial/z5720143180627_8991003c4168f68248331f4ae3cb75d1.jpg,ade40a65a23d306319ba2fadfc9c4d5eeaf049ca4046bd5fc41ea69a2e373fa9,3f1f3f0d3c0c8a1e,train,5
phash:b1dd5e518be03381,11,9,deea33b76153b3e122e1,Soil_Labeled_Data/M_30_40/L_90_100/alluvial/z5720143180627_8991003c4168f68248331f4ae3cb75d1_aug_01_light_brown.jpg,Soil_Labeled_Data/M_30_40/L_90_100/alluvial/z5720143180627_8991003c4168f68248331f4ae3cb75d1_aug_01_light_brown.jpg,44cb568e194d3d11605947f2c773201dab6481d2f02554cff9c0dc299568c861,3f1f3f0d3c0c8a16,train,5
phash:b1dd5e518be03381,11,9,d8dc21d0481fe80893b1,Soil_Labeled_Data/M_40_50/L_90_100/alluvial/z5720143180627_8991003c4168f68248331f4ae3cb75d1.jpg,Soil_Labeled_Data/M_40_50/L_90_100/alluvial/z5720143180627_8991003c4168f68248331f4ae3cb75d1.jpg,ade40a65a23d306319ba2fadfc9c4d5eeaf049ca4046bd5fc41ea69a2e373fa9,3f1f3f0d3c0c8a1e,train,5
phash:b1dd5e518be03381,11,9,467e679fd7981577620c,Soil_Labeled_Data/M_50_60/L_90_100/alluvial/z5720143180627_8991003c4168f68248331f4ae3cb75d1.jpg,Soil_Labeled_Data/M_50_60/L_90_100/alluvial/z5720143180627_8991003c4168f68248331f4ae3cb75d1.jpg,ade40a65a23d306319ba2fadfc9c4d5eeaf049ca4046bd5fc41ea69a2e373fa9,3f1f3f0d3c0c8a1e,train,5
phash:b1dd5e518be03381,11,9,be7d3edd1c439702f597,Soil_Labeled_Data/M_60_70/L_90_100/alluvial/M_60_70_L_90_100_0090_light_brown.jpg,Soil_Labeled_Data/M_60_70/L_90_100/alluvial/M_60_70_L_90_100_0090_light_brown.jpg,bf37a317997e70600814d23e8267489ef34933768ea67c9d776d263de82ae801,3f1b3f0d3c0c8a16,train,5
phash:b1dd5e518be03381,11,9,3af3f8d31653870fa97d,Soil_Labeled_Data/M_70_80/L_90_100/alluvial/M_70_80_L_90_100_0098_wet_gray.jpg,Soil_Labeled_Data/M_70_80/L_90_100/alluvial/M_70_80_L_90_100_0098_wet_gray.jpg,cdd1ba942dbdb7d20deb68e8f17c8b1f95566f6cf5f03c04dc504942ffb0c355,3f1b2f0d3c0c8a0e,train,5
phash:b1dd5e518be03381,11,9,0f3ba5e4bf661547df53,Soil_Labeled_Data/M_80_90/L_90_100/alluvial/M_80_90_L_90_100_0019_gray_brown.jpg,Soil_Labeled_Data/M_80_90/L_90_100/alluvial/M_80_90_L_90_100_0019_gray_brown.jpg,7d52d848212b9a08688dc12b2870064125102f1f7f877f18d6fd16212dd5cf3e,3b1b09093c0c8a06,train,5
phash:b1dd5e518be03381,11,9,f318c297118aca23a9e2,Soil_Labeled_Data/M_80_90/L_90_100/alluvial/M_80_90_L_90_100_0067_clay_red.jpg,Soil_Labeled_Data/M_80_90/L_90_100/alluvial/M_80_90_L_90_100_0067_clay_red.jpg,e21751f215c65ff9391f1f3783b296a8733cda880922097b3cd65d9b108e7a04,2a1b090d2c0c0206,train,5
phash:b1dd5e518be03381,11,9,b6913234909f99887780,Soil_Labeled_Data/M_80_90/L_90_100/alluvial/M_80_90_L_90_100_0069_dark_brown.jpg,Soil_Labeled_Data/M_80_90/L_90_100/alluvial/M_80_90_L_90_100_0069_dark_brown.jpg,d9682626437148151145f8886221511e58484aad8dc3470c8531f57d3448bf75,3a1b0b0d3c0c0a06,train,5
phash:b1dd5e518be03381,11,9,45d8219b46c4228340ff,Soil_Labeled_Data/M_80_90/L_90_100/alluvial/M_80_90_L_90_100_0076_wet_gray.jpg,Soil_Labeled_Data/M_80_90/L_90_100/alluvial/M_80_90_L_90_100_0076_wet_gray.jpg,7814008810bff97891b81343ba898270c825939ad81b9d0d27bb531991857765,3a1b11092c0c8a16,train,5
phash:b1dd5e518be03381,11,9,7b1973350b35541c60b6,Soil_Labeled_Data/M_90_100/L_90_100/alluvial/M_90_100_L_90_100_0010_light_brown.jpg,Soil_Labeled_Data/M_90_100/L_90_100/alluvial/M_90_100_L_90_100_0010_light_brown.jpg,e44cdceb012344ac391aa37486467d4b105395761f051e7ae67b82914b785756,2a09090d0c0c8206,train,5
phash:b1efb47043fc842a,2,2,d2b719c4bec488cdf64c,Soil_Labeled_Data/M_30_40/L_30_40/alluvial/z5716116121668_8ca2d1786b81d9113c9a520cd9bb5832.jpg,Soil_Labeled_Data/M_30_40/L_30_40/alluvial/z5716116121668_8ca2d1786b81d9113c9a520cd9bb5832.jpg,d4b3e017eb4d6b25066f6de5fecf4d44f7af5194e5e7e448a9c34128d5d6835a,481b0b2c271398a9,train,5
phash:b1efb47043fc842a,2,2,28d37cccd7c1177bcd27,Soil_Labeled_Data/M_70_80/L_30_40/alluvial/z5716116121668_8ca2d1786b81d9113c9a520cd9bb5832_M_30_40_gray_brown_M_50_60_dark_brown.jpg,Soil_Labeled_Data/M_70_80/L_30_40/alluvial/z5716116121668_8ca2d1786b81d9113c9a520cd9bb5832_M_30_40_gray_brown_M_50_60_dark_brown.jpg,89d7c73758aeba58ec2ac691eded8fb2df18408e583d7013997f2e6d11492640,481a0b2c231b18a9,train,5
phash:b2562dcc7bb703ed,2,2,43028492c59774a570ca,Soil_Labeled_Data/M_10_20/L_30_40/alluvial/IMG_0561.JPG,Soil_Labeled_Data/M_10_20/L_30_40/alluvial/IMG_0561.JPG,861bb61b79cc401d156f7d8a5c71e5d4e718187776ef59d97728da314a31d6f9,464f67e583098395,train,5
phash:b2562dcc7bb703ed,2,2,4694ee29db09db8cdb92,Soil_Labeled_Data/M_60_70/L_30_40/alluvial/IMG_0561_M_10_20_light_brown_M_40_50_dark_brown.jpg,Soil_Labeled_Data/M_60_70/L_30_40/alluvial/IMG_0561_M_10_20_light_brown_M_40_50_dark_brown.jpg,004076fb7a3eb9529483e7c35168372cee64c15265db9b12d8ed64b6c2f06ed7,464f47e583098395,train,5
phash:b33553afc04cc567,3,3,e48272a1d59ed39a47f0,Soil_Labeled_Data/M_10_20/L_20_30/alluvial/IMG_0505.JPG,Soil_Labeled_Data/M_10_20/L_20_30/alluvial/IMG_0505.JPG,eee4e1708352b239053355f4f5de6b66dd27baa2c4b752b456f3b7d730f78c19,671f7f671a9c2627,train,5
phash:b33553afc04cc567,3,3,146063b9e72897e7cf66,Soil_Labeled_Data/M_60_70/L_20_30/alluvial/IMG_0505_M_10_20_gray_brown_M_40_50_gray_brown_M_50_60_gray_brown.jpg,Soil_Labeled_Data/M_60_70/L_20_30/alluvial/IMG_0505_M_10_20_gray_brown_M_40_50_gray_brown_M_50_60_gray_brown.jpg,c125fbb4bacf3fc3dc6667a04fad8b9f95a9eefbdd1a7bc717bd8b7511ab2366,671f77471a9c2607,train,5
phash:b33553afc04cc567,3,3,e4c1da64bb61ce973ef1,Soil_Labeled_Data/M_70_80/L_20_30/alluvial/IMG_0505_M_10_20_gray_brown_M_40_50_gray_brown_M_50_60_dark_brown.jpg,Soil_Labeled_Data/M_70_80/L_20_30/alluvial/IMG_0505_M_10_20_gray_brown_M_40_50_gray_brown_M_50_60_dark_brown.jpg,39b0a13a859a86bc1ead5266fee767ccebcf55179bfc1aa00865dc37cc41af2a,661f5f67129c2627,train,5
phash:b51105d1d4146b87,7,5,a7de86662a6d2c478719,Soil_Labeled_Data/M_10_20/L_90_100/alluvial/IMG_0792.JPG,Soil_Labeled_Data/M_10_20/L_90_100/alluvial/IMG_0792.JPG,829953a83bc8f13d820098f719201103c7c52f6ee2e2dea7a03ec9a92c382984,99b0aeb5621b2ebd,test,5
phash:b51105d1d4146b87,7,5,92655a2a9f7aca7a641b,Soil_Labeled_Data/M_10_20/L_90_100/alluvial/IMG_0793.JPG,Soil_Labeled_Data/M_10_20/L_90_100/alluvial/IMG_0793.JPG,829953a83bc8f13d820098f719201103c7c52f6ee2e2dea7a03ec9a92c382984,99b0aeb5621b2ebd,test,5
phash:b51105d1d4146b87,7,5,58cec573a41504f38dd7,Soil_Labeled_Data/M_10_20/L_90_100/alluvial/IMG_0796.JPG,Soil_Labeled_Data/M_10_20/L_90_100/alluvial/IMG_0796.JPG,829953a83bc8f13d820098f719201103c7c52f6ee2e2dea7a03ec9a92c382984,99b0aeb5621b2ebd,test,5
phash:b51105d1d4146b87,7,5,eeaad339ffa1a36b0cf2,Soil_Labeled_Data/M_40_50/L_90_100/alluvial/IMG_0793_M_10_20_clayish_red.jpg,Soil_Labeled_Data/M_40_50/L_90_100/alluvial/IMG_0793_M_10_20_clayish_red.jpg,1a4a5a60ddb0f2fa8ede1f05038c190f9e0c1ea41564c33d0f42e2428e48a937,99b0aeb5621b2ebd,test,5
phash:b51105d1d4146b87,7,5,0dac8eb87757a2a50003,Soil_Labeled_Data/M_40_50/L_90_100/alluvial/IMG_0796_M_10_20_gray_brown.jpg,Soil_Labeled_Data/M_40_50/L_90_100/alluvial/IMG_0796_M_10_20_gray_brown.jpg,d909fdb41dc4c6d84ad15fe83b726c1b4e7aa8b1afe49dbc6e6b5612e27260b1,99b0aeb5621b2ebd,test,5
phash:b51105d1d4146b87,7,5,c4df016a64ce11ada08b,Soil_Labeled_Data/M_60_70/L_90_100/alluvial/M_60_70_L_90_100_0004_gray_brown.jpg,Soil_Labeled_Data/M_60_70/L_90_100/alluvial/M_60_70_L_90_100_0004_gray_brown.jpg,0e8fcd9a673182f7ad4d8092c72fd4d6a42d6179b09e02b1fc8c2f62b47e01fa,99b0aea5621b2cbd,test,5
phash:b51105d1d4146b87,7,5,e8bce87298c863cdd9d8,Soil_Labeled_Data/M_60_70/L_90_100/alluvial/M_60_70_L_90_100_0033_clay_red.jpg,Soil_Labeled_Data/M_60_70/L_90_100/alluvial/M_60_70_L_90_100_0033_clay_red.jpg,ab8885b9235ea2786102c5bcceda9c88b33bb9b8566a6d00127731e45597eb97,99b0aeb5621b2cbd,test,5
phash:b5220e00f45fa5b8,5,5,b8a9eda66a101c6db576,Soil_Labeled_Data/M_10_20/L_70_80/alluvial/IMG_0699.JPG,Soil_Labeled_Data/M_10_20/L_70_80/alluvial/IMG_0699.JPG,6539023e50d414d0748019c71a8ffdae12b05c324bd9d19307dab81e861392ae,2e36330963333109,test,5
phash:b5220e00f45fa5b8,5,5,f5de43bb5596283d39ac,Soil_Labeled_Data/M_30_40/L_70_80/alluvial/IMG_0699_M_10_20_light_brown.jpg,Soil_Labeled_Data/M_30_40/L_70_80/alluvial/IMG_0699_M_10_20_light_brown.jpg,13c0c679790f18416d3c784b7fdbe0b6043a65fc4d30e075601827e25bec84f3,2e36330963333109,test,5
phash:b5220e00f45fa5b8,5,5,b96fb2adfdfa56c3a8b7,Soil_Labeled_Data/M_70_80/L_70_80/alluvial/IMG_0699_M_10_20_pale_yellow_M_40_50_gray_brown_M_60_70_clay_red.jpg,Soil_Labeled_Data/M_70_80/L_70_80/alluvial/IMG_0699_M_10_20_pale_yellow_M_40_50_gray_brown_M_60_70_clay_red.jpg,158a8201f27b5e9cfcc14a472024527c7a1a37702221545804e7a940added87f,2e36330963333109,test,5
phash:b5220e00f45fa5b8,5,5,e5547fb12fc6325cb06f,Soil_Labeled_Data/M_80_90/L_70_80/alluvial/IMG_0699_M_10_20_pale_yellow_M_40_50_gray_brown_M_60_70_clay_red_M_70_80_clay_red.jpg,Soil_Labeled_Data/M_80_90/L_70_80/alluvial/IMG_0699_M_10_20_pale_yellow_M_40_50_gray_brown_M_60_70_clay_red_M_70_80_clay_red.jpg,b69699299f7e8bdb4ff09290dced90c362a62f3577eba9d847b4c7fd236d9d00,2e36330963333109,test,5
phash:b5220e00f45fa5b8,5,5,b6951f4bc5a4c62026b0,Soil_Labeled_Data/M_80_90/L_70_80/alluvial/IMG_0699_M_10_20_pale_yellow_M_40_50_light_brown_M_50_60_dark_brown_M_60_70_clay_red_M_70_80_clay_red.jpg,Soil_Labeled_Data/M_80_90/L_70_80/alluvial/IMG_0699_M_10_20_pale_yellow_M_40_50_light_brown_M_50_60_dark_brown_M_60_70_clay_red_M_70_80_clay_red.jpg,05931e3bbf552779835546a230b637e03a5ec32f634c834827e33b5f8670b651,2a36330963333109,test,5
phash:b584de0526926fa8,2,2,1f70b725ac837d835d42,Soil_Labeled_Data/M_20_30/L_60_70/alluvial/z5715084434342_b865d6e3c37268959852bcc33862045e.jpg,Soil_Labeled_Data/M_20_30/L_60_70/alluvial/z5715084434342_b865d6e3c37268959852bcc33862045e.jpg,e8fd3ed4a9e2bff3d3493b2c0c6ae530de683e7858e55001c21f86177f2440d9,a8940912b0e16bab,test,5
phash:b584de0526926fa8,2,2,24a2833656dbca24541f,Soil_Labeled_Data/M_30_40/L_60_70/alluvial/z5715084434342_b865d6e3c37268959852bcc33862045e_M_20_30_pale_yellow.jpg,Soil_Labeled_Data/M_30_40/L_60_70/alluvial/z5715084434342_b865d6e3c37268959852bcc33862045e_M_20_30_pale_yellow.jpg,e454bdb21ef38a8cb5cae7e7c56f81eb3ad257a2ed32a56cebebe7d54b4292ca,a8940912b0e16bab,test,5
phash:b637075916ceadb4,4,4,e8bd6abcb142fe6b175c,Soil_Labeled_Data/M_0_10/L_60_70/alluvial/IMG_0244.JPG,Soil_Labeled_Data/M_0_10/L_60_70/alluvial/IMG_0244.JPG,d042f8c484488c37798d8f81518eaea24195ad167897eb62ecb386f4b927bf39,39494531332b2e1e,train,5
phash:b637075916ceadb4,4,4,74db54396ef64dbc5bad,Soil_Labeled_Data/M_40_50/L_60_70/alluvial/IMG_0244_M_0_10_clayish_red.jpg,Soil_Labeled_Data/M_40_50/L_60_70/alluvial/IMG_0244_M_0_10_clayish_red.jpg,b3800733eccd3d26031b0078d3b9c8f5e465bfe2715eef8434ff90f9dc5886d5,7949453533332e16,train,5
phash:b637075916ceadb4,4,4,2d71c8c27843e480af89,Soil_Labeled_Data/M_50_60/L_60_70/alluvial/IMG_0244_M_0_10_clayish_red_M_40_50_gray_brown.jpg,Soil_Labeled_Data/M_50_60/L_60_70/alluvial/IMG_0244_M_0_10_clayish_red_M_40_50_gray_brown.jpg,31018c9bdde3466aa71199bb8c9c59d7a0ebb9e39504ba76541f4306916b371f,3949453533332e16,train,5
phash:b637075916ceadb4,4,4,e58a00d4398c46136a48,Soil_Labeled_Data/M_80_90/L_60_70/alluvial/IMG_0244_M_0_10_clayish_red_M_40_50_dark_brown_M_60_70_clay_red_M_70_80_clay_red.jpg,Soil_Labeled_Data/M_80_90/L_60_70/alluvial/IMG_0244_M_0_10_clayish_red_M_40_50_dark_brown_M_60_70_clay_red_M_70_80_clay_red.jpg,9eb475a88ea571c004effcdf79ee5775dcfd49646b9c96285fb0ab7c0c9c897e,3949443533332e06,train,5
phash:b712b0d5fc97a691,3,3,8653b1566bc0ad0d2867,Soil_Labeled_Data/M_20_30/L_60_70/alluvial/z5715083829092_c796baa2a13a45a626e1c31cb08f116a.jpg,Soil_Labeled_Data/M_20_30/L_60_70/alluvial/z5715083829092_c796baa2a13a45a626e1c31cb08f116a.jpg,0aaf381877979c2f78088b77bc96afd5f0dab14e5654e68eaa4f2db5ba909512,66e6c96930382c38,train,5
phash:b712b0d5fc97a691,3,3,b8c2f6ac2769f82ae5cd,Soil_Labeled_Data/M_30_40/L_60_70/alluvial/z5715083829092_c796baa2a13a45a626e1c31cb08f116a_M_20_30_light_brown.jpg,Soil_Labeled_Data/M_30_40/L_60_70/alluvial/z5715083829092_c796baa2a13a45a626e1c31cb08f116a_M_20_30_light_brown.jpg,6bad26e76d2423950003b2767f46904ee9f820358c437ae8a0ab980ab860e057,46e6c96930380c38,train,5
phash:b712b0d5fc97a691,3,3,abb4ccf2341526a9d325,Soil_Labeled_Data/M_60_70/L_60_70/alluvial/z5715083829092_c796baa2a13a45a626e1c31cb08f116a_M_20_30_light_brown_M_30_40_gray_brown_M_50_60_dark_brown.jpg,Soil_Labeled_Data/M_60_70/L_60_70/alluvial/z5715083829092_c796baa2a13a45a626e1c31cb08f116a_M_20_30_light_brown_M_30_40_gray_brown_M_50_60_dark_brown.jpg,7e06b7ab41237357f654fbd92b4b671dbf60b0fc5cbdddb2b3a0b6922b12ebe1,46e6cd6930382c38,train,5
phash:b87de173de4bd55d,6,5,fd6cd49b00f07feda88d,Soil_Labeled_Data/M_10_20/L_80_90/alluvial/IMG_0755.JPG,Soil_Labeled_Data/augmented_fallback/aug_IMG_0755.JPG,688940dc1ca6d3073cc48905590f8230116495eb6beb49b25d72e76796550ff0,0f273b838b831707,train,5
phash:b87de173de4bd55d,6,5,98fe83ba4a875d38ffc8,Soil_Labeled_Data/M_10_20/L_80_90/alluvial/IMG_0760.JPG,Soil_Labeled_Data/M_10_20/L_80_90/alluvial/IMG_0760.JPG,335f93b7096fabc3a68114e8059a8e21ce0d591798de4cde573718489111b02b,0f273b838b031707,train,5
phash:b87de173de4bd55d,6,5,c8707575fb8da1c3391a,Soil_Labeled_Data/M_10_20/L_80_90/alluvial/IMG_0761.JPG,Soil_Labeled_Data/M_10_20/L_80_90/alluvial/IMG_0761.JPG,335f93b7096fabc3a68114e8059a8e21ce0d591798de4cde573718489111b02b,0f273b838b031707,train,5
phash:b87de173de4bd55d,6,5,fd13c924402cdd288fff,Soil_Labeled_Data/M_40_50/L_80_90/alluvial/IMG_0760_M_10_20_gray_brown.jpg,Soil_Labeled_Data/M_40_50/L_80_90/alluvial/IMG_0760_M_10_20_gray_brown.jpg,acbecdba74cdb17e52758d6f15168c10d99f87b25aa51cf7c3429d7d95d301ac,0f6f39838b831507,train,5
phash:b87de173de4bd55d,6,5,de2e02a59255b0cc6bb6,Soil_Labeled_Data/M_40_50/L_80_90/alluvial/IMG_0761_M_10_20_pale_yellow.jpg,Soil_Labeled_Data/M_40_50/L_80_90/alluvial/IMG_0761_M_10_20_pale_yellow.jpg,2c3dbd764821089b37f53cbf5580aeb89baac40e75e2470159bee3ec67b4ecae,0f6f398383831507,train,5
phash:b87de173de4bd55d,6,5,68a0cc05ff767117a0a9,Soil_Labeled_Data/M_60_70/L_80_90/alluvial/M_60_70_L_80_90_0041_wet_gray.jpg,Soil_Labeled_Data/M_60_70/L_80_90/alluvial/M_60_70_L_80_90_0041_wet_gray.jpg,0725a6ed56b1a9a724aff5511bc1c8be1d89a9b663b8204b6e022defd4fc1c91,0f6f398383031507,train,5
phash:b897f55411018911,7,7,1adaffb9c6a7576f88f5,Soil_Labeled_Data/M_10_20/L_50_60/alluvial/IMG_0642.JPG,Soil_Labeled_Data/M_10_20/L_50_60/alluvial/IMG_0642.JPG,499b48a9dec8e36961cf4e40be5b4fe48b19cf5f8450a866e502cc43d8fc4a15,84945a3d66266727,train,5
phash:b897f55411018911,7,7,4955b1e65e0b93b5692a,Soil_Labeled_Data/M_10_20/L_50_60/alluvial/IMG_0642_aug_04_gray_brown.jpg,Soil_Labeled_Data/M_10_20/L_50_60/alluvial/IMG_0642_aug_04_gray_brown.jpg,06dc15310673b769141edca83f2e9ff96a45cb1d491b26e1d8bdf20d41f3c055,c494523d66262727,train,5
phash:b897f55411018911,7,7,981682e5d67d76879548,Soil_Labeled_Data/M_40_50/L_50_60/alluvial/IMG_0642_M_10_20_gray_brown.jpg,Soil_Labeled_Data/M_40_50/L_50_60/alluvial/IMG_0642_M_10_20_gray_brown.jpg,8af53b74b12252aaf3299632c2728481c4b6ba0d3c5c59b564c17e95293ca520,c494523d66366727,train,5
phash:b897f55411018911,7,7,6c755587629335c6b654,Soil_Labeled_Data/M_50_60/L_50_60/alluvial/IMG_0642_M_10_20_gray_brown_M_40_50_gray_brown.jpg,Soil_Labeled_Data/M_50_60/L_50_60/alluvial/IMG_0642_M_10_20_gray_brown_M_40_50_gray_brown.jpg,178fc125ae3b808ad6493557c5a974456c47c5c8b0234fc248bb5a775364ebdd,8494523d66262727,train,5
phash:b897f55411018911,7,7,bf3a745a26e20d1b6397,Soil_Labeled_Data/M_70_80/L_50_60/alluvial/IMG_0642_M_10_20_gray_brown_M_40_50_gray_brown_M_50_60_dark_brown.jpg,Soil_Labeled_Data/M_70_80/L_50_60/alluvial/IMG_0642_M_10_20_gray_brown_M_40_50_gray_brown_M_50_60_dark_brown.jpg,499392acc93c620f97b83f82d41ef0e73ec85aa4559c74e10701efd9c17c4726,8494523d66262727,train,5
phash:b897f55411018911,7,7,f3b3698f060dcde852b0,Soil_Labeled_Data/M_70_80/L_50_60/alluvial/IMG_0642_M_10_20_pale_yellow_M_40_50_light_brown_M_50_60_gray_brown_M_60_70_dark_brown.jpg,Soil_Labeled_Data/M_70_80/L_50_60/alluvial/IMG_0642_M_10_20_pale_yellow_M_40_50_light_brown_M_50_60_gray_brown_M_60_70_dark_brown.jpg,f72413e00be79d555a764b957f4542a446b28c64bc36d1ebde26b65d90c623d1,8494523d66262727,train,5
phash:b897f55411018911,7,7,89b1a430e020562d3b65,Soil_Labeled_Data/M_90_100/L_50_60/alluvial/IMG_0642_M_10_20_gray_brown_M_40_50_dark_brown_M_60_70_wet_gray_M_80_90_wet_gray.jpg,Soil_Labeled_Data/M_90_100/L_50_60/alluvial/IMG_0642_M_10_20_gray_brown_M_40_50_dark_brown_M_60_70_wet_gray_M_80_90_wet_gray.jpg,431cbda8afb43518a670345454d2eb0a259c2e31e09212d6008f9d8662bfef94,8494103d66262727,train,5
phash:b8c5699fca19afbe,5,5,961b0c9152476c63badf,Soil_Labeled_Data/M_10_20/L_70_80/alluvial/IMG_0707.JPG,Soil_Labeled_Data/M_10_20/L_70_80/alluvial/IMG_0707.JPG,8e74afcb6aeb0b2effb59be2bc15d14056ab4be5f9878c888a1c1711e26a771f,bda6b6d2e4abade4,train,5
phash:b8c5699fca19afbe,5,5,aafd8048f02d5ca0a408,Soil_Labeled_Data/M_40_50/L_70_80/alluvial/IMG_0707_M_10_20_gray_brown.jpg,Soil_Labeled_Data/M_40_50/L_70_80/alluvial/IMG_0707_M_10_20_gray_brown.jpg,ba084cf75badf3b2a741f56fa6114b48877fe1b200e8cae141196ffdda660a44,bdacb6d2e4abadd4,train,5
phash:b8c5699fca19afbe,5,5,db922ff29d1248f47597,Soil_Labeled_Data/M_80_90/L_70_80/alluvial/IMG_0707_M_10_20_gray_brown_M_40_50_dark_brown_M_60_70_clay_red.jpg,Soil_Labeled_Data/M_80_90/L_70_80/alluvial/IMG_0707_M_10_20_gray_brown_M_40_50_dark_brown_M_60_70_clay_red.jpg,bc1cba7c3cfa0fa79e628706cbb7e6026cb3f886e618b2148e86311d5b0fbfbf,bdacb6d2e4abadd4,train,5
phash:b8c5699fca19afbe,5,5,21654299ec7985a1f84c,Soil_Labeled_Data/M_80_90/L_70_80/alluvial/IMG_0707_M_10_20_gray_brown_M_40_50_light_brown_M_50_60_dark_brown_M_60_70_clay_red.jpg,Soil_Labeled_Data/M_80_90/L_70_80/alluvial/IMG_0707_M_10_20_gray_brown_M_40_50_light_brown_M_50_60_dark_brown_M_60_70_clay_red.jpg,c17c464967944012e813b9b9960657524cc9f553c57421ba7860deda624cbac3,b5acb6d2e4aba5d4,train,5
phash:b8c5699fca19afbe,5,5,9e36e2924606538d9493,Soil_Labeled_Data/M_80_90/L_70_80/alluvial/IMG_0707_M_10_20_pale_yellow_M_30_40_gray_brown_M_50_60_dark_brown_M_70_80_wet_gray.jpg,Soil_Labeled_Data/M_80_90/L_70_80/alluvial/IMG_0707_M_10_20_pale_yellow_M_30_40_gray_brown_M_50_60_dark_brown_M_70_80_wet_gray.jpg,3a36443e345eb68b5e01e75db66e287d7ae53a0898f2230917feb1739f4f89a6,b5a4a6d2e4aaa5c4,train,5
phash:b8d7b2bffe0b868f,4,4,48dd921803ea0d22a4b9,Soil_Labeled_Data/M_0_10/L_40_50/alluvial/IMG_0153.JPG,Soil_Labeled_Data/M_0_10/L_40_50/alluvial/IMG_0153.JPG,04be8f4c3477783a40c885b56de8688c5df708b6202f762375732db3eb94b744,f2c875acb14b4ece,train,5
phash:b8d7b2bffe0b868f,4,4,4f03cb42386b4c8ea87b,Soil_Labeled_Data/M_40_50/L_40_50/alluvial/IMG_0153_M_0_10_gray_brown.jpg,Soil_Labeled_Data/M_40_50/L_40_50/alluvial/IMG_0153_M_0_10_gray_brown.jpg,565c0916431d19b5d41863b0dacea4dcaa03aca4cfff7f57f0fbd822aa933411,f2c871ecb57b4e86,train,5
phash:b8d7b2bffe0b868f,4,4,c159f6f3ef5a86f62f63,Soil_Labeled_Data/M_50_60/L_40_50/alluvial/IMG_0153_M_0_10_pale_yellow_M_40_50_gray_brown.jpg,Soil_Labeled_Data/M_50_60/L_40_50/alluvial/IMG_0153_M_0_10_pale_yellow_M_40_50_gray_brown.jpg,62e02b5b6439ae8c2d85af0aae5ab4b8e2e1592e2455ee14b5b20f1f2f659663,f2c871ecb55b4ec6,train,5
phash:b8d7b2bffe0b868f,4,4,f8d8499bf67582fd0c9d,Soil_Labeled_Data/M_70_80/L_40_50/alluvial/IMG_0153_M_0_10_gray_brown_M_40_50_gray_brown_M_50_60_clay_red.jpg,Soil_Labeled_Data/M_70_80/L_40_50/alluvial/IMG_0153_M_0_10_gray_brown_M_40_50_gray_brown_M_50_60_clay_red.jpg,38bb3f766f2aa79dde3120216f931963cef6e646788aa2f5f2407057ccb4a5ab,b2c871acb55b4e86,train,5
phash:b99442dcb96b264a,2,2,dba0187a15139cdd8995,Soil_Labeled_Data/M_10_20/L_30_40/alluvial/IMG_0557.JPG,Soil_Labeled_Data/M_10_20/L_30_40/alluvial/IMG_0557.JPG,0ac01d68bef1fad394f91adef31a6fcecd44ca9a4a00b7fa5c464f604b47cdd9,634321858d121674,validation,5
phash:b99442dcb96b264a,2,2,358c2ae5141e7bb434da,Soil_Labeled_Data/M_60_70/L_30_40/alluvial/IMG_0557_M_10_20_pale_yellow_M_40_50_light_brown_M_50_60_gray_brown.jpg,Soil_Labeled_Data/M_60_70/L_30_40/alluvial/IMG_0557_M_10_20_pale_yellow_M_40_50_light_brown_M_50_60_gray_brown.jpg,bc202f2be432c0818318fbab61f74caddacd58e99ac34d7dc014b4c7734ec13b,634321818c101274,validation,5
phash:b9aa2a4a5654395e,5,5,b0ad46686097e9f8c83a,Soil_Labeled_Data/M_10_20/L_70_80/alluvial/IMG_0711.JPG,Soil_Labeled_Data/M_10_20/L_70_80/alluvial/IMG_0711.JPG,8d1048dff633b579ad3b9d79832552f31d8027403fc0e876d90c5ae1fecbad8f,ba933c66f6d2c48d,train,5
phash:b9aa2a4a5654395e,5,5,4706807307f6db7a4c3a,Soil_Labeled_Data/M_30_40/L_70_80/alluvial/IMG_0711_M_10_20_light_brown.jpg,Soil_Labeled_Data/M_30_40/L_70_80/alluvial/IMG_0711_M_10_20_light_brown.jpg,55d8b01606b59e0de17588a4a5a15e89071f8773493f785f5413da8c844e56f8,ba933c66e6d2c48d,train,5
phash:b9aa2a4a5654395e,5,5,2750fabab27d4abaa4c8,Soil_Labeled_Data/M_40_50/L_70_80/alluvial/IMG_0711_M_10_20_light_brown.jpg,Soil_Labeled_Data/M_40_50/L_70_80/alluvial/IMG_0711_M_10_20_light_brown.jpg,7e6f02b6320271eaf8cc546da9dc787f5a4c625460c62b4fbda75ded2986c7ef,ba933c66e6f2e48d,train,5
phash:b9aa2a4a5654395e,5,5,cba8500a6ed0d14031e8,Soil_Labeled_Data/M_70_80/L_70_80/alluvial/IMG_0711_M_10_20_light_brown_M_40_50_light_brown_M_50_60_dark_brown.jpg,Soil_Labeled_Data/M_70_80/L_70_80/alluvial/IMG_0711_M_10_20_light_brown_M_40_50_light_brown_M_50_60_dark_brown.jpg,4a1b15ba9c830b059f64db56df5646a29f5896fec5b419fab9b8d44a819b726c,ba932c66e6d2e48d,train,5
phash:b9aa2a4a5654395e,5,5,cb31b30c5659b54ab890,Soil_Labeled_Data/M_70_80/L_70_80/alluvial/IMG_0711_M_10_20_light_brown_M_40_50_light_brown_M_50_60_dark_brown_M_60_70_clay_red.jpg,Soil_Labeled_Data/M_70_80/L_70_80/alluvial/IMG_0711_M_10_20_light_brown_M_40_50_light_brown_M_50_60_dark_brown_M_60_70_clay_red.jpg,f55445efd21f239d437ec7b638ae86df9b6a79a961183ec76a25c20f10694149,ba933c66e6b2e48d,train,5
phash:b9c4e59d99e5235b,2,2,a0903b6c5198196cfef8,Soil_Labeled_Data/M_20_30/L_60_70/alluvial/z5715084355096_c7964126a2b1f16f09a53be76d55e947.jpg,Soil_Labeled_Data/M_20_30/L_60_70/alluvial/z5715084355096_c7964126a2b1f16f09a53be76d55e947.jpg,c1a526eaa74b9ae17393a96fec9cd5a51bfebd65bf5dc0c4da6413cd4ce46f79,ae56343064c13327,train,5
phash:b9c4e59d99e5235b,2,2,6ed858a5d59606f071d5,Soil_Labeled_Data/M_90_100/L_60_70/alluvial/z5715084355096_c7964126a2b1f16f09a53be76d55e947_M_20_30_pale_yellow_M_30_40_gray_brown_M_50_60_clay_red_M_70_80_dark_brown.jpg,Soil_Labeled_Data/M_90_100/L_60_70/alluvial/z5715084355096_c7964126a2b1f16f09a53be76d55e947_M_20_30_pale_yellow_M_30_40_gray_brown_M_50_60_clay_red_M_70_80_dark_brown.jpg,b63354876ff52096a9c1a26f03e5f490251b2ed0d1be5d0be8f40998e313d225,ae56342064411327,train,5
phash:bb54b0f00587a997,2,2,999d483610a2f1739025,Soil_Labeled_Data/M_90_100/L_50_60/alluvial/IMG_0643_M_10_20_gray_brown_M_40_50_gray_brown_M_50_60_dark_brown_M_70_80_wet_gray.jpg,Soil_Labeled_Data/M_90_100/L_50_60/alluvial/IMG_0643_M_10_20_gray_brown_M_40_50_gray_brown_M_50_60_dark_brown_M_70_80_wet_gray.jpg,1849f8ccf63d9e4b6f00031ae1b276a812dae3bf7f0ab77c9961046836c05f0c,0d05070307072266,train,5
phash:bb54b0f00587a997,2,2,69c32dc32089c62fb6f0,Soil_Labeled_Data/M_90_100/L_50_60/alluvial/IMG_0643_M_10_20_light_brown_M_40_50_gray_brown_M_50_60_dark_brown_M_60_70_wet_gray_M_80_90_wet_gray.jpg,Soil_Labeled_Data/M_90_100/L_50_60/alluvial/IMG_0643_M_10_20_light_brown_M_40_50_gray_brown_M_50_60_dark_brown_M_60_70_wet_gray_M_80_90_wet_gray.jpg,3b5b25aedbe709b746c0488c1d707a059ed604e161ce1853c9beb342928ddba6,0905062307072262,train,5
phash:bc029cd79db808a1,2,2,01a2aba4bd8848b3d5a9,Soil_Labeled_Data/M_10_20/L_20_30/alluvial/IMG_0503.JPG,Soil_Labeled_Data/M_10_20/L_20_30/alluvial/IMG_0503.JPG,f2c66971f9e2caf06fd9d1540627fefddec9b74ded74d87053ef202ecdd9ee9a,525d0f171f5b330b,validation,5
phash:bc029cd79db808a1,2,2,e4b8b32bab7dbd7f90ff,Soil_Labeled_Data/M_80_90/L_20_30/alluvial/IMG_0503_M_10_20_gray_brown_M_40_50_gray_brown_M_50_60_dark_brown_M_70_80_wet_gray.jpg,Soil_Labeled_Data/M_80_90/L_20_30/alluvial/IMG_0503_M_10_20_gray_brown_M_40_50_gray_brown_M_50_60_dark_brown_M_70_80_wet_gray.jpg,402043bd8807d7920293ed46d254b96406d1d1410dc938a7982aa655acee3b99,525d0f071b4b2309,validation,5
phash:bc8421654ab19e1d,2,2,42a0b4d8fcfee37be4d2,Soil_Labeled_Data/M_20_30/L_70_80/alluvial/z5715142193394_b30a0cc8a4160e93e5340cc2d37f7490.jpg,Soil_Labeled_Data/M_20_30/L_70_80/alluvial/z5715142193394_b30a0cc8a4160e93e5340cc2d37f7490.jpg,b77c5c9aa4c9cb6f5b727fe315ebd4d03a1910d5bbbb7341829a628d77113cb4,b37f7f3f5fbe3cf9,validation,5
phash:bc8421654ab19e1d,2,2,509a8acfa385695488ac,Soil_Labeled_Data/M_50_60/L_70_80/alluvial/z5715142193394_b30a0cc8a4160e93e5340cc2d37f7490_M_20_30_light_brown_M_30_40_gray_brown.jpg,Soil_Labeled_Data/M_50_60/L_70_80/alluvial/z5715142193394_b30a0cc8a4160e93e5340cc2d37f7490_M_20_30_light_brown_M_30_40_gray_brown.jpg,22ff6d39400621d66e88c5154ebcef748bbc3072311605ca99676b982e4d29d1,b37f7f3f5fbe3cf9,validation,5
phash:bc9c3f0c970894cc,3,3,3638f50dd1288926352f,Soil_Labeled_Data/M_10_20/L_70_80/alluvial/IMG_0714.JPG,Soil_Labeled_Data/M_10_20/L_70_80/alluvial/IMG_0714.JPG,ac100ff4e7f1ea9f844e5b117bec6fb20756436fa89ffd6f1eaaa917d68c670d,79edd4f3fbe9aece,train,5
phash:bc9c3f0c970894cc,3,3,753348d85a0cfdbc8006,Soil_Labeled_Data/M_30_40/L_70_80/alluvial/IMG_0714_M_10_20_light_brown.jpg,Soil_Labeled_Data/M_30_40/L_70_80/alluvial/IMG_0714_M_10_20_light_brown.jpg,d820193e8c79fa413b5802aa26c7567612b4a322dfb48d267fe87a7d30f8368d,69edd4f3fbc9aecc,train,5
phash:bc9c3f0c970894cc,3,3,24e702f4e854837faae9,Soil_Labeled_Data/M_50_60/L_70_80/alluvial/IMG_0714_M_10_20_light_brown_M_30_40_gray_brown.jpg,Soil_Labeled_Data/M_50_60/L_70_80/alluvial/IMG_0714_M_10_20_light_brown_M_30_40_gray_brown.jpg,f360761258ed2b1e45baa877df0a6a5ad85853f34d8e973a5bc08d4ac9ff10d0,69edd473fbe9aece,train,5
phash:bdc9d8b77fcfbfa7,2,2,18cc66d0e052db5112bb,Soil_Labeled_Data/M_80_90/L_40_50/alluvial/z5719914753588_0c56217f338c6ce291955ae9b10cce77_M_30_40_clayish_red_M_40_50_gray_brown_M_50_60_dark_brown_M_60_70_wet_gray.jpg,Soil_Labeled_Data/M_80_90/L_40_50/alluvial/z5719914753588_0c56217f338c6ce291955ae9b10cce77_M_30_40_clayish_red_M_40_50_gray_brown_M_50_60_dark_brown_M_60_70_wet_gray.jpg,7f84252e0c8c2cd0272747c5388d76596599d0bde2e8f443eae3056449804bf6,090101292101c501,validation,5
phash:bdc9d8b77fcfbfa7,2,2,85009ec67e18c92e764d,Soil_Labeled_Data/M_80_90/L_40_50/alluvial/z5719914753588_0c56217f338c6ce291955ae9b10cce77_M_30_40_gray_brown_M_50_60_gray_brown_M_60_70_clay_red.jpg,Soil_Labeled_Data/M_80_90/L_40_50/alluvial/z5719914753588_0c56217f338c6ce291955ae9b10cce77_M_30_40_gray_brown_M_50_60_gray_brown_M_60_70_clay_red.jpg,e8fa927a1087e2d26a3102b9c5c16d06348504c4401e0cc361f0a4305fafbf3b,098181292001c581,validation,5
phash:be078d7689b1dbb1,2,2,beaa7468f520ae9fd801,Soil_Labeled_Data/M_30_40/L_10_20/alluvial/z5716081604703_5b6db8c3f8abac206c03f4fcd5bac49c.jpg,Soil_Labeled_Data/M_30_40/L_10_20/alluvial/z5716081604703_5b6db8c3f8abac206c03f4fcd5bac49c.jpg,62f9da21adb06c4276d00a44ce15cf51ed1982077272664ee1e037b068d80a86,27140b0b01400303,validation,5
phash:be078d7689b1dbb1,2,2,cf1076937e7e39c26348,Soil_Labeled_Data/M_50_60/L_10_20/alluvial/z5716081604703_5b6db8c3f8abac206c03f4fcd5bac49c_M_30_40_clayish_red_M_40_50_gray_brown.jpg,Soil_Labeled_Data/M_50_60/L_10_20/alluvial/z5716081604703_5b6db8c3f8abac206c03f4fcd5bac49c_M_30_40_clayish_red_M_40_50_gray_brown.jpg,17b0dedfa39a35461351634ad6fc9136edba809cf631997ab23c96946a53a2e3,26040b0b01410302,validation,5
phash:be66fd8e4e1f0f06,3,3,5bb5fb9b161dd44826d9,Soil_Labeled_Data/M_0_10/L_50_60/alluvial/IMG_0197.JPG,Soil_Labeled_Data/M_0_10/L_50_60/alluvial/IMG_0197.JPG,c45b81b3fbb95ba6a0b2d0133fc7d87662a9304cfe1c65f1edf78119bc8e2725,c7a929b291d91c2c,validation,5
phash:be66fd8e4e1f0f06,3,3,75115143c6b929b3398e,Soil_Labeled_Data/M_60_70/L_50_60/alluvial/IMG_0197_M_0_10_gray_brown_M_40_50_dark_brown.jpg,Soil_Labeled_Data/M_60_70/L_50_60/alluvial/IMG_0197_M_0_10_gray_brown_M_40_50_dark_brown.jpg,3db9c8b3d43b3c8660058c0abd4581eded054b8122f80ce3fc020ed08a05b620,c7a929b291d91c2c,validation,5
phash:be66fd8e4e1f0f06,3,3,ea2800eea4798403f12a,Soil_Labeled_Data/M_60_70/L_50_60/alluvial/IMG_0197_M_0_10_gray_brown_M_40_50_light_brown_M_50_60_dark_brown.jpg,Soil_Labeled_Data/M_60_70/L_50_60/alluvial/IMG_0197_M_0_10_gray_brown_M_40_50_light_brown_M_50_60_dark_brown.jpg,ac8efbac3acc29ada17c355048553574bdc36b0709c63af47292e5bba65260f6,c7a929b291591d28,validation,5
phash:bef86f50238eb24a,2,2,bea7c22d073e3e58b273,Soil_Labeled_Data/M_30_40/L_50_60/alluvial/z5719945282121_22a25cca44c3ca90506d7f082a8e62ba.jpg,Soil_Labeled_Data/M_30_40/L_50_60/alluvial/z5719945282121_22a25cca44c3ca90506d7f082a8e62ba.jpg,53f995b6e86019dd54dbe4d6ca3eacb16b5d1ab70b70a356284fa935c6f820da,65694109070d0d22,train,5
phash:bef86f50238eb24a,2,2,a10ce5588ab3ec62873c,Soil_Labeled_Data/M_50_60/L_50_60/alluvial/z5719945282121_22a25cca44c3ca90506d7f082a8e62ba_M_30_40_pale_yellow_M_40_50_gray_brown.jpg,Soil_Labeled_Data/M_50_60/L_50_60/alluvial/z5719945282121_22a25cca44c3ca90506d7f082a8e62ba_M_30_40_pale_yellow_M_40_50_gray_brown.jpg,83df3d5905294a6339a4acb11214690ffb8c4e6df88a97e72608143ee2f7fe7b,2569490907050d22,train,5
phash:bf74a62949a5d43e,3,3,490e49bae16d927ec632,Soil_Labeled_Data/M_0_10/L_70_80/alluvial/IMG_0283.JPG,Soil_Labeled_Data/M_0_10/L_70_80/alluvial/IMG_0283.JPG,f8b823783f319c143a60b31deb2d32fa8d256fd30992110e191d58a2b990e186,476f2eedc7d53538,train,5
phash:bf74a62949a5d43e,3,3,7967a4ab41818256357f,Soil_Labeled_Data/M_40_50/L_70_80/alluvial/IMG_0283_M_0_10_pale_yellow.jpg,Soil_Labeled_Data/M_40_50/L_70_80/alluvial/IMG_0283_M_0_10_pale_yellow.jpg,9725350b9a264988bdd724ffb6c5912ee625e072c63fdb0c6e942adb2cd07124,476f3ec5c7d52538,train,5
phash:bf74a62949a5d43e,3,3,a895b326514498fb37a9,Soil_Labeled_Data/M_50_60/L_70_80/alluvial/IMG_0283_M_0_10_pale_yellow_M_40_50_light_brown.jpg,Soil_Labeled_Data/M_50_60/L_70_80/alluvial/IMG_0283_M_0_10_pale_yellow_M_40_50_light_brown.jpg,67bd884b1f92e14934767f4148f27dc60d3058b984ba9ee5def0bd262fde8665,476f3ec4c7d42538,train,5
phash:c007721889ea07ad,2,2,b8362c01aa38f56b0b97,Soil_Labeled_Data/M_20_30/L_70_80/alluvial/z5715142251106_f70a13549cdc2cbc53d4da6e12f77581.jpg,Soil_Labeled_Data/M_20_30/L_70_80/alluvial/z5715142251106_f70a13549cdc2cbc53d4da6e12f77581.jpg,56e5ae7d0ed513736bd0ce7a97fa1bdeb8a90f88184db4ef0b3f4e0875471656,02151b8e1f7f5f0a,train,5
phash:c007721889ea07ad,2,2,bf86ec17333e7e8fe755,Soil_Labeled_Data/M_60_70/L_70_80/alluvial/z5715142251106_f70a13549cdc2cbc53d4da6e12f77581_M_20_30_pale_yellow_M_30_40_gray_brown_M_50_60_dark_brown.jpg,Soil_Labeled_Data/M_60_70/L_70_80/alluvial/z5715142251106_f70a13549cdc2cbc53d4da6e12f77581_M_20_30_pale_yellow_M_30_40_gray_brown_M_50_60_dark_brown.jpg,249cfea99e2c9d6d87dd156a51a13c197d2723fc529b5d943f5f805774132f0e,02151b8e1f7f5f0a,train,5
phash:c07316710b5c7615,5,5,21dcfe51b1afe6936693,Soil_Labeled_Data/M_10_20/L_90_100/alluvial/IMG_0789.JPG,Soil_Labeled_Data/M_10_20/L_90_100/alluvial/IMG_0789.JPG,6071a65bed90ab8f895b1eee1405edd79d9bb76c29c7070eca1a450fe29b8a1d,943d8d9f1f9eef67,train,5
phash:c07316710b5c7615,5,5,48ec6964490f8558cd34,Soil_Labeled_Data/M_50_60/L_90_100/alluvial/M_50_60_L_90_100_0051_gray_brown.jpg,Soil_Labeled_Data/M_50_60/L_90_100/alluvial/M_50_60_L_90_100_0051_gray_brown.jpg,d3d56547befc0c68034fce09ddaa5798e653fc589bf41f29886fb4d09dbae62b,943dcd9f0f9eef67,train,5
phash:c07316710b5c7615,5,5,12c3923232563894f907,Soil_Labeled_Data/M_50_60/L_90_100/alluvial/M_50_60_L_90_100_0079_clay_red.jpg,Soil_Labeled_Data/M_50_60/L_90_100/alluvial/M_50_60_L_90_100_0079_clay_red.jpg,6878c56c81e0d8f62e88db763a6832ccac64a8190c3eba58448cf4671d0d3836,943dcd9f0f9eef67,train,5
phash:c07316710b5c7615,5,5,2270fc2aeb2e2fe78de1,Soil_Labeled_Data/M_70_80/L_90_100/alluvial/M_70_80_L_90_100_0031_gray_brown.jpg,Soil_Labeled_Data/M_70_80/L_90_100/alluvial/M_70_80_L_90_100_0031_gray_brown.jpg,3b2ba72237a135694153383b605ac54fafaee18bec5c84e3838b2b1d02b4f677,943d0d9f0fdeef67,train,5
phash:c07316710b5c7615,5,5,684080c494ddadc43e9c,Soil_Labeled_Data/M_70_80/L_90_100/alluvial/M_70_80_L_90_100_0086_clay_red.jpg,Soil_Labeled_Data/M_70_80/L_90_100/alluvial/M_70_80_L_90_100_0086_clay_red.jpg,3df49c2b6b2cbaa0e584babb070c188c443ea001618b12b4815d3a04ebc503ff,94bd4d9f0f9eef67,train,5
phash:c2d0b4c5d54ef858,2,2,92032dba25eb12bb692f,Soil_Labeled_Data/M_70_80/L_40_50/alluvial/IMG_0593_M_10_20_light_brown_M_40_50_light_brown_M_50_60_gray_brown_M_60_70_dark_brown.jpg,Soil_Labeled_Data/M_70_80/L_40_50/alluvial/IMG_0593_M_10_20_light_brown_M_40_50_light_brown_M_50_60_gray_brown_M_60_70_dark_brown.jpg,2b8ecb791b8386a93664423884c97059a0f2581aaa95c8a9d754e1b506fd66c8,23515d0d0849a183,validation,5
phash:c2d0b4c5d54ef858,2,2,9a6acb7be140c5694c00,Soil_Labeled_Data/M_90_100/L_40_50/alluvial/IMG_0593_M_10_20_light_brown_M_40_50_light_brown_M_50_60_gray_brown_M_60_70_dark_brown_M_70_80_dark_brown.jpg,Soil_Labeled_Data/M_90_100/L_40_50/alluvial/IMG_0593_M_10_20_light_brown_M_40_50_light_brown_M_50_60_gray_brown_M_60_70_dark_brown_M_70_80_dark_brown.jpg,b7dfb39c1acd71091f3690fe292ca5e33d6695211a6670ea803a7d37dc684425,21514d050849a183,validation,5
phash:c394eaefdefded4a,3,3,55352283b76e67d90b33,Soil_Labeled_Data/M_0_10/L_70_80/alluvial/IMG_0300.JPG,Soil_Labeled_Data/M_0_10/L_70_80/alluvial/IMG_0300.JPG,4d812e3c874392e7cf86a4bc0f4537b962d97cf1406191185bb8c567ee968fab,8accdd3d23394856,train,5
phash:c394eaefdefded4a,3,3,5c60bdef9ac42a4e9945,Soil_Labeled_Data/M_60_70/L_70_80/alluvial/IMG_0300_M_0_10_pale_yellow_M_40_50_dark_brown.jpg,Soil_Labeled_Data/M_60_70/L_70_80/alluvial/IMG_0300_M_0_10_pale_yellow_M_40_50_dark_brown.jpg,4ab933591f1937b99c3c0a4ce5b4c1a8b286afd951ae62a222825d2182dd5d86,8acc5d3d23180846,train,5
phash:c394eaefdefded4a,3,3,e1affee36a6555022fc9,Soil_Labeled_Data/M_60_70/L_70_80/alluvial/IMG_0300_M_0_10_pale_yellow_M_40_50_gray_brown_M_50_60_dark_brown.jpg,Soil_Labeled_Data/M_60_70/L_70_80/alluvial/IMG_0300_M_0_10_pale_yellow_M_40_50_gray_brown_M_50_60_dark_brown.jpg,9482121a9e1e365b88cdf94541adc4774cc0570ff4ab45c15a519f82de3ad943,8ac85d3d22194846,train,5
phash:c476afeffde87f5e,2,2,20affdaeb3eade9020ea,Soil_Labeled_Data/M_10_20/L_70_80/alluvial/IMG_0712.JPG,Soil_Labeled_Data/M_10_20/L_70_80/alluvial/IMG_0712.JPG,be559902ee08437efa919d39a196cd6d26f1841a05ff8c1420de1b8413cf3661,506dd591d9d632ad,validation,5
phash:c476afeffde87f5e,2,2,ea175a663994a9c641d3,Soil_Labeled_Data/M_50_60/L_70_80/alluvial/IMG_0712_M_10_20_light_brown_M_30_40_gray_brown.jpg,Soil_Labeled_Data/M_50_60/L_70_80/alluvial/IMG_0712_M_10_20_light_brown_M_30_40_gray_brown.jpg,6390764173f8d2474ddc73a5d2918a94e1f68b937c8556e134145782f3df6554,506dd591d9d632ad,validation,5
phash:c513df151bf6050f,2,2,5f9bbb6ae47babf724b0,Soil_Labeled_Data/M_10_20/L_80_90/alluvial/IMG_0747.JPG,Soil_Labeled_Data/M_10_20/L_80_90/alluvial/IMG_0747.JPG,98f420ea5ec5a9db20f33149fa85f2d7464853801769252953d97ea934ed3953,5aea6752933317db,train,5
phash:c513df151bf6050f,2,2,2e10c1e23ee28e7f426d,Soil_Labeled_Data/M_10_20/L_80_90/alluvial/IMG_0753.JPG,Soil_Labeled_Data/augmented_fallback/aug_IMG_0753.JPG,a8ffe977d26bd69efaf6a0142ac48b699196edc86d65d4945106de87c9a97809,5aea6752933317db,train,5
phash:c54122dc935fea79,5,5,9ee752d97969455881ac,Soil_Labeled_Data/M_40_50/L_60_70/alluvial/IMG_0241_M_0_10_clayish_red.jpg,Soil_Labeled_Data/M_40_50/L_60_70/alluvial/IMG_0241_M_0_10_clayish_red.jpg,3bcf347e53c756fb69a06b90e77f8c96b4e8c62ff2813ed3e1f23bc2ec23de70,773f3235784b0d1d,train,5
phash:c54122dc935fea79,5,5,179e3ce2cf20d3207ec6,Soil_Labeled_Data/M_50_60/L_60_70/alluvial/IMG_0241_M_0_10_gray_brown_M_40_50_light_brown.jpg,Soil_Labeled_Data/M_50_60/L_60_70/alluvial/IMG_0241_M_0_10_gray_brown_M_40_50_light_brown.jpg,de396e8e7a7eac5b5ceca4070ff3d229b44e2893608a84db5e0a6362360878ef,573f3235784b0d1d,train,5
phash:c54122dc935fea79,5,5,1f8b193a30fe5574885a,Soil_Labeled_Data/M_60_70/L_60_70/alluvial/IMG_0241_M_0_10_gray_brown_M_40_50_gray_brown.jpg,Soil_Labeled_Data/M_60_70/L_60_70/alluvial/IMG_0241_M_0_10_gray_brown_M_40_50_gray_brown.jpg,0718277e030619f6c49fe63cf7b93a6f93506405b5621b63c1be58cacdb4d0c2,573f323578430d1d,train,5
phash:c54122dc935fea79,5,5,636915db53b70817724c,Soil_Labeled_Data/M_70_80/L_60_70/alluvial/IMG_0241_M_0_10_clayish_red_M_40_50_gray_brown_M_50_60_dark_brown_M_60_70_dark_brown.jpg,Soil_Labeled_Data/M_70_80/L_60_70/alluvial/IMG_0241_M_0_10_clayish_red_M_40_50_gray_brown_M_50_60_dark_brown_M_60_70_dark_brown.jpg,c0156247ac7bbff3b26f1c70b2839600c6555fde40fecb04d2ce9216af19950f,473e323458430d1d,train,5
phash:c54122dc935fea79,5,5,481dfe7ef5e854e45e03,Soil_Labeled_Data/M_90_100/L_60_70/alluvial/IMG_0241_M_0_10_clayish_red_M_40_50_dark_brown_M_60_70_dark_brown_M_70_80_dark_brown.jpg,Soil_Labeled_Data/M_90_100/L_60_70/alluvial/IMG_0241_M_0_10_clayish_red_M_40_50_dark_brown_M_60_70_dark_brown_M_70_80_dark_brown.jpg,097128e4978dca2fb81dcf831f6983f18db6bf4af2b7764d5a07893274d71cd4,433f32345843091d,train,5
phash:c549b2232ac5351e,2,2,bd232f259eabfeb0bdc3,Soil_Labeled_Data/M_0_10/L_40_50/alluvial/IMG_0155.JPG,Soil_Labeled_Data/M_0_10/L_40_50/alluvial/IMG_0155.JPG,bd6118c950fefd59125593cb81c124f22c20f8fb0fd6ea92bde7bc9afa67f35b,97c812ac73bb2f17,train,5
phash:c549b2232ac5351e,2,2,13912ae22559f996e3da,Soil_Labeled_Data/M_50_60/L_40_50/alluvial/IMG_0155_M_0_10_light_brown_M_40_50_light_brown.jpg,Soil_Labeled_Data/M_50_60/L_40_50/alluvial/IMG_0155_M_0_10_light_brown_M_40_50_light_brown.jpg,de6eafab59ed8b999db88a4733c7a227f1a06770c1253bd01f91402595a357f6,b7c812ae733a2f17,train,5
phash:c63b19b3f5971d7f,2,2,87ab6c1291145c12f58b,Soil_Labeled_Data/M_10_20/L_10_20/alluvial/IMG_0465.JPG,Soil_Labeled_Data/M_10_20/L_10_20/alluvial/IMG_0465.JPG,3e0c7f6f5f4015558c5d3e5a753eba3bdaf2489a5f41d9fe813d6a9fc497ac26,f7131f1b488e0301,test,5
phash:c63b19b3f5971d7f,2,2,c3ed9b9bc44bcc6c419d,Soil_Labeled_Data/M_40_50/L_10_20/alluvial/IMG_0465_M_10_20_pale_yellow.jpg,Soil_Labeled_Data/M_40_50/L_10_20/alluvial/IMG_0465_M_10_20_pale_yellow.jpg,3127e721bcf0f963026b38b85782d9703942445e14eed5a58293effefa55a508,ef171b1b088e0301,test,5
phash:c66a3e06649e45b0,2,2,64ec4b06fe065d821779,Soil_Labeled_Data/M_20_30/L_60_70/alluvial/z5715084394382_378bf214cc128ad07a22836f046d4fec.jpg,Soil_Labeled_Data/M_20_30/L_60_70/alluvial/z5715084394382_378bf214cc128ad07a22836f046d4fec.jpg,57456835330f0656d6c7aa45b8af370eb037224d96c8cae244f0f15a367b6271,400240101112564b,train,5
phash:c66a3e06649e45b0,2,2,c9743a6b674a32a81132,Soil_Labeled_Data/M_30_40/L_60_70/alluvial/z5715084394382_378bf214cc128ad07a22836f046d4fec_M_20_30_light_brown.jpg,Soil_Labeled_Data/M_30_40/L_60_70/alluvial/z5715084394382_378bf214cc128ad07a22836f046d4fec_M_20_30_light_brown.jpg,8e3f2e24ab45236e11c1d768f491d26b16509a544f9f7ee7fcec0c94cae79290,008240101112564b,train,5
phash:c681ac1b33256bae,4,4,cc1909096f301800af4e,Soil_Labeled_Data/M_0_10/L_20_30/alluvial/IMG_0059.JPG,Soil_Labeled_Data/M_0_10/L_20_30/alluvial/IMG_0059.JPG,1e5204ec8b964b29bd6ae255b6fbb0008ada5b0d6b15d2cb4fd7246c073e4d3d,9f87070f13030326,train,5
phash:c681ac1b33256bae,4,4,22ced3569fbeceabe1a0,Soil_Labeled_Data/M_40_50/L_20_30/alluvial/IMG_0059_M_0_10_pale_yellow.jpg,Soil_Labeled_Data/M_40_50/L_20_30/alluvial/IMG_0059_M_0_10_pale_yellow.jpg,501b7c316ed1223d3f215b88013fea2fb9518f88a59bcb0c976e41770291232d,9f97070f13030326,train,5
phash:c681ac1b33256bae,4,4,7aa779fd9daad63dda0c,Soil_Labeled_Data/M_60_70/L_20_30/alluvial/IMG_0059_M_0_10_pale_yellow_M_40_50_gray_brown.jpg,Soil_Labeled_Data/M_60_70/L_20_30/alluvial/IMG_0059_M_0_10_pale_yellow_M_40_50_gray_brown.jpg,8f923c22009814abae8dc8c517a7991899b818339443658d749f9397cd6f81d6,9f97070f13030326,train,5
phash:c681ac1b33256bae,4,4,32c99288d954af25e13d,Soil_Labeled_Data/M_90_100/L_20_30/alluvial/IMG_0059_M_0_10_pale_yellow_M_40_50_light_brown_M_50_60_clay_red_M_70_80_wet_gray.jpg,Soil_Labeled_Data/M_90_100/L_20_30/alluvial/IMG_0059_M_0_10_pale_yellow_M_40_50_light_brown_M_50_60_clay_red_M_70_80_wet_gray.jpg,769282d4d607fb0b1f06786379bee1451846aac744396376a245f8cc6bf64a10,9b93070f13030304,train,5
phash:c765a32ba3b9b1e0,2,2,d8841e2e85afc38a31d8,Soil_Labeled_Data/M_20_30/L_70_80/alluvial/z5715142077494_ab24c35df3ee1fd78c4a418b36519a9d.jpg,Soil_Labeled_Data/M_20_30/L_70_80/alluvial/z5715142077494_ab24c35df3ee1fd78c4a418b36519a9d.jpg,7778063da2ef08d3b3a8bfa203a4ad5f18402e7150ff0da7b1dc31f9f34c9c53,23374d35a6078301,test,5
phash:c765a32ba3b9b1e0,2,2,a883c048f7c5d2354696,Soil_Labeled_Data/M_30_40/L_70_80/alluvial/z5715142077494_ab24c35df3ee1fd78c4a418b36519a9d_M_20_30_pale_yellow.jpg,Soil_Labeled_Data/M_30_40/L_70_80/alluvial/z5715142077494_ab24c35df3ee1fd78c4a418b36519a9d_M_20_30_pale_yellow.jpg,f93965954f3b78ea234ebe3b06d3864033e8c7b84262c6d98142ce5021df3922,23374f35a6070301,test,5
phash:c7ac857b10a488cd,2,2,9697e366d07314e4b816,Soil_Labeled_Data/M_0_10/L_20_30/alluvial/IMG_0054.JPG,Soil_Labeled_Data/M_0_10/L_20_30/alluvial/IMG_0054.JPG,937b3f78b1d5f547efc4f4ac295e9bb5c835a9f5324cfce78b963807118e3224,8e36263e9b050525,train,5
phash:c7ac857b10a488cd,2,2,78ce327f0f7d0bca3938,Soil_Labeled_Data/M_50_60/L_20_30/alluvial/IMG_0054_M_0_10_gray_brown_M_40_50_light_brown.jpg,Soil_Labeled_Data/M_50_60/L_20_30/alluvial/IMG_0054_M_0_10_gray_brown_M_40_50_light_brown.jpg,246445501d703311911c8d680846f2177f0d6b48a55d1a6d615ac3273a1ea9d2,8e36262e9b050525,train,5
phash:c8300f8708e9afd6,6,6,c7cb9e237645c91407cb,Soil_Labeled_Data/M_0_10/L_50_60/alluvial/IMG_0196.JPG,Soil_Labeled_Data/M_0_10/L_50_60/alluvial/IMG_0196.JPG,4654e82c0bb3acc543a3659c69f6f945d86df009560f79bc951c9ab3e173b64f,5c263e87c351397b,train,5
phash:c8300f8708e9afd6,6,6,4581789da11e9962b106,Soil_Labeled_Data/M_60_70/L_50_60/alluvial/IMG_0196_M_0_10_clayish_red_M_40_50_light_brown_M_50_60_gray_brown.jpg,Soil_Labeled_Data/M_60_70/L_50_60/alluvial/IMG_0196_M_0_10_clayish_red_M_40_50_light_brown_M_50_60_gray_brown.jpg,bab705fbaf3384a1352c916783d1cd98decf36c35dfb16b34c78102422d6401d,5c2636874351397b,train,5
phash:c8300f8708e9afd6,6,6,e0f0908185334ff5f748,Soil_Labeled_Data/M_70_80/L_50_60/alluvial/IMG_0196_M_0_10_light_brown_M_40_50_gray_brown_M_50_60_clay_red.jpg,Soil_Labeled_Data/M_70_80/L_50_60/alluvial/IMG_0196_M_0_10_light_brown_M_40_50_gray_brown_M_50_60_clay_red.jpg,ed22548dae2f6bf8c49ec20f0ba51a923d6440c99f8a9fc6785ad4c2ec07a2f6,5c263e87c351397b,train,5
phash:c8300f8708e9afd6,6,6,c2d580a1b6e695ad1b34,Soil_Labeled_Data/M_80_90/L_50_60/alluvial/IMG_0196_M_0_10_clayish_red_M_40_50_light_brown_M_50_60_dark_brown_M_70_80_wet_gray.jpg,Soil_Labeled_Data/M_80_90/L_50_60/alluvial/IMG_0196_M_0_10_clayish_red_M_40_50_light_brown_M_50_60_dark_brown_M_70_80_wet_gray.jpg,3c024f52f5c84110cd0d7cc9633494fdcd029a162b022446363bfc1703f7b546,cc2636874351395b,train,5
phash:c8300f8708e9afd6,6,6,2d972a6aaa589f6899dc,Soil_Labeled_Data/M_80_90/L_50_60/alluvial/IMG_0196_M_0_10_light_brown_M_40_50_gray_brown_M_50_60_clay_red_M_70_80_wet_gray.jpg,Soil_Labeled_Data/M_80_90/L_50_60/alluvial/IMG_0196_M_0_10_light_brown_M_40_50_gray_brown_M_50_60_clay_red_M_70_80_wet_gray.jpg,ce6a621168d77ebd609f2c616b99bd731af5999fa97182cb4449fe6c1299a29e,4d2634874351393b,train,5
phash:c8300f8708e9afd6,6,6,f91aade0d890556cffdf,Soil_Labeled_Data/M_90_100/L_50_60/alluvial/IMG_0196_M_0_10_clayish_red_M_40_50_light_brown_M_50_60_gray_brown_M_60_70_wet_gray_M_80_90_dark_brown.jpg,Soil_Labeled_Data/M_90_100/L_50_60/alluvial/IMG_0196_M_0_10_clayish_red_M_40_50_light_brown_M_50_60_gray_brown_M_60_70_wet_gray_M_80_90_dark_brown.jpg,c6f82ab43f936a01a6b135387403e29a3e80f2467961b4406ad5004411df9351,5c2636874351392b,train,5
phash:c87437fc240e682d,7,5,0bc37eda3a1f9f7279f2,Soil_Labeled_Data/M_30_40/L_90_100/alluvial/z5720142667793_1b68b578374e456dec54d6a7942a78c6.jpg,Soil_Labeled_Data/M_30_40/L_90_100/alluvial/z5720142667793_1b68b578374e456dec54d6a7942a78c6.jpg,85901716749fa7f57af05ad4b6a317f26c6e420ba47d3b76e87ff45ecdfcd54d,fef6d2b4f2b2ede1,train,5
phash:c87437fc240e682d,7,5,b51b5b44fc6870f6d578,Soil_Labeled_Data/M_40_50/L_90_100/alluvial/z5720142667793_1b68b578374e456dec54d6a7942a78c6.jpg,Soil_Labeled_Data/M_40_50/L_90_100/alluvial/z5720142667793_1b68b578374e456dec54d6a7942a78c6.jpg,85901716749fa7f57af05ad4b6a317f26c6e420ba47d3b76e87ff45ecdfcd54d,fef6d2b4f2b2ede1,train,5
phash:c87437fc240e682d,7,5,97b6ba7c0cad2a73913d,Soil_Labeled_Data/M_50_60/L_90_100/alluvial/M_50_60_L_90_100_0064_gray_brown.jpg,Soil_Labeled_Data/M_50_60/L_90_100/alluvial/M_50_60_L_90_100_0064_gray_brown.jpg,5bab1e9b1236695db108b5ea395d3bc42ca6bd7a577f7f43cbfb30c50103a28b,fef6d2b4f2b26de1,train,5
phash:c87437fc240e682d,7,5,2c72543586577568ed20,Soil_Labeled_Data/M_50_60/L_90_100/alluvial/M_50_60_L_90_100_0067_light_brown.jpg,Soil_Labeled_Data/M_50_60/L_90_100/alluvial/M_50_60_L_90_100_0067_light_brown.jpg,0f8cbea6721dcf40763dfbffbdc31707ead6ad63d9030335399d71d32b2daf80,fef6d2b4f2b2ede1,train,5
phash:c87437fc240e682d,7,5,5806def9692b7eff87df,Soil_Labeled_Data/M_50_60/L_90_100/alluvial/z5720142667793_1b68b578374e456dec54d6a7942a78c6.jpg,Soil_Labeled_Data/M_50_60/L_90_100/alluvial/z5720142667793_1b68b578374e456dec54d6a7942a78c6.jpg,85901716749fa7f57af05ad4b6a317f26c6e420ba47d3b76e87ff45ecdfcd54d,fef6d2b4f2b2ede1,train,5
phash:c87437fc240e682d,7,5,f80eb6ff35c0e2d21eb1,Soil_Labeled_Data/M_60_70/L_90_100/alluvial/M_60_70_L_90_100_0029_gray_brown.jpg,Soil_Labeled_Data/M_60_70/L_90_100/alluvial/M_60_70_L_90_100_0029_gray_brown.jpg,cc44d827dfb511f12c78ac1f0914e80dddab0099cf5b083a728c64005036e237,fef6d2b4f2b065e1,train,5
phash:c87437fc240e682d,7,5,18b1bb88df1fae03c1f5,Soil_Labeled_Data/M_60_70/L_90_100/alluvial/M_60_70_L_90_100_0099_gray_brown.jpg,Soil_Labeled_Data/M_60_70/L_90_100/alluvial/M_60_70_L_90_100_0099_gray_brown.jpg,6e7b9d38dd4bf0692cf943d302b6a6f8b3f9b2aa12a161dfded9a46bb849df8d,fef6d2b4f2b26d61,train,5
phash:c882cbac884cb390,3,3,330884ee00992f4aabf4,Soil_Labeled_Data/M_0_10/L_40_50/alluvial/IMG_0156.JPG,Soil_Labeled_Data/M_0_10/L_40_50/alluvial/IMG_0156.JPG,a637d0349e0af917d55e56fffca545b01b6452fe34c1f3b9d5947b307826ddaa,179174aabacb1dd8,train,5
phash:c882cbac884cb390,3,3,076ec53f59c3aa287261,Soil_Labeled_Data/M_70_80/L_40_50/alluvial/IMG_0156_M_0_10_gray_brown_M_40_50_gray_brown_M_50_60_dark_brown_M_60_70_clay_red.jpg,Soil_Labeled_Data/M_70_80/L_40_50/alluvial/IMG_0156_M_0_10_gray_brown_M_40_50_gray_brown_M_50_60_dark_brown_M_60_70_clay_red.jpg,5b94ebee893f27890983c61a43ea68352f78761bcac12cb7449483aafd2c9215,979174aabacb1cd8,train,5
phash:c882cbac884cb390,3,3,63ee041228bfdd805a20,Soil_Labeled_Data/M_90_100/L_40_50/alluvial/IMG_0156_M_0_10_pale_yellow_M_40_50_gray_brown_M_50_60_dark_brown_M_70_80_wet_gray.jpg,Soil_Labeled_Data/M_90_100/L_40_50/alluvial/IMG_0156_M_0_10_pale_yellow_M_40_50_gray_brown_M_50_60_dark_brown_M_70_80_wet_gray.jpg,0c382c0acd6981f0f46c84cb7a8041656933d823e503a2b8f02103d8444ce1de,179174aaba891dd8,train,5
phash:c8c63c305b66e060,3,3,32fd8e444758f62311a7,Soil_Labeled_Data/M_20_30/L_60_70/alluvial/z5715084050631_480b9ae3c93e9adc09ca30cd0761e10e.jpg,Soil_Labeled_Data/M_20_30/L_60_70/alluvial/z5715084050631_480b9ae3c93e9adc09ca30cd0761e10e.jpg,186dcfeabe790def688e08b85859fc46d58280268818b9160d4eb8b268093b52,8015b3994d2e6d6c,train,5
phash:c8c63c305b66e060,3,3,91f43cd2e7d40846ba8d,Soil_Labeled_Data/M_30_40/L_60_70/alluvial/z5715084050631_480b9ae3c93e9adc09ca30cd0761e10e_M_20_30_pale_yellow.jpg,Soil_Labeled_Data/M_30_40/L_60_70/alluvial/z5715084050631_480b9ae3c93e9adc09ca30cd0761e10e_M_20_30_pale_yellow.jpg,2fc6139030bd15a69fcfcfedec6d9c3ab183ccd3fea9edfbca7c253d6c0e8193,8015b399492e696c,train,5
phash:c8c63c305b66e060,3,3,ca91562f833b2d3155be,Soil_Labeled_Data/M_70_80/L_60_70/alluvial/z5715084050631_480b9ae3c93e9adc09ca30cd0761e10e_M_20_30_pale_yellow_M_30_40_gray_brown_M_50_60_dark_brown_M_60_70_clay_red.jpg,Soil_Labeled_Data/M_70_80/L_60_70/alluvial/z5715084050631_480b9ae3c93e9adc09ca30cd0761e10e_M_20_30_pale_yellow_M_30_40_gray_brown_M_50_60_dark_brown_M_60_70_clay_red.jpg,3b0409190c183ffcd01e182337ecd9149783cdfafbe77ed2415a980fa003705c,80159119492a696c,train,5
phash:c937577b1b7aa40e,3,3,e0c7c0d721e294292d4b,Soil_Labeled_Data/M_0_10/L_70_80/alluvial/IMG_0293.JPG,Soil_Labeled_Data/M_0_10/L_70_80/alluvial/IMG_0293.JPG,3f3a939e2457155625d2aa428b899f236dc40990065f012f5410d08ec17ab404,974c8c4533984993,train,5
phash:c937577b1b7aa40e,3,3,ed9b5c3d206c7eb0b273,Soil_Labeled_Data/M_50_60/L_70_80/alluvial/IMG_0293_M_0_10_gray_brown_M_40_50_gray_brown.jpg,Soil_Labeled_Data/M_50_60/L_70_80/alluvial/IMG_0293_M_0_10_gray_brown_M_40_50_gray_brown.jpg,ef098b7d8e1fcd1d50f9ba4427be58ebfc1e64c4da9eb76d809a489c6f562511,94648c4533984993,train,5
phash:c937577b1b7aa40e,3,3,275b6acbe8d10204919d,Soil_Labeled_Data/M_60_70/L_70_80/alluvial/IMG_0293_M_0_10_gray_brown_M_40_50_gray_brown_M_50_60_gray_brown.jpg,Soil_Labeled_Data/M_60_70/L_70_80/alluvial/IMG_0293_M_0_10_gray_brown_M_40_50_gray_brown_M_50_60_gray_brown.jpg,2ed37e7583b3f8d3b5e45a484f89dcfc4dc81bde96e02867f760e50570fc2a9c,946c8c4533984993,train,5
phash:c94034bd6661b8fb,2,2,b98d19481a4350313bcb,Soil_Labeled_Data/M_10_20/L_50_60/alluvial/IMG_0643.JPG,Soil_Labeled_Data/M_10_20/L_50_60/alluvial/IMG_0643.JPG,72214f0a14a2b7dde330a65055e5dcc078076bc3d4820235c9114b9adc791f12,0d45a72307076376,validation,5
phash:c94034bd6661b8fb,2,2,d6aaad6f773f0e44d639,Soil_Labeled_Data/M_10_20/L_50_60/alluvial/IMG_0643_aug_05_clay_red.jpg,Soil_Labeled_Data/M_10_20/L_50_60/alluvial/IMG_0643_aug_05_clay_red.jpg,06230c1325c05df77c8901fa05fc0cc87b321c094796dd9019481f0168a112a2,0d45a72307076376,validation,5
phash:cce9eea346aa1c01,3,3,53fc6c79beb2597fde86,Soil_Labeled_Data/M_0_10/L_20_30/alluvial/IMG_0061.JPG,Soil_Labeled_Data/M_0_10/L_20_30/alluvial/IMG_0061.JPG,b94d4927f4cc7275633cdc679b013ee2df8cfd17b6940e7d53f1808e2c68ed7e,6f3da7c5c2693999,train,5
phash:cce9eea346aa1c01,3,3,ce3ce979d53bcfd9b4bb,Soil_Labeled_Data/M_40_50/L_20_30/alluvial/IMG_0061_M_0_10_light_brown.jpg,Soil_Labeled_Data/M_40_50/L_20_30/alluvial/IMG_0061_M_0_10_light_brown.jpg,0c8e15e73cfc00f6ad008e8fe1dc855e07eb4ae3f43a844463d7b4dd1186787f,6f2d8fc5c2693999,train,5
phash:cce9eea346aa1c01,3,3,1ff7ea77fa9b54501565,Soil_Labeled_Data/M_40_50/L_20_30/alluvial/IMG_0061_M_0_10_pale_yellow.jpg,Soil_Labeled_Data/M_40_50/L_20_30/alluvial/IMG_0061_M_0_10_pale_yellow.jpg,3cb7374dc740f14853ecbbc1fa0e98c453924c147970a891000569d20b3a3e7a,6f3d8fc5c2693999,train,5
phash:cd45673673b5cc09,4,4,2fac4db57a87751a7192,Soil_Labeled_Data/M_20_30/L_60_70/alluvial/z5715084165270_22662a8e6cfa3719910b048011f20dc3.jpg,Soil_Labeled_Data/M_20_30/L_60_70/alluvial/z5715084165270_22662a8e6cfa3719910b048011f20dc3.jpg,a0e8c723805eef872659d72e0ccecc3d880ed7a88d2475174386c908afebdca3,10a440d594e4c2b2,train,5
phash:cd45673673b5cc09,4,4,503ff1366150f34477df,Soil_Labeled_Data/M_70_80/L_60_70/alluvial/z5715084165270_22662a8e6cfa3719910b048011f20dc3_M_20_30_light_brown_M_30_40_light_brown_M_50_60_clay_red.jpg,Soil_Labeled_Data/M_70_80/L_60_70/alluvial/z5715084165270_22662a8e6cfa3719910b048011f20dc3_M_20_30_light_brown_M_30_40_light_brown_M_50_60_clay_red.jpg,a795229620f948d4034ce28b208ea7954b38bef15f5acb9d09ba256b4b8ac279,10a440d594e4c2b2,train,5
phash:cd45673673b5cc09,4,4,41e6a0116ddbb6d8cbb4,Soil_Labeled_Data/M_80_90/L_60_70/alluvial/z5715084165270_22662a8e6cfa3719910b048011f20dc3_M_20_30_light_brown_M_30_40_light_brown_M_50_60_clay_red_M_70_80_wet_gray.jpg,Soil_Labeled_Data/M_80_90/L_60_70/alluvial/z5715084165270_22662a8e6cfa3719910b048011f20dc3_M_20_30_light_brown_M_30_40_light_brown_M_50_60_clay_red_M_70_80_wet_gray.jpg,1ba5fafb74e662da2b86381a43da60c0cc593b2ee826efa768dbb570539e9896,10a440d594e4c292,train,5
phash:cd45673673b5cc09,4,4,b98fdef0110591f8744d,Soil_Labeled_Data/M_90_100/L_60_70/alluvial/z5715084165270_22662a8e6cfa3719910b048011f20dc3_M_20_30_light_brown_M_30_40_light_brown_M_50_60_clay_red_M_70_80_wet_gray_M_80_90_dark_brown.jpg,Soil_Labeled_Data/M_90_100/L_60_70/alluvial/z5715084165270_22662a8e6cfa3719910b048011f20dc3_M_20_30_light_brown_M_30_40_light_brown_M_50_60_clay_red_M_70_80_wet_gray_M_80_90_dark_brown.jpg,3c42d8e6a0c902c2672776d64e1359bf3357ab57c7ccb1e37942973aba3ca2f4,10a4405594a4c292,train,5
phash:ce2d2410ac94b89a,4,4,fbc3cc50b1440868747f,Soil_Labeled_Data/M_30_40/L_30_40/alluvial/z5716113632942_5f926ef109e13eb9a864102d6cae87cc.jpg,Soil_Labeled_Data/M_30_40/L_30_40/alluvial/z5716113632942_5f926ef109e13eb9a864102d6cae87cc.jpg,78bf2388c7a976983e775131874998426f1e395e7ba6e5cd7e5cd5a875dcdad6,99362b260d074e44,train,5
phash:ce2d2410ac94b89a,4,4,b96b89777a8b8b1ab6cf,Soil_Labeled_Data/M_60_70/L_30_40/alluvial/z5716113632942_5f926ef109e13eb9a864102d6cae87cc_M_30_40_gray_brown_M_40_50_gray_brown.jpg,Soil_Labeled_Data/M_60_70/L_30_40/alluvial/z5716113632942_5f926ef109e13eb9a864102d6cae87cc_M_30_40_gray_brown_M_40_50_gray_brown.jpg,11e98428cb49b7222d324cf669a2107966af5f150a7c9e37576cf3bd92e07b3b,99362b060d074e44,train,5
phash:ce2d2410ac94b89a,4,4,973466649a6b7f7be10c,Soil_Labeled_Data/M_60_70/L_30_40/alluvial/z5716113632942_5f926ef109e13eb9a864102d6cae87cc_M_30_40_light_brown_M_50_60_gray_brown.jpg,Soil_Labeled_Data/M_60_70/L_30_40/alluvial/z5716113632942_5f926ef109e13eb9a864102d6cae87cc_M_30_40_light_brown_M_50_60_gray_brown.jpg,3b632312f22cdb60c31770dde614ed455bb447c6cf83828fc56271d5ab311ac1,99362b260d070e44,train,5
phash:ce2d2410ac94b89a,4,4,629d661a71906271742d,Soil_Labeled_Data/M_80_90/L_30_40/alluvial/z5716113632942_5f926ef109e13eb9a864102d6cae87cc_M_30_40_gray_brown_M_40_50_gray_brown_M_60_70_clay_red.jpg,Soil_Labeled_Data/M_80_90/L_30_40/alluvial/z5716113632942_5f926ef109e13eb9a864102d6cae87cc_M_30_40_gray_brown_M_40_50_gray_brown_M_60_70_clay_red.jpg,420013a2988cbfd33add195a1956e01a6287218a88a2fc97406474512488be73,99362b060d070e44,train,5
phash:d0bdf9e31c9a9339,2,2,a0733f9b3ea479bf97d5,Soil_Labeled_Data/M_60_70/L_70_80/alluvial/IMG_0295_M_0_10_clayish_red_M_40_50_gray_brown.jpg,Soil_Labeled_Data/M_60_70/L_70_80/alluvial/IMG_0295_M_0_10_clayish_red_M_40_50_gray_brown.jpg,a759401c23177350419d00b3c0cf6436971d5881279c0ee656919f3082d4d4f0,4850f4924920b269,train,5
phash:d0bdf9e31c9a9339,2,2,a3a0c9f1c8e12b377cbb,Soil_Labeled_Data/M_70_80/L_70_80/alluvial/IMG_0295_M_0_10_clayish_red_M_40_50_gray_brown_M_50_60_dark_brown.jpg,Soil_Labeled_Data/M_70_80/L_70_80/alluvial/IMG_0295_M_0_10_clayish_red_M_40_50_gray_brown_M_50_60_dark_brown.jpg,e2311b510e1277d9bdf8e661259940e9efd3411a4767261376d63b3f6e3434d1,4850f49249203269,train,5
phash:d18ef1135e73b68b,2,2,9bfe3f223274f967cddc,Soil_Labeled_Data/M_30_40/L_20_30/alluvial/z5716144261339_6eba7d5b24673487e96288acbc583744.jpg,Soil_Labeled_Data/M_30_40/L_20_30/alluvial/z5716144261339_6eba7d5b24673487e96288acbc583744.jpg,bc6b12de99fb28346d66b7acd85a8e967ebe513763aa355a514cf2b0f1add791,480353c49e62c2c6,train,5
phash:d18ef1135e73b68b,2,2,c659b71c1b6bf2ec9d81,Soil_Labeled_Data/M_50_60/L_20_30/alluvial/z5716144261339_6eba7d5b24673487e96288acbc583744_M_30_40_light_brown.jpg,Soil_Labeled_Data/M_50_60/L_20_30/alluvial/z5716144261339_6eba7d5b24673487e96288acbc583744_M_30_40_light_brown.jpg,c9f51874b7648da29c3a4ce932f196b137290be66b11f7d869235823af39ff5d,480351c48e624246,train,5
phash:d1c90e142218287c,5,5,b274084923df73710015,Soil_Labeled_Data/M_10_20/L_70_80/alluvial/IMG_0719.JPG,Soil_Labeled_Data/M_10_20/L_70_80/alluvial/IMG_0719.JPG,0dfc11c6eb0a51ccf5ace00ec854f28b4133309f80d6a5c169087438856c522a,3c5e10098d32668c,validation,5
phash:d1c90e142218287c,5,5,b3b77f4284dbd4564abb,Soil_Labeled_Data/M_30_40/L_70_80/alluvial/IMG_0719_M_10_20_pale_yellow.jpg,Soil_Labeled_Data/M_30_40/L_70_80/alluvial/IMG_0719_M_10_20_pale_yellow.jpg,c9f3ee7fb0bfe0bd88fbdbe74c353ea21ecac8c10cfa56198e7d0ce408e20102,3c5e10098d32668c,validation,5
phash:d1c90e142218287c,5,5,f9664d2242589337eee0,Soil_Labeled_Data/M_40_50/L_70_80/alluvial/IMG_0719_M_10_20_clayish_red.jpg,Soil_Labeled_Data/M_40_50/L_70_80/alluvial/IMG_0719_M_10_20_clayish_red.jpg,23a4c83e401091a57109d43915c36c3df28b5ddb77d184f250be0384984a312d,3c5e10098d32668c,validation,5
phash:d1c90e142218287c,5,5,7a32c58e6bc3edc401b2,Soil_Labeled_Data/M_50_60/L_70_80/alluvial/IMG_0719_M_10_20_clayish_red_M_40_50_gray_brown.jpg,Soil_Labeled_Data/M_50_60/L_70_80/alluvial/IMG_0719_M_10_20_clayish_red_M_40_50_gray_brown.jpg,64c7a0a40cf43467d0b2a77827849b889d76c971c14fceaca8334030bdde751e,3c5610098d32668c,validation,5
phash:d1c90e142218287c,5,5,4280b64064ce887859dc,Soil_Labeled_Data/M_60_70/L_70_80/alluvial/IMG_0719_M_10_20_clayish_red_M_40_50_gray_brown.jpg,Soil_Labeled_Data/M_60_70/L_70_80/alluvial/IMG_0719_M_10_20_clayish_red_M_40_50_gray_brown.jpg,a7ea2c004f7f4e945e20418bcf8f798a25e195ea42e831f2c554ee23ae8c7fcb,3c5e10098d32668c,validation,5
phash:d20d5edb74fa0581,4,4,3fb3ef8d3bfa2f49dd04,Soil_Labeled_Data/M_20_30/L_60_70/alluvial/z5715084415256_c016f29f8a2b857513855a25b24de184.jpg,Soil_Labeled_Data/M_20_30/L_60_70/alluvial/z5715084415256_c016f29f8a2b857513855a25b24de184.jpg,c9e74cb5b98b6d6a8973693f6e522b0dd70102643c429c5f5c6be2f611db2ab8,8141000c05272ba3,train,5
phash:d20d5edb74fa0581,4,4,4049ec758081e1d71aa0,Soil_Labeled_Data/M_20_30/L_60_70/alluvial/z5715084415256_c016f29f8a2b857513855a25b24de184_aug_00_light_brown.jpg,Soil_Labeled_Data/M_20_30/L_60_70/alluvial/z5715084415256_c016f29f8a2b857513855a25b24de184_aug_00_light_brown.jpg,d181d14afa71c919d3a767cd9a4d087b18f8debc2e6fe061f816938c04049b89,8141000c05272ba3,train,5
phash:d20d5edb74fa0581,4,4,a47c122c7eec311d64b5,Soil_Labeled_Data/M_30_40/L_60_70/alluvial/z5715084415256_c016f29f8a2b857513855a25b24de184_M_20_30_pale_yellow.jpg,Soil_Labeled_Data/M_30_40/L_60_70/alluvial/z5715084415256_c016f29f8a2b857513855a25b24de184_M_20_30_pale_yellow.jpg,9c7edb7f0006badc4ad327e116a25a2bbfd965e59260a741b7ee073340c9ae9f,0101000c05272ba3,train,5
phash:d20d5edb74fa0581,4,4,23923a4dc022cb632367,Soil_Labeled_Data/M_80_90/L_60_70/alluvial/z5715084415256_c016f29f8a2b857513855a25b24de184_M_20_30_pale_yellow_M_30_40_gray_brown_M_50_60_gray_brown_M_60_70_clay_red_M_70_80_clay_red.jpg,Soil_Labeled_Data/M_80_90/L_60_70/alluvial/z5715084415256_c016f29f8a2b857513855a25b24de184_M_20_30_pale_yellow_M_30_40_gray_brown_M_50_60_gray_brown_M_60_70_clay_red_M_70_80_clay_red.jpg,bb19c0ee5104d52d8ffb86060b2f4208cada3172e31f97c076426f00dae5a352,0101000004072ba3,train,5
phash:d2cf4d307ee06b51,3,2,4390dc82b013d8bfbe57,Soil_Labeled_Data/M_30_40/L_90_100/alluvial/z5720143154446_d6236257ccb21858bbf8354df5e10a69.jpg,Soil_Labeled_Data/M_30_40/L_90_100/alluvial/z5720143154446_d6236257ccb21858bbf8354df5e10a69.jpg,28778be0bae3539683f2940129076cf100dfde68b5c5159cc728f519231fc91e,0b8b0b078e2f27a6,test,5
phash:d2cf4d307ee06b51,3,2,7d015a0a2b752462de78,Soil_Labeled_Data/M_50_60/L_90_100/alluvial/M_50_60_L_90_100_0071_clay_red.jpg,Soil_Labeled_Data/M_50_60/L_90_100/alluvial/M_50_60_L_90_100_0071_clay_red.jpg,ec2a41696f149c6dd6a0b0864f019383c0aa21ef879abd908a87af7d28b0dec5,038b0b078e0f27a6,test,5
phash:d2cf4d307ee06b51,3,2,b84800b6df810575baf3,Soil_Labeled_Data/M_50_60/L_90_100/alluvial/z5720143154446_d6236257ccb21858bbf8354df5e10a69.jpg,Soil_Labeled_Data/M_50_60/L_90_100/alluvial/z5720143154446_d6236257ccb21858bbf8354df5e10a69.jpg,28778be0bae3539683f2940129076cf100dfde68b5c5159cc728f519231fc91e,0b8b0b078e2f27a6,test,5
phash:d2d6c675b39da7f8,4,4,e35d884e0a84a006078d,Soil_Labeled_Data/M_40_50/L_70_80/alluvial/IMG_0288_M_0_10_gray_brown.jpg,Soil_Labeled_Data/M_40_50/L_70_80/alluvial/IMG_0288_M_0_10_gray_brown.jpg,ef6c6ae7fc8a2b467d89ca20a0cbf8f7493d020f86c38b2faf94c7a9dd0be6d5,333c7830e048e1e3,train,5
phash:d2d6c675b39da7f8,4,4,c7e83f2fc4b8fecbb626,Soil_Labeled_Data/M_50_60/L_70_80/alluvial/IMG_0288_M_0_10_gray_brown_M_40_50_light_brown.jpg,Soil_Labeled_Data/M_50_60/L_70_80/alluvial/IMG_0288_M_0_10_gray_brown_M_40_50_light_brown.jpg,9a84d21f12a3432e24af584b0b7ae5782e6c4f94856193282f4a02cb1b1b84c5,333c7830e048f1e3,train,5
phash:d2d6c675b39da7f8,4,4,61e4e2f2e1cd99076db1,Soil_Labeled_Data/M_70_80/L_70_80/alluvial/IMG_0288_M_0_10_gray_brown_M_40_50_light_brown_M_50_60_clay_red.jpg,Soil_Labeled_Data/M_70_80/L_70_80/alluvial/IMG_0288_M_0_10_gray_brown_M_40_50_light_brown_M_50_60_clay_red.jpg,9177eacde1fe0088e3f99d09bf39a0cc33685c5e4e5ca066d554d947e9e2b6c3,333c58306048e1e3,train,5
phash:d2d6c675b39da7f8,4,4,dc63d25b51fb6c8439fd,Soil_Labeled_Data/M_70_80/L_70_80/alluvial/IMG_0288_M_0_10_gray_brown_M_40_50_light_brown_M_50_60_dark_brown_M_60_70_clay_red.jpg,Soil_Labeled_Data/M_70_80/L_70_80/alluvial/IMG_0288_M_0_10_gray_brown_M_40_50_light_brown_M_50_60_dark_brown_M_60_70_clay_red.jpg,8da8177da9f5153fc4e0ab1538d3b28fea4eb0b0acf33ae2786eab7f9b1ac382,313c5830a048e1e3,train,5
phash:d3d25c51e1d13a41,2,2,fa8b3c277f14b34610a6,Soil_Labeled_Data/M_10_20/L_40_50/alluvial/IMG_0596.JPG,Soil_Labeled_Data/M_10_20/L_40_50/alluvial/IMG_0596.JPG,4ad47bc0ada54fd76192ccb7cba2dd1b229bd8faf08b9b60357f8ff673429565,0f2c2d192c2e5559,validation,5
phash:d3d25c51e1d13a41,2,2,22dcc990198415775186,Soil_Labeled_Data/M_70_80/L_40_50/alluvial/IMG_0596_M_10_20_light_brown_M_40_50_light_brown_M_50_60_dark_brown.jpg,Soil_Labeled_Data/M_70_80/L_40_50/alluvial/IMG_0596_M_10_20_light_brown_M_40_50_light_brown_M_50_60_dark_brown.jpg,15d2096c9ee0607c7612cb34b464d7c0adec53b2478cb610ffb08f07d8160b3b,0f2c2d192c2e5549,validation,5
phash:d439d38aa2cdd80d,2,2,d93b57c055ba819080c7,Soil_Labeled_Data/M_0_10/L_50_60/alluvial/IMG_0204.JPG,Soil_Labeled_Data/M_0_10/L_50_60/alluvial/IMG_0204.JPG,029557e5d989fc68f93ec1875c0d3b91b964bc7a8323f84b0cf343aac419ca6e,1215880b16181160,train,5
phash:d439d38aa2cdd80d,2,2,b5ccd0db7a217b9c2c18,Soil_Labeled_Data/M_80_90/L_50_60/alluvial/IMG_0204_M_0_10_pale_yellow_M_40_50_gray_brown_M_60_70_clay_red.jpg,Soil_Labeled_Data/M_80_90/L_50_60/alluvial/IMG_0204_M_0_10_pale_yellow_M_40_50_gray_brown_M_60_70_clay_red.jpg,3b21ca6b62c6fdcf38eb5d28c96b7dfb1c16d670c85d0743dc85d84bffadf354,1215880b16181160,train,5
phash:d4512147d239b24e,5,5,3b4b879a385e4d6cbe03,Soil_Labeled_Data/M_0_10/L_50_60/alluvial/IMG_0203.JPG,Soil_Labeled_Data/M_0_10/L_50_60/alluvial/IMG_0203.JPG,bb0020a9a011d209a5a5a7affb61c37d24ee891b3112ca29d0ae2edc4cd95ad5,530969f437290804,train,5
phash:d4512147d239b24e,5,5,9d6f83c330d92172a402,Soil_Labeled_Data/M_40_50/L_50_60/alluvial/IMG_0203_M_0_10_gray_brown.jpg,Soil_Labeled_Data/M_40_50/L_50_60/alluvial/IMG_0203_M_0_10_gray_brown.jpg,a5232108718ae9e981cac800ac9b53ee43634f88101c1e45830feec0691d85a5,530969f437290804,train,5
phash:d4512147d239b24e,5,5,8fde3a5e291b312afe88,Soil_Labeled_Data/M_50_60/L_50_60/alluvial/IMG_0203_M_0_10_pale_yellow_M_40_50_light_brown.jpg,Soil_Labeled_Data/M_50_60/L_50_60/alluvial/IMG_0203_M_0_10_pale_yellow_M_40_50_light_brown.jpg,b2734dfd5b21a74d4f2739296ab2e98dca7b1a3935f119fc5f85d3e5b3ddde28,430969f437290804,train,5
phash:d4512147d239b24e,5,5,4d155dfe224be7814714,Soil_Labeled_Data/M_60_70/L_50_60/alluvial/IMG_0203_M_0_10_pale_yellow_M_40_50_dark_brown.jpg,Soil_Labeled_Data/M_60_70/L_50_60/alluvial/IMG_0203_M_0_10_pale_yellow_M_40_50_dark_brown.jpg,3c50f705be3a51888ba88a5f6cf44124461771e18a97c13b464554595daac778,430949f437290005,train,5
phash:d4512147d239b24e,5,5,da67f702a9a999335fbc,Soil_Labeled_Data/M_80_90/L_50_60/alluvial/IMG_0203_M_0_10_pale_yellow_M_40_50_dark_brown_M_60_70_clay_red_M_70_80_wet_gray.jpg,Soil_Labeled_Data/M_80_90/L_50_60/alluvial/IMG_0203_M_0_10_pale_yellow_M_40_50_dark_brown_M_60_70_clay_red_M_70_80_wet_gray.jpg,760fb7f1778ae2195b9917b2455a1d2ffc0a42281293239022557d4d2a659be8,430949f435290004,train,5
phash:d4cac56fbf8548b6,4,4,fe60e8132d44e93d19d1,Soil_Labeled_Data/M_10_20/L_20_30/alluvial/IMG_0506.JPG,Soil_Labeled_Data/M_10_20/L_20_30/alluvial/IMG_0506.JPG,d7a7427be20ab01e556dc63caca5929e25ab7fefd5f90831609c3252ff1bf785,4f07374f070393c6,test,5
phash:d4cac56fbf8548b6,4,4,1c81dba8c944c77f33d9,Soil_Labeled_Data/M_40_50/L_20_30/alluvial/IMG_0506_M_10_20_pale_yellow.jpg,Soil_Labeled_Data/M_40_50/L_20_30/alluvial/IMG_0506_M_10_20_pale_yellow.jpg,e5408cdb4778166dd426e6911e8cc5a00b796d9756bd0c0277b671602e4a8263,4d07374f070393c6,test,5
phash:d4cac56fbf8548b6,4,4,39199fe1deccd58f33ef,Soil_Labeled_Data/M_70_80/L_20_30/alluvial/IMG_0506_M_10_20_clayish_red_M_40_50_gray_brown_M_50_60_dark_brown.jpg,Soil_Labeled_Data/M_70_80/L_20_30/alluvial/IMG_0506_M_10_20_clayish_red_M_40_50_gray_brown_M_50_60_dark_brown.jpg,d8ed008ac8036d848a8c9030adaf5e851a3c4f01e5cc857b4977a5966dcada06,4d07374307039306,test,5
phash:d4cac56fbf8548b6,4,4,ea75ac4a510d4ca26ae6,Soil_Labeled_Data/M_80_90/L_20_30/alluvial/IMG_0506_M_10_20_pale_yellow_M_40_50_gray_brown_M_50_60_dark_brown_M_70_80_clay_red.jpg,Soil_Labeled_Data/M_80_90/L_20_30/alluvial/IMG_0506_M_10_20_pale_yellow_M_40_50_gray_brown_M_50_60_dark_brown_M_70_80_clay_red.jpg,95fba2efff12b534af67bb1acfb2cebc7ef1207bda18f6ed5cf1f1461681e0e7,4f07374b07039306,test,5
phash:d6395896fc8503b5,4,4,058170c6e07c9ac13868,Soil_Labeled_Data/M_0_10/L_40_50/alluvial/IMG_0170.JPG,Soil_Labeled_Data/M_0_10/L_40_50/alluvial/IMG_0170.JPG,9d144087f444318bb5056170462c40f519cb547e8426ac8a89e5da356ee2cbdd,d2e650490d9c4667,train,5
phash:d6395896fc8503b5,4,4,00d9faa2a8b346e40958,Soil_Labeled_Data/M_50_60/L_40_50/alluvial/IMG_0170_M_0_10_gray_brown_M_40_50_gray_brown.jpg,Soil_Labeled_Data/M_50_60/L_40_50/alluvial/IMG_0170_M_0_10_gray_brown_M_40_50_gray_brown.jpg,58922e22e05b0ee3a33dc62fc0a400daaa300ccbd07341c96c29e9efb9a69211,d2e650490d9c4667,train,5
phash:d6395896fc8503b5,4,4,4894f01765bc2abaadaa,Soil_Labeled_Data/M_50_60/L_40_50/alluvial/IMG_0170_M_0_10_light_brown_M_40_50_light_brown.jpg,Soil_Labeled_Data/M_50_60/L_40_50/alluvial/IMG_0170_M_0_10_light_brown_M_40_50_light_brown.jpg,605d24775c3696783cb5a139ccac3bfd41bcb34eff9797a9decd7cf47b1bdc0b,d2e650490d9c4667,train,5
phash:d6395896fc8503b5,4,4,ffc3ea83d9595d465127,Soil_Labeled_Data/M_80_90/L_40_50/alluvial/IMG_0170_M_0_10_light_brown_M_40_50_light_brown_M_50_60_gray_brown_M_60_70_clay_red.jpg,Soil_Labeled_Data/M_80_90/L_40_50/alluvial/IMG_0170_M_0_10_light_brown_M_40_50_light_brown_M_50_60_gray_brown_M_60_70_clay_red.jpg,10c3ea4f39a17d7fdf7052b2dc5784e6bf9bd9a46619cc6d5aef6ac81a1a1ff8,d2e650410d9c4667,train,5
phash:d7ab328ed292f42f,2,2,687a3b94b96f32d2986f,Soil_Labeled_Data/M_0_10/L_0_10/alluvial/z5714095021903_b26a3a815aa064952be57e24cd3e499e.jpg,Soil_Labeled_Data/M_0_10/L_0_10/alluvial/z5714095021903_b26a3a815aa064952be57e24cd3e499e.jpg,ecd15648c3282bd93e816398c905ceced86e6af8a0d6b62ac3856964c1187e37,180f170607134127,train,5
phash:d7ab328ed292f42f,2,2,d582bb3bbc331a52e4d7,Soil_Labeled_Data/M_70_80/L_0_10/alluvial/z5714095021903_b26a3a815aa064952be57e24cd3e499e_M_0_10_light_brown_M_40_50_gray_brown_M_50_60_clay_red.jpg,Soil_Labeled_Data/M_70_80/L_0_10/alluvial/z5714095021903_b26a3a815aa064952be57e24cd3e499e_M_0_10_light_brown_M_40_50_gray_brown_M_50_60_clay_red.jpg,d216524fb1266f94f98e4b6e6e330391c9646c515745c1c78f6cd361ba78d89a,180a130207134107,train,5
phash:d860a5a997911aa8,4,4,d70e467b1d08e93f0f26,Soil_Labeled_Data/M_0_10/L_50_60/alluvial/IMG_0200.JPG,Soil_Labeled_Data/M_0_10/L_50_60/alluvial/IMG_0200.JPG,d9c1416d902fd889c0d4c0946cb0ff231d3c654ee9267891f26f9dc287a75ff7,1f4b4d2cd9556c58,train,5
phash:d860a5a997911aa8,4,4,6f64ebad14ae75e7ed56,Soil_Labeled_Data/M_40_50/L_50_60/alluvial/IMG_0200_M_0_10_pale_yellow.jpg,Soil_Labeled_Data/M_40_50/L_50_60/alluvial/IMG_0200_M_0_10_pale_yellow.jpg,3e90d2c325d57abbfdf994abeffbbe5e110cf44da60536b2eb76a6ff3cf21dff,1f4b4d2cdb556c58,train,5
phash:d860a5a997911aa8,4,4,d3f4b3045d881aea2e4c,Soil_Labeled_Data/M_50_60/L_50_60/alluvial/IMG_0200_M_0_10_clayish_red_M_40_50_gray_brown.jpg,Soil_Labeled_Data/M_50_60/L_50_60/alluvial/IMG_0200_M_0_10_clayish_red_M_40_50_gray_brown.jpg,7957510aed1534516ba0cbbf47bd164ca5653abffb97aa632d0c194dffcc744e,1f4b4d2cd9556c58,train,5
phash:d860a5a997911aa8,4,4,283b5546d746b07836b3,Soil_Labeled_Data/M_60_70/L_50_60/alluvial/IMG_0200_M_0_10_clayish_red_M_40_50_gray_brown_M_50_60_gray_brown.jpg,Soil_Labeled_Data/M_60_70/L_50_60/alluvial/IMG_0200_M_0_10_clayish_red_M_40_50_gray_brown_M_50_60_gray_brown.jpg,9b7d226922b21a19113b13bc1003421ab38d0ac2b17aac5c83236f8df8c98fef,0f4b4d2cd9556c58,train,5
phash:d900520187ed4db7,2,2,9ecc812f38b9a754e60b,Soil_Labeled_Data/M_30_40/L_10_20/alluvial/z5716081630761_e1624a45d14f513987c03256f064b8bf.jpg,Soil_Labeled_Data/M_30_40/L_10_20/alluvial/z5716081630761_e1624a45d14f513987c03256f064b8bf.jpg,b24297fe42b64c8498b127fa6e2b020493b71576de394fcfef8eb57f682d697c,42030b8347933303,train,5
phash:d900520187ed4db7,2,2,ca5b73e90d58a3c7fb28,Soil_Labeled_Data/M_50_60/L_10_20/alluvial/z5716081630761_e1624a45d14f513987c03256f064b8bf_M_30_40_light_brown_M_40_50_gray_brown.jpg,Soil_Labeled_Data/M_50_60/L_10_20/alluvial/z5716081630761_e1624a45d14f513987c03256f064b8bf_M_30_40_light_brown_M_40_50_gray_brown.jpg,8b8c76380b8e5fc43729ccd8c144eff743615b5b0fceacfcc54d8c02e526fc06,40030b8347932303,train,5
phash:da003ea3a8a9acb4,16,13,e27227412855f6a4f9de,Soil_Labeled_Data/M_10_20/L_70_80/alluvial/IMG_0702.JPG,Soil_Labeled_Data/M_10_20/L_70_80/alluvial/IMG_0702.JPG,b2d381061e86750c596ea90c359ce7104609d9708781c75c65ed9c99f3190381,ee6737d71a27dccc,validation,5
phash:da003ea3a8a9acb4,16,13,345748309ec170eaa67a,Soil_Labeled_Data/M_10_20/L_70_80/alluvial/IMG_0705.JPG,Soil_Labeled_Data/M_10_20/L_70_80/alluvial/IMG_0705.JPG,b2d381061e86750c596ea90c359ce7104609d9708781c75c65ed9c99f3190381,ee6737d71a27dccc,validation,5
phash:da003ea3a8a9acb4,16,13,6d4e6ee82a1c87426cb3,Soil_Labeled_Data/M_10_20/L_70_80/alluvial/IMG_0706.JPG,Soil_Labeled_Data/M_10_20/L_70_80/alluvial/IMG_0706.JPG,b2d381061e86750c596ea90c359ce7104609d9708781c75c65ed9c99f3190381,ee6737d71a27dccc,validation,5
phash:da003ea3a8a9acb4,16,13,8b1a945a6e98efd4b386,Soil_Labeled_Data/M_40_50/L_70_80/alluvial/IMG_0705_M_10_20_gray_brown.jpg,Soil_Labeled_Data/M_40_50/L_70_80/alluvial/IMG_0705_M_10_20_gray_brown.jpg,b3970fe8e262c4f9e2612b3ab17da25ca92a6018f0ab2c2e5e2e4310c35a98d6,ce6727571a37dccc,validation,5
phash:da003ea3a8a9acb4,16,13,f23a5755b3802a26a70a,Soil_Labeled_Data/M_50_60/L_70_80/alluvial/IMG_0702_M_10_20_pale_yellow_M_30_40_gray_brown.jpg,Soil_Labeled_Data/M_50_60/L_70_80/alluvial/IMG_0702_M_10_20_pale_yellow_M_30_40_gray_brown.jpg,7b2189d99ff2d589685ee465c8ccdae903928c377b86adf014613264ca54d08e,ee6727d71a27dccc,validation,5
phash:da003ea3a8a9acb4,16,13,27c5fe11e0f77cf5d3ba,Soil_Labeled_Data/M_50_60/L_70_80/alluvial/IMG_0705_M_10_20_light_brown_M_30_40_light_brown.jpg,Soil_Labeled_Data/M_50_60/L_70_80/alluvial/IMG_0705_M_10_20_light_brown_M_30_40_light_brown.jpg,5cf7cb08c11a60bc59b83cc1cb413d9026009f6b151dbbaf84695108d9c113d4,ee6727571a27dccc,validation,5
phash:da003ea3a8a9acb4,16,13,004206956dc021dfbb9e,Soil_Labeled_Data/M_50_60/L_70_80/alluvial/IMG_0706_M_10_20_light_brown_M_30_40_light_brown.jpg,Soil_Labeled_Data/M_50_60/L_70_80/alluvial/IMG_0706_M_10_20_light_brown_M_30_40_light_brown.jpg,5cf7cb08c11a60bc59b83cc1cb413d9026009f6b151dbbaf84695108d9c113d4,ee6727571a27dccc,validation,5
phash:da003ea3a8a9acb4,16,13,a00a7469bf67f5c33c2d,Soil_Labeled_Data/M_60_70/L_70_80/alluvial/IMG_0702_M_10_20_clayish_red_M_40_50_gray_brown.jpg,Soil_Labeled_Data/M_60_70/L_70_80/alluvial/IMG_0702_M_10_20_clayish_red_M_40_50_gray_brown.jpg,bd081ffcab3b01147ccd4133347049a68f76e27d252414daa28990bc9a3d0a2f,ce6727571a27dccc,validation,5
phash:da003ea3a8a9acb4,16,13,43813ed7a8442f264f73,Soil_Labeled_Data/M_60_70/L_70_80/alluvial/IMG_0702_M_10_20_clayish_red_M_40_50_gray_brown_M_50_60_dark_brown.jpg,Soil_Labeled_Data/M_60_70/L_70_80/alluvial/IMG_0702_M_10_20_clayish_red_M_40_50_gray_brown_M_50_60_dark_brown.jpg,d5e84f8191386a3a709b9cd98b41de03797c11b3df78f0dd8423207a2f2e3627,ce6727571a27dccc,validation,5
phash:da003ea3a8a9acb4,16,13,f3316b0a8da7403b3e55,Soil_Labeled_Data/M_60_70/L_70_80/alluvial/IMG_0705_M_10_20_gray_brown_M_40_50_gray_brown.jpg,Soil_Labeled_Data/M_60_70/L_70_80/alluvial/IMG_0705_M_10_20_gray_brown_M_40_50_gray_brown.jpg,e6f867231a68cadfd7e24a9f51ba030c99b14aab400da309f41793610618c673,ce6727571a27dccc,validation,5
phash:da003ea3a8a9acb4,16,13,a014b979de9a494f7b47,Soil_Labeled_Data/M_70_80/L_70_80/alluvial/IMG_0702_M_10_20_clayish_red_M_40_50_gray_brown_M_50_60_dark_brown_M_60_70_dark_brown.jpg,Soil_Labeled_Data/M_70_80/L_70_80/alluvial/IMG_0702_M_10_20_clayish_red_M_40_50_gray_brown_M_50_60_dark_brown_M_60_70_dark_brown.jpg,907bde866e6a7edaaa3649d4223a88b3a3a949a862635e1d9900fd6ba5140b35,ce6727571a27cccc,validation,5
phash:da003ea3a8a9acb4,16,13,9b45c9b39f591a27ee99,Soil_Labeled_Data/M_70_80/L_70_80/alluvial/IMG_0702_M_10_20_pale_yellow_M_30_40_gray_brown_M_50_60_clay_red.jpg,Soil_Labeled_Data/M_70_80/L_70_80/alluvial/IMG_0702_M_10_20_pale_yellow_M_30_40_gray_brown_M_50_60_clay_red.jpg,2fb911706072c4c221748d7e1eb79f8f3c82188885e13f18c91a28aa7b9f81b8,ee6727d71a27cccc,validation,5
phash:da003ea3a8a9acb4,16,13,feebbb0aad31a1255e01,Soil_Labeled_Data/M_70_80/L_70_80/alluvial/IMG_0706_M_10_20_light_brown_M_30_40_light_brown_M_50_60_gray_brown_M_60_70_dark_brown.jpg,Soil_Labeled_Data/M_70_80/L_70_80/alluvial/IMG_0706_M_10_20_light_brown_M_30_40_light_brown_M_50_60_gray_brown_M_60_70_dark_brown.jpg,1c46818db570b9b4e39dfbe28e5bcd4697354239b38c42ee4ade196aeb32f88a,ae6727571a279ccc,validation,5
phash:da003ea3a8a9acb4,16,13,2f71f03385cf378a08bb,Soil_Labeled_Data/M_80_90/L_70_80/alluvial/IMG_0702_M_10_20_clayish_red_M_40_50_gray_brown_M_60_70_clay_red_M_70_80_clay_red.jpg,Soil_Labeled_Data/M_80_90/L_70_80/alluvial/IMG_0702_M_10_20_clayish_red_M_40_50_gray_brown_M_60_70_clay_red_M_70_80_clay_red.jpg,222fbe777d83cc9bf8125b3dfb81723e8d06fb10ccb3481ffc7fce338db3ea65,8e6727571a37dccc,validation,5
phash:da003ea3a8a9acb4,16,13,1efcfe798c2b56061955,Soil_Labeled_Data/M_80_90/L_70_80/alluvial/IMG_0706_M_10_20_light_brown_M_30_40_light_brown_M_50_60_clay_red_M_70_80_wet_gray.jpg,Soil_Labeled_Data/M_80_90/L_70_80/alluvial/IMG_0706_M_10_20_light_brown_M_30_40_light_brown_M_50_60_clay_red_M_70_80_wet_gray.jpg,dff3fd4523f2bac78813523b5afd49802f5301e26fddb20b05563276b227c2c3,ae6737561a27dccc,validation,5
phash:da003ea3a8a9acb4,16,13,04c1f58c5f6a36c15c5c,Soil_Labeled_Data/M_90_100/L_70_80/alluvial/IMG_0702_M_10_20_clayish_red_M_40_50_gray_brown_M_50_60_dark_brown_M_60_70_dark_brown_M_70_80_wet_gray.jpg,Soil_Labeled_Data/M_90_100/L_70_80/alluvial/IMG_0702_M_10_20_clayish_red_M_40_50_gray_brown_M_50_60_dark_brown_M_60_70_dark_brown_M_70_80_wet_gray.jpg,3727c4db5afa970d06f1517414d8ae94b612a29f2309a15c7e4f347147700f0b,8e6727561a27cccc,validation,5
phash:da0d6d0fa029b999,2,2,f608b5bc8d594ae6d303,Soil_Labeled_Data/M_0_10/L_30_40/alluvial/IMG_0110.JPG,Soil_Labeled_Data/M_0_10/L_30_40/alluvial/IMG_0110.JPG,e3933c3af16e52c621a9d908f3a0b2ad649b267a2c93902fb281fddb7268a821,5e6c4b595ad7dbde,validation,5
phash:da0d6d0fa029b999,2,2,3aae99b469f583293485,Soil_Labeled_Data/M_90_100/L_30_40/alluvial/IMG_0110_M_0_10_gray_brown_M_40_50_light_brown_M_50_60_clay_red_M_70_80_wet_gray_M_80_90_dark_brown.jpg,Soil_Labeled_Data/M_90_100/L_30_40/alluvial/IMG_0110_M_0_10_gray_brown_M_40_50_light_brown_M_50_60_clay_red_M_70_80_wet_gray_M_80_90_dark_brown.jpg,6ae8fba8b38d4a57662bf0c7ff0dc731ed0978f222aef424086a13bce23432b5,5e4c4b191ad6db5e,validation,5
phash:daa0dce101fa60b2,4,4,a55a02707120bce2b479,Soil_Labeled_Data/M_10_20/L_30_40/alluvial/IMG_0556.JPG,Soil_Labeled_Data/M_10_20/L_30_40/alluvial/IMG_0556.JPG,49a3e5c5586d3bc28163ccaee52679413657461d5a4548ddb9e038cd4de99312,278763657c563615,train,5
phash:daa0dce101fa60b2,4,4,265929c5477dab55ea49,Soil_Labeled_Data/M_40_50/L_30_40/alluvial/IMG_0556_M_10_20_gray_brown.jpg,Soil_Labeled_Data/M_40_50/L_30_40/alluvial/IMG_0556_M_10_20_gray_brown.jpg,3518bc1267b9230ca3683b0bbf3046eb467173384272cdc6b1b03dd10e974688,278763657c563615,train,5
phash:daa0dce101fa60b2,4,4,2f92142bd9de58d6dd55,Soil_Labeled_Data/M_40_50/L_30_40/alluvial/IMG_0556_M_10_20_pale_yellow.jpg,Soil_Labeled_Data/M_40_50/L_30_40/alluvial/IMG_0556_M_10_20_pale_yellow.jpg,d0abd131bbe3131a7bbdfcef242522e7dff42b3f669cc4515b5476ed35a5f4af,278363657c563615,train,5
phash:daa0dce101fa60b2,4,4,46d24919a76709d2d1e9,Soil_Labeled_Data/M_70_80/L_30_40/alluvial/IMG_0556_M_10_20_gray_brown_M_40_50_light_brown_M_50_60_dark_brown_M_60_70_dark_brown.jpg,Soil_Labeled_Data/M_70_80/L_30_40/alluvial/IMG_0556_M_10_20_gray_brown_M_40_50_light_brown_M_50_60_dark_brown_M_60_70_dark_brown.jpg,83301908f2d1e0f1774b79408f3eb94a2186efbd7962682ddfc6228bc60bff0b,238743646c562615,train,5
phash:db9ee2806dc05985,2,2,e95f7241b065afec962d,Soil_Labeled_Data/M_10_20/L_80_90/alluvial/IMG_0754.JPG,Soil_Labeled_Data/M_10_20/L_80_90/alluvial/IMG_0754.JPG,de463e7bea3358449c559766d2a55714a0d3cc69790cd4b81954cbb94ba2604b,1256e5ef3b6dca8a,train,5
phash:db9ee2806dc05985,2,2,20d54138d37639fc86b9,Soil_Labeled_Data/M_60_70/L_80_90/alluvial/M_60_70_L_80_90_0039_clay_red.jpg,Soil_Labeled_Data/M_60_70/L_80_90/alluvial/M_60_70_L_80_90_0039_clay_red.jpg,b9d9cafcb153a003cb8356cebbd698514c69a114f3a9f72f4b47536c2f9ef978,1256e5ab3bedca8a,train,5
phash:dbf2ab5282982124,2,2,fee98f4c16305f18de12,Soil_Labeled_Data/M_10_20/L_50_60/alluvial/IMG_0641.JPG,Soil_Labeled_Data/M_10_20/L_50_60/alluvial/IMG_0641.JPG,18057ee267097562017f32da8aa8828df609ac5d67bf832ff43e7a8da70e1b21,a6a4472547460385,train,5
phash:dbf2ab5282982124,2,2,c0b0d233ff75401c6aca,Soil_Labeled_Data/M_50_60/L_50_60/alluvial/IMG_0641_M_10_20_clayish_red_M_40_50_gray_brown.jpg,Soil_Labeled_Data/M_50_60/L_50_60/alluvial/IMG_0641_M_10_20_clayish_red_M_40_50_gray_brown.jpg,2c6838b9305d24f73bd8c2959d6ffa6ec566e6877a0535a3619d8fe0039b3308,a6a4472547460305,train,5
phash:dd00b8a6129e2709,4,4,62523f5dbeae813abb06,Soil_Labeled_Data/M_60_70/L_10_20/alluvial/IMG_0468_M_10_20_clayish_red_M_40_50_gray_brown.jpg,Soil_Labeled_Data/M_60_70/L_10_20/alluvial/IMG_0468_M_10_20_clayish_red_M_40_50_gray_brown.jpg,7bdaa6c870a5f1d339b9a7acc84f1d0ad6a1d22c4e685718bcfc466359b9663b,0080090909180400,train,5
phash:dd00b8a6129e2709,4,4,be8685352c9554b79807,Soil_Labeled_Data/M_60_70/L_10_20/alluvial/IMG_0468_M_10_20_clayish_red_M_40_50_gray_brown_M_50_60_dark_brown.jpg,Soil_Labeled_Data/M_60_70/L_10_20/alluvial/IMG_0468_M_10_20_clayish_red_M_40_50_gray_brown_M_50_60_dark_brown.jpg,0191d68405286ae646f21228f8c16aa076445070373053d4624f7521674d3b07,0080010909180400,train,5
phash:dd00b8a6129e2709,4,4,9ddfc3a2dcb8344268f7,Soil_Labeled_Data/M_70_80/L_10_20/alluvial/IMG_0468_M_10_20_clayish_red_M_40_50_gray_brown_M_60_70_clay_red.jpg,Soil_Labeled_Data/M_70_80/L_10_20/alluvial/IMG_0468_M_10_20_clayish_red_M_40_50_gray_brown_M_60_70_clay_red.jpg,634a10184c60ddc7034d8a2e678198f8089c52bf376f2821ee8a8145bab8ba4a,0080090909080400,train,5
phash:dd00b8a6129e2709,4,4,d32dc8efa5aef0b10484,Soil_Labeled_Data/M_90_100/L_10_20/alluvial/IMG_0468_M_10_20_clayish_red_M_40_50_gray_brown_M_60_70_clay_red_M_70_80_wet_gray.jpg,Soil_Labeled_Data/M_90_100/L_10_20/alluvial/IMG_0468_M_10_20_clayish_red_M_40_50_gray_brown_M_60_70_clay_red_M_70_80_wet_gray.jpg,46bd149ef8974a9c24b7e0d8809895c11067cd3c060087ba76f23532c5689b42,0080020101082400,train,5
phash:dd98cc62eda80103,2,2,9676f7b1316eef2b4bab,Soil_Labeled_Data/M_30_40/L_20_30/alluvial/z5716144211921_8febf76d2109bd276a82645488d476a0.jpg,Soil_Labeled_Data/M_30_40/L_20_30/alluvial/z5716144211921_8febf76d2109bd276a82645488d476a0.jpg,8322a2c9f2abd5fbfba408c7514253927b3e4995de3f8216a8ae6016df680d23,8264121539130d89,test,5
phash:dd98cc62eda80103,2,2,e4df36059325bec83d55,Soil_Labeled_Data/M_30_40/L_20_30/alluvial/z5716144211921_8febf76d2109bd276a82645488d476a0_aug_00_clay_red.jpg,Soil_Labeled_Data/M_30_40/L_20_30/alluvial/z5716144211921_8febf76d2109bd276a82645488d476a0_aug_00_clay_red.jpg,ed2f4ec2ebfc82648f5f7adc8ff28087085e8cf11be933ef7ea895c6aa52a47b,8240121539130d89,test,5
phash:ddcd5bf42ce461e9,5,5,b230a1e829c4df4b4b51,Soil_Labeled_Data/M_0_10/L_60_70/alluvial/IMG_0240.JPG,Soil_Labeled_Data/M_0_10/L_60_70/alluvial/IMG_0240.JPG,b4ec3d6e5c3a3e6e89b6ff09abeb70dbd621d581ced0911447b4c2d6c1a1e92e,6e596a4e4963644c,train,5
phash:ddcd5bf42ce461e9,5,5,7e7bc4fc296232c36228,Soil_Labeled_Data/M_40_50/L_60_70/alluvial/IMG_0240_M_0_10_light_brown.jpg,Soil_Labeled_Data/M_40_50/L_60_70/alluvial/IMG_0240_M_0_10_light_brown.jpg,4720363c49f5a304fde27741896f90953e77da831f01b7a1313673de61a3de02,6e596a484963644c,train,5
phash:ddcd5bf42ce461e9,5,5,0ac8cb496a42caac30f3,Soil_Labeled_Data/M_40_50/L_60_70/alluvial/IMG_0240_M_0_10_pale_yellow.jpg,Soil_Labeled_Data/M_40_50/L_60_70/alluvial/IMG_0240_M_0_10_pale_yellow.jpg,d2ec10edf043f3837f0bffd9ab6f76d733bfab266fc90cc8706dfa16f287ce82,6e596a484963644c,train,5
phash:ddcd5bf42ce461e9,5,5,beba36a59829c8a12017,Soil_Labeled_Data/M_80_90/L_60_70/alluvial/IMG_0240_M_0_10_light_brown_M_40_50_light_brown_M_50_60_dark_brown_M_60_70_clay_red.jpg,Soil_Labeled_Data/M_80_90/L_60_70/alluvial/IMG_0240_M_0_10_light_brown_M_40_50_light_brown_M_50_60_dark_brown_M_60_70_clay_red.jpg,aa500d9e1de1417d77fc193b3fc445bf0841190e14183eb964538f5dc77a407d,4e596a484863644c,train,5
phash:ddcd5bf42ce461e9,5,5,5ca26a109c6ee0cca749,Soil_Labeled_Data/M_80_90/L_60_70/alluvial/IMG_0240_M_0_10_pale_yellow_M_40_50_gray_brown_M_50_60_dark_brown_M_70_80_clay_red.jpg,Soil_Labeled_Data/M_80_90/L_60_70/alluvial/IMG_0240_M_0_10_pale_yellow_M_40_50_gray_brown_M_50_60_dark_brown_M_70_80_clay_red.jpg,c41efc4fc4f43984d73fa48fff835cab2c3fd29832eede3b8cde4e325db62e3c,4e596a484963644c,train,5
phash:df19bd7121c3deb8,4,4,3919829806e3ee46a662,Soil_Labeled_Data/M_0_10/L_30_40/alluvial/IMG_0103.JPG,Soil_Labeled_Data/M_0_10/L_30_40/alluvial/IMG_0103.JPG,bec90e50e19dd45be96d92da1f41a7b9429a8ab7010c9e1af561a4f126648aac,46272d1d332dad63,test,5
phash:df19bd7121c3deb8,4,4,e00ea603ab2e3d981025,Soil_Labeled_Data/M_50_60/L_30_40/alluvial/IMG_0103_M_0_10_clayish_red_M_40_50_light_brown.jpg,Soil_Labeled_Data/M_50_60/L_30_40/alluvial/IMG_0103_M_0_10_clayish_red_M_40_50_light_brown.jpg,114b735d9b400cab14e902f857c6b7f32e8719e2aedb99d5ef7a428bc68522de,46272d1db32dad63,test,5
phash:df19bd7121c3deb8,4,4,9bdc87a6c35da2b58f2d,Soil_Labeled_Data/M_60_70/L_30_40/alluvial/IMG_0103_M_0_10_clayish_red_M_40_50_dark_brown.jpg,Soil_Labeled_Data/M_60_70/L_30_40/alluvial/IMG_0103_M_0_10_clayish_red_M_40_50_dark_brown.jpg,7424c6c8a3f738cd64d07572f03fc5b5df0d65a668f0068c980fd9e1d75a62ce,46272d1db32dad63,test,5
phash:df19bd7121c3deb8,4,4,b8d7850998b6a2a44a6e,Soil_Labeled_Data/M_70_80/L_30_40/alluvial/IMG_0103_M_0_10_clayish_red_M_40_50_dark_brown_M_60_70_dark_brown.jpg,Soil_Labeled_Data/M_70_80/L_30_40/alluvial/IMG_0103_M_0_10_clayish_red_M_40_50_dark_brown_M_60_70_dark_brown.jpg,ccef033a697b92f22aab0ddfa6463fd5e0f8f1d1e0c7422f459e6caa5dc797ee,46270d1d332dad63,test,5
phash:e0734870d934d178,2,2,31c792dd5d60af328ff4,Soil_Labeled_Data/M_0_10/L_40_50/alluvial/IMG_0158.JPG,Soil_Labeled_Data/M_0_10/L_40_50/alluvial/IMG_0158.JPG,f3c6d0dc7203d42c9d911d6ef76cf6b8f468c09e1787611172f8af4dcc9bb1f2,7b282743e199d8ee,train,5
phash:e0734870d934d178,2,2,a5143622861d92e40413,Soil_Labeled_Data/M_40_50/L_40_50/alluvial/IMG_0158_M_0_10_clayish_red.jpg,Soil_Labeled_Data/M_40_50/L_40_50/alluvial/IMG_0158_M_0_10_clayish_red.jpg,10b3ff9974cd25665bd4db288d5ed1d1f914169419800e52de05ee7c4a5a54bf,7b286743e199d86e,train,5
phash:e17e78429411f5b0,2,2,fd8759c939033fa05625,Soil_Labeled_Data/M_30_40/L_40_50/alluvial/z5719915064697_6860e93b3637879e75266a9cab0b000e.jpg,Soil_Labeled_Data/M_30_40/L_40_50/alluvial/z5719915064697_6860e93b3637879e75266a9cab0b000e.jpg,9b51c3c0b64e89da621ad56e1e73cbebf55367539011e3afef4da7ca4ef4b8da,746b77262419434c,test,5
phash:e17e78429411f5b0,2,2,7dec4610381bf88a68e5,Soil_Labeled_Data/M_60_70/L_40_50/alluvial/z5719915064697_6860e93b3637879e75266a9cab0b000e_M_30_40_light_brown_M_40_50_light_brown_M_50_60_dark_brown.jpg,Soil_Labeled_Data/M_60_70/L_40_50/alluvial/z5719915064697_6860e93b3637879e75266a9cab0b000e_M_30_40_light_brown_M_40_50_light_brown_M_50_60_dark_brown.jpg,24df488cee5355404ad4f3aa94adc1281b47fbe9f264ffe7e38d210a1b82a94c,5461f7222419434c,test,5
phash:e24ee0f14f9344e0,4,4,da93203cd9aa7e9b4607,Soil_Labeled_Data/M_20_30/L_70_80/alluvial/z5715141734634_e77f72db46f26975a8a55807dd7433b7.jpg,Soil_Labeled_Data/M_20_30/L_70_80/alluvial/z5715141734634_e77f72db46f26975a8a55807dd7433b7.jpg,5eac76e5a5e31eceb7551b983dd1eab914199bbbf78cb6f485a21cf76d1fddb3,653838f293c6bced,train,5
phash:e24ee0f14f9344e0,4,4,e6adb7cbb40fb27c8f57,Soil_Labeled_Data/M_30_40/L_70_80/alluvial/z5715141734634_e77f72db46f26975a8a55807dd7433b7_M_20_30_light_brown.jpg,Soil_Labeled_Data/M_30_40/L_70_80/alluvial/z5715141734634_e77f72db46f26975a8a55807dd7433b7_M_20_30_light_brown.jpg,85123fc0b2e008a4c4c24535bb5d24f31aeff54ae907816f820ef2a71eba7d2f,653838f297c6bced,train,5
phash:e24ee0f14f9344e0,4,4,6502140b7df1996db52f,Soil_Labeled_Data/M_70_80/L_70_80/alluvial/z5715141734634_e77f72db46f26975a8a55807dd7433b7_M_20_30_light_brown_M_30_40_light_brown_M_50_60_gray_brown_M_60_70_dark_brown.jpg,Soil_Labeled_Data/M_70_80/L_70_80/alluvial/z5715141734634_e77f72db46f26975a8a55807dd7433b7_M_20_30_light_brown_M_30_40_light_brown_M_50_60_gray_brown_M_60_70_dark_brown.jpg,d5aa5c242ea07490ae10b07df77048617d59cdf6e8aefbab065dbd70b8aee0d3,253838f29286bc6d,train,5
phash:e24ee0f14f9344e0,4,4,17110468b2540b74828a,Soil_Labeled_Data/M_90_100/L_70_80/alluvial/z5715141734634_e77f72db46f26975a8a55807dd7433b7_M_20_30_light_brown_M_30_40_light_brown_M_50_60_gray_brown_M_60_70_dark_brown_M_70_80_wet_gray.jpg,Soil_Labeled_Data/M_90_100/L_70_80/alluvial/z5715141734634_e77f72db46f26975a8a55807dd7433b7_M_20_30_light_brown_M_30_40_light_brown_M_50_60_gray_brown_M_60_70_dark_brown_M_70_80_wet_gray.jpg,3d229fe643778cb2d2498498bd2b41313fdc1aa0fef8f6f7d203e122b5c272d7,213828e29086bc69,train,5
phash:e29f3395d78fb71e,2,2,bb49fe6e7add4e789525,Soil_Labeled_Data/M_0_10/L_70_80/alluvial/IMG_0287.JPG,Soil_Labeled_Data/M_0_10/L_70_80/alluvial/IMG_0287.JPG,6f75284b65ef89a2c91da23176ba39f48096161e90e26f27286b935990d6de8a,2bcad66e2a7e3c3c,train,5
phash:e29f3395d78fb71e,2,2,10f7f8e8f91ef17b11a8,Soil_Labeled_Data/M_60_70/L_70_80/alluvial/IMG_0287_M_0_10_gray_brown_M_40_50_dark_brown.jpg,Soil_Labeled_Data/M_60_70/L_70_80/alluvial/IMG_0287_M_0_10_gray_brown_M_40_50_dark_brown.jpg,386af14400f9e58966566721a76f6ef8b91defcc6aaac7f3de7f0442fd19b842,2bcade762a7c1c3c,train,5
phash:e38d01687b23892b,2,2,2afb7fffe7008813d9df,Soil_Labeled_Data/M_50_60/L_10_20/alluvial/z5716081793488_8e267ac7db26534a784551ddef1bbd5f_M_30_40_clayish_red_M_40_50_gray_brown.jpg,Soil_Labeled_Data/M_50_60/L_10_20/alluvial/z5716081793488_8e267ac7db26534a784551ddef1bbd5f_M_30_40_clayish_red_M_40_50_gray_brown.jpg,c5b2662a86eceb667447f22da9c9391dab07c6d62b10b5470de617e9dc950911,0804060a04044142,validation,5
phash:e38d01687b23892b,2,2,5e29392b9462731a9135,Soil_Labeled_Data/M_50_60/L_10_20/alluvial/z5716081793488_8e267ac7db26534a784551ddef1bbd5f_M_30_40_gray_brown.jpg,Soil_Labeled_Data/M_50_60/L_10_20/alluvial/z5716081793488_8e267ac7db26534a784551ddef1bbd5f_M_30_40_gray_brown.jpg,f2a92c3aa6f483be8c0d4fd38ff4d389cdf8e1b488eba7fb074cf8b77e8b7edc,0824060a0c044942,validation,5
phash:e39268df5143025a,2,2,481efca2b77079d29a5b,Soil_Labeled_Data/M_0_10/L_40_50/alluvial/IMG_0169.JPG,Soil_Labeled_Data/M_0_10/L_40_50/alluvial/IMG_0169.JPG,3cd6304eb00d0157033fc2b83c6a2f4a60d236f6abf8b89cb745b6a8e038fc7c,2c9c641aa3c94b4d,train,5
phash:e39268df5143025a,2,2,5d863ee73c822baf0298,Soil_Labeled_Data/M_70_80/L_40_50/alluvial/IMG_0169_M_0_10_pale_yellow_M_40_50_light_brown_M_50_60_clay_red.jpg,Soil_Labeled_Data/M_70_80/L_40_50/alluvial/IMG_0169_M_0_10_pale_yellow_M_40_50_light_brown_M_50_60_clay_red.jpg,4ae1c1967baff69fc7ab55af2909831d01424f790be5fbe3451ff7d062696587,2c9c641aa3c94b4d,train,5
phash:e41b56e0db0207b7,5,5,a8fa1bdcea234fc82dbc,Soil_Labeled_Data/M_10_20/L_50_60/alluvial/IMG_0632.JPG,Soil_Labeled_Data/M_10_20/L_50_60/alluvial/IMG_0632.JPG,007b0e49007fb3fdf6ef79a084a2809fe922063dca5033ee9ac14f0ca0b45735,c36f258d240a0e1c,validation,5
phash:e41b56e0db0207b7,5,5,abe781f1328a53f58d4a,Soil_Labeled_Data/M_10_20/L_50_60/alluvial/IMG_0632_aug_00_light_brown.jpg,Soil_Labeled_Data/M_10_20/L_50_60/alluvial/IMG_0632_aug_00_light_brown.jpg,3977d76b19b820390091419f6ace7fee53e06b680b16d39ae04f486d9cf3d1ef,c16f250d24020e1c,validation,5
phash:e41b56e0db0207b7,5,5,a5aa5036cde332bf11e3,Soil_Labeled_Data/M_50_60/L_50_60/alluvial/IMG_0632_M_10_20_gray_brown_M_40_50_light_brown.jpg,Soil_Labeled_Data/M_50_60/L_50_60/alluvial/IMG_0632_M_10_20_gray_brown_M_40_50_light_brown.jpg,2782496193c052ab8eab8b6839b46cdb336e70a00a5983905565999eb5b8e63f,416f258d240a0e1c,validation,5
phash:e41b56e0db0207b7,5,5,08ece693dd5bb51891d4,Soil_Labeled_Data/M_60_70/L_50_60/alluvial/IMG_0632_M_10_20_clayish_red_M_40_50_gray_brown_M_50_60_gray_brown.jpg,Soil_Labeled_Data/M_60_70/L_50_60/alluvial/IMG_0632_M_10_20_clayish_red_M_40_50_gray_brown_M_50_60_gray_brown.jpg,cd5c23396c5206806a9a25a2901f9f71968fef6207855890d3b12f55e320e5fd,416f250d24020e1c,validation,5
phash:e41b56e0db0207b7,5,5,b815457ced7081aaa274,Soil_Labeled_Data/M_70_80/L_50_60/alluvial/IMG_0632_M_10_20_clayish_red_M_40_50_gray_brown_M_50_60_dark_brown.jpg,Soil_Labeled_Data/M_70_80/L_50_60/alluvial/IMG_0632_M_10_20_clayish_red_M_40_50_gray_brown_M_50_60_dark_brown.jpg,9d882cf0d6db9473667d32615ef6ca21a7a492a0c30e840e882cdfdff1b0c2c2,416f2d8d24020e1c,validation,5
phash:e470bf4292aac4cd,2,2,d08ffcaf4026e4c6d635,Soil_Labeled_Data/M_30_40/L_20_30/alluvial/z5716144190940_96c634256f2c6596418ea321b6ccecda.jpg,Soil_Labeled_Data/M_30_40/L_20_30/alluvial/z5716144190940_96c634256f2c6596418ea321b6ccecda.jpg,a8f29eac0ed7abfca4ddf9b915dc840abe3bcf58812e1344138424f6b37af754,c61489c9864f1203,train,5
phash:e470bf4292aac4cd,2,2,167425faaee3ee329f7a,Soil_Labeled_Data/M_50_60/L_20_30/alluvial/z5716144190940_96c634256f2c6596418ea321b6ccecda_M_30_40_light_brown_M_40_50_light_brown.jpg,Soil_Labeled_Data/M_50_60/L_20_30/alluvial/z5716144190940_96c634256f2c6596418ea321b6ccecda_M_30_40_light_brown_M_40_50_light_brown.jpg,bd72242808544407337e56697bbfc436ed25fcdded0417f600e396f2e4ce8e46,c21409c1874f0203,train,5
phash:e4c12a0978536b7d,2,2,3048b30bf6feb1ec0dac,Soil_Labeled_Data/M_30_40/L_30_40/alluvial/z5716113679540_d7ab319e31c41af206e2d03ad2b15725.jpg,Soil_Labeled_Data/M_30_40/L_30_40/alluvial/z5716113679540_d7ab319e31c41af206e2d03ad2b15725.jpg,22d244398134d514fe50b9420f9e4a739c1006937d7b1bf5707fb4516817ed81,989b170f0f1e1c0c,train,5
phash:e4c12a0978536b7d,2,2,5d5e76b070de3433e0b3,Soil_Labeled_Data/M_70_80/L_30_40/alluvial/z5716113679540_d7ab319e31c41af206e2d03ad2b15725_M_30_40_gray_brown_M_40_50_gray_brown_M_50_60_dark_brown.jpg,Soil_Labeled_Data/M_70_80/L_30_40/alluvial/z5716113679540_d7ab319e31c41af206e2d03ad2b15725_M_30_40_gray_brown_M_40_50_gray_brown_M_50_60_dark_brown.jpg,c6138e6fb4b7f56224d3c02b1f3a2b4cdfa72124d57f185f470195b2e2c716c4,989b130f0f1e1c0c,train,5
phash:e53cc76e071af0e3,3,3,fde887bd539a8995de30,Soil_Labeled_Data/M_0_10/L_50_60/alluvial/IMG_0202.JPG,Soil_Labeled_Data/M_0_10/L_50_60/alluvial/IMG_0202.JPG,650ad600843935f7dc58de3d098e943325dd282cccebb9a9b70b46c82a302c2b,4969cc66f8ecba92,train,5
phash:e53cc76e071af0e3,3,3,0a1799fa94717acc663f,Soil_Labeled_Data/M_0_10/L_50_60/alluvial/IMG_0202_aug_01_gray_brown.jpg,Soil_Labeled_Data/M_0_10/L_50_60/alluvial/IMG_0202_aug_01_gray_brown.jpg,49be289e4472ad9446a1ec951eb1ab5bae1197bc3e593dfc89ca59abde342181,4969cc66f8ecba92,train,5
phash:e53cc76e071af0e3,3,3,09c00281ce5c2bb90b75,Soil_Labeled_Data/M_60_70/L_50_60/alluvial/IMG_0202_M_0_10_clayish_red_M_40_50_dark_brown.jpg,Soil_Labeled_Data/M_60_70/L_50_60/alluvial/IMG_0202_M_0_10_clayish_red_M_40_50_dark_brown.jpg,7659e66bd2c98fdc38431077f8d72029db5ad3a340ce609e2c8cb9a18e7dbb71,4969cc66f8ecba92,train,5
phash:e57936d1add1597d,3,3,4835c06190c5793172a3,Soil_Labeled_Data/M_0_10/L_80_90/alluvial/IMG_0340.JPG,Soil_Labeled_Data/M_0_10/L_80_90/alluvial/IMG_0340.JPG,59f226ab354700da8549d51fc04a44add9efd5974ce0822241e61e876a7a654d,3456961c3c263372,test,5
phash:e57936d1add1597d,3,3,a368b8e3b93b71ee2cd2,Soil_Labeled_Data/M_40_50/L_80_90/alluvial/IMG_0340_M_0_10_light_brown.jpg,Soil_Labeled_Data/M_40_50/L_80_90/alluvial/IMG_0340_M_0_10_light_brown.jpg,91ac9a7bd9cc7a74e20d0eaa4638f13c4edb5d724bc611428c2f17b9113b969f,3446d61c3c361332,test,5
phash:e57936d1add1597d,3,3,04233843c8228acfb417,Soil_Labeled_Data/M_50_60/L_80_90/alluvial/M_50_60_L_80_90_0057_gray_brown.jpg,Soil_Labeled_Data/M_50_60/L_80_90/alluvial/M_50_60_L_80_90_0057_gray_brown.jpg,25fc2a5da99d55caa7557fb212b0e7d88d2a02dca9eb1ff620d6b5b0768d44b2,3446d61c3cb61332,test,5
phash:e5aa6b3fa45c86ad,2,2,22cc5cb0869d557d6676,Soil_Labeled_Data/M_10_20/L_50_60/alluvial/IMG_0637.JPG,Soil_Labeled_Data/M_10_20/L_50_60/alluvial/IMG_0637.JPG,f9fc2af870170196e1ecfb9987e6aba9766114e960cbfc1d661566e7c5fc60e5,179c8d0504c8490b,validation,5
phash:e5aa6b3fa45c86ad,2,2,5e0f54a8d74b58baf821,Soil_Labeled_Data/M_70_80/L_50_60/alluvial/IMG_0637_M_10_20_gray_brown_M_40_50_gray_brown_M_50_60_dark_brown_M_60_70_clay_red.jpg,Soil_Labeled_Data/M_70_80/L_50_60/alluvial/IMG_0637_M_10_20_gray_brown_M_40_50_gray_brown_M_50_60_dark_brown_M_60_70_clay_red.jpg,ea3c9e7aee99dfdd71f510edaa015918036e846f617d59fb6f4a95fcc8ebb642,169c8d0504c8490b,validation,5
phash:e5ae9c0394f3d4c2,3,3,61ae752f69782e3ee065,Soil_Labeled_Data/M_10_20/L_10_20/alluvial/IMG_0450.JPG,Soil_Labeled_Data/M_10_20/L_10_20/alluvial/IMG_0450.JPG,db49b1de22d6f4b1ee9a1037c724e277d2037af7dd3746a3113dabfbb1c36def,c10b4763c3131d0c,train,5
phash:e5ae9c0394f3d4c2,3,3,10cbf99b47d31382d5d9,Soil_Labeled_Data/M_50_60/L_10_20/alluvial/IMG_0450_M_10_20_pale_yellow_M_40_50_gray_brown.jpg,Soil_Labeled_Data/M_50_60/L_10_20/alluvial/IMG_0450_M_10_20_pale_yellow_M_40_50_gray_brown.jpg,44ef81b878709cae14f97bfb64aa13387d431d060106130467969ccf5a8bf446,c10b4763c113150c,train,5
phash:e5ae9c0394f3d4c2,3,3,8cb6947302e89399277f,Soil_Labeled_Data/M_60_70/L_10_20/alluvial/IMG_0450_M_10_20_light_brown_M_40_50_light_brown_M_50_60_gray_brown.jpg,Soil_Labeled_Data/M_60_70/L_10_20/alluvial/IMG_0450_M_10_20_light_brown_M_40_50_light_brown_M_50_60_gray_brown.jpg,4fb3392625f71400b76ecf6236149b722291c38a27603b9c9cacc8db337e932d,c109476283134d0c,train,5
phash:e68869e5052b62ca,2,2,3693ec3fbaaead5652e3,Soil_Labeled_Data/M_10_20/L_30_40/alluvial/IMG_0551.JPG,Soil_Labeled_Data/M_10_20/L_30_40/alluvial/IMG_0551.JPG,919498d4462018288ca1e245281bd39878e8db7f8bf605236e795f9d27596426,1303e0271b897631,train,5
phash:e68869e5052b62ca,2,2,9ad9ca5ba158c922a291,Soil_Labeled_Data/M_70_80/L_30_40/alluvial/IMG_0551_M_10_20_light_brown_M_40_50_gray_brown_M_50_60_clay_red.jpg,Soil_Labeled_Data/M_70_80/L_30_40/alluvial/IMG_0551_M_10_20_light_brown_M_40_50_gray_brown_M_50_60_clay_red.jpg,db79674f4680113e70a67031d76378f8746726da7e1c0efdcfcb9a349c642c76,1103e0070b897431,train,5
phash:e6ba7456dbfd0c6a,3,3,4805c40980e2fa39de23,Soil_Labeled_Data/M_0_10/L_10_20/alluvial/IMG_0022.JPG,Soil_Labeled_Data/M_0_10/L_10_20/alluvial/IMG_0022.JPG,c497f74d9f019022006038b69d38cdb4d0cd2cd6254fdb0dff3f32a186f8759c,01010201040c0301,train,5
phash:e6ba7456dbfd0c6a,3,3,5cecad23aac00492e034,Soil_Labeled_Data/M_40_50/L_10_20/alluvial/IMG_0022_M_0_10_gray_brown.jpg,Soil_Labeled_Data/M_40_50/L_10_20/alluvial/IMG_0022_M_0_10_gray_brown.jpg,acd48d4b89d3c9afdf6162cd871146ad86946de31f1832d6473c1d613b1cd16d,01010203040c0301,train,5
phash:e6ba7456dbfd0c6a,3,3,d63f9a1d7f5c9c532ef7,Soil_Labeled_Data/M_90_100/L_10_20/alluvial/IMG_0022_M_0_10_clayish_red_M_40_50_gray_brown_M_60_70_clay_red_M_70_80_dark_brown.jpg,Soil_Labeled_Data/M_90_100/L_10_20/alluvial/IMG_0022_M_0_10_clayish_red_M_40_50_gray_brown_M_60_70_clay_red_M_70_80_dark_brown.jpg,1a10fefa7c40b083ed03718d7ee2ec7f44fdeca7b88613b393ab78edf2b25c01,00010201040c0301,train,5
phash:e83ae9b27690ee64,2,2,b11cbec0423566e5c8ec,Soil_Labeled_Data/M_30_40/L_30_40/alluvial/z5716113728055_dd08551aa6ea83b557da7365c80ea990.jpg,Soil_Labeled_Data/M_30_40/L_30_40/alluvial/z5716113728055_dd08551aa6ea83b557da7365c80ea990.jpg,f70c8427f46331d55005a6afa831af845706054246fba76152b3ddf81fa358f9,a58b0e4e0c87e7cc,train,5
phash:e83ae9b27690ee64,2,2,f171e465d9eca67e6f3a,Soil_Labeled_Data/M_70_80/L_30_40/alluvial/z5716113728055_dd08551aa6ea83b557da7365c80ea990_M_30_40_gray_brown_M_50_60_clay_red.jpg,Soil_Labeled_Data/M_70_80/L_30_40/alluvial/z5716113728055_dd08551aa6ea83b557da7365c80ea990_M_30_40_gray_brown_M_50_60_clay_red.jpg,3d0ed1637dbda33b92cf6ae120d4cab93cb8380b4d67bd35228d8ca43b4a5778,a50b0e4e0c8767c8,train,5
phash:e8b9de4bf1b5ad35,3,3,e91e0741619a405d2812,Soil_Labeled_Data/M_10_20/L_90_100/alluvial/IMG_0800.JPG,Soil_Labeled_Data/M_10_20/L_90_100/alluvial/IMG_0800.JPG,5f02f1d5832984d13ccf96f2b0122638615f04713c1006a13caa0da636ebec51,c24c0d976cb94345,train,5
phash:e8b9de4bf1b5ad35,3,3,8ecfce7335b735b8b8d9,Soil_Labeled_Data/M_40_50/L_90_100/alluvial/IMG_0800_M_10_20_clayish_red.jpg,Soil_Labeled_Data/M_40_50/L_90_100/alluvial/IMG_0800_M_10_20_clayish_red.jpg,d05fa6698df5fa3a2fa1f1ea6dd552862a35cafb706e4e04553f03b49c9f4fe5,c24c0d136cb94345,train,5
phash:e8b9de4bf1b5ad35,3,3,b613c9a82a84fbf67c0f,Soil_Labeled_Data/M_50_60/L_90_100/alluvial/M_50_60_L_90_100_0030_light_brown.jpg,Soil_Labeled_Data/M_50_60/L_90_100/alluvial/M_50_60_L_90_100_0030_light_brown.jpg,a1a8e56ef648fc2ab4ddd845ead06fef3f76f79fa6dd0a7295dcfa5758382b03,c24c0d136cb94345,train,5
phash:e92eaca4ff3b1796,4,3,00d5f023511abaf8e676,Soil_Labeled_Data/M_30_40/L_90_100/alluvial/z5720143128222_276e4e8586100105a226ae375886a943.jpg,Soil_Labeled_Data/M_30_40/L_90_100/alluvial/z5720143128222_276e4e8586100105a226ae375886a943.jpg,00905821ecc223e991a8ae79e30a1d0e96b33018482c53840d07dd7f2a6ed88b,139b773bb7370f9b,test,5
phash:e92eaca4ff3b1796,4,3,e8b0cd2c995d907fdaf3,Soil_Labeled_Data/M_50_60/L_90_100/alluvial/z5720143128222_276e4e8586100105a226ae375886a943.jpg,Soil_Labeled_Data/M_50_60/L_90_100/alluvial/z5720143128222_276e4e8586100105a226ae375886a943.jpg,00905821ecc223e991a8ae79e30a1d0e96b33018482c53840d07dd7f2a6ed88b,139b773bb7370f9b,test,5
phash:e92eaca4ff3b1796,4,3,dbe1c706c0b36517d484,Soil_Labeled_Data/M_70_80/L_90_100/alluvial/M_70_80_L_90_100_0012_wet_gray.jpg,Soil_Labeled_Data/M_70_80/L_90_100/alluvial/M_70_80_L_90_100_0012_wet_gray.jpg,fefe3c9b003995a424465033aa3525adea8441f768f7346df4d27e1aacbd9fe0,139b773bb717071b,test,5
phash:e92eaca4ff3b1796,4,3,bbd3ecc4d8bd5c7b0273,Soil_Labeled_Data/M_80_90/L_90_100/alluvial/M_80_90_L_90_100_0097_gray_brown.jpg,Soil_Labeled_Data/M_80_90/L_90_100/alluvial/M_80_90_L_90_100_0097_gray_brown.jpg,4d5ac7be5d8a00c9a242339639c6701d9763a209d7c9431b58e211a46f6291a4,119b7713b7170713,test,5
phash:ea21b0c5f7c3e0b8,7,7,1d21a35bcc5e4f796e17,Soil_Labeled_Data/M_10_20/L_70_80/alluvial/IMG_0716.JPG,Soil_Labeled_Data/M_10_20/L_70_80/alluvial/IMG_0716.JPG,e17affbd726ddaa1e439b3965d5d485a65876ad6cb4b017797bd78ba4958d754,2617695b67c7862e,train,5
phash:ea21b0c5f7c3e0b8,7,7,02a8ab2a4b76898b98c1,Soil_Labeled_Data/M_60_70/L_70_80/alluvial/IMG_0716_M_10_20_light_brown_M_40_50_gray_brown_M_50_60_gray_brown.jpg,Soil_Labeled_Data/M_60_70/L_70_80/alluvial/IMG_0716_M_10_20_light_brown_M_40_50_gray_brown_M_50_60_gray_brown.jpg,71cf7dad149c69c38669c1eb3e14b80ca4615d127b5d26cab05cb759b22f8ffc,2617695325c5862e,train,5
phash:ea21b0c5f7c3e0b8,7,7,68bbc6e8507cc6f38acc,Soil_Labeled_Data/M_70_80/L_70_80/alluvial/IMG_0716_M_10_20_light_brown_M_40_50_gray_brown_M_50_60_dark_brown.jpg,Soil_Labeled_Data/M_70_80/L_70_80/alluvial/IMG_0716_M_10_20_light_brown_M_40_50_gray_brown_M_50_60_dark_brown.jpg,86f17ff191c3ffbaf1375f9acfb39dd47a5f4ca1ef811f0feb6a542999f31c55,2617695325c5862e,train,5
phash:ea21b0c5f7c3e0b8,7,7,d5a668b2ceeb9bcf84c8,Soil_Labeled_Data/M_70_80/L_70_80/alluvial/IMG_0716_M_10_20_light_brown_M_40_50_gray_brown_M_50_60_gray_brown_M_60_70_clay_red.jpg,Soil_Labeled_Data/M_70_80/L_70_80/alluvial/IMG_0716_M_10_20_light_brown_M_40_50_gray_brown_M_50_60_gray_brown_M_60_70_clay_red.jpg,f8d076fe0bdb7440c6aae6883ddf664102b0b6e98890154e3f9421096cd6abae,2617695325c5862e,train,5
phash:ea21b0c5f7c3e0b8,7,7,72b92210f4d653b8600c,Soil_Labeled_Data/M_90_100/L_70_80/alluvial/IMG_0716_M_10_20_light_brown_M_40_50_gray_brown_M_50_60_dark_brown_M_70_80_wet_gray.jpg,Soil_Labeled_Data/M_90_100/L_70_80/alluvial/IMG_0716_M_10_20_light_brown_M_40_50_gray_brown_M_50_60_dark_brown_M_70_80_wet_gray.jpg,c7c471cc01abee3d08ad83ca283631b11fbd8d7fd93a9ade04dfeda27d501898,2617691325c1862e,train,5
phash:ea21b0c5f7c3e0b8,7,7,443a09dfee2fdb0dc227,Soil_Labeled_Data/M_90_100/L_70_80/alluvial/IMG_0716_M_10_20_light_brown_M_40_50_gray_brown_M_60_70_clay_red_M_70_80_dark_brown.jpg,Soil_Labeled_Data/M_90_100/L_70_80/alluvial/IMG_0716_M_10_20_light_brown_M_40_50_gray_brown_M_60_70_clay_red_M_70_80_dark_brown.jpg,6843a303339d0b8c935d5e0018fdc36d4d2208b132f0a7134eeee4915213ea1b,2617695324c1862e,train,5
phash:ea21b0c5f7c3e0b8,7,7,661c142db4d4df61121d,Soil_Labeled_Data/M_90_100/L_70_80/alluvial/IMG_0716_M_10_20_light_brown_M_40_50_gray_brown_M_60_70_clay_red_M_80_90_wet_gray.jpg,Soil_Labeled_Data/M_90_100/L_70_80/alluvial/IMG_0716_M_10_20_light_brown_M_40_50_gray_brown_M_60_70_clay_red_M_80_90_wet_gray.jpg,0c512607891ef03ffd0ce7b2e2367f15fc2c2458979da8f7de436acfec747b37,2617691321c1862e,train,5
phash:eab22439ce9a4819,2,2,91662ef2f2c6eb1ea0c9,Soil_Labeled_Data/M_90_100/L_40_50/alluvial/IMG_0588_M_10_20_gray_brown_M_40_50_dark_brown_M_60_70_clay_red_M_80_90_wet_gray.jpg,Soil_Labeled_Data/M_90_100/L_40_50/alluvial/IMG_0588_M_10_20_gray_brown_M_40_50_dark_brown_M_60_70_clay_red_M_80_90_wet_gray.jpg,ff81483559ac4da8185cb58c90d9be10a907fc432f7e21d358ec2730378e2ad6,03230544058a0d16,train,5
phash:eab22439ce9a4819,2,2,3c41824a3d56907ed07d,Soil_Labeled_Data/M_90_100/L_40_50/alluvial/IMG_0588_M_10_20_gray_brown_M_40_50_light_brown_M_50_60_clay_red_M_70_80_dark_brown.jpg,Soil_Labeled_Data/M_90_100/L_40_50/alluvial/IMG_0588_M_10_20_gray_brown_M_40_50_light_brown_M_50_60_clay_red_M_70_80_dark_brown.jpg,9dec66f7436345b9f31b7d900c8d78c364fa7440d0a5111dfa24357e74633d97,0303054405cb1d14,train,5
phash:eb78e43e3735b910,2,2,8e75b9f4dddce2d1deb5,Soil_Labeled_Data/M_0_10/L_40_50/alluvial/IMG_0161.JPG,Soil_Labeled_Data/M_0_10/L_40_50/alluvial/IMG_0161.JPG,f8492d6832a19999f388469a44c5481274fd4f5aff3295805b0ac3803ae71e8b,2489ce2267252565,test,5
phash:eb78e43e3735b910,2,2,adec694ce1b1694ac72d,Soil_Labeled_Data/M_90_100/L_40_50/alluvial/IMG_0161_M_0_10_gray_brown_M_40_50_dark_brown_M_60_70_dark_brown_M_70_80_wet_gray_M_80_90_dark_brown.jpg,Soil_Labeled_Data/M_90_100/L_40_50/alluvial/IMG_0161_M_0_10_gray_brown_M_40_50_dark_brown_M_60_70_dark_brown_M_70_80_wet_gray_M_80_90_dark_brown.jpg,47d7fbb04f4420351759b71722eb7dd66ce12e68c8ca27926e0f971bca532041,2489ce2226252464,test,5
phash:ec233ed2dcb011f0,7,7,991f996c40bef2045030,Soil_Labeled_Data/M_10_20/L_60_70/alluvial/IMG_0678.JPG,Soil_Labeled_Data/M_10_20/L_60_70/alluvial/IMG_0678.JPG,fa85799fdcfac2a762c21cfc2b97682de9f1a9b6806d5c0d45221e3e342d3016,795fad1fbb845c3c,train,5
phash:ec233ed2dcb011f0,7,7,fbb9b7c8a7096384b335,Soil_Labeled_Data/M_10_20/L_60_70/alluvial/IMG_0678_aug_03_dark_brown.jpg,Soil_Labeled_Data/M_10_20/L_60_70/alluvial/IMG_0678_aug_03_dark_brown.jpg,b33dea1dbb4abc39695f9540e7eebce24451fe14a2f8f75c24e413e1952602bc,795fad1fbb845cbc,train,5
phash:ec233ed2dcb011f0,7,7,e859c0059b0f1ebc71c0,Soil_Labeled_Data/M_10_20/L_60_70/alluvial/IMG_0678_aug_04_wet_gray.jpg,Soil_Labeled_Data/M_10_20/L_60_70/alluvial/IMG_0678_aug_04_wet_gray.jpg,5654ba0cbb090a4f39a00ae06c467e9743eb7ec7568731a3b2aeede6b685b02a,795fad1fbb845cbc,train,5
phash:ec233ed2dcb011f0,7,7,e2a2625375c5f2be7794,Soil_Labeled_Data/M_10_20/L_60_70/alluvial/IMG_0678_aug_05_light_brown.jpg,Soil_Labeled_Data/M_10_20/L_60_70/alluvial/IMG_0678_aug_05_light_brown.jpg,b19f7da7faa21cc648887a806c8735d7ed14b15eee0fd8be6746bdcd6cab6a42,795fad1fbb845cbc,train,5
phash:ec233ed2dcb011f0,7,7,8f18c3411f9454d27d22,Soil_Labeled_Data/M_10_20/L_60_70/alluvial/IMG_0678_aug_07_clay_red.jpg,Soil_Labeled_Data/M_10_20/L_60_70/alluvial/IMG_0678_aug_07_clay_red.jpg,f813f1e6eb7f81aa0eb66c34ce0038d761ddad8f204ae41a894b60005a140562,795fad1fbb845cbc,train,5
phash:ec233ed2dcb011f0,7,7,2c049a7dfe89dd206d63,Soil_Labeled_Data/M_30_40/L_60_70/alluvial/IMG_0678_M_10_20_pale_yellow.jpg,Soil_Labeled_Data/M_30_40/L_60_70/alluvial/IMG_0678_M_10_20_pale_yellow.jpg,d3b246c53973b42cf8985e3b37d3a8e3fff5f18e739a217828590d3e5d392e06,795fad1fbb844cbc,train,5
phash:ec233ed2dcb011f0,7,7,b1abd3e079e160b372d9,Soil_Labeled_Data/M_40_50/L_60_70/alluvial/IMG_0678_M_10_20_clayish_red.jpg,Soil_Labeled_Data/M_40_50/L_60_70/alluvial/IMG_0678_M_10_20_clayish_red.jpg,2ee769bf8d1fa216285f11f2bbb02e36f8f47bc4884d2de18467a617ce55d190,795fad37bb844c3c,train,5
phash:ec75f2cfc0deaff3,3,3,7558078785139f15f279,Soil_Labeled_Data/M_10_20/L_20_30/alluvial/IMG_0513.JPG,Soil_Labeled_Data/M_10_20/L_20_30/alluvial/IMG_0513.JPG,aace20143f9817bc2f7c0d12aea94904bfbfc29b0ca6e958f3811b23bd3ff2a3,49496561191b0f58,train,5
phash:ec75f2cfc0deaff3,3,3,cf362c6306ab83e1feb6,Soil_Labeled_Data/M_40_50/L_20_30/alluvial/IMG_0513_M_10_20_gray_brown.jpg,Soil_Labeled_Data/M_40_50/L_20_30/alluvial/IMG_0513_M_10_20_gray_brown.jpg,9fde0c9d596ff55209de84f960ca97a1c0309d1703a45cb7f73ff9b98ba9ecad,49496561191b0f58,train,5
phash:ec75f2cfc0deaff3,3,3,6653ae38810dac831f6c,Soil_Labeled_Data/M_60_70/L_20_30/alluvial/IMG_0513_M_10_20_clayish_red_M_40_50_gray_brown_M_50_60_gray_brown.jpg,Soil_Labeled_Data/M_60_70/L_20_30/alluvial/IMG_0513_M_10_20_clayish_red_M_40_50_gray_brown_M_50_60_gray_brown.jpg,a1e8012a2cd2207cafe4c3d5103bd5ba5e4ae2ae3a47c6e13c5135ee0ca799f7,49496561191b0f58,train,5
phash:ed6979670d9f9dea,2,2,ca829f329b9ad94004d1,Soil_Labeled_Data/M_10_20/L_30_40/alluvial/IMG_0544.JPG,Soil_Labeled_Data/M_10_20/L_30_40/alluvial/IMG_0544.JPG,424c8a2e617c4bf7f8b558f79beef0ea0d73bdb170a5852efd95554165b38b6a,4eb827391c262f67,train,5
phash:ed6979670d9f9dea,2,2,49154f0e1da6955aa18b,Soil_Labeled_Data/M_50_60/L_30_40/alluvial/IMG_0544_M_10_20_light_brown_M_40_50_gray_brown.jpg,Soil_Labeled_Data/M_50_60/L_30_40/alluvial/IMG_0544_M_10_20_light_brown_M_40_50_gray_brown.jpg,bfbb0ff418dd91c4bc3774ffe944404d2064a4404cc2bc0ec72e99fee1c816ac,4eb807391c262f67,train,5
phash:ef5e7404aeafdb0b,2,2,946b4d03690ecca2088b,Soil_Labeled_Data/M_80_90/L_30_40/alluvial/IMG_0560_M_10_20_pale_yellow_M_40_50_dark_brown_M_60_70_wet_gray.jpg,Soil_Labeled_Data/M_80_90/L_30_40/alluvial/IMG_0560_M_10_20_pale_yellow_M_40_50_dark_brown_M_60_70_wet_gray.jpg,bbbeb99822617d92d2d5814ead2b3adaf2bfe1c4edfaa247bc57ab4c1847e0b7,28ab295219319090,train,5
phash:ef5e7404aeafdb0b,2,2,90b76bdee48617b45763,Soil_Labeled_Data/M_80_90/L_30_40/alluvial/IMG_0560_M_10_20_pale_yellow_M_40_50_light_brown_M_50_60_dark_brown_M_70_80_clay_red.jpg,Soil_Labeled_Data/M_80_90/L_30_40/alluvial/IMG_0560_M_10_20_pale_yellow_M_40_50_light_brown_M_50_60_dark_brown_M_70_80_clay_red.jpg,4eb79fae515df96b5e25ce0531445bd52d6d62f1f61bf391216e23645d85015b,a8ab295311211090,train,5
phash:f01c359cc88566ef,7,7,9d5b7aa3a7093531f985,Soil_Labeled_Data/M_0_10/L_30_40/alluvial/IMG_0098.JPG,Soil_Labeled_Data/M_0_10/L_30_40/alluvial/IMG_0098.JPG,3afeb8366e8b4dbedc6c2502d01482565f708434c2d2734e692fffb1d31173e7,93a61b13256f3716,train,5
phash:f01c359cc88566ef,7,7,4e2b2aad08f7078cddbf,Soil_Labeled_Data/M_40_50/L_30_40/alluvial/IMG_0098_M_0_10_light_brown.jpg,Soil_Labeled_Data/M_40_50/L_30_40/alluvial/IMG_0098_M_0_10_light_brown.jpg,9f2907e0baf831de5b89cad98feebfbb01594d3db93d2591cf91c570f31ab528,93861b13256f3716,train,5
phash:f01c359cc88566ef,7,7,0ad061065416ddb2eb95,Soil_Labeled_Data/M_40_50/L_30_40/alluvial/IMG_0098_M_0_10_pale_yellow.jpg,Soil_Labeled_Data/M_40_50/L_30_40/alluvial/IMG_0098_M_0_10_pale_yellow.jpg,f8feb468550dda3215c90902032fc5adf60f09dbb9cbdb0d17c98a8df92def68,93861b13256fb716,train,5
phash:f01c359cc88566ef,7,7,18b5ab9facd512007c16,Soil_Labeled_Data/M_60_70/L_30_40/alluvial/IMG_0098_M_0_10_pale_yellow_M_40_50_gray_brown.jpg,Soil_Labeled_Data/M_60_70/L_30_40/alluvial/IMG_0098_M_0_10_pale_yellow_M_40_50_gray_brown.jpg,10d9d7d081e11b2d1e0b84f9933bc21efff871b38a74dc8bf014ae0a5c7000d2,93861b13256fb716,train,5
phash:f01c359cc88566ef,7,7,2ef2358861d0d4ac9874,Soil_Labeled_Data/M_70_80/L_30_40/alluvial/IMG_0098_M_0_10_pale_yellow_M_40_50_gray_brown_M_50_60_dark_brown_M_60_70_dark_brown.jpg,Soil_Labeled_Data/M_70_80/L_30_40/alluvial/IMG_0098_M_0_10_pale_yellow_M_40_50_gray_brown_M_50_60_dark_brown_M_60_70_dark_brown.jpg,fa9d5245a3118f47e3743279634dd2b043a96b7cabcf3231545885058b61ac01,93261b13252f3716,train,5
phash:f01c359cc88566ef,7,7,7e4d7120b23a64b3d76b,Soil_Labeled_Data/M_70_80/L_30_40/alluvial/IMG_0098_M_0_10_pale_yellow_M_40_50_gray_brown_M_60_70_clay_red.jpg,Soil_Labeled_Data/M_70_80/L_30_40/alluvial/IMG_0098_M_0_10_pale_yellow_M_40_50_gray_brown_M_60_70_clay_red.jpg,0e2b9de7a57f0d9c7abcd36818b2c0df3456f200741c039f6d98a6c810e5779f,93061b13256f3716,train,5
phash:f01c359cc88566ef,7,7,f216a7e86d426c6833f1,Soil_Labeled_Data/M_80_90/L_30_40/alluvial/IMG_0098_M_0_10_pale_yellow_M_40_50_gray_brown_M_50_60_dark_brown_M_60_70_clay_red.jpg,Soil_Labeled_Data/M_80_90/L_30_40/alluvial/IMG_0098_M_0_10_pale_yellow_M_40_50_gray_brown_M_50_60_dark_brown_M_60_70_clay_red.jpg,06623193d3befc0db03f1c7fa9d247308b6690f96d8249b312fb30387329d634,93861b13252f3716,train,5
phash:f1ae61d2650f45e9,4,4,79a37168f5d1c7ca1fb3,Soil_Labeled_Data/M_10_20/L_60_70/alluvial/IMG_0680.JPG,Soil_Labeled_Data/M_10_20/L_60_70/alluvial/IMG_0680.JPG,5b20268bd7fa3b53cc76e4755c6da74470640d6451df94e705b88e41c06e857b,de9dacec49c9d366,train,5
phash:f1ae61d2650f45e9,4,4,1e4d43ce63d79421f2ec,Soil_Labeled_Data/M_30_40/L_60_70/alluvial/IMG_0680_M_10_20_light_brown.jpg,Soil_Labeled_Data/M_30_40/L_60_70/alluvial/IMG_0680_M_10_20_light_brown.jpg,1867014def6a5c08a7228a9d5b2eaed8cfba10fe011036cc43fd68dd888c0248,de9dacec49c9d366,train,5
phash:f1ae61d2650f45e9,4,4,04edfc1084b2f2ee86dd,Soil_Labeled_Data/M_70_80/L_60_70/alluvial/IMG_0680_M_10_20_light_brown_M_30_40_gray_brown_M_50_60_dark_brown_M_60_70_clay_red.jpg,Soil_Labeled_Data/M_70_80/L_60_70/alluvial/IMG_0680_M_10_20_light_brown_M_30_40_gray_brown_M_50_60_dark_brown_M_60_70_clay_red.jpg,b296254a791c9b45a751657054c2dd4a22aef6e9f1cbe60d54ff09614d0a8385,9e1da4ec4949d366,train,5
phash:f1ae61d2650f45e9,4,4,c73f38e424343e0d79b5,Soil_Labeled_Data/M_80_90/L_60_70/alluvial/IMG_0680_M_10_20_gray_brown_M_40_50_dark_brown_M_60_70_wet_gray.jpg,Soil_Labeled_Data/M_80_90/L_60_70/alluvial/IMG_0680_M_10_20_gray_brown_M_40_50_dark_brown_M_60_70_wet_gray.jpg,2374b7f86a4a5beb6b7f94d8d79dcc3530e463a8bcf71665ade2a0fb864a476d,de1da6e849c9d766,train,5
phash:f285b4af27e70749,5,5,56deece836e18b759a0d,Soil_Labeled_Data/M_0_10/L_30_40/alluvial/IMG_0100.JPG,Soil_Labeled_Data/M_0_10/L_30_40/alluvial/IMG_0100.JPG,a764f00eebaeb52e284323edd967223c8caba046cd9219efcc060567ad78c745,e795938786c6a3a7,train,5
phash:f285b4af27e70749,5,5,723e2edc20498dc36dc1,Soil_Labeled_Data/M_40_50/L_30_40/alluvial/IMG_0100_M_0_10_gray_brown.jpg,Soil_Labeled_Data/M_40_50/L_30_40/alluvial/IMG_0100_M_0_10_gray_brown.jpg,4d7d576fc295fe6d41f3b4af851bd17fb23888f832da577e66d379d90f060266,e795938786c6a3a7,train,5
phash:f285b4af27e70749,5,5,b5454493deb5fbb96fc0,Soil_Labeled_Data/M_60_70/L_30_40/alluvial/IMG_0100_M_0_10_gray_brown_M_40_50_gray_brown.jpg,Soil_Labeled_Data/M_60_70/L_30_40/alluvial/IMG_0100_M_0_10_gray_brown_M_40_50_gray_brown.jpg,88ed7c84db080b96cc1bee2e1f04b281e28170b8c1f45867475efe4149a4be30,e795938786c6a387,train,5
phash:f285b4af27e70749,5,5,a50a43eda47e4834d28d,Soil_Labeled_Data/M_70_80/L_30_40/alluvial/IMG_0100_M_0_10_clayish_red_M_40_50_gray_brown_M_50_60_dark_brown.jpg,Soil_Labeled_Data/M_70_80/L_30_40/alluvial/IMG_0100_M_0_10_clayish_red_M_40_50_gray_brown_M_50_60_dark_brown.jpg,4aee3fd07e0415d2a8708b0647010229ee38afecc52ca4ecccaf1b7b0bf018cd,e795938786c6a387,train,5
phash:f285b4af27e70749,5,5,81c0de7df698cc27afdd,Soil_Labeled_Data/M_90_100/L_30_40/alluvial/IMG_0100_M_0_10_gray_brown_M_40_50_light_brown_M_50_60_clay_red_M_70_80_dark_brown.jpg,Soil_Labeled_Data/M_90_100/L_30_40/alluvial/IMG_0100_M_0_10_gray_brown_M_40_50_light_brown_M_50_60_clay_red_M_70_80_dark_brown.jpg,9b13faf9157fb9193656283512536f22ca074568600b189d00bbb9ce0557e990,e591938786c6a387,train,5
phash:f2c7f7d00b739ab5,3,3,f288f5e8365cc5cdb77f,Soil_Labeled_Data/M_20_30/L_70_80/alluvial/z5715142006130_46686c8c324bef016a5cf09b6c303d7d.jpg,Soil_Labeled_Data/M_20_30/L_70_80/alluvial/z5715142006130_46686c8c324bef016a5cf09b6c303d7d.jpg,0ed3e5e30e1c030302bc036f0307be1e6ea0cc1162602eec0fb426b6d1e1b5e6,f3d3c3e666ce643a,train,5
phash:f2c7f7d00b739ab5,3,3,91949533b047e05ceb7b,Soil_Labeled_Data/M_80_90/L_70_80/alluvial/z5715142006130_46686c8c324bef016a5cf09b6c303d7d_M_20_30_light_brown_M_30_40_light_brown_M_50_60_dark_brown_M_70_80_clay_red.jpg,Soil_Labeled_Data/M_80_90/L_70_80/alluvial/z5715142006130_46686c8c324bef016a5cf09b6c303d7d_M_20_30_light_brown_M_30_40_light_brown_M_50_60_dark_brown_M_70_80_clay_red.jpg,7b5454ed347d54a9fa546ac119d7e0649c8b0053b690e8e5a2c2947f3f0f9c6e,f3d3c3e42446643a,train,5
phash:f2c7f7d00b739ab5,3,3,7e8a19cf3ae866e28785,Soil_Labeled_Data/M_80_90/L_70_80/alluvial/z5715142006130_46686c8c324bef016a5cf09b6c303d7d_M_20_30_light_brown_M_30_40_light_brown_M_50_60_gray_brown_M_60_70_clay_red.jpg,Soil_Labeled_Data/M_80_90/L_70_80/alluvial/z5715142006130_46686c8c324bef016a5cf09b6c303d7d_M_20_30_light_brown_M_30_40_light_brown_M_50_60_gray_brown_M_60_70_clay_red.jpg,f40f68dd507fa32376892f05d7366ca0ee0a14340432d204aa1d928d23973aff,73d3c3e62646443a,train,5
phash:f3d6802b35e39c89,2,2,2b55076634dd396c1f54,Soil_Labeled_Data/M_20_30/L_70_80/alluvial/z5715141899556_927d7046b4cb6c9fdf4bc1576d9b3b99.jpg,Soil_Labeled_Data/M_20_30/L_70_80/alluvial/z5715141899556_927d7046b4cb6c9fdf4bc1576d9b3b99.jpg,34883b25117d563122e08ab17ef345e5d3f9cc11d8944b1d39c1ee5b9ed45aeb,accea6e4d2e9f1e5,train,5
phash:f3d6802b35e39c89,2,2,d5376048fba552ff26de,Soil_Labeled_Data/M_30_40/L_70_80/alluvial/z5715141899556_927d7046b4cb6c9fdf4bc1576d9b3b99_M_20_30_light_brown.jpg,Soil_Labeled_Data/M_30_40/L_70_80/alluvial/z5715141899556_927d7046b4cb6c9fdf4bc1576d9b3b99_M_20_30_light_brown.jpg,7aa9806d5788ea99d3026b94ff5200cebeb91fb798313f7c9245360faaa8d44e,accea664d2e9f1e5,train,5
phash:f4840b581e6dd76a,3,3,95dfe5edf960edd5fb66,Soil_Labeled_Data/M_10_20/L_20_30/alluvial/IMG_0515.JPG,Soil_Labeled_Data/M_10_20/L_20_30/alluvial/IMG_0515.JPG,1777afb5b239a0368940839cee76cb344f249e413a25e29a6bcf9aa569f293f3,450a1a230a090313,train,5
phash:f4840b581e6dd76a,3,3,28a4c6a47c9b8ab3bcd0,Soil_Labeled_Data/M_70_80/L_20_30/alluvial/IMG_0515_M_10_20_pale_yellow_M_40_50_light_brown_M_50_60_dark_brown.jpg,Soil_Labeled_Data/M_70_80/L_20_30/alluvial/IMG_0515_M_10_20_pale_yellow_M_40_50_light_brown_M_50_60_dark_brown.jpg,989e50b435b40a137d324a279e4186de6527bfc254b18dab2e5823b5155c04c2,450c1a232a090313,train,5
phash:f4840b581e6dd76a,3,3,7953dd630800e167e2ba,Soil_Labeled_Data/M_80_90/L_20_30/alluvial/IMG_0515_M_10_20_pale_yellow_M_40_50_light_brown_M_50_60_dark_brown_M_70_80_wet_gray.jpg,Soil_Labeled_Data/M_80_90/L_20_30/alluvial/IMG_0515_M_10_20_pale_yellow_M_40_50_light_brown_M_50_60_dark_brown_M_70_80_wet_gray.jpg,707b0d6585ec2eff3276afc73bc239e948b48b3c32997d19078065f090f0037f,01081a030a090313,train,5
phash:f65cac7b6916c0db,2,2,82d3f71fb886f246e117,Soil_Labeled_Data/M_30_40/L_50_60/alluvial/z5719945538606_74154fe115c2ace51dfd6ecc533d4633.jpg,Soil_Labeled_Data/M_30_40/L_50_60/alluvial/z5719945538606_74154fe115c2ace51dfd6ecc533d4633.jpg,0ea05b64ab6218561d4d624e2438030329d2048ee2d69a02df9da3645b9d6072,878d2c071f195742,train,5
phash:f65cac7b6916c0db,2,2,4fa1302492f334524ef2,Soil_Labeled_Data/M_50_60/L_50_60/alluvial/z5719945538606_74154fe115c2ace51dfd6ecc533d4633_M_30_40_pale_yellow_M_40_50_light_brown.jpg,Soil_Labeled_Data/M_50_60/L_50_60/alluvial/z5719945538606_74154fe115c2ace51dfd6ecc533d4633_M_30_40_pale_yellow_M_40_50_light_brown.jpg,0f0354fb4c85e1208289dfec4d26e1032875388b6a5f296c4b090b06cef8e5cc,878d2c071f195742,train,5
phash:f664b3f7ab320084,4,4,d86244e4e78018e09191,Soil_Labeled_Data/M_10_20/L_90_100/alluvial/IMG_0803.JPG,Soil_Labeled_Data/M_10_20/L_90_100/alluvial/IMG_0803.JPG,f2854feaa2d575a9f7c7057329beb9489fbee7c349360a2678ed6be60bb8e80d,1abaabafafdebcfc,train,5
phash:f664b3f7ab320084,4,4,7ccbb926fba183c4dba0,Soil_Labeled_Data/M_50_60/L_90_100/alluvial/M_50_60_L_90_100_0099_clay_red.jpg,Soil_Labeled_Data/M_50_60/L_90_100/alluvial/M_50_60_L_90_100_0099_clay_red.jpg,a8447be769f06a4cef11caa38c1f05bdf660a6972eedaf2e6c6a5175fd696f3a,1e3aababafdebcfc,train,5
phash:f664b3f7ab320084,4,4,4d401e80a00eca9a508d,Soil_Labeled_Data/M_60_70/L_90_100/alluvial/M_60_70_L_90_100_0024_light_brown.jpg,Soil_Labeled_Data/M_60_70/L_90_100/alluvial/M_60_70_L_90_100_0024_light_brown.jpg,8e50df781a0b37adb2ef973e007729e7b1a1ceb4b8655029145a21ef4d411ed7,1a3a2babafde7cfc,train,5
phash:f664b3f7ab320084,4,4,ceed52e2075382ad19c8,Soil_Labeled_Data/M_60_70/L_90_100/alluvial/M_60_70_L_90_100_0062_dark_brown.jpg,Soil_Labeled_Data/M_60_70/L_90_100/alluvial/M_60_70_L_90_100_0062_dark_brown.jpg,75906e4a5f6c4fc0cbfc5cfb97b3478ae880f4758cd0f8fa98575b487f29d7c3,1a3a2babaf5ebcfc,train,5
phash:f7221dde8b78e6c4,4,4,d7de3259e6a31758db7a,Soil_Labeled_Data/M_0_10/L_60_70/alluvial/IMG_0257.JPG,Soil_Labeled_Data/M_0_10/L_60_70/alluvial/IMG_0257.JPG,afb2e88787f1d736418849ab2dbcd47f99d5bea8ca48c757c92aa6063a9f90c8,96c6bcf8d9ec78d0,train,5
phash:f7221dde8b78e6c4,4,4,5345667f6c9257482344,Soil_Labeled_Data/M_40_50/L_60_70/alluvial/IMG_0257_M_0_10_clayish_red.jpg,Soil_Labeled_Data/M_40_50/L_60_70/alluvial/IMG_0257_M_0_10_clayish_red.jpg,8857824d5495577c3a21f1aef6e903528ffe22be02249079eb43866200ab46c6,96c6bcf8d9ec69d3,train,5
phash:f7221dde8b78e6c4,4,4,33d4585f82f0823d1ed8,Soil_Labeled_Data/M_50_60/L_60_70/alluvial/IMG_0257_M_0_10_clayish_red_M_40_50_gray_brown.jpg,Soil_Labeled_Data/M_50_60/L_60_70/alluvial/IMG_0257_M_0_10_clayish_red_M_40_50_gray_brown.jpg,50e69b5f53ba784f2531b97b34ca3f48cbecf13fb6665f43cbeaa44140f0516c,b6c6bcf8d9ec69d3,train,5
phash:f7221dde8b78e6c4,4,4,5502d2b955366340df1c,Soil_Labeled_Data/M_50_60/L_60_70/alluvial/IMG_0257_M_0_10_light_brown_M_40_50_light_brown.jpg,Soil_Labeled_Data/M_50_60/L_60_70/alluvial/IMG_0257_M_0_10_light_brown_M_40_50_light_brown.jpg,d4ecd721421c4ca89d730b82404541480ae328f4e98e5d818849d2af80b238a3,96c6bcf8d9ec69d3,train,5
phash:f76a4ab681ba3207,2,2,656d2e70d19203a892e4,Soil_Labeled_Data/M_20_30/L_0_10/alluvial/z5714965599124_edcfe5d6a6f919fd0c63e487ab8b6e69.jpg,Soil_Labeled_Data/M_20_30/L_0_10/alluvial/z5714965599124_edcfe5d6a6f919fd0c63e487ab8b6e69.jpg,f19c7758951ecb222cb126e6897f69454aff379c78cc9d47868a71d5d5e2246d,8426302103514104,test,5
phash:f76a4ab681ba3207,2,2,ae9eb8a5b4cdfdf0221e,Soil_Labeled_Data/M_20_30/L_0_10/alluvial/z5714965599124_edcfe5d6a6f919fd0c63e487ab8b6e69_aug_00_gray_brown.jpg,Soil_Labeled_Data/M_20_30/L_0_10/alluvial/z5714965599124_edcfe5d6a6f919fd0c63e487ab8b6e69_aug_00_gray_brown.jpg,9741ee8e9aa8fcce61d346c8b4d3d894df10875bebc767b423ba71b25d90fec8,4426302103510004,test,5
phash:f8e6c65d593b1547,2,2,e9d79e7087786069b5b3,Soil_Labeled_Data/M_40_50/L_0_10/alluvial/z5716041844114_ff29c3aa34e5e5744c16680220233e4e_M_30_40_clayish_red.jpg,Soil_Labeled_Data/M_40_50/L_0_10/alluvial/z5716041844114_ff29c3aa34e5e5744c16680220233e4e_M_30_40_clayish_red.jpg,bc6016117a6987c82d060ad24d4e6d1d2ccecb3f535d89370b35a05fd3a6064a,0204040303030284,test,5
phash:f8e6c65d593b1547,2,2,0ae70402503dd8fa644d,Soil_Labeled_Data/M_60_70/L_0_10/alluvial/z5716041844114_ff29c3aa34e5e5744c16680220233e4e_M_30_40_gray_brown_M_40_50_gray_brown.jpg,Soil_Labeled_Data/M_60_70/L_0_10/alluvial/z5716041844114_ff29c3aa34e5e5744c16680220233e4e_M_30_40_gray_brown_M_40_50_gray_brown.jpg,37e73f49f40774bb1edb60b9e9a99f1b09c146ed469a2e1bf4573d5cf321cff8,0208020303030284,test,5
phash:f9ff82bd56464b67,2,2,9bf2a2b99f122f63b913,Soil_Labeled_Data/M_30_40/L_10_20/alluvial/z5716081506381_3d09fae82a727de4543e6209de51152c.jpg,Soil_Labeled_Data/M_30_40/L_10_20/alluvial/z5716081506381_3d09fae82a727de4543e6209de51152c.jpg,17d321c022e77faeddd1fab86f38cc283c526aba8ec107da4958fc7035cdcdc7,23130b0745039610,train,5
phash:f9ff82bd56464b67,2,2,a6be932d1d37e223e974,Soil_Labeled_Data/M_40_50/L_10_20/alluvial/z5716081506381_3d09fae82a727de4543e6209de51152c_M_30_40_clayish_red.jpg,Soil_Labeled_Data/M_40_50/L_10_20/alluvial/z5716081506381_3d09fae82a727de4543e6209de51152c_M_30_40_clayish_red.jpg,f12ad9218b2790f1af7293fe97412c63f14710e4c55caae4a3d2236f935473bc,230b0b0745039692,train,5
phash:fa99784640564d0a,6,6,25c30f116ca4c1a3b4ff,Soil_Labeled_Data/M_0_10/L_30_40/alluvial/IMG_0113.JPG,Soil_Labeled_Data/M_0_10/L_30_40/alluvial/IMG_0113.JPG,e46dbcebdec854f13de3bffcfaed039d15be8a013c2f8b3c6c45b4a2b049bad1,6c9d0b333b6c65f7,train,5
phash:fa99784640564d0a,6,6,7038fa423a2e7b248766,Soil_Labeled_Data/M_40_50/L_30_40/alluvial/IMG_0113_M_0_10_clayish_red.jpg,Soil_Labeled_Data/M_40_50/L_30_40/alluvial/IMG_0113_M_0_10_clayish_red.jpg,b3d1d610bf65ae6ecd74a79bc636bd1876e72e431ade580cfff89df2c5aaf293,6c9d0b333b6e65f7,train,5
phash:fa99784640564d0a,6,6,7d2e8b5d2fd24cbbfbf7,Soil_Labeled_Data/M_40_50/L_30_40/alluvial/IMG_0113_M_0_10_pale_yellow.jpg,Soil_Labeled_Data/M_40_50/L_30_40/alluvial/IMG_0113_M_0_10_pale_yellow.jpg,7d4c7fb4c8fb500a603290f71a3d7ef0314cb45177e39bf8367a23a4093f2b02,6c9d8b333b6e65f7,train,5
phash:fa99784640564d0a,6,6,f5c8f52d5b203297c6ae,Soil_Labeled_Data/M_60_70/L_30_40/alluvial/IMG_0113_M_0_10_clayish_red_M_40_50_light_brown_M_50_60_dark_brown.jpg,Soil_Labeled_Data/M_60_70/L_30_40/alluvial/IMG_0113_M_0_10_clayish_red_M_40_50_light_brown_M_50_60_dark_brown.jpg,0349a2cd5a9cfbaf0038533fad781cad27081574803a44e98d2a1918ca1b5cb8,6c9d0b333b6e65f7,train,5
phash:fa99784640564d0a,6,6,eb33acc3a58dc5e2c00a,Soil_Labeled_Data/M_60_70/L_30_40/alluvial/IMG_0113_M_0_10_pale_yellow_M_40_50_gray_brown.jpg,Soil_Labeled_Data/M_60_70/L_30_40/alluvial/IMG_0113_M_0_10_pale_yellow_M_40_50_gray_brown.jpg,ec0d08cebf603488f8641290dc84d068b159c0d3d9ed987f9d811d5bdffff7be,6c9d0b333b6c65f7,train,5
phash:fa99784640564d0a,6,6,31cd55b232516828e29a,Soil_Labeled_Data/M_70_80/L_30_40/alluvial/IMG_0113_M_0_10_pale_yellow_M_40_50_light_brown_M_50_60_dark_brown.jpg,Soil_Labeled_Data/M_70_80/L_30_40/alluvial/IMG_0113_M_0_10_pale_yellow_M_40_50_light_brown_M_50_60_dark_brown.jpg,e24cf9193c88b82b81ac1baabe1236d06730ceee8b262d0c62494f3907657dc6,6c9d0b333b6c65f7,train,5
phash:fabf81d21febb44c,4,4,36886b50b080e71268f5,Soil_Labeled_Data/M_30_40/L_20_30/alluvial/z5716144132663_b70f7b9be95a4c936673e9107c9809f3.jpg,Soil_Labeled_Data/M_30_40/L_20_30/alluvial/z5716144132663_b70f7b9be95a4c936673e9107c9809f3.jpg,5bd26a028006b69f138a033bca37fa61ff9b31302b0459ca1b1ba2ac93a6ba8e,0f1b160a0b070c6e,train,5
phash:fabf81d21febb44c,4,4,a7a0e69b30314840728f,Soil_Labeled_Data/M_50_60/L_20_30/alluvial/z5716144132663_b70f7b9be95a4c936673e9107c9809f3_M_30_40_pale_yellow_M_40_50_gray_brown.jpg,Soil_Labeled_Data/M_50_60/L_20_30/alluvial/z5716144132663_b70f7b9be95a4c936673e9107c9809f3_M_30_40_pale_yellow_M_40_50_gray_brown.jpg,4a6b9a8e61016d31ed91c397c022185ecc2a112546a243b6291f5fac62de8684,0f1b160a0b070c6e,train,5
phash:fabf81d21febb44c,4,4,871f339e4236e608a7c1,Soil_Labeled_Data/M_70_80/L_20_30/alluvial/z5716144132663_b70f7b9be95a4c936673e9107c9809f3_M_30_40_pale_yellow_M_40_50_gray_brown_M_50_60_clay_red.jpg,Soil_Labeled_Data/M_70_80/L_20_30/alluvial/z5716144132663_b70f7b9be95a4c936673e9107c9809f3_M_30_40_pale_yellow_M_40_50_gray_brown_M_50_60_clay_red.jpg,023e0b0bc0c72ef77679a18021c7078113264e8dfb60111a99346f0d06b8d3c7,0f1b160a0b050c6e,train,5
phash:fabf81d21febb44c,4,4,74aebc3bf0012054fbca,Soil_Labeled_Data/M_80_90/L_20_30/alluvial/z5716144132663_b70f7b9be95a4c936673e9107c9809f3_M_30_40_pale_yellow_M_40_50_gray_brown_M_50_60_clay_red_M_70_80_wet_gray.jpg,Soil_Labeled_Data/M_80_90/L_20_30/alluvial/z5716144132663_b70f7b9be95a4c936673e9107c9809f3_M_30_40_pale_yellow_M_40_50_gray_brown_M_50_60_clay_red_M_70_80_wet_gray.jpg,8646497328d1c41da70e1a1894b4b74a19c8d86ede908c754d29738dbbef417d,0e1b140a0307044e,train,5
phash:fb2d21f2c87c356c,5,5,755d9bfb3958c5c2e928,Soil_Labeled_Data/M_0_10/L_20_30/alluvial/IMG_0068.JPG,Soil_Labeled_Data/M_0_10/L_20_30/alluvial/IMG_0068.JPG,052c4a10a55c86a5c5e8c2a0e273d032a1d056756576fd406a4d66d84dd254cf,b53a169cab6ac949,train,5
phash:fb2d21f2c87c356c,5,5,7177a1e8d2e46e23f1f0,Soil_Labeled_Data/M_40_50/L_20_30/alluvial/IMG_0068_M_0_10_light_brown.jpg,Soil_Labeled_Data/M_40_50/L_20_30/alluvial/IMG_0068_M_0_10_light_brown.jpg,0a669e6f9daa78f7475f78cb4400dacdd58ccc0d4fa92a125f627812d0646aa7,b53a169cab6ac949,train,5
phash:fb2d21f2c87c356c,5,5,c2b3cba06e8147d9e0d4,Soil_Labeled_Data/M_70_80/L_20_30/alluvial/IMG_0068_M_0_10_clayish_red_M_40_50_dark_brown_M_60_70_clay_red.jpg,Soil_Labeled_Data/M_70_80/L_20_30/alluvial/IMG_0068_M_0_10_clayish_red_M_40_50_dark_brown_M_60_70_clay_red.jpg,97eb51b3d9ec19c6430219de826b34ad3e4aba34ed2388d241fb3be011ecf8d3,b538169c2b6a4949,train,5
phash:fb2d21f2c87c356c,5,5,29ffb55f0429a9040588,Soil_Labeled_Data/M_70_80/L_20_30/alluvial/IMG_0068_M_0_10_light_brown_M_40_50_gray_brown_M_50_60_gray_brown_M_60_70_clay_red.jpg,Soil_Labeled_Data/M_70_80/L_20_30/alluvial/IMG_0068_M_0_10_light_brown_M_40_50_gray_brown_M_50_60_gray_brown_M_60_70_clay_red.jpg,90df8a978b9306332ea4802ed8ddbdc96b38198d699c57c30e2643508fb91d99,b538141c2b6ac949,train,5
phash:fb2d21f2c87c356c,5,5,a67e36054f75419e3643,Soil_Labeled_Data/M_80_90/L_20_30/alluvial/IMG_0068_M_0_10_clayish_red_M_40_50_dark_brown_M_60_70_clay_red_M_70_80_wet_gray.jpg,Soil_Labeled_Data/M_80_90/L_20_30/alluvial/IMG_0068_M_0_10_clayish_red_M_40_50_dark_brown_M_60_70_clay_red_M_70_80_wet_gray.jpg,0e63979a7674613aff3abf95962aea5fc0e08c432ec18eed6e646fa0c279c193,953816142b6ac941,train,5
phash:fb60e23b1c5f4197,4,4,77ff7dd7c65fbdc7d2c9,Soil_Labeled_Data/M_0_10/L_80_90/alluvial/IMG_0341.JPG,Soil_Labeled_Data/M_0_10/L_80_90/alluvial/IMG_0341.JPG,7487e6962309dda13dcf0c24bf17cba22a00a7369ff53703354664361cfdf6a8,a31331378e5a74d3,validation,5
phash:fb60e23b1c5f4197,4,4,602eea684ad337c9ab28,Soil_Labeled_Data/M_50_60/L_80_90/alluvial/M_50_60_L_80_90_0006_clay_red.jpg,Soil_Labeled_Data/M_50_60/L_80_90/alluvial/M_50_60_L_80_90_0006_clay_red.jpg,f85df24e260bf03d090c52dd999207c4ca0e7409a831196980af4cf88ebc31cf,a11731334e5a76d3,validation,5
phash:fb60e23b1c5f4197,4,4,e87c3c01ccd1da5093f0,Soil_Labeled_Data/M_50_60/L_80_90/alluvial/M_50_60_L_80_90_0055_clay_red.jpg,Soil_Labeled_Data/M_50_60/L_80_90/alluvial/M_50_60_L_80_90_0055_clay_red.jpg,26346a7d46ef0871b5d31e7daa2192fe379d21194fca0967791f0caa3e3794ef,a11331334e5a76d3,validation,5
phash:fb60e23b1c5f4197,4,4,a35e116e82cdfc062a6a,Soil_Labeled_Data/M_50_60/L_80_90/alluvial/M_50_60_L_80_90_0081_gray_brown.jpg,Soil_Labeled_Data/M_50_60/L_80_90/alluvial/M_50_60_L_80_90_0081_gray_brown.jpg,9f3453ce7a4c82f4e9a0d463095802714c84586a218101d3c375ec3247220e0f,a11331334e5a76d3,validation,5
phash:fc22572bf4f6c414,2,2,004d1a28e18251f40774,Soil_Labeled_Data/M_0_10/L_90_100/alluvial/IMG_0383.JPG,Soil_Labeled_Data/M_0_10/L_90_100/alluvial/IMG_0383.JPG,6b917f7ffff150ed01b888a4fca42d29d311662f2c89a97eabfa89bfdec121b8,ea388d0713989980,train,5
phash:fc22572bf4f6c414,2,2,6470ac41b299a9353fcf,Soil_Labeled_Data/M_40_50/L_90_100/alluvial/IMG_0383_M_0_10_light_brown.jpg,Soil_Labeled_Data/M_40_50/L_90_100/alluvial/IMG_0383_M_0_10_light_brown.jpg,0ac1f6f596b0d34730a56d56742280b5844b2346266cbf6a00bbe87e8d6e814b,ea3a8d03139899a0,train,5
phash:fc26f4c6b88e93b6,2,2,e2b875c5cfbd3d6e7dcc,Soil_Labeled_Data/M_0_10/L_10_20/alluvial/IMG_0018.JPG,Soil_Labeled_Data/M_0_10/L_10_20/alluvial/IMG_0018.JPG,57b8d59ed0afd7779e5dff39568fc732e77e1142abfdb745078758f0cde29334,3d29130707030723,train,5
phash:fc26f4c6b88e93b6,2,2,1ebc274189c93dd15de8,Soil_Labeled_Data/M_50_60/L_10_20/alluvial/IMG_0018_M_0_10_light_brown_M_40_50_light_brown.jpg,Soil_Labeled_Data/M_50_60/L_10_20/alluvial/IMG_0018_M_0_10_light_brown_M_40_50_light_brown.jpg,58c86c3316854ead87f34ca224376cccb49de9a106572444d6576128e9a393ab,3429130707030723,train,5
phash:fce8ca8571b71253,2,2,96d3dc3ec61f9834746e,Soil_Labeled_Data/M_0_10/L_90_100/alluvial/IMG_0371.JPG,Soil_Labeled_Data/M_0_10/L_90_100/alluvial/IMG_0371.JPG,a9eb5cff5c51cbb6332dbb8fcd66d954fa6fe64c1489245bc3c3aae2656eac2a,ac9dc7c6486c45c0,train,5
phash:fce8ca8571b71253,2,2,13ab9e2ebcd6dbf5ba90,Soil_Labeled_Data/M_60_70/L_90_100/alluvial/M_60_70_L_90_100_0068_wet_gray.jpg,Soil_Labeled_Data/M_60_70/L_90_100/alluvial/M_60_70_L_90_100_0068_wet_gray.jpg,8e464c4f686d19d13e9d3005622c3153fc81b4ad65a6bdd92b5144f449b07b24,ad89c7c6486c45c0,train,5
phash:fe170979b5ca8fe3,6,6,7b0cf4ba5f7e01bece53,Soil_Labeled_Data/M_0_10/L_50_60/alluvial/IMG_0212.JPG,Soil_Labeled_Data/M_0_10/L_50_60/alluvial/IMG_0212.JPG,7ab66df7b1b3000271c66fe57eebeaf88e48ffc3536724e4f72507f0bd51e29b,90c84a4a4c1c1032,train,5
phash:fe170979b5ca8fe3,6,6,f20c4ecebd517bd2bcc3,Soil_Labeled_Data/M_40_50/L_50_60/alluvial/IMG_0212_M_0_10_clayish_red.jpg,Soil_Labeled_Data/M_40_50/L_50_60/alluvial/IMG_0212_M_0_10_clayish_red.jpg,039aac7954a48b6185c03c24d095be15221f1231620ac3def2d7b81c05a3201f,90c8caca0c1c1032,train,5
phash:fe170979b5ca8fe3,6,6,212b1dbe8c4720ae0ffb,Soil_Labeled_Data/M_60_70/L_50_60/alluvial/IMG_0212_M_0_10_clayish_red_M_40_50_dark_brown.jpg,Soil_Labeled_Data/M_60_70/L_50_60/alluvial/IMG_0212_M_0_10_clayish_red_M_40_50_dark_brown.jpg,50930914b09fe433240447be64544ca431077536d0c0dbfc8044e619e510a6f7,90c8caca4c1c1032,train,5
phash:fe170979b5ca8fe3,6,6,ecb2e26e761bbf5db564,Soil_Labeled_Data/M_60_70/L_50_60/alluvial/IMG_0212_M_0_10_clayish_red_M_40_50_light_brown_M_50_60_dark_brown.jpg,Soil_Labeled_Data/M_60_70/L_50_60/alluvial/IMG_0212_M_0_10_clayish_red_M_40_50_light_brown_M_50_60_dark_brown.jpg,e3da99051699d8853cdac6144498bfae9140bf85e34702a1d11e42d678c992e9,90c8ca4a0c181032,train,5
phash:fe170979b5ca8fe3,6,6,31f873d58a6341344dcc,Soil_Labeled_Data/M_80_90/L_50_60/alluvial/IMG_0212_M_0_10_light_brown_M_40_50_dark_brown_M_60_70_clay_red.jpg,Soil_Labeled_Data/M_80_90/L_50_60/alluvial/IMG_0212_M_0_10_light_brown_M_40_50_dark_brown_M_60_70_clay_red.jpg,6e36c56991e5fed83ccd2d09f56073f7590d94e40bd787603b984158366199b8,90c84a4a0c181030,train,5
phash:fe170979b5ca8fe3,6,6,316a4e52faf0bd6bf929,Soil_Labeled_Data/M_90_100/L_50_60/alluvial/IMG_0212_M_0_10_light_brown_M_40_50_dark_brown_M_60_70_clay_red_M_80_90_wet_gray.jpg,Soil_Labeled_Data/M_90_100/L_50_60/alluvial/IMG_0212_M_0_10_light_brown_M_40_50_dark_brown_M_60_70_clay_red_M_80_90_wet_gray.jpg,54528a35af4b3264d8c1f5e2fa4337f092dca5ab1c4ad5519cbbbea0fce6b095,90c84a0a08181032,train,5
phash:fe5de7758ede66af,4,4,9b26bb6490488f932861,Soil_Labeled_Data/M_40_50/L_90_100/alluvial/IMG_0384_M_0_10_clayish_red.jpg,Soil_Labeled_Data/M_40_50/L_90_100/alluvial/IMG_0384_M_0_10_clayish_red.jpg,0aa5b86e909f9ff5cc6825d87257e80288df8507114e6d650f90de2b0697193d,c3d3b9b3a281a422,train,5
phash:fe5de7758ede66af,4,4,85808c724f0b94d3dfcc,Soil_Labeled_Data/M_50_60/L_90_100/alluvial/M_50_60_L_90_100_0026_clay_red.jpg,Soil_Labeled_Data/M_50_60/L_90_100/alluvial/M_50_60_L_90_100_0026_clay_red.jpg,28b58a17768d0832e2f3536bd189a90b3e2552b4f4bd294a5c35ab5f5b19ee3d,c3d3b8b3a280a422,train,5
phash:fe5de7758ede66af,4,4,d35873d482a52947430f,Soil_Labeled_Data/M_50_60/L_90_100/alluvial/M_50_60_L_90_100_0044_wet_gray.jpg,Soil_Labeled_Data/M_50_60/L_90_100/alluvial/M_50_60_L_90_100_0044_wet_gray.jpg,22b65678b66e38e28879494c56afb7d88d1d1e16a6748a51f1f723eecbd86d0e,c3c138f3a281a422,train,5
phash:fe5de7758ede66af,4,4,1e6a01f5605a72790789,Soil_Labeled_Data/M_70_80/L_90_100/alluvial/M_70_80_L_90_100_0033_clay_red.jpg,Soil_Labeled_Data/M_70_80/L_90_100/alluvial/M_70_80_L_90_100_0033_clay_red.jpg,a790a95adfdbf2fc3cc4a552e456bd4a4c031ec4bd41a0b6cc86f02fdcdae731,c3c138b1a280a422,train,5
phash:ff670dc08f99ba9e,5,5,5d5963f8f555d5302576,Soil_Labeled_Data/M_30_40/L_50_60/alluvial/z5719945410375_d68840a29b4222519ffac084ea8cf065.jpg,Soil_Labeled_Data/M_30_40/L_50_60/alluvial/z5719945410375_d68840a29b4222519ffac084ea8cf065.jpg,e54af701874db5bccc4439dab8ae52a529368a619d0fc1cc2b5f9814f69b4062,43852024260a0b43,train,5
phash:ff670dc08f99ba9e,5,5,8abbebdba1d3b19ef3e4,Soil_Labeled_Data/M_50_60/L_50_60/alluvial/z5719945410375_d68840a29b4222519ffac084ea8cf065_M_30_40_light_brown.jpg,Soil_Labeled_Data/M_50_60/L_50_60/alluvial/z5719945410375_d68840a29b4222519ffac084ea8cf065_M_30_40_light_brown.jpg,811a190ee5638dbef843d1dbe4724b72a2494145cec63e99dc4c585081253594,43852024260a0b43,train,5
phash:ff670dc08f99ba9e,5,5,afdf9bb008a0c5b109cd,Soil_Labeled_Data/M_50_60/L_50_60/alluvial/z5719945410375_d68840a29b4222519ffac084ea8cf065_M_30_40_pale_yellow_M_40_50_gray_brown.jpg,Soil_Labeled_Data/M_50_60/L_50_60/alluvial/z5719945410375_d68840a29b4222519ffac084ea8cf065_M_30_40_pale_yellow_M_40_50_gray_brown.jpg,4d227face19e243dfc9e8575aafd48c7dc97145c0ac64861305fa2cf6924ebcc,03852024260a0b43,train,5
phash:ff670dc08f99ba9e,5,5,13fba7772ea6209eaec4,Soil_Labeled_Data/M_60_70/L_50_60/alluvial/z5719945410375_d68840a29b4222519ffac084ea8cf065_M_30_40_light_brown_M_50_60_dark_brown.jpg,Soil_Labeled_Data/M_60_70/L_50_60/alluvial/z5719945410375_d68840a29b4222519ffac084ea8cf065_M_30_40_light_brown_M_50_60_dark_brown.jpg,66d373a589a08ed215d48c5f287c63e140cbfc52ca783938668339072252ee2c,43852024260a0b43,train,5
phash:ff670dc08f99ba9e,5,5,4c3d2012109566aa0999,Soil_Labeled_Data/M_80_90/L_50_60/alluvial/z5719945410375_d68840a29b4222519ffac084ea8cf065_M_30_40_light_brown_M_50_60_dark_brown_M_60_70_wet_gray.jpg,Soil_Labeled_Data/M_80_90/L_50_60/alluvial/z5719945410375_d68840a29b4222519ffac084ea8cf065_M_30_40_light_brown_M_50_60_dark_brown_M_60_70_wet_gray.jpg,526081b31facf607a91944af0a88676b2760fe0505b085c80d9c225408b7049f,03852024260a0b43,train,5
