checkpoint_id,scope,relative_path,sha256,artifact_component,pretraining_source,initialization_evidence,protocol_status,prospective_test_exact_sha_exposed_in_unlabeled_pool,prospective_test_near_group_exposed_in_unlabeled_pool,notes
sha256:6e576e723823940c4fa0,CHECKPOINT_ROOT,checkpoints_VicReg_ImageNet_NEWXX/vicreg_model_final_mu_20.0.pth,6e576e723823940c4fa0a8241c53415914fbb4a520596fbf86565c7e329db7e6,SSL_BACKBONE,UNKNOWN,Directory name is not sufficient provenance,PROVENANCE_UNKNOWN,197,238,Soil unlabeled pretraining cannot be called completely held-out inductive when prospective test images/groups overlap its pool.
sha256:fa3a2212913ffee059e2,CHECKPOINT_ROOT,checkpoints_VicReg_ImageNet_NEWXX/vicreg_mu_20.0_epoch_1.pth,fa3a2212913ffee059e217a63357a803142a46182245d5994632bb36142215a3,PARTIAL_STATE,UNKNOWN,Directory name is not sufficient provenance,PROVENANCE_UNKNOWN,197,238,Soil unlabeled pretraining cannot be called completely held-out inductive when prospective test images/groups overlap its pool.
sha256:39bdab0761fb1a76781c,CHECKPOINT_ROOT,checkpoints_VicReg_ImageNet_NEWXX/vicreg_mu_20.0_epoch_10.pth,39bdab0761fb1a76781c0fbceeea147ad536b5ec2bf4e09820fae914dedb0c85,PARTIAL_STATE,UNKNOWN,Directory name is not sufficient provenance,PROVENANCE_UNKNOWN,197,238,Soil unlabeled pretraining cannot be called completely held-out inductive when prospective test images/groups overlap its pool.
sha256:189bfa363594b1f2aa83,CHECKPOINT_ROOT,checkpoints_VicReg_ImageNet_NEWXX/vicreg_mu_20.0_epoch_100.pth,189bfa363594b1f2aa833946a25d4c3d9e3a7d759fc088fe2e09b73114ae64bd,PARTIAL_STATE,UNKNOWN,Directory name is not sufficient provenance,PROVENANCE_UNKNOWN,197,238,Soil unlabeled pretraining cannot be called completely held-out inductive when prospective test images/groups overlap its pool.
sha256:fa810241233b664c681b,CHECKPOINT_ROOT,checkpoints_VicReg_ImageNet_NEWXX/vicreg_mu_20.0_epoch_11.pth,fa810241233b664c681b12e780d26c196c79974394d68a9a27e990e574d15771,PARTIAL_STATE,UNKNOWN,Directory name is not sufficient provenance,PROVENANCE_UNKNOWN,197,238,Soil unlabeled pretraining cannot be called completely held-out inductive when prospective test images/groups overlap its pool.
sha256:35bb40cc66d9746f600b,CHECKPOINT_ROOT,checkpoints_VicReg_ImageNet_NEWXX/vicreg_mu_20.0_epoch_12.pth,35bb40cc66d9746f600bebc65fb655e9a2da0467906b60dfa62495fba3386760,PARTIAL_STATE,UNKNOWN,Directory name is not sufficient provenance,PROVENANCE_UNKNOWN,197,238,Soil unlabeled pretraining cannot be called completely held-out inductive when prospective test images/groups overlap its pool.
sha256:bc2efd22bc901d9c041a,CHECKPOINT_ROOT,checkpoints_VicReg_ImageNet_NEWXX/vicreg_mu_20.0_epoch_13.pth,bc2efd22bc901d9c041aa84d6decf5bb2d932ed79c2202be5d4d8e1095136570,PARTIAL_STATE,UNKNOWN,Directory name is not sufficient provenance,PROVENANCE_UNKNOWN,197,238,Soil unlabeled pretraining cannot be called completely held-out inductive when prospective test images/groups overlap its pool.
sha256:51fa3fae9627dc6248c1,CHECKPOINT_ROOT,checkpoints_VicReg_ImageNet_NEWXX/vicreg_mu_20.0_epoch_14.pth,51fa3fae9627dc6248c1dccca8ddfdb1d96868770e93ed0e117c9da690ac2608,PARTIAL_STATE,UNKNOWN,Directory name is not sufficient provenance,PROVENANCE_UNKNOWN,197,238,Soil unlabeled pretraining cannot be called completely held-out inductive when prospective test images/groups overlap its pool.
sha256:b0f660b88afd0d3e92dc,CHECKPOINT_ROOT,checkpoints_VicReg_ImageNet_NEWXX/vicreg_mu_20.0_epoch_15.pth,b0f660b88afd0d3e92dc2ec382263c1d395f7d605da87ffa3cd8a3bf3d048c12,PARTIAL_STATE,UNKNOWN,Directory name is not sufficient provenance,PROVENANCE_UNKNOWN,197,238,Soil unlabeled pretraining cannot be called completely held-out inductive when prospective test images/groups overlap its pool.
sha256:90793f12d9c939301629,CHECKPOINT_ROOT,checkpoints_VicReg_ImageNet_NEWXX/vicreg_mu_20.0_epoch_16.pth,90793f12d9c93930162901758f8723a84e011d4860b89beed66c768df09095e7,PARTIAL_STATE,UNKNOWN,Directory name is not sufficient provenance,PROVENANCE_UNKNOWN,197,238,Soil unlabeled pretraining cannot be called completely held-out inductive when prospective test images/groups overlap its pool.
sha256:e359a0cab46b163f90cb,CHECKPOINT_ROOT,checkpoints_VicReg_ImageNet_NEWXX/vicreg_mu_20.0_epoch_17.pth,e359a0cab46b163f90cb78ea3e2c8c890e378b74b734e28db020741ec8a4a7cd,PARTIAL_STATE,UNKNOWN,Directory name is not sufficient provenance,PROVENANCE_UNKNOWN,197,238,Soil unlabeled pretraining cannot be called completely held-out inductive when prospective test images/groups overlap its pool.
sha256:7971d130c457447b0706,CHECKPOINT_ROOT,checkpoints_VicReg_ImageNet_NEWXX/vicreg_mu_20.0_epoch_18.pth,7971d130c457447b0706e967ff1e5d0e5ae93ab2bc2ae97ebf2f5f5bb488ae59,PARTIAL_STATE,UNKNOWN,Directory name is not sufficient provenance,PROVENANCE_UNKNOWN,197,238,Soil unlabeled pretraining cannot be called completely held-out inductive when prospective test images/groups overlap its pool.
sha256:168822e958b7292c4649,CHECKPOINT_ROOT,checkpoints_VicReg_ImageNet_NEWXX/vicreg_mu_20.0_epoch_19.pth,168822e958b7292c464977ad0dd374ab01fadfa552371cd29ba007bdda9a7d17,PARTIAL_STATE,UNKNOWN,Directory name is not sufficient provenance,PROVENANCE_UNKNOWN,197,238,Soil unlabeled pretraining cannot be called completely held-out inductive when prospective test images/groups overlap its pool.
sha256:7b9ebca45e2f0b2d8a13,CHECKPOINT_ROOT,checkpoints_VicReg_ImageNet_NEWXX/vicreg_mu_20.0_epoch_2.pth,7b9ebca45e2f0b2d8a13b97d9ff586fd42b2d28af763175e6a278cadc03c3923,PARTIAL_STATE,UNKNOWN,Directory name is not sufficient provenance,PROVENANCE_UNKNOWN,197,238,Soil unlabeled pretraining cannot be called completely held-out inductive when prospective test images/groups overlap its pool.
sha256:70a8ca1962f69a12f4a2,CHECKPOINT_ROOT,checkpoints_VicReg_ImageNet_NEWXX/vicreg_mu_20.0_epoch_20.pth,70a8ca1962f69a12f4a212aead577c88cd66bc27f24dad549a3dcf385e229384,PARTIAL_STATE,UNKNOWN,Directory name is not sufficient provenance,PROVENANCE_UNKNOWN,197,238,Soil unlabeled pretraining cannot be called completely held-out inductive when prospective test images/groups overlap its pool.
sha256:4a83a3b7a1dbf2e2fdfa,CHECKPOINT_ROOT,checkpoints_VicReg_ImageNet_NEWXX/vicreg_mu_20.0_epoch_21.pth,4a83a3b7a1dbf2e2fdfa20057a5700d494d8e44384658c03084259efb3e3ccf0,PARTIAL_STATE,UNKNOWN,Directory name is not sufficient provenance,PROVENANCE_UNKNOWN,197,238,Soil unlabeled pretraining cannot be called completely held-out inductive when prospective test images/groups overlap its pool.
sha256:3b0a0108c78960824c9c,CHECKPOINT_ROOT,checkpoints_VicReg_ImageNet_NEWXX/vicreg_mu_20.0_epoch_22.pth,3b0a0108c78960824c9c739b95287036f94dd99445ed691bf8bd1ce18b9b1125,PARTIAL_STATE,UNKNOWN,Directory name is not sufficient provenance,PROVENANCE_UNKNOWN,197,238,Soil unlabeled pretraining cannot be called completely held-out inductive when prospective test images/groups overlap its pool.
sha256:a87001c1f3854766678b,CHECKPOINT_ROOT,checkpoints_VicReg_ImageNet_NEWXX/vicreg_mu_20.0_epoch_23.pth,a87001c1f3854766678b37fb7b03e8dabb24fc16f0c168e125bc4df38dd65b82,PARTIAL_STATE,UNKNOWN,Directory name is not sufficient provenance,PROVENANCE_UNKNOWN,197,238,Soil unlabeled pretraining cannot be called completely held-out inductive when prospective test images/groups overlap its pool.
sha256:6d32f57aa640b5d8efcc,CHECKPOINT_ROOT,checkpoints_VicReg_ImageNet_NEWXX/vicreg_mu_20.0_epoch_24.pth,6d32f57aa640b5d8efccfe14e0dfcdfe12d81da8138b52b59e0afa2d5c7601af,PARTIAL_STATE,UNKNOWN,Directory name is not sufficient provenance,PROVENANCE_UNKNOWN,197,238,Soil unlabeled pretraining cannot be called completely held-out inductive when prospective test images/groups overlap its pool.
sha256:7511a30763131fe0b118,CHECKPOINT_ROOT,checkpoints_VicReg_ImageNet_NEWXX/vicreg_mu_20.0_epoch_25.pth,7511a30763131fe0b118d4581ef14626e3bbd26783245946be1b78ab501edc14,PARTIAL_STATE,UNKNOWN,Directory name is not sufficient provenance,PROVENANCE_UNKNOWN,197,238,Soil unlabeled pretraining cannot be called completely held-out inductive when prospective test images/groups overlap its pool.
sha256:48872246e53da051fbf5,CHECKPOINT_ROOT,checkpoints_VicReg_ImageNet_NEWXX/vicreg_mu_20.0_epoch_26.pth,48872246e53da051fbf530220bdb9facd23453b1982ab267f23c14e34fa592f6,PARTIAL_STATE,UNKNOWN,Directory name is not sufficient provenance,PROVENANCE_UNKNOWN,197,238,Soil unlabeled pretraining cannot be called completely held-out inductive when prospective test images/groups overlap its pool.
sha256:4a0df05effb52b39b5cb,CHECKPOINT_ROOT,checkpoints_VicReg_ImageNet_NEWXX/vicreg_mu_20.0_epoch_27.pth,4a0df05effb52b39b5cb77a6b886ab8b97074c9ba05b9ea1f5be797ab8ce21c3,PARTIAL_STATE,UNKNOWN,Directory name is not sufficient provenance,PROVENANCE_UNKNOWN,197,238,Soil unlabeled pretraining cannot be called completely held-out inductive when prospective test images/groups overlap its pool.
sha256:b34cde1cd57bbb709d40,CHECKPOINT_ROOT,checkpoints_VicReg_ImageNet_NEWXX/vicreg_mu_20.0_epoch_28.pth,b34cde1cd57bbb709d408ccc21ae620de6905268468a3a823208917d90167ef0,PARTIAL_STATE,UNKNOWN,Directory name is not sufficient provenance,PROVENANCE_UNKNOWN,197,238,Soil unlabeled pretraining cannot be called completely held-out inductive when prospective test images/groups overlap its pool.
sha256:f89676bb0c3ef9119a9b,CHECKPOINT_ROOT,checkpoints_VicReg_ImageNet_NEWXX/vicreg_mu_20.0_epoch_29.pth,f89676bb0c3ef9119a9bc7bdbc68ee73674ccc222b70d04c8a85cace317fd58a,PARTIAL_STATE,UNKNOWN,Directory name is not sufficient provenance,PROVENANCE_UNKNOWN,197,238,Soil unlabeled pretraining cannot be called completely held-out inductive when prospective test images/groups overlap its pool.
sha256:366b78c8992f5662d5ce,CHECKPOINT_ROOT,checkpoints_VicReg_ImageNet_NEWXX/vicreg_mu_20.0_epoch_3.pth,366b78c8992f5662d5ce77b62d991f2f64448a8fb3bda1feca1d47b172b981ad,PARTIAL_STATE,UNKNOWN,Directory name is not sufficient provenance,PROVENANCE_UNKNOWN,197,238,Soil unlabeled pretraining cannot be called completely held-out inductive when prospective test images/groups overlap its pool.
sha256:ea54f48c2f224211c46e,CHECKPOINT_ROOT,checkpoints_VicReg_ImageNet_NEWXX/vicreg_mu_20.0_epoch_30.pth,ea54f48c2f224211c46ec4f4871818ba29cbbd98da0abdd733ecd332cd688ad6,PARTIAL_STATE,UNKNOWN,Directory name is not sufficient provenance,PROVENANCE_UNKNOWN,197,238,Soil unlabeled pretraining cannot be called completely held-out inductive when prospective test images/groups overlap its pool.
sha256:8fd468c2bd273036cbd2,CHECKPOINT_ROOT,checkpoints_VicReg_ImageNet_NEWXX/vicreg_mu_20.0_epoch_31.pth,8fd468c2bd273036cbd25efe3a282031b441bdc2947bd564d31e5c13d45f6f8a,PARTIAL_STATE,UNKNOWN,Directory name is not sufficient provenance,PROVENANCE_UNKNOWN,197,238,Soil unlabeled pretraining cannot be called completely held-out inductive when prospective test images/groups overlap its pool.
sha256:8099f83d3796e44584ad,CHECKPOINT_ROOT,checkpoints_VicReg_ImageNet_NEWXX/vicreg_mu_20.0_epoch_32.pth,8099f83d3796e44584ad3e94028c12d38e39376382c3012f70d114ba900116ff,PARTIAL_STATE,UNKNOWN,Directory name is not sufficient provenance,PROVENANCE_UNKNOWN,197,238,Soil unlabeled pretraining cannot be called completely held-out inductive when prospective test images/groups overlap its pool.
sha256:734d20e395e957a61305,CHECKPOINT_ROOT,checkpoints_VicReg_ImageNet_NEWXX/vicreg_mu_20.0_epoch_33.pth,734d20e395e957a613055a6d57c92e195cfa8d9439f96833ad5650786b18a21e,PARTIAL_STATE,UNKNOWN,Directory name is not sufficient provenance,PROVENANCE_UNKNOWN,197,238,Soil unlabeled pretraining cannot be called completely held-out inductive when prospective test images/groups overlap its pool.
sha256:d77eb7079f71d0e8812e,CHECKPOINT_ROOT,checkpoints_VicReg_ImageNet_NEWXX/vicreg_mu_20.0_epoch_34.pth,d77eb7079f71d0e8812e767bb49d10485dd0391472966cc596006165697ac248,PARTIAL_STATE,UNKNOWN,Directory name is not sufficient provenance,PROVENANCE_UNKNOWN,197,238,Soil unlabeled pretraining cannot be called completely held-out inductive when prospective test images/groups overlap its pool.
sha256:06cee4d91344e9303f11,CHECKPOINT_ROOT,checkpoints_VicReg_ImageNet_NEWXX/vicreg_mu_20.0_epoch_35.pth,06cee4d91344e9303f11b4c5e495231e11351c928bae6c4b901d0c5a19d31d95,PARTIAL_STATE,UNKNOWN,Directory name is not sufficient provenance,PROVENANCE_UNKNOWN,197,238,Soil unlabeled pretraining cannot be called completely held-out inductive when prospective test images/groups overlap its pool.
sha256:4f45433f74e302680052,CHECKPOINT_ROOT,checkpoints_VicReg_ImageNet_NEWXX/vicreg_mu_20.0_epoch_36.pth,4f45433f74e3026800528aa5bec52bead3bf48f727f6d86f12c2d6205bf33174,PARTIAL_STATE,UNKNOWN,Directory name is not sufficient provenance,PROVENANCE_UNKNOWN,197,238,Soil unlabeled pretraining cannot be called completely held-out inductive when prospective test images/groups overlap its pool.
sha256:3ff28fa36f6a7a3c776b,CHECKPOINT_ROOT,checkpoints_VicReg_ImageNet_NEWXX/vicreg_mu_20.0_epoch_37.pth,3ff28fa36f6a7a3c776bf35d59b0ffd7dd43952d36d8bb5d771d7a7062cee5e9,PARTIAL_STATE,UNKNOWN,Directory name is not sufficient provenance,PROVENANCE_UNKNOWN,197,238,Soil unlabeled pretraining cannot be called completely held-out inductive when prospective test images/groups overlap its pool.
sha256:8d53a39abab81e5ad99a,CHECKPOINT_ROOT,checkpoints_VicReg_ImageNet_NEWXX/vicreg_mu_20.0_epoch_38.pth,8d53a39abab81e5ad99a3114f0b69359e3c8e917b3509548c5d9d66482cd9b6e,PARTIAL_STATE,UNKNOWN,Directory name is not sufficient provenance,PROVENANCE_UNKNOWN,197,238,Soil unlabeled pretraining cannot be called completely held-out inductive when prospective test images/groups overlap its pool.
sha256:cf6d95798c375416bfaa,CHECKPOINT_ROOT,checkpoints_VicReg_ImageNet_NEWXX/vicreg_mu_20.0_epoch_39.pth,cf6d95798c375416bfaae911b78f05d47544cd3be2a4f0c740f46bb637fb55ca,PARTIAL_STATE,UNKNOWN,Directory name is not sufficient provenance,PROVENANCE_UNKNOWN,197,238,Soil unlabeled pretraining cannot be called completely held-out inductive when prospective test images/groups overlap its pool.
sha256:790a231d5ef8a5c2ed02,CHECKPOINT_ROOT,checkpoints_VicReg_ImageNet_NEWXX/vicreg_mu_20.0_epoch_4.pth,790a231d5ef8a5c2ed02862ea2a164c69bd8d0043c5c630f031669eb1f183755,PARTIAL_STATE,UNKNOWN,Directory name is not sufficient provenance,PROVENANCE_UNKNOWN,197,238,Soil unlabeled pretraining cannot be called completely held-out inductive when prospective test images/groups overlap its pool.
sha256:24d22fbe1950360fe1a6,CHECKPOINT_ROOT,checkpoints_VicReg_ImageNet_NEWXX/vicreg_mu_20.0_epoch_40.pth,24d22fbe1950360fe1a69e45eea445e6f99db4e2b6c70f6c240a4f79fcb4b9e2,PARTIAL_STATE,UNKNOWN,Directory name is not sufficient provenance,PROVENANCE_UNKNOWN,197,238,Soil unlabeled pretraining cannot be called completely held-out inductive when prospective test images/groups overlap its pool.
sha256:d8cb39a2c998253db282,CHECKPOINT_ROOT,checkpoints_VicReg_ImageNet_NEWXX/vicreg_mu_20.0_epoch_41.pth,d8cb39a2c998253db282f46b84ea1e42331b7e9b738a55591a8b6ef016653fe1,PARTIAL_STATE,UNKNOWN,Directory name is not sufficient provenance,PROVENANCE_UNKNOWN,197,238,Soil unlabeled pretraining cannot be called completely held-out inductive when prospective test images/groups overlap its pool.
sha256:7690aa42a813b2da87cc,CHECKPOINT_ROOT,checkpoints_VicReg_ImageNet_NEWXX/vicreg_mu_20.0_epoch_42.pth,7690aa42a813b2da87cce696012319de99c6b52eac777000f2b8efae021db242,PARTIAL_STATE,UNKNOWN,Directory name is not sufficient provenance,PROVENANCE_UNKNOWN,197,238,Soil unlabeled pretraining cannot be called completely held-out inductive when prospective test images/groups overlap its pool.
sha256:5ab1d3ec6e3160f43cbe,CHECKPOINT_ROOT,checkpoints_VicReg_ImageNet_NEWXX/vicreg_mu_20.0_epoch_43.pth,5ab1d3ec6e3160f43cbe6f71e0623023a6007d3c0ee1ec3d85f93e2fead42e11,PARTIAL_STATE,UNKNOWN,Directory name is not sufficient provenance,PROVENANCE_UNKNOWN,197,238,Soil unlabeled pretraining cannot be called completely held-out inductive when prospective test images/groups overlap its pool.
sha256:4237872185725457796d,CHECKPOINT_ROOT,checkpoints_VicReg_ImageNet_NEWXX/vicreg_mu_20.0_epoch_44.pth,4237872185725457796d8858c4f48cf9f8799057ea661c3c8b5f06103367bbfd,PARTIAL_STATE,UNKNOWN,Directory name is not sufficient provenance,PROVENANCE_UNKNOWN,197,238,Soil unlabeled pretraining cannot be called completely held-out inductive when prospective test images/groups overlap its pool.
sha256:4e2995dcc65b29dfc3a4,CHECKPOINT_ROOT,checkpoints_VicReg_ImageNet_NEWXX/vicreg_mu_20.0_epoch_45.pth,4e2995dcc65b29dfc3a4ccb56c10d83472a57cd50b3f38864d09f94d61053e51,PARTIAL_STATE,UNKNOWN,Directory name is not sufficient provenance,PROVENANCE_UNKNOWN,197,238,Soil unlabeled pretraining cannot be called completely held-out inductive when prospective test images/groups overlap its pool.
sha256:37852f84dec7f5c39d8c,CHECKPOINT_ROOT,checkpoints_VicReg_ImageNet_NEWXX/vicreg_mu_20.0_epoch_46.pth,37852f84dec7f5c39d8c3d4c25888c7bcc761c0f7175bc9eca114e9345f0e500,PARTIAL_STATE,UNKNOWN,Directory name is not sufficient provenance,PROVENANCE_UNKNOWN,197,238,Soil unlabeled pretraining cannot be called completely held-out inductive when prospective test images/groups overlap its pool.
sha256:11bb0419783bea5be5ae,CHECKPOINT_ROOT,checkpoints_VicReg_ImageNet_NEWXX/vicreg_mu_20.0_epoch_47.pth,11bb0419783bea5be5ae71bf05e25f13dff1f5d14b9412ee1fc012a179b53959,PARTIAL_STATE,UNKNOWN,Directory name is not sufficient provenance,PROVENANCE_UNKNOWN,197,238,Soil unlabeled pretraining cannot be called completely held-out inductive when prospective test images/groups overlap its pool.
sha256:4426ecc668d4a4c67e0c,CHECKPOINT_ROOT,checkpoints_VicReg_ImageNet_NEWXX/vicreg_mu_20.0_epoch_48.pth,4426ecc668d4a4c67e0c39d58dfe918e2526a00aa318fc1c390d7c7f7888ac3e,PARTIAL_STATE,UNKNOWN,Directory name is not sufficient provenance,PROVENANCE_UNKNOWN,197,238,Soil unlabeled pretraining cannot be called completely held-out inductive when prospective test images/groups overlap its pool.
sha256:68d2c7e723f97114c6dd,CHECKPOINT_ROOT,checkpoints_VicReg_ImageNet_NEWXX/vicreg_mu_20.0_epoch_49.pth,68d2c7e723f97114c6dd46c57daa138de4b4089dd5cbaa28103248bcaa02d68d,PARTIAL_STATE,UNKNOWN,Directory name is not sufficient provenance,PROVENANCE_UNKNOWN,197,238,Soil unlabeled pretraining cannot be called completely held-out inductive when prospective test images/groups overlap its pool.
sha256:2aef514f700ed29500e8,CHECKPOINT_ROOT,checkpoints_VicReg_ImageNet_NEWXX/vicreg_mu_20.0_epoch_5.pth,2aef514f700ed29500e85036f0d9aa800be19b4593a093b2857fe7f42d47320b,PARTIAL_STATE,UNKNOWN,Directory name is not sufficient provenance,PROVENANCE_UNKNOWN,197,238,Soil unlabeled pretraining cannot be called completely held-out inductive when prospective test images/groups overlap its pool.
sha256:7f8be44f02e1261c1a80,CHECKPOINT_ROOT,checkpoints_VicReg_ImageNet_NEWXX/vicreg_mu_20.0_epoch_50.pth,7f8be44f02e1261c1a80e23cd5c88e82f0efb6ac6335220fc561bf2c469a9302,PARTIAL_STATE,UNKNOWN,Directory name is not sufficient provenance,PROVENANCE_UNKNOWN,197,238,Soil unlabeled pretraining cannot be called completely held-out inductive when prospective test images/groups overlap its pool.
sha256:0b68d5ecaad733a12f50,CHECKPOINT_ROOT,checkpoints_VicReg_ImageNet_NEWXX/vicreg_mu_20.0_epoch_51.pth,0b68d5ecaad733a12f50b886ec9d2420f7f2f836f5a97caaa1922f15cc60df1a,PARTIAL_STATE,UNKNOWN,Directory name is not sufficient provenance,PROVENANCE_UNKNOWN,197,238,Soil unlabeled pretraining cannot be called completely held-out inductive when prospective test images/groups overlap its pool.
sha256:874383d1dfec9d0a5f6e,CHECKPOINT_ROOT,checkpoints_VicReg_ImageNet_NEWXX/vicreg_mu_20.0_epoch_52.pth,874383d1dfec9d0a5f6e678e64a0d482fa249ba1f2af59f4204e5cf0d7be8320,PARTIAL_STATE,UNKNOWN,Directory name is not sufficient provenance,PROVENANCE_UNKNOWN,197,238,Soil unlabeled pretraining cannot be called completely held-out inductive when prospective test images/groups overlap its pool.
sha256:187ce4a31c745173c792,CHECKPOINT_ROOT,checkpoints_VicReg_ImageNet_NEWXX/vicreg_mu_20.0_epoch_53.pth,187ce4a31c745173c792119326f9a81e8fd212ae310c90bc1e35186b2e1b6aee,PARTIAL_STATE,UNKNOWN,Directory name is not sufficient provenance,PROVENANCE_UNKNOWN,197,238,Soil unlabeled pretraining cannot be called completely held-out inductive when prospective test images/groups overlap its pool.
sha256:9b92aec9db38fa741c0a,CHECKPOINT_ROOT,checkpoints_VicReg_ImageNet_NEWXX/vicreg_mu_20.0_epoch_54.pth,9b92aec9db38fa741c0aa2c4260ebf0dd4722ece0276defc199a6e0da4990981,PARTIAL_STATE,UNKNOWN,Directory name is not sufficient provenance,PROVENANCE_UNKNOWN,197,238,Soil unlabeled pretraining cannot be called completely held-out inductive when prospective test images/groups overlap its pool.
sha256:47c1ac0bfb4200073017,CHECKPOINT_ROOT,checkpoints_VicReg_ImageNet_NEWXX/vicreg_mu_20.0_epoch_55.pth,47c1ac0bfb420007301730338aebc7fa1593dc1f5cb33b2e0cf6e788925ef3ca,PARTIAL_STATE,UNKNOWN,Directory name is not sufficient provenance,PROVENANCE_UNKNOWN,197,238,Soil unlabeled pretraining cannot be called completely held-out inductive when prospective test images/groups overlap its pool.
sha256:92468bf69b4fd47de226,CHECKPOINT_ROOT,checkpoints_VicReg_ImageNet_NEWXX/vicreg_mu_20.0_epoch_56.pth,92468bf69b4fd47de2268fa226ba006f58a1cf682a5e12c1eb79323e9ed5f8ce,PARTIAL_STATE,UNKNOWN,Directory name is not sufficient provenance,PROVENANCE_UNKNOWN,197,238,Soil unlabeled pretraining cannot be called completely held-out inductive when prospective test images/groups overlap its pool.
sha256:328d9e24dbb11bde1af9,CHECKPOINT_ROOT,checkpoints_VicReg_ImageNet_NEWXX/vicreg_mu_20.0_epoch_57.pth,328d9e24dbb11bde1af9aeedfde4f621d84f577cb7da2ffa044613f738213309,PARTIAL_STATE,UNKNOWN,Directory name is not sufficient provenance,PROVENANCE_UNKNOWN,197,238,Soil unlabeled pretraining cannot be called completely held-out inductive when prospective test images/groups overlap its pool.
sha256:9da7557beb60c75d330f,CHECKPOINT_ROOT,checkpoints_VicReg_ImageNet_NEWXX/vicreg_mu_20.0_epoch_58.pth,9da7557beb60c75d330f675e6538b1cfc45238f34e85b142f82c8c16ba2c153c,PARTIAL_STATE,UNKNOWN,Directory name is not sufficient provenance,PROVENANCE_UNKNOWN,197,238,Soil unlabeled pretraining cannot be called completely held-out inductive when prospective test images/groups overlap its pool.
sha256:52dbe0220571339e197d,CHECKPOINT_ROOT,checkpoints_VicReg_ImageNet_NEWXX/vicreg_mu_20.0_epoch_59.pth,52dbe0220571339e197ddaf2e085a6df40c12b1328390b34bc2cbc6871853519,PARTIAL_STATE,UNKNOWN,Directory name is not sufficient provenance,PROVENANCE_UNKNOWN,197,238,Soil unlabeled pretraining cannot be called completely held-out inductive when prospective test images/groups overlap its pool.
sha256:69636791c92bcb52c662,CHECKPOINT_ROOT,checkpoints_VicReg_ImageNet_NEWXX/vicreg_mu_20.0_epoch_6.pth,69636791c92bcb52c66214ad1ad7d43a7d89b7361ce7c8a07b6d6f84180fcb58,PARTIAL_STATE,UNKNOWN,Directory name is not sufficient provenance,PROVENANCE_UNKNOWN,197,238,Soil unlabeled pretraining cannot be called completely held-out inductive when prospective test images/groups overlap its pool.
sha256:9e919a27891e441eeb16,CHECKPOINT_ROOT,checkpoints_VicReg_ImageNet_NEWXX/vicreg_mu_20.0_epoch_60.pth,9e919a27891e441eeb16dd31ecf1f1287f7cd4961527e08b65458700552ca62f,PARTIAL_STATE,UNKNOWN,Directory name is not sufficient provenance,PROVENANCE_UNKNOWN,197,238,Soil unlabeled pretraining cannot be called completely held-out inductive when prospective test images/groups overlap its pool.
sha256:ab5ea97550ce4945109e,CHECKPOINT_ROOT,checkpoints_VicReg_ImageNet_NEWXX/vicreg_mu_20.0_epoch_61.pth,ab5ea97550ce4945109e3ff3530c67d6f9c57b546ac27844f95e66c673264620,PARTIAL_STATE,UNKNOWN,Directory name is not sufficient provenance,PROVENANCE_UNKNOWN,197,238,Soil unlabeled pretraining cannot be called completely held-out inductive when prospective test images/groups overlap its pool.
sha256:934dd1f939c54ace357f,CHECKPOINT_ROOT,checkpoints_VicReg_ImageNet_NEWXX/vicreg_mu_20.0_epoch_62.pth,934dd1f939c54ace357f121a14b4d59fc02864e0089d2611fa05380079de2d7e,PARTIAL_STATE,UNKNOWN,Directory name is not sufficient provenance,PROVENANCE_UNKNOWN,197,238,Soil unlabeled pretraining cannot be called completely held-out inductive when prospective test images/groups overlap its pool.
sha256:d26b9363fa6be90a45f7,CHECKPOINT_ROOT,checkpoints_VicReg_ImageNet_NEWXX/vicreg_mu_20.0_epoch_63.pth,d26b9363fa6be90a45f76f035935afd01a55e968fc2cff7958e60c4e122e6535,PARTIAL_STATE,UNKNOWN,Directory name is not sufficient provenance,PROVENANCE_UNKNOWN,197,238,Soil unlabeled pretraining cannot be called completely held-out inductive when prospective test images/groups overlap its pool.
sha256:b2eae141fb81f4634866,CHECKPOINT_ROOT,checkpoints_VicReg_ImageNet_NEWXX/vicreg_mu_20.0_epoch_64.pth,b2eae141fb81f4634866584c25b1d3e95b83eb36716eab064872a61db6c3c268,PARTIAL_STATE,UNKNOWN,Directory name is not sufficient provenance,PROVENANCE_UNKNOWN,197,238,Soil unlabeled pretraining cannot be called completely held-out inductive when prospective test images/groups overlap its pool.
sha256:2ed72d1c87e2916ac9c3,CHECKPOINT_ROOT,checkpoints_VicReg_ImageNet_NEWXX/vicreg_mu_20.0_epoch_65.pth,2ed72d1c87e2916ac9c30290cc2e583ced406b5b530b9f641bbe31b6adbbc054,PARTIAL_STATE,UNKNOWN,Directory name is not sufficient provenance,PROVENANCE_UNKNOWN,197,238,Soil unlabeled pretraining cannot be called completely held-out inductive when prospective test images/groups overlap its pool.
sha256:e4560e5600301b660c10,CHECKPOINT_ROOT,checkpoints_VicReg_ImageNet_NEWXX/vicreg_mu_20.0_epoch_66.pth,e4560e5600301b660c10f4125a62c9b1459f51cb92b0eb33cd0bec743b00cb4d,PARTIAL_STATE,UNKNOWN,Directory name is not sufficient provenance,PROVENANCE_UNKNOWN,197,238,Soil unlabeled pretraining cannot be called completely held-out inductive when prospective test images/groups overlap its pool.
sha256:acff5e109dc49443c09b,CHECKPOINT_ROOT,checkpoints_VicReg_ImageNet_NEWXX/vicreg_mu_20.0_epoch_67.pth,acff5e109dc49443c09bd9c390047e792de8c2ba9674097e8dbb6526fa263297,PARTIAL_STATE,UNKNOWN,Directory name is not sufficient provenance,PROVENANCE_UNKNOWN,197,238,Soil unlabeled pretraining cannot be called completely held-out inductive when prospective test images/groups overlap its pool.
sha256:041d1d2e6ae2c5a55ee4,CHECKPOINT_ROOT,checkpoints_VicReg_ImageNet_NEWXX/vicreg_mu_20.0_epoch_68.pth,041d1d2e6ae2c5a55ee406a2d7ef28d77fec84dbc4884eff8fe533f3cd55a125,PARTIAL_STATE,UNKNOWN,Directory name is not sufficient provenance,PROVENANCE_UNKNOWN,197,238,Soil unlabeled pretraining cannot be called completely held-out inductive when prospective test images/groups overlap its pool.
sha256:0f9a8e0e6c55e1eb66be,CHECKPOINT_ROOT,checkpoints_VicReg_ImageNet_NEWXX/vicreg_mu_20.0_epoch_69.pth,0f9a8e0e6c55e1eb66be23e8fe1bbac8b6ff03abe184e70c34daa28c2592edaa,PARTIAL_STATE,UNKNOWN,Directory name is not sufficient provenance,PROVENANCE_UNKNOWN,197,238,Soil unlabeled pretraining cannot be called completely held-out inductive when prospective test images/groups overlap its pool.
sha256:f489301259940a6e8228,CHECKPOINT_ROOT,checkpoints_VicReg_ImageNet_NEWXX/vicreg_mu_20.0_epoch_7.pth,f489301259940a6e82289db91b1ac5ecaf63fb2c62dd78d54960d36a2abea7a2,PARTIAL_STATE,UNKNOWN,Directory name is not sufficient provenance,PROVENANCE_UNKNOWN,197,238,Soil unlabeled pretraining cannot be called completely held-out inductive when prospective test images/groups overlap its pool.
sha256:57ce775dd5d58ff9ce04,CHECKPOINT_ROOT,checkpoints_VicReg_ImageNet_NEWXX/vicreg_mu_20.0_epoch_70.pth,57ce775dd5d58ff9ce045692f16c60596b41eb68b07ae2c626f30c055873d693,PARTIAL_STATE,UNKNOWN,Directory name is not sufficient provenance,PROVENANCE_UNKNOWN,197,238,Soil unlabeled pretraining cannot be called completely held-out inductive when prospective test images/groups overlap its pool.
sha256:2c2f4a9b5af24a364a68,CHECKPOINT_ROOT,checkpoints_VicReg_ImageNet_NEWXX/vicreg_mu_20.0_epoch_71.pth,2c2f4a9b5af24a364a6884c5b651735602518566642348e4197448c1d212480f,PARTIAL_STATE,UNKNOWN,Directory name is not sufficient provenance,PROVENANCE_UNKNOWN,197,238,Soil unlabeled pretraining cannot be called completely held-out inductive when prospective test images/groups overlap its pool.
sha256:8d6103c56f45afd5e32c,CHECKPOINT_ROOT,checkpoints_VicReg_ImageNet_NEWXX/vicreg_mu_20.0_epoch_72.pth,8d6103c56f45afd5e32c71afcdd64f7397cbd1e4c321dfe53f9834c06aa2b8c3,PARTIAL_STATE,UNKNOWN,Directory name is not sufficient provenance,PROVENANCE_UNKNOWN,197,238,Soil unlabeled pretraining cannot be called completely held-out inductive when prospective test images/groups overlap its pool.
sha256:ce237d21b2879aec4222,CHECKPOINT_ROOT,checkpoints_VicReg_ImageNet_NEWXX/vicreg_mu_20.0_epoch_73.pth,ce237d21b2879aec42226d102e6733556ec4ad15eb1c80c0138f2c67711a8b0a,PARTIAL_STATE,UNKNOWN,Directory name is not sufficient provenance,PROVENANCE_UNKNOWN,197,238,Soil unlabeled pretraining cannot be called completely held-out inductive when prospective test images/groups overlap its pool.
sha256:b6f75b5e13695b71b6f1,CHECKPOINT_ROOT,checkpoints_VicReg_ImageNet_NEWXX/vicreg_mu_20.0_epoch_74.pth,b6f75b5e13695b71b6f16fb368276c043feac124b674ba99125f52704caffecf,PARTIAL_STATE,UNKNOWN,Directory name is not sufficient provenance,PROVENANCE_UNKNOWN,197,238,Soil unlabeled pretraining cannot be called completely held-out inductive when prospective test images/groups overlap its pool.
sha256:08b7b955153af21f98df,CHECKPOINT_ROOT,checkpoints_VicReg_ImageNet_NEWXX/vicreg_mu_20.0_epoch_75.pth,08b7b955153af21f98dff0e738734c3cf31fa71f98c9b29da17fc5e011899c1e,PARTIAL_STATE,UNKNOWN,Directory name is not sufficient provenance,PROVENANCE_UNKNOWN,197,238,Soil unlabeled pretraining cannot be called completely held-out inductive when prospective test images/groups overlap its pool.
sha256:3508e261fb8974589f12,CHECKPOINT_ROOT,checkpoints_VicReg_ImageNet_NEWXX/vicreg_mu_20.0_epoch_76.pth,3508e261fb8974589f12516f878350163ecafe270abf1fbc1533b65108279f6e,PARTIAL_STATE,UNKNOWN,Directory name is not sufficient provenance,PROVENANCE_UNKNOWN,197,238,Soil unlabeled pretraining cannot be called completely held-out inductive when prospective test images/groups overlap its pool.
sha256:8879a5cd9fefa9ea34c4,CHECKPOINT_ROOT,checkpoints_VicReg_ImageNet_NEWXX/vicreg_mu_20.0_epoch_77.pth,8879a5cd9fefa9ea34c42a5ad3ddcb12f5f847ccad6166f8858835603a21fc88,PARTIAL_STATE,UNKNOWN,Directory name is not sufficient provenance,PROVENANCE_UNKNOWN,197,238,Soil unlabeled pretraining cannot be called completely held-out inductive when prospective test images/groups overlap its pool.
sha256:a2657c22aa251c2f2334,CHECKPOINT_ROOT,checkpoints_VicReg_ImageNet_NEWXX/vicreg_mu_20.0_epoch_78.pth,a2657c22aa251c2f2334236d8fdb15cb9860467fa98d0185b237fe51e6cea083,PARTIAL_STATE,UNKNOWN,Directory name is not sufficient provenance,PROVENANCE_UNKNOWN,197,238,Soil unlabeled pretraining cannot be called completely held-out inductive when prospective test images/groups overlap its pool.
sha256:4a9aa6efe13efe8a3c00,CHECKPOINT_ROOT,checkpoints_VicReg_ImageNet_NEWXX/vicreg_mu_20.0_epoch_79.pth,4a9aa6efe13efe8a3c00c5da8d3ac57f2bf6cf3a8993c014588a8ae0dfdac359,PARTIAL_STATE,UNKNOWN,Directory name is not sufficient provenance,PROVENANCE_UNKNOWN,197,238,Soil unlabeled pretraining cannot be called completely held-out inductive when prospective test images/groups overlap its pool.
sha256:6e22b0a8e026a063487a,CHECKPOINT_ROOT,checkpoints_VicReg_ImageNet_NEWXX/vicreg_mu_20.0_epoch_8.pth,6e22b0a8e026a063487aae7011ed3c1edb3e75e712c79fe9f371452b05aa5608,PARTIAL_STATE,UNKNOWN,Directory name is not sufficient provenance,PROVENANCE_UNKNOWN,197,238,Soil unlabeled pretraining cannot be called completely held-out inductive when prospective test images/groups overlap its pool.
sha256:2db1fe69cb4c71ff96e8,CHECKPOINT_ROOT,checkpoints_VicReg_ImageNet_NEWXX/vicreg_mu_20.0_epoch_80.pth,2db1fe69cb4c71ff96e8f6124dc1e97b3937e728182aa834b59b92a41395c087,PARTIAL_STATE,UNKNOWN,Directory name is not sufficient provenance,PROVENANCE_UNKNOWN,197,238,Soil unlabeled pretraining cannot be called completely held-out inductive when prospective test images/groups overlap its pool.
sha256:d24ddb0e5e76867c68e3,CHECKPOINT_ROOT,checkpoints_VicReg_ImageNet_NEWXX/vicreg_mu_20.0_epoch_81.pth,d24ddb0e5e76867c68e3e88b5bebc93e2e83b0fa809820ab03c22858911b6b8f,PARTIAL_STATE,UNKNOWN,Directory name is not sufficient provenance,PROVENANCE_UNKNOWN,197,238,Soil unlabeled pretraining cannot be called completely held-out inductive when prospective test images/groups overlap its pool.
sha256:c0b78bb583b2a27328ad,CHECKPOINT_ROOT,checkpoints_VicReg_ImageNet_NEWXX/vicreg_mu_20.0_epoch_82.pth,c0b78bb583b2a27328ad11484ce8920f46f52edb9112d02001af13e89d5754da,PARTIAL_STATE,UNKNOWN,Directory name is not sufficient provenance,PROVENANCE_UNKNOWN,197,238,Soil unlabeled pretraining cannot be called completely held-out inductive when prospective test images/groups overlap its pool.
sha256:4be7806d643b023a20ea,CHECKPOINT_ROOT,checkpoints_VicReg_ImageNet_NEWXX/vicreg_mu_20.0_epoch_83.pth,4be7806d643b023a20ea4cbf0f918df900cd23fb40a4bd321569e5635519422a,PARTIAL_STATE,UNKNOWN,Directory name is not sufficient provenance,PROVENANCE_UNKNOWN,197,238,Soil unlabeled pretraining cannot be called completely held-out inductive when prospective test images/groups overlap its pool.
sha256:1b3a0cf9bbae3945f619,CHECKPOINT_ROOT,checkpoints_VicReg_ImageNet_NEWXX/vicreg_mu_20.0_epoch_84.pth,1b3a0cf9bbae3945f6195d3371007e0922c5a3982f9c23fb45be9c5483416ae9,PARTIAL_STATE,UNKNOWN,Directory name is not sufficient provenance,PROVENANCE_UNKNOWN,197,238,Soil unlabeled pretraining cannot be called completely held-out inductive when prospective test images/groups overlap its pool.
sha256:882b7fbb0a15e6f829c6,CHECKPOINT_ROOT,checkpoints_VicReg_ImageNet_NEWXX/vicreg_mu_20.0_epoch_85.pth,882b7fbb0a15e6f829c66c2b80bd284e3ce0d215ba90cc51164fddff76848406,PARTIAL_STATE,UNKNOWN,Directory name is not sufficient provenance,PROVENANCE_UNKNOWN,197,238,Soil unlabeled pretraining cannot be called completely held-out inductive when prospective test images/groups overlap its pool.
sha256:d46664f2597a8ddeb375,CHECKPOINT_ROOT,checkpoints_VicReg_ImageNet_NEWXX/vicreg_mu_20.0_epoch_86.pth,d46664f2597a8ddeb375203d0904ba9777739c14b91e36013da98d81b2264bef,PARTIAL_STATE,UNKNOWN,Directory name is not sufficient provenance,PROVENANCE_UNKNOWN,197,238,Soil unlabeled pretraining cannot be called completely held-out inductive when prospective test images/groups overlap its pool.
sha256:5e9d33d4393a8e3df60a,CHECKPOINT_ROOT,checkpoints_VicReg_ImageNet_NEWXX/vicreg_mu_20.0_epoch_87.pth,5e9d33d4393a8e3df60a434b60a724cc101ed3a5132a07c7ae198cbd33712c11,PARTIAL_STATE,UNKNOWN,Directory name is not sufficient provenance,PROVENANCE_UNKNOWN,197,238,Soil unlabeled pretraining cannot be called completely held-out inductive when prospective test images/groups overlap its pool.
sha256:d3fa13ce0c0456fe9201,CHECKPOINT_ROOT,checkpoints_VicReg_ImageNet_NEWXX/vicreg_mu_20.0_epoch_88.pth,d3fa13ce0c0456fe92012980017ff58eda37eca7bc6174f2e3ea93b481bfa5dc,PARTIAL_STATE,UNKNOWN,Directory name is not sufficient provenance,PROVENANCE_UNKNOWN,197,238,Soil unlabeled pretraining cannot be called completely held-out inductive when prospective test images/groups overlap its pool.
sha256:8fdbda0deadf086d18c8,CHECKPOINT_ROOT,checkpoints_VicReg_ImageNet_NEWXX/vicreg_mu_20.0_epoch_89.pth,8fdbda0deadf086d18c867581bf02dec45cb9d4c596ade2604a3857a385375ec,PARTIAL_STATE,UNKNOWN,Directory name is not sufficient provenance,PROVENANCE_UNKNOWN,197,238,Soil unlabeled pretraining cannot be called completely held-out inductive when prospective test images/groups overlap its pool.
sha256:ee6962a85794f0a2e2b3,CHECKPOINT_ROOT,checkpoints_VicReg_ImageNet_NEWXX/vicreg_mu_20.0_epoch_9.pth,ee6962a85794f0a2e2b30021abc07af266ac243419fe74b3b09ad06ac1024f84,PARTIAL_STATE,UNKNOWN,Directory name is not sufficient provenance,PROVENANCE_UNKNOWN,197,238,Soil unlabeled pretraining cannot be called completely held-out inductive when prospective test images/groups overlap its pool.
sha256:981bc3054b5daa102926,CHECKPOINT_ROOT,checkpoints_VicReg_ImageNet_NEWXX/vicreg_mu_20.0_epoch_90.pth,981bc3054b5daa102926a5c4f4b94bba61a4f2439a82b09cdbc983bc6eb475ee,PARTIAL_STATE,UNKNOWN,Directory name is not sufficient provenance,PROVENANCE_UNKNOWN,197,238,Soil unlabeled pretraining cannot be called completely held-out inductive when prospective test images/groups overlap its pool.
sha256:4011f1d1005527de47ac,CHECKPOINT_ROOT,checkpoints_VicReg_ImageNet_NEWXX/vicreg_mu_20.0_epoch_91.pth,4011f1d1005527de47ac92c9671e088be62eab22917a0767821c1f91b3ba20a4,PARTIAL_STATE,UNKNOWN,Directory name is not sufficient provenance,PROVENANCE_UNKNOWN,197,238,Soil unlabeled pretraining cannot be called completely held-out inductive when prospective test images/groups overlap its pool.
sha256:e68fd76223adea73f74f,CHECKPOINT_ROOT,checkpoints_VicReg_ImageNet_NEWXX/vicreg_mu_20.0_epoch_92.pth,e68fd76223adea73f74f57db83cec69edc31c1a96cbe5faed6ad298d00564a66,PARTIAL_STATE,UNKNOWN,Directory name is not sufficient provenance,PROVENANCE_UNKNOWN,197,238,Soil unlabeled pretraining cannot be called completely held-out inductive when prospective test images/groups overlap its pool.
sha256:0f7c089b0db1abdab47f,CHECKPOINT_ROOT,checkpoints_VicReg_ImageNet_NEWXX/vicreg_mu_20.0_epoch_93.pth,0f7c089b0db1abdab47f187e10c3f0f5c9b916ea370aaf75b8e08e6754b128e0,PARTIAL_STATE,UNKNOWN,Directory name is not sufficient provenance,PROVENANCE_UNKNOWN,197,238,Soil unlabeled pretraining cannot be called completely held-out inductive when prospective test images/groups overlap its pool.
sha256:8e4f29cf5c273bd686c1,CHECKPOINT_ROOT,checkpoints_VicReg_ImageNet_NEWXX/vicreg_mu_20.0_epoch_94.pth,8e4f29cf5c273bd686c1ebc682138438c488308f3aa62901dec4cb15b09ef4b7,PARTIAL_STATE,UNKNOWN,Directory name is not sufficient provenance,PROVENANCE_UNKNOWN,197,238,Soil unlabeled pretraining cannot be called completely held-out inductive when prospective test images/groups overlap its pool.
sha256:ebb26b047df89a196501,CHECKPOINT_ROOT,checkpoints_VicReg_ImageNet_NEWXX/vicreg_mu_20.0_epoch_95.pth,ebb26b047df89a1965016f734d5e5a99a2ea125f12634108f95aa3d72441c16d,PARTIAL_STATE,UNKNOWN,Directory name is not sufficient provenance,PROVENANCE_UNKNOWN,197,238,Soil unlabeled pretraining cannot be called completely held-out inductive when prospective test images/groups overlap its pool.
sha256:4e295fc71f2949279fcd,CHECKPOINT_ROOT,checkpoints_VicReg_ImageNet_NEWXX/vicreg_mu_20.0_epoch_96.pth,4e295fc71f2949279fcdbae6ef61749fd34ccf7ae6d47ddcd09081e194097db1,PARTIAL_STATE,UNKNOWN,Directory name is not sufficient provenance,PROVENANCE_UNKNOWN,197,238,Soil unlabeled pretraining cannot be called completely held-out inductive when prospective test images/groups overlap its pool.
sha256:53e3abae545878b5a9a6,CHECKPOINT_ROOT,checkpoints_VicReg_ImageNet_NEWXX/vicreg_mu_20.0_epoch_97.pth,53e3abae545878b5a9a6ba5cff69ffdb55189cea1661b65112276fc16b8c28d1,PARTIAL_STATE,UNKNOWN,Directory name is not sufficient provenance,PROVENANCE_UNKNOWN,197,238,Soil unlabeled pretraining cannot be called completely held-out inductive when prospective test images/groups overlap its pool.
sha256:2d31fdf8ce0c6cf69427,CHECKPOINT_ROOT,checkpoints_VicReg_ImageNet_NEWXX/vicreg_mu_20.0_epoch_98.pth,2d31fdf8ce0c6cf69427de348801ba4142e46325a7d381dd65761eec77f83849,PARTIAL_STATE,UNKNOWN,Directory name is not sufficient provenance,PROVENANCE_UNKNOWN,197,238,Soil unlabeled pretraining cannot be called completely held-out inductive when prospective test images/groups overlap its pool.
sha256:29498043f11f9c2cfe55,CHECKPOINT_ROOT,checkpoints_VicReg_ImageNet_NEWXX/vicreg_mu_20.0_epoch_99.pth,29498043f11f9c2cfe553a5a9967fa81aceecc2660fcb063e684ea705da4c7d3,PARTIAL_STATE,UNKNOWN,Directory name is not sufficient provenance,PROVENANCE_UNKNOWN,197,238,Soil unlabeled pretraining cannot be called completely held-out inductive when prospective test images/groups overlap its pool.
sha256:2a6aa5fd74b25ec6c8e4,CHECKPOINT_ROOT,checkpoints_VicReg_ImageNet_NEWXX/vicreg_mu_23.0_epoch_1.pth,2a6aa5fd74b25ec6c8e4507b8d6260644cadcfe75b9e9a5ab25821f363a2d44a,PARTIAL_STATE,UNKNOWN,Directory name is not sufficient provenance,PROVENANCE_UNKNOWN,197,238,Soil unlabeled pretraining cannot be called completely held-out inductive when prospective test images/groups overlap its pool.
sha256:0c02915c5f5f4cc981d3,CHECKPOINT_ROOT,checkpoints_VicReg_ImageNet_NEWXX/vicreg_mu_23.0_epoch_10.pth,0c02915c5f5f4cc981d3b58638add8ce110dea3b473d56f3ed573c852d91901f,PARTIAL_STATE,UNKNOWN,Directory name is not sufficient provenance,PROVENANCE_UNKNOWN,197,238,Soil unlabeled pretraining cannot be called completely held-out inductive when prospective test images/groups overlap its pool.
sha256:64f99f8c126f9b084eae,CHECKPOINT_ROOT,checkpoints_VicReg_ImageNet_NEWXX/vicreg_mu_23.0_epoch_11.pth,64f99f8c126f9b084eae77a8426fb8888655050cc87d57e7a7c7c3813385b352,PARTIAL_STATE,UNKNOWN,Directory name is not sufficient provenance,PROVENANCE_UNKNOWN,197,238,Soil unlabeled pretraining cannot be called completely held-out inductive when prospective test images/groups overlap its pool.
sha256:eb89a32fc42095127138,CHECKPOINT_ROOT,checkpoints_VicReg_ImageNet_NEWXX/vicreg_mu_23.0_epoch_12.pth,eb89a32fc4209512713832c18848c48474eda2a6187fb06982190f782466d62c,PARTIAL_STATE,UNKNOWN,Directory name is not sufficient provenance,PROVENANCE_UNKNOWN,197,238,Soil unlabeled pretraining cannot be called completely held-out inductive when prospective test images/groups overlap its pool.
sha256:5a7d19551fd5fccc4dbf,CHECKPOINT_ROOT,checkpoints_VicReg_ImageNet_NEWXX/vicreg_mu_23.0_epoch_13.pth,5a7d19551fd5fccc4dbf6953aef20493fa00d16c821738d15f6ebcce4b5a6f31,PARTIAL_STATE,UNKNOWN,Directory name is not sufficient provenance,PROVENANCE_UNKNOWN,197,238,Soil unlabeled pretraining cannot be called completely held-out inductive when prospective test images/groups overlap its pool.
sha256:e9b6d36c598d43b3f65d,CHECKPOINT_ROOT,checkpoints_VicReg_ImageNet_NEWXX/vicreg_mu_23.0_epoch_14.pth,e9b6d36c598d43b3f65dda322199f1ae58c8c539e7b9251302657d6b57ad55c2,PARTIAL_STATE,UNKNOWN,Directory name is not sufficient provenance,PROVENANCE_UNKNOWN,197,238,Soil unlabeled pretraining cannot be called completely held-out inductive when prospective test images/groups overlap its pool.
sha256:c45d850eb428285d2980,CHECKPOINT_ROOT,checkpoints_VicReg_ImageNet_NEWXX/vicreg_mu_23.0_epoch_15.pth,c45d850eb428285d29803a96e6e56910ede3d78e16521beb40da744d0b9bc8e6,PARTIAL_STATE,UNKNOWN,Directory name is not sufficient provenance,PROVENANCE_UNKNOWN,197,238,Soil unlabeled pretraining cannot be called completely held-out inductive when prospective test images/groups overlap its pool.
sha256:e9529153cc9e2a14786e,CHECKPOINT_ROOT,checkpoints_VicReg_ImageNet_NEWXX/vicreg_mu_23.0_epoch_16.pth,e9529153cc9e2a14786e893207c91b5ccb4f3f40000ded7426bc556b04ae7fea,PARTIAL_STATE,UNKNOWN,Directory name is not sufficient provenance,PROVENANCE_UNKNOWN,197,238,Soil unlabeled pretraining cannot be called completely held-out inductive when prospective test images/groups overlap its pool.
sha256:5e6a9c99a6bbf709382f,CHECKPOINT_ROOT,checkpoints_VicReg_ImageNet_NEWXX/vicreg_mu_23.0_epoch_17.pth,5e6a9c99a6bbf709382f5639bc80cec61fbec01cc308f02b4f05fa2c8718a213,PARTIAL_STATE,UNKNOWN,Directory name is not sufficient provenance,PROVENANCE_UNKNOWN,197,238,Soil unlabeled pretraining cannot be called completely held-out inductive when prospective test images/groups overlap its pool.
sha256:88d5a5c8131e993605c2,CHECKPOINT_ROOT,checkpoints_VicReg_ImageNet_NEWXX/vicreg_mu_23.0_epoch_18.pth,88d5a5c8131e993605c2339be2ce9424ad35eaae0d47d8ccadeba7d46adbf843,PARTIAL_STATE,UNKNOWN,Directory name is not sufficient provenance,PROVENANCE_UNKNOWN,197,238,Soil unlabeled pretraining cannot be called completely held-out inductive when prospective test images/groups overlap its pool.
sha256:5c1c8f8872629fbde7d3,CHECKPOINT_ROOT,checkpoints_VicReg_ImageNet_NEWXX/vicreg_mu_23.0_epoch_19.pth,5c1c8f8872629fbde7d3bdf5a58be4a266f975fd25c5ece7852bafd563bfc8e6,PARTIAL_STATE,UNKNOWN,Directory name is not sufficient provenance,PROVENANCE_UNKNOWN,197,238,Soil unlabeled pretraining cannot be called completely held-out inductive when prospective test images/groups overlap its pool.
sha256:15cc9fd4b0261897b5e7,CHECKPOINT_ROOT,checkpoints_VicReg_ImageNet_NEWXX/vicreg_mu_23.0_epoch_2.pth,15cc9fd4b0261897b5e72c6affdd2be71160ebac0bd6e7f856847ecbd80675f4,PARTIAL_STATE,UNKNOWN,Directory name is not sufficient provenance,PROVENANCE_UNKNOWN,197,238,Soil unlabeled pretraining cannot be called completely held-out inductive when prospective test images/groups overlap its pool.
sha256:f052d32c89943caf4de8,CHECKPOINT_ROOT,checkpoints_VicReg_ImageNet_NEWXX/vicreg_mu_23.0_epoch_20.pth,f052d32c89943caf4de81c72537b783119af541ee6c46f6c46c5cc1e4169ea17,PARTIAL_STATE,UNKNOWN,Directory name is not sufficient provenance,PROVENANCE_UNKNOWN,197,238,Soil unlabeled pretraining cannot be called completely held-out inductive when prospective test images/groups overlap its pool.
sha256:8efeb19da1cdb156b7e2,CHECKPOINT_ROOT,checkpoints_VicReg_ImageNet_NEWXX/vicreg_mu_23.0_epoch_21.pth,8efeb19da1cdb156b7e202a0f1a72ea4e35df4d828533ccca0950f8bbb090a21,PARTIAL_STATE,UNKNOWN,Directory name is not sufficient provenance,PROVENANCE_UNKNOWN,197,238,Soil unlabeled pretraining cannot be called completely held-out inductive when prospective test images/groups overlap its pool.
sha256:3b91c93ae01a21e76460,CHECKPOINT_ROOT,checkpoints_VicReg_ImageNet_NEWXX/vicreg_mu_23.0_epoch_22.pth,3b91c93ae01a21e76460316a79cb68a4857325810fc56024e0c4311ade4d0a0a,PARTIAL_STATE,UNKNOWN,Directory name is not sufficient provenance,PROVENANCE_UNKNOWN,197,238,Soil unlabeled pretraining cannot be called completely held-out inductive when prospective test images/groups overlap its pool.
sha256:6077a815bb2788a7db99,CHECKPOINT_ROOT,checkpoints_VicReg_ImageNet_NEWXX/vicreg_mu_23.0_epoch_23.pth,6077a815bb2788a7db99533eba85e96dce106cf5ce554c07c0a624a39ba0bc8d,PARTIAL_STATE,UNKNOWN,Directory name is not sufficient provenance,PROVENANCE_UNKNOWN,197,238,Soil unlabeled pretraining cannot be called completely held-out inductive when prospective test images/groups overlap its pool.
sha256:523e11935f16c65a14f5,CHECKPOINT_ROOT,checkpoints_VicReg_ImageNet_NEWXX/vicreg_mu_23.0_epoch_24.pth,523e11935f16c65a14f5ee7d7fa617fe2b6bbbf7f412b1ad5dc176cd5ec5a9b7,PARTIAL_STATE,UNKNOWN,Directory name is not sufficient provenance,PROVENANCE_UNKNOWN,197,238,Soil unlabeled pretraining cannot be called completely held-out inductive when prospective test images/groups overlap its pool.
sha256:b477abe0376a344a4811,CHECKPOINT_ROOT,checkpoints_VicReg_ImageNet_NEWXX/vicreg_mu_23.0_epoch_25.pth,b477abe0376a344a481165717e39c11f1cd398cc40c41396221ccf342a2c6037,PARTIAL_STATE,UNKNOWN,Directory name is not sufficient provenance,PROVENANCE_UNKNOWN,197,238,Soil unlabeled pretraining cannot be called completely held-out inductive when prospective test images/groups overlap its pool.
sha256:89f651f003d359798ac0,CHECKPOINT_ROOT,checkpoints_VicReg_ImageNet_NEWXX/vicreg_mu_23.0_epoch_26.pth,89f651f003d359798ac0dd9dada3769be718af0a8a23919ba47f6fa107802a29,PARTIAL_STATE,UNKNOWN,Directory name is not sufficient provenance,PROVENANCE_UNKNOWN,197,238,Soil unlabeled pretraining cannot be called completely held-out inductive when prospective test images/groups overlap its pool.
sha256:435b22bd4ba2d6c56311,CHECKPOINT_ROOT,checkpoints_VicReg_ImageNet_NEWXX/vicreg_mu_23.0_epoch_27.pth,435b22bd4ba2d6c56311fe469875f62318d7900b07aeb9b6ae3e386fbd11ff6c,PARTIAL_STATE,UNKNOWN,Directory name is not sufficient provenance,PROVENANCE_UNKNOWN,197,238,Soil unlabeled pretraining cannot be called completely held-out inductive when prospective test images/groups overlap its pool.
sha256:2bf234e0f7a86d5e799c,CHECKPOINT_ROOT,checkpoints_VicReg_ImageNet_NEWXX/vicreg_mu_23.0_epoch_28.pth,2bf234e0f7a86d5e799c4d28864af96d5d99dce07f15579f0c879db3df35e55d,PARTIAL_STATE,UNKNOWN,Directory name is not sufficient provenance,PROVENANCE_UNKNOWN,197,238,Soil unlabeled pretraining cannot be called completely held-out inductive when prospective test images/groups overlap its pool.
sha256:e69364c6a37a3b3d7202,CHECKPOINT_ROOT,checkpoints_VicReg_ImageNet_NEWXX/vicreg_mu_23.0_epoch_29.pth,e69364c6a37a3b3d7202c112baa000491b370cf593a28907f180d3f7f80395de,PARTIAL_STATE,UNKNOWN,Directory name is not sufficient provenance,PROVENANCE_UNKNOWN,197,238,Soil unlabeled pretraining cannot be called completely held-out inductive when prospective test images/groups overlap its pool.
sha256:80d7c9e53300c689e7b4,CHECKPOINT_ROOT,checkpoints_VicReg_ImageNet_NEWXX/vicreg_mu_23.0_epoch_3.pth,80d7c9e53300c689e7b4de5b9055e9043191764cf182de24afec6f15a9f3e723,PARTIAL_STATE,UNKNOWN,Directory name is not sufficient provenance,PROVENANCE_UNKNOWN,197,238,Soil unlabeled pretraining cannot be called completely held-out inductive when prospective test images/groups overlap its pool.
sha256:443974ec20637f3c1d52,CHECKPOINT_ROOT,checkpoints_VicReg_ImageNet_NEWXX/vicreg_mu_23.0_epoch_30.pth,443974ec20637f3c1d5238c61be5a535946fe304812c3bcc8b3e0dd2243b418f,PARTIAL_STATE,UNKNOWN,Directory name is not sufficient provenance,PROVENANCE_UNKNOWN,197,238,Soil unlabeled pretraining cannot be called completely held-out inductive when prospective test images/groups overlap its pool.
sha256:5f057c831c083b9e4554,CHECKPOINT_ROOT,checkpoints_VicReg_ImageNet_NEWXX/vicreg_mu_23.0_epoch_31.pth,5f057c831c083b9e4554849d5d31d213d9af2704619eda922830affd1642de64,PARTIAL_STATE,UNKNOWN,Directory name is not sufficient provenance,PROVENANCE_UNKNOWN,197,238,Soil unlabeled pretraining cannot be called completely held-out inductive when prospective test images/groups overlap its pool.
sha256:b1c27c440a91681fe741,CHECKPOINT_ROOT,checkpoints_VicReg_ImageNet_NEWXX/vicreg_mu_23.0_epoch_32.pth,b1c27c440a91681fe74153d1db01d415f1f2127a5c31fa1ec70b3cc692131e41,PARTIAL_STATE,UNKNOWN,Directory name is not sufficient provenance,PROVENANCE_UNKNOWN,197,238,Soil unlabeled pretraining cannot be called completely held-out inductive when prospective test images/groups overlap its pool.
sha256:5a1cc2268dd9f040894b,CHECKPOINT_ROOT,checkpoints_VicReg_ImageNet_NEWXX/vicreg_mu_23.0_epoch_33.pth,5a1cc2268dd9f040894baa119673d55c74a6b4582c33dc2c35b7d9177753013c,PARTIAL_STATE,UNKNOWN,Directory name is not sufficient provenance,PROVENANCE_UNKNOWN,197,238,Soil unlabeled pretraining cannot be called completely held-out inductive when prospective test images/groups overlap its pool.
sha256:6fb375f523234c48057c,CHECKPOINT_ROOT,checkpoints_VicReg_ImageNet_NEWXX/vicreg_mu_23.0_epoch_34.pth,6fb375f523234c48057cf61b4874dc6e902a861e114ae2e34f23b246c4ff7213,PARTIAL_STATE,UNKNOWN,Directory name is not sufficient provenance,PROVENANCE_UNKNOWN,197,238,Soil unlabeled pretraining cannot be called completely held-out inductive when prospective test images/groups overlap its pool.
sha256:14c8d7305ac94f43c154,CHECKPOINT_ROOT,checkpoints_VicReg_ImageNet_NEWXX/vicreg_mu_23.0_epoch_35.pth,14c8d7305ac94f43c154b900a75a701282cdc9700a2498039c14c78563ccd2ba,PARTIAL_STATE,UNKNOWN,Directory name is not sufficient provenance,PROVENANCE_UNKNOWN,197,238,Soil unlabeled pretraining cannot be called completely held-out inductive when prospective test images/groups overlap its pool.
sha256:e35971276138a83b47f2,CHECKPOINT_ROOT,checkpoints_VicReg_ImageNet_NEWXX/vicreg_mu_23.0_epoch_36.pth,e35971276138a83b47f248b9b661ca94bb7549acceb46afb6a8d0a759d322c3a,PARTIAL_STATE,UNKNOWN,Directory name is not sufficient provenance,PROVENANCE_UNKNOWN,197,238,Soil unlabeled pretraining cannot be called completely held-out inductive when prospective test images/groups overlap its pool.
sha256:5c42cfedc31a32620bd1,CHECKPOINT_ROOT,checkpoints_VicReg_ImageNet_NEWXX/vicreg_mu_23.0_epoch_37.pth,5c42cfedc31a32620bd12eb9e0994e5180370b0172ebe73f8a8f80c9f4148e98,PARTIAL_STATE,UNKNOWN,Directory name is not sufficient provenance,PROVENANCE_UNKNOWN,197,238,Soil unlabeled pretraining cannot be called completely held-out inductive when prospective test images/groups overlap its pool.
sha256:7e904fbf3dd563a097ed,CHECKPOINT_ROOT,checkpoints_VicReg_ImageNet_NEWXX/vicreg_mu_23.0_epoch_38.pth,7e904fbf3dd563a097edcb3b598342a28ff00305a02047d50c18e8f5811c99e0,PARTIAL_STATE,UNKNOWN,Directory name is not sufficient provenance,PROVENANCE_UNKNOWN,197,238,Soil unlabeled pretraining cannot be called completely held-out inductive when prospective test images/groups overlap its pool.
sha256:a74eb75182f6f0caed45,CHECKPOINT_ROOT,checkpoints_VicReg_ImageNet_NEWXX/vicreg_mu_23.0_epoch_39.pth,a74eb75182f6f0caed45c24ee62141dab0c421471759994d40963abc3f04f8b7,PARTIAL_STATE,UNKNOWN,Directory name is not sufficient provenance,PROVENANCE_UNKNOWN,197,238,Soil unlabeled pretraining cannot be called completely held-out inductive when prospective test images/groups overlap its pool.
sha256:7f1f55cc4272f5e50574,CHECKPOINT_ROOT,checkpoints_VicReg_ImageNet_NEWXX/vicreg_mu_23.0_epoch_4.pth,7f1f55cc4272f5e50574bb5a753b4e42c7428ba78c0dc14c533749fe4995b1ea,PARTIAL_STATE,UNKNOWN,Directory name is not sufficient provenance,PROVENANCE_UNKNOWN,197,238,Soil unlabeled pretraining cannot be called completely held-out inductive when prospective test images/groups overlap its pool.
sha256:5a33da294e1b93b4960d,CHECKPOINT_ROOT,checkpoints_VicReg_ImageNet_NEWXX/vicreg_mu_23.0_epoch_40.pth,5a33da294e1b93b4960d64cdf8180a0bb5ba6e8911abf2a232ebf4c90f5af8f6,PARTIAL_STATE,UNKNOWN,Directory name is not sufficient provenance,PROVENANCE_UNKNOWN,197,238,Soil unlabeled pretraining cannot be called completely held-out inductive when prospective test images/groups overlap its pool.
sha256:36c282dd894280e404c2,CHECKPOINT_ROOT,checkpoints_VicReg_ImageNet_NEWXX/vicreg_mu_23.0_epoch_41.pth,36c282dd894280e404c2418a8c9effa53b62bf5d7a4061243175ed1aaee35f5a,PARTIAL_STATE,UNKNOWN,Directory name is not sufficient provenance,PROVENANCE_UNKNOWN,197,238,Soil unlabeled pretraining cannot be called completely held-out inductive when prospective test images/groups overlap its pool.
sha256:e80cdb91051cd57281e9,CHECKPOINT_ROOT,checkpoints_VicReg_ImageNet_NEWXX/vicreg_mu_23.0_epoch_42.pth,e80cdb91051cd57281e96865ece40ea28ba32b3744e6c0eadafff1f5c51a8de8,PARTIAL_STATE,UNKNOWN,Directory name is not sufficient provenance,PROVENANCE_UNKNOWN,197,238,Soil unlabeled pretraining cannot be called completely held-out inductive when prospective test images/groups overlap its pool.
sha256:7d4273ff9473debbaa5d,CHECKPOINT_ROOT,checkpoints_VicReg_ImageNet_NEWXX/vicreg_mu_23.0_epoch_43.pth,7d4273ff9473debbaa5d452994f32bec490e417edfc2e857c6bcac3003b46bb4,PARTIAL_STATE,UNKNOWN,Directory name is not sufficient provenance,PROVENANCE_UNKNOWN,197,238,Soil unlabeled pretraining cannot be called completely held-out inductive when prospective test images/groups overlap its pool.
sha256:be89a49f48ee930f1046,CHECKPOINT_ROOT,checkpoints_VicReg_ImageNet_NEWXX/vicreg_mu_23.0_epoch_44.pth,be89a49f48ee930f10461817a2ed7156fb49ae358a64b7ece64228cca089b4c8,PARTIAL_STATE,UNKNOWN,Directory name is not sufficient provenance,PROVENANCE_UNKNOWN,197,238,Soil unlabeled pretraining cannot be called completely held-out inductive when prospective test images/groups overlap its pool.
sha256:182be07b2bfcaff5ab79,CHECKPOINT_ROOT,checkpoints_VicReg_ImageNet_NEWXX/vicreg_mu_23.0_epoch_45.pth,182be07b2bfcaff5ab7947878d1f5ce7ac58cd25972ebcf54258699ce1a29bd0,PARTIAL_STATE,UNKNOWN,Directory name is not sufficient provenance,PROVENANCE_UNKNOWN,197,238,Soil unlabeled pretraining cannot be called completely held-out inductive when prospective test images/groups overlap its pool.
sha256:e2518d01df1630359827,CHECKPOINT_ROOT,checkpoints_VicReg_ImageNet_NEWXX/vicreg_mu_23.0_epoch_46.pth,e2518d01df1630359827e18f4e9710870c7cd35f8d86d288a631309ca5c75c72,PARTIAL_STATE,UNKNOWN,Directory name is not sufficient provenance,PROVENANCE_UNKNOWN,197,238,Soil unlabeled pretraining cannot be called completely held-out inductive when prospective test images/groups overlap its pool.
sha256:78771b547fcc7122ab9d,CHECKPOINT_ROOT,checkpoints_VicReg_ImageNet_NEWXX/vicreg_mu_23.0_epoch_47.pth,78771b547fcc7122ab9d2d5b2d00a1f85d2ee99f2c82c6c538ac4355f752aecf,PARTIAL_STATE,UNKNOWN,Directory name is not sufficient provenance,PROVENANCE_UNKNOWN,197,238,Soil unlabeled pretraining cannot be called completely held-out inductive when prospective test images/groups overlap its pool.
sha256:35d103e0834cf546b567,CHECKPOINT_ROOT,checkpoints_VicReg_ImageNet_NEWXX/vicreg_mu_23.0_epoch_48.pth,35d103e0834cf546b5671bda4c74f187788b27ef37ffe42c96a1d9f36436f1d1,PARTIAL_STATE,UNKNOWN,Directory name is not sufficient provenance,PROVENANCE_UNKNOWN,197,238,Soil unlabeled pretraining cannot be called completely held-out inductive when prospective test images/groups overlap its pool.
sha256:05503bd74530d5cf638f,CHECKPOINT_ROOT,checkpoints_VicReg_ImageNet_NEWXX/vicreg_mu_23.0_epoch_49.pth,05503bd74530d5cf638f6162d235736e1e66e599a1cc0875e57dcfb622cda0d3,PARTIAL_STATE,UNKNOWN,Directory name is not sufficient provenance,PROVENANCE_UNKNOWN,197,238,Soil unlabeled pretraining cannot be called completely held-out inductive when prospective test images/groups overlap its pool.
sha256:fb4c235bef275187a419,CHECKPOINT_ROOT,checkpoints_VicReg_ImageNet_NEWXX/vicreg_mu_23.0_epoch_5.pth,fb4c235bef275187a419644fd4621be889223095e13c350d535ed042799c520d,PARTIAL_STATE,UNKNOWN,Directory name is not sufficient provenance,PROVENANCE_UNKNOWN,197,238,Soil unlabeled pretraining cannot be called completely held-out inductive when prospective test images/groups overlap its pool.
sha256:d98373df40c6ef888135,CHECKPOINT_ROOT,checkpoints_VicReg_ImageNet_NEWXX/vicreg_mu_23.0_epoch_50.pth,d98373df40c6ef888135650f5b497b682c0f1147904066971e8f1ede667d7ad4,PARTIAL_STATE,UNKNOWN,Directory name is not sufficient provenance,PROVENANCE_UNKNOWN,197,238,Soil unlabeled pretraining cannot be called completely held-out inductive when prospective test images/groups overlap its pool.
sha256:5c7c027a16b816d5aa06,CHECKPOINT_ROOT,checkpoints_VicReg_ImageNet_NEWXX/vicreg_mu_23.0_epoch_51.pth,5c7c027a16b816d5aa062c795194acea2e347bec7cd57a3fb7d033dcb211a035,PARTIAL_STATE,UNKNOWN,Directory name is not sufficient provenance,PROVENANCE_UNKNOWN,197,238,Soil unlabeled pretraining cannot be called completely held-out inductive when prospective test images/groups overlap its pool.
sha256:6246cecdb8b29617dadc,CHECKPOINT_ROOT,checkpoints_VicReg_ImageNet_NEWXX/vicreg_mu_23.0_epoch_52.pth,6246cecdb8b29617dadc7df4429bf025267bd5a0a8b79e6574fe4bc1513323ae,PARTIAL_STATE,UNKNOWN,Directory name is not sufficient provenance,PROVENANCE_UNKNOWN,197,238,Soil unlabeled pretraining cannot be called completely held-out inductive when prospective test images/groups overlap its pool.
sha256:23f3e4b948322e941fa1,CHECKPOINT_ROOT,checkpoints_VicReg_ImageNet_NEWXX/vicreg_mu_23.0_epoch_53.pth,23f3e4b948322e941fa107bba0a284f039952a7e1e166619dea9fc68292d11d6,PARTIAL_STATE,UNKNOWN,Directory name is not sufficient provenance,PROVENANCE_UNKNOWN,197,238,Soil unlabeled pretraining cannot be called completely held-out inductive when prospective test images/groups overlap its pool.
sha256:d0bb78951988b546710f,CHECKPOINT_ROOT,checkpoints_VicReg_ImageNet_NEWXX/vicreg_mu_23.0_epoch_54.pth,d0bb78951988b546710f80364d539d711bb531d8cc9358ef9ee377714497e5e7,PARTIAL_STATE,UNKNOWN,Directory name is not sufficient provenance,PROVENANCE_UNKNOWN,197,238,Soil unlabeled pretraining cannot be called completely held-out inductive when prospective test images/groups overlap its pool.
sha256:bcd3ad235a77da5d8544,CHECKPOINT_ROOT,checkpoints_VicReg_ImageNet_NEWXX/vicreg_mu_23.0_epoch_55.pth,bcd3ad235a77da5d85443da271d0344751d4a979abaf8c3c2c9fce19b01a6a47,PARTIAL_STATE,UNKNOWN,Directory name is not sufficient provenance,PROVENANCE_UNKNOWN,197,238,Soil unlabeled pretraining cannot be called completely held-out inductive when prospective test images/groups overlap its pool.
sha256:732f6ffc7445af468adf,CHECKPOINT_ROOT,checkpoints_VicReg_ImageNet_NEWXX/vicreg_mu_23.0_epoch_56.pth,732f6ffc7445af468adf759a85fc22eef06df29a1794a8442696148c73d05462,PARTIAL_STATE,UNKNOWN,Directory name is not sufficient provenance,PROVENANCE_UNKNOWN,197,238,Soil unlabeled pretraining cannot be called completely held-out inductive when prospective test images/groups overlap its pool.
sha256:97b975056b53558e6f06,CHECKPOINT_ROOT,checkpoints_VicReg_ImageNet_NEWXX/vicreg_mu_23.0_epoch_57.pth,97b975056b53558e6f06015c407291f173c57174dff846527aa2994ab2b3776d,PARTIAL_STATE,UNKNOWN,Directory name is not sufficient provenance,PROVENANCE_UNKNOWN,197,238,Soil unlabeled pretraining cannot be called completely held-out inductive when prospective test images/groups overlap its pool.
sha256:aed893f7e4688ec1a019,CHECKPOINT_ROOT,checkpoints_VicReg_ImageNet_NEWXX/vicreg_mu_23.0_epoch_58.pth,aed893f7e4688ec1a0195754c559a226825b4a7c038d410e86703656bf19835a,PARTIAL_STATE,UNKNOWN,Directory name is not sufficient provenance,PROVENANCE_UNKNOWN,197,238,Soil unlabeled pretraining cannot be called completely held-out inductive when prospective test images/groups overlap its pool.
sha256:ac67a340e53af42be61b,CHECKPOINT_ROOT,checkpoints_VicReg_ImageNet_NEWXX/vicreg_mu_23.0_epoch_59.pth,ac67a340e53af42be61ba315aa362b45686a79b4723aff37c1cbda5e3ec70c76,PARTIAL_STATE,UNKNOWN,Directory name is not sufficient provenance,PROVENANCE_UNKNOWN,197,238,Soil unlabeled pretraining cannot be called completely held-out inductive when prospective test images/groups overlap its pool.
sha256:9725ac9b23af13390b59,CHECKPOINT_ROOT,checkpoints_VicReg_ImageNet_NEWXX/vicreg_mu_23.0_epoch_6.pth,9725ac9b23af13390b59b99618e37ea961f9155d29836c3567b78fdfc7c6ab7d,PARTIAL_STATE,UNKNOWN,Directory name is not sufficient provenance,PROVENANCE_UNKNOWN,197,238,Soil unlabeled pretraining cannot be called completely held-out inductive when prospective test images/groups overlap its pool.
sha256:a8d18ed05517e14b0650,CHECKPOINT_ROOT,checkpoints_VicReg_ImageNet_NEWXX/vicreg_mu_23.0_epoch_60.pth,a8d18ed05517e14b06509e1281cc3ff235605c328d8f5947e6c4a46807269b3d,PARTIAL_STATE,UNKNOWN,Directory name is not sufficient provenance,PROVENANCE_UNKNOWN,197,238,Soil unlabeled pretraining cannot be called completely held-out inductive when prospective test images/groups overlap its pool.
sha256:4d22c830561babe9c976,CHECKPOINT_ROOT,checkpoints_VicReg_ImageNet_NEWXX/vicreg_mu_23.0_epoch_61.pth,4d22c830561babe9c9762a0f56baf16249b139cba2c7428a6abd05463e33830a,PARTIAL_STATE,UNKNOWN,Directory name is not sufficient provenance,PROVENANCE_UNKNOWN,197,238,Soil unlabeled pretraining cannot be called completely held-out inductive when prospective test images/groups overlap its pool.
sha256:08283612a1f51301899d,CHECKPOINT_ROOT,checkpoints_VicReg_ImageNet_NEWXX/vicreg_mu_23.0_epoch_62.pth,08283612a1f51301899d6b1e2813ce228c2632d31e94fd6cfcb1dc754044bf1d,PARTIAL_STATE,UNKNOWN,Directory name is not sufficient provenance,PROVENANCE_UNKNOWN,197,238,Soil unlabeled pretraining cannot be called completely held-out inductive when prospective test images/groups overlap its pool.
sha256:8cba4cab3795ae6f9541,CHECKPOINT_ROOT,checkpoints_VicReg_ImageNet_NEWXX/vicreg_mu_23.0_epoch_63.pth,8cba4cab3795ae6f9541a3e6c177737967113434d7fceab685e6c415b728afe2,PARTIAL_STATE,UNKNOWN,Directory name is not sufficient provenance,PROVENANCE_UNKNOWN,197,238,Soil unlabeled pretraining cannot be called completely held-out inductive when prospective test images/groups overlap its pool.
sha256:771773aabecae3691aa2,CHECKPOINT_ROOT,checkpoints_VicReg_ImageNet_NEWXX/vicreg_mu_23.0_epoch_64.pth,771773aabecae3691aa2e8b9a433beb61df9e72d9945c447a557638e2828d514,PARTIAL_STATE,UNKNOWN,Directory name is not sufficient provenance,PROVENANCE_UNKNOWN,197,238,Soil unlabeled pretraining cannot be called completely held-out inductive when prospective test images/groups overlap its pool.
sha256:31d129f71610c3e89beb,CHECKPOINT_ROOT,checkpoints_VicReg_ImageNet_NEWXX/vicreg_mu_23.0_epoch_65.pth,31d129f71610c3e89beb0efa4af9e3a44987fecab471b071abafc18dcd849632,PARTIAL_STATE,UNKNOWN,Directory name is not sufficient provenance,PROVENANCE_UNKNOWN,197,238,Soil unlabeled pretraining cannot be called completely held-out inductive when prospective test images/groups overlap its pool.
sha256:8281131fddc1923de7ab,CHECKPOINT_ROOT,checkpoints_VicReg_ImageNet_NEWXX/vicreg_mu_23.0_epoch_66.pth,8281131fddc1923de7ab020d2b4024f05bb9390b6ab58b67016ee582b1615268,PARTIAL_STATE,UNKNOWN,Directory name is not sufficient provenance,PROVENANCE_UNKNOWN,197,238,Soil unlabeled pretraining cannot be called completely held-out inductive when prospective test images/groups overlap its pool.
sha256:be0bf62907cc99e4dffa,CHECKPOINT_ROOT,checkpoints_VicReg_ImageNet_NEWXX/vicreg_mu_23.0_epoch_67.pth,be0bf62907cc99e4dffad2b632ece5d8406d3f59cf5f0a574cd311e3da213766,PARTIAL_STATE,UNKNOWN,Directory name is not sufficient provenance,PROVENANCE_UNKNOWN,197,238,Soil unlabeled pretraining cannot be called completely held-out inductive when prospective test images/groups overlap its pool.
sha256:58e9af797eda09545ed8,CHECKPOINT_ROOT,checkpoints_VicReg_ImageNet_NEWXX/vicreg_mu_23.0_epoch_68.pth,58e9af797eda09545ed894144a7abb30242db9c778fc3309472f89acd1a443fa,PARTIAL_STATE,UNKNOWN,Directory name is not sufficient provenance,PROVENANCE_UNKNOWN,197,238,Soil unlabeled pretraining cannot be called completely held-out inductive when prospective test images/groups overlap its pool.
sha256:028830b06c5196cf8ea5,CHECKPOINT_ROOT,checkpoints_VicReg_ImageNet_NEWXX/vicreg_mu_23.0_epoch_69.pth,028830b06c5196cf8ea5f7370588c3ea7a4a08269e5d74083b9c5a3a855aa1f7,PARTIAL_STATE,UNKNOWN,Directory name is not sufficient provenance,PROVENANCE_UNKNOWN,197,238,Soil unlabeled pretraining cannot be called completely held-out inductive when prospective test images/groups overlap its pool.
sha256:744aa2ac1a664e70ca18,CHECKPOINT_ROOT,checkpoints_VicReg_ImageNet_NEWXX/vicreg_mu_23.0_epoch_7.pth,744aa2ac1a664e70ca1813bbf0b0cecf0545575415c733fe0d75f5b5399ab37b,PARTIAL_STATE,UNKNOWN,Directory name is not sufficient provenance,PROVENANCE_UNKNOWN,197,238,Soil unlabeled pretraining cannot be called completely held-out inductive when prospective test images/groups overlap its pool.
sha256:105965f75a9e2719c611,CHECKPOINT_ROOT,checkpoints_VicReg_ImageNet_NEWXX/vicreg_mu_23.0_epoch_70.pth,105965f75a9e2719c611f8c08c9802c278f11fc0598bb9bdd761d09ec0aa145b,PARTIAL_STATE,UNKNOWN,Directory name is not sufficient provenance,PROVENANCE_UNKNOWN,197,238,Soil unlabeled pretraining cannot be called completely held-out inductive when prospective test images/groups overlap its pool.
sha256:98a8b356c3c650db3fe4,CHECKPOINT_ROOT,checkpoints_VicReg_ImageNet_NEWXX/vicreg_mu_23.0_epoch_71.pth,98a8b356c3c650db3fe49b63e8c9d24c9a65bdb411df8782fc452d491f289d0e,PARTIAL_STATE,UNKNOWN,Directory name is not sufficient provenance,PROVENANCE_UNKNOWN,197,238,Soil unlabeled pretraining cannot be called completely held-out inductive when prospective test images/groups overlap its pool.
sha256:8d4dadd49ed547d44f4d,CHECKPOINT_ROOT,checkpoints_VicReg_ImageNet_NEWXX/vicreg_mu_23.0_epoch_72.pth,8d4dadd49ed547d44f4de99b0dd8d03e64424f12bfd86d099c3543e2eec789af,PARTIAL_STATE,UNKNOWN,Directory name is not sufficient provenance,PROVENANCE_UNKNOWN,197,238,Soil unlabeled pretraining cannot be called completely held-out inductive when prospective test images/groups overlap its pool.
sha256:c751b228629caf615bf9,CHECKPOINT_ROOT,checkpoints_VicReg_ImageNet_NEWXX/vicreg_mu_23.0_epoch_8.pth,c751b228629caf615bf936e82dce43e232530a43a6bf0203c76411d061055cdf,PARTIAL_STATE,UNKNOWN,Directory name is not sufficient provenance,PROVENANCE_UNKNOWN,197,238,Soil unlabeled pretraining cannot be called completely held-out inductive when prospective test images/groups overlap its pool.
sha256:0e00016bb88f794c262c,CHECKPOINT_ROOT,checkpoints_VicReg_ImageNet_NEWXX/vicreg_mu_23.0_epoch_9.pth,0e00016bb88f794c262c174697ca6b20a4ce1b60b7894dd8f42d53f4e856aa2c,PARTIAL_STATE,UNKNOWN,Directory name is not sufficient provenance,PROVENANCE_UNKNOWN,197,238,Soil unlabeled pretraining cannot be called completely held-out inductive when prospective test images/groups overlap its pool.
sha256:11bf7c902c9b9bba5003,CHECKPOINT_ROOT,checkpoints_VicReg_ImageNet_NEWXX/vicreg_projector_final_mu_20.0.pth,11bf7c902c9b9bba500347a79e761717512782b3feabbe4a531a014663fb5e47,VICREG_PROJECTOR,UNKNOWN,Directory name is not sufficient provenance,PROVENANCE_UNKNOWN,197,238,Soil unlabeled pretraining cannot be called completely held-out inductive when prospective test images/groups overlap its pool.
sha256:2708eb89c6d6341b636d,CHECKPOINT_ROOT,checkpoints_VicReg_original_NEW/vicreg_model_final_mu_20.0.pth,2708eb89c6d6341b636da668a8d1e732b971f565937f9a94b97c325f415bc85f,SSL_BACKBONE,SOIL_IMAGES_UNLABELED,TinyImageNet/ImageNet initializer possible; exact generation-specific initializer requires lineage review,TRANSDUCTIVE_PRETRAINING,197,238,Soil unlabeled pretraining cannot be called completely held-out inductive when prospective test images/groups overlap its pool.
sha256:8ac2cc4110c3d6a6f740,CHECKPOINT_ROOT,checkpoints_VicReg_original_NEW/vicreg_model_final_mu_23.0.pth,8ac2cc4110c3d6a6f7408352ae376a898f8da856b0441e704eae92f4fabcf41b,SSL_BACKBONE,SOIL_IMAGES_UNLABELED,TinyImageNet/ImageNet initializer possible; exact generation-specific initializer requires lineage review,TRANSDUCTIVE_PRETRAINING,197,238,Soil unlabeled pretraining cannot be called completely held-out inductive when prospective test images/groups overlap its pool.
sha256:5b5b015f3bc14e6ce915,CHECKPOINT_ROOT,checkpoints_VicReg_original_NEW/vicreg_model_final_mu_25.0.pth,5b5b015f3bc14e6ce9158dd62a08c9d2697b53092ada506922b622553f402285,SSL_BACKBONE,SOIL_IMAGES_UNLABELED,TinyImageNet/ImageNet initializer possible; exact generation-specific initializer requires lineage review,TRANSDUCTIVE_PRETRAINING,197,238,Soil unlabeled pretraining cannot be called completely held-out inductive when prospective test images/groups overlap its pool.
sha256:42599ac025b8d8c8c5b8,CHECKPOINT_ROOT,checkpoints_VicReg_original_NEW/vicreg_model_final_mu_27.0.pth,42599ac025b8d8c8c5b8cca36624665f155e0ff588cd90de2fd47b08cd2d60d8,SSL_BACKBONE,SOIL_IMAGES_UNLABELED,TinyImageNet/ImageNet initializer possible; exact generation-specific initializer requires lineage review,TRANSDUCTIVE_PRETRAINING,197,238,Soil unlabeled pretraining cannot be called completely held-out inductive when prospective test images/groups overlap its pool.
sha256:08678cf2bc39897aa6b8,CHECKPOINT_ROOT,checkpoints_VicReg_original_NEW/vicreg_model_final_mu_30.0.pth,08678cf2bc39897aa6b87c3fb5c454367c948edef634e542e2da6bf827d3c5ae,SSL_BACKBONE,SOIL_IMAGES_UNLABELED,TinyImageNet/ImageNet initializer possible; exact generation-specific initializer requires lineage review,TRANSDUCTIVE_PRETRAINING,197,238,Soil unlabeled pretraining cannot be called completely held-out inductive when prospective test images/groups overlap its pool.
sha256:eca38571da2404f39ddf,CHECKPOINT_ROOT,checkpoints_VicReg_original_NEW/vicreg_model_final_mu_33.0.pth,eca38571da2404f39ddf6deaf19d7844aece3407a6fa8383e1f572f23336a94d,SSL_BACKBONE,SOIL_IMAGES_UNLABELED,TinyImageNet/ImageNet initializer possible; exact generation-specific initializer requires lineage review,TRANSDUCTIVE_PRETRAINING,197,238,Soil unlabeled pretraining cannot be called completely held-out inductive when prospective test images/groups overlap its pool.
sha256:ce10162a99fc96dab492,CHECKPOINT_ROOT,checkpoints_VicReg_original_NEW/vicreg_mu_20.0_epoch_1.pth,ce10162a99fc96dab49263f676693b2eb109cb4a78931b2f7e24749a745de017,PARTIAL_STATE,SOIL_IMAGES_UNLABELED,TinyImageNet/ImageNet initializer possible; exact generation-specific initializer requires lineage review,TRANSDUCTIVE_PRETRAINING,197,238,Soil unlabeled pretraining cannot be called completely held-out inductive when prospective test images/groups overlap its pool.
sha256:06aba241c056708f9297,CHECKPOINT_ROOT,checkpoints_VicReg_original_NEW/vicreg_mu_20.0_epoch_10.pth,06aba241c056708f9297e9d6fa8a6b27dfc12c46a406e1c02bf52bb18f51e0b6,PARTIAL_STATE,SOIL_IMAGES_UNLABELED,TinyImageNet/ImageNet initializer possible; exact generation-specific initializer requires lineage review,TRANSDUCTIVE_PRETRAINING,197,238,Soil unlabeled pretraining cannot be called completely held-out inductive when prospective test images/groups overlap its pool.
sha256:3d0388cf39c4152925e0,CHECKPOINT_ROOT,checkpoints_VicReg_original_NEW/vicreg_mu_20.0_epoch_11.pth,3d0388cf39c4152925e0a8ed1754eb9cf0f78f6f569ecfad1499cbb604de7fea,PARTIAL_STATE,SOIL_IMAGES_UNLABELED,TinyImageNet/ImageNet initializer possible; exact generation-specific initializer requires lineage review,TRANSDUCTIVE_PRETRAINING,197,238,Soil unlabeled pretraining cannot be called completely held-out inductive when prospective test images/groups overlap its pool.
sha256:7b309e1eae402459c076,CHECKPOINT_ROOT,checkpoints_VicReg_original_NEW/vicreg_mu_20.0_epoch_12.pth,7b309e1eae402459c076e27510468d8a145c5f5634b502a252bc8971cd2304c8,PARTIAL_STATE,SOIL_IMAGES_UNLABELED,TinyImageNet/ImageNet initializer possible; exact generation-specific initializer requires lineage review,TRANSDUCTIVE_PRETRAINING,197,238,Soil unlabeled pretraining cannot be called completely held-out inductive when prospective test images/groups overlap its pool.
sha256:5cc3c65505569b31cc25,CHECKPOINT_ROOT,checkpoints_VicReg_original_NEW/vicreg_mu_20.0_epoch_13.pth,5cc3c65505569b31cc25769be75b8b7efe4c21fbb76557e7faa0069593460fa8,PARTIAL_STATE,SOIL_IMAGES_UNLABELED,TinyImageNet/ImageNet initializer possible; exact generation-specific initializer requires lineage review,TRANSDUCTIVE_PRETRAINING,197,238,Soil unlabeled pretraining cannot be called completely held-out inductive when prospective test images/groups overlap its pool.
sha256:fa0d111cd14192502b07,CHECKPOINT_ROOT,checkpoints_VicReg_original_NEW/vicreg_mu_20.0_epoch_14.pth,fa0d111cd14192502b076f6847e3e5f2c264edde3599ae95f28a3b39e44d8410,PARTIAL_STATE,SOIL_IMAGES_UNLABELED,TinyImageNet/ImageNet initializer possible; exact generation-specific initializer requires lineage review,TRANSDUCTIVE_PRETRAINING,197,238,Soil unlabeled pretraining cannot be called completely held-out inductive when prospective test images/groups overlap its pool.
sha256:15633d047d0e6b2a9642,CHECKPOINT_ROOT,checkpoints_VicReg_original_NEW/vicreg_mu_20.0_epoch_15.pth,15633d047d0e6b2a964276a4ceaeaa1045c4d599dc534f20e1cc5cc31b013499,PARTIAL_STATE,SOIL_IMAGES_UNLABELED,TinyImageNet/ImageNet initializer possible; exact generation-specific initializer requires lineage review,TRANSDUCTIVE_PRETRAINING,197,238,Soil unlabeled pretraining cannot be called completely held-out inductive when prospective test images/groups overlap its pool.
sha256:b90d7181fac3dc8ff541,CHECKPOINT_ROOT,checkpoints_VicReg_original_NEW/vicreg_mu_20.0_epoch_16.pth,b90d7181fac3dc8ff541cdda44f39f2bb398bb25579ae9d85319c7f2f0c9083f,PARTIAL_STATE,SOIL_IMAGES_UNLABELED,TinyImageNet/ImageNet initializer possible; exact generation-specific initializer requires lineage review,TRANSDUCTIVE_PRETRAINING,197,238,Soil unlabeled pretraining cannot be called completely held-out inductive when prospective test images/groups overlap its pool.
sha256:f5cfc7ce125288574b8d,CHECKPOINT_ROOT,checkpoints_VicReg_original_NEW/vicreg_mu_20.0_epoch_17.pth,f5cfc7ce125288574b8da4b2a00a2447fd1edad89688046a7141add568d21270,PARTIAL_STATE,SOIL_IMAGES_UNLABELED,TinyImageNet/ImageNet initializer possible; exact generation-specific initializer requires lineage review,TRANSDUCTIVE_PRETRAINING,197,238,Soil unlabeled pretraining cannot be called completely held-out inductive when prospective test images/groups overlap its pool.
sha256:7badcaf8ab3b12d03d3b,CHECKPOINT_ROOT,checkpoints_VicReg_original_NEW/vicreg_mu_20.0_epoch_18.pth,7badcaf8ab3b12d03d3bd3630b482c0ba8d346c8f489f38e8ea731055f499a7a,PARTIAL_STATE,SOIL_IMAGES_UNLABELED,TinyImageNet/ImageNet initializer possible; exact generation-specific initializer requires lineage review,TRANSDUCTIVE_PRETRAINING,197,238,Soil unlabeled pretraining cannot be called completely held-out inductive when prospective test images/groups overlap its pool.
sha256:7b21a09c954a2826316b,CHECKPOINT_ROOT,checkpoints_VicReg_original_NEW/vicreg_mu_20.0_epoch_19.pth,7b21a09c954a2826316ba8de1fd713077eb47b45b9888c23b62b7a913f84e4e0,PARTIAL_STATE,SOIL_IMAGES_UNLABELED,TinyImageNet/ImageNet initializer possible; exact generation-specific initializer requires lineage review,TRANSDUCTIVE_PRETRAINING,197,238,Soil unlabeled pretraining cannot be called completely held-out inductive when prospective test images/groups overlap its pool.
sha256:59ce0e8db1ce76b579f8,CHECKPOINT_ROOT,checkpoints_VicReg_original_NEW/vicreg_mu_20.0_epoch_2.pth,59ce0e8db1ce76b579f8fd77e53640710d8f87fffc2b104576bb3caa4e669b59,PARTIAL_STATE,SOIL_IMAGES_UNLABELED,TinyImageNet/ImageNet initializer possible; exact generation-specific initializer requires lineage review,TRANSDUCTIVE_PRETRAINING,197,238,Soil unlabeled pretraining cannot be called completely held-out inductive when prospective test images/groups overlap its pool.
sha256:da7b4f1bc9d1986542f4,CHECKPOINT_ROOT,checkpoints_VicReg_original_NEW/vicreg_mu_20.0_epoch_20.pth,da7b4f1bc9d1986542f40e028b2b78de384b670e71bb32c4e227fab4792d5b78,PARTIAL_STATE,SOIL_IMAGES_UNLABELED,TinyImageNet/ImageNet initializer possible; exact generation-specific initializer requires lineage review,TRANSDUCTIVE_PRETRAINING,197,238,Soil unlabeled pretraining cannot be called completely held-out inductive when prospective test images/groups overlap its pool.
sha256:b5d73e52236ecdc87016,CHECKPOINT_ROOT,checkpoints_VicReg_original_NEW/vicreg_mu_20.0_epoch_21.pth,b5d73e52236ecdc870165f2b22c8f41731ff01f656850e25260a3c4ace9bd954,PARTIAL_STATE,SOIL_IMAGES_UNLABELED,TinyImageNet/ImageNet initializer possible; exact generation-specific initializer requires lineage review,TRANSDUCTIVE_PRETRAINING,197,238,Soil unlabeled pretraining cannot be called completely held-out inductive when prospective test images/groups overlap its pool.
sha256:eaf68de4c3641a8c01c9,CHECKPOINT_ROOT,checkpoints_VicReg_original_NEW/vicreg_mu_20.0_epoch_22.pth,eaf68de4c3641a8c01c99866c4654b738688c2ca8d8817600bab5c55b77dd85f,PARTIAL_STATE,SOIL_IMAGES_UNLABELED,TinyImageNet/ImageNet initializer possible; exact generation-specific initializer requires lineage review,TRANSDUCTIVE_PRETRAINING,197,238,Soil unlabeled pretraining cannot be called completely held-out inductive when prospective test images/groups overlap its pool.
sha256:a2e54662a8bea96db6f3,CHECKPOINT_ROOT,checkpoints_VicReg_original_NEW/vicreg_mu_20.0_epoch_23.pth,a2e54662a8bea96db6f3b543b29c14e360989e259101ca435cdd418e49368c89,PARTIAL_STATE,SOIL_IMAGES_UNLABELED,TinyImageNet/ImageNet initializer possible; exact generation-specific initializer requires lineage review,TRANSDUCTIVE_PRETRAINING,197,238,Soil unlabeled pretraining cannot be called completely held-out inductive when prospective test images/groups overlap its pool.
sha256:0ab9d73438759016f1ff,CHECKPOINT_ROOT,checkpoints_VicReg_original_NEW/vicreg_mu_20.0_epoch_24.pth,0ab9d73438759016f1ffedba3ebc61a9bae251a93ed9be36de5c9902ee7584dd,PARTIAL_STATE,SOIL_IMAGES_UNLABELED,TinyImageNet/ImageNet initializer possible; exact generation-specific initializer requires lineage review,TRANSDUCTIVE_PRETRAINING,197,238,Soil unlabeled pretraining cannot be called completely held-out inductive when prospective test images/groups overlap its pool.
sha256:14e4b651eee9d723f7b5,CHECKPOINT_ROOT,checkpoints_VicReg_original_NEW/vicreg_mu_20.0_epoch_25.pth,14e4b651eee9d723f7b5b867c11b60903e312ac05f6b33e1c54d86cd9834dcb6,PARTIAL_STATE,SOIL_IMAGES_UNLABELED,TinyImageNet/ImageNet initializer possible; exact generation-specific initializer requires lineage review,TRANSDUCTIVE_PRETRAINING,197,238,Soil unlabeled pretraining cannot be called completely held-out inductive when prospective test images/groups overlap its pool.
sha256:8d349c8a0a55921a9acc,CHECKPOINT_ROOT,checkpoints_VicReg_original_NEW/vicreg_mu_20.0_epoch_26.pth,8d349c8a0a55921a9accfbc686dc47ef34193e614bf75ea0af5d9ebe031c5379,PARTIAL_STATE,SOIL_IMAGES_UNLABELED,TinyImageNet/ImageNet initializer possible; exact generation-specific initializer requires lineage review,TRANSDUCTIVE_PRETRAINING,197,238,Soil unlabeled pretraining cannot be called completely held-out inductive when prospective test images/groups overlap its pool.
sha256:79aa5cbcda86d80f38b5,CHECKPOINT_ROOT,checkpoints_VicReg_original_NEW/vicreg_mu_20.0_epoch_27.pth,79aa5cbcda86d80f38b587a5585e4ed26bb1618010279b08505b56e4d8e1d6c6,PARTIAL_STATE,SOIL_IMAGES_UNLABELED,TinyImageNet/ImageNet initializer possible; exact generation-specific initializer requires lineage review,TRANSDUCTIVE_PRETRAINING,197,238,Soil unlabeled pretraining cannot be called completely held-out inductive when prospective test images/groups overlap its pool.
sha256:20cd721f6a1f148d5e7e,CHECKPOINT_ROOT,checkpoints_VicReg_original_NEW/vicreg_mu_20.0_epoch_28.pth,20cd721f6a1f148d5e7e12ca9cf5c4d77448d388db1141f7de8a1f07efbe115d,PARTIAL_STATE,SOIL_IMAGES_UNLABELED,TinyImageNet/ImageNet initializer possible; exact generation-specific initializer requires lineage review,TRANSDUCTIVE_PRETRAINING,197,238,Soil unlabeled pretraining cannot be called completely held-out inductive when prospective test images/groups overlap its pool.
sha256:2e4777a03ae1a938cd43,CHECKPOINT_ROOT,checkpoints_VicReg_original_NEW/vicreg_mu_20.0_epoch_29.pth,2e4777a03ae1a938cd435b06fee3199037537cc17eb1ca9a4f0e7298768123d7,PARTIAL_STATE,SOIL_IMAGES_UNLABELED,TinyImageNet/ImageNet initializer possible; exact generation-specific initializer requires lineage review,TRANSDUCTIVE_PRETRAINING,197,238,Soil unlabeled pretraining cannot be called completely held-out inductive when prospective test images/groups overlap its pool.
sha256:b0504f583ec3fd519756,CHECKPOINT_ROOT,checkpoints_VicReg_original_NEW/vicreg_mu_20.0_epoch_3.pth,b0504f583ec3fd519756cf602a597dbc96fa2467668f4f5e213821a63e405954,PARTIAL_STATE,SOIL_IMAGES_UNLABELED,TinyImageNet/ImageNet initializer possible; exact generation-specific initializer requires lineage review,TRANSDUCTIVE_PRETRAINING,197,238,Soil unlabeled pretraining cannot be called completely held-out inductive when prospective test images/groups overlap its pool.
sha256:8c94ab92a30e86c969dd,CHECKPOINT_ROOT,checkpoints_VicReg_original_NEW/vicreg_mu_20.0_epoch_30.pth,8c94ab92a30e86c969dd3c2a8c6a9270e33a5bdb3e0c179c284b446d0869c97c,PARTIAL_STATE,SOIL_IMAGES_UNLABELED,TinyImageNet/ImageNet initializer possible; exact generation-specific initializer requires lineage review,TRANSDUCTIVE_PRETRAINING,197,238,Soil unlabeled pretraining cannot be called completely held-out inductive when prospective test images/groups overlap its pool.
sha256:bf3e53de01f60a0340d7,CHECKPOINT_ROOT,checkpoints_VicReg_original_NEW/vicreg_mu_20.0_epoch_31.pth,bf3e53de01f60a0340d77b06966dd63ba9ef84856ecbd77ee70cc511a3b3a2fa,PARTIAL_STATE,SOIL_IMAGES_UNLABELED,TinyImageNet/ImageNet initializer possible; exact generation-specific initializer requires lineage review,TRANSDUCTIVE_PRETRAINING,197,238,Soil unlabeled pretraining cannot be called completely held-out inductive when prospective test images/groups overlap its pool.
sha256:c9754b7090c5e6f39390,CHECKPOINT_ROOT,checkpoints_VicReg_original_NEW/vicreg_mu_20.0_epoch_32.pth,c9754b7090c5e6f393900ab96abe795a5bf9ae2acdf794d9a57942f984429703,PARTIAL_STATE,SOIL_IMAGES_UNLABELED,TinyImageNet/ImageNet initializer possible; exact generation-specific initializer requires lineage review,TRANSDUCTIVE_PRETRAINING,197,238,Soil unlabeled pretraining cannot be called completely held-out inductive when prospective test images/groups overlap its pool.
sha256:08352928a0712299470f,CHECKPOINT_ROOT,checkpoints_VicReg_original_NEW/vicreg_mu_20.0_epoch_33.pth,08352928a0712299470fc136da7c3e3e1c88f0343e12646d4e54c009483dc13a,PARTIAL_STATE,SOIL_IMAGES_UNLABELED,TinyImageNet/ImageNet initializer possible; exact generation-specific initializer requires lineage review,TRANSDUCTIVE_PRETRAINING,197,238,Soil unlabeled pretraining cannot be called completely held-out inductive when prospective test images/groups overlap its pool.
sha256:693b99ddecb1c84c0c1d,CHECKPOINT_ROOT,checkpoints_VicReg_original_NEW/vicreg_mu_20.0_epoch_34.pth,693b99ddecb1c84c0c1d9c5284fcc60b6057320bf1c35a9088b20e3406b092f4,PARTIAL_STATE,SOIL_IMAGES_UNLABELED,TinyImageNet/ImageNet initializer possible; exact generation-specific initializer requires lineage review,TRANSDUCTIVE_PRETRAINING,197,238,Soil unlabeled pretraining cannot be called completely held-out inductive when prospective test images/groups overlap its pool.
sha256:533df1f68b430d7bcb69,CHECKPOINT_ROOT,checkpoints_VicReg_original_NEW/vicreg_mu_20.0_epoch_35.pth,533df1f68b430d7bcb69cf02cbda999eca7f215b4546256e269066307f65739b,PARTIAL_STATE,SOIL_IMAGES_UNLABELED,TinyImageNet/ImageNet initializer possible; exact generation-specific initializer requires lineage review,TRANSDUCTIVE_PRETRAINING,197,238,Soil unlabeled pretraining cannot be called completely held-out inductive when prospective test images/groups overlap its pool.
sha256:a3401d14a5bc2ad35ec1,CHECKPOINT_ROOT,checkpoints_VicReg_original_NEW/vicreg_mu_20.0_epoch_36.pth,a3401d14a5bc2ad35ec19f00d0dcb9c24e192c2124a9d752f601abc22d60e700,PARTIAL_STATE,SOIL_IMAGES_UNLABELED,TinyImageNet/ImageNet initializer possible; exact generation-specific initializer requires lineage review,TRANSDUCTIVE_PRETRAINING,197,238,Soil unlabeled pretraining cannot be called completely held-out inductive when prospective test images/groups overlap its pool.
sha256:f9bea741ea34b7bc05ca,CHECKPOINT_ROOT,checkpoints_VicReg_original_NEW/vicreg_mu_20.0_epoch_37.pth,f9bea741ea34b7bc05ca6f904547efdd1e624be12934ab7faa9165ee72e6d5e5,PARTIAL_STATE,SOIL_IMAGES_UNLABELED,TinyImageNet/ImageNet initializer possible; exact generation-specific initializer requires lineage review,TRANSDUCTIVE_PRETRAINING,197,238,Soil unlabeled pretraining cannot be called completely held-out inductive when prospective test images/groups overlap its pool.
sha256:653fbbecce2216dfeb8c,CHECKPOINT_ROOT,checkpoints_VicReg_original_NEW/vicreg_mu_20.0_epoch_38.pth,653fbbecce2216dfeb8cc7b1960fca5c7ffc815364eeb6d73fa1a256db1a4d5e,PARTIAL_STATE,SOIL_IMAGES_UNLABELED,TinyImageNet/ImageNet initializer possible; exact generation-specific initializer requires lineage review,TRANSDUCTIVE_PRETRAINING,197,238,Soil unlabeled pretraining cannot be called completely held-out inductive when prospective test images/groups overlap its pool.
sha256:e308ac96aa60ae122ee0,CHECKPOINT_ROOT,checkpoints_VicReg_original_NEW/vicreg_mu_20.0_epoch_39.pth,e308ac96aa60ae122ee096e67921b5c8a766d6679b54d5233e051996d0f20235,PARTIAL_STATE,SOIL_IMAGES_UNLABELED,TinyImageNet/ImageNet initializer possible; exact generation-specific initializer requires lineage review,TRANSDUCTIVE_PRETRAINING,197,238,Soil unlabeled pretraining cannot be called completely held-out inductive when prospective test images/groups overlap its pool.
sha256:d18dc9337c0fea579756,CHECKPOINT_ROOT,checkpoints_VicReg_original_NEW/vicreg_mu_20.0_epoch_4.pth,d18dc9337c0fea57975667e2e1b604215f3c897d89c15862ead0b1f7d09e4b5f,PARTIAL_STATE,SOIL_IMAGES_UNLABELED,TinyImageNet/ImageNet initializer possible; exact generation-specific initializer requires lineage review,TRANSDUCTIVE_PRETRAINING,197,238,Soil unlabeled pretraining cannot be called completely held-out inductive when prospective test images/groups overlap its pool.
sha256:57d1476277f20a340e99,CHECKPOINT_ROOT,checkpoints_VicReg_original_NEW/vicreg_mu_20.0_epoch_40.pth,57d1476277f20a340e9998849e756a50f6064460482fb6d22e2e2fad7627809e,PARTIAL_STATE,SOIL_IMAGES_UNLABELED,TinyImageNet/ImageNet initializer possible; exact generation-specific initializer requires lineage review,TRANSDUCTIVE_PRETRAINING,197,238,Soil unlabeled pretraining cannot be called completely held-out inductive when prospective test images/groups overlap its pool.
sha256:f34bdcb5f9dfd83db754,CHECKPOINT_ROOT,checkpoints_VicReg_original_NEW/vicreg_mu_20.0_epoch_41.pth,f34bdcb5f9dfd83db7541bb7ab5a2f6c803ace98dbead63632e9a832b054611d,PARTIAL_STATE,SOIL_IMAGES_UNLABELED,TinyImageNet/ImageNet initializer possible; exact generation-specific initializer requires lineage review,TRANSDUCTIVE_PRETRAINING,197,238,Soil unlabeled pretraining cannot be called completely held-out inductive when prospective test images/groups overlap its pool.
sha256:3ca2a1b4ef7124f9fbcd,CHECKPOINT_ROOT,checkpoints_VicReg_original_NEW/vicreg_mu_20.0_epoch_42.pth,3ca2a1b4ef7124f9fbcde9934866b917b03a1a5a25c99517d7b364b997cabfcc,PARTIAL_STATE,SOIL_IMAGES_UNLABELED,TinyImageNet/ImageNet initializer possible; exact generation-specific initializer requires lineage review,TRANSDUCTIVE_PRETRAINING,197,238,Soil unlabeled pretraining cannot be called completely held-out inductive when prospective test images/groups overlap its pool.
sha256:7fa23931bdbd280a3f84,CHECKPOINT_ROOT,checkpoints_VicReg_original_NEW/vicreg_mu_20.0_epoch_43.pth,7fa23931bdbd280a3f84eb32b1062ac35d9e7875685153c3fa9d22fef35d894c,PARTIAL_STATE,SOIL_IMAGES_UNLABELED,TinyImageNet/ImageNet initializer possible; exact generation-specific initializer requires lineage review,TRANSDUCTIVE_PRETRAINING,197,238,Soil unlabeled pretraining cannot be called completely held-out inductive when prospective test images/groups overlap its pool.
sha256:5386b9e8446e72b2b287,CHECKPOINT_ROOT,checkpoints_VicReg_original_NEW/vicreg_mu_20.0_epoch_44.pth,5386b9e8446e72b2b287889268d22105aeafdd02fad13d5b83a729dfc1773672,PARTIAL_STATE,SOIL_IMAGES_UNLABELED,TinyImageNet/ImageNet initializer possible; exact generation-specific initializer requires lineage review,TRANSDUCTIVE_PRETRAINING,197,238,Soil unlabeled pretraining cannot be called completely held-out inductive when prospective test images/groups overlap its pool.
sha256:5d034e0ed331cfdede11,CHECKPOINT_ROOT,checkpoints_VicReg_original_NEW/vicreg_mu_20.0_epoch_45.pth,5d034e0ed331cfdede116245491029673ca33d2cb402faa315f6272f405a24da,PARTIAL_STATE,SOIL_IMAGES_UNLABELED,TinyImageNet/ImageNet initializer possible; exact generation-specific initializer requires lineage review,TRANSDUCTIVE_PRETRAINING,197,238,Soil unlabeled pretraining cannot be called completely held-out inductive when prospective test images/groups overlap its pool.
sha256:0fd6e4508497913e1a80,CHECKPOINT_ROOT,checkpoints_VicReg_original_NEW/vicreg_mu_20.0_epoch_46.pth,0fd6e4508497913e1a80d3551aa5fae5a936ea2fe0c679fcc091c185bf1d7ca5,PARTIAL_STATE,SOIL_IMAGES_UNLABELED,TinyImageNet/ImageNet initializer possible; exact generation-specific initializer requires lineage review,TRANSDUCTIVE_PRETRAINING,197,238,Soil unlabeled pretraining cannot be called completely held-out inductive when prospective test images/groups overlap its pool.
sha256:b40985eab8a5a5d87b50,CHECKPOINT_ROOT,checkpoints_VicReg_original_NEW/vicreg_mu_20.0_epoch_47.pth,b40985eab8a5a5d87b505fac7c1991828d71611cb146332ee11b28cef9e0c240,PARTIAL_STATE,SOIL_IMAGES_UNLABELED,TinyImageNet/ImageNet initializer possible; exact generation-specific initializer requires lineage review,TRANSDUCTIVE_PRETRAINING,197,238,Soil unlabeled pretraining cannot be called completely held-out inductive when prospective test images/groups overlap its pool.
sha256:a83a7c6d70f83c64d958,CHECKPOINT_ROOT,checkpoints_VicReg_original_NEW/vicreg_mu_20.0_epoch_48.pth,a83a7c6d70f83c64d95810d163d71e73d3d3fcaaa7278902218b118ed18cdf2c,PARTIAL_STATE,SOIL_IMAGES_UNLABELED,TinyImageNet/ImageNet initializer possible; exact generation-specific initializer requires lineage review,TRANSDUCTIVE_PRETRAINING,197,238,Soil unlabeled pretraining cannot be called completely held-out inductive when prospective test images/groups overlap its pool.
sha256:3cd3f99736760adc376e,CHECKPOINT_ROOT,checkpoints_VicReg_original_NEW/vicreg_mu_20.0_epoch_49.pth,3cd3f99736760adc376e9bb13d3c14b7b5a36d4b1ec0d6ba773a1691c8f04846,PARTIAL_STATE,SOIL_IMAGES_UNLABELED,TinyImageNet/ImageNet initializer possible; exact generation-specific initializer requires lineage review,TRANSDUCTIVE_PRETRAINING,197,238,Soil unlabeled pretraining cannot be called completely held-out inductive when prospective test images/groups overlap its pool.
sha256:d17e2f88fe022dd415e1,CHECKPOINT_ROOT,checkpoints_VicReg_original_NEW/vicreg_mu_20.0_epoch_5.pth,d17e2f88fe022dd415e1cecbdad46ff75572c5bf296138e2ecb85150bf403630,PARTIAL_STATE,SOIL_IMAGES_UNLABELED,TinyImageNet/ImageNet initializer possible; exact generation-specific initializer requires lineage review,TRANSDUCTIVE_PRETRAINING,197,238,Soil unlabeled pretraining cannot be called completely held-out inductive when prospective test images/groups overlap its pool.
sha256:4253192b7437fb5fe488,CHECKPOINT_ROOT,checkpoints_VicReg_original_NEW/vicreg_mu_20.0_epoch_50.pth,4253192b7437fb5fe48831c88d52b3d504859aad3f113f221cf68f5a7c40fddb,PARTIAL_STATE,SOIL_IMAGES_UNLABELED,TinyImageNet/ImageNet initializer possible; exact generation-specific initializer requires lineage review,TRANSDUCTIVE_PRETRAINING,197,238,Soil unlabeled pretraining cannot be called completely held-out inductive when prospective test images/groups overlap its pool.
sha256:25aabda02bccdc52213a,CHECKPOINT_ROOT,checkpoints_VicReg_original_NEW/vicreg_mu_20.0_epoch_51.pth,25aabda02bccdc52213ac9cd4e0365a1c297313c937a74549523c59678f7b732,PARTIAL_STATE,SOIL_IMAGES_UNLABELED,TinyImageNet/ImageNet initializer possible; exact generation-specific initializer requires lineage review,TRANSDUCTIVE_PRETRAINING,197,238,Soil unlabeled pretraining cannot be called completely held-out inductive when prospective test images/groups overlap its pool.
sha256:1d2647164e8c01f264d4,CHECKPOINT_ROOT,checkpoints_VicReg_original_NEW/vicreg_mu_20.0_epoch_52.pth,1d2647164e8c01f264d48e77fc1259a523eff2292bec8d262736cdd677056e9c,PARTIAL_STATE,SOIL_IMAGES_UNLABELED,TinyImageNet/ImageNet initializer possible; exact generation-specific initializer requires lineage review,TRANSDUCTIVE_PRETRAINING,197,238,Soil unlabeled pretraining cannot be called completely held-out inductive when prospective test images/groups overlap its pool.
sha256:9659fa2528bfb35037d7,CHECKPOINT_ROOT,checkpoints_VicReg_original_NEW/vicreg_mu_20.0_epoch_53.pth,9659fa2528bfb35037d72163981abbeb844a69bbe2215ad5c274e81c909ef6df,PARTIAL_STATE,SOIL_IMAGES_UNLABELED,TinyImageNet/ImageNet initializer possible; exact generation-specific initializer requires lineage review,TRANSDUCTIVE_PRETRAINING,197,238,Soil unlabeled pretraining cannot be called completely held-out inductive when prospective test images/groups overlap its pool.
sha256:84544dee681aa5ad0528,CHECKPOINT_ROOT,checkpoints_VicReg_original_NEW/vicreg_mu_20.0_epoch_54.pth,84544dee681aa5ad05289f4d05743d67852eca8cd88c25a6c50b9ab8bdc9434c,PARTIAL_STATE,SOIL_IMAGES_UNLABELED,TinyImageNet/ImageNet initializer possible; exact generation-specific initializer requires lineage review,TRANSDUCTIVE_PRETRAINING,197,238,Soil unlabeled pretraining cannot be called completely held-out inductive when prospective test images/groups overlap its pool.
sha256:dcc1c77db6eae02bd597,CHECKPOINT_ROOT,checkpoints_VicReg_original_NEW/vicreg_mu_20.0_epoch_55.pth,dcc1c77db6eae02bd59740eccea711fff21401f28dac6adbd3de92db67cf3a9d,PARTIAL_STATE,SOIL_IMAGES_UNLABELED,TinyImageNet/ImageNet initializer possible; exact generation-specific initializer requires lineage review,TRANSDUCTIVE_PRETRAINING,197,238,Soil unlabeled pretraining cannot be called completely held-out inductive when prospective test images/groups overlap its pool.
sha256:d0156460c20d431dd917,CHECKPOINT_ROOT,checkpoints_VicReg_original_NEW/vicreg_mu_20.0_epoch_56.pth,d0156460c20d431dd9175a4a5a59c6549743db75c8f1e2d0af8cc963535fed5b,PARTIAL_STATE,SOIL_IMAGES_UNLABELED,TinyImageNet/ImageNet initializer possible; exact generation-specific initializer requires lineage review,TRANSDUCTIVE_PRETRAINING,197,238,Soil unlabeled pretraining cannot be called completely held-out inductive when prospective test images/groups overlap its pool.
sha256:8a18fad0c3bf920c9b20,CHECKPOINT_ROOT,checkpoints_VicReg_original_NEW/vicreg_mu_20.0_epoch_57.pth,8a18fad0c3bf920c9b2005e50cd99bb969aef8b53957139263a153533a8e2f17,PARTIAL_STATE,SOIL_IMAGES_UNLABELED,TinyImageNet/ImageNet initializer possible; exact generation-specific initializer requires lineage review,TRANSDUCTIVE_PRETRAINING,197,238,Soil unlabeled pretraining cannot be called completely held-out inductive when prospective test images/groups overlap its pool.
sha256:a62cd94276dcd57751e3,CHECKPOINT_ROOT,checkpoints_VicReg_original_NEW/vicreg_mu_20.0_epoch_58.pth,a62cd94276dcd57751e3c9d2b297617566f3b16a020df3bb9285747c6b12ceb9,PARTIAL_STATE,SOIL_IMAGES_UNLABELED,TinyImageNet/ImageNet initializer possible; exact generation-specific initializer requires lineage review,TRANSDUCTIVE_PRETRAINING,197,238,Soil unlabeled pretraining cannot be called completely held-out inductive when prospective test images/groups overlap its pool.
sha256:ef15cf8b90701152e0bc,CHECKPOINT_ROOT,checkpoints_VicReg_original_NEW/vicreg_mu_20.0_epoch_59.pth,ef15cf8b90701152e0bc3b7b8cb50075604797a1f65e5fe03d940f027a975ed1,PARTIAL_STATE,SOIL_IMAGES_UNLABELED,TinyImageNet/ImageNet initializer possible; exact generation-specific initializer requires lineage review,TRANSDUCTIVE_PRETRAINING,197,238,Soil unlabeled pretraining cannot be called completely held-out inductive when prospective test images/groups overlap its pool.
sha256:f40887086883dd7e870a,CHECKPOINT_ROOT,checkpoints_VicReg_original_NEW/vicreg_mu_20.0_epoch_6.pth,f40887086883dd7e870a2670374cc17a0149153890daca9f86cef1679b047326,PARTIAL_STATE,SOIL_IMAGES_UNLABELED,TinyImageNet/ImageNet initializer possible; exact generation-specific initializer requires lineage review,TRANSDUCTIVE_PRETRAINING,197,238,Soil unlabeled pretraining cannot be called completely held-out inductive when prospective test images/groups overlap its pool.
sha256:63d776d2e37cc560c0ac,CHECKPOINT_ROOT,checkpoints_VicReg_original_NEW/vicreg_mu_20.0_epoch_60.pth,63d776d2e37cc560c0ac1f77c4582cc3ae347b3a3e38b1f1d0f77fe29f6a170c,PARTIAL_STATE,SOIL_IMAGES_UNLABELED,TinyImageNet/ImageNet initializer possible; exact generation-specific initializer requires lineage review,TRANSDUCTIVE_PRETRAINING,197,238,Soil unlabeled pretraining cannot be called completely held-out inductive when prospective test images/groups overlap its pool.
sha256:249907242e87728bbdb5,CHECKPOINT_ROOT,checkpoints_VicReg_original_NEW/vicreg_mu_20.0_epoch_61.pth,249907242e87728bbdb54d3dbc7bf4a3b4d5dd499f78b4fa1799853e32d180b7,PARTIAL_STATE,SOIL_IMAGES_UNLABELED,TinyImageNet/ImageNet initializer possible; exact generation-specific initializer requires lineage review,TRANSDUCTIVE_PRETRAINING,197,238,Soil unlabeled pretraining cannot be called completely held-out inductive when prospective test images/groups overlap its pool.
sha256:2f664c61eb27d66b0eb5,CHECKPOINT_ROOT,checkpoints_VicReg_original_NEW/vicreg_mu_20.0_epoch_62.pth,2f664c61eb27d66b0eb5caa498ad6c52955ddf67eada94daee145a83d6b78e18,PARTIAL_STATE,SOIL_IMAGES_UNLABELED,TinyImageNet/ImageNet initializer possible; exact generation-specific initializer requires lineage review,TRANSDUCTIVE_PRETRAINING,197,238,Soil unlabeled pretraining cannot be called completely held-out inductive when prospective test images/groups overlap its pool.
sha256:02cbd3ae3edb6eea7d5a,CHECKPOINT_ROOT,checkpoints_VicReg_original_NEW/vicreg_mu_20.0_epoch_63.pth,02cbd3ae3edb6eea7d5a02c9f949d997ec77ea2cd79cd22926950feb54e4fb3d,PARTIAL_STATE,SOIL_IMAGES_UNLABELED,TinyImageNet/ImageNet initializer possible; exact generation-specific initializer requires lineage review,TRANSDUCTIVE_PRETRAINING,197,238,Soil unlabeled pretraining cannot be called completely held-out inductive when prospective test images/groups overlap its pool.
sha256:f7ab95174ff408a38c3a,CHECKPOINT_ROOT,checkpoints_VicReg_original_NEW/vicreg_mu_20.0_epoch_64.pth,f7ab95174ff408a38c3a27259352f0016658952444273d267ee604721feda949,PARTIAL_STATE,SOIL_IMAGES_UNLABELED,TinyImageNet/ImageNet initializer possible; exact generation-specific initializer requires lineage review,TRANSDUCTIVE_PRETRAINING,197,238,Soil unlabeled pretraining cannot be called completely held-out inductive when prospective test images/groups overlap its pool.
sha256:a2c1530af17ae21693b4,CHECKPOINT_ROOT,checkpoints_VicReg_original_NEW/vicreg_mu_20.0_epoch_65.pth,a2c1530af17ae21693b48a47018f021f44c03a8353c94a90f489d66cce668ecb,PARTIAL_STATE,SOIL_IMAGES_UNLABELED,TinyImageNet/ImageNet initializer possible; exact generation-specific initializer requires lineage review,TRANSDUCTIVE_PRETRAINING,197,238,Soil unlabeled pretraining cannot be called completely held-out inductive when prospective test images/groups overlap its pool.
sha256:0dbd9411398703cd3088,CHECKPOINT_ROOT,checkpoints_VicReg_original_NEW/vicreg_mu_20.0_epoch_66.pth,0dbd9411398703cd3088f471df341947f47844300aa5a1797ea77459470044cd,PARTIAL_STATE,SOIL_IMAGES_UNLABELED,TinyImageNet/ImageNet initializer possible; exact generation-specific initializer requires lineage review,TRANSDUCTIVE_PRETRAINING,197,238,Soil unlabeled pretraining cannot be called completely held-out inductive when prospective test images/groups overlap its pool.
sha256:45f860e233f0c3d75f3a,CHECKPOINT_ROOT,checkpoints_VicReg_original_NEW/vicreg_mu_20.0_epoch_67.pth,45f860e233f0c3d75f3a241d27a57f529d56001b28ea28ff042e10e7457080d7,PARTIAL_STATE,SOIL_IMAGES_UNLABELED,TinyImageNet/ImageNet initializer possible; exact generation-specific initializer requires lineage review,TRANSDUCTIVE_PRETRAINING,197,238,Soil unlabeled pretraining cannot be called completely held-out inductive when prospective test images/groups overlap its pool.
sha256:e9f18940b505fd931373,CHECKPOINT_ROOT,checkpoints_VicReg_original_NEW/vicreg_mu_20.0_epoch_68.pth,e9f18940b505fd931373bd79fac6edbe13ebc1aaad9d94c2e041f81d3ac4678f,PARTIAL_STATE,SOIL_IMAGES_UNLABELED,TinyImageNet/ImageNet initializer possible; exact generation-specific initializer requires lineage review,TRANSDUCTIVE_PRETRAINING,197,238,Soil unlabeled pretraining cannot be called completely held-out inductive when prospective test images/groups overlap its pool.
sha256:c61a811984e1999d56e1,CHECKPOINT_ROOT,checkpoints_VicReg_original_NEW/vicreg_mu_20.0_epoch_69.pth,c61a811984e1999d56e1129a3c5179e9339e2659b7a888794353b9440b5337fa,PARTIAL_STATE,SOIL_IMAGES_UNLABELED,TinyImageNet/ImageNet initializer possible; exact generation-specific initializer requires lineage review,TRANSDUCTIVE_PRETRAINING,197,238,Soil unlabeled pretraining cannot be called completely held-out inductive when prospective test images/groups overlap its pool.
sha256:b23777bf58d4ad68631e,CHECKPOINT_ROOT,checkpoints_VicReg_original_NEW/vicreg_mu_20.0_epoch_7.pth,b23777bf58d4ad68631eb6437052d878a60720db3824d2a66d963ac44b955d31,PARTIAL_STATE,SOIL_IMAGES_UNLABELED,TinyImageNet/ImageNet initializer possible; exact generation-specific initializer requires lineage review,TRANSDUCTIVE_PRETRAINING,197,238,Soil unlabeled pretraining cannot be called completely held-out inductive when prospective test images/groups overlap its pool.
sha256:e12685f559f644ba8caf,CHECKPOINT_ROOT,checkpoints_VicReg_original_NEW/vicreg_mu_20.0_epoch_70.pth,e12685f559f644ba8caf2e57029930bdcab6832f22b2b6868db0918f9006f261,PARTIAL_STATE,SOIL_IMAGES_UNLABELED,TinyImageNet/ImageNet initializer possible; exact generation-specific initializer requires lineage review,TRANSDUCTIVE_PRETRAINING,197,238,Soil unlabeled pretraining cannot be called completely held-out inductive when prospective test images/groups overlap its pool.
sha256:dfcedcf50866f8253e89,CHECKPOINT_ROOT,checkpoints_VicReg_original_NEW/vicreg_mu_20.0_epoch_71.pth,dfcedcf50866f8253e895aea1533ae11bb09f5613f0f8a3c7d9554ac67182960,PARTIAL_STATE,SOIL_IMAGES_UNLABELED,TinyImageNet/ImageNet initializer possible; exact generation-specific initializer requires lineage review,TRANSDUCTIVE_PRETRAINING,197,238,Soil unlabeled pretraining cannot be called completely held-out inductive when prospective test images/groups overlap its pool.
sha256:782c17504c4cdeff4c81,CHECKPOINT_ROOT,checkpoints_VicReg_original_NEW/vicreg_mu_20.0_epoch_72.pth,782c17504c4cdeff4c812e523e0d9770eae4b431f3b1a8631e3224a0f56830ea,PARTIAL_STATE,SOIL_IMAGES_UNLABELED,TinyImageNet/ImageNet initializer possible; exact generation-specific initializer requires lineage review,TRANSDUCTIVE_PRETRAINING,197,238,Soil unlabeled pretraining cannot be called completely held-out inductive when prospective test images/groups overlap its pool.
sha256:cb8531f41cab747c7bfb,CHECKPOINT_ROOT,checkpoints_VicReg_original_NEW/vicreg_mu_20.0_epoch_73.pth,cb8531f41cab747c7bfb9fbb2d6c31bae11b38fe23bb9f247ea768c48db6a1fe,PARTIAL_STATE,SOIL_IMAGES_UNLABELED,TinyImageNet/ImageNet initializer possible; exact generation-specific initializer requires lineage review,TRANSDUCTIVE_PRETRAINING,197,238,Soil unlabeled pretraining cannot be called completely held-out inductive when prospective test images/groups overlap its pool.
sha256:f9870f32c9bb49450b3a,CHECKPOINT_ROOT,checkpoints_VicReg_original_NEW/vicreg_mu_20.0_epoch_74.pth,f9870f32c9bb49450b3af334c5e69aa020d5e65471cff1efeccebe457f9d4f46,PARTIAL_STATE,SOIL_IMAGES_UNLABELED,TinyImageNet/ImageNet initializer possible; exact generation-specific initializer requires lineage review,TRANSDUCTIVE_PRETRAINING,197,238,Soil unlabeled pretraining cannot be called completely held-out inductive when prospective test images/groups overlap its pool.
sha256:371926301748cebfaa38,CHECKPOINT_ROOT,checkpoints_VicReg_original_NEW/vicreg_mu_20.0_epoch_75.pth,371926301748cebfaa3880c0adad41981d1899ada037f0c77d92a705e2273e16,PARTIAL_STATE,SOIL_IMAGES_UNLABELED,TinyImageNet/ImageNet initializer possible; exact generation-specific initializer requires lineage review,TRANSDUCTIVE_PRETRAINING,197,238,Soil unlabeled pretraining cannot be called completely held-out inductive when prospective test images/groups overlap its pool.
sha256:412147a104e120c262c4,CHECKPOINT_ROOT,checkpoints_VicReg_original_NEW/vicreg_mu_20.0_epoch_76.pth,412147a104e120c262c4530b5cb0fb0a4af2d816ef027ef199742660e1b26933,PARTIAL_STATE,SOIL_IMAGES_UNLABELED,TinyImageNet/ImageNet initializer possible; exact generation-specific initializer requires lineage review,TRANSDUCTIVE_PRETRAINING,197,238,Soil unlabeled pretraining cannot be called completely held-out inductive when prospective test images/groups overlap its pool.
sha256:1fd8b70b278cec00e6bf,CHECKPOINT_ROOT,checkpoints_VicReg_original_NEW/vicreg_mu_20.0_epoch_77.pth,1fd8b70b278cec00e6bf3ff039eafb5f7765c3692ca41186037e639fadd83711,PARTIAL_STATE,SOIL_IMAGES_UNLABELED,TinyImageNet/ImageNet initializer possible; exact generation-specific initializer requires lineage review,TRANSDUCTIVE_PRETRAINING,197,238,Soil unlabeled pretraining cannot be called completely held-out inductive when prospective test images/groups overlap its pool.
sha256:9f8f9709333502e1a3da,CHECKPOINT_ROOT,checkpoints_VicReg_original_NEW/vicreg_mu_20.0_epoch_78.pth,9f8f9709333502e1a3da772b94658964969480476c3a6118f950000f6e05e9ae,PARTIAL_STATE,SOIL_IMAGES_UNLABELED,TinyImageNet/ImageNet initializer possible; exact generation-specific initializer requires lineage review,TRANSDUCTIVE_PRETRAINING,197,238,Soil unlabeled pretraining cannot be called completely held-out inductive when prospective test images/groups overlap its pool.
sha256:8511161e47020b1a60bd,CHECKPOINT_ROOT,checkpoints_VicReg_original_NEW/vicreg_mu_20.0_epoch_79.pth,8511161e47020b1a60bded4d98b212b15e1ec0b38722cdc378d3d35c4d87043f,PARTIAL_STATE,SOIL_IMAGES_UNLABELED,TinyImageNet/ImageNet initializer possible; exact generation-specific initializer requires lineage review,TRANSDUCTIVE_PRETRAINING,197,238,Soil unlabeled pretraining cannot be called completely held-out inductive when prospective test images/groups overlap its pool.
sha256:14b49342bea6e24d24aa,CHECKPOINT_ROOT,checkpoints_VicReg_original_NEW/vicreg_mu_20.0_epoch_8.pth,14b49342bea6e24d24aa8c9655b26a2643aa9ab6adc9ca741535f97619520a40,PARTIAL_STATE,SOIL_IMAGES_UNLABELED,TinyImageNet/ImageNet initializer possible; exact generation-specific initializer requires lineage review,TRANSDUCTIVE_PRETRAINING,197,238,Soil unlabeled pretraining cannot be called completely held-out inductive when prospective test images/groups overlap its pool.
sha256:a682899e140a6855c66f,CHECKPOINT_ROOT,checkpoints_VicReg_original_NEW/vicreg_mu_20.0_epoch_80.pth,a682899e140a6855c66f89f80484e092de9a45bef87511d496f6b3615a95f6e9,PARTIAL_STATE,SOIL_IMAGES_UNLABELED,TinyImageNet/ImageNet initializer possible; exact generation-specific initializer requires lineage review,TRANSDUCTIVE_PRETRAINING,197,238,Soil unlabeled pretraining cannot be called completely held-out inductive when prospective test images/groups overlap its pool.
sha256:8112b2eb78e26487bef1,CHECKPOINT_ROOT,checkpoints_VicReg_original_NEW/vicreg_mu_20.0_epoch_9.pth,8112b2eb78e26487bef1c5c712a349985b76d4d8231a4ed7d37d4da4e042b7dc,PARTIAL_STATE,SOIL_IMAGES_UNLABELED,TinyImageNet/ImageNet initializer possible; exact generation-specific initializer requires lineage review,TRANSDUCTIVE_PRETRAINING,197,238,Soil unlabeled pretraining cannot be called completely held-out inductive when prospective test images/groups overlap its pool.
sha256:abbf63aad0e1f0ec5603,CHECKPOINT_ROOT,checkpoints_VicReg_original_NEW/vicreg_mu_23.0_epoch_1.pth,abbf63aad0e1f0ec56033e523cf0625900b380fa46bb23a5184693b7eebb08da,PARTIAL_STATE,SOIL_IMAGES_UNLABELED,TinyImageNet/ImageNet initializer possible; exact generation-specific initializer requires lineage review,TRANSDUCTIVE_PRETRAINING,197,238,Soil unlabeled pretraining cannot be called completely held-out inductive when prospective test images/groups overlap its pool.
sha256:7256b966a90acab7d156,CHECKPOINT_ROOT,checkpoints_VicReg_original_NEW/vicreg_mu_23.0_epoch_10.pth,7256b966a90acab7d1565e85ede5486396ec94b73a9e6f2c801c06404b833d64,PARTIAL_STATE,SOIL_IMAGES_UNLABELED,TinyImageNet/ImageNet initializer possible; exact generation-specific initializer requires lineage review,TRANSDUCTIVE_PRETRAINING,197,238,Soil unlabeled pretraining cannot be called completely held-out inductive when prospective test images/groups overlap its pool.
sha256:a1697aa503334baf0c6d,CHECKPOINT_ROOT,checkpoints_VicReg_original_NEW/vicreg_mu_23.0_epoch_11.pth,a1697aa503334baf0c6d2ca378e27eadc7575192878a18a0e77f23a1abae286c,PARTIAL_STATE,SOIL_IMAGES_UNLABELED,TinyImageNet/ImageNet initializer possible; exact generation-specific initializer requires lineage review,TRANSDUCTIVE_PRETRAINING,197,238,Soil unlabeled pretraining cannot be called completely held-out inductive when prospective test images/groups overlap its pool.
sha256:032cd396988b6942e09f,CHECKPOINT_ROOT,checkpoints_VicReg_original_NEW/vicreg_mu_23.0_epoch_12.pth,032cd396988b6942e09f578a53d1775fe0d87e9cfeef3dffc622d5b411f37c1e,PARTIAL_STATE,SOIL_IMAGES_UNLABELED,TinyImageNet/ImageNet initializer possible; exact generation-specific initializer requires lineage review,TRANSDUCTIVE_PRETRAINING,197,238,Soil unlabeled pretraining cannot be called completely held-out inductive when prospective test images/groups overlap its pool.
sha256:f6779d1141d70cf1f8fd,CHECKPOINT_ROOT,checkpoints_VicReg_original_NEW/vicreg_mu_23.0_epoch_13.pth,f6779d1141d70cf1f8fda9f4d6736995bdfc1881798d9c7a002cb1237de1a4c6,PARTIAL_STATE,SOIL_IMAGES_UNLABELED,TinyImageNet/ImageNet initializer possible; exact generation-specific initializer requires lineage review,TRANSDUCTIVE_PRETRAINING,197,238,Soil unlabeled pretraining cannot be called completely held-out inductive when prospective test images/groups overlap its pool.
sha256:4e34da2620559e545ed4,CHECKPOINT_ROOT,checkpoints_VicReg_original_NEW/vicreg_mu_23.0_epoch_14.pth,4e34da2620559e545ed4588e846e46416d1191907527fca26099bf6d131d45df,PARTIAL_STATE,SOIL_IMAGES_UNLABELED,TinyImageNet/ImageNet initializer possible; exact generation-specific initializer requires lineage review,TRANSDUCTIVE_PRETRAINING,197,238,Soil unlabeled pretraining cannot be called completely held-out inductive when prospective test images/groups overlap its pool.
sha256:9857664832143b0e8336,CHECKPOINT_ROOT,checkpoints_VicReg_original_NEW/vicreg_mu_23.0_epoch_15.pth,9857664832143b0e8336ea25eb09f39afeb41a131793d0d54f9efe7e1a25c633,PARTIAL_STATE,SOIL_IMAGES_UNLABELED,TinyImageNet/ImageNet initializer possible; exact generation-specific initializer requires lineage review,TRANSDUCTIVE_PRETRAINING,197,238,Soil unlabeled pretraining cannot be called completely held-out inductive when prospective test images/groups overlap its pool.
sha256:c66da8e7ac178959d679,CHECKPOINT_ROOT,checkpoints_VicReg_original_NEW/vicreg_mu_23.0_epoch_16.pth,c66da8e7ac178959d679955210010b890888b3d40f265a0dd70d482f444b9412,PARTIAL_STATE,SOIL_IMAGES_UNLABELED,TinyImageNet/ImageNet initializer possible; exact generation-specific initializer requires lineage review,TRANSDUCTIVE_PRETRAINING,197,238,Soil unlabeled pretraining cannot be called completely held-out inductive when prospective test images/groups overlap its pool.
sha256:c7597b3cf818b48397da,CHECKPOINT_ROOT,checkpoints_VicReg_original_NEW/vicreg_mu_23.0_epoch_17.pth,c7597b3cf818b48397da8ad37dc8a794ba446566101eb5c6a0c9863a440958c4,PARTIAL_STATE,SOIL_IMAGES_UNLABELED,TinyImageNet/ImageNet initializer possible; exact generation-specific initializer requires lineage review,TRANSDUCTIVE_PRETRAINING,197,238,Soil unlabeled pretraining cannot be called completely held-out inductive when prospective test images/groups overlap its pool.
sha256:6da8e4e557a4488da7b9,CHECKPOINT_ROOT,checkpoints_VicReg_original_NEW/vicreg_mu_23.0_epoch_18.pth,6da8e4e557a4488da7b969163216547bd007ddf57a97b2c8248aa0233c2b1ec7,PARTIAL_STATE,SOIL_IMAGES_UNLABELED,TinyImageNet/ImageNet initializer possible; exact generation-specific initializer requires lineage review,TRANSDUCTIVE_PRETRAINING,197,238,Soil unlabeled pretraining cannot be called completely held-out inductive when prospective test images/groups overlap its pool.
sha256:330cd6de965e2fa72d8a,CHECKPOINT_ROOT,checkpoints_VicReg_original_NEW/vicreg_mu_23.0_epoch_19.pth,330cd6de965e2fa72d8ae7fe370f6e37f52605ebd8689a5d0e0aeaea87f73c68,PARTIAL_STATE,SOIL_IMAGES_UNLABELED,TinyImageNet/ImageNet initializer possible; exact generation-specific initializer requires lineage review,TRANSDUCTIVE_PRETRAINING,197,238,Soil unlabeled pretraining cannot be called completely held-out inductive when prospective test images/groups overlap its pool.
sha256:25d944b96818813a7a18,CHECKPOINT_ROOT,checkpoints_VicReg_original_NEW/vicreg_mu_23.0_epoch_2.pth,25d944b96818813a7a18a09f548c52c6635441c1e1b49288834b67b028b8d963,PARTIAL_STATE,SOIL_IMAGES_UNLABELED,TinyImageNet/ImageNet initializer possible; exact generation-specific initializer requires lineage review,TRANSDUCTIVE_PRETRAINING,197,238,Soil unlabeled pretraining cannot be called completely held-out inductive when prospective test images/groups overlap its pool.
sha256:502abda28500d2277127,CHECKPOINT_ROOT,checkpoints_VicReg_original_NEW/vicreg_mu_23.0_epoch_20.pth,502abda28500d22771274aeb0cf74c2d46e6ebd961fefb638db392928a59b4e6,PARTIAL_STATE,SOIL_IMAGES_UNLABELED,TinyImageNet/ImageNet initializer possible; exact generation-specific initializer requires lineage review,TRANSDUCTIVE_PRETRAINING,197,238,Soil unlabeled pretraining cannot be called completely held-out inductive when prospective test images/groups overlap its pool.
sha256:e0b66e1b72425eca4f93,CHECKPOINT_ROOT,checkpoints_VicReg_original_NEW/vicreg_mu_23.0_epoch_21.pth,e0b66e1b72425eca4f938a6152f823c60c0946e16894e2e40584f58290bff4dd,PARTIAL_STATE,SOIL_IMAGES_UNLABELED,TinyImageNet/ImageNet initializer possible; exact generation-specific initializer requires lineage review,TRANSDUCTIVE_PRETRAINING,197,238,Soil unlabeled pretraining cannot be called completely held-out inductive when prospective test images/groups overlap its pool.
sha256:d875a138542b54a102ac,CHECKPOINT_ROOT,checkpoints_VicReg_original_NEW/vicreg_mu_23.0_epoch_22.pth,d875a138542b54a102acc508dda709e8df6ae6c74f9f3889f9793bbee604d23e,PARTIAL_STATE,SOIL_IMAGES_UNLABELED,TinyImageNet/ImageNet initializer possible; exact generation-specific initializer requires lineage review,TRANSDUCTIVE_PRETRAINING,197,238,Soil unlabeled pretraining cannot be called completely held-out inductive when prospective test images/groups overlap its pool.
sha256:1f6fe09faf47cafe731f,CHECKPOINT_ROOT,checkpoints_VicReg_original_NEW/vicreg_mu_23.0_epoch_23.pth,1f6fe09faf47cafe731f8fbc30a96fed30f1928560edd0b11f35a24b0e2dfcf0,PARTIAL_STATE,SOIL_IMAGES_UNLABELED,TinyImageNet/ImageNet initializer possible; exact generation-specific initializer requires lineage review,TRANSDUCTIVE_PRETRAINING,197,238,Soil unlabeled pretraining cannot be called completely held-out inductive when prospective test images/groups overlap its pool.
sha256:600eb5fc7124adfaf130,CHECKPOINT_ROOT,checkpoints_VicReg_original_NEW/vicreg_mu_23.0_epoch_24.pth,600eb5fc7124adfaf1304231cc06c17bf130b7fd47f371290067f251c23829d8,PARTIAL_STATE,SOIL_IMAGES_UNLABELED,TinyImageNet/ImageNet initializer possible; exact generation-specific initializer requires lineage review,TRANSDUCTIVE_PRETRAINING,197,238,Soil unlabeled pretraining cannot be called completely held-out inductive when prospective test images/groups overlap its pool.
sha256:f927e1ed9ec983ee85a2,CHECKPOINT_ROOT,checkpoints_VicReg_original_NEW/vicreg_mu_23.0_epoch_25.pth,f927e1ed9ec983ee85a22886191c9c14d993ca7bf27fe77fdd7939c0f8d150ad,PARTIAL_STATE,SOIL_IMAGES_UNLABELED,TinyImageNet/ImageNet initializer possible; exact generation-specific initializer requires lineage review,TRANSDUCTIVE_PRETRAINING,197,238,Soil unlabeled pretraining cannot be called completely held-out inductive when prospective test images/groups overlap its pool.
sha256:03a1e3018e69179a2349,CHECKPOINT_ROOT,checkpoints_VicReg_original_NEW/vicreg_mu_23.0_epoch_26.pth,03a1e3018e69179a2349ba7af29eaa251c94b4e080ea4320f49472cc68a2a418,PARTIAL_STATE,SOIL_IMAGES_UNLABELED,TinyImageNet/ImageNet initializer possible; exact generation-specific initializer requires lineage review,TRANSDUCTIVE_PRETRAINING,197,238,Soil unlabeled pretraining cannot be called completely held-out inductive when prospective test images/groups overlap its pool.
sha256:4296a3667ba8714711c3,CHECKPOINT_ROOT,checkpoints_VicReg_original_NEW/vicreg_mu_23.0_epoch_27.pth,4296a3667ba8714711c332ccf6125d674ebb5cf6bdddfc424b008d6aa0a3ed4f,PARTIAL_STATE,SOIL_IMAGES_UNLABELED,TinyImageNet/ImageNet initializer possible; exact generation-specific initializer requires lineage review,TRANSDUCTIVE_PRETRAINING,197,238,Soil unlabeled pretraining cannot be called completely held-out inductive when prospective test images/groups overlap its pool.
sha256:157d0a48ecf84c550ca6,CHECKPOINT_ROOT,checkpoints_VicReg_original_NEW/vicreg_mu_23.0_epoch_28.pth,157d0a48ecf84c550ca68804c654f54286676ee5ad826173b3b07077e2e90f50,PARTIAL_STATE,SOIL_IMAGES_UNLABELED,TinyImageNet/ImageNet initializer possible; exact generation-specific initializer requires lineage review,TRANSDUCTIVE_PRETRAINING,197,238,Soil unlabeled pretraining cannot be called completely held-out inductive when prospective test images/groups overlap its pool.
sha256:48f53c1ba2a21ae64c5c,CHECKPOINT_ROOT,checkpoints_VicReg_original_NEW/vicreg_mu_23.0_epoch_29.pth,48f53c1ba2a21ae64c5c6b073c828629ba9997856b1ea66da44db702364d71ca,PARTIAL_STATE,SOIL_IMAGES_UNLABELED,TinyImageNet/ImageNet initializer possible; exact generation-specific initializer requires lineage review,TRANSDUCTIVE_PRETRAINING,197,238,Soil unlabeled pretraining cannot be called completely held-out inductive when prospective test images/groups overlap its pool.
sha256:1491c93498cc2b4a32fd,CHECKPOINT_ROOT,checkpoints_VicReg_original_NEW/vicreg_mu_23.0_epoch_3.pth,1491c93498cc2b4a32fd2c217b5962be96c339080e3b7ecfba6520ceb404300d,PARTIAL_STATE,SOIL_IMAGES_UNLABELED,TinyImageNet/ImageNet initializer possible; exact generation-specific initializer requires lineage review,TRANSDUCTIVE_PRETRAINING,197,238,Soil unlabeled pretraining cannot be called completely held-out inductive when prospective test images/groups overlap its pool.
sha256:3a91cba264103910e3d2,CHECKPOINT_ROOT,checkpoints_VicReg_original_NEW/vicreg_mu_23.0_epoch_30.pth,3a91cba264103910e3d2a34ec2948c28811a269c6e81a4304c35b39f3b2fa148,PARTIAL_STATE,SOIL_IMAGES_UNLABELED,TinyImageNet/ImageNet initializer possible; exact generation-specific initializer requires lineage review,TRANSDUCTIVE_PRETRAINING,197,238,Soil unlabeled pretraining cannot be called completely held-out inductive when prospective test images/groups overlap its pool.
sha256:01d3f17faaa22bb75734,CHECKPOINT_ROOT,checkpoints_VicReg_original_NEW/vicreg_mu_23.0_epoch_31.pth,01d3f17faaa22bb75734c01456fa0a71de7ae8fc38df0146ba106e028135f559,PARTIAL_STATE,SOIL_IMAGES_UNLABELED,TinyImageNet/ImageNet initializer possible; exact generation-specific initializer requires lineage review,TRANSDUCTIVE_PRETRAINING,197,238,Soil unlabeled pretraining cannot be called completely held-out inductive when prospective test images/groups overlap its pool.
sha256:853d7fe31ae11f3ae5f0,CHECKPOINT_ROOT,checkpoints_VicReg_original_NEW/vicreg_mu_23.0_epoch_32.pth,853d7fe31ae11f3ae5f03af0f8226624d7fa5249a23282f1cc13d3c85950fb51,PARTIAL_STATE,SOIL_IMAGES_UNLABELED,TinyImageNet/ImageNet initializer possible; exact generation-specific initializer requires lineage review,TRANSDUCTIVE_PRETRAINING,197,238,Soil unlabeled pretraining cannot be called completely held-out inductive when prospective test images/groups overlap its pool.
sha256:79478fdb20f53826d461,CHECKPOINT_ROOT,checkpoints_VicReg_original_NEW/vicreg_mu_23.0_epoch_33.pth,79478fdb20f53826d461076c41c93d30e5fa02435e5e229a31b3ed3d3af501c8,PARTIAL_STATE,SOIL_IMAGES_UNLABELED,TinyImageNet/ImageNet initializer possible; exact generation-specific initializer requires lineage review,TRANSDUCTIVE_PRETRAINING,197,238,Soil unlabeled pretraining cannot be called completely held-out inductive when prospective test images/groups overlap its pool.
sha256:9e8a3195a13393103428,CHECKPOINT_ROOT,checkpoints_VicReg_original_NEW/vicreg_mu_23.0_epoch_34.pth,9e8a3195a13393103428e38828b8b2a25351d8bcfc324a1e2e6ae47a98f1a2d5,PARTIAL_STATE,SOIL_IMAGES_UNLABELED,TinyImageNet/ImageNet initializer possible; exact generation-specific initializer requires lineage review,TRANSDUCTIVE_PRETRAINING,197,238,Soil unlabeled pretraining cannot be called completely held-out inductive when prospective test images/groups overlap its pool.
sha256:49b15d77c7f7bd0db5e1,CHECKPOINT_ROOT,checkpoints_VicReg_original_NEW/vicreg_mu_23.0_epoch_35.pth,49b15d77c7f7bd0db5e1425c341de346975275dd523289700b93ffef6f42ce65,PARTIAL_STATE,SOIL_IMAGES_UNLABELED,TinyImageNet/ImageNet initializer possible; exact generation-specific initializer requires lineage review,TRANSDUCTIVE_PRETRAINING,197,238,Soil unlabeled pretraining cannot be called completely held-out inductive when prospective test images/groups overlap its pool.
sha256:a5591864d1d5e55a363f,CHECKPOINT_ROOT,checkpoints_VicReg_original_NEW/vicreg_mu_23.0_epoch_36.pth,a5591864d1d5e55a363f920c5db7e3cf352787ffba61e30ae3b36663bc192e69,PARTIAL_STATE,SOIL_IMAGES_UNLABELED,TinyImageNet/ImageNet initializer possible; exact generation-specific initializer requires lineage review,TRANSDUCTIVE_PRETRAINING,197,238,Soil unlabeled pretraining cannot be called completely held-out inductive when prospective test images/groups overlap its pool.
sha256:cb56561986e7013d36ae,CHECKPOINT_ROOT,checkpoints_VicReg_original_NEW/vicreg_mu_23.0_epoch_37.pth,cb56561986e7013d36aefd59d62f815fc07844c0db867fb9f84b8f4a652c82ad,PARTIAL_STATE,SOIL_IMAGES_UNLABELED,TinyImageNet/ImageNet initializer possible; exact generation-specific initializer requires lineage review,TRANSDUCTIVE_PRETRAINING,197,238,Soil unlabeled pretraining cannot be called completely held-out inductive when prospective test images/groups overlap its pool.
sha256:291ddf211c6e4a98eba8,CHECKPOINT_ROOT,checkpoints_VicReg_original_NEW/vicreg_mu_23.0_epoch_38.pth,291ddf211c6e4a98eba81aa85524966ebb49621903a5ed94307dd251045e8dd9,PARTIAL_STATE,SOIL_IMAGES_UNLABELED,TinyImageNet/ImageNet initializer possible; exact generation-specific initializer requires lineage review,TRANSDUCTIVE_PRETRAINING,197,238,Soil unlabeled pretraining cannot be called completely held-out inductive when prospective test images/groups overlap its pool.
sha256:c4d257a358d41b62af5e,CHECKPOINT_ROOT,checkpoints_VicReg_original_NEW/vicreg_mu_23.0_epoch_39.pth,c4d257a358d41b62af5ee42584a6ccce3c9736e13de6749e19d8d2016d1de244,PARTIAL_STATE,SOIL_IMAGES_UNLABELED,TinyImageNet/ImageNet initializer possible; exact generation-specific initializer requires lineage review,TRANSDUCTIVE_PRETRAINING,197,238,Soil unlabeled pretraining cannot be called completely held-out inductive when prospective test images/groups overlap its pool.
sha256:e395fc4518f3f5e9ee54,CHECKPOINT_ROOT,checkpoints_VicReg_original_NEW/vicreg_mu_23.0_epoch_4.pth,e395fc4518f3f5e9ee540012dbd324499b5a19450bc5c77a6cff0f5a01ae48b3,PARTIAL_STATE,SOIL_IMAGES_UNLABELED,TinyImageNet/ImageNet initializer possible; exact generation-specific initializer requires lineage review,TRANSDUCTIVE_PRETRAINING,197,238,Soil unlabeled pretraining cannot be called completely held-out inductive when prospective test images/groups overlap its pool.
sha256:5a0192cf92870346c26b,CHECKPOINT_ROOT,checkpoints_VicReg_original_NEW/vicreg_mu_23.0_epoch_40.pth,5a0192cf92870346c26bb60aface355a1873e5cd45cb7fbdd492c351d26675ee,PARTIAL_STATE,SOIL_IMAGES_UNLABELED,TinyImageNet/ImageNet initializer possible; exact generation-specific initializer requires lineage review,TRANSDUCTIVE_PRETRAINING,197,238,Soil unlabeled pretraining cannot be called completely held-out inductive when prospective test images/groups overlap its pool.
sha256:64aeabddeea8c57c708d,CHECKPOINT_ROOT,checkpoints_VicReg_original_NEW/vicreg_mu_23.0_epoch_41.pth,64aeabddeea8c57c708d6493ae325c7d583d77105e3e4acbce81efdede33507a,PARTIAL_STATE,SOIL_IMAGES_UNLABELED,TinyImageNet/ImageNet initializer possible; exact generation-specific initializer requires lineage review,TRANSDUCTIVE_PRETRAINING,197,238,Soil unlabeled pretraining cannot be called completely held-out inductive when prospective test images/groups overlap its pool.
sha256:0e9833e959004792982e,CHECKPOINT_ROOT,checkpoints_VicReg_original_NEW/vicreg_mu_23.0_epoch_42.pth,0e9833e959004792982e6c5d723760f045a93953ca50cd5ac2d1f6a8838b8fb2,PARTIAL_STATE,SOIL_IMAGES_UNLABELED,TinyImageNet/ImageNet initializer possible; exact generation-specific initializer requires lineage review,TRANSDUCTIVE_PRETRAINING,197,238,Soil unlabeled pretraining cannot be called completely held-out inductive when prospective test images/groups overlap its pool.
sha256:c63c178013b6c0d53fa0,CHECKPOINT_ROOT,checkpoints_VicReg_original_NEW/vicreg_mu_23.0_epoch_43.pth,c63c178013b6c0d53fa0313d38e98d2a72d99c190d3575cedb9bfc83aeddfb07,PARTIAL_STATE,SOIL_IMAGES_UNLABELED,TinyImageNet/ImageNet initializer possible; exact generation-specific initializer requires lineage review,TRANSDUCTIVE_PRETRAINING,197,238,Soil unlabeled pretraining cannot be called completely held-out inductive when prospective test images/groups overlap its pool.
sha256:7e1c381fa905b2d03e8e,CHECKPOINT_ROOT,checkpoints_VicReg_original_NEW/vicreg_mu_23.0_epoch_44.pth,7e1c381fa905b2d03e8ef3e5b4676f7646044e01f6f1298ba2f5a23216059690,PARTIAL_STATE,SOIL_IMAGES_UNLABELED,TinyImageNet/ImageNet initializer possible; exact generation-specific initializer requires lineage review,TRANSDUCTIVE_PRETRAINING,197,238,Soil unlabeled pretraining cannot be called completely held-out inductive when prospective test images/groups overlap its pool.
sha256:dceaa02ed9b71474c9f3,CHECKPOINT_ROOT,checkpoints_VicReg_original_NEW/vicreg_mu_23.0_epoch_45.pth,dceaa02ed9b71474c9f303257798ad0ddbec142e9afad3b83ce0480aaebc17f4,PARTIAL_STATE,SOIL_IMAGES_UNLABELED,TinyImageNet/ImageNet initializer possible; exact generation-specific initializer requires lineage review,TRANSDUCTIVE_PRETRAINING,197,238,Soil unlabeled pretraining cannot be called completely held-out inductive when prospective test images/groups overlap its pool.
sha256:b4d7f21aed02d42b258c,CHECKPOINT_ROOT,checkpoints_VicReg_original_NEW/vicreg_mu_23.0_epoch_46.pth,b4d7f21aed02d42b258c8294f6368aff5d2c30f66329259511a261d1820775e9,PARTIAL_STATE,SOIL_IMAGES_UNLABELED,TinyImageNet/ImageNet initializer possible; exact generation-specific initializer requires lineage review,TRANSDUCTIVE_PRETRAINING,197,238,Soil unlabeled pretraining cannot be called completely held-out inductive when prospective test images/groups overlap its pool.
sha256:8d562337dd2a6b3b3b2d,CHECKPOINT_ROOT,checkpoints_VicReg_original_NEW/vicreg_mu_23.0_epoch_47.pth,8d562337dd2a6b3b3b2de19afbcbf38dbca7e046bdbcea879528f2c33bfce13a,PARTIAL_STATE,SOIL_IMAGES_UNLABELED,TinyImageNet/ImageNet initializer possible; exact generation-specific initializer requires lineage review,TRANSDUCTIVE_PRETRAINING,197,238,Soil unlabeled pretraining cannot be called completely held-out inductive when prospective test images/groups overlap its pool.
sha256:9eb2887e624ffe752a69,CHECKPOINT_ROOT,checkpoints_VicReg_original_NEW/vicreg_mu_23.0_epoch_48.pth,9eb2887e624ffe752a696c49bdf2ead0c8036a532100c721d13fe9b4b061cc5e,PARTIAL_STATE,SOIL_IMAGES_UNLABELED,TinyImageNet/ImageNet initializer possible; exact generation-specific initializer requires lineage review,TRANSDUCTIVE_PRETRAINING,197,238,Soil unlabeled pretraining cannot be called completely held-out inductive when prospective test images/groups overlap its pool.
sha256:542b5059b15fb471e2fc,CHECKPOINT_ROOT,checkpoints_VicReg_original_NEW/vicreg_mu_23.0_epoch_49.pth,542b5059b15fb471e2fcc547966f8040bf72b5df0d5356ca98c8c345a1e534e6,PARTIAL_STATE,SOIL_IMAGES_UNLABELED,TinyImageNet/ImageNet initializer possible; exact generation-specific initializer requires lineage review,TRANSDUCTIVE_PRETRAINING,197,238,Soil unlabeled pretraining cannot be called completely held-out inductive when prospective test images/groups overlap its pool.
sha256:17574006343e26c30b77,CHECKPOINT_ROOT,checkpoints_VicReg_original_NEW/vicreg_mu_23.0_epoch_5.pth,17574006343e26c30b77d69d9dafe2e8cff1af76a08cede2b836dad0f761331f,PARTIAL_STATE,SOIL_IMAGES_UNLABELED,TinyImageNet/ImageNet initializer possible; exact generation-specific initializer requires lineage review,TRANSDUCTIVE_PRETRAINING,197,238,Soil unlabeled pretraining cannot be called completely held-out inductive when prospective test images/groups overlap its pool.
sha256:230fbec617b8286ee0d5,CHECKPOINT_ROOT,checkpoints_VicReg_original_NEW/vicreg_mu_23.0_epoch_50.pth,230fbec617b8286ee0d5cc539c22f6c89fb43425c8f38dc25b92eb1fd7c1415c,PARTIAL_STATE,SOIL_IMAGES_UNLABELED,TinyImageNet/ImageNet initializer possible; exact generation-specific initializer requires lineage review,TRANSDUCTIVE_PRETRAINING,197,238,Soil unlabeled pretraining cannot be called completely held-out inductive when prospective test images/groups overlap its pool.
sha256:e6d86538f7c9286fe261,CHECKPOINT_ROOT,checkpoints_VicReg_original_NEW/vicreg_mu_23.0_epoch_51.pth,e6d86538f7c9286fe261191750bf6cb95217d0a38c0fa24f51e48fafd9d7b055,PARTIAL_STATE,SOIL_IMAGES_UNLABELED,TinyImageNet/ImageNet initializer possible; exact generation-specific initializer requires lineage review,TRANSDUCTIVE_PRETRAINING,197,238,Soil unlabeled pretraining cannot be called completely held-out inductive when prospective test images/groups overlap its pool.
sha256:fdc195c1ad40c709c4f9,CHECKPOINT_ROOT,checkpoints_VicReg_original_NEW/vicreg_mu_23.0_epoch_52.pth,fdc195c1ad40c709c4f920757982a15028cff2aea51b7cae7daef49c596cc675,PARTIAL_STATE,SOIL_IMAGES_UNLABELED,TinyImageNet/ImageNet initializer possible; exact generation-specific initializer requires lineage review,TRANSDUCTIVE_PRETRAINING,197,238,Soil unlabeled pretraining cannot be called completely held-out inductive when prospective test images/groups overlap its pool.
sha256:1d25050992dcac5f633e,CHECKPOINT_ROOT,checkpoints_VicReg_original_NEW/vicreg_mu_23.0_epoch_53.pth,1d25050992dcac5f633e6e2231ffc077c10b64362794c1f48fc0f4e866398f05,PARTIAL_STATE,SOIL_IMAGES_UNLABELED,TinyImageNet/ImageNet initializer possible; exact generation-specific initializer requires lineage review,TRANSDUCTIVE_PRETRAINING,197,238,Soil unlabeled pretraining cannot be called completely held-out inductive when prospective test images/groups overlap its pool.
sha256:d43ad52a00ab6d90aae6,CHECKPOINT_ROOT,checkpoints_VicReg_original_NEW/vicreg_mu_23.0_epoch_54.pth,d43ad52a00ab6d90aae6352dc3dd7011d5b982f94dd1677c84565d662b17f946,PARTIAL_STATE,SOIL_IMAGES_UNLABELED,TinyImageNet/ImageNet initializer possible; exact generation-specific initializer requires lineage review,TRANSDUCTIVE_PRETRAINING,197,238,Soil unlabeled pretraining cannot be called completely held-out inductive when prospective test images/groups overlap its pool.
sha256:556622daf286939be530,CHECKPOINT_ROOT,checkpoints_VicReg_original_NEW/vicreg_mu_23.0_epoch_55.pth,556622daf286939be53030f45f9bf7bd695b8d929d559450dcef226d123bacde,PARTIAL_STATE,SOIL_IMAGES_UNLABELED,TinyImageNet/ImageNet initializer possible; exact generation-specific initializer requires lineage review,TRANSDUCTIVE_PRETRAINING,197,238,Soil unlabeled pretraining cannot be called completely held-out inductive when prospective test images/groups overlap its pool.
sha256:00decb6f58236aa31f5a,CHECKPOINT_ROOT,checkpoints_VicReg_original_NEW/vicreg_mu_23.0_epoch_56.pth,00decb6f58236aa31f5a80020ee785f56c03b127146d5d78e682ffb017d9fe1a,PARTIAL_STATE,SOIL_IMAGES_UNLABELED,TinyImageNet/ImageNet initializer possible; exact generation-specific initializer requires lineage review,TRANSDUCTIVE_PRETRAINING,197,238,Soil unlabeled pretraining cannot be called completely held-out inductive when prospective test images/groups overlap its pool.
sha256:ca9ea6cbf0180430d2fa,CHECKPOINT_ROOT,checkpoints_VicReg_original_NEW/vicreg_mu_23.0_epoch_57.pth,ca9ea6cbf0180430d2fa83bea2edcc4356b2b717d3afb3e910cbeb39a7adcdf4,PARTIAL_STATE,SOIL_IMAGES_UNLABELED,TinyImageNet/ImageNet initializer possible; exact generation-specific initializer requires lineage review,TRANSDUCTIVE_PRETRAINING,197,238,Soil unlabeled pretraining cannot be called completely held-out inductive when prospective test images/groups overlap its pool.
sha256:7e5bd8b1d2278c9c8fbc,CHECKPOINT_ROOT,checkpoints_VicReg_original_NEW/vicreg_mu_23.0_epoch_58.pth,7e5bd8b1d2278c9c8fbcf08920a09e18506c805c63bc397a1de459510b5e1638,PARTIAL_STATE,SOIL_IMAGES_UNLABELED,TinyImageNet/ImageNet initializer possible; exact generation-specific initializer requires lineage review,TRANSDUCTIVE_PRETRAINING,197,238,Soil unlabeled pretraining cannot be called completely held-out inductive when prospective test images/groups overlap its pool.
sha256:35dd951479d0f36d3a3d,CHECKPOINT_ROOT,checkpoints_VicReg_original_NEW/vicreg_mu_23.0_epoch_59.pth,35dd951479d0f36d3a3df6756c116d629daedf02ba4c1765fdf79ab2cafcf492,PARTIAL_STATE,SOIL_IMAGES_UNLABELED,TinyImageNet/ImageNet initializer possible; exact generation-specific initializer requires lineage review,TRANSDUCTIVE_PRETRAINING,197,238,Soil unlabeled pretraining cannot be called completely held-out inductive when prospective test images/groups overlap its pool.
sha256:07dd9d964464451779d0,CHECKPOINT_ROOT,checkpoints_VicReg_original_NEW/vicreg_mu_23.0_epoch_6.pth,07dd9d964464451779d0243a668e064ad96c3e87f9641d14b62ebe538410c01c,PARTIAL_STATE,SOIL_IMAGES_UNLABELED,TinyImageNet/ImageNet initializer possible; exact generation-specific initializer requires lineage review,TRANSDUCTIVE_PRETRAINING,197,238,Soil unlabeled pretraining cannot be called completely held-out inductive when prospective test images/groups overlap its pool.
sha256:c578ca91e5606620f141,CHECKPOINT_ROOT,checkpoints_VicReg_original_NEW/vicreg_mu_23.0_epoch_60.pth,c578ca91e5606620f141f80fa865afe66b86e95c338d2c22a3cead06158ac9a5,PARTIAL_STATE,SOIL_IMAGES_UNLABELED,TinyImageNet/ImageNet initializer possible; exact generation-specific initializer requires lineage review,TRANSDUCTIVE_PRETRAINING,197,238,Soil unlabeled pretraining cannot be called completely held-out inductive when prospective test images/groups overlap its pool.
sha256:12155d262d736702d425,CHECKPOINT_ROOT,checkpoints_VicReg_original_NEW/vicreg_mu_23.0_epoch_61.pth,12155d262d736702d425361a66755c8eeaf1d88e8d21c569063062bc239deaed,PARTIAL_STATE,SOIL_IMAGES_UNLABELED,TinyImageNet/ImageNet initializer possible; exact generation-specific initializer requires lineage review,TRANSDUCTIVE_PRETRAINING,197,238,Soil unlabeled pretraining cannot be called completely held-out inductive when prospective test images/groups overlap its pool.
sha256:ef19232580e82e0461c4,CHECKPOINT_ROOT,checkpoints_VicReg_original_NEW/vicreg_mu_23.0_epoch_62.pth,ef19232580e82e0461c4a186ae9bf684c61d3376256c3db173e01f89c542f69c,PARTIAL_STATE,SOIL_IMAGES_UNLABELED,TinyImageNet/ImageNet initializer possible; exact generation-specific initializer requires lineage review,TRANSDUCTIVE_PRETRAINING,197,238,Soil unlabeled pretraining cannot be called completely held-out inductive when prospective test images/groups overlap its pool.
sha256:944f7d95440b4dd7f582,CHECKPOINT_ROOT,checkpoints_VicReg_original_NEW/vicreg_mu_23.0_epoch_63.pth,944f7d95440b4dd7f58211f90c4adf5a12a7414b8bf2f403b97687fe9e3c32cc,PARTIAL_STATE,SOIL_IMAGES_UNLABELED,TinyImageNet/ImageNet initializer possible; exact generation-specific initializer requires lineage review,TRANSDUCTIVE_PRETRAINING,197,238,Soil unlabeled pretraining cannot be called completely held-out inductive when prospective test images/groups overlap its pool.
sha256:3e1cbae7d6098d1a590f,CHECKPOINT_ROOT,checkpoints_VicReg_original_NEW/vicreg_mu_23.0_epoch_64.pth,3e1cbae7d6098d1a590f863e394f74365993d49d90f0423df18ed96525c3cbb1,PARTIAL_STATE,SOIL_IMAGES_UNLABELED,TinyImageNet/ImageNet initializer possible; exact generation-specific initializer requires lineage review,TRANSDUCTIVE_PRETRAINING,197,238,Soil unlabeled pretraining cannot be called completely held-out inductive when prospective test images/groups overlap its pool.
sha256:242be19fbd44f9042fc7,CHECKPOINT_ROOT,checkpoints_VicReg_original_NEW/vicreg_mu_23.0_epoch_65.pth,242be19fbd44f9042fc7210e1ed11188a4df7455649b5d68c3ff0dd059b4a344,PARTIAL_STATE,SOIL_IMAGES_UNLABELED,TinyImageNet/ImageNet initializer possible; exact generation-specific initializer requires lineage review,TRANSDUCTIVE_PRETRAINING,197,238,Soil unlabeled pretraining cannot be called completely held-out inductive when prospective test images/groups overlap its pool.
sha256:d036cf0af947604298a7,CHECKPOINT_ROOT,checkpoints_VicReg_original_NEW/vicreg_mu_23.0_epoch_66.pth,d036cf0af947604298a73b14ecd0cfe9cd0cb10ad120fa14671d23b142d6eda4,PARTIAL_STATE,SOIL_IMAGES_UNLABELED,TinyImageNet/ImageNet initializer possible; exact generation-specific initializer requires lineage review,TRANSDUCTIVE_PRETRAINING,197,238,Soil unlabeled pretraining cannot be called completely held-out inductive when prospective test images/groups overlap its pool.
sha256:0b34d85707813651f92a,CHECKPOINT_ROOT,checkpoints_VicReg_original_NEW/vicreg_mu_23.0_epoch_67.pth,0b34d85707813651f92af3245f44ecefa9f7d832ddbf85ac559395495b9064a9,PARTIAL_STATE,SOIL_IMAGES_UNLABELED,TinyImageNet/ImageNet initializer possible; exact generation-specific initializer requires lineage review,TRANSDUCTIVE_PRETRAINING,197,238,Soil unlabeled pretraining cannot be called completely held-out inductive when prospective test images/groups overlap its pool.
sha256:7bb67a4cf4d8bc828389,CHECKPOINT_ROOT,checkpoints_VicReg_original_NEW/vicreg_mu_23.0_epoch_68.pth,7bb67a4cf4d8bc828389b0eeef41c1c0bb6cd0b535f7b7ca2ee9704ad2cb20af,PARTIAL_STATE,SOIL_IMAGES_UNLABELED,TinyImageNet/ImageNet initializer possible; exact generation-specific initializer requires lineage review,TRANSDUCTIVE_PRETRAINING,197,238,Soil unlabeled pretraining cannot be called completely held-out inductive when prospective test images/groups overlap its pool.
sha256:81b1e91117d3b06e1d5b,CHECKPOINT_ROOT,checkpoints_VicReg_original_NEW/vicreg_mu_23.0_epoch_69.pth,81b1e91117d3b06e1d5bf073c9b7f0f57d489ff0109bd947eb4d88705092f32d,PARTIAL_STATE,SOIL_IMAGES_UNLABELED,TinyImageNet/ImageNet initializer possible; exact generation-specific initializer requires lineage review,TRANSDUCTIVE_PRETRAINING,197,238,Soil unlabeled pretraining cannot be called completely held-out inductive when prospective test images/groups overlap its pool.
sha256:e76428d17aa8fff5c76f,CHECKPOINT_ROOT,checkpoints_VicReg_original_NEW/vicreg_mu_23.0_epoch_7.pth,e76428d17aa8fff5c76f364fd9fe1d869f10948b5673af42632916edec872fbf,PARTIAL_STATE,SOIL_IMAGES_UNLABELED,TinyImageNet/ImageNet initializer possible; exact generation-specific initializer requires lineage review,TRANSDUCTIVE_PRETRAINING,197,238,Soil unlabeled pretraining cannot be called completely held-out inductive when prospective test images/groups overlap its pool.
sha256:6718493ef982eb50ac58,CHECKPOINT_ROOT,checkpoints_VicReg_original_NEW/vicreg_mu_23.0_epoch_70.pth,6718493ef982eb50ac58ea48cc4cb7e937513fa8d30cedc2b3c35b7503a01045,PARTIAL_STATE,SOIL_IMAGES_UNLABELED,TinyImageNet/ImageNet initializer possible; exact generation-specific initializer requires lineage review,TRANSDUCTIVE_PRETRAINING,197,238,Soil unlabeled pretraining cannot be called completely held-out inductive when prospective test images/groups overlap its pool.
sha256:3da824d98c1b7a719cf9,CHECKPOINT_ROOT,checkpoints_VicReg_original_NEW/vicreg_mu_23.0_epoch_71.pth,3da824d98c1b7a719cf93fad90d6f5a330cae2cab7a1a16c35293db99a2038eb,PARTIAL_STATE,SOIL_IMAGES_UNLABELED,TinyImageNet/ImageNet initializer possible; exact generation-specific initializer requires lineage review,TRANSDUCTIVE_PRETRAINING,197,238,Soil unlabeled pretraining cannot be called completely held-out inductive when prospective test images/groups overlap its pool.
sha256:3c364ac5d29dcb470d8c,CHECKPOINT_ROOT,checkpoints_VicReg_original_NEW/vicreg_mu_23.0_epoch_72.pth,3c364ac5d29dcb470d8c3cece21edcf417fcab3c8b6e2ebf6e2e4e0770dd1c4c,PARTIAL_STATE,SOIL_IMAGES_UNLABELED,TinyImageNet/ImageNet initializer possible; exact generation-specific initializer requires lineage review,TRANSDUCTIVE_PRETRAINING,197,238,Soil unlabeled pretraining cannot be called completely held-out inductive when prospective test images/groups overlap its pool.
sha256:1819a6e2e3e65b714553,CHECKPOINT_ROOT,checkpoints_VicReg_original_NEW/vicreg_mu_23.0_epoch_73.pth,1819a6e2e3e65b7145539054c507c1b693afea062366c2954185f1e9ef62f7d5,PARTIAL_STATE,SOIL_IMAGES_UNLABELED,TinyImageNet/ImageNet initializer possible; exact generation-specific initializer requires lineage review,TRANSDUCTIVE_PRETRAINING,197,238,Soil unlabeled pretraining cannot be called completely held-out inductive when prospective test images/groups overlap its pool.
sha256:586ad05c68ca84b10d7d,CHECKPOINT_ROOT,checkpoints_VicReg_original_NEW/vicreg_mu_23.0_epoch_74.pth,586ad05c68ca84b10d7db5ce654203c620c60e11944e9d18d5281387a9681beb,PARTIAL_STATE,SOIL_IMAGES_UNLABELED,TinyImageNet/ImageNet initializer possible; exact generation-specific initializer requires lineage review,TRANSDUCTIVE_PRETRAINING,197,238,Soil unlabeled pretraining cannot be called completely held-out inductive when prospective test images/groups overlap its pool.
sha256:eaa7a1d7ca831c704a06,CHECKPOINT_ROOT,checkpoints_VicReg_original_NEW/vicreg_mu_23.0_epoch_75.pth,eaa7a1d7ca831c704a06075c831038d199b4cbebdd1f04bbf5f943a422a3d92e,PARTIAL_STATE,SOIL_IMAGES_UNLABELED,TinyImageNet/ImageNet initializer possible; exact generation-specific initializer requires lineage review,TRANSDUCTIVE_PRETRAINING,197,238,Soil unlabeled pretraining cannot be called completely held-out inductive when prospective test images/groups overlap its pool.
sha256:2f93a020963b230e5126,CHECKPOINT_ROOT,checkpoints_VicReg_original_NEW/vicreg_mu_23.0_epoch_76.pth,2f93a020963b230e5126227c00cfdd76cbb7dbe52a048ded6f008d18f75a208d,PARTIAL_STATE,SOIL_IMAGES_UNLABELED,TinyImageNet/ImageNet initializer possible; exact generation-specific initializer requires lineage review,TRANSDUCTIVE_PRETRAINING,197,238,Soil unlabeled pretraining cannot be called completely held-out inductive when prospective test images/groups overlap its pool.
sha256:e7451a7b0524c1fc4ab1,CHECKPOINT_ROOT,checkpoints_VicReg_original_NEW/vicreg_mu_23.0_epoch_77.pth,e7451a7b0524c1fc4ab1e7294ce3533461f5c7d66b947df1258c44ea3d8f7ed8,PARTIAL_STATE,SOIL_IMAGES_UNLABELED,TinyImageNet/ImageNet initializer possible; exact generation-specific initializer requires lineage review,TRANSDUCTIVE_PRETRAINING,197,238,Soil unlabeled pretraining cannot be called completely held-out inductive when prospective test images/groups overlap its pool.
sha256:a8635bc6a0afc8a6f469,CHECKPOINT_ROOT,checkpoints_VicReg_original_NEW/vicreg_mu_23.0_epoch_78.pth,a8635bc6a0afc8a6f469e7d1ebeca68696b871e36d0bf32cbb0e574d7b169f10,PARTIAL_STATE,SOIL_IMAGES_UNLABELED,TinyImageNet/ImageNet initializer possible; exact generation-specific initializer requires lineage review,TRANSDUCTIVE_PRETRAINING,197,238,Soil unlabeled pretraining cannot be called completely held-out inductive when prospective test images/groups overlap its pool.
sha256:023eacbabc4dacdb7225,CHECKPOINT_ROOT,checkpoints_VicReg_original_NEW/vicreg_mu_23.0_epoch_79.pth,023eacbabc4dacdb72257ae112ece9580e0a6329b7d0ef12b88dbf8c0db643ad,PARTIAL_STATE,SOIL_IMAGES_UNLABELED,TinyImageNet/ImageNet initializer possible; exact generation-specific initializer requires lineage review,TRANSDUCTIVE_PRETRAINING,197,238,Soil unlabeled pretraining cannot be called completely held-out inductive when prospective test images/groups overlap its pool.
sha256:b1a23b8c27daf9a15cc4,CHECKPOINT_ROOT,checkpoints_VicReg_original_NEW/vicreg_mu_23.0_epoch_8.pth,b1a23b8c27daf9a15cc447ca2d350f31e82c8b52d905c91a3dfaa143c513de81,PARTIAL_STATE,SOIL_IMAGES_UNLABELED,TinyImageNet/ImageNet initializer possible; exact generation-specific initializer requires lineage review,TRANSDUCTIVE_PRETRAINING,197,238,Soil unlabeled pretraining cannot be called completely held-out inductive when prospective test images/groups overlap its pool.
sha256:e95b1775cf13b8bccf5f,CHECKPOINT_ROOT,checkpoints_VicReg_original_NEW/vicreg_mu_23.0_epoch_80.pth,e95b1775cf13b8bccf5f795c019975a53c5962657ed8cbe633ce27552921cf7c,PARTIAL_STATE,SOIL_IMAGES_UNLABELED,TinyImageNet/ImageNet initializer possible; exact generation-specific initializer requires lineage review,TRANSDUCTIVE_PRETRAINING,197,238,Soil unlabeled pretraining cannot be called completely held-out inductive when prospective test images/groups overlap its pool.
sha256:d96a668d456b4c3c4388,CHECKPOINT_ROOT,checkpoints_VicReg_original_NEW/vicreg_mu_23.0_epoch_9.pth,d96a668d456b4c3c4388e04a08cf7322474f0a30ba95664c7e474c6f5b2fab1a,PARTIAL_STATE,SOIL_IMAGES_UNLABELED,TinyImageNet/ImageNet initializer possible; exact generation-specific initializer requires lineage review,TRANSDUCTIVE_PRETRAINING,197,238,Soil unlabeled pretraining cannot be called completely held-out inductive when prospective test images/groups overlap its pool.
sha256:52d134f89c14f17e53c2,CHECKPOINT_ROOT,checkpoints_VicReg_original_NEW/vicreg_mu_25.0_epoch_1.pth,52d134f89c14f17e53c2e607babe6a76db1d3cb9821eb987273b0cbb2ba30624,PARTIAL_STATE,SOIL_IMAGES_UNLABELED,TinyImageNet/ImageNet initializer possible; exact generation-specific initializer requires lineage review,TRANSDUCTIVE_PRETRAINING,197,238,Soil unlabeled pretraining cannot be called completely held-out inductive when prospective test images/groups overlap its pool.
sha256:4b1ea8fbf4d5134d2882,CHECKPOINT_ROOT,checkpoints_VicReg_original_NEW/vicreg_mu_25.0_epoch_10.pth,4b1ea8fbf4d5134d28829d990041ca9ad88f02773b6ed976b284535084dfcb2f,PARTIAL_STATE,SOIL_IMAGES_UNLABELED,TinyImageNet/ImageNet initializer possible; exact generation-specific initializer requires lineage review,TRANSDUCTIVE_PRETRAINING,197,238,Soil unlabeled pretraining cannot be called completely held-out inductive when prospective test images/groups overlap its pool.
sha256:14b25236c8a2c49c4588,CHECKPOINT_ROOT,checkpoints_VicReg_original_NEW/vicreg_mu_25.0_epoch_11.pth,14b25236c8a2c49c4588dfeba3ed78ac6301c3477f2fd78c76d171de795d5ec6,PARTIAL_STATE,SOIL_IMAGES_UNLABELED,TinyImageNet/ImageNet initializer possible; exact generation-specific initializer requires lineage review,TRANSDUCTIVE_PRETRAINING,197,238,Soil unlabeled pretraining cannot be called completely held-out inductive when prospective test images/groups overlap its pool.
sha256:9f5f22bfd44e6552348d,CHECKPOINT_ROOT,checkpoints_VicReg_original_NEW/vicreg_mu_25.0_epoch_12.pth,9f5f22bfd44e6552348d43082f3c804478024d5bd91767ba4facc2d8d3ac8002,PARTIAL_STATE,SOIL_IMAGES_UNLABELED,TinyImageNet/ImageNet initializer possible; exact generation-specific initializer requires lineage review,TRANSDUCTIVE_PRETRAINING,197,238,Soil unlabeled pretraining cannot be called completely held-out inductive when prospective test images/groups overlap its pool.
sha256:892b9479d3bb5555eb29,CHECKPOINT_ROOT,checkpoints_VicReg_original_NEW/vicreg_mu_25.0_epoch_13.pth,892b9479d3bb5555eb2922c5878a6f644410f9ce5d1db6677ea42b12cbcbacaa,PARTIAL_STATE,SOIL_IMAGES_UNLABELED,TinyImageNet/ImageNet initializer possible; exact generation-specific initializer requires lineage review,TRANSDUCTIVE_PRETRAINING,197,238,Soil unlabeled pretraining cannot be called completely held-out inductive when prospective test images/groups overlap its pool.
sha256:37d963c9b94cb2e88de1,CHECKPOINT_ROOT,checkpoints_VicReg_original_NEW/vicreg_mu_25.0_epoch_14.pth,37d963c9b94cb2e88de1beac4fdd052a104bc945a6c9203cc79b991f90397806,PARTIAL_STATE,SOIL_IMAGES_UNLABELED,TinyImageNet/ImageNet initializer possible; exact generation-specific initializer requires lineage review,TRANSDUCTIVE_PRETRAINING,197,238,Soil unlabeled pretraining cannot be called completely held-out inductive when prospective test images/groups overlap its pool.
sha256:d42bca681437f3402252,CHECKPOINT_ROOT,checkpoints_VicReg_original_NEW/vicreg_mu_25.0_epoch_15.pth,d42bca681437f3402252bcc9160e557ef32e7515a81a03cc6265fbd3c7a56f68,PARTIAL_STATE,SOIL_IMAGES_UNLABELED,TinyImageNet/ImageNet initializer possible; exact generation-specific initializer requires lineage review,TRANSDUCTIVE_PRETRAINING,197,238,Soil unlabeled pretraining cannot be called completely held-out inductive when prospective test images/groups overlap its pool.
sha256:d306eef6089e0232d6b1,CHECKPOINT_ROOT,checkpoints_VicReg_original_NEW/vicreg_mu_25.0_epoch_16.pth,d306eef6089e0232d6b1726c2acab2d4257152e0ab780ccc6296490bbd8eb17f,PARTIAL_STATE,SOIL_IMAGES_UNLABELED,TinyImageNet/ImageNet initializer possible; exact generation-specific initializer requires lineage review,TRANSDUCTIVE_PRETRAINING,197,238,Soil unlabeled pretraining cannot be called completely held-out inductive when prospective test images/groups overlap its pool.
sha256:5c04bd0da91e2badef50,CHECKPOINT_ROOT,checkpoints_VicReg_original_NEW/vicreg_mu_25.0_epoch_17.pth,5c04bd0da91e2badef501f9cb01a6e3b6947e95f0119baa908d7f328070da3e9,PARTIAL_STATE,SOIL_IMAGES_UNLABELED,TinyImageNet/ImageNet initializer possible; exact generation-specific initializer requires lineage review,TRANSDUCTIVE_PRETRAINING,197,238,Soil unlabeled pretraining cannot be called completely held-out inductive when prospective test images/groups overlap its pool.
sha256:3ae82a6a0bc8be8e42a7,CHECKPOINT_ROOT,checkpoints_VicReg_original_NEW/vicreg_mu_25.0_epoch_18.pth,3ae82a6a0bc8be8e42a7a5a917af411e35b19d5482abe72972f11bec7f1be4c7,PARTIAL_STATE,SOIL_IMAGES_UNLABELED,TinyImageNet/ImageNet initializer possible; exact generation-specific initializer requires lineage review,TRANSDUCTIVE_PRETRAINING,197,238,Soil unlabeled pretraining cannot be called completely held-out inductive when prospective test images/groups overlap its pool.
sha256:2de9a01ebe7c9c8c1a24,CHECKPOINT_ROOT,checkpoints_VicReg_original_NEW/vicreg_mu_25.0_epoch_19.pth,2de9a01ebe7c9c8c1a24d006a4c87888f06d986437ecab331a7fb5cabe1c14a4,PARTIAL_STATE,SOIL_IMAGES_UNLABELED,TinyImageNet/ImageNet initializer possible; exact generation-specific initializer requires lineage review,TRANSDUCTIVE_PRETRAINING,197,238,Soil unlabeled pretraining cannot be called completely held-out inductive when prospective test images/groups overlap its pool.
sha256:0616d3c72eca3182ba93,CHECKPOINT_ROOT,checkpoints_VicReg_original_NEW/vicreg_mu_25.0_epoch_2.pth,0616d3c72eca3182ba9302187bbba8fac0dc91edd57073c67bd3a375ba5c4df2,PARTIAL_STATE,SOIL_IMAGES_UNLABELED,TinyImageNet/ImageNet initializer possible; exact generation-specific initializer requires lineage review,TRANSDUCTIVE_PRETRAINING,197,238,Soil unlabeled pretraining cannot be called completely held-out inductive when prospective test images/groups overlap its pool.
sha256:95225854f5719c7cd74c,CHECKPOINT_ROOT,checkpoints_VicReg_original_NEW/vicreg_mu_25.0_epoch_20.pth,95225854f5719c7cd74cdde1f840fa0e738d6bc8455f3aafd5bb81615d1ddb7a,PARTIAL_STATE,SOIL_IMAGES_UNLABELED,TinyImageNet/ImageNet initializer possible; exact generation-specific initializer requires lineage review,TRANSDUCTIVE_PRETRAINING,197,238,Soil unlabeled pretraining cannot be called completely held-out inductive when prospective test images/groups overlap its pool.
sha256:070758a7f2cb5b407d9c,CHECKPOINT_ROOT,checkpoints_VicReg_original_NEW/vicreg_mu_25.0_epoch_21.pth,070758a7f2cb5b407d9c14a04ddf4e529d0bdbf1cd027c32227d36eba6c3bf8c,PARTIAL_STATE,SOIL_IMAGES_UNLABELED,TinyImageNet/ImageNet initializer possible; exact generation-specific initializer requires lineage review,TRANSDUCTIVE_PRETRAINING,197,238,Soil unlabeled pretraining cannot be called completely held-out inductive when prospective test images/groups overlap its pool.
sha256:7492ff5e74611e4de81c,CHECKPOINT_ROOT,checkpoints_VicReg_original_NEW/vicreg_mu_25.0_epoch_22.pth,7492ff5e74611e4de81c5f0b0f4af244476e1de80405eae2c6e2ff3f6bac7942,PARTIAL_STATE,SOIL_IMAGES_UNLABELED,TinyImageNet/ImageNet initializer possible; exact generation-specific initializer requires lineage review,TRANSDUCTIVE_PRETRAINING,197,238,Soil unlabeled pretraining cannot be called completely held-out inductive when prospective test images/groups overlap its pool.
sha256:1f3c8580319a77b6660f,CHECKPOINT_ROOT,checkpoints_VicReg_original_NEW/vicreg_mu_25.0_epoch_23.pth,1f3c8580319a77b6660f9a2f2676b2c91dc72240b063f50b632142fbe4ac74bf,PARTIAL_STATE,SOIL_IMAGES_UNLABELED,TinyImageNet/ImageNet initializer possible; exact generation-specific initializer requires lineage review,TRANSDUCTIVE_PRETRAINING,197,238,Soil unlabeled pretraining cannot be called completely held-out inductive when prospective test images/groups overlap its pool.
sha256:c135595a88ff388ba1df,CHECKPOINT_ROOT,checkpoints_VicReg_original_NEW/vicreg_mu_25.0_epoch_24.pth,c135595a88ff388ba1df9d65c6321ac8058be9504003cc5dd98db0f755d779d4,PARTIAL_STATE,SOIL_IMAGES_UNLABELED,TinyImageNet/ImageNet initializer possible; exact generation-specific initializer requires lineage review,TRANSDUCTIVE_PRETRAINING,197,238,Soil unlabeled pretraining cannot be called completely held-out inductive when prospective test images/groups overlap its pool.
sha256:5e024d323e9cd448874c,CHECKPOINT_ROOT,checkpoints_VicReg_original_NEW/vicreg_mu_25.0_epoch_25.pth,5e024d323e9cd448874ce5a8cf7e5c2f745706fb872335ca1a5593fec701a4d2,PARTIAL_STATE,SOIL_IMAGES_UNLABELED,TinyImageNet/ImageNet initializer possible; exact generation-specific initializer requires lineage review,TRANSDUCTIVE_PRETRAINING,197,238,Soil unlabeled pretraining cannot be called completely held-out inductive when prospective test images/groups overlap its pool.
sha256:411269c18dc90e8b59c0,CHECKPOINT_ROOT,checkpoints_VicReg_original_NEW/vicreg_mu_25.0_epoch_26.pth,411269c18dc90e8b59c0f22494165ee84a084c923dc0e1b389a98e46e26dbaea,PARTIAL_STATE,SOIL_IMAGES_UNLABELED,TinyImageNet/ImageNet initializer possible; exact generation-specific initializer requires lineage review,TRANSDUCTIVE_PRETRAINING,197,238,Soil unlabeled pretraining cannot be called completely held-out inductive when prospective test images/groups overlap its pool.
sha256:7777d424b48334716ff8,CHECKPOINT_ROOT,checkpoints_VicReg_original_NEW/vicreg_mu_25.0_epoch_27.pth,7777d424b48334716ff8fe6df74c7b8e5acf6f913ffedcb3672a7b2e160749f6,PARTIAL_STATE,SOIL_IMAGES_UNLABELED,TinyImageNet/ImageNet initializer possible; exact generation-specific initializer requires lineage review,TRANSDUCTIVE_PRETRAINING,197,238,Soil unlabeled pretraining cannot be called completely held-out inductive when prospective test images/groups overlap its pool.
sha256:3828e4e930ed29e5a25f,CHECKPOINT_ROOT,checkpoints_VicReg_original_NEW/vicreg_mu_25.0_epoch_28.pth,3828e4e930ed29e5a25fc893750dbece8c54b0e8f34f5de754581dfe2de0e96f,PARTIAL_STATE,SOIL_IMAGES_UNLABELED,TinyImageNet/ImageNet initializer possible; exact generation-specific initializer requires lineage review,TRANSDUCTIVE_PRETRAINING,197,238,Soil unlabeled pretraining cannot be called completely held-out inductive when prospective test images/groups overlap its pool.
sha256:7063bc23cb16fd274ff9,CHECKPOINT_ROOT,checkpoints_VicReg_original_NEW/vicreg_mu_25.0_epoch_29.pth,7063bc23cb16fd274ff98aa8757995d360d8a19144da181ef8a8662dcd1c8b9a,PARTIAL_STATE,SOIL_IMAGES_UNLABELED,TinyImageNet/ImageNet initializer possible; exact generation-specific initializer requires lineage review,TRANSDUCTIVE_PRETRAINING,197,238,Soil unlabeled pretraining cannot be called completely held-out inductive when prospective test images/groups overlap its pool.
sha256:70928e0f9df808e614f3,CHECKPOINT_ROOT,checkpoints_VicReg_original_NEW/vicreg_mu_25.0_epoch_3.pth,70928e0f9df808e614f3b8bc3b45f238457b10203b0fb3b52f44c85e941f29b1,PARTIAL_STATE,SOIL_IMAGES_UNLABELED,TinyImageNet/ImageNet initializer possible; exact generation-specific initializer requires lineage review,TRANSDUCTIVE_PRETRAINING,197,238,Soil unlabeled pretraining cannot be called completely held-out inductive when prospective test images/groups overlap its pool.
sha256:4803ec4e03228d5b2b19,CHECKPOINT_ROOT,checkpoints_VicReg_original_NEW/vicreg_mu_25.0_epoch_30.pth,4803ec4e03228d5b2b1934013d2b7a4dd7d85d101ce0188d6bf59e4c7d5dc42f,PARTIAL_STATE,SOIL_IMAGES_UNLABELED,TinyImageNet/ImageNet initializer possible; exact generation-specific initializer requires lineage review,TRANSDUCTIVE_PRETRAINING,197,238,Soil unlabeled pretraining cannot be called completely held-out inductive when prospective test images/groups overlap its pool.
sha256:336a91bfe508d27d9903,CHECKPOINT_ROOT,checkpoints_VicReg_original_NEW/vicreg_mu_25.0_epoch_31.pth,336a91bfe508d27d99034301cc96e1d5ae024149a7dede5f0aab3e00aa4b28f8,PARTIAL_STATE,SOIL_IMAGES_UNLABELED,TinyImageNet/ImageNet initializer possible; exact generation-specific initializer requires lineage review,TRANSDUCTIVE_PRETRAINING,197,238,Soil unlabeled pretraining cannot be called completely held-out inductive when prospective test images/groups overlap its pool.
sha256:aea0fd498d31e5a20054,CHECKPOINT_ROOT,checkpoints_VicReg_original_NEW/vicreg_mu_25.0_epoch_32.pth,aea0fd498d31e5a200546aae2f0273c51388663a5d05852eda8b02566e8e55ba,PARTIAL_STATE,SOIL_IMAGES_UNLABELED,TinyImageNet/ImageNet initializer possible; exact generation-specific initializer requires lineage review,TRANSDUCTIVE_PRETRAINING,197,238,Soil unlabeled pretraining cannot be called completely held-out inductive when prospective test images/groups overlap its pool.
sha256:97f9456333f5e59568c1,CHECKPOINT_ROOT,checkpoints_VicReg_original_NEW/vicreg_mu_25.0_epoch_33.pth,97f9456333f5e59568c10345136da805bb41ef37b93d132d32f1a4ad1b0240cf,PARTIAL_STATE,SOIL_IMAGES_UNLABELED,TinyImageNet/ImageNet initializer possible; exact generation-specific initializer requires lineage review,TRANSDUCTIVE_PRETRAINING,197,238,Soil unlabeled pretraining cannot be called completely held-out inductive when prospective test images/groups overlap its pool.
sha256:715b492210b3f1d0d2d1,CHECKPOINT_ROOT,checkpoints_VicReg_original_NEW/vicreg_mu_25.0_epoch_34.pth,715b492210b3f1d0d2d134c07e69d65bfa30aa2c8950ea928cd7484e958daba7,PARTIAL_STATE,SOIL_IMAGES_UNLABELED,TinyImageNet/ImageNet initializer possible; exact generation-specific initializer requires lineage review,TRANSDUCTIVE_PRETRAINING,197,238,Soil unlabeled pretraining cannot be called completely held-out inductive when prospective test images/groups overlap its pool.
sha256:5415c874f3b7b2c3b11e,CHECKPOINT_ROOT,checkpoints_VicReg_original_NEW/vicreg_mu_25.0_epoch_35.pth,5415c874f3b7b2c3b11ef8419df8f89ea40816444a0cf7faee64d287f6e61dc0,PARTIAL_STATE,SOIL_IMAGES_UNLABELED,TinyImageNet/ImageNet initializer possible; exact generation-specific initializer requires lineage review,TRANSDUCTIVE_PRETRAINING,197,238,Soil unlabeled pretraining cannot be called completely held-out inductive when prospective test images/groups overlap its pool.
sha256:6189778485249b06eb22,CHECKPOINT_ROOT,checkpoints_VicReg_original_NEW/vicreg_mu_25.0_epoch_36.pth,6189778485249b06eb22954f1c71a9fcffbc29e564f6dacf7acd6ad2f0426d57,PARTIAL_STATE,SOIL_IMAGES_UNLABELED,TinyImageNet/ImageNet initializer possible; exact generation-specific initializer requires lineage review,TRANSDUCTIVE_PRETRAINING,197,238,Soil unlabeled pretraining cannot be called completely held-out inductive when prospective test images/groups overlap its pool.
sha256:9c259e0cd5a0b0197844,CHECKPOINT_ROOT,checkpoints_VicReg_original_NEW/vicreg_mu_25.0_epoch_37.pth,9c259e0cd5a0b019784440345b323b57c8858552f4a0c0d9b60ce7d0bdec2f86,PARTIAL_STATE,SOIL_IMAGES_UNLABELED,TinyImageNet/ImageNet initializer possible; exact generation-specific initializer requires lineage review,TRANSDUCTIVE_PRETRAINING,197,238,Soil unlabeled pretraining cannot be called completely held-out inductive when prospective test images/groups overlap its pool.
sha256:c5cfe6f6f5b0ff78904b,CHECKPOINT_ROOT,checkpoints_VicReg_original_NEW/vicreg_mu_25.0_epoch_38.pth,c5cfe6f6f5b0ff78904bf15af4a40fa88f6efd03ca93a888ae430a502d99a854,PARTIAL_STATE,SOIL_IMAGES_UNLABELED,TinyImageNet/ImageNet initializer possible; exact generation-specific initializer requires lineage review,TRANSDUCTIVE_PRETRAINING,197,238,Soil unlabeled pretraining cannot be called completely held-out inductive when prospective test images/groups overlap its pool.
sha256:f447e95af6e1817b8292,CHECKPOINT_ROOT,checkpoints_VicReg_original_NEW/vicreg_mu_25.0_epoch_39.pth,f447e95af6e1817b829279890437e2fe8fc8093f3d28711092cffa02c24a5a2a,PARTIAL_STATE,SOIL_IMAGES_UNLABELED,TinyImageNet/ImageNet initializer possible; exact generation-specific initializer requires lineage review,TRANSDUCTIVE_PRETRAINING,197,238,Soil unlabeled pretraining cannot be called completely held-out inductive when prospective test images/groups overlap its pool.
sha256:1920a2f8ef0829e31ca8,CHECKPOINT_ROOT,checkpoints_VicReg_original_NEW/vicreg_mu_25.0_epoch_4.pth,1920a2f8ef0829e31ca8fe54804e08597f20e1c1e33feea5d7c03f3d022b5dcd,PARTIAL_STATE,SOIL_IMAGES_UNLABELED,TinyImageNet/ImageNet initializer possible; exact generation-specific initializer requires lineage review,TRANSDUCTIVE_PRETRAINING,197,238,Soil unlabeled pretraining cannot be called completely held-out inductive when prospective test images/groups overlap its pool.
sha256:b93cf525980f89ef4176,CHECKPOINT_ROOT,checkpoints_VicReg_original_NEW/vicreg_mu_25.0_epoch_40.pth,b93cf525980f89ef41765eb45880fac37246cd9705c9b2759531a4cd965e1de6,PARTIAL_STATE,SOIL_IMAGES_UNLABELED,TinyImageNet/ImageNet initializer possible; exact generation-specific initializer requires lineage review,TRANSDUCTIVE_PRETRAINING,197,238,Soil unlabeled pretraining cannot be called completely held-out inductive when prospective test images/groups overlap its pool.
sha256:d1ce065230991b47e5aa,CHECKPOINT_ROOT,checkpoints_VicReg_original_NEW/vicreg_mu_25.0_epoch_41.pth,d1ce065230991b47e5aa776867b4634451d03cbad5914ba2cd39af0f63734d3d,PARTIAL_STATE,SOIL_IMAGES_UNLABELED,TinyImageNet/ImageNet initializer possible; exact generation-specific initializer requires lineage review,TRANSDUCTIVE_PRETRAINING,197,238,Soil unlabeled pretraining cannot be called completely held-out inductive when prospective test images/groups overlap its pool.
sha256:28488ad75729b12c2dbe,CHECKPOINT_ROOT,checkpoints_VicReg_original_NEW/vicreg_mu_25.0_epoch_42.pth,28488ad75729b12c2dbe6a2f9016baca5327fc1f85d06ffc181939002ab8d7f3,PARTIAL_STATE,SOIL_IMAGES_UNLABELED,TinyImageNet/ImageNet initializer possible; exact generation-specific initializer requires lineage review,TRANSDUCTIVE_PRETRAINING,197,238,Soil unlabeled pretraining cannot be called completely held-out inductive when prospective test images/groups overlap its pool.
sha256:0b347a95edf4ddf88165,CHECKPOINT_ROOT,checkpoints_VicReg_original_NEW/vicreg_mu_25.0_epoch_43.pth,0b347a95edf4ddf88165669d7d3c0cb090936563663406d20791904e43a1353b,PARTIAL_STATE,SOIL_IMAGES_UNLABELED,TinyImageNet/ImageNet initializer possible; exact generation-specific initializer requires lineage review,TRANSDUCTIVE_PRETRAINING,197,238,Soil unlabeled pretraining cannot be called completely held-out inductive when prospective test images/groups overlap its pool.
sha256:6f0a940bdf9ca80d3181,CHECKPOINT_ROOT,checkpoints_VicReg_original_NEW/vicreg_mu_25.0_epoch_44.pth,6f0a940bdf9ca80d318107a33004c10eed0310bf1524ee6ca9beca5789e6ffd4,PARTIAL_STATE,SOIL_IMAGES_UNLABELED,TinyImageNet/ImageNet initializer possible; exact generation-specific initializer requires lineage review,TRANSDUCTIVE_PRETRAINING,197,238,Soil unlabeled pretraining cannot be called completely held-out inductive when prospective test images/groups overlap its pool.
sha256:ec60c9c69447b4d2bdf6,CHECKPOINT_ROOT,checkpoints_VicReg_original_NEW/vicreg_mu_25.0_epoch_45.pth,ec60c9c69447b4d2bdf686371ea960bbb6d25111b14c0ab9231c6ddb75bb6b1f,PARTIAL_STATE,SOIL_IMAGES_UNLABELED,TinyImageNet/ImageNet initializer possible; exact generation-specific initializer requires lineage review,TRANSDUCTIVE_PRETRAINING,197,238,Soil unlabeled pretraining cannot be called completely held-out inductive when prospective test images/groups overlap its pool.
sha256:f66b7a501f4ecfe4a0eb,CHECKPOINT_ROOT,checkpoints_VicReg_original_NEW/vicreg_mu_25.0_epoch_46.pth,f66b7a501f4ecfe4a0eb4a1a585bf605c0f2df3ed2587d132ffc5b9f25eba33f,PARTIAL_STATE,SOIL_IMAGES_UNLABELED,TinyImageNet/ImageNet initializer possible; exact generation-specific initializer requires lineage review,TRANSDUCTIVE_PRETRAINING,197,238,Soil unlabeled pretraining cannot be called completely held-out inductive when prospective test images/groups overlap its pool.
sha256:f03f331a8ca53fd3a7fa,CHECKPOINT_ROOT,checkpoints_VicReg_original_NEW/vicreg_mu_25.0_epoch_47.pth,f03f331a8ca53fd3a7fa159b100db1d8fca1aec75978aaec9ac4132e15b1da51,PARTIAL_STATE,SOIL_IMAGES_UNLABELED,TinyImageNet/ImageNet initializer possible; exact generation-specific initializer requires lineage review,TRANSDUCTIVE_PRETRAINING,197,238,Soil unlabeled pretraining cannot be called completely held-out inductive when prospective test images/groups overlap its pool.
sha256:8ddb1e164395c80a5d4f,CHECKPOINT_ROOT,checkpoints_VicReg_original_NEW/vicreg_mu_25.0_epoch_48.pth,8ddb1e164395c80a5d4f2024d04bac3d766ea3a4baa3794a2dd0da6a44fdfc26,PARTIAL_STATE,SOIL_IMAGES_UNLABELED,TinyImageNet/ImageNet initializer possible; exact generation-specific initializer requires lineage review,TRANSDUCTIVE_PRETRAINING,197,238,Soil unlabeled pretraining cannot be called completely held-out inductive when prospective test images/groups overlap its pool.
sha256:7e2c1b36508f28736804,CHECKPOINT_ROOT,checkpoints_VicReg_original_NEW/vicreg_mu_25.0_epoch_49.pth,7e2c1b36508f287368042b8e5dad2101f082385b9c884d04cf5ab0f572ac2495,PARTIAL_STATE,SOIL_IMAGES_UNLABELED,TinyImageNet/ImageNet initializer possible; exact generation-specific initializer requires lineage review,TRANSDUCTIVE_PRETRAINING,197,238,Soil unlabeled pretraining cannot be called completely held-out inductive when prospective test images/groups overlap its pool.
sha256:627c6bb3f316d0f41a84,CHECKPOINT_ROOT,checkpoints_VicReg_original_NEW/vicreg_mu_25.0_epoch_5.pth,627c6bb3f316d0f41a8473746db9650f3909e8f1d0f1949b7734fe59844139df,PARTIAL_STATE,SOIL_IMAGES_UNLABELED,TinyImageNet/ImageNet initializer possible; exact generation-specific initializer requires lineage review,TRANSDUCTIVE_PRETRAINING,197,238,Soil unlabeled pretraining cannot be called completely held-out inductive when prospective test images/groups overlap its pool.
sha256:e41ded7d33cc81574ca5,CHECKPOINT_ROOT,checkpoints_VicReg_original_NEW/vicreg_mu_25.0_epoch_50.pth,e41ded7d33cc81574ca558262b120e2d04aed479c4da9072d48bfb15af1377f8,PARTIAL_STATE,SOIL_IMAGES_UNLABELED,TinyImageNet/ImageNet initializer possible; exact generation-specific initializer requires lineage review,TRANSDUCTIVE_PRETRAINING,197,238,Soil unlabeled pretraining cannot be called completely held-out inductive when prospective test images/groups overlap its pool.
sha256:e1f8bf1de7c088fb9613,CHECKPOINT_ROOT,checkpoints_VicReg_original_NEW/vicreg_mu_25.0_epoch_51.pth,e1f8bf1de7c088fb96138e75712ca2c7b8bb46d3ddfe3a9946a0a625f8b61ba0,PARTIAL_STATE,SOIL_IMAGES_UNLABELED,TinyImageNet/ImageNet initializer possible; exact generation-specific initializer requires lineage review,TRANSDUCTIVE_PRETRAINING,197,238,Soil unlabeled pretraining cannot be called completely held-out inductive when prospective test images/groups overlap its pool.
sha256:5769ef2f84559535b601,CHECKPOINT_ROOT,checkpoints_VicReg_original_NEW/vicreg_mu_25.0_epoch_52.pth,5769ef2f84559535b6018a5cf0a3bb0f49b09377aa9f90edf9a3d971be7403ee,PARTIAL_STATE,SOIL_IMAGES_UNLABELED,TinyImageNet/ImageNet initializer possible; exact generation-specific initializer requires lineage review,TRANSDUCTIVE_PRETRAINING,197,238,Soil unlabeled pretraining cannot be called completely held-out inductive when prospective test images/groups overlap its pool.
sha256:da593304f073fd05347b,CHECKPOINT_ROOT,checkpoints_VicReg_original_NEW/vicreg_mu_25.0_epoch_53.pth,da593304f073fd05347b62e2ef37fb49da8caa7a76c613889e838d38f4736ec4,PARTIAL_STATE,SOIL_IMAGES_UNLABELED,TinyImageNet/ImageNet initializer possible; exact generation-specific initializer requires lineage review,TRANSDUCTIVE_PRETRAINING,197,238,Soil unlabeled pretraining cannot be called completely held-out inductive when prospective test images/groups overlap its pool.
sha256:9a77af02c38248331f71,CHECKPOINT_ROOT,checkpoints_VicReg_original_NEW/vicreg_mu_25.0_epoch_54.pth,9a77af02c38248331f71416bdb82831a6118f7ddc7f12e17a80d982f2912b6ce,PARTIAL_STATE,SOIL_IMAGES_UNLABELED,TinyImageNet/ImageNet initializer possible; exact generation-specific initializer requires lineage review,TRANSDUCTIVE_PRETRAINING,197,238,Soil unlabeled pretraining cannot be called completely held-out inductive when prospective test images/groups overlap its pool.
sha256:701c560ed456cfbfc90a,CHECKPOINT_ROOT,checkpoints_VicReg_original_NEW/vicreg_mu_25.0_epoch_55.pth,701c560ed456cfbfc90aa51080688ea8c644671b5b4911c9e385474e7d724603,PARTIAL_STATE,SOIL_IMAGES_UNLABELED,TinyImageNet/ImageNet initializer possible; exact generation-specific initializer requires lineage review,TRANSDUCTIVE_PRETRAINING,197,238,Soil unlabeled pretraining cannot be called completely held-out inductive when prospective test images/groups overlap its pool.
sha256:6c0cfd92820ce2d3e92a,CHECKPOINT_ROOT,checkpoints_VicReg_original_NEW/vicreg_mu_25.0_epoch_56.pth,6c0cfd92820ce2d3e92a225c38fbfb6afc6f78daf6659db1575e4863dd047379,PARTIAL_STATE,SOIL_IMAGES_UNLABELED,TinyImageNet/ImageNet initializer possible; exact generation-specific initializer requires lineage review,TRANSDUCTIVE_PRETRAINING,197,238,Soil unlabeled pretraining cannot be called completely held-out inductive when prospective test images/groups overlap its pool.
sha256:ddb99e52d06f0895c207,CHECKPOINT_ROOT,checkpoints_VicReg_original_NEW/vicreg_mu_25.0_epoch_57.pth,ddb99e52d06f0895c207c96d727b228fcd9ed11421189ddaf6f07dc28dd42f75,PARTIAL_STATE,SOIL_IMAGES_UNLABELED,TinyImageNet/ImageNet initializer possible; exact generation-specific initializer requires lineage review,TRANSDUCTIVE_PRETRAINING,197,238,Soil unlabeled pretraining cannot be called completely held-out inductive when prospective test images/groups overlap its pool.
sha256:c01109ad0dc0d1653d93,CHECKPOINT_ROOT,checkpoints_VicReg_original_NEW/vicreg_mu_25.0_epoch_58.pth,c01109ad0dc0d1653d93c1afab294b3dc7dd3a8fa76bfad4a484580a7537b51b,PARTIAL_STATE,SOIL_IMAGES_UNLABELED,TinyImageNet/ImageNet initializer possible; exact generation-specific initializer requires lineage review,TRANSDUCTIVE_PRETRAINING,197,238,Soil unlabeled pretraining cannot be called completely held-out inductive when prospective test images/groups overlap its pool.
sha256:a7be75f97aee88024056,CHECKPOINT_ROOT,checkpoints_VicReg_original_NEW/vicreg_mu_25.0_epoch_59.pth,a7be75f97aee88024056cbcac0acf14eade3b41a6a0af49ff12e65a7a7000afa,PARTIAL_STATE,SOIL_IMAGES_UNLABELED,TinyImageNet/ImageNet initializer possible; exact generation-specific initializer requires lineage review,TRANSDUCTIVE_PRETRAINING,197,238,Soil unlabeled pretraining cannot be called completely held-out inductive when prospective test images/groups overlap its pool.
sha256:37bd70df83a7f58e2d53,CHECKPOINT_ROOT,checkpoints_VicReg_original_NEW/vicreg_mu_25.0_epoch_6.pth,37bd70df83a7f58e2d53a297743c6736eb70cfc3fa9b842df70be2da41183cbc,PARTIAL_STATE,SOIL_IMAGES_UNLABELED,TinyImageNet/ImageNet initializer possible; exact generation-specific initializer requires lineage review,TRANSDUCTIVE_PRETRAINING,197,238,Soil unlabeled pretraining cannot be called completely held-out inductive when prospective test images/groups overlap its pool.
sha256:8be74760f7af2f20cca8,CHECKPOINT_ROOT,checkpoints_VicReg_original_NEW/vicreg_mu_25.0_epoch_60.pth,8be74760f7af2f20cca8ddaa1d7e395b6a370a92a3e03fcf2145813639cae388,PARTIAL_STATE,SOIL_IMAGES_UNLABELED,TinyImageNet/ImageNet initializer possible; exact generation-specific initializer requires lineage review,TRANSDUCTIVE_PRETRAINING,197,238,Soil unlabeled pretraining cannot be called completely held-out inductive when prospective test images/groups overlap its pool.
sha256:4a58c2b41826c461e186,CHECKPOINT_ROOT,checkpoints_VicReg_original_NEW/vicreg_mu_25.0_epoch_61.pth,4a58c2b41826c461e186bb8e4819467ed69c40d713167919f0d528b75cddf882,PARTIAL_STATE,SOIL_IMAGES_UNLABELED,TinyImageNet/ImageNet initializer possible; exact generation-specific initializer requires lineage review,TRANSDUCTIVE_PRETRAINING,197,238,Soil unlabeled pretraining cannot be called completely held-out inductive when prospective test images/groups overlap its pool.
sha256:1a105ed862067adb9baf,CHECKPOINT_ROOT,checkpoints_VicReg_original_NEW/vicreg_mu_25.0_epoch_62.pth,1a105ed862067adb9bafc943653bf9b60c247e7e9042c9b9dfeed88857557e57,PARTIAL_STATE,SOIL_IMAGES_UNLABELED,TinyImageNet/ImageNet initializer possible; exact generation-specific initializer requires lineage review,TRANSDUCTIVE_PRETRAINING,197,238,Soil unlabeled pretraining cannot be called completely held-out inductive when prospective test images/groups overlap its pool.
sha256:fa5cf605732a6a166742,CHECKPOINT_ROOT,checkpoints_VicReg_original_NEW/vicreg_mu_25.0_epoch_63.pth,fa5cf605732a6a1667426398112dac46822a33089cc5ef93b64f51eff9d61e0f,PARTIAL_STATE,SOIL_IMAGES_UNLABELED,TinyImageNet/ImageNet initializer possible; exact generation-specific initializer requires lineage review,TRANSDUCTIVE_PRETRAINING,197,238,Soil unlabeled pretraining cannot be called completely held-out inductive when prospective test images/groups overlap its pool.
sha256:3a0e1128eb941be762c5,CHECKPOINT_ROOT,checkpoints_VicReg_original_NEW/vicreg_mu_25.0_epoch_64.pth,3a0e1128eb941be762c5aa3cb139abb3520032afc1eea8df2dc76b0f24478155,PARTIAL_STATE,SOIL_IMAGES_UNLABELED,TinyImageNet/ImageNet initializer possible; exact generation-specific initializer requires lineage review,TRANSDUCTIVE_PRETRAINING,197,238,Soil unlabeled pretraining cannot be called completely held-out inductive when prospective test images/groups overlap its pool.
sha256:c62a240eea0f5ec61cc9,CHECKPOINT_ROOT,checkpoints_VicReg_original_NEW/vicreg_mu_25.0_epoch_65.pth,c62a240eea0f5ec61cc97669bd37f91f097a64b4d49bea90567a855177f79dbf,PARTIAL_STATE,SOIL_IMAGES_UNLABELED,TinyImageNet/ImageNet initializer possible; exact generation-specific initializer requires lineage review,TRANSDUCTIVE_PRETRAINING,197,238,Soil unlabeled pretraining cannot be called completely held-out inductive when prospective test images/groups overlap its pool.
sha256:472cc7b343314feaea44,CHECKPOINT_ROOT,checkpoints_VicReg_original_NEW/vicreg_mu_25.0_epoch_66.pth,472cc7b343314feaea445065ce65b5e090c2c20b256318c0d167185c23b08a8c,PARTIAL_STATE,SOIL_IMAGES_UNLABELED,TinyImageNet/ImageNet initializer possible; exact generation-specific initializer requires lineage review,TRANSDUCTIVE_PRETRAINING,197,238,Soil unlabeled pretraining cannot be called completely held-out inductive when prospective test images/groups overlap its pool.
sha256:b4c4c99d4ed03a98e7d0,CHECKPOINT_ROOT,checkpoints_VicReg_original_NEW/vicreg_mu_25.0_epoch_67.pth,b4c4c99d4ed03a98e7d0c951a9643edd15180eeaa6cc9abba579015310688887,PARTIAL_STATE,SOIL_IMAGES_UNLABELED,TinyImageNet/ImageNet initializer possible; exact generation-specific initializer requires lineage review,TRANSDUCTIVE_PRETRAINING,197,238,Soil unlabeled pretraining cannot be called completely held-out inductive when prospective test images/groups overlap its pool.
sha256:71d409163876a61d8836,CHECKPOINT_ROOT,checkpoints_VicReg_original_NEW/vicreg_mu_25.0_epoch_68.pth,71d409163876a61d8836667ca62cc391bf62660b2ae58ce21f45245897a13ffc,PARTIAL_STATE,SOIL_IMAGES_UNLABELED,TinyImageNet/ImageNet initializer possible; exact generation-specific initializer requires lineage review,TRANSDUCTIVE_PRETRAINING,197,238,Soil unlabeled pretraining cannot be called completely held-out inductive when prospective test images/groups overlap its pool.
sha256:ac51b2d6afe298d9f3bc,CHECKPOINT_ROOT,checkpoints_VicReg_original_NEW/vicreg_mu_25.0_epoch_69.pth,ac51b2d6afe298d9f3bc06c43b4c18bfca8537c5b8aeb32171a948f4afa22ea3,PARTIAL_STATE,SOIL_IMAGES_UNLABELED,TinyImageNet/ImageNet initializer possible; exact generation-specific initializer requires lineage review,TRANSDUCTIVE_PRETRAINING,197,238,Soil unlabeled pretraining cannot be called completely held-out inductive when prospective test images/groups overlap its pool.
sha256:ae33cf3f1a64e947748b,CHECKPOINT_ROOT,checkpoints_VicReg_original_NEW/vicreg_mu_25.0_epoch_7.pth,ae33cf3f1a64e947748baeff380a42276bd4ee9070a0d6fb8c0a3711f19ac62f,PARTIAL_STATE,SOIL_IMAGES_UNLABELED,TinyImageNet/ImageNet initializer possible; exact generation-specific initializer requires lineage review,TRANSDUCTIVE_PRETRAINING,197,238,Soil unlabeled pretraining cannot be called completely held-out inductive when prospective test images/groups overlap its pool.
sha256:46eaa445eec856146769,CHECKPOINT_ROOT,checkpoints_VicReg_original_NEW/vicreg_mu_25.0_epoch_70.pth,46eaa445eec856146769356cc11d38fb0c6c10ea6380ce45c25456777bb2a18e,PARTIAL_STATE,SOIL_IMAGES_UNLABELED,TinyImageNet/ImageNet initializer possible; exact generation-specific initializer requires lineage review,TRANSDUCTIVE_PRETRAINING,197,238,Soil unlabeled pretraining cannot be called completely held-out inductive when prospective test images/groups overlap its pool.
sha256:901f7e5152545f2c5d62,CHECKPOINT_ROOT,checkpoints_VicReg_original_NEW/vicreg_mu_25.0_epoch_71.pth,901f7e5152545f2c5d62e2ea42524e887c730f600ea70d8047b82a9c83da0fa5,PARTIAL_STATE,SOIL_IMAGES_UNLABELED,TinyImageNet/ImageNet initializer possible; exact generation-specific initializer requires lineage review,TRANSDUCTIVE_PRETRAINING,197,238,Soil unlabeled pretraining cannot be called completely held-out inductive when prospective test images/groups overlap its pool.
sha256:9201b22f91df57b96629,CHECKPOINT_ROOT,checkpoints_VicReg_original_NEW/vicreg_mu_25.0_epoch_72.pth,9201b22f91df57b96629ace1096e9971126c95eabf4621d1809b6f0af5e7f319,PARTIAL_STATE,SOIL_IMAGES_UNLABELED,TinyImageNet/ImageNet initializer possible; exact generation-specific initializer requires lineage review,TRANSDUCTIVE_PRETRAINING,197,238,Soil unlabeled pretraining cannot be called completely held-out inductive when prospective test images/groups overlap its pool.
sha256:9bd9e880054b41f31e63,CHECKPOINT_ROOT,checkpoints_VicReg_original_NEW/vicreg_mu_25.0_epoch_73.pth,9bd9e880054b41f31e6362dfdf4be00159e873b205986c60e065718be6414682,PARTIAL_STATE,SOIL_IMAGES_UNLABELED,TinyImageNet/ImageNet initializer possible; exact generation-specific initializer requires lineage review,TRANSDUCTIVE_PRETRAINING,197,238,Soil unlabeled pretraining cannot be called completely held-out inductive when prospective test images/groups overlap its pool.
sha256:e553faa6562449872b97,CHECKPOINT_ROOT,checkpoints_VicReg_original_NEW/vicreg_mu_25.0_epoch_74.pth,e553faa6562449872b97d6b8720de17af9755247611191a70fdadb7853640017,PARTIAL_STATE,SOIL_IMAGES_UNLABELED,TinyImageNet/ImageNet initializer possible; exact generation-specific initializer requires lineage review,TRANSDUCTIVE_PRETRAINING,197,238,Soil unlabeled pretraining cannot be called completely held-out inductive when prospective test images/groups overlap its pool.
sha256:fb653418193b0d9772d4,CHECKPOINT_ROOT,checkpoints_VicReg_original_NEW/vicreg_mu_25.0_epoch_75.pth,fb653418193b0d9772d4e9ba1186edb0d9aeec48cedcc04d28c564645624ad2e,PARTIAL_STATE,SOIL_IMAGES_UNLABELED,TinyImageNet/ImageNet initializer possible; exact generation-specific initializer requires lineage review,TRANSDUCTIVE_PRETRAINING,197,238,Soil unlabeled pretraining cannot be called completely held-out inductive when prospective test images/groups overlap its pool.
sha256:fdf6705a137abde8395b,CHECKPOINT_ROOT,checkpoints_VicReg_original_NEW/vicreg_mu_25.0_epoch_76.pth,fdf6705a137abde8395b522941de3601e89cecfe00f657fae1664d184dfb1bc7,PARTIAL_STATE,SOIL_IMAGES_UNLABELED,TinyImageNet/ImageNet initializer possible; exact generation-specific initializer requires lineage review,TRANSDUCTIVE_PRETRAINING,197,238,Soil unlabeled pretraining cannot be called completely held-out inductive when prospective test images/groups overlap its pool.
sha256:38c3a708358d56af7fbf,CHECKPOINT_ROOT,checkpoints_VicReg_original_NEW/vicreg_mu_25.0_epoch_77.pth,38c3a708358d56af7fbf4856eabc5d5756c1bf02fd6170d18dc68610bf6ea16c,PARTIAL_STATE,SOIL_IMAGES_UNLABELED,TinyImageNet/ImageNet initializer possible; exact generation-specific initializer requires lineage review,TRANSDUCTIVE_PRETRAINING,197,238,Soil unlabeled pretraining cannot be called completely held-out inductive when prospective test images/groups overlap its pool.
sha256:f6e0b0c354c4ce49bde7,CHECKPOINT_ROOT,checkpoints_VicReg_original_NEW/vicreg_mu_25.0_epoch_78.pth,f6e0b0c354c4ce49bde7a7fb9c385187f6787c386a5bda51dd126c9fd6155980,PARTIAL_STATE,SOIL_IMAGES_UNLABELED,TinyImageNet/ImageNet initializer possible; exact generation-specific initializer requires lineage review,TRANSDUCTIVE_PRETRAINING,197,238,Soil unlabeled pretraining cannot be called completely held-out inductive when prospective test images/groups overlap its pool.
sha256:031a3b67496e1d8ea16a,CHECKPOINT_ROOT,checkpoints_VicReg_original_NEW/vicreg_mu_25.0_epoch_79.pth,031a3b67496e1d8ea16ab94903314e851d9cbf8f78e26c596c091af49c326f50,PARTIAL_STATE,SOIL_IMAGES_UNLABELED,TinyImageNet/ImageNet initializer possible; exact generation-specific initializer requires lineage review,TRANSDUCTIVE_PRETRAINING,197,238,Soil unlabeled pretraining cannot be called completely held-out inductive when prospective test images/groups overlap its pool.
sha256:3e7c764f500328e54130,CHECKPOINT_ROOT,checkpoints_VicReg_original_NEW/vicreg_mu_25.0_epoch_8.pth,3e7c764f500328e541300d5ea1365e5bea2c6f6c22423a3ad294a329ecff670c,PARTIAL_STATE,SOIL_IMAGES_UNLABELED,TinyImageNet/ImageNet initializer possible; exact generation-specific initializer requires lineage review,TRANSDUCTIVE_PRETRAINING,197,238,Soil unlabeled pretraining cannot be called completely held-out inductive when prospective test images/groups overlap its pool.
sha256:fdf50672f951648a50b2,CHECKPOINT_ROOT,checkpoints_VicReg_original_NEW/vicreg_mu_25.0_epoch_80.pth,fdf50672f951648a50b27f70a35d070caa2f216699e3830fc17e16f68abac751,PARTIAL_STATE,SOIL_IMAGES_UNLABELED,TinyImageNet/ImageNet initializer possible; exact generation-specific initializer requires lineage review,TRANSDUCTIVE_PRETRAINING,197,238,Soil unlabeled pretraining cannot be called completely held-out inductive when prospective test images/groups overlap its pool.
sha256:d2d749d508005224fd19,CHECKPOINT_ROOT,checkpoints_VicReg_original_NEW/vicreg_mu_25.0_epoch_9.pth,d2d749d508005224fd190a24d7ebda4e8622106ef45f9c0901151c6b2423c4b2,PARTIAL_STATE,SOIL_IMAGES_UNLABELED,TinyImageNet/ImageNet initializer possible; exact generation-specific initializer requires lineage review,TRANSDUCTIVE_PRETRAINING,197,238,Soil unlabeled pretraining cannot be called completely held-out inductive when prospective test images/groups overlap its pool.
sha256:2bc01fe41632d8cfad0b,CHECKPOINT_ROOT,checkpoints_VicReg_original_NEW/vicreg_mu_27.0_epoch_1.pth,2bc01fe41632d8cfad0b2634df2a9add73c1accde50dcafaa3c3c933b5b0c532,PARTIAL_STATE,SOIL_IMAGES_UNLABELED,TinyImageNet/ImageNet initializer possible; exact generation-specific initializer requires lineage review,TRANSDUCTIVE_PRETRAINING,197,238,Soil unlabeled pretraining cannot be called completely held-out inductive when prospective test images/groups overlap its pool.
sha256:75fb0f09965766e2c23e,CHECKPOINT_ROOT,checkpoints_VicReg_original_NEW/vicreg_mu_27.0_epoch_10.pth,75fb0f09965766e2c23e836d5227206454c3df319edb67d636ac2c9275adcbb3,PARTIAL_STATE,SOIL_IMAGES_UNLABELED,TinyImageNet/ImageNet initializer possible; exact generation-specific initializer requires lineage review,TRANSDUCTIVE_PRETRAINING,197,238,Soil unlabeled pretraining cannot be called completely held-out inductive when prospective test images/groups overlap its pool.
sha256:20674c8327c063879a0a,CHECKPOINT_ROOT,checkpoints_VicReg_original_NEW/vicreg_mu_27.0_epoch_11.pth,20674c8327c063879a0ae036494f4d130806fabb1b79b87731351081dc175deb,PARTIAL_STATE,SOIL_IMAGES_UNLABELED,TinyImageNet/ImageNet initializer possible; exact generation-specific initializer requires lineage review,TRANSDUCTIVE_PRETRAINING,197,238,Soil unlabeled pretraining cannot be called completely held-out inductive when prospective test images/groups overlap its pool.
sha256:cb44caf02418d5e74594,CHECKPOINT_ROOT,checkpoints_VicReg_original_NEW/vicreg_mu_27.0_epoch_12.pth,cb44caf02418d5e74594293d41946ac40b418bcddb3e21e16e30ca8526597e7c,PARTIAL_STATE,SOIL_IMAGES_UNLABELED,TinyImageNet/ImageNet initializer possible; exact generation-specific initializer requires lineage review,TRANSDUCTIVE_PRETRAINING,197,238,Soil unlabeled pretraining cannot be called completely held-out inductive when prospective test images/groups overlap its pool.
sha256:cbece95a8032d1db5fe6,CHECKPOINT_ROOT,checkpoints_VicReg_original_NEW/vicreg_mu_27.0_epoch_13.pth,cbece95a8032d1db5fe63d4e4b1b3f73ed7be979b71bf598d99fe5d527ee7429,PARTIAL_STATE,SOIL_IMAGES_UNLABELED,TinyImageNet/ImageNet initializer possible; exact generation-specific initializer requires lineage review,TRANSDUCTIVE_PRETRAINING,197,238,Soil unlabeled pretraining cannot be called completely held-out inductive when prospective test images/groups overlap its pool.
sha256:3f92fced17ca61825bdb,CHECKPOINT_ROOT,checkpoints_VicReg_original_NEW/vicreg_mu_27.0_epoch_14.pth,3f92fced17ca61825bdb06eca96b3238008198417fb93560f51ce0d74f23cfae,PARTIAL_STATE,SOIL_IMAGES_UNLABELED,TinyImageNet/ImageNet initializer possible; exact generation-specific initializer requires lineage review,TRANSDUCTIVE_PRETRAINING,197,238,Soil unlabeled pretraining cannot be called completely held-out inductive when prospective test images/groups overlap its pool.
sha256:cb1b7243f61c9cbe7c96,CHECKPOINT_ROOT,checkpoints_VicReg_original_NEW/vicreg_mu_27.0_epoch_15.pth,cb1b7243f61c9cbe7c96f786efa3e2d82877be2004243c651f76a4767f3ea6e5,PARTIAL_STATE,SOIL_IMAGES_UNLABELED,TinyImageNet/ImageNet initializer possible; exact generation-specific initializer requires lineage review,TRANSDUCTIVE_PRETRAINING,197,238,Soil unlabeled pretraining cannot be called completely held-out inductive when prospective test images/groups overlap its pool.
sha256:c8f99f20aec6f4526690,CHECKPOINT_ROOT,checkpoints_VicReg_original_NEW/vicreg_mu_27.0_epoch_16.pth,c8f99f20aec6f452669096c7e79b2c49c4568e975fa2297ca461753029393755,PARTIAL_STATE,SOIL_IMAGES_UNLABELED,TinyImageNet/ImageNet initializer possible; exact generation-specific initializer requires lineage review,TRANSDUCTIVE_PRETRAINING,197,238,Soil unlabeled pretraining cannot be called completely held-out inductive when prospective test images/groups overlap its pool.
sha256:b063e23c7a0fb3c4f0b6,CHECKPOINT_ROOT,checkpoints_VicReg_original_NEW/vicreg_mu_27.0_epoch_17.pth,b063e23c7a0fb3c4f0b6a6f924e8888f11f56f49eb861b567d4f9f7029d1c75c,PARTIAL_STATE,SOIL_IMAGES_UNLABELED,TinyImageNet/ImageNet initializer possible; exact generation-specific initializer requires lineage review,TRANSDUCTIVE_PRETRAINING,197,238,Soil unlabeled pretraining cannot be called completely held-out inductive when prospective test images/groups overlap its pool.
sha256:cb0eb379ab3a07e65927,CHECKPOINT_ROOT,checkpoints_VicReg_original_NEW/vicreg_mu_27.0_epoch_18.pth,cb0eb379ab3a07e65927448d3cc629822ad273d9faa484fb1ade92ff87ce06a8,PARTIAL_STATE,SOIL_IMAGES_UNLABELED,TinyImageNet/ImageNet initializer possible; exact generation-specific initializer requires lineage review,TRANSDUCTIVE_PRETRAINING,197,238,Soil unlabeled pretraining cannot be called completely held-out inductive when prospective test images/groups overlap its pool.
sha256:deb4e6de6c6dbdb799c1,CHECKPOINT_ROOT,checkpoints_VicReg_original_NEW/vicreg_mu_27.0_epoch_19.pth,deb4e6de6c6dbdb799c1ab4c848023376ffca44cd862b87cac49630c3ff8472a,PARTIAL_STATE,SOIL_IMAGES_UNLABELED,TinyImageNet/ImageNet initializer possible; exact generation-specific initializer requires lineage review,TRANSDUCTIVE_PRETRAINING,197,238,Soil unlabeled pretraining cannot be called completely held-out inductive when prospective test images/groups overlap its pool.
sha256:f303460122f226a9bb99,CHECKPOINT_ROOT,checkpoints_VicReg_original_NEW/vicreg_mu_27.0_epoch_2.pth,f303460122f226a9bb995b4fae58fc74ca46278f1645edfd7c457c0af8e72978,PARTIAL_STATE,SOIL_IMAGES_UNLABELED,TinyImageNet/ImageNet initializer possible; exact generation-specific initializer requires lineage review,TRANSDUCTIVE_PRETRAINING,197,238,Soil unlabeled pretraining cannot be called completely held-out inductive when prospective test images/groups overlap its pool.
sha256:415ad390aebdf9088f2f,CHECKPOINT_ROOT,checkpoints_VicReg_original_NEW/vicreg_mu_27.0_epoch_20.pth,415ad390aebdf9088f2fe913f7a183368adec138daf5b102fbe196b16a7b7c71,PARTIAL_STATE,SOIL_IMAGES_UNLABELED,TinyImageNet/ImageNet initializer possible; exact generation-specific initializer requires lineage review,TRANSDUCTIVE_PRETRAINING,197,238,Soil unlabeled pretraining cannot be called completely held-out inductive when prospective test images/groups overlap its pool.
sha256:6962ce014878d731d682,CHECKPOINT_ROOT,checkpoints_VicReg_original_NEW/vicreg_mu_27.0_epoch_21.pth,6962ce014878d731d6827732477acd6a6bfd646ca2b5bade31d2ebefd737d0c1,PARTIAL_STATE,SOIL_IMAGES_UNLABELED,TinyImageNet/ImageNet initializer possible; exact generation-specific initializer requires lineage review,TRANSDUCTIVE_PRETRAINING,197,238,Soil unlabeled pretraining cannot be called completely held-out inductive when prospective test images/groups overlap its pool.
sha256:910ca0dbdf5d973089c1,CHECKPOINT_ROOT,checkpoints_VicReg_original_NEW/vicreg_mu_27.0_epoch_22.pth,910ca0dbdf5d973089c1162913bb8731a5ecee5f408ca73249a4948ad63ff355,PARTIAL_STATE,SOIL_IMAGES_UNLABELED,TinyImageNet/ImageNet initializer possible; exact generation-specific initializer requires lineage review,TRANSDUCTIVE_PRETRAINING,197,238,Soil unlabeled pretraining cannot be called completely held-out inductive when prospective test images/groups overlap its pool.
sha256:8f5a8cfad4df99c9332e,CHECKPOINT_ROOT,checkpoints_VicReg_original_NEW/vicreg_mu_27.0_epoch_23.pth,8f5a8cfad4df99c9332e2bb752c862f175f28a925cd051de3257d5b37d1634da,PARTIAL_STATE,SOIL_IMAGES_UNLABELED,TinyImageNet/ImageNet initializer possible; exact generation-specific initializer requires lineage review,TRANSDUCTIVE_PRETRAINING,197,238,Soil unlabeled pretraining cannot be called completely held-out inductive when prospective test images/groups overlap its pool.
sha256:c3bcf84cfaf2d4d263d1,CHECKPOINT_ROOT,checkpoints_VicReg_original_NEW/vicreg_mu_27.0_epoch_24.pth,c3bcf84cfaf2d4d263d1d1572ffbc256f0313909329f52b6d10804918e4a53a0,PARTIAL_STATE,SOIL_IMAGES_UNLABELED,TinyImageNet/ImageNet initializer possible; exact generation-specific initializer requires lineage review,TRANSDUCTIVE_PRETRAINING,197,238,Soil unlabeled pretraining cannot be called completely held-out inductive when prospective test images/groups overlap its pool.
sha256:1e50052836dcca57ef9a,CHECKPOINT_ROOT,checkpoints_VicReg_original_NEW/vicreg_mu_27.0_epoch_25.pth,1e50052836dcca57ef9a424f09074f9fefe9efd9a40a66a0b5f81c7979c64ffa,PARTIAL_STATE,SOIL_IMAGES_UNLABELED,TinyImageNet/ImageNet initializer possible; exact generation-specific initializer requires lineage review,TRANSDUCTIVE_PRETRAINING,197,238,Soil unlabeled pretraining cannot be called completely held-out inductive when prospective test images/groups overlap its pool.
sha256:3e4a2d753123b16bcc5e,CHECKPOINT_ROOT,checkpoints_VicReg_original_NEW/vicreg_mu_27.0_epoch_26.pth,3e4a2d753123b16bcc5e8859996803e93f4ec205282f16451d5a25fda015e6be,PARTIAL_STATE,SOIL_IMAGES_UNLABELED,TinyImageNet/ImageNet initializer possible; exact generation-specific initializer requires lineage review,TRANSDUCTIVE_PRETRAINING,197,238,Soil unlabeled pretraining cannot be called completely held-out inductive when prospective test images/groups overlap its pool.
sha256:b850ff6c6a3616ccc83b,CHECKPOINT_ROOT,checkpoints_VicReg_original_NEW/vicreg_mu_27.0_epoch_27.pth,b850ff6c6a3616ccc83b9634f98946b582579e31151590a4edec8bbc06cf50cc,PARTIAL_STATE,SOIL_IMAGES_UNLABELED,TinyImageNet/ImageNet initializer possible; exact generation-specific initializer requires lineage review,TRANSDUCTIVE_PRETRAINING,197,238,Soil unlabeled pretraining cannot be called completely held-out inductive when prospective test images/groups overlap its pool.
sha256:8b520e62dc569795bfe3,CHECKPOINT_ROOT,checkpoints_VicReg_original_NEW/vicreg_mu_27.0_epoch_28.pth,8b520e62dc569795bfe3ba26e63eade0b892083223ad5f57bfa21533061f82da,PARTIAL_STATE,SOIL_IMAGES_UNLABELED,TinyImageNet/ImageNet initializer possible; exact generation-specific initializer requires lineage review,TRANSDUCTIVE_PRETRAINING,197,238,Soil unlabeled pretraining cannot be called completely held-out inductive when prospective test images/groups overlap its pool.
sha256:106bcc8577c6d2919b07,CHECKPOINT_ROOT,checkpoints_VicReg_original_NEW/vicreg_mu_27.0_epoch_29.pth,106bcc8577c6d2919b0747c237b710f624bc2a02f26fc8363b68615487d69461,PARTIAL_STATE,SOIL_IMAGES_UNLABELED,TinyImageNet/ImageNet initializer possible; exact generation-specific initializer requires lineage review,TRANSDUCTIVE_PRETRAINING,197,238,Soil unlabeled pretraining cannot be called completely held-out inductive when prospective test images/groups overlap its pool.
sha256:16b69f646ab157d0b268,CHECKPOINT_ROOT,checkpoints_VicReg_original_NEW/vicreg_mu_27.0_epoch_3.pth,16b69f646ab157d0b2681bd47438dd44d632a0fcd7105d97d001a8bf4b95c427,PARTIAL_STATE,SOIL_IMAGES_UNLABELED,TinyImageNet/ImageNet initializer possible; exact generation-specific initializer requires lineage review,TRANSDUCTIVE_PRETRAINING,197,238,Soil unlabeled pretraining cannot be called completely held-out inductive when prospective test images/groups overlap its pool.
sha256:d03250fcd59dd7c6ebf4,CHECKPOINT_ROOT,checkpoints_VicReg_original_NEW/vicreg_mu_27.0_epoch_30.pth,d03250fcd59dd7c6ebf45fe5bfb5972a86094a71faf1728c5dec7d258fbd6bec,PARTIAL_STATE,SOIL_IMAGES_UNLABELED,TinyImageNet/ImageNet initializer possible; exact generation-specific initializer requires lineage review,TRANSDUCTIVE_PRETRAINING,197,238,Soil unlabeled pretraining cannot be called completely held-out inductive when prospective test images/groups overlap its pool.
sha256:0fddd2fc6b6864340648,CHECKPOINT_ROOT,checkpoints_VicReg_original_NEW/vicreg_mu_27.0_epoch_31.pth,0fddd2fc6b686434064842219a7bb0ce1a939d14c23285a98af1b673719bb342,PARTIAL_STATE,SOIL_IMAGES_UNLABELED,TinyImageNet/ImageNet initializer possible; exact generation-specific initializer requires lineage review,TRANSDUCTIVE_PRETRAINING,197,238,Soil unlabeled pretraining cannot be called completely held-out inductive when prospective test images/groups overlap its pool.
sha256:28ee2786394aa3b4c809,CHECKPOINT_ROOT,checkpoints_VicReg_original_NEW/vicreg_mu_27.0_epoch_32.pth,28ee2786394aa3b4c809599e68513fddbfa4f4695a08b26f646d1b1983a5e058,PARTIAL_STATE,SOIL_IMAGES_UNLABELED,TinyImageNet/ImageNet initializer possible; exact generation-specific initializer requires lineage review,TRANSDUCTIVE_PRETRAINING,197,238,Soil unlabeled pretraining cannot be called completely held-out inductive when prospective test images/groups overlap its pool.
sha256:88ae8080ef24580cc832,CHECKPOINT_ROOT,checkpoints_VicReg_original_NEW/vicreg_mu_27.0_epoch_33.pth,88ae8080ef24580cc8320b5db201d787b4e9637be590de46aae2d5e69e6e2905,PARTIAL_STATE,SOIL_IMAGES_UNLABELED,TinyImageNet/ImageNet initializer possible; exact generation-specific initializer requires lineage review,TRANSDUCTIVE_PRETRAINING,197,238,Soil unlabeled pretraining cannot be called completely held-out inductive when prospective test images/groups overlap its pool.
sha256:942fc930ba613080c79f,CHECKPOINT_ROOT,checkpoints_VicReg_original_NEW/vicreg_mu_27.0_epoch_34.pth,942fc930ba613080c79f056bd27dc27d93b47e28374741a8d6c71321e1a4dd2c,PARTIAL_STATE,SOIL_IMAGES_UNLABELED,TinyImageNet/ImageNet initializer possible; exact generation-specific initializer requires lineage review,TRANSDUCTIVE_PRETRAINING,197,238,Soil unlabeled pretraining cannot be called completely held-out inductive when prospective test images/groups overlap its pool.
sha256:88058d93aa54867876ee,CHECKPOINT_ROOT,checkpoints_VicReg_original_NEW/vicreg_mu_27.0_epoch_35.pth,88058d93aa54867876ee8af03e66c0954557548244b9bff6566a41fdd085b14e,PARTIAL_STATE,SOIL_IMAGES_UNLABELED,TinyImageNet/ImageNet initializer possible; exact generation-specific initializer requires lineage review,TRANSDUCTIVE_PRETRAINING,197,238,Soil unlabeled pretraining cannot be called completely held-out inductive when prospective test images/groups overlap its pool.
sha256:e64da0a900600cdb7901,CHECKPOINT_ROOT,checkpoints_VicReg_original_NEW/vicreg_mu_27.0_epoch_36.pth,e64da0a900600cdb7901bf0dbff1868c03e6ab2342de01437427aea2dcdce678,PARTIAL_STATE,SOIL_IMAGES_UNLABELED,TinyImageNet/ImageNet initializer possible; exact generation-specific initializer requires lineage review,TRANSDUCTIVE_PRETRAINING,197,238,Soil unlabeled pretraining cannot be called completely held-out inductive when prospective test images/groups overlap its pool.
sha256:64ef5aaec5f929293b4d,CHECKPOINT_ROOT,checkpoints_VicReg_original_NEW/vicreg_mu_27.0_epoch_37.pth,64ef5aaec5f929293b4de1cbb071cf4e21a7935adfa1341b2df2755fa9abe9d7,PARTIAL_STATE,SOIL_IMAGES_UNLABELED,TinyImageNet/ImageNet initializer possible; exact generation-specific initializer requires lineage review,TRANSDUCTIVE_PRETRAINING,197,238,Soil unlabeled pretraining cannot be called completely held-out inductive when prospective test images/groups overlap its pool.
sha256:bb1dea09588becc3b31c,CHECKPOINT_ROOT,checkpoints_VicReg_original_NEW/vicreg_mu_27.0_epoch_38.pth,bb1dea09588becc3b31c9cb08b034d932cc3d776affa2b3f02b3cb73cd6864e3,PARTIAL_STATE,SOIL_IMAGES_UNLABELED,TinyImageNet/ImageNet initializer possible; exact generation-specific initializer requires lineage review,TRANSDUCTIVE_PRETRAINING,197,238,Soil unlabeled pretraining cannot be called completely held-out inductive when prospective test images/groups overlap its pool.
sha256:cdd8586f1d0c51cda745,CHECKPOINT_ROOT,checkpoints_VicReg_original_NEW/vicreg_mu_27.0_epoch_39.pth,cdd8586f1d0c51cda745748b1927b27c388f27c7663be4b013245baca303a07f,PARTIAL_STATE,SOIL_IMAGES_UNLABELED,TinyImageNet/ImageNet initializer possible; exact generation-specific initializer requires lineage review,TRANSDUCTIVE_PRETRAINING,197,238,Soil unlabeled pretraining cannot be called completely held-out inductive when prospective test images/groups overlap its pool.
sha256:2321054db4ee9e2fdaed,CHECKPOINT_ROOT,checkpoints_VicReg_original_NEW/vicreg_mu_27.0_epoch_4.pth,2321054db4ee9e2fdaedafa8dd112361424db0525f60cae941f657d51805c1d5,PARTIAL_STATE,SOIL_IMAGES_UNLABELED,TinyImageNet/ImageNet initializer possible; exact generation-specific initializer requires lineage review,TRANSDUCTIVE_PRETRAINING,197,238,Soil unlabeled pretraining cannot be called completely held-out inductive when prospective test images/groups overlap its pool.
sha256:201618e9b78f35ccbf63,CHECKPOINT_ROOT,checkpoints_VicReg_original_NEW/vicreg_mu_27.0_epoch_40.pth,201618e9b78f35ccbf631a6a7991802fab84109e8a2d84871fc2797f705ff3a6,PARTIAL_STATE,SOIL_IMAGES_UNLABELED,TinyImageNet/ImageNet initializer possible; exact generation-specific initializer requires lineage review,TRANSDUCTIVE_PRETRAINING,197,238,Soil unlabeled pretraining cannot be called completely held-out inductive when prospective test images/groups overlap its pool.
sha256:5fb9aeaefab4c41fd3a2,CHECKPOINT_ROOT,checkpoints_VicReg_original_NEW/vicreg_mu_27.0_epoch_41.pth,5fb9aeaefab4c41fd3a2f5360a46624c1986babe0e0f994ad93cf831e59e1574,PARTIAL_STATE,SOIL_IMAGES_UNLABELED,TinyImageNet/ImageNet initializer possible; exact generation-specific initializer requires lineage review,TRANSDUCTIVE_PRETRAINING,197,238,Soil unlabeled pretraining cannot be called completely held-out inductive when prospective test images/groups overlap its pool.
sha256:667ef9f4864b0ee99060,CHECKPOINT_ROOT,checkpoints_VicReg_original_NEW/vicreg_mu_27.0_epoch_42.pth,667ef9f4864b0ee99060c0db02a76cc6d3de59847d051f157b56d79773176cfe,PARTIAL_STATE,SOIL_IMAGES_UNLABELED,TinyImageNet/ImageNet initializer possible; exact generation-specific initializer requires lineage review,TRANSDUCTIVE_PRETRAINING,197,238,Soil unlabeled pretraining cannot be called completely held-out inductive when prospective test images/groups overlap its pool.
sha256:407de027ba4144538004,CHECKPOINT_ROOT,checkpoints_VicReg_original_NEW/vicreg_mu_27.0_epoch_43.pth,407de027ba4144538004181357bd1af55d08b9870875fac55ad00cfffad9cd26,PARTIAL_STATE,SOIL_IMAGES_UNLABELED,TinyImageNet/ImageNet initializer possible; exact generation-specific initializer requires lineage review,TRANSDUCTIVE_PRETRAINING,197,238,Soil unlabeled pretraining cannot be called completely held-out inductive when prospective test images/groups overlap its pool.
sha256:6925564c57481bf24353,CHECKPOINT_ROOT,checkpoints_VicReg_original_NEW/vicreg_mu_27.0_epoch_44.pth,6925564c57481bf243537532505604785d59fac3fedcaaf7348b7a4588110c47,PARTIAL_STATE,SOIL_IMAGES_UNLABELED,TinyImageNet/ImageNet initializer possible; exact generation-specific initializer requires lineage review,TRANSDUCTIVE_PRETRAINING,197,238,Soil unlabeled pretraining cannot be called completely held-out inductive when prospective test images/groups overlap its pool.
sha256:d22ef3dff9b71eebe6f8,CHECKPOINT_ROOT,checkpoints_VicReg_original_NEW/vicreg_mu_27.0_epoch_45.pth,d22ef3dff9b71eebe6f8ef2961de104b6e095e1fa946967276ec84f959a3893a,PARTIAL_STATE,SOIL_IMAGES_UNLABELED,TinyImageNet/ImageNet initializer possible; exact generation-specific initializer requires lineage review,TRANSDUCTIVE_PRETRAINING,197,238,Soil unlabeled pretraining cannot be called completely held-out inductive when prospective test images/groups overlap its pool.
sha256:6918ee5fa9ee824f06af,CHECKPOINT_ROOT,checkpoints_VicReg_original_NEW/vicreg_mu_27.0_epoch_46.pth,6918ee5fa9ee824f06af19cd254f853e5ad9f2f0bcc05a1af1b8383187b8a1e4,PARTIAL_STATE,SOIL_IMAGES_UNLABELED,TinyImageNet/ImageNet initializer possible; exact generation-specific initializer requires lineage review,TRANSDUCTIVE_PRETRAINING,197,238,Soil unlabeled pretraining cannot be called completely held-out inductive when prospective test images/groups overlap its pool.
sha256:1991210f14026fce2e97,CHECKPOINT_ROOT,checkpoints_VicReg_original_NEW/vicreg_mu_27.0_epoch_47.pth,1991210f14026fce2e973d941b3c57bb80f2eb82bddf4e1d66af9a5945a7522a,PARTIAL_STATE,SOIL_IMAGES_UNLABELED,TinyImageNet/ImageNet initializer possible; exact generation-specific initializer requires lineage review,TRANSDUCTIVE_PRETRAINING,197,238,Soil unlabeled pretraining cannot be called completely held-out inductive when prospective test images/groups overlap its pool.
sha256:4e387487cc2c65897a6c,CHECKPOINT_ROOT,checkpoints_VicReg_original_NEW/vicreg_mu_27.0_epoch_48.pth,4e387487cc2c65897a6cb9723bb756c8640bf9e4b994e3a2cd304c0ad4c6dc1b,PARTIAL_STATE,SOIL_IMAGES_UNLABELED,TinyImageNet/ImageNet initializer possible; exact generation-specific initializer requires lineage review,TRANSDUCTIVE_PRETRAINING,197,238,Soil unlabeled pretraining cannot be called completely held-out inductive when prospective test images/groups overlap its pool.
sha256:d9335a495712c7175c1d,CHECKPOINT_ROOT,checkpoints_VicReg_original_NEW/vicreg_mu_27.0_epoch_49.pth,d9335a495712c7175c1dcbba3408489222beab0a04ac80eb0f06d8976bb75766,PARTIAL_STATE,SOIL_IMAGES_UNLABELED,TinyImageNet/ImageNet initializer possible; exact generation-specific initializer requires lineage review,TRANSDUCTIVE_PRETRAINING,197,238,Soil unlabeled pretraining cannot be called completely held-out inductive when prospective test images/groups overlap its pool.
sha256:3dd01fc14df6fa5c1990,CHECKPOINT_ROOT,checkpoints_VicReg_original_NEW/vicreg_mu_27.0_epoch_5.pth,3dd01fc14df6fa5c199066897182ab44ce38137587b9b11cea905b7f8fcfeb2b,PARTIAL_STATE,SOIL_IMAGES_UNLABELED,TinyImageNet/ImageNet initializer possible; exact generation-specific initializer requires lineage review,TRANSDUCTIVE_PRETRAINING,197,238,Soil unlabeled pretraining cannot be called completely held-out inductive when prospective test images/groups overlap its pool.
sha256:b9279bffdc47d554d76b,CHECKPOINT_ROOT,checkpoints_VicReg_original_NEW/vicreg_mu_27.0_epoch_50.pth,b9279bffdc47d554d76bf51a290e85347975d0065738203c2fb24a29829fe62c,PARTIAL_STATE,SOIL_IMAGES_UNLABELED,TinyImageNet/ImageNet initializer possible; exact generation-specific initializer requires lineage review,TRANSDUCTIVE_PRETRAINING,197,238,Soil unlabeled pretraining cannot be called completely held-out inductive when prospective test images/groups overlap its pool.
sha256:630798caf4345b256b3b,CHECKPOINT_ROOT,checkpoints_VicReg_original_NEW/vicreg_mu_27.0_epoch_51.pth,630798caf4345b256b3b8518751d18a82f09bfea0417fe4820d280c1b2b3cbb7,PARTIAL_STATE,SOIL_IMAGES_UNLABELED,TinyImageNet/ImageNet initializer possible; exact generation-specific initializer requires lineage review,TRANSDUCTIVE_PRETRAINING,197,238,Soil unlabeled pretraining cannot be called completely held-out inductive when prospective test images/groups overlap its pool.
sha256:ea86afc1ba0bbff16f4e,CHECKPOINT_ROOT,checkpoints_VicReg_original_NEW/vicreg_mu_27.0_epoch_52.pth,ea86afc1ba0bbff16f4ed996a28e78eedc20951338621da66317d54981ef9215,PARTIAL_STATE,SOIL_IMAGES_UNLABELED,TinyImageNet/ImageNet initializer possible; exact generation-specific initializer requires lineage review,TRANSDUCTIVE_PRETRAINING,197,238,Soil unlabeled pretraining cannot be called completely held-out inductive when prospective test images/groups overlap its pool.
sha256:8a1732120a6899822c4f,CHECKPOINT_ROOT,checkpoints_VicReg_original_NEW/vicreg_mu_27.0_epoch_53.pth,8a1732120a6899822c4f48bd270252a0dcc468b9b2c05b837d7dba899a7a67c7,PARTIAL_STATE,SOIL_IMAGES_UNLABELED,TinyImageNet/ImageNet initializer possible; exact generation-specific initializer requires lineage review,TRANSDUCTIVE_PRETRAINING,197,238,Soil unlabeled pretraining cannot be called completely held-out inductive when prospective test images/groups overlap its pool.
sha256:fc67bac5c32f6fd3f66b,CHECKPOINT_ROOT,checkpoints_VicReg_original_NEW/vicreg_mu_27.0_epoch_54.pth,fc67bac5c32f6fd3f66b33bb8619c5437ea53669cde9564971f33ab2b6207b6e,PARTIAL_STATE,SOIL_IMAGES_UNLABELED,TinyImageNet/ImageNet initializer possible; exact generation-specific initializer requires lineage review,TRANSDUCTIVE_PRETRAINING,197,238,Soil unlabeled pretraining cannot be called completely held-out inductive when prospective test images/groups overlap its pool.
sha256:a5bb3a3c70cf8b40fbed,CHECKPOINT_ROOT,checkpoints_VicReg_original_NEW/vicreg_mu_27.0_epoch_55.pth,a5bb3a3c70cf8b40fbedb9e21417787f5ecd6efcb87be2cdc9bf9712b61e5c3f,PARTIAL_STATE,SOIL_IMAGES_UNLABELED,TinyImageNet/ImageNet initializer possible; exact generation-specific initializer requires lineage review,TRANSDUCTIVE_PRETRAINING,197,238,Soil unlabeled pretraining cannot be called completely held-out inductive when prospective test images/groups overlap its pool.
sha256:8646209a4c859e0cd365,CHECKPOINT_ROOT,checkpoints_VicReg_original_NEW/vicreg_mu_27.0_epoch_56.pth,8646209a4c859e0cd365fe2c52808cff40915f4b26f70ec80daf4d70c470bcee,PARTIAL_STATE,SOIL_IMAGES_UNLABELED,TinyImageNet/ImageNet initializer possible; exact generation-specific initializer requires lineage review,TRANSDUCTIVE_PRETRAINING,197,238,Soil unlabeled pretraining cannot be called completely held-out inductive when prospective test images/groups overlap its pool.
sha256:f41c2bba374fc212ab62,CHECKPOINT_ROOT,checkpoints_VicReg_original_NEW/vicreg_mu_27.0_epoch_57.pth,f41c2bba374fc212ab624aa7a4fac14f960dca740846aa17e17f8f8493b05067,PARTIAL_STATE,SOIL_IMAGES_UNLABELED,TinyImageNet/ImageNet initializer possible; exact generation-specific initializer requires lineage review,TRANSDUCTIVE_PRETRAINING,197,238,Soil unlabeled pretraining cannot be called completely held-out inductive when prospective test images/groups overlap its pool.
sha256:ad4709c7eeb2a2876f76,CHECKPOINT_ROOT,checkpoints_VicReg_original_NEW/vicreg_mu_27.0_epoch_58.pth,ad4709c7eeb2a2876f76d32f5cac63da8acc26f29c1bf1102bc5dc81a7147c65,PARTIAL_STATE,SOIL_IMAGES_UNLABELED,TinyImageNet/ImageNet initializer possible; exact generation-specific initializer requires lineage review,TRANSDUCTIVE_PRETRAINING,197,238,Soil unlabeled pretraining cannot be called completely held-out inductive when prospective test images/groups overlap its pool.
sha256:54fad8db148d8880470a,CHECKPOINT_ROOT,checkpoints_VicReg_original_NEW/vicreg_mu_27.0_epoch_59.pth,54fad8db148d8880470a56a8444115f0caeec1e54c630abdf430dab5619333a2,PARTIAL_STATE,SOIL_IMAGES_UNLABELED,TinyImageNet/ImageNet initializer possible; exact generation-specific initializer requires lineage review,TRANSDUCTIVE_PRETRAINING,197,238,Soil unlabeled pretraining cannot be called completely held-out inductive when prospective test images/groups overlap its pool.
sha256:99e23bdceaa6f9050e93,CHECKPOINT_ROOT,checkpoints_VicReg_original_NEW/vicreg_mu_27.0_epoch_6.pth,99e23bdceaa6f9050e932fcefcb96d0d15dc63e235a450b6e2a7d15915050c9b,PARTIAL_STATE,SOIL_IMAGES_UNLABELED,TinyImageNet/ImageNet initializer possible; exact generation-specific initializer requires lineage review,TRANSDUCTIVE_PRETRAINING,197,238,Soil unlabeled pretraining cannot be called completely held-out inductive when prospective test images/groups overlap its pool.
sha256:186813781ddc9bfcff1b,CHECKPOINT_ROOT,checkpoints_VicReg_original_NEW/vicreg_mu_27.0_epoch_60.pth,186813781ddc9bfcff1b2b4693a58469252ea9bc01ceceeffa5531fa63147c80,PARTIAL_STATE,SOIL_IMAGES_UNLABELED,TinyImageNet/ImageNet initializer possible; exact generation-specific initializer requires lineage review,TRANSDUCTIVE_PRETRAINING,197,238,Soil unlabeled pretraining cannot be called completely held-out inductive when prospective test images/groups overlap its pool.
sha256:88ab4b6f0f10348252c3,CHECKPOINT_ROOT,checkpoints_VicReg_original_NEW/vicreg_mu_27.0_epoch_61.pth,88ab4b6f0f10348252c3fad80f150ebc1be72f961fbdefa0629ff887108ad7d1,PARTIAL_STATE,SOIL_IMAGES_UNLABELED,TinyImageNet/ImageNet initializer possible; exact generation-specific initializer requires lineage review,TRANSDUCTIVE_PRETRAINING,197,238,Soil unlabeled pretraining cannot be called completely held-out inductive when prospective test images/groups overlap its pool.
sha256:d74ba5d3ce1d98e2d36e,CHECKPOINT_ROOT,checkpoints_VicReg_original_NEW/vicreg_mu_27.0_epoch_62.pth,d74ba5d3ce1d98e2d36ea4c74a6b9e49b8e3c6b8439146b5775d130c269e66c9,PARTIAL_STATE,SOIL_IMAGES_UNLABELED,TinyImageNet/ImageNet initializer possible; exact generation-specific initializer requires lineage review,TRANSDUCTIVE_PRETRAINING,197,238,Soil unlabeled pretraining cannot be called completely held-out inductive when prospective test images/groups overlap its pool.
sha256:e4cd34355b6b23312ede,CHECKPOINT_ROOT,checkpoints_VicReg_original_NEW/vicreg_mu_27.0_epoch_63.pth,e4cd34355b6b23312ede83ea321a8042dbf330f7d1b6984300b1057adaf5ae6c,PARTIAL_STATE,SOIL_IMAGES_UNLABELED,TinyImageNet/ImageNet initializer possible; exact generation-specific initializer requires lineage review,TRANSDUCTIVE_PRETRAINING,197,238,Soil unlabeled pretraining cannot be called completely held-out inductive when prospective test images/groups overlap its pool.
sha256:852aa08f230ac43ce327,CHECKPOINT_ROOT,checkpoints_VicReg_original_NEW/vicreg_mu_27.0_epoch_64.pth,852aa08f230ac43ce32750993ecfea73adec86ea9b5ba26a39e34da832435f34,PARTIAL_STATE,SOIL_IMAGES_UNLABELED,TinyImageNet/ImageNet initializer possible; exact generation-specific initializer requires lineage review,TRANSDUCTIVE_PRETRAINING,197,238,Soil unlabeled pretraining cannot be called completely held-out inductive when prospective test images/groups overlap its pool.
sha256:4ad0e2eef15359c4d61b,CHECKPOINT_ROOT,checkpoints_VicReg_original_NEW/vicreg_mu_27.0_epoch_65.pth,4ad0e2eef15359c4d61b0b201d44f3a441fafe13338734813e2857c3cb23e61d,PARTIAL_STATE,SOIL_IMAGES_UNLABELED,TinyImageNet/ImageNet initializer possible; exact generation-specific initializer requires lineage review,TRANSDUCTIVE_PRETRAINING,197,238,Soil unlabeled pretraining cannot be called completely held-out inductive when prospective test images/groups overlap its pool.
sha256:d3c4e79006527535a716,CHECKPOINT_ROOT,checkpoints_VicReg_original_NEW/vicreg_mu_27.0_epoch_66.pth,d3c4e79006527535a716b6b9fb34c44b912d6665183942ebb9f9aff85d6b89dc,PARTIAL_STATE,SOIL_IMAGES_UNLABELED,TinyImageNet/ImageNet initializer possible; exact generation-specific initializer requires lineage review,TRANSDUCTIVE_PRETRAINING,197,238,Soil unlabeled pretraining cannot be called completely held-out inductive when prospective test images/groups overlap its pool.
sha256:7ae2ef81df946269d6cc,CHECKPOINT_ROOT,checkpoints_VicReg_original_NEW/vicreg_mu_27.0_epoch_67.pth,7ae2ef81df946269d6cc5aa52e2bbda3f57040f159125dd5bdd29a5cacafd7b6,PARTIAL_STATE,SOIL_IMAGES_UNLABELED,TinyImageNet/ImageNet initializer possible; exact generation-specific initializer requires lineage review,TRANSDUCTIVE_PRETRAINING,197,238,Soil unlabeled pretraining cannot be called completely held-out inductive when prospective test images/groups overlap its pool.
sha256:7dfa98c1758b3537e813,CHECKPOINT_ROOT,checkpoints_VicReg_original_NEW/vicreg_mu_27.0_epoch_68.pth,7dfa98c1758b3537e81397f4a25a29e24b1e551eb3dee65fe535b745388dbdeb,PARTIAL_STATE,SOIL_IMAGES_UNLABELED,TinyImageNet/ImageNet initializer possible; exact generation-specific initializer requires lineage review,TRANSDUCTIVE_PRETRAINING,197,238,Soil unlabeled pretraining cannot be called completely held-out inductive when prospective test images/groups overlap its pool.
sha256:24d648767615de22ca72,CHECKPOINT_ROOT,checkpoints_VicReg_original_NEW/vicreg_mu_27.0_epoch_69.pth,24d648767615de22ca72e33f26e437b77c268d90c894598c8647195b2d16f318,PARTIAL_STATE,SOIL_IMAGES_UNLABELED,TinyImageNet/ImageNet initializer possible; exact generation-specific initializer requires lineage review,TRANSDUCTIVE_PRETRAINING,197,238,Soil unlabeled pretraining cannot be called completely held-out inductive when prospective test images/groups overlap its pool.
sha256:f392fe9ab87ac3f3beca,CHECKPOINT_ROOT,checkpoints_VicReg_original_NEW/vicreg_mu_27.0_epoch_7.pth,f392fe9ab87ac3f3becae4e9bde41442c320187e5fb9115d82f080170a206623,PARTIAL_STATE,SOIL_IMAGES_UNLABELED,TinyImageNet/ImageNet initializer possible; exact generation-specific initializer requires lineage review,TRANSDUCTIVE_PRETRAINING,197,238,Soil unlabeled pretraining cannot be called completely held-out inductive when prospective test images/groups overlap its pool.
sha256:db108b2d5442f5f98d5f,CHECKPOINT_ROOT,checkpoints_VicReg_original_NEW/vicreg_mu_27.0_epoch_70.pth,db108b2d5442f5f98d5f791e458ddd88fb617d433b40594ffd47bdada75e54b3,PARTIAL_STATE,SOIL_IMAGES_UNLABELED,TinyImageNet/ImageNet initializer possible; exact generation-specific initializer requires lineage review,TRANSDUCTIVE_PRETRAINING,197,238,Soil unlabeled pretraining cannot be called completely held-out inductive when prospective test images/groups overlap its pool.
sha256:719ad332c2d312576e22,CHECKPOINT_ROOT,checkpoints_VicReg_original_NEW/vicreg_mu_27.0_epoch_71.pth,719ad332c2d312576e22e5afcd5b5013174567e0b176ac159ed24bdc369ffed9,PARTIAL_STATE,SOIL_IMAGES_UNLABELED,TinyImageNet/ImageNet initializer possible; exact generation-specific initializer requires lineage review,TRANSDUCTIVE_PRETRAINING,197,238,Soil unlabeled pretraining cannot be called completely held-out inductive when prospective test images/groups overlap its pool.
sha256:0ac74f08519f7fc1a08f,CHECKPOINT_ROOT,checkpoints_VicReg_original_NEW/vicreg_mu_27.0_epoch_72.pth,0ac74f08519f7fc1a08fcd24a59859210fc08dc08e26ecb8a4ab3a671061ee88,PARTIAL_STATE,SOIL_IMAGES_UNLABELED,TinyImageNet/ImageNet initializer possible; exact generation-specific initializer requires lineage review,TRANSDUCTIVE_PRETRAINING,197,238,Soil unlabeled pretraining cannot be called completely held-out inductive when prospective test images/groups overlap its pool.
sha256:33376c923495eccef697,CHECKPOINT_ROOT,checkpoints_VicReg_original_NEW/vicreg_mu_27.0_epoch_73.pth,33376c923495eccef6976004d9a6c65f3daa2359c682882e63da06dffeba23be,PARTIAL_STATE,SOIL_IMAGES_UNLABELED,TinyImageNet/ImageNet initializer possible; exact generation-specific initializer requires lineage review,TRANSDUCTIVE_PRETRAINING,197,238,Soil unlabeled pretraining cannot be called completely held-out inductive when prospective test images/groups overlap its pool.
sha256:82ad8e42cd71fcbad2c5,CHECKPOINT_ROOT,checkpoints_VicReg_original_NEW/vicreg_mu_27.0_epoch_74.pth,82ad8e42cd71fcbad2c58c3d5a96332ee84ed40613235c178c1c59d964916cea,PARTIAL_STATE,SOIL_IMAGES_UNLABELED,TinyImageNet/ImageNet initializer possible; exact generation-specific initializer requires lineage review,TRANSDUCTIVE_PRETRAINING,197,238,Soil unlabeled pretraining cannot be called completely held-out inductive when prospective test images/groups overlap its pool.
sha256:a23052cf05620eeb044c,CHECKPOINT_ROOT,checkpoints_VicReg_original_NEW/vicreg_mu_27.0_epoch_75.pth,a23052cf05620eeb044c1b4934d3bf37750a06d8e3373c84f0b34a7dcef96f31,PARTIAL_STATE,SOIL_IMAGES_UNLABELED,TinyImageNet/ImageNet initializer possible; exact generation-specific initializer requires lineage review,TRANSDUCTIVE_PRETRAINING,197,238,Soil unlabeled pretraining cannot be called completely held-out inductive when prospective test images/groups overlap its pool.
sha256:c02c0c712b2b665963e4,CHECKPOINT_ROOT,checkpoints_VicReg_original_NEW/vicreg_mu_27.0_epoch_76.pth,c02c0c712b2b665963e4d3ec0fde16aae41f52d24ddf5b5da29516d6956c7c11,PARTIAL_STATE,SOIL_IMAGES_UNLABELED,TinyImageNet/ImageNet initializer possible; exact generation-specific initializer requires lineage review,TRANSDUCTIVE_PRETRAINING,197,238,Soil unlabeled pretraining cannot be called completely held-out inductive when prospective test images/groups overlap its pool.
sha256:2e33921e51e4f455312a,CHECKPOINT_ROOT,checkpoints_VicReg_original_NEW/vicreg_mu_27.0_epoch_77.pth,2e33921e51e4f455312a09d89288f6c65c0a3d244e7647f6e092870727fbb150,PARTIAL_STATE,SOIL_IMAGES_UNLABELED,TinyImageNet/ImageNet initializer possible; exact generation-specific initializer requires lineage review,TRANSDUCTIVE_PRETRAINING,197,238,Soil unlabeled pretraining cannot be called completely held-out inductive when prospective test images/groups overlap its pool.
sha256:c5c3512b367cabee93ee,CHECKPOINT_ROOT,checkpoints_VicReg_original_NEW/vicreg_mu_27.0_epoch_78.pth,c5c3512b367cabee93ee4a9ab719cbccdd920c90819a7a35d970ed69efaa788e,PARTIAL_STATE,SOIL_IMAGES_UNLABELED,TinyImageNet/ImageNet initializer possible; exact generation-specific initializer requires lineage review,TRANSDUCTIVE_PRETRAINING,197,238,Soil unlabeled pretraining cannot be called completely held-out inductive when prospective test images/groups overlap its pool.
sha256:3b7f45c9be29f48ed0cc,CHECKPOINT_ROOT,checkpoints_VicReg_original_NEW/vicreg_mu_27.0_epoch_79.pth,3b7f45c9be29f48ed0cce285e98ee5772dfb84942b7c0cd9436a6da917fe192c,PARTIAL_STATE,SOIL_IMAGES_UNLABELED,TinyImageNet/ImageNet initializer possible; exact generation-specific initializer requires lineage review,TRANSDUCTIVE_PRETRAINING,197,238,Soil unlabeled pretraining cannot be called completely held-out inductive when prospective test images/groups overlap its pool.
sha256:cbc28f56318b21843174,CHECKPOINT_ROOT,checkpoints_VicReg_original_NEW/vicreg_mu_27.0_epoch_8.pth,cbc28f56318b218431740fe230211ac91fa651c977b4c575980ced799d944edc,PARTIAL_STATE,SOIL_IMAGES_UNLABELED,TinyImageNet/ImageNet initializer possible; exact generation-specific initializer requires lineage review,TRANSDUCTIVE_PRETRAINING,197,238,Soil unlabeled pretraining cannot be called completely held-out inductive when prospective test images/groups overlap its pool.
sha256:c0caf6a8468356923775,CHECKPOINT_ROOT,checkpoints_VicReg_original_NEW/vicreg_mu_27.0_epoch_80.pth,c0caf6a846835692377590bebfdcfd04edcfaebda3f8380d00903f7990b495de,PARTIAL_STATE,SOIL_IMAGES_UNLABELED,TinyImageNet/ImageNet initializer possible; exact generation-specific initializer requires lineage review,TRANSDUCTIVE_PRETRAINING,197,238,Soil unlabeled pretraining cannot be called completely held-out inductive when prospective test images/groups overlap its pool.
sha256:a79ce7704882b0988e00,CHECKPOINT_ROOT,checkpoints_VicReg_original_NEW/vicreg_mu_27.0_epoch_9.pth,a79ce7704882b0988e00ecb1f2b6b5f707518d4e408b929411653bc64c8a7648,PARTIAL_STATE,SOIL_IMAGES_UNLABELED,TinyImageNet/ImageNet initializer possible; exact generation-specific initializer requires lineage review,TRANSDUCTIVE_PRETRAINING,197,238,Soil unlabeled pretraining cannot be called completely held-out inductive when prospective test images/groups overlap its pool.
sha256:f8d3a19cb40b4291f4a1,CHECKPOINT_ROOT,checkpoints_VicReg_original_NEW/vicreg_mu_30.0_epoch_1.pth,f8d3a19cb40b4291f4a16bdae8c0efdb5d5dc7003158e925e62933bb58f2f248,PARTIAL_STATE,SOIL_IMAGES_UNLABELED,TinyImageNet/ImageNet initializer possible; exact generation-specific initializer requires lineage review,TRANSDUCTIVE_PRETRAINING,197,238,Soil unlabeled pretraining cannot be called completely held-out inductive when prospective test images/groups overlap its pool.
sha256:1369b8243691b763ff63,CHECKPOINT_ROOT,checkpoints_VicReg_original_NEW/vicreg_mu_30.0_epoch_10.pth,1369b8243691b763ff63363a6cc672d624e1fa3b564821c4bb5a879c3aab0762,PARTIAL_STATE,SOIL_IMAGES_UNLABELED,TinyImageNet/ImageNet initializer possible; exact generation-specific initializer requires lineage review,TRANSDUCTIVE_PRETRAINING,197,238,Soil unlabeled pretraining cannot be called completely held-out inductive when prospective test images/groups overlap its pool.
sha256:ed40d99d04fadbab9e1e,CHECKPOINT_ROOT,checkpoints_VicReg_original_NEW/vicreg_mu_30.0_epoch_11.pth,ed40d99d04fadbab9e1ec9f44a9dee3ea2e885ef0d1d74741fa863bb6172549b,PARTIAL_STATE,SOIL_IMAGES_UNLABELED,TinyImageNet/ImageNet initializer possible; exact generation-specific initializer requires lineage review,TRANSDUCTIVE_PRETRAINING,197,238,Soil unlabeled pretraining cannot be called completely held-out inductive when prospective test images/groups overlap its pool.
sha256:4f7a9a3eb5aa3dbbca3e,CHECKPOINT_ROOT,checkpoints_VicReg_original_NEW/vicreg_mu_30.0_epoch_12.pth,4f7a9a3eb5aa3dbbca3e984539698a3a41b82e7c10124708802379351001d67a,PARTIAL_STATE,SOIL_IMAGES_UNLABELED,TinyImageNet/ImageNet initializer possible; exact generation-specific initializer requires lineage review,TRANSDUCTIVE_PRETRAINING,197,238,Soil unlabeled pretraining cannot be called completely held-out inductive when prospective test images/groups overlap its pool.
sha256:09885e91fa14a5994c13,CHECKPOINT_ROOT,checkpoints_VicReg_original_NEW/vicreg_mu_30.0_epoch_13.pth,09885e91fa14a5994c13ecb2fd34f3a69ee50262e02b516b1d6b1547262dc947,PARTIAL_STATE,SOIL_IMAGES_UNLABELED,TinyImageNet/ImageNet initializer possible; exact generation-specific initializer requires lineage review,TRANSDUCTIVE_PRETRAINING,197,238,Soil unlabeled pretraining cannot be called completely held-out inductive when prospective test images/groups overlap its pool.
sha256:63466c93b8183f3598aa,CHECKPOINT_ROOT,checkpoints_VicReg_original_NEW/vicreg_mu_30.0_epoch_14.pth,63466c93b8183f3598aa9e0272a97d79b25e16a067068b299c313ed7491ac90c,PARTIAL_STATE,SOIL_IMAGES_UNLABELED,TinyImageNet/ImageNet initializer possible; exact generation-specific initializer requires lineage review,TRANSDUCTIVE_PRETRAINING,197,238,Soil unlabeled pretraining cannot be called completely held-out inductive when prospective test images/groups overlap its pool.
sha256:4eb8447725c99d7350b3,CHECKPOINT_ROOT,checkpoints_VicReg_original_NEW/vicreg_mu_30.0_epoch_15.pth,4eb8447725c99d7350b36dc25ed17eb07a3968752b8709b2c59a93e7dccf0254,PARTIAL_STATE,SOIL_IMAGES_UNLABELED,TinyImageNet/ImageNet initializer possible; exact generation-specific initializer requires lineage review,TRANSDUCTIVE_PRETRAINING,197,238,Soil unlabeled pretraining cannot be called completely held-out inductive when prospective test images/groups overlap its pool.
sha256:aa0817f83067ecc8db3f,CHECKPOINT_ROOT,checkpoints_VicReg_original_NEW/vicreg_mu_30.0_epoch_16.pth,aa0817f83067ecc8db3f86b2fc96216f71c2182199aea485fced861a99a6dd07,PARTIAL_STATE,SOIL_IMAGES_UNLABELED,TinyImageNet/ImageNet initializer possible; exact generation-specific initializer requires lineage review,TRANSDUCTIVE_PRETRAINING,197,238,Soil unlabeled pretraining cannot be called completely held-out inductive when prospective test images/groups overlap its pool.
sha256:729bea19629ce55a1cdf,CHECKPOINT_ROOT,checkpoints_VicReg_original_NEW/vicreg_mu_30.0_epoch_17.pth,729bea19629ce55a1cdf5813a55cc0f00fdfd7c589480f08181a66e2c49e18e6,PARTIAL_STATE,SOIL_IMAGES_UNLABELED,TinyImageNet/ImageNet initializer possible; exact generation-specific initializer requires lineage review,TRANSDUCTIVE_PRETRAINING,197,238,Soil unlabeled pretraining cannot be called completely held-out inductive when prospective test images/groups overlap its pool.
sha256:a5daee781bdb3581d96b,CHECKPOINT_ROOT,checkpoints_VicReg_original_NEW/vicreg_mu_30.0_epoch_18.pth,a5daee781bdb3581d96b44c9087e9940f562b0a117ef1c38583bf39c084d73f5,PARTIAL_STATE,SOIL_IMAGES_UNLABELED,TinyImageNet/ImageNet initializer possible; exact generation-specific initializer requires lineage review,TRANSDUCTIVE_PRETRAINING,197,238,Soil unlabeled pretraining cannot be called completely held-out inductive when prospective test images/groups overlap its pool.
sha256:6b30220c68842558f979,CHECKPOINT_ROOT,checkpoints_VicReg_original_NEW/vicreg_mu_30.0_epoch_19.pth,6b30220c68842558f97910f5a043c5aaaf26f3803c5d89d45c682bb62e6dddad,PARTIAL_STATE,SOIL_IMAGES_UNLABELED,TinyImageNet/ImageNet initializer possible; exact generation-specific initializer requires lineage review,TRANSDUCTIVE_PRETRAINING,197,238,Soil unlabeled pretraining cannot be called completely held-out inductive when prospective test images/groups overlap its pool.
sha256:e7337c011d41fd091161,CHECKPOINT_ROOT,checkpoints_VicReg_original_NEW/vicreg_mu_30.0_epoch_2.pth,e7337c011d41fd0911613233a99f30fb82fd1ad69619d983a83c643d04e4aade,PARTIAL_STATE,SOIL_IMAGES_UNLABELED,TinyImageNet/ImageNet initializer possible; exact generation-specific initializer requires lineage review,TRANSDUCTIVE_PRETRAINING,197,238,Soil unlabeled pretraining cannot be called completely held-out inductive when prospective test images/groups overlap its pool.
sha256:38fd42a2d0198be2b683,CHECKPOINT_ROOT,checkpoints_VicReg_original_NEW/vicreg_mu_30.0_epoch_20.pth,38fd42a2d0198be2b683fb0aab8cbf2c27227778b8744f46aa1f7adc902d8381,PARTIAL_STATE,SOIL_IMAGES_UNLABELED,TinyImageNet/ImageNet initializer possible; exact generation-specific initializer requires lineage review,TRANSDUCTIVE_PRETRAINING,197,238,Soil unlabeled pretraining cannot be called completely held-out inductive when prospective test images/groups overlap its pool.
sha256:62dd264e372753eedfc6,CHECKPOINT_ROOT,checkpoints_VicReg_original_NEW/vicreg_mu_30.0_epoch_21.pth,62dd264e372753eedfc6c45dc08316a8a214dbf77f8ff74558af5d963d617a70,PARTIAL_STATE,SOIL_IMAGES_UNLABELED,TinyImageNet/ImageNet initializer possible; exact generation-specific initializer requires lineage review,TRANSDUCTIVE_PRETRAINING,197,238,Soil unlabeled pretraining cannot be called completely held-out inductive when prospective test images/groups overlap its pool.
sha256:2d47cf7c545c066e6e93,CHECKPOINT_ROOT,checkpoints_VicReg_original_NEW/vicreg_mu_30.0_epoch_22.pth,2d47cf7c545c066e6e9351b401d5fd35eec65836cf250176947bb5ea2fe7e5a2,PARTIAL_STATE,SOIL_IMAGES_UNLABELED,TinyImageNet/ImageNet initializer possible; exact generation-specific initializer requires lineage review,TRANSDUCTIVE_PRETRAINING,197,238,Soil unlabeled pretraining cannot be called completely held-out inductive when prospective test images/groups overlap its pool.
sha256:7cf8eee8602e255af1ef,CHECKPOINT_ROOT,checkpoints_VicReg_original_NEW/vicreg_mu_30.0_epoch_23.pth,7cf8eee8602e255af1ef58ab4c66d00504169e87db6b9a0093fadae7834701ee,PARTIAL_STATE,SOIL_IMAGES_UNLABELED,TinyImageNet/ImageNet initializer possible; exact generation-specific initializer requires lineage review,TRANSDUCTIVE_PRETRAINING,197,238,Soil unlabeled pretraining cannot be called completely held-out inductive when prospective test images/groups overlap its pool.
sha256:1507a6d0e2a3228795d6,CHECKPOINT_ROOT,checkpoints_VicReg_original_NEW/vicreg_mu_30.0_epoch_24.pth,1507a6d0e2a3228795d6fceda1b447ed38a4c6cbab008057026f2dac51247f3e,PARTIAL_STATE,SOIL_IMAGES_UNLABELED,TinyImageNet/ImageNet initializer possible; exact generation-specific initializer requires lineage review,TRANSDUCTIVE_PRETRAINING,197,238,Soil unlabeled pretraining cannot be called completely held-out inductive when prospective test images/groups overlap its pool.
sha256:0f10c559af012afc85f0,CHECKPOINT_ROOT,checkpoints_VicReg_original_NEW/vicreg_mu_30.0_epoch_25.pth,0f10c559af012afc85f0e0021a6c34c17563e2af071787e058439d414053496e,PARTIAL_STATE,SOIL_IMAGES_UNLABELED,TinyImageNet/ImageNet initializer possible; exact generation-specific initializer requires lineage review,TRANSDUCTIVE_PRETRAINING,197,238,Soil unlabeled pretraining cannot be called completely held-out inductive when prospective test images/groups overlap its pool.
sha256:806fb629455577fb2235,CHECKPOINT_ROOT,checkpoints_VicReg_original_NEW/vicreg_mu_30.0_epoch_26.pth,806fb629455577fb22351f9ead4d7c1f679e1f518cc099312ae894ee52d25d64,PARTIAL_STATE,SOIL_IMAGES_UNLABELED,TinyImageNet/ImageNet initializer possible; exact generation-specific initializer requires lineage review,TRANSDUCTIVE_PRETRAINING,197,238,Soil unlabeled pretraining cannot be called completely held-out inductive when prospective test images/groups overlap its pool.
sha256:f900a67edce02c0c68a5,CHECKPOINT_ROOT,checkpoints_VicReg_original_NEW/vicreg_mu_30.0_epoch_27.pth,f900a67edce02c0c68a5c2e73c10371adeb54ba81cd358161a76712b39f2cad2,PARTIAL_STATE,SOIL_IMAGES_UNLABELED,TinyImageNet/ImageNet initializer possible; exact generation-specific initializer requires lineage review,TRANSDUCTIVE_PRETRAINING,197,238,Soil unlabeled pretraining cannot be called completely held-out inductive when prospective test images/groups overlap its pool.
sha256:12493e5305474449bc80,CHECKPOINT_ROOT,checkpoints_VicReg_original_NEW/vicreg_mu_30.0_epoch_28.pth,12493e5305474449bc80122615b76874b3942648ae5367dd35acd97d03295cdd,PARTIAL_STATE,SOIL_IMAGES_UNLABELED,TinyImageNet/ImageNet initializer possible; exact generation-specific initializer requires lineage review,TRANSDUCTIVE_PRETRAINING,197,238,Soil unlabeled pretraining cannot be called completely held-out inductive when prospective test images/groups overlap its pool.
sha256:e0d894957dfa29ed33d2,CHECKPOINT_ROOT,checkpoints_VicReg_original_NEW/vicreg_mu_30.0_epoch_29.pth,e0d894957dfa29ed33d2e4ff83e49bfd766771fa5224e63fd74887e2f4029066,PARTIAL_STATE,SOIL_IMAGES_UNLABELED,TinyImageNet/ImageNet initializer possible; exact generation-specific initializer requires lineage review,TRANSDUCTIVE_PRETRAINING,197,238,Soil unlabeled pretraining cannot be called completely held-out inductive when prospective test images/groups overlap its pool.
sha256:7b29a63ffe95f6271f24,CHECKPOINT_ROOT,checkpoints_VicReg_original_NEW/vicreg_mu_30.0_epoch_3.pth,7b29a63ffe95f6271f248c8cda58c09aec8ddc83b750c53f3c1f4827ca1dfe75,PARTIAL_STATE,SOIL_IMAGES_UNLABELED,TinyImageNet/ImageNet initializer possible; exact generation-specific initializer requires lineage review,TRANSDUCTIVE_PRETRAINING,197,238,Soil unlabeled pretraining cannot be called completely held-out inductive when prospective test images/groups overlap its pool.
sha256:8199a98aa6cca06d74c8,CHECKPOINT_ROOT,checkpoints_VicReg_original_NEW/vicreg_mu_30.0_epoch_30.pth,8199a98aa6cca06d74c85b1d284fba5f282f36961fc8b92aee0bbd9c7dc3ff50,PARTIAL_STATE,SOIL_IMAGES_UNLABELED,TinyImageNet/ImageNet initializer possible; exact generation-specific initializer requires lineage review,TRANSDUCTIVE_PRETRAINING,197,238,Soil unlabeled pretraining cannot be called completely held-out inductive when prospective test images/groups overlap its pool.
sha256:1c07a821f6a8b29e57b8,CHECKPOINT_ROOT,checkpoints_VicReg_original_NEW/vicreg_mu_30.0_epoch_31.pth,1c07a821f6a8b29e57b81563d17c9434be873960a5ad296d8f9d2b12b1b41483,PARTIAL_STATE,SOIL_IMAGES_UNLABELED,TinyImageNet/ImageNet initializer possible; exact generation-specific initializer requires lineage review,TRANSDUCTIVE_PRETRAINING,197,238,Soil unlabeled pretraining cannot be called completely held-out inductive when prospective test images/groups overlap its pool.
sha256:b772ed3dca5795a50809,CHECKPOINT_ROOT,checkpoints_VicReg_original_NEW/vicreg_mu_30.0_epoch_32.pth,b772ed3dca5795a50809741c39490a2344c60b4affa075fc9aa9bd76f17b70ba,PARTIAL_STATE,SOIL_IMAGES_UNLABELED,TinyImageNet/ImageNet initializer possible; exact generation-specific initializer requires lineage review,TRANSDUCTIVE_PRETRAINING,197,238,Soil unlabeled pretraining cannot be called completely held-out inductive when prospective test images/groups overlap its pool.
sha256:262c8415ff9b9c99cfc5,CHECKPOINT_ROOT,checkpoints_VicReg_original_NEW/vicreg_mu_30.0_epoch_33.pth,262c8415ff9b9c99cfc5816f790ae7c51262976b9645091bcf1dc823fd7a4de6,PARTIAL_STATE,SOIL_IMAGES_UNLABELED,TinyImageNet/ImageNet initializer possible; exact generation-specific initializer requires lineage review,TRANSDUCTIVE_PRETRAINING,197,238,Soil unlabeled pretraining cannot be called completely held-out inductive when prospective test images/groups overlap its pool.
sha256:1270797506be2e7f4115,CHECKPOINT_ROOT,checkpoints_VicReg_original_NEW/vicreg_mu_30.0_epoch_34.pth,1270797506be2e7f4115e4c956b10309270595ac011b1bbe2df547e0a867aa6c,PARTIAL_STATE,SOIL_IMAGES_UNLABELED,TinyImageNet/ImageNet initializer possible; exact generation-specific initializer requires lineage review,TRANSDUCTIVE_PRETRAINING,197,238,Soil unlabeled pretraining cannot be called completely held-out inductive when prospective test images/groups overlap its pool.
sha256:071635dbb237d316ec42,CHECKPOINT_ROOT,checkpoints_VicReg_original_NEW/vicreg_mu_30.0_epoch_35.pth,071635dbb237d316ec42f9e94343bda7472942c934297bcfe1ef9dc7a6207ca5,PARTIAL_STATE,SOIL_IMAGES_UNLABELED,TinyImageNet/ImageNet initializer possible; exact generation-specific initializer requires lineage review,TRANSDUCTIVE_PRETRAINING,197,238,Soil unlabeled pretraining cannot be called completely held-out inductive when prospective test images/groups overlap its pool.
sha256:7cb023cbe0ec5f3c7168,CHECKPOINT_ROOT,checkpoints_VicReg_original_NEW/vicreg_mu_30.0_epoch_36.pth,7cb023cbe0ec5f3c7168d9543abfd92f838c04fa3ea521163996ee1c7ca7d038,PARTIAL_STATE,SOIL_IMAGES_UNLABELED,TinyImageNet/ImageNet initializer possible; exact generation-specific initializer requires lineage review,TRANSDUCTIVE_PRETRAINING,197,238,Soil unlabeled pretraining cannot be called completely held-out inductive when prospective test images/groups overlap its pool.
sha256:0f44584dfe6754ab91e3,CHECKPOINT_ROOT,checkpoints_VicReg_original_NEW/vicreg_mu_30.0_epoch_37.pth,0f44584dfe6754ab91e31c5f6e455ddf977654060faacb3a8464c3d65519c32d,PARTIAL_STATE,SOIL_IMAGES_UNLABELED,TinyImageNet/ImageNet initializer possible; exact generation-specific initializer requires lineage review,TRANSDUCTIVE_PRETRAINING,197,238,Soil unlabeled pretraining cannot be called completely held-out inductive when prospective test images/groups overlap its pool.
sha256:190fe00fa57f2545df3d,CHECKPOINT_ROOT,checkpoints_VicReg_original_NEW/vicreg_mu_30.0_epoch_38.pth,190fe00fa57f2545df3d71c82f3e60dab97c352422ce9bf35d989f9b256a6d50,PARTIAL_STATE,SOIL_IMAGES_UNLABELED,TinyImageNet/ImageNet initializer possible; exact generation-specific initializer requires lineage review,TRANSDUCTIVE_PRETRAINING,197,238,Soil unlabeled pretraining cannot be called completely held-out inductive when prospective test images/groups overlap its pool.
sha256:c0fbb08770ab94ce809c,CHECKPOINT_ROOT,checkpoints_VicReg_original_NEW/vicreg_mu_30.0_epoch_39.pth,c0fbb08770ab94ce809cdbf48c3566f2e4b406846db4560e90dc08743e9f6e09,PARTIAL_STATE,SOIL_IMAGES_UNLABELED,TinyImageNet/ImageNet initializer possible; exact generation-specific initializer requires lineage review,TRANSDUCTIVE_PRETRAINING,197,238,Soil unlabeled pretraining cannot be called completely held-out inductive when prospective test images/groups overlap its pool.
sha256:83bdc73358241d51ec23,CHECKPOINT_ROOT,checkpoints_VicReg_original_NEW/vicreg_mu_30.0_epoch_4.pth,83bdc73358241d51ec239ab0a2c7a44ce0a8056c07596e91bbb8c753b1f43ee0,PARTIAL_STATE,SOIL_IMAGES_UNLABELED,TinyImageNet/ImageNet initializer possible; exact generation-specific initializer requires lineage review,TRANSDUCTIVE_PRETRAINING,197,238,Soil unlabeled pretraining cannot be called completely held-out inductive when prospective test images/groups overlap its pool.
sha256:3d8c982976445154f5fe,CHECKPOINT_ROOT,checkpoints_VicReg_original_NEW/vicreg_mu_30.0_epoch_40.pth,3d8c982976445154f5fee3d80c968940f864712188498482d8e08d2b41d63f1c,PARTIAL_STATE,SOIL_IMAGES_UNLABELED,TinyImageNet/ImageNet initializer possible; exact generation-specific initializer requires lineage review,TRANSDUCTIVE_PRETRAINING,197,238,Soil unlabeled pretraining cannot be called completely held-out inductive when prospective test images/groups overlap its pool.
sha256:4f93a3998bf037699f23,CHECKPOINT_ROOT,checkpoints_VicReg_original_NEW/vicreg_mu_30.0_epoch_41.pth,4f93a3998bf037699f23c78619be98abc7307b5e57e553e0f0f33ed4f24776f3,PARTIAL_STATE,SOIL_IMAGES_UNLABELED,TinyImageNet/ImageNet initializer possible; exact generation-specific initializer requires lineage review,TRANSDUCTIVE_PRETRAINING,197,238,Soil unlabeled pretraining cannot be called completely held-out inductive when prospective test images/groups overlap its pool.
sha256:749317f4ce38f21ede55,CHECKPOINT_ROOT,checkpoints_VicReg_original_NEW/vicreg_mu_30.0_epoch_42.pth,749317f4ce38f21ede5555539760b638b0d846832335b6fb7e7f195ccffd6cb8,PARTIAL_STATE,SOIL_IMAGES_UNLABELED,TinyImageNet/ImageNet initializer possible; exact generation-specific initializer requires lineage review,TRANSDUCTIVE_PRETRAINING,197,238,Soil unlabeled pretraining cannot be called completely held-out inductive when prospective test images/groups overlap its pool.
sha256:7817a238d788796a6d5d,CHECKPOINT_ROOT,checkpoints_VicReg_original_NEW/vicreg_mu_30.0_epoch_43.pth,7817a238d788796a6d5d86609e82e0e231d668c802dcf631ac91ce88f48dcaec,PARTIAL_STATE,SOIL_IMAGES_UNLABELED,TinyImageNet/ImageNet initializer possible; exact generation-specific initializer requires lineage review,TRANSDUCTIVE_PRETRAINING,197,238,Soil unlabeled pretraining cannot be called completely held-out inductive when prospective test images/groups overlap its pool.
sha256:722c413beef9075fea3f,CHECKPOINT_ROOT,checkpoints_VicReg_original_NEW/vicreg_mu_30.0_epoch_44.pth,722c413beef9075fea3f32695ab96c8e3bdd331ce83e3d49631491061f39de2d,PARTIAL_STATE,SOIL_IMAGES_UNLABELED,TinyImageNet/ImageNet initializer possible; exact generation-specific initializer requires lineage review,TRANSDUCTIVE_PRETRAINING,197,238,Soil unlabeled pretraining cannot be called completely held-out inductive when prospective test images/groups overlap its pool.
sha256:2f215d43506247ea8615,CHECKPOINT_ROOT,checkpoints_VicReg_original_NEW/vicreg_mu_30.0_epoch_45.pth,2f215d43506247ea8615dcf94ee6d522b0cb71c820634cc2bb4b85ef8e1cfe29,PARTIAL_STATE,SOIL_IMAGES_UNLABELED,TinyImageNet/ImageNet initializer possible; exact generation-specific initializer requires lineage review,TRANSDUCTIVE_PRETRAINING,197,238,Soil unlabeled pretraining cannot be called completely held-out inductive when prospective test images/groups overlap its pool.
sha256:dd7a46e0d7b537ec561f,CHECKPOINT_ROOT,checkpoints_VicReg_original_NEW/vicreg_mu_30.0_epoch_46.pth,dd7a46e0d7b537ec561f14bbaa999d9895fee3184d106a83cb18f098dc9c2248,PARTIAL_STATE,SOIL_IMAGES_UNLABELED,TinyImageNet/ImageNet initializer possible; exact generation-specific initializer requires lineage review,TRANSDUCTIVE_PRETRAINING,197,238,Soil unlabeled pretraining cannot be called completely held-out inductive when prospective test images/groups overlap its pool.
sha256:4ff808886b973366e1a0,CHECKPOINT_ROOT,checkpoints_VicReg_original_NEW/vicreg_mu_30.0_epoch_47.pth,4ff808886b973366e1a05e6639b01b0df74bd283ecd75f9b048223bce15b0fe2,PARTIAL_STATE,SOIL_IMAGES_UNLABELED,TinyImageNet/ImageNet initializer possible; exact generation-specific initializer requires lineage review,TRANSDUCTIVE_PRETRAINING,197,238,Soil unlabeled pretraining cannot be called completely held-out inductive when prospective test images/groups overlap its pool.
sha256:0730109402e8b116581d,CHECKPOINT_ROOT,checkpoints_VicReg_original_NEW/vicreg_mu_30.0_epoch_48.pth,0730109402e8b116581d0cd623645b5df726b3fd8c6e2154d1a3ec80103972db,PARTIAL_STATE,SOIL_IMAGES_UNLABELED,TinyImageNet/ImageNet initializer possible; exact generation-specific initializer requires lineage review,TRANSDUCTIVE_PRETRAINING,197,238,Soil unlabeled pretraining cannot be called completely held-out inductive when prospective test images/groups overlap its pool.
sha256:afecce6a20d2f7ea5234,CHECKPOINT_ROOT,checkpoints_VicReg_original_NEW/vicreg_mu_30.0_epoch_49.pth,afecce6a20d2f7ea523449bafe9275f3081b8cea6d5bf850a19c6cf6ded65f6a,PARTIAL_STATE,SOIL_IMAGES_UNLABELED,TinyImageNet/ImageNet initializer possible; exact generation-specific initializer requires lineage review,TRANSDUCTIVE_PRETRAINING,197,238,Soil unlabeled pretraining cannot be called completely held-out inductive when prospective test images/groups overlap its pool.
sha256:213f7b994c903b4a6db4,CHECKPOINT_ROOT,checkpoints_VicReg_original_NEW/vicreg_mu_30.0_epoch_5.pth,213f7b994c903b4a6db47c9ce8a673c36e2069015bf189400ea549dc79a93f7f,PARTIAL_STATE,SOIL_IMAGES_UNLABELED,TinyImageNet/ImageNet initializer possible; exact generation-specific initializer requires lineage review,TRANSDUCTIVE_PRETRAINING,197,238,Soil unlabeled pretraining cannot be called completely held-out inductive when prospective test images/groups overlap its pool.
sha256:c519c826961b574643a3,CHECKPOINT_ROOT,checkpoints_VicReg_original_NEW/vicreg_mu_30.0_epoch_50.pth,c519c826961b574643a3d9a5f7576cd6f053c45547d034e1678729a904d43254,PARTIAL_STATE,SOIL_IMAGES_UNLABELED,TinyImageNet/ImageNet initializer possible; exact generation-specific initializer requires lineage review,TRANSDUCTIVE_PRETRAINING,197,238,Soil unlabeled pretraining cannot be called completely held-out inductive when prospective test images/groups overlap its pool.
sha256:d212b2b6b024a5cad719,CHECKPOINT_ROOT,checkpoints_VicReg_original_NEW/vicreg_mu_30.0_epoch_51.pth,d212b2b6b024a5cad7192622a6dd096c630479a1b9d2ae69678088344e43430f,PARTIAL_STATE,SOIL_IMAGES_UNLABELED,TinyImageNet/ImageNet initializer possible; exact generation-specific initializer requires lineage review,TRANSDUCTIVE_PRETRAINING,197,238,Soil unlabeled pretraining cannot be called completely held-out inductive when prospective test images/groups overlap its pool.
sha256:0e21ed117b0d5029e105,CHECKPOINT_ROOT,checkpoints_VicReg_original_NEW/vicreg_mu_30.0_epoch_52.pth,0e21ed117b0d5029e1050c8b1557cab99d606e117c6624bd507f6bdda80ac8df,PARTIAL_STATE,SOIL_IMAGES_UNLABELED,TinyImageNet/ImageNet initializer possible; exact generation-specific initializer requires lineage review,TRANSDUCTIVE_PRETRAINING,197,238,Soil unlabeled pretraining cannot be called completely held-out inductive when prospective test images/groups overlap its pool.
sha256:14ef49bb65022ffc3676,CHECKPOINT_ROOT,checkpoints_VicReg_original_NEW/vicreg_mu_30.0_epoch_53.pth,14ef49bb65022ffc3676f7e9bac848c403ab54269fbfb4c4f6a0a858f7958bde,PARTIAL_STATE,SOIL_IMAGES_UNLABELED,TinyImageNet/ImageNet initializer possible; exact generation-specific initializer requires lineage review,TRANSDUCTIVE_PRETRAINING,197,238,Soil unlabeled pretraining cannot be called completely held-out inductive when prospective test images/groups overlap its pool.
sha256:8519accbb199e7d637e8,CHECKPOINT_ROOT,checkpoints_VicReg_original_NEW/vicreg_mu_30.0_epoch_54.pth,8519accbb199e7d637e8721cb54229b7cddcbff7006540eba25491f5c04b0e11,PARTIAL_STATE,SOIL_IMAGES_UNLABELED,TinyImageNet/ImageNet initializer possible; exact generation-specific initializer requires lineage review,TRANSDUCTIVE_PRETRAINING,197,238,Soil unlabeled pretraining cannot be called completely held-out inductive when prospective test images/groups overlap its pool.
sha256:3aa262c76c20088f1c2d,CHECKPOINT_ROOT,checkpoints_VicReg_original_NEW/vicreg_mu_30.0_epoch_55.pth,3aa262c76c20088f1c2dc74ea311320ce1cbc046114fc6d04793ad48bd431383,PARTIAL_STATE,SOIL_IMAGES_UNLABELED,TinyImageNet/ImageNet initializer possible; exact generation-specific initializer requires lineage review,TRANSDUCTIVE_PRETRAINING,197,238,Soil unlabeled pretraining cannot be called completely held-out inductive when prospective test images/groups overlap its pool.
sha256:78ed4634224e67e5481b,CHECKPOINT_ROOT,checkpoints_VicReg_original_NEW/vicreg_mu_30.0_epoch_56.pth,78ed4634224e67e5481b270dac1171ab78d568db09eb9d274f4848374a414b62,PARTIAL_STATE,SOIL_IMAGES_UNLABELED,TinyImageNet/ImageNet initializer possible; exact generation-specific initializer requires lineage review,TRANSDUCTIVE_PRETRAINING,197,238,Soil unlabeled pretraining cannot be called completely held-out inductive when prospective test images/groups overlap its pool.
sha256:3572b9502437c81327d9,CHECKPOINT_ROOT,checkpoints_VicReg_original_NEW/vicreg_mu_30.0_epoch_57.pth,3572b9502437c81327d938ecbacea88e53518c02c98d24964aac7d89d8594c0b,PARTIAL_STATE,SOIL_IMAGES_UNLABELED,TinyImageNet/ImageNet initializer possible; exact generation-specific initializer requires lineage review,TRANSDUCTIVE_PRETRAINING,197,238,Soil unlabeled pretraining cannot be called completely held-out inductive when prospective test images/groups overlap its pool.
sha256:f5eac7496e801be2cc76,CHECKPOINT_ROOT,checkpoints_VicReg_original_NEW/vicreg_mu_30.0_epoch_58.pth,f5eac7496e801be2cc760091be0f315ab3bb655f9dde107264d2d22bfbf2ef84,PARTIAL_STATE,SOIL_IMAGES_UNLABELED,TinyImageNet/ImageNet initializer possible; exact generation-specific initializer requires lineage review,TRANSDUCTIVE_PRETRAINING,197,238,Soil unlabeled pretraining cannot be called completely held-out inductive when prospective test images/groups overlap its pool.
sha256:c41d1edc25adf64e8e91,CHECKPOINT_ROOT,checkpoints_VicReg_original_NEW/vicreg_mu_30.0_epoch_59.pth,c41d1edc25adf64e8e91f8c44c6b6faf9cbd7c1e6c54dfd518b8faf467cb9feb,PARTIAL_STATE,SOIL_IMAGES_UNLABELED,TinyImageNet/ImageNet initializer possible; exact generation-specific initializer requires lineage review,TRANSDUCTIVE_PRETRAINING,197,238,Soil unlabeled pretraining cannot be called completely held-out inductive when prospective test images/groups overlap its pool.
sha256:7a089ac215829830bbfd,CHECKPOINT_ROOT,checkpoints_VicReg_original_NEW/vicreg_mu_30.0_epoch_6.pth,7a089ac215829830bbfd6ccf6b88e8dd009a230ab21f35347343ef10cee212bb,PARTIAL_STATE,SOIL_IMAGES_UNLABELED,TinyImageNet/ImageNet initializer possible; exact generation-specific initializer requires lineage review,TRANSDUCTIVE_PRETRAINING,197,238,Soil unlabeled pretraining cannot be called completely held-out inductive when prospective test images/groups overlap its pool.
sha256:8e827a0bee1607e80d06,CHECKPOINT_ROOT,checkpoints_VicReg_original_NEW/vicreg_mu_30.0_epoch_60.pth,8e827a0bee1607e80d065cef58630b7141e9f49c3a43a4167177cc5b9915f25f,PARTIAL_STATE,SOIL_IMAGES_UNLABELED,TinyImageNet/ImageNet initializer possible; exact generation-specific initializer requires lineage review,TRANSDUCTIVE_PRETRAINING,197,238,Soil unlabeled pretraining cannot be called completely held-out inductive when prospective test images/groups overlap its pool.
sha256:5776a1a265c01c810fdc,CHECKPOINT_ROOT,checkpoints_VicReg_original_NEW/vicreg_mu_30.0_epoch_61.pth,5776a1a265c01c810fdc6e79d9785d51f9bb9ac91bb8bbb87f4d31a70383a806,PARTIAL_STATE,SOIL_IMAGES_UNLABELED,TinyImageNet/ImageNet initializer possible; exact generation-specific initializer requires lineage review,TRANSDUCTIVE_PRETRAINING,197,238,Soil unlabeled pretraining cannot be called completely held-out inductive when prospective test images/groups overlap its pool.
sha256:ee0a17f42d41b13d4569,CHECKPOINT_ROOT,checkpoints_VicReg_original_NEW/vicreg_mu_30.0_epoch_62.pth,ee0a17f42d41b13d45693d511b78e291ba22ad54cf358371438324db53887d7a,PARTIAL_STATE,SOIL_IMAGES_UNLABELED,TinyImageNet/ImageNet initializer possible; exact generation-specific initializer requires lineage review,TRANSDUCTIVE_PRETRAINING,197,238,Soil unlabeled pretraining cannot be called completely held-out inductive when prospective test images/groups overlap its pool.
sha256:eb474800e831f2794b4e,CHECKPOINT_ROOT,checkpoints_VicReg_original_NEW/vicreg_mu_30.0_epoch_63.pth,eb474800e831f2794b4e7a6a92cf9b7f7ed8dc2d613a8dbd5185fae289e17710,PARTIAL_STATE,SOIL_IMAGES_UNLABELED,TinyImageNet/ImageNet initializer possible; exact generation-specific initializer requires lineage review,TRANSDUCTIVE_PRETRAINING,197,238,Soil unlabeled pretraining cannot be called completely held-out inductive when prospective test images/groups overlap its pool.
sha256:d2f97c106c60aa0264b9,CHECKPOINT_ROOT,checkpoints_VicReg_original_NEW/vicreg_mu_30.0_epoch_64.pth,d2f97c106c60aa0264b97c371d411fb510083d50a799c237871016c8185bf7a3,PARTIAL_STATE,SOIL_IMAGES_UNLABELED,TinyImageNet/ImageNet initializer possible; exact generation-specific initializer requires lineage review,TRANSDUCTIVE_PRETRAINING,197,238,Soil unlabeled pretraining cannot be called completely held-out inductive when prospective test images/groups overlap its pool.
sha256:b9922346b7c3feff5a3e,CHECKPOINT_ROOT,checkpoints_VicReg_original_NEW/vicreg_mu_30.0_epoch_65.pth,b9922346b7c3feff5a3e171362b3645f052a4f120fdcd3f6051a04388f9c344d,PARTIAL_STATE,SOIL_IMAGES_UNLABELED,TinyImageNet/ImageNet initializer possible; exact generation-specific initializer requires lineage review,TRANSDUCTIVE_PRETRAINING,197,238,Soil unlabeled pretraining cannot be called completely held-out inductive when prospective test images/groups overlap its pool.
sha256:d27fd0de03c80df5c234,CHECKPOINT_ROOT,checkpoints_VicReg_original_NEW/vicreg_mu_30.0_epoch_66.pth,d27fd0de03c80df5c23440b346baf9264d087be8b1b2076e173beb86c0995fd0,PARTIAL_STATE,SOIL_IMAGES_UNLABELED,TinyImageNet/ImageNet initializer possible; exact generation-specific initializer requires lineage review,TRANSDUCTIVE_PRETRAINING,197,238,Soil unlabeled pretraining cannot be called completely held-out inductive when prospective test images/groups overlap its pool.
sha256:d34352bd597c0f3d7286,CHECKPOINT_ROOT,checkpoints_VicReg_original_NEW/vicreg_mu_30.0_epoch_67.pth,d34352bd597c0f3d7286ccc4fb993b9729224dd9a09b243e4542adbe95939e69,PARTIAL_STATE,SOIL_IMAGES_UNLABELED,TinyImageNet/ImageNet initializer possible; exact generation-specific initializer requires lineage review,TRANSDUCTIVE_PRETRAINING,197,238,Soil unlabeled pretraining cannot be called completely held-out inductive when prospective test images/groups overlap its pool.
sha256:0ee455289f47530d002a,CHECKPOINT_ROOT,checkpoints_VicReg_original_NEW/vicreg_mu_30.0_epoch_68.pth,0ee455289f47530d002abf2194b3a5be88c10b42b920690f3eeba90dbc929204,PARTIAL_STATE,SOIL_IMAGES_UNLABELED,TinyImageNet/ImageNet initializer possible; exact generation-specific initializer requires lineage review,TRANSDUCTIVE_PRETRAINING,197,238,Soil unlabeled pretraining cannot be called completely held-out inductive when prospective test images/groups overlap its pool.
sha256:d8cad380dc8df43c3b2b,CHECKPOINT_ROOT,checkpoints_VicReg_original_NEW/vicreg_mu_30.0_epoch_69.pth,d8cad380dc8df43c3b2bc8caa60729ef20979617cdd8e8150ed601359ad5e26c,PARTIAL_STATE,SOIL_IMAGES_UNLABELED,TinyImageNet/ImageNet initializer possible; exact generation-specific initializer requires lineage review,TRANSDUCTIVE_PRETRAINING,197,238,Soil unlabeled pretraining cannot be called completely held-out inductive when prospective test images/groups overlap its pool.
sha256:3863335f8c61dd0d0753,CHECKPOINT_ROOT,checkpoints_VicReg_original_NEW/vicreg_mu_30.0_epoch_7.pth,3863335f8c61dd0d07537f4b607de54afd902484da7aeccf127cab5cad93ba68,PARTIAL_STATE,SOIL_IMAGES_UNLABELED,TinyImageNet/ImageNet initializer possible; exact generation-specific initializer requires lineage review,TRANSDUCTIVE_PRETRAINING,197,238,Soil unlabeled pretraining cannot be called completely held-out inductive when prospective test images/groups overlap its pool.
sha256:04d89140e2665b829f4a,CHECKPOINT_ROOT,checkpoints_VicReg_original_NEW/vicreg_mu_30.0_epoch_70.pth,04d89140e2665b829f4aa602fe5acef3bcf2dd50c542adfd8756df952368c244,PARTIAL_STATE,SOIL_IMAGES_UNLABELED,TinyImageNet/ImageNet initializer possible; exact generation-specific initializer requires lineage review,TRANSDUCTIVE_PRETRAINING,197,238,Soil unlabeled pretraining cannot be called completely held-out inductive when prospective test images/groups overlap its pool.
sha256:e31e80d5c57e85167722,CHECKPOINT_ROOT,checkpoints_VicReg_original_NEW/vicreg_mu_30.0_epoch_71.pth,e31e80d5c57e851677226e22e912ee52f6cd55cb7fc3a833dd524e047c247c29,PARTIAL_STATE,SOIL_IMAGES_UNLABELED,TinyImageNet/ImageNet initializer possible; exact generation-specific initializer requires lineage review,TRANSDUCTIVE_PRETRAINING,197,238,Soil unlabeled pretraining cannot be called completely held-out inductive when prospective test images/groups overlap its pool.
sha256:d68302dfc43f410f8534,CHECKPOINT_ROOT,checkpoints_VicReg_original_NEW/vicreg_mu_30.0_epoch_72.pth,d68302dfc43f410f8534fec050ac5df10e9157b8fd3704b540f294cf59e4679d,PARTIAL_STATE,SOIL_IMAGES_UNLABELED,TinyImageNet/ImageNet initializer possible; exact generation-specific initializer requires lineage review,TRANSDUCTIVE_PRETRAINING,197,238,Soil unlabeled pretraining cannot be called completely held-out inductive when prospective test images/groups overlap its pool.
sha256:01b89c6429c3282861b2,CHECKPOINT_ROOT,checkpoints_VicReg_original_NEW/vicreg_mu_30.0_epoch_73.pth,01b89c6429c3282861b2a93abe6b9cfd73628fe035eed355b4ac5d08b539ca73,PARTIAL_STATE,SOIL_IMAGES_UNLABELED,TinyImageNet/ImageNet initializer possible; exact generation-specific initializer requires lineage review,TRANSDUCTIVE_PRETRAINING,197,238,Soil unlabeled pretraining cannot be called completely held-out inductive when prospective test images/groups overlap its pool.
sha256:e53b53cc29af611ac716,CHECKPOINT_ROOT,checkpoints_VicReg_original_NEW/vicreg_mu_30.0_epoch_74.pth,e53b53cc29af611ac716f7b85ad03f2e3fdf25bf590a87f6d870817cafdb7f3f,PARTIAL_STATE,SOIL_IMAGES_UNLABELED,TinyImageNet/ImageNet initializer possible; exact generation-specific initializer requires lineage review,TRANSDUCTIVE_PRETRAINING,197,238,Soil unlabeled pretraining cannot be called completely held-out inductive when prospective test images/groups overlap its pool.
sha256:0f97ef7b20019be24284,CHECKPOINT_ROOT,checkpoints_VicReg_original_NEW/vicreg_mu_30.0_epoch_75.pth,0f97ef7b20019be2428499957a8832647f48539919ed4427eab13379a07d2426,PARTIAL_STATE,SOIL_IMAGES_UNLABELED,TinyImageNet/ImageNet initializer possible; exact generation-specific initializer requires lineage review,TRANSDUCTIVE_PRETRAINING,197,238,Soil unlabeled pretraining cannot be called completely held-out inductive when prospective test images/groups overlap its pool.
sha256:6566d636829dc01277f0,CHECKPOINT_ROOT,checkpoints_VicReg_original_NEW/vicreg_mu_30.0_epoch_76.pth,6566d636829dc01277f0f0ba3b876098b572f9a8ef66591d91b26c6b8b9c552f,PARTIAL_STATE,SOIL_IMAGES_UNLABELED,TinyImageNet/ImageNet initializer possible; exact generation-specific initializer requires lineage review,TRANSDUCTIVE_PRETRAINING,197,238,Soil unlabeled pretraining cannot be called completely held-out inductive when prospective test images/groups overlap its pool.
sha256:fe27e2b1f13ed2a5406a,CHECKPOINT_ROOT,checkpoints_VicReg_original_NEW/vicreg_mu_30.0_epoch_77.pth,fe27e2b1f13ed2a5406a80dbad221421b78d297a334986487d2bfc9dd00ffb8a,PARTIAL_STATE,SOIL_IMAGES_UNLABELED,TinyImageNet/ImageNet initializer possible; exact generation-specific initializer requires lineage review,TRANSDUCTIVE_PRETRAINING,197,238,Soil unlabeled pretraining cannot be called completely held-out inductive when prospective test images/groups overlap its pool.
sha256:a12c249c5a70cd51dd17,CHECKPOINT_ROOT,checkpoints_VicReg_original_NEW/vicreg_mu_30.0_epoch_78.pth,a12c249c5a70cd51dd178852463fcd06538febba7f1b429b9363f266be3de3e5,PARTIAL_STATE,SOIL_IMAGES_UNLABELED,TinyImageNet/ImageNet initializer possible; exact generation-specific initializer requires lineage review,TRANSDUCTIVE_PRETRAINING,197,238,Soil unlabeled pretraining cannot be called completely held-out inductive when prospective test images/groups overlap its pool.
sha256:20545d30d5fa44c41bcd,CHECKPOINT_ROOT,checkpoints_VicReg_original_NEW/vicreg_mu_30.0_epoch_79.pth,20545d30d5fa44c41bcd662edef48c88dcad846d2c8c7154e8dfad5877a9aa4d,PARTIAL_STATE,SOIL_IMAGES_UNLABELED,TinyImageNet/ImageNet initializer possible; exact generation-specific initializer requires lineage review,TRANSDUCTIVE_PRETRAINING,197,238,Soil unlabeled pretraining cannot be called completely held-out inductive when prospective test images/groups overlap its pool.
sha256:cc930eb7e9c6eb417577,CHECKPOINT_ROOT,checkpoints_VicReg_original_NEW/vicreg_mu_30.0_epoch_8.pth,cc930eb7e9c6eb4175779930933aba5e7c1abef53d3997ee21f1bbdb13e179dd,PARTIAL_STATE,SOIL_IMAGES_UNLABELED,TinyImageNet/ImageNet initializer possible; exact generation-specific initializer requires lineage review,TRANSDUCTIVE_PRETRAINING,197,238,Soil unlabeled pretraining cannot be called completely held-out inductive when prospective test images/groups overlap its pool.
sha256:dd4169a66ef2a2da788b,CHECKPOINT_ROOT,checkpoints_VicReg_original_NEW/vicreg_mu_30.0_epoch_80.pth,dd4169a66ef2a2da788be19e90537390aac87c4fa7f18a4186edd5a97c49ee4d,PARTIAL_STATE,SOIL_IMAGES_UNLABELED,TinyImageNet/ImageNet initializer possible; exact generation-specific initializer requires lineage review,TRANSDUCTIVE_PRETRAINING,197,238,Soil unlabeled pretraining cannot be called completely held-out inductive when prospective test images/groups overlap its pool.
sha256:bbb3756b7fdf750437e7,CHECKPOINT_ROOT,checkpoints_VicReg_original_NEW/vicreg_mu_30.0_epoch_9.pth,bbb3756b7fdf750437e79bda0b10eee77cb67e11da4605f75c5b83ab3ac60bb3,PARTIAL_STATE,SOIL_IMAGES_UNLABELED,TinyImageNet/ImageNet initializer possible; exact generation-specific initializer requires lineage review,TRANSDUCTIVE_PRETRAINING,197,238,Soil unlabeled pretraining cannot be called completely held-out inductive when prospective test images/groups overlap its pool.
sha256:889324d14a348bbc8084,CHECKPOINT_ROOT,checkpoints_VicReg_original_NEW/vicreg_mu_33.0_epoch_1.pth,889324d14a348bbc80843fa7149fbed76843e1b027c7409b93bd54dafe86632d,PARTIAL_STATE,SOIL_IMAGES_UNLABELED,TinyImageNet/ImageNet initializer possible; exact generation-specific initializer requires lineage review,TRANSDUCTIVE_PRETRAINING,197,238,Soil unlabeled pretraining cannot be called completely held-out inductive when prospective test images/groups overlap its pool.
sha256:00a7269e77e4ee2a3f6b,CHECKPOINT_ROOT,checkpoints_VicReg_original_NEW/vicreg_mu_33.0_epoch_10.pth,00a7269e77e4ee2a3f6baa881ef5c7c7fb32f52470968b89dc48c468ce9355f7,PARTIAL_STATE,SOIL_IMAGES_UNLABELED,TinyImageNet/ImageNet initializer possible; exact generation-specific initializer requires lineage review,TRANSDUCTIVE_PRETRAINING,197,238,Soil unlabeled pretraining cannot be called completely held-out inductive when prospective test images/groups overlap its pool.
sha256:eb36bd46e245e412933c,CHECKPOINT_ROOT,checkpoints_VicReg_original_NEW/vicreg_mu_33.0_epoch_11.pth,eb36bd46e245e412933cff6d979d7d198996f2f7a66b394f8d072623c09bba97,PARTIAL_STATE,SOIL_IMAGES_UNLABELED,TinyImageNet/ImageNet initializer possible; exact generation-specific initializer requires lineage review,TRANSDUCTIVE_PRETRAINING,197,238,Soil unlabeled pretraining cannot be called completely held-out inductive when prospective test images/groups overlap its pool.
sha256:db0b7025604f395fa677,CHECKPOINT_ROOT,checkpoints_VicReg_original_NEW/vicreg_mu_33.0_epoch_12.pth,db0b7025604f395fa67730f23bb461e7f2a9ef46a849eea1c51f9e9f813e3b2f,PARTIAL_STATE,SOIL_IMAGES_UNLABELED,TinyImageNet/ImageNet initializer possible; exact generation-specific initializer requires lineage review,TRANSDUCTIVE_PRETRAINING,197,238,Soil unlabeled pretraining cannot be called completely held-out inductive when prospective test images/groups overlap its pool.
sha256:26ba783a3833ba0f442b,CHECKPOINT_ROOT,checkpoints_VicReg_original_NEW/vicreg_mu_33.0_epoch_13.pth,26ba783a3833ba0f442b3762c538d5449e19488b599f56c854bab90ff0229145,PARTIAL_STATE,SOIL_IMAGES_UNLABELED,TinyImageNet/ImageNet initializer possible; exact generation-specific initializer requires lineage review,TRANSDUCTIVE_PRETRAINING,197,238,Soil unlabeled pretraining cannot be called completely held-out inductive when prospective test images/groups overlap its pool.
sha256:702f642e77309bbc9074,CHECKPOINT_ROOT,checkpoints_VicReg_original_NEW/vicreg_mu_33.0_epoch_14.pth,702f642e77309bbc9074fddd3d08614a1454f0de1aff4c6ed40cd350741bfe72,PARTIAL_STATE,SOIL_IMAGES_UNLABELED,TinyImageNet/ImageNet initializer possible; exact generation-specific initializer requires lineage review,TRANSDUCTIVE_PRETRAINING,197,238,Soil unlabeled pretraining cannot be called completely held-out inductive when prospective test images/groups overlap its pool.
sha256:8a6c5045b1271ddb3eac,CHECKPOINT_ROOT,checkpoints_VicReg_original_NEW/vicreg_mu_33.0_epoch_15.pth,8a6c5045b1271ddb3eac7167bf85dc0c26f27764dac3e5cd82804151746d958b,PARTIAL_STATE,SOIL_IMAGES_UNLABELED,TinyImageNet/ImageNet initializer possible; exact generation-specific initializer requires lineage review,TRANSDUCTIVE_PRETRAINING,197,238,Soil unlabeled pretraining cannot be called completely held-out inductive when prospective test images/groups overlap its pool.
sha256:94bc23354b56d0d53c45,CHECKPOINT_ROOT,checkpoints_VicReg_original_NEW/vicreg_mu_33.0_epoch_16.pth,94bc23354b56d0d53c455aa3f3a8f98c26dfa842af64e6cbefcf3aac23b9365d,PARTIAL_STATE,SOIL_IMAGES_UNLABELED,TinyImageNet/ImageNet initializer possible; exact generation-specific initializer requires lineage review,TRANSDUCTIVE_PRETRAINING,197,238,Soil unlabeled pretraining cannot be called completely held-out inductive when prospective test images/groups overlap its pool.
sha256:fd264762957f5c1e19ea,CHECKPOINT_ROOT,checkpoints_VicReg_original_NEW/vicreg_mu_33.0_epoch_17.pth,fd264762957f5c1e19ea37edbcbe36312a7e3d779b403d2296c4141fbb9d6924,PARTIAL_STATE,SOIL_IMAGES_UNLABELED,TinyImageNet/ImageNet initializer possible; exact generation-specific initializer requires lineage review,TRANSDUCTIVE_PRETRAINING,197,238,Soil unlabeled pretraining cannot be called completely held-out inductive when prospective test images/groups overlap its pool.
sha256:2377064c101d8ac9f0de,CHECKPOINT_ROOT,checkpoints_VicReg_original_NEW/vicreg_mu_33.0_epoch_18.pth,2377064c101d8ac9f0de06f40ef2e849d12264c456a82c670fde064b3835f03b,PARTIAL_STATE,SOIL_IMAGES_UNLABELED,TinyImageNet/ImageNet initializer possible; exact generation-specific initializer requires lineage review,TRANSDUCTIVE_PRETRAINING,197,238,Soil unlabeled pretraining cannot be called completely held-out inductive when prospective test images/groups overlap its pool.
sha256:c5ff4784e24f5b6ff78c,CHECKPOINT_ROOT,checkpoints_VicReg_original_NEW/vicreg_mu_33.0_epoch_19.pth,c5ff4784e24f5b6ff78c26cd459b1d2483abe6c717fffc0a85665ed640751064,PARTIAL_STATE,SOIL_IMAGES_UNLABELED,TinyImageNet/ImageNet initializer possible; exact generation-specific initializer requires lineage review,TRANSDUCTIVE_PRETRAINING,197,238,Soil unlabeled pretraining cannot be called completely held-out inductive when prospective test images/groups overlap its pool.
sha256:f91bb9088b8561ce9975,CHECKPOINT_ROOT,checkpoints_VicReg_original_NEW/vicreg_mu_33.0_epoch_2.pth,f91bb9088b8561ce99758c7179d4bd19225e618d21df5de3f9b10ea6c34bf8b8,PARTIAL_STATE,SOIL_IMAGES_UNLABELED,TinyImageNet/ImageNet initializer possible; exact generation-specific initializer requires lineage review,TRANSDUCTIVE_PRETRAINING,197,238,Soil unlabeled pretraining cannot be called completely held-out inductive when prospective test images/groups overlap its pool.
sha256:f9d24f6b1e140f04abaa,CHECKPOINT_ROOT,checkpoints_VicReg_original_NEW/vicreg_mu_33.0_epoch_20.pth,f9d24f6b1e140f04abaafb8a91908a665930caff1177d2d9652501a9cb3a8d8c,PARTIAL_STATE,SOIL_IMAGES_UNLABELED,TinyImageNet/ImageNet initializer possible; exact generation-specific initializer requires lineage review,TRANSDUCTIVE_PRETRAINING,197,238,Soil unlabeled pretraining cannot be called completely held-out inductive when prospective test images/groups overlap its pool.
sha256:f4482c2da691396645f6,CHECKPOINT_ROOT,checkpoints_VicReg_original_NEW/vicreg_mu_33.0_epoch_21.pth,f4482c2da691396645f6e39572a89ae145819b6ea2935c0575bc22c968b3c602,PARTIAL_STATE,SOIL_IMAGES_UNLABELED,TinyImageNet/ImageNet initializer possible; exact generation-specific initializer requires lineage review,TRANSDUCTIVE_PRETRAINING,197,238,Soil unlabeled pretraining cannot be called completely held-out inductive when prospective test images/groups overlap its pool.
sha256:045f0e003ed0d00727ff,CHECKPOINT_ROOT,checkpoints_VicReg_original_NEW/vicreg_mu_33.0_epoch_22.pth,045f0e003ed0d00727ff1a3567d49aec653d2f4047008f4bbb20944fb868bcc3,PARTIAL_STATE,SOIL_IMAGES_UNLABELED,TinyImageNet/ImageNet initializer possible; exact generation-specific initializer requires lineage review,TRANSDUCTIVE_PRETRAINING,197,238,Soil unlabeled pretraining cannot be called completely held-out inductive when prospective test images/groups overlap its pool.
sha256:087f7d63d75b38fa7d25,CHECKPOINT_ROOT,checkpoints_VicReg_original_NEW/vicreg_mu_33.0_epoch_23.pth,087f7d63d75b38fa7d25f37886bf17b898ddbd4f9b880492b66df8d72b23a10b,PARTIAL_STATE,SOIL_IMAGES_UNLABELED,TinyImageNet/ImageNet initializer possible; exact generation-specific initializer requires lineage review,TRANSDUCTIVE_PRETRAINING,197,238,Soil unlabeled pretraining cannot be called completely held-out inductive when prospective test images/groups overlap its pool.
sha256:3eadd6e044ebe23c3bd5,CHECKPOINT_ROOT,checkpoints_VicReg_original_NEW/vicreg_mu_33.0_epoch_24.pth,3eadd6e044ebe23c3bd5ebc98d5aace1a6309e19898911fe6d2aaa09616113af,PARTIAL_STATE,SOIL_IMAGES_UNLABELED,TinyImageNet/ImageNet initializer possible; exact generation-specific initializer requires lineage review,TRANSDUCTIVE_PRETRAINING,197,238,Soil unlabeled pretraining cannot be called completely held-out inductive when prospective test images/groups overlap its pool.
sha256:3d379d887bd26df321b4,CHECKPOINT_ROOT,checkpoints_VicReg_original_NEW/vicreg_mu_33.0_epoch_25.pth,3d379d887bd26df321b45bcccbeed70ee12021949f00e3b85cbde4258c5ead5a,PARTIAL_STATE,SOIL_IMAGES_UNLABELED,TinyImageNet/ImageNet initializer possible; exact generation-specific initializer requires lineage review,TRANSDUCTIVE_PRETRAINING,197,238,Soil unlabeled pretraining cannot be called completely held-out inductive when prospective test images/groups overlap its pool.
sha256:857a5a505bbd5f8f9071,CHECKPOINT_ROOT,checkpoints_VicReg_original_NEW/vicreg_mu_33.0_epoch_26.pth,857a5a505bbd5f8f9071f1b849cec163263c97d33242f9d2c3b03d0e34c33584,PARTIAL_STATE,SOIL_IMAGES_UNLABELED,TinyImageNet/ImageNet initializer possible; exact generation-specific initializer requires lineage review,TRANSDUCTIVE_PRETRAINING,197,238,Soil unlabeled pretraining cannot be called completely held-out inductive when prospective test images/groups overlap its pool.
sha256:2ea944652f915278e2a4,CHECKPOINT_ROOT,checkpoints_VicReg_original_NEW/vicreg_mu_33.0_epoch_27.pth,2ea944652f915278e2a4b9199c9b882ac93611ed42487096e23d5d136c5bb3bc,PARTIAL_STATE,SOIL_IMAGES_UNLABELED,TinyImageNet/ImageNet initializer possible; exact generation-specific initializer requires lineage review,TRANSDUCTIVE_PRETRAINING,197,238,Soil unlabeled pretraining cannot be called completely held-out inductive when prospective test images/groups overlap its pool.
sha256:6bc022b13952b76ab9ca,CHECKPOINT_ROOT,checkpoints_VicReg_original_NEW/vicreg_mu_33.0_epoch_28.pth,6bc022b13952b76ab9ca2c6244dfa8bfc8b9426849a18315eaf396a4c9411ce7,PARTIAL_STATE,SOIL_IMAGES_UNLABELED,TinyImageNet/ImageNet initializer possible; exact generation-specific initializer requires lineage review,TRANSDUCTIVE_PRETRAINING,197,238,Soil unlabeled pretraining cannot be called completely held-out inductive when prospective test images/groups overlap its pool.
sha256:5da1bfe692da1d96782b,CHECKPOINT_ROOT,checkpoints_VicReg_original_NEW/vicreg_mu_33.0_epoch_29.pth,5da1bfe692da1d96782b23a77364a548345d972c04af140a5bde3f6d1e3ecbef,PARTIAL_STATE,SOIL_IMAGES_UNLABELED,TinyImageNet/ImageNet initializer possible; exact generation-specific initializer requires lineage review,TRANSDUCTIVE_PRETRAINING,197,238,Soil unlabeled pretraining cannot be called completely held-out inductive when prospective test images/groups overlap its pool.
sha256:8200ef9bb87b8dcd3a91,CHECKPOINT_ROOT,checkpoints_VicReg_original_NEW/vicreg_mu_33.0_epoch_3.pth,8200ef9bb87b8dcd3a91401b72103952987231d1c9ec9aea3f0fc62823693a1d,PARTIAL_STATE,SOIL_IMAGES_UNLABELED,TinyImageNet/ImageNet initializer possible; exact generation-specific initializer requires lineage review,TRANSDUCTIVE_PRETRAINING,197,238,Soil unlabeled pretraining cannot be called completely held-out inductive when prospective test images/groups overlap its pool.
sha256:32eb002e78058660de75,CHECKPOINT_ROOT,checkpoints_VicReg_original_NEW/vicreg_mu_33.0_epoch_30.pth,32eb002e78058660de7543f2f9ff4e90557a7c157a1e4f0553051982ebcc3f9c,PARTIAL_STATE,SOIL_IMAGES_UNLABELED,TinyImageNet/ImageNet initializer possible; exact generation-specific initializer requires lineage review,TRANSDUCTIVE_PRETRAINING,197,238,Soil unlabeled pretraining cannot be called completely held-out inductive when prospective test images/groups overlap its pool.
sha256:46cecf054c64f658b6eb,CHECKPOINT_ROOT,checkpoints_VicReg_original_NEW/vicreg_mu_33.0_epoch_31.pth,46cecf054c64f658b6eb9192fb0b8bac6323f4a03c5d510ba90dc34353cbd46a,PARTIAL_STATE,SOIL_IMAGES_UNLABELED,TinyImageNet/ImageNet initializer possible; exact generation-specific initializer requires lineage review,TRANSDUCTIVE_PRETRAINING,197,238,Soil unlabeled pretraining cannot be called completely held-out inductive when prospective test images/groups overlap its pool.
sha256:211ceb6ef344814fda6a,CHECKPOINT_ROOT,checkpoints_VicReg_original_NEW/vicreg_mu_33.0_epoch_32.pth,211ceb6ef344814fda6a93344bd7118bfc7defc978be898e96786dbd7eed1851,PARTIAL_STATE,SOIL_IMAGES_UNLABELED,TinyImageNet/ImageNet initializer possible; exact generation-specific initializer requires lineage review,TRANSDUCTIVE_PRETRAINING,197,238,Soil unlabeled pretraining cannot be called completely held-out inductive when prospective test images/groups overlap its pool.
sha256:e3fe11248941fe0c561f,CHECKPOINT_ROOT,checkpoints_VicReg_original_NEW/vicreg_mu_33.0_epoch_33.pth,e3fe11248941fe0c561f6bd9e2e3ea4a2db1229eb31f98af797794d003d25223,PARTIAL_STATE,SOIL_IMAGES_UNLABELED,TinyImageNet/ImageNet initializer possible; exact generation-specific initializer requires lineage review,TRANSDUCTIVE_PRETRAINING,197,238,Soil unlabeled pretraining cannot be called completely held-out inductive when prospective test images/groups overlap its pool.
sha256:fe2c5b7a9fd65898c801,CHECKPOINT_ROOT,checkpoints_VicReg_original_NEW/vicreg_mu_33.0_epoch_34.pth,fe2c5b7a9fd65898c801fdeb87561a6b154227dbe498044fa3309a0aa7d8330b,PARTIAL_STATE,SOIL_IMAGES_UNLABELED,TinyImageNet/ImageNet initializer possible; exact generation-specific initializer requires lineage review,TRANSDUCTIVE_PRETRAINING,197,238,Soil unlabeled pretraining cannot be called completely held-out inductive when prospective test images/groups overlap its pool.
sha256:1129c3f2830f2aa94f93,CHECKPOINT_ROOT,checkpoints_VicReg_original_NEW/vicreg_mu_33.0_epoch_35.pth,1129c3f2830f2aa94f9389272764c649497abe5c640ef3123a8c51208787c35d,PARTIAL_STATE,SOIL_IMAGES_UNLABELED,TinyImageNet/ImageNet initializer possible; exact generation-specific initializer requires lineage review,TRANSDUCTIVE_PRETRAINING,197,238,Soil unlabeled pretraining cannot be called completely held-out inductive when prospective test images/groups overlap its pool.
sha256:b39e4b26e16c762a42d1,CHECKPOINT_ROOT,checkpoints_VicReg_original_NEW/vicreg_mu_33.0_epoch_36.pth,b39e4b26e16c762a42d1868b3daf1e31fd614ab32d403c5a67f7a958ba307c9b,PARTIAL_STATE,SOIL_IMAGES_UNLABELED,TinyImageNet/ImageNet initializer possible; exact generation-specific initializer requires lineage review,TRANSDUCTIVE_PRETRAINING,197,238,Soil unlabeled pretraining cannot be called completely held-out inductive when prospective test images/groups overlap its pool.
sha256:e86fb707441e5474cc88,CHECKPOINT_ROOT,checkpoints_VicReg_original_NEW/vicreg_mu_33.0_epoch_37.pth,e86fb707441e5474cc883cd706e5a7072d088d3f3f4593fae2abdf25e557ce92,PARTIAL_STATE,SOIL_IMAGES_UNLABELED,TinyImageNet/ImageNet initializer possible; exact generation-specific initializer requires lineage review,TRANSDUCTIVE_PRETRAINING,197,238,Soil unlabeled pretraining cannot be called completely held-out inductive when prospective test images/groups overlap its pool.
sha256:011e1af375d8bab162e4,CHECKPOINT_ROOT,checkpoints_VicReg_original_NEW/vicreg_mu_33.0_epoch_38.pth,011e1af375d8bab162e41fce1fef69cfac92c4e48c08cf160d6012123dba057a,PARTIAL_STATE,SOIL_IMAGES_UNLABELED,TinyImageNet/ImageNet initializer possible; exact generation-specific initializer requires lineage review,TRANSDUCTIVE_PRETRAINING,197,238,Soil unlabeled pretraining cannot be called completely held-out inductive when prospective test images/groups overlap its pool.
sha256:701c6e858256ae3e152f,CHECKPOINT_ROOT,checkpoints_VicReg_original_NEW/vicreg_mu_33.0_epoch_39.pth,701c6e858256ae3e152f81726a2334d24faab605c72b100377a7423e39bbee7d,PARTIAL_STATE,SOIL_IMAGES_UNLABELED,TinyImageNet/ImageNet initializer possible; exact generation-specific initializer requires lineage review,TRANSDUCTIVE_PRETRAINING,197,238,Soil unlabeled pretraining cannot be called completely held-out inductive when prospective test images/groups overlap its pool.
sha256:ce39a15908df0b4c9e4c,CHECKPOINT_ROOT,checkpoints_VicReg_original_NEW/vicreg_mu_33.0_epoch_4.pth,ce39a15908df0b4c9e4c459c344d11155a295e10936ec1643160f8641a2bee0a,PARTIAL_STATE,SOIL_IMAGES_UNLABELED,TinyImageNet/ImageNet initializer possible; exact generation-specific initializer requires lineage review,TRANSDUCTIVE_PRETRAINING,197,238,Soil unlabeled pretraining cannot be called completely held-out inductive when prospective test images/groups overlap its pool.
sha256:1ffdcbe48b081c59065a,CHECKPOINT_ROOT,checkpoints_VicReg_original_NEW/vicreg_mu_33.0_epoch_40.pth,1ffdcbe48b081c59065a29718cb3ca92d361373ebf52e60e15febd59ea2f68e9,PARTIAL_STATE,SOIL_IMAGES_UNLABELED,TinyImageNet/ImageNet initializer possible; exact generation-specific initializer requires lineage review,TRANSDUCTIVE_PRETRAINING,197,238,Soil unlabeled pretraining cannot be called completely held-out inductive when prospective test images/groups overlap its pool.
sha256:eb711e2f569e7001a83b,CHECKPOINT_ROOT,checkpoints_VicReg_original_NEW/vicreg_mu_33.0_epoch_41.pth,eb711e2f569e7001a83b7c801698a0150be913f80d43ddc8d46de78977e2d29d,PARTIAL_STATE,SOIL_IMAGES_UNLABELED,TinyImageNet/ImageNet initializer possible; exact generation-specific initializer requires lineage review,TRANSDUCTIVE_PRETRAINING,197,238,Soil unlabeled pretraining cannot be called completely held-out inductive when prospective test images/groups overlap its pool.
sha256:8e40755ce7957732f6d5,CHECKPOINT_ROOT,checkpoints_VicReg_original_NEW/vicreg_mu_33.0_epoch_42.pth,8e40755ce7957732f6d593c1667b11848a083328e9f099455e059b940323f454,PARTIAL_STATE,SOIL_IMAGES_UNLABELED,TinyImageNet/ImageNet initializer possible; exact generation-specific initializer requires lineage review,TRANSDUCTIVE_PRETRAINING,197,238,Soil unlabeled pretraining cannot be called completely held-out inductive when prospective test images/groups overlap its pool.
sha256:01b349bdeccee452f1b6,CHECKPOINT_ROOT,checkpoints_VicReg_original_NEW/vicreg_mu_33.0_epoch_43.pth,01b349bdeccee452f1b6aefa603d67a28a3e76fdb89d19a9c0187617e48bc10c,PARTIAL_STATE,SOIL_IMAGES_UNLABELED,TinyImageNet/ImageNet initializer possible; exact generation-specific initializer requires lineage review,TRANSDUCTIVE_PRETRAINING,197,238,Soil unlabeled pretraining cannot be called completely held-out inductive when prospective test images/groups overlap its pool.
sha256:6f5b72d4b0e42cadec66,CHECKPOINT_ROOT,checkpoints_VicReg_original_NEW/vicreg_mu_33.0_epoch_44.pth,6f5b72d4b0e42cadec66bdab9b251a4332f10c9866fb5b0bd2e9a35e5bfb074c,PARTIAL_STATE,SOIL_IMAGES_UNLABELED,TinyImageNet/ImageNet initializer possible; exact generation-specific initializer requires lineage review,TRANSDUCTIVE_PRETRAINING,197,238,Soil unlabeled pretraining cannot be called completely held-out inductive when prospective test images/groups overlap its pool.
sha256:d9b6437828420eb42a8c,CHECKPOINT_ROOT,checkpoints_VicReg_original_NEW/vicreg_mu_33.0_epoch_45.pth,d9b6437828420eb42a8cf434ee50cc75de423a619e7c369c290816776777fc50,PARTIAL_STATE,SOIL_IMAGES_UNLABELED,TinyImageNet/ImageNet initializer possible; exact generation-specific initializer requires lineage review,TRANSDUCTIVE_PRETRAINING,197,238,Soil unlabeled pretraining cannot be called completely held-out inductive when prospective test images/groups overlap its pool.
sha256:813041d2d69748c633db,CHECKPOINT_ROOT,checkpoints_VicReg_original_NEW/vicreg_mu_33.0_epoch_46.pth,813041d2d69748c633db9eed63a61190be4a637ebd7849148e8b7cc3c21422a7,PARTIAL_STATE,SOIL_IMAGES_UNLABELED,TinyImageNet/ImageNet initializer possible; exact generation-specific initializer requires lineage review,TRANSDUCTIVE_PRETRAINING,197,238,Soil unlabeled pretraining cannot be called completely held-out inductive when prospective test images/groups overlap its pool.
sha256:44143aa983ee05abb198,CHECKPOINT_ROOT,checkpoints_VicReg_original_NEW/vicreg_mu_33.0_epoch_47.pth,44143aa983ee05abb1981578259baf881181089e3b577d07d9052ad62ea508c0,PARTIAL_STATE,SOIL_IMAGES_UNLABELED,TinyImageNet/ImageNet initializer possible; exact generation-specific initializer requires lineage review,TRANSDUCTIVE_PRETRAINING,197,238,Soil unlabeled pretraining cannot be called completely held-out inductive when prospective test images/groups overlap its pool.
sha256:1ee759b0a372ca27854a,CHECKPOINT_ROOT,checkpoints_VicReg_original_NEW/vicreg_mu_33.0_epoch_48.pth,1ee759b0a372ca27854afb1e9db0e7faa5eddce349a18f1c851295315bbca6a6,PARTIAL_STATE,SOIL_IMAGES_UNLABELED,TinyImageNet/ImageNet initializer possible; exact generation-specific initializer requires lineage review,TRANSDUCTIVE_PRETRAINING,197,238,Soil unlabeled pretraining cannot be called completely held-out inductive when prospective test images/groups overlap its pool.
sha256:e8406f65dc499f24971d,CHECKPOINT_ROOT,checkpoints_VicReg_original_NEW/vicreg_mu_33.0_epoch_49.pth,e8406f65dc499f24971d5e804a9b591922f1bb83d1e4da506a768b3a6bedb21b,PARTIAL_STATE,SOIL_IMAGES_UNLABELED,TinyImageNet/ImageNet initializer possible; exact generation-specific initializer requires lineage review,TRANSDUCTIVE_PRETRAINING,197,238,Soil unlabeled pretraining cannot be called completely held-out inductive when prospective test images/groups overlap its pool.
sha256:92b99da97e3ab258ef32,CHECKPOINT_ROOT,checkpoints_VicReg_original_NEW/vicreg_mu_33.0_epoch_5.pth,92b99da97e3ab258ef32866b55f85cc0e6266aa80e5696aa4f24eeab160ca24f,PARTIAL_STATE,SOIL_IMAGES_UNLABELED,TinyImageNet/ImageNet initializer possible; exact generation-specific initializer requires lineage review,TRANSDUCTIVE_PRETRAINING,197,238,Soil unlabeled pretraining cannot be called completely held-out inductive when prospective test images/groups overlap its pool.
sha256:dac8d660550e9a4741cc,CHECKPOINT_ROOT,checkpoints_VicReg_original_NEW/vicreg_mu_33.0_epoch_50.pth,dac8d660550e9a4741ccc504ff3db8074c0cc46284aaaff4f8f860f8a7729290,PARTIAL_STATE,SOIL_IMAGES_UNLABELED,TinyImageNet/ImageNet initializer possible; exact generation-specific initializer requires lineage review,TRANSDUCTIVE_PRETRAINING,197,238,Soil unlabeled pretraining cannot be called completely held-out inductive when prospective test images/groups overlap its pool.
sha256:c42de0528eee7e064207,CHECKPOINT_ROOT,checkpoints_VicReg_original_NEW/vicreg_mu_33.0_epoch_51.pth,c42de0528eee7e0642075034caf2438e048c9d676597d1f1a993e1a123175bbf,PARTIAL_STATE,SOIL_IMAGES_UNLABELED,TinyImageNet/ImageNet initializer possible; exact generation-specific initializer requires lineage review,TRANSDUCTIVE_PRETRAINING,197,238,Soil unlabeled pretraining cannot be called completely held-out inductive when prospective test images/groups overlap its pool.
sha256:1ec6cccfa0315f48a734,CHECKPOINT_ROOT,checkpoints_VicReg_original_NEW/vicreg_mu_33.0_epoch_52.pth,1ec6cccfa0315f48a734ec1e0cbf3ee6faa651aa8d66b9303ac1b21e2750bc25,PARTIAL_STATE,SOIL_IMAGES_UNLABELED,TinyImageNet/ImageNet initializer possible; exact generation-specific initializer requires lineage review,TRANSDUCTIVE_PRETRAINING,197,238,Soil unlabeled pretraining cannot be called completely held-out inductive when prospective test images/groups overlap its pool.
sha256:e7ea514b4faa436ca2c9,CHECKPOINT_ROOT,checkpoints_VicReg_original_NEW/vicreg_mu_33.0_epoch_53.pth,e7ea514b4faa436ca2c9b38e7c991738813bab0a5b330af0e4c1bb331496338f,PARTIAL_STATE,SOIL_IMAGES_UNLABELED,TinyImageNet/ImageNet initializer possible; exact generation-specific initializer requires lineage review,TRANSDUCTIVE_PRETRAINING,197,238,Soil unlabeled pretraining cannot be called completely held-out inductive when prospective test images/groups overlap its pool.
sha256:7773d5bf01006d95a609,CHECKPOINT_ROOT,checkpoints_VicReg_original_NEW/vicreg_mu_33.0_epoch_54.pth,7773d5bf01006d95a609abdd133268821f7e45600ff50f05ad14118fa5dd24b8,PARTIAL_STATE,SOIL_IMAGES_UNLABELED,TinyImageNet/ImageNet initializer possible; exact generation-specific initializer requires lineage review,TRANSDUCTIVE_PRETRAINING,197,238,Soil unlabeled pretraining cannot be called completely held-out inductive when prospective test images/groups overlap its pool.
sha256:4867457393b46b8368a0,CHECKPOINT_ROOT,checkpoints_VicReg_original_NEW/vicreg_mu_33.0_epoch_55.pth,4867457393b46b8368a0401c71a830ad1b9c40ea6105f081664386f9d17901ad,PARTIAL_STATE,SOIL_IMAGES_UNLABELED,TinyImageNet/ImageNet initializer possible; exact generation-specific initializer requires lineage review,TRANSDUCTIVE_PRETRAINING,197,238,Soil unlabeled pretraining cannot be called completely held-out inductive when prospective test images/groups overlap its pool.
sha256:9d440341c005b8439ccc,CHECKPOINT_ROOT,checkpoints_VicReg_original_NEW/vicreg_mu_33.0_epoch_56.pth,9d440341c005b8439ccc4f59a03b24a52b654aab35fe63d5df2ae3f04df74cbe,PARTIAL_STATE,SOIL_IMAGES_UNLABELED,TinyImageNet/ImageNet initializer possible; exact generation-specific initializer requires lineage review,TRANSDUCTIVE_PRETRAINING,197,238,Soil unlabeled pretraining cannot be called completely held-out inductive when prospective test images/groups overlap its pool.
sha256:148e9663150aad51b401,CHECKPOINT_ROOT,checkpoints_VicReg_original_NEW/vicreg_mu_33.0_epoch_57.pth,148e9663150aad51b4010e38d53bb595309b1a3486661c889bca381b8c5d59cc,PARTIAL_STATE,SOIL_IMAGES_UNLABELED,TinyImageNet/ImageNet initializer possible; exact generation-specific initializer requires lineage review,TRANSDUCTIVE_PRETRAINING,197,238,Soil unlabeled pretraining cannot be called completely held-out inductive when prospective test images/groups overlap its pool.
sha256:5daa2f4e13b8091ea06a,CHECKPOINT_ROOT,checkpoints_VicReg_original_NEW/vicreg_mu_33.0_epoch_58.pth,5daa2f4e13b8091ea06a2ca090a3ab33a9773d9107701bd65ef658700cdaf1b4,PARTIAL_STATE,SOIL_IMAGES_UNLABELED,TinyImageNet/ImageNet initializer possible; exact generation-specific initializer requires lineage review,TRANSDUCTIVE_PRETRAINING,197,238,Soil unlabeled pretraining cannot be called completely held-out inductive when prospective test images/groups overlap its pool.
sha256:64f47a8ffc58495860c3,CHECKPOINT_ROOT,checkpoints_VicReg_original_NEW/vicreg_mu_33.0_epoch_59.pth,64f47a8ffc58495860c34c6486822f89968df558183fd8df3f18620808d08197,PARTIAL_STATE,SOIL_IMAGES_UNLABELED,TinyImageNet/ImageNet initializer possible; exact generation-specific initializer requires lineage review,TRANSDUCTIVE_PRETRAINING,197,238,Soil unlabeled pretraining cannot be called completely held-out inductive when prospective test images/groups overlap its pool.
sha256:1ec08da3be7120237944,CHECKPOINT_ROOT,checkpoints_VicReg_original_NEW/vicreg_mu_33.0_epoch_6.pth,1ec08da3be71202379448cff8348f531362862d850ac8f476af7603e2bce644d,PARTIAL_STATE,SOIL_IMAGES_UNLABELED,TinyImageNet/ImageNet initializer possible; exact generation-specific initializer requires lineage review,TRANSDUCTIVE_PRETRAINING,197,238,Soil unlabeled pretraining cannot be called completely held-out inductive when prospective test images/groups overlap its pool.
sha256:4936e53313ea86e2569c,CHECKPOINT_ROOT,checkpoints_VicReg_original_NEW/vicreg_mu_33.0_epoch_60.pth,4936e53313ea86e2569c32556129df6b3e05cfdb479050b80950ec5b461cb015,PARTIAL_STATE,SOIL_IMAGES_UNLABELED,TinyImageNet/ImageNet initializer possible; exact generation-specific initializer requires lineage review,TRANSDUCTIVE_PRETRAINING,197,238,Soil unlabeled pretraining cannot be called completely held-out inductive when prospective test images/groups overlap its pool.
sha256:fee7353ce4ec78fff214,CHECKPOINT_ROOT,checkpoints_VicReg_original_NEW/vicreg_mu_33.0_epoch_61.pth,fee7353ce4ec78fff214d5a778750c3275e768bfbb2a0f83676a89474f72e5c0,PARTIAL_STATE,SOIL_IMAGES_UNLABELED,TinyImageNet/ImageNet initializer possible; exact generation-specific initializer requires lineage review,TRANSDUCTIVE_PRETRAINING,197,238,Soil unlabeled pretraining cannot be called completely held-out inductive when prospective test images/groups overlap its pool.
sha256:d08a5b0212df30dd0ba7,CHECKPOINT_ROOT,checkpoints_VicReg_original_NEW/vicreg_mu_33.0_epoch_62.pth,d08a5b0212df30dd0ba7580b66647488d8d2f75c3cf9382279908a03822aca0e,PARTIAL_STATE,SOIL_IMAGES_UNLABELED,TinyImageNet/ImageNet initializer possible; exact generation-specific initializer requires lineage review,TRANSDUCTIVE_PRETRAINING,197,238,Soil unlabeled pretraining cannot be called completely held-out inductive when prospective test images/groups overlap its pool.
sha256:702cca6f47f53a35e014,CHECKPOINT_ROOT,checkpoints_VicReg_original_NEW/vicreg_mu_33.0_epoch_63.pth,702cca6f47f53a35e014f8cce9395d6ccc9ad235551541e8904fb7fc5e0e6258,PARTIAL_STATE,SOIL_IMAGES_UNLABELED,TinyImageNet/ImageNet initializer possible; exact generation-specific initializer requires lineage review,TRANSDUCTIVE_PRETRAINING,197,238,Soil unlabeled pretraining cannot be called completely held-out inductive when prospective test images/groups overlap its pool.
sha256:aa56ec54104af19bc12e,CHECKPOINT_ROOT,checkpoints_VicReg_original_NEW/vicreg_mu_33.0_epoch_64.pth,aa56ec54104af19bc12e361b0a28a3851a00e32fda45c79198f5221e7091c462,PARTIAL_STATE,SOIL_IMAGES_UNLABELED,TinyImageNet/ImageNet initializer possible; exact generation-specific initializer requires lineage review,TRANSDUCTIVE_PRETRAINING,197,238,Soil unlabeled pretraining cannot be called completely held-out inductive when prospective test images/groups overlap its pool.
sha256:772a4cda286ba87d750c,CHECKPOINT_ROOT,checkpoints_VicReg_original_NEW/vicreg_mu_33.0_epoch_65.pth,772a4cda286ba87d750cb07d5a0317dd3ffcd9622ab19df860dc6786041d501d,PARTIAL_STATE,SOIL_IMAGES_UNLABELED,TinyImageNet/ImageNet initializer possible; exact generation-specific initializer requires lineage review,TRANSDUCTIVE_PRETRAINING,197,238,Soil unlabeled pretraining cannot be called completely held-out inductive when prospective test images/groups overlap its pool.
sha256:71f1cfe4b1ad971c16de,CHECKPOINT_ROOT,checkpoints_VicReg_original_NEW/vicreg_mu_33.0_epoch_66.pth,71f1cfe4b1ad971c16de9597113fc63d42eddf9b5ca6ccd2035c857cce9881f8,PARTIAL_STATE,SOIL_IMAGES_UNLABELED,TinyImageNet/ImageNet initializer possible; exact generation-specific initializer requires lineage review,TRANSDUCTIVE_PRETRAINING,197,238,Soil unlabeled pretraining cannot be called completely held-out inductive when prospective test images/groups overlap its pool.
sha256:fbf4a8213afd272bbc08,CHECKPOINT_ROOT,checkpoints_VicReg_original_NEW/vicreg_mu_33.0_epoch_67.pth,fbf4a8213afd272bbc0885f10e8b5af8309bb1300e1c13570498738a9f5dcee3,PARTIAL_STATE,SOIL_IMAGES_UNLABELED,TinyImageNet/ImageNet initializer possible; exact generation-specific initializer requires lineage review,TRANSDUCTIVE_PRETRAINING,197,238,Soil unlabeled pretraining cannot be called completely held-out inductive when prospective test images/groups overlap its pool.
sha256:55024e31ec1e5629bbee,CHECKPOINT_ROOT,checkpoints_VicReg_original_NEW/vicreg_mu_33.0_epoch_68.pth,55024e31ec1e5629bbee341a4b9d29f2d507ee944bfce0774f8a9a327ed76aba,PARTIAL_STATE,SOIL_IMAGES_UNLABELED,TinyImageNet/ImageNet initializer possible; exact generation-specific initializer requires lineage review,TRANSDUCTIVE_PRETRAINING,197,238,Soil unlabeled pretraining cannot be called completely held-out inductive when prospective test images/groups overlap its pool.
sha256:c1ccc42706ab4a88c83a,CHECKPOINT_ROOT,checkpoints_VicReg_original_NEW/vicreg_mu_33.0_epoch_69.pth,c1ccc42706ab4a88c83a6cfd5bf155a0e6ea43c88587fcba089039c2fd684986,PARTIAL_STATE,SOIL_IMAGES_UNLABELED,TinyImageNet/ImageNet initializer possible; exact generation-specific initializer requires lineage review,TRANSDUCTIVE_PRETRAINING,197,238,Soil unlabeled pretraining cannot be called completely held-out inductive when prospective test images/groups overlap its pool.
sha256:a932582b43134ec4b378,CHECKPOINT_ROOT,checkpoints_VicReg_original_NEW/vicreg_mu_33.0_epoch_7.pth,a932582b43134ec4b378bbd086c35ab9527b337ffcfad3758f07354f7871e5ca,PARTIAL_STATE,SOIL_IMAGES_UNLABELED,TinyImageNet/ImageNet initializer possible; exact generation-specific initializer requires lineage review,TRANSDUCTIVE_PRETRAINING,197,238,Soil unlabeled pretraining cannot be called completely held-out inductive when prospective test images/groups overlap its pool.
sha256:5a1d299000921ac19ec7,CHECKPOINT_ROOT,checkpoints_VicReg_original_NEW/vicreg_mu_33.0_epoch_70.pth,5a1d299000921ac19ec75538843f8614413c3d43039c6980e2d46e2364faf05f,PARTIAL_STATE,SOIL_IMAGES_UNLABELED,TinyImageNet/ImageNet initializer possible; exact generation-specific initializer requires lineage review,TRANSDUCTIVE_PRETRAINING,197,238,Soil unlabeled pretraining cannot be called completely held-out inductive when prospective test images/groups overlap its pool.
sha256:223ca6d444b1e95739f5,CHECKPOINT_ROOT,checkpoints_VicReg_original_NEW/vicreg_mu_33.0_epoch_71.pth,223ca6d444b1e95739f567608cdb38a164c7eea6d1d46bd250a40c811c4e940b,PARTIAL_STATE,SOIL_IMAGES_UNLABELED,TinyImageNet/ImageNet initializer possible; exact generation-specific initializer requires lineage review,TRANSDUCTIVE_PRETRAINING,197,238,Soil unlabeled pretraining cannot be called completely held-out inductive when prospective test images/groups overlap its pool.
sha256:4f15ddef0f4ec32d5d5b,CHECKPOINT_ROOT,checkpoints_VicReg_original_NEW/vicreg_mu_33.0_epoch_72.pth,4f15ddef0f4ec32d5d5b5f95113f75a4b1381cf331ad5b0c1cbbf3643b26a031,PARTIAL_STATE,SOIL_IMAGES_UNLABELED,TinyImageNet/ImageNet initializer possible; exact generation-specific initializer requires lineage review,TRANSDUCTIVE_PRETRAINING,197,238,Soil unlabeled pretraining cannot be called completely held-out inductive when prospective test images/groups overlap its pool.
sha256:efd29e6052198d03fede,CHECKPOINT_ROOT,checkpoints_VicReg_original_NEW/vicreg_mu_33.0_epoch_73.pth,efd29e6052198d03fede7baf1d2213cd15b8b67ba1705e8f2f226ae11afc6b45,PARTIAL_STATE,SOIL_IMAGES_UNLABELED,TinyImageNet/ImageNet initializer possible; exact generation-specific initializer requires lineage review,TRANSDUCTIVE_PRETRAINING,197,238,Soil unlabeled pretraining cannot be called completely held-out inductive when prospective test images/groups overlap its pool.
sha256:7c5c76bcc015a40bb956,CHECKPOINT_ROOT,checkpoints_VicReg_original_NEW/vicreg_mu_33.0_epoch_74.pth,7c5c76bcc015a40bb956a3815334c02f2a6b5b940537da13b1f2aab06ce1f1af,PARTIAL_STATE,SOIL_IMAGES_UNLABELED,TinyImageNet/ImageNet initializer possible; exact generation-specific initializer requires lineage review,TRANSDUCTIVE_PRETRAINING,197,238,Soil unlabeled pretraining cannot be called completely held-out inductive when prospective test images/groups overlap its pool.
sha256:2c5c15d9b489300acb34,CHECKPOINT_ROOT,checkpoints_VicReg_original_NEW/vicreg_mu_33.0_epoch_75.pth,2c5c15d9b489300acb34749fee974a23f5bd681b22f02bcbef190acb82842d3a,PARTIAL_STATE,SOIL_IMAGES_UNLABELED,TinyImageNet/ImageNet initializer possible; exact generation-specific initializer requires lineage review,TRANSDUCTIVE_PRETRAINING,197,238,Soil unlabeled pretraining cannot be called completely held-out inductive when prospective test images/groups overlap its pool.
sha256:d157b757bd9a29474127,CHECKPOINT_ROOT,checkpoints_VicReg_original_NEW/vicreg_mu_33.0_epoch_76.pth,d157b757bd9a29474127d95345b6a7487a9581e883ad0c37dd05e7c60a105d92,PARTIAL_STATE,SOIL_IMAGES_UNLABELED,TinyImageNet/ImageNet initializer possible; exact generation-specific initializer requires lineage review,TRANSDUCTIVE_PRETRAINING,197,238,Soil unlabeled pretraining cannot be called completely held-out inductive when prospective test images/groups overlap its pool.
sha256:c94239d2ff0d4c5561a5,CHECKPOINT_ROOT,checkpoints_VicReg_original_NEW/vicreg_mu_33.0_epoch_77.pth,c94239d2ff0d4c5561a5a835baf3ea78678e2615d8e4a44363802590044c60d2,PARTIAL_STATE,SOIL_IMAGES_UNLABELED,TinyImageNet/ImageNet initializer possible; exact generation-specific initializer requires lineage review,TRANSDUCTIVE_PRETRAINING,197,238,Soil unlabeled pretraining cannot be called completely held-out inductive when prospective test images/groups overlap its pool.
sha256:7feb5091c7b1c35b8cb6,CHECKPOINT_ROOT,checkpoints_VicReg_original_NEW/vicreg_mu_33.0_epoch_78.pth,7feb5091c7b1c35b8cb6f26ef2af9906261f1ab01a3a883ec01ca6ea8e647563,PARTIAL_STATE,SOIL_IMAGES_UNLABELED,TinyImageNet/ImageNet initializer possible; exact generation-specific initializer requires lineage review,TRANSDUCTIVE_PRETRAINING,197,238,Soil unlabeled pretraining cannot be called completely held-out inductive when prospective test images/groups overlap its pool.
sha256:e8df53795a536760fc27,CHECKPOINT_ROOT,checkpoints_VicReg_original_NEW/vicreg_mu_33.0_epoch_79.pth,e8df53795a536760fc2744d339a2a85b27b08f8badaa65d5bb817c3dc353d119,PARTIAL_STATE,SOIL_IMAGES_UNLABELED,TinyImageNet/ImageNet initializer possible; exact generation-specific initializer requires lineage review,TRANSDUCTIVE_PRETRAINING,197,238,Soil unlabeled pretraining cannot be called completely held-out inductive when prospective test images/groups overlap its pool.
sha256:afc26d71f0292a766a93,CHECKPOINT_ROOT,checkpoints_VicReg_original_NEW/vicreg_mu_33.0_epoch_8.pth,afc26d71f0292a766a93a8e47ef28962bd521c7d89efa56444ae3e8a575e3dab,PARTIAL_STATE,SOIL_IMAGES_UNLABELED,TinyImageNet/ImageNet initializer possible; exact generation-specific initializer requires lineage review,TRANSDUCTIVE_PRETRAINING,197,238,Soil unlabeled pretraining cannot be called completely held-out inductive when prospective test images/groups overlap its pool.
sha256:ce0229707b29fc28f09d,CHECKPOINT_ROOT,checkpoints_VicReg_original_NEW/vicreg_mu_33.0_epoch_80.pth,ce0229707b29fc28f09dbb0a082dd49367980b6b9e42c294311f0f5b789a6fae,PARTIAL_STATE,SOIL_IMAGES_UNLABELED,TinyImageNet/ImageNet initializer possible; exact generation-specific initializer requires lineage review,TRANSDUCTIVE_PRETRAINING,197,238,Soil unlabeled pretraining cannot be called completely held-out inductive when prospective test images/groups overlap its pool.
sha256:0f336ad073d5a66afee0,CHECKPOINT_ROOT,checkpoints_VicReg_original_NEW/vicreg_mu_33.0_epoch_9.pth,0f336ad073d5a66afee0bebe8aec242512822a3516c750bae6e460064ff7bd1f,PARTIAL_STATE,SOIL_IMAGES_UNLABELED,TinyImageNet/ImageNet initializer possible; exact generation-specific initializer requires lineage review,TRANSDUCTIVE_PRETRAINING,197,238,Soil unlabeled pretraining cannot be called completely held-out inductive when prospective test images/groups overlap its pool.
sha256:5984ab1bdecac99ab94f,CHECKPOINT_ROOT,checkpoints_VicReg_original_NEW/vicreg_projector_final_mu_20.0.pth,5984ab1bdecac99ab94fd9df62670feac8615ff5f7c7de25af15b7922ad5fbab,VICREG_PROJECTOR,SOIL_IMAGES_UNLABELED,TinyImageNet/ImageNet initializer possible; exact generation-specific initializer requires lineage review,TRANSDUCTIVE_PRETRAINING,197,238,Soil unlabeled pretraining cannot be called completely held-out inductive when prospective test images/groups overlap its pool.
sha256:57b0ddf2342b9f157580,CHECKPOINT_ROOT,checkpoints_VicReg_original_NEW/vicreg_projector_final_mu_23.0.pth,57b0ddf2342b9f157580071e521c8a8220033a72bf072684446ea997a30fadff,VICREG_PROJECTOR,SOIL_IMAGES_UNLABELED,TinyImageNet/ImageNet initializer possible; exact generation-specific initializer requires lineage review,TRANSDUCTIVE_PRETRAINING,197,238,Soil unlabeled pretraining cannot be called completely held-out inductive when prospective test images/groups overlap its pool.
sha256:2560446e649946eea2f3,CHECKPOINT_ROOT,checkpoints_VicReg_original_NEW/vicreg_projector_final_mu_25.0.pth,2560446e649946eea2f3a0ce1a686358eed77a7468001257498dfe1ffd645a64,VICREG_PROJECTOR,SOIL_IMAGES_UNLABELED,TinyImageNet/ImageNet initializer possible; exact generation-specific initializer requires lineage review,TRANSDUCTIVE_PRETRAINING,197,238,Soil unlabeled pretraining cannot be called completely held-out inductive when prospective test images/groups overlap its pool.
sha256:2ccdf9d8f2baa0503e71,CHECKPOINT_ROOT,checkpoints_VicReg_original_NEW/vicreg_projector_final_mu_27.0.pth,2ccdf9d8f2baa0503e713b58f748f0544e3c84dbf1941974aeb89528ea4c70ea,VICREG_PROJECTOR,SOIL_IMAGES_UNLABELED,TinyImageNet/ImageNet initializer possible; exact generation-specific initializer requires lineage review,TRANSDUCTIVE_PRETRAINING,197,238,Soil unlabeled pretraining cannot be called completely held-out inductive when prospective test images/groups overlap its pool.
sha256:79295791c006136ef158,CHECKPOINT_ROOT,checkpoints_VicReg_original_NEW/vicreg_projector_final_mu_30.0.pth,79295791c006136ef158bcba8c0e60dfccd34b9adf8dcb3e31184f59c9f55583,VICREG_PROJECTOR,SOIL_IMAGES_UNLABELED,TinyImageNet/ImageNet initializer possible; exact generation-specific initializer requires lineage review,TRANSDUCTIVE_PRETRAINING,197,238,Soil unlabeled pretraining cannot be called completely held-out inductive when prospective test images/groups overlap its pool.
sha256:0eeca5f0103c722201f5,CHECKPOINT_ROOT,checkpoints_VicReg_original_NEW/vicreg_projector_final_mu_33.0.pth,0eeca5f0103c722201f50891f58c444de50a59fc4169dfb70f06e06f7f89ff37,VICREG_PROJECTOR,SOIL_IMAGES_UNLABELED,TinyImageNet/ImageNet initializer possible; exact generation-specific initializer requires lineage review,TRANSDUCTIVE_PRETRAINING,197,238,Soil unlabeled pretraining cannot be called completely held-out inductive when prospective test images/groups overlap its pool.
sha256:76a07f9ca56410e6c3ff,DATA_ROOT_EMBEDDED_ARTIFACTS,Soil_Labeled_Data/soilNet_di chuyen tu o C/checkpoints_VicReg/vicreg_classifier_final_mu_10.0.pth,76a07f9ca56410e6c3ff48ccc7ced18bc763949dfa51117ef33624a16228fdc8,PARTIAL_STATE,SOIL_IMAGES_UNLABELED,TinyImageNet/ImageNet initializer possible; exact generation-specific initializer requires lineage review,TRANSDUCTIVE_PRETRAINING,197,238,Soil unlabeled pretraining cannot be called completely held-out inductive when prospective test images/groups overlap its pool.
sha256:a8c8fd4d65837ce0303e,DATA_ROOT_EMBEDDED_ARTIFACTS,Soil_Labeled_Data/soilNet_di chuyen tu o C/checkpoints_VicReg/vicreg_classifier_final_mu_2.0.pth,a8c8fd4d65837ce0303ee8316acd089c5ab3b4aeb924968d5d891205909ab824,PARTIAL_STATE,SOIL_IMAGES_UNLABELED,TinyImageNet/ImageNet initializer possible; exact generation-specific initializer requires lineage review,TRANSDUCTIVE_PRETRAINING,197,238,Soil unlabeled pretraining cannot be called completely held-out inductive when prospective test images/groups overlap its pool.
sha256:3a8564c90ced48552bec,DATA_ROOT_EMBEDDED_ARTIFACTS,Soil_Labeled_Data/soilNet_di chuyen tu o C/checkpoints_VicReg/vicreg_classifier_final_mu_20.0.pth,3a8564c90ced48552bec012efe8c40f81bb785d219515feca51815f4c5d70aaa,PARTIAL_STATE,SOIL_IMAGES_UNLABELED,TinyImageNet/ImageNet initializer possible; exact generation-specific initializer requires lineage review,TRANSDUCTIVE_PRETRAINING,197,238,Soil unlabeled pretraining cannot be called completely held-out inductive when prospective test images/groups overlap its pool.
sha256:7ffb8c475bf7418182d8,DATA_ROOT_EMBEDDED_ARTIFACTS,Soil_Labeled_Data/soilNet_di chuyen tu o C/checkpoints_VicReg/vicreg_classifier_final_mu_23.0.pth,7ffb8c475bf7418182d86d555cd45f42a83581f9d0146864835c6fe3020e522e,PARTIAL_STATE,SOIL_IMAGES_UNLABELED,TinyImageNet/ImageNet initializer possible; exact generation-specific initializer requires lineage review,TRANSDUCTIVE_PRETRAINING,197,238,Soil unlabeled pretraining cannot be called completely held-out inductive when prospective test images/groups overlap its pool.
sha256:fa3ebec007a380348991,DATA_ROOT_EMBEDDED_ARTIFACTS,Soil_Labeled_Data/soilNet_di chuyen tu o C/checkpoints_VicReg/vicreg_classifier_final_mu_25.0.pth,fa3ebec007a3803489918e4e062167caea201130c4db78553c9fbe49704f05d8,PARTIAL_STATE,SOIL_IMAGES_UNLABELED,TinyImageNet/ImageNet initializer possible; exact generation-specific initializer requires lineage review,TRANSDUCTIVE_PRETRAINING,197,238,Soil unlabeled pretraining cannot be called completely held-out inductive when prospective test images/groups overlap its pool.
sha256:24c94503d8a39e308f03,DATA_ROOT_EMBEDDED_ARTIFACTS,Soil_Labeled_Data/soilNet_di chuyen tu o C/checkpoints_VicReg/vicreg_classifier_final_mu_27.0.pth,24c94503d8a39e308f03aff34df27879e17f77f66abcddbb0cb3606e83386d0f,PARTIAL_STATE,SOIL_IMAGES_UNLABELED,TinyImageNet/ImageNet initializer possible; exact generation-specific initializer requires lineage review,TRANSDUCTIVE_PRETRAINING,197,238,Soil unlabeled pretraining cannot be called completely held-out inductive when prospective test images/groups overlap its pool.
sha256:19197f1b66c044fb6991,DATA_ROOT_EMBEDDED_ARTIFACTS,Soil_Labeled_Data/soilNet_di chuyen tu o C/checkpoints_VicReg/vicreg_classifier_final_mu_30.0.pth,19197f1b66c044fb69911a5e1124292a6f5f77c0ff1d35b057194a6e06881fe7,PARTIAL_STATE,SOIL_IMAGES_UNLABELED,TinyImageNet/ImageNet initializer possible; exact generation-specific initializer requires lineage review,TRANSDUCTIVE_PRETRAINING,197,238,Soil unlabeled pretraining cannot be called completely held-out inductive when prospective test images/groups overlap its pool.
sha256:b724531a7d0d69db21a6,DATA_ROOT_EMBEDDED_ARTIFACTS,Soil_Labeled_Data/soilNet_di chuyen tu o C/checkpoints_VicReg/vicreg_classifier_final_mu_33.0.pth,b724531a7d0d69db21a687fd90e1c55c052f2138cc2f7e12774df4a2868fe7a9,PARTIAL_STATE,SOIL_IMAGES_UNLABELED,TinyImageNet/ImageNet initializer possible; exact generation-specific initializer requires lineage review,TRANSDUCTIVE_PRETRAINING,197,238,Soil unlabeled pretraining cannot be called completely held-out inductive when prospective test images/groups overlap its pool.
sha256:14b4520dc825142b1587,DATA_ROOT_EMBEDDED_ARTIFACTS,Soil_Labeled_Data/soilNet_di chuyen tu o C/checkpoints_VicReg/vicreg_classifier_final_mu_40.0.pth,14b4520dc825142b158789ba8bbbc81c2018905944465ee60cd23b15b0378b44,PARTIAL_STATE,SOIL_IMAGES_UNLABELED,TinyImageNet/ImageNet initializer possible; exact generation-specific initializer requires lineage review,TRANSDUCTIVE_PRETRAINING,197,238,Soil unlabeled pretraining cannot be called completely held-out inductive when prospective test images/groups overlap its pool.
sha256:fec6bce1498e9fb69c2d,DATA_ROOT_EMBEDDED_ARTIFACTS,Soil_Labeled_Data/soilNet_di chuyen tu o C/checkpoints_VicReg/vicreg_classifier_final_mu_80.0.pth,fec6bce1498e9fb69c2da6ab8b91208a59d14fd1453ec36e8957f1b17ef723c2,PARTIAL_STATE,SOIL_IMAGES_UNLABELED,TinyImageNet/ImageNet initializer possible; exact generation-specific initializer requires lineage review,TRANSDUCTIVE_PRETRAINING,197,238,Soil unlabeled pretraining cannot be called completely held-out inductive when prospective test images/groups overlap its pool.
sha256:c68f8f5f979b1f0d9a53,DATA_ROOT_EMBEDDED_ARTIFACTS,Soil_Labeled_Data/soilNet_di chuyen tu o C/checkpoints_VicReg/vicreg_linear_reg_final_mu_10.0.pth,c68f8f5f979b1f0d9a5369160e0c0677b68ee21776ff4ffc8eefa7918c254055,PARTIAL_STATE,SOIL_IMAGES_UNLABELED,TinyImageNet/ImageNet initializer possible; exact generation-specific initializer requires lineage review,TRANSDUCTIVE_PRETRAINING,197,238,Soil unlabeled pretraining cannot be called completely held-out inductive when prospective test images/groups overlap its pool.
sha256:9bdddb94afe6c728b3c7,DATA_ROOT_EMBEDDED_ARTIFACTS,Soil_Labeled_Data/soilNet_di chuyen tu o C/checkpoints_VicReg/vicreg_linear_reg_final_mu_2.0.pth,9bdddb94afe6c728b3c7d8f104e507a769a23d04861e8a279c76931b4f5dd3a2,PARTIAL_STATE,SOIL_IMAGES_UNLABELED,TinyImageNet/ImageNet initializer possible; exact generation-specific initializer requires lineage review,TRANSDUCTIVE_PRETRAINING,197,238,Soil unlabeled pretraining cannot be called completely held-out inductive when prospective test images/groups overlap its pool.
sha256:212bbde1295facb9a7cb,DATA_ROOT_EMBEDDED_ARTIFACTS,Soil_Labeled_Data/soilNet_di chuyen tu o C/checkpoints_VicReg/vicreg_linear_reg_final_mu_20.0.pth,212bbde1295facb9a7cb6a700330634138bf7f67b9df9f8c1798353ef423d525,PARTIAL_STATE,SOIL_IMAGES_UNLABELED,TinyImageNet/ImageNet initializer possible; exact generation-specific initializer requires lineage review,TRANSDUCTIVE_PRETRAINING,197,238,Soil unlabeled pretraining cannot be called completely held-out inductive when prospective test images/groups overlap its pool.
sha256:1bee9b79321dfb7292a8,DATA_ROOT_EMBEDDED_ARTIFACTS,Soil_Labeled_Data/soilNet_di chuyen tu o C/checkpoints_VicReg/vicreg_linear_reg_final_mu_23.0.pth,1bee9b79321dfb7292a8ea8f5d02da5a9330a4c3e8bce1960f38ead0fdc6f36c,PARTIAL_STATE,SOIL_IMAGES_UNLABELED,TinyImageNet/ImageNet initializer possible; exact generation-specific initializer requires lineage review,TRANSDUCTIVE_PRETRAINING,197,238,Soil unlabeled pretraining cannot be called completely held-out inductive when prospective test images/groups overlap its pool.
sha256:fee45784761218ce2cf6,DATA_ROOT_EMBEDDED_ARTIFACTS,Soil_Labeled_Data/soilNet_di chuyen tu o C/checkpoints_VicReg/vicreg_linear_reg_final_mu_25.0.pth,fee45784761218ce2cf63fc9678c8ba3ca621b7ce2744625665c47ca4d638259,PARTIAL_STATE,SOIL_IMAGES_UNLABELED,TinyImageNet/ImageNet initializer possible; exact generation-specific initializer requires lineage review,TRANSDUCTIVE_PRETRAINING,197,238,Soil unlabeled pretraining cannot be called completely held-out inductive when prospective test images/groups overlap its pool.
sha256:c22c47ef53d5f8a03031,DATA_ROOT_EMBEDDED_ARTIFACTS,Soil_Labeled_Data/soilNet_di chuyen tu o C/checkpoints_VicReg/vicreg_linear_reg_final_mu_27.0.pth,c22c47ef53d5f8a030314e9a315ac482d266f129b7424b794c52c83841d15acd,PARTIAL_STATE,SOIL_IMAGES_UNLABELED,TinyImageNet/ImageNet initializer possible; exact generation-specific initializer requires lineage review,TRANSDUCTIVE_PRETRAINING,197,238,Soil unlabeled pretraining cannot be called completely held-out inductive when prospective test images/groups overlap its pool.
sha256:c34163a620b9b14b5314,DATA_ROOT_EMBEDDED_ARTIFACTS,Soil_Labeled_Data/soilNet_di chuyen tu o C/checkpoints_VicReg/vicreg_linear_reg_final_mu_30.0.pth,c34163a620b9b14b5314ded00b4c9cd51688f31c36b285366ead681af9112fab,PARTIAL_STATE,SOIL_IMAGES_UNLABELED,TinyImageNet/ImageNet initializer possible; exact generation-specific initializer requires lineage review,TRANSDUCTIVE_PRETRAINING,197,238,Soil unlabeled pretraining cannot be called completely held-out inductive when prospective test images/groups overlap its pool.
sha256:618a5e8a8f12dee48bc7,DATA_ROOT_EMBEDDED_ARTIFACTS,Soil_Labeled_Data/soilNet_di chuyen tu o C/checkpoints_VicReg/vicreg_linear_reg_final_mu_33.0.pth,618a5e8a8f12dee48bc7b8f7d88f97205129171ca0bee6f2f7d7dcf49885d95c,PARTIAL_STATE,SOIL_IMAGES_UNLABELED,TinyImageNet/ImageNet initializer possible; exact generation-specific initializer requires lineage review,TRANSDUCTIVE_PRETRAINING,197,238,Soil unlabeled pretraining cannot be called completely held-out inductive when prospective test images/groups overlap its pool.
sha256:dbe46bcaf48df21fcd75,DATA_ROOT_EMBEDDED_ARTIFACTS,Soil_Labeled_Data/soilNet_di chuyen tu o C/checkpoints_VicReg/vicreg_linear_reg_final_mu_40.0.pth,dbe46bcaf48df21fcd751c36fb8ec67027b4a3fef8cc3f8479711900a1388aaa,PARTIAL_STATE,SOIL_IMAGES_UNLABELED,TinyImageNet/ImageNet initializer possible; exact generation-specific initializer requires lineage review,TRANSDUCTIVE_PRETRAINING,197,238,Soil unlabeled pretraining cannot be called completely held-out inductive when prospective test images/groups overlap its pool.
sha256:68549a270f1f3700085a,DATA_ROOT_EMBEDDED_ARTIFACTS,Soil_Labeled_Data/soilNet_di chuyen tu o C/checkpoints_VicReg/vicreg_linear_reg_final_mu_80.0.pth,68549a270f1f3700085a95c7ed1473e5657c736091b11a484cba4e2df4172958,PARTIAL_STATE,SOIL_IMAGES_UNLABELED,TinyImageNet/ImageNet initializer possible; exact generation-specific initializer requires lineage review,TRANSDUCTIVE_PRETRAINING,197,238,Soil unlabeled pretraining cannot be called completely held-out inductive when prospective test images/groups overlap its pool.
sha256:df0307271fe5ea037b87,DATA_ROOT_EMBEDDED_ARTIFACTS,Soil_Labeled_Data/soilNet_di chuyen tu o C/checkpoints_VicReg/vicreg_model_final_mu_10.0.pth,df0307271fe5ea037b87242e957fea8b5219419ffeffd7b4550a058be47b53fc,SSL_BACKBONE,SOIL_IMAGES_UNLABELED,TinyImageNet/ImageNet initializer possible; exact generation-specific initializer requires lineage review,TRANSDUCTIVE_PRETRAINING,197,238,Soil unlabeled pretraining cannot be called completely held-out inductive when prospective test images/groups overlap its pool.
sha256:15b9cf4e941cd4a4136f,DATA_ROOT_EMBEDDED_ARTIFACTS,Soil_Labeled_Data/soilNet_di chuyen tu o C/checkpoints_VicReg/vicreg_model_final_mu_2.0.pth,15b9cf4e941cd4a4136f262be8caaa367d4def628a5c114ad00c075766630539,SSL_BACKBONE,SOIL_IMAGES_UNLABELED,TinyImageNet/ImageNet initializer possible; exact generation-specific initializer requires lineage review,TRANSDUCTIVE_PRETRAINING,197,238,Soil unlabeled pretraining cannot be called completely held-out inductive when prospective test images/groups overlap its pool.
sha256:f71c572dbcaebbc6ba26,DATA_ROOT_EMBEDDED_ARTIFACTS,Soil_Labeled_Data/soilNet_di chuyen tu o C/checkpoints_VicReg/vicreg_model_final_mu_20.0.pth,f71c572dbcaebbc6ba267ed4cf0451a9035954e66c5d2a41b65acd2fcb84a08b,SSL_BACKBONE,SOIL_IMAGES_UNLABELED,TinyImageNet/ImageNet initializer possible; exact generation-specific initializer requires lineage review,TRANSDUCTIVE_PRETRAINING,197,238,Soil unlabeled pretraining cannot be called completely held-out inductive when prospective test images/groups overlap its pool.
sha256:a15c5bf0df93980b3757,DATA_ROOT_EMBEDDED_ARTIFACTS,Soil_Labeled_Data/soilNet_di chuyen tu o C/checkpoints_VicReg/vicreg_model_final_mu_23.0.pth,a15c5bf0df93980b375770cd34968516624834a947b2c0c2a6a2da1b9e29df8a,SSL_BACKBONE,SOIL_IMAGES_UNLABELED,TinyImageNet/ImageNet initializer possible; exact generation-specific initializer requires lineage review,TRANSDUCTIVE_PRETRAINING,197,238,Soil unlabeled pretraining cannot be called completely held-out inductive when prospective test images/groups overlap its pool.
sha256:2e99ab79687e5ad3082e,DATA_ROOT_EMBEDDED_ARTIFACTS,Soil_Labeled_Data/soilNet_di chuyen tu o C/checkpoints_VicReg/vicreg_model_final_mu_25.0.pth,2e99ab79687e5ad3082e440ed7bcea6a0e2cf5c353464fdf91d13f694d5694ab,SSL_BACKBONE,SOIL_IMAGES_UNLABELED,TinyImageNet/ImageNet initializer possible; exact generation-specific initializer requires lineage review,TRANSDUCTIVE_PRETRAINING,197,238,Soil unlabeled pretraining cannot be called completely held-out inductive when prospective test images/groups overlap its pool.
sha256:3d43b479b9ec4ab16d92,DATA_ROOT_EMBEDDED_ARTIFACTS,Soil_Labeled_Data/soilNet_di chuyen tu o C/checkpoints_VicReg/vicreg_model_final_mu_27.0.pth,3d43b479b9ec4ab16d920fc4a346fad39b17a72ae9bd087c98752d2b7e2c15e1,SSL_BACKBONE,SOIL_IMAGES_UNLABELED,TinyImageNet/ImageNet initializer possible; exact generation-specific initializer requires lineage review,TRANSDUCTIVE_PRETRAINING,197,238,Soil unlabeled pretraining cannot be called completely held-out inductive when prospective test images/groups overlap its pool.
sha256:0be5dc49b6a42db11182,DATA_ROOT_EMBEDDED_ARTIFACTS,Soil_Labeled_Data/soilNet_di chuyen tu o C/checkpoints_VicReg/vicreg_model_final_mu_30.0.pth,0be5dc49b6a42db11182a4a2fdf8913e4b57841e3059f0cc99e6206dd9feb453,SSL_BACKBONE,SOIL_IMAGES_UNLABELED,TinyImageNet/ImageNet initializer possible; exact generation-specific initializer requires lineage review,TRANSDUCTIVE_PRETRAINING,197,238,Soil unlabeled pretraining cannot be called completely held-out inductive when prospective test images/groups overlap its pool.
sha256:59f09f208791035d58fb,DATA_ROOT_EMBEDDED_ARTIFACTS,Soil_Labeled_Data/soilNet_di chuyen tu o C/checkpoints_VicReg/vicreg_model_final_mu_33.0.pth,59f09f208791035d58fb46ca3fb61c56a342402fa1a13dd3a1027af1c8298a16,SSL_BACKBONE,SOIL_IMAGES_UNLABELED,TinyImageNet/ImageNet initializer possible; exact generation-specific initializer requires lineage review,TRANSDUCTIVE_PRETRAINING,197,238,Soil unlabeled pretraining cannot be called completely held-out inductive when prospective test images/groups overlap its pool.
sha256:01ed4ecadb7cc518f245,DATA_ROOT_EMBEDDED_ARTIFACTS,Soil_Labeled_Data/soilNet_di chuyen tu o C/checkpoints_VicReg/vicreg_model_final_mu_40.0.pth,01ed4ecadb7cc518f245095e93a5af4d1b34c6fbb75f2192cc91e2eb2bd465fb,SSL_BACKBONE,SOIL_IMAGES_UNLABELED,TinyImageNet/ImageNet initializer possible; exact generation-specific initializer requires lineage review,TRANSDUCTIVE_PRETRAINING,197,238,Soil unlabeled pretraining cannot be called completely held-out inductive when prospective test images/groups overlap its pool.
sha256:73dbadc9cf1caa59d75f,DATA_ROOT_EMBEDDED_ARTIFACTS,Soil_Labeled_Data/soilNet_di chuyen tu o C/checkpoints_VicReg/vicreg_model_final_mu_80.0.pth,73dbadc9cf1caa59d75faf4078f2453c8cfbc800a90d351d0ad90080327d6a91,SSL_BACKBONE,SOIL_IMAGES_UNLABELED,TinyImageNet/ImageNet initializer possible; exact generation-specific initializer requires lineage review,TRANSDUCTIVE_PRETRAINING,197,238,Soil unlabeled pretraining cannot be called completely held-out inductive when prospective test images/groups overlap its pool.
sha256:22f8b2d2e13ce78db4db,DATA_ROOT_EMBEDDED_ARTIFACTS,Soil_Labeled_Data/soilNet_di chuyen tu o C/checkpoints_VicReg/vicreg_projector_final_mu_10.0.pth,22f8b2d2e13ce78db4db2b514f8260a1bc8f2f924fc69f510de150386e2decfa,VICREG_PROJECTOR,SOIL_IMAGES_UNLABELED,TinyImageNet/ImageNet initializer possible; exact generation-specific initializer requires lineage review,TRANSDUCTIVE_PRETRAINING,197,238,Soil unlabeled pretraining cannot be called completely held-out inductive when prospective test images/groups overlap its pool.
sha256:b5e716ac1d5ca584ad84,DATA_ROOT_EMBEDDED_ARTIFACTS,Soil_Labeled_Data/soilNet_di chuyen tu o C/checkpoints_VicReg/vicreg_projector_final_mu_2.0.pth,b5e716ac1d5ca584ad843b0ec636e6c45dbfeecf25b6356e7e8596e57bea2b20,VICREG_PROJECTOR,SOIL_IMAGES_UNLABELED,TinyImageNet/ImageNet initializer possible; exact generation-specific initializer requires lineage review,TRANSDUCTIVE_PRETRAINING,197,238,Soil unlabeled pretraining cannot be called completely held-out inductive when prospective test images/groups overlap its pool.
sha256:01b349aa15a6d67a1d2f,DATA_ROOT_EMBEDDED_ARTIFACTS,Soil_Labeled_Data/soilNet_di chuyen tu o C/checkpoints_VicReg/vicreg_projector_final_mu_20.0.pth,01b349aa15a6d67a1d2f9507799f1b4aea291357fd2b8d5d53350cf34b2e06c8,VICREG_PROJECTOR,SOIL_IMAGES_UNLABELED,TinyImageNet/ImageNet initializer possible; exact generation-specific initializer requires lineage review,TRANSDUCTIVE_PRETRAINING,197,238,Soil unlabeled pretraining cannot be called completely held-out inductive when prospective test images/groups overlap its pool.
sha256:9fdf19cc605ea4162011,DATA_ROOT_EMBEDDED_ARTIFACTS,Soil_Labeled_Data/soilNet_di chuyen tu o C/checkpoints_VicReg/vicreg_projector_final_mu_23.0.pth,9fdf19cc605ea41620117c8f3088c068d055aa9c75fbb7151927224aa9dfbd34,VICREG_PROJECTOR,SOIL_IMAGES_UNLABELED,TinyImageNet/ImageNet initializer possible; exact generation-specific initializer requires lineage review,TRANSDUCTIVE_PRETRAINING,197,238,Soil unlabeled pretraining cannot be called completely held-out inductive when prospective test images/groups overlap its pool.
sha256:fe651a5894d5b3818b5e,DATA_ROOT_EMBEDDED_ARTIFACTS,Soil_Labeled_Data/soilNet_di chuyen tu o C/checkpoints_VicReg/vicreg_projector_final_mu_25.0.pth,fe651a5894d5b3818b5e8c16b320be2911c42e6d6b137ed897751828f2042f2f,VICREG_PROJECTOR,SOIL_IMAGES_UNLABELED,TinyImageNet/ImageNet initializer possible; exact generation-specific initializer requires lineage review,TRANSDUCTIVE_PRETRAINING,197,238,Soil unlabeled pretraining cannot be called completely held-out inductive when prospective test images/groups overlap its pool.
sha256:6929e054b1f0628a86c6,DATA_ROOT_EMBEDDED_ARTIFACTS,Soil_Labeled_Data/soilNet_di chuyen tu o C/checkpoints_VicReg/vicreg_projector_final_mu_27.0.pth,6929e054b1f0628a86c6fb4bd0e4a1b578e854058e8f6b92f4bff77e31725420,VICREG_PROJECTOR,SOIL_IMAGES_UNLABELED,TinyImageNet/ImageNet initializer possible; exact generation-specific initializer requires lineage review,TRANSDUCTIVE_PRETRAINING,197,238,Soil unlabeled pretraining cannot be called completely held-out inductive when prospective test images/groups overlap its pool.
sha256:be92a8e47cd54b6b144b,DATA_ROOT_EMBEDDED_ARTIFACTS,Soil_Labeled_Data/soilNet_di chuyen tu o C/checkpoints_VicReg/vicreg_projector_final_mu_30.0.pth,be92a8e47cd54b6b144b8efe6a6b86f64c7ed56b29761e7ac70c275243e24f1a,VICREG_PROJECTOR,SOIL_IMAGES_UNLABELED,TinyImageNet/ImageNet initializer possible; exact generation-specific initializer requires lineage review,TRANSDUCTIVE_PRETRAINING,197,238,Soil unlabeled pretraining cannot be called completely held-out inductive when prospective test images/groups overlap its pool.
sha256:676dd623e3d8263e93c8,DATA_ROOT_EMBEDDED_ARTIFACTS,Soil_Labeled_Data/soilNet_di chuyen tu o C/checkpoints_VicReg/vicreg_projector_final_mu_33.0.pth,676dd623e3d8263e93c86f7f46fc5200993ce41e6903e2ce1bf53d8e1efe0ca1,VICREG_PROJECTOR,SOIL_IMAGES_UNLABELED,TinyImageNet/ImageNet initializer possible; exact generation-specific initializer requires lineage review,TRANSDUCTIVE_PRETRAINING,197,238,Soil unlabeled pretraining cannot be called completely held-out inductive when prospective test images/groups overlap its pool.
sha256:9f07ddb3e0044d663fab,DATA_ROOT_EMBEDDED_ARTIFACTS,Soil_Labeled_Data/soilNet_di chuyen tu o C/checkpoints_VicReg/vicreg_projector_final_mu_40.0.pth,9f07ddb3e0044d663fabed57c82f76fd063fd98471bc3ebb2baebffa4305c019,VICREG_PROJECTOR,SOIL_IMAGES_UNLABELED,TinyImageNet/ImageNet initializer possible; exact generation-specific initializer requires lineage review,TRANSDUCTIVE_PRETRAINING,197,238,Soil unlabeled pretraining cannot be called completely held-out inductive when prospective test images/groups overlap its pool.
sha256:278c101d74df25b2c80e,DATA_ROOT_EMBEDDED_ARTIFACTS,Soil_Labeled_Data/soilNet_di chuyen tu o C/checkpoints_VicReg/vicreg_projector_final_mu_80.0.pth,278c101d74df25b2c80e0542e31669dfb1ee09ca53c675f742c573c147a51e3c,VICREG_PROJECTOR,SOIL_IMAGES_UNLABELED,TinyImageNet/ImageNet initializer possible; exact generation-specific initializer requires lineage review,TRANSDUCTIVE_PRETRAINING,197,238,Soil unlabeled pretraining cannot be called completely held-out inductive when prospective test images/groups overlap its pool.
sha256:084344a12ac36e0e2463,DATA_ROOT_EMBEDDED_ARTIFACTS,Soil_Labeled_Data/soilNet_di chuyen tu o C/checkpoints_VicReg_tinyImagenet/vicreg_classifier_final_mu_20.0.pth,084344a12ac36e0e246363ddf2fa1538aaa83fc55c71d358db3670863d40a2c7,PARTIAL_STATE,SOIL_IMAGES_UNLABELED,TinyImageNet/ImageNet initializer possible; exact generation-specific initializer requires lineage review,TRANSDUCTIVE_PRETRAINING,197,238,Soil unlabeled pretraining cannot be called completely held-out inductive when prospective test images/groups overlap its pool.
sha256:468acc942d08d2502ace,DATA_ROOT_EMBEDDED_ARTIFACTS,Soil_Labeled_Data/soilNet_di chuyen tu o C/checkpoints_VicReg_tinyImagenet/vicreg_classifier_final_mu_23.0.pth,468acc942d08d2502acefea4579cbcf5579514dc1e6d8e5c775089910a7565fc,PARTIAL_STATE,SOIL_IMAGES_UNLABELED,TinyImageNet/ImageNet initializer possible; exact generation-specific initializer requires lineage review,TRANSDUCTIVE_PRETRAINING,197,238,Soil unlabeled pretraining cannot be called completely held-out inductive when prospective test images/groups overlap its pool.
sha256:b88486d41fe54b8f72c5,DATA_ROOT_EMBEDDED_ARTIFACTS,Soil_Labeled_Data/soilNet_di chuyen tu o C/checkpoints_VicReg_tinyImagenet/vicreg_classifier_final_mu_25.0.pth,b88486d41fe54b8f72c59dfd2fc32ada1659c095453aa20cc90469c5bdb804f4,PARTIAL_STATE,SOIL_IMAGES_UNLABELED,TinyImageNet/ImageNet initializer possible; exact generation-specific initializer requires lineage review,TRANSDUCTIVE_PRETRAINING,197,238,Soil unlabeled pretraining cannot be called completely held-out inductive when prospective test images/groups overlap its pool.
sha256:49ca7e91bf3c90f7e085,DATA_ROOT_EMBEDDED_ARTIFACTS,Soil_Labeled_Data/soilNet_di chuyen tu o C/checkpoints_VicReg_tinyImagenet/vicreg_classifier_final_mu_27.0.pth,49ca7e91bf3c90f7e08589ab5bae12a825f484ab64f234d6f880d09d3cdff0d2,PARTIAL_STATE,SOIL_IMAGES_UNLABELED,TinyImageNet/ImageNet initializer possible; exact generation-specific initializer requires lineage review,TRANSDUCTIVE_PRETRAINING,197,238,Soil unlabeled pretraining cannot be called completely held-out inductive when prospective test images/groups overlap its pool.
sha256:9b4165f8982a913f6578,DATA_ROOT_EMBEDDED_ARTIFACTS,Soil_Labeled_Data/soilNet_di chuyen tu o C/checkpoints_VicReg_tinyImagenet/vicreg_classifier_final_mu_30.0.pth,9b4165f8982a913f657866beb669f21eace64e757b5dbf32071d7fd4a505dec0,PARTIAL_STATE,SOIL_IMAGES_UNLABELED,TinyImageNet/ImageNet initializer possible; exact generation-specific initializer requires lineage review,TRANSDUCTIVE_PRETRAINING,197,238,Soil unlabeled pretraining cannot be called completely held-out inductive when prospective test images/groups overlap its pool.
sha256:03f8d050f9067cb3426f,DATA_ROOT_EMBEDDED_ARTIFACTS,Soil_Labeled_Data/soilNet_di chuyen tu o C/checkpoints_VicReg_tinyImagenet/vicreg_classifier_final_mu_33.0.pth,03f8d050f9067cb3426fd8bcfbb800027914ee04dbf1a02f2f5e83decb02fc8b,PARTIAL_STATE,SOIL_IMAGES_UNLABELED,TinyImageNet/ImageNet initializer possible; exact generation-specific initializer requires lineage review,TRANSDUCTIVE_PRETRAINING,197,238,Soil unlabeled pretraining cannot be called completely held-out inductive when prospective test images/groups overlap its pool.
sha256:b86ffed8b4d7c819c1f7,DATA_ROOT_EMBEDDED_ARTIFACTS,Soil_Labeled_Data/soilNet_di chuyen tu o C/checkpoints_VicReg_tinyImagenet/vicreg_linear_reg_final_mu_20.0.pth,b86ffed8b4d7c819c1f73546a42d53fbf615bb32c72f4251c48afc572014c92a,PARTIAL_STATE,SOIL_IMAGES_UNLABELED,TinyImageNet/ImageNet initializer possible; exact generation-specific initializer requires lineage review,TRANSDUCTIVE_PRETRAINING,197,238,Soil unlabeled pretraining cannot be called completely held-out inductive when prospective test images/groups overlap its pool.
sha256:331b707aee8c5e9355bc,DATA_ROOT_EMBEDDED_ARTIFACTS,Soil_Labeled_Data/soilNet_di chuyen tu o C/checkpoints_VicReg_tinyImagenet/vicreg_linear_reg_final_mu_23.0.pth,331b707aee8c5e9355bc9a55eb6d4daa7ebc00c9a00e1680ec1b1ee44b2a5b05,PARTIAL_STATE,SOIL_IMAGES_UNLABELED,TinyImageNet/ImageNet initializer possible; exact generation-specific initializer requires lineage review,TRANSDUCTIVE_PRETRAINING,197,238,Soil unlabeled pretraining cannot be called completely held-out inductive when prospective test images/groups overlap its pool.
sha256:d4c3ebb64089942326b1,DATA_ROOT_EMBEDDED_ARTIFACTS,Soil_Labeled_Data/soilNet_di chuyen tu o C/checkpoints_VicReg_tinyImagenet/vicreg_linear_reg_final_mu_25.0.pth,d4c3ebb64089942326b1f02a7f60a71ab1c8160b7e8e31d5a69bb79d008c8f86,PARTIAL_STATE,SOIL_IMAGES_UNLABELED,TinyImageNet/ImageNet initializer possible; exact generation-specific initializer requires lineage review,TRANSDUCTIVE_PRETRAINING,197,238,Soil unlabeled pretraining cannot be called completely held-out inductive when prospective test images/groups overlap its pool.
sha256:ce38d310ab88a83afb09,DATA_ROOT_EMBEDDED_ARTIFACTS,Soil_Labeled_Data/soilNet_di chuyen tu o C/checkpoints_VicReg_tinyImagenet/vicreg_linear_reg_final_mu_27.0.pth,ce38d310ab88a83afb09aef3b75d9c4cc13cb6549bf621791c0969b244b73b2b,PARTIAL_STATE,SOIL_IMAGES_UNLABELED,TinyImageNet/ImageNet initializer possible; exact generation-specific initializer requires lineage review,TRANSDUCTIVE_PRETRAINING,197,238,Soil unlabeled pretraining cannot be called completely held-out inductive when prospective test images/groups overlap its pool.
sha256:8075a3a8170253f7bdf2,DATA_ROOT_EMBEDDED_ARTIFACTS,Soil_Labeled_Data/soilNet_di chuyen tu o C/checkpoints_VicReg_tinyImagenet/vicreg_linear_reg_final_mu_30.0.pth,8075a3a8170253f7bdf242ab9221490318d7e7b162b50d96f83267989e51e6b5,PARTIAL_STATE,SOIL_IMAGES_UNLABELED,TinyImageNet/ImageNet initializer possible; exact generation-specific initializer requires lineage review,TRANSDUCTIVE_PRETRAINING,197,238,Soil unlabeled pretraining cannot be called completely held-out inductive when prospective test images/groups overlap its pool.
sha256:c994b69e414585c5fc6a,DATA_ROOT_EMBEDDED_ARTIFACTS,Soil_Labeled_Data/soilNet_di chuyen tu o C/checkpoints_VicReg_tinyImagenet/vicreg_linear_reg_final_mu_33.0.pth,c994b69e414585c5fc6ae475803298a289f3858a3866b0f8b6ce6f82ae6bff05,PARTIAL_STATE,SOIL_IMAGES_UNLABELED,TinyImageNet/ImageNet initializer possible; exact generation-specific initializer requires lineage review,TRANSDUCTIVE_PRETRAINING,197,238,Soil unlabeled pretraining cannot be called completely held-out inductive when prospective test images/groups overlap its pool.
sha256:2b7117fcc91f0bb20ce3,DATA_ROOT_EMBEDDED_ARTIFACTS,Soil_Labeled_Data/soilNet_di chuyen tu o C/checkpoints_VicReg_tinyImagenet/vicreg_model_final_mu_20.0.pth,2b7117fcc91f0bb20ce34310078810a2fc0fd9b3b3f815aac48269253d199c6b,SSL_BACKBONE,SOIL_IMAGES_UNLABELED,TinyImageNet/ImageNet initializer possible; exact generation-specific initializer requires lineage review,TRANSDUCTIVE_PRETRAINING,197,238,Soil unlabeled pretraining cannot be called completely held-out inductive when prospective test images/groups overlap its pool.
sha256:bc6b25e52e042d67d587,DATA_ROOT_EMBEDDED_ARTIFACTS,Soil_Labeled_Data/soilNet_di chuyen tu o C/checkpoints_VicReg_tinyImagenet/vicreg_model_final_mu_23.0.pth,bc6b25e52e042d67d587b5d0f608701ea0292d372a64ce4646691c38d51c66d8,SSL_BACKBONE,SOIL_IMAGES_UNLABELED,TinyImageNet/ImageNet initializer possible; exact generation-specific initializer requires lineage review,TRANSDUCTIVE_PRETRAINING,197,238,Soil unlabeled pretraining cannot be called completely held-out inductive when prospective test images/groups overlap its pool.
sha256:af33f55e5b71eff91fbc,DATA_ROOT_EMBEDDED_ARTIFACTS,Soil_Labeled_Data/soilNet_di chuyen tu o C/checkpoints_VicReg_tinyImagenet/vicreg_model_final_mu_25.0.pth,af33f55e5b71eff91fbc6b047872702e17484ce83645dc62fad1a0616f3e867f,SSL_BACKBONE,SOIL_IMAGES_UNLABELED,TinyImageNet/ImageNet initializer possible; exact generation-specific initializer requires lineage review,TRANSDUCTIVE_PRETRAINING,197,238,Soil unlabeled pretraining cannot be called completely held-out inductive when prospective test images/groups overlap its pool.
sha256:b15d47b3e9b69866e806,DATA_ROOT_EMBEDDED_ARTIFACTS,Soil_Labeled_Data/soilNet_di chuyen tu o C/checkpoints_VicReg_tinyImagenet/vicreg_model_final_mu_27.0.pth,b15d47b3e9b69866e806493859a653945800e9eae39cd77130b0a77deb094a80,SSL_BACKBONE,SOIL_IMAGES_UNLABELED,TinyImageNet/ImageNet initializer possible; exact generation-specific initializer requires lineage review,TRANSDUCTIVE_PRETRAINING,197,238,Soil unlabeled pretraining cannot be called completely held-out inductive when prospective test images/groups overlap its pool.
sha256:4b9cde14158fcfd6a2b9,DATA_ROOT_EMBEDDED_ARTIFACTS,Soil_Labeled_Data/soilNet_di chuyen tu o C/checkpoints_VicReg_tinyImagenet/vicreg_model_final_mu_30.0.pth,4b9cde14158fcfd6a2b9a3d31bb483978af4f07a30b76764bb270b9ee265b4c8,SSL_BACKBONE,SOIL_IMAGES_UNLABELED,TinyImageNet/ImageNet initializer possible; exact generation-specific initializer requires lineage review,TRANSDUCTIVE_PRETRAINING,197,238,Soil unlabeled pretraining cannot be called completely held-out inductive when prospective test images/groups overlap its pool.
sha256:6f99b74c9bb2051cd37e,DATA_ROOT_EMBEDDED_ARTIFACTS,Soil_Labeled_Data/soilNet_di chuyen tu o C/checkpoints_VicReg_tinyImagenet/vicreg_model_final_mu_33.0.pth,6f99b74c9bb2051cd37e221280dd59ce28c6ae16d5c669f2bf619591e0b27a8f,SSL_BACKBONE,SOIL_IMAGES_UNLABELED,TinyImageNet/ImageNet initializer possible; exact generation-specific initializer requires lineage review,TRANSDUCTIVE_PRETRAINING,197,238,Soil unlabeled pretraining cannot be called completely held-out inductive when prospective test images/groups overlap its pool.
sha256:eb833acb6e4d4c8ffcc4,DATA_ROOT_EMBEDDED_ARTIFACTS,Soil_Labeled_Data/soilNet_di chuyen tu o C/checkpoints_VicReg_tinyImagenet/vicreg_projector_final_mu_20.0.pth,eb833acb6e4d4c8ffcc473b4e2844565f9febe893d1890c3c0e1a54e0d83145c,VICREG_PROJECTOR,SOIL_IMAGES_UNLABELED,TinyImageNet/ImageNet initializer possible; exact generation-specific initializer requires lineage review,TRANSDUCTIVE_PRETRAINING,197,238,Soil unlabeled pretraining cannot be called completely held-out inductive when prospective test images/groups overlap its pool.
sha256:c8c138d70d767fbfadde,DATA_ROOT_EMBEDDED_ARTIFACTS,Soil_Labeled_Data/soilNet_di chuyen tu o C/checkpoints_VicReg_tinyImagenet/vicreg_projector_final_mu_23.0.pth,c8c138d70d767fbfadde032265b06a4691cbdd85123f4dd6449e6e8c31e2c514,VICREG_PROJECTOR,SOIL_IMAGES_UNLABELED,TinyImageNet/ImageNet initializer possible; exact generation-specific initializer requires lineage review,TRANSDUCTIVE_PRETRAINING,197,238,Soil unlabeled pretraining cannot be called completely held-out inductive when prospective test images/groups overlap its pool.
sha256:1727d72c10a677f2d9a1,DATA_ROOT_EMBEDDED_ARTIFACTS,Soil_Labeled_Data/soilNet_di chuyen tu o C/checkpoints_VicReg_tinyImagenet/vicreg_projector_final_mu_25.0.pth,1727d72c10a677f2d9a12014987f36639455bd9a636edbc1763e7b514b85d29a,VICREG_PROJECTOR,SOIL_IMAGES_UNLABELED,TinyImageNet/ImageNet initializer possible; exact generation-specific initializer requires lineage review,TRANSDUCTIVE_PRETRAINING,197,238,Soil unlabeled pretraining cannot be called completely held-out inductive when prospective test images/groups overlap its pool.
sha256:c26e9fdd99c61460011d,DATA_ROOT_EMBEDDED_ARTIFACTS,Soil_Labeled_Data/soilNet_di chuyen tu o C/checkpoints_VicReg_tinyImagenet/vicreg_projector_final_mu_27.0.pth,c26e9fdd99c61460011db32c06e236783e03c1ea24200e0776cd696ae3931a87,VICREG_PROJECTOR,SOIL_IMAGES_UNLABELED,TinyImageNet/ImageNet initializer possible; exact generation-specific initializer requires lineage review,TRANSDUCTIVE_PRETRAINING,197,238,Soil unlabeled pretraining cannot be called completely held-out inductive when prospective test images/groups overlap its pool.
sha256:7da47573ea30e2e27024,DATA_ROOT_EMBEDDED_ARTIFACTS,Soil_Labeled_Data/soilNet_di chuyen tu o C/checkpoints_VicReg_tinyImagenet/vicreg_projector_final_mu_30.0.pth,7da47573ea30e2e27024ee0e1bfe96b2f75902bb489e5183b3cbc8dea28c404d,VICREG_PROJECTOR,SOIL_IMAGES_UNLABELED,TinyImageNet/ImageNet initializer possible; exact generation-specific initializer requires lineage review,TRANSDUCTIVE_PRETRAINING,197,238,Soil unlabeled pretraining cannot be called completely held-out inductive when prospective test images/groups overlap its pool.
sha256:41986dc5108c2806a34f,DATA_ROOT_EMBEDDED_ARTIFACTS,Soil_Labeled_Data/soilNet_di chuyen tu o C/checkpoints_VicReg_tinyImagenet/vicreg_projector_final_mu_33.0.pth,41986dc5108c2806a34f87bc04db32683ab957a97a1079f4531d84b16e6235ed,VICREG_PROJECTOR,SOIL_IMAGES_UNLABELED,TinyImageNet/ImageNet initializer possible; exact generation-specific initializer requires lineage review,TRANSDUCTIVE_PRETRAINING,197,238,Soil unlabeled pretraining cannot be called completely held-out inductive when prospective test images/groups overlap its pool.
