sample_id,relative_path,sha256,prospective_split,status,exact_match_in_historical_unlabeled_pool,near_duplicate_group_in_historical_unlabeled_pool,evidence
ae18d9ad3498fda2c0cd,Soil_Labeled_Data/M_0_10/L_0_10/alluvial/z5714094628996_2ba67db18f33aa6bf75d2bf34582cb2c.jpg,61f2a16b56f07e990fa83e569ebc4ea6d944a09424d84e7dffc574e36aecec4f,train,HISTORICALLY_EXPOSED,True,True,"High-confidence fine-tune notebooks build one dataset from all 2057 rows. For fallback rows, sample identity was exposed although historical augmented bytes are not reproducible."
4c2bf259da56523af3b9,Soil_Labeled_Data/M_0_10/L_0_10/alluvial/z5714094678086_ccdd5713d59bdeb437045817ae20fa54.jpg,eef7e5a6494a6691dbbc0a3cebe418faded91a64804f0eb6194d366299163c69,validation,HISTORICALLY_EXPOSED,True,True,"High-confidence fine-tune notebooks build one dataset from all 2057 rows. For fallback rows, sample identity was exposed although historical augmented bytes are not reproducible."
5b3581379f94efe93ad3,Soil_Labeled_Data/M_0_10/L_0_10/alluvial/z5714094725107_874a386639c72d4b6941ed301c7289d1.jpg,8a9100c5052f8ac4bab28af2a5530c59d7dcea83e33aa19154e9251be8101024,train,HISTORICALLY_EXPOSED,True,True,"High-confidence fine-tune notebooks build one dataset from all 2057 rows. For fallback rows, sample identity was exposed although historical augmented bytes are not reproducible."
a7a5db0de02a92946883,Soil_Labeled_Data/M_0_10/L_0_10/alluvial/z5714094770672_592c97b96e3a2a1e1adef0da86c787c6.jpg,8d1c8e57d3b8b8ec853d7c87c41757c8cd317cb44203f84c387729ac8f5d4812,train,HISTORICALLY_EXPOSED,True,True,"High-confidence fine-tune notebooks build one dataset from all 2057 rows. For fallback rows, sample identity was exposed although historical augmented bytes are not reproducible."
aa0539fa9a54df4f84ab,Soil_Labeled_Data/M_0_10/L_0_10/alluvial/z5714094821120_076a229f7f0abec1ccc4daef6977a0fd.jpg,cf59b65f8f92462ba46e47a3bfabeade81bfffb49250c7834bf225e223fe0603,test,HISTORICALLY_EXPOSED,True,True,"High-confidence fine-tune notebooks build one dataset from all 2057 rows. For fallback rows, sample identity was exposed although historical augmented bytes are not reproducible."
dc3022e15d3f715c6b16,Soil_Labeled_Data/M_0_10/L_0_10/alluvial/z5714094852999_fd9ac792493327c55c368da0ff69bc86.jpg,9bcf850d239e246256242a14f48a4f024a10aef2a705af4a897fb1680ff1c303,test,HISTORICALLY_EXPOSED,True,True,"High-confidence fine-tune notebooks build one dataset from all 2057 rows. For fallback rows, sample identity was exposed although historical augmented bytes are not reproducible."
af0d7283cc83eba2b2bd,Soil_Labeled_Data/M_0_10/L_0_10/alluvial/z5714094901576_151d7c7f5174236f4ce3c22eb6767bd0.jpg,0f4483733e9f848686e9d97f4c1f7b000abed05a6aec432c18e0a43b0c913480,train,HISTORICALLY_EXPOSED,True,True,"High-confidence fine-tune notebooks build one dataset from all 2057 rows. For fallback rows, sample identity was exposed although historical augmented bytes are not reproducible."
12c48207c8d355dc3469,Soil_Labeled_Data/M_0_10/L_0_10/alluvial/z5714094952173_37de5e4626cba119a6ebdfab7db38cd7.jpg,14db40a67f43712fc0c9fb350da7f29eb8e0c34c4a467f704ff5d507a65c850e,train,HISTORICALLY_EXPOSED,True,True,"High-confidence fine-tune notebooks build one dataset from all 2057 rows. For fallback rows, sample identity was exposed although historical augmented bytes are not reproducible."
dac7465cdce21c7d9425,Soil_Labeled_Data/M_0_10/L_0_10/alluvial/z5714094985878_be3d0b27ad0ff588c74868cf841a13d8.jpg,0f50b2ad6086a6d3670165499f6469638e2c50afb362759daf6df858dd812c67,validation,HISTORICALLY_EXPOSED,True,True,"High-confidence fine-tune notebooks build one dataset from all 2057 rows. For fallback rows, sample identity was exposed although historical augmented bytes are not reproducible."
687a3b94b96f32d2986f,Soil_Labeled_Data/M_0_10/L_0_10/alluvial/z5714095021903_b26a3a815aa064952be57e24cd3e499e.jpg,ecd15648c3282bd93e816398c905ceced86e6af8a0d6b62ac3856964c1187e37,train,HISTORICALLY_EXPOSED,True,True,"High-confidence fine-tune notebooks build one dataset from all 2057 rows. For fallback rows, sample identity was exposed although historical augmented bytes are not reproducible."
112165dd57a460414580,Soil_Labeled_Data/M_0_10/L_0_10/alluvial/z5714095067177_c28910a39d05d545c1eb98c0765e3032.jpg,443c72e9db2a4975c17585560d52cc0469ae832bc551ba81d1b41288a633afbe,test,HISTORICALLY_EXPOSED,True,True,"High-confidence fine-tune notebooks build one dataset from all 2057 rows. For fallback rows, sample identity was exposed although historical augmented bytes are not reproducible."
1db5b489a6c2f5727d29,Soil_Labeled_Data/M_0_10/L_0_10/alluvial/z5714095113548_cc43f0b7634b8ff50927d9450139c615.jpg,ef382e414c158187fee6c71a556b65026987991acaf3b76870a310893d4fb4d1,validation,HISTORICALLY_EXPOSED,True,True,"High-confidence fine-tune notebooks build one dataset from all 2057 rows. For fallback rows, sample identity was exposed although historical augmented bytes are not reproducible."
54d3978b9f2776f640ad,Soil_Labeled_Data/M_0_10/L_0_10/alluvial/z5714095161888_3d5bfbb45a821c7b8a0a0889e60fa9e1.jpg,bf2694232084c5ca73fa992c1ab4463c7514a2adeda12dedd1075eb0c678a980,train,HISTORICALLY_EXPOSED,True,True,"High-confidence fine-tune notebooks build one dataset from all 2057 rows. For fallback rows, sample identity was exposed although historical augmented bytes are not reproducible."
922154d586b551c4fb4f,Soil_Labeled_Data/M_0_10/L_0_10/alluvial/z5714095210827_634539ecd685150ff3660fcd3aeaba39.jpg,88d69e472ecb82bab060ed09cc7d479a91b2ee80a7eb6ce998496e0bb08642d8,train,HISTORICALLY_EXPOSED,True,True,"High-confidence fine-tune notebooks build one dataset from all 2057 rows. For fallback rows, sample identity was exposed although historical augmented bytes are not reproducible."
70ea8fd9bb061137dc61,Soil_Labeled_Data/M_0_10/L_0_10/alluvial/z5714095260255_b51937d8a08f97df48bdb2b7523244c9.jpg,02eeadcbbf08f2d3d97aa78f26e58b5fd57bd6aa1302151008abd56ab5ee8db0,test,HISTORICALLY_EXPOSED,True,True,"High-confidence fine-tune notebooks build one dataset from all 2057 rows. For fallback rows, sample identity was exposed although historical augmented bytes are not reproducible."
5f8c3964eabdf502a874,Soil_Labeled_Data/M_0_10/L_0_10/alluvial/z5714095305860_8fcfcdc68bae463b97e0c9cb89c8dbdd.jpg,b2f8adec7b0a6892f99747f3f984285ff5e0e8addb7179fd8df2d7f9fef7dfcf,train,HISTORICALLY_EXPOSED,True,True,"High-confidence fine-tune notebooks build one dataset from all 2057 rows. For fallback rows, sample identity was exposed although historical augmented bytes are not reproducible."
17880af9a02f9d4f9d59,Soil_Labeled_Data/M_0_10/L_0_10/alluvial/z5714095361298_5b8521f71b6051a784c85bd3550ccbe0.jpg,263011d7a34702c9b8b64b3eb97f4b2b42f8e24077e5e5a1dccd3664b4402b76,train,HISTORICALLY_EXPOSED,True,True,"High-confidence fine-tune notebooks build one dataset from all 2057 rows. For fallback rows, sample identity was exposed although historical augmented bytes are not reproducible."
c27388cf9a5f20dc35fd,Soil_Labeled_Data/M_0_10/L_0_10/alluvial/z5714095397323_3ba8d5731fe9ad72ecd36a4f5fe55be2.jpg,a42af59864e5be74d8d54cf25ef0a4b0feab4e5e4044ea22a4bdc07eaeec9080,train,HISTORICALLY_EXPOSED,True,True,"High-confidence fine-tune notebooks build one dataset from all 2057 rows. For fallback rows, sample identity was exposed although historical augmented bytes are not reproducible."
05128e7c81490c331ea5,Soil_Labeled_Data/M_0_10/L_0_10/alluvial/z5714095443955_4462fea6d31af758e0d1027ff26c48bf.jpg,497014270423cb54f81f4b27e08dcabc3c8d6c579269bd9ecc7c2250e5a08179,test,HISTORICALLY_EXPOSED,True,True,"High-confidence fine-tune notebooks build one dataset from all 2057 rows. For fallback rows, sample identity was exposed although historical augmented bytes are not reproducible."
2402b8909c1960dce48c,Soil_Labeled_Data/M_0_10/L_0_10/alluvial/z5714095489034_176c03ba900d1a0940308cd7513b0794.jpg,f9653a6457c9d9b5b2e2e8c2027fe02c86f4eb866bd6783e996632bd41d480a8,validation,HISTORICALLY_EXPOSED,True,True,"High-confidence fine-tune notebooks build one dataset from all 2057 rows. For fallback rows, sample identity was exposed although historical augmented bytes are not reproducible."
88003ddaa899cae3b825,Soil_Labeled_Data/M_0_10/L_10_20/alluvial/IMG_0007.JPG,8ec3f8cf1867bd9220e6ce235466a06b97ae53f66decc7412e487d12926c8f49,train,HISTORICALLY_EXPOSED,False,True,"High-confidence fine-tune notebooks build one dataset from all 2057 rows. For fallback rows, sample identity was exposed although historical augmented bytes are not reproducible."
788929cac17f2b323f85,Soil_Labeled_Data/M_0_10/L_10_20/alluvial/IMG_0008.JPG,51e7a281fa42d00616e663e1e3c5360a2a2b975063507a623b79e9fc5dbbe732,test,HISTORICALLY_EXPOSED,False,False,"High-confidence fine-tune notebooks build one dataset from all 2057 rows. For fallback rows, sample identity was exposed although historical augmented bytes are not reproducible."
ca8f4fcb68f1306a0fa2,Soil_Labeled_Data/M_0_10/L_10_20/alluvial/IMG_0009.JPG,31260284a6d1fcad8e660a56967cba2842b52c82ae84163f078fd3c698862e1f,test,HISTORICALLY_EXPOSED,False,True,"High-confidence fine-tune notebooks build one dataset from all 2057 rows. For fallback rows, sample identity was exposed although historical augmented bytes are not reproducible."
5710a1a5725179a38697,Soil_Labeled_Data/M_0_10/L_10_20/alluvial/IMG_0010.JPG,fff72a7a34a1143a42e3313f97160f3cbf1512f1f3a4ea3db4c479da6e9c2f6f,train,HISTORICALLY_EXPOSED,False,False,"High-confidence fine-tune notebooks build one dataset from all 2057 rows. For fallback rows, sample identity was exposed although historical augmented bytes are not reproducible."
30406a38420bd3fd78e6,Soil_Labeled_Data/M_0_10/L_10_20/alluvial/IMG_0011.JPG,8ed3a2669bc930191e413f9158385a0686def867492baa36055c350828681d63,validation,HISTORICALLY_EXPOSED,False,False,"High-confidence fine-tune notebooks build one dataset from all 2057 rows. For fallback rows, sample identity was exposed although historical augmented bytes are not reproducible."
f2fea6e0cd3e15dc95ba,Soil_Labeled_Data/M_0_10/L_10_20/alluvial/IMG_0012.JPG,c6413a0ee8f4d7c5fa7967b47dacfb294c85d120a9108c5ecf4b12572b163a51,train,HISTORICALLY_EXPOSED,False,True,"High-confidence fine-tune notebooks build one dataset from all 2057 rows. For fallback rows, sample identity was exposed although historical augmented bytes are not reproducible."
3c75b4d6517617ba4534,Soil_Labeled_Data/M_0_10/L_10_20/alluvial/IMG_0013.JPG,37f9a48fc0b985359c1bd63f7576f940ad308fa09245424d9200c2a3f2562c8f,train,HISTORICALLY_EXPOSED,False,True,"High-confidence fine-tune notebooks build one dataset from all 2057 rows. For fallback rows, sample identity was exposed although historical augmented bytes are not reproducible."
46262e1df60ee4740c7a,Soil_Labeled_Data/M_0_10/L_10_20/alluvial/IMG_0014.JPG,b2d9045d6e9f3d752c2ceff148f6d7b4fac431c6f6f20bf3738466cf9aef4185,train,HISTORICALLY_EXPOSED,False,True,"High-confidence fine-tune notebooks build one dataset from all 2057 rows. For fallback rows, sample identity was exposed although historical augmented bytes are not reproducible."
b5ebac90b455206e3aa0,Soil_Labeled_Data/M_0_10/L_10_20/alluvial/IMG_0015.JPG,244ffa963550d7b89875fc98cb1aca12401b981c5c84c0a0e5278cadd04b930a,train,HISTORICALLY_EXPOSED,False,True,"High-confidence fine-tune notebooks build one dataset from all 2057 rows. For fallback rows, sample identity was exposed although historical augmented bytes are not reproducible."
bfb3fbc9015f5b9b20f7,Soil_Labeled_Data/M_0_10/L_10_20/alluvial/IMG_0016.JPG,87085e8fb44485b8dd2563088a709c1622a4424b6b177297c8f79a6a927b2c0a,train,HISTORICALLY_EXPOSED,False,True,"High-confidence fine-tune notebooks build one dataset from all 2057 rows. For fallback rows, sample identity was exposed although historical augmented bytes are not reproducible."
c4a05af199de894a10aa,Soil_Labeled_Data/M_0_10/L_10_20/alluvial/IMG_0017.JPG,51979befd4ad679ae732ffc04ac6939984f31e01c34692f5a21f4c6c065e144b,train,HISTORICALLY_EXPOSED,True,True,"High-confidence fine-tune notebooks build one dataset from all 2057 rows. For fallback rows, sample identity was exposed although historical augmented bytes are not reproducible."
e2b875c5cfbd3d6e7dcc,Soil_Labeled_Data/M_0_10/L_10_20/alluvial/IMG_0018.JPG,57b8d59ed0afd7779e5dff39568fc732e77e1142abfdb745078758f0cde29334,train,HISTORICALLY_EXPOSED,True,True,"High-confidence fine-tune notebooks build one dataset from all 2057 rows. For fallback rows, sample identity was exposed although historical augmented bytes are not reproducible."
23c464cb4621572fe525,Soil_Labeled_Data/M_0_10/L_10_20/alluvial/IMG_0019.JPG,3a6337fae7c3aa2f739274976d72968052fbbc026871c1035cf6e20d548786b1,train,HISTORICALLY_EXPOSED,True,True,"High-confidence fine-tune notebooks build one dataset from all 2057 rows. For fallback rows, sample identity was exposed although historical augmented bytes are not reproducible."
dc91a4ed54674484d44d,Soil_Labeled_Data/M_0_10/L_10_20/alluvial/IMG_0020.JPG,e479cfdf743b280c473f98ccc23eb67671bfee773eb5d78fee67de27d05f6b07,train,HISTORICALLY_EXPOSED,True,True,"High-confidence fine-tune notebooks build one dataset from all 2057 rows. For fallback rows, sample identity was exposed although historical augmented bytes are not reproducible."
4805c40980e2fa39de23,Soil_Labeled_Data/M_0_10/L_10_20/alluvial/IMG_0022.JPG,c497f74d9f019022006038b69d38cdb4d0cd2cd6254fdb0dff3f32a186f8759c,train,HISTORICALLY_EXPOSED,True,True,"High-confidence fine-tune notebooks build one dataset from all 2057 rows. For fallback rows, sample identity was exposed although historical augmented bytes are not reproducible."
a761ac4cdaf70186f42d,Soil_Labeled_Data/M_0_10/L_10_20/alluvial/IMG_0023.JPG,c85501419425ab1599d97417fd8780d526a34489fb259eb2c387384105ac4485,train,HISTORICALLY_EXPOSED,True,True,"High-confidence fine-tune notebooks build one dataset from all 2057 rows. For fallback rows, sample identity was exposed although historical augmented bytes are not reproducible."
f6fb3682dff820c2dec7,Soil_Labeled_Data/M_0_10/L_10_20/alluvial/IMG_0024.JPG,556f8ce38388d825810008db0aa76079909d0ec833147c719ff68929d50dd59a,train,HISTORICALLY_EXPOSED,True,True,"High-confidence fine-tune notebooks build one dataset from all 2057 rows. For fallback rows, sample identity was exposed although historical augmented bytes are not reproducible."
c25570d12a0040e9c0b0,Soil_Labeled_Data/M_0_10/L_10_20/alluvial/IMG_0025.JPG,d295134c488ed8b480b47c9f0d034806b689464f5dc568ec73790306c84f006f,train,HISTORICALLY_EXPOSED,True,True,"High-confidence fine-tune notebooks build one dataset from all 2057 rows. For fallback rows, sample identity was exposed although historical augmented bytes are not reproducible."
b538a596e9a17925da7d,Soil_Labeled_Data/M_0_10/L_10_20/alluvial/IMG_0026.JPG,249fc6684f4f765c9c00f843e9be30e506036356c244d6025c3d9c234542e4ee,train,HISTORICALLY_EXPOSED,True,True,"High-confidence fine-tune notebooks build one dataset from all 2057 rows. For fallback rows, sample identity was exposed although historical augmented bytes are not reproducible."
686e6fd152b89c50e94c,Soil_Labeled_Data/M_0_10/L_10_20/alluvial/IMG_0027.JPG,c537b1723dd824712e3230afeb9ac288f92923abced04fee6488e28ba45db1c5,train,HISTORICALLY_EXPOSED,True,True,"High-confidence fine-tune notebooks build one dataset from all 2057 rows. For fallback rows, sample identity was exposed although historical augmented bytes are not reproducible."
74c09a9e37e907f3ac7b,Soil_Labeled_Data/M_0_10/L_20_30/alluvial/IMG_0051.JPG,f627b7e4159c7177a14ce4ea224cd51ce5bffee0249b90b525416088bd2a5798,train,HISTORICALLY_EXPOSED,False,True,"High-confidence fine-tune notebooks build one dataset from all 2057 rows. For fallback rows, sample identity was exposed although historical augmented bytes are not reproducible."
42c89ffd65e6e2775b02,Soil_Labeled_Data/M_0_10/L_20_30/alluvial/IMG_0052.JPG,0b8539f7b2fce0a3215d7f85b4999023126d15cd294b2999a6a4578a3b7a653e,test,HISTORICALLY_EXPOSED,False,True,"High-confidence fine-tune notebooks build one dataset from all 2057 rows. For fallback rows, sample identity was exposed although historical augmented bytes are not reproducible."
db0d914625b8317ef2dc,Soil_Labeled_Data/M_0_10/L_20_30/alluvial/IMG_0053.JPG,2ca103dd8b56cc2c19817db868d7494388c0c19ed4a9458b22a52584f7ca2c51,train,HISTORICALLY_EXPOSED,False,True,"High-confidence fine-tune notebooks build one dataset from all 2057 rows. For fallback rows, sample identity was exposed although historical augmented bytes are not reproducible."
9697e366d07314e4b816,Soil_Labeled_Data/M_0_10/L_20_30/alluvial/IMG_0054.JPG,937b3f78b1d5f547efc4f4ac295e9bb5c835a9f5324cfce78b963807118e3224,train,HISTORICALLY_EXPOSED,False,True,"High-confidence fine-tune notebooks build one dataset from all 2057 rows. For fallback rows, sample identity was exposed although historical augmented bytes are not reproducible."
39a1570992439d126824,Soil_Labeled_Data/M_0_10/L_20_30/alluvial/IMG_0055.JPG,25ea875fdad924316df4532a2b1b962cfd159a3534bd7810fa2b4d88c2af8b3a,train,HISTORICALLY_EXPOSED,False,False,"High-confidence fine-tune notebooks build one dataset from all 2057 rows. For fallback rows, sample identity was exposed although historical augmented bytes are not reproducible."
57b2be837e4361d64250,Soil_Labeled_Data/M_0_10/L_20_30/alluvial/IMG_0056.JPG,01e31a418d291442172663980a501c8ea1090eb7d9c284762820c9c2c578fa12,train,HISTORICALLY_EXPOSED,False,True,"High-confidence fine-tune notebooks build one dataset from all 2057 rows. For fallback rows, sample identity was exposed although historical augmented bytes are not reproducible."
1dc1edceb2a93e4c11ca,Soil_Labeled_Data/M_0_10/L_20_30/alluvial/IMG_0057.JPG,511975b01bb61ca3ef5658aa38d15be8aae3f05b4848bd4846d691f5f3f8ffe7,train,HISTORICALLY_EXPOSED,False,True,"High-confidence fine-tune notebooks build one dataset from all 2057 rows. For fallback rows, sample identity was exposed although historical augmented bytes are not reproducible."
3e5f51e4c77ec5f75b45,Soil_Labeled_Data/M_0_10/L_20_30/alluvial/IMG_0058.JPG,b26c60248d0d50ba0f96367b539e1085ef3312361ba3b29b547ad4c8be6d107d,train,HISTORICALLY_EXPOSED,False,False,"High-confidence fine-tune notebooks build one dataset from all 2057 rows. For fallback rows, sample identity was exposed although historical augmented bytes are not reproducible."
cc1909096f301800af4e,Soil_Labeled_Data/M_0_10/L_20_30/alluvial/IMG_0059.JPG,1e5204ec8b964b29bd6ae255b6fbb0008ada5b0d6b15d2cb4fd7246c073e4d3d,train,HISTORICALLY_EXPOSED,False,True,"High-confidence fine-tune notebooks build one dataset from all 2057 rows. For fallback rows, sample identity was exposed although historical augmented bytes are not reproducible."
fb660dff4af836963f83,Soil_Labeled_Data/M_0_10/L_20_30/alluvial/IMG_0060.JPG,173c81f0da97dda608f3fcba81d9919c72f051b89dd5d7cff981c3c1c600e6e4,train,HISTORICALLY_EXPOSED,False,True,"High-confidence fine-tune notebooks build one dataset from all 2057 rows. For fallback rows, sample identity was exposed although historical augmented bytes are not reproducible."
53fc6c79beb2597fde86,Soil_Labeled_Data/M_0_10/L_20_30/alluvial/IMG_0061.JPG,b94d4927f4cc7275633cdc679b013ee2df8cfd17b6940e7d53f1808e2c68ed7e,train,HISTORICALLY_EXPOSED,True,True,"High-confidence fine-tune notebooks build one dataset from all 2057 rows. For fallback rows, sample identity was exposed although historical augmented bytes are not reproducible."
d8b9030a03b6ce9d1127,Soil_Labeled_Data/M_0_10/L_20_30/alluvial/IMG_0062.JPG,83335b342f2851a0ccfe1c5b60face6e36a8eec0b37c620c51d1d92477400612,train,HISTORICALLY_EXPOSED,True,True,"High-confidence fine-tune notebooks build one dataset from all 2057 rows. For fallback rows, sample identity was exposed although historical augmented bytes are not reproducible."
c83257745acf546cc201,Soil_Labeled_Data/M_0_10/L_20_30/alluvial/IMG_0063.JPG,7b2f3e834c3aada07dfd8cb17458987abd60dc272e7b43b5e7452d4ef14e33b5,validation,HISTORICALLY_EXPOSED,True,True,"High-confidence fine-tune notebooks build one dataset from all 2057 rows. For fallback rows, sample identity was exposed although historical augmented bytes are not reproducible."
4f793969ea086ef4fe56,Soil_Labeled_Data/M_0_10/L_20_30/alluvial/IMG_0064.JPG,0f67c8f869445f2f0ec9bfb163a23ee70decdca7c065e840d6740b1a6ff6dc72,train,HISTORICALLY_EXPOSED,True,True,"High-confidence fine-tune notebooks build one dataset from all 2057 rows. For fallback rows, sample identity was exposed although historical augmented bytes are not reproducible."
a8461ad894d67acea8f3,Soil_Labeled_Data/M_0_10/L_20_30/alluvial/IMG_0065.JPG,486b8d7f2e6840da4887918c47a307d56b88f90be48789e97b4d102159078613,train,HISTORICALLY_EXPOSED,True,True,"High-confidence fine-tune notebooks build one dataset from all 2057 rows. For fallback rows, sample identity was exposed although historical augmented bytes are not reproducible."
a17d6c6c5d3c67e5177e,Soil_Labeled_Data/M_0_10/L_20_30/alluvial/IMG_0066.JPG,762fee5a3354d8ef870a03322995d2ef4f630f4cff94ec571a356e70420e9bac,test,HISTORICALLY_EXPOSED,True,True,"High-confidence fine-tune notebooks build one dataset from all 2057 rows. For fallback rows, sample identity was exposed although historical augmented bytes are not reproducible."
98f4c5f02c368353cbf8,Soil_Labeled_Data/M_0_10/L_20_30/alluvial/IMG_0067.JPG,d9bc36d6644b098a07e85028ff2ff8e36af90304ebcc268302ebabdf9944547f,train,HISTORICALLY_EXPOSED,True,True,"High-confidence fine-tune notebooks build one dataset from all 2057 rows. For fallback rows, sample identity was exposed although historical augmented bytes are not reproducible."
755d9bfb3958c5c2e928,Soil_Labeled_Data/M_0_10/L_20_30/alluvial/IMG_0068.JPG,052c4a10a55c86a5c5e8c2a0e273d032a1d056756576fd406a4d66d84dd254cf,train,HISTORICALLY_EXPOSED,True,True,"High-confidence fine-tune notebooks build one dataset from all 2057 rows. For fallback rows, sample identity was exposed although historical augmented bytes are not reproducible."
7e93b9cb26fdee6ea323,Soil_Labeled_Data/M_0_10/L_20_30/alluvial/IMG_0069.JPG,ed3f8a4507057e3f42cc16fec6ca7e26966867f950fc9a9cfa290e9bb290c17b,train,HISTORICALLY_EXPOSED,True,True,"High-confidence fine-tune notebooks build one dataset from all 2057 rows. For fallback rows, sample identity was exposed although historical augmented bytes are not reproducible."
9479107eff9f20a58c45,Soil_Labeled_Data/M_0_10/L_20_30/alluvial/IMG_0070.JPG,fef8dba8a2fb28ba4085cb221e0a56ca09ab2a495e792f35dbf06b8898cc7e20,train,HISTORICALLY_EXPOSED,True,True,"High-confidence fine-tune notebooks build one dataset from all 2057 rows. For fallback rows, sample identity was exposed although historical augmented bytes are not reproducible."
1dbecdb9be1709b0282a,Soil_Labeled_Data/M_0_10/L_30_40/alluvial/IMG_0096.JPG,55f747c71cf8d43b96b8f3014da9b1f6dca9a9c5be1fbac3617b12384bcd8350,train,HISTORICALLY_EXPOSED,True,True,"High-confidence fine-tune notebooks build one dataset from all 2057 rows. For fallback rows, sample identity was exposed although historical augmented bytes are not reproducible."
6a47b118da32c219ada5,Soil_Labeled_Data/M_0_10/L_30_40/alluvial/IMG_0097.JPG,55f747c71cf8d43b96b8f3014da9b1f6dca9a9c5be1fbac3617b12384bcd8350,train,HISTORICALLY_EXPOSED,True,True,"High-confidence fine-tune notebooks build one dataset from all 2057 rows. For fallback rows, sample identity was exposed although historical augmented bytes are not reproducible."
9d5b7aa3a7093531f985,Soil_Labeled_Data/M_0_10/L_30_40/alluvial/IMG_0098.JPG,3afeb8366e8b4dbedc6c2502d01482565f708434c2d2734e692fffb1d31173e7,train,HISTORICALLY_EXPOSED,False,True,"High-confidence fine-tune notebooks build one dataset from all 2057 rows. For fallback rows, sample identity was exposed although historical augmented bytes are not reproducible."
d3e25884251b1477024f,Soil_Labeled_Data/M_0_10/L_30_40/alluvial/IMG_0099.JPG,62f9b5a4de6519b220f7c8cfce9f8e9da88f50b8dd3efdbc1725788773e9cc13,train,HISTORICALLY_EXPOSED,False,False,"High-confidence fine-tune notebooks build one dataset from all 2057 rows. For fallback rows, sample identity was exposed although historical augmented bytes are not reproducible."
56deece836e18b759a0d,Soil_Labeled_Data/M_0_10/L_30_40/alluvial/IMG_0100.JPG,a764f00eebaeb52e284323edd967223c8caba046cd9219efcc060567ad78c745,train,HISTORICALLY_EXPOSED,False,True,"High-confidence fine-tune notebooks build one dataset from all 2057 rows. For fallback rows, sample identity was exposed although historical augmented bytes are not reproducible."
d82b25ced6adc4c3cc7f,Soil_Labeled_Data/M_0_10/L_30_40/alluvial/IMG_0101.JPG,3a26fd477d9c183f5a7efdd0ad609c1de8f7aa09c4fb1d18c9e86acf2ebe3514,train,HISTORICALLY_EXPOSED,False,False,"High-confidence fine-tune notebooks build one dataset from all 2057 rows. For fallback rows, sample identity was exposed although historical augmented bytes are not reproducible."
6d91d2594da7654e98ac,Soil_Labeled_Data/M_0_10/L_30_40/alluvial/IMG_0102.JPG,a27be081ab6db0877fdcfff2d6394f5a8beffc6b127ea89513e85cad2e629f07,validation,HISTORICALLY_EXPOSED,False,False,"High-confidence fine-tune notebooks build one dataset from all 2057 rows. For fallback rows, sample identity was exposed although historical augmented bytes are not reproducible."
3919829806e3ee46a662,Soil_Labeled_Data/M_0_10/L_30_40/alluvial/IMG_0103.JPG,bec90e50e19dd45be96d92da1f41a7b9429a8ab7010c9e1af561a4f126648aac,test,HISTORICALLY_EXPOSED,False,True,"High-confidence fine-tune notebooks build one dataset from all 2057 rows. For fallback rows, sample identity was exposed although historical augmented bytes are not reproducible."
2554ddea2338fe4bc992,Soil_Labeled_Data/M_0_10/L_30_40/alluvial/IMG_0104.JPG,131f935ff1ea36bed7545bcf186766d69d0493c48cc0558fc28559d72d84b295,train,HISTORICALLY_EXPOSED,False,True,"High-confidence fine-tune notebooks build one dataset from all 2057 rows. For fallback rows, sample identity was exposed although historical augmented bytes are not reproducible."
008b4d9a491d2ae6c857,Soil_Labeled_Data/M_0_10/L_30_40/alluvial/IMG_0105.JPG,54cd9a2c49c349adaa0d14be4b839a2de963641455d26df0ac1ee5862a3cadee,validation,HISTORICALLY_EXPOSED,False,True,"High-confidence fine-tune notebooks build one dataset from all 2057 rows. For fallback rows, sample identity was exposed although historical augmented bytes are not reproducible."
9a3a2f4f116711eff2f3,Soil_Labeled_Data/M_0_10/L_30_40/alluvial/IMG_0106.JPG,1a6827c492ccf1de9700d4d73cab67f55d7ec43773b2e7dfa021209544c79783,train,HISTORICALLY_EXPOSED,False,True,"High-confidence fine-tune notebooks build one dataset from all 2057 rows. For fallback rows, sample identity was exposed although historical augmented bytes are not reproducible."
f6ae228d8aa6619aa52b,Soil_Labeled_Data/M_0_10/L_30_40/alluvial/IMG_0107.JPG,c0258363a4553611ee2617dc2137ee15e79fa5c2a2b6a749f85ceab88fe457c9,train,HISTORICALLY_EXPOSED,False,False,"High-confidence fine-tune notebooks build one dataset from all 2057 rows. For fallback rows, sample identity was exposed although historical augmented bytes are not reproducible."
1c63a900713a2938b2a6,Soil_Labeled_Data/M_0_10/L_30_40/alluvial/IMG_0108.JPG,bbd3fc4ae3196f56d4624fa891e7b953594478479b31a1d522019612bcd2c107,train,HISTORICALLY_EXPOSED,True,True,"High-confidence fine-tune notebooks build one dataset from all 2057 rows. For fallback rows, sample identity was exposed although historical augmented bytes are not reproducible."
1fcfcec6403239f6a872,Soil_Labeled_Data/M_0_10/L_30_40/alluvial/IMG_0109.JPG,ee6deaf198ee9af57a12da99fa5b1d6d9e5c5e5e1ded0d2ed759da2e29897360,train,HISTORICALLY_EXPOSED,True,True,"High-confidence fine-tune notebooks build one dataset from all 2057 rows. For fallback rows, sample identity was exposed although historical augmented bytes are not reproducible."
f608b5bc8d594ae6d303,Soil_Labeled_Data/M_0_10/L_30_40/alluvial/IMG_0110.JPG,e3933c3af16e52c621a9d908f3a0b2ad649b267a2c93902fb281fddb7268a821,validation,HISTORICALLY_EXPOSED,True,True,"High-confidence fine-tune notebooks build one dataset from all 2057 rows. For fallback rows, sample identity was exposed although historical augmented bytes are not reproducible."
0918a20963b5f1056f14,Soil_Labeled_Data/M_0_10/L_30_40/alluvial/IMG_0111.JPG,50f44a4464514b8f250f8e947ed69b008e51cd49cfd8a74656915c0efe4339fd,train,HISTORICALLY_EXPOSED,True,True,"High-confidence fine-tune notebooks build one dataset from all 2057 rows. For fallback rows, sample identity was exposed although historical augmented bytes are not reproducible."
149faa98b8b01262e6a5,Soil_Labeled_Data/M_0_10/L_30_40/alluvial/IMG_0112.JPG,9764444f662d3a1eeff276d0a226c46ff28185b55cd36cc90be9fe2c8f7731d8,validation,HISTORICALLY_EXPOSED,True,True,"High-confidence fine-tune notebooks build one dataset from all 2057 rows. For fallback rows, sample identity was exposed although historical augmented bytes are not reproducible."
25c30f116ca4c1a3b4ff,Soil_Labeled_Data/M_0_10/L_30_40/alluvial/IMG_0113.JPG,e46dbcebdec854f13de3bffcfaed039d15be8a013c2f8b3c6c45b4a2b049bad1,train,HISTORICALLY_EXPOSED,True,True,"High-confidence fine-tune notebooks build one dataset from all 2057 rows. For fallback rows, sample identity was exposed although historical augmented bytes are not reproducible."
99a80eaf64c5760bc285,Soil_Labeled_Data/M_0_10/L_30_40/alluvial/IMG_0114.JPG,fe71851ea84dda560126f20730276fd3036430bde0b5817514a8275abdb78035,validation,HISTORICALLY_EXPOSED,True,True,"High-confidence fine-tune notebooks build one dataset from all 2057 rows. For fallback rows, sample identity was exposed although historical augmented bytes are not reproducible."
cb1d7459f8b6effeffb0,Soil_Labeled_Data/M_0_10/L_30_40/alluvial/IMG_0115.JPG,55f747c71cf8d43b96b8f3014da9b1f6dca9a9c5be1fbac3617b12384bcd8350,train,HISTORICALLY_EXPOSED,True,True,"High-confidence fine-tune notebooks build one dataset from all 2057 rows. For fallback rows, sample identity was exposed although historical augmented bytes are not reproducible."
00f9ea917ef7f7c543ed,Soil_Labeled_Data/M_0_10/L_40_50/alluvial/IMG_0150.JPG,88a2b3eb60d7208ef6aad81a72a9a510c8220888f6bc8cec23b8f48f75dc28bc,train,HISTORICALLY_EXPOSED,False,False,"High-confidence fine-tune notebooks build one dataset from all 2057 rows. For fallback rows, sample identity was exposed although historical augmented bytes are not reproducible."
2ff9c955d0834822e080,Soil_Labeled_Data/M_0_10/L_40_50/alluvial/IMG_0151.JPG,c284d106edebf8a75c1a8559944a60168204220656d238baeb43097d5ddf98a0,validation,HISTORICALLY_EXPOSED,False,False,"High-confidence fine-tune notebooks build one dataset from all 2057 rows. For fallback rows, sample identity was exposed although historical augmented bytes are not reproducible."
a66c5c83a2334c9eef8d,Soil_Labeled_Data/M_0_10/L_40_50/alluvial/IMG_0152.JPG,d251e755f065aa2d717b334ecd9f0df31c46dd5bc483d0da6a5183e45051379f,validation,HISTORICALLY_EXPOSED,False,True,"High-confidence fine-tune notebooks build one dataset from all 2057 rows. For fallback rows, sample identity was exposed although historical augmented bytes are not reproducible."
48dd921803ea0d22a4b9,Soil_Labeled_Data/M_0_10/L_40_50/alluvial/IMG_0153.JPG,04be8f4c3477783a40c885b56de8688c5df708b6202f762375732db3eb94b744,train,HISTORICALLY_EXPOSED,False,True,"High-confidence fine-tune notebooks build one dataset from all 2057 rows. For fallback rows, sample identity was exposed although historical augmented bytes are not reproducible."
9f81c198697a90d393cd,Soil_Labeled_Data/M_0_10/L_40_50/alluvial/IMG_0154.JPG,674f34b4c8e4525053880883982f1ccfd38da263e258943bc2a78625970809cd,test,HISTORICALLY_EXPOSED,False,True,"High-confidence fine-tune notebooks build one dataset from all 2057 rows. For fallback rows, sample identity was exposed although historical augmented bytes are not reproducible."
bd232f259eabfeb0bdc3,Soil_Labeled_Data/M_0_10/L_40_50/alluvial/IMG_0155.JPG,bd6118c950fefd59125593cb81c124f22c20f8fb0fd6ea92bde7bc9afa67f35b,train,HISTORICALLY_EXPOSED,False,True,"High-confidence fine-tune notebooks build one dataset from all 2057 rows. For fallback rows, sample identity was exposed although historical augmented bytes are not reproducible."
330884ee00992f4aabf4,Soil_Labeled_Data/M_0_10/L_40_50/alluvial/IMG_0156.JPG,a637d0349e0af917d55e56fffca545b01b6452fe34c1f3b9d5947b307826ddaa,train,HISTORICALLY_EXPOSED,False,True,"High-confidence fine-tune notebooks build one dataset from all 2057 rows. For fallback rows, sample identity was exposed although historical augmented bytes are not reproducible."
4bb4563197e4e340f5a2,Soil_Labeled_Data/M_0_10/L_40_50/alluvial/IMG_0157.JPG,4b59b31a0c4ab00d16529aeae2b7415df567a2052e50857eb62d72edc91c71c6,train,HISTORICALLY_EXPOSED,False,True,"High-confidence fine-tune notebooks build one dataset from all 2057 rows. For fallback rows, sample identity was exposed although historical augmented bytes are not reproducible."
31c792dd5d60af328ff4,Soil_Labeled_Data/M_0_10/L_40_50/alluvial/IMG_0158.JPG,f3c6d0dc7203d42c9d911d6ef76cf6b8f468c09e1787611172f8af4dcc9bb1f2,train,HISTORICALLY_EXPOSED,False,True,"High-confidence fine-tune notebooks build one dataset from all 2057 rows. For fallback rows, sample identity was exposed although historical augmented bytes are not reproducible."
a82fff668ed9d7ecb01b,Soil_Labeled_Data/M_0_10/L_40_50/alluvial/IMG_0159.JPG,d1d01fe5092607afc342f4bf13715445623f165dd8843c5e8f75947031714b53,train,HISTORICALLY_EXPOSED,False,True,"High-confidence fine-tune notebooks build one dataset from all 2057 rows. For fallback rows, sample identity was exposed although historical augmented bytes are not reproducible."
8e75b9f4dddce2d1deb5,Soil_Labeled_Data/M_0_10/L_40_50/alluvial/IMG_0161.JPG,f8492d6832a19999f388469a44c5481274fd4f5aff3295805b0ac3803ae71e8b,test,HISTORICALLY_EXPOSED,True,True,"High-confidence fine-tune notebooks build one dataset from all 2057 rows. For fallback rows, sample identity was exposed although historical augmented bytes are not reproducible."
fcb1c92ea2312f2dd24d,Soil_Labeled_Data/M_0_10/L_40_50/alluvial/IMG_0162.JPG,dfa478223088717f7d516f0376dd4fd061ddf894a37e02216fb10a5f1e78da22,train,HISTORICALLY_EXPOSED,True,True,"High-confidence fine-tune notebooks build one dataset from all 2057 rows. For fallback rows, sample identity was exposed although historical augmented bytes are not reproducible."
ff0338752f6f8ca38e69,Soil_Labeled_Data/M_0_10/L_40_50/alluvial/IMG_0163.JPG,287d5b9508045622893dc3b14b331156d0a0a99d06b39f8641876165971acb0a,train,HISTORICALLY_EXPOSED,True,True,"High-confidence fine-tune notebooks build one dataset from all 2057 rows. For fallback rows, sample identity was exposed although historical augmented bytes are not reproducible."
0cadb4c6c6c9e17cb099,Soil_Labeled_Data/M_0_10/L_40_50/alluvial/IMG_0164.JPG,02eeaa2434120a4634ac0cc39791f1e6a26a5544dfe48ddd1e65394159dc6bd1,train,HISTORICALLY_EXPOSED,True,True,"High-confidence fine-tune notebooks build one dataset from all 2057 rows. For fallback rows, sample identity was exposed although historical augmented bytes are not reproducible."
1886a22b4c27a6e3ea86,Soil_Labeled_Data/M_0_10/L_40_50/alluvial/IMG_0165.JPG,10b4bff0048086264d21ef700f5df4aef05261b82053ab6d51d0164350a18233,train,HISTORICALLY_EXPOSED,True,True,"High-confidence fine-tune notebooks build one dataset from all 2057 rows. For fallback rows, sample identity was exposed although historical augmented bytes are not reproducible."
8c1336244eabbb3f5e91,Soil_Labeled_Data/M_0_10/L_40_50/alluvial/IMG_0166.JPG,208f9cebf5d7f3e922ae73c56b80adebb2e88de23b6d60b2aebb99f6164bbd74,validation,HISTORICALLY_EXPOSED,True,True,"High-confidence fine-tune notebooks build one dataset from all 2057 rows. For fallback rows, sample identity was exposed although historical augmented bytes are not reproducible."
db6cd30508996fce9d43,Soil_Labeled_Data/M_0_10/L_40_50/alluvial/IMG_0167.JPG,8cd7270b0597d85a32199cdbba3f9e9ec93df09c1b0f939f6b9765a5f46a6371,train,HISTORICALLY_EXPOSED,True,True,"High-confidence fine-tune notebooks build one dataset from all 2057 rows. For fallback rows, sample identity was exposed although historical augmented bytes are not reproducible."
e135d70bca695340b211,Soil_Labeled_Data/M_0_10/L_40_50/alluvial/IMG_0168.JPG,8ad86862c00bf11c1c8efc16686c55a5370e8b1430e3c26ffba18d80f36aa2bf,validation,HISTORICALLY_EXPOSED,True,True,"High-confidence fine-tune notebooks build one dataset from all 2057 rows. For fallback rows, sample identity was exposed although historical augmented bytes are not reproducible."
481efca2b77079d29a5b,Soil_Labeled_Data/M_0_10/L_40_50/alluvial/IMG_0169.JPG,3cd6304eb00d0157033fc2b83c6a2f4a60d236f6abf8b89cb745b6a8e038fc7c,train,HISTORICALLY_EXPOSED,True,True,"High-confidence fine-tune notebooks build one dataset from all 2057 rows. For fallback rows, sample identity was exposed although historical augmented bytes are not reproducible."
058170c6e07c9ac13868,Soil_Labeled_Data/M_0_10/L_40_50/alluvial/IMG_0170.JPG,9d144087f444318bb5056170462c40f519cb547e8426ac8a89e5da356ee2cbdd,train,HISTORICALLY_EXPOSED,True,True,"High-confidence fine-tune notebooks build one dataset from all 2057 rows. For fallback rows, sample identity was exposed although historical augmented bytes are not reproducible."
c7cb9e237645c91407cb,Soil_Labeled_Data/M_0_10/L_50_60/alluvial/IMG_0196.JPG,4654e82c0bb3acc543a3659c69f6f945d86df009560f79bc951c9ab3e173b64f,train,HISTORICALLY_EXPOSED,False,True,"High-confidence fine-tune notebooks build one dataset from all 2057 rows. For fallback rows, sample identity was exposed although historical augmented bytes are not reproducible."
5bb5fb9b161dd44826d9,Soil_Labeled_Data/M_0_10/L_50_60/alluvial/IMG_0197.JPG,c45b81b3fbb95ba6a0b2d0133fc7d87662a9304cfe1c65f1edf78119bc8e2725,validation,HISTORICALLY_EXPOSED,False,True,"High-confidence fine-tune notebooks build one dataset from all 2057 rows. For fallback rows, sample identity was exposed although historical augmented bytes are not reproducible."
e289897d85882818c8a0,Soil_Labeled_Data/M_0_10/L_50_60/alluvial/IMG_0198.JPG,85c669b7f29a6afb93215a41fc02599a63ff4821cb72b2ae5c4eb1f4c6c2d55c,train,HISTORICALLY_EXPOSED,False,True,"High-confidence fine-tune notebooks build one dataset from all 2057 rows. For fallback rows, sample identity was exposed although historical augmented bytes are not reproducible."
2a94d3b8b352e068a293,Soil_Labeled_Data/M_0_10/L_50_60/alluvial/IMG_0199.JPG,68c682de0e5124e3c907ce413f96d8b2cecaa0cd427da817015965ab152e0c34,train,HISTORICALLY_EXPOSED,False,True,"High-confidence fine-tune notebooks build one dataset from all 2057 rows. For fallback rows, sample identity was exposed although historical augmented bytes are not reproducible."
3db74d9ff5ee308fbd1b,Soil_Labeled_Data/M_0_10/L_50_60/alluvial/IMG_0199_aug_00_gray_brown.jpg,ceb512434242aba1679f6003af4254857621171c242bc08a075355abdebcd2c9,train,HISTORICALLY_EXPOSED,False,True,"High-confidence fine-tune notebooks build one dataset from all 2057 rows. For fallback rows, sample identity was exposed although historical augmented bytes are not reproducible."
bda4f2c8debfd178ea4c,Soil_Labeled_Data/M_0_10/L_50_60/alluvial/IMG_0199_aug_03_gray_brown.jpg,5dab6e3290e9e3e3af3deae72b5297236660bc07ec5845eba59af8bceb12dea5,train,HISTORICALLY_EXPOSED,False,True,"High-confidence fine-tune notebooks build one dataset from all 2057 rows. For fallback rows, sample identity was exposed although historical augmented bytes are not reproducible."
d70e467b1d08e93f0f26,Soil_Labeled_Data/M_0_10/L_50_60/alluvial/IMG_0200.JPG,d9c1416d902fd889c0d4c0946cb0ff231d3c654ee9267891f26f9dc287a75ff7,train,HISTORICALLY_EXPOSED,False,True,"High-confidence fine-tune notebooks build one dataset from all 2057 rows. For fallback rows, sample identity was exposed although historical augmented bytes are not reproducible."
849de97e1d8ef2f8f5ff,Soil_Labeled_Data/M_0_10/L_50_60/alluvial/IMG_0201.JPG,ee13ed56368520b8b0e315726da1edda78c243731c43905d0da6908cdecbfad7,train,HISTORICALLY_EXPOSED,False,True,"High-confidence fine-tune notebooks build one dataset from all 2057 rows. For fallback rows, sample identity was exposed although historical augmented bytes are not reproducible."
fde887bd539a8995de30,Soil_Labeled_Data/M_0_10/L_50_60/alluvial/IMG_0202.JPG,650ad600843935f7dc58de3d098e943325dd282cccebb9a9b70b46c82a302c2b,train,HISTORICALLY_EXPOSED,False,True,"High-confidence fine-tune notebooks build one dataset from all 2057 rows. For fallback rows, sample identity was exposed although historical augmented bytes are not reproducible."
0a1799fa94717acc663f,Soil_Labeled_Data/M_0_10/L_50_60/alluvial/IMG_0202_aug_01_gray_brown.jpg,49be289e4472ad9446a1ec951eb1ab5bae1197bc3e593dfc89ca59abde342181,train,HISTORICALLY_EXPOSED,False,True,"High-confidence fine-tune notebooks build one dataset from all 2057 rows. For fallback rows, sample identity was exposed although historical augmented bytes are not reproducible."
3b4b879a385e4d6cbe03,Soil_Labeled_Data/M_0_10/L_50_60/alluvial/IMG_0203.JPG,bb0020a9a011d209a5a5a7affb61c37d24ee891b3112ca29d0ae2edc4cd95ad5,train,HISTORICALLY_EXPOSED,False,True,"High-confidence fine-tune notebooks build one dataset from all 2057 rows. For fallback rows, sample identity was exposed although historical augmented bytes are not reproducible."
d93b57c055ba819080c7,Soil_Labeled_Data/M_0_10/L_50_60/alluvial/IMG_0204.JPG,029557e5d989fc68f93ec1875c0d3b91b964bc7a8323f84b0cf343aac419ca6e,train,HISTORICALLY_EXPOSED,False,True,"High-confidence fine-tune notebooks build one dataset from all 2057 rows. For fallback rows, sample identity was exposed although historical augmented bytes are not reproducible."
bef8b40609eddfb4b2df,Soil_Labeled_Data/M_0_10/L_50_60/alluvial/IMG_0205.JPG,41ecd2ef0d482c4f70c60e00a717d16aae9eaedb2216faafbe3d13a315a75681,train,HISTORICALLY_EXPOSED,False,True,"High-confidence fine-tune notebooks build one dataset from all 2057 rows. For fallback rows, sample identity was exposed although historical augmented bytes are not reproducible."
e62e13bee98ab695644c,Soil_Labeled_Data/M_0_10/L_50_60/alluvial/IMG_0205_aug_02_gray_brown.jpg,7290bb253658f935a1bad77ed7b69716b707b362abfe9be1b89afd0a4486e289,train,HISTORICALLY_EXPOSED,False,True,"High-confidence fine-tune notebooks build one dataset from all 2057 rows. For fallback rows, sample identity was exposed although historical augmented bytes are not reproducible."
65b613e4c62a65a36830,Soil_Labeled_Data/M_0_10/L_50_60/alluvial/IMG_0206.JPG,298290391bc414d6a21f427cef0ecd54221681388fa459478aea207aae370f7f,validation,HISTORICALLY_EXPOSED,False,True,"High-confidence fine-tune notebooks build one dataset from all 2057 rows. For fallback rows, sample identity was exposed although historical augmented bytes are not reproducible."
e22ca6b6078440536266,Soil_Labeled_Data/M_0_10/L_50_60/alluvial/IMG_0207.JPG,5bbc524fb84781a50f6becbaa015ca2e7f6a60e6d2f725094727453499ec337e,validation,HISTORICALLY_EXPOSED,False,True,"High-confidence fine-tune notebooks build one dataset from all 2057 rows. For fallback rows, sample identity was exposed although historical augmented bytes are not reproducible."
a7a1c157305764c096d6,Soil_Labeled_Data/M_0_10/L_50_60/alluvial/IMG_0208.JPG,d21214f52ca0c08fc99cf77f6865477f4b7e9503993c72c86e87e4685bda2b62,train,HISTORICALLY_EXPOSED,False,True,"High-confidence fine-tune notebooks build one dataset from all 2057 rows. For fallback rows, sample identity was exposed although historical augmented bytes are not reproducible."
1f583a2a7fd77ae94735,Soil_Labeled_Data/M_0_10/L_50_60/alluvial/IMG_0209.JPG,3304ee16ba9b9f9553cb8aed80a970dde862e0a5eb1ce6ea503c75905d7b222d,train,HISTORICALLY_EXPOSED,False,True,"High-confidence fine-tune notebooks build one dataset from all 2057 rows. For fallback rows, sample identity was exposed although historical augmented bytes are not reproducible."
315b30fd2ebafd001e21,Soil_Labeled_Data/M_0_10/L_50_60/alluvial/IMG_0210.JPG,3e546bbf78ed43d703b8e868b48809cb270a18dcc056b8691b9b5f21ca67fcef,train,HISTORICALLY_EXPOSED,False,True,"High-confidence fine-tune notebooks build one dataset from all 2057 rows. For fallback rows, sample identity was exposed although historical augmented bytes are not reproducible."
7b0cf4ba5f7e01bece53,Soil_Labeled_Data/M_0_10/L_50_60/alluvial/IMG_0212.JPG,7ab66df7b1b3000271c66fe57eebeaf88e48ffc3536724e4f72507f0bd51e29b,train,HISTORICALLY_EXPOSED,False,True,"High-confidence fine-tune notebooks build one dataset from all 2057 rows. For fallback rows, sample identity was exposed although historical augmented bytes are not reproducible."
7c89502d8689582fdf77,Soil_Labeled_Data/M_0_10/L_60_70/alluvial/IMG_0239.JPG,4e3f67b0ef75a349789a84741c438b34757e6e709666c11547b25a3ef6f55d7b,train,HISTORICALLY_EXPOSED,False,False,"High-confidence fine-tune notebooks build one dataset from all 2057 rows. For fallback rows, sample identity was exposed although historical augmented bytes are not reproducible."
b230a1e829c4df4b4b51,Soil_Labeled_Data/M_0_10/L_60_70/alluvial/IMG_0240.JPG,b4ec3d6e5c3a3e6e89b6ff09abeb70dbd621d581ced0911447b4c2d6c1a1e92e,train,HISTORICALLY_EXPOSED,False,True,"High-confidence fine-tune notebooks build one dataset from all 2057 rows. For fallback rows, sample identity was exposed although historical augmented bytes are not reproducible."
9c093b3a9fac44e5bb02,Soil_Labeled_Data/M_0_10/L_60_70/alluvial/IMG_0241.JPG,003040e52c5647a2996a088bb95974e22a732997445ab53ece538229019eed94,validation,HISTORICALLY_EXPOSED,False,False,"High-confidence fine-tune notebooks build one dataset from all 2057 rows. For fallback rows, sample identity was exposed although historical augmented bytes are not reproducible."
689be46838c2c99b6803,Soil_Labeled_Data/M_0_10/L_60_70/alluvial/IMG_0242.JPG,2dc53f1762eb2610b03f4ef5a088ad6bc980928c51d4525e16e7375a526951d3,train,HISTORICALLY_EXPOSED,False,True,"High-confidence fine-tune notebooks build one dataset from all 2057 rows. For fallback rows, sample identity was exposed although historical augmented bytes are not reproducible."
0ab523865345f946729b,Soil_Labeled_Data/M_0_10/L_60_70/alluvial/IMG_0243.JPG,8fb5d2ca2b584e5f87774de59132d4906144c8a096363de9366cd8310a80d2be,train,HISTORICALLY_EXPOSED,False,True,"High-confidence fine-tune notebooks build one dataset from all 2057 rows. For fallback rows, sample identity was exposed although historical augmented bytes are not reproducible."
e8bd6abcb142fe6b175c,Soil_Labeled_Data/M_0_10/L_60_70/alluvial/IMG_0244.JPG,d042f8c484488c37798d8f81518eaea24195ad167897eb62ecb386f4b927bf39,train,HISTORICALLY_EXPOSED,False,True,"High-confidence fine-tune notebooks build one dataset from all 2057 rows. For fallback rows, sample identity was exposed although historical augmented bytes are not reproducible."
53572bafc11be58ded10,Soil_Labeled_Data/M_0_10/L_60_70/alluvial/IMG_0245.JPG,4ddfae48113aa70a83a078d17c280b7d4bcbb3384809cb84b2db7ec00d60be50,train,HISTORICALLY_EXPOSED,False,True,"High-confidence fine-tune notebooks build one dataset from all 2057 rows. For fallback rows, sample identity was exposed although historical augmented bytes are not reproducible."
d5c440a35ff3befa07e2,Soil_Labeled_Data/M_0_10/L_60_70/alluvial/IMG_0246.JPG,3558802cb381e58ea2b8b06af499c0335e3ef6544957fec5d3e35e433a635f0b,train,HISTORICALLY_EXPOSED,False,True,"High-confidence fine-tune notebooks build one dataset from all 2057 rows. For fallback rows, sample identity was exposed although historical augmented bytes are not reproducible."
6a02623cbcae886bdf40,Soil_Labeled_Data/M_0_10/L_60_70/alluvial/IMG_0247.JPG,4f5d12b95a59f6f2b4c107173ab882725f30b87d8a74e69450ed004979910cd7,train,HISTORICALLY_EXPOSED,False,False,"High-confidence fine-tune notebooks build one dataset from all 2057 rows. For fallback rows, sample identity was exposed although historical augmented bytes are not reproducible."
e1637a4a254029ade071,Soil_Labeled_Data/M_0_10/L_60_70/alluvial/IMG_0248.JPG,54fac29a37dff3f06748ead9066cc5fc98ad83212d68d24bdd58972de35defbd,train,HISTORICALLY_EXPOSED,False,False,"High-confidence fine-tune notebooks build one dataset from all 2057 rows. For fallback rows, sample identity was exposed although historical augmented bytes are not reproducible."
bb4582d98d1d744c5429,Soil_Labeled_Data/M_0_10/L_60_70/alluvial/IMG_0249.JPG,5a7d8a0d3eb6d7157822769c10a53606d91e30b449e0ee02c74ee5477a1ea528,train,HISTORICALLY_EXPOSED,False,True,"High-confidence fine-tune notebooks build one dataset from all 2057 rows. For fallback rows, sample identity was exposed although historical augmented bytes are not reproducible."
28eccd9bffaf71f0495d,Soil_Labeled_Data/M_0_10/L_60_70/alluvial/IMG_0250.JPG,d1623d789744e008b4ebc8da409ae8e8e2b5a3bd8b34090bdec907824efc5758,validation,HISTORICALLY_EXPOSED,False,True,"High-confidence fine-tune notebooks build one dataset from all 2057 rows. For fallback rows, sample identity was exposed although historical augmented bytes are not reproducible."
d6257c693408f526d6d5,Soil_Labeled_Data/M_0_10/L_60_70/alluvial/IMG_0251.JPG,aad39ca08b0050af5bbed503018a55ebbcb23f2f0b303281e886687a1c679bd6,train,HISTORICALLY_EXPOSED,True,True,"High-confidence fine-tune notebooks build one dataset from all 2057 rows. For fallback rows, sample identity was exposed although historical augmented bytes are not reproducible."
34459e8d2ee9b0b4d301,Soil_Labeled_Data/M_0_10/L_60_70/alluvial/IMG_0252.JPG,a09155d903fc3d5dd7f33bcb6a19ffbc1769cfd2ffa7421c9b03e008545334bd,train,HISTORICALLY_EXPOSED,True,True,"High-confidence fine-tune notebooks build one dataset from all 2057 rows. For fallback rows, sample identity was exposed although historical augmented bytes are not reproducible."
82fdae90aea70895c141,Soil_Labeled_Data/M_0_10/L_60_70/alluvial/IMG_0253.JPG,0031814d4e81449ac6aa225d7370d995b1a7242432d64e7463104409dc133e7c,train,HISTORICALLY_EXPOSED,False,False,"High-confidence fine-tune notebooks build one dataset from all 2057 rows. For fallback rows, sample identity was exposed although historical augmented bytes are not reproducible."
65ea627090b52336ef6d,Soil_Labeled_Data/M_0_10/L_60_70/alluvial/IMG_0254.JPG,989855fa62cd60cd7de5cdba8c6414b0c5093ec2460b773b21fd06d8fd7c6005,validation,HISTORICALLY_EXPOSED,False,True,"High-confidence fine-tune notebooks build one dataset from all 2057 rows. For fallback rows, sample identity was exposed although historical augmented bytes are not reproducible."
fe72e76ff799a1fde648,Soil_Labeled_Data/M_0_10/L_60_70/alluvial/IMG_0255.JPG,2ac049a4e67d4d9a90bb78c4b5658aa593815244c9931fc79816f3f8ebe302e1,validation,HISTORICALLY_EXPOSED,False,True,"High-confidence fine-tune notebooks build one dataset from all 2057 rows. For fallback rows, sample identity was exposed although historical augmented bytes are not reproducible."
62d0fbd7b50ffca35a3c,Soil_Labeled_Data/M_0_10/L_60_70/alluvial/IMG_0256.JPG,c67bd8c82b4ffa0c122ef439908edaa0d7f2985a34dfd67e32a6ce050bbf62fd,train,HISTORICALLY_EXPOSED,False,False,"High-confidence fine-tune notebooks build one dataset from all 2057 rows. For fallback rows, sample identity was exposed although historical augmented bytes are not reproducible."
d7de3259e6a31758db7a,Soil_Labeled_Data/M_0_10/L_60_70/alluvial/IMG_0257.JPG,afb2e88787f1d736418849ab2dbcd47f99d5bea8ca48c757c92aa6063a9f90c8,train,HISTORICALLY_EXPOSED,False,True,"High-confidence fine-tune notebooks build one dataset from all 2057 rows. For fallback rows, sample identity was exposed although historical augmented bytes are not reproducible."
27f71f7e0483315d700f,Soil_Labeled_Data/M_0_10/L_60_70/alluvial/IMG_0258.JPG,8a6fe88b78e22078ac06e630a2b5f505dc3ca08228807fe6b0fc928d14691fdf,train,HISTORICALLY_EXPOSED,False,False,"High-confidence fine-tune notebooks build one dataset from all 2057 rows. For fallback rows, sample identity was exposed although historical augmented bytes are not reproducible."
490e49bae16d927ec632,Soil_Labeled_Data/M_0_10/L_70_80/alluvial/IMG_0283.JPG,f8b823783f319c143a60b31deb2d32fa8d256fd30992110e191d58a2b990e186,train,HISTORICALLY_EXPOSED,False,True,"High-confidence fine-tune notebooks build one dataset from all 2057 rows. For fallback rows, sample identity was exposed although historical augmented bytes are not reproducible."
3a24d4a2c8e0d133b99d,Soil_Labeled_Data/M_0_10/L_70_80/alluvial/IMG_0284.JPG,d29f1c3d77f86edbf79981bf6422aa7e938610ee965111103d5d9c839db876ca,train,HISTORICALLY_EXPOSED,False,True,"High-confidence fine-tune notebooks build one dataset from all 2057 rows. For fallback rows, sample identity was exposed although historical augmented bytes are not reproducible."
cbc96be8ea91082d10aa,Soil_Labeled_Data/M_0_10/L_70_80/alluvial/IMG_0285.JPG,018eaa273847c547367d34a310ee6456e3d6f1914c5529cce700a2a6454d30b5,train,HISTORICALLY_EXPOSED,False,False,"High-confidence fine-tune notebooks build one dataset from all 2057 rows. For fallback rows, sample identity was exposed although historical augmented bytes are not reproducible."
37cff53edad4a9627d56,Soil_Labeled_Data/M_0_10/L_70_80/alluvial/IMG_0286.JPG,56d996e8169ac96e53445f750e5aa3e0511e779b34d6896449bfb4c76d19ab8c,validation,HISTORICALLY_EXPOSED,False,True,"High-confidence fine-tune notebooks build one dataset from all 2057 rows. For fallback rows, sample identity was exposed although historical augmented bytes are not reproducible."
bb49fe6e7add4e789525,Soil_Labeled_Data/M_0_10/L_70_80/alluvial/IMG_0287.JPG,6f75284b65ef89a2c91da23176ba39f48096161e90e26f27286b935990d6de8a,train,HISTORICALLY_EXPOSED,False,True,"High-confidence fine-tune notebooks build one dataset from all 2057 rows. For fallback rows, sample identity was exposed although historical augmented bytes are not reproducible."
c656eba3e0f2c7c68e6b,Soil_Labeled_Data/M_0_10/L_70_80/alluvial/IMG_0288.JPG,8097e44d05707825db61be4b7c9737666bbc2956dc87a1892c507be0e5cbf96e,train,HISTORICALLY_EXPOSED,False,False,"High-confidence fine-tune notebooks build one dataset from all 2057 rows. For fallback rows, sample identity was exposed although historical augmented bytes are not reproducible."
fb577e7982ddf9943a56,Soil_Labeled_Data/M_0_10/L_70_80/alluvial/IMG_0289.JPG,22b84c5caf5ebc0cb322607cb5a9a077045c50d99cf5d54112067672ff627a74,train,HISTORICALLY_EXPOSED,False,False,"High-confidence fine-tune notebooks build one dataset from all 2057 rows. For fallback rows, sample identity was exposed although historical augmented bytes are not reproducible."
a0dc1ce179439e42e305,Soil_Labeled_Data/M_0_10/L_70_80/alluvial/IMG_0290.JPG,bd24c8e2f76e69072c2f36aed70c7de98cac581a4ba9c0c41bff9b849c586a7b,train,HISTORICALLY_EXPOSED,False,True,"High-confidence fine-tune notebooks build one dataset from all 2057 rows. For fallback rows, sample identity was exposed although historical augmented bytes are not reproducible."
ef1bce15fc4d9d7aba2d,Soil_Labeled_Data/M_0_10/L_70_80/alluvial/IMG_0291.JPG,3c16958628c76958f68f7bdf4eb62b7d145c1364c777e3348d0e694747a6fe50,train,HISTORICALLY_EXPOSED,False,True,"High-confidence fine-tune notebooks build one dataset from all 2057 rows. For fallback rows, sample identity was exposed although historical augmented bytes are not reproducible."
2970a6a12f2eef452c23,Soil_Labeled_Data/M_0_10/L_70_80/alluvial/IMG_0292.JPG,42745de1bc6ccd696f4593fc776c91ce6c9360541db9a460abfc2ff80a311335,validation,HISTORICALLY_EXPOSED,False,True,"High-confidence fine-tune notebooks build one dataset from all 2057 rows. For fallback rows, sample identity was exposed although historical augmented bytes are not reproducible."
e0c7c0d721e294292d4b,Soil_Labeled_Data/M_0_10/L_70_80/alluvial/IMG_0293.JPG,3f3a939e2457155625d2aa428b899f236dc40990065f012f5410d08ec17ab404,train,HISTORICALLY_EXPOSED,False,True,"High-confidence fine-tune notebooks build one dataset from all 2057 rows. For fallback rows, sample identity was exposed although historical augmented bytes are not reproducible."
6343ec16969498f18a29,Soil_Labeled_Data/M_0_10/L_70_80/alluvial/IMG_0294.JPG,b8932b458c52554db42af4a6f3fc4ae7ad16b017650de733546464d04b8c7e68,train,HISTORICALLY_EXPOSED,False,False,"High-confidence fine-tune notebooks build one dataset from all 2057 rows. For fallback rows, sample identity was exposed although historical augmented bytes are not reproducible."
6c662cd481d0b2f9f591,Soil_Labeled_Data/M_0_10/L_70_80/alluvial/IMG_0295.JPG,fddb7c17cd3a3df483e15eeea3ad499216d238defdd87368548647ef4bd17b33,train,HISTORICALLY_EXPOSED,False,False,"High-confidence fine-tune notebooks build one dataset from all 2057 rows. For fallback rows, sample identity was exposed although historical augmented bytes are not reproducible."
3deaf17faeaccfa8bf5c,Soil_Labeled_Data/M_0_10/L_70_80/alluvial/IMG_0296.JPG,55cbc807ad8b6ffd586ca922c51578484036fe62ed7170f4fb2e33f13a4bfbd0,train,HISTORICALLY_EXPOSED,False,False,"High-confidence fine-tune notebooks build one dataset from all 2057 rows. For fallback rows, sample identity was exposed although historical augmented bytes are not reproducible."
005956813792e2fce12f,Soil_Labeled_Data/M_0_10/L_70_80/alluvial/IMG_0297.JPG,87368bbc40a860ed2b5312ed3baa41f6bba45654bd74ae23c3f296c38060bff6,test,HISTORICALLY_EXPOSED,False,False,"High-confidence fine-tune notebooks build one dataset from all 2057 rows. For fallback rows, sample identity was exposed although historical augmented bytes are not reproducible."
ce72a33a97a17f4400df,Soil_Labeled_Data/M_0_10/L_70_80/alluvial/IMG_0298.JPG,0a0f0f4ccc49cde560ecbcef0c36666fc710659de9a55e736348d3e210a486d8,train,HISTORICALLY_EXPOSED,False,True,"High-confidence fine-tune notebooks build one dataset from all 2057 rows. For fallback rows, sample identity was exposed although historical augmented bytes are not reproducible."
760f409fe52939e111ec,Soil_Labeled_Data/M_0_10/L_70_80/alluvial/IMG_0299.JPG,dccc80647f7b25413699f13c6c999029e90f8ab9286a400fff7dfbaef1a37dc1,train,HISTORICALLY_EXPOSED,False,True,"High-confidence fine-tune notebooks build one dataset from all 2057 rows. For fallback rows, sample identity was exposed although historical augmented bytes are not reproducible."
55352283b76e67d90b33,Soil_Labeled_Data/M_0_10/L_70_80/alluvial/IMG_0300.JPG,4d812e3c874392e7cf86a4bc0f4537b962d97cf1406191185bb8c567ee968fab,train,HISTORICALLY_EXPOSED,False,True,"High-confidence fine-tune notebooks build one dataset from all 2057 rows. For fallback rows, sample identity was exposed although historical augmented bytes are not reproducible."
f9665bb7f6de3ef814fa,Soil_Labeled_Data/M_0_10/L_70_80/alluvial/IMG_0301.JPG,b678650cef13042bf6015e51c3bcab78cf386a18f24dc7897bcc1902c2337587,train,HISTORICALLY_EXPOSED,False,True,"High-confidence fine-tune notebooks build one dataset from all 2057 rows. For fallback rows, sample identity was exposed although historical augmented bytes are not reproducible."
d5f90f9f1ef4eb9a31d6,Soil_Labeled_Data/M_0_10/L_70_80/alluvial/IMG_0302.JPG,8c0febe02b51d85c54560d98043761ec6933cd48799e0b474091d75a7a9b5ab2,validation,HISTORICALLY_EXPOSED,False,True,"High-confidence fine-tune notebooks build one dataset from all 2057 rows. For fallback rows, sample identity was exposed although historical augmented bytes are not reproducible."
bd4df9aae3e4a9863c93,Soil_Labeled_Data/M_0_10/L_80_90/alluvial/IMG_0326.JPG,5e2413f69512c9344d80c9807b493897794bfc4a1b28424cbcab54e0181a0b40,test,HISTORICALLY_EXPOSED,True,True,"High-confidence fine-tune notebooks build one dataset from all 2057 rows. For fallback rows, sample identity was exposed although historical augmented bytes are not reproducible."
1f415f9d4c1514a04349,Soil_Labeled_Data/M_0_10/L_80_90/alluvial/IMG_0327.JPG,08a8d026b1cce7ad0301224bb50fd923fb3f7e5b9db606778fc5dfed25584a62,train,HISTORICALLY_EXPOSED,True,True,"High-confidence fine-tune notebooks build one dataset from all 2057 rows. For fallback rows, sample identity was exposed although historical augmented bytes are not reproducible."
089d8c48c4f98759572b,Soil_Labeled_Data/M_0_10/L_80_90/alluvial/IMG_0328.JPG,07b2a2379fc10679ad31389263a6bba547edb5f5cfa84460d3913fc18a45d490,train,HISTORICALLY_EXPOSED,True,True,"High-confidence fine-tune notebooks build one dataset from all 2057 rows. For fallback rows, sample identity was exposed although historical augmented bytes are not reproducible."
bd534fb3aa632ae12f25,Soil_Labeled_Data/M_0_10/L_80_90/alluvial/IMG_0329.JPG,b26aa943aa931b7c3b8cdcc0af87d04709cfe4a468e802f6c9822a617d8e13bf,train,HISTORICALLY_EXPOSED,True,True,"High-confidence fine-tune notebooks build one dataset from all 2057 rows. For fallback rows, sample identity was exposed although historical augmented bytes are not reproducible."
3926d1ccb0984ab10fde,Soil_Labeled_Data/M_0_10/L_80_90/alluvial/IMG_0330.JPG,4f5b03fe02e0814937a811ea4b788f3b9ca6ce2e91ed5febfb2c948a6469a8c4,train,HISTORICALLY_EXPOSED,True,True,"High-confidence fine-tune notebooks build one dataset from all 2057 rows. For fallback rows, sample identity was exposed although historical augmented bytes are not reproducible."
5aea1311215e0e66a3d3,Soil_Labeled_Data/M_0_10/L_80_90/alluvial/IMG_0331.JPG,b48bb2f5e8fb2b36eca492380e9971a1372af753c62d6073ea336f8ce477cd3c,test,HISTORICALLY_EXPOSED,True,True,"High-confidence fine-tune notebooks build one dataset from all 2057 rows. For fallback rows, sample identity was exposed although historical augmented bytes are not reproducible."
d707bbf53e38028a1f8d,Soil_Labeled_Data/M_0_10/L_80_90/alluvial/IMG_0332.JPG,a916ae61e2a2abb91124f032e815d6cc3d74176012e1c7acbf949cf8d73daf74,train,HISTORICALLY_EXPOSED,True,True,"High-confidence fine-tune notebooks build one dataset from all 2057 rows. For fallback rows, sample identity was exposed although historical augmented bytes are not reproducible."
86b7f7f14cc7e0c03669,Soil_Labeled_Data/M_0_10/L_80_90/alluvial/IMG_0333.JPG,7842cd8e3fadd08aee903f1fa69f4eda577eac8751dde4319fbbb77e14f52460,train,HISTORICALLY_EXPOSED,True,True,"High-confidence fine-tune notebooks build one dataset from all 2057 rows. For fallback rows, sample identity was exposed although historical augmented bytes are not reproducible."
be19ea5549550b204ea2,Soil_Labeled_Data/M_0_10/L_80_90/alluvial/IMG_0334.JPG,48cd040d29905235b43f252b369d6403d3a8c7fb0a91d50f0ee81d40ba54cd28,train,HISTORICALLY_EXPOSED,True,True,"High-confidence fine-tune notebooks build one dataset from all 2057 rows. For fallback rows, sample identity was exposed although historical augmented bytes are not reproducible."
bc6f4aedf565de98b22f,Soil_Labeled_Data/M_0_10/L_80_90/alluvial/IMG_0335.JPG,e98362652ea50d646d741ab5d272ee6f094f3ccec61fb6d737261329b48b7734,train,HISTORICALLY_EXPOSED,True,True,"High-confidence fine-tune notebooks build one dataset from all 2057 rows. For fallback rows, sample identity was exposed although historical augmented bytes are not reproducible."
305e9546c9b1b14e0f31,Soil_Labeled_Data/M_0_10/L_80_90/alluvial/IMG_0336.JPG,7b977b24451921e8bbc804b2b3fcb786116b4e33af01db4b9227023e9bed4b7d,test,HISTORICALLY_EXPOSED,True,True,"High-confidence fine-tune notebooks build one dataset from all 2057 rows. For fallback rows, sample identity was exposed although historical augmented bytes are not reproducible."
36a998d7e50baefad5e1,Soil_Labeled_Data/M_0_10/L_80_90/alluvial/IMG_0337.JPG,70a0c5859a246685f89aae67e710fe1b66bb9966d7be8b1ce2b67772de1fdcaa,train,HISTORICALLY_EXPOSED,True,True,"High-confidence fine-tune notebooks build one dataset from all 2057 rows. For fallback rows, sample identity was exposed although historical augmented bytes are not reproducible."
295d70cf9754111700bf,Soil_Labeled_Data/M_0_10/L_80_90/alluvial/IMG_0338.JPG,ea663f0f96f7d8bac52b151e8993a52a722d04a52cac459a1d3e17f66d628f55,train,HISTORICALLY_EXPOSED,True,True,"High-confidence fine-tune notebooks build one dataset from all 2057 rows. For fallback rows, sample identity was exposed although historical augmented bytes are not reproducible."
c003112b9557078a93ef,Soil_Labeled_Data/M_0_10/L_80_90/alluvial/IMG_0339.JPG,76382e229df202e25b60edf31c7858e026796e93e24d4ad89071ae7104ce2c57,train,HISTORICALLY_EXPOSED,True,True,"High-confidence fine-tune notebooks build one dataset from all 2057 rows. For fallback rows, sample identity was exposed although historical augmented bytes are not reproducible."
4835c06190c5793172a3,Soil_Labeled_Data/M_0_10/L_80_90/alluvial/IMG_0340.JPG,59f226ab354700da8549d51fc04a44add9efd5974ce0822241e61e876a7a654d,test,HISTORICALLY_EXPOSED,True,True,"High-confidence fine-tune notebooks build one dataset from all 2057 rows. For fallback rows, sample identity was exposed although historical augmented bytes are not reproducible."
77ff7dd7c65fbdc7d2c9,Soil_Labeled_Data/M_0_10/L_80_90/alluvial/IMG_0341.JPG,7487e6962309dda13dcf0c24bf17cba22a00a7369ff53703354664361cfdf6a8,validation,HISTORICALLY_EXPOSED,True,True,"High-confidence fine-tune notebooks build one dataset from all 2057 rows. For fallback rows, sample identity was exposed although historical augmented bytes are not reproducible."
e873f83e8efea7694918,Soil_Labeled_Data/M_0_10/L_80_90/alluvial/IMG_0342.JPG,62d8ebd9bada9a5f642e6a51c21e9936eb85552d17c62aa7fdf202ce0c4e6b24,train,HISTORICALLY_EXPOSED,True,True,"High-confidence fine-tune notebooks build one dataset from all 2057 rows. For fallback rows, sample identity was exposed although historical augmented bytes are not reproducible."
aeb9e1642e48c08c7b7f,Soil_Labeled_Data/M_0_10/L_80_90/alluvial/IMG_0343.JPG,26baff2209d711ee79521526cf67bd075d747ed52b4b0fba092c57441d0a621a,validation,HISTORICALLY_EXPOSED,True,True,"High-confidence fine-tune notebooks build one dataset from all 2057 rows. For fallback rows, sample identity was exposed although historical augmented bytes are not reproducible."
5eb179d3addf354fed14,Soil_Labeled_Data/M_0_10/L_80_90/alluvial/IMG_0344.JPG,36ad555a2ae155acc90f22271fadec5378335d3365eac4874c0717a5c7e6813b,train,HISTORICALLY_EXPOSED,True,True,"High-confidence fine-tune notebooks build one dataset from all 2057 rows. For fallback rows, sample identity was exposed although historical augmented bytes are not reproducible."
b74fe10ad8618e076f81,Soil_Labeled_Data/M_0_10/L_80_90/alluvial/IMG_0345.JPG,3254720ba738c987e8903cbe48e299205b5a516b29379964e81c066ee22e8589,train,HISTORICALLY_EXPOSED,True,True,"High-confidence fine-tune notebooks build one dataset from all 2057 rows. For fallback rows, sample identity was exposed although historical augmented bytes are not reproducible."
785caddf8dca0be0809d,Soil_Labeled_Data/M_0_10/L_90_100/alluvial/IMG_0368.JPG,91ac8be7f016041ca663acc760e9083eba3fab59354763aa7705339b65ac619b,train,HISTORICALLY_EXPOSED,False,True,"High-confidence fine-tune notebooks build one dataset from all 2057 rows. For fallback rows, sample identity was exposed although historical augmented bytes are not reproducible."
7cfaa2968ae189a0ae94,Soil_Labeled_Data/M_0_10/L_90_100/alluvial/IMG_0369.JPG,49f3ee1b34884d4aa333880b733dc88082a66f53aa416527933813daadf464cc,test,HISTORICALLY_EXPOSED,False,True,"High-confidence fine-tune notebooks build one dataset from all 2057 rows. For fallback rows, sample identity was exposed although historical augmented bytes are not reproducible."
7dc6fc1685cad90984cf,Soil_Labeled_Data/M_0_10/L_90_100/alluvial/IMG_0370.JPG,a95e92f3f33a32ef78f9be1b28493a786b113d15593172565db13b4b076d102b,train,HISTORICALLY_EXPOSED,False,True,"High-confidence fine-tune notebooks build one dataset from all 2057 rows. For fallback rows, sample identity was exposed although historical augmented bytes are not reproducible."
96d3dc3ec61f9834746e,Soil_Labeled_Data/M_0_10/L_90_100/alluvial/IMG_0371.JPG,a9eb5cff5c51cbb6332dbb8fcd66d954fa6fe64c1489245bc3c3aae2656eac2a,train,HISTORICALLY_EXPOSED,False,True,"High-confidence fine-tune notebooks build one dataset from all 2057 rows. For fallback rows, sample identity was exposed although historical augmented bytes are not reproducible."
4d1de4f3b67e502b6dd8,Soil_Labeled_Data/M_0_10/L_90_100/alluvial/IMG_0372.JPG,fbfea86d0b5d0061a0648d8a27c2903a590905803d5ccbedd9d3bd8f78d11232,train,HISTORICALLY_EXPOSED,False,True,"High-confidence fine-tune notebooks build one dataset from all 2057 rows. For fallback rows, sample identity was exposed although historical augmented bytes are not reproducible."
6d355b3437af0223638f,Soil_Labeled_Data/M_0_10/L_90_100/alluvial/IMG_0373.JPG,f32a70b5e979b415d4408e0e9b138b8f426db4ef88ef230fefcbf469109dda98,train,HISTORICALLY_EXPOSED,False,True,"High-confidence fine-tune notebooks build one dataset from all 2057 rows. For fallback rows, sample identity was exposed although historical augmented bytes are not reproducible."
00de741fe78ba9b741e8,Soil_Labeled_Data/M_0_10/L_90_100/alluvial/IMG_0374.JPG,2eb93b9023ca5c3f5ceb5c6d8df16a2eadaeb197f4563d64046c446a463fbc78,train,HISTORICALLY_EXPOSED,False,True,"High-confidence fine-tune notebooks build one dataset from all 2057 rows. For fallback rows, sample identity was exposed although historical augmented bytes are not reproducible."
a3b50c781f733e9f023f,Soil_Labeled_Data/M_0_10/L_90_100/alluvial/IMG_0374_aug_02_gray_brown.jpg,064a8a7d338ca36e07cae085fe791e133e8762ca3ea1a3d2973fcb7000bc5fbc,train,HISTORICALLY_EXPOSED,False,True,"High-confidence fine-tune notebooks build one dataset from all 2057 rows. For fallback rows, sample identity was exposed although historical augmented bytes are not reproducible."
62782e6169b81526b657,Soil_Labeled_Data/M_0_10/L_90_100/alluvial/IMG_0375.JPG,1db7d7857ddac5c1c9fa9c29e19c791814d7f6c91f7c0afe5add56fdf1e40a8a,train,HISTORICALLY_EXPOSED,False,False,"High-confidence fine-tune notebooks build one dataset from all 2057 rows. For fallback rows, sample identity was exposed although historical augmented bytes are not reproducible."
c90394ff27f7bf87352e,Soil_Labeled_Data/M_0_10/L_90_100/alluvial/IMG_0376.JPG,afd4297f8530a23cdfdbba158ac8d09394f201a37d1b290022dde5567bc3e25c,train,HISTORICALLY_EXPOSED,False,False,"High-confidence fine-tune notebooks build one dataset from all 2057 rows. For fallback rows, sample identity was exposed although historical augmented bytes are not reproducible."
37cd3faa2c42a07d4098,Soil_Labeled_Data/M_0_10/L_90_100/alluvial/IMG_0377.JPG,44cd125c28c8f08d232b7e4809d689fde510d7a0debca76b5bee32ebbce04881,train,HISTORICALLY_EXPOSED,False,True,"High-confidence fine-tune notebooks build one dataset from all 2057 rows. For fallback rows, sample identity was exposed although historical augmented bytes are not reproducible."
6d5489b0c35cdca98286,Soil_Labeled_Data/M_0_10/L_90_100/alluvial/IMG_0377_aug_01_clay_red.jpg,e34e5a49fadb9d8831d3ac938a0b80461d1c9efb81f8ad2cfdec335e195b3beb,train,HISTORICALLY_EXPOSED,False,True,"High-confidence fine-tune notebooks build one dataset from all 2057 rows. For fallback rows, sample identity was exposed although historical augmented bytes are not reproducible."
d7d598a3d6f9f624c036,Soil_Labeled_Data/M_0_10/L_90_100/alluvial/IMG_0378.JPG,a8140f263e55059446ecb2751f094c4df8d69d682d7a563e98daf0cbafebd902,train,HISTORICALLY_EXPOSED,False,False,"High-confidence fine-tune notebooks build one dataset from all 2057 rows. For fallback rows, sample identity was exposed although historical augmented bytes are not reproducible."
c70cb1ebd327a849cd0f,Soil_Labeled_Data/M_0_10/L_90_100/alluvial/IMG_0379.JPG,0e625bb48799bcaf8a1f99bdb29e24d9fdd74c1d96a317e6c843fb78b8205b64,train,HISTORICALLY_EXPOSED,False,False,"High-confidence fine-tune notebooks build one dataset from all 2057 rows. For fallback rows, sample identity was exposed although historical augmented bytes are not reproducible."
6c504e81e1ae75c17456,Soil_Labeled_Data/M_0_10/L_90_100/alluvial/IMG_0380.JPG,a6b460c5facc371821d8b881b74d661204a239342dc4b3b4aa2a931752aee421,train,HISTORICALLY_EXPOSED,False,True,"High-confidence fine-tune notebooks build one dataset from all 2057 rows. For fallback rows, sample identity was exposed although historical augmented bytes are not reproducible."
c97cf062d6184c45072f,Soil_Labeled_Data/M_0_10/L_90_100/alluvial/IMG_0380_aug_00_light_brown.jpg,bd221715151d680fe1966d81c4a367c9afed8a286b86d00e0b7caf79933dda46,train,HISTORICALLY_EXPOSED,False,True,"High-confidence fine-tune notebooks build one dataset from all 2057 rows. For fallback rows, sample identity was exposed although historical augmented bytes are not reproducible."
0cb63bfca3f8c20f4ea7,Soil_Labeled_Data/M_0_10/L_90_100/alluvial/IMG_0381.JPG,b5c929b7e69d4d75f2b60ea6158b03334ac0d2ddb2ce468c0ac9ccc857723e54,train,HISTORICALLY_EXPOSED,False,False,"High-confidence fine-tune notebooks build one dataset from all 2057 rows. For fallback rows, sample identity was exposed although historical augmented bytes are not reproducible."
1d1622a9240107ad6fc0,Soil_Labeled_Data/M_0_10/L_90_100/alluvial/IMG_0382.JPG,d81d41e7d8c948b0cf49ceaee163665819dd82ab834520925df4b36665bbefaf,train,HISTORICALLY_EXPOSED,False,True,"High-confidence fine-tune notebooks build one dataset from all 2057 rows. For fallback rows, sample identity was exposed although historical augmented bytes are not reproducible."
004d1a28e18251f40774,Soil_Labeled_Data/M_0_10/L_90_100/alluvial/IMG_0383.JPG,6b917f7ffff150ed01b888a4fca42d29d311662f2c89a97eabfa89bfdec121b8,train,HISTORICALLY_EXPOSED,False,True,"High-confidence fine-tune notebooks build one dataset from all 2057 rows. For fallback rows, sample identity was exposed although historical augmented bytes are not reproducible."
148d217a845ce9abb3c2,Soil_Labeled_Data/M_0_10/L_90_100/alluvial/IMG_0384.JPG,fed88993dd7845091cd63a13b9dbe9d0da2a41c683cf37bc3d82fc100038afb1,train,HISTORICALLY_EXPOSED,False,False,"High-confidence fine-tune notebooks build one dataset from all 2057 rows. For fallback rows, sample identity was exposed although historical augmented bytes are not reproducible."
f05957fcaa2e5ea58caf,Soil_Labeled_Data/M_10_20/L_0_10/alluvial/IMG_0405.JPG,a2a1585715f9ac86792beeeb336460ab5af8a4bfe9e8ab4adecb6b6f321196f3,validation,HISTORICALLY_EXPOSED,False,False,"High-confidence fine-tune notebooks build one dataset from all 2057 rows. For fallback rows, sample identity was exposed although historical augmented bytes are not reproducible."
31c582a19d5d7a3e010e,Soil_Labeled_Data/M_10_20/L_0_10/alluvial/IMG_0406.JPG,4d667944cfcccb4ede90f3313f8d144b3822d1fbc5ce6f4c6b859862b6ad0319,validation,HISTORICALLY_EXPOSED,False,False,"High-confidence fine-tune notebooks build one dataset from all 2057 rows. For fallback rows, sample identity was exposed although historical augmented bytes are not reproducible."
bc72a1f81d888479185a,Soil_Labeled_Data/M_10_20/L_0_10/alluvial/IMG_0407.JPG,9fa821039e734b3281d7fec52f46bb7844a5d99dca71bd3df435ad1b673c718f,train,HISTORICALLY_EXPOSED,False,False,"High-confidence fine-tune notebooks build one dataset from all 2057 rows. For fallback rows, sample identity was exposed although historical augmented bytes are not reproducible."
18ba5ebbda21756c2de3,Soil_Labeled_Data/M_10_20/L_0_10/alluvial/IMG_0408.JPG,b9ef1d757aee1c879254dc92179c3dcb890e595e62bb38ef396f19763e151785,train,HISTORICALLY_EXPOSED,False,False,"High-confidence fine-tune notebooks build one dataset from all 2057 rows. For fallback rows, sample identity was exposed although historical augmented bytes are not reproducible."
06e67feeeee53a300ca3,Soil_Labeled_Data/M_10_20/L_0_10/alluvial/IMG_0409.JPG,9878ab06fe77413dc182ec01daa4b011edb877525f75a935c925f3e82a0a32c7,test,HISTORICALLY_EXPOSED,False,False,"High-confidence fine-tune notebooks build one dataset from all 2057 rows. For fallback rows, sample identity was exposed although historical augmented bytes are not reproducible."
1fcda2d632e2e5dcc243,Soil_Labeled_Data/M_10_20/L_0_10/alluvial/IMG_0410.JPG,79aeb15865956106ab9400788f9cca022e346415b983910be223942dfe84dde1,train,HISTORICALLY_EXPOSED,False,False,"High-confidence fine-tune notebooks build one dataset from all 2057 rows. For fallback rows, sample identity was exposed although historical augmented bytes are not reproducible."
efc0bcb9088ab90dbcd6,Soil_Labeled_Data/M_10_20/L_0_10/alluvial/IMG_0412.JPG,95456f62349bc384149cda57893bd993e8eb1fa5f4150b255e3db14c6d530da3,train,HISTORICALLY_EXPOSED,False,False,"High-confidence fine-tune notebooks build one dataset from all 2057 rows. For fallback rows, sample identity was exposed although historical augmented bytes are not reproducible."
5a603f769a9f698e7689,Soil_Labeled_Data/M_10_20/L_0_10/alluvial/IMG_0413.JPG,b26b265ab2f22f87c52990fcc07151eb2745ed57806d60e03b7f127b81f757c0,validation,HISTORICALLY_EXPOSED,False,False,"High-confidence fine-tune notebooks build one dataset from all 2057 rows. For fallback rows, sample identity was exposed although historical augmented bytes are not reproducible."
016d55dde1c146a2c13b,Soil_Labeled_Data/M_10_20/L_0_10/alluvial/IMG_0414.JPG,b3510851d6fa067bb80765be1e0e661897de10a3f8f503dceae6215089a1c203,validation,HISTORICALLY_EXPOSED,False,False,"High-confidence fine-tune notebooks build one dataset from all 2057 rows. For fallback rows, sample identity was exposed although historical augmented bytes are not reproducible."
49415298643cb20f4a1a,Soil_Labeled_Data/M_10_20/L_0_10/alluvial/IMG_0415.JPG,36986ac99ca1bc5d8500125e1d23a91b9dce4af722c1fb7626d5cb23f0708063,validation,HISTORICALLY_EXPOSED,False,False,"High-confidence fine-tune notebooks build one dataset from all 2057 rows. For fallback rows, sample identity was exposed although historical augmented bytes are not reproducible."
518784514e39c50a6e7b,Soil_Labeled_Data/M_10_20/L_0_10/alluvial/IMG_0417.JPG,79ac855b5d31d094017e0d0d3153f8888e8adf62f6118728fcf08040a374698d,train,HISTORICALLY_EXPOSED,False,False,"High-confidence fine-tune notebooks build one dataset from all 2057 rows. For fallback rows, sample identity was exposed although historical augmented bytes are not reproducible."
adaa3a6816a0eb4b20d6,Soil_Labeled_Data/M_10_20/L_0_10/alluvial/IMG_0418.JPG,516109041459d9e62c6949811400b773086d13f6f98940ed7913f76adf4bbb06,train,HISTORICALLY_EXPOSED,False,False,"High-confidence fine-tune notebooks build one dataset from all 2057 rows. For fallback rows, sample identity was exposed although historical augmented bytes are not reproducible."
7088ba2ac1a6b8fe989c,Soil_Labeled_Data/M_10_20/L_0_10/alluvial/IMG_0419.JPG,678527980491fd258d74a96537cf61917e6b55705b63f84f5e0ec9c247044759,test,HISTORICALLY_EXPOSED,False,False,"High-confidence fine-tune notebooks build one dataset from all 2057 rows. For fallback rows, sample identity was exposed although historical augmented bytes are not reproducible."
e5982d3d93e6a3da91b2,Soil_Labeled_Data/M_10_20/L_0_10/alluvial/IMG_0421.JPG,30c05ab0ebcd0907834467e246a4ec7c8d09bacf9999ed1ed3ef1e69bc21fb2e,train,HISTORICALLY_EXPOSED,False,False,"High-confidence fine-tune notebooks build one dataset from all 2057 rows. For fallback rows, sample identity was exposed although historical augmented bytes are not reproducible."
c21826a961decc6b065a,Soil_Labeled_Data/M_10_20/L_0_10/alluvial/IMG_0422.JPG,65f5b55e68a7cf7816cc744396367d0d63793671b09d41e132f68d803670365b,test,HISTORICALLY_EXPOSED,False,False,"High-confidence fine-tune notebooks build one dataset from all 2057 rows. For fallback rows, sample identity was exposed although historical augmented bytes are not reproducible."
e051c6d9bcf7352e9605,Soil_Labeled_Data/M_10_20/L_0_10/alluvial/IMG_0423.JPG,74a135061db1afe0f10d1306dbb65690c83da1919af299def0ede967a6e18ba0,train,HISTORICALLY_EXPOSED,False,False,"High-confidence fine-tune notebooks build one dataset from all 2057 rows. For fallback rows, sample identity was exposed although historical augmented bytes are not reproducible."
a31834fba045f38ed1dc,Soil_Labeled_Data/M_10_20/L_0_10/alluvial/IMG_0424.JPG,c7adf2223934bb5c6a94580a0385ba3cadd51f67eb587ea3132d42a819c6a2a1,train,HISTORICALLY_EXPOSED,False,False,"High-confidence fine-tune notebooks build one dataset from all 2057 rows. For fallback rows, sample identity was exposed although historical augmented bytes are not reproducible."
91a12b663d70b11b750c,Soil_Labeled_Data/M_10_20/L_0_10/alluvial/IMG_0425.JPG,ae56f02cca531b4c443f8075815a0e531a78419f254be70236e1774c465cce23,train,HISTORICALLY_EXPOSED,False,False,"High-confidence fine-tune notebooks build one dataset from all 2057 rows. For fallback rows, sample identity was exposed although historical augmented bytes are not reproducible."
662eb571875d26317141,Soil_Labeled_Data/M_10_20/L_0_10/alluvial/IMG_0426.JPG,977387c3091694978152c9197cc0db273fc52a7da8f6706f7268da37855f1eb4,train,HISTORICALLY_EXPOSED,False,False,"High-confidence fine-tune notebooks build one dataset from all 2057 rows. For fallback rows, sample identity was exposed although historical augmented bytes are not reproducible."
14baec77e9dfbb5c9364,Soil_Labeled_Data/M_10_20/L_0_10/alluvial/IMG_0427.JPG,b3e95dd89ff58872f8da859929f97b58a8e0539e5b95e993c746c1f06b5fedce,validation,HISTORICALLY_EXPOSED,False,False,"High-confidence fine-tune notebooks build one dataset from all 2057 rows. For fallback rows, sample identity was exposed although historical augmented bytes are not reproducible."
6d879eee3f7d994f9f6e,Soil_Labeled_Data/M_10_20/L_10_20/alluvial/IMG_0449.JPG,7d3babccc7230de23bebc5830c69d7a0d3aca35bd6dae36a1230edde84261a33,train,HISTORICALLY_EXPOSED,False,False,"High-confidence fine-tune notebooks build one dataset from all 2057 rows. For fallback rows, sample identity was exposed although historical augmented bytes are not reproducible."
61ae752f69782e3ee065,Soil_Labeled_Data/M_10_20/L_10_20/alluvial/IMG_0450.JPG,db49b1de22d6f4b1ee9a1037c724e277d2037af7dd3746a3113dabfbb1c36def,train,HISTORICALLY_EXPOSED,False,True,"High-confidence fine-tune notebooks build one dataset from all 2057 rows. For fallback rows, sample identity was exposed although historical augmented bytes are not reproducible."
e1d881d647167224ff61,Soil_Labeled_Data/M_10_20/L_10_20/alluvial/IMG_0451.JPG,0db531c9df938b89ff4e16e4e313f7991a36eff947284cd1ad963a9f7387ff8e,train,HISTORICALLY_EXPOSED,False,False,"High-confidence fine-tune notebooks build one dataset from all 2057 rows. For fallback rows, sample identity was exposed although historical augmented bytes are not reproducible."
e28092b5142a20df9294,Soil_Labeled_Data/M_10_20/L_10_20/alluvial/IMG_0452.JPG,7fb3c52468f70894953eb77e06fd563e392455f0e3883aa205fa506f1adbf1ab,validation,HISTORICALLY_EXPOSED,False,True,"High-confidence fine-tune notebooks build one dataset from all 2057 rows. For fallback rows, sample identity was exposed although historical augmented bytes are not reproducible."
3219645290bd14949ad6,Soil_Labeled_Data/M_10_20/L_10_20/alluvial/IMG_0453.JPG,8733833c9ab874ec2358ac067e8fd7fe1f4ae7bda06bbf93422eea12ba464729,train,HISTORICALLY_EXPOSED,False,False,"High-confidence fine-tune notebooks build one dataset from all 2057 rows. For fallback rows, sample identity was exposed although historical augmented bytes are not reproducible."
254ec64a918cdd60840e,Soil_Labeled_Data/M_10_20/L_10_20/alluvial/IMG_0454.JPG,a5ed3bd2e76548106b7d059773b95d37b6618cd4b7ca26f2cfb85a70451323af,train,HISTORICALLY_EXPOSED,False,True,"High-confidence fine-tune notebooks build one dataset from all 2057 rows. For fallback rows, sample identity was exposed although historical augmented bytes are not reproducible."
09eb951a031fb3f22238,Soil_Labeled_Data/M_10_20/L_10_20/alluvial/IMG_0455.JPG,16a9547cc6423ac8e3e001c425d4b57cf0c7bcc2c390aafcbb45e6b165e1813a,test,HISTORICALLY_EXPOSED,False,False,"High-confidence fine-tune notebooks build one dataset from all 2057 rows. For fallback rows, sample identity was exposed although historical augmented bytes are not reproducible."
4f0627c3724650799c8a,Soil_Labeled_Data/M_10_20/L_10_20/alluvial/IMG_0456.JPG,0e5b8cdf11fd92993a1a16d97ec5380e20b411f2f2875be8747d2d3af4ad7762,train,HISTORICALLY_EXPOSED,False,True,"High-confidence fine-tune notebooks build one dataset from all 2057 rows. For fallback rows, sample identity was exposed although historical augmented bytes are not reproducible."
5d945640d34e1e6f333d,Soil_Labeled_Data/M_10_20/L_10_20/alluvial/IMG_0457.JPG,c42a95447c5adcbc9cdb1b23d2e6ff78591daf3dd9aae8dfc8185fef06feec4d,train,HISTORICALLY_EXPOSED,False,True,"High-confidence fine-tune notebooks build one dataset from all 2057 rows. For fallback rows, sample identity was exposed although historical augmented bytes are not reproducible."
15d3b29e41641270332d,Soil_Labeled_Data/M_10_20/L_10_20/alluvial/IMG_0458.JPG,99d0be7fd513488c3b8f6dcd1846882f9ca58bc9d80c064c8df995f3a5678c0f,train,HISTORICALLY_EXPOSED,False,True,"High-confidence fine-tune notebooks build one dataset from all 2057 rows. For fallback rows, sample identity was exposed although historical augmented bytes are not reproducible."
e548cc443be57d6a5de1,Soil_Labeled_Data/M_10_20/L_10_20/alluvial/IMG_0459.JPG,58e0af2a608dfea6572ed450afb139b7568b258302a038169c66c41d21237c69,validation,HISTORICALLY_EXPOSED,True,True,"High-confidence fine-tune notebooks build one dataset from all 2057 rows. For fallback rows, sample identity was exposed although historical augmented bytes are not reproducible."
a44eabb71ebd9ac6a034,Soil_Labeled_Data/M_10_20/L_10_20/alluvial/IMG_0460.JPG,7ba53c482a290ec911efc914d65b8d39742d3cc6f9afcf7ae66ccc2f0b574abc,train,HISTORICALLY_EXPOSED,True,True,"High-confidence fine-tune notebooks build one dataset from all 2057 rows. For fallback rows, sample identity was exposed although historical augmented bytes are not reproducible."
a9ae46e7c04342b57cda,Soil_Labeled_Data/M_10_20/L_10_20/alluvial/IMG_0461.JPG,38dcfe902960e7733aed4a29281522276fc6af52b32f3af9601c188c0a6b6d50,test,HISTORICALLY_EXPOSED,True,True,"High-confidence fine-tune notebooks build one dataset from all 2057 rows. For fallback rows, sample identity was exposed although historical augmented bytes are not reproducible."
260e9bdeb40199e4c851,Soil_Labeled_Data/M_10_20/L_10_20/alluvial/IMG_0462.JPG,fcf15ffff5905a23f9f7e84cb571263b5c54678c77e036c9468dc891e6e1d755,train,HISTORICALLY_EXPOSED,True,True,"High-confidence fine-tune notebooks build one dataset from all 2057 rows. For fallback rows, sample identity was exposed although historical augmented bytes are not reproducible."
ab4aaf62bee10cac6ba0,Soil_Labeled_Data/M_10_20/L_10_20/alluvial/IMG_0463.JPG,1b88c62f10a4c29ca2d3871aecf5b7c0854c57ff8545a0f6ce54b61d347336d2,test,HISTORICALLY_EXPOSED,True,True,"High-confidence fine-tune notebooks build one dataset from all 2057 rows. For fallback rows, sample identity was exposed although historical augmented bytes are not reproducible."
0bb44ffdd6ed12e111f5,Soil_Labeled_Data/M_10_20/L_10_20/alluvial/IMG_0464.JPG,afa64ead76bfd4fbfc5ae8baee84b2494f925db8053c480f742ea85c764eb1dd,train,HISTORICALLY_EXPOSED,True,True,"High-confidence fine-tune notebooks build one dataset from all 2057 rows. For fallback rows, sample identity was exposed although historical augmented bytes are not reproducible."
87ab6c1291145c12f58b,Soil_Labeled_Data/M_10_20/L_10_20/alluvial/IMG_0465.JPG,3e0c7f6f5f4015558c5d3e5a753eba3bdaf2489a5f41d9fe813d6a9fc497ac26,test,HISTORICALLY_EXPOSED,True,True,"High-confidence fine-tune notebooks build one dataset from all 2057 rows. For fallback rows, sample identity was exposed although historical augmented bytes are not reproducible."
1938ef7e84e4bb8470a6,Soil_Labeled_Data/M_10_20/L_10_20/alluvial/IMG_0466.JPG,d71817d48eeca6f6c07746f12da584ac77a65c80882c16c69e2e1509cce49c0c,train,HISTORICALLY_EXPOSED,True,True,"High-confidence fine-tune notebooks build one dataset from all 2057 rows. For fallback rows, sample identity was exposed although historical augmented bytes are not reproducible."
cbfcade60e361474d6e4,Soil_Labeled_Data/M_10_20/L_10_20/alluvial/IMG_0467.JPG,c1267161ff4783b309f05242e1c9d8803c35dc981d774e362368f0af0311d6e1,train,HISTORICALLY_EXPOSED,True,True,"High-confidence fine-tune notebooks build one dataset from all 2057 rows. For fallback rows, sample identity was exposed although historical augmented bytes are not reproducible."
71230a2823e73ba8288f,Soil_Labeled_Data/M_10_20/L_10_20/alluvial/IMG_0468.JPG,ae59b45ae8e343b291508d16c56f85c85de2a9cc8b73d01c876f0cf2a217cd78,train,HISTORICALLY_EXPOSED,True,True,"High-confidence fine-tune notebooks build one dataset from all 2057 rows. For fallback rows, sample identity was exposed although historical augmented bytes are not reproducible."
c1601c5a61bac208d101,Soil_Labeled_Data/M_10_20/L_20_30/alluvial/IMG_0497.JPG,3195c14828518e7a7e73a5fae7682af4eae9fae45577367d5d556420ba7c81ca,train,HISTORICALLY_EXPOSED,False,True,"High-confidence fine-tune notebooks build one dataset from all 2057 rows. For fallback rows, sample identity was exposed although historical augmented bytes are not reproducible."
a0ec59673423aa335c03,Soil_Labeled_Data/M_10_20/L_20_30/alluvial/IMG_0498.JPG,43777ca674104f0ac8b1cc4699d9dad4f187f985e7ebe61bbfcaf8e83537fa2c,validation,HISTORICALLY_EXPOSED,False,False,"High-confidence fine-tune notebooks build one dataset from all 2057 rows. For fallback rows, sample identity was exposed although historical augmented bytes are not reproducible."
826a4ae40aa152a150f0,Soil_Labeled_Data/M_10_20/L_20_30/alluvial/IMG_0499.JPG,577a88b86d69a7f2d1bd554ba6eb2eca7a6f23f9261e9c986636ed222ed3121b,train,HISTORICALLY_EXPOSED,False,False,"High-confidence fine-tune notebooks build one dataset from all 2057 rows. For fallback rows, sample identity was exposed although historical augmented bytes are not reproducible."
41224598b6ecb3c928de,Soil_Labeled_Data/M_10_20/L_20_30/alluvial/IMG_0500.JPG,2fec450354b12923c906e82a1fcb75666e8cdb4e82ad05594b65536a5e3cb5ff,test,HISTORICALLY_EXPOSED,False,True,"High-confidence fine-tune notebooks build one dataset from all 2057 rows. For fallback rows, sample identity was exposed although historical augmented bytes are not reproducible."
437bfccb32ebd8c0679f,Soil_Labeled_Data/M_10_20/L_20_30/alluvial/IMG_0501.JPG,d2f719f5a54c294c2847e999e63909944d6dc41a7bfee20582ddc287885b459f,train,HISTORICALLY_EXPOSED,False,True,"High-confidence fine-tune notebooks build one dataset from all 2057 rows. For fallback rows, sample identity was exposed although historical augmented bytes are not reproducible."
95888be319a1a115599f,Soil_Labeled_Data/M_10_20/L_20_30/alluvial/IMG_0502.JPG,4fcb928b7e0b16ab8d1f9ff79993025439841e049e5ea5cd58c475a5cfd5bee4,test,HISTORICALLY_EXPOSED,False,True,"High-confidence fine-tune notebooks build one dataset from all 2057 rows. For fallback rows, sample identity was exposed although historical augmented bytes are not reproducible."
01a2aba4bd8848b3d5a9,Soil_Labeled_Data/M_10_20/L_20_30/alluvial/IMG_0503.JPG,f2c66971f9e2caf06fd9d1540627fefddec9b74ded74d87053ef202ecdd9ee9a,validation,HISTORICALLY_EXPOSED,False,True,"High-confidence fine-tune notebooks build one dataset from all 2057 rows. For fallback rows, sample identity was exposed although historical augmented bytes are not reproducible."
a62890d4b286bed18cf4,Soil_Labeled_Data/M_10_20/L_20_30/alluvial/IMG_0504.JPG,e4e85902664fcfe4631c3eb9ae33e6e4dff3818dfe3eb86935929d0835b26849,train,HISTORICALLY_EXPOSED,False,True,"High-confidence fine-tune notebooks build one dataset from all 2057 rows. For fallback rows, sample identity was exposed although historical augmented bytes are not reproducible."
e48272a1d59ed39a47f0,Soil_Labeled_Data/M_10_20/L_20_30/alluvial/IMG_0505.JPG,eee4e1708352b239053355f4f5de6b66dd27baa2c4b752b456f3b7d730f78c19,train,HISTORICALLY_EXPOSED,False,True,"High-confidence fine-tune notebooks build one dataset from all 2057 rows. For fallback rows, sample identity was exposed although historical augmented bytes are not reproducible."
fe60e8132d44e93d19d1,Soil_Labeled_Data/M_10_20/L_20_30/alluvial/IMG_0506.JPG,d7a7427be20ab01e556dc63caca5929e25ab7fefd5f90831609c3252ff1bf785,test,HISTORICALLY_EXPOSED,False,True,"High-confidence fine-tune notebooks build one dataset from all 2057 rows. For fallback rows, sample identity was exposed although historical augmented bytes are not reproducible."
563310907c591d3b3761,Soil_Labeled_Data/M_10_20/L_20_30/alluvial/IMG_0507.JPG,5782e1ee95d73376b20d2b3b292fc22c3b819f523c2c6f37d0a3a0954897d43e,train,HISTORICALLY_EXPOSED,False,True,"High-confidence fine-tune notebooks build one dataset from all 2057 rows. For fallback rows, sample identity was exposed although historical augmented bytes are not reproducible."
37a076de98a612403602,Soil_Labeled_Data/M_10_20/L_20_30/alluvial/IMG_0508.JPG,125d52a0b9a03f990e69ba7ec81220bd3a7d03dc6ea57cd9889b3f53ae6a6ba9,train,HISTORICALLY_EXPOSED,True,True,"High-confidence fine-tune notebooks build one dataset from all 2057 rows. For fallback rows, sample identity was exposed although historical augmented bytes are not reproducible."
88a6f2ae74b0601524d0,Soil_Labeled_Data/M_10_20/L_20_30/alluvial/IMG_0509.JPG,35cd57e69c9ebe4e8597d4a7ce4dca042bdfadf2a25a8aab66d8696664701a44,test,HISTORICALLY_EXPOSED,True,True,"High-confidence fine-tune notebooks build one dataset from all 2057 rows. For fallback rows, sample identity was exposed although historical augmented bytes are not reproducible."
50382c709700b9f7e008,Soil_Labeled_Data/M_10_20/L_20_30/alluvial/IMG_0510.JPG,e66fadc884f69fe92241aa15de2c623c6f5d3e6e1a21c4ebd553e6da3324a791,test,HISTORICALLY_EXPOSED,True,True,"High-confidence fine-tune notebooks build one dataset from all 2057 rows. For fallback rows, sample identity was exposed although historical augmented bytes are not reproducible."
8aa71fafabb2d6ef8f5d,Soil_Labeled_Data/M_10_20/L_20_30/alluvial/IMG_0511.JPG,f87a9a1e9a156d1a84e2c7882c4a70a2f8416e3a5b5b1214e2dbf1ea9260d914,train,HISTORICALLY_EXPOSED,True,True,"High-confidence fine-tune notebooks build one dataset from all 2057 rows. For fallback rows, sample identity was exposed although historical augmented bytes are not reproducible."
0dc51ac22d3bb5e4448c,Soil_Labeled_Data/M_10_20/L_20_30/alluvial/IMG_0512.JPG,0cf8588fb69f8fb34cb96b2679e7f99d2aea32209607965c4ec2ec41ffdb768d,train,HISTORICALLY_EXPOSED,True,True,"High-confidence fine-tune notebooks build one dataset from all 2057 rows. For fallback rows, sample identity was exposed although historical augmented bytes are not reproducible."
7558078785139f15f279,Soil_Labeled_Data/M_10_20/L_20_30/alluvial/IMG_0513.JPG,aace20143f9817bc2f7c0d12aea94904bfbfc29b0ca6e958f3811b23bd3ff2a3,train,HISTORICALLY_EXPOSED,True,True,"High-confidence fine-tune notebooks build one dataset from all 2057 rows. For fallback rows, sample identity was exposed although historical augmented bytes are not reproducible."
4ab6916fad9f71572be3,Soil_Labeled_Data/M_10_20/L_20_30/alluvial/IMG_0514.JPG,e10e1cd3034f40790170459cab66fc93c23721b877e1ce31a99e592ea56c1904,validation,HISTORICALLY_EXPOSED,True,True,"High-confidence fine-tune notebooks build one dataset from all 2057 rows. For fallback rows, sample identity was exposed although historical augmented bytes are not reproducible."
95dfe5edf960edd5fb66,Soil_Labeled_Data/M_10_20/L_20_30/alluvial/IMG_0515.JPG,1777afb5b239a0368940839cee76cb344f249e413a25e29a6bcf9aa569f293f3,train,HISTORICALLY_EXPOSED,True,True,"High-confidence fine-tune notebooks build one dataset from all 2057 rows. For fallback rows, sample identity was exposed although historical augmented bytes are not reproducible."
928cb660b388fd294fa3,Soil_Labeled_Data/M_10_20/L_20_30/alluvial/IMG_0516.JPG,3421448f32adccfff2d7c5988f7cd686f3c64e5506562d1c7db4787c021b954b,train,HISTORICALLY_EXPOSED,True,True,"High-confidence fine-tune notebooks build one dataset from all 2057 rows. For fallback rows, sample identity was exposed although historical augmented bytes are not reproducible."
5b944596999269aa492d,Soil_Labeled_Data/M_10_20/L_30_40/alluvial/IMG_0542.JPG,677b31435291bcf2ec5f2e8c032180525a65b4768ba4a235663790900721e3ea,validation,HISTORICALLY_EXPOSED,False,False,"High-confidence fine-tune notebooks build one dataset from all 2057 rows. For fallback rows, sample identity was exposed although historical augmented bytes are not reproducible."
243464243ebda3bd52cd,Soil_Labeled_Data/M_10_20/L_30_40/alluvial/IMG_0543.JPG,caff03ada9d3685ba0f66ad2ad690e86be299ad69b09d395d03510fcdb2e073a,train,HISTORICALLY_EXPOSED,False,True,"High-confidence fine-tune notebooks build one dataset from all 2057 rows. For fallback rows, sample identity was exposed although historical augmented bytes are not reproducible."
ca829f329b9ad94004d1,Soil_Labeled_Data/M_10_20/L_30_40/alluvial/IMG_0544.JPG,424c8a2e617c4bf7f8b558f79beef0ea0d73bdb170a5852efd95554165b38b6a,train,HISTORICALLY_EXPOSED,False,True,"High-confidence fine-tune notebooks build one dataset from all 2057 rows. For fallback rows, sample identity was exposed although historical augmented bytes are not reproducible."
dde21f78450400b80e92,Soil_Labeled_Data/M_10_20/L_30_40/alluvial/IMG_0545.JPG,6e51a4d966993703f22b12da28dc244e153eab06bd157b24c282ca92af03b3c1,train,HISTORICALLY_EXPOSED,False,True,"High-confidence fine-tune notebooks build one dataset from all 2057 rows. For fallback rows, sample identity was exposed although historical augmented bytes are not reproducible."
129bba00102e60bbf9b7,Soil_Labeled_Data/M_10_20/L_30_40/alluvial/IMG_0546.JPG,711186b8bfdd4fa38462f45e4b410458bdded3fa05afa2cb171ffa6ab7b6e10d,train,HISTORICALLY_EXPOSED,False,False,"High-confidence fine-tune notebooks build one dataset from all 2057 rows. For fallback rows, sample identity was exposed although historical augmented bytes are not reproducible."
8b3b8645130f58857ba0,Soil_Labeled_Data/M_10_20/L_30_40/alluvial/IMG_0547.JPG,8a52fef3cdafcb340d53d5d61b65db7f0926eaa6e5ce06fc10073e1a7ff050cd,train,HISTORICALLY_EXPOSED,False,False,"High-confidence fine-tune notebooks build one dataset from all 2057 rows. For fallback rows, sample identity was exposed although historical augmented bytes are not reproducible."
526ef66582a00124cca7,Soil_Labeled_Data/M_10_20/L_30_40/alluvial/IMG_0548.JPG,83706b2f205b2d1960a0633c7c2bfd2416ea22dcb0a137b36822a30a991e8cad,test,HISTORICALLY_EXPOSED,False,True,"High-confidence fine-tune notebooks build one dataset from all 2057 rows. For fallback rows, sample identity was exposed although historical augmented bytes are not reproducible."
2373c6a3c3143bd6d576,Soil_Labeled_Data/M_10_20/L_30_40/alluvial/IMG_0549.JPG,b8d5ce7a80f412bffe005772e3c75bd2a8ed74dda289ade606eae9a5fc0f15f9,train,HISTORICALLY_EXPOSED,False,True,"High-confidence fine-tune notebooks build one dataset from all 2057 rows. For fallback rows, sample identity was exposed although historical augmented bytes are not reproducible."
2624d1aad009a6084645,Soil_Labeled_Data/M_10_20/L_30_40/alluvial/IMG_0550.JPG,136246d8e891293f44b128f62f520a42883a0c715e89c08c925443e72de3ac6f,validation,HISTORICALLY_EXPOSED,False,False,"High-confidence fine-tune notebooks build one dataset from all 2057 rows. For fallback rows, sample identity was exposed although historical augmented bytes are not reproducible."
3693ec3fbaaead5652e3,Soil_Labeled_Data/M_10_20/L_30_40/alluvial/IMG_0551.JPG,919498d4462018288ca1e245281bd39878e8db7f8bf605236e795f9d27596426,train,HISTORICALLY_EXPOSED,False,True,"High-confidence fine-tune notebooks build one dataset from all 2057 rows. For fallback rows, sample identity was exposed although historical augmented bytes are not reproducible."
7f50493d508392054a68,Soil_Labeled_Data/M_10_20/L_30_40/alluvial/IMG_0552.JPG,03cc6529c94eb4c1fc7208b85e222b2777ffdf57c2f42a78025760fcf8bea72b,train,HISTORICALLY_EXPOSED,True,True,"High-confidence fine-tune notebooks build one dataset from all 2057 rows. For fallback rows, sample identity was exposed although historical augmented bytes are not reproducible."
3cd6b8fb99b70137570c,Soil_Labeled_Data/M_10_20/L_30_40/alluvial/IMG_0553.JPG,2e44e66878d95bbadf4839239ad87c6741b4868c0b12a1901ebc16a16c36fc4e,train,HISTORICALLY_EXPOSED,True,True,"High-confidence fine-tune notebooks build one dataset from all 2057 rows. For fallback rows, sample identity was exposed although historical augmented bytes are not reproducible."
f66ff601bc24cf9e7238,Soil_Labeled_Data/M_10_20/L_30_40/alluvial/IMG_0554.JPG,1189166d86c2ee9b04a4afbea4ec69eb2003c71dc91969be5b7297a252f1ae83,train,HISTORICALLY_EXPOSED,True,True,"High-confidence fine-tune notebooks build one dataset from all 2057 rows. For fallback rows, sample identity was exposed although historical augmented bytes are not reproducible."
95415783e37855a0044e,Soil_Labeled_Data/M_10_20/L_30_40/alluvial/IMG_0555.JPG,75705932981f8a194f393e8007632acca980093c7341d507fb06c76ce18974ee,test,HISTORICALLY_EXPOSED,True,True,"High-confidence fine-tune notebooks build one dataset from all 2057 rows. For fallback rows, sample identity was exposed although historical augmented bytes are not reproducible."
a55a02707120bce2b479,Soil_Labeled_Data/M_10_20/L_30_40/alluvial/IMG_0556.JPG,49a3e5c5586d3bc28163ccaee52679413657461d5a4548ddb9e038cd4de99312,train,HISTORICALLY_EXPOSED,True,True,"High-confidence fine-tune notebooks build one dataset from all 2057 rows. For fallback rows, sample identity was exposed although historical augmented bytes are not reproducible."
dba0187a15139cdd8995,Soil_Labeled_Data/M_10_20/L_30_40/alluvial/IMG_0557.JPG,0ac01d68bef1fad394f91adef31a6fcecd44ca9a4a00b7fa5c464f604b47cdd9,validation,HISTORICALLY_EXPOSED,True,True,"High-confidence fine-tune notebooks build one dataset from all 2057 rows. For fallback rows, sample identity was exposed although historical augmented bytes are not reproducible."
fc05023c483e106faa34,Soil_Labeled_Data/M_10_20/L_30_40/alluvial/IMG_0558.JPG,f121cd04d56d35be9e5f1c86018591ffa9cdaf6cbe4586c99164c60d16a2cad7,test,HISTORICALLY_EXPOSED,True,True,"High-confidence fine-tune notebooks build one dataset from all 2057 rows. For fallback rows, sample identity was exposed although historical augmented bytes are not reproducible."
39f59242d4696f8eb8e3,Soil_Labeled_Data/M_10_20/L_30_40/alluvial/IMG_0559.JPG,569bcfa47636f67a6eb65869006d2807e7b77509c29c4ff09c614fc5d57daeb4,train,HISTORICALLY_EXPOSED,True,True,"High-confidence fine-tune notebooks build one dataset from all 2057 rows. For fallback rows, sample identity was exposed although historical augmented bytes are not reproducible."
bc5767f060966b0bbf7a,Soil_Labeled_Data/M_10_20/L_30_40/alluvial/IMG_0560.JPG,216ec57fae73fbd9d98d00c94756c7f74e37f6ca01cecd95c429c9a0eb4be43d,train,HISTORICALLY_EXPOSED,True,True,"High-confidence fine-tune notebooks build one dataset from all 2057 rows. For fallback rows, sample identity was exposed although historical augmented bytes are not reproducible."
43028492c59774a570ca,Soil_Labeled_Data/M_10_20/L_30_40/alluvial/IMG_0561.JPG,861bb61b79cc401d156f7d8a5c71e5d4e718187776ef59d97728da314a31d6f9,train,HISTORICALLY_EXPOSED,True,True,"High-confidence fine-tune notebooks build one dataset from all 2057 rows. For fallback rows, sample identity was exposed although historical augmented bytes are not reproducible."
c6f2e265af48dd29d1e5,Soil_Labeled_Data/M_10_20/L_40_50/alluvial/IMG_0583.JPG,2080f4e0a7fa774c6a43fc40a0f6c8bfba09882d1ca572b41aa354025d76ff6e,train,HISTORICALLY_EXPOSED,False,False,"High-confidence fine-tune notebooks build one dataset from all 2057 rows. For fallback rows, sample identity was exposed although historical augmented bytes are not reproducible."
b0fe3f916ee4dac9969d,Soil_Labeled_Data/M_10_20/L_40_50/alluvial/IMG_0584.JPG,cea905995253a0148cf98959b3d53ee1bb4bfc9505f7358fb9d17d0f8bdf444c,train,HISTORICALLY_EXPOSED,False,False,"High-confidence fine-tune notebooks build one dataset from all 2057 rows. For fallback rows, sample identity was exposed although historical augmented bytes are not reproducible."
8fd8f57b480b058ff670,Soil_Labeled_Data/M_10_20/L_40_50/alluvial/IMG_0585.JPG,edc58d0d79277488a466d73a87fe82f673dd97c3a582ba13e9a6dfd1b399f18f,train,HISTORICALLY_EXPOSED,False,True,"High-confidence fine-tune notebooks build one dataset from all 2057 rows. For fallback rows, sample identity was exposed although historical augmented bytes are not reproducible."
51cb23323e39460762b4,Soil_Labeled_Data/M_10_20/L_40_50/alluvial/IMG_0586.JPG,82ef39a9f866a01c25bc18b31a870e08cedd57e587381ff4935f44f135991c59,train,HISTORICALLY_EXPOSED,False,True,"High-confidence fine-tune notebooks build one dataset from all 2057 rows. For fallback rows, sample identity was exposed although historical augmented bytes are not reproducible."
bcd923e8494276b014ae,Soil_Labeled_Data/M_10_20/L_40_50/alluvial/IMG_0587.JPG,4b83c3f152553e0e4be4e36570425d5cf023f2104ddf2cdcb2fdb97c8c5c6fc8,validation,HISTORICALLY_EXPOSED,False,True,"High-confidence fine-tune notebooks build one dataset from all 2057 rows. For fallback rows, sample identity was exposed although historical augmented bytes are not reproducible."
5a655ea19cb25d89d569,Soil_Labeled_Data/M_10_20/L_40_50/alluvial/IMG_0588.JPG,c75371f692fa8c989cab1e6a63e7ec95b0ed45ed47adaeee1f85270f7bed4d09,validation,HISTORICALLY_EXPOSED,False,True,"High-confidence fine-tune notebooks build one dataset from all 2057 rows. For fallback rows, sample identity was exposed although historical augmented bytes are not reproducible."
2dcbdd9eeb2ad3ffdf9a,Soil_Labeled_Data/M_10_20/L_40_50/alluvial/IMG_0589.JPG,ecc5a19fb487e1dc86e3c0782989b4372978834179eaba66f687afee520a34a3,train,HISTORICALLY_EXPOSED,False,True,"High-confidence fine-tune notebooks build one dataset from all 2057 rows. For fallback rows, sample identity was exposed although historical augmented bytes are not reproducible."
54418568bbf26910e1d3,Soil_Labeled_Data/M_10_20/L_40_50/alluvial/IMG_0590.JPG,1e11322f39f2387b14f4204cef87f273659a081cc6e4d8adae8f4052bd92fb9f,train,HISTORICALLY_EXPOSED,False,True,"High-confidence fine-tune notebooks build one dataset from all 2057 rows. For fallback rows, sample identity was exposed although historical augmented bytes are not reproducible."
ca4cd0f77ea3738b09aa,Soil_Labeled_Data/M_10_20/L_40_50/alluvial/IMG_0591.JPG,6941d24b888fd662a3f3ee37f6d610f2b9c6b5deded2d5504e1a74008b4ef046,train,HISTORICALLY_EXPOSED,False,True,"High-confidence fine-tune notebooks build one dataset from all 2057 rows. For fallback rows, sample identity was exposed although historical augmented bytes are not reproducible."
7096f44e8b92e639b390,Soil_Labeled_Data/M_10_20/L_40_50/alluvial/IMG_0592.JPG,bc6de0ebe116a5f33915882330c864f81a1c4d1a5e36f3a5208f3a69d3f6db0f,train,HISTORICALLY_EXPOSED,False,False,"High-confidence fine-tune notebooks build one dataset from all 2057 rows. For fallback rows, sample identity was exposed although historical augmented bytes are not reproducible."
d067c7beaea993787291,Soil_Labeled_Data/M_10_20/L_40_50/alluvial/IMG_0593.JPG,98b154806f7c5996452c96c14df2377d26c6458766bfe402b5f2233bd36fc487,train,HISTORICALLY_EXPOSED,True,True,"High-confidence fine-tune notebooks build one dataset from all 2057 rows. For fallback rows, sample identity was exposed although historical augmented bytes are not reproducible."
1377262bbdc2a851212d,Soil_Labeled_Data/M_10_20/L_40_50/alluvial/IMG_0594.JPG,2da87e10945b85ecdb590da6adf1d3aedfbe5c5af3dbc6e38415455c31edc297,train,HISTORICALLY_EXPOSED,True,True,"High-confidence fine-tune notebooks build one dataset from all 2057 rows. For fallback rows, sample identity was exposed although historical augmented bytes are not reproducible."
717b3304df5135fe82b7,Soil_Labeled_Data/M_10_20/L_40_50/alluvial/IMG_0595.JPG,52342fca6242db82550715f7a93f848f984f9cf118579e84978d82a8e2ea46d5,train,HISTORICALLY_EXPOSED,True,True,"High-confidence fine-tune notebooks build one dataset from all 2057 rows. For fallback rows, sample identity was exposed although historical augmented bytes are not reproducible."
fa8b3c277f14b34610a6,Soil_Labeled_Data/M_10_20/L_40_50/alluvial/IMG_0596.JPG,4ad47bc0ada54fd76192ccb7cba2dd1b229bd8faf08b9b60357f8ff673429565,validation,HISTORICALLY_EXPOSED,True,True,"High-confidence fine-tune notebooks build one dataset from all 2057 rows. For fallback rows, sample identity was exposed although historical augmented bytes are not reproducible."
f909e7735406005a59c6,Soil_Labeled_Data/M_10_20/L_40_50/alluvial/IMG_0597.JPG,849578af1df86f68ea73a7f771e8b11c034d08a0d48febc1051b19375c3b256e,train,HISTORICALLY_EXPOSED,True,True,"High-confidence fine-tune notebooks build one dataset from all 2057 rows. For fallback rows, sample identity was exposed although historical augmented bytes are not reproducible."
b1b9bd6027fe2928a2b7,Soil_Labeled_Data/M_10_20/L_40_50/alluvial/IMG_0598.JPG,bde2e547a1001fc51692a8e2103622ae4cde6834218678b1e9b9a7f88c1a39fd,train,HISTORICALLY_EXPOSED,True,True,"High-confidence fine-tune notebooks build one dataset from all 2057 rows. For fallback rows, sample identity was exposed although historical augmented bytes are not reproducible."
c6d47619a62e8f707feb,Soil_Labeled_Data/M_10_20/L_40_50/alluvial/IMG_0599.JPG,70ece88cec12029168ff1ed4994160473d5764701324db4a34aa3101513a8082,train,HISTORICALLY_EXPOSED,True,True,"High-confidence fine-tune notebooks build one dataset from all 2057 rows. For fallback rows, sample identity was exposed although historical augmented bytes are not reproducible."
f04f5b3a7a2b337ecf64,Soil_Labeled_Data/M_10_20/L_40_50/alluvial/IMG_0600.JPG,720426f77a7a2206782d0b0ff4c8e9169824f75561f041d3f94e0faeba8191da,validation,HISTORICALLY_EXPOSED,True,True,"High-confidence fine-tune notebooks build one dataset from all 2057 rows. For fallback rows, sample identity was exposed although historical augmented bytes are not reproducible."
3771ebf5abf291d0ae31,Soil_Labeled_Data/M_10_20/L_40_50/alluvial/IMG_0601.JPG,0af0bda46f60efd7631ef9596a27d9d327d63d5cc9b162053fcdcaa3854dc6c5,train,HISTORICALLY_EXPOSED,True,True,"High-confidence fine-tune notebooks build one dataset from all 2057 rows. For fallback rows, sample identity was exposed although historical augmented bytes are not reproducible."
a81a46190a5fea2635c3,Soil_Labeled_Data/M_10_20/L_40_50/alluvial/IMG_0602.JPG,c22dac570acda21508e0ab8e9d7943b22a07680d53310f312b936b2a31415169,train,HISTORICALLY_EXPOSED,True,True,"High-confidence fine-tune notebooks build one dataset from all 2057 rows. For fallback rows, sample identity was exposed although historical augmented bytes are not reproducible."
c1dfc7e942bc69641600,Soil_Labeled_Data/M_10_20/L_50_60/alluvial/IMG_0627.JPG,eef9eb7531d51cf49ee4f6d3cc6a40093e8e20692edc8841f872187fa18b77b7,train,HISTORICALLY_EXPOSED,False,True,"High-confidence fine-tune notebooks build one dataset from all 2057 rows. For fallback rows, sample identity was exposed although historical augmented bytes are not reproducible."
9610846925935c5fdb82,Soil_Labeled_Data/M_10_20/L_50_60/alluvial/IMG_0630.JPG,4bd7cee210791214970fd9eedf1ae0feb16ce19e90a919f5bcecb5e1ceef5f30,test,HISTORICALLY_EXPOSED,False,True,"High-confidence fine-tune notebooks build one dataset from all 2057 rows. For fallback rows, sample identity was exposed although historical augmented bytes are not reproducible."
4be5cfbd6901d7af4815,Soil_Labeled_Data/M_10_20/L_50_60/alluvial/IMG_0631.JPG,568046b5411267d9221e7c1d221cb14f10cf7e778b14e52654a51a4ad137b280,train,HISTORICALLY_EXPOSED,False,True,"High-confidence fine-tune notebooks build one dataset from all 2057 rows. For fallback rows, sample identity was exposed although historical augmented bytes are not reproducible."
dcd076fa54f745c8d9f6,Soil_Labeled_Data/M_10_20/L_50_60/alluvial/IMG_0631_aug_02_light_brown.jpg,1bb0ec756e0a8f4bb7c2b078382e07010dde2bf4c4719ae2e0b4c1ef55acafbb,train,HISTORICALLY_EXPOSED,False,True,"High-confidence fine-tune notebooks build one dataset from all 2057 rows. For fallback rows, sample identity was exposed although historical augmented bytes are not reproducible."
a8fa1bdcea234fc82dbc,Soil_Labeled_Data/M_10_20/L_50_60/alluvial/IMG_0632.JPG,007b0e49007fb3fdf6ef79a084a2809fe922063dca5033ee9ac14f0ca0b45735,validation,HISTORICALLY_EXPOSED,False,True,"High-confidence fine-tune notebooks build one dataset from all 2057 rows. For fallback rows, sample identity was exposed although historical augmented bytes are not reproducible."
abe781f1328a53f58d4a,Soil_Labeled_Data/M_10_20/L_50_60/alluvial/IMG_0632_aug_00_light_brown.jpg,3977d76b19b820390091419f6ace7fee53e06b680b16d39ae04f486d9cf3d1ef,validation,HISTORICALLY_EXPOSED,False,True,"High-confidence fine-tune notebooks build one dataset from all 2057 rows. For fallback rows, sample identity was exposed although historical augmented bytes are not reproducible."
e489d31e2d3cf03ec23f,Soil_Labeled_Data/M_10_20/L_50_60/alluvial/IMG_0635.JPG,c50637d3a6f9fdca1efd50bcc17cffb3dc65c6f417be707551a7b8979a5b4cf3,train,HISTORICALLY_EXPOSED,False,False,"High-confidence fine-tune notebooks build one dataset from all 2057 rows. For fallback rows, sample identity was exposed although historical augmented bytes are not reproducible."
22cc5cb0869d557d6676,Soil_Labeled_Data/M_10_20/L_50_60/alluvial/IMG_0637.JPG,f9fc2af870170196e1ecfb9987e6aba9766114e960cbfc1d661566e7c5fc60e5,validation,HISTORICALLY_EXPOSED,True,True,"High-confidence fine-tune notebooks build one dataset from all 2057 rows. For fallback rows, sample identity was exposed although historical augmented bytes are not reproducible."
83a769720fc7caf38aab,Soil_Labeled_Data/M_10_20/L_50_60/alluvial/IMG_0638.JPG,95fbdf0d0d0940250b9d76de0bbff9577845bb85e99814d3feef73339f7f6a6c,validation,HISTORICALLY_EXPOSED,True,True,"High-confidence fine-tune notebooks build one dataset from all 2057 rows. For fallback rows, sample identity was exposed although historical augmented bytes are not reproducible."
07a5869016f2f16f587d,Soil_Labeled_Data/M_10_20/L_50_60/alluvial/IMG_0638_aug_03_wet_gray.jpg,0d1afb4849edb07debde6789a81b11c93ff3c380b62e4e7d4700cda2ac37675d,validation,HISTORICALLY_EXPOSED,True,True,"High-confidence fine-tune notebooks build one dataset from all 2057 rows. For fallback rows, sample identity was exposed although historical augmented bytes are not reproducible."
0e8f4da8c01079d31b4f,Soil_Labeled_Data/M_10_20/L_50_60/alluvial/IMG_0639.JPG,48c0dcd35ca998c52bdf237a1aa7a6dac84d9e2709fe640198b05be1e5aa43c2,validation,HISTORICALLY_EXPOSED,True,True,"High-confidence fine-tune notebooks build one dataset from all 2057 rows. For fallback rows, sample identity was exposed although historical augmented bytes are not reproducible."
d7f87a6624b82dbb8b7e,Soil_Labeled_Data/M_10_20/L_50_60/alluvial/IMG_0639_aug_01_light_brown.jpg,1674c391c6e0033428804d8217ba633446bec1848a12c6153fdfeb349e88af96,validation,HISTORICALLY_EXPOSED,True,True,"High-confidence fine-tune notebooks build one dataset from all 2057 rows. For fallback rows, sample identity was exposed although historical augmented bytes are not reproducible."
461f8163d3f3b5404fdf,Soil_Labeled_Data/M_10_20/L_50_60/alluvial/IMG_0640.JPG,16b6664328cb560bf2dcc204aca8e55d270d5122f69ed682b196f3f850cf6d5b,test,HISTORICALLY_EXPOSED,True,True,"High-confidence fine-tune notebooks build one dataset from all 2057 rows. For fallback rows, sample identity was exposed although historical augmented bytes are not reproducible."
fee98f4c16305f18de12,Soil_Labeled_Data/M_10_20/L_50_60/alluvial/IMG_0641.JPG,18057ee267097562017f32da8aa8828df609ac5d67bf832ff43e7a8da70e1b21,train,HISTORICALLY_EXPOSED,True,True,"High-confidence fine-tune notebooks build one dataset from all 2057 rows. For fallback rows, sample identity was exposed although historical augmented bytes are not reproducible."
1adaffb9c6a7576f88f5,Soil_Labeled_Data/M_10_20/L_50_60/alluvial/IMG_0642.JPG,499b48a9dec8e36961cf4e40be5b4fe48b19cf5f8450a866e502cc43d8fc4a15,train,HISTORICALLY_EXPOSED,True,True,"High-confidence fine-tune notebooks build one dataset from all 2057 rows. For fallback rows, sample identity was exposed although historical augmented bytes are not reproducible."
4955b1e65e0b93b5692a,Soil_Labeled_Data/M_10_20/L_50_60/alluvial/IMG_0642_aug_04_gray_brown.jpg,06dc15310673b769141edca83f2e9ff96a45cb1d491b26e1d8bdf20d41f3c055,train,HISTORICALLY_EXPOSED,True,True,"High-confidence fine-tune notebooks build one dataset from all 2057 rows. For fallback rows, sample identity was exposed although historical augmented bytes are not reproducible."
b98d19481a4350313bcb,Soil_Labeled_Data/M_10_20/L_50_60/alluvial/IMG_0643.JPG,72214f0a14a2b7dde330a65055e5dcc078076bc3d4820235c9114b9adc791f12,validation,HISTORICALLY_EXPOSED,True,True,"High-confidence fine-tune notebooks build one dataset from all 2057 rows. For fallback rows, sample identity was exposed although historical augmented bytes are not reproducible."
d6aaad6f773f0e44d639,Soil_Labeled_Data/M_10_20/L_50_60/alluvial/IMG_0643_aug_05_clay_red.jpg,06230c1325c05df77c8901fa05fc0cc87b321c094796dd9019481f0168a112a2,validation,HISTORICALLY_EXPOSED,True,True,"High-confidence fine-tune notebooks build one dataset from all 2057 rows. For fallback rows, sample identity was exposed although historical augmented bytes are not reproducible."
9ae0efc59cf6c1e6d704,Soil_Labeled_Data/M_10_20/L_50_60/alluvial/IMG_0644.JPG,5bb342f0cf56ebda5dd551966e47ba8353b1284d16054cda8fb1c4eb4c4fed4d,validation,HISTORICALLY_EXPOSED,True,True,"High-confidence fine-tune notebooks build one dataset from all 2057 rows. For fallback rows, sample identity was exposed although historical augmented bytes are not reproducible."
878e1a0bb45e95e49337,Soil_Labeled_Data/M_10_20/L_50_60/alluvial/IMG_0645.JPG,ecb4b5f31d07441feea1f052f1525883340bb44ac1f6b7b959fa45ca16e46613,validation,HISTORICALLY_EXPOSED,True,True,"High-confidence fine-tune notebooks build one dataset from all 2057 rows. For fallback rows, sample identity was exposed although historical augmented bytes are not reproducible."
8b16f4c1a439a5978b59,Soil_Labeled_Data/M_10_20/L_60_70/alluvial/IMG_0675.JPG,c7e911c5514bd5fa414e2c5cfc1711214cac57fa1009eb7c728f08bba22aa59c,train,HISTORICALLY_EXPOSED,False,True,"High-confidence fine-tune notebooks build one dataset from all 2057 rows. For fallback rows, sample identity was exposed although historical augmented bytes are not reproducible."
85641898d5f2e8a948fb,Soil_Labeled_Data/M_10_20/L_60_70/alluvial/IMG_0676.JPG,8ef3f93246f0d93faf3f50ec2b9f4c824433b1589008e0b34a3c22cdc0829dd4,train,HISTORICALLY_EXPOSED,False,True,"High-confidence fine-tune notebooks build one dataset from all 2057 rows. For fallback rows, sample identity was exposed although historical augmented bytes are not reproducible."
2520e5aa2cfb5ba933bf,Soil_Labeled_Data/M_10_20/L_60_70/alluvial/IMG_0676_aug_09_light_brown.jpg,7c50fd18463f561944f05197fc4a891b7a18ef3d49bf898604e0886fa9886c12,train,HISTORICALLY_EXPOSED,False,True,"High-confidence fine-tune notebooks build one dataset from all 2057 rows. For fallback rows, sample identity was exposed although historical augmented bytes are not reproducible."
c826f9ca288766fcadbb,Soil_Labeled_Data/M_10_20/L_60_70/alluvial/IMG_0677.JPG,b82f747d017c79a9821acd75d5a61a9d1afd4c5ffa399838338b1c5cf91f252d,train,HISTORICALLY_EXPOSED,False,True,"High-confidence fine-tune notebooks build one dataset from all 2057 rows. For fallback rows, sample identity was exposed although historical augmented bytes are not reproducible."
4e343e2420dbb94be9c1,Soil_Labeled_Data/M_10_20/L_60_70/alluvial/IMG_0677_aug_06_wet_gray.jpg,a02a82cb24c519743e328247b45210976b3a7dfe1c0c9f8585cc8d4e9baef037,train,HISTORICALLY_EXPOSED,False,True,"High-confidence fine-tune notebooks build one dataset from all 2057 rows. For fallback rows, sample identity was exposed although historical augmented bytes are not reproducible."
991f996c40bef2045030,Soil_Labeled_Data/M_10_20/L_60_70/alluvial/IMG_0678.JPG,fa85799fdcfac2a762c21cfc2b97682de9f1a9b6806d5c0d45221e3e342d3016,train,HISTORICALLY_EXPOSED,False,True,"High-confidence fine-tune notebooks build one dataset from all 2057 rows. For fallback rows, sample identity was exposed although historical augmented bytes are not reproducible."
fbb9b7c8a7096384b335,Soil_Labeled_Data/M_10_20/L_60_70/alluvial/IMG_0678_aug_03_dark_brown.jpg,b33dea1dbb4abc39695f9540e7eebce24451fe14a2f8f75c24e413e1952602bc,train,HISTORICALLY_EXPOSED,False,True,"High-confidence fine-tune notebooks build one dataset from all 2057 rows. For fallback rows, sample identity was exposed although historical augmented bytes are not reproducible."
e859c0059b0f1ebc71c0,Soil_Labeled_Data/M_10_20/L_60_70/alluvial/IMG_0678_aug_04_wet_gray.jpg,5654ba0cbb090a4f39a00ae06c467e9743eb7ec7568731a3b2aeede6b685b02a,train,HISTORICALLY_EXPOSED,False,True,"High-confidence fine-tune notebooks build one dataset from all 2057 rows. For fallback rows, sample identity was exposed although historical augmented bytes are not reproducible."
e2a2625375c5f2be7794,Soil_Labeled_Data/M_10_20/L_60_70/alluvial/IMG_0678_aug_05_light_brown.jpg,b19f7da7faa21cc648887a806c8735d7ed14b15eee0fd8be6746bdcd6cab6a42,train,HISTORICALLY_EXPOSED,False,True,"High-confidence fine-tune notebooks build one dataset from all 2057 rows. For fallback rows, sample identity was exposed although historical augmented bytes are not reproducible."
8f18c3411f9454d27d22,Soil_Labeled_Data/M_10_20/L_60_70/alluvial/IMG_0678_aug_07_clay_red.jpg,f813f1e6eb7f81aa0eb66c34ce0038d761ddad8f204ae41a894b60005a140562,train,HISTORICALLY_EXPOSED,False,True,"High-confidence fine-tune notebooks build one dataset from all 2057 rows. For fallback rows, sample identity was exposed although historical augmented bytes are not reproducible."
6c0e23955b9150bb8bfe,Soil_Labeled_Data/M_10_20/L_60_70/alluvial/IMG_0679.JPG,c32461417a7d7cf48bc6b7f826f2360b280eea845522ecc7da0dc766c486b40a,train,HISTORICALLY_EXPOSED,False,True,"High-confidence fine-tune notebooks build one dataset from all 2057 rows. For fallback rows, sample identity was exposed although historical augmented bytes are not reproducible."
e0fdf5767168b16b5287,Soil_Labeled_Data/M_10_20/L_60_70/alluvial/IMG_0679_aug_01_wet_gray.jpg,508b6a501d2555834be6b1c102cb0aeaa70448f2c46b5eebb4bb7e8c513e68c9,train,HISTORICALLY_EXPOSED,False,True,"High-confidence fine-tune notebooks build one dataset from all 2057 rows. For fallback rows, sample identity was exposed although historical augmented bytes are not reproducible."
79a37168f5d1c7ca1fb3,Soil_Labeled_Data/M_10_20/L_60_70/alluvial/IMG_0680.JPG,5b20268bd7fa3b53cc76e4755c6da74470640d6451df94e705b88e41c06e857b,train,HISTORICALLY_EXPOSED,False,True,"High-confidence fine-tune notebooks build one dataset from all 2057 rows. For fallback rows, sample identity was exposed although historical augmented bytes are not reproducible."
99966a313b6f29932285,Soil_Labeled_Data/M_10_20/L_60_70/alluvial/IMG_0681.JPG,f10b587d809b647c3a0352df0a4dcf2cb61b2a3f1d98c640f8006a5a26c359f9,train,HISTORICALLY_EXPOSED,False,True,"High-confidence fine-tune notebooks build one dataset from all 2057 rows. For fallback rows, sample identity was exposed although historical augmented bytes are not reproducible."
0400422af6db50009b81,Soil_Labeled_Data/M_10_20/L_60_70/alluvial/IMG_0682.JPG,36a24b5252f54d123c2d8a780e43c5e9eec1c372beb3c339688c3b0370936231,validation,HISTORICALLY_EXPOSED,False,True,"High-confidence fine-tune notebooks build one dataset from all 2057 rows. For fallback rows, sample identity was exposed although historical augmented bytes are not reproducible."
211b48b7fa9e89ed79b7,Soil_Labeled_Data/M_10_20/L_60_70/alluvial/IMG_0683.JPG,82d227025c6ad87d2236e47510677651de5d7ab2aded8a13a31e2277d3ce7cfa,train,HISTORICALLY_EXPOSED,False,True,"High-confidence fine-tune notebooks build one dataset from all 2057 rows. For fallback rows, sample identity was exposed although historical augmented bytes are not reproducible."
21b1faecc28c4c1aa3ee,Soil_Labeled_Data/M_10_20/L_60_70/alluvial/IMG_0695.JPG,8eacb0daf98fa4b6a45b64418c8bb508ee927b9e4e7511d60c4fd56c0e9e2882,train,HISTORICALLY_EXPOSED,True,True,"High-confidence fine-tune notebooks build one dataset from all 2057 rows. For fallback rows, sample identity was exposed although historical augmented bytes are not reproducible."
7ada20a4588c9b902db2,Soil_Labeled_Data/M_10_20/L_60_70/alluvial/IMG_0695_aug_02_dark_brown.jpg,b321e841332e5a7b095c6bb6c2c7301592557dd8670db335e1063e78c88484a3,train,HISTORICALLY_EXPOSED,True,True,"High-confidence fine-tune notebooks build one dataset from all 2057 rows. For fallback rows, sample identity was exposed although historical augmented bytes are not reproducible."
eef221307a9b716780f1,Soil_Labeled_Data/M_10_20/L_60_70/alluvial/IMG_0695_aug_08_light_brown.jpg,19edbbcd8a67e7e0cde6aae6f22ee24a14c64bbbfdfadec3546d24dc614b9c0a,train,HISTORICALLY_EXPOSED,True,True,"High-confidence fine-tune notebooks build one dataset from all 2057 rows. For fallback rows, sample identity was exposed although historical augmented bytes are not reproducible."
0c0e889eb2f23c672dd5,Soil_Labeled_Data/M_10_20/L_70_80/alluvial/IMG_0697.JPG,e7eab8d6a558bc1031cefa55755fdec30748f43d081360d30dc691f899e910e8,test,HISTORICALLY_EXPOSED,True,True,"High-confidence fine-tune notebooks build one dataset from all 2057 rows. For fallback rows, sample identity was exposed although historical augmented bytes are not reproducible."
4cb04fef2bbf54032e4b,Soil_Labeled_Data/M_10_20/L_70_80/alluvial/IMG_0698.JPG,4b6323643943a5445f901c28b85bf788cc8cf9b8129d8af84b8d63b831b74f79,train,HISTORICALLY_EXPOSED,True,True,"High-confidence fine-tune notebooks build one dataset from all 2057 rows. For fallback rows, sample identity was exposed although historical augmented bytes are not reproducible."
b8a9eda66a101c6db576,Soil_Labeled_Data/M_10_20/L_70_80/alluvial/IMG_0699.JPG,6539023e50d414d0748019c71a8ffdae12b05c324bd9d19307dab81e861392ae,test,HISTORICALLY_EXPOSED,True,True,"High-confidence fine-tune notebooks build one dataset from all 2057 rows. For fallback rows, sample identity was exposed although historical augmented bytes are not reproducible."
c6e56b9ad6d45d4df023,Soil_Labeled_Data/M_10_20/L_70_80/alluvial/IMG_0700.JPG,fe60ed9761a329576f59c0ef3768c19991ad5793c0515b638f402e9b99437533,train,HISTORICALLY_EXPOSED,True,True,"High-confidence fine-tune notebooks build one dataset from all 2057 rows. For fallback rows, sample identity was exposed although historical augmented bytes are not reproducible."
a3d13d89c3b578516f3c,Soil_Labeled_Data/M_10_20/L_70_80/alluvial/IMG_0701.JPG,1f2f3e11bfbd6a6e913d59541e98f4189c5e005f1183c444a5fd4c63bb3dc02c,test,HISTORICALLY_EXPOSED,True,True,"High-confidence fine-tune notebooks build one dataset from all 2057 rows. For fallback rows, sample identity was exposed although historical augmented bytes are not reproducible."
e27227412855f6a4f9de,Soil_Labeled_Data/M_10_20/L_70_80/alluvial/IMG_0702.JPG,b2d381061e86750c596ea90c359ce7104609d9708781c75c65ed9c99f3190381,validation,HISTORICALLY_EXPOSED,False,True,"High-confidence fine-tune notebooks build one dataset from all 2057 rows. For fallback rows, sample identity was exposed although historical augmented bytes are not reproducible."
2e1f81ff55a1f1c98f51,Soil_Labeled_Data/M_10_20/L_70_80/alluvial/IMG_0703.JPG,81147ae79893bfd6fa64a1598196c3a534a29a8ebbe13d55af64cc1373409281,train,HISTORICALLY_EXPOSED,False,True,"High-confidence fine-tune notebooks build one dataset from all 2057 rows. For fallback rows, sample identity was exposed although historical augmented bytes are not reproducible."
280459b65967b88977ee,Soil_Labeled_Data/M_10_20/L_70_80/alluvial/IMG_0704.JPG,734357c2b1945f759e4f692d8dc54dea0786dc8e8fa29a19a86c05bf4178864e,test,HISTORICALLY_EXPOSED,False,True,"High-confidence fine-tune notebooks build one dataset from all 2057 rows. For fallback rows, sample identity was exposed although historical augmented bytes are not reproducible."
345748309ec170eaa67a,Soil_Labeled_Data/M_10_20/L_70_80/alluvial/IMG_0705.JPG,b2d381061e86750c596ea90c359ce7104609d9708781c75c65ed9c99f3190381,validation,HISTORICALLY_EXPOSED,False,True,"High-confidence fine-tune notebooks build one dataset from all 2057 rows. For fallback rows, sample identity was exposed although historical augmented bytes are not reproducible."
6d4e6ee82a1c87426cb3,Soil_Labeled_Data/M_10_20/L_70_80/alluvial/IMG_0706.JPG,b2d381061e86750c596ea90c359ce7104609d9708781c75c65ed9c99f3190381,validation,HISTORICALLY_EXPOSED,False,True,"High-confidence fine-tune notebooks build one dataset from all 2057 rows. For fallback rows, sample identity was exposed although historical augmented bytes are not reproducible."
961b0c9152476c63badf,Soil_Labeled_Data/M_10_20/L_70_80/alluvial/IMG_0707.JPG,8e74afcb6aeb0b2effb59be2bc15d14056ab4be5f9878c888a1c1711e26a771f,train,HISTORICALLY_EXPOSED,False,True,"High-confidence fine-tune notebooks build one dataset from all 2057 rows. For fallback rows, sample identity was exposed although historical augmented bytes are not reproducible."
c1789df6e86e5ba60250,Soil_Labeled_Data/M_10_20/L_70_80/alluvial/IMG_0709.JPG,f60b55d11a7949e8ce9a109418868b7b01fe498db345fd98ffd41b6cb1266a89,train,HISTORICALLY_EXPOSED,False,True,"High-confidence fine-tune notebooks build one dataset from all 2057 rows. For fallback rows, sample identity was exposed although historical augmented bytes are not reproducible."
b0ad46686097e9f8c83a,Soil_Labeled_Data/M_10_20/L_70_80/alluvial/IMG_0711.JPG,8d1048dff633b579ad3b9d79832552f31d8027403fc0e876d90c5ae1fecbad8f,train,HISTORICALLY_EXPOSED,False,True,"High-confidence fine-tune notebooks build one dataset from all 2057 rows. For fallback rows, sample identity was exposed although historical augmented bytes are not reproducible."
20affdaeb3eade9020ea,Soil_Labeled_Data/M_10_20/L_70_80/alluvial/IMG_0712.JPG,be559902ee08437efa919d39a196cd6d26f1841a05ff8c1420de1b8413cf3661,validation,HISTORICALLY_EXPOSED,False,True,"High-confidence fine-tune notebooks build one dataset from all 2057 rows. For fallback rows, sample identity was exposed although historical augmented bytes are not reproducible."
385716c4154ff2625ee1,Soil_Labeled_Data/M_10_20/L_70_80/alluvial/IMG_0713.JPG,8f0a066cc285c39c70c35c9eb42c671ef7e6d962675b8c7fe663f508c6f93c75,validation,HISTORICALLY_EXPOSED,False,True,"High-confidence fine-tune notebooks build one dataset from all 2057 rows. For fallback rows, sample identity was exposed although historical augmented bytes are not reproducible."
3638f50dd1288926352f,Soil_Labeled_Data/M_10_20/L_70_80/alluvial/IMG_0714.JPG,ac100ff4e7f1ea9f844e5b117bec6fb20756436fa89ffd6f1eaaa917d68c670d,train,HISTORICALLY_EXPOSED,False,True,"High-confidence fine-tune notebooks build one dataset from all 2057 rows. For fallback rows, sample identity was exposed although historical augmented bytes are not reproducible."
c3b07eb3da5f59f7237b,Soil_Labeled_Data/M_10_20/L_70_80/alluvial/IMG_0715.JPG,b0063f34e7ab6c8d01f85293851eb88588eb3c4cbfc01340fb68400678019ef2,validation,HISTORICALLY_EXPOSED,True,True,"High-confidence fine-tune notebooks build one dataset from all 2057 rows. For fallback rows, sample identity was exposed although historical augmented bytes are not reproducible."
1d21a35bcc5e4f796e17,Soil_Labeled_Data/M_10_20/L_70_80/alluvial/IMG_0716.JPG,e17affbd726ddaa1e439b3965d5d485a65876ad6cb4b017797bd78ba4958d754,train,HISTORICALLY_EXPOSED,True,True,"High-confidence fine-tune notebooks build one dataset from all 2057 rows. For fallback rows, sample identity was exposed although historical augmented bytes are not reproducible."
fc99c52504d3cbb9c20f,Soil_Labeled_Data/M_10_20/L_70_80/alluvial/IMG_0718.JPG,9c44797495d30787055e5a1418a08834ede6a54d79babec9d488731ea6221da7,train,HISTORICALLY_EXPOSED,True,True,"High-confidence fine-tune notebooks build one dataset from all 2057 rows. For fallback rows, sample identity was exposed although historical augmented bytes are not reproducible."
b274084923df73710015,Soil_Labeled_Data/M_10_20/L_70_80/alluvial/IMG_0719.JPG,0dfc11c6eb0a51ccf5ace00ec854f28b4133309f80d6a5c169087438856c522a,validation,HISTORICALLY_EXPOSED,True,True,"High-confidence fine-tune notebooks build one dataset from all 2057 rows. For fallback rows, sample identity was exposed although historical augmented bytes are not reproducible."
d9ae3181c1fa0c65ada0,Soil_Labeled_Data/M_10_20/L_80_90/alluvial/IMG_0742.JPG,ec757003c575e4aede73cc490777a5e5807fbcaae7272de4a9f1a4dcb0e728d0,train,HISTORICALLY_EXPOSED,True,True,"High-confidence fine-tune notebooks build one dataset from all 2057 rows. For fallback rows, sample identity was exposed although historical augmented bytes are not reproducible."
27e4b1a5d8ca6ef4e08e,Soil_Labeled_Data/M_10_20/L_80_90/alluvial/IMG_0743.JPG,534a73643777b33aa24ed6a44c021dcd8ea7b731cc5210dad334f89e0b2e0ff9,train,HISTORICALLY_EXPOSED,True,True,"High-confidence fine-tune notebooks build one dataset from all 2057 rows. For fallback rows, sample identity was exposed although historical augmented bytes are not reproducible."
a70194087ac5216a3876,Soil_Labeled_Data/M_10_20/L_80_90/alluvial/IMG_0744.JPG,d4583b7b3464534719aeb9a89d474eedc69b3cf40b43c66848e9f3b6f6115026,test,HISTORICALLY_EXPOSED,True,True,"High-confidence fine-tune notebooks build one dataset from all 2057 rows. For fallback rows, sample identity was exposed although historical augmented bytes are not reproducible."
6d22ec6f825d37c64d9f,Soil_Labeled_Data/M_10_20/L_80_90/alluvial/IMG_0745.JPG,edda4eb76b6c84c38fea5aebc6bca76b8c7ffbbbab02bdb454a430833c99ecde,train,HISTORICALLY_EXPOSED,False,True,"High-confidence fine-tune notebooks build one dataset from all 2057 rows. For fallback rows, sample identity was exposed although historical augmented bytes are not reproducible."
9f22c61e6c27ae96aad4,Soil_Labeled_Data/M_10_20/L_80_90/alluvial/IMG_0746.JPG,8008427c848ddcaf8c9fed03f70b0c452d9298386721bde972074d4e584858b0,validation,HISTORICALLY_EXPOSED,False,True,"High-confidence fine-tune notebooks build one dataset from all 2057 rows. For fallback rows, sample identity was exposed although historical augmented bytes are not reproducible."
5f9bbb6ae47babf724b0,Soil_Labeled_Data/M_10_20/L_80_90/alluvial/IMG_0747.JPG,98f420ea5ec5a9db20f33149fa85f2d7464853801769252953d97ea934ed3953,train,HISTORICALLY_EXPOSED,False,True,"High-confidence fine-tune notebooks build one dataset from all 2057 rows. For fallback rows, sample identity was exposed although historical augmented bytes are not reproducible."
f055596ea04eca1236a0,Soil_Labeled_Data/M_10_20/L_80_90/alluvial/IMG_0748.JPG,f8bc7720cda15662bb1ba4e3ac2daf09f4420ee1def6d62bacd58aff97d24c8b,validation,HISTORICALLY_EXPOSED,True,True,"High-confidence fine-tune notebooks build one dataset from all 2057 rows. For fallback rows, sample identity was exposed although historical augmented bytes are not reproducible."
9843ffa15f958a35b871,Soil_Labeled_Data/M_10_20/L_80_90/alluvial/IMG_0749.JPG,405b4715c47ceb5e729d1a27774661785412a326fb97db261aa7271c07822c92,train,HISTORICALLY_EXPOSED,False,True,"High-confidence fine-tune notebooks build one dataset from all 2057 rows. For fallback rows, sample identity was exposed although historical augmented bytes are not reproducible."
f5d663116e5705828088,Soil_Labeled_Data/M_10_20/L_80_90/alluvial/IMG_0750.JPG,50be34eed0e66abc4f6bac15f6fdd182b5a41e9382f77951b2f95c2593707b4a,validation,HISTORICALLY_EXPOSED,False,True,"High-confidence fine-tune notebooks build one dataset from all 2057 rows. For fallback rows, sample identity was exposed although historical augmented bytes are not reproducible."
11ef52f24adbf37dcfe0,Soil_Labeled_Data/M_10_20/L_80_90/alluvial/IMG_0751.JPG,e71702166efad6b72f962a665ebf221f6f5a689ab58d63bea2d33f3b5bea0a06,train,HISTORICALLY_EXPOSED,False,True,"High-confidence fine-tune notebooks build one dataset from all 2057 rows. For fallback rows, sample identity was exposed although historical augmented bytes are not reproducible."
f5c220da2afe85bd166b,Soil_Labeled_Data/M_10_20/L_80_90/alluvial/IMG_0752.JPG,e71702166efad6b72f962a665ebf221f6f5a689ab58d63bea2d33f3b5bea0a06,train,HISTORICALLY_EXPOSED,False,True,"High-confidence fine-tune notebooks build one dataset from all 2057 rows. For fallback rows, sample identity was exposed although historical augmented bytes are not reproducible."
2e10c1e23ee28e7f426d,Soil_Labeled_Data/M_10_20/L_80_90/alluvial/IMG_0753.JPG,a8ffe977d26bd69efaf6a0142ac48b699196edc86d65d4945106de87c9a97809,train,HISTORICALLY_EXPOSED,False,True,"High-confidence fine-tune notebooks build one dataset from all 2057 rows. For fallback rows, sample identity was exposed although historical augmented bytes are not reproducible."
e95f7241b065afec962d,Soil_Labeled_Data/M_10_20/L_80_90/alluvial/IMG_0754.JPG,de463e7bea3358449c559766d2a55714a0d3cc69790cd4b81954cbb94ba2604b,train,HISTORICALLY_EXPOSED,False,True,"High-confidence fine-tune notebooks build one dataset from all 2057 rows. For fallback rows, sample identity was exposed although historical augmented bytes are not reproducible."
fd6cd49b00f07feda88d,Soil_Labeled_Data/M_10_20/L_80_90/alluvial/IMG_0755.JPG,688940dc1ca6d3073cc48905590f8230116495eb6beb49b25d72e76796550ff0,train,HISTORICALLY_EXPOSED,False,True,"High-confidence fine-tune notebooks build one dataset from all 2057 rows. For fallback rows, sample identity was exposed although historical augmented bytes are not reproducible."
ed3b855603054d6cd259,Soil_Labeled_Data/M_10_20/L_80_90/alluvial/IMG_0756.JPG,7efba21eb61d5c807b716cf5d59e84b79918873c4801a9e95eca2ee1befdbb9f,train,HISTORICALLY_EXPOSED,True,True,"High-confidence fine-tune notebooks build one dataset from all 2057 rows. For fallback rows, sample identity was exposed although historical augmented bytes are not reproducible."
93d132742b6b55e9ac3d,Soil_Labeled_Data/M_10_20/L_80_90/alluvial/IMG_0757.JPG,2746273450e1a7d8101832135e632930f65ff0bfb7e569ab2f263d346d531f9b,train,HISTORICALLY_EXPOSED,True,True,"High-confidence fine-tune notebooks build one dataset from all 2057 rows. For fallback rows, sample identity was exposed although historical augmented bytes are not reproducible."
0308ea9aed59285f1583,Soil_Labeled_Data/M_10_20/L_80_90/alluvial/IMG_0758.JPG,2746273450e1a7d8101832135e632930f65ff0bfb7e569ab2f263d346d531f9b,train,HISTORICALLY_EXPOSED,True,True,"High-confidence fine-tune notebooks build one dataset from all 2057 rows. For fallback rows, sample identity was exposed although historical augmented bytes are not reproducible."
50d74ddb41923256737d,Soil_Labeled_Data/M_10_20/L_80_90/alluvial/IMG_0759.JPG,72d98eef29ee1a9a8a3950d36841e46d401cdb1350021cbc6f7e74e11603c0f8,test,HISTORICALLY_EXPOSED,True,True,"High-confidence fine-tune notebooks build one dataset from all 2057 rows. For fallback rows, sample identity was exposed although historical augmented bytes are not reproducible."
98fe83ba4a875d38ffc8,Soil_Labeled_Data/M_10_20/L_80_90/alluvial/IMG_0760.JPG,335f93b7096fabc3a68114e8059a8e21ce0d591798de4cde573718489111b02b,train,HISTORICALLY_EXPOSED,True,True,"High-confidence fine-tune notebooks build one dataset from all 2057 rows. For fallback rows, sample identity was exposed although historical augmented bytes are not reproducible."
c8707575fb8da1c3391a,Soil_Labeled_Data/M_10_20/L_80_90/alluvial/IMG_0761.JPG,335f93b7096fabc3a68114e8059a8e21ce0d591798de4cde573718489111b02b,train,HISTORICALLY_EXPOSED,True,True,"High-confidence fine-tune notebooks build one dataset from all 2057 rows. For fallback rows, sample identity was exposed although historical augmented bytes are not reproducible."
559506302a2ebb1e76b5,Soil_Labeled_Data/M_10_20/L_90_100/alluvial/IMG_0784.JPG,534d7ffadabfdcbdcf64a6e94d64441791b7fb984ee3f84b7b97a0c2f415796d,train,HISTORICALLY_EXPOSED,True,True,"High-confidence fine-tune notebooks build one dataset from all 2057 rows. For fallback rows, sample identity was exposed although historical augmented bytes are not reproducible."
39a5a715d6b7104cee9d,Soil_Labeled_Data/M_10_20/L_90_100/alluvial/IMG_0785.JPG,51d6948495ac8ca739550e7a5104408db631fd6f871b70f11f93aa7b11e1de23,validation,HISTORICALLY_EXPOSED,True,True,"High-confidence fine-tune notebooks build one dataset from all 2057 rows. For fallback rows, sample identity was exposed although historical augmented bytes are not reproducible."
e1b995de23bc843e6c7c,Soil_Labeled_Data/M_10_20/L_90_100/alluvial/IMG_0786.JPG,413cb219fec9c2193199a515c9cb21ce1ea03ad2c94be1d6ef0e46d7515fb7a0,validation,HISTORICALLY_EXPOSED,True,True,"High-confidence fine-tune notebooks build one dataset from all 2057 rows. For fallback rows, sample identity was exposed although historical augmented bytes are not reproducible."
9c3a957332c6103069d5,Soil_Labeled_Data/M_10_20/L_90_100/alluvial/IMG_0787.JPG,d09cc016a15bcc835c28924505a61f62f315ccd3bb386fc9ab78e9b8b6e9f333,test,HISTORICALLY_EXPOSED,True,True,"High-confidence fine-tune notebooks build one dataset from all 2057 rows. For fallback rows, sample identity was exposed although historical augmented bytes are not reproducible."
f2d4da947934d493ee31,Soil_Labeled_Data/M_10_20/L_90_100/alluvial/IMG_0788.JPG,c13f8735fd63a9a9ad9fdaee2fd54313ae594df8cf20b3e4ca05ded45090bf92,train,HISTORICALLY_EXPOSED,True,True,"High-confidence fine-tune notebooks build one dataset from all 2057 rows. For fallback rows, sample identity was exposed although historical augmented bytes are not reproducible."
21dcfe51b1afe6936693,Soil_Labeled_Data/M_10_20/L_90_100/alluvial/IMG_0789.JPG,6071a65bed90ab8f895b1eee1405edd79d9bb76c29c7070eca1a450fe29b8a1d,train,HISTORICALLY_EXPOSED,True,True,"High-confidence fine-tune notebooks build one dataset from all 2057 rows. For fallback rows, sample identity was exposed although historical augmented bytes are not reproducible."
f2c67a300f4bf0ba611c,Soil_Labeled_Data/M_10_20/L_90_100/alluvial/IMG_0790.JPG,98914dacda09bb041dd1ad7300395df59c052168a997db55e3ed0489768e453a,validation,HISTORICALLY_EXPOSED,True,True,"High-confidence fine-tune notebooks build one dataset from all 2057 rows. For fallback rows, sample identity was exposed although historical augmented bytes are not reproducible."
aaef8d37f27f094f83e7,Soil_Labeled_Data/M_10_20/L_90_100/alluvial/IMG_0791.JPG,0286c4e552ff35261a4d2e349c7974751e8812b21349dfe2a94b497361d171e2,train,HISTORICALLY_EXPOSED,True,True,"High-confidence fine-tune notebooks build one dataset from all 2057 rows. For fallback rows, sample identity was exposed although historical augmented bytes are not reproducible."
a7de86662a6d2c478719,Soil_Labeled_Data/M_10_20/L_90_100/alluvial/IMG_0792.JPG,829953a83bc8f13d820098f719201103c7c52f6ee2e2dea7a03ec9a92c382984,test,HISTORICALLY_EXPOSED,False,True,"High-confidence fine-tune notebooks build one dataset from all 2057 rows. For fallback rows, sample identity was exposed although historical augmented bytes are not reproducible."
92655a2a9f7aca7a641b,Soil_Labeled_Data/M_10_20/L_90_100/alluvial/IMG_0793.JPG,829953a83bc8f13d820098f719201103c7c52f6ee2e2dea7a03ec9a92c382984,test,HISTORICALLY_EXPOSED,False,True,"High-confidence fine-tune notebooks build one dataset from all 2057 rows. For fallback rows, sample identity was exposed although historical augmented bytes are not reproducible."
2a70b57ccb3201e1aad8,Soil_Labeled_Data/M_10_20/L_90_100/alluvial/IMG_0794.JPG,7c27eb594e080bb4138985853876a1ec96149a2328ca41c77d8d16a7120c46b6,train,HISTORICALLY_EXPOSED,True,True,"High-confidence fine-tune notebooks build one dataset from all 2057 rows. For fallback rows, sample identity was exposed although historical augmented bytes are not reproducible."
239b1284f6967ca93367,Soil_Labeled_Data/M_10_20/L_90_100/alluvial/IMG_0795.JPG,7c27eb594e080bb4138985853876a1ec96149a2328ca41c77d8d16a7120c46b6,train,HISTORICALLY_EXPOSED,True,True,"High-confidence fine-tune notebooks build one dataset from all 2057 rows. For fallback rows, sample identity was exposed although historical augmented bytes are not reproducible."
58cec573a41504f38dd7,Soil_Labeled_Data/M_10_20/L_90_100/alluvial/IMG_0796.JPG,829953a83bc8f13d820098f719201103c7c52f6ee2e2dea7a03ec9a92c382984,test,HISTORICALLY_EXPOSED,False,True,"High-confidence fine-tune notebooks build one dataset from all 2057 rows. For fallback rows, sample identity was exposed although historical augmented bytes are not reproducible."
96446b279c51e8b6689e,Soil_Labeled_Data/M_10_20/L_90_100/alluvial/IMG_0797.JPG,7c27eb594e080bb4138985853876a1ec96149a2328ca41c77d8d16a7120c46b6,train,HISTORICALLY_EXPOSED,True,True,"High-confidence fine-tune notebooks build one dataset from all 2057 rows. For fallback rows, sample identity was exposed although historical augmented bytes are not reproducible."
df3b97bcb6afc10f523c,Soil_Labeled_Data/M_10_20/L_90_100/alluvial/IMG_0798.JPG,7c27eb594e080bb4138985853876a1ec96149a2328ca41c77d8d16a7120c46b6,train,HISTORICALLY_EXPOSED,True,True,"High-confidence fine-tune notebooks build one dataset from all 2057 rows. For fallback rows, sample identity was exposed although historical augmented bytes are not reproducible."
f445ae3ad8670832ab55,Soil_Labeled_Data/M_10_20/L_90_100/alluvial/IMG_0799.JPG,3387631b90ecc9fa9c4f5dc0a8a361951aecce30149305d4366eeff710dccf52,train,HISTORICALLY_EXPOSED,False,True,"High-confidence fine-tune notebooks build one dataset from all 2057 rows. For fallback rows, sample identity was exposed although historical augmented bytes are not reproducible."
e91e0741619a405d2812,Soil_Labeled_Data/M_10_20/L_90_100/alluvial/IMG_0800.JPG,5f02f1d5832984d13ccf96f2b0122638615f04713c1006a13caa0da636ebec51,train,HISTORICALLY_EXPOSED,False,True,"High-confidence fine-tune notebooks build one dataset from all 2057 rows. For fallback rows, sample identity was exposed although historical augmented bytes are not reproducible."
3967a06e89e6a8b0e9f2,Soil_Labeled_Data/M_10_20/L_90_100/alluvial/IMG_0801.JPG,ff74c606a284e838000ed5a0d35010d032343f7047a4a7eda48dde59512e2c63,train,HISTORICALLY_EXPOSED,False,True,"High-confidence fine-tune notebooks build one dataset from all 2057 rows. For fallback rows, sample identity was exposed although historical augmented bytes are not reproducible."
e8b33b3d534b960c9495,Soil_Labeled_Data/M_10_20/L_90_100/alluvial/IMG_0802.JPG,14d1f4a1c6af6be01dc36c8f3135db21f6d7dff8353667e868565fb350d63149,train,HISTORICALLY_EXPOSED,False,True,"High-confidence fine-tune notebooks build one dataset from all 2057 rows. For fallback rows, sample identity was exposed although historical augmented bytes are not reproducible."
d86244e4e78018e09191,Soil_Labeled_Data/M_10_20/L_90_100/alluvial/IMG_0803.JPG,f2854feaa2d575a9f7c7057329beb9489fbee7c349360a2678ed6be60bb8e80d,train,HISTORICALLY_EXPOSED,False,True,"High-confidence fine-tune notebooks build one dataset from all 2057 rows. For fallback rows, sample identity was exposed although historical augmented bytes are not reproducible."
480652383b86ec93d6c8,Soil_Labeled_Data/M_20_30/L_0_10/alluvial/z5714965535931_464f5679f968f95e9e00c9cbcbd205eb.jpg,c537e0169ff84e5068b0a822d35b8d55e7fc7dff61f4da6028ae60a2d4272701,test,HISTORICALLY_EXPOSED,True,True,"High-confidence fine-tune notebooks build one dataset from all 2057 rows. For fallback rows, sample identity was exposed although historical augmented bytes are not reproducible."
3472c61e472673294947,Soil_Labeled_Data/M_20_30/L_0_10/alluvial/z5714965546728_2f3b17032c9fa9e37c815548ac6f98ff.jpg,c89a0e461a820ee8471f970d8eb1ded8673abe0e7f7839f2e9bade8cbc50e8e4,train,HISTORICALLY_EXPOSED,True,True,"High-confidence fine-tune notebooks build one dataset from all 2057 rows. For fallback rows, sample identity was exposed although historical augmented bytes are not reproducible."
383883a88465589fb8d9,Soil_Labeled_Data/M_20_30/L_0_10/alluvial/z5714965553235_e37e86162ed74a56ea975a0d4a5d3d0c.jpg,0f6a3537c0ec1722ce8dad4d79fa2959c73f9a1197025055bc8a601854ccf3dc,train,HISTORICALLY_EXPOSED,True,True,"High-confidence fine-tune notebooks build one dataset from all 2057 rows. For fallback rows, sample identity was exposed although historical augmented bytes are not reproducible."
c966e00414a945eff494,Soil_Labeled_Data/M_20_30/L_0_10/alluvial/z5714965554840_af62cc3f766d17019b0daad9e13a575a.jpg,76120f1c3b26457dd7cada2ff85ffd1c58833c4022dff1476dc9b51b3b178fe5,train,HISTORICALLY_EXPOSED,True,True,"High-confidence fine-tune notebooks build one dataset from all 2057 rows. For fallback rows, sample identity was exposed although historical augmented bytes are not reproducible."
d31cfd704a631cd5ce0b,Soil_Labeled_Data/M_20_30/L_0_10/alluvial/z5714965563324_4efb3994361977b22f588c03b167d53d.jpg,c174bf2c43df7680a4e87959d32f3f512842c1a152186e898e524e6cdaae0068,train,HISTORICALLY_EXPOSED,True,True,"High-confidence fine-tune notebooks build one dataset from all 2057 rows. For fallback rows, sample identity was exposed although historical augmented bytes are not reproducible."
32d664ca348807b8aa1d,Soil_Labeled_Data/M_20_30/L_0_10/alluvial/z5714965567271_aa8539c2d18eb40af7acbf304dd90192.jpg,f592b22371dc8f83673af816ddd70c0f99376cbd55f34c047df8885f1cead784,train,HISTORICALLY_EXPOSED,True,True,"High-confidence fine-tune notebooks build one dataset from all 2057 rows. For fallback rows, sample identity was exposed although historical augmented bytes are not reproducible."
656d2e70d19203a892e4,Soil_Labeled_Data/M_20_30/L_0_10/alluvial/z5714965599124_edcfe5d6a6f919fd0c63e487ab8b6e69.jpg,f19c7758951ecb222cb126e6897f69454aff379c78cc9d47868a71d5d5e2246d,test,HISTORICALLY_EXPOSED,True,True,"High-confidence fine-tune notebooks build one dataset from all 2057 rows. For fallback rows, sample identity was exposed although historical augmented bytes are not reproducible."
ae9eb8a5b4cdfdf0221e,Soil_Labeled_Data/M_20_30/L_0_10/alluvial/z5714965599124_edcfe5d6a6f919fd0c63e487ab8b6e69_aug_00_gray_brown.jpg,9741ee8e9aa8fcce61d346c8b4d3d894df10875bebc767b423ba71b25d90fec8,test,HISTORICALLY_EXPOSED,True,True,"High-confidence fine-tune notebooks build one dataset from all 2057 rows. For fallback rows, sample identity was exposed although historical augmented bytes are not reproducible."
47d0da5074019e07a5e9,Soil_Labeled_Data/M_20_30/L_0_10/alluvial/z5714965599305_f08f6f7c6a2ee076d5aefa39d8e49caa.jpg,d145c6088827c362c3bff803870ecd2912bae0fb6395f28c99a30c4234c86ea8,train,HISTORICALLY_EXPOSED,True,True,"High-confidence fine-tune notebooks build one dataset from all 2057 rows. For fallback rows, sample identity was exposed although historical augmented bytes are not reproducible."
52590b19e4c0536a6e38,Soil_Labeled_Data/M_20_30/L_0_10/alluvial/z5714965628938_87cf29883152c515ea637696b39ae83c.jpg,f5c7265753e084583bd4f841cb0523f1bbd162928d16346b48a9b458d028a2e8,train,HISTORICALLY_EXPOSED,True,True,"High-confidence fine-tune notebooks build one dataset from all 2057 rows. For fallback rows, sample identity was exposed although historical augmented bytes are not reproducible."
b26365b0a8653729898e,Soil_Labeled_Data/M_20_30/L_0_10/alluvial/z5714965630965_151f23808045518e5793b396df7168de.jpg,f2971d14dd8ce3c7af4afa10d7a25e0331d0a78ed4602568e6f1d5571a38ca3d,train,HISTORICALLY_EXPOSED,True,True,"High-confidence fine-tune notebooks build one dataset from all 2057 rows. For fallback rows, sample identity was exposed although historical augmented bytes are not reproducible."
9f2b4d95dba0cf78e550,Soil_Labeled_Data/M_20_30/L_0_10/alluvial/z5714965636952_12ed0578aa6f55460629a52944586bc7.jpg,68e16a7092851252596fb04622e99a9f79734e1b315a9dfeb13579c2ce9c701e,train,HISTORICALLY_EXPOSED,True,True,"High-confidence fine-tune notebooks build one dataset from all 2057 rows. For fallback rows, sample identity was exposed although historical augmented bytes are not reproducible."
6c6bf375c31209d84bd9,Soil_Labeled_Data/M_20_30/L_0_10/alluvial/z5714965667397_eabc5642691eca0e0aedc2fed6a3e187.jpg,a40b87c64d1878bcb383a561c3d249fb42e111f00a133ee9970d8b14789425f7,test,HISTORICALLY_EXPOSED,True,True,"High-confidence fine-tune notebooks build one dataset from all 2057 rows. For fallback rows, sample identity was exposed although historical augmented bytes are not reproducible."
198ebdbf8c8ac6c3f1d1,Soil_Labeled_Data/M_20_30/L_0_10/alluvial/z5714965668971_7343e5a027e18989bc0327d711be74b8.jpg,a17db1ebf36f177b43a88cb4bc8f819464f2f55c8da1470f86764da74a352b9d,train,HISTORICALLY_EXPOSED,True,True,"High-confidence fine-tune notebooks build one dataset from all 2057 rows. For fallback rows, sample identity was exposed although historical augmented bytes are not reproducible."
e55830123bb44e6c6dce,Soil_Labeled_Data/M_20_30/L_0_10/alluvial/z5714965678724_b5f071390078955702403ceaf12bf111.jpg,9af9065f5494dfa307bc55d61a4c4d6d0e79edfd749cfcbd4b97ac7bd4bb3568,validation,HISTORICALLY_EXPOSED,True,True,"High-confidence fine-tune notebooks build one dataset from all 2057 rows. For fallback rows, sample identity was exposed although historical augmented bytes are not reproducible."
ed5e07250a066604176c,Soil_Labeled_Data/M_20_30/L_0_10/alluvial/z5714965682723_ec9d4aaeda81f7ee14e7e5c2463883f2.jpg,a5705b4175362de666c097be4b32586a0c0d422163c01ec4c6d9a760a7a2a9fc,train,HISTORICALLY_EXPOSED,True,True,"High-confidence fine-tune notebooks build one dataset from all 2057 rows. For fallback rows, sample identity was exposed although historical augmented bytes are not reproducible."
b7064eeb1c3537997546,Soil_Labeled_Data/M_20_30/L_0_10/alluvial/z5714965691103_850a4c82f12adc83d3254644774f6ea3.jpg,b989f14a454b49162b89c7ba96ae05dd531c6903ffb1fcea9c8a92dc8e97b3a4,train,HISTORICALLY_EXPOSED,True,True,"High-confidence fine-tune notebooks build one dataset from all 2057 rows. For fallback rows, sample identity was exposed although historical augmented bytes are not reproducible."
bb17009c24f8f3afa6e3,Soil_Labeled_Data/M_20_30/L_0_10/alluvial/z5714965700449_63e809d451c312d7c931d3e7c44ed7de.jpg,a9d66b08fb94f39b43f26d35e4dbfbd3a4c8e4770a5cadd7d6b7aa8b082cf1f9,train,HISTORICALLY_EXPOSED,True,True,"High-confidence fine-tune notebooks build one dataset from all 2057 rows. For fallback rows, sample identity was exposed although historical augmented bytes are not reproducible."
b77ae14cbb6c715c4195,Soil_Labeled_Data/M_20_30/L_0_10/alluvial/z5714965705547_7ec0fa0bfca51f5158d0ac209e2e7e81.jpg,532faee2e423399d65b739401f428f5bfc55377d1733307aa020cc8a545ca5cb,validation,HISTORICALLY_EXPOSED,True,True,"High-confidence fine-tune notebooks build one dataset from all 2057 rows. For fallback rows, sample identity was exposed although historical augmented bytes are not reproducible."
377507663e738dfda76d,Soil_Labeled_Data/M_20_30/L_0_10/alluvial/z5714965710784_a5c59ffb2ea6eb0610d8686f48dde27a.jpg,3100b28a20ba4ab7201010103c544f60af44ecbdb60593e3e853931449ad40b8,train,HISTORICALLY_EXPOSED,True,True,"High-confidence fine-tune notebooks build one dataset from all 2057 rows. For fallback rows, sample identity was exposed although historical augmented bytes are not reproducible."
6b13b31b5f894fe5ea53,Soil_Labeled_Data/M_20_30/L_10_20/alluvial/z5714985845450_ec19dc359d5c6f61662529b11bbbc7ee.jpg,28a70d0a81be43333081273fe60c29461da1ad16d935caa6a3ce5e41be0bf145,train,HISTORICALLY_EXPOSED,True,True,"High-confidence fine-tune notebooks build one dataset from all 2057 rows. For fallback rows, sample identity was exposed although historical augmented bytes are not reproducible."
b5b53f1bedbcdbda06c5,Soil_Labeled_Data/M_20_30/L_10_20/alluvial/z5714985888601_85cc32f9a4211a207e7eef5f65ba235f.jpg,fc9e7458c3ca5c13e4bc667fd853e1daea99b4703a77b33afc8c55a0ce5105f8,train,HISTORICALLY_EXPOSED,True,True,"High-confidence fine-tune notebooks build one dataset from all 2057 rows. For fallback rows, sample identity was exposed although historical augmented bytes are not reproducible."
15a6c06746c51fa93875,Soil_Labeled_Data/M_20_30/L_10_20/alluvial/z5714985927878_c9fcc8f78bbea4865435840a31079da3.jpg,4a82a3ce8f9b3b29a9461da28e448b23c1327b0d20f22fc56cf1aa14469822b3,train,HISTORICALLY_EXPOSED,True,True,"High-confidence fine-tune notebooks build one dataset from all 2057 rows. For fallback rows, sample identity was exposed although historical augmented bytes are not reproducible."
05c3694196294e4ea772,Soil_Labeled_Data/M_20_30/L_10_20/alluvial/z5714985970348_ad1f07733c9a332ae8eee2ea342a4d51.jpg,60d40539d0d09b36da51e5636489c02d3d80daff6a75cf3affe6f62246fb44d8,train,HISTORICALLY_EXPOSED,True,True,"High-confidence fine-tune notebooks build one dataset from all 2057 rows. For fallback rows, sample identity was exposed although historical augmented bytes are not reproducible."
f5d2a85a73d8d4c03ba7,Soil_Labeled_Data/M_20_30/L_10_20/alluvial/z5714986007603_84a394e6faf236a06520c00d419fe46a.jpg,196a0b0fe31c3a016794bbf2649f5d66109f99705d4568a8ae7b3800084f4e50,test,HISTORICALLY_EXPOSED,True,True,"High-confidence fine-tune notebooks build one dataset from all 2057 rows. For fallback rows, sample identity was exposed although historical augmented bytes are not reproducible."
1bfc8a2ff69ac6c0a3d7,Soil_Labeled_Data/M_20_30/L_10_20/alluvial/z5714986043962_219c585b2d79797c041cb7fa8f032a51.jpg,9968c5cec7c2aadb6ed36235cc52ec0ce42423d31b68178987f32bfefb91f315,train,HISTORICALLY_EXPOSED,True,True,"High-confidence fine-tune notebooks build one dataset from all 2057 rows. For fallback rows, sample identity was exposed although historical augmented bytes are not reproducible."
e59095a78fdf4d4cf759,Soil_Labeled_Data/M_20_30/L_10_20/alluvial/z5714986081390_b5b13481db1716bdbeb544ec7612b7d3.jpg,847bbe66476c5fd42b5263d2cae9eb360ede6555f899ea1b4d7f0273bf3d1108,validation,HISTORICALLY_EXPOSED,True,True,"High-confidence fine-tune notebooks build one dataset from all 2057 rows. For fallback rows, sample identity was exposed although historical augmented bytes are not reproducible."
60e47414642cb0373142,Soil_Labeled_Data/M_20_30/L_10_20/alluvial/z5714986127068_7b0708935dcabf245fb09e3fa2b4089d.jpg,0644fd5c5787ee0ceaf99cb79164f48714b42fad5be956d08d5da5f98dbd27b4,train,HISTORICALLY_EXPOSED,True,True,"High-confidence fine-tune notebooks build one dataset from all 2057 rows. For fallback rows, sample identity was exposed although historical augmented bytes are not reproducible."
a7d4aec3e32b24ed8acc,Soil_Labeled_Data/M_20_30/L_10_20/alluvial/z5714986164673_b9f89648aac68925684f12c7e0b0ea53.jpg,58c715ad69caf5e646db065068b54196f83af69b29c73719981d413a9ecdc666,train,HISTORICALLY_EXPOSED,True,True,"High-confidence fine-tune notebooks build one dataset from all 2057 rows. For fallback rows, sample identity was exposed although historical augmented bytes are not reproducible."
c9bf0680ff10236e568e,Soil_Labeled_Data/M_20_30/L_10_20/alluvial/z5714986221023_64dc10d438d03f5e02b16297820bdcd1.jpg,ec65669d76f1196e775279097d7f8a0121af3262776531dbd3abfc2343ae1dc8,train,HISTORICALLY_EXPOSED,True,True,"High-confidence fine-tune notebooks build one dataset from all 2057 rows. For fallback rows, sample identity was exposed although historical augmented bytes are not reproducible."
935acb838cca18ed40a6,Soil_Labeled_Data/M_20_30/L_10_20/alluvial/z5714986240829_8faaa02ab427da251da711ef8588ecbf.jpg,bd48aca0cbdba3343c33fb1fc04defcb40c268afaa332589ab994d32f8a17253,train,HISTORICALLY_EXPOSED,True,True,"High-confidence fine-tune notebooks build one dataset from all 2057 rows. For fallback rows, sample identity was exposed although historical augmented bytes are not reproducible."
2ecdf184da31604f81b2,Soil_Labeled_Data/M_20_30/L_10_20/alluvial/z5714986258171_aaac5da2c529b5d376ab2fac25ae4728.jpg,24c05cdc31a204fbd35c7520d454c51aa47f15462db66ed4a7cd0609e9ddf75a,validation,HISTORICALLY_EXPOSED,True,True,"High-confidence fine-tune notebooks build one dataset from all 2057 rows. For fallback rows, sample identity was exposed although historical augmented bytes are not reproducible."
54eddc0e9986c352c48a,Soil_Labeled_Data/M_20_30/L_10_20/alluvial/z5714986276373_7217217ecb4aa40dd8c2fb91da7038d1.jpg,d15792855f70a250f69689731e9da58d00206dd01464119723ffcd4d28cb8fd8,train,HISTORICALLY_EXPOSED,True,True,"High-confidence fine-tune notebooks build one dataset from all 2057 rows. For fallback rows, sample identity was exposed although historical augmented bytes are not reproducible."
82eb4ee860c4a8a14ef4,Soil_Labeled_Data/M_20_30/L_10_20/alluvial/z5714986295424_144877ce7886dd191321501be23792ba.jpg,1ff3368b79d1e641435766c2e930ecce081eb8cb1e97fc0e1f0ad4849019b892,test,HISTORICALLY_EXPOSED,True,True,"High-confidence fine-tune notebooks build one dataset from all 2057 rows. For fallback rows, sample identity was exposed although historical augmented bytes are not reproducible."
feddd87b7e947bc2b9a1,Soil_Labeled_Data/M_20_30/L_10_20/alluvial/z5714986313508_ea07db02e33f97bd2c324c9febbafbeb.jpg,8653daf40acd4b060641fad2e4b0ff9159cc8c4fa62d4944e7e5c25d533bd9fd,train,HISTORICALLY_EXPOSED,True,True,"High-confidence fine-tune notebooks build one dataset from all 2057 rows. For fallback rows, sample identity was exposed although historical augmented bytes are not reproducible."
0d6cd292dee1f411b2ea,Soil_Labeled_Data/M_20_30/L_10_20/alluvial/z5714986338334_7baa1f084f7d1214631899a44e8e53a5.jpg,920f63e6e976b1ef1a1b1af85b5c71903dec429f8b3d738782c2d70f86dd9f09,validation,HISTORICALLY_EXPOSED,True,True,"High-confidence fine-tune notebooks build one dataset from all 2057 rows. For fallback rows, sample identity was exposed although historical augmented bytes are not reproducible."
871382cb2abb0a8fa52e,Soil_Labeled_Data/M_20_30/L_10_20/alluvial/z5714986359203_191c5eae368646e197aa9132790381b6.jpg,2e25199dd7a8335fc23ac9ec29fea9df4b7a343c23631ccd0929837bd9f0cd3c,validation,HISTORICALLY_EXPOSED,True,True,"High-confidence fine-tune notebooks build one dataset from all 2057 rows. For fallback rows, sample identity was exposed although historical augmented bytes are not reproducible."
06780bdf0eb46c2add77,Soil_Labeled_Data/M_20_30/L_10_20/alluvial/z5714986376924_7f85544d61473c9e71444f6e16c5abcd.jpg,dcc9ddf888b4f1448738532d096ef5f1ecc8155a57cbc6e9213b25058e58b1bd,train,HISTORICALLY_EXPOSED,True,True,"High-confidence fine-tune notebooks build one dataset from all 2057 rows. For fallback rows, sample identity was exposed although historical augmented bytes are not reproducible."
6a7ab8fedbeaef84c7fa,Soil_Labeled_Data/M_20_30/L_10_20/alluvial/z5714986396698_7aecc048ffacb154d43449978be0bc2a.jpg,d37420bd3a9103b5145160537e402ba61ba64a292d151565c35ee0f7d342e97c,train,HISTORICALLY_EXPOSED,True,True,"High-confidence fine-tune notebooks build one dataset from all 2057 rows. For fallback rows, sample identity was exposed although historical augmented bytes are not reproducible."
84ba038bd8bde98d39cd,Soil_Labeled_Data/M_20_30/L_10_20/alluvial/z5714986416998_fbe890e9784463e99c018816a93a3ddd.jpg,0de824d7b977f80724928fbf090f76614d960a7910d7e63be07daa82c42eef48,train,HISTORICALLY_EXPOSED,True,True,"High-confidence fine-tune notebooks build one dataset from all 2057 rows. For fallback rows, sample identity was exposed although historical augmented bytes are not reproducible."
76090dea1aa120a001d9,Soil_Labeled_Data/M_20_30/L_20_30/alluvial/z5715012121001_477175962804fef0e43ee7cc417789aa.jpg,a9bc58d2a099a15c3718d37efce8538562ff26b2e641af14e978e7752789cc00,train,HISTORICALLY_EXPOSED,True,True,"High-confidence fine-tune notebooks build one dataset from all 2057 rows. For fallback rows, sample identity was exposed although historical augmented bytes are not reproducible."
a9a3de8f47b5bbc28ba4,Soil_Labeled_Data/M_20_30/L_20_30/alluvial/z5715012121001_477175962804fef0e43ee7cc417789aa_aug_00_gray_brown.jpg,1d0b3fb0301c4e9512cb8ba80ce782cad2d7cbc2d718b262839b56670f09ca40,train,HISTORICALLY_EXPOSED,True,True,"High-confidence fine-tune notebooks build one dataset from all 2057 rows. For fallback rows, sample identity was exposed although historical augmented bytes are not reproducible."
b34cc7cb99effcf8783a,Soil_Labeled_Data/M_20_30/L_20_30/alluvial/z5715012162219_36bf4fe734f37f6f57e09469a7d3ee4e.jpg,6614f5aa9604476ec3392729b8faade09b9c2d8627bcd8ef201f0e10f17ab2ea,train,HISTORICALLY_EXPOSED,True,True,"High-confidence fine-tune notebooks build one dataset from all 2057 rows. For fallback rows, sample identity was exposed although historical augmented bytes are not reproducible."
9468bcf90abb37288b86,Soil_Labeled_Data/M_20_30/L_20_30/alluvial/z5715012209134_66b49a434ed23483ff4f2f2e8312c029.jpg,440140d01d9c43cbb8b8e66fcd4223c1846ca95a5b1fb35d622395dd0ccb13ff,train,HISTORICALLY_EXPOSED,True,True,"High-confidence fine-tune notebooks build one dataset from all 2057 rows. For fallback rows, sample identity was exposed although historical augmented bytes are not reproducible."
a9a125308348027e05be,Soil_Labeled_Data/M_20_30/L_20_30/alluvial/z5715012267833_24c532be0a21771c38c6a413eb0125f9.jpg,83e7b48f45d1924495003b41bc35d2302ba2eb2c64a0f181b88ec55ebb19cef3,train,HISTORICALLY_EXPOSED,True,True,"High-confidence fine-tune notebooks build one dataset from all 2057 rows. For fallback rows, sample identity was exposed although historical augmented bytes are not reproducible."
9c020df636da9f36d2c1,Soil_Labeled_Data/M_20_30/L_20_30/alluvial/z5715012320619_e928564a75c588128ffd41f70a47283b.jpg,41f52985afc27a8ce6e04f7718fb25577895bfce911530fecd2755242dd412c6,train,HISTORICALLY_EXPOSED,True,True,"High-confidence fine-tune notebooks build one dataset from all 2057 rows. For fallback rows, sample identity was exposed although historical augmented bytes are not reproducible."
c7426300fade69437106,Soil_Labeled_Data/M_20_30/L_20_30/alluvial/z5715012355453_a9dd8ce901605acdca4801afba02c4f3.jpg,088034123413c50f2f304ace37c8c50d46b934065a74ec0100cf7c4cc077a742,validation,HISTORICALLY_EXPOSED,True,True,"High-confidence fine-tune notebooks build one dataset from all 2057 rows. For fallback rows, sample identity was exposed although historical augmented bytes are not reproducible."
41c5d954f0e65a62c31d,Soil_Labeled_Data/M_20_30/L_20_30/alluvial/z5715012402543_002694e281c224d1c457390894c19dce.jpg,767daeb827487c8a6fc657bfd98be151b8e497fa90f8e7418d73b8b360453f85,train,HISTORICALLY_EXPOSED,True,True,"High-confidence fine-tune notebooks build one dataset from all 2057 rows. For fallback rows, sample identity was exposed although historical augmented bytes are not reproducible."
04b6c6f8303ccb798c86,Soil_Labeled_Data/M_20_30/L_20_30/alluvial/z5715012440512_6f9e0dacf2e0eeba56b48f8a847384db.jpg,b8b46e28a53466729eba04c67ce979fb7c313172f6fafde4ce18a392286526d8,train,HISTORICALLY_EXPOSED,True,True,"High-confidence fine-tune notebooks build one dataset from all 2057 rows. For fallback rows, sample identity was exposed although historical augmented bytes are not reproducible."
f3c66d258f29af21f9a4,Soil_Labeled_Data/M_20_30/L_20_30/alluvial/z5715012486971_a0c3c7f3f4c19d727bb411742fc4dc50.jpg,2c2de920166d2aca1e9d840b43d5752e477246701f6dc03f273173e8cab07e09,test,HISTORICALLY_EXPOSED,True,True,"High-confidence fine-tune notebooks build one dataset from all 2057 rows. For fallback rows, sample identity was exposed although historical augmented bytes are not reproducible."
7f23537c69ca26795217,Soil_Labeled_Data/M_20_30/L_20_30/alluvial/z5715012505252_a84387ca0df52c42bca79e95542a198a.jpg,9a61e4ef2a4efed3af7311ea7516cb88a86702a20bad78d31f42fff673bb96c6,validation,HISTORICALLY_EXPOSED,True,True,"High-confidence fine-tune notebooks build one dataset from all 2057 rows. For fallback rows, sample identity was exposed although historical augmented bytes are not reproducible."
a6e4deb30e9a1dad5e74,Soil_Labeled_Data/M_20_30/L_20_30/alluvial/z5715012522212_a624a78ac793d13f0d6b7264d73e4c85.jpg,d1be69952308cf7c3bbac6a02beac116fd6ae67bfce2376f367961723457f313,train,HISTORICALLY_EXPOSED,True,True,"High-confidence fine-tune notebooks build one dataset from all 2057 rows. For fallback rows, sample identity was exposed although historical augmented bytes are not reproducible."
3de409f5c12ed54f4751,Soil_Labeled_Data/M_20_30/L_20_30/alluvial/z5715012548726_af81883cf33844b1e6e45221faf44bd8.jpg,98400dac8661eaee9b343ce800be4ea64da83d676169db61cdeae32f579766d0,train,HISTORICALLY_EXPOSED,True,True,"High-confidence fine-tune notebooks build one dataset from all 2057 rows. For fallback rows, sample identity was exposed although historical augmented bytes are not reproducible."
47e3d665422f2985d55c,Soil_Labeled_Data/M_20_30/L_20_30/alluvial/z5715012567240_bdbe9df15e56e0782a6b14845eb9ee18.jpg,c83591cb949b8037aeac502bf8c8481e0062aa60ca5c0e6655fa70db1da8b996,train,HISTORICALLY_EXPOSED,True,True,"High-confidence fine-tune notebooks build one dataset from all 2057 rows. For fallback rows, sample identity was exposed although historical augmented bytes are not reproducible."
7de88d8d4b9c5d9bc407,Soil_Labeled_Data/M_20_30/L_20_30/alluvial/z5715012582853_4ec486e5c7f119d2074f17f6f73e6d0b.jpg,f0df424233ae72b1cdf2e39839d4fbced98507c612a74aa9066bb2972b29100b,train,HISTORICALLY_EXPOSED,True,True,"High-confidence fine-tune notebooks build one dataset from all 2057 rows. For fallback rows, sample identity was exposed although historical augmented bytes are not reproducible."
e8c04e7343d52a3b8ac2,Soil_Labeled_Data/M_20_30/L_20_30/alluvial/z5715012600153_2bcf8889a7a0e238e973ae86637cc21f.jpg,007d724eb33c49f0b5c14468b1631e8ea14ff67875a92fd332bee17fd2c02842,train,HISTORICALLY_EXPOSED,True,True,"High-confidence fine-tune notebooks build one dataset from all 2057 rows. For fallback rows, sample identity was exposed although historical augmented bytes are not reproducible."
6a5227c92cf61aa0352f,Soil_Labeled_Data/M_20_30/L_20_30/alluvial/z5715012617882_a8a1e0951772990bc0c02de25682784b.jpg,d97b5264ce33d90e45a7f95f5e56aa28d41759a95aea4578bf5f1783d1bfb632,train,HISTORICALLY_EXPOSED,True,True,"High-confidence fine-tune notebooks build one dataset from all 2057 rows. For fallback rows, sample identity was exposed although historical augmented bytes are not reproducible."
9f3b4374a8c277eae773,Soil_Labeled_Data/M_20_30/L_20_30/alluvial/z5715012634208_474c08941178b38c9453fda2ccccb922.jpg,476b0cf50c72963960678512f28b7a7b37c70caf4110c29f8ccb26b7ce2bcc18,validation,HISTORICALLY_EXPOSED,True,True,"High-confidence fine-tune notebooks build one dataset from all 2057 rows. For fallback rows, sample identity was exposed although historical augmented bytes are not reproducible."
5d74c26c609b50260413,Soil_Labeled_Data/M_20_30/L_20_30/alluvial/z5715012651576_9cd50bf75fc2aa0868eb841cf830eb56.jpg,9fcdbf7138f644c88b78320f546fafc4bc52e397069c664664eccd3362dd8c7a,train,HISTORICALLY_EXPOSED,True,True,"High-confidence fine-tune notebooks build one dataset from all 2057 rows. For fallback rows, sample identity was exposed although historical augmented bytes are not reproducible."
3cbde2ce407b03bd67a5,Soil_Labeled_Data/M_20_30/L_20_30/alluvial/z5715012669989_f6f4b1390ebb547cf8281f94d60ded3f.jpg,27e7ac81d6f9bca8f868ef965ad3c8998d8486a3358f77e5981490762ab98c98,train,HISTORICALLY_EXPOSED,True,True,"High-confidence fine-tune notebooks build one dataset from all 2057 rows. For fallback rows, sample identity was exposed although historical augmented bytes are not reproducible."
f08a027c3e01c7c6d61d,Soil_Labeled_Data/M_20_30/L_30_40/alluvial/z5715029806169_d141358003ef92f28a2c4af039de29e2.jpg,ed5a24840762d026c9b3df17ea7067e6ac47d787dccbd85e128ccbd862e43e84,train,HISTORICALLY_EXPOSED,True,True,"High-confidence fine-tune notebooks build one dataset from all 2057 rows. For fallback rows, sample identity was exposed although historical augmented bytes are not reproducible."
b1e51868142afdd54fbc,Soil_Labeled_Data/M_20_30/L_30_40/alluvial/z5715029856624_b5f3f36f747ba9d693650417bd7f7311.jpg,c8dbe093847163b6b44f9d2d3e84f5c4691bc9662a573a211a2dc99c8bdf2bf3,validation,HISTORICALLY_EXPOSED,True,True,"High-confidence fine-tune notebooks build one dataset from all 2057 rows. For fallback rows, sample identity was exposed although historical augmented bytes are not reproducible."
2f0f596362e2eb6cfdc6,Soil_Labeled_Data/M_20_30/L_30_40/alluvial/z5715033015455_b6b166892d16bc601c995ef7c3cba07c.jpg,948c1ecaef1069d980977c8290848ea891f053c9156d6855e8e06be1f1ead76c,validation,HISTORICALLY_EXPOSED,True,True,"High-confidence fine-tune notebooks build one dataset from all 2057 rows. For fallback rows, sample identity was exposed although historical augmented bytes are not reproducible."
cfb36334f5c88f123590,Soil_Labeled_Data/M_20_30/L_30_40/alluvial/z5715033050608_93ef4176e27d9819f84690ffd100ff7f.jpg,aae03986dc269d9651e4b437e4a2f85a4dd777133347a18cd5cf7bd85f2c17cf,train,HISTORICALLY_EXPOSED,True,True,"High-confidence fine-tune notebooks build one dataset from all 2057 rows. For fallback rows, sample identity was exposed although historical augmented bytes are not reproducible."
b71d3198378423754b9e,Soil_Labeled_Data/M_20_30/L_30_40/alluvial/z5715033091251_2f0c5b8266edccf2943f76d81aa3d9f9.jpg,d45fd7fd48ce683b1f33b9b528a03c8212629fe1655d1a4af1b5667ebca52da2,train,HISTORICALLY_EXPOSED,True,True,"High-confidence fine-tune notebooks build one dataset from all 2057 rows. For fallback rows, sample identity was exposed although historical augmented bytes are not reproducible."
7777e047114d2c57e1d1,Soil_Labeled_Data/M_20_30/L_30_40/alluvial/z5715033125341_3bd0d4755ee23ca0a1198308bbcfa319.jpg,3bc7b49b401fdbe665e29a7554fabd940d0956e462403d9e577003a54239e1e8,train,HISTORICALLY_EXPOSED,True,True,"High-confidence fine-tune notebooks build one dataset from all 2057 rows. For fallback rows, sample identity was exposed although historical augmented bytes are not reproducible."
5c3b5dd14dcd0d8ba58c,Soil_Labeled_Data/M_20_30/L_30_40/alluvial/z5715033161682_fe993aeb99229235b1f857c2acc0e5e3.jpg,83d72d39c5580a7eb6d61bb9dafb82322fd2ced7cd7394fd37cc7fd4f9e483ba,train,HISTORICALLY_EXPOSED,True,True,"High-confidence fine-tune notebooks build one dataset from all 2057 rows. For fallback rows, sample identity was exposed although historical augmented bytes are not reproducible."
0ad12711733d1c282aa7,Soil_Labeled_Data/M_20_30/L_30_40/alluvial/z5715033198682_111f474dcf904f18e89ceaadb5059e4d.jpg,b8b1fe9e5db7189034913b2cb81da1bde6aac29fb3a6bc4682a420f93ea34515,train,HISTORICALLY_EXPOSED,True,True,"High-confidence fine-tune notebooks build one dataset from all 2057 rows. For fallback rows, sample identity was exposed although historical augmented bytes are not reproducible."
da6e779a2b5a7f08d063,Soil_Labeled_Data/M_20_30/L_30_40/alluvial/z5715033231561_52d0ded937670b6841124e0b4241344b.jpg,e666f118120656d6f2d322fd1402c387788ea803fb1639f12262445da5fb5c3d,test,HISTORICALLY_EXPOSED,True,True,"High-confidence fine-tune notebooks build one dataset from all 2057 rows. For fallback rows, sample identity was exposed although historical augmented bytes are not reproducible."
7cc7d1db6a08f2533da0,Soil_Labeled_Data/M_20_30/L_30_40/alluvial/z5715033267311_57d2cf58f22e781479c4bb3e0a80eaf8.jpg,6468356e7f33f0a5d99ee2adb46daf9fbb43724e7517d85dd7b6e5009c293967,train,HISTORICALLY_EXPOSED,True,True,"High-confidence fine-tune notebooks build one dataset from all 2057 rows. For fallback rows, sample identity was exposed although historical augmented bytes are not reproducible."
dadb38ea6c4202e18e0c,Soil_Labeled_Data/M_20_30/L_30_40/alluvial/z5715033283250_9662b1abd36bcc15d631c026ef505c58.jpg,7c060695fe3ee48bd411054b2aa52aad3ddb46c98beb4df2b2d50873630de936,train,HISTORICALLY_EXPOSED,True,True,"High-confidence fine-tune notebooks build one dataset from all 2057 rows. For fallback rows, sample identity was exposed although historical augmented bytes are not reproducible."
4893dd9cc220336e731c,Soil_Labeled_Data/M_20_30/L_30_40/alluvial/z5715033299586_fb56ad2741cffe50431dafd79108d8c2.jpg,238fd2a612f8e9b0c4a557291ea9e02715d7d8ce57c74316c6db31ca4fde82a4,train,HISTORICALLY_EXPOSED,True,True,"High-confidence fine-tune notebooks build one dataset from all 2057 rows. For fallback rows, sample identity was exposed although historical augmented bytes are not reproducible."
0a4792456b30b155223a,Soil_Labeled_Data/M_20_30/L_30_40/alluvial/z5715033318232_05ae3184e016089055c9d59e609b3289.jpg,121460f1e2f97f1348e5c132ac4025af43268c0a95e3e957b35c2a3b8a760eeb,train,HISTORICALLY_EXPOSED,True,True,"High-confidence fine-tune notebooks build one dataset from all 2057 rows. For fallback rows, sample identity was exposed although historical augmented bytes are not reproducible."
ede4e4a45e89b6d6a7fe,Soil_Labeled_Data/M_20_30/L_30_40/alluvial/z5715033318232_05ae3184e016089055c9d59e609b3289_aug_01_wet_gray.jpg,901930a1b76bf0f1090d293192faac7f142dd920c128031b6485a775de931ba8,train,HISTORICALLY_EXPOSED,True,True,"High-confidence fine-tune notebooks build one dataset from all 2057 rows. For fallback rows, sample identity was exposed although historical augmented bytes are not reproducible."
14f5b008a1177542471d,Soil_Labeled_Data/M_20_30/L_30_40/alluvial/z5715033334120_d2ab5328ab459778cac71bdcc7ae7a3d.jpg,e2408d2d05484bca3c4fc972b0c663278b6b7948d5da83b35ceae12a4fd68655,train,HISTORICALLY_EXPOSED,True,True,"High-confidence fine-tune notebooks build one dataset from all 2057 rows. For fallback rows, sample identity was exposed although historical augmented bytes are not reproducible."
6259c5d90f0e13f5c427,Soil_Labeled_Data/M_20_30/L_30_40/alluvial/z5715033351293_3cfa210d233a82a54901fd9dbe304e6b.jpg,c30b6b99e960e0bbb4f0726db62f8b3597e1396e6e7455df86aa514f6d07cb7a,train,HISTORICALLY_EXPOSED,True,True,"High-confidence fine-tune notebooks build one dataset from all 2057 rows. For fallback rows, sample identity was exposed although historical augmented bytes are not reproducible."
6e34bfc98e8ac057cd8a,Soil_Labeled_Data/M_20_30/L_30_40/alluvial/z5715033368981_cb6e02e9f14f705f9c888a15f8d6b961.jpg,be03d989fc8f4c72722a611e46f6fe5562d4d8e14706ee6c8f152f1c80eb8b46,train,HISTORICALLY_EXPOSED,True,True,"High-confidence fine-tune notebooks build one dataset from all 2057 rows. For fallback rows, sample identity was exposed although historical augmented bytes are not reproducible."
878fb5ece43dc4acba2d,Soil_Labeled_Data/M_20_30/L_30_40/alluvial/z5715033382946_84a54237fc04c6f8bcc3e0a0e31f219c.jpg,48d30dd15f72ca44cd1e6ba741bb35a7d96496e724fa99748eb94ddf3a4bd667,train,HISTORICALLY_EXPOSED,True,True,"High-confidence fine-tune notebooks build one dataset from all 2057 rows. For fallback rows, sample identity was exposed although historical augmented bytes are not reproducible."
5b167c80c006fe73dfc5,Soil_Labeled_Data/M_20_30/L_30_40/alluvial/z5715033411199_2279579c392ffbcec7dc19155430ea38.jpg,b1d8b9d5174219634bde64169c889dc4382e929184f9aacae81db6d40daa2403,train,HISTORICALLY_EXPOSED,True,True,"High-confidence fine-tune notebooks build one dataset from all 2057 rows. For fallback rows, sample identity was exposed although historical augmented bytes are not reproducible."
4dad377ef5595534fbaf,Soil_Labeled_Data/M_20_30/L_30_40/alluvial/z5715033411199_2279579c392ffbcec7dc19155430ea38_aug_00_light_brown.jpg,5db56ba1d90ca26de8f688a8da5ca47e5d302d01b86e29d1d25b66b5fbf425ef,train,HISTORICALLY_EXPOSED,True,True,"High-confidence fine-tune notebooks build one dataset from all 2057 rows. For fallback rows, sample identity was exposed although historical augmented bytes are not reproducible."
5fe47f08deec7717604b,Soil_Labeled_Data/M_20_30/L_40_50/alluvial/z5715051384308_14af6b789a7908d7f3c1789485510c78.jpg,5c4586f7dd03bad93928e17841732e7270ec83f4e27360fffa6dcce320f72c41,train,HISTORICALLY_EXPOSED,True,True,"High-confidence fine-tune notebooks build one dataset from all 2057 rows. For fallback rows, sample identity was exposed although historical augmented bytes are not reproducible."
998e6f99098b47bc38f8,Soil_Labeled_Data/M_20_30/L_40_50/alluvial/z5715051428849_8b124a2769ab19a14cf5decc529253cc.jpg,04f366bfd7c3bfa33d191e476d9d46fb6d478326bdeb7017e91905fb5d415e0b,train,HISTORICALLY_EXPOSED,True,True,"High-confidence fine-tune notebooks build one dataset from all 2057 rows. For fallback rows, sample identity was exposed although historical augmented bytes are not reproducible."
a47cf58f59acce4b11f0,Soil_Labeled_Data/M_20_30/L_40_50/alluvial/z5715051472986_4a694106ef7fea8d60bf40fef4361dc2.jpg,9bbc635c118330894ef41e0d23e4d4ae52c9fa37acbb3a7bcfa111fa2cab6404,train,HISTORICALLY_EXPOSED,True,True,"High-confidence fine-tune notebooks build one dataset from all 2057 rows. For fallback rows, sample identity was exposed although historical augmented bytes are not reproducible."
6b3cfd3a49901479be8d,Soil_Labeled_Data/M_20_30/L_40_50/alluvial/z5715051514184_e4f981791e75bf9d431676552b2d4cc9.jpg,fe4854a925b0721332b3fbb123c09fc54812ed2ccc345b36d89459a4dc6f59a3,train,HISTORICALLY_EXPOSED,True,True,"High-confidence fine-tune notebooks build one dataset from all 2057 rows. For fallback rows, sample identity was exposed although historical augmented bytes are not reproducible."
1c076ff46aa24f587088,Soil_Labeled_Data/M_20_30/L_40_50/alluvial/z5715051559095_d68b951214e0759d2331dfb1012739cb.jpg,1d24cd7e57d04794e9c8ba187b6f6487056c9ae7b1c4a1efea7b39c4df5aef60,validation,HISTORICALLY_EXPOSED,True,True,"High-confidence fine-tune notebooks build one dataset from all 2057 rows. For fallback rows, sample identity was exposed although historical augmented bytes are not reproducible."
20502e9885e342330e58,Soil_Labeled_Data/M_20_30/L_40_50/alluvial/z5715051601829_96fcbe633e7be37063a12a21c47af5b1.jpg,c25dfe778aca0b2be0848c38d0286ab9389f5ccfd819c581629b30b672d3187f,train,HISTORICALLY_EXPOSED,True,True,"High-confidence fine-tune notebooks build one dataset from all 2057 rows. For fallback rows, sample identity was exposed although historical augmented bytes are not reproducible."
d94dd8b326c0962f2ac2,Soil_Labeled_Data/M_20_30/L_40_50/alluvial/z5715051601829_96fcbe633e7be37063a12a21c47af5b1_aug_00_light_brown.jpg,6923c73b86773a379ac834bf5a90868c819e66628a091e6b8b2e29a955a9b4f3,train,HISTORICALLY_EXPOSED,True,True,"High-confidence fine-tune notebooks build one dataset from all 2057 rows. For fallback rows, sample identity was exposed although historical augmented bytes are not reproducible."
ff2e999d6563cf166034,Soil_Labeled_Data/M_20_30/L_40_50/alluvial/z5715051640126_93edb1c1e172d322cc3512303955fa03.jpg,5b65b04834612b20014d72b2999032f1909555b0612d8b082f7d1afcdbc9a02b,train,HISTORICALLY_EXPOSED,True,True,"High-confidence fine-tune notebooks build one dataset from all 2057 rows. For fallback rows, sample identity was exposed although historical augmented bytes are not reproducible."
cd84c447651d738f2df0,Soil_Labeled_Data/M_20_30/L_40_50/alluvial/z5715051640126_93edb1c1e172d322cc3512303955fa03_aug_01_clay_red.jpg,caec3bd9a8a963beb8e0d7d31ec0ee80c06c67378ebf36818a2dd12383fcc707,train,HISTORICALLY_EXPOSED,True,True,"High-confidence fine-tune notebooks build one dataset from all 2057 rows. For fallback rows, sample identity was exposed although historical augmented bytes are not reproducible."
441ae2b4240f60a477ef,Soil_Labeled_Data/M_20_30/L_40_50/alluvial/z5715051681355_eb6d15281c66c4cbae0976c9a8c14276.jpg,e1218400908880ade6f12224b2c445237aad380f28a825fe6f84527b6e718316,validation,HISTORICALLY_EXPOSED,True,True,"High-confidence fine-tune notebooks build one dataset from all 2057 rows. For fallback rows, sample identity was exposed although historical augmented bytes are not reproducible."
69c16d869143cb7f3267,Soil_Labeled_Data/M_20_30/L_40_50/alluvial/z5715051720167_1d840c64ad17b2cc0fa592c2d9d3d51d.jpg,fa6ba7015067e381fd6881cb92bd445e8c1485804ae6c9bc0e80ce6b4a6253c0,train,HISTORICALLY_EXPOSED,True,True,"High-confidence fine-tune notebooks build one dataset from all 2057 rows. For fallback rows, sample identity was exposed although historical augmented bytes are not reproducible."
d5f5e495c7bc6b5de400,Soil_Labeled_Data/M_20_30/L_40_50/alluvial/z5715051760072_881785dcdb4187a189c1beb8940d778a.jpg,70dae08c47a737dd53f946405b3f2ffb974e710e07c9ee75a25ce09c5f9314c9,train,HISTORICALLY_EXPOSED,True,True,"High-confidence fine-tune notebooks build one dataset from all 2057 rows. For fallback rows, sample identity was exposed although historical augmented bytes are not reproducible."
3e4e1dd3c7e348fa2446,Soil_Labeled_Data/M_20_30/L_40_50/alluvial/z5715051777252_1d4379a9989fd2994ba00708f807f763.jpg,17bac32b297ff1875e81923a93a974ea270697af0fe400b07a444afe34decef3,train,HISTORICALLY_EXPOSED,True,True,"High-confidence fine-tune notebooks build one dataset from all 2057 rows. For fallback rows, sample identity was exposed although historical augmented bytes are not reproducible."
b2ea0f3688431c7aa181,Soil_Labeled_Data/M_20_30/L_40_50/alluvial/z5715051795655_239b4a0a8320ca98205dc4626998699f.jpg,51a220247e24109ab57ba5c0a14accae1da7ec652f27ccc88ee7c3a4195b632e,train,HISTORICALLY_EXPOSED,True,True,"High-confidence fine-tune notebooks build one dataset from all 2057 rows. For fallback rows, sample identity was exposed although historical augmented bytes are not reproducible."
adb96dc977fa13f9af5b,Soil_Labeled_Data/M_20_30/L_40_50/alluvial/z5715051814390_53ca3a33ee2934f87e858ab692f05017.jpg,bc09e2f9065fe364b3d7699c8c1e416b03b88da5acf44471d27f358f4efa5c11,test,HISTORICALLY_EXPOSED,True,True,"High-confidence fine-tune notebooks build one dataset from all 2057 rows. For fallback rows, sample identity was exposed although historical augmented bytes are not reproducible."
920349477768123f34cc,Soil_Labeled_Data/M_20_30/L_40_50/alluvial/z5715051831196_ae9be444cc6a3b2ecc9f66123bcfd62d.jpg,5a8a0f5089bd370a67bfe5319a635c56139d09e2a26a59d87d7d1e39efbe82c0,train,HISTORICALLY_EXPOSED,True,True,"High-confidence fine-tune notebooks build one dataset from all 2057 rows. For fallback rows, sample identity was exposed although historical augmented bytes are not reproducible."
f5628bdc7f83db69cd7a,Soil_Labeled_Data/M_20_30/L_40_50/alluvial/z5715051848505_ffa5f47afe3dd39e589424e0632fae02.jpg,a90d5aa18f1c14fcc05e0562e313d041cb50105551b3b71359a34217edc9664a,train,HISTORICALLY_EXPOSED,True,True,"High-confidence fine-tune notebooks build one dataset from all 2057 rows. For fallback rows, sample identity was exposed although historical augmented bytes are not reproducible."
42597e8f132d0a63fc30,Soil_Labeled_Data/M_20_30/L_40_50/alluvial/z5715051865308_64ccfa90316f0ed6dc906c3422ae9028.jpg,bda5fe1645690b273d5ba1e3977c635cd5ae56286bf085905a8d4f61ab346c8c,train,HISTORICALLY_EXPOSED,True,True,"High-confidence fine-tune notebooks build one dataset from all 2057 rows. For fallback rows, sample identity was exposed although historical augmented bytes are not reproducible."
cedcde42728785ff1b92,Soil_Labeled_Data/M_20_30/L_40_50/alluvial/z5715051885595_421b643fb0f3dc4e403d103556801f60.jpg,1876f189af37d4d7bb879d22d59510990908667f0ff5fe2f244c4c6b4d0bdccc,train,HISTORICALLY_EXPOSED,True,True,"High-confidence fine-tune notebooks build one dataset from all 2057 rows. For fallback rows, sample identity was exposed although historical augmented bytes are not reproducible."
6a2490a0fd4e9fcf11a8,Soil_Labeled_Data/M_20_30/L_40_50/alluvial/z5715051902094_720cd308ebf5a06d9768a708bee13d5b.jpg,96c82c2d324c1f0f5638c81263d9f90ad63bb20166c5682136f96853ee6b183d,train,HISTORICALLY_EXPOSED,True,True,"High-confidence fine-tune notebooks build one dataset from all 2057 rows. For fallback rows, sample identity was exposed although historical augmented bytes are not reproducible."
12998e07d84eaed7893a,Soil_Labeled_Data/M_20_30/L_50_60/alluvial/z5715070421017_3b2e08909dc7dcfac3d6aaa886bfb179.jpg,29f8ceed6307231c0a0820d483a24e9eb911f1e1eddacb53b4d5d16d7cc01009,train,HISTORICALLY_EXPOSED,True,True,"High-confidence fine-tune notebooks build one dataset from all 2057 rows. For fallback rows, sample identity was exposed although historical augmented bytes are not reproducible."
caeac3235dfdba1d7a8c,Soil_Labeled_Data/M_20_30/L_50_60/alluvial/z5715070467498_1d03022da80be4bb921e94aeebf95eef.jpg,5d4ca6111cffed88ed9c4e38436e431182433a2d3503c89fb606329f7954203c,train,HISTORICALLY_EXPOSED,True,True,"High-confidence fine-tune notebooks build one dataset from all 2057 rows. For fallback rows, sample identity was exposed although historical augmented bytes are not reproducible."
3858bca6f4ab4cf5b62f,Soil_Labeled_Data/M_20_30/L_50_60/alluvial/z5715070514891_f8321b2a7fe4353f6b8578eb9df222a9.jpg,a72130b2ef7d3448b33600dd091f18cb66d79e0d588e6e6414eebad6bb58dfb2,train,HISTORICALLY_EXPOSED,True,True,"High-confidence fine-tune notebooks build one dataset from all 2057 rows. For fallback rows, sample identity was exposed although historical augmented bytes are not reproducible."
75b3adc812435737d816,Soil_Labeled_Data/M_20_30/L_50_60/alluvial/z5715070560598_c1ac15c9e5c66690d91ae6189f3a51e8.jpg,bc821bf3e0eaf0a1559fbb72455c78e7ebaf86a92f5290509f4795dae822b342,train,HISTORICALLY_EXPOSED,True,True,"High-confidence fine-tune notebooks build one dataset from all 2057 rows. For fallback rows, sample identity was exposed although historical augmented bytes are not reproducible."
5cadabbf125aca8cebab,Soil_Labeled_Data/M_20_30/L_50_60/alluvial/z5715070605355_59e5e54249a7f0fa0b417b41137c4465.jpg,087c51c14f2c092904f71242ed69760c0e40f0d7211faac6cfee923252783282,train,HISTORICALLY_EXPOSED,True,True,"High-confidence fine-tune notebooks build one dataset from all 2057 rows. For fallback rows, sample identity was exposed although historical augmented bytes are not reproducible."
f5e766b7f8963d0e70a3,Soil_Labeled_Data/M_20_30/L_50_60/alluvial/z5715070664077_81c971b8237f7a90b6befdf01cd8b639.jpg,1eb2dfcb8a74f5f3752cadf5887185b36206c7866d6fe704c1640c2c3e282392,train,HISTORICALLY_EXPOSED,True,True,"High-confidence fine-tune notebooks build one dataset from all 2057 rows. For fallback rows, sample identity was exposed although historical augmented bytes are not reproducible."
1896cc3e1c21185aa9db,Soil_Labeled_Data/M_20_30/L_50_60/alluvial/z5715070707370_b9c1c3dc30be6c86925751e77e01b9eb.jpg,8ab4f7e036eaf931eb210024e683474e586411a869ffb42ab0dd6136d5943f18,test,HISTORICALLY_EXPOSED,True,True,"High-confidence fine-tune notebooks build one dataset from all 2057 rows. For fallback rows, sample identity was exposed although historical augmented bytes are not reproducible."
55c62256879c8037040d,Soil_Labeled_Data/M_20_30/L_50_60/alluvial/z5715070749091_2b275bd5253715bb4ce915c420f5e747.jpg,14950ae1fb8d041a773fbc3adf781618a8c43d71483feafc4b09f0865c913841,train,HISTORICALLY_EXPOSED,True,True,"High-confidence fine-tune notebooks build one dataset from all 2057 rows. For fallback rows, sample identity was exposed although historical augmented bytes are not reproducible."
5ae830c7ce83c903971d,Soil_Labeled_Data/M_20_30/L_50_60/alluvial/z5715070787843_5f98ecac9245087b948312aa2c33d089.jpg,3cc0a45fa9c2f02f0a654fdedbc672b8959eda39f9e331dfdb5c070282fabd5d,train,HISTORICALLY_EXPOSED,True,True,"High-confidence fine-tune notebooks build one dataset from all 2057 rows. For fallback rows, sample identity was exposed although historical augmented bytes are not reproducible."
7b9f0ace814869a52983,Soil_Labeled_Data/M_20_30/L_50_60/alluvial/z5715070834036_947805dbc62b041b120a4d9935c46d21.jpg,0fa20933f2d30cc3fe2d24fd703ab29c61cd2eebfcda28db9c1085614cf266f7,train,HISTORICALLY_EXPOSED,True,True,"High-confidence fine-tune notebooks build one dataset from all 2057 rows. For fallback rows, sample identity was exposed although historical augmented bytes are not reproducible."
f677001b1559e3a54a20,Soil_Labeled_Data/M_20_30/L_50_60/alluvial/z5715070852325_9d179f2d687981f02801bceddfce2aca.jpg,89bbe1516f704fbe6263944ff39bd0ed58a35593f18e81f4016ccf618d2c3b45,train,HISTORICALLY_EXPOSED,True,True,"High-confidence fine-tune notebooks build one dataset from all 2057 rows. For fallback rows, sample identity was exposed although historical augmented bytes are not reproducible."
025bda314edc5e7a735d,Soil_Labeled_Data/M_20_30/L_50_60/alluvial/z5715070870986_21484d730f6563589468e1b96c201503.jpg,38d47cdb3a9a1aa9f54c4e158b7879b6596b3819db86b180165eebb0e46cfdee,train,HISTORICALLY_EXPOSED,True,True,"High-confidence fine-tune notebooks build one dataset from all 2057 rows. For fallback rows, sample identity was exposed although historical augmented bytes are not reproducible."
1515917bc2a7197a6d82,Soil_Labeled_Data/M_20_30/L_50_60/alluvial/z5715070887746_d13250bd447a5fde0a97108bff545c52.jpg,5af05f9d3ec187b0b67fe53d595f8ddfe1784a262ebfd52fe8f39f524f63736c,train,HISTORICALLY_EXPOSED,True,True,"High-confidence fine-tune notebooks build one dataset from all 2057 rows. For fallback rows, sample identity was exposed although historical augmented bytes are not reproducible."
002ad1dd09b33e1e8c0a,Soil_Labeled_Data/M_20_30/L_50_60/alluvial/z5715070906147_952e20e3736f38de94355b5afcef1014.jpg,6c49d51f65403f43b65dbd719e6d5d9dfae7c0f65aadda300a04b198a4839c4c,train,HISTORICALLY_EXPOSED,True,True,"High-confidence fine-tune notebooks build one dataset from all 2057 rows. For fallback rows, sample identity was exposed although historical augmented bytes are not reproducible."
918bdab4ff2a14e71e68,Soil_Labeled_Data/M_20_30/L_50_60/alluvial/z5715070924651_acdf0d2e5a464142ef539c01305a0b0b.jpg,33e93c55a72291f7a85d169249394c148554e3289c5fa5d5ee91919cf10e738b,train,HISTORICALLY_EXPOSED,True,True,"High-confidence fine-tune notebooks build one dataset from all 2057 rows. For fallback rows, sample identity was exposed although historical augmented bytes are not reproducible."
f31fd50267a3d9474177,Soil_Labeled_Data/M_20_30/L_50_60/alluvial/z5715070944513_6c628d42046b1e92bc7d799300ff81b0.jpg,2e6b1cb9832b9e28f8d2f40c24ffe51746d7dc97f57f780453e1dfa8cfb94573,validation,HISTORICALLY_EXPOSED,True,True,"High-confidence fine-tune notebooks build one dataset from all 2057 rows. For fallback rows, sample identity was exposed although historical augmented bytes are not reproducible."
c3e4bb18b93d3d04ae34,Soil_Labeled_Data/M_20_30/L_50_60/alluvial/z5715070961767_c6d84315f7a68864e0ee8b7343001d99.jpg,0436c614cd48b397672ee0545c24a00d5d414cc92cacf02879be77b30c71065e,train,HISTORICALLY_EXPOSED,True,True,"High-confidence fine-tune notebooks build one dataset from all 2057 rows. For fallback rows, sample identity was exposed although historical augmented bytes are not reproducible."
359671bb3efa2c7c5c8c,Soil_Labeled_Data/M_20_30/L_50_60/alluvial/z5715070984654_0d6f401cb4e5188f917c6934d3b77e5b.jpg,d1b1277a0a0054c6ac3417070f6e00a06ec586fa51fa85f9ecd8ef17738d114c,train,HISTORICALLY_EXPOSED,True,True,"High-confidence fine-tune notebooks build one dataset from all 2057 rows. For fallback rows, sample identity was exposed although historical augmented bytes are not reproducible."
048770d094a9dcb6f34a,Soil_Labeled_Data/M_20_30/L_50_60/alluvial/z5715071010821_d6a11e19ddae088c3b987415f7bfbcb6.jpg,96f2f90ec947d1144aacf482f19de0eb1a9162169735b3c22f0d6022b24cfd53,validation,HISTORICALLY_EXPOSED,True,True,"High-confidence fine-tune notebooks build one dataset from all 2057 rows. For fallback rows, sample identity was exposed although historical augmented bytes are not reproducible."
85952ae6828567892557,Soil_Labeled_Data/M_20_30/L_50_60/alluvial/z5715071026568_4a17690094104b2f0e07e27711264364.jpg,6620f45d2f66e59c0397067ade1ebb23a85f26291ab73f2c9d3dd1d41349ce0c,train,HISTORICALLY_EXPOSED,True,True,"High-confidence fine-tune notebooks build one dataset from all 2057 rows. For fallback rows, sample identity was exposed although historical augmented bytes are not reproducible."
8653b1566bc0ad0d2867,Soil_Labeled_Data/M_20_30/L_60_70/alluvial/z5715083829092_c796baa2a13a45a626e1c31cb08f116a.jpg,0aaf381877979c2f78088b77bc96afd5f0dab14e5654e68eaa4f2db5ba909512,train,HISTORICALLY_EXPOSED,True,True,"High-confidence fine-tune notebooks build one dataset from all 2057 rows. For fallback rows, sample identity was exposed although historical augmented bytes are not reproducible."
4b9395158f5e9d867080,Soil_Labeled_Data/M_20_30/L_60_70/alluvial/z5715083885623_9f42a940c20ea1e55af3e06994578004.jpg,67898e04a8c0c0324fdcce7b07b17544e6db14563070c7f5cdae06d19fa03a16,train,HISTORICALLY_EXPOSED,True,True,"High-confidence fine-tune notebooks build one dataset from all 2057 rows. For fallback rows, sample identity was exposed although historical augmented bytes are not reproducible."
96a982322ec6d5b45c24,Soil_Labeled_Data/M_20_30/L_60_70/alluvial/z5715083944464_a4caa92a042d5283254923501cb8358c.jpg,c222c113cc89599bf7d087f016816d0e9ebefe20908792a5bf7804254e591e04,train,HISTORICALLY_EXPOSED,True,True,"High-confidence fine-tune notebooks build one dataset from all 2057 rows. For fallback rows, sample identity was exposed although historical augmented bytes are not reproducible."
a96ae39a7269cde1881b,Soil_Labeled_Data/M_20_30/L_60_70/alluvial/z5715084002036_bdc35c47993d232e5b2b07c45fd7854f.jpg,820e8719cfc466579986fa5edfc332b0d265a952a1c40132ee20c7b7030d67ad,train,HISTORICALLY_EXPOSED,True,True,"High-confidence fine-tune notebooks build one dataset from all 2057 rows. For fallback rows, sample identity was exposed although historical augmented bytes are not reproducible."
32fd8e444758f62311a7,Soil_Labeled_Data/M_20_30/L_60_70/alluvial/z5715084050631_480b9ae3c93e9adc09ca30cd0761e10e.jpg,186dcfeabe790def688e08b85859fc46d58280268818b9160d4eb8b268093b52,train,HISTORICALLY_EXPOSED,True,True,"High-confidence fine-tune notebooks build one dataset from all 2057 rows. For fallback rows, sample identity was exposed although historical augmented bytes are not reproducible."
d5c8baa47db9bdbfa52b,Soil_Labeled_Data/M_20_30/L_60_70/alluvial/z5715084112046_c4388528720a09f94233e3004fa76f74.jpg,dd1bd043f3838840584374de42d8c9d115d6385e7faab5c15861b8fc063c54b6,train,HISTORICALLY_EXPOSED,True,True,"High-confidence fine-tune notebooks build one dataset from all 2057 rows. For fallback rows, sample identity was exposed although historical augmented bytes are not reproducible."
2fac4db57a87751a7192,Soil_Labeled_Data/M_20_30/L_60_70/alluvial/z5715084165270_22662a8e6cfa3719910b048011f20dc3.jpg,a0e8c723805eef872659d72e0ccecc3d880ed7a88d2475174386c908afebdca3,train,HISTORICALLY_EXPOSED,True,True,"High-confidence fine-tune notebooks build one dataset from all 2057 rows. For fallback rows, sample identity was exposed although historical augmented bytes are not reproducible."
0ac197ed5859384405cf,Soil_Labeled_Data/M_20_30/L_60_70/alluvial/z5715084217100_56ffdcb9a7e21ae938a857822326c4e1.jpg,42e164002ed51123257a87667824db345ecfde3d6ac715ea55051a421481360d,train,HISTORICALLY_EXPOSED,True,True,"High-confidence fine-tune notebooks build one dataset from all 2057 rows. For fallback rows, sample identity was exposed although historical augmented bytes are not reproducible."
141c64876c8956a90740,Soil_Labeled_Data/M_20_30/L_60_70/alluvial/z5715084235063_019bf1d09588c2fd5226859f4331698b.jpg,ecb8c6c181da4ca5a895f55437024872b2d8c86c7eda2c55169616ad62b05970,train,HISTORICALLY_EXPOSED,True,True,"High-confidence fine-tune notebooks build one dataset from all 2057 rows. For fallback rows, sample identity was exposed although historical augmented bytes are not reproducible."
5acfcf0c2cff8999f289,Soil_Labeled_Data/M_20_30/L_60_70/alluvial/z5715084253682_a7180e5d742423494ae1704e62bd418f.jpg,e1e175888dd494d09d9f8388956f616223bfd2d09c3a33b313595dfe6bde843c,test,HISTORICALLY_EXPOSED,True,True,"High-confidence fine-tune notebooks build one dataset from all 2057 rows. For fallback rows, sample identity was exposed although historical augmented bytes are not reproducible."
298ed4403e0f6fbb987a,Soil_Labeled_Data/M_20_30/L_60_70/alluvial/z5715084306747_adff9a454f2d560f7c94ff4d4f1ba239.jpg,81593848bf4bfe6d4464335828282911f2e300005af6794572165c5b8115e96b,test,HISTORICALLY_EXPOSED,True,True,"High-confidence fine-tune notebooks build one dataset from all 2057 rows. For fallback rows, sample identity was exposed although historical augmented bytes are not reproducible."
a0903b6c5198196cfef8,Soil_Labeled_Data/M_20_30/L_60_70/alluvial/z5715084355096_c7964126a2b1f16f09a53be76d55e947.jpg,c1a526eaa74b9ae17393a96fec9cd5a51bfebd65bf5dc0c4da6413cd4ce46f79,train,HISTORICALLY_EXPOSED,True,True,"High-confidence fine-tune notebooks build one dataset from all 2057 rows. For fallback rows, sample identity was exposed although historical augmented bytes are not reproducible."
5647ff90f838d2e599d4,Soil_Labeled_Data/M_20_30/L_60_70/alluvial/z5715084373143_bf51a90ff4c9af94ac682d0e749d3c52.jpg,a9541e7f37034c6a56c9230db8ef39eddfab84426dcbaaea4ae28da07c3f8812,train,HISTORICALLY_EXPOSED,True,True,"High-confidence fine-tune notebooks build one dataset from all 2057 rows. For fallback rows, sample identity was exposed although historical augmented bytes are not reproducible."
64ec4b06fe065d821779,Soil_Labeled_Data/M_20_30/L_60_70/alluvial/z5715084394382_378bf214cc128ad07a22836f046d4fec.jpg,57456835330f0656d6c7aa45b8af370eb037224d96c8cae244f0f15a367b6271,train,HISTORICALLY_EXPOSED,True,True,"High-confidence fine-tune notebooks build one dataset from all 2057 rows. For fallback rows, sample identity was exposed although historical augmented bytes are not reproducible."
3fb3ef8d3bfa2f49dd04,Soil_Labeled_Data/M_20_30/L_60_70/alluvial/z5715084415256_c016f29f8a2b857513855a25b24de184.jpg,c9e74cb5b98b6d6a8973693f6e522b0dd70102643c429c5f5c6be2f611db2ab8,train,HISTORICALLY_EXPOSED,True,True,"High-confidence fine-tune notebooks build one dataset from all 2057 rows. For fallback rows, sample identity was exposed although historical augmented bytes are not reproducible."
4049ec758081e1d71aa0,Soil_Labeled_Data/M_20_30/L_60_70/alluvial/z5715084415256_c016f29f8a2b857513855a25b24de184_aug_00_light_brown.jpg,d181d14afa71c919d3a767cd9a4d087b18f8debc2e6fe061f816938c04049b89,train,HISTORICALLY_EXPOSED,True,True,"High-confidence fine-tune notebooks build one dataset from all 2057 rows. For fallback rows, sample identity was exposed although historical augmented bytes are not reproducible."
1f70b725ac837d835d42,Soil_Labeled_Data/M_20_30/L_60_70/alluvial/z5715084434342_b865d6e3c37268959852bcc33862045e.jpg,e8fd3ed4a9e2bff3d3493b2c0c6ae530de683e7858e55001c21f86177f2440d9,test,HISTORICALLY_EXPOSED,True,True,"High-confidence fine-tune notebooks build one dataset from all 2057 rows. For fallback rows, sample identity was exposed although historical augmented bytes are not reproducible."
597619771c679fe21a57,Soil_Labeled_Data/M_20_30/L_60_70/alluvial/z5715084451345_2e9b065fd62392917b331a68b82abded.jpg,519e8522571ea89a394859cbf6f1d8490b7659356dea9203afaa7e51f4bed52c,validation,HISTORICALLY_EXPOSED,True,True,"High-confidence fine-tune notebooks build one dataset from all 2057 rows. For fallback rows, sample identity was exposed although historical augmented bytes are not reproducible."
cc888cacf8c4936a6694,Soil_Labeled_Data/M_20_30/L_60_70/alluvial/z5715084472999_950e840441fad54aab4b33a9d6b52f88.jpg,2be9f35093d0d5834c2a4c31aaa9be22f64d66b28345c087230539dc53ac23ff,train,HISTORICALLY_EXPOSED,True,True,"High-confidence fine-tune notebooks build one dataset from all 2057 rows. For fallback rows, sample identity was exposed although historical augmented bytes are not reproducible."
6216a3012e4430185472,Soil_Labeled_Data/M_20_30/L_60_70/alluvial/z5715084491690_fee182e72573f2d43a9eccb1df380def.jpg,ade7f734910e3e8662cea454ccea0654dda78e9e062dd844549d0563f654c684,train,HISTORICALLY_EXPOSED,True,True,"High-confidence fine-tune notebooks build one dataset from all 2057 rows. For fallback rows, sample identity was exposed although historical augmented bytes are not reproducible."
0a4d2020a7b131f2b9d9,Soil_Labeled_Data/M_20_30/L_70_80/alluvial/z5715141573526_1cfd3d637f1aaae4ef2237bf6ba6ce65.jpg,38c3ca463e6d5220a24d238390d845b0eb92a858cc21914fc332cbea462e4147,train,HISTORICALLY_EXPOSED,True,True,"High-confidence fine-tune notebooks build one dataset from all 2057 rows. For fallback rows, sample identity was exposed although historical augmented bytes are not reproducible."
e26e8dcb9041ac0877da,Soil_Labeled_Data/M_20_30/L_70_80/alluvial/z5715141626411_00b983fd5f44402c4bda94b5b928bb00.jpg,c4d1fe9f4f7164fb249f5dd4a234c840e61ea268ecf2ab3a7ec2f006647cb856,train,HISTORICALLY_EXPOSED,True,True,"High-confidence fine-tune notebooks build one dataset from all 2057 rows. For fallback rows, sample identity was exposed although historical augmented bytes are not reproducible."
8b8cb90bce351575d9f3,Soil_Labeled_Data/M_20_30/L_70_80/alluvial/z5715141676311_1d060c8ef71e58aadc2f6099b373b761.jpg,6b13a0d352e52f5a698756a9841c300cda91be22a26ccfa56cc1fa0fc0cdc515,train,HISTORICALLY_EXPOSED,True,True,"High-confidence fine-tune notebooks build one dataset from all 2057 rows. For fallback rows, sample identity was exposed although historical augmented bytes are not reproducible."
da93203cd9aa7e9b4607,Soil_Labeled_Data/M_20_30/L_70_80/alluvial/z5715141734634_e77f72db46f26975a8a55807dd7433b7.jpg,5eac76e5a5e31eceb7551b983dd1eab914199bbbf78cb6f485a21cf76d1fddb3,train,HISTORICALLY_EXPOSED,True,True,"High-confidence fine-tune notebooks build one dataset from all 2057 rows. For fallback rows, sample identity was exposed although historical augmented bytes are not reproducible."
10579d4a7f4543da991f,Soil_Labeled_Data/M_20_30/L_70_80/alluvial/z5715141785962_2f748e64404e843bf663c1fe33cb7935.jpg,f66d18de03ec6742f634bdabbcfa4b37c1f450cc87b09f9bdfbafe741fcd8e91,train,HISTORICALLY_EXPOSED,True,True,"High-confidence fine-tune notebooks build one dataset from all 2057 rows. For fallback rows, sample identity was exposed although historical augmented bytes are not reproducible."
875b3a989232d39470d6,Soil_Labeled_Data/M_20_30/L_70_80/alluvial/z5715141839575_b7b45144485ab528e29f7f20c818087e.jpg,db3ed734adf8bdac5d2eec6ff7451baf501943149e34360a67900b0d19f6cf6f,test,HISTORICALLY_EXPOSED,True,True,"High-confidence fine-tune notebooks build one dataset from all 2057 rows. For fallback rows, sample identity was exposed although historical augmented bytes are not reproducible."
2b55076634dd396c1f54,Soil_Labeled_Data/M_20_30/L_70_80/alluvial/z5715141899556_927d7046b4cb6c9fdf4bc1576d9b3b99.jpg,34883b25117d563122e08ab17ef345e5d3f9cc11d8944b1d39c1ee5b9ed45aeb,train,HISTORICALLY_EXPOSED,True,True,"High-confidence fine-tune notebooks build one dataset from all 2057 rows. For fallback rows, sample identity was exposed although historical augmented bytes are not reproducible."
a289eb9535a7fdff9040,Soil_Labeled_Data/M_20_30/L_70_80/alluvial/z5715141953753_840dad6db436d95e2d138a382b34f867.jpg,8b76c867064960866425832435b8bcee009a73be182707775b09933feab55201,train,HISTORICALLY_EXPOSED,True,True,"High-confidence fine-tune notebooks build one dataset from all 2057 rows. For fallback rows, sample identity was exposed although historical augmented bytes are not reproducible."
f288f5e8365cc5cdb77f,Soil_Labeled_Data/M_20_30/L_70_80/alluvial/z5715142006130_46686c8c324bef016a5cf09b6c303d7d.jpg,0ed3e5e30e1c030302bc036f0307be1e6ea0cc1162602eec0fb426b6d1e1b5e6,train,HISTORICALLY_EXPOSED,True,True,"High-confidence fine-tune notebooks build one dataset from all 2057 rows. For fallback rows, sample identity was exposed although historical augmented bytes are not reproducible."
3726251beb41f4eb0c03,Soil_Labeled_Data/M_20_30/L_70_80/alluvial/z5715142059955_714428cc11c0a10913b3b74dd846590d.jpg,6a129961b43b63c64b203906fad5ca0bc01a5d552fd599476750d2d225da027d,train,HISTORICALLY_EXPOSED,True,True,"High-confidence fine-tune notebooks build one dataset from all 2057 rows. For fallback rows, sample identity was exposed although historical augmented bytes are not reproducible."
d8841e2e85afc38a31d8,Soil_Labeled_Data/M_20_30/L_70_80/alluvial/z5715142077494_ab24c35df3ee1fd78c4a418b36519a9d.jpg,7778063da2ef08d3b3a8bfa203a4ad5f18402e7150ff0da7b1dc31f9f34c9c53,test,HISTORICALLY_EXPOSED,True,True,"High-confidence fine-tune notebooks build one dataset from all 2057 rows. For fallback rows, sample identity was exposed although historical augmented bytes are not reproducible."
384cdbb40ae282af3a9b,Soil_Labeled_Data/M_20_30/L_70_80/alluvial/z5715142094388_c5aff9d8c06cb2f2846d510846da43cc.jpg,16b9efb8d7b0519f05b4ffc613123090d206a8eaea2a47f57ef163d212ec96f2,train,HISTORICALLY_EXPOSED,True,True,"High-confidence fine-tune notebooks build one dataset from all 2057 rows. For fallback rows, sample identity was exposed although historical augmented bytes are not reproducible."
9f7273644c072e4a696d,Soil_Labeled_Data/M_20_30/L_70_80/alluvial/z5715142111427_710989d5ad90708c35b310578e9c654f.jpg,24e29037ec5b0bb5cc7e12653dba3e102d64d80e35c7fbe69fd5eff8187d245c,train,HISTORICALLY_EXPOSED,True,True,"High-confidence fine-tune notebooks build one dataset from all 2057 rows. For fallback rows, sample identity was exposed although historical augmented bytes are not reproducible."
ba22cc8916135b56d29d,Soil_Labeled_Data/M_20_30/L_70_80/alluvial/z5715142129089_015c9550aeccc7dd88d56342f7ce6df6.jpg,31dfebc59aefd32045fe1cc6adbe0310d852d35a5d577072cb9abd0142380f76,validation,HISTORICALLY_EXPOSED,True,True,"High-confidence fine-tune notebooks build one dataset from all 2057 rows. For fallback rows, sample identity was exposed although historical augmented bytes are not reproducible."
47d7323ef2d8273272d9,Soil_Labeled_Data/M_20_30/L_70_80/alluvial/z5715142153919_def0b39ba7565c8f6d5509d4cdd83188.jpg,b528f3e725ad7f56101d6fcc01a39f7e3b94181f4896db0d584639dc2a10240f,train,HISTORICALLY_EXPOSED,True,True,"High-confidence fine-tune notebooks build one dataset from all 2057 rows. For fallback rows, sample identity was exposed although historical augmented bytes are not reproducible."
61d12a04a348c355d9c2,Soil_Labeled_Data/M_20_30/L_70_80/alluvial/z5715142175514_74ff4f760e4aa9e5573656dd7197889c.jpg,534e30c442b66d2290b9009324d221ac31b46acdb2d153148c82c4957f810be7,train,HISTORICALLY_EXPOSED,True,True,"High-confidence fine-tune notebooks build one dataset from all 2057 rows. For fallback rows, sample identity was exposed although historical augmented bytes are not reproducible."
42a0b4d8fcfee37be4d2,Soil_Labeled_Data/M_20_30/L_70_80/alluvial/z5715142193394_b30a0cc8a4160e93e5340cc2d37f7490.jpg,b77c5c9aa4c9cb6f5b727fe315ebd4d03a1910d5bbbb7341829a628d77113cb4,validation,HISTORICALLY_EXPOSED,True,True,"High-confidence fine-tune notebooks build one dataset from all 2057 rows. For fallback rows, sample identity was exposed although historical augmented bytes are not reproducible."
a4b65f840abc2ee36a52,Soil_Labeled_Data/M_20_30/L_70_80/alluvial/z5715142212681_2e4b5f2d5015cf5252daf3e7bdf1c455.jpg,1753566a6a72d36868f924916c1ecba789f491b5fbc9db3abc09ce38f67a2b33,train,HISTORICALLY_EXPOSED,True,True,"High-confidence fine-tune notebooks build one dataset from all 2057 rows. For fallback rows, sample identity was exposed although historical augmented bytes are not reproducible."
961d0448acd2b581019e,Soil_Labeled_Data/M_20_30/L_70_80/alluvial/z5715142229857_c6b81d36db95f193a6b59ac535fea2cc.jpg,b910b800435e588c5c942f78116ff1209bf50909f585623746602b27230288a9,validation,HISTORICALLY_EXPOSED,True,True,"High-confidence fine-tune notebooks build one dataset from all 2057 rows. For fallback rows, sample identity was exposed although historical augmented bytes are not reproducible."
b8362c01aa38f56b0b97,Soil_Labeled_Data/M_20_30/L_70_80/alluvial/z5715142251106_f70a13549cdc2cbc53d4da6e12f77581.jpg,56e5ae7d0ed513736bd0ce7a97fa1bdeb8a90f88184db4ef0b3f4e0875471656,train,HISTORICALLY_EXPOSED,True,True,"High-confidence fine-tune notebooks build one dataset from all 2057 rows. For fallback rows, sample identity was exposed although historical augmented bytes are not reproducible."
8e0f84f85cef52724dd1,Soil_Labeled_Data/M_20_30/L_80_90/alluvial/z5715154628095_a9bcdf25f0a8437ee807f507e19a6a42.jpg,2267847d6f58995f1af6c2b9c4888db175693a35297475edccd372aba81b622c,train,HISTORICALLY_EXPOSED,True,True,"High-confidence fine-tune notebooks build one dataset from all 2057 rows. For fallback rows, sample identity was exposed although historical augmented bytes are not reproducible."
18bcce2ded4c80ef5895,Soil_Labeled_Data/M_20_30/L_80_90/alluvial/z5715154694429_cc7bca9e043d901ec8ba8b95351d2c13.jpg,1f446275cf5dee3d95789a720d1a99ba854caeba7ba216e61d356eb412bd6579,train,HISTORICALLY_EXPOSED,True,True,"High-confidence fine-tune notebooks build one dataset from all 2057 rows. For fallback rows, sample identity was exposed although historical augmented bytes are not reproducible."
a7d297a6c91b2fc5d428,Soil_Labeled_Data/M_20_30/L_80_90/alluvial/z5715154759648_2bea1e2bde70e53d05e49b920cdc3c54.jpg,153051d0b5b83e9b75a176ded0f0ef802c41a8c510291559ced3613bf748eb4d,train,HISTORICALLY_EXPOSED,True,True,"High-confidence fine-tune notebooks build one dataset from all 2057 rows. For fallback rows, sample identity was exposed although historical augmented bytes are not reproducible."
67a6bf27d4b5adb87a19,Soil_Labeled_Data/M_20_30/L_80_90/alluvial/z5715154829389_d459a5c888e882c8a67cf4684a25e366.jpg,4ef996115bd2c85149d5ca2014de051d702f4b9bab103ad0ab82b16a7e0c10a0,validation,HISTORICALLY_EXPOSED,True,True,"High-confidence fine-tune notebooks build one dataset from all 2057 rows. For fallback rows, sample identity was exposed although historical augmented bytes are not reproducible."
dbf93005e51497a95d3c,Soil_Labeled_Data/M_20_30/L_80_90/alluvial/z5715154893836_ac8d026c4246b4448b9d8d815802f0ef.jpg,e69a8329e0d6c6490ae90a4e0b5a85e9b0a5978a608a7b9e13c2762549d86fc3,train,HISTORICALLY_EXPOSED,True,True,"High-confidence fine-tune notebooks build one dataset from all 2057 rows. For fallback rows, sample identity was exposed although historical augmented bytes are not reproducible."
95ebbd84ec90b95fb0fa,Soil_Labeled_Data/M_20_30/L_80_90/alluvial/z5715154950906_359038df0a9fa17e3f3dcfc35df0334a.jpg,8559cddb96a962349d943ce2b2c44af4452df29a2812ef802fbd345dfc3a234a,train,HISTORICALLY_EXPOSED,True,True,"High-confidence fine-tune notebooks build one dataset from all 2057 rows. For fallback rows, sample identity was exposed although historical augmented bytes are not reproducible."
9ba15ab1ce56299bb387,Soil_Labeled_Data/M_20_30/L_80_90/alluvial/z5715155018239_a2088e814f7d53017e0930a1d61a4b09.jpg,f530178b25c28d1dd7f64b5a7fef894373219e41d358f1d192aea1965f3f2348,train,HISTORICALLY_EXPOSED,True,True,"High-confidence fine-tune notebooks build one dataset from all 2057 rows. For fallback rows, sample identity was exposed although historical augmented bytes are not reproducible."
fe59572f0cdf7db15268,Soil_Labeled_Data/M_20_30/L_80_90/alluvial/z5715155078226_86be463ba2c0168419ae111aae84315a.jpg,12111b848ff92ca4f22f1ffe98a2f0f540cd58149f88edb61fa84c1e9f9ecea1,train,HISTORICALLY_EXPOSED,True,True,"High-confidence fine-tune notebooks build one dataset from all 2057 rows. For fallback rows, sample identity was exposed although historical augmented bytes are not reproducible."
9e57e4eb5836ea9e385f,Soil_Labeled_Data/M_20_30/L_80_90/alluvial/z5715155130818_0d32066d91f04a6dbe2f01789fbc1971.jpg,10238e16d8c7d2359ec4fc104aaf0e0334e4a25a8985ed7a94efd5f18445da45,train,HISTORICALLY_EXPOSED,True,True,"High-confidence fine-tune notebooks build one dataset from all 2057 rows. For fallback rows, sample identity was exposed although historical augmented bytes are not reproducible."
97f4dbbf7b22c9e06c44,Soil_Labeled_Data/M_20_30/L_80_90/alluvial/z5715155149222_ec75df294037e6cdfdcd2d19d4207418.jpg,1fddef11a5cff5b176feb06dba004a13acbe227a82ce4c06ef259041fd6b1180,train,HISTORICALLY_EXPOSED,True,True,"High-confidence fine-tune notebooks build one dataset from all 2057 rows. For fallback rows, sample identity was exposed although historical augmented bytes are not reproducible."
93ca057b944d8633f5f6,Soil_Labeled_Data/M_20_30/L_80_90/alluvial/z5715155216534_5ed9f8578971347e1efa72a37a027b61.jpg,4a8b8c3944224feaab5a8b5e178dab41c932d684a45eea8138a87203fc166a4c,validation,HISTORICALLY_EXPOSED,True,True,"High-confidence fine-tune notebooks build one dataset from all 2057 rows. For fallback rows, sample identity was exposed although historical augmented bytes are not reproducible."
4967ced365dc7ac9acb2,Soil_Labeled_Data/M_20_30/L_80_90/alluvial/z5715155239735_cfe5f7ea45fd6cab12159e518531398a.jpg,65cf094faeb70e9b7f7657115ff9d7baf5728fe941f9b4ba4b8d6f93ed2089c4,train,HISTORICALLY_EXPOSED,True,True,"High-confidence fine-tune notebooks build one dataset from all 2057 rows. For fallback rows, sample identity was exposed although historical augmented bytes are not reproducible."
74faae1eb79b8a2628e4,Soil_Labeled_Data/M_20_30/L_80_90/alluvial/z5715155256691_1ffc49a4a060498ad81e81a4563cb24c.jpg,016d6dc5e856d058c0abce179cd492af21d1af09ac9886cfdb76a17f1a69a23b,test,HISTORICALLY_EXPOSED,True,True,"High-confidence fine-tune notebooks build one dataset from all 2057 rows. For fallback rows, sample identity was exposed although historical augmented bytes are not reproducible."
90c23b93d851e4a4da72,Soil_Labeled_Data/M_20_30/L_80_90/alluvial/z5715155276089_47f01a6986cc6bb9df758646446b66a0.jpg,b45cc0d6dbbe3baf53dea09625961134c9c699fbd0e36a34ebbb453031c83e44,train,HISTORICALLY_EXPOSED,True,True,"High-confidence fine-tune notebooks build one dataset from all 2057 rows. For fallback rows, sample identity was exposed although historical augmented bytes are not reproducible."
51f2726b5a71a58975a0,Soil_Labeled_Data/M_20_30/L_80_90/alluvial/z5715155307410_ef1fec805684af84f2f37deeee4fb2ed.jpg,d457b924ae63369629193961ad76324848e7e919e7b7f365f5453408bd7e925c,train,HISTORICALLY_EXPOSED,True,True,"High-confidence fine-tune notebooks build one dataset from all 2057 rows. For fallback rows, sample identity was exposed although historical augmented bytes are not reproducible."
22ee551666ec74e1838a,Soil_Labeled_Data/M_20_30/L_80_90/alluvial/z5715155307410_ef1fec805684af84f2f37deeee4fb2ed_aug_00_clay_red.jpg,4060831bf219de24966279758d660122feb9db3fe347f7957b534d45939f0303,train,HISTORICALLY_EXPOSED,True,True,"High-confidence fine-tune notebooks build one dataset from all 2057 rows. For fallback rows, sample identity was exposed although historical augmented bytes are not reproducible."
ceaf988a24e9319c722c,Soil_Labeled_Data/M_20_30/L_80_90/alluvial/z5715155325373_647e9f4cfa6c3b3378197c3614a255ef.jpg,4e5e58cf46e0f8c85461fd588969daeadab44c732479606daa067763d142a0c9,test,HISTORICALLY_EXPOSED,True,True,"High-confidence fine-tune notebooks build one dataset from all 2057 rows. For fallback rows, sample identity was exposed although historical augmented bytes are not reproducible."
c9bba634e43b21b1ee26,Soil_Labeled_Data/M_20_30/L_80_90/alluvial/z5715155340868_73cf864fb83738ffcafc325491db7adc.jpg,823f83c1dff8f79f07fae99e7d5e316cb6eb57112745aeba523ea1f1540c765f,train,HISTORICALLY_EXPOSED,True,True,"High-confidence fine-tune notebooks build one dataset from all 2057 rows. For fallback rows, sample identity was exposed although historical augmented bytes are not reproducible."
bfc482197fce5f559304,Soil_Labeled_Data/M_20_30/L_80_90/alluvial/z5715155359176_80249e0afc3ce2cfb3da56418c94bb29.jpg,3cf4aa53524b1de6f3b387ee6a25fa64a0314b5e5d6ab4e7b46f43b2171e12e2,test,HISTORICALLY_EXPOSED,True,True,"High-confidence fine-tune notebooks build one dataset from all 2057 rows. For fallback rows, sample identity was exposed although historical augmented bytes are not reproducible."
dcd44004ae2001386831,Soil_Labeled_Data/M_20_30/L_80_90/alluvial/z5715155376957_341732d07e349f2bacec318c53cd64ce.jpg,c46ccdb9a6d5bc7b059c650e73afe0ade880a5d6ccfcf67c450f4a300827e892,train,HISTORICALLY_EXPOSED,True,True,"High-confidence fine-tune notebooks build one dataset from all 2057 rows. For fallback rows, sample identity was exposed although historical augmented bytes are not reproducible."
f46c3dd138fd5a6434ca,Soil_Labeled_Data/M_20_30/L_90_100/alluvial/z5715167026571_19bcde73f295214eb7cdca1c09787b9f.jpg,5f7ebd71fe27b097f8a7109040fa9a50b263028f457de1684c40e8d5b5a65471,train,HISTORICALLY_EXPOSED,True,True,"High-confidence fine-tune notebooks build one dataset from all 2057 rows. For fallback rows, sample identity was exposed although historical augmented bytes are not reproducible."
e4aaaa31f98e464a328b,Soil_Labeled_Data/M_20_30/L_90_100/alluvial/z5715167099253_f3688f351d242ed3f65ffa7333d90c3d.jpg,cf64325e047709f77bbce59a1fef39b5fdf9e23631706fac4605c5a40ebcb7b2,train,HISTORICALLY_EXPOSED,True,True,"High-confidence fine-tune notebooks build one dataset from all 2057 rows. For fallback rows, sample identity was exposed although historical augmented bytes are not reproducible."
8a77d2505963b366233e,Soil_Labeled_Data/M_20_30/L_90_100/alluvial/z5715167160855_cc3d803a96692411eb7cbd66dd33d343.jpg,782f905e5fa4b3124b010a1b09d82cdb2545064ca29730953556e8412e9a8713,validation,HISTORICALLY_EXPOSED,True,True,"High-confidence fine-tune notebooks build one dataset from all 2057 rows. For fallback rows, sample identity was exposed although historical augmented bytes are not reproducible."
9c13ef23e95ef0c9737d,Soil_Labeled_Data/M_20_30/L_90_100/alluvial/z5715167229674_fbe6ed9be336993e4d81801d9e1799f0.jpg,022e146986e542b419b15e89a97ca3dfebd73add9275c28cff44cdc4d793ec8f,train,HISTORICALLY_EXPOSED,True,True,"High-confidence fine-tune notebooks build one dataset from all 2057 rows. For fallback rows, sample identity was exposed although historical augmented bytes are not reproducible."
e86479c5b19a1db98613,Soil_Labeled_Data/M_20_30/L_90_100/alluvial/z5715167299184_616dc5be768e241649cdf82f36dfc56b.jpg,020e9b34a3b42bc72e84105b5a3f1543f7bc8feb94b4b0c3fb7fde9055246ca3,test,HISTORICALLY_EXPOSED,True,True,"High-confidence fine-tune notebooks build one dataset from all 2057 rows. For fallback rows, sample identity was exposed although historical augmented bytes are not reproducible."
32dbedb83874ced4573c,Soil_Labeled_Data/M_20_30/L_90_100/alluvial/z5715167366438_ed1e0728e6ae5f3c68027def7da347b4.jpg,817ce617a4533b8b90335a9e534b9beb611169346c6b1c801d279296da17a32c,validation,HISTORICALLY_EXPOSED,False,True,"High-confidence fine-tune notebooks build one dataset from all 2057 rows. For fallback rows, sample identity was exposed although historical augmented bytes are not reproducible."
27d58fcaeb702ed6d416,Soil_Labeled_Data/M_20_30/L_90_100/alluvial/z5715167438957_57729a9beb2e994e262d89d8560da971.jpg,6f8f458f9e6101a02da8ae4a466258a796d0e8ccafc15b574425650006b1507c,train,HISTORICALLY_EXPOSED,True,True,"High-confidence fine-tune notebooks build one dataset from all 2057 rows. For fallback rows, sample identity was exposed although historical augmented bytes are not reproducible."
cc769fc7e074ef4aa025,Soil_Labeled_Data/M_20_30/L_90_100/alluvial/z5715167503417_05ff7265735eb75e8358c50617543a22.jpg,7472573092b698b71c16076919152aa6cc71a62b5cbfc385c7c4888e77afaef8,train,HISTORICALLY_EXPOSED,True,True,"High-confidence fine-tune notebooks build one dataset from all 2057 rows. For fallback rows, sample identity was exposed although historical augmented bytes are not reproducible."
ebc0bf15e76049175bbf,Soil_Labeled_Data/M_20_30/L_90_100/alluvial/z5715167560219_31074c087b2e4f46f5119fdb560ee7fc.jpg,cb086bf08a1355cde451a4a49800029ef49fceb2fe9cabbc919f032dafb2c496,train,HISTORICALLY_EXPOSED,True,True,"High-confidence fine-tune notebooks build one dataset from all 2057 rows. For fallback rows, sample identity was exposed although historical augmented bytes are not reproducible."
6fd8114732b4cc2b3ff0,Soil_Labeled_Data/M_20_30/L_90_100/alluvial/z5715167620156_878234ad9efad1ef27606d024511fa73.jpg,30ea0aa0712ec27dc9ae4dd8382e03b60962f1439392ca062beee6a7a330caaa,train,HISTORICALLY_EXPOSED,True,True,"High-confidence fine-tune notebooks build one dataset from all 2057 rows. For fallback rows, sample identity was exposed although historical augmented bytes are not reproducible."
9faf6902c26dfbe8728a,Soil_Labeled_Data/M_20_30/L_90_100/alluvial/z5715167638313_c2f37b957f15e35e5b3fef1b9748a0a0.jpg,5c102496ec590d19798dde085c04662e326e55e77c5576542a6d7975bf0a4967,train,HISTORICALLY_EXPOSED,True,True,"High-confidence fine-tune notebooks build one dataset from all 2057 rows. For fallback rows, sample identity was exposed although historical augmented bytes are not reproducible."
e0fe6eaefa7f08b2025a,Soil_Labeled_Data/M_20_30/L_90_100/alluvial/z5715167654563_5505036895ea5ee5077e55baa874313d.jpg,694dec60add25fcd5d346725af87609dc24649066043c387029e1d773587ebfb,validation,HISTORICALLY_EXPOSED,True,True,"High-confidence fine-tune notebooks build one dataset from all 2057 rows. For fallback rows, sample identity was exposed although historical augmented bytes are not reproducible."
1e35fe3be851f31acf15,Soil_Labeled_Data/M_20_30/L_90_100/alluvial/z5715167672427_5ce3a50a901a012d6eb93435ad6b9a0f.jpg,5823526bdc3aeb62a6ac12a0fa56f037df78661558683d68616ed24d46ea6f49,validation,HISTORICALLY_EXPOSED,True,True,"High-confidence fine-tune notebooks build one dataset from all 2057 rows. For fallback rows, sample identity was exposed although historical augmented bytes are not reproducible."
68166418e4d4e3c7e85a,Soil_Labeled_Data/M_20_30/L_90_100/alluvial/z5715167688995_ea3ecd6c1e675e617ab2556f5830298e.jpg,c1fe1bffdadc924b13acfd1e8a787082b4b381346f00663a67eaa8aeb71cccf3,train,HISTORICALLY_EXPOSED,True,True,"High-confidence fine-tune notebooks build one dataset from all 2057 rows. For fallback rows, sample identity was exposed although historical augmented bytes are not reproducible."
c7e8e974f7cab0f2ae05,Soil_Labeled_Data/M_20_30/L_90_100/alluvial/z5715167705713_54c8df3a4132178489420928824d5429.jpg,a6495551d3c3dc4c1a4ea661ec44445d4539d4e338495b5eba83602429b50ee3,train,HISTORICALLY_EXPOSED,True,True,"High-confidence fine-tune notebooks build one dataset from all 2057 rows. For fallback rows, sample identity was exposed although historical augmented bytes are not reproducible."
835d24a71b450ba1f871,Soil_Labeled_Data/M_20_30/L_90_100/alluvial/z5715167722508_954111bf76d7fdba051b4480fdfc2c16.jpg,5bf28fabfdd47c810c156891526d415f2424ffd0b5b2b4f6a566d209963b3ee3,train,HISTORICALLY_EXPOSED,True,True,"High-confidence fine-tune notebooks build one dataset from all 2057 rows. For fallback rows, sample identity was exposed although historical augmented bytes are not reproducible."
a2b19caf3764c1e01e08,Soil_Labeled_Data/M_20_30/L_90_100/alluvial/z5715167740256_8729670bbe028b4c4a5aff324088b5d0.jpg,0f1d0f74272cd4fd6f1b514d2228949341419033085c4eba7fdacace46aceb3e,train,HISTORICALLY_EXPOSED,True,True,"High-confidence fine-tune notebooks build one dataset from all 2057 rows. For fallback rows, sample identity was exposed although historical augmented bytes are not reproducible."
e6199af32ed798a86c54,Soil_Labeled_Data/M_20_30/L_90_100/alluvial/z5715167757214_e51db6b288caa7716697b924334ecdc6.jpg,3f05093041a4867d9c6da70694f46b689415935bf8a9c0d26f3f65db270a56c4,train,HISTORICALLY_EXPOSED,True,True,"High-confidence fine-tune notebooks build one dataset from all 2057 rows. For fallback rows, sample identity was exposed although historical augmented bytes are not reproducible."
3f8a93afbe3f9ca30c29,Soil_Labeled_Data/M_20_30/L_90_100/alluvial/z5715167773112_a46252e4aae1c09e894594691ac0f514.jpg,a39b772199cef93d33a9aaeb923e75d0535531ae9dc26dde4b00442091d9ef04,train,HISTORICALLY_EXPOSED,True,True,"High-confidence fine-tune notebooks build one dataset from all 2057 rows. For fallback rows, sample identity was exposed although historical augmented bytes are not reproducible."
e5e768c24aff659dd66a,Soil_Labeled_Data/M_20_30/L_90_100/alluvial/z5715167790674_3d14e5a37f60012fb4163a17ad58a7df.jpg,7ed7f9bd8943d3f24560021811f00046c01d2aa8cf7c4f0e322a94735c04b3a7,train,HISTORICALLY_EXPOSED,True,True,"High-confidence fine-tune notebooks build one dataset from all 2057 rows. For fallback rows, sample identity was exposed although historical augmented bytes are not reproducible."
5259f610de4573d6176c,Soil_Labeled_Data/M_30_40/L_0_10/alluvial/z5716041534082_306e15f5e30046bae34f62036b4539ae.jpg,ee09fd7940fb6be06695a7418f3cf75f76fa9de2d9a7d4047fbcab82851a807f,test,HISTORICALLY_EXPOSED,True,True,"High-confidence fine-tune notebooks build one dataset from all 2057 rows. For fallback rows, sample identity was exposed although historical augmented bytes are not reproducible."
f295509888148bb6bb8f,Soil_Labeled_Data/M_30_40/L_0_10/alluvial/z5716041600867_155ef81185111d0c63d0fb1432ad825c.jpg,82ddca9cffe38be14e912cdd44a18c66a1fc7c6031de91c3e436025d1628c2c8,validation,HISTORICALLY_EXPOSED,True,True,"High-confidence fine-tune notebooks build one dataset from all 2057 rows. For fallback rows, sample identity was exposed although historical augmented bytes are not reproducible."
f0e0be97c57aed9a9bac,Soil_Labeled_Data/M_30_40/L_0_10/alluvial/z5716041641006_4402096ed77e6521a8e53bcaf1ff039a.jpg,27dd5d603d6bbbe9a9efbc05ebdeb092c26563326c4804d8c946bc0a252f9ecc,train,HISTORICALLY_EXPOSED,True,True,"High-confidence fine-tune notebooks build one dataset from all 2057 rows. For fallback rows, sample identity was exposed although historical augmented bytes are not reproducible."
9a06d317c56e8f2ec778,Soil_Labeled_Data/M_30_40/L_0_10/alluvial/z5716041760025_1dd3015fad2a52a8d4cd7de5588f2bc5.jpg,8f0b73c10b48a88ee04585bc4623b2e98c61519bb7182ae72378bbe8e4ade776,train,HISTORICALLY_EXPOSED,True,True,"High-confidence fine-tune notebooks build one dataset from all 2057 rows. For fallback rows, sample identity was exposed although historical augmented bytes are not reproducible."
dc872ca9f7c582377cc3,Soil_Labeled_Data/M_30_40/L_0_10/alluvial/z5716041803963_45e386f270937e1ffed33e997140939d.jpg,f0a6a0c3b742081b119ea188bda2b8ab3ff95ef177dc8923f73c06922ce70316,train,HISTORICALLY_EXPOSED,True,True,"High-confidence fine-tune notebooks build one dataset from all 2057 rows. For fallback rows, sample identity was exposed although historical augmented bytes are not reproducible."
6c1e195b6161864c3910,Soil_Labeled_Data/M_30_40/L_0_10/alluvial/z5716041844114_ff29c3aa34e5e5744c16680220233e4e.jpg,bf607cb5cde9630577c334ced85ec839efd7439c338217ee3f1983e835926bb6,train,HISTORICALLY_EXPOSED,True,True,"High-confidence fine-tune notebooks build one dataset from all 2057 rows. For fallback rows, sample identity was exposed although historical augmented bytes are not reproducible."
4f26ebdb10ba52a2386c,Soil_Labeled_Data/M_30_40/L_0_10/alluvial/z5716041881708_78beac35b69090477b9041eb1ba236f3.jpg,676724cc1b61bb2e4109a188f3eb65de87786103a5a2900a3a1841e99065c5b7,train,HISTORICALLY_EXPOSED,True,True,"High-confidence fine-tune notebooks build one dataset from all 2057 rows. For fallback rows, sample identity was exposed although historical augmented bytes are not reproducible."
86a2d8483e6f009e12bb,Soil_Labeled_Data/M_30_40/L_0_10/alluvial/z5716041921976_7e4a689b2efcc84b88cd5677cea9ff06.jpg,491da54d23c047b1595ed2634c24dcab4c7d5550e21f46ffc189378033eda545,train,HISTORICALLY_EXPOSED,True,True,"High-confidence fine-tune notebooks build one dataset from all 2057 rows. For fallback rows, sample identity was exposed although historical augmented bytes are not reproducible."
371a3e7f713e4e28d457,Soil_Labeled_Data/M_30_40/L_0_10/alluvial/z5716041962889_1d362459ea63da03f90b3aa0f319097d.jpg,da110da6d9bb61583ce24553d2cff2a30282b02864ee0cebac031ec0efaac4db,test,HISTORICALLY_EXPOSED,True,True,"High-confidence fine-tune notebooks build one dataset from all 2057 rows. For fallback rows, sample identity was exposed although historical augmented bytes are not reproducible."
987061d5cbd2754a82ab,Soil_Labeled_Data/M_30_40/L_0_10/alluvial/z5716042004626_672a27bdaa4badcf207b29a4dbf173b0.jpg,3d46b55b6fe66c7081bd5f602ccc9b30c513f14026ee2904baa47dbda1aae862,train,HISTORICALLY_EXPOSED,True,True,"High-confidence fine-tune notebooks build one dataset from all 2057 rows. For fallback rows, sample identity was exposed although historical augmented bytes are not reproducible."
f5b2b370dc9ef6664e39,Soil_Labeled_Data/M_30_40/L_0_10/alluvial/z5716042049106_e42202833efd1fc8789876381aea1f57.jpg,1ba7d1f9389070e5dda06bca4c57d0336e4782d2fadeb71370abf8f577f2e205,train,HISTORICALLY_EXPOSED,True,True,"High-confidence fine-tune notebooks build one dataset from all 2057 rows. For fallback rows, sample identity was exposed although historical augmented bytes are not reproducible."
434c0beb31f928eef558,Soil_Labeled_Data/M_30_40/L_0_10/alluvial/z5716042093255_6eec8feb89829ca2230990c0d5fa8cf8.jpg,19c19305bf1c864b739e7e24bb839912be57a3c12befe26ed92b3cb69bbb4110,train,HISTORICALLY_EXPOSED,True,True,"High-confidence fine-tune notebooks build one dataset from all 2057 rows. For fallback rows, sample identity was exposed although historical augmented bytes are not reproducible."
5679a3dca255face0ad8,Soil_Labeled_Data/M_30_40/L_0_10/alluvial/z5716042134688_b9c0dd073d73e642655a3f55330bce08.jpg,69c0f8fd93830ff2ad3a679f6a89f37913c09eda652d5593fad64d948c0fd915,train,HISTORICALLY_EXPOSED,True,True,"High-confidence fine-tune notebooks build one dataset from all 2057 rows. For fallback rows, sample identity was exposed although historical augmented bytes are not reproducible."
94d4378563798231414c,Soil_Labeled_Data/M_30_40/L_0_10/alluvial/z5716042177476_b8a4f94bdbe3b1df3e770ab6f8ac2f76.jpg,82d3dfd2aacee9b4d110024f5f5df00a7f96cebc4310611c00a154941cbfa2d2,train,HISTORICALLY_EXPOSED,True,True,"High-confidence fine-tune notebooks build one dataset from all 2057 rows. For fallback rows, sample identity was exposed although historical augmented bytes are not reproducible."
0846df9671f4b70a6dcf,Soil_Labeled_Data/M_30_40/L_0_10/alluvial/z5716042220165_291f395222e47e7e129381b510d12073.jpg,84827e70e2556dd546161e63534669d3e1f03bea30cd404a526dddcf000b0275,train,HISTORICALLY_EXPOSED,True,True,"High-confidence fine-tune notebooks build one dataset from all 2057 rows. For fallback rows, sample identity was exposed although historical augmented bytes are not reproducible."
71c0038e78b3feb6fb65,Soil_Labeled_Data/M_30_40/L_0_10/alluvial/z5716042259730_8a8ffcc73bc857c9753440c2609075bf.jpg,ea12865dc93163cf898783dd06ce401193bfb2b79674ee6c2fea48d56c527b6e,train,HISTORICALLY_EXPOSED,True,True,"High-confidence fine-tune notebooks build one dataset from all 2057 rows. For fallback rows, sample identity was exposed although historical augmented bytes are not reproducible."
849516fc01ea9451b3c4,Soil_Labeled_Data/M_30_40/L_0_10/alluvial/z5716042289286_4f5ba54e9a7dd70e051e6c0bf403d0f8.jpg,1867ee1365b519547339bc84756b65a25ddece44bcacc3c33a7886b5309a1364,train,HISTORICALLY_EXPOSED,True,True,"High-confidence fine-tune notebooks build one dataset from all 2057 rows. For fallback rows, sample identity was exposed although historical augmented bytes are not reproducible."
70b2a357db8868db9ecd,Soil_Labeled_Data/M_30_40/L_0_10/alluvial/z5716042321152_979083553c4378666fb6af100231c565.jpg,cef81d9763a0b1c6c49fd981516c271dcb61f6db026a8d5ec21393d2d57e3809,train,HISTORICALLY_EXPOSED,True,True,"High-confidence fine-tune notebooks build one dataset from all 2057 rows. For fallback rows, sample identity was exposed although historical augmented bytes are not reproducible."
72feab81aa8c39014056,Soil_Labeled_Data/M_30_40/L_0_10/alluvial/z5716042362231_afc15cf0059cc0b0a10e2307f0224493.jpg,1d3df68a384250010305b28f2b3fe6c9f28ac0bde83fde6ca09b54017779c2e9,train,HISTORICALLY_EXPOSED,True,True,"High-confidence fine-tune notebooks build one dataset from all 2057 rows. For fallback rows, sample identity was exposed although historical augmented bytes are not reproducible."
a26b956c3e10c77965cb,Soil_Labeled_Data/M_30_40/L_0_10/alluvial/z5716042393202_8e123a1e78f84eda2b3a3bd5bfe377a3.jpg,2784bdf7949c7377b9c47d1277abb8595236e6907b7f8f2c38175c4de9e36bfa,test,HISTORICALLY_EXPOSED,True,True,"High-confidence fine-tune notebooks build one dataset from all 2057 rows. For fallback rows, sample identity was exposed although historical augmented bytes are not reproducible."
1120a67ffac3a7d74642,Soil_Labeled_Data/M_30_40/L_10_20/alluvial/z5716081456111_c7b3a15fdcf4e0cc64674602ca5f7f16.jpg,45cdb6f78afa19ccd1d2b942fd43d0135b2ec6b8c4f20d7f489af6078c04a16a,train,HISTORICALLY_EXPOSED,True,True,"High-confidence fine-tune notebooks build one dataset from all 2057 rows. For fallback rows, sample identity was exposed although historical augmented bytes are not reproducible."
c970cc4f53861812a0b7,Soil_Labeled_Data/M_30_40/L_10_20/alluvial/z5716081479236_4f46eb9ba24b9a8e3689a059294eb719.jpg,94dd85536ac795ab655a475ba4c633721c6cfdac06d72a0decd25612e7f27b7c,train,HISTORICALLY_EXPOSED,True,True,"High-confidence fine-tune notebooks build one dataset from all 2057 rows. For fallback rows, sample identity was exposed although historical augmented bytes are not reproducible."
9bf2a2b99f122f63b913,Soil_Labeled_Data/M_30_40/L_10_20/alluvial/z5716081506381_3d09fae82a727de4543e6209de51152c.jpg,17d321c022e77faeddd1fab86f38cc283c526aba8ec107da4958fc7035cdcdc7,train,HISTORICALLY_EXPOSED,True,True,"High-confidence fine-tune notebooks build one dataset from all 2057 rows. For fallback rows, sample identity was exposed although historical augmented bytes are not reproducible."
752b85e5e01678fd0625,Soil_Labeled_Data/M_30_40/L_10_20/alluvial/z5716081541140_f8cf053ed3727193eae06a486810b5ef.jpg,915c2c74bf324c3f3a9161a44bcadb9ab2fa176439dcb7682079f7c7b316ac71,train,HISTORICALLY_EXPOSED,True,True,"High-confidence fine-tune notebooks build one dataset from all 2057 rows. For fallback rows, sample identity was exposed although historical augmented bytes are not reproducible."
034b911021e64c3a4650,Soil_Labeled_Data/M_30_40/L_10_20/alluvial/z5716081579514_5a67b978119dcf79cb53e218abca90ab.jpg,bb6816f5aef93e31770975f832f8f51d9d5778446f9f1a85f7023352d94a09bd,train,HISTORICALLY_EXPOSED,True,True,"High-confidence fine-tune notebooks build one dataset from all 2057 rows. For fallback rows, sample identity was exposed although historical augmented bytes are not reproducible."
beaa7468f520ae9fd801,Soil_Labeled_Data/M_30_40/L_10_20/alluvial/z5716081604703_5b6db8c3f8abac206c03f4fcd5bac49c.jpg,62f9da21adb06c4276d00a44ce15cf51ed1982077272664ee1e037b068d80a86,validation,HISTORICALLY_EXPOSED,True,True,"High-confidence fine-tune notebooks build one dataset from all 2057 rows. For fallback rows, sample identity was exposed although historical augmented bytes are not reproducible."
9ecc812f38b9a754e60b,Soil_Labeled_Data/M_30_40/L_10_20/alluvial/z5716081630761_e1624a45d14f513987c03256f064b8bf.jpg,b24297fe42b64c8498b127fa6e2b020493b71576de394fcfef8eb57f682d697c,train,HISTORICALLY_EXPOSED,True,True,"High-confidence fine-tune notebooks build one dataset from all 2057 rows. For fallback rows, sample identity was exposed although historical augmented bytes are not reproducible."
fe829d98e774a14c3dde,Soil_Labeled_Data/M_30_40/L_10_20/alluvial/z5716081662580_90fe70bd39227686c8ca01467428faf4.jpg,d1fbd491430e30deac2342f9b19aee42b85853f680ec0dec701cfd8a7f818506,train,HISTORICALLY_EXPOSED,True,True,"High-confidence fine-tune notebooks build one dataset from all 2057 rows. For fallback rows, sample identity was exposed although historical augmented bytes are not reproducible."
e06b67274b31e2a624dc,Soil_Labeled_Data/M_30_40/L_10_20/alluvial/z5716081686870_a22c92a1c73378a497174d3b9264fcd8.jpg,fdc277789bdec5d362db1f83ee8060e05dd65abfdba4722cfb44e07b91ddf3d0,train,HISTORICALLY_EXPOSED,True,True,"High-confidence fine-tune notebooks build one dataset from all 2057 rows. For fallback rows, sample identity was exposed although historical augmented bytes are not reproducible."
b196601268d1f1933a92,Soil_Labeled_Data/M_30_40/L_10_20/alluvial/z5716081698408_1104a201030364e4363947fc0b109f20.jpg,6d98b77ce145d69cb11fca722b6337a0b28e865cce9b998ba7f351189861fbbd,train,HISTORICALLY_EXPOSED,True,True,"High-confidence fine-tune notebooks build one dataset from all 2057 rows. For fallback rows, sample identity was exposed although historical augmented bytes are not reproducible."
cae89483d5d77afd2881,Soil_Labeled_Data/M_30_40/L_10_20/alluvial/z5716081722638_c5469396c1e35eacca15c178956594c9.jpg,59312e751669536f957ea3c2e9d0a30e942dc2ee0a3e67f94452ded94dfe0cb6,train,HISTORICALLY_EXPOSED,True,True,"High-confidence fine-tune notebooks build one dataset from all 2057 rows. For fallback rows, sample identity was exposed although historical augmented bytes are not reproducible."
15b888f52ab2557998fe,Soil_Labeled_Data/M_30_40/L_10_20/alluvial/z5716081732799_46a8abd72cd445d5fc7f7576562133ff.jpg,68aa056ae4bc61cbdecd5a2d8b26506d810c6d6cc9db54bd5d11f53f2c8f4077,train,HISTORICALLY_EXPOSED,True,True,"High-confidence fine-tune notebooks build one dataset from all 2057 rows. For fallback rows, sample identity was exposed although historical augmented bytes are not reproducible."
297c183d74ff943ce9bd,Soil_Labeled_Data/M_30_40/L_10_20/alluvial/z5716081741279_e6dcbcb3d2252e27194aab74ebc27762.jpg,50805931c56a4deb9346aafef2f10a77b9ca9cf33c85dec826753aec65d71729,train,HISTORICALLY_EXPOSED,True,True,"High-confidence fine-tune notebooks build one dataset from all 2057 rows. For fallback rows, sample identity was exposed although historical augmented bytes are not reproducible."
1fd3df242be7df5d88eb,Soil_Labeled_Data/M_30_40/L_10_20/alluvial/z5716081751365_60bf17f0c06680786bdbeea1d0fba72b.jpg,53252ab4375c300c554c4fc2dea05280fb3f03e54ee2faa5150fc3a4faddee61,test,HISTORICALLY_EXPOSED,True,True,"High-confidence fine-tune notebooks build one dataset from all 2057 rows. For fallback rows, sample identity was exposed although historical augmented bytes are not reproducible."
03d7c2f4e939f9c84feb,Soil_Labeled_Data/M_30_40/L_10_20/alluvial/z5716081760405_5fa184571c5a3030c0454ac1c5be9397.jpg,873feaa2470c18b17673b93dc7d2ef9b3ee30fe47e93279407a0e30b6eb18943,train,HISTORICALLY_EXPOSED,True,True,"High-confidence fine-tune notebooks build one dataset from all 2057 rows. For fallback rows, sample identity was exposed although historical augmented bytes are not reproducible."
23696a0b2e3656e61c09,Soil_Labeled_Data/M_30_40/L_10_20/alluvial/z5716081772943_2fb347b31f759bb077e09ce9344a4b18.jpg,67955b3e83c5911a5571708b65c91dd0c93e693c9d33b8eff2e7478e729340e2,train,HISTORICALLY_EXPOSED,True,True,"High-confidence fine-tune notebooks build one dataset from all 2057 rows. For fallback rows, sample identity was exposed although historical augmented bytes are not reproducible."
53287358f31015ed0faf,Soil_Labeled_Data/M_30_40/L_10_20/alluvial/z5716081783135_13a61c0ddb9d30f00b44e630e47c1f42.jpg,3458e159aba30168af26ff7a5f6574b4a423f2aa761cf4dbfaf9be7bffa47ad8,train,HISTORICALLY_EXPOSED,True,True,"High-confidence fine-tune notebooks build one dataset from all 2057 rows. For fallback rows, sample identity was exposed although historical augmented bytes are not reproducible."
9ea0fe959f53dbfd5059,Soil_Labeled_Data/M_30_40/L_10_20/alluvial/z5716081793488_8e267ac7db26534a784551ddef1bbd5f.jpg,fc5f08295c6f0c9b2d4dfb0280ffe706ffc9d0ee93d1b89fd1fdd862a4acd06e,train,HISTORICALLY_EXPOSED,True,True,"High-confidence fine-tune notebooks build one dataset from all 2057 rows. For fallback rows, sample identity was exposed although historical augmented bytes are not reproducible."
448f97de62da52e559a1,Soil_Labeled_Data/M_30_40/L_10_20/alluvial/z5716081793488_8e267ac7db26534a784551ddef1bbd5f_aug_00_gray_brown.jpg,5666652fabcd1635b7448a4adcf224115b81e9f9c06b6b9daa76133762078770,train,HISTORICALLY_EXPOSED,True,True,"High-confidence fine-tune notebooks build one dataset from all 2057 rows. For fallback rows, sample identity was exposed although historical augmented bytes are not reproducible."
49e2b2806c651aa095b7,Soil_Labeled_Data/M_30_40/L_10_20/alluvial/z5716081805208_48402b457cdf22dfa132f7652a7f995f.jpg,08e198be10f0acecea702cc2e6ac577e3de53b5788f45a05dc07232cdc875e04,train,HISTORICALLY_EXPOSED,True,True,"High-confidence fine-tune notebooks build one dataset from all 2057 rows. For fallback rows, sample identity was exposed although historical augmented bytes are not reproducible."
b531e8f5e7039f82443f,Soil_Labeled_Data/M_30_40/L_20_30/alluvial/z5716143802989_a04eb3c221a7cff6d3c442ea723574d8.jpg,6560603fadf6e27078fec36b6954610a8d4040874aa7680a224fa7717008f0e1,train,HISTORICALLY_EXPOSED,True,True,"High-confidence fine-tune notebooks build one dataset from all 2057 rows. For fallback rows, sample identity was exposed although historical augmented bytes are not reproducible."
ef838efb6e4071aba292,Soil_Labeled_Data/M_30_40/L_20_30/alluvial/z5716143848502_4bd0eba511c987674067e6093eb213b9.jpg,de1a5562a97bddbe7a04dee7a5b2c39c662a032433d6d4db79cfb5aa7ad8a226,train,HISTORICALLY_EXPOSED,True,True,"High-confidence fine-tune notebooks build one dataset from all 2057 rows. For fallback rows, sample identity was exposed although historical augmented bytes are not reproducible."
253c762f01b83ace9526,Soil_Labeled_Data/M_30_40/L_20_30/alluvial/z5716143884036_b02bdfc16942b9a4a8029ffa42d721fa.jpg,42e44e441c7ee74db90bce47b30dc5d311442a53fb76522bd7fa2aecf5f4c438,train,HISTORICALLY_EXPOSED,True,True,"High-confidence fine-tune notebooks build one dataset from all 2057 rows. For fallback rows, sample identity was exposed although historical augmented bytes are not reproducible."
b1fa9e8dc9e08985e931,Soil_Labeled_Data/M_30_40/L_20_30/alluvial/z5716143930779_82598f78ba14dbaef200f73e32b8e318.jpg,2310b7ef926f2e5f93eb1c8d5aeaeefcdbfde30ba5170f4d9b12c3f4f74ddf91,train,HISTORICALLY_EXPOSED,True,True,"High-confidence fine-tune notebooks build one dataset from all 2057 rows. For fallback rows, sample identity was exposed although historical augmented bytes are not reproducible."
829f52e714bb4cbe30fa,Soil_Labeled_Data/M_30_40/L_20_30/alluvial/z5716143971881_3b7ae01df4bd18ac6697e43919b461a8.jpg,45ca1e9ab7e931b5493dec05d7b6045a6992645dc63893dd7ce69e465a2714ff,test,HISTORICALLY_EXPOSED,True,True,"High-confidence fine-tune notebooks build one dataset from all 2057 rows. For fallback rows, sample identity was exposed although historical augmented bytes are not reproducible."
ee0d446a1636817659dd,Soil_Labeled_Data/M_30_40/L_20_30/alluvial/z5716144007088_65d8f879404c93898e6edd0c266c6e0a.jpg,a1adc471e5d5cee65ed8652def294b800dc3fe2e0097881ed214fd6c154fb1b0,train,HISTORICALLY_EXPOSED,True,True,"High-confidence fine-tune notebooks build one dataset from all 2057 rows. For fallback rows, sample identity was exposed although historical augmented bytes are not reproducible."
1a544b8c91072709fe09,Soil_Labeled_Data/M_30_40/L_20_30/alluvial/z5716144047202_bfbf5a922e86461675c0376ab5dc29fc.jpg,d28c314e779803ab9e5e15c72adf9192cd70d27237290105b837298474a797af,train,HISTORICALLY_EXPOSED,True,True,"High-confidence fine-tune notebooks build one dataset from all 2057 rows. For fallback rows, sample identity was exposed although historical augmented bytes are not reproducible."
a33a6dd8d1e8ee727b1a,Soil_Labeled_Data/M_30_40/L_20_30/alluvial/z5716144083688_2c23641d859dd12e7ca459c954f4e5a3.jpg,3a97090e1fad8ea1a12c11a4f43e1a2a0dadc784f30d79a2a13e23e2a776de2c,train,HISTORICALLY_EXPOSED,True,True,"High-confidence fine-tune notebooks build one dataset from all 2057 rows. For fallback rows, sample identity was exposed although historical augmented bytes are not reproducible."
36886b50b080e71268f5,Soil_Labeled_Data/M_30_40/L_20_30/alluvial/z5716144132663_b70f7b9be95a4c936673e9107c9809f3.jpg,5bd26a028006b69f138a033bca37fa61ff9b31302b0459ca1b1ba2ac93a6ba8e,train,HISTORICALLY_EXPOSED,True,True,"High-confidence fine-tune notebooks build one dataset from all 2057 rows. For fallback rows, sample identity was exposed although historical augmented bytes are not reproducible."
91f2d895310a3a0eb56e,Soil_Labeled_Data/M_30_40/L_20_30/alluvial/z5716144168683_a8c38fa4dbeb266c44a6da5f8bfeda11.jpg,d245491b4c3a3b6ec8e5a4c3b3a3cccc6aea693aaf194044451dd1070f24600b,test,HISTORICALLY_EXPOSED,True,True,"High-confidence fine-tune notebooks build one dataset from all 2057 rows. For fallback rows, sample identity was exposed although historical augmented bytes are not reproducible."
d08ffcaf4026e4c6d635,Soil_Labeled_Data/M_30_40/L_20_30/alluvial/z5716144190940_96c634256f2c6596418ea321b6ccecda.jpg,a8f29eac0ed7abfca4ddf9b915dc840abe3bcf58812e1344138424f6b37af754,train,HISTORICALLY_EXPOSED,True,True,"High-confidence fine-tune notebooks build one dataset from all 2057 rows. For fallback rows, sample identity was exposed although historical augmented bytes are not reproducible."
9676f7b1316eef2b4bab,Soil_Labeled_Data/M_30_40/L_20_30/alluvial/z5716144211921_8febf76d2109bd276a82645488d476a0.jpg,8322a2c9f2abd5fbfba408c7514253927b3e4995de3f8216a8ae6016df680d23,test,HISTORICALLY_EXPOSED,True,True,"High-confidence fine-tune notebooks build one dataset from all 2057 rows. For fallback rows, sample identity was exposed although historical augmented bytes are not reproducible."
e4df36059325bec83d55,Soil_Labeled_Data/M_30_40/L_20_30/alluvial/z5716144211921_8febf76d2109bd276a82645488d476a0_aug_00_clay_red.jpg,ed2f4ec2ebfc82648f5f7adc8ff28087085e8cf11be933ef7ea895c6aa52a47b,test,HISTORICALLY_EXPOSED,True,True,"High-confidence fine-tune notebooks build one dataset from all 2057 rows. For fallback rows, sample identity was exposed although historical augmented bytes are not reproducible."
7d07bf13e398ca458c34,Soil_Labeled_Data/M_30_40/L_20_30/alluvial/z5716144235764_fed4a8b02740ef64fdb95af4099f1336.jpg,a2d97d8b303fb6d80c95705475da2a61725c201a719d7370dbdfe03d714acdc9,train,HISTORICALLY_EXPOSED,True,True,"High-confidence fine-tune notebooks build one dataset from all 2057 rows. For fallback rows, sample identity was exposed although historical augmented bytes are not reproducible."
9bfe3f223274f967cddc,Soil_Labeled_Data/M_30_40/L_20_30/alluvial/z5716144261339_6eba7d5b24673487e96288acbc583744.jpg,bc6b12de99fb28346d66b7acd85a8e967ebe513763aa355a514cf2b0f1add791,train,HISTORICALLY_EXPOSED,True,True,"High-confidence fine-tune notebooks build one dataset from all 2057 rows. For fallback rows, sample identity was exposed although historical augmented bytes are not reproducible."
c9a40450c74b7087b060,Soil_Labeled_Data/M_30_40/L_20_30/alluvial/z5716144284037_44127132185b5cccfae5b4beda32cc38.jpg,c94c137797374ce0d2e3fd91d371869aed1aefb9e93857b17b97348d47214118,validation,HISTORICALLY_EXPOSED,True,True,"High-confidence fine-tune notebooks build one dataset from all 2057 rows. For fallback rows, sample identity was exposed although historical augmented bytes are not reproducible."
c40f8946ddcf9e41ca2b,Soil_Labeled_Data/M_30_40/L_20_30/alluvial/z5716144303459_5c33d7d47b7bce8e791b6044a0cc33a1.jpg,f8a343592972ad877d4a7fe741e2824bf3a7ec196342744329a3f81023a7ec28,validation,HISTORICALLY_EXPOSED,True,True,"High-confidence fine-tune notebooks build one dataset from all 2057 rows. For fallback rows, sample identity was exposed although historical augmented bytes are not reproducible."
70b9cc50b4aaf9ce595b,Soil_Labeled_Data/M_30_40/L_20_30/alluvial/z5716144322709_8f70df660518e4d32c3fa16707b39049.jpg,28ef01225303c754d9e0d93a680254549d7ec5346c3bd2d19c676e48baf430e1,test,HISTORICALLY_EXPOSED,True,True,"High-confidence fine-tune notebooks build one dataset from all 2057 rows. For fallback rows, sample identity was exposed although historical augmented bytes are not reproducible."
b619c0f086eb32ea3947,Soil_Labeled_Data/M_30_40/L_20_30/alluvial/z5716144343565_fe3feda6ee16a0a7640958a11ec6f6ea.jpg,f39335d212fe748193933b4e224473b32e4559400ac7b6c5b7c199330eb0be19,validation,HISTORICALLY_EXPOSED,True,True,"High-confidence fine-tune notebooks build one dataset from all 2057 rows. For fallback rows, sample identity was exposed although historical augmented bytes are not reproducible."
17e0afd3c9e6f9e2fc5e,Soil_Labeled_Data/M_30_40/L_20_30/alluvial/z5716144366625_bc3324d4901d90171755a8afaa56411d.jpg,49a27a65e95bf0d8e08836fa7b77fe63e6ffc474feb3efbd094bc65251ba175d,train,HISTORICALLY_EXPOSED,True,True,"High-confidence fine-tune notebooks build one dataset from all 2057 rows. For fallback rows, sample identity was exposed although historical augmented bytes are not reproducible."
8c1e2bf8d95e2fa6d97c,Soil_Labeled_Data/M_30_40/L_30_40/alluvial/z5716113532944_e24b5c26485417eddb8588efca3eea1f.jpg,0caf96d71f29a8f9b04bde74396028c1f479f64c3888a6751bbd1473ea670ca9,train,HISTORICALLY_EXPOSED,True,True,"High-confidence fine-tune notebooks build one dataset from all 2057 rows. For fallback rows, sample identity was exposed although historical augmented bytes are not reproducible."
c362d6d5aed7a7cf41c4,Soil_Labeled_Data/M_30_40/L_30_40/alluvial/z5716113582590_c1f59f1cd35db605de2ac5249cd439b0.jpg,04307e3e55faa988b501b33fbcfafdd7c1e9b628a45ff14b3bc37b22cf1a1355,validation,HISTORICALLY_EXPOSED,True,True,"High-confidence fine-tune notebooks build one dataset from all 2057 rows. For fallback rows, sample identity was exposed although historical augmented bytes are not reproducible."
fbc3cc50b1440868747f,Soil_Labeled_Data/M_30_40/L_30_40/alluvial/z5716113632942_5f926ef109e13eb9a864102d6cae87cc.jpg,78bf2388c7a976983e775131874998426f1e395e7ba6e5cd7e5cd5a875dcdad6,train,HISTORICALLY_EXPOSED,True,True,"High-confidence fine-tune notebooks build one dataset from all 2057 rows. For fallback rows, sample identity was exposed although historical augmented bytes are not reproducible."
3048b30bf6feb1ec0dac,Soil_Labeled_Data/M_30_40/L_30_40/alluvial/z5716113679540_d7ab319e31c41af206e2d03ad2b15725.jpg,22d244398134d514fe50b9420f9e4a739c1006937d7b1bf5707fb4516817ed81,train,HISTORICALLY_EXPOSED,True,True,"High-confidence fine-tune notebooks build one dataset from all 2057 rows. For fallback rows, sample identity was exposed although historical augmented bytes are not reproducible."
b11cbec0423566e5c8ec,Soil_Labeled_Data/M_30_40/L_30_40/alluvial/z5716113728055_dd08551aa6ea83b557da7365c80ea990.jpg,f70c8427f46331d55005a6afa831af845706054246fba76152b3ddf81fa358f9,train,HISTORICALLY_EXPOSED,True,True,"High-confidence fine-tune notebooks build one dataset from all 2057 rows. For fallback rows, sample identity was exposed although historical augmented bytes are not reproducible."
4a1cb4f5796c9c99b947,Soil_Labeled_Data/M_30_40/L_30_40/alluvial/z5716113777056_8bcc905fd2e415355a24bcfe07180a6f.jpg,44d05306801ac2f988bbf86588086dbf7e7286f69764ff5431a10bad0e837139,validation,HISTORICALLY_EXPOSED,True,True,"High-confidence fine-tune notebooks build one dataset from all 2057 rows. For fallback rows, sample identity was exposed although historical augmented bytes are not reproducible."
f7740290c2c057b58d27,Soil_Labeled_Data/M_30_40/L_30_40/alluvial/z5716113831635_ad95fd739455206424a51a0a06bc4131.jpg,044aa020ada77d488d9fada2cd7b186819504b476798f6fd200cdaf7dbbd01c9,train,HISTORICALLY_EXPOSED,True,True,"High-confidence fine-tune notebooks build one dataset from all 2057 rows. For fallback rows, sample identity was exposed although historical augmented bytes are not reproducible."
118d6f452a4c0b8c84f1,Soil_Labeled_Data/M_30_40/L_30_40/alluvial/z5716113931150_58a4458dd163c8417cbdd5dbc84c8ecd.jpg,a03ab26d14f7ed9fb71f4f06b23e9445ff5bc413aab4b69fb83ea884055497a7,validation,HISTORICALLY_EXPOSED,True,True,"High-confidence fine-tune notebooks build one dataset from all 2057 rows. For fallback rows, sample identity was exposed although historical augmented bytes are not reproducible."
566f046c434ac2c0c593,Soil_Labeled_Data/M_30_40/L_30_40/alluvial/z5716113984230_841d282af180a0d9e956cbf770b8648f.jpg,82af4b0b4fb1ed264764f7005847699b81cf54b95062345ee39788d3b1bdc86c,train,HISTORICALLY_EXPOSED,True,True,"High-confidence fine-tune notebooks build one dataset from all 2057 rows. For fallback rows, sample identity was exposed although historical augmented bytes are not reproducible."
850e2f82d0cc28628e49,Soil_Labeled_Data/M_30_40/L_30_40/alluvial/z5716115889689_4a9ef5acc35a1a71531b59c12ba8e0dc.jpg,90f921ddad47a293706b7475a44cfd5d6d3990f6cef6e2f03928b07a26ed81a6,train,HISTORICALLY_EXPOSED,True,True,"High-confidence fine-tune notebooks build one dataset from all 2057 rows. For fallback rows, sample identity was exposed although historical augmented bytes are not reproducible."
af5668db4f77490e404e,Soil_Labeled_Data/M_30_40/L_30_40/alluvial/z5716115913721_f7cff5280e557d5287ca5504b449cdf7.jpg,7902f2dc087422d3d90a31fc57e77b956b7a7c4ac890ab216d4564348f46904b,train,HISTORICALLY_EXPOSED,True,True,"High-confidence fine-tune notebooks build one dataset from all 2057 rows. For fallback rows, sample identity was exposed although historical augmented bytes are not reproducible."
ccf6320e30f55bba45fe,Soil_Labeled_Data/M_30_40/L_30_40/alluvial/z5716115938086_ce3851c16cb41319d1f872024f72ed65.jpg,94d8d4f7efbe749c35ad00b4cb33a611d5a923c21b542e4715ea22ae70faf38e,train,HISTORICALLY_EXPOSED,True,True,"High-confidence fine-tune notebooks build one dataset from all 2057 rows. For fallback rows, sample identity was exposed although historical augmented bytes are not reproducible."
ddddf155a4f50047efb0,Soil_Labeled_Data/M_30_40/L_30_40/alluvial/z5716115965937_efcb2825205972de8ac4430f76a81aa9.jpg,7f4ec83eddf22e82b8c9b801a099f37b4aea6e123a4cf647a227b09b15ec26a0,validation,HISTORICALLY_EXPOSED,True,True,"High-confidence fine-tune notebooks build one dataset from all 2057 rows. For fallback rows, sample identity was exposed although historical augmented bytes are not reproducible."
2b38c46b3cbb9e02e116,Soil_Labeled_Data/M_30_40/L_30_40/alluvial/z5716115990505_f5f56b58cd35cb9827aaedc4db8efebd.jpg,bf68b5820407d9d821bf344d0860548a5fb13a21a74ed3ef0aa4e29655e43fbf,train,HISTORICALLY_EXPOSED,True,True,"High-confidence fine-tune notebooks build one dataset from all 2057 rows. For fallback rows, sample identity was exposed although historical augmented bytes are not reproducible."
07b5471490a2ccf84f0c,Soil_Labeled_Data/M_30_40/L_30_40/alluvial/z5716116018535_325bd6ea25b86f2f021b34014f8842e8.jpg,b6278b98e88d8d140611f39748ee2646a80fad714acfe9baa2d5223646b0afbd,train,HISTORICALLY_EXPOSED,True,True,"High-confidence fine-tune notebooks build one dataset from all 2057 rows. For fallback rows, sample identity was exposed although historical augmented bytes are not reproducible."
94e228ec78ea6e04628b,Soil_Labeled_Data/M_30_40/L_30_40/alluvial/z5716116044962_10a081c7546d9c4b542bcc27df664172.jpg,942bab47c6fecafd79c80c374cf998e58daa17f930307835a98f6c877fcb7da9,test,HISTORICALLY_EXPOSED,True,True,"High-confidence fine-tune notebooks build one dataset from all 2057 rows. For fallback rows, sample identity was exposed although historical augmented bytes are not reproducible."
a75a70a28d496b7fff31,Soil_Labeled_Data/M_30_40/L_30_40/alluvial/z5716116069545_936bc475e6398cdb5d8a3577d0e2c145.jpg,511bee189d37e3f5531f20c4f5346775781cb65ef30e9f30502e7057cf37a4ae,test,HISTORICALLY_EXPOSED,True,True,"High-confidence fine-tune notebooks build one dataset from all 2057 rows. For fallback rows, sample identity was exposed although historical augmented bytes are not reproducible."
0f7731e5c25e4ebd150b,Soil_Labeled_Data/M_30_40/L_30_40/alluvial/z5716116095651_7302dffdd0922f72ed36881d27ffff3b.jpg,7f4a06e1508503438397aa8ce8080532a6586dcae524333b9dd28f7c287e6050,train,HISTORICALLY_EXPOSED,True,True,"High-confidence fine-tune notebooks build one dataset from all 2057 rows. For fallback rows, sample identity was exposed although historical augmented bytes are not reproducible."
d2b719c4bec488cdf64c,Soil_Labeled_Data/M_30_40/L_30_40/alluvial/z5716116121668_8ca2d1786b81d9113c9a520cd9bb5832.jpg,d4b3e017eb4d6b25066f6de5fecf4d44f7af5194e5e7e448a9c34128d5d6835a,train,HISTORICALLY_EXPOSED,True,True,"High-confidence fine-tune notebooks build one dataset from all 2057 rows. For fallback rows, sample identity was exposed although historical augmented bytes are not reproducible."
c2a2425d3f51a8259194,Soil_Labeled_Data/M_30_40/L_30_40/alluvial/z5716116144998_65aee5b794e2e009120f896a91d9b161.jpg,ca213bf26ba7453e711901d0093e912a7fe48a524f355d427725c4964605dce5,train,HISTORICALLY_EXPOSED,True,True,"High-confidence fine-tune notebooks build one dataset from all 2057 rows. For fallback rows, sample identity was exposed although historical augmented bytes are not reproducible."
111c83e5f129d3f79fb5,Soil_Labeled_Data/M_30_40/L_40_50/alluvial/z5719914716950_f7b208b227aab4fbbe62eaf666ebb235.jpg,86674998d6a51679981c11fc7a383a4027080bb76909989f7e7237fd452abc07,train,HISTORICALLY_EXPOSED,True,True,"High-confidence fine-tune notebooks build one dataset from all 2057 rows. For fallback rows, sample identity was exposed although historical augmented bytes are not reproducible."
2c9b7324771c7d9046f8,Soil_Labeled_Data/M_30_40/L_40_50/alluvial/z5719914753588_0c56217f338c6ce291955ae9b10cce77.jpg,30d2ac949aaffeae66760fc7ce2ba010e32b109ae7628e3908df6d6dd2170b72,train,HISTORICALLY_EXPOSED,True,True,"High-confidence fine-tune notebooks build one dataset from all 2057 rows. For fallback rows, sample identity was exposed although historical augmented bytes are not reproducible."
740f3065bd4605fe0cd7,Soil_Labeled_Data/M_30_40/L_40_50/alluvial/z5719914790582_45835810f70dbeacbf914f09630b68d9.jpg,18f867b71ad19189ce3fc0a869b2b62dba96a4226b7608e8b522a385255634e7,train,HISTORICALLY_EXPOSED,True,True,"High-confidence fine-tune notebooks build one dataset from all 2057 rows. For fallback rows, sample identity was exposed although historical augmented bytes are not reproducible."
324b6f2f150837162dba,Soil_Labeled_Data/M_30_40/L_40_50/alluvial/z5719914828210_cddec1f2dabcdd416769c8d8b7f0adaf.jpg,e8f8a45923c09b474a7a164f69705a7c327df384a4893dc238009213906d92b3,train,HISTORICALLY_EXPOSED,True,True,"High-confidence fine-tune notebooks build one dataset from all 2057 rows. For fallback rows, sample identity was exposed although historical augmented bytes are not reproducible."
508e9e723222e53b49b3,Soil_Labeled_Data/M_30_40/L_40_50/alluvial/z5719914857645_99adc09da6f4dc19458272bd48872c97.jpg,73bfa123bbb03de196eb3d9564dda017ac8cdb679c7f66100813592c471dc5ac,train,HISTORICALLY_EXPOSED,True,True,"High-confidence fine-tune notebooks build one dataset from all 2057 rows. For fallback rows, sample identity was exposed although historical augmented bytes are not reproducible."
49830a402a7f0342ff51,Soil_Labeled_Data/M_30_40/L_40_50/alluvial/z5719914890934_84fe7062961727cb183642b47744dea8.jpg,1cb288355f3fdfec5522dac7f3574e9cffd23ed5d97ed99981f10b005b9de186,test,HISTORICALLY_EXPOSED,True,True,"High-confidence fine-tune notebooks build one dataset from all 2057 rows. For fallback rows, sample identity was exposed although historical augmented bytes are not reproducible."
e8f565809323b5251265,Soil_Labeled_Data/M_30_40/L_40_50/alluvial/z5719914924505_76c1acb4c3a03965a67149c70566e117.jpg,bc15e46b04466a74e9c8086ef3e5c09df26edd84c9da3943a970438c6ac88b18,train,HISTORICALLY_EXPOSED,True,True,"High-confidence fine-tune notebooks build one dataset from all 2057 rows. For fallback rows, sample identity was exposed although historical augmented bytes are not reproducible."
acb2cacb6af63f6b6556,Soil_Labeled_Data/M_30_40/L_40_50/alluvial/z5719914960624_6e7d01c6f99d68c85a781306a1116111.jpg,2954c45f20f91380679d59b3ed8fc789b2aee9db6bc22d4b62b9d1d4b59a0be3,test,HISTORICALLY_EXPOSED,True,True,"High-confidence fine-tune notebooks build one dataset from all 2057 rows. For fallback rows, sample identity was exposed although historical augmented bytes are not reproducible."
73b076134eac5021ce87,Soil_Labeled_Data/M_30_40/L_40_50/alluvial/z5719914997148_f06792cac5c60b858589b3b3c2747c43.jpg,a55c7d7dc4fbeb82e6ae083ea336822474a22a006615a8f6ad4d29b678c1070c,train,HISTORICALLY_EXPOSED,True,True,"High-confidence fine-tune notebooks build one dataset from all 2057 rows. For fallback rows, sample identity was exposed although historical augmented bytes are not reproducible."
2ad961a40803916932d4,Soil_Labeled_Data/M_30_40/L_40_50/alluvial/z5719915050807_883061f62d1ba096fe786e33783493ac.jpg,16cb88b9712205f5898037e8a464e7727fdb0298f75b47ca27902320c4cc3d54,train,HISTORICALLY_EXPOSED,True,True,"High-confidence fine-tune notebooks build one dataset from all 2057 rows. For fallback rows, sample identity was exposed although historical augmented bytes are not reproducible."
fd8759c939033fa05625,Soil_Labeled_Data/M_30_40/L_40_50/alluvial/z5719915064697_6860e93b3637879e75266a9cab0b000e.jpg,9b51c3c0b64e89da621ad56e1e73cbebf55367539011e3afef4da7ca4ef4b8da,test,HISTORICALLY_EXPOSED,True,True,"High-confidence fine-tune notebooks build one dataset from all 2057 rows. For fallback rows, sample identity was exposed although historical augmented bytes are not reproducible."
f8ae5014457d97cf83d4,Soil_Labeled_Data/M_30_40/L_40_50/alluvial/z5719915081454_c67fb96c8fd1c13e8d457956fcdd9641.jpg,2ab5826c64b384934796a636959ed5eb38dcee11f555a668292747c543a45f5a,train,HISTORICALLY_EXPOSED,True,True,"High-confidence fine-tune notebooks build one dataset from all 2057 rows. For fallback rows, sample identity was exposed although historical augmented bytes are not reproducible."
99c16cbac9b402e76561,Soil_Labeled_Data/M_30_40/L_40_50/alluvial/z5719915095537_48f0da10c0c7ff56484ae76f66fa8e42.jpg,3f2fc229a86e29145f6e41b7e8edf00ed448e832bb37a0471171d2bda4cf4b27,validation,HISTORICALLY_EXPOSED,True,True,"High-confidence fine-tune notebooks build one dataset from all 2057 rows. For fallback rows, sample identity was exposed although historical augmented bytes are not reproducible."
8d62ba7eb6e7de2075bc,Soil_Labeled_Data/M_30_40/L_40_50/alluvial/z5719915111649_b61a329743f4617c0f9d01ef237a4139.jpg,3058a7e97c2540069be17aeac059f44a89d16c0dbe1fce9d1df2d6c2df2ebaad,train,HISTORICALLY_EXPOSED,True,True,"High-confidence fine-tune notebooks build one dataset from all 2057 rows. For fallback rows, sample identity was exposed although historical augmented bytes are not reproducible."
12e95944716b9197bb22,Soil_Labeled_Data/M_30_40/L_40_50/alluvial/z5719915131240_b52c7f068d1abd26f05cb78e3e3ad74c.jpg,8894d41c8ac19c0fa2b84b5e9e6660797a8aafc5d82bc0a00c767e7b858a3ddf,train,HISTORICALLY_EXPOSED,True,True,"High-confidence fine-tune notebooks build one dataset from all 2057 rows. For fallback rows, sample identity was exposed although historical augmented bytes are not reproducible."
9bf88f89748993e2c865,Soil_Labeled_Data/M_30_40/L_40_50/alluvial/z5719915146239_5ca09d7569cc6cb956c748dbf20149ff.jpg,14e8300e6ace3905e64a5de71a7a5520087de0189ee813ed8ff3be55e4c912a2,train,HISTORICALLY_EXPOSED,True,True,"High-confidence fine-tune notebooks build one dataset from all 2057 rows. For fallback rows, sample identity was exposed although historical augmented bytes are not reproducible."
8a2fecb31844bc8fbda3,Soil_Labeled_Data/M_30_40/L_40_50/alluvial/z5719915162784_a4f69c622478efdc49a59a408dfe4b55.jpg,8d8cd26beac394f05a362ca97aa8f1f0b099799f0f0c28ee2ac2763c3c46af01,test,HISTORICALLY_EXPOSED,True,True,"High-confidence fine-tune notebooks build one dataset from all 2057 rows. For fallback rows, sample identity was exposed although historical augmented bytes are not reproducible."
838aab540921f36b2f0d,Soil_Labeled_Data/M_30_40/L_40_50/alluvial/z5719915176463_24f4b5d7420478f1cc324804ef75f6b9.jpg,c33247d75f581fa8f13cc46a9e7d24a652b57a7d6dc33ed743b948cefc3fbda3,train,HISTORICALLY_EXPOSED,True,True,"High-confidence fine-tune notebooks build one dataset from all 2057 rows. For fallback rows, sample identity was exposed although historical augmented bytes are not reproducible."
74fd69c97fcd1cc6574d,Soil_Labeled_Data/M_30_40/L_40_50/alluvial/z5719915191781_9fbc3215a4e768d8a242c9aae23d78e3.jpg,c504186c874df7339a10c3e4f4324a905cdd44f9f6ba03ae10cd047fee1dd838,train,HISTORICALLY_EXPOSED,True,True,"High-confidence fine-tune notebooks build one dataset from all 2057 rows. For fallback rows, sample identity was exposed although historical augmented bytes are not reproducible."
3ea5489ca58856f98e62,Soil_Labeled_Data/M_30_40/L_40_50/alluvial/z5719915206794_043f99c4e48d30a3c242949620c8fbd3.jpg,7adb30b1e8b914994855e637335a08b67c010f0bdef1b4765926f1400fec66a2,test,HISTORICALLY_EXPOSED,True,True,"High-confidence fine-tune notebooks build one dataset from all 2057 rows. For fallback rows, sample identity was exposed although historical augmented bytes are not reproducible."
1e952b9f4b6c471c26ee,Soil_Labeled_Data/M_30_40/L_50_60/alluvial/z5719945047556_cad2b245e96e675e8307be1ecf1a91f9.jpg,77051d5c11e589b8e770cb563dd55d8275fdda9e674cf10d856384c23fea158e,test,HISTORICALLY_EXPOSED,True,True,"High-confidence fine-tune notebooks build one dataset from all 2057 rows. For fallback rows, sample identity was exposed although historical augmented bytes are not reproducible."
906f3586d9bbd541e9e7,Soil_Labeled_Data/M_30_40/L_50_60/alluvial/z5719945086578_e3ca39e5b5ab67c958a7fdaed8e174c3.jpg,152317568da4def3ee28e7ff3fa658ef2e5228b9c7ff77348ca51185a26dd303,validation,HISTORICALLY_EXPOSED,True,True,"High-confidence fine-tune notebooks build one dataset from all 2057 rows. For fallback rows, sample identity was exposed although historical augmented bytes are not reproducible."
b890cd57b922a481d53b,Soil_Labeled_Data/M_30_40/L_50_60/alluvial/z5719945128230_6802d6f378727442f0aab01c758677a5.jpg,3fa819429305432cc6be4e7bf47dcc8d6026d5d4cbb11f5326ab29d5a682d3fe,train,HISTORICALLY_EXPOSED,True,True,"High-confidence fine-tune notebooks build one dataset from all 2057 rows. For fallback rows, sample identity was exposed although historical augmented bytes are not reproducible."
333977bf9341f50f50f7,Soil_Labeled_Data/M_30_40/L_50_60/alluvial/z5719945165176_3e73bc54f72839349bf7a02f8f5d684c.jpg,65b9119430b77562404c5e27c576f4cecafbe15102224cc383ebc27e94cb0c50,validation,HISTORICALLY_EXPOSED,True,True,"High-confidence fine-tune notebooks build one dataset from all 2057 rows. For fallback rows, sample identity was exposed although historical augmented bytes are not reproducible."
5b283fb1d33c9170a6f5,Soil_Labeled_Data/M_30_40/L_50_60/alluvial/z5719945203482_fc59f3ebb2c9d5959ab183cf1300e674.jpg,8a61e0221d03b88d0d39a723d47f6d7ea481cc04eaabcd6fcf99d8aaed92441e,test,HISTORICALLY_EXPOSED,True,True,"High-confidence fine-tune notebooks build one dataset from all 2057 rows. For fallback rows, sample identity was exposed although historical augmented bytes are not reproducible."
6f99571f92c094df6b20,Soil_Labeled_Data/M_30_40/L_50_60/alluvial/z5719945237944_9e81baa660ace3bd2958bfa740e457b9.jpg,712d002095d85f52bc58304c63cb351e90944a8c437688d3d05e0eecebdb1f85,train,HISTORICALLY_EXPOSED,True,True,"High-confidence fine-tune notebooks build one dataset from all 2057 rows. For fallback rows, sample identity was exposed although historical augmented bytes are not reproducible."
bea7c22d073e3e58b273,Soil_Labeled_Data/M_30_40/L_50_60/alluvial/z5719945282121_22a25cca44c3ca90506d7f082a8e62ba.jpg,53f995b6e86019dd54dbe4d6ca3eacb16b5d1ab70b70a356284fa935c6f820da,train,HISTORICALLY_EXPOSED,True,True,"High-confidence fine-tune notebooks build one dataset from all 2057 rows. For fallback rows, sample identity was exposed although historical augmented bytes are not reproducible."
67b4820d98005f7d40de,Soil_Labeled_Data/M_30_40/L_50_60/alluvial/z5719945326572_38e3e733446eabe3bf00850bf73883e0.jpg,d444ab3fa9b804417465af69a3b61150f853e0fea68667026f64c92e8bd7a7a2,train,HISTORICALLY_EXPOSED,True,True,"High-confidence fine-tune notebooks build one dataset from all 2057 rows. For fallback rows, sample identity was exposed although historical augmented bytes are not reproducible."
a8b3cb87d648befcc460,Soil_Labeled_Data/M_30_40/L_50_60/alluvial/z5719945372269_2a3fa83b9d92ccaa70da062eccace05c.jpg,7d992db2ce611c897cb405ede2c97e1a7b574ba1b49cbf35b780b79cda759a7a,train,HISTORICALLY_EXPOSED,True,True,"High-confidence fine-tune notebooks build one dataset from all 2057 rows. For fallback rows, sample identity was exposed although historical augmented bytes are not reproducible."
5a41ba08e986126860fe,Soil_Labeled_Data/M_30_40/L_50_60/alluvial/z5719945372269_2a3fa83b9d92ccaa70da062eccace05c_aug_00_gray_brown.jpg,2704dd0863cbe6c94be044f2b6794325960f2ac7e3bbd72052b3c774eb38f76d,train,HISTORICALLY_EXPOSED,True,True,"High-confidence fine-tune notebooks build one dataset from all 2057 rows. For fallback rows, sample identity was exposed although historical augmented bytes are not reproducible."
5d5963f8f555d5302576,Soil_Labeled_Data/M_30_40/L_50_60/alluvial/z5719945410375_d68840a29b4222519ffac084ea8cf065.jpg,e54af701874db5bccc4439dab8ae52a529368a619d0fc1cc2b5f9814f69b4062,train,HISTORICALLY_EXPOSED,True,True,"High-confidence fine-tune notebooks build one dataset from all 2057 rows. For fallback rows, sample identity was exposed although historical augmented bytes are not reproducible."
75bd6de1beec7a2b94ae,Soil_Labeled_Data/M_30_40/L_50_60/alluvial/z5719945422897_e85f1f456697f2e20bc5401bb55ec951.jpg,21aec8032d5c136e6512ff2b000bfe23e49c51fc0da8ca950cda99e49e882331,train,HISTORICALLY_EXPOSED,True,True,"High-confidence fine-tune notebooks build one dataset from all 2057 rows. For fallback rows, sample identity was exposed although historical augmented bytes are not reproducible."
8a6ec9170615c4d29652,Soil_Labeled_Data/M_30_40/L_50_60/alluvial/z5719945442394_074f397072a0e21797e33be6440ab366.jpg,be486b174d9108aa310ff3fd65fd4a71317f3d9440fe21e0b66ffbb379bfabcc,train,HISTORICALLY_EXPOSED,True,True,"High-confidence fine-tune notebooks build one dataset from all 2057 rows. For fallback rows, sample identity was exposed although historical augmented bytes are not reproducible."
7038cf428f2417ddc1da,Soil_Labeled_Data/M_30_40/L_50_60/alluvial/z5719945465403_eef403001195b9d5de6375b6fe2e3628.jpg,c66e939fbbc22170a06eba9435748260f91738867d77cc606c821ec0933f75cf,train,HISTORICALLY_EXPOSED,True,True,"High-confidence fine-tune notebooks build one dataset from all 2057 rows. For fallback rows, sample identity was exposed although historical augmented bytes are not reproducible."
eea01f5bd1553a30ee7b,Soil_Labeled_Data/M_30_40/L_50_60/alluvial/z5719945480047_a7f6b36605c6c8cb45167c24f063555e.jpg,c4878af497bbaf3bc5dc4c65cb7329492aa605002d0836623ce8a6a498825ad9,test,HISTORICALLY_EXPOSED,True,True,"High-confidence fine-tune notebooks build one dataset from all 2057 rows. For fallback rows, sample identity was exposed although historical augmented bytes are not reproducible."
4a1ddad748dd9121286d,Soil_Labeled_Data/M_30_40/L_50_60/alluvial/z5719945494405_a556366a429daf9a78448e62806f33bb.jpg,fb922ae008179176ac440a65481e10fcc871cf7a27e185da1329955ef063c51b,train,HISTORICALLY_EXPOSED,True,True,"High-confidence fine-tune notebooks build one dataset from all 2057 rows. For fallback rows, sample identity was exposed although historical augmented bytes are not reproducible."
89634d8e611dab0bf0b9,Soil_Labeled_Data/M_30_40/L_50_60/alluvial/z5719945512664_b31ee4aecf6a552463f894dbf83282d1.jpg,cfe71a2c984129167053ac2df3898cf032703d2de4537fd2b9a9ca6eb1e1ede7,test,HISTORICALLY_EXPOSED,True,True,"High-confidence fine-tune notebooks build one dataset from all 2057 rows. For fallback rows, sample identity was exposed although historical augmented bytes are not reproducible."
634e37813b2278ea8978,Soil_Labeled_Data/M_30_40/L_50_60/alluvial/z5719945525148_2d147c0909d312302995e4cfa5fe6c26.jpg,039004cd5fe4130bc722f4aa8287266cc14311aba75fc5546710325a763ec876,train,HISTORICALLY_EXPOSED,True,True,"High-confidence fine-tune notebooks build one dataset from all 2057 rows. For fallback rows, sample identity was exposed although historical augmented bytes are not reproducible."
e56a333bf193cb317a39,Soil_Labeled_Data/M_30_40/L_50_60/alluvial/z5719945525148_2d147c0909d312302995e4cfa5fe6c26_aug_01_light_brown.jpg,58ce68517796f44a88b05e9beb34c9ed37e4942bdb405e30e9a29ca607917a26,train,HISTORICALLY_EXPOSED,True,True,"High-confidence fine-tune notebooks build one dataset from all 2057 rows. For fallback rows, sample identity was exposed although historical augmented bytes are not reproducible."
82d3f71fb886f246e117,Soil_Labeled_Data/M_30_40/L_50_60/alluvial/z5719945538606_74154fe115c2ace51dfd6ecc533d4633.jpg,0ea05b64ab6218561d4d624e2438030329d2048ee2d69a02df9da3645b9d6072,train,HISTORICALLY_EXPOSED,True,True,"High-confidence fine-tune notebooks build one dataset from all 2057 rows. For fallback rows, sample identity was exposed although historical augmented bytes are not reproducible."
f3dddb268bf04790b0b9,Soil_Labeled_Data/M_30_40/L_60_70/alluvial/IMG_0675_M_10_20_light_brown.jpg,91104ea2b87e8fbd7d623191eff0b86ec0aaaea67987494e0ed66f0c88eb78b9,train,HISTORICALLY_EXPOSED,False,True,"High-confidence fine-tune notebooks build one dataset from all 2057 rows. For fallback rows, sample identity was exposed although historical augmented bytes are not reproducible."
6bf3e074b961b3288781,Soil_Labeled_Data/M_30_40/L_60_70/alluvial/IMG_0676_M_10_20_pale_yellow.jpg,01271748c5b9ff3eb564a6bd1727f8d071da4a4a8d56b28d1b8e689e26135b3d,train,HISTORICALLY_EXPOSED,False,True,"High-confidence fine-tune notebooks build one dataset from all 2057 rows. For fallback rows, sample identity was exposed although historical augmented bytes are not reproducible."
e165e07273a28f95bdbd,Soil_Labeled_Data/M_30_40/L_60_70/alluvial/IMG_0677_M_10_20_light_brown.jpg,000f64f52ef3031ca22cd979e43453e67d9a908f2ea003a2f3fce77d682cb8c8,train,HISTORICALLY_EXPOSED,False,True,"High-confidence fine-tune notebooks build one dataset from all 2057 rows. For fallback rows, sample identity was exposed although historical augmented bytes are not reproducible."
2c049a7dfe89dd206d63,Soil_Labeled_Data/M_30_40/L_60_70/alluvial/IMG_0678_M_10_20_pale_yellow.jpg,d3b246c53973b42cf8985e3b37d3a8e3fff5f18e739a217828590d3e5d392e06,train,HISTORICALLY_EXPOSED,False,True,"High-confidence fine-tune notebooks build one dataset from all 2057 rows. For fallback rows, sample identity was exposed although historical augmented bytes are not reproducible."
1e4d43ce63d79421f2ec,Soil_Labeled_Data/M_30_40/L_60_70/alluvial/IMG_0680_M_10_20_light_brown.jpg,1867014def6a5c08a7228a9d5b2eaed8cfba10fe011036cc43fd68dd888c0248,train,HISTORICALLY_EXPOSED,False,True,"High-confidence fine-tune notebooks build one dataset from all 2057 rows. For fallback rows, sample identity was exposed although historical augmented bytes are not reproducible."
71c41b8a9e21b8c3b6b0,Soil_Labeled_Data/M_30_40/L_60_70/alluvial/IMG_0682_M_10_20_light_brown.jpg,c19ded70c34fe4b7f4806aa91c25b24d3d360b1abbd7b366513d0ce30ac5db59,validation,HISTORICALLY_EXPOSED,False,True,"High-confidence fine-tune notebooks build one dataset from all 2057 rows. For fallback rows, sample identity was exposed although historical augmented bytes are not reproducible."
6412110136eabc4ba188,Soil_Labeled_Data/M_30_40/L_60_70/alluvial/IMG_0695_M_10_20_light_brown.jpg,a43ecc574f3015a11565e5e44d97043023467794d68a99e182f6673d3dd36d5b,train,HISTORICALLY_EXPOSED,True,True,"High-confidence fine-tune notebooks build one dataset from all 2057 rows. For fallback rows, sample identity was exposed although historical augmented bytes are not reproducible."
b8c2f6ac2769f82ae5cd,Soil_Labeled_Data/M_30_40/L_60_70/alluvial/z5715083829092_c796baa2a13a45a626e1c31cb08f116a_M_20_30_light_brown.jpg,6bad26e76d2423950003b2767f46904ee9f820358c437ae8a0ab980ab860e057,train,HISTORICALLY_EXPOSED,True,True,"High-confidence fine-tune notebooks build one dataset from all 2057 rows. For fallback rows, sample identity was exposed although historical augmented bytes are not reproducible."
4128423aeac2104bfede,Soil_Labeled_Data/M_30_40/L_60_70/alluvial/z5715083885623_9f42a940c20ea1e55af3e06994578004_M_20_30_light_brown.jpg,889e24521b4742763f60a08303a23365f35104c6ab9770714198bc13c39dcfc6,train,HISTORICALLY_EXPOSED,True,True,"High-confidence fine-tune notebooks build one dataset from all 2057 rows. For fallback rows, sample identity was exposed although historical augmented bytes are not reproducible."
8c644e706d658fe68236,Soil_Labeled_Data/M_30_40/L_60_70/alluvial/z5715084002036_bdc35c47993d232e5b2b07c45fd7854f_M_20_30_light_brown.jpg,6854fcff8e56e9b7baec6995dc085c5bad52302468aa32e4625d2db9068271ae,train,HISTORICALLY_EXPOSED,True,True,"High-confidence fine-tune notebooks build one dataset from all 2057 rows. For fallback rows, sample identity was exposed although historical augmented bytes are not reproducible."
91f43cd2e7d40846ba8d,Soil_Labeled_Data/M_30_40/L_60_70/alluvial/z5715084050631_480b9ae3c93e9adc09ca30cd0761e10e_M_20_30_pale_yellow.jpg,2fc6139030bd15a69fcfcfedec6d9c3ab183ccd3fea9edfbca7c253d6c0e8193,train,HISTORICALLY_EXPOSED,True,True,"High-confidence fine-tune notebooks build one dataset from all 2057 rows. For fallback rows, sample identity was exposed although historical augmented bytes are not reproducible."
9a92835bede9c845cdfd,Soil_Labeled_Data/M_30_40/L_60_70/alluvial/z5715084112046_c4388528720a09f94233e3004fa76f74_M_20_30_pale_yellow.jpg,65790033d92d905b33c2934f1bc8c2effbc1b05249f08b71641dff9842a2342d,train,HISTORICALLY_EXPOSED,True,True,"High-confidence fine-tune notebooks build one dataset from all 2057 rows. For fallback rows, sample identity was exposed although historical augmented bytes are not reproducible."
00393ce1b7d74e70cb6f,Soil_Labeled_Data/M_30_40/L_60_70/alluvial/z5715084235063_019bf1d09588c2fd5226859f4331698b_M_20_30_light_brown.jpg,a10ddc66cad2d20c5f4fda000e6980aa51b2d7f71f5f7b056d4203c2aa4e8c86,train,HISTORICALLY_EXPOSED,True,True,"High-confidence fine-tune notebooks build one dataset from all 2057 rows. For fallback rows, sample identity was exposed although historical augmented bytes are not reproducible."
f0cc249824ba18b0e60f,Soil_Labeled_Data/M_30_40/L_60_70/alluvial/z5715084306747_adff9a454f2d560f7c94ff4d4f1ba239_M_20_30_pale_yellow.jpg,b3683f55a4a7524265b602de9884eef34a1ee8154b25d1a8b9bf2b50575817dc,test,HISTORICALLY_EXPOSED,True,True,"High-confidence fine-tune notebooks build one dataset from all 2057 rows. For fallback rows, sample identity was exposed although historical augmented bytes are not reproducible."
39d94ab1c1b2a6901dd8,Soil_Labeled_Data/M_30_40/L_60_70/alluvial/z5715084373143_bf51a90ff4c9af94ac682d0e749d3c52_M_20_30_pale_yellow.jpg,bc6f121e0c529ca26705983961e328e308d31cf5508682d7db46daffa3c03033,train,HISTORICALLY_EXPOSED,True,True,"High-confidence fine-tune notebooks build one dataset from all 2057 rows. For fallback rows, sample identity was exposed although historical augmented bytes are not reproducible."
c9743a6b674a32a81132,Soil_Labeled_Data/M_30_40/L_60_70/alluvial/z5715084394382_378bf214cc128ad07a22836f046d4fec_M_20_30_light_brown.jpg,8e3f2e24ab45236e11c1d768f491d26b16509a544f9f7ee7fcec0c94cae79290,train,HISTORICALLY_EXPOSED,True,True,"High-confidence fine-tune notebooks build one dataset from all 2057 rows. For fallback rows, sample identity was exposed although historical augmented bytes are not reproducible."
a47c122c7eec311d64b5,Soil_Labeled_Data/M_30_40/L_60_70/alluvial/z5715084415256_c016f29f8a2b857513855a25b24de184_M_20_30_pale_yellow.jpg,9c7edb7f0006badc4ad327e116a25a2bbfd965e59260a741b7ee073340c9ae9f,train,HISTORICALLY_EXPOSED,True,True,"High-confidence fine-tune notebooks build one dataset from all 2057 rows. For fallback rows, sample identity was exposed although historical augmented bytes are not reproducible."
24a2833656dbca24541f,Soil_Labeled_Data/M_30_40/L_60_70/alluvial/z5715084434342_b865d6e3c37268959852bcc33862045e_M_20_30_pale_yellow.jpg,e454bdb21ef38a8cb5cae7e7c56f81eb3ad257a2ed32a56cebebe7d54b4292ca,test,HISTORICALLY_EXPOSED,True,True,"High-confidence fine-tune notebooks build one dataset from all 2057 rows. For fallback rows, sample identity was exposed although historical augmented bytes are not reproducible."
bfcda6413c4da8227c6e,Soil_Labeled_Data/M_30_40/L_60_70/alluvial/z5715084451345_2e9b065fd62392917b331a68b82abded_M_20_30_light_brown.jpg,6013e3dd33108ddb6a3ced453ab2e31e041fbf4adde4065300f78ecbefee6873,validation,HISTORICALLY_EXPOSED,True,True,"High-confidence fine-tune notebooks build one dataset from all 2057 rows. For fallback rows, sample identity was exposed although historical augmented bytes are not reproducible."
53264df70329aa3f9210,Soil_Labeled_Data/M_30_40/L_60_70/alluvial/z5715084472999_950e840441fad54aab4b33a9d6b52f88_M_20_30_light_brown.jpg,cc88301844f264eac46814eb455f193df67afea0f3f6318fd9893e8153c49b94,train,HISTORICALLY_EXPOSED,True,True,"High-confidence fine-tune notebooks build one dataset from all 2057 rows. For fallback rows, sample identity was exposed although historical augmented bytes are not reproducible."
f5de43bb5596283d39ac,Soil_Labeled_Data/M_30_40/L_70_80/alluvial/IMG_0699_M_10_20_light_brown.jpg,13c0c679790f18416d3c784b7fdbe0b6043a65fc4d30e075601827e25bec84f3,test,HISTORICALLY_EXPOSED,True,True,"High-confidence fine-tune notebooks build one dataset from all 2057 rows. For fallback rows, sample identity was exposed although historical augmented bytes are not reproducible."
da730bbb4742fc38c0f4,Soil_Labeled_Data/M_30_40/L_70_80/alluvial/IMG_0700_M_10_20_light_brown.jpg,342a54833f0cfd5267122d3ccfdfffdc086cf3f7da776f8eef79265deed45fc4,train,HISTORICALLY_EXPOSED,True,True,"High-confidence fine-tune notebooks build one dataset from all 2057 rows. For fallback rows, sample identity was exposed although historical augmented bytes are not reproducible."
97f1066edd876c18f19f,Soil_Labeled_Data/M_30_40/L_70_80/alluvial/IMG_0704_M_10_20_pale_yellow.jpg,276d5cd8a83ba0d08037cd2acdc61f94698b2f73c8109a8055a7f0054d86093c,test,HISTORICALLY_EXPOSED,False,True,"High-confidence fine-tune notebooks build one dataset from all 2057 rows. For fallback rows, sample identity was exposed although historical augmented bytes are not reproducible."
c0fc88ee6b1087b277fa,Soil_Labeled_Data/M_30_40/L_70_80/alluvial/IMG_0708_M_10_20_light_brown.jpg,a1e5175a9b7e4ee2d21f1efb4577e9e7d9ce9295b6fe16915ae7e7530991aaef,train,HISTORICALLY_EXPOSED,False,True,"High-confidence fine-tune notebooks build one dataset from all 2057 rows. For fallback rows, sample identity was exposed although historical augmented bytes are not reproducible."
512fc0be03ef896aea33,Soil_Labeled_Data/M_30_40/L_70_80/alluvial/IMG_0709_M_10_20_pale_yellow.jpg,d38ab34f3b718299595f0127563de34bf50765f8851a6a2e0b61a57536ac604a,train,HISTORICALLY_EXPOSED,False,True,"High-confidence fine-tune notebooks build one dataset from all 2057 rows. For fallback rows, sample identity was exposed although historical augmented bytes are not reproducible."
9c98e939a2aadd54d83f,Soil_Labeled_Data/M_30_40/L_70_80/alluvial/IMG_0710_M_10_20_pale_yellow.jpg,0b072d254373e996a4a1fe076332d7b5d9d97612a71a7e084857508c15feb959,validation,HISTORICALLY_EXPOSED,False,True,"High-confidence fine-tune notebooks build one dataset from all 2057 rows. For fallback rows, sample identity was exposed although historical augmented bytes are not reproducible."
4706807307f6db7a4c3a,Soil_Labeled_Data/M_30_40/L_70_80/alluvial/IMG_0711_M_10_20_light_brown.jpg,55d8b01606b59e0de17588a4a5a15e89071f8773493f785f5413da8c844e56f8,train,HISTORICALLY_EXPOSED,False,True,"High-confidence fine-tune notebooks build one dataset from all 2057 rows. For fallback rows, sample identity was exposed although historical augmented bytes are not reproducible."
a9ab9e510de719a58c2c,Soil_Labeled_Data/M_30_40/L_70_80/alluvial/IMG_0713_M_10_20_light_brown.jpg,5873a3a253020278ba13ea044c812a375af7ab1b7fb6cf75e6fe99a6671ec6a5,validation,HISTORICALLY_EXPOSED,False,True,"High-confidence fine-tune notebooks build one dataset from all 2057 rows. For fallback rows, sample identity was exposed although historical augmented bytes are not reproducible."
753348d85a0cfdbc8006,Soil_Labeled_Data/M_30_40/L_70_80/alluvial/IMG_0714_M_10_20_light_brown.jpg,d820193e8c79fa413b5802aa26c7567612b4a322dfb48d267fe87a7d30f8368d,train,HISTORICALLY_EXPOSED,False,True,"High-confidence fine-tune notebooks build one dataset from all 2057 rows. For fallback rows, sample identity was exposed although historical augmented bytes are not reproducible."
b3b77f4284dbd4564abb,Soil_Labeled_Data/M_30_40/L_70_80/alluvial/IMG_0719_M_10_20_pale_yellow.jpg,c9f3ee7fb0bfe0bd88fbdbe74c353ea21ecac8c10cfa56198e7d0ce408e20102,validation,HISTORICALLY_EXPOSED,True,True,"High-confidence fine-tune notebooks build one dataset from all 2057 rows. For fallback rows, sample identity was exposed although historical augmented bytes are not reproducible."
fbff0ab7f4087cc33b75,Soil_Labeled_Data/M_30_40/L_70_80/alluvial/z5715141573526_1cfd3d637f1aaae4ef2237bf6ba6ce65_M_20_30_light_brown.jpg,ed8da222b17c62f84767f961ca3f4a122128e4aa6ec663ed232fa682382771c8,train,HISTORICALLY_EXPOSED,True,True,"High-confidence fine-tune notebooks build one dataset from all 2057 rows. For fallback rows, sample identity was exposed although historical augmented bytes are not reproducible."
96a7733d92418ae4c450,Soil_Labeled_Data/M_30_40/L_70_80/alluvial/z5715141626411_00b983fd5f44402c4bda94b5b928bb00_M_20_30_light_brown.jpg,ec3906f8976cb62f73e792636fc99e04a939d0cad61762d800276e7de55b7d1b,train,HISTORICALLY_EXPOSED,True,True,"High-confidence fine-tune notebooks build one dataset from all 2057 rows. For fallback rows, sample identity was exposed although historical augmented bytes are not reproducible."
d8bb4c140ef676bc1cd0,Soil_Labeled_Data/M_30_40/L_70_80/alluvial/z5715141676311_1d060c8ef71e58aadc2f6099b373b761_M_20_30_light_brown.jpg,d0b37c065fec47f0410109f765ff15ab9f252a2a8160bfd892e3fc472907aa24,train,HISTORICALLY_EXPOSED,True,True,"High-confidence fine-tune notebooks build one dataset from all 2057 rows. For fallback rows, sample identity was exposed although historical augmented bytes are not reproducible."
e6adb7cbb40fb27c8f57,Soil_Labeled_Data/M_30_40/L_70_80/alluvial/z5715141734634_e77f72db46f26975a8a55807dd7433b7_M_20_30_light_brown.jpg,85123fc0b2e008a4c4c24535bb5d24f31aeff54ae907816f820ef2a71eba7d2f,train,HISTORICALLY_EXPOSED,True,True,"High-confidence fine-tune notebooks build one dataset from all 2057 rows. For fallback rows, sample identity was exposed although historical augmented bytes are not reproducible."
af26e84a3049b0a6a59f,Soil_Labeled_Data/M_30_40/L_70_80/alluvial/z5715141839575_b7b45144485ab528e29f7f20c818087e_M_20_30_light_brown.jpg,a136d2925f828a61949dca2b7b0256117ffe684c9c8533ee357ea725b07c623a,test,HISTORICALLY_EXPOSED,True,True,"High-confidence fine-tune notebooks build one dataset from all 2057 rows. For fallback rows, sample identity was exposed although historical augmented bytes are not reproducible."
d5376048fba552ff26de,Soil_Labeled_Data/M_30_40/L_70_80/alluvial/z5715141899556_927d7046b4cb6c9fdf4bc1576d9b3b99_M_20_30_light_brown.jpg,7aa9806d5788ea99d3026b94ff5200cebeb91fb798313f7c9245360faaa8d44e,train,HISTORICALLY_EXPOSED,True,True,"High-confidence fine-tune notebooks build one dataset from all 2057 rows. For fallback rows, sample identity was exposed although historical augmented bytes are not reproducible."
a883c048f7c5d2354696,Soil_Labeled_Data/M_30_40/L_70_80/alluvial/z5715142077494_ab24c35df3ee1fd78c4a418b36519a9d_M_20_30_pale_yellow.jpg,f93965954f3b78ea234ebe3b06d3864033e8c7b84262c6d98142ce5021df3922,test,HISTORICALLY_EXPOSED,True,True,"High-confidence fine-tune notebooks build one dataset from all 2057 rows. For fallback rows, sample identity was exposed although historical augmented bytes are not reproducible."
345ffb1e4fba0fc230c1,Soil_Labeled_Data/M_30_40/L_70_80/alluvial/z5715142129089_015c9550aeccc7dd88d56342f7ce6df6_M_20_30_light_brown.jpg,4af3a474512fed361244acf8e743ddcbc328a6a837065aa56759179128f8c037,validation,HISTORICALLY_EXPOSED,True,True,"High-confidence fine-tune notebooks build one dataset from all 2057 rows. For fallback rows, sample identity was exposed although historical augmented bytes are not reproducible."
7745b1394258aaef6a31,Soil_Labeled_Data/M_30_40/L_70_80/alluvial/z5715142153919_def0b39ba7565c8f6d5509d4cdd83188_M_20_30_pale_yellow.jpg,2879d944ea8b37866eb01e49fda2471a4bc71de72d06fdfe0568740077d02d57,train,HISTORICALLY_EXPOSED,True,True,"High-confidence fine-tune notebooks build one dataset from all 2057 rows. For fallback rows, sample identity was exposed although historical augmented bytes are not reproducible."
0b844f59d53d1bba4394,Soil_Labeled_Data/M_30_40/L_70_80/alluvial/z5715142212681_2e4b5f2d5015cf5252daf3e7bdf1c455_M_20_30_pale_yellow.jpg,313e4574cc5139a8e5df33ce154030b3cfce65fcf5c4d1c6ed18580d1603b61d,train,HISTORICALLY_EXPOSED,True,True,"High-confidence fine-tune notebooks build one dataset from all 2057 rows. For fallback rows, sample identity was exposed although historical augmented bytes are not reproducible."
d56db68a0329645c2eef,Soil_Labeled_Data/M_30_40/L_80_90/alluvial/z5720115611278_2165bd5b2e5ac713d97400eabcc65d99.jpg,26bb3fee4d57dc0f3c2e373eaccb19a1a4f4b8da2c84829c5918e6d3a9e603b3,train,HISTORICALLY_EXPOSED,True,True,"High-confidence fine-tune notebooks build one dataset from all 2057 rows. For fallback rows, sample identity was exposed although historical augmented bytes are not reproducible."
522f4dc6b54162929fdf,Soil_Labeled_Data/M_30_40/L_80_90/alluvial/z5720115653272_3de34aa127a04a50ac17b19f6c26e982.jpg,c7569787e74310048696c82571cedd2cb89e66b961605a3059711b281284b503,test,HISTORICALLY_EXPOSED,True,True,"High-confidence fine-tune notebooks build one dataset from all 2057 rows. For fallback rows, sample identity was exposed although historical augmented bytes are not reproducible."
dc2f7322d17c965d4f37,Soil_Labeled_Data/M_30_40/L_80_90/alluvial/z5720115687004_c7046b6ed304fe8ccbb693c1af288980.jpg,da67778185dbfeb35e18acd99a4b43850e693e80c558855b36f342b4d4360d30,train,HISTORICALLY_EXPOSED,True,True,"High-confidence fine-tune notebooks build one dataset from all 2057 rows. For fallback rows, sample identity was exposed although historical augmented bytes are not reproducible."
473a4f4a33aebb697a01,Soil_Labeled_Data/M_30_40/L_80_90/alluvial/z5720115727413_e891a8cfc53a007f676e1bac4a0342b5.jpg,18bc134226d0f0292404508331885ed7ec92dac7ad23953057102c75b475fc2a,train,HISTORICALLY_EXPOSED,True,True,"High-confidence fine-tune notebooks build one dataset from all 2057 rows. For fallback rows, sample identity was exposed although historical augmented bytes are not reproducible."
7d871def2b0f592ae0ee,Soil_Labeled_Data/M_30_40/L_80_90/alluvial/z5720115765295_566dab2e381f475c4d17c1f90510d54b.jpg,18bc70fb3bbd74cd8bf3ab88ec4e48b1aa2fdd6673a130490622719209b228e0,validation,HISTORICALLY_EXPOSED,True,True,"High-confidence fine-tune notebooks build one dataset from all 2057 rows. For fallback rows, sample identity was exposed although historical augmented bytes are not reproducible."
37b10fe38ef3245b0c3d,Soil_Labeled_Data/M_30_40/L_80_90/alluvial/z5720115800429_ff01c46a0bb2fd04a0bcfaa21477768c.jpg,9a626aede8c742d3909a22277e5a046d567ff352bc7d86b1afa44be176987d0f,test,HISTORICALLY_EXPOSED,True,True,"High-confidence fine-tune notebooks build one dataset from all 2057 rows. For fallback rows, sample identity was exposed although historical augmented bytes are not reproducible."
7d74920e75c420fd82ac,Soil_Labeled_Data/M_30_40/L_80_90/alluvial/z5720115833149_ed8419086eec88fa81ae29e84dd8ee29.jpg,af54ceee1e6ea7ef7a866eb66ec5f0714bf947da83ee39e15e5e8cab789a92e8,train,HISTORICALLY_EXPOSED,True,True,"High-confidence fine-tune notebooks build one dataset from all 2057 rows. For fallback rows, sample identity was exposed although historical augmented bytes are not reproducible."
5399127238839d918550,Soil_Labeled_Data/M_30_40/L_80_90/alluvial/z5720115869917_a1c0c0f135fb5443e070ba2cfa3f59b5.jpg,75af8544493631632ecb26dbf0ebbaccebb83a95700602043d0f9d43d51d6261,train,HISTORICALLY_EXPOSED,True,True,"High-confidence fine-tune notebooks build one dataset from all 2057 rows. For fallback rows, sample identity was exposed although historical augmented bytes are not reproducible."
948cbb9c21364e36636e,Soil_Labeled_Data/M_30_40/L_80_90/alluvial/z5720115908066_d971dc1911998ed5477394adeada3648.jpg,8135a92cf1b73d22b6e345d3c2b34d93ef0ec1487efe4fb4b193d73d326db557,train,HISTORICALLY_EXPOSED,True,True,"High-confidence fine-tune notebooks build one dataset from all 2057 rows. For fallback rows, sample identity was exposed although historical augmented bytes are not reproducible."
eb498ebfeb5f7a938612,Soil_Labeled_Data/M_30_40/L_80_90/alluvial/z5720115942754_8be2331cdea2f08eaa20a4d16f47702e.jpg,b31a63d28142efd56024bd0e38ee4b1118ecaf2eca2f4cb0c721d8c954f5bcb9,train,HISTORICALLY_EXPOSED,True,True,"High-confidence fine-tune notebooks build one dataset from all 2057 rows. For fallback rows, sample identity was exposed although historical augmented bytes are not reproducible."
40e4859841f6461c5799,Soil_Labeled_Data/M_30_40/L_80_90/alluvial/z5720115955016_77628ff737c4b80cdf4db3cabe679c96.jpg,1036124b03e417fccc2b2771da3daa5a7aa4639e9c0f2094e2f620f40d734ce6,test,HISTORICALLY_EXPOSED,True,True,"High-confidence fine-tune notebooks build one dataset from all 2057 rows. For fallback rows, sample identity was exposed although historical augmented bytes are not reproducible."
17326f97c235bfba4264,Soil_Labeled_Data/M_30_40/L_80_90/alluvial/z5720115969160_90e7c8fe51469c6537b93b0b5051f46d.jpg,d2d846cd4e716f7399ac6b2fe8d1b99b43285e9b37aad353e7b55b7f2ba4a9b0,train,HISTORICALLY_EXPOSED,True,True,"High-confidence fine-tune notebooks build one dataset from all 2057 rows. For fallback rows, sample identity was exposed although historical augmented bytes are not reproducible."
0a2458593f29c4bfa00e,Soil_Labeled_Data/M_30_40/L_80_90/alluvial/z5720115982216_637e10bfdba8825575e6ddce9ee0b4db.jpg,152c3629f5e51fcdd37dc597a1642fce5df05fa051ff1e636ab64591586992fa,test,HISTORICALLY_EXPOSED,True,True,"High-confidence fine-tune notebooks build one dataset from all 2057 rows. For fallback rows, sample identity was exposed although historical augmented bytes are not reproducible."
bf5347894784387faaf4,Soil_Labeled_Data/M_30_40/L_80_90/alluvial/z5720115994271_6ee046f5429b540fab54644ee387967d.jpg,f78a84e7b2a6e850c20e699b6715e85009c356da4b0001f92227be59ff662b36,train,HISTORICALLY_EXPOSED,True,True,"High-confidence fine-tune notebooks build one dataset from all 2057 rows. For fallback rows, sample identity was exposed although historical augmented bytes are not reproducible."
b71ca4caa73acc7027e8,Soil_Labeled_Data/M_30_40/L_80_90/alluvial/z5720116009994_7473d14d835476f47632659bffa27b72.jpg,6dd61e46951640ce81a122981b61d8e716bfb01a13aa1ca5643228cd448c10c7,train,HISTORICALLY_EXPOSED,True,True,"High-confidence fine-tune notebooks build one dataset from all 2057 rows. For fallback rows, sample identity was exposed although historical augmented bytes are not reproducible."
f2abc8a73901eae9ad9e,Soil_Labeled_Data/M_30_40/L_80_90/alluvial/z5720116028219_3547ed7fc4e58ca77d0a9c04ad52a29b.jpg,356b4f61f11c3f3639169e6ac8da9d34ad8d408c85fcafa9b03665c25a2c2d22,test,HISTORICALLY_EXPOSED,True,True,"High-confidence fine-tune notebooks build one dataset from all 2057 rows. For fallback rows, sample identity was exposed although historical augmented bytes are not reproducible."
98c66d5a4ed200125a0c,Soil_Labeled_Data/M_30_40/L_80_90/alluvial/z5720116040527_64efc6d26d1ee063c31ac7c808603d38.jpg,7230e1cf8fc623e3ff5e052ad819fe35ff56d2740228ea685e65aeff6f9082f1,train,HISTORICALLY_EXPOSED,True,True,"High-confidence fine-tune notebooks build one dataset from all 2057 rows. For fallback rows, sample identity was exposed although historical augmented bytes are not reproducible."
8646a555a465a830b281,Soil_Labeled_Data/M_30_40/L_80_90/alluvial/z5720116056023_3d3d361e4d7255ed7de4195fa640e456.jpg,5873f295503021948402983e0b69c19684e53795933b1f0e7413811e5fe0efb1,train,HISTORICALLY_EXPOSED,True,True,"High-confidence fine-tune notebooks build one dataset from all 2057 rows. For fallback rows, sample identity was exposed although historical augmented bytes are not reproducible."
e44f9cc03f7f33c1e7f4,Soil_Labeled_Data/M_30_40/L_80_90/alluvial/z5720116069849_bcc6949c92dd61a3b67028202e4c3c2a.jpg,e7d94a42af104da7bdf576e1af439aa873e09e789ad3de009fe5f51e79b02b3f,train,HISTORICALLY_EXPOSED,True,True,"High-confidence fine-tune notebooks build one dataset from all 2057 rows. For fallback rows, sample identity was exposed although historical augmented bytes are not reproducible."
ee5f037344150d793037,Soil_Labeled_Data/M_30_40/L_80_90/alluvial/z5720116085194_b4c6d844bda5f6a7533e048925576cdd.jpg,d27c8f193d45dc320ed6bfa0639a1374901b85f74b60878fbb42dd02333cc0a0,train,HISTORICALLY_EXPOSED,True,True,"High-confidence fine-tune notebooks build one dataset from all 2057 rows. For fallback rows, sample identity was exposed although historical augmented bytes are not reproducible."
5a341cd1b592f07b47e6,Soil_Labeled_Data/M_30_40/L_90_100/alluvial/z5720142535965_7f8fdeed5b9f25c4800540f4c7109134.jpg,cbcffdd73df06e0b072756c13f9f0563e8072b9b0b5a5f3023123493706fc4bd,train,HISTORICALLY_EXPOSED,True,True,"High-confidence fine-tune notebooks build one dataset from all 2057 rows. For fallback rows, sample identity was exposed although historical augmented bytes are not reproducible."
e5922ce6cb21fe5c9243,Soil_Labeled_Data/M_30_40/L_90_100/alluvial/z5720142605939_7caf2dad0259dceaa9b82d0f49f18ce1.jpg,1d9f70a629ed7f33b5bb9dcbf9d2edf129960e30bc7d5a1fad18323eb20bc184,test,HISTORICALLY_EXPOSED,True,True,"High-confidence fine-tune notebooks build one dataset from all 2057 rows. For fallback rows, sample identity was exposed although historical augmented bytes are not reproducible."
0bc37eda3a1f9f7279f2,Soil_Labeled_Data/M_30_40/L_90_100/alluvial/z5720142667793_1b68b578374e456dec54d6a7942a78c6.jpg,85901716749fa7f57af05ad4b6a317f26c6e420ba47d3b76e87ff45ecdfcd54d,train,HISTORICALLY_EXPOSED,True,True,"High-confidence fine-tune notebooks build one dataset from all 2057 rows. For fallback rows, sample identity was exposed although historical augmented bytes are not reproducible."
a9da3f249e47b562e811,Soil_Labeled_Data/M_30_40/L_90_100/alluvial/z5720142732215_24153a5f94f1690b1290a7adb4f344d9.jpg,1ce12e72af799f3ef641eac772e49eaa601410979f064594ee0697444163f229,train,HISTORICALLY_EXPOSED,True,True,"High-confidence fine-tune notebooks build one dataset from all 2057 rows. For fallback rows, sample identity was exposed although historical augmented bytes are not reproducible."
ea620fad2572c87eb336,Soil_Labeled_Data/M_30_40/L_90_100/alluvial/z5720142803519_7e7073968e86e15707d41ef2d1f8a1cb.jpg,f6f490aa8c06c3f394c6af6b860648034089de50325cbb7a66c6e52da0ace352,validation,HISTORICALLY_EXPOSED,False,True,"High-confidence fine-tune notebooks build one dataset from all 2057 rows. For fallback rows, sample identity was exposed although historical augmented bytes are not reproducible."
8904fdbf6bb012585452,Soil_Labeled_Data/M_30_40/L_90_100/alluvial/z5720142873591_1e258c120dc7fd38c4364dc88310cf49.jpg,5d994566c0b179988accce70d34367cca75f3d938d184b5d7c8c9558266443ca,train,HISTORICALLY_EXPOSED,False,True,"High-confidence fine-tune notebooks build one dataset from all 2057 rows. For fallback rows, sample identity was exposed although historical augmented bytes are not reproducible."
4cbcebd06995963b1d0b,Soil_Labeled_Data/M_30_40/L_90_100/alluvial/z5720142944680_d4f5166a1f72d6cb4ddfe9316119b767.jpg,ca85bf8ff5a35539fefbb847acbe12f7f32ecbe248c145a844b511e7bc339c0a,train,HISTORICALLY_EXPOSED,False,True,"High-confidence fine-tune notebooks build one dataset from all 2057 rows. For fallback rows, sample identity was exposed although historical augmented bytes are not reproducible."
967ff7012e4ac03f413f,Soil_Labeled_Data/M_30_40/L_90_100/alluvial/z5720143012313_856304851294ecc8b5397b9311a48d88.jpg,94810c6b3fdfa00d052e30ee95c826701f36d5f4d5e9255127c10e702b24802f,test,HISTORICALLY_EXPOSED,False,True,"High-confidence fine-tune notebooks build one dataset from all 2057 rows. For fallback rows, sample identity was exposed although historical augmented bytes are not reproducible."
3bea9981114ac4005224,Soil_Labeled_Data/M_30_40/L_90_100/alluvial/z5720143078801_9e7f2d067ac7542cc6f3b8a5bd731451.jpg,323a8ac7e9832d5f0b28a04df602dc3fc509c5d0fbaf03cc9c92e70db03d6391,train,HISTORICALLY_EXPOSED,False,True,"High-confidence fine-tune notebooks build one dataset from all 2057 rows. For fallback rows, sample identity was exposed although historical augmented bytes are not reproducible."
d548a2e31f798220120b,Soil_Labeled_Data/M_30_40/L_90_100/alluvial/z5720143090213_a08a9f5a97cdc656748cb7fa75edf338.jpg,ad01962ff96b59c7f2e01deccfcfb26565289a1874d4cb18321c4c670dac82f3,validation,HISTORICALLY_EXPOSED,True,True,"High-confidence fine-tune notebooks build one dataset from all 2057 rows. For fallback rows, sample identity was exposed although historical augmented bytes are not reproducible."
3a08df9ab58651e939a3,Soil_Labeled_Data/M_30_40/L_90_100/alluvial/z5720143103699_d6de3602e00ee02916b885433cd153ac.jpg,22f013a0c4a1d0d774875af11dd19a5943ec5cf8b4947bac016c8b4c94101565,train,HISTORICALLY_EXPOSED,True,True,"High-confidence fine-tune notebooks build one dataset from all 2057 rows. For fallback rows, sample identity was exposed although historical augmented bytes are not reproducible."
a558ac5f3bb9b35369ee,Soil_Labeled_Data/M_30_40/L_90_100/alluvial/z5720143115861_efed4878483a1f7e23629c7386a6d09d.jpg,a1d2f3dcbdb6deac51cc360ad72c91414c27231fa74aed3ec9a80915a864b819,test,HISTORICALLY_EXPOSED,True,True,"High-confidence fine-tune notebooks build one dataset from all 2057 rows. For fallback rows, sample identity was exposed although historical augmented bytes are not reproducible."
00d5f023511abaf8e676,Soil_Labeled_Data/M_30_40/L_90_100/alluvial/z5720143128222_276e4e8586100105a226ae375886a943.jpg,00905821ecc223e991a8ae79e30a1d0e96b33018482c53840d07dd7f2a6ed88b,test,HISTORICALLY_EXPOSED,True,True,"High-confidence fine-tune notebooks build one dataset from all 2057 rows. For fallback rows, sample identity was exposed although historical augmented bytes are not reproducible."
bf74757ce16828e09e77,Soil_Labeled_Data/M_30_40/L_90_100/alluvial/z5720143138433_5a1eba502028ab521a9ccc45f968b42d.jpg,524dd00cf9334bab01402f9145428779b1cb96912a8f0c138dbce8e413024df2,train,HISTORICALLY_EXPOSED,True,True,"High-confidence fine-tune notebooks build one dataset from all 2057 rows. For fallback rows, sample identity was exposed although historical augmented bytes are not reproducible."
4390dc82b013d8bfbe57,Soil_Labeled_Data/M_30_40/L_90_100/alluvial/z5720143154446_d6236257ccb21858bbf8354df5e10a69.jpg,28778be0bae3539683f2940129076cf100dfde68b5c5159cc728f519231fc91e,test,HISTORICALLY_EXPOSED,True,True,"High-confidence fine-tune notebooks build one dataset from all 2057 rows. For fallback rows, sample identity was exposed although historical augmented bytes are not reproducible."
c8b7c04fd443f160cc9b,Soil_Labeled_Data/M_30_40/L_90_100/alluvial/z5720143165808_c048ad1ab07ddbb36a302d65772e88c8.jpg,9905aa20c91ef10e1318eef77539884be05c4c10b902e962b74c76325f6724c8,validation,HISTORICALLY_EXPOSED,True,True,"High-confidence fine-tune notebooks build one dataset from all 2057 rows. For fallback rows, sample identity was exposed although historical augmented bytes are not reproducible."
4035ecfe9554d317a060,Soil_Labeled_Data/M_30_40/L_90_100/alluvial/z5720143165808_c048ad1ab07ddbb36a302d65772e88c8_aug_00_dark_brown.jpg,e6b8ef9942e574eebb354364813814ec3b490d762e565f8ad6b8d28c37355353,validation,HISTORICALLY_EXPOSED,True,True,"High-confidence fine-tune notebooks build one dataset from all 2057 rows. For fallback rows, sample identity was exposed although historical augmented bytes are not reproducible."
2110bdaa4c861acb2b14,Soil_Labeled_Data/M_30_40/L_90_100/alluvial/z5720143180627_8991003c4168f68248331f4ae3cb75d1.jpg,ade40a65a23d306319ba2fadfc9c4d5eeaf049ca4046bd5fc41ea69a2e373fa9,train,HISTORICALLY_EXPOSED,True,True,"High-confidence fine-tune notebooks build one dataset from all 2057 rows. For fallback rows, sample identity was exposed although historical augmented bytes are not reproducible."
deea33b76153b3e122e1,Soil_Labeled_Data/M_30_40/L_90_100/alluvial/z5720143180627_8991003c4168f68248331f4ae3cb75d1_aug_01_light_brown.jpg,44cb568e194d3d11605947f2c773201dab6481d2f02554cff9c0dc299568c861,train,HISTORICALLY_EXPOSED,True,True,"High-confidence fine-tune notebooks build one dataset from all 2057 rows. For fallback rows, sample identity was exposed although historical augmented bytes are not reproducible."
c8faee8fb0285caf4888,Soil_Labeled_Data/M_30_40/L_90_100/alluvial/z5720143191868_a2e1d248c34ba593baf30b4defe0d1dd.jpg,9650caa2b1d13f950242ad63651c99f623a0fd736adc8468372e2f4148af1032,train,HISTORICALLY_EXPOSED,True,True,"High-confidence fine-tune notebooks build one dataset from all 2057 rows. For fallback rows, sample identity was exposed although historical augmented bytes are not reproducible."
4cd9ad0f1383c5d89381,Soil_Labeled_Data/M_40_50/L_0_10/alluvial/IMG_0405_M_10_20_light_brown.jpg,f58f045248f83a63a5932cfe29e3c68da3633d3a6bd007a218d37763c0be1edf,train,HISTORICALLY_EXPOSED,False,True,"High-confidence fine-tune notebooks build one dataset from all 2057 rows. For fallback rows, sample identity was exposed although historical augmented bytes are not reproducible."
eb4c0b29b6ab7bf6da6e,Soil_Labeled_Data/M_40_50/L_0_10/alluvial/IMG_0406_M_10_20_gray_brown.jpg,e69b8a6ebf707ab9f9d8b6314ec4d81c61f6ec9dbf9c4661d9a36be209d98dcd,train,HISTORICALLY_EXPOSED,False,True,"High-confidence fine-tune notebooks build one dataset from all 2057 rows. For fallback rows, sample identity was exposed although historical augmented bytes are not reproducible."
94c053e7b086058d4bb5,Soil_Labeled_Data/M_40_50/L_0_10/alluvial/IMG_0407_M_10_20_light_brown.jpg,81a5a16db7260abda35ef6f5045f51d8f0386c1d23a43b56bef34e9c6968c131,train,HISTORICALLY_EXPOSED,False,True,"High-confidence fine-tune notebooks build one dataset from all 2057 rows. For fallback rows, sample identity was exposed although historical augmented bytes are not reproducible."
71d55d36d79d33deec15,Soil_Labeled_Data/M_40_50/L_0_10/alluvial/IMG_0410_M_10_20_clayish_red.jpg,10544bc9c46b08031c65a8d4115da6fdc14753476dbad7feb818cde6cf351130,train,HISTORICALLY_EXPOSED,False,True,"High-confidence fine-tune notebooks build one dataset from all 2057 rows. For fallback rows, sample identity was exposed although historical augmented bytes are not reproducible."
3da205e3300aad16838a,Soil_Labeled_Data/M_40_50/L_0_10/alluvial/IMG_0417_M_10_20_clayish_red.jpg,361b3e5ee2262f305c3e7cb8d26470a7c87a2a60f5c62fe06c76b57c648d09b4,train,HISTORICALLY_EXPOSED,True,True,"High-confidence fine-tune notebooks build one dataset from all 2057 rows. For fallback rows, sample identity was exposed although historical augmented bytes are not reproducible."
305ce3f28c434ac62aec,Soil_Labeled_Data/M_40_50/L_0_10/alluvial/IMG_0422_M_10_20_light_brown.jpg,8ee092c2b08e9b102ddbcda8400b99260a235e71335a51d4fce43d06e1bb35e1,train,HISTORICALLY_EXPOSED,False,True,"High-confidence fine-tune notebooks build one dataset from all 2057 rows. For fallback rows, sample identity was exposed although historical augmented bytes are not reproducible."
fb719a88815771f5eb65,Soil_Labeled_Data/M_40_50/L_0_10/alluvial/IMG_0426_M_10_20_light_brown.jpg,c8735c92efba9404274665f38f68b2753fdec1d56aa9a521ad9713e25f6649d4,validation,HISTORICALLY_EXPOSED,False,True,"High-confidence fine-tune notebooks build one dataset from all 2057 rows. For fallback rows, sample identity was exposed although historical augmented bytes are not reproducible."
8c06a4d32a1c01b6fb47,Soil_Labeled_Data/M_40_50/L_0_10/alluvial/z5714094952173_37de5e4626cba119a6ebdfab7db38cd7_M_0_10_light_brown.jpg,38b7fe6165afa2a1b315e12b54fd4d1583a9956973c38970a14ea29c50a5257c,train,HISTORICALLY_EXPOSED,True,True,"High-confidence fine-tune notebooks build one dataset from all 2057 rows. For fallback rows, sample identity was exposed although historical augmented bytes are not reproducible."
93cca4974afdd060d74e,Soil_Labeled_Data/M_40_50/L_0_10/alluvial/z5714095067177_c28910a39d05d545c1eb98c0765e3032_M_0_10_clayish_red.jpg,8032f7b5be309850a7b9d5ede1a586f42cafab8b5012260695e7ae0cd5c33fdf,train,HISTORICALLY_EXPOSED,True,True,"High-confidence fine-tune notebooks build one dataset from all 2057 rows. For fallback rows, sample identity was exposed although historical augmented bytes are not reproducible."
3ee0e5284fa3f25dda43,Soil_Labeled_Data/M_40_50/L_0_10/alluvial/z5714095161888_3d5bfbb45a821c7b8a0a0889e60fa9e1_M_0_10_pale_yellow.jpg,1a9b4f23ecfc2cd9ed51bddc81a6c1e4cae98b14e276b83767d3a9c092214fe2,train,HISTORICALLY_EXPOSED,True,True,"High-confidence fine-tune notebooks build one dataset from all 2057 rows. For fallback rows, sample identity was exposed although historical augmented bytes are not reproducible."
dd46e3012f4d507a1168,Soil_Labeled_Data/M_40_50/L_0_10/alluvial/z5714095210827_634539ecd685150ff3660fcd3aeaba39_M_0_10_light_brown.jpg,f6c51d169f33fe75e1042ee890d473031bf586c02b34bb40bc1d3d16b34cba09,train,HISTORICALLY_EXPOSED,True,True,"High-confidence fine-tune notebooks build one dataset from all 2057 rows. For fallback rows, sample identity was exposed although historical augmented bytes are not reproducible."
7fffed7a50d9076dd666,Soil_Labeled_Data/M_40_50/L_0_10/alluvial/z5714095397323_3ba8d5731fe9ad72ecd36a4f5fe55be2_M_0_10_pale_yellow.jpg,52521a214a8a78109eba92dc7844562506dad571e0fc1e21518cd3aff9bca48d,train,HISTORICALLY_EXPOSED,True,True,"High-confidence fine-tune notebooks build one dataset from all 2057 rows. For fallback rows, sample identity was exposed although historical augmented bytes are not reproducible."
eac0df83c9625e657617,Soil_Labeled_Data/M_40_50/L_0_10/alluvial/z5716041534082_306e15f5e30046bae34f62036b4539ae_M_30_40_light_brown.jpg,51fb28f17418c14f83eb8c8c318a0e6bb12a1a7b267df16a6eaae4175e5398c4,test,HISTORICALLY_EXPOSED,True,True,"High-confidence fine-tune notebooks build one dataset from all 2057 rows. For fallback rows, sample identity was exposed although historical augmented bytes are not reproducible."
289462dc78123a8d7765,Soil_Labeled_Data/M_40_50/L_0_10/alluvial/z5716041600867_155ef81185111d0c63d0fb1432ad825c_M_30_40_gray_brown.jpg,1a5cc40e50115a1081eb34ab774e5850d126ca2d7476c3c7eb8aeace69e190c7,train,HISTORICALLY_EXPOSED,True,True,"High-confidence fine-tune notebooks build one dataset from all 2057 rows. For fallback rows, sample identity was exposed although historical augmented bytes are not reproducible."
9ed06d5d5c38331d2fca,Soil_Labeled_Data/M_40_50/L_0_10/alluvial/z5716041641006_4402096ed77e6521a8e53bcaf1ff039a_M_30_40_light_brown.jpg,efd68db0771f760704f86c8a31b87c804e6b72e9d49ee2066435b2f8baf5277e,train,HISTORICALLY_EXPOSED,True,True,"High-confidence fine-tune notebooks build one dataset from all 2057 rows. For fallback rows, sample identity was exposed although historical augmented bytes are not reproducible."
e9d79e7087786069b5b3,Soil_Labeled_Data/M_40_50/L_0_10/alluvial/z5716041844114_ff29c3aa34e5e5744c16680220233e4e_M_30_40_clayish_red.jpg,bc6016117a6987c82d060ad24d4e6d1d2ccecb3f535d89370b35a05fd3a6064a,test,HISTORICALLY_EXPOSED,True,True,"High-confidence fine-tune notebooks build one dataset from all 2057 rows. For fallback rows, sample identity was exposed although historical augmented bytes are not reproducible."
14dd7e3b732b04ebe421,Soil_Labeled_Data/M_40_50/L_0_10/alluvial/z5716042004626_672a27bdaa4badcf207b29a4dbf173b0_M_30_40_pale_yellow.jpg,9c324943940e70f398c4c3fca120a8bf01b4f1b8b9ad6bccb13886d376d8d799,train,HISTORICALLY_EXPOSED,True,True,"High-confidence fine-tune notebooks build one dataset from all 2057 rows. For fallback rows, sample identity was exposed although historical augmented bytes are not reproducible."
1bcc6e5079a44cbad90b,Soil_Labeled_Data/M_40_50/L_0_10/alluvial/z5716042134688_b9c0dd073d73e642655a3f55330bce08_M_30_40_pale_yellow.jpg,3bf195620ef09ee6a37016d4e133573f5358dce9b5f120b99aa233b73163345d,train,HISTORICALLY_EXPOSED,True,True,"High-confidence fine-tune notebooks build one dataset from all 2057 rows. For fallback rows, sample identity was exposed although historical augmented bytes are not reproducible."
d1a825dd4c8adf923e8f,Soil_Labeled_Data/M_40_50/L_0_10/alluvial/z5716042289286_4f5ba54e9a7dd70e051e6c0bf403d0f8_M_30_40_pale_yellow.jpg,896dbdf39ec8e270a830692e16a235fa7ee19de998440f2eda1cee802474504c,train,HISTORICALLY_EXPOSED,True,True,"High-confidence fine-tune notebooks build one dataset from all 2057 rows. For fallback rows, sample identity was exposed although historical augmented bytes are not reproducible."
a8d5ad7c87f1e33bee90,Soil_Labeled_Data/M_40_50/L_0_10/alluvial/z5716042393202_8e123a1e78f84eda2b3a3bd5bfe377a3_M_30_40_gray_brown.jpg,5bf405c1145dd84fb518c14fd394ca5a6fd0591fb73601a02ac6c3cf939ccca3,test,HISTORICALLY_EXPOSED,True,True,"High-confidence fine-tune notebooks build one dataset from all 2057 rows. For fallback rows, sample identity was exposed although historical augmented bytes are not reproducible."
d5b22055732873ce50fa,Soil_Labeled_Data/M_40_50/L_10_20/alluvial/IMG_0007_M_0_10_clayish_red.jpg,a65aa57d11e39ce1207aff3136853461900606a510faf9feddc124c0e18ba08c,train,HISTORICALLY_EXPOSED,False,True,"High-confidence fine-tune notebooks build one dataset from all 2057 rows. For fallback rows, sample identity was exposed although historical augmented bytes are not reproducible."
ceb0989060057ea944e7,Soil_Labeled_Data/M_40_50/L_10_20/alluvial/IMG_0009_M_0_10_gray_brown.jpg,529108cb5922aafd84eb85f57f609a2b7f70e9433fb0755d6efcc444909cc999,test,HISTORICALLY_EXPOSED,True,True,"High-confidence fine-tune notebooks build one dataset from all 2057 rows. For fallback rows, sample identity was exposed although historical augmented bytes are not reproducible."
db69cd93df73b1be4f1c,Soil_Labeled_Data/M_40_50/L_10_20/alluvial/IMG_0013_M_0_10_clayish_red.jpg,79ea184c105e15024dd64004f77af0aebf7f4869abfbc4601a4b53fdc64329cd,train,HISTORICALLY_EXPOSED,True,True,"High-confidence fine-tune notebooks build one dataset from all 2057 rows. For fallback rows, sample identity was exposed although historical augmented bytes are not reproducible."
a3c7e29a669ad38b2800,Soil_Labeled_Data/M_40_50/L_10_20/alluvial/IMG_0014_M_0_10_pale_yellow.jpg,50a1217020b01ebb31b6f1d34746f279dd68f3154b0968bd0c4eaef164d9c028,train,HISTORICALLY_EXPOSED,True,True,"High-confidence fine-tune notebooks build one dataset from all 2057 rows. For fallback rows, sample identity was exposed although historical augmented bytes are not reproducible."
2b625ce5cbb8bfc4b23b,Soil_Labeled_Data/M_40_50/L_10_20/alluvial/IMG_0015_M_0_10_gray_brown.jpg,f33a29b3e152814750acfb399e7a6ae3554b9e3d83172b3c23f8f554ba8eb468,train,HISTORICALLY_EXPOSED,True,True,"High-confidence fine-tune notebooks build one dataset from all 2057 rows. For fallback rows, sample identity was exposed although historical augmented bytes are not reproducible."
bbec3f087500b9f4a812,Soil_Labeled_Data/M_40_50/L_10_20/alluvial/IMG_0016_M_0_10_gray_brown.jpg,d70c4c91279311dfa2d1079962c367536f180993a65398b5695ecdd16cc65a1c,train,HISTORICALLY_EXPOSED,True,True,"High-confidence fine-tune notebooks build one dataset from all 2057 rows. For fallback rows, sample identity was exposed although historical augmented bytes are not reproducible."
220c0d41846d29a96cc4,Soil_Labeled_Data/M_40_50/L_10_20/alluvial/IMG_0019_M_0_10_pale_yellow.jpg,bc525a6a50675ade00c8b0ee1d730c79227cb5727d3b28d62d49639dfb35ede8,train,HISTORICALLY_EXPOSED,True,True,"High-confidence fine-tune notebooks build one dataset from all 2057 rows. For fallback rows, sample identity was exposed although historical augmented bytes are not reproducible."
5cecad23aac00492e034,Soil_Labeled_Data/M_40_50/L_10_20/alluvial/IMG_0022_M_0_10_gray_brown.jpg,acd48d4b89d3c9afdf6162cd871146ad86946de31f1832d6473c1d613b1cd16d,train,HISTORICALLY_EXPOSED,True,True,"High-confidence fine-tune notebooks build one dataset from all 2057 rows. For fallback rows, sample identity was exposed although historical augmented bytes are not reproducible."
90238cb87a07d52667af,Soil_Labeled_Data/M_40_50/L_10_20/alluvial/IMG_0025_M_0_10_gray_brown.jpg,bd70c4f0d2406e92253be0ba3bf0a8e9174d94675b2c21fb22c8fceca3d6b236,train,HISTORICALLY_EXPOSED,True,True,"High-confidence fine-tune notebooks build one dataset from all 2057 rows. For fallback rows, sample identity was exposed although historical augmented bytes are not reproducible."
abb463103daf2cff8197,Soil_Labeled_Data/M_40_50/L_10_20/alluvial/IMG_0027_M_0_10_clayish_red.jpg,c569803627b65d8fff85c22c835f8446e26a85cd929bb68d450fe1499a137ca3,train,HISTORICALLY_EXPOSED,True,True,"High-confidence fine-tune notebooks build one dataset from all 2057 rows. For fallback rows, sample identity was exposed although historical augmented bytes are not reproducible."
6bd1b74c4a5c5fb2970e,Soil_Labeled_Data/M_40_50/L_10_20/alluvial/IMG_0455_M_10_20_clayish_red.jpg,943121b1a5f77824d5d00ab93797bd64fb01d58f8d2b4b84944bb3628b6392ad,test,HISTORICALLY_EXPOSED,True,True,"High-confidence fine-tune notebooks build one dataset from all 2057 rows. For fallback rows, sample identity was exposed although historical augmented bytes are not reproducible."
9addd3de7d38e5b5219c,Soil_Labeled_Data/M_40_50/L_10_20/alluvial/IMG_0456_M_10_20_gray_brown.jpg,dbfd786b549a465dcb2019e50e361dc538bbfad3fd862767253bb570f3635357,train,HISTORICALLY_EXPOSED,True,True,"High-confidence fine-tune notebooks build one dataset from all 2057 rows. For fallback rows, sample identity was exposed although historical augmented bytes are not reproducible."
955b664396111abcd3c1,Soil_Labeled_Data/M_40_50/L_10_20/alluvial/IMG_0457_M_10_20_clayish_red.jpg,54689ba1878978481a6a38a42b1a9cd132d7ea667561edcd5180cd196658b93a,train,HISTORICALLY_EXPOSED,True,True,"High-confidence fine-tune notebooks build one dataset from all 2057 rows. For fallback rows, sample identity was exposed although historical augmented bytes are not reproducible."
2f60804ab2bf58cf17ad,Soil_Labeled_Data/M_40_50/L_10_20/alluvial/IMG_0458_M_10_20_gray_brown.jpg,0e5fee3eb391d78f46e2da5c709c2730e4653166643eab78a399f7872cd11090,train,HISTORICALLY_EXPOSED,True,True,"High-confidence fine-tune notebooks build one dataset from all 2057 rows. For fallback rows, sample identity was exposed although historical augmented bytes are not reproducible."
c3ed9b9bc44bcc6c419d,Soil_Labeled_Data/M_40_50/L_10_20/alluvial/IMG_0465_M_10_20_pale_yellow.jpg,3127e721bcf0f963026b38b85782d9703942445e14eed5a58293effefa55a508,test,HISTORICALLY_EXPOSED,True,True,"High-confidence fine-tune notebooks build one dataset from all 2057 rows. For fallback rows, sample identity was exposed although historical augmented bytes are not reproducible."
771925e4d2cd5dc0af3b,Soil_Labeled_Data/M_40_50/L_10_20/alluvial/IMG_0467_M_10_20_gray_brown.jpg,0f1db297615603de30ee65b1465ccac56a3e514d8868dd44edd44b4d0c2ea42d,train,HISTORICALLY_EXPOSED,True,True,"High-confidence fine-tune notebooks build one dataset from all 2057 rows. For fallback rows, sample identity was exposed although historical augmented bytes are not reproducible."
ca74976d2fc5b730fbef,Soil_Labeled_Data/M_40_50/L_10_20/alluvial/IMG_0468_M_10_20_clayish_red.jpg,9f9284ed19da861c52e0c0782c96a59c3c6744cdca53f61a748dc902ddd33d2c,train,HISTORICALLY_EXPOSED,True,True,"High-confidence fine-tune notebooks build one dataset from all 2057 rows. For fallback rows, sample identity was exposed although historical augmented bytes are not reproducible."
a6be932d1d37e223e974,Soil_Labeled_Data/M_40_50/L_10_20/alluvial/z5716081506381_3d09fae82a727de4543e6209de51152c_M_30_40_clayish_red.jpg,f12ad9218b2790f1af7293fe97412c63f14710e4c55caae4a3d2236f935473bc,train,HISTORICALLY_EXPOSED,True,True,"High-confidence fine-tune notebooks build one dataset from all 2057 rows. For fallback rows, sample identity was exposed although historical augmented bytes are not reproducible."
0aa49bb1f1916e5a6ec6,Soil_Labeled_Data/M_40_50/L_10_20/alluvial/z5716081722638_c5469396c1e35eacca15c178956594c9_M_30_40_light_brown.jpg,70707f2b8425d22f6066681d470a859eab927f04d6355f2c6bd7e4ef2b0b8f66,train,HISTORICALLY_EXPOSED,True,True,"High-confidence fine-tune notebooks build one dataset from all 2057 rows. For fallback rows, sample identity was exposed although historical augmented bytes are not reproducible."
1e5be985d70f7271019c,Soil_Labeled_Data/M_40_50/L_10_20/alluvial/z5716081732799_46a8abd72cd445d5fc7f7576562133ff_M_30_40_light_brown.jpg,1b0b6278cc76329d275c74a66ec9d174bae109ba9f320b1d71aea640c82e89a3,train,HISTORICALLY_EXPOSED,True,True,"High-confidence fine-tune notebooks build one dataset from all 2057 rows. For fallback rows, sample identity was exposed although historical augmented bytes are not reproducible."
fbf61bb0a97a50e1ef27,Soil_Labeled_Data/M_40_50/L_20_30/alluvial/IMG_0052_M_0_10_pale_yellow.jpg,fc613ab746341210accc76941abcc828873b06e4270d59de154ffe8837a9c68d,test,HISTORICALLY_EXPOSED,True,True,"High-confidence fine-tune notebooks build one dataset from all 2057 rows. For fallback rows, sample identity was exposed although historical augmented bytes are not reproducible."
d26203ca3145273ca2c0,Soil_Labeled_Data/M_40_50/L_20_30/alluvial/IMG_0056_M_0_10_clayish_red.jpg,8f9b2493d490f8ab853dce3ce47e899bf62c8be1b3fac125b06c50f4fe1c7816,train,HISTORICALLY_EXPOSED,True,True,"High-confidence fine-tune notebooks build one dataset from all 2057 rows. For fallback rows, sample identity was exposed although historical augmented bytes are not reproducible."
22ced3569fbeceabe1a0,Soil_Labeled_Data/M_40_50/L_20_30/alluvial/IMG_0059_M_0_10_pale_yellow.jpg,501b7c316ed1223d3f215b88013fea2fb9518f88a59bcb0c976e41770291232d,train,HISTORICALLY_EXPOSED,True,True,"High-confidence fine-tune notebooks build one dataset from all 2057 rows. For fallback rows, sample identity was exposed although historical augmented bytes are not reproducible."
db800ef4b6c67976fe42,Soil_Labeled_Data/M_40_50/L_20_30/alluvial/IMG_0060_M_0_10_light_brown.jpg,f1679af45a432c7a084adba9fc9ac30b92e1f7d39fff240617962d9362f6561b,train,HISTORICALLY_EXPOSED,True,True,"High-confidence fine-tune notebooks build one dataset from all 2057 rows. For fallback rows, sample identity was exposed although historical augmented bytes are not reproducible."
ce3ce979d53bcfd9b4bb,Soil_Labeled_Data/M_40_50/L_20_30/alluvial/IMG_0061_M_0_10_light_brown.jpg,0c8e15e73cfc00f6ad008e8fe1dc855e07eb4ae3f43a844463d7b4dd1186787f,train,HISTORICALLY_EXPOSED,True,True,"High-confidence fine-tune notebooks build one dataset from all 2057 rows. For fallback rows, sample identity was exposed although historical augmented bytes are not reproducible."
1ff7ea77fa9b54501565,Soil_Labeled_Data/M_40_50/L_20_30/alluvial/IMG_0061_M_0_10_pale_yellow.jpg,3cb7374dc740f14853ecbbc1fa0e98c453924c147970a891000569d20b3a3e7a,train,HISTORICALLY_EXPOSED,True,True,"High-confidence fine-tune notebooks build one dataset from all 2057 rows. For fallback rows, sample identity was exposed although historical augmented bytes are not reproducible."
f8b09dabada6cb2112fd,Soil_Labeled_Data/M_40_50/L_20_30/alluvial/IMG_0067_M_0_10_light_brown.jpg,037d07a15b10975a8035b56abd48ea3602d1733a9f84e77d074e2d8e9cc65a95,train,HISTORICALLY_EXPOSED,True,True,"High-confidence fine-tune notebooks build one dataset from all 2057 rows. For fallback rows, sample identity was exposed although historical augmented bytes are not reproducible."
7177a1e8d2e46e23f1f0,Soil_Labeled_Data/M_40_50/L_20_30/alluvial/IMG_0068_M_0_10_light_brown.jpg,0a669e6f9daa78f7475f78cb4400dacdd58ccc0d4fa92a125f627812d0646aa7,train,HISTORICALLY_EXPOSED,True,True,"High-confidence fine-tune notebooks build one dataset from all 2057 rows. For fallback rows, sample identity was exposed although historical augmented bytes are not reproducible."
304651d28e906419d426,Soil_Labeled_Data/M_40_50/L_20_30/alluvial/IMG_0504_M_10_20_pale_yellow.jpg,8c32c34f25bb1e93abfc0586998c22bc8e6b1d48fe81fb9df3502942fea748ba,train,HISTORICALLY_EXPOSED,True,True,"High-confidence fine-tune notebooks build one dataset from all 2057 rows. For fallback rows, sample identity was exposed although historical augmented bytes are not reproducible."
1c81dba8c944c77f33d9,Soil_Labeled_Data/M_40_50/L_20_30/alluvial/IMG_0506_M_10_20_pale_yellow.jpg,e5408cdb4778166dd426e6911e8cc5a00b796d9756bd0c0277b671602e4a8263,test,HISTORICALLY_EXPOSED,False,True,"High-confidence fine-tune notebooks build one dataset from all 2057 rows. For fallback rows, sample identity was exposed although historical augmented bytes are not reproducible."
f05784c26a5f222743f2,Soil_Labeled_Data/M_40_50/L_20_30/alluvial/IMG_0507_M_10_20_clayish_red.jpg,00e2c8039b590f6c91c173333ae1cad1aacd3ace634468b45fe619fd6a4f655b,train,HISTORICALLY_EXPOSED,False,True,"High-confidence fine-tune notebooks build one dataset from all 2057 rows. For fallback rows, sample identity was exposed although historical augmented bytes are not reproducible."
53bbf2a1d261e792af1b,Soil_Labeled_Data/M_40_50/L_20_30/alluvial/IMG_0508_M_10_20_clayish_red.jpg,1601e60d646afde6742bba22c8a81ae54f085dc3862c7ad6a814422a463feeff,train,HISTORICALLY_EXPOSED,True,True,"High-confidence fine-tune notebooks build one dataset from all 2057 rows. For fallback rows, sample identity was exposed although historical augmented bytes are not reproducible."
eb6f6a0f3942531594ca,Soil_Labeled_Data/M_40_50/L_20_30/alluvial/IMG_0510_M_10_20_clayish_red.jpg,33d0936551171c6e999ac5b37f756a9c041648295a8e40ef4b9cca3fd01eb46b,test,HISTORICALLY_EXPOSED,True,True,"High-confidence fine-tune notebooks build one dataset from all 2057 rows. For fallback rows, sample identity was exposed although historical augmented bytes are not reproducible."
cf362c6306ab83e1feb6,Soil_Labeled_Data/M_40_50/L_20_30/alluvial/IMG_0513_M_10_20_gray_brown.jpg,9fde0c9d596ff55209de84f960ca97a1c0309d1703a45cb7f73ff9b98ba9ecad,train,HISTORICALLY_EXPOSED,True,True,"High-confidence fine-tune notebooks build one dataset from all 2057 rows. For fallback rows, sample identity was exposed although historical augmented bytes are not reproducible."
e229d9fa4549bf03aa10,Soil_Labeled_Data/M_40_50/L_20_30/alluvial/IMG_0514_M_10_20_gray_brown.jpg,a6723a3d2f8b6137c927a8dd4018621d38bd3e12f4dcd9686f2b6f137a60bc3b,validation,HISTORICALLY_EXPOSED,True,True,"High-confidence fine-tune notebooks build one dataset from all 2057 rows. For fallback rows, sample identity was exposed although historical augmented bytes are not reproducible."
09c39d21323941b9a608,Soil_Labeled_Data/M_40_50/L_20_30/alluvial/z5716143848502_4bd0eba511c987674067e6093eb213b9_M_30_40_gray_brown.jpg,80fd12ede4ec5269bfc4680eaddef763ffa408483bc11707526caf13f239a95d,train,HISTORICALLY_EXPOSED,True,True,"High-confidence fine-tune notebooks build one dataset from all 2057 rows. For fallback rows, sample identity was exposed although historical augmented bytes are not reproducible."
a8253601084f51b5c6ae,Soil_Labeled_Data/M_40_50/L_20_30/alluvial/z5716143971881_3b7ae01df4bd18ac6697e43919b461a8_M_30_40_pale_yellow.jpg,e6f6669f9bd264411f177f36d3d0480ff51b50a1f72a2396eb6ca5a1e673c9cf,test,HISTORICALLY_EXPOSED,True,True,"High-confidence fine-tune notebooks build one dataset from all 2057 rows. For fallback rows, sample identity was exposed although historical augmented bytes are not reproducible."
2962b05d7f8eabc214e0,Soil_Labeled_Data/M_40_50/L_20_30/alluvial/z5716144083688_2c23641d859dd12e7ca459c954f4e5a3_M_30_40_light_brown.jpg,a3400cc52b594fd15511bcd59f6c7c9fa617263d21d596f47982598d4614c319,train,HISTORICALLY_EXPOSED,True,True,"High-confidence fine-tune notebooks build one dataset from all 2057 rows. For fallback rows, sample identity was exposed although historical augmented bytes are not reproducible."
f8050a0f5c6202097893,Soil_Labeled_Data/M_40_50/L_20_30/alluvial/z5716144284037_44127132185b5cccfae5b4beda32cc38_M_30_40_clayish_red.jpg,d44df33538c094b388ec3afa347fb22a861bd40e3d2bfcd97a980b4eb1282f97,train,HISTORICALLY_EXPOSED,True,True,"High-confidence fine-tune notebooks build one dataset from all 2057 rows. For fallback rows, sample identity was exposed although historical augmented bytes are not reproducible."
b2d5359956789aa24d2c,Soil_Labeled_Data/M_40_50/L_20_30/alluvial/z5716144322709_8f70df660518e4d32c3fa16707b39049_M_30_40_clayish_red.jpg,3dda2d0f6a7d92aee27f972b35994c5968d4d0b1d2dba87f72a3efa4e563803e,test,HISTORICALLY_EXPOSED,True,True,"High-confidence fine-tune notebooks build one dataset from all 2057 rows. For fallback rows, sample identity was exposed although historical augmented bytes are not reproducible."
4e2b2aad08f7078cddbf,Soil_Labeled_Data/M_40_50/L_30_40/alluvial/IMG_0098_M_0_10_light_brown.jpg,9f2907e0baf831de5b89cad98feebfbb01594d3db93d2591cf91c570f31ab528,train,HISTORICALLY_EXPOSED,False,True,"High-confidence fine-tune notebooks build one dataset from all 2057 rows. For fallback rows, sample identity was exposed although historical augmented bytes are not reproducible."
0ad061065416ddb2eb95,Soil_Labeled_Data/M_40_50/L_30_40/alluvial/IMG_0098_M_0_10_pale_yellow.jpg,f8feb468550dda3215c90902032fc5adf60f09dbb9cbdb0d17c98a8df92def68,train,HISTORICALLY_EXPOSED,False,True,"High-confidence fine-tune notebooks build one dataset from all 2057 rows. For fallback rows, sample identity was exposed although historical augmented bytes are not reproducible."
723e2edc20498dc36dc1,Soil_Labeled_Data/M_40_50/L_30_40/alluvial/IMG_0100_M_0_10_gray_brown.jpg,4d7d576fc295fe6d41f3b4af851bd17fb23888f832da577e66d379d90f060266,train,HISTORICALLY_EXPOSED,False,True,"High-confidence fine-tune notebooks build one dataset from all 2057 rows. For fallback rows, sample identity was exposed although historical augmented bytes are not reproducible."
ebb37e8d28fd9929f622,Soil_Labeled_Data/M_40_50/L_30_40/alluvial/IMG_0105_M_0_10_pale_yellow.jpg,f858ff0cc97049494d025f5eaf2e58b420851de371b66cfa8bb031f60b52a612,validation,HISTORICALLY_EXPOSED,False,True,"High-confidence fine-tune notebooks build one dataset from all 2057 rows. For fallback rows, sample identity was exposed although historical augmented bytes are not reproducible."
7038fa423a2e7b248766,Soil_Labeled_Data/M_40_50/L_30_40/alluvial/IMG_0113_M_0_10_clayish_red.jpg,b3d1d610bf65ae6ecd74a79bc636bd1876e72e431ade580cfff89df2c5aaf293,train,HISTORICALLY_EXPOSED,True,True,"High-confidence fine-tune notebooks build one dataset from all 2057 rows. For fallback rows, sample identity was exposed although historical augmented bytes are not reproducible."
7d2e8b5d2fd24cbbfbf7,Soil_Labeled_Data/M_40_50/L_30_40/alluvial/IMG_0113_M_0_10_pale_yellow.jpg,7d4c7fb4c8fb500a603290f71a3d7ef0314cb45177e39bf8367a23a4093f2b02,train,HISTORICALLY_EXPOSED,True,True,"High-confidence fine-tune notebooks build one dataset from all 2057 rows. For fallback rows, sample identity was exposed although historical augmented bytes are not reproducible."
7660f71c1326adf83280,Soil_Labeled_Data/M_40_50/L_30_40/alluvial/IMG_0543_M_10_20_gray_brown.jpg,2ab4e3dab6ec607730c00e194c4a1d3b01ac49bcc1edef87a361029ed2060137,train,HISTORICALLY_EXPOSED,True,True,"High-confidence fine-tune notebooks build one dataset from all 2057 rows. For fallback rows, sample identity was exposed although historical augmented bytes are not reproducible."
c55ca7ecab850d055d98,Soil_Labeled_Data/M_40_50/L_30_40/alluvial/IMG_0548_M_10_20_light_brown.jpg,fe9423a4790ff02aa7cf5323796c5fef4a4d0232824d38ecf78f2e177c9d5e6f,test,HISTORICALLY_EXPOSED,True,True,"High-confidence fine-tune notebooks build one dataset from all 2057 rows. For fallback rows, sample identity was exposed although historical augmented bytes are not reproducible."
871965d864fa262637a4,Soil_Labeled_Data/M_40_50/L_30_40/alluvial/IMG_0554_M_10_20_light_brown.jpg,ff946d637c60d44413020921bbc94f7d6efeaf52b960b91ce1e287a59287d1e5,train,HISTORICALLY_EXPOSED,True,True,"High-confidence fine-tune notebooks build one dataset from all 2057 rows. For fallback rows, sample identity was exposed although historical augmented bytes are not reproducible."
265929c5477dab55ea49,Soil_Labeled_Data/M_40_50/L_30_40/alluvial/IMG_0556_M_10_20_gray_brown.jpg,3518bc1267b9230ca3683b0bbf3046eb467173384272cdc6b1b03dd10e974688,train,HISTORICALLY_EXPOSED,True,True,"High-confidence fine-tune notebooks build one dataset from all 2057 rows. For fallback rows, sample identity was exposed although historical augmented bytes are not reproducible."
2f92142bd9de58d6dd55,Soil_Labeled_Data/M_40_50/L_30_40/alluvial/IMG_0556_M_10_20_pale_yellow.jpg,d0abd131bbe3131a7bbdfcef242522e7dff42b3f669cc4515b5476ed35a5f4af,train,HISTORICALLY_EXPOSED,True,True,"High-confidence fine-tune notebooks build one dataset from all 2057 rows. For fallback rows, sample identity was exposed although historical augmented bytes are not reproducible."
94cca2f8fab851450c67,Soil_Labeled_Data/M_40_50/L_30_40/alluvial/IMG_0559_M_10_20_light_brown.jpg,a304bbe7baa1db60424516da0a0764cddbe977fb6807959997a20f602bc43d2f,train,HISTORICALLY_EXPOSED,True,True,"High-confidence fine-tune notebooks build one dataset from all 2057 rows. For fallback rows, sample identity was exposed although historical augmented bytes are not reproducible."
997eab8900ceb53b957b,Soil_Labeled_Data/M_40_50/L_30_40/alluvial/IMG_0559_M_10_20_pale_yellow.jpg,6b34ab2a9d7ad3f0f7a8571d56994d42ccd0907f929861f137a6da0a2d9be501,train,HISTORICALLY_EXPOSED,True,True,"High-confidence fine-tune notebooks build one dataset from all 2057 rows. For fallback rows, sample identity was exposed although historical augmented bytes are not reproducible."
6fa4c3e66d0c98acf5d5,Soil_Labeled_Data/M_40_50/L_30_40/alluvial/z5716113582590_c1f59f1cd35db605de2ac5249cd439b0_M_30_40_clayish_red.jpg,8446219a7de5fce48e26d9324fa919becfe34dd11f38b419d13d427148713065,validation,HISTORICALLY_EXPOSED,True,True,"High-confidence fine-tune notebooks build one dataset from all 2057 rows. For fallback rows, sample identity was exposed although historical augmented bytes are not reproducible."
95faabdcaa0aaf7f487d,Soil_Labeled_Data/M_40_50/L_30_40/alluvial/z5716113582590_c1f59f1cd35db605de2ac5249cd439b0_M_30_40_light_brown.jpg,046ae76726c938259f546b7e285fd5d0c50ebdf9003aa63cf1799c2b707364ec,validation,HISTORICALLY_EXPOSED,True,True,"High-confidence fine-tune notebooks build one dataset from all 2057 rows. For fallback rows, sample identity was exposed although historical augmented bytes are not reproducible."
266841527b391082c682,Soil_Labeled_Data/M_40_50/L_30_40/alluvial/z5716113831635_ad95fd739455206424a51a0a06bc4131_M_30_40_light_brown.jpg,38674d211b82b1aeb4d6ad0505c532cb473990ba3c7b3098c0774c87ef4e44d8,train,HISTORICALLY_EXPOSED,True,True,"High-confidence fine-tune notebooks build one dataset from all 2057 rows. For fallback rows, sample identity was exposed although historical augmented bytes are not reproducible."
db3083a60d0a491183aa,Soil_Labeled_Data/M_40_50/L_30_40/alluvial/z5716113984230_841d282af180a0d9e956cbf770b8648f_M_30_40_pale_yellow.jpg,b3bc6f46bbb7680f32d790ed7936a409f99f8d0b887d38a0270aa3ad2e16126f,train,HISTORICALLY_EXPOSED,True,True,"High-confidence fine-tune notebooks build one dataset from all 2057 rows. For fallback rows, sample identity was exposed although historical augmented bytes are not reproducible."
1f9bb65a4002fe2b575f,Soil_Labeled_Data/M_40_50/L_30_40/alluvial/z5716115913721_f7cff5280e557d5287ca5504b449cdf7_M_30_40_gray_brown.jpg,7ba8de30e3c171d6d7378419e1d808167c1b959bd5969a58484c64f63a95fdc9,train,HISTORICALLY_EXPOSED,True,True,"High-confidence fine-tune notebooks build one dataset from all 2057 rows. For fallback rows, sample identity was exposed although historical augmented bytes are not reproducible."
a16967e65f1680fbd7f8,Soil_Labeled_Data/M_40_50/L_30_40/alluvial/z5716115990505_f5f56b58cd35cb9827aaedc4db8efebd_M_30_40_pale_yellow.jpg,fee79a3aef2d0fea8189006690e41c1796388f5ee99f4d377c45c23f9a741337,train,HISTORICALLY_EXPOSED,True,True,"High-confidence fine-tune notebooks build one dataset from all 2057 rows. For fallback rows, sample identity was exposed although historical augmented bytes are not reproducible."
6043cdf67ec5474c9417,Soil_Labeled_Data/M_40_50/L_30_40/alluvial/z5716116018535_325bd6ea25b86f2f021b34014f8842e8_M_30_40_light_brown.jpg,3f3872c150c5020c14bf69728ab54e3458cb53d418f0b404874650374b1c15e0,train,HISTORICALLY_EXPOSED,True,True,"High-confidence fine-tune notebooks build one dataset from all 2057 rows. For fallback rows, sample identity was exposed although historical augmented bytes are not reproducible."
da3936e40bb25e8269c9,Soil_Labeled_Data/M_40_50/L_40_50/alluvial/IMG_0152_M_0_10_light_brown.jpg,e6990b61467568adae1baf002d22eec57ed15700f28435b22c6473d77014c138,validation,HISTORICALLY_EXPOSED,False,True,"High-confidence fine-tune notebooks build one dataset from all 2057 rows. For fallback rows, sample identity was exposed although historical augmented bytes are not reproducible."
4f03cb42386b4c8ea87b,Soil_Labeled_Data/M_40_50/L_40_50/alluvial/IMG_0153_M_0_10_gray_brown.jpg,565c0916431d19b5d41863b0dacea4dcaa03aca4cfff7f57f0fbd822aa933411,train,HISTORICALLY_EXPOSED,False,True,"High-confidence fine-tune notebooks build one dataset from all 2057 rows. For fallback rows, sample identity was exposed although historical augmented bytes are not reproducible."
f51bda69e04664de52c9,Soil_Labeled_Data/M_40_50/L_40_50/alluvial/IMG_0154_M_0_10_clayish_red.jpg,aefec0691ee7a492eb2cda6973d860d380f6d83dccf48046f644fe67835d260a,test,HISTORICALLY_EXPOSED,False,True,"High-confidence fine-tune notebooks build one dataset from all 2057 rows. For fallback rows, sample identity was exposed although historical augmented bytes are not reproducible."
0453c9bb61d721b67b68,Soil_Labeled_Data/M_40_50/L_40_50/alluvial/IMG_0157_M_0_10_light_brown.jpg,4d14dbbdd5a8d0aaed57bcf52b197471c1eda0e4a1eb778c8cadd88f531247ee,train,HISTORICALLY_EXPOSED,False,True,"High-confidence fine-tune notebooks build one dataset from all 2057 rows. For fallback rows, sample identity was exposed although historical augmented bytes are not reproducible."
a5143622861d92e40413,Soil_Labeled_Data/M_40_50/L_40_50/alluvial/IMG_0158_M_0_10_clayish_red.jpg,10b3ff9974cd25665bd4db288d5ed1d1f914169419800e52de05ee7c4a5a54bf,train,HISTORICALLY_EXPOSED,False,True,"High-confidence fine-tune notebooks build one dataset from all 2057 rows. For fallback rows, sample identity was exposed although historical augmented bytes are not reproducible."
85604a75d06b6e919ebb,Soil_Labeled_Data/M_40_50/L_40_50/alluvial/IMG_0162_M_0_10_gray_brown.jpg,1697a4e7e9fa04949c113fc3c7b2dd2fa647119ed6b64aea45acad63ddef26c9,train,HISTORICALLY_EXPOSED,True,True,"High-confidence fine-tune notebooks build one dataset from all 2057 rows. For fallback rows, sample identity was exposed although historical augmented bytes are not reproducible."
dfd91e37e467378a56ed,Soil_Labeled_Data/M_40_50/L_40_50/alluvial/IMG_0162_M_0_10_light_brown.jpg,dd887db2273ec423685c20c06bdac15b517952d090b87347db0ee6e49669e2b6,train,HISTORICALLY_EXPOSED,True,True,"High-confidence fine-tune notebooks build one dataset from all 2057 rows. For fallback rows, sample identity was exposed although historical augmented bytes are not reproducible."
731dce0ff2f454bdc7f0,Soil_Labeled_Data/M_40_50/L_40_50/alluvial/IMG_0165_M_0_10_gray_brown.jpg,c66281a8c23fd3701933cb0c08c7f193f3410623c862676dcbbac60f2471ec35,train,HISTORICALLY_EXPOSED,True,True,"High-confidence fine-tune notebooks build one dataset from all 2057 rows. For fallback rows, sample identity was exposed although historical augmented bytes are not reproducible."
0b783ae02f7f663eaaec,Soil_Labeled_Data/M_40_50/L_40_50/alluvial/IMG_0585_M_10_20_light_brown.jpg,937128f1eb9df0675f76f372060740fcc106374e893dcf6cda0e494644b2328e,train,HISTORICALLY_EXPOSED,True,True,"High-confidence fine-tune notebooks build one dataset from all 2057 rows. For fallback rows, sample identity was exposed although historical augmented bytes are not reproducible."
4d57cb39d2bffe8ffd72,Soil_Labeled_Data/M_40_50/L_40_50/alluvial/IMG_0587_M_10_20_light_brown.jpg,acd869273d80cecc94d40111f609cf51ccc2942d9b62f70d3715be3e2d0752b6,validation,HISTORICALLY_EXPOSED,True,True,"High-confidence fine-tune notebooks build one dataset from all 2057 rows. For fallback rows, sample identity was exposed although historical augmented bytes are not reproducible."
01517a86151120704854,Soil_Labeled_Data/M_40_50/L_40_50/alluvial/IMG_0589_M_10_20_gray_brown.jpg,8fb9da4a08d7e1fc87fb846f112693604b3fc21650f0bf558b64f4e085c4dbc5,train,HISTORICALLY_EXPOSED,True,True,"High-confidence fine-tune notebooks build one dataset from all 2057 rows. For fallback rows, sample identity was exposed although historical augmented bytes are not reproducible."
6f3179f3499fca93985f,Soil_Labeled_Data/M_40_50/L_40_50/alluvial/IMG_0589_M_10_20_light_brown.jpg,7c87df3066be2a2a07da6c3cf5daa92f43756cac5ea720a1314cbf6e30bdf726,train,HISTORICALLY_EXPOSED,True,True,"High-confidence fine-tune notebooks build one dataset from all 2057 rows. For fallback rows, sample identity was exposed although historical augmented bytes are not reproducible."
e64ff40c7202baf26a29,Soil_Labeled_Data/M_40_50/L_40_50/alluvial/IMG_0594_M_10_20_gray_brown.jpg,3b6932dfc4a5e048a497b58a0b08e2cd7a3da9d1fe301a2e7c337ac18a64d9fa,train,HISTORICALLY_EXPOSED,True,True,"High-confidence fine-tune notebooks build one dataset from all 2057 rows. For fallback rows, sample identity was exposed although historical augmented bytes are not reproducible."
f4f8dfb060866758f538,Soil_Labeled_Data/M_40_50/L_40_50/alluvial/IMG_0595_M_10_20_gray_brown.jpg,20d8c9455cc82af6b7c9f2c2baa84d45d59d549a5d1738dd5bb38d5bc6d2f551,train,HISTORICALLY_EXPOSED,True,True,"High-confidence fine-tune notebooks build one dataset from all 2057 rows. For fallback rows, sample identity was exposed although historical augmented bytes are not reproducible."
d93903d199dbcf88e9c1,Soil_Labeled_Data/M_40_50/L_40_50/alluvial/IMG_0600_M_10_20_gray_brown.jpg,6ea20bb5008aae3b3d53a9e32e2ce531ba02fdba1df5f56ff9a56ff623506789,validation,HISTORICALLY_EXPOSED,True,True,"High-confidence fine-tune notebooks build one dataset from all 2057 rows. For fallback rows, sample identity was exposed although historical augmented bytes are not reproducible."
17cce505ffca3dc9b272,Soil_Labeled_Data/M_40_50/L_40_50/alluvial/z5719914890934_84fe7062961727cb183642b47744dea8_M_30_40_pale_yellow.jpg,8796b11f46228abf12c5d0996955dcd09e6d3b14895c0d57446b8b8b976c6ef2,test,HISTORICALLY_EXPOSED,True,True,"High-confidence fine-tune notebooks build one dataset from all 2057 rows. For fallback rows, sample identity was exposed although historical augmented bytes are not reproducible."
9153157cb97a2e7dede6,Soil_Labeled_Data/M_40_50/L_40_50/alluvial/z5719914997148_f06792cac5c60b858589b3b3c2747c43_M_30_40_pale_yellow.jpg,4e9fa92e9f94913bc7e2c3a76dd1e414e3ece3e00a07259949963cd2603adb04,train,HISTORICALLY_EXPOSED,True,True,"High-confidence fine-tune notebooks build one dataset from all 2057 rows. For fallback rows, sample identity was exposed although historical augmented bytes are not reproducible."
800f18b893b72600f4ff,Soil_Labeled_Data/M_40_50/L_40_50/alluvial/z5719915111649_b61a329743f4617c0f9d01ef237a4139_M_30_40_light_brown.jpg,71ad269abf2f8ef5a77e5472c1956f3b0d5d7510103ab8ba7d0cb00873f0b5b8,train,HISTORICALLY_EXPOSED,True,True,"High-confidence fine-tune notebooks build one dataset from all 2057 rows. For fallback rows, sample identity was exposed although historical augmented bytes are not reproducible."
9e32ee4523fed381bd90,Soil_Labeled_Data/M_40_50/L_40_50/alluvial/z5719915162784_a4f69c622478efdc49a59a408dfe4b55_M_30_40_clayish_red.jpg,025a3ff9defa5ac2523a03956d93429ae2e8d66a76eca334fa3cc6ce6a642775,test,HISTORICALLY_EXPOSED,True,True,"High-confidence fine-tune notebooks build one dataset from all 2057 rows. For fallback rows, sample identity was exposed although historical augmented bytes are not reproducible."
55bbb8a9a1e2d1ed6235,Soil_Labeled_Data/M_40_50/L_40_50/alluvial/z5719915162784_a4f69c622478efdc49a59a408dfe4b55_M_30_40_gray_brown.jpg,33e6af48803d19fbde21cce2fce969cf8bb3438082528c829a68ccd697a45daa,test,HISTORICALLY_EXPOSED,True,True,"High-confidence fine-tune notebooks build one dataset from all 2057 rows. For fallback rows, sample identity was exposed although historical augmented bytes are not reproducible."
6f64ebad14ae75e7ed56,Soil_Labeled_Data/M_40_50/L_50_60/alluvial/IMG_0200_M_0_10_pale_yellow.jpg,3e90d2c325d57abbfdf994abeffbbe5e110cf44da60536b2eb76a6ff3cf21dff,train,HISTORICALLY_EXPOSED,False,True,"High-confidence fine-tune notebooks build one dataset from all 2057 rows. For fallback rows, sample identity was exposed although historical augmented bytes are not reproducible."
dc96cf85dc934bfde91c,Soil_Labeled_Data/M_40_50/L_50_60/alluvial/IMG_0201_M_0_10_clayish_red.jpg,1153a0b677350d41cabe31415624cd2f30445157a0837c5055ceb7c3e206fea9,train,HISTORICALLY_EXPOSED,False,True,"High-confidence fine-tune notebooks build one dataset from all 2057 rows. For fallback rows, sample identity was exposed although historical augmented bytes are not reproducible."
9d6f83c330d92172a402,Soil_Labeled_Data/M_40_50/L_50_60/alluvial/IMG_0203_M_0_10_gray_brown.jpg,a5232108718ae9e981cac800ac9b53ee43634f88101c1e45830feec0691d85a5,train,HISTORICALLY_EXPOSED,False,True,"High-confidence fine-tune notebooks build one dataset from all 2057 rows. For fallback rows, sample identity was exposed although historical augmented bytes are not reproducible."
9e27a8027a6c7d0f2aa7,Soil_Labeled_Data/M_40_50/L_50_60/alluvial/IMG_0206_M_0_10_clayish_red.jpg,3bf351ed1a5dea882702f2f923c85fc2a3a137354cd681bec7f0e278287f17ac,validation,HISTORICALLY_EXPOSED,True,True,"High-confidence fine-tune notebooks build one dataset from all 2057 rows. For fallback rows, sample identity was exposed although historical augmented bytes are not reproducible."
5eddb55a9d7a8f3957e9,Soil_Labeled_Data/M_40_50/L_50_60/alluvial/IMG_0207_M_0_10_clayish_red.jpg,dad012b0946c401f97487948daeee7b69abd696d430867c27826476e30179f72,validation,HISTORICALLY_EXPOSED,True,True,"High-confidence fine-tune notebooks build one dataset from all 2057 rows. For fallback rows, sample identity was exposed although historical augmented bytes are not reproducible."
9f2d4fdd8f1859e3f2e0,Soil_Labeled_Data/M_40_50/L_50_60/alluvial/IMG_0208_M_0_10_light_brown.jpg,25db205283fa947cb82a77103c611157d91924d64dc46a8477268a2b8542bb77,train,HISTORICALLY_EXPOSED,False,True,"High-confidence fine-tune notebooks build one dataset from all 2057 rows. For fallback rows, sample identity was exposed although historical augmented bytes are not reproducible."
d0a7eccf31a662a947e7,Soil_Labeled_Data/M_40_50/L_50_60/alluvial/IMG_0208_M_0_10_pale_yellow.jpg,17d21016c2441fbe3b19de514b86b5a18890099775957f3ac5cf6f492dc789a2,train,HISTORICALLY_EXPOSED,False,True,"High-confidence fine-tune notebooks build one dataset from all 2057 rows. For fallback rows, sample identity was exposed although historical augmented bytes are not reproducible."
f20c4ecebd517bd2bcc3,Soil_Labeled_Data/M_40_50/L_50_60/alluvial/IMG_0212_M_0_10_clayish_red.jpg,039aac7954a48b6185c03c24d095be15221f1231620ac3def2d7b81c05a3201f,train,HISTORICALLY_EXPOSED,False,True,"High-confidence fine-tune notebooks build one dataset from all 2057 rows. For fallback rows, sample identity was exposed although historical augmented bytes are not reproducible."
cb3011a5d331633945ea,Soil_Labeled_Data/M_40_50/L_50_60/alluvial/IMG_0630_M_10_20_gray_brown.jpg,ed6a288e243112f2f2e5696faa536752eac91c04e370bca4be1707adf29b7ea9,test,HISTORICALLY_EXPOSED,False,True,"High-confidence fine-tune notebooks build one dataset from all 2057 rows. For fallback rows, sample identity was exposed although historical augmented bytes are not reproducible."
d38129e42e1ec8d11454,Soil_Labeled_Data/M_40_50/L_50_60/alluvial/IMG_0631_M_10_20_light_brown.jpg,aa7641971accd81719ea93526a8c142b3de712e93f943912cf42b44d397727e1,train,HISTORICALLY_EXPOSED,False,True,"High-confidence fine-tune notebooks build one dataset from all 2057 rows. For fallback rows, sample identity was exposed although historical augmented bytes are not reproducible."
292ee743a8a59251fe5f,Soil_Labeled_Data/M_40_50/L_50_60/alluvial/IMG_0638_M_10_20_clayish_red.jpg,c73323b673fe1b267024591a848955ee42b40b70193bdf815b03616a5ea2cc55,validation,HISTORICALLY_EXPOSED,True,True,"High-confidence fine-tune notebooks build one dataset from all 2057 rows. For fallback rows, sample identity was exposed although historical augmented bytes are not reproducible."
981682e5d67d76879548,Soil_Labeled_Data/M_40_50/L_50_60/alluvial/IMG_0642_M_10_20_gray_brown.jpg,8af53b74b12252aaf3299632c2728481c4b6ba0d3c5c59b564c17e95293ca520,train,HISTORICALLY_EXPOSED,True,True,"High-confidence fine-tune notebooks build one dataset from all 2057 rows. For fallback rows, sample identity was exposed although historical augmented bytes are not reproducible."
c95d467787fd95e7c492,Soil_Labeled_Data/M_40_50/L_50_60/alluvial/z5719945047556_cad2b245e96e675e8307be1ecf1a91f9_M_30_40_gray_brown.jpg,5e15a145b5e546f101099ef16652945497947e70c4aefadac25921f9035663ba,test,HISTORICALLY_EXPOSED,True,True,"High-confidence fine-tune notebooks build one dataset from all 2057 rows. For fallback rows, sample identity was exposed although historical augmented bytes are not reproducible."
488072b3f18a68882399,Soil_Labeled_Data/M_40_50/L_50_60/alluvial/z5719945086578_e3ca39e5b5ab67c958a7fdaed8e174c3_M_30_40_gray_brown.jpg,23f66bcb1c063af76377c39a9daecbc2b3e4eee2fe7dd821c9a91891a8f441b0,validation,HISTORICALLY_EXPOSED,True,True,"High-confidence fine-tune notebooks build one dataset from all 2057 rows. For fallback rows, sample identity was exposed although historical augmented bytes are not reproducible."
b42a7483a514663bff04,Soil_Labeled_Data/M_40_50/L_50_60/alluvial/z5719945326572_38e3e733446eabe3bf00850bf73883e0_M_30_40_pale_yellow.jpg,7804b9e2e876d4bc15698ca3633ea993f0866036955c8da1126c02f966f66d1e,train,HISTORICALLY_EXPOSED,True,True,"High-confidence fine-tune notebooks build one dataset from all 2057 rows. For fallback rows, sample identity was exposed although historical augmented bytes are not reproducible."
c16fecc030665a0ba4b2,Soil_Labeled_Data/M_40_50/L_50_60/alluvial/z5719945442394_074f397072a0e21797e33be6440ab366_M_30_40_light_brown.jpg,e1b624904356d56b15a7a95727593d26b96c5a73fe4e14bddefb7def41c30b0d,train,HISTORICALLY_EXPOSED,True,True,"High-confidence fine-tune notebooks build one dataset from all 2057 rows. For fallback rows, sample identity was exposed although historical augmented bytes are not reproducible."
883ec3b4d6298ea37a88,Soil_Labeled_Data/M_40_50/L_50_60/alluvial/z5719945442394_074f397072a0e21797e33be6440ab366_M_30_40_pale_yellow.jpg,313e1e25ce3ae22b2da4ba911cb295338e1b2690eb3d9fd9207145001dfbd8d9,train,HISTORICALLY_EXPOSED,True,True,"High-confidence fine-tune notebooks build one dataset from all 2057 rows. For fallback rows, sample identity was exposed although historical augmented bytes are not reproducible."
b328cc86830cc0eeb67c,Soil_Labeled_Data/M_40_50/L_50_60/alluvial/z5719945494405_a556366a429daf9a78448e62806f33bb_M_30_40_gray_brown.jpg,646b2a93b02f618b01f9a6147e16dce264d3d484f66f760909ae2268c8d769aa,train,HISTORICALLY_EXPOSED,True,True,"High-confidence fine-tune notebooks build one dataset from all 2057 rows. For fallback rows, sample identity was exposed although historical augmented bytes are not reproducible."
3769277a1dd9db41ae40,Soil_Labeled_Data/M_40_50/L_50_60/alluvial/z5719945512664_b31ee4aecf6a552463f894dbf83282d1_M_30_40_clayish_red.jpg,3a0415958bc2622364e8a1eb54db98d2ace171dd3ebf1c643fc9b1df85c7d354,test,HISTORICALLY_EXPOSED,True,True,"High-confidence fine-tune notebooks build one dataset from all 2057 rows. For fallback rows, sample identity was exposed although historical augmented bytes are not reproducible."
b3af64366eac23faf98d,Soil_Labeled_Data/M_40_50/L_50_60/alluvial/z5719945525148_2d147c0909d312302995e4cfa5fe6c26_M_30_40_clayish_red.jpg,bc8030e9f9b35d795e53bbeea6bd577f55a2ed5050876f6df2bfee926e12dc8b,train,HISTORICALLY_EXPOSED,True,True,"High-confidence fine-tune notebooks build one dataset from all 2057 rows. For fallback rows, sample identity was exposed although historical augmented bytes are not reproducible."
7e7bc4fc296232c36228,Soil_Labeled_Data/M_40_50/L_60_70/alluvial/IMG_0240_M_0_10_light_brown.jpg,4720363c49f5a304fde27741896f90953e77da831f01b7a1313673de61a3de02,train,HISTORICALLY_EXPOSED,False,True,"High-confidence fine-tune notebooks build one dataset from all 2057 rows. For fallback rows, sample identity was exposed although historical augmented bytes are not reproducible."
0ac8cb496a42caac30f3,Soil_Labeled_Data/M_40_50/L_60_70/alluvial/IMG_0240_M_0_10_pale_yellow.jpg,d2ec10edf043f3837f0bffd9ab6f76d733bfab266fc90cc8706dfa16f287ce82,train,HISTORICALLY_EXPOSED,False,True,"High-confidence fine-tune notebooks build one dataset from all 2057 rows. For fallback rows, sample identity was exposed although historical augmented bytes are not reproducible."
9ee752d97969455881ac,Soil_Labeled_Data/M_40_50/L_60_70/alluvial/IMG_0241_M_0_10_clayish_red.jpg,3bcf347e53c756fb69a06b90e77f8c96b4e8c62ff2813ed3e1f23bc2ec23de70,train,HISTORICALLY_EXPOSED,False,True,"High-confidence fine-tune notebooks build one dataset from all 2057 rows. For fallback rows, sample identity was exposed although historical augmented bytes are not reproducible."
5c027d68e2dba16a1102,Soil_Labeled_Data/M_40_50/L_60_70/alluvial/IMG_0242_M_0_10_clayish_red.jpg,e96d1e8468851270246125a877f68d19a52c31ee53410f8e9c349d8c71f732d9,train,HISTORICALLY_EXPOSED,False,True,"High-confidence fine-tune notebooks build one dataset from all 2057 rows. For fallback rows, sample identity was exposed although historical augmented bytes are not reproducible."
dbf77a1396e93f0eecf8,Soil_Labeled_Data/M_40_50/L_60_70/alluvial/IMG_0242_M_0_10_light_brown.jpg,bb48268ca67247e9d9246f6622fff5d69a63091956972542541f6ca1e0747fff,train,HISTORICALLY_EXPOSED,False,True,"High-confidence fine-tune notebooks build one dataset from all 2057 rows. For fallback rows, sample identity was exposed although historical augmented bytes are not reproducible."
891ac061d704c421796b,Soil_Labeled_Data/M_40_50/L_60_70/alluvial/IMG_0243_M_0_10_gray_brown.jpg,06443d49ab37c005fe2afbe2722dc05674244c5ba075766a32925f96f3194a2a,train,HISTORICALLY_EXPOSED,False,True,"High-confidence fine-tune notebooks build one dataset from all 2057 rows. For fallback rows, sample identity was exposed although historical augmented bytes are not reproducible."
74db54396ef64dbc5bad,Soil_Labeled_Data/M_40_50/L_60_70/alluvial/IMG_0244_M_0_10_clayish_red.jpg,b3800733eccd3d26031b0078d3b9c8f5e465bfe2715eef8434ff90f9dc5886d5,train,HISTORICALLY_EXPOSED,True,True,"High-confidence fine-tune notebooks build one dataset from all 2057 rows. For fallback rows, sample identity was exposed although historical augmented bytes are not reproducible."
3fc60fdb18c40af783b8,Soil_Labeled_Data/M_40_50/L_60_70/alluvial/IMG_0245_M_0_10_pale_yellow.jpg,b2e7699c1f60326687fc8d7aea376d16f02b4b99b0daf71114ffac416d828d2b,train,HISTORICALLY_EXPOSED,True,True,"High-confidence fine-tune notebooks build one dataset from all 2057 rows. For fallback rows, sample identity was exposed although historical augmented bytes are not reproducible."
c4138df05ad934709761,Soil_Labeled_Data/M_40_50/L_60_70/alluvial/IMG_0246_M_0_10_clayish_red.jpg,9149067c1729cbddb2a1c52f412c57e06d1fc0c6efbc048a6bfba9bc7a836810,train,HISTORICALLY_EXPOSED,False,True,"High-confidence fine-tune notebooks build one dataset from all 2057 rows. For fallback rows, sample identity was exposed although historical augmented bytes are not reproducible."
947ed0e388ffa381081d,Soil_Labeled_Data/M_40_50/L_60_70/alluvial/IMG_0246_M_0_10_light_brown.jpg,ea66835da21c24f6868ebb730af3c8118b5eed0163d2240a20469d0b0f90f15c,train,HISTORICALLY_EXPOSED,False,True,"High-confidence fine-tune notebooks build one dataset from all 2057 rows. For fallback rows, sample identity was exposed although historical augmented bytes are not reproducible."
810845fe2a597a2be788,Soil_Labeled_Data/M_40_50/L_60_70/alluvial/IMG_0248_M_0_10_clayish_red.jpg,c1b5bc9c84650940dfa3c96f00b8343ee5ca4c47848e3a9cec6ae6298daf096a,train,HISTORICALLY_EXPOSED,True,True,"High-confidence fine-tune notebooks build one dataset from all 2057 rows. For fallback rows, sample identity was exposed although historical augmented bytes are not reproducible."
ef81344911866261395f,Soil_Labeled_Data/M_40_50/L_60_70/alluvial/IMG_0248_M_0_10_gray_brown.jpg,6ad278def20043f1ccd6ea97662f42841f46f4f99c9eac772de12cd49cec8599,train,HISTORICALLY_EXPOSED,True,True,"High-confidence fine-tune notebooks build one dataset from all 2057 rows. For fallback rows, sample identity was exposed although historical augmented bytes are not reproducible."
3d3197ccc741dc033793,Soil_Labeled_Data/M_40_50/L_60_70/alluvial/IMG_0250_M_0_10_pale_yellow.jpg,c53a01f783958a7329d68b865c12b35ad18d3bd8ae8fe4fbcb81b6c2277c4373,validation,HISTORICALLY_EXPOSED,True,True,"High-confidence fine-tune notebooks build one dataset from all 2057 rows. For fallback rows, sample identity was exposed although historical augmented bytes are not reproducible."
7bda20d01671bf07bbec,Soil_Labeled_Data/M_40_50/L_60_70/alluvial/IMG_0251_M_0_10_clayish_red.jpg,ad75433ac4c0c9fac886951736a817dd05fe2f388a968779786359f17184bbd9,train,HISTORICALLY_EXPOSED,True,True,"High-confidence fine-tune notebooks build one dataset from all 2057 rows. For fallback rows, sample identity was exposed although historical augmented bytes are not reproducible."
4ff90ec39faa3853f7be,Soil_Labeled_Data/M_40_50/L_60_70/alluvial/IMG_0254_M_0_10_light_brown.jpg,f8390a9c97819d068ffd15c5384ec5387704f3a87526511d71b83999305b10d1,validation,HISTORICALLY_EXPOSED,True,True,"High-confidence fine-tune notebooks build one dataset from all 2057 rows. For fallback rows, sample identity was exposed although historical augmented bytes are not reproducible."
5345667f6c9257482344,Soil_Labeled_Data/M_40_50/L_60_70/alluvial/IMG_0257_M_0_10_clayish_red.jpg,8857824d5495577c3a21f1aef6e903528ffe22be02249079eb43866200ab46c6,train,HISTORICALLY_EXPOSED,True,True,"High-confidence fine-tune notebooks build one dataset from all 2057 rows. For fallback rows, sample identity was exposed although historical augmented bytes are not reproducible."
5ca2bb68dcac7cb7d61c,Soil_Labeled_Data/M_40_50/L_60_70/alluvial/IMG_0675_M_10_20_pale_yellow.jpg,a5162b49695a84d7075dd359d1b2b93cd843ceec39870f52fdd4daeea2963398,train,HISTORICALLY_EXPOSED,False,True,"High-confidence fine-tune notebooks build one dataset from all 2057 rows. For fallback rows, sample identity was exposed although historical augmented bytes are not reproducible."
fcc34303ba9b90b691c1,Soil_Labeled_Data/M_40_50/L_60_70/alluvial/IMG_0677_M_10_20_pale_yellow.jpg,bd84697e9c08e1ac1bce24e36f0fd66ab43cec1f8c1b5a69a8375d9144cd7360,train,HISTORICALLY_EXPOSED,False,True,"High-confidence fine-tune notebooks build one dataset from all 2057 rows. For fallback rows, sample identity was exposed although historical augmented bytes are not reproducible."
b1abd3e079e160b372d9,Soil_Labeled_Data/M_40_50/L_60_70/alluvial/IMG_0678_M_10_20_clayish_red.jpg,2ee769bf8d1fa216285f11f2bbb02e36f8f47bc4884d2de18467a617ce55d190,train,HISTORICALLY_EXPOSED,False,True,"High-confidence fine-tune notebooks build one dataset from all 2057 rows. For fallback rows, sample identity was exposed although historical augmented bytes are not reproducible."
9b69dae030fe31eeabe5,Soil_Labeled_Data/M_40_50/L_60_70/alluvial/IMG_0681_M_10_20_light_brown.jpg,bd8809d2922d1b595cb401a67ee5cf1b1622a53abaea28e325e21e2040d66c8e,train,HISTORICALLY_EXPOSED,False,True,"High-confidence fine-tune notebooks build one dataset from all 2057 rows. For fallback rows, sample identity was exposed although historical augmented bytes are not reproducible."
7967a4ab41818256357f,Soil_Labeled_Data/M_40_50/L_70_80/alluvial/IMG_0283_M_0_10_pale_yellow.jpg,9725350b9a264988bdd724ffb6c5912ee625e072c63fdb0c6e942adb2cd07124,train,HISTORICALLY_EXPOSED,False,True,"High-confidence fine-tune notebooks build one dataset from all 2057 rows. For fallback rows, sample identity was exposed although historical augmented bytes are not reproducible."
75a2e579b443d48e3e3e,Soil_Labeled_Data/M_40_50/L_70_80/alluvial/IMG_0284_M_0_10_pale_yellow.jpg,5d2932d6f0708f7a41b0a95284fc3b6b3bc6e08995caa1e3567dc67c4f71599a,train,HISTORICALLY_EXPOSED,False,True,"High-confidence fine-tune notebooks build one dataset from all 2057 rows. For fallback rows, sample identity was exposed although historical augmented bytes are not reproducible."
e35d884e0a84a006078d,Soil_Labeled_Data/M_40_50/L_70_80/alluvial/IMG_0288_M_0_10_gray_brown.jpg,ef6c6ae7fc8a2b467d89ca20a0cbf8f7493d020f86c38b2faf94c7a9dd0be6d5,train,HISTORICALLY_EXPOSED,False,True,"High-confidence fine-tune notebooks build one dataset from all 2057 rows. For fallback rows, sample identity was exposed although historical augmented bytes are not reproducible."
9fdca2f0d8037a1b19c6,Soil_Labeled_Data/M_40_50/L_70_80/alluvial/IMG_0291_M_0_10_light_brown.jpg,c0a7c284146fba3294f5e16d61b14923d6686440ea357891ec8681bd41430b00,train,HISTORICALLY_EXPOSED,False,True,"High-confidence fine-tune notebooks build one dataset from all 2057 rows. For fallback rows, sample identity was exposed although historical augmented bytes are not reproducible."
20b214979a40c47e1282,Soil_Labeled_Data/M_40_50/L_70_80/alluvial/IMG_0292_M_0_10_pale_yellow.jpg,08754d3d210f20032ae66f89277c23d0433266becb984b3d0e801559ddbfafc8,validation,HISTORICALLY_EXPOSED,False,True,"High-confidence fine-tune notebooks build one dataset from all 2057 rows. For fallback rows, sample identity was exposed although historical augmented bytes are not reproducible."
78d85e98132bec3b17fa,Soil_Labeled_Data/M_40_50/L_70_80/alluvial/IMG_0294_M_0_10_clayish_red.jpg,fce5031d9081b31242be408f463b9d63ed7941323d6011d6b993ef4ef3b05ef9,test,HISTORICALLY_EXPOSED,False,True,"High-confidence fine-tune notebooks build one dataset from all 2057 rows. For fallback rows, sample identity was exposed although historical augmented bytes are not reproducible."
06ba2616078cddb0472a,Soil_Labeled_Data/M_40_50/L_70_80/alluvial/IMG_0298_M_0_10_gray_brown.jpg,56c2350f873183aca410bf54e893753c6e94a83fc0d65268db65c4dacea34c1e,train,HISTORICALLY_EXPOSED,False,True,"High-confidence fine-tune notebooks build one dataset from all 2057 rows. For fallback rows, sample identity was exposed although historical augmented bytes are not reproducible."
a64d25904c7f588bc030,Soil_Labeled_Data/M_40_50/L_70_80/alluvial/IMG_0299_M_0_10_light_brown.jpg,ee5853bf834c9425c930175f06ea83d4e16bdbd8414d0d22ad5ec58771ee98be,train,HISTORICALLY_EXPOSED,False,True,"High-confidence fine-tune notebooks build one dataset from all 2057 rows. For fallback rows, sample identity was exposed although historical augmented bytes are not reproducible."
1a102628603409c1900f,Soil_Labeled_Data/M_40_50/L_70_80/alluvial/IMG_0302_M_0_10_clayish_red.jpg,dc9b0d89164351c854279451a6745fa91d69da150ef5eed73f0aaf5b692e2ac5,validation,HISTORICALLY_EXPOSED,False,True,"High-confidence fine-tune notebooks build one dataset from all 2057 rows. For fallback rows, sample identity was exposed although historical augmented bytes are not reproducible."
d7b9fd056f90fb70e568,Soil_Labeled_Data/M_40_50/L_70_80/alluvial/IMG_0698_M_10_20_clayish_red.jpg,38db3c9e4e56e2fec418ff099d4ba9cd8bf6e614a9036692bd8748ff5605d4b0,train,HISTORICALLY_EXPOSED,True,True,"High-confidence fine-tune notebooks build one dataset from all 2057 rows. For fallback rows, sample identity was exposed although historical augmented bytes are not reproducible."
9ba920b6d838207e1064,Soil_Labeled_Data/M_40_50/L_70_80/alluvial/IMG_0700_M_10_20_pale_yellow.jpg,2ed42336016d5de57c6f92ca5df277efe9a5098257a0d5f1d5bb0c9ce4a065a2,train,HISTORICALLY_EXPOSED,True,True,"High-confidence fine-tune notebooks build one dataset from all 2057 rows. For fallback rows, sample identity was exposed although historical augmented bytes are not reproducible."
6d5b2c6bccf908cab226,Soil_Labeled_Data/M_40_50/L_70_80/alluvial/IMG_0701_M_10_20_gray_brown.jpg,054118b0cc8112489c48a3e1be073c9d04768152f5e8a170687e48950de5d458,test,HISTORICALLY_EXPOSED,True,True,"High-confidence fine-tune notebooks build one dataset from all 2057 rows. For fallback rows, sample identity was exposed although historical augmented bytes are not reproducible."
4b1ed177024145eb2406,Soil_Labeled_Data/M_40_50/L_70_80/alluvial/IMG_0704_M_10_20_pale_yellow.jpg,9dc4aaa53d909efb5ddf28d5e28ac2c18c9dbdf5e2404dfcadc38cc53853fd3c,test,HISTORICALLY_EXPOSED,False,True,"High-confidence fine-tune notebooks build one dataset from all 2057 rows. For fallback rows, sample identity was exposed although historical augmented bytes are not reproducible."
8b1a945a6e98efd4b386,Soil_Labeled_Data/M_40_50/L_70_80/alluvial/IMG_0705_M_10_20_gray_brown.jpg,b3970fe8e262c4f9e2612b3ab17da25ca92a6018f0ab2c2e5e2e4310c35a98d6,validation,HISTORICALLY_EXPOSED,False,True,"High-confidence fine-tune notebooks build one dataset from all 2057 rows. For fallback rows, sample identity was exposed although historical augmented bytes are not reproducible."
aafd8048f02d5ca0a408,Soil_Labeled_Data/M_40_50/L_70_80/alluvial/IMG_0707_M_10_20_gray_brown.jpg,ba084cf75badf3b2a741f56fa6114b48877fe1b200e8cae141196ffdda660a44,train,HISTORICALLY_EXPOSED,False,True,"High-confidence fine-tune notebooks build one dataset from all 2057 rows. For fallback rows, sample identity was exposed although historical augmented bytes are not reproducible."
33f4f247ac59adb41035,Soil_Labeled_Data/M_40_50/L_70_80/alluvial/IMG_0710_M_10_20_gray_brown.jpg,27d98f2163829bf8b17616decc56501d9d6da65e9c21ddc471e3107dae26878f,validation,HISTORICALLY_EXPOSED,False,True,"High-confidence fine-tune notebooks build one dataset from all 2057 rows. For fallback rows, sample identity was exposed although historical augmented bytes are not reproducible."
2750fabab27d4abaa4c8,Soil_Labeled_Data/M_40_50/L_70_80/alluvial/IMG_0711_M_10_20_light_brown.jpg,7e6f02b6320271eaf8cc546da9dc787f5a4c625460c62b4fbda75ded2986c7ef,train,HISTORICALLY_EXPOSED,False,True,"High-confidence fine-tune notebooks build one dataset from all 2057 rows. For fallback rows, sample identity was exposed although historical augmented bytes are not reproducible."
5deebcb9d6159b308a21,Soil_Labeled_Data/M_40_50/L_70_80/alluvial/IMG_0713_M_10_20_pale_yellow.jpg,2e753eb794bc063519b010ca17062b0aaa07160d552e0dd6d43307c66bdcbeeb,validation,HISTORICALLY_EXPOSED,False,True,"High-confidence fine-tune notebooks build one dataset from all 2057 rows. For fallback rows, sample identity was exposed although historical augmented bytes are not reproducible."
18732d2e530caf5b505a,Soil_Labeled_Data/M_40_50/L_70_80/alluvial/IMG_0718_M_10_20_light_brown.jpg,dab061a45191f3554b1277587d88f131022ffd3cf2c2cd0c65e732300ad686c3,train,HISTORICALLY_EXPOSED,True,True,"High-confidence fine-tune notebooks build one dataset from all 2057 rows. For fallback rows, sample identity was exposed although historical augmented bytes are not reproducible."
f9664d2242589337eee0,Soil_Labeled_Data/M_40_50/L_70_80/alluvial/IMG_0719_M_10_20_clayish_red.jpg,23a4c83e401091a57109d43915c36c3df28b5ddb77d184f250be0384984a312d,validation,HISTORICALLY_EXPOSED,True,True,"High-confidence fine-tune notebooks build one dataset from all 2057 rows. For fallback rows, sample identity was exposed although historical augmented bytes are not reproducible."
90b506a249174e01c527,Soil_Labeled_Data/M_40_50/L_80_90/alluvial/IMG_0327_M_0_10_gray_brown.jpg,bd91b4da830b5990ca5da3464d9da187016689dbe8bb4fd0b1b01e367ef4f937,train,HISTORICALLY_EXPOSED,True,True,"High-confidence fine-tune notebooks build one dataset from all 2057 rows. For fallback rows, sample identity was exposed although historical augmented bytes are not reproducible."
bec8fd55f80dfd983511,Soil_Labeled_Data/M_40_50/L_80_90/alluvial/IMG_0332_M_0_10_light_brown.jpg,c4bfd0a33c05402ff5b7f7fb89d1f0064773e8973e02ba44e1728183af861036,train,HISTORICALLY_EXPOSED,True,True,"High-confidence fine-tune notebooks build one dataset from all 2057 rows. For fallback rows, sample identity was exposed although historical augmented bytes are not reproducible."
d6c9622d2ab2f47c90fd,Soil_Labeled_Data/M_40_50/L_80_90/alluvial/IMG_0334_M_0_10_gray_brown.jpg,984cb3a9b7a71941cb71141f3085c399a63335cf675e92bbe9bfa7539af16122,train,HISTORICALLY_EXPOSED,True,True,"High-confidence fine-tune notebooks build one dataset from all 2057 rows. For fallback rows, sample identity was exposed although historical augmented bytes are not reproducible."
c4e1e92dbb2efd1384ff,Soil_Labeled_Data/M_40_50/L_80_90/alluvial/IMG_0338_M_0_10_gray_brown.jpg,316f20c1648a68656ea045dfb0906c52945381ff22f1209aae39360021e5366c,test,HISTORICALLY_EXPOSED,True,True,"High-confidence fine-tune notebooks build one dataset from all 2057 rows. For fallback rows, sample identity was exposed although historical augmented bytes are not reproducible."
a368b8e3b93b71ee2cd2,Soil_Labeled_Data/M_40_50/L_80_90/alluvial/IMG_0340_M_0_10_light_brown.jpg,91ac9a7bd9cc7a74e20d0eaa4638f13c4edb5d724bc611428c2f17b9113b969f,test,HISTORICALLY_EXPOSED,True,True,"High-confidence fine-tune notebooks build one dataset from all 2057 rows. For fallback rows, sample identity was exposed although historical augmented bytes are not reproducible."
8304db72aa062c24c0d7,Soil_Labeled_Data/M_40_50/L_80_90/alluvial/IMG_0742_M_10_20_pale_yellow.jpg,a0e11c0c9d9980a3f9954d1e0626aa26a52c700fafb72d2101ba2c8d50ba2ae1,train,HISTORICALLY_EXPOSED,True,True,"High-confidence fine-tune notebooks build one dataset from all 2057 rows. For fallback rows, sample identity was exposed although historical augmented bytes are not reproducible."
d454acb24a969ea6e871,Soil_Labeled_Data/M_40_50/L_80_90/alluvial/IMG_0744_M_10_20_pale_yellow.jpg,ed0c322c2aaf1a8f97c664559da7d47c92d34fb418177bfbbf8f891f97359ac7,test,HISTORICALLY_EXPOSED,True,True,"High-confidence fine-tune notebooks build one dataset from all 2057 rows. For fallback rows, sample identity was exposed although historical augmented bytes are not reproducible."
178363c736407303516c,Soil_Labeled_Data/M_40_50/L_80_90/alluvial/IMG_0748_M_10_20_clayish_red.jpg,15207b491f3d687132de978a1ece0aa8cacc5d561dc6cbdc5678f8e49f58a606,validation,HISTORICALLY_EXPOSED,True,True,"High-confidence fine-tune notebooks build one dataset from all 2057 rows. For fallback rows, sample identity was exposed although historical augmented bytes are not reproducible."
5169d5c450bc089d7895,Soil_Labeled_Data/M_40_50/L_80_90/alluvial/IMG_0749_M_10_20_pale_yellow.jpg,b568c805751ba61672bc399ec4d39bb84cb45bb361a2cd8be58320fad695133f,train,HISTORICALLY_EXPOSED,False,True,"High-confidence fine-tune notebooks build one dataset from all 2057 rows. For fallback rows, sample identity was exposed although historical augmented bytes are not reproducible."
89aa7acaaa7a75956651,Soil_Labeled_Data/M_40_50/L_80_90/alluvial/IMG_0750_M_10_20_clayish_red.jpg,0c0739d3559f839d393c1e98d0bb198583907f271427b1e7c128fd0c43040c9e,validation,HISTORICALLY_EXPOSED,False,True,"High-confidence fine-tune notebooks build one dataset from all 2057 rows. For fallback rows, sample identity was exposed although historical augmented bytes are not reproducible."
4d82ad7c69d36fbb6321,Soil_Labeled_Data/M_40_50/L_80_90/alluvial/IMG_0752_M_10_20_gray_brown.jpg,301ea6dbf70e177f573b02114c0aa7dac769f1f55631858e92c786c506ca0455,train,HISTORICALLY_EXPOSED,False,True,"High-confidence fine-tune notebooks build one dataset from all 2057 rows. For fallback rows, sample identity was exposed although historical augmented bytes are not reproducible."
fd13c924402cdd288fff,Soil_Labeled_Data/M_40_50/L_80_90/alluvial/IMG_0760_M_10_20_gray_brown.jpg,acbecdba74cdb17e52758d6f15168c10d99f87b25aa51cf7c3429d7d95d301ac,train,HISTORICALLY_EXPOSED,True,True,"High-confidence fine-tune notebooks build one dataset from all 2057 rows. For fallback rows, sample identity was exposed although historical augmented bytes are not reproducible."
de2e02a59255b0cc6bb6,Soil_Labeled_Data/M_40_50/L_80_90/alluvial/IMG_0761_M_10_20_pale_yellow.jpg,2c3dbd764821089b37f53cbf5580aeb89baac40e75e2470159bee3ec67b4ecae,train,HISTORICALLY_EXPOSED,True,True,"High-confidence fine-tune notebooks build one dataset from all 2057 rows. For fallback rows, sample identity was exposed although historical augmented bytes are not reproducible."
b38013506227b42bf16f,Soil_Labeled_Data/M_40_50/L_80_90/alluvial/z5720115611278_2165bd5b2e5ac713d97400eabcc65d99.jpg,26bb3fee4d57dc0f3c2e373eaccb19a1a4f4b8da2c84829c5918e6d3a9e603b3,train,HISTORICALLY_EXPOSED,True,True,"High-confidence fine-tune notebooks build one dataset from all 2057 rows. For fallback rows, sample identity was exposed although historical augmented bytes are not reproducible."
0a589880d0b0ee979213,Soil_Labeled_Data/M_40_50/L_80_90/alluvial/z5720115687004_c7046b6ed304fe8ccbb693c1af288980.jpg,da67778185dbfeb35e18acd99a4b43850e693e80c558855b36f342b4d4360d30,train,HISTORICALLY_EXPOSED,True,True,"High-confidence fine-tune notebooks build one dataset from all 2057 rows. For fallback rows, sample identity was exposed although historical augmented bytes are not reproducible."
605650cb9ddba9661922,Soil_Labeled_Data/M_40_50/L_80_90/alluvial/z5720115765295_566dab2e381f475c4d17c1f90510d54b.jpg,18bc70fb3bbd74cd8bf3ab88ec4e48b1aa2fdd6673a130490622719209b228e0,validation,HISTORICALLY_EXPOSED,True,True,"High-confidence fine-tune notebooks build one dataset from all 2057 rows. For fallback rows, sample identity was exposed although historical augmented bytes are not reproducible."
4a665346df06d3fb7205,Soil_Labeled_Data/M_40_50/L_80_90/alluvial/z5720115942754_8be2331cdea2f08eaa20a4d16f47702e.jpg,b31a63d28142efd56024bd0e38ee4b1118ecaf2eca2f4cb0c721d8c954f5bcb9,train,HISTORICALLY_EXPOSED,True,True,"High-confidence fine-tune notebooks build one dataset from all 2057 rows. For fallback rows, sample identity was exposed although historical augmented bytes are not reproducible."
61cadbb7ab6f98654808,Soil_Labeled_Data/M_40_50/L_80_90/alluvial/z5720115994271_6ee046f5429b540fab54644ee387967d.jpg,f78a84e7b2a6e850c20e699b6715e85009c356da4b0001f92227be59ff662b36,train,HISTORICALLY_EXPOSED,True,True,"High-confidence fine-tune notebooks build one dataset from all 2057 rows. For fallback rows, sample identity was exposed although historical augmented bytes are not reproducible."
350b3ed85911a4c6b846,Soil_Labeled_Data/M_40_50/L_80_90/alluvial/z5720116056023_3d3d361e4d7255ed7de4195fa640e456.jpg,5873f295503021948402983e0b69c19684e53795933b1f0e7413811e5fe0efb1,train,HISTORICALLY_EXPOSED,True,True,"High-confidence fine-tune notebooks build one dataset from all 2057 rows. For fallback rows, sample identity was exposed although historical augmented bytes are not reproducible."
485fdb9d28b76ff61729,Soil_Labeled_Data/M_40_50/L_80_90/alluvial/z5720116085194_b4c6d844bda5f6a7533e048925576cdd.jpg,d27c8f193d45dc320ed6bfa0639a1374901b85f74b60878fbb42dd02333cc0a0,train,HISTORICALLY_EXPOSED,True,True,"High-confidence fine-tune notebooks build one dataset from all 2057 rows. For fallback rows, sample identity was exposed although historical augmented bytes are not reproducible."
4fff1fb38d1c71071640,Soil_Labeled_Data/M_40_50/L_90_100/alluvial/IMG_0368_M_0_10_gray_brown.jpg,633c6ddbe3444ad20ff389671365d1820a68e1a0c38fbafc059f2f214b376b6e,train,HISTORICALLY_EXPOSED,False,True,"High-confidence fine-tune notebooks build one dataset from all 2057 rows. For fallback rows, sample identity was exposed although historical augmented bytes are not reproducible."
95a9f0226d3cffa9827f,Soil_Labeled_Data/M_40_50/L_90_100/alluvial/IMG_0373_M_0_10_clayish_red.jpg,197978f6c575ef456e850646b4fc9bd065b1a09172b2c496fcdede6edd45a9f0,train,HISTORICALLY_EXPOSED,False,True,"High-confidence fine-tune notebooks build one dataset from all 2057 rows. For fallback rows, sample identity was exposed although historical augmented bytes are not reproducible."
8355b1dc468b6a2455a3,Soil_Labeled_Data/M_40_50/L_90_100/alluvial/IMG_0374_M_0_10_clayish_red.jpg,b0e726625efefc0c0c78d062262edf54dbbaea6bd066e028a3a57134d9516965,train,HISTORICALLY_EXPOSED,False,True,"High-confidence fine-tune notebooks build one dataset from all 2057 rows. For fallback rows, sample identity was exposed although historical augmented bytes are not reproducible."
35246443d09ec07bbb9e,Soil_Labeled_Data/M_40_50/L_90_100/alluvial/IMG_0375_M_0_10_light_brown.jpg,d1d4c3fad6b19ebcad41908e8b3c0874d31dbe574b08b6f8fb862c20d9dbd7cd,train,HISTORICALLY_EXPOSED,False,True,"High-confidence fine-tune notebooks build one dataset from all 2057 rows. For fallback rows, sample identity was exposed although historical augmented bytes are not reproducible."
032393a764f230951722,Soil_Labeled_Data/M_40_50/L_90_100/alluvial/IMG_0377_M_0_10_pale_yellow.jpg,972ae32d6a2d6fd4f6c58200cfb5b75500a77cadd10441d29445f70cd70eb39d,train,HISTORICALLY_EXPOSED,False,True,"High-confidence fine-tune notebooks build one dataset from all 2057 rows. For fallback rows, sample identity was exposed although historical augmented bytes are not reproducible."
6470ac41b299a9353fcf,Soil_Labeled_Data/M_40_50/L_90_100/alluvial/IMG_0383_M_0_10_light_brown.jpg,0ac1f6f596b0d34730a56d56742280b5844b2346266cbf6a00bbe87e8d6e814b,train,HISTORICALLY_EXPOSED,False,True,"High-confidence fine-tune notebooks build one dataset from all 2057 rows. For fallback rows, sample identity was exposed although historical augmented bytes are not reproducible."
9b26bb6490488f932861,Soil_Labeled_Data/M_40_50/L_90_100/alluvial/IMG_0384_M_0_10_clayish_red.jpg,0aa5b86e909f9ff5cc6825d87257e80288df8507114e6d650f90de2b0697193d,train,HISTORICALLY_EXPOSED,False,True,"High-confidence fine-tune notebooks build one dataset from all 2057 rows. For fallback rows, sample identity was exposed although historical augmented bytes are not reproducible."
7992a8dda31c225dafb7,Soil_Labeled_Data/M_40_50/L_90_100/alluvial/IMG_0787_M_10_20_clayish_red.jpg,64b16363b76bdb909d18cbd3a76d264356d05f0a472a6153ab31a91b195af4ca,train,HISTORICALLY_EXPOSED,True,True,"High-confidence fine-tune notebooks build one dataset from all 2057 rows. For fallback rows, sample identity was exposed although historical augmented bytes are not reproducible."
eeaad339ffa1a36b0cf2,Soil_Labeled_Data/M_40_50/L_90_100/alluvial/IMG_0793_M_10_20_clayish_red.jpg,1a4a5a60ddb0f2fa8ede1f05038c190f9e0c1ea41564c33d0f42e2428e48a937,test,HISTORICALLY_EXPOSED,False,True,"High-confidence fine-tune notebooks build one dataset from all 2057 rows. For fallback rows, sample identity was exposed although historical augmented bytes are not reproducible."
0dac8eb87757a2a50003,Soil_Labeled_Data/M_40_50/L_90_100/alluvial/IMG_0796_M_10_20_gray_brown.jpg,d909fdb41dc4c6d84ad15fe83b726c1b4e7aa8b1afe49dbc6e6b5612e27260b1,test,HISTORICALLY_EXPOSED,False,True,"High-confidence fine-tune notebooks build one dataset from all 2057 rows. For fallback rows, sample identity was exposed although historical augmented bytes are not reproducible."
9d8e7dd43e58592c77f5,Soil_Labeled_Data/M_40_50/L_90_100/alluvial/IMG_0797_M_10_20_gray_brown.jpg,007db960b222f99b3bb2425269787c8f414716372ad9085248dd470bf1428dc9,train,HISTORICALLY_EXPOSED,True,True,"High-confidence fine-tune notebooks build one dataset from all 2057 rows. For fallback rows, sample identity was exposed although historical augmented bytes are not reproducible."
cadd9674a87ed9618bcc,Soil_Labeled_Data/M_40_50/L_90_100/alluvial/IMG_0799_M_10_20_pale_yellow.jpg,7eea6caa44dd7cd8677393fcabb350dc3f4219d0dd52af47e606fa4c105c2818,train,HISTORICALLY_EXPOSED,False,True,"High-confidence fine-tune notebooks build one dataset from all 2057 rows. For fallback rows, sample identity was exposed although historical augmented bytes are not reproducible."
8ecfce7335b735b8b8d9,Soil_Labeled_Data/M_40_50/L_90_100/alluvial/IMG_0800_M_10_20_clayish_red.jpg,d05fa6698df5fa3a2fa1f1ea6dd552862a35cafb706e4e04553f03b49c9f4fe5,train,HISTORICALLY_EXPOSED,False,True,"High-confidence fine-tune notebooks build one dataset from all 2057 rows. For fallback rows, sample identity was exposed although historical augmented bytes are not reproducible."
dad8eebba7592eef4fdb,Soil_Labeled_Data/M_40_50/L_90_100/alluvial/IMG_0801_M_10_20_clayish_red.jpg,a95873f31db56396a3683ef3deb86e6978f90b4a7baee00686ac6ac44e3f86c5,train,HISTORICALLY_EXPOSED,False,True,"High-confidence fine-tune notebooks build one dataset from all 2057 rows. For fallback rows, sample identity was exposed although historical augmented bytes are not reproducible."
b51b5b44fc6870f6d578,Soil_Labeled_Data/M_40_50/L_90_100/alluvial/z5720142667793_1b68b578374e456dec54d6a7942a78c6.jpg,85901716749fa7f57af05ad4b6a317f26c6e420ba47d3b76e87ff45ecdfcd54d,train,HISTORICALLY_EXPOSED,True,True,"High-confidence fine-tune notebooks build one dataset from all 2057 rows. For fallback rows, sample identity was exposed although historical augmented bytes are not reproducible."
2889d30390de5b6a7dc7,Soil_Labeled_Data/M_40_50/L_90_100/alluvial/z5720142732215_24153a5f94f1690b1290a7adb4f344d9.jpg,1ce12e72af799f3ef641eac772e49eaa601410979f064594ee0697444163f229,train,HISTORICALLY_EXPOSED,True,True,"High-confidence fine-tune notebooks build one dataset from all 2057 rows. For fallback rows, sample identity was exposed although historical augmented bytes are not reproducible."
f8ddbb74af8c1be93fc2,Soil_Labeled_Data/M_40_50/L_90_100/alluvial/z5720142803519_7e7073968e86e15707d41ef2d1f8a1cb.jpg,f6f490aa8c06c3f394c6af6b860648034089de50325cbb7a66c6e52da0ace352,validation,HISTORICALLY_EXPOSED,False,True,"High-confidence fine-tune notebooks build one dataset from all 2057 rows. For fallback rows, sample identity was exposed although historical augmented bytes are not reproducible."
c9d19a6677d7aa1165e3,Soil_Labeled_Data/M_40_50/L_90_100/alluvial/z5720143090213_a08a9f5a97cdc656748cb7fa75edf338.jpg,ad01962ff96b59c7f2e01deccfcfb26565289a1874d4cb18321c4c670dac82f3,validation,HISTORICALLY_EXPOSED,True,True,"High-confidence fine-tune notebooks build one dataset from all 2057 rows. For fallback rows, sample identity was exposed although historical augmented bytes are not reproducible."
0d7bdeb3138e8f4fb591,Soil_Labeled_Data/M_40_50/L_90_100/alluvial/z5720143165808_c048ad1ab07ddbb36a302d65772e88c8.jpg,9905aa20c91ef10e1318eef77539884be05c4c10b902e962b74c76325f6724c8,validation,HISTORICALLY_EXPOSED,True,True,"High-confidence fine-tune notebooks build one dataset from all 2057 rows. For fallback rows, sample identity was exposed although historical augmented bytes are not reproducible."
d8dc21d0481fe80893b1,Soil_Labeled_Data/M_40_50/L_90_100/alluvial/z5720143180627_8991003c4168f68248331f4ae3cb75d1.jpg,ade40a65a23d306319ba2fadfc9c4d5eeaf049ca4046bd5fc41ea69a2e373fa9,train,HISTORICALLY_EXPOSED,True,True,"High-confidence fine-tune notebooks build one dataset from all 2057 rows. For fallback rows, sample identity was exposed although historical augmented bytes are not reproducible."
86288ddf790a63b46646,Soil_Labeled_Data/M_50_60/L_0_10/alluvial/IMG_0407_M_10_20_gray_brown_M_40_50_light_brown.jpg,477bbd73ff3d31297ccacb96a9b0e439af7b2cbeb0437301323941bc3d39df74,train,HISTORICALLY_EXPOSED,False,True,"High-confidence fine-tune notebooks build one dataset from all 2057 rows. For fallback rows, sample identity was exposed although historical augmented bytes are not reproducible."
16147e3ca1f817e1bfd9,Soil_Labeled_Data/M_50_60/L_0_10/alluvial/IMG_0407_M_10_20_light_brown_M_40_50_gray_brown.jpg,0e91ff8cd725d05d8c4de6ee292052aa76d033e17f2bef739e2f9d01904b5788,train,HISTORICALLY_EXPOSED,False,True,"High-confidence fine-tune notebooks build one dataset from all 2057 rows. For fallback rows, sample identity was exposed although historical augmented bytes are not reproducible."
0c8fb3ff70947ee16fe8,Soil_Labeled_Data/M_50_60/L_0_10/alluvial/IMG_0413_M_10_20_pale_yellow_M_40_50_gray_brown.jpg,fd8b3f9a2a4107cbf433da65e5b699622ec8ad6aeab1410ac19f999271cd3ce0,train,HISTORICALLY_EXPOSED,False,True,"High-confidence fine-tune notebooks build one dataset from all 2057 rows. For fallback rows, sample identity was exposed although historical augmented bytes are not reproducible."
609b7e1ad298258d25a4,Soil_Labeled_Data/M_50_60/L_0_10/alluvial/IMG_0417_M_10_20_clayish_red_M_40_50_gray_brown.jpg,9b995dfbdf52b7e391cbab6026ca29fd9b3d63a5005ddc331e9e3b20a888434c,validation,HISTORICALLY_EXPOSED,True,True,"High-confidence fine-tune notebooks build one dataset from all 2057 rows. For fallback rows, sample identity was exposed although historical augmented bytes are not reproducible."
ba655d3574ab78c075ed,Soil_Labeled_Data/M_50_60/L_0_10/alluvial/IMG_0417_M_10_20_gray_brown_M_40_50_gray_brown.jpg,53dc86a816fa16689f7c8943ccb8c271e0545c8bcb6ca620827b5aa5fda47a54,train,HISTORICALLY_EXPOSED,True,True,"High-confidence fine-tune notebooks build one dataset from all 2057 rows. For fallback rows, sample identity was exposed although historical augmented bytes are not reproducible."
8762bf82c0701ca7f3c4,Soil_Labeled_Data/M_50_60/L_0_10/alluvial/IMG_0418_M_10_20_clayish_red_M_40_50_light_brown.jpg,40411cc0a771a488cb8f7d7b5e29b51c82d2b54b209e839211ea873b51c93b19,train,HISTORICALLY_EXPOSED,False,True,"High-confidence fine-tune notebooks build one dataset from all 2057 rows. For fallback rows, sample identity was exposed although historical augmented bytes are not reproducible."
4f827bdac60e7b7f4c29,Soil_Labeled_Data/M_50_60/L_0_10/alluvial/IMG_0425_M_10_20_light_brown_M_40_50_light_brown.jpg,7eb76bf5115aff1c85144abc89842c2751a32e17248f41301261b4762aa21a91,train,HISTORICALLY_EXPOSED,False,True,"High-confidence fine-tune notebooks build one dataset from all 2057 rows. For fallback rows, sample identity was exposed although historical augmented bytes are not reproducible."
c21d91235f39e37312b5,Soil_Labeled_Data/M_50_60/L_0_10/alluvial/IMG_0427_M_10_20_gray_brown_M_40_50_light_brown.jpg,494e6754cd9c169c017e4aafaa7cd4a1344c9c02bb65c5ce640573720dddd12c,train,HISTORICALLY_EXPOSED,False,True,"High-confidence fine-tune notebooks build one dataset from all 2057 rows. For fallback rows, sample identity was exposed although historical augmented bytes are not reproducible."
4a38ab6d4e7bf2978b28,Soil_Labeled_Data/M_50_60/L_0_10/alluvial/z5714094985878_be3d0b27ad0ff588c74868cf841a13d8_M_0_10_clayish_red_M_40_50_gray_brown.jpg,dc58899275379b9b05e067ace55662c1f52710858a9722835f6a0675abec9348,validation,HISTORICALLY_EXPOSED,True,True,"High-confidence fine-tune notebooks build one dataset from all 2057 rows. For fallback rows, sample identity was exposed although historical augmented bytes are not reproducible."
9355d949eee3feeaec31,Soil_Labeled_Data/M_50_60/L_0_10/alluvial/z5714095067177_c28910a39d05d545c1eb98c0765e3032_M_0_10_clayish_red_M_40_50_gray_brown.jpg,725a2b51f79834ac73e41be05c09d236c30dc9d7bf2cd8841cdce60a057f679e,train,HISTORICALLY_EXPOSED,True,True,"High-confidence fine-tune notebooks build one dataset from all 2057 rows. For fallback rows, sample identity was exposed although historical augmented bytes are not reproducible."
c9dc453c0d901a869c59,Soil_Labeled_Data/M_50_60/L_0_10/alluvial/z5714095161888_3d5bfbb45a821c7b8a0a0889e60fa9e1_M_0_10_light_brown_M_40_50_gray_brown.jpg,b9693980552a765e79c2e3d255c3c5e3ab87db841a8ba470df2408cc9854265f,train,HISTORICALLY_EXPOSED,True,True,"High-confidence fine-tune notebooks build one dataset from all 2057 rows. For fallback rows, sample identity was exposed although historical augmented bytes are not reproducible."
1ef165bc6c2639f14206,Soil_Labeled_Data/M_50_60/L_0_10/alluvial/z5714095397323_3ba8d5731fe9ad72ecd36a4f5fe55be2_M_0_10_pale_yellow_M_40_50_gray_brown.jpg,608d2434e62c550eab9a919488d249d073ebeb590b48fb24dda459bd892f8d19,train,HISTORICALLY_EXPOSED,True,True,"High-confidence fine-tune notebooks build one dataset from all 2057 rows. For fallback rows, sample identity was exposed although historical augmented bytes are not reproducible."
152be9b87125f9790486,Soil_Labeled_Data/M_50_60/L_0_10/alluvial/z5714095443955_4462fea6d31af758e0d1027ff26c48bf_M_0_10_light_brown_M_40_50_gray_brown.jpg,06d4adb56c2ca91acaab56e242cd62ce34c198086794b38758f7323762eef110,train,HISTORICALLY_EXPOSED,True,True,"High-confidence fine-tune notebooks build one dataset from all 2057 rows. For fallback rows, sample identity was exposed although historical augmented bytes are not reproducible."
375ef1303928dde26232,Soil_Labeled_Data/M_50_60/L_0_10/alluvial/z5716042004626_672a27bdaa4badcf207b29a4dbf173b0_M_30_40_pale_yellow_M_40_50_light_brown.jpg,cbfb8dd36e9062f05a1af1bdd9e04b4f5cbd55eb34addbbb58fc267a1299a0d4,train,HISTORICALLY_EXPOSED,True,True,"High-confidence fine-tune notebooks build one dataset from all 2057 rows. For fallback rows, sample identity was exposed although historical augmented bytes are not reproducible."
da52a3eda08179f6429d,Soil_Labeled_Data/M_50_60/L_0_10/alluvial/z5716042049106_e42202833efd1fc8789876381aea1f57_M_30_40_clayish_red_M_40_50_gray_brown.jpg,6e8c8c3d32f4c3d1e3e80c5ca20f27a8c08a66ad720df03fe130dc630da65a03,train,HISTORICALLY_EXPOSED,True,True,"High-confidence fine-tune notebooks build one dataset from all 2057 rows. For fallback rows, sample identity was exposed although historical augmented bytes are not reproducible."
16dc14b55b4760e8609e,Soil_Labeled_Data/M_50_60/L_0_10/alluvial/z5716042049106_e42202833efd1fc8789876381aea1f57_M_30_40_light_brown_M_40_50_light_brown.jpg,eef3f4dfbec859627d5b0d98025d122ed57eebfc011fa6fa376e6db9e070dbf6,train,HISTORICALLY_EXPOSED,True,True,"High-confidence fine-tune notebooks build one dataset from all 2057 rows. For fallback rows, sample identity was exposed although historical augmented bytes are not reproducible."
981e0327458b8190d061,Soil_Labeled_Data/M_50_60/L_0_10/alluvial/z5716042321152_979083553c4378666fb6af100231c565_M_30_40_gray_brown_M_40_50_gray_brown.jpg,b0a92eb17d526600c9292eaeca5f268454759bbdbd9c4ec1a67116a6ba4576c5,train,HISTORICALLY_EXPOSED,True,True,"High-confidence fine-tune notebooks build one dataset from all 2057 rows. For fallback rows, sample identity was exposed although historical augmented bytes are not reproducible."
97e41a3ccf86e5249110,Soil_Labeled_Data/M_50_60/L_0_10/alluvial/z5716042362231_afc15cf0059cc0b0a10e2307f0224493_M_30_40_clayish_red_M_40_50_light_brown.jpg,4f84b7afaa4b6e7f1237c4798479a361ae265d9f4f92050602ce2e436d5d27ac,train,HISTORICALLY_EXPOSED,True,True,"High-confidence fine-tune notebooks build one dataset from all 2057 rows. For fallback rows, sample identity was exposed although historical augmented bytes are not reproducible."
db0348bb0b3d7eda7a95,Soil_Labeled_Data/M_50_60/L_0_10/alluvial/z5716042362231_afc15cf0059cc0b0a10e2307f0224493_M_30_40_gray_brown_M_40_50_light_brown.jpg,bffc02b3a1814749109088dfb05313bdf52a7dc018a9c61c52e948c94169caa3,train,HISTORICALLY_EXPOSED,True,True,"High-confidence fine-tune notebooks build one dataset from all 2057 rows. For fallback rows, sample identity was exposed although historical augmented bytes are not reproducible."
b83b7af2c9c327a36383,Soil_Labeled_Data/M_50_60/L_0_10/alluvial/z5716042393202_8e123a1e78f84eda2b3a3bd5bfe377a3_M_30_40_gray_brown_M_40_50_light_brown.jpg,0cadbed9ff81f91f20b1e0bff2e0dad9be1997c514bcaca22264d89490a064e1,test,HISTORICALLY_EXPOSED,True,True,"High-confidence fine-tune notebooks build one dataset from all 2057 rows. For fallback rows, sample identity was exposed although historical augmented bytes are not reproducible."
848841546fee8a2e7022,Soil_Labeled_Data/M_50_60/L_10_20/alluvial/IMG_0007_M_0_10_clayish_red_M_40_50_light_brown.jpg,fef96c3f618185a112157f8700c5ee6002cd97fda21c5436a9acd858aef95ab3,train,HISTORICALLY_EXPOSED,True,True,"High-confidence fine-tune notebooks build one dataset from all 2057 rows. For fallback rows, sample identity was exposed although historical augmented bytes are not reproducible."
5c8ae2185e04bc3c282b,Soil_Labeled_Data/M_50_60/L_10_20/alluvial/IMG_0012_M_0_10_clayish_red_M_40_50_light_brown.jpg,7272c9644f5de4bc93568a8bf99f3162f5480f2353d2efcfc0d2d4debfe8694f,train,HISTORICALLY_EXPOSED,True,True,"High-confidence fine-tune notebooks build one dataset from all 2057 rows. For fallback rows, sample identity was exposed although historical augmented bytes are not reproducible."
1ebc274189c93dd15de8,Soil_Labeled_Data/M_50_60/L_10_20/alluvial/IMG_0018_M_0_10_light_brown_M_40_50_light_brown.jpg,58c86c3316854ead87f34ca224376cccb49de9a106572444d6576128e9a393ab,train,HISTORICALLY_EXPOSED,True,True,"High-confidence fine-tune notebooks build one dataset from all 2057 rows. For fallback rows, sample identity was exposed although historical augmented bytes are not reproducible."
0f8c4a4693f2deaa2a65,Soil_Labeled_Data/M_50_60/L_10_20/alluvial/IMG_0025_M_0_10_pale_yellow_M_40_50_gray_brown.jpg,612688fd1fa971b74736a0e94f62b05ba1de3832e23248a2cae3197fbf4d85df,train,HISTORICALLY_EXPOSED,True,True,"High-confidence fine-tune notebooks build one dataset from all 2057 rows. For fallback rows, sample identity was exposed although historical augmented bytes are not reproducible."
10cbf99b47d31382d5d9,Soil_Labeled_Data/M_50_60/L_10_20/alluvial/IMG_0450_M_10_20_pale_yellow_M_40_50_gray_brown.jpg,44ef81b878709cae14f97bfb64aa13387d431d060106130467969ccf5a8bf446,train,HISTORICALLY_EXPOSED,True,True,"High-confidence fine-tune notebooks build one dataset from all 2057 rows. For fallback rows, sample identity was exposed although historical augmented bytes are not reproducible."
19819640c7a1426dd53a,Soil_Labeled_Data/M_50_60/L_10_20/alluvial/IMG_0454_M_10_20_light_brown_M_40_50_gray_brown.jpg,af91680c4d898018def426b05a173036ecb8ad5f5c247553b7da0907a8d766c7,train,HISTORICALLY_EXPOSED,True,True,"High-confidence fine-tune notebooks build one dataset from all 2057 rows. For fallback rows, sample identity was exposed although historical augmented bytes are not reproducible."
c4e5aa7340cfc3d7d365,Soil_Labeled_Data/M_50_60/L_10_20/alluvial/IMG_0459_M_10_20_light_brown_M_40_50_light_brown.jpg,b3daf6846782ab2c2f7f887e3983dd2f9e56491d29e18c4db8ddbaeb829188c2,test,HISTORICALLY_EXPOSED,True,True,"High-confidence fine-tune notebooks build one dataset from all 2057 rows. For fallback rows, sample identity was exposed although historical augmented bytes are not reproducible."
a3b6f302c390a542e679,Soil_Labeled_Data/M_50_60/L_10_20/alluvial/IMG_0465_M_10_20_pale_yellow_M_40_50_light_brown.jpg,45e812bfc13d94ba472c0e8573fa2dda2672dd18b849ed834704a7b0a1d23392,train,HISTORICALLY_EXPOSED,True,True,"High-confidence fine-tune notebooks build one dataset from all 2057 rows. For fallback rows, sample identity was exposed although historical augmented bytes are not reproducible."
574d230854e1da026b0e,Soil_Labeled_Data/M_50_60/L_10_20/alluvial/z5716081456111_c7b3a15fdcf4e0cc64674602ca5f7f16_M_30_40_gray_brown.jpg,362aea87d98ea40046c73bffc05d7191ea2f1ce5180fabc80e316f025f75bd33,train,HISTORICALLY_EXPOSED,True,True,"High-confidence fine-tune notebooks build one dataset from all 2057 rows. For fallback rows, sample identity was exposed although historical augmented bytes are not reproducible."
368ef81c1d64649e6beb,Soil_Labeled_Data/M_50_60/L_10_20/alluvial/z5716081541140_f8cf053ed3727193eae06a486810b5ef_M_30_40_light_brown_M_40_50_light_brown.jpg,c3947f1f20c0dadaf8621cfbad80ff96dfa3ab447ee244dee0a7757d4cef1139,train,HISTORICALLY_EXPOSED,True,True,"High-confidence fine-tune notebooks build one dataset from all 2057 rows. For fallback rows, sample identity was exposed although historical augmented bytes are not reproducible."
cf1076937e7e39c26348,Soil_Labeled_Data/M_50_60/L_10_20/alluvial/z5716081604703_5b6db8c3f8abac206c03f4fcd5bac49c_M_30_40_clayish_red_M_40_50_gray_brown.jpg,17b0dedfa39a35461351634ad6fc9136edba809cf631997ab23c96946a53a2e3,validation,HISTORICALLY_EXPOSED,True,True,"High-confidence fine-tune notebooks build one dataset from all 2057 rows. For fallback rows, sample identity was exposed although historical augmented bytes are not reproducible."
ca5b73e90d58a3c7fb28,Soil_Labeled_Data/M_50_60/L_10_20/alluvial/z5716081630761_e1624a45d14f513987c03256f064b8bf_M_30_40_light_brown_M_40_50_gray_brown.jpg,8b8c76380b8e5fc43729ccd8c144eff743615b5b0fceacfcc54d8c02e526fc06,train,HISTORICALLY_EXPOSED,True,True,"High-confidence fine-tune notebooks build one dataset from all 2057 rows. For fallback rows, sample identity was exposed although historical augmented bytes are not reproducible."
3734d24e3237a4981b29,Soil_Labeled_Data/M_50_60/L_10_20/alluvial/z5716081662580_90fe70bd39227686c8ca01467428faf4_M_30_40_gray_brown.jpg,a5ae4b53e02455e543c75d649ea7256d59cb6ad371deae2154f7611c3aa42762,train,HISTORICALLY_EXPOSED,True,True,"High-confidence fine-tune notebooks build one dataset from all 2057 rows. For fallback rows, sample identity was exposed although historical augmented bytes are not reproducible."
a91a0c531f68b72800e7,Soil_Labeled_Data/M_50_60/L_10_20/alluvial/z5716081686870_a22c92a1c73378a497174d3b9264fcd8_M_30_40_light_brown.jpg,26d4a3b5ff5d584dc7be1b4a1ff5c9aea8cf64086a3ae9bc45c94dcd092d1250,train,HISTORICALLY_EXPOSED,True,True,"High-confidence fine-tune notebooks build one dataset from all 2057 rows. For fallback rows, sample identity was exposed although historical augmented bytes are not reproducible."
876548e507df4360d5c2,Soil_Labeled_Data/M_50_60/L_10_20/alluvial/z5716081686870_a22c92a1c73378a497174d3b9264fcd8_M_30_40_pale_yellow_M_40_50_light_brown.jpg,7a5a574e16badd9f1b48294d5a680b2737dd2e582015b29fc9f77ba2fba6156c,train,HISTORICALLY_EXPOSED,True,True,"High-confidence fine-tune notebooks build one dataset from all 2057 rows. For fallback rows, sample identity was exposed although historical augmented bytes are not reproducible."
e0eb40293a1238b51c07,Soil_Labeled_Data/M_50_60/L_10_20/alluvial/z5716081732799_46a8abd72cd445d5fc7f7576562133ff_M_30_40_light_brown_M_40_50_light_brown.jpg,24afc2762afe9843189132ce2e9529150233aee4a72a8abee69256deaf2a795f,test,HISTORICALLY_EXPOSED,True,True,"High-confidence fine-tune notebooks build one dataset from all 2057 rows. For fallback rows, sample identity was exposed although historical augmented bytes are not reproducible."
2fa7e2e0b9571feb3988,Soil_Labeled_Data/M_50_60/L_10_20/alluvial/z5716081741279_e6dcbcb3d2252e27194aab74ebc27762_M_30_40_gray_brown.jpg,46d988a77e52e2090cb92dd2abde9bdede078eec177d72985176f4a87c5a23a2,train,HISTORICALLY_EXPOSED,True,True,"High-confidence fine-tune notebooks build one dataset from all 2057 rows. For fallback rows, sample identity was exposed although historical augmented bytes are not reproducible."
6c9cdeb3ad1ee11461f4,Soil_Labeled_Data/M_50_60/L_10_20/alluvial/z5716081772943_2fb347b31f759bb077e09ce9344a4b18_M_30_40_light_brown.jpg,0cfe13c207ba5165c345ef4cdb5c4bfe8cc4edce0d3dea7cdfee13c59a0e9232,validation,HISTORICALLY_EXPOSED,True,True,"High-confidence fine-tune notebooks build one dataset from all 2057 rows. For fallback rows, sample identity was exposed although historical augmented bytes are not reproducible."
2afb7fffe7008813d9df,Soil_Labeled_Data/M_50_60/L_10_20/alluvial/z5716081793488_8e267ac7db26534a784551ddef1bbd5f_M_30_40_clayish_red_M_40_50_gray_brown.jpg,c5b2662a86eceb667447f22da9c9391dab07c6d62b10b5470de617e9dc950911,validation,HISTORICALLY_EXPOSED,True,True,"High-confidence fine-tune notebooks build one dataset from all 2057 rows. For fallback rows, sample identity was exposed although historical augmented bytes are not reproducible."
5e29392b9462731a9135,Soil_Labeled_Data/M_50_60/L_10_20/alluvial/z5716081793488_8e267ac7db26534a784551ddef1bbd5f_M_30_40_gray_brown.jpg,f2a92c3aa6f483be8c0d4fd38ff4d389cdf8e1b488eba7fb074cf8b77e8b7edc,validation,HISTORICALLY_EXPOSED,True,True,"High-confidence fine-tune notebooks build one dataset from all 2057 rows. For fallback rows, sample identity was exposed although historical augmented bytes are not reproducible."
1d8e45d2f0bbefe8b799,Soil_Labeled_Data/M_50_60/L_20_30/alluvial/IMG_0051_M_0_10_light_brown_M_40_50_light_brown.jpg,6afcae57eb1585fd2ba284a877670817f5df03db92c2ad200c243b9879be3967,train,HISTORICALLY_EXPOSED,True,True,"High-confidence fine-tune notebooks build one dataset from all 2057 rows. For fallback rows, sample identity was exposed although historical augmented bytes are not reproducible."
78ce327f0f7d0bca3938,Soil_Labeled_Data/M_50_60/L_20_30/alluvial/IMG_0054_M_0_10_gray_brown_M_40_50_light_brown.jpg,246445501d703311911c8d680846f2177f0d6b48a55d1a6d615ac3273a1ea9d2,train,HISTORICALLY_EXPOSED,True,True,"High-confidence fine-tune notebooks build one dataset from all 2057 rows. For fallback rows, sample identity was exposed although historical augmented bytes are not reproducible."
988757bf1764ed894e2c,Soil_Labeled_Data/M_50_60/L_20_30/alluvial/IMG_0062_M_0_10_pale_yellow_M_40_50_gray_brown.jpg,379cf156260002eb5a5e5a6fa771c32fcdbad5adfec807ac63e2c9cbd8d7931e,train,HISTORICALLY_EXPOSED,True,True,"High-confidence fine-tune notebooks build one dataset from all 2057 rows. For fallback rows, sample identity was exposed although historical augmented bytes are not reproducible."
049e2ba51eb6d2223a12,Soil_Labeled_Data/M_50_60/L_20_30/alluvial/IMG_0065_M_0_10_gray_brown_M_40_50_light_brown.jpg,f3af214f9c7030524ddf1851e139a2d5606dee4c2c684f83046a5611448c6531,train,HISTORICALLY_EXPOSED,True,True,"High-confidence fine-tune notebooks build one dataset from all 2057 rows. For fallback rows, sample identity was exposed although historical augmented bytes are not reproducible."
d21a33d895be0e06b895,Soil_Labeled_Data/M_50_60/L_20_30/alluvial/IMG_0070_M_0_10_light_brown_M_40_50_gray_brown.jpg,71c1df37ff0d5acd968c8716b3be3cc37453895a3acbc99eb3d6f54dda85e71d,train,HISTORICALLY_EXPOSED,True,True,"High-confidence fine-tune notebooks build one dataset from all 2057 rows. For fallback rows, sample identity was exposed although historical augmented bytes are not reproducible."
35583693661dc1f9e2fc,Soil_Labeled_Data/M_50_60/L_20_30/alluvial/IMG_0497_M_10_20_pale_yellow_M_40_50_light_brown.jpg,1b13cf9023aed932b231ed0dd69636082cc4a47cf9915c2672342bf1737e2b1b,train,HISTORICALLY_EXPOSED,True,True,"High-confidence fine-tune notebooks build one dataset from all 2057 rows. For fallback rows, sample identity was exposed although historical augmented bytes are not reproducible."
b6e4716954533dc25690,Soil_Labeled_Data/M_50_60/L_20_30/alluvial/IMG_0501_M_10_20_light_brown_M_40_50_gray_brown.jpg,e1e613492098555dd53e516c8ae21c8120eaafd747c1b12c376fc6bd7435e05d,train,HISTORICALLY_EXPOSED,True,True,"High-confidence fine-tune notebooks build one dataset from all 2057 rows. For fallback rows, sample identity was exposed although historical augmented bytes are not reproducible."
3258b44e7f5f7b3d64b5,Soil_Labeled_Data/M_50_60/L_20_30/alluvial/IMG_0507_M_10_20_clayish_red_M_40_50_gray_brown.jpg,4787bf4b4884928212b20e7959f317171ef6e99d4cd58dc4043aa1c26aa91542,train,HISTORICALLY_EXPOSED,True,True,"High-confidence fine-tune notebooks build one dataset from all 2057 rows. For fallback rows, sample identity was exposed although historical augmented bytes are not reproducible."
1ae43cda36a48c9c2029,Soil_Labeled_Data/M_50_60/L_20_30/alluvial/IMG_0512_M_10_20_light_brown_M_40_50_light_brown.jpg,57b25eb13c07ab348988392a045bb13ca8ec4e1fe40f3280a2dbb22641ae60b9,train,HISTORICALLY_EXPOSED,True,True,"High-confidence fine-tune notebooks build one dataset from all 2057 rows. For fallback rows, sample identity was exposed although historical augmented bytes are not reproducible."
043565769de3cf651cf9,Soil_Labeled_Data/M_50_60/L_20_30/alluvial/z5716143930779_82598f78ba14dbaef200f73e32b8e318_M_30_40_clayish_red_M_40_50_gray_brown.jpg,303f05d9a30038e0ae6e1a755eccd630e73d69f2a993877c3746b8d9278fe618,train,HISTORICALLY_EXPOSED,True,True,"High-confidence fine-tune notebooks build one dataset from all 2057 rows. For fallback rows, sample identity was exposed although historical augmented bytes are not reproducible."
f9b5a9b8e7ea8d11a719,Soil_Labeled_Data/M_50_60/L_20_30/alluvial/z5716143930779_82598f78ba14dbaef200f73e32b8e318_M_30_40_gray_brown.jpg,3837f815d365e64dff568e01b8e27ece8455c6866a8df7109e094c91e2a1b603,train,HISTORICALLY_EXPOSED,True,True,"High-confidence fine-tune notebooks build one dataset from all 2057 rows. For fallback rows, sample identity was exposed although historical augmented bytes are not reproducible."
505a80096d0282d021d0,Soil_Labeled_Data/M_50_60/L_20_30/alluvial/z5716144047202_bfbf5a922e86461675c0376ab5dc29fc_M_30_40_light_brown.jpg,52e7cd4ac5f82deb98bd3299317ebe7a559a9baaa898e2abfe19c6f8e6d16f2a,train,HISTORICALLY_EXPOSED,True,True,"High-confidence fine-tune notebooks build one dataset from all 2057 rows. For fallback rows, sample identity was exposed although historical augmented bytes are not reproducible."
2056ad94cbb689e9e828,Soil_Labeled_Data/M_50_60/L_20_30/alluvial/z5716144083688_2c23641d859dd12e7ca459c954f4e5a3_M_30_40_gray_brown.jpg,ebb5626f84a683d2de08b953497c0a7c2507d16bd4a75867be37388a249df32c,train,HISTORICALLY_EXPOSED,True,True,"High-confidence fine-tune notebooks build one dataset from all 2057 rows. For fallback rows, sample identity was exposed although historical augmented bytes are not reproducible."
8fee1fe5350d4e330b9c,Soil_Labeled_Data/M_50_60/L_20_30/alluvial/z5716144083688_2c23641d859dd12e7ca459c954f4e5a3_M_30_40_gray_brown_M_40_50_gray_brown.jpg,c23872177d3ab4206547d5a1aafe59dba344c29984c4d50354485da15c14e5fa,train,HISTORICALLY_EXPOSED,True,True,"High-confidence fine-tune notebooks build one dataset from all 2057 rows. For fallback rows, sample identity was exposed although historical augmented bytes are not reproducible."
a7a0e69b30314840728f,Soil_Labeled_Data/M_50_60/L_20_30/alluvial/z5716144132663_b70f7b9be95a4c936673e9107c9809f3_M_30_40_pale_yellow_M_40_50_gray_brown.jpg,4a6b9a8e61016d31ed91c397c022185ecc2a112546a243b6291f5fac62de8684,train,HISTORICALLY_EXPOSED,True,True,"High-confidence fine-tune notebooks build one dataset from all 2057 rows. For fallback rows, sample identity was exposed although historical augmented bytes are not reproducible."
167425faaee3ee329f7a,Soil_Labeled_Data/M_50_60/L_20_30/alluvial/z5716144190940_96c634256f2c6596418ea321b6ccecda_M_30_40_light_brown_M_40_50_light_brown.jpg,bd72242808544407337e56697bbfc436ed25fcdded0417f600e396f2e4ce8e46,train,HISTORICALLY_EXPOSED,True,True,"High-confidence fine-tune notebooks build one dataset from all 2057 rows. For fallback rows, sample identity was exposed although historical augmented bytes are not reproducible."
92af87345edc92a1bd50,Soil_Labeled_Data/M_50_60/L_20_30/alluvial/z5716144190940_96c634256f2c6596418ea321b6ccecda_M_30_40_pale_yellow_M_40_50_light_brown.jpg,8da495626456179e42d6fec397f4ebaec129a59db571900c34ccaadd4302dd21,test,HISTORICALLY_EXPOSED,True,True,"High-confidence fine-tune notebooks build one dataset from all 2057 rows. For fallback rows, sample identity was exposed although historical augmented bytes are not reproducible."
5311642303bd8e7dfdeb,Soil_Labeled_Data/M_50_60/L_20_30/alluvial/z5716144235764_fed4a8b02740ef64fdb95af4099f1336_M_30_40_clayish_red_M_40_50_gray_brown.jpg,248a961ce5625079af4882faad7710135463fe4e5215f0c93ba447ffd2d25b45,train,HISTORICALLY_EXPOSED,True,True,"High-confidence fine-tune notebooks build one dataset from all 2057 rows. For fallback rows, sample identity was exposed although historical augmented bytes are not reproducible."
c659b71c1b6bf2ec9d81,Soil_Labeled_Data/M_50_60/L_20_30/alluvial/z5716144261339_6eba7d5b24673487e96288acbc583744_M_30_40_light_brown.jpg,c9f51874b7648da29c3a4ce932f196b137290be66b11f7d869235823af39ff5d,train,HISTORICALLY_EXPOSED,True,True,"High-confidence fine-tune notebooks build one dataset from all 2057 rows. For fallback rows, sample identity was exposed although historical augmented bytes are not reproducible."
52d8d5b1b0ed6f962c6e,Soil_Labeled_Data/M_50_60/L_20_30/alluvial/z5716144322709_8f70df660518e4d32c3fa16707b39049_M_30_40_clayish_red_M_40_50_gray_brown.jpg,19738c8535fdfd82bf00d863aae8a4270ae109478055987d1adf7143c2adb24e,train,HISTORICALLY_EXPOSED,True,True,"High-confidence fine-tune notebooks build one dataset from all 2057 rows. For fallback rows, sample identity was exposed although historical augmented bytes are not reproducible."
e00ea603ab2e3d981025,Soil_Labeled_Data/M_50_60/L_30_40/alluvial/IMG_0103_M_0_10_clayish_red_M_40_50_light_brown.jpg,114b735d9b400cab14e902f857c6b7f32e8719e2aedb99d5ef7a428bc68522de,test,HISTORICALLY_EXPOSED,False,True,"High-confidence fine-tune notebooks build one dataset from all 2057 rows. For fallback rows, sample identity was exposed although historical augmented bytes are not reproducible."
81bdad1cb0255fecbb42,Soil_Labeled_Data/M_50_60/L_30_40/alluvial/IMG_0104_M_0_10_pale_yellow_M_40_50_gray_brown.jpg,beb1ff3e634cdaaa165c68789cb24a1e0f6d5307ab85b7a3bea73ba07a4366c8,train,HISTORICALLY_EXPOSED,False,True,"High-confidence fine-tune notebooks build one dataset from all 2057 rows. For fallback rows, sample identity was exposed although historical augmented bytes are not reproducible."
cc2547fcc46a50f18d70,Soil_Labeled_Data/M_50_60/L_30_40/alluvial/IMG_0105_M_0_10_clayish_red_M_40_50_light_brown.jpg,6e988c7ff3d3737647c73dad98adab5ba21d24478a642894269b695c5c4bd04e,validation,HISTORICALLY_EXPOSED,False,True,"High-confidence fine-tune notebooks build one dataset from all 2057 rows. For fallback rows, sample identity was exposed although historical augmented bytes are not reproducible."
a6388514031615b1ec10,Soil_Labeled_Data/M_50_60/L_30_40/alluvial/IMG_0105_M_0_10_pale_yellow_M_40_50_light_brown.jpg,83f75e9fb75ea770e28a5412fb65bd35d932b05f9790dfb8fc417f7df7c76bce,validation,HISTORICALLY_EXPOSED,False,True,"High-confidence fine-tune notebooks build one dataset from all 2057 rows. For fallback rows, sample identity was exposed although historical augmented bytes are not reproducible."
a40bfb9f16fb14b49bf9,Soil_Labeled_Data/M_50_60/L_30_40/alluvial/IMG_0111_M_0_10_light_brown_M_40_50_gray_brown.jpg,2246c1c091f5bb94d94702f9cb2c1a79fc91ff14c343571a059e1b900f714e18,train,HISTORICALLY_EXPOSED,True,True,"High-confidence fine-tune notebooks build one dataset from all 2057 rows. For fallback rows, sample identity was exposed although historical augmented bytes are not reproducible."
cc586f3a41a026af0abd,Soil_Labeled_Data/M_50_60/L_30_40/alluvial/IMG_0543_M_10_20_light_brown_M_40_50_gray_brown.jpg,97986e96e3960b4b56c9f186ee0a1167715587b5106048ac5eb6366670841d8d,train,HISTORICALLY_EXPOSED,True,True,"High-confidence fine-tune notebooks build one dataset from all 2057 rows. For fallback rows, sample identity was exposed although historical augmented bytes are not reproducible."
49154f0e1da6955aa18b,Soil_Labeled_Data/M_50_60/L_30_40/alluvial/IMG_0544_M_10_20_light_brown_M_40_50_gray_brown.jpg,bfbb0ff418dd91c4bc3774ffe944404d2064a4404cc2bc0ec72e99fee1c816ac,train,HISTORICALLY_EXPOSED,True,True,"High-confidence fine-tune notebooks build one dataset from all 2057 rows. For fallback rows, sample identity was exposed although historical augmented bytes are not reproducible."
84764cb4c7d5265b14c7,Soil_Labeled_Data/M_50_60/L_30_40/alluvial/IMG_0549_M_10_20_light_brown_M_40_50_light_brown.jpg,9c351fe4a98ef46b4c894f138d00079382818b8c595c02cb7f602340551d05be,train,HISTORICALLY_EXPOSED,True,True,"High-confidence fine-tune notebooks build one dataset from all 2057 rows. For fallback rows, sample identity was exposed although historical augmented bytes are not reproducible."
c9af969214de9d3dd8d4,Soil_Labeled_Data/M_50_60/L_30_40/alluvial/IMG_0552_M_10_20_light_brown_M_40_50_light_brown.jpg,adf9d0bfcf50dae65bc68e1053bcff31a5de371e0382ce0545d652deb0bceaeb,train,HISTORICALLY_EXPOSED,True,True,"High-confidence fine-tune notebooks build one dataset from all 2057 rows. For fallback rows, sample identity was exposed although historical augmented bytes are not reproducible."
8a075517ee82992d47ff,Soil_Labeled_Data/M_50_60/L_30_40/alluvial/IMG_0555_M_10_20_clayish_red_M_40_50_gray_brown.jpg,829c0640e4be18f098e70272107e2ba0e4665fa1c84a3fdb9a7e6f3e69f8e9fd,test,HISTORICALLY_EXPOSED,True,True,"High-confidence fine-tune notebooks build one dataset from all 2057 rows. For fallback rows, sample identity was exposed although historical augmented bytes are not reproducible."
d4fdb0d214723616f6c4,Soil_Labeled_Data/M_50_60/L_30_40/alluvial/z5716113532944_e24b5c26485417eddb8588efca3eea1f_M_30_40_light_brown.jpg,a90287d6b3398eb6fe66724e0482c71c00cdefc3f827790415938c40c8113e71,train,HISTORICALLY_EXPOSED,True,True,"High-confidence fine-tune notebooks build one dataset from all 2057 rows. For fallback rows, sample identity was exposed although historical augmented bytes are not reproducible."
f764ecf84b20834f414b,Soil_Labeled_Data/M_50_60/L_30_40/alluvial/z5716113777056_8bcc905fd2e415355a24bcfe07180a6f_M_30_40_gray_brown_M_40_50_gray_brown.jpg,cf8c484d6f2ecc96ca26b2bc8667254318efab84d80313ab39124236271e0bf4,validation,HISTORICALLY_EXPOSED,True,True,"High-confidence fine-tune notebooks build one dataset from all 2057 rows. For fallback rows, sample identity was exposed although historical augmented bytes are not reproducible."
e0875eaea5b1592884b4,Soil_Labeled_Data/M_50_60/L_30_40/alluvial/z5716113831635_ad95fd739455206424a51a0a06bc4131_M_30_40_light_brown.jpg,7914cc020a189ca77bb08b2272eb00ea08eec6d8f7f7f74611fb4bfc1a0e5339,train,HISTORICALLY_EXPOSED,True,True,"High-confidence fine-tune notebooks build one dataset from all 2057 rows. For fallback rows, sample identity was exposed although historical augmented bytes are not reproducible."
3d5ec7dd583080c37675,Soil_Labeled_Data/M_50_60/L_30_40/alluvial/z5716113931150_58a4458dd163c8417cbdd5dbc84c8ecd_M_30_40_pale_yellow_M_40_50_gray_brown.jpg,add3e9aa401acf218020bf87b05392c1906c6280e0efeea2a555239651c87660,validation,HISTORICALLY_EXPOSED,True,True,"High-confidence fine-tune notebooks build one dataset from all 2057 rows. For fallback rows, sample identity was exposed although historical augmented bytes are not reproducible."
79b0d483b949b30e86f3,Soil_Labeled_Data/M_50_60/L_30_40/alluvial/z5716115889689_4a9ef5acc35a1a71531b59c12ba8e0dc_M_30_40_clayish_red_M_40_50_gray_brown.jpg,549fe6af01aa386d61ad8c0d44865ad61e671b231ad4e06545b0123b6698f9ed,train,HISTORICALLY_EXPOSED,True,True,"High-confidence fine-tune notebooks build one dataset from all 2057 rows. For fallback rows, sample identity was exposed although historical augmented bytes are not reproducible."
ca44a7e142df12af8144,Soil_Labeled_Data/M_50_60/L_30_40/alluvial/z5716115913721_f7cff5280e557d5287ca5504b449cdf7_M_30_40_gray_brown_M_40_50_light_brown.jpg,aa1f1aee20281ea16a61d52dea8babf6f12bb493fb535c8a89f9b496530b6c6e,train,HISTORICALLY_EXPOSED,True,True,"High-confidence fine-tune notebooks build one dataset from all 2057 rows. For fallback rows, sample identity was exposed although historical augmented bytes are not reproducible."
4438afc78ac855ff9487,Soil_Labeled_Data/M_50_60/L_30_40/alluvial/z5716115913721_f7cff5280e557d5287ca5504b449cdf7_M_30_40_light_brown.jpg,ad7f03d935d31f34584844d3eebb5d587af99a66f76bdcefd3f5cd5dd04c6af4,train,HISTORICALLY_EXPOSED,True,True,"High-confidence fine-tune notebooks build one dataset from all 2057 rows. For fallback rows, sample identity was exposed although historical augmented bytes are not reproducible."
9768a597f14d52f849d2,Soil_Labeled_Data/M_50_60/L_30_40/alluvial/z5716115990505_f5f56b58cd35cb9827aaedc4db8efebd_M_30_40_light_brown.jpg,0b6f7fc1a8a4344e10ed0b62a31db80fb32e35e410f3c4d0480bb07bcbfe4ac3,train,HISTORICALLY_EXPOSED,True,True,"High-confidence fine-tune notebooks build one dataset from all 2057 rows. For fallback rows, sample identity was exposed although historical augmented bytes are not reproducible."
f8126c78071ea596f7e9,Soil_Labeled_Data/M_50_60/L_30_40/alluvial/z5716115990505_f5f56b58cd35cb9827aaedc4db8efebd_M_30_40_pale_yellow_M_40_50_light_brown.jpg,5e10fc1904d16a5d267e1843a9041929249f16e984e207022dd33234b3a0260d,train,HISTORICALLY_EXPOSED,True,True,"High-confidence fine-tune notebooks build one dataset from all 2057 rows. For fallback rows, sample identity was exposed although historical augmented bytes are not reproducible."
9ae73944b0a43c683114,Soil_Labeled_Data/M_50_60/L_30_40/alluvial/z5716116018535_325bd6ea25b86f2f021b34014f8842e8_M_30_40_light_brown_M_40_50_light_brown.jpg,64cab0528737425ecaf895115217a6b77ce94ae3fbffc3bef675220273cadc66,train,HISTORICALLY_EXPOSED,True,True,"High-confidence fine-tune notebooks build one dataset from all 2057 rows. For fallback rows, sample identity was exposed although historical augmented bytes are not reproducible."
c159f6f3ef5a86f62f63,Soil_Labeled_Data/M_50_60/L_40_50/alluvial/IMG_0153_M_0_10_pale_yellow_M_40_50_gray_brown.jpg,62e02b5b6439ae8c2d85af0aae5ab4b8e2e1592e2455ee14b5b20f1f2f659663,train,HISTORICALLY_EXPOSED,False,True,"High-confidence fine-tune notebooks build one dataset from all 2057 rows. For fallback rows, sample identity was exposed although historical augmented bytes are not reproducible."
13912ae22559f996e3da,Soil_Labeled_Data/M_50_60/L_40_50/alluvial/IMG_0155_M_0_10_light_brown_M_40_50_light_brown.jpg,de6eafab59ed8b999db88a4733c7a227f1a06770c1253bd01f91402595a357f6,train,HISTORICALLY_EXPOSED,False,True,"High-confidence fine-tune notebooks build one dataset from all 2057 rows. For fallback rows, sample identity was exposed although historical augmented bytes are not reproducible."
5ec907f559130afcb4bf,Soil_Labeled_Data/M_50_60/L_40_50/alluvial/IMG_0157_M_0_10_light_brown_M_40_50_light_brown.jpg,da10b0109aba7a0087b28668a7b277b4b6599960667fddd9aaf6cdbb7765aef4,train,HISTORICALLY_EXPOSED,False,True,"High-confidence fine-tune notebooks build one dataset from all 2057 rows. For fallback rows, sample identity was exposed although historical augmented bytes are not reproducible."
8d820cea3b36bd89d120,Soil_Labeled_Data/M_50_60/L_40_50/alluvial/IMG_0164_M_0_10_gray_brown_M_40_50_gray_brown.jpg,ab35fa61d21d448e837c645a99132504ac83b132ef6a190803009e5a85b2b333,train,HISTORICALLY_EXPOSED,True,True,"High-confidence fine-tune notebooks build one dataset from all 2057 rows. For fallback rows, sample identity was exposed although historical augmented bytes are not reproducible."
f6ba1ec82cba22dcac3b,Soil_Labeled_Data/M_50_60/L_40_50/alluvial/IMG_0166_M_0_10_light_brown_M_40_50_light_brown.jpg,2c50d3604dbd361952053bb8b5fa1a7eea42fa27dccda110185eb164fcca830b,validation,HISTORICALLY_EXPOSED,True,True,"High-confidence fine-tune notebooks build one dataset from all 2057 rows. For fallback rows, sample identity was exposed although historical augmented bytes are not reproducible."
00d9faa2a8b346e40958,Soil_Labeled_Data/M_50_60/L_40_50/alluvial/IMG_0170_M_0_10_gray_brown_M_40_50_gray_brown.jpg,58922e22e05b0ee3a33dc62fc0a400daaa300ccbd07341c96c29e9efb9a69211,train,HISTORICALLY_EXPOSED,True,True,"High-confidence fine-tune notebooks build one dataset from all 2057 rows. For fallback rows, sample identity was exposed although historical augmented bytes are not reproducible."
4894f01765bc2abaadaa,Soil_Labeled_Data/M_50_60/L_40_50/alluvial/IMG_0170_M_0_10_light_brown_M_40_50_light_brown.jpg,605d24775c3696783cb5a139ccac3bfd41bcb34eff9797a9decd7cf47b1bdc0b,train,HISTORICALLY_EXPOSED,True,True,"High-confidence fine-tune notebooks build one dataset from all 2057 rows. For fallback rows, sample identity was exposed although historical augmented bytes are not reproducible."
9b200f64462058552be9,Soil_Labeled_Data/M_50_60/L_40_50/alluvial/IMG_0587_M_10_20_clayish_red_M_40_50_light_brown.jpg,767e7efaae476757cb97d9cc6bae0ae6380472b16966d17ab7dce7203585b6b7,validation,HISTORICALLY_EXPOSED,True,True,"High-confidence fine-tune notebooks build one dataset from all 2057 rows. For fallback rows, sample identity was exposed although historical augmented bytes are not reproducible."
65368f53cab0199e520d,Soil_Labeled_Data/M_50_60/L_40_50/alluvial/IMG_0590_M_10_20_light_brown_M_40_50_gray_brown.jpg,32126f7a982a095649ebf690f0b13b152c554e8eae91b78ce6aee9e0069b50fd,train,HISTORICALLY_EXPOSED,True,True,"High-confidence fine-tune notebooks build one dataset from all 2057 rows. For fallback rows, sample identity was exposed although historical augmented bytes are not reproducible."
ca9605c32018614b0808,Soil_Labeled_Data/M_50_60/L_40_50/alluvial/IMG_0595_M_10_20_gray_brown_M_40_50_light_brown.jpg,019ff2f90fbe98def6d911fa84a6cae05b5210fbc7a3f68e1d2fddd3dbc1dd4b,train,HISTORICALLY_EXPOSED,True,True,"High-confidence fine-tune notebooks build one dataset from all 2057 rows. For fallback rows, sample identity was exposed although historical augmented bytes are not reproducible."
d4a27d967b3f7bb3da8b,Soil_Labeled_Data/M_50_60/L_40_50/alluvial/z5719914716950_f7b208b227aab4fbbe62eaf666ebb235_M_30_40_pale_yellow_M_40_50_light_brown.jpg,d0021ee938df231a10292c11401b1614d1f7f61564cc9d198bacbea129d0500e,train,HISTORICALLY_EXPOSED,True,True,"High-confidence fine-tune notebooks build one dataset from all 2057 rows. For fallback rows, sample identity was exposed although historical augmented bytes are not reproducible."
0b2130c5cdc9adcc32a8,Soil_Labeled_Data/M_50_60/L_40_50/alluvial/z5719914828210_cddec1f2dabcdd416769c8d8b7f0adaf_M_30_40_gray_brown.jpg,a9fd890f0e83eb5fe3ff2a5cd9a86561de699d21204a53429402ff2d64200ecc,train,HISTORICALLY_EXPOSED,True,True,"High-confidence fine-tune notebooks build one dataset from all 2057 rows. For fallback rows, sample identity was exposed although historical augmented bytes are not reproducible."
eb26636858f9fb14b134,Soil_Labeled_Data/M_50_60/L_40_50/alluvial/z5719914960624_6e7d01c6f99d68c85a781306a1116111_M_30_40_gray_brown_M_40_50_light_brown.jpg,ef6022067fc06e244d308ace078dc7bf4f4822e4b23d1984c24d58835ede32fe,test,HISTORICALLY_EXPOSED,True,True,"High-confidence fine-tune notebooks build one dataset from all 2057 rows. For fallback rows, sample identity was exposed although historical augmented bytes are not reproducible."
850f3a727a2742d597c3,Soil_Labeled_Data/M_50_60/L_40_50/alluvial/z5719914997148_f06792cac5c60b858589b3b3c2747c43_M_30_40_gray_brown.jpg,df4dc8a9f19bf0c023b12c7a44d135a8c1091b8b703d0a5cf779b4486d10d9fa,train,HISTORICALLY_EXPOSED,True,True,"High-confidence fine-tune notebooks build one dataset from all 2057 rows. For fallback rows, sample identity was exposed although historical augmented bytes are not reproducible."
c07449ea29869848826e,Soil_Labeled_Data/M_50_60/L_40_50/alluvial/z5719915050807_883061f62d1ba096fe786e33783493ac_M_30_40_gray_brown_M_40_50_light_brown.jpg,deb5a133e29449e21cf9a04d15bb84f65ee67b130e70387c27e432203db12148,train,HISTORICALLY_EXPOSED,True,True,"High-confidence fine-tune notebooks build one dataset from all 2057 rows. For fallback rows, sample identity was exposed although historical augmented bytes are not reproducible."
c6c2755207c420e00cc7,Soil_Labeled_Data/M_50_60/L_40_50/alluvial/z5719915050807_883061f62d1ba096fe786e33783493ac_M_30_40_light_brown_M_40_50_light_brown.jpg,fdbd74626c3a22ad8b0d1dcc77b064ea11286f53eb9391ce08fb155dfdff19ae,train,HISTORICALLY_EXPOSED,True,True,"High-confidence fine-tune notebooks build one dataset from all 2057 rows. For fallback rows, sample identity was exposed although historical augmented bytes are not reproducible."
e88e188736d1207762ca,Soil_Labeled_Data/M_50_60/L_40_50/alluvial/z5719915146239_5ca09d7569cc6cb956c748dbf20149ff_M_30_40_gray_brown.jpg,1f172153e2e7696e24c06465b745556b12dbffd6bda4bfdd9a536779d0b2ff5f,train,HISTORICALLY_EXPOSED,True,True,"High-confidence fine-tune notebooks build one dataset from all 2057 rows. For fallback rows, sample identity was exposed although historical augmented bytes are not reproducible."
33166cb9428c8c820b60,Soil_Labeled_Data/M_50_60/L_40_50/alluvial/z5719915162784_a4f69c622478efdc49a59a408dfe4b55_M_30_40_light_brown.jpg,06872fdc7be40731e4e53c1e0e5dbe16eab7a141fa540caaf4737e11e4c5c57e,test,HISTORICALLY_EXPOSED,True,True,"High-confidence fine-tune notebooks build one dataset from all 2057 rows. For fallback rows, sample identity was exposed although historical augmented bytes are not reproducible."
f9022b9a16be16f8ccc5,Soil_Labeled_Data/M_50_60/L_40_50/alluvial/z5719915191781_9fbc3215a4e768d8a242c9aae23d78e3_M_30_40_light_brown.jpg,9786a8cd3325c8cd2f1944206bfed65d460edd5ba06ca4bfc5c331012ddd20ee,train,HISTORICALLY_EXPOSED,True,True,"High-confidence fine-tune notebooks build one dataset from all 2057 rows. For fallback rows, sample identity was exposed although historical augmented bytes are not reproducible."
5e5002208541b0a68daf,Soil_Labeled_Data/M_50_60/L_40_50/alluvial/z5719915191781_9fbc3215a4e768d8a242c9aae23d78e3_M_30_40_light_brown_M_40_50_light_brown.jpg,6ba347beedb3f901fcbde9aa8f51490c1951eed7f5dfeb92907ca0d9ce97182d,train,HISTORICALLY_EXPOSED,True,True,"High-confidence fine-tune notebooks build one dataset from all 2057 rows. For fallback rows, sample identity was exposed although historical augmented bytes are not reproducible."
d3f4b3045d881aea2e4c,Soil_Labeled_Data/M_50_60/L_50_60/alluvial/IMG_0200_M_0_10_clayish_red_M_40_50_gray_brown.jpg,7957510aed1534516ba0cbbf47bd164ca5653abffb97aa632d0c194dffcc744e,train,HISTORICALLY_EXPOSED,False,True,"High-confidence fine-tune notebooks build one dataset from all 2057 rows. For fallback rows, sample identity was exposed although historical augmented bytes are not reproducible."
7d17315624daf491b4c0,Soil_Labeled_Data/M_50_60/L_50_60/alluvial/IMG_0201_M_0_10_clayish_red_M_40_50_gray_brown.jpg,4807571061aa89c8232c6557399a2548f382d81de54196c3250cdca867d4d415,train,HISTORICALLY_EXPOSED,False,True,"High-confidence fine-tune notebooks build one dataset from all 2057 rows. For fallback rows, sample identity was exposed although historical augmented bytes are not reproducible."
8fde3a5e291b312afe88,Soil_Labeled_Data/M_50_60/L_50_60/alluvial/IMG_0203_M_0_10_pale_yellow_M_40_50_light_brown.jpg,b2734dfd5b21a74d4f2739296ab2e98dca7b1a3935f119fc5f85d3e5b3ddde28,train,HISTORICALLY_EXPOSED,False,True,"High-confidence fine-tune notebooks build one dataset from all 2057 rows. For fallback rows, sample identity was exposed although historical augmented bytes are not reproducible."
c51280899055a554fd31,Soil_Labeled_Data/M_50_60/L_50_60/alluvial/IMG_0206_M_0_10_clayish_red_M_40_50_gray_brown.jpg,d7a073da6de2fe4b3ea92ead8df8cb274fdc751a6c92744b4a3d61c85ad29d35,validation,HISTORICALLY_EXPOSED,True,True,"High-confidence fine-tune notebooks build one dataset from all 2057 rows. For fallback rows, sample identity was exposed although historical augmented bytes are not reproducible."
5b79db74545b636f58c9,Soil_Labeled_Data/M_50_60/L_50_60/alluvial/IMG_0209_M_0_10_light_brown_M_40_50_light_brown.jpg,2170889e9b0395aafa9cc17a310955f0b954821ebb803cd92a862bafba130973,train,HISTORICALLY_EXPOSED,True,True,"High-confidence fine-tune notebooks build one dataset from all 2057 rows. For fallback rows, sample identity was exposed although historical augmented bytes are not reproducible."
a5aa5036cde332bf11e3,Soil_Labeled_Data/M_50_60/L_50_60/alluvial/IMG_0632_M_10_20_gray_brown_M_40_50_light_brown.jpg,2782496193c052ab8eab8b6839b46cdb336e70a00a5983905565999eb5b8e63f,validation,HISTORICALLY_EXPOSED,False,True,"High-confidence fine-tune notebooks build one dataset from all 2057 rows. For fallback rows, sample identity was exposed although historical augmented bytes are not reproducible."
c4f9d583630e9f53aefe,Soil_Labeled_Data/M_50_60/L_50_60/alluvial/IMG_0640_M_10_20_light_brown_M_40_50_gray_brown.jpg,8a42c1b9f6b64f33cc1e85828d4bd6827dbea4c0e743da4c5855ea3012e15aea,test,HISTORICALLY_EXPOSED,True,True,"High-confidence fine-tune notebooks build one dataset from all 2057 rows. For fallback rows, sample identity was exposed although historical augmented bytes are not reproducible."
c0b0d233ff75401c6aca,Soil_Labeled_Data/M_50_60/L_50_60/alluvial/IMG_0641_M_10_20_clayish_red_M_40_50_gray_brown.jpg,2c6838b9305d24f73bd8c2959d6ffa6ec566e6877a0535a3619d8fe0039b3308,train,HISTORICALLY_EXPOSED,True,True,"High-confidence fine-tune notebooks build one dataset from all 2057 rows. For fallback rows, sample identity was exposed although historical augmented bytes are not reproducible."
6c755587629335c6b654,Soil_Labeled_Data/M_50_60/L_50_60/alluvial/IMG_0642_M_10_20_gray_brown_M_40_50_gray_brown.jpg,178fc125ae3b808ad6493557c5a974456c47c5c8b0234fc248bb5a775364ebdd,train,HISTORICALLY_EXPOSED,True,True,"High-confidence fine-tune notebooks build one dataset from all 2057 rows. For fallback rows, sample identity was exposed although historical augmented bytes are not reproducible."
41c18c45fdae6e2c362c,Soil_Labeled_Data/M_50_60/L_50_60/alluvial/IMG_0644_M_10_20_light_brown_M_40_50_light_brown.jpg,efab13d599a86e7937c6eb5396804ceda79cbc39fb23c9296d2baa7d0965e783,validation,HISTORICALLY_EXPOSED,True,True,"High-confidence fine-tune notebooks build one dataset from all 2057 rows. For fallback rows, sample identity was exposed although historical augmented bytes are not reproducible."
a5f2eea865e58ca1b877,Soil_Labeled_Data/M_50_60/L_50_60/alluvial/z5719945047556_cad2b245e96e675e8307be1ecf1a91f9_M_30_40_gray_brown_M_40_50_gray_brown.jpg,f6410acd8783ae8af283fdb0c3b3a1a0ecacb9140849870f6def95bd47dec195,test,HISTORICALLY_EXPOSED,True,True,"High-confidence fine-tune notebooks build one dataset from all 2057 rows. For fallback rows, sample identity was exposed although historical augmented bytes are not reproducible."
3ecc8fcbe7891c9cfc5b,Soil_Labeled_Data/M_50_60/L_50_60/alluvial/z5719945237944_9e81baa660ace3bd2958bfa740e457b9_M_30_40_gray_brown.jpg,271faa0cbdd10120afdc376824870065a3028faa092d46ca06ddd181bd156190,train,HISTORICALLY_EXPOSED,True,True,"High-confidence fine-tune notebooks build one dataset from all 2057 rows. For fallback rows, sample identity was exposed although historical augmented bytes are not reproducible."
a10ce5588ab3ec62873c,Soil_Labeled_Data/M_50_60/L_50_60/alluvial/z5719945282121_22a25cca44c3ca90506d7f082a8e62ba_M_30_40_pale_yellow_M_40_50_gray_brown.jpg,83df3d5905294a6339a4acb11214690ffb8c4e6df88a97e72608143ee2f7fe7b,train,HISTORICALLY_EXPOSED,True,True,"High-confidence fine-tune notebooks build one dataset from all 2057 rows. For fallback rows, sample identity was exposed although historical augmented bytes are not reproducible."
8abbebdba1d3b19ef3e4,Soil_Labeled_Data/M_50_60/L_50_60/alluvial/z5719945410375_d68840a29b4222519ffac084ea8cf065_M_30_40_light_brown.jpg,811a190ee5638dbef843d1dbe4724b72a2494145cec63e99dc4c585081253594,train,HISTORICALLY_EXPOSED,True,True,"High-confidence fine-tune notebooks build one dataset from all 2057 rows. For fallback rows, sample identity was exposed although historical augmented bytes are not reproducible."
afdf9bb008a0c5b109cd,Soil_Labeled_Data/M_50_60/L_50_60/alluvial/z5719945410375_d68840a29b4222519ffac084ea8cf065_M_30_40_pale_yellow_M_40_50_gray_brown.jpg,4d227face19e243dfc9e8575aafd48c7dc97145c0ac64861305fa2cf6924ebcc,train,HISTORICALLY_EXPOSED,True,True,"High-confidence fine-tune notebooks build one dataset from all 2057 rows. For fallback rows, sample identity was exposed although historical augmented bytes are not reproducible."
8be22dace2934bdea7c8,Soil_Labeled_Data/M_50_60/L_50_60/alluvial/z5719945442394_074f397072a0e21797e33be6440ab366_M_30_40_light_brown_M_40_50_light_brown.jpg,ac8910839217408ac23968d765d462522e2723c99b750cade2b881828a8db752,train,HISTORICALLY_EXPOSED,True,True,"High-confidence fine-tune notebooks build one dataset from all 2057 rows. For fallback rows, sample identity was exposed although historical augmented bytes are not reproducible."
43fc14e42e6677d90077,Soil_Labeled_Data/M_50_60/L_50_60/alluvial/z5719945442394_074f397072a0e21797e33be6440ab366_M_30_40_pale_yellow_M_40_50_light_brown.jpg,17b6371c99fbeeb79573680e3d2e25f4dfc3fb2ecc4e73ee21331ea044f9b8c8,train,HISTORICALLY_EXPOSED,True,True,"High-confidence fine-tune notebooks build one dataset from all 2057 rows. For fallback rows, sample identity was exposed although historical augmented bytes are not reproducible."
331a1205b1b8b244f43a,Soil_Labeled_Data/M_50_60/L_50_60/alluvial/z5719945465403_eef403001195b9d5de6375b6fe2e3628_M_30_40_gray_brown.jpg,9e2945fe30bcd6ae996707af9b3ffdd7bd17e099de95dc57e712023693fa60aa,train,HISTORICALLY_EXPOSED,True,True,"High-confidence fine-tune notebooks build one dataset from all 2057 rows. For fallback rows, sample identity was exposed although historical augmented bytes are not reproducible."
3d2eda1e4498ea20256b,Soil_Labeled_Data/M_50_60/L_50_60/alluvial/z5719945512664_b31ee4aecf6a552463f894dbf83282d1_M_30_40_clayish_red_M_40_50_light_brown.jpg,ef775e390a4274c0552af9148e6c1b0c191a5540a97de459ab85f75dd6077a5e,test,HISTORICALLY_EXPOSED,True,True,"High-confidence fine-tune notebooks build one dataset from all 2057 rows. For fallback rows, sample identity was exposed although historical augmented bytes are not reproducible."
4fa1302492f334524ef2,Soil_Labeled_Data/M_50_60/L_50_60/alluvial/z5719945538606_74154fe115c2ace51dfd6ecc533d4633_M_30_40_pale_yellow_M_40_50_light_brown.jpg,0f0354fb4c85e1208289dfec4d26e1032875388b6a5f296c4b090b06cef8e5cc,train,HISTORICALLY_EXPOSED,True,True,"High-confidence fine-tune notebooks build one dataset from all 2057 rows. For fallback rows, sample identity was exposed although historical augmented bytes are not reproducible."
9e938a2cdf5d2fbc9fc9,Soil_Labeled_Data/M_50_60/L_60_70/alluvial/IMG_0239_M_0_10_light_brown_M_40_50_gray_brown.jpg,7403c08684fd6c8ce0816309150a6f4c08d3fd4ae1c792942fc6fffc415df0e7,validation,HISTORICALLY_EXPOSED,False,True,"High-confidence fine-tune notebooks build one dataset from all 2057 rows. For fallback rows, sample identity was exposed although historical augmented bytes are not reproducible."
179e3ce2cf20d3207ec6,Soil_Labeled_Data/M_50_60/L_60_70/alluvial/IMG_0241_M_0_10_gray_brown_M_40_50_light_brown.jpg,de396e8e7a7eac5b5ceca4070ff3d229b44e2893608a84db5e0a6362360878ef,train,HISTORICALLY_EXPOSED,False,True,"High-confidence fine-tune notebooks build one dataset from all 2057 rows. For fallback rows, sample identity was exposed although historical augmented bytes are not reproducible."
e8edf65403149ca31377,Soil_Labeled_Data/M_50_60/L_60_70/alluvial/IMG_0242_M_0_10_light_brown_M_40_50_light_brown.jpg,6e8a0466a7455b39897eb2ab915854083d8b518d7de0e1535ee44b1fc6b1cd32,train,HISTORICALLY_EXPOSED,True,True,"High-confidence fine-tune notebooks build one dataset from all 2057 rows. For fallback rows, sample identity was exposed although historical augmented bytes are not reproducible."
2d71c8c27843e480af89,Soil_Labeled_Data/M_50_60/L_60_70/alluvial/IMG_0244_M_0_10_clayish_red_M_40_50_gray_brown.jpg,31018c9bdde3466aa71199bb8c9c59d7a0ebb9e39504ba76541f4306916b371f,train,HISTORICALLY_EXPOSED,True,True,"High-confidence fine-tune notebooks build one dataset from all 2057 rows. For fallback rows, sample identity was exposed although historical augmented bytes are not reproducible."
fdbbaf238c25edb00f42,Soil_Labeled_Data/M_50_60/L_60_70/alluvial/IMG_0247_M_0_10_light_brown_M_40_50_light_brown.jpg,26129983f38649038bdd89e682dab25b2d6a10760fd886ea90d65bedb12fc6a0,train,HISTORICALLY_EXPOSED,False,True,"High-confidence fine-tune notebooks build one dataset from all 2057 rows. For fallback rows, sample identity was exposed although historical augmented bytes are not reproducible."
c48f07b265591074a5e3,Soil_Labeled_Data/M_50_60/L_60_70/alluvial/IMG_0249_M_0_10_pale_yellow_M_40_50_light_brown.jpg,bacf7e01011376d68f24e1900bf7dd3b24cf684fc61a06c1f0b858dd87980b0f,train,HISTORICALLY_EXPOSED,True,True,"High-confidence fine-tune notebooks build one dataset from all 2057 rows. For fallback rows, sample identity was exposed although historical augmented bytes are not reproducible."
891c95fd3adcbecebb33,Soil_Labeled_Data/M_50_60/L_60_70/alluvial/IMG_0250_M_0_10_pale_yellow_M_40_50_light_brown.jpg,734bc749d7ab05d1fcd44242a81945a111d5814ed5f8a544c37d8e17c7eaa8a1,validation,HISTORICALLY_EXPOSED,True,True,"High-confidence fine-tune notebooks build one dataset from all 2057 rows. For fallback rows, sample identity was exposed although historical augmented bytes are not reproducible."
1abf13be48b002b4725d,Soil_Labeled_Data/M_50_60/L_60_70/alluvial/IMG_0254_M_0_10_light_brown_M_40_50_gray_brown.jpg,9648b8fc88730728c0b226bec38d536f644b2912659b96bebe5a57d9fc5cfaa0,validation,HISTORICALLY_EXPOSED,True,True,"High-confidence fine-tune notebooks build one dataset from all 2057 rows. For fallback rows, sample identity was exposed although historical augmented bytes are not reproducible."
33d4585f82f0823d1ed8,Soil_Labeled_Data/M_50_60/L_60_70/alluvial/IMG_0257_M_0_10_clayish_red_M_40_50_gray_brown.jpg,50e69b5f53ba784f2531b97b34ca3f48cbecf13fb6665f43cbeaa44140f0516c,train,HISTORICALLY_EXPOSED,True,True,"High-confidence fine-tune notebooks build one dataset from all 2057 rows. For fallback rows, sample identity was exposed although historical augmented bytes are not reproducible."
5502d2b955366340df1c,Soil_Labeled_Data/M_50_60/L_60_70/alluvial/IMG_0257_M_0_10_light_brown_M_40_50_light_brown.jpg,d4ecd721421c4ca89d730b82404541480ae328f4e98e5d818849d2af80b238a3,train,HISTORICALLY_EXPOSED,True,True,"High-confidence fine-tune notebooks build one dataset from all 2057 rows. For fallback rows, sample identity was exposed although historical augmented bytes are not reproducible."
d1229f5336d38f5da971,Soil_Labeled_Data/M_50_60/L_60_70/alluvial/IMG_0258_M_0_10_pale_yellow_M_40_50_light_brown.jpg,9008248ed5daedef6f390eba2c0ab77df3eed4e8486e220feb36eae35b7d40df,validation,HISTORICALLY_EXPOSED,True,True,"High-confidence fine-tune notebooks build one dataset from all 2057 rows. For fallback rows, sample identity was exposed although historical augmented bytes are not reproducible."
95a075df0f54d49af1f4,Soil_Labeled_Data/M_50_60/L_60_70/alluvial/IMG_0675_M_10_20_pale_yellow_M_40_50_gray_brown.jpg,649b064eeaaa0d923f46a83557de6b3c1a595b3194e47376858b3ad8422085c0,train,HISTORICALLY_EXPOSED,True,True,"High-confidence fine-tune notebooks build one dataset from all 2057 rows. For fallback rows, sample identity was exposed although historical augmented bytes are not reproducible."
158fd6ecb1b45058b47c,Soil_Labeled_Data/M_50_60/L_60_70/alluvial/IMG_0676_M_10_20_pale_yellow_M_30_40_gray_brown.jpg,8803a0f3c3053df4e1ff510de68a91a278e216dfe3756be5d11ba70fb33a9fd5,train,HISTORICALLY_EXPOSED,False,True,"High-confidence fine-tune notebooks build one dataset from all 2057 rows. For fallback rows, sample identity was exposed although historical augmented bytes are not reproducible."
c0680ab713288a1bd8e8,Soil_Labeled_Data/M_50_60/L_60_70/alluvial/IMG_0679_M_10_20_light_brown_M_40_50_gray_brown.jpg,5d96907fd07378a2cc891db6eed1b1f25d6963346f24f5e02c960d2719f1d7a5,train,HISTORICALLY_EXPOSED,False,True,"High-confidence fine-tune notebooks build one dataset from all 2057 rows. For fallback rows, sample identity was exposed although historical augmented bytes are not reproducible."
3923ec73a9a96825ac74,Soil_Labeled_Data/M_50_60/L_60_70/alluvial/IMG_0681_M_10_20_light_brown_M_30_40_light_brown.jpg,277b3e8259a0f0b7632b2fbd1ac6f18dcdc9c7097c9df3f4a26c52a6451d63a5,train,HISTORICALLY_EXPOSED,False,True,"High-confidence fine-tune notebooks build one dataset from all 2057 rows. For fallback rows, sample identity was exposed although historical augmented bytes are not reproducible."
0caae34edb6dca39d52d,Soil_Labeled_Data/M_50_60/L_60_70/alluvial/IMG_0682_M_10_20_light_brown_M_30_40_gray_brown.jpg,41360f0356f4eb9b761d92e70cec8c64678ce7f758b764c896bb43a46b6a9135,validation,HISTORICALLY_EXPOSED,True,True,"High-confidence fine-tune notebooks build one dataset from all 2057 rows. For fallback rows, sample identity was exposed although historical augmented bytes are not reproducible."
4c65f4c69be4798fab4d,Soil_Labeled_Data/M_50_60/L_60_70/alluvial/IMG_0682_M_10_20_light_brown_M_40_50_gray_brown.jpg,518437051917a01668e61b7d5ee0d5f059239023781ec597f61948751763c68d,validation,HISTORICALLY_EXPOSED,False,True,"High-confidence fine-tune notebooks build one dataset from all 2057 rows. For fallback rows, sample identity was exposed although historical augmented bytes are not reproducible."
ddb0f7e1e0b4665ccd47,Soil_Labeled_Data/M_50_60/L_60_70/alluvial/z5715083885623_9f42a940c20ea1e55af3e06994578004_M_20_30_light_brown_M_30_40_light_brown.jpg,8d5dad0420745de8b7c29dadf9b8601c6c708b3fb47a79caab6d8672079c531a,train,HISTORICALLY_EXPOSED,True,True,"High-confidence fine-tune notebooks build one dataset from all 2057 rows. For fallback rows, sample identity was exposed although historical augmented bytes are not reproducible."
64c9d92796fbb7ba2c69,Soil_Labeled_Data/M_50_60/L_60_70/alluvial/z5715084235063_019bf1d09588c2fd5226859f4331698b_M_20_30_light_brown_M_30_40_light_brown.jpg,bcc5f8f04eb0960722e78e888acd6978ba069286e3d3ca732e7f37b3f1a98f51,train,HISTORICALLY_EXPOSED,True,True,"High-confidence fine-tune notebooks build one dataset from all 2057 rows. For fallback rows, sample identity was exposed although historical augmented bytes are not reproducible."
828a81427eb773d65ceb,Soil_Labeled_Data/M_50_60/L_60_70/alluvial/z5715084451345_2e9b065fd62392917b331a68b82abded_M_20_30_light_brown_M_30_40_light_brown.jpg,26a023c444cb6ff3c0ff350719216c38a62e61f7dfeb1311bc86ab4b146fffe6,validation,HISTORICALLY_EXPOSED,True,True,"High-confidence fine-tune notebooks build one dataset from all 2057 rows. For fallback rows, sample identity was exposed although historical augmented bytes are not reproducible."
a895b326514498fb37a9,Soil_Labeled_Data/M_50_60/L_70_80/alluvial/IMG_0283_M_0_10_pale_yellow_M_40_50_light_brown.jpg,67bd884b1f92e14934767f4148f27dc60d3058b984ba9ee5def0bd262fde8665,train,HISTORICALLY_EXPOSED,False,True,"High-confidence fine-tune notebooks build one dataset from all 2057 rows. For fallback rows, sample identity was exposed although historical augmented bytes are not reproducible."
90876fe2ab06483d6403,Soil_Labeled_Data/M_50_60/L_70_80/alluvial/IMG_0286_M_0_10_pale_yellow_M_40_50_gray_brown.jpg,0f8afc75e1fa29010254109e0785567d9e24c5f231f5b50afed96fa757abb595,validation,HISTORICALLY_EXPOSED,False,True,"High-confidence fine-tune notebooks build one dataset from all 2057 rows. For fallback rows, sample identity was exposed although historical augmented bytes are not reproducible."
c7e83f2fc4b8fecbb626,Soil_Labeled_Data/M_50_60/L_70_80/alluvial/IMG_0288_M_0_10_gray_brown_M_40_50_light_brown.jpg,9a84d21f12a3432e24af584b0b7ae5782e6c4f94856193282f4a02cb1b1b84c5,train,HISTORICALLY_EXPOSED,False,True,"High-confidence fine-tune notebooks build one dataset from all 2057 rows. For fallback rows, sample identity was exposed although historical augmented bytes are not reproducible."
fc86d79faa543a7422c4,Soil_Labeled_Data/M_50_60/L_70_80/alluvial/IMG_0290_M_0_10_light_brown_M_40_50_light_brown.jpg,e7315be40b6a490e6257f56b608a9a476f881d731d867b49397e495788dafed5,train,HISTORICALLY_EXPOSED,False,True,"High-confidence fine-tune notebooks build one dataset from all 2057 rows. For fallback rows, sample identity was exposed although historical augmented bytes are not reproducible."
ed9b5c3d206c7eb0b273,Soil_Labeled_Data/M_50_60/L_70_80/alluvial/IMG_0293_M_0_10_gray_brown_M_40_50_gray_brown.jpg,ef098b7d8e1fcd1d50f9ba4427be58ebfc1e64c4da9eb76d809a489c6f562511,train,HISTORICALLY_EXPOSED,False,True,"High-confidence fine-tune notebooks build one dataset from all 2057 rows. For fallback rows, sample identity was exposed although historical augmented bytes are not reproducible."
e659a88d1b9e1e350f7d,Soil_Labeled_Data/M_50_60/L_70_80/alluvial/IMG_0296_M_0_10_light_brown_M_40_50_light_brown.jpg,8ccde22b7b1a3884ff3e4cbb7b6cf09b9156424391cbc3114e150d956217a14c,train,HISTORICALLY_EXPOSED,False,True,"High-confidence fine-tune notebooks build one dataset from all 2057 rows. For fallback rows, sample identity was exposed although historical augmented bytes are not reproducible."
7c94cb45a329256ddc55,Soil_Labeled_Data/M_50_60/L_70_80/alluvial/IMG_0698_M_10_20_pale_yellow_M_30_40_gray_brown.jpg,b1aa5d942412e8bc954e0ca85c9cb3c3ff0e1d495f0c073f0cf1bc5cea0d8763,train,HISTORICALLY_EXPOSED,True,True,"High-confidence fine-tune notebooks build one dataset from all 2057 rows. For fallback rows, sample identity was exposed although historical augmented bytes are not reproducible."
f23a5755b3802a26a70a,Soil_Labeled_Data/M_50_60/L_70_80/alluvial/IMG_0702_M_10_20_pale_yellow_M_30_40_gray_brown.jpg,7b2189d99ff2d589685ee465c8ccdae903928c377b86adf014613264ca54d08e,validation,HISTORICALLY_EXPOSED,False,True,"High-confidence fine-tune notebooks build one dataset from all 2057 rows. For fallback rows, sample identity was exposed although historical augmented bytes are not reproducible."
3c2878a568de95a573ff,Soil_Labeled_Data/M_50_60/L_70_80/alluvial/IMG_0704_M_10_20_pale_yellow_M_40_50_light_brown.jpg,315fc08be383834fc0c0187a227f58b45633e72e2a83f2d596599b5ee35c217e,test,HISTORICALLY_EXPOSED,False,True,"High-confidence fine-tune notebooks build one dataset from all 2057 rows. For fallback rows, sample identity was exposed although historical augmented bytes are not reproducible."
27c5fe11e0f77cf5d3ba,Soil_Labeled_Data/M_50_60/L_70_80/alluvial/IMG_0705_M_10_20_light_brown_M_30_40_light_brown.jpg,5cf7cb08c11a60bc59b83cc1cb413d9026009f6b151dbbaf84695108d9c113d4,validation,HISTORICALLY_EXPOSED,False,True,"High-confidence fine-tune notebooks build one dataset from all 2057 rows. For fallback rows, sample identity was exposed although historical augmented bytes are not reproducible."
004206956dc021dfbb9e,Soil_Labeled_Data/M_50_60/L_70_80/alluvial/IMG_0706_M_10_20_light_brown_M_30_40_light_brown.jpg,5cf7cb08c11a60bc59b83cc1cb413d9026009f6b151dbbaf84695108d9c113d4,validation,HISTORICALLY_EXPOSED,False,True,"High-confidence fine-tune notebooks build one dataset from all 2057 rows. For fallback rows, sample identity was exposed although historical augmented bytes are not reproducible."
9090d19f820233461e4c,Soil_Labeled_Data/M_50_60/L_70_80/alluvial/IMG_0710_M_10_20_pale_yellow_M_30_40_gray_brown.jpg,6c54b0d1b54e329d8ae879c2585010655f84b146199df95a744b7f02ad8e2009,validation,HISTORICALLY_EXPOSED,False,True,"High-confidence fine-tune notebooks build one dataset from all 2057 rows. For fallback rows, sample identity was exposed although historical augmented bytes are not reproducible."
ea175a663994a9c641d3,Soil_Labeled_Data/M_50_60/L_70_80/alluvial/IMG_0712_M_10_20_light_brown_M_30_40_gray_brown.jpg,6390764173f8d2474ddc73a5d2918a94e1f68b937c8556e134145782f3df6554,validation,HISTORICALLY_EXPOSED,False,True,"High-confidence fine-tune notebooks build one dataset from all 2057 rows. For fallback rows, sample identity was exposed although historical augmented bytes are not reproducible."
24e702f4e854837faae9,Soil_Labeled_Data/M_50_60/L_70_80/alluvial/IMG_0714_M_10_20_light_brown_M_30_40_gray_brown.jpg,f360761258ed2b1e45baa877df0a6a5ad85853f34d8e973a5bc08d4ac9ff10d0,train,HISTORICALLY_EXPOSED,False,True,"High-confidence fine-tune notebooks build one dataset from all 2057 rows. For fallback rows, sample identity was exposed although historical augmented bytes are not reproducible."
7a32c58e6bc3edc401b2,Soil_Labeled_Data/M_50_60/L_70_80/alluvial/IMG_0719_M_10_20_clayish_red_M_40_50_gray_brown.jpg,64c7a0a40cf43467d0b2a77827849b889d76c971c14fceaca8334030bdde751e,validation,HISTORICALLY_EXPOSED,True,True,"High-confidence fine-tune notebooks build one dataset from all 2057 rows. For fallback rows, sample identity was exposed although historical augmented bytes are not reproducible."
a3b760dad87ab50145f9,Soil_Labeled_Data/M_50_60/L_70_80/alluvial/z5715141626411_00b983fd5f44402c4bda94b5b928bb00_M_20_30_light_brown_M_30_40_light_brown.jpg,d00d9bbc280d3a4a1aaf50bce5bb8531512fab14be7bbc5b8234e5c8bd5a813b,train,HISTORICALLY_EXPOSED,True,True,"High-confidence fine-tune notebooks build one dataset from all 2057 rows. For fallback rows, sample identity was exposed although historical augmented bytes are not reproducible."
2cf0ea93d8b8f1d44738,Soil_Labeled_Data/M_50_60/L_70_80/alluvial/z5715141676311_1d060c8ef71e58aadc2f6099b373b761_M_20_30_light_brown_M_30_40_gray_brown.jpg,9f626ef2004d94ad28591a57ee1c099dae597b66cafde453127b463ee52b084f,train,HISTORICALLY_EXPOSED,True,True,"High-confidence fine-tune notebooks build one dataset from all 2057 rows. For fallback rows, sample identity was exposed although historical augmented bytes are not reproducible."
896c8d8ad09b8acd0413,Soil_Labeled_Data/M_50_60/L_70_80/alluvial/z5715141839575_b7b45144485ab528e29f7f20c818087e_M_20_30_light_brown_M_30_40_gray_brown.jpg,27d3f3001c284195a19bc838fba4fe37d2cb48ae8fced234f21dd3eb7c989d7f,test,HISTORICALLY_EXPOSED,True,True,"High-confidence fine-tune notebooks build one dataset from all 2057 rows. For fallback rows, sample identity was exposed although historical augmented bytes are not reproducible."
e1673337ea9d7587ab16,Soil_Labeled_Data/M_50_60/L_70_80/alluvial/z5715142094388_c5aff9d8c06cb2f2846d510846da43cc_M_20_30_pale_yellow_M_30_40_light_brown.jpg,a2c51b2ae7f1b57527ded005ed508ea468f7648869a5203388a1657b0665146f,train,HISTORICALLY_EXPOSED,True,True,"High-confidence fine-tune notebooks build one dataset from all 2057 rows. For fallback rows, sample identity was exposed although historical augmented bytes are not reproducible."
509a8acfa385695488ac,Soil_Labeled_Data/M_50_60/L_70_80/alluvial/z5715142193394_b30a0cc8a4160e93e5340cc2d37f7490_M_20_30_light_brown_M_30_40_gray_brown.jpg,22ff6d39400621d66e88c5154ebcef748bbc3072311605ca99676b982e4d29d1,validation,HISTORICALLY_EXPOSED,True,True,"High-confidence fine-tune notebooks build one dataset from all 2057 rows. For fallback rows, sample identity was exposed although historical augmented bytes are not reproducible."
527f07c8f16d4b528da0,Soil_Labeled_Data/M_50_60/L_80_90/alluvial/M_50_60_L_80_90_0000_wet_gray.jpg,f62651ac0138863df904bf3393b7764eef4037ead287acff0d2264f74ceb82cf,train,HISTORICALLY_EXPOSED,True,True,"High-confidence fine-tune notebooks build one dataset from all 2057 rows. For fallback rows, sample identity was exposed although historical augmented bytes are not reproducible."
59928749aae795f377f8,Soil_Labeled_Data/M_50_60/L_80_90/alluvial/M_50_60_L_80_90_0002_wet_gray.jpg,bb1681ebd1d6b6f17c9088f88424d6c0e2e3a3f4f55031d633c8654aac149360,train,HISTORICALLY_EXPOSED,True,True,"High-confidence fine-tune notebooks build one dataset from all 2057 rows. For fallback rows, sample identity was exposed although historical augmented bytes are not reproducible."
c5c7108e52157de9aa9b,Soil_Labeled_Data/M_50_60/L_80_90/alluvial/M_50_60_L_80_90_0003_dark_brown.jpg,98c62686f54d0e31910aa27a0ff5836e770b9bbf68c8bbb25d76b09d735246c4,validation,HISTORICALLY_EXPOSED,True,True,"High-confidence fine-tune notebooks build one dataset from all 2057 rows. For fallback rows, sample identity was exposed although historical augmented bytes are not reproducible."
602eea684ad337c9ab28,Soil_Labeled_Data/M_50_60/L_80_90/alluvial/M_50_60_L_80_90_0006_clay_red.jpg,f85df24e260bf03d090c52dd999207c4ca0e7409a831196980af4cf88ebc31cf,validation,HISTORICALLY_EXPOSED,True,True,"High-confidence fine-tune notebooks build one dataset from all 2057 rows. For fallback rows, sample identity was exposed although historical augmented bytes are not reproducible."
bfa108fb91dbe03c19c5,Soil_Labeled_Data/M_50_60/L_80_90/alluvial/M_50_60_L_80_90_0008_clay_red.jpg,63c02476fab577834088e730b43b4f749a71ff442bbbcc62ab6dd2b76439e97b,train,HISTORICALLY_EXPOSED,True,True,"High-confidence fine-tune notebooks build one dataset from all 2057 rows. For fallback rows, sample identity was exposed although historical augmented bytes are not reproducible."
be952ea764b048624ada,Soil_Labeled_Data/M_50_60/L_80_90/alluvial/M_50_60_L_80_90_0009_wet_gray.jpg,c769a12bcd50b67c243059086c40d90f3d3a0531c8126992573c9c9d217b70ae,train,HISTORICALLY_EXPOSED,True,True,"High-confidence fine-tune notebooks build one dataset from all 2057 rows. For fallback rows, sample identity was exposed although historical augmented bytes are not reproducible."
72eea57324168481ef5a,Soil_Labeled_Data/M_50_60/L_80_90/alluvial/M_50_60_L_80_90_0022_dark_brown.jpg,241401dc5127e5de9beda45b4f16ac743bb8778c53cbc2675ffeaf6ed1c54808,validation,HISTORICALLY_EXPOSED,True,True,"High-confidence fine-tune notebooks build one dataset from all 2057 rows. For fallback rows, sample identity was exposed although historical augmented bytes are not reproducible."
e08192d5d1df63a0a58b,Soil_Labeled_Data/M_50_60/L_80_90/alluvial/M_50_60_L_80_90_0025_light_brown.jpg,e0335b140202652048464f68f73be98f32f78e1dda09f5be60e50b1740367021,train,HISTORICALLY_EXPOSED,True,True,"High-confidence fine-tune notebooks build one dataset from all 2057 rows. For fallback rows, sample identity was exposed although historical augmented bytes are not reproducible."
11eecf11a2026c15b3f3,Soil_Labeled_Data/M_50_60/L_80_90/alluvial/M_50_60_L_80_90_0031_wet_gray.jpg,ad501b0fd1e9180dea55d726f887f53f965d12d45ebae54807fa7e7077c4df4f,test,HISTORICALLY_EXPOSED,True,True,"High-confidence fine-tune notebooks build one dataset from all 2057 rows. For fallback rows, sample identity was exposed although historical augmented bytes are not reproducible."
528408eed077ac69832f,Soil_Labeled_Data/M_50_60/L_80_90/alluvial/M_50_60_L_80_90_0037_dark_brown.jpg,088cd0e99d426d13a5c8b90c7fd28ecc4ee9ffd8c7abc272ced024c50f58481d,train,HISTORICALLY_EXPOSED,True,True,"High-confidence fine-tune notebooks build one dataset from all 2057 rows. For fallback rows, sample identity was exposed although historical augmented bytes are not reproducible."
2ef7388384efbcc8b85f,Soil_Labeled_Data/M_50_60/L_80_90/alluvial/M_50_60_L_80_90_0050_gray_brown.jpg,b58ed325270d99e21648c918485a3ee11bf0487e9bc510b5ccf1484b400a7c9e,train,HISTORICALLY_EXPOSED,True,True,"High-confidence fine-tune notebooks build one dataset from all 2057 rows. For fallback rows, sample identity was exposed although historical augmented bytes are not reproducible."
e87c3c01ccd1da5093f0,Soil_Labeled_Data/M_50_60/L_80_90/alluvial/M_50_60_L_80_90_0055_clay_red.jpg,26346a7d46ef0871b5d31e7daa2192fe379d21194fca0967791f0caa3e3794ef,validation,HISTORICALLY_EXPOSED,True,True,"High-confidence fine-tune notebooks build one dataset from all 2057 rows. For fallback rows, sample identity was exposed although historical augmented bytes are not reproducible."
04233843c8228acfb417,Soil_Labeled_Data/M_50_60/L_80_90/alluvial/M_50_60_L_80_90_0057_gray_brown.jpg,25fc2a5da99d55caa7557fb212b0e7d88d2a02dca9eb1ff620d6b5b0768d44b2,test,HISTORICALLY_EXPOSED,True,True,"High-confidence fine-tune notebooks build one dataset from all 2057 rows. For fallback rows, sample identity was exposed although historical augmented bytes are not reproducible."
82f79d314c37d56c8f93,Soil_Labeled_Data/M_50_60/L_80_90/alluvial/M_50_60_L_80_90_0074_gray_brown.jpg,0ed9a96be5bfcf8180dd9622ac94c0ab3d4f436066b2355f7f2b44902489d0df,test,HISTORICALLY_EXPOSED,True,True,"High-confidence fine-tune notebooks build one dataset from all 2057 rows. For fallback rows, sample identity was exposed although historical augmented bytes are not reproducible."
5d7f96aa9036168d08dc,Soil_Labeled_Data/M_50_60/L_80_90/alluvial/M_50_60_L_80_90_0080_dark_brown.jpg,608bb142192edf9f1f761f29bd919b7448cf257db93575f3da6eb468cab4c53d,validation,HISTORICALLY_EXPOSED,True,True,"High-confidence fine-tune notebooks build one dataset from all 2057 rows. For fallback rows, sample identity was exposed although historical augmented bytes are not reproducible."
a35e116e82cdfc062a6a,Soil_Labeled_Data/M_50_60/L_80_90/alluvial/M_50_60_L_80_90_0081_gray_brown.jpg,9f3453ce7a4c82f4e9a0d463095802714c84586a218101d3c375ec3247220e0f,validation,HISTORICALLY_EXPOSED,True,True,"High-confidence fine-tune notebooks build one dataset from all 2057 rows. For fallback rows, sample identity was exposed although historical augmented bytes are not reproducible."
0a673cf18c0c05c6c949,Soil_Labeled_Data/M_50_60/L_80_90/alluvial/M_50_60_L_80_90_0087_gray_brown.jpg,1cbbb592c0a7715e5e3339743b3c9dbc87e3f3c1396c57e323ac997b7cd59dbd,train,HISTORICALLY_EXPOSED,True,True,"High-confidence fine-tune notebooks build one dataset from all 2057 rows. For fallback rows, sample identity was exposed although historical augmented bytes are not reproducible."
4b07a32cc42b86c6299e,Soil_Labeled_Data/M_50_60/L_80_90/alluvial/M_50_60_L_80_90_0088_gray_brown.jpg,c9057dd7ceb917ab7bf938804745286a4817c5f3dbc6335216dbc18098f08155,train,HISTORICALLY_EXPOSED,True,True,"High-confidence fine-tune notebooks build one dataset from all 2057 rows. For fallback rows, sample identity was exposed although historical augmented bytes are not reproducible."
29f57f4725a8ec7baacf,Soil_Labeled_Data/M_50_60/L_80_90/alluvial/M_50_60_L_80_90_0092_light_brown.jpg,d66abde67bfe689945102d4a2e116b2f7250865cbaa62d712f9a6fc17a1dca8e,train,HISTORICALLY_EXPOSED,True,True,"High-confidence fine-tune notebooks build one dataset from all 2057 rows. For fallback rows, sample identity was exposed although historical augmented bytes are not reproducible."
c3cf425ff11dfd4fac1f,Soil_Labeled_Data/M_50_60/L_80_90/alluvial/M_50_60_L_80_90_0093_clay_red.jpg,b298e2c9df616a42b54988c988a23202f4dfe004093688121320abae4022d9a6,validation,HISTORICALLY_EXPOSED,True,True,"High-confidence fine-tune notebooks build one dataset from all 2057 rows. For fallback rows, sample identity was exposed although historical augmented bytes are not reproducible."
34916b894a9ad9a1c5a4,Soil_Labeled_Data/M_50_60/L_80_90/alluvial/z5720115611278_2165bd5b2e5ac713d97400eabcc65d99.jpg,26bb3fee4d57dc0f3c2e373eaccb19a1a4f4b8da2c84829c5918e6d3a9e603b3,train,HISTORICALLY_EXPOSED,True,True,"High-confidence fine-tune notebooks build one dataset from all 2057 rows. For fallback rows, sample identity was exposed although historical augmented bytes are not reproducible."
d5f1ca4f6698101eadd6,Soil_Labeled_Data/M_50_60/L_80_90/alluvial/z5720115653272_3de34aa127a04a50ac17b19f6c26e982.jpg,c7569787e74310048696c82571cedd2cb89e66b961605a3059711b281284b503,test,HISTORICALLY_EXPOSED,True,True,"High-confidence fine-tune notebooks build one dataset from all 2057 rows. For fallback rows, sample identity was exposed although historical augmented bytes are not reproducible."
d3ca936e6a4c637cefe3,Soil_Labeled_Data/M_50_60/L_80_90/alluvial/z5720115687004_c7046b6ed304fe8ccbb693c1af288980.jpg,da67778185dbfeb35e18acd99a4b43850e693e80c558855b36f342b4d4360d30,train,HISTORICALLY_EXPOSED,True,True,"High-confidence fine-tune notebooks build one dataset from all 2057 rows. For fallback rows, sample identity was exposed although historical augmented bytes are not reproducible."
2885945b220a4cba35d3,Soil_Labeled_Data/M_50_60/L_80_90/alluvial/z5720115727413_e891a8cfc53a007f676e1bac4a0342b5.jpg,18bc134226d0f0292404508331885ed7ec92dac7ad23953057102c75b475fc2a,train,HISTORICALLY_EXPOSED,True,True,"High-confidence fine-tune notebooks build one dataset from all 2057 rows. For fallback rows, sample identity was exposed although historical augmented bytes are not reproducible."
b45ddcb1a0f9311e962e,Soil_Labeled_Data/M_50_60/L_80_90/alluvial/z5720115765295_566dab2e381f475c4d17c1f90510d54b.jpg,18bc70fb3bbd74cd8bf3ab88ec4e48b1aa2fdd6673a130490622719209b228e0,validation,HISTORICALLY_EXPOSED,True,True,"High-confidence fine-tune notebooks build one dataset from all 2057 rows. For fallback rows, sample identity was exposed although historical augmented bytes are not reproducible."
78fb1b4ac2001158583b,Soil_Labeled_Data/M_50_60/L_80_90/alluvial/z5720115800429_ff01c46a0bb2fd04a0bcfaa21477768c.jpg,9a626aede8c742d3909a22277e5a046d567ff352bc7d86b1afa44be176987d0f,test,HISTORICALLY_EXPOSED,True,True,"High-confidence fine-tune notebooks build one dataset from all 2057 rows. For fallback rows, sample identity was exposed although historical augmented bytes are not reproducible."
9a5e988d05401c6bb634,Soil_Labeled_Data/M_50_60/L_80_90/alluvial/z5720115833149_ed8419086eec88fa81ae29e84dd8ee29.jpg,af54ceee1e6ea7ef7a866eb66ec5f0714bf947da83ee39e15e5e8cab789a92e8,train,HISTORICALLY_EXPOSED,True,True,"High-confidence fine-tune notebooks build one dataset from all 2057 rows. For fallback rows, sample identity was exposed although historical augmented bytes are not reproducible."
ec7144cf11d7268e9efb,Soil_Labeled_Data/M_50_60/L_80_90/alluvial/z5720115869917_a1c0c0f135fb5443e070ba2cfa3f59b5.jpg,75af8544493631632ecb26dbf0ebbaccebb83a95700602043d0f9d43d51d6261,train,HISTORICALLY_EXPOSED,True,True,"High-confidence fine-tune notebooks build one dataset from all 2057 rows. For fallback rows, sample identity was exposed although historical augmented bytes are not reproducible."
83afc351ef548f041dd0,Soil_Labeled_Data/M_50_60/L_80_90/alluvial/z5720115908066_d971dc1911998ed5477394adeada3648.jpg,8135a92cf1b73d22b6e345d3c2b34d93ef0ec1487efe4fb4b193d73d326db557,train,HISTORICALLY_EXPOSED,True,True,"High-confidence fine-tune notebooks build one dataset from all 2057 rows. For fallback rows, sample identity was exposed although historical augmented bytes are not reproducible."
24fb23db17c1c696afa6,Soil_Labeled_Data/M_50_60/L_80_90/alluvial/z5720115942754_8be2331cdea2f08eaa20a4d16f47702e.jpg,b31a63d28142efd56024bd0e38ee4b1118ecaf2eca2f4cb0c721d8c954f5bcb9,train,HISTORICALLY_EXPOSED,True,True,"High-confidence fine-tune notebooks build one dataset from all 2057 rows. For fallback rows, sample identity was exposed although historical augmented bytes are not reproducible."
da91723cc11cc1e2606b,Soil_Labeled_Data/M_50_60/L_80_90/alluvial/z5720115955016_77628ff737c4b80cdf4db3cabe679c96.jpg,1036124b03e417fccc2b2771da3daa5a7aa4639e9c0f2094e2f620f40d734ce6,test,HISTORICALLY_EXPOSED,True,True,"High-confidence fine-tune notebooks build one dataset from all 2057 rows. For fallback rows, sample identity was exposed although historical augmented bytes are not reproducible."
a006a8ab8d62d6c421d6,Soil_Labeled_Data/M_50_60/L_80_90/alluvial/z5720115969160_90e7c8fe51469c6537b93b0b5051f46d.jpg,d2d846cd4e716f7399ac6b2fe8d1b99b43285e9b37aad353e7b55b7f2ba4a9b0,train,HISTORICALLY_EXPOSED,True,True,"High-confidence fine-tune notebooks build one dataset from all 2057 rows. For fallback rows, sample identity was exposed although historical augmented bytes are not reproducible."
290e8751b1e6cabf6a05,Soil_Labeled_Data/M_50_60/L_80_90/alluvial/z5720115982216_637e10bfdba8825575e6ddce9ee0b4db.jpg,152c3629f5e51fcdd37dc597a1642fce5df05fa051ff1e636ab64591586992fa,test,HISTORICALLY_EXPOSED,True,True,"High-confidence fine-tune notebooks build one dataset from all 2057 rows. For fallback rows, sample identity was exposed although historical augmented bytes are not reproducible."
a7cd032687a48bf511e8,Soil_Labeled_Data/M_50_60/L_80_90/alluvial/z5720115994271_6ee046f5429b540fab54644ee387967d.jpg,f78a84e7b2a6e850c20e699b6715e85009c356da4b0001f92227be59ff662b36,train,HISTORICALLY_EXPOSED,True,True,"High-confidence fine-tune notebooks build one dataset from all 2057 rows. For fallback rows, sample identity was exposed although historical augmented bytes are not reproducible."
4df640380f8d7d668817,Soil_Labeled_Data/M_50_60/L_80_90/alluvial/z5720116009994_7473d14d835476f47632659bffa27b72.jpg,6dd61e46951640ce81a122981b61d8e716bfb01a13aa1ca5643228cd448c10c7,train,HISTORICALLY_EXPOSED,True,True,"High-confidence fine-tune notebooks build one dataset from all 2057 rows. For fallback rows, sample identity was exposed although historical augmented bytes are not reproducible."
b50cd4d731ebc4b0bb52,Soil_Labeled_Data/M_50_60/L_80_90/alluvial/z5720116028219_3547ed7fc4e58ca77d0a9c04ad52a29b.jpg,356b4f61f11c3f3639169e6ac8da9d34ad8d408c85fcafa9b03665c25a2c2d22,test,HISTORICALLY_EXPOSED,True,True,"High-confidence fine-tune notebooks build one dataset from all 2057 rows. For fallback rows, sample identity was exposed although historical augmented bytes are not reproducible."
e2709b3c0660d76f7441,Soil_Labeled_Data/M_50_60/L_80_90/alluvial/z5720116040527_64efc6d26d1ee063c31ac7c808603d38.jpg,7230e1cf8fc623e3ff5e052ad819fe35ff56d2740228ea685e65aeff6f9082f1,train,HISTORICALLY_EXPOSED,True,True,"High-confidence fine-tune notebooks build one dataset from all 2057 rows. For fallback rows, sample identity was exposed although historical augmented bytes are not reproducible."
801b31b572b461f31f88,Soil_Labeled_Data/M_50_60/L_80_90/alluvial/z5720116056023_3d3d361e4d7255ed7de4195fa640e456.jpg,5873f295503021948402983e0b69c19684e53795933b1f0e7413811e5fe0efb1,train,HISTORICALLY_EXPOSED,True,True,"High-confidence fine-tune notebooks build one dataset from all 2057 rows. For fallback rows, sample identity was exposed although historical augmented bytes are not reproducible."
ae5f1b5fa493968282ff,Soil_Labeled_Data/M_50_60/L_80_90/alluvial/z5720116069849_bcc6949c92dd61a3b67028202e4c3c2a.jpg,e7d94a42af104da7bdf576e1af439aa873e09e789ad3de009fe5f51e79b02b3f,train,HISTORICALLY_EXPOSED,True,True,"High-confidence fine-tune notebooks build one dataset from all 2057 rows. For fallback rows, sample identity was exposed although historical augmented bytes are not reproducible."
b4f05c22fbe7dab51e15,Soil_Labeled_Data/M_50_60/L_80_90/alluvial/z5720116085194_b4c6d844bda5f6a7533e048925576cdd.jpg,d27c8f193d45dc320ed6bfa0639a1374901b85f74b60878fbb42dd02333cc0a0,train,HISTORICALLY_EXPOSED,True,True,"High-confidence fine-tune notebooks build one dataset from all 2057 rows. For fallback rows, sample identity was exposed although historical augmented bytes are not reproducible."
7d1b57cb00d2f80bf1e0,Soil_Labeled_Data/M_50_60/L_90_100/alluvial/M_50_60_L_90_100_0014_light_brown.jpg,76b024031a22154352cfd28ad88cac1e53d2a5804c8704852526bd409c718f42,train,HISTORICALLY_EXPOSED,False,True,"High-confidence fine-tune notebooks build one dataset from all 2057 rows. For fallback rows, sample identity was exposed although historical augmented bytes are not reproducible."
c874e52769edc3727b79,Soil_Labeled_Data/M_50_60/L_90_100/alluvial/M_50_60_L_90_100_0022_clay_red.jpg,46769104dd893700a5e0eec2536f39da6ff6318eb111b3c7273404cb3d3da7c6,train,HISTORICALLY_EXPOSED,True,True,"High-confidence fine-tune notebooks build one dataset from all 2057 rows. For fallback rows, sample identity was exposed although historical augmented bytes are not reproducible."
85808c724f0b94d3dfcc,Soil_Labeled_Data/M_50_60/L_90_100/alluvial/M_50_60_L_90_100_0026_clay_red.jpg,28b58a17768d0832e2f3536bd189a90b3e2552b4f4bd294a5c35ab5f5b19ee3d,train,HISTORICALLY_EXPOSED,False,True,"High-confidence fine-tune notebooks build one dataset from all 2057 rows. For fallback rows, sample identity was exposed although historical augmented bytes are not reproducible."
b613c9a82a84fbf67c0f,Soil_Labeled_Data/M_50_60/L_90_100/alluvial/M_50_60_L_90_100_0030_light_brown.jpg,a1a8e56ef648fc2ab4ddd845ead06fef3f76f79fa6dd0a7295dcfa5758382b03,train,HISTORICALLY_EXPOSED,False,True,"High-confidence fine-tune notebooks build one dataset from all 2057 rows. For fallback rows, sample identity was exposed although historical augmented bytes are not reproducible."
2a3a443226a07a4e2c4c,Soil_Labeled_Data/M_50_60/L_90_100/alluvial/M_50_60_L_90_100_0032_wet_gray.jpg,8c2c10a47c66113c659f7fa4d1ce53198fd7f9030444ee138e91d47cdae2c372,train,HISTORICALLY_EXPOSED,False,True,"High-confidence fine-tune notebooks build one dataset from all 2057 rows. For fallback rows, sample identity was exposed although historical augmented bytes are not reproducible."
1c09a7ba437688735be7,Soil_Labeled_Data/M_50_60/L_90_100/alluvial/M_50_60_L_90_100_0037_dark_brown.jpg,1c0af51b4cffe5b5d1a350adcadd317e38ae1d25df500cf942818e8b4f28330f,train,HISTORICALLY_EXPOSED,False,True,"High-confidence fine-tune notebooks build one dataset from all 2057 rows. For fallback rows, sample identity was exposed although historical augmented bytes are not reproducible."
b03058c764482fb66e69,Soil_Labeled_Data/M_50_60/L_90_100/alluvial/M_50_60_L_90_100_0043_dark_brown.jpg,64262c8406040c8b76d1f65d6e64c2b829ae1f8482f33850423e7adad637de93,train,HISTORICALLY_EXPOSED,True,True,"High-confidence fine-tune notebooks build one dataset from all 2057 rows. For fallback rows, sample identity was exposed although historical augmented bytes are not reproducible."
d35873d482a52947430f,Soil_Labeled_Data/M_50_60/L_90_100/alluvial/M_50_60_L_90_100_0044_wet_gray.jpg,22b65678b66e38e28879494c56afb7d88d1d1e16a6748a51f1f723eecbd86d0e,train,HISTORICALLY_EXPOSED,False,True,"High-confidence fine-tune notebooks build one dataset from all 2057 rows. For fallback rows, sample identity was exposed although historical augmented bytes are not reproducible."
72ed0b43efb408fd6fb6,Soil_Labeled_Data/M_50_60/L_90_100/alluvial/M_50_60_L_90_100_0045_dark_brown.jpg,ca320ef37e87aa2344cd44434576b93fee643fe99f707754423c63f60a8a43f2,train,HISTORICALLY_EXPOSED,False,True,"High-confidence fine-tune notebooks build one dataset from all 2057 rows. For fallback rows, sample identity was exposed although historical augmented bytes are not reproducible."
48ec6964490f8558cd34,Soil_Labeled_Data/M_50_60/L_90_100/alluvial/M_50_60_L_90_100_0051_gray_brown.jpg,d3d56547befc0c68034fce09ddaa5798e653fc589bf41f29886fb4d09dbae62b,train,HISTORICALLY_EXPOSED,True,True,"High-confidence fine-tune notebooks build one dataset from all 2057 rows. For fallback rows, sample identity was exposed although historical augmented bytes are not reproducible."
b21ea86b3bb30a51bb02,Soil_Labeled_Data/M_50_60/L_90_100/alluvial/M_50_60_L_90_100_0063_wet_gray.jpg,589891a9c74dcde44757009c3d9faf5b00811314cacec0dc24cf6c5b82e6ccf5,train,HISTORICALLY_EXPOSED,False,True,"High-confidence fine-tune notebooks build one dataset from all 2057 rows. For fallback rows, sample identity was exposed although historical augmented bytes are not reproducible."
97b6ba7c0cad2a73913d,Soil_Labeled_Data/M_50_60/L_90_100/alluvial/M_50_60_L_90_100_0064_gray_brown.jpg,5bab1e9b1236695db108b5ea395d3bc42ca6bd7a577f7f43cbfb30c50103a28b,train,HISTORICALLY_EXPOSED,False,True,"High-confidence fine-tune notebooks build one dataset from all 2057 rows. For fallback rows, sample identity was exposed although historical augmented bytes are not reproducible."
2c72543586577568ed20,Soil_Labeled_Data/M_50_60/L_90_100/alluvial/M_50_60_L_90_100_0067_light_brown.jpg,0f8cbea6721dcf40763dfbffbdc31707ead6ad63d9030335399d71d32b2daf80,train,HISTORICALLY_EXPOSED,False,True,"High-confidence fine-tune notebooks build one dataset from all 2057 rows. For fallback rows, sample identity was exposed although historical augmented bytes are not reproducible."
7d015a0a2b752462de78,Soil_Labeled_Data/M_50_60/L_90_100/alluvial/M_50_60_L_90_100_0071_clay_red.jpg,ec2a41696f149c6dd6a0b0864f019383c0aa21ef879abd908a87af7d28b0dec5,test,HISTORICALLY_EXPOSED,True,True,"High-confidence fine-tune notebooks build one dataset from all 2057 rows. For fallback rows, sample identity was exposed although historical augmented bytes are not reproducible."
f11e66d094a90e1f8bd4,Soil_Labeled_Data/M_50_60/L_90_100/alluvial/M_50_60_L_90_100_0073_light_brown.jpg,8c30cf60889c7a0cec1488962d4cd9cf66087d481a28eda5d63e4eff452156df,test,HISTORICALLY_EXPOSED,False,True,"High-confidence fine-tune notebooks build one dataset from all 2057 rows. For fallback rows, sample identity was exposed although historical augmented bytes are not reproducible."
908a76a0710b8a6b1a46,Soil_Labeled_Data/M_50_60/L_90_100/alluvial/M_50_60_L_90_100_0075_light_brown.jpg,0915de8c97774ca8b60e42ab1f8039f1541ec732049a6be95fbfdc54f3234c9a,train,HISTORICALLY_EXPOSED,False,True,"High-confidence fine-tune notebooks build one dataset from all 2057 rows. For fallback rows, sample identity was exposed although historical augmented bytes are not reproducible."
12c3923232563894f907,Soil_Labeled_Data/M_50_60/L_90_100/alluvial/M_50_60_L_90_100_0079_clay_red.jpg,6878c56c81e0d8f62e88db763a6832ccac64a8190c3eba58448cf4671d0d3836,train,HISTORICALLY_EXPOSED,True,True,"High-confidence fine-tune notebooks build one dataset from all 2057 rows. For fallback rows, sample identity was exposed although historical augmented bytes are not reproducible."
f3ddbf694b991d1e2943,Soil_Labeled_Data/M_50_60/L_90_100/alluvial/M_50_60_L_90_100_0081_gray_brown.jpg,d32891161e66e9b0dcf5eecde0c43aab95d81d3ab9796155fa5e668565400bb4,train,HISTORICALLY_EXPOSED,False,True,"High-confidence fine-tune notebooks build one dataset from all 2057 rows. For fallback rows, sample identity was exposed although historical augmented bytes are not reproducible."
8356f01644a3ffe5ddfe,Soil_Labeled_Data/M_50_60/L_90_100/alluvial/M_50_60_L_90_100_0083_light_brown.jpg,a91d174bc31bcefda444dcd347792e0de582bf45f69590aac1341c5540c00fad,train,HISTORICALLY_EXPOSED,False,True,"High-confidence fine-tune notebooks build one dataset from all 2057 rows. For fallback rows, sample identity was exposed although historical augmented bytes are not reproducible."
7ccbb926fba183c4dba0,Soil_Labeled_Data/M_50_60/L_90_100/alluvial/M_50_60_L_90_100_0099_clay_red.jpg,a8447be769f06a4cef11caa38c1f05bdf660a6972eedaf2e6c6a5175fd696f3a,train,HISTORICALLY_EXPOSED,False,True,"High-confidence fine-tune notebooks build one dataset from all 2057 rows. For fallback rows, sample identity was exposed although historical augmented bytes are not reproducible."
4e944eb63f277f836438,Soil_Labeled_Data/M_50_60/L_90_100/alluvial/z5720142535965_7f8fdeed5b9f25c4800540f4c7109134.jpg,cbcffdd73df06e0b072756c13f9f0563e8072b9b0b5a5f3023123493706fc4bd,train,HISTORICALLY_EXPOSED,True,True,"High-confidence fine-tune notebooks build one dataset from all 2057 rows. For fallback rows, sample identity was exposed although historical augmented bytes are not reproducible."
ec4fcdad3b687bec98c0,Soil_Labeled_Data/M_50_60/L_90_100/alluvial/z5720142605939_7caf2dad0259dceaa9b82d0f49f18ce1.jpg,1d9f70a629ed7f33b5bb9dcbf9d2edf129960e30bc7d5a1fad18323eb20bc184,test,HISTORICALLY_EXPOSED,True,True,"High-confidence fine-tune notebooks build one dataset from all 2057 rows. For fallback rows, sample identity was exposed although historical augmented bytes are not reproducible."
5806def9692b7eff87df,Soil_Labeled_Data/M_50_60/L_90_100/alluvial/z5720142667793_1b68b578374e456dec54d6a7942a78c6.jpg,85901716749fa7f57af05ad4b6a317f26c6e420ba47d3b76e87ff45ecdfcd54d,train,HISTORICALLY_EXPOSED,True,True,"High-confidence fine-tune notebooks build one dataset from all 2057 rows. For fallback rows, sample identity was exposed although historical augmented bytes are not reproducible."
b0ef2b0f21d79461cb3e,Soil_Labeled_Data/M_50_60/L_90_100/alluvial/z5720142732215_24153a5f94f1690b1290a7adb4f344d9.jpg,1ce12e72af799f3ef641eac772e49eaa601410979f064594ee0697444163f229,train,HISTORICALLY_EXPOSED,True,True,"High-confidence fine-tune notebooks build one dataset from all 2057 rows. For fallback rows, sample identity was exposed although historical augmented bytes are not reproducible."
d12ab2bb1b4cb5c3ff57,Soil_Labeled_Data/M_50_60/L_90_100/alluvial/z5720142803519_7e7073968e86e15707d41ef2d1f8a1cb.jpg,f6f490aa8c06c3f394c6af6b860648034089de50325cbb7a66c6e52da0ace352,validation,HISTORICALLY_EXPOSED,False,True,"High-confidence fine-tune notebooks build one dataset from all 2057 rows. For fallback rows, sample identity was exposed although historical augmented bytes are not reproducible."
0f6f0cd07b1dfd141d3d,Soil_Labeled_Data/M_50_60/L_90_100/alluvial/z5720142873591_1e258c120dc7fd38c4364dc88310cf49.jpg,5d994566c0b179988accce70d34367cca75f3d938d184b5d7c8c9558266443ca,train,HISTORICALLY_EXPOSED,False,True,"High-confidence fine-tune notebooks build one dataset from all 2057 rows. For fallback rows, sample identity was exposed although historical augmented bytes are not reproducible."
d5a806e97c50b967d5ed,Soil_Labeled_Data/M_50_60/L_90_100/alluvial/z5720142944680_d4f5166a1f72d6cb4ddfe9316119b767.jpg,ca85bf8ff5a35539fefbb847acbe12f7f32ecbe248c145a844b511e7bc339c0a,train,HISTORICALLY_EXPOSED,False,True,"High-confidence fine-tune notebooks build one dataset from all 2057 rows. For fallback rows, sample identity was exposed although historical augmented bytes are not reproducible."
5c75b54d520bda715cd1,Soil_Labeled_Data/M_50_60/L_90_100/alluvial/z5720143012313_856304851294ecc8b5397b9311a48d88.jpg,94810c6b3fdfa00d052e30ee95c826701f36d5f4d5e9255127c10e702b24802f,test,HISTORICALLY_EXPOSED,False,True,"High-confidence fine-tune notebooks build one dataset from all 2057 rows. For fallback rows, sample identity was exposed although historical augmented bytes are not reproducible."
4b8b2fd7093587dfecc6,Soil_Labeled_Data/M_50_60/L_90_100/alluvial/z5720143078801_9e7f2d067ac7542cc6f3b8a5bd731451.jpg,323a8ac7e9832d5f0b28a04df602dc3fc509c5d0fbaf03cc9c92e70db03d6391,train,HISTORICALLY_EXPOSED,False,True,"High-confidence fine-tune notebooks build one dataset from all 2057 rows. For fallback rows, sample identity was exposed although historical augmented bytes are not reproducible."
1619b4ddca06207375ef,Soil_Labeled_Data/M_50_60/L_90_100/alluvial/z5720143090213_a08a9f5a97cdc656748cb7fa75edf338.jpg,ad01962ff96b59c7f2e01deccfcfb26565289a1874d4cb18321c4c670dac82f3,validation,HISTORICALLY_EXPOSED,True,True,"High-confidence fine-tune notebooks build one dataset from all 2057 rows. For fallback rows, sample identity was exposed although historical augmented bytes are not reproducible."
d66c77242dce86e6e9a7,Soil_Labeled_Data/M_50_60/L_90_100/alluvial/z5720143103699_d6de3602e00ee02916b885433cd153ac.jpg,22f013a0c4a1d0d774875af11dd19a5943ec5cf8b4947bac016c8b4c94101565,train,HISTORICALLY_EXPOSED,True,True,"High-confidence fine-tune notebooks build one dataset from all 2057 rows. For fallback rows, sample identity was exposed although historical augmented bytes are not reproducible."
7940075ef00f6fb6e99a,Soil_Labeled_Data/M_50_60/L_90_100/alluvial/z5720143115861_efed4878483a1f7e23629c7386a6d09d.jpg,a1d2f3dcbdb6deac51cc360ad72c91414c27231fa74aed3ec9a80915a864b819,test,HISTORICALLY_EXPOSED,True,True,"High-confidence fine-tune notebooks build one dataset from all 2057 rows. For fallback rows, sample identity was exposed although historical augmented bytes are not reproducible."
e8b0cd2c995d907fdaf3,Soil_Labeled_Data/M_50_60/L_90_100/alluvial/z5720143128222_276e4e8586100105a226ae375886a943.jpg,00905821ecc223e991a8ae79e30a1d0e96b33018482c53840d07dd7f2a6ed88b,test,HISTORICALLY_EXPOSED,True,True,"High-confidence fine-tune notebooks build one dataset from all 2057 rows. For fallback rows, sample identity was exposed although historical augmented bytes are not reproducible."
a50c89dd085ce3fe6f27,Soil_Labeled_Data/M_50_60/L_90_100/alluvial/z5720143138433_5a1eba502028ab521a9ccc45f968b42d.jpg,524dd00cf9334bab01402f9145428779b1cb96912a8f0c138dbce8e413024df2,train,HISTORICALLY_EXPOSED,True,True,"High-confidence fine-tune notebooks build one dataset from all 2057 rows. For fallback rows, sample identity was exposed although historical augmented bytes are not reproducible."
b84800b6df810575baf3,Soil_Labeled_Data/M_50_60/L_90_100/alluvial/z5720143154446_d6236257ccb21858bbf8354df5e10a69.jpg,28778be0bae3539683f2940129076cf100dfde68b5c5159cc728f519231fc91e,test,HISTORICALLY_EXPOSED,True,True,"High-confidence fine-tune notebooks build one dataset from all 2057 rows. For fallback rows, sample identity was exposed although historical augmented bytes are not reproducible."
e2dcaba025409f3004e6,Soil_Labeled_Data/M_50_60/L_90_100/alluvial/z5720143165808_c048ad1ab07ddbb36a302d65772e88c8.jpg,9905aa20c91ef10e1318eef77539884be05c4c10b902e962b74c76325f6724c8,validation,HISTORICALLY_EXPOSED,True,True,"High-confidence fine-tune notebooks build one dataset from all 2057 rows. For fallback rows, sample identity was exposed although historical augmented bytes are not reproducible."
467e679fd7981577620c,Soil_Labeled_Data/M_50_60/L_90_100/alluvial/z5720143180627_8991003c4168f68248331f4ae3cb75d1.jpg,ade40a65a23d306319ba2fadfc9c4d5eeaf049ca4046bd5fc41ea69a2e373fa9,train,HISTORICALLY_EXPOSED,True,True,"High-confidence fine-tune notebooks build one dataset from all 2057 rows. For fallback rows, sample identity was exposed although historical augmented bytes are not reproducible."
680b31f6585af7088c07,Soil_Labeled_Data/M_50_60/L_90_100/alluvial/z5720143191868_a2e1d248c34ba593baf30b4defe0d1dd.jpg,9650caa2b1d13f950242ad63651c99f623a0fd736adc8468372e2f4148af1032,train,HISTORICALLY_EXPOSED,True,True,"High-confidence fine-tune notebooks build one dataset from all 2057 rows. For fallback rows, sample identity was exposed although historical augmented bytes are not reproducible."
216cc70abc6ec5ec8fdf,Soil_Labeled_Data/M_60_70/L_0_10/alluvial/IMG_0407_M_10_20_light_brown_M_40_50_gray_brown_M_50_60_gray_brown.jpg,d766fac8c3d3f14b24ef5e60c00ed322c956b398138d122a471322410d4c2187,train,HISTORICALLY_EXPOSED,False,True,"High-confidence fine-tune notebooks build one dataset from all 2057 rows. For fallback rows, sample identity was exposed although historical augmented bytes are not reproducible."
512f866acd2e8b82472e,Soil_Labeled_Data/M_60_70/L_0_10/alluvial/IMG_0408_M_10_20_gray_brown_M_40_50_dark_brown.jpg,ccd915688c4bc313a768ab024e2c17677347b4b18e4be424b86b8202a4603ebb,train,HISTORICALLY_EXPOSED,False,True,"High-confidence fine-tune notebooks build one dataset from all 2057 rows. For fallback rows, sample identity was exposed although historical augmented bytes are not reproducible."
0cce054b04103a8eee03,Soil_Labeled_Data/M_60_70/L_0_10/alluvial/IMG_0408_M_10_20_light_brown_M_40_50_gray_brown.jpg,794f7b3dcd20b8e74c06105ed44e37a162f99f1c8a01b1a846950ca316e891a4,validation,HISTORICALLY_EXPOSED,False,True,"High-confidence fine-tune notebooks build one dataset from all 2057 rows. For fallback rows, sample identity was exposed although historical augmented bytes are not reproducible."
0b4ce831ca01434bb3a0,Soil_Labeled_Data/M_60_70/L_0_10/alluvial/IMG_0412_M_10_20_clayish_red_M_40_50_gray_brown.jpg,01322995587d72dbbbb2b57c83c2bf2fa60074fb146e047add9479446c61eb06,validation,HISTORICALLY_EXPOSED,False,True,"High-confidence fine-tune notebooks build one dataset from all 2057 rows. For fallback rows, sample identity was exposed although historical augmented bytes are not reproducible."
edc95daad9042d88f07c,Soil_Labeled_Data/M_60_70/L_0_10/alluvial/IMG_0424_M_10_20_clayish_red_M_40_50_gray_brown_M_50_60_dark_brown.jpg,b96c0e70ef755b6aa61c3ccd6c644ef34d2a37d2b542ad88199e485975ae120a,train,HISTORICALLY_EXPOSED,False,True,"High-confidence fine-tune notebooks build one dataset from all 2057 rows. For fallback rows, sample identity was exposed although historical augmented bytes are not reproducible."
def76db553aadcd1710d,Soil_Labeled_Data/M_60_70/L_0_10/alluvial/IMG_0424_M_10_20_pale_yellow_M_40_50_gray_brown.jpg,04996447a1c5e33be989230b84d0b557909c9ee3d50ce36b1ba8997178536771,train,HISTORICALLY_EXPOSED,False,True,"High-confidence fine-tune notebooks build one dataset from all 2057 rows. For fallback rows, sample identity was exposed although historical augmented bytes are not reproducible."
9f62333d49d93ceb0b5d,Soil_Labeled_Data/M_60_70/L_0_10/alluvial/IMG_0425_M_10_20_light_brown_M_40_50_light_brown_M_50_60_dark_brown.jpg,06818fd93670e614c93b1d9fa4239ec9b928b7a9cfb6cffee4e7e8a51f9ea3c3,train,HISTORICALLY_EXPOSED,False,True,"High-confidence fine-tune notebooks build one dataset from all 2057 rows. For fallback rows, sample identity was exposed although historical augmented bytes are not reproducible."
e6cb228074fbb54c39ed,Soil_Labeled_Data/M_60_70/L_0_10/alluvial/z5714094852999_fd9ac792493327c55c368da0ff69bc86_M_0_10_clayish_red_M_40_50_dark_brown.jpg,48aadda63b26545c4288885ca1c8162e4bdff0b901cec5e56b1d08a3ed7f17d4,train,HISTORICALLY_EXPOSED,True,True,"High-confidence fine-tune notebooks build one dataset from all 2057 rows. For fallback rows, sample identity was exposed although historical augmented bytes are not reproducible."
489e427a2bb35a83e548,Soil_Labeled_Data/M_60_70/L_0_10/alluvial/z5714094901576_151d7c7f5174236f4ce3c22eb6767bd0_M_0_10_clayish_red_M_40_50_gray_brown_M_50_60_gray_brown.jpg,84d3a7dbe14ac51b873a008dec2366552c73f2b8a37962aeb1acc94afb573278,test,HISTORICALLY_EXPOSED,True,True,"High-confidence fine-tune notebooks build one dataset from all 2057 rows. For fallback rows, sample identity was exposed although historical augmented bytes are not reproducible."
c2e8487689ff5d548fe2,Soil_Labeled_Data/M_60_70/L_0_10/alluvial/z5714095361298_5b8521f71b6051a784c85bd3550ccbe0_M_0_10_pale_yellow_M_40_50_gray_brown.jpg,568694cbcc12859498a52307cb62a35a3fe93ac1bb247cdd3f3ba7b15501e7a7,train,HISTORICALLY_EXPOSED,True,True,"High-confidence fine-tune notebooks build one dataset from all 2057 rows. For fallback rows, sample identity was exposed although historical augmented bytes are not reproducible."
cbdbc42d678d635d3671,Soil_Labeled_Data/M_60_70/L_0_10/alluvial/z5714095397323_3ba8d5731fe9ad72ecd36a4f5fe55be2_M_0_10_clayish_red_M_40_50_light_brown_M_50_60_gray_brown.jpg,848c112d147d9a11e93141fb8497619c47fdc67d913294f8864dd0ed90a02967,train,HISTORICALLY_EXPOSED,True,True,"High-confidence fine-tune notebooks build one dataset from all 2057 rows. For fallback rows, sample identity was exposed although historical augmented bytes are not reproducible."
5d042c1f8bc69227b014,Soil_Labeled_Data/M_60_70/L_0_10/alluvial/z5714095489034_176c03ba900d1a0940308cd7513b0794_M_0_10_clayish_red_M_40_50_dark_brown.jpg,243920702ac1f9610f5936ebec2a8d52f9b7186f09b958b8735f45b35be73830,train,HISTORICALLY_EXPOSED,True,True,"High-confidence fine-tune notebooks build one dataset from all 2057 rows. For fallback rows, sample identity was exposed although historical augmented bytes are not reproducible."
5974002ac2acdbb6cf3e,Soil_Labeled_Data/M_60_70/L_0_10/alluvial/z5716041600867_155ef81185111d0c63d0fb1432ad825c_M_30_40_gray_brown_M_40_50_dark_brown.jpg,b93ce6cd44623621d0840a98cd706c44a8df6506f097fd2cac2ec98ec8ca9818,validation,HISTORICALLY_EXPOSED,True,True,"High-confidence fine-tune notebooks build one dataset from all 2057 rows. For fallback rows, sample identity was exposed although historical augmented bytes are not reproducible."
a65d8f9c7d046ef7cb22,Soil_Labeled_Data/M_60_70/L_0_10/alluvial/z5716041803963_45e386f270937e1ffed33e997140939d_M_30_40_clayish_red_M_40_50_gray_brown_M_50_60_dark_brown.jpg,a9f64914d0111d24eff82449e3b299215eb8e09c192d9f4349128a354662bdcb,train,HISTORICALLY_EXPOSED,True,True,"High-confidence fine-tune notebooks build one dataset from all 2057 rows. For fallback rows, sample identity was exposed although historical augmented bytes are not reproducible."
0ae70402503dd8fa644d,Soil_Labeled_Data/M_60_70/L_0_10/alluvial/z5716041844114_ff29c3aa34e5e5744c16680220233e4e_M_30_40_gray_brown_M_40_50_gray_brown.jpg,37e73f49f40774bb1edb60b9e9a99f1b09c146ed469a2e1bf4573d5cf321cff8,test,HISTORICALLY_EXPOSED,True,True,"High-confidence fine-tune notebooks build one dataset from all 2057 rows. For fallback rows, sample identity was exposed although historical augmented bytes are not reproducible."
df67baa08f6f47896465,Soil_Labeled_Data/M_60_70/L_0_10/alluvial/z5716041962889_1d362459ea63da03f90b3aa0f319097d_M_30_40_light_brown_M_40_50_gray_brown_M_50_60_dark_brown.jpg,d08aa6a13a04fe5483827a01736e580777147de93393a00cec009af1eb921864,train,HISTORICALLY_EXPOSED,True,True,"High-confidence fine-tune notebooks build one dataset from all 2057 rows. For fallback rows, sample identity was exposed although historical augmented bytes are not reproducible."
2d5420c1c25ac38b669d,Soil_Labeled_Data/M_60_70/L_0_10/alluvial/z5716042049106_e42202833efd1fc8789876381aea1f57_M_30_40_gray_brown_M_50_60_dark_brown.jpg,fc5795451e63451e03cbcd3b985ad7ad2f9cc253a9b1d26e7575cdf8523b20a9,train,HISTORICALLY_EXPOSED,True,True,"High-confidence fine-tune notebooks build one dataset from all 2057 rows. For fallback rows, sample identity was exposed although historical augmented bytes are not reproducible."
f800f66d824596028600,Soil_Labeled_Data/M_60_70/L_0_10/alluvial/z5716042093255_6eec8feb89829ca2230990c0d5fa8cf8_M_30_40_gray_brown_M_40_50_light_brown_M_50_60_dark_brown.jpg,652a5f11460500688c8191fce5e73fa41092541d5a1afb4dc72affdccb5b2a28,train,HISTORICALLY_EXPOSED,True,True,"High-confidence fine-tune notebooks build one dataset from all 2057 rows. For fallback rows, sample identity was exposed although historical augmented bytes are not reproducible."
0333501c81f527ccd3ba,Soil_Labeled_Data/M_60_70/L_0_10/alluvial/z5716042289286_4f5ba54e9a7dd70e051e6c0bf403d0f8_M_30_40_pale_yellow_M_40_50_light_brown_M_50_60_dark_brown.jpg,0af80185b06602ed1f5323a951c3a6b566d7345139688febe61166c9b9eb203b,train,HISTORICALLY_EXPOSED,True,True,"High-confidence fine-tune notebooks build one dataset from all 2057 rows. For fallback rows, sample identity was exposed although historical augmented bytes are not reproducible."
88b353eacc65e21a12e3,Soil_Labeled_Data/M_60_70/L_0_10/alluvial/z5716042321152_979083553c4378666fb6af100231c565_M_30_40_pale_yellow_M_40_50_light_brown_M_50_60_dark_brown.jpg,b4f0231d6d120fa8792ee0dd2faca481fbcfcd4835ab2ebb2941c107c5526d7d,validation,HISTORICALLY_EXPOSED,True,True,"High-confidence fine-tune notebooks build one dataset from all 2057 rows. For fallback rows, sample identity was exposed although historical augmented bytes are not reproducible."
fa0ad32e950ba0eb24c6,Soil_Labeled_Data/M_60_70/L_10_20/alluvial/IMG_0012_M_0_10_clayish_red_M_40_50_gray_brown.jpg,ae2eaf80dd7b697348a822211dce88869e7a7db593c1d8ee35c95415bbfb68ef,train,HISTORICALLY_EXPOSED,True,True,"High-confidence fine-tune notebooks build one dataset from all 2057 rows. For fallback rows, sample identity was exposed although historical augmented bytes are not reproducible."
8dabb2de8b887fc0ea58,Soil_Labeled_Data/M_60_70/L_10_20/alluvial/IMG_0014_M_0_10_light_brown_M_40_50_gray_brown.jpg,4cd796814fac64eed464f16b486eeb7c266c9ddb92ed7f370f7a07735bd61ec0,train,HISTORICALLY_EXPOSED,True,True,"High-confidence fine-tune notebooks build one dataset from all 2057 rows. For fallback rows, sample identity was exposed although historical augmented bytes are not reproducible."
a4b2da1284cbf8f0387c,Soil_Labeled_Data/M_60_70/L_10_20/alluvial/IMG_0017_M_0_10_gray_brown_M_40_50_gray_brown.jpg,5f149feebda9269236743a490d51ea7b0a4609cc335fb2879c63ee1b11cd6391,train,HISTORICALLY_EXPOSED,True,True,"High-confidence fine-tune notebooks build one dataset from all 2057 rows. For fallback rows, sample identity was exposed although historical augmented bytes are not reproducible."
8cb6947302e89399277f,Soil_Labeled_Data/M_60_70/L_10_20/alluvial/IMG_0450_M_10_20_light_brown_M_40_50_light_brown_M_50_60_gray_brown.jpg,4fb3392625f71400b76ecf6236149b722291c38a27603b9c9cacc8db337e932d,train,HISTORICALLY_EXPOSED,True,True,"High-confidence fine-tune notebooks build one dataset from all 2057 rows. For fallback rows, sample identity was exposed although historical augmented bytes are not reproducible."
6f91b853f984bc4f8d6f,Soil_Labeled_Data/M_60_70/L_10_20/alluvial/IMG_0456_M_10_20_gray_brown_M_40_50_gray_brown_M_50_60_gray_brown.jpg,57418746d3a7225c2f2461b8e7fe64063cfe35cb25455c05143b6aec679ea0fb,validation,HISTORICALLY_EXPOSED,True,True,"High-confidence fine-tune notebooks build one dataset from all 2057 rows. For fallback rows, sample identity was exposed although historical augmented bytes are not reproducible."
10a09e22f2dbe5971b4f,Soil_Labeled_Data/M_60_70/L_10_20/alluvial/IMG_0456_M_10_20_pale_yellow_M_40_50_gray_brown_M_50_60_gray_brown.jpg,2390e05af005523758ef8192f2e7c8f53190abfb73d7a1c9bc4df3de4f9202e3,validation,HISTORICALLY_EXPOSED,True,True,"High-confidence fine-tune notebooks build one dataset from all 2057 rows. For fallback rows, sample identity was exposed although historical augmented bytes are not reproducible."
37f3f66040117e9c6b76,Soil_Labeled_Data/M_60_70/L_10_20/alluvial/IMG_0462_M_10_20_pale_yellow_M_40_50_dark_brown.jpg,5e151d80d55ab0e8379595e61f301f97d382cf84249b51ece626107fdb600280,train,HISTORICALLY_EXPOSED,True,True,"High-confidence fine-tune notebooks build one dataset from all 2057 rows. For fallback rows, sample identity was exposed although historical augmented bytes are not reproducible."
c13c9324f3334d019e89,Soil_Labeled_Data/M_60_70/L_10_20/alluvial/IMG_0464_M_10_20_gray_brown_M_40_50_light_brown_M_50_60_gray_brown.jpg,24d27504ca93037eb18d33f5378caf66ddbee057fc7d41a6410332b10c34ed24,validation,HISTORICALLY_EXPOSED,True,True,"High-confidence fine-tune notebooks build one dataset from all 2057 rows. For fallback rows, sample identity was exposed although historical augmented bytes are not reproducible."
62523f5dbeae813abb06,Soil_Labeled_Data/M_60_70/L_10_20/alluvial/IMG_0468_M_10_20_clayish_red_M_40_50_gray_brown.jpg,7bdaa6c870a5f1d339b9a7acc84f1d0ad6a1d22c4e685718bcfc466359b9663b,train,HISTORICALLY_EXPOSED,True,True,"High-confidence fine-tune notebooks build one dataset from all 2057 rows. For fallback rows, sample identity was exposed although historical augmented bytes are not reproducible."
be8685352c9554b79807,Soil_Labeled_Data/M_60_70/L_10_20/alluvial/IMG_0468_M_10_20_clayish_red_M_40_50_gray_brown_M_50_60_dark_brown.jpg,0191d68405286ae646f21228f8c16aa076445070373053d4624f7521674d3b07,train,HISTORICALLY_EXPOSED,True,True,"High-confidence fine-tune notebooks build one dataset from all 2057 rows. For fallback rows, sample identity was exposed although historical augmented bytes are not reproducible."
45000ea576dcf3416400,Soil_Labeled_Data/M_60_70/L_10_20/alluvial/z5716081479236_4f46eb9ba24b9a8e3689a059294eb719_M_30_40_clayish_red_M_40_50_gray_brown.jpg,e5ccfed6d8a29008dbe74a9010cf8402f1562e3cc1d4a425741c2c4b216d1fdf,validation,HISTORICALLY_EXPOSED,True,True,"High-confidence fine-tune notebooks build one dataset from all 2057 rows. For fallback rows, sample identity was exposed although historical augmented bytes are not reproducible."
e2e9e0ec2f2c87ba2413,Soil_Labeled_Data/M_60_70/L_10_20/alluvial/z5716081479236_4f46eb9ba24b9a8e3689a059294eb719_M_30_40_clayish_red_M_40_50_light_brown_M_50_60_dark_brown.jpg,3013dd880a06017d4065fe7b38430640f9afce31d184831964d819bc9aa4b81b,validation,HISTORICALLY_EXPOSED,True,True,"High-confidence fine-tune notebooks build one dataset from all 2057 rows. For fallback rows, sample identity was exposed although historical augmented bytes are not reproducible."
a8fd055574a5368a0385,Soil_Labeled_Data/M_60_70/L_10_20/alluvial/z5716081579514_5a67b978119dcf79cb53e218abca90ab_M_30_40_light_brown_M_40_50_dark_brown.jpg,9805527b954d08ae0d83cac301f899ad458c1c9e246302124b479a7ef2137e71,test,HISTORICALLY_EXPOSED,True,True,"High-confidence fine-tune notebooks build one dataset from all 2057 rows. For fallback rows, sample identity was exposed although historical augmented bytes are not reproducible."
a9020ebea295ea5c853a,Soil_Labeled_Data/M_60_70/L_10_20/alluvial/z5716081662580_90fe70bd39227686c8ca01467428faf4_M_30_40_clayish_red_M_40_50_dark_brown.jpg,66c783d896404a8e0c45395af7fd6b7391ee9bdce281c7bf1a685c28ce67b049,train,HISTORICALLY_EXPOSED,True,True,"High-confidence fine-tune notebooks build one dataset from all 2057 rows. For fallback rows, sample identity was exposed although historical augmented bytes are not reproducible."
b6fce6a93aa1f98fd4ec,Soil_Labeled_Data/M_60_70/L_10_20/alluvial/z5716081732799_46a8abd72cd445d5fc7f7576562133ff_M_30_40_pale_yellow_M_40_50_light_brown_M_50_60_dark_brown.jpg,2447ca3448a5a6e4f131cf7efa7ed58f8a73e005accf0e77fce5ed5c0df35dca,test,HISTORICALLY_EXPOSED,True,True,"High-confidence fine-tune notebooks build one dataset from all 2057 rows. For fallback rows, sample identity was exposed although historical augmented bytes are not reproducible."
2768319557ad7d8b1a49,Soil_Labeled_Data/M_60_70/L_10_20/alluvial/z5716081741279_e6dcbcb3d2252e27194aab74ebc27762_M_30_40_light_brown_M_40_50_gray_brown.jpg,93426a1f32400a4c91577ee96bab85da126a844bc43b13a3681709f54825dfb9,train,HISTORICALLY_EXPOSED,True,True,"High-confidence fine-tune notebooks build one dataset from all 2057 rows. For fallback rows, sample identity was exposed although historical augmented bytes are not reproducible."
5dda5d72c42b5a097905,Soil_Labeled_Data/M_60_70/L_10_20/alluvial/z5716081741279_e6dcbcb3d2252e27194aab74ebc27762_M_30_40_pale_yellow_M_40_50_gray_brown.jpg,97d7fd36402d8ff9596f9d65a6eba937bca4ea238f0b75c496be70def012a229,train,HISTORICALLY_EXPOSED,True,True,"High-confidence fine-tune notebooks build one dataset from all 2057 rows. For fallback rows, sample identity was exposed although historical augmented bytes are not reproducible."
5764999352b2111ec062,Soil_Labeled_Data/M_60_70/L_10_20/alluvial/z5716081741279_e6dcbcb3d2252e27194aab74ebc27762_M_30_40_pale_yellow_M_40_50_light_brown_M_50_60_dark_brown.jpg,f594dd5076fdd9c7a4a0845e36b90168656b55c7c99ec70b2b429779a98398fe,train,HISTORICALLY_EXPOSED,True,True,"High-confidence fine-tune notebooks build one dataset from all 2057 rows. For fallback rows, sample identity was exposed although historical augmented bytes are not reproducible."
0f866f90aa88d8bd87cd,Soil_Labeled_Data/M_60_70/L_10_20/alluvial/z5716081783135_13a61c0ddb9d30f00b44e630e47c1f42_M_30_40_gray_brown_M_40_50_gray_brown_M_50_60_dark_brown.jpg,2bb0dabb2f12060702783da7573ccaf3626851a6d0882e884563832b1b69a39b,validation,HISTORICALLY_EXPOSED,True,True,"High-confidence fine-tune notebooks build one dataset from all 2057 rows. For fallback rows, sample identity was exposed although historical augmented bytes are not reproducible."
3c3e2cdbb25e2659d193,Soil_Labeled_Data/M_60_70/L_10_20/alluvial/z5716081793488_8e267ac7db26534a784551ddef1bbd5f_M_30_40_gray_brown_M_40_50_gray_brown_M_50_60_dark_brown.jpg,8a8526e654955725bb77bfb4acd2d55b9d9708fffdf38871544708203255dfeb,train,HISTORICALLY_EXPOSED,True,True,"High-confidence fine-tune notebooks build one dataset from all 2057 rows. For fallback rows, sample identity was exposed although historical augmented bytes are not reproducible."
430fce5419cfc113a1c2,Soil_Labeled_Data/M_60_70/L_20_30/alluvial/IMG_0057_M_0_10_clayish_red_M_40_50_dark_brown.jpg,3390a42c9021ab698e513381e52f4afc70353367368504562e5cedbfa7aba7fe,train,HISTORICALLY_EXPOSED,True,True,"High-confidence fine-tune notebooks build one dataset from all 2057 rows. For fallback rows, sample identity was exposed although historical augmented bytes are not reproducible."
7aa779fd9daad63dda0c,Soil_Labeled_Data/M_60_70/L_20_30/alluvial/IMG_0059_M_0_10_pale_yellow_M_40_50_gray_brown.jpg,8f923c22009814abae8dc8c517a7991899b818339443658d749f9397cd6f81d6,train,HISTORICALLY_EXPOSED,True,True,"High-confidence fine-tune notebooks build one dataset from all 2057 rows. For fallback rows, sample identity was exposed although historical augmented bytes are not reproducible."
2e9a9d05a0b8a9b527e5,Soil_Labeled_Data/M_60_70/L_20_30/alluvial/IMG_0063_M_0_10_light_brown_M_40_50_light_brown_M_50_60_gray_brown.jpg,45f013ee81b6cec7eb7d2d88b45ae573291ac0aeae6ca401c71d4f51cd2bb83d,validation,HISTORICALLY_EXPOSED,True,True,"High-confidence fine-tune notebooks build one dataset from all 2057 rows. For fallback rows, sample identity was exposed although historical augmented bytes are not reproducible."
e6c71dffe7876476b1a1,Soil_Labeled_Data/M_60_70/L_20_30/alluvial/IMG_0500_M_10_20_clayish_red_M_40_50_dark_brown.jpg,06fddb34ce7ce4b5ed72dd93735f2941304c7ac8a63cb0b22e134acb3daa3eee,test,HISTORICALLY_EXPOSED,True,True,"High-confidence fine-tune notebooks build one dataset from all 2057 rows. For fallback rows, sample identity was exposed although historical augmented bytes are not reproducible."
14def0765ba289b19cc7,Soil_Labeled_Data/M_60_70/L_20_30/alluvial/IMG_0500_M_10_20_clayish_red_M_40_50_light_brown_M_50_60_gray_brown.jpg,4ac0c95cd7526a2d0b95cc54431a569cbd6b83c8313edfcd2b503e0da045a1b3,test,HISTORICALLY_EXPOSED,True,True,"High-confidence fine-tune notebooks build one dataset from all 2057 rows. For fallback rows, sample identity was exposed although historical augmented bytes are not reproducible."
37b658a5d9d22aecccf5,Soil_Labeled_Data/M_60_70/L_20_30/alluvial/IMG_0501_M_10_20_clayish_red_M_40_50_gray_brown.jpg,4ac5b232fba100a65da9f42cfc0aa78fa71ba5b8c74681a09dca02990050d1e3,train,HISTORICALLY_EXPOSED,True,True,"High-confidence fine-tune notebooks build one dataset from all 2057 rows. For fallback rows, sample identity was exposed although historical augmented bytes are not reproducible."
3a61f9f7371e579a960d,Soil_Labeled_Data/M_60_70/L_20_30/alluvial/IMG_0501_M_10_20_light_brown_M_40_50_dark_brown.jpg,d5490301cf832a5396776870df06fcff406e1984915746957eb09c804bb8957b,train,HISTORICALLY_EXPOSED,True,True,"High-confidence fine-tune notebooks build one dataset from all 2057 rows. For fallback rows, sample identity was exposed although historical augmented bytes are not reproducible."
146063b9e72897e7cf66,Soil_Labeled_Data/M_60_70/L_20_30/alluvial/IMG_0505_M_10_20_gray_brown_M_40_50_gray_brown_M_50_60_gray_brown.jpg,c125fbb4bacf3fc3dc6667a04fad8b9f95a9eefbdd1a7bc717bd8b7511ab2366,train,HISTORICALLY_EXPOSED,True,True,"High-confidence fine-tune notebooks build one dataset from all 2057 rows. For fallback rows, sample identity was exposed although historical augmented bytes are not reproducible."
8211115e62e1933e1934,Soil_Labeled_Data/M_60_70/L_20_30/alluvial/IMG_0507_M_10_20_clayish_red_M_40_50_gray_brown_M_50_60_dark_brown.jpg,b937a86d9862cb18b863b0360f48718f681ad67ff907a9e9c39c06fab5e6377c,train,HISTORICALLY_EXPOSED,True,True,"High-confidence fine-tune notebooks build one dataset from all 2057 rows. For fallback rows, sample identity was exposed although historical augmented bytes are not reproducible."
a8ab805762ce7214816b,Soil_Labeled_Data/M_60_70/L_20_30/alluvial/IMG_0508_M_10_20_clayish_red_M_40_50_gray_brown.jpg,a22bfec2410003db1c67bc43eda548ee3128850cfb3896afd389a1e9d7e13f9a,train,HISTORICALLY_EXPOSED,True,True,"High-confidence fine-tune notebooks build one dataset from all 2057 rows. For fallback rows, sample identity was exposed although historical augmented bytes are not reproducible."
8f8ab3754323cd99276e,Soil_Labeled_Data/M_60_70/L_20_30/alluvial/IMG_0512_M_10_20_light_brown_M_40_50_light_brown_M_50_60_dark_brown.jpg,a38d42a4121923a892d0a390dccdd803640382dae4ee672cb7ef70d90d6d6831,train,HISTORICALLY_EXPOSED,True,True,"High-confidence fine-tune notebooks build one dataset from all 2057 rows. For fallback rows, sample identity was exposed although historical augmented bytes are not reproducible."
6653ae38810dac831f6c,Soil_Labeled_Data/M_60_70/L_20_30/alluvial/IMG_0513_M_10_20_clayish_red_M_40_50_gray_brown_M_50_60_gray_brown.jpg,a1e8012a2cd2207cafe4c3d5103bd5ba5e4ae2ae3a47c6e13c5135ee0ca799f7,train,HISTORICALLY_EXPOSED,True,True,"High-confidence fine-tune notebooks build one dataset from all 2057 rows. For fallback rows, sample identity was exposed although historical augmented bytes are not reproducible."
0d80bfc40445a93c51e5,Soil_Labeled_Data/M_60_70/L_20_30/alluvial/z5716143848502_4bd0eba511c987674067e6093eb213b9_M_30_40_clayish_red_M_40_50_gray_brown.jpg,1d69075ad57352e30dcc34ee494fc7ccbef1017e2a67fa17632590ba2c8f4a9c,train,HISTORICALLY_EXPOSED,True,True,"High-confidence fine-tune notebooks build one dataset from all 2057 rows. For fallback rows, sample identity was exposed although historical augmented bytes are not reproducible."
5cb3c68c485d6dd0bb1e,Soil_Labeled_Data/M_60_70/L_20_30/alluvial/z5716143884036_b02bdfc16942b9a4a8029ffa42d721fa_M_30_40_gray_brown_M_50_60_gray_brown.jpg,ef8e3cfbc38b9fc6e7b8477721e178951f0634cabccdf80906645ce657f14141,train,HISTORICALLY_EXPOSED,True,True,"High-confidence fine-tune notebooks build one dataset from all 2057 rows. For fallback rows, sample identity was exposed although historical augmented bytes are not reproducible."
ca488380259c73092dc8,Soil_Labeled_Data/M_60_70/L_20_30/alluvial/z5716143930779_82598f78ba14dbaef200f73e32b8e318_M_30_40_clayish_red_M_40_50_dark_brown.jpg,03988a7ce00449675ac4249266a24a66565b346e9a269d7f2434d0060898e79b,train,HISTORICALLY_EXPOSED,True,True,"High-confidence fine-tune notebooks build one dataset from all 2057 rows. For fallback rows, sample identity was exposed although historical augmented bytes are not reproducible."
564450f63be964195c60,Soil_Labeled_Data/M_60_70/L_20_30/alluvial/z5716143930779_82598f78ba14dbaef200f73e32b8e318_M_30_40_gray_brown_M_40_50_gray_brown.jpg,dbef50ce1576ed14972c486a8cd69f0420b27d02f5ac59ce6dbcf180c9c74fe5,train,HISTORICALLY_EXPOSED,True,True,"High-confidence fine-tune notebooks build one dataset from all 2057 rows. For fallback rows, sample identity was exposed although historical augmented bytes are not reproducible."
f2ea35b0444aca6eb76d,Soil_Labeled_Data/M_60_70/L_20_30/alluvial/z5716143971881_3b7ae01df4bd18ac6697e43919b461a8_M_30_40_clayish_red_M_40_50_dark_brown.jpg,88645649ff924c115899a337b9764bd1088aac2d10bd14cb35c0df8125087243,test,HISTORICALLY_EXPOSED,True,True,"High-confidence fine-tune notebooks build one dataset from all 2057 rows. For fallback rows, sample identity was exposed although historical augmented bytes are not reproducible."
1c408a42ae0bc8b9278a,Soil_Labeled_Data/M_60_70/L_20_30/alluvial/z5716144235764_fed4a8b02740ef64fdb95af4099f1336_M_30_40_clayish_red_M_40_50_dark_brown.jpg,ca604aca836c8bcbbc19210330e7271fa471b72d65c22041d3c5d9a08ef2e2e7,train,HISTORICALLY_EXPOSED,True,True,"High-confidence fine-tune notebooks build one dataset from all 2057 rows. For fallback rows, sample identity was exposed although historical augmented bytes are not reproducible."
9dedbe2a44c53f467898,Soil_Labeled_Data/M_60_70/L_20_30/alluvial/z5716144261339_6eba7d5b24673487e96288acbc583744_M_30_40_light_brown_M_40_50_gray_brown_M_50_60_dark_brown.jpg,fced3cd559e1c33c86946a2e808079a4ffeec27b4724c44ea86292c72b56d160,validation,HISTORICALLY_EXPOSED,True,True,"High-confidence fine-tune notebooks build one dataset from all 2057 rows. For fallback rows, sample identity was exposed although historical augmented bytes are not reproducible."
c7eef277a6c55d2fb39c,Soil_Labeled_Data/M_60_70/L_20_30/alluvial/z5716144284037_44127132185b5cccfae5b4beda32cc38_M_30_40_gray_brown_M_50_60_dark_brown.jpg,fe9ac971f25797fc5d38cfdc8005dc6bc211efbdb7e11de0e58049f82d39f64f,test,HISTORICALLY_EXPOSED,True,True,"High-confidence fine-tune notebooks build one dataset from all 2057 rows. For fallback rows, sample identity was exposed although historical augmented bytes are not reproducible."
18b5ab9facd512007c16,Soil_Labeled_Data/M_60_70/L_30_40/alluvial/IMG_0098_M_0_10_pale_yellow_M_40_50_gray_brown.jpg,10d9d7d081e11b2d1e0b84f9933bc21efff871b38a74dc8bf014ae0a5c7000d2,train,HISTORICALLY_EXPOSED,True,True,"High-confidence fine-tune notebooks build one dataset from all 2057 rows. For fallback rows, sample identity was exposed although historical augmented bytes are not reproducible."
b5454493deb5fbb96fc0,Soil_Labeled_Data/M_60_70/L_30_40/alluvial/IMG_0100_M_0_10_gray_brown_M_40_50_gray_brown.jpg,88ed7c84db080b96cc1bee2e1f04b281e28170b8c1f45867475efe4149a4be30,train,HISTORICALLY_EXPOSED,False,True,"High-confidence fine-tune notebooks build one dataset from all 2057 rows. For fallback rows, sample identity was exposed although historical augmented bytes are not reproducible."
9bdc87a6c35da2b58f2d,Soil_Labeled_Data/M_60_70/L_30_40/alluvial/IMG_0103_M_0_10_clayish_red_M_40_50_dark_brown.jpg,7424c6c8a3f738cd64d07572f03fc5b5df0d65a668f0068c980fd9e1d75a62ce,test,HISTORICALLY_EXPOSED,False,True,"High-confidence fine-tune notebooks build one dataset from all 2057 rows. For fallback rows, sample identity was exposed although historical augmented bytes are not reproducible."
a6d565a304f742ba3233,Soil_Labeled_Data/M_60_70/L_30_40/alluvial/IMG_0104_M_0_10_clayish_red_M_40_50_light_brown_M_50_60_gray_brown.jpg,fdeb3fc13dce2907cdddf6b70559c276853fd0acc0dbb65d1491ca037fac8a35,train,HISTORICALLY_EXPOSED,True,True,"High-confidence fine-tune notebooks build one dataset from all 2057 rows. For fallback rows, sample identity was exposed although historical augmented bytes are not reproducible."
3b04d7dda9ab8b61f668,Soil_Labeled_Data/M_60_70/L_30_40/alluvial/IMG_0106_M_0_10_gray_brown_M_40_50_gray_brown_M_50_60_gray_brown.jpg,71f95fda6c40bfd6d462c50915edd597d5d5c1e87080615854798aa664729614,train,HISTORICALLY_EXPOSED,False,True,"High-confidence fine-tune notebooks build one dataset from all 2057 rows. For fallback rows, sample identity was exposed although historical augmented bytes are not reproducible."
f5c8f52d5b203297c6ae,Soil_Labeled_Data/M_60_70/L_30_40/alluvial/IMG_0113_M_0_10_clayish_red_M_40_50_light_brown_M_50_60_dark_brown.jpg,0349a2cd5a9cfbaf0038533fad781cad27081574803a44e98d2a1918ca1b5cb8,train,HISTORICALLY_EXPOSED,True,True,"High-confidence fine-tune notebooks build one dataset from all 2057 rows. For fallback rows, sample identity was exposed although historical augmented bytes are not reproducible."
eb33acc3a58dc5e2c00a,Soil_Labeled_Data/M_60_70/L_30_40/alluvial/IMG_0113_M_0_10_pale_yellow_M_40_50_gray_brown.jpg,ec0d08cebf603488f8641290dc84d068b159c0d3d9ed987f9d811d5bdffff7be,train,HISTORICALLY_EXPOSED,True,True,"High-confidence fine-tune notebooks build one dataset from all 2057 rows. For fallback rows, sample identity was exposed although historical augmented bytes are not reproducible."
3f0d7e2f24b42c3d3dcb,Soil_Labeled_Data/M_60_70/L_30_40/alluvial/IMG_0545_M_10_20_gray_brown_M_40_50_gray_brown.jpg,9fc70622bdb351f2b46fee33fcc9d471b50d7b0e9858b05cef64edeadfcde7bf,train,HISTORICALLY_EXPOSED,True,True,"High-confidence fine-tune notebooks build one dataset from all 2057 rows. For fallback rows, sample identity was exposed although historical augmented bytes are not reproducible."
358c2ae5141e7bb434da,Soil_Labeled_Data/M_60_70/L_30_40/alluvial/IMG_0557_M_10_20_pale_yellow_M_40_50_light_brown_M_50_60_gray_brown.jpg,bc202f2be432c0818318fbab61f74caddacd58e99ac34d7dc014b4c7734ec13b,validation,HISTORICALLY_EXPOSED,True,True,"High-confidence fine-tune notebooks build one dataset from all 2057 rows. For fallback rows, sample identity was exposed although historical augmented bytes are not reproducible."
525b11ebfeec8dd14c1f,Soil_Labeled_Data/M_60_70/L_30_40/alluvial/IMG_0559_M_10_20_pale_yellow_M_40_50_gray_brown_M_50_60_gray_brown.jpg,085d5fd8abe111ebfa3e7436b2d5f70e13f05270efcab89ab19c5c7057734783,train,HISTORICALLY_EXPOSED,True,True,"High-confidence fine-tune notebooks build one dataset from all 2057 rows. For fallback rows, sample identity was exposed although historical augmented bytes are not reproducible."
4694ee29db09db8cdb92,Soil_Labeled_Data/M_60_70/L_30_40/alluvial/IMG_0561_M_10_20_light_brown_M_40_50_dark_brown.jpg,004076fb7a3eb9529483e7c35168372cee64c15265db9b12d8ed64b6c2f06ed7,train,HISTORICALLY_EXPOSED,True,True,"High-confidence fine-tune notebooks build one dataset from all 2057 rows. For fallback rows, sample identity was exposed although historical augmented bytes are not reproducible."
a6cf7ec7797d29491d04,Soil_Labeled_Data/M_60_70/L_30_40/alluvial/z5716113532944_e24b5c26485417eddb8588efca3eea1f_M_30_40_light_brown_M_40_50_gray_brown.jpg,eba62972b2018b0307f069ba9f207565f1576fc6b7703e994326eeca7d47b440,train,HISTORICALLY_EXPOSED,True,True,"High-confidence fine-tune notebooks build one dataset from all 2057 rows. For fallback rows, sample identity was exposed although historical augmented bytes are not reproducible."
e44109362ab768947192,Soil_Labeled_Data/M_60_70/L_30_40/alluvial/z5716113582590_c1f59f1cd35db605de2ac5249cd439b0_M_30_40_light_brown_M_40_50_dark_brown.jpg,7635bc9b06db64a9bd45b6e2cf488883462cd3e3a6807ff20b0a28fbc5bddb99,validation,HISTORICALLY_EXPOSED,True,True,"High-confidence fine-tune notebooks build one dataset from all 2057 rows. For fallback rows, sample identity was exposed although historical augmented bytes are not reproducible."
b96b89777a8b8b1ab6cf,Soil_Labeled_Data/M_60_70/L_30_40/alluvial/z5716113632942_5f926ef109e13eb9a864102d6cae87cc_M_30_40_gray_brown_M_40_50_gray_brown.jpg,11e98428cb49b7222d324cf669a2107966af5f150a7c9e37576cf3bd92e07b3b,train,HISTORICALLY_EXPOSED,True,True,"High-confidence fine-tune notebooks build one dataset from all 2057 rows. For fallback rows, sample identity was exposed although historical augmented bytes are not reproducible."
973466649a6b7f7be10c,Soil_Labeled_Data/M_60_70/L_30_40/alluvial/z5716113632942_5f926ef109e13eb9a864102d6cae87cc_M_30_40_light_brown_M_50_60_gray_brown.jpg,3b632312f22cdb60c31770dde614ed455bb447c6cf83828fc56271d5ab311ac1,train,HISTORICALLY_EXPOSED,True,True,"High-confidence fine-tune notebooks build one dataset from all 2057 rows. For fallback rows, sample identity was exposed although historical augmented bytes are not reproducible."
3c6bc657d5ef66d84da2,Soil_Labeled_Data/M_60_70/L_30_40/alluvial/z5716113879850_447b9ea1dd28b71c4c2a3579561cee3f_M_30_40_light_brown_M_50_60_gray_brown.jpg,3bd577d573e045598edc8c898ffc6348d9f36b78119a3cb221aa927a57bd147d,train,HISTORICALLY_EXPOSED,True,True,"High-confidence fine-tune notebooks build one dataset from all 2057 rows. For fallback rows, sample identity was exposed although historical augmented bytes are not reproducible."
0facc5df653c9ca63fb2,Soil_Labeled_Data/M_60_70/L_30_40/alluvial/z5716115913721_f7cff5280e557d5287ca5504b449cdf7_M_30_40_clayish_red_M_40_50_gray_brown_M_50_60_dark_brown.jpg,bdc4d41b520290c9f09620b481a0ed9aeae52bdf8e7d0fb3500055c77a5b8245,train,HISTORICALLY_EXPOSED,True,True,"High-confidence fine-tune notebooks build one dataset from all 2057 rows. For fallback rows, sample identity was exposed although historical augmented bytes are not reproducible."
0b18e1415371e8028240,Soil_Labeled_Data/M_60_70/L_30_40/alluvial/z5716116018535_325bd6ea25b86f2f021b34014f8842e8_M_30_40_light_brown_M_40_50_dark_brown.jpg,4b178347160d15696700c021ed689fc4e432bef9bc7c9c4438b8d2c78469dd77,train,HISTORICALLY_EXPOSED,True,True,"High-confidence fine-tune notebooks build one dataset from all 2057 rows. For fallback rows, sample identity was exposed although historical augmented bytes are not reproducible."
bae0c1d43237f86015cc,Soil_Labeled_Data/M_60_70/L_30_40/alluvial/z5716116044962_10a081c7546d9c4b542bcc27df664172_M_30_40_clayish_red_M_40_50_light_brown_M_50_60_dark_brown.jpg,87dc0dc00f66e4563e987eebf8fd957f8cc6fe957e2bb84730d950947e6a4d57,test,HISTORICALLY_EXPOSED,True,True,"High-confidence fine-tune notebooks build one dataset from all 2057 rows. For fallback rows, sample identity was exposed although historical augmented bytes are not reproducible."
06b8b9c0a6c48d7fc11e,Soil_Labeled_Data/M_60_70/L_30_40/alluvial/z5716116069545_936bc475e6398cdb5d8a3577d0e2c145_M_30_40_gray_brown_M_40_50_light_brown_M_50_60_dark_brown.jpg,6911db8d76d86bc2b0838657f3c1dc15422d455d85d0af2c28716becabd6cd8c,train,HISTORICALLY_EXPOSED,True,True,"High-confidence fine-tune notebooks build one dataset from all 2057 rows. For fallback rows, sample identity was exposed although historical augmented bytes are not reproducible."
de41281968f00af4dc2b,Soil_Labeled_Data/M_60_70/L_40_50/alluvial/IMG_0157_M_0_10_light_brown_M_40_50_light_brown_M_50_60_gray_brown.jpg,b728b8120ad5b9a15ebc50a7df2212dd0968e4ff1f20cd0e3f4577c93ecf1978,train,HISTORICALLY_EXPOSED,False,True,"High-confidence fine-tune notebooks build one dataset from all 2057 rows. For fallback rows, sample identity was exposed although historical augmented bytes are not reproducible."
2b4d13aa11b3ce3014e8,Soil_Labeled_Data/M_60_70/L_40_50/alluvial/IMG_0159_M_0_10_clayish_red_M_40_50_gray_brown_M_50_60_dark_brown.jpg,1848fe85bd39651ef1d1717e2ae96adb9581ee6edf4a35815cd228f676331b7c,train,HISTORICALLY_EXPOSED,False,True,"High-confidence fine-tune notebooks build one dataset from all 2057 rows. For fallback rows, sample identity was exposed although historical augmented bytes are not reproducible."
3e66f67750012e4a61f9,Soil_Labeled_Data/M_60_70/L_40_50/alluvial/IMG_0162_M_0_10_gray_brown_M_40_50_light_brown_M_50_60_gray_brown.jpg,2558cd6ec844cbce1792cf2e5942d91c08b3ed210842d7702c3fbb1c0e9e8efd,train,HISTORICALLY_EXPOSED,True,True,"High-confidence fine-tune notebooks build one dataset from all 2057 rows. For fallback rows, sample identity was exposed although historical augmented bytes are not reproducible."
c77875e7cd8c9c41ebc6,Soil_Labeled_Data/M_60_70/L_40_50/alluvial/IMG_0586_M_10_20_gray_brown_M_40_50_dark_brown.jpg,ef5ef873f2732507fbe700badaaf649ba03c93e77530cf1fc3d47fdbe4cdd7f9,train,HISTORICALLY_EXPOSED,True,True,"High-confidence fine-tune notebooks build one dataset from all 2057 rows. For fallback rows, sample identity was exposed although historical augmented bytes are not reproducible."
6c7078202aa45289d009,Soil_Labeled_Data/M_60_70/L_40_50/alluvial/IMG_0587_M_10_20_clayish_red_M_40_50_gray_brown.jpg,460c79c419e43fff721c16c691bb6afe3a0bf3811dd066d02d83fe9670fda663,validation,HISTORICALLY_EXPOSED,True,True,"High-confidence fine-tune notebooks build one dataset from all 2057 rows. For fallback rows, sample identity was exposed although historical augmented bytes are not reproducible."
f2d7b12577be6cbf469f,Soil_Labeled_Data/M_60_70/L_40_50/alluvial/IMG_0587_M_10_20_light_brown_M_40_50_gray_brown.jpg,dc84109d6fa5766100bb7693512416b07cfc325814f3744ad7db4d63914d4a37,validation,HISTORICALLY_EXPOSED,True,True,"High-confidence fine-tune notebooks build one dataset from all 2057 rows. For fallback rows, sample identity was exposed although historical augmented bytes are not reproducible."
d27a17b3dee82fff2ee7,Soil_Labeled_Data/M_60_70/L_40_50/alluvial/IMG_0588_M_10_20_clayish_red_M_40_50_gray_brown.jpg,2dbdc6412384ab53409caed2b57649c30dcecc6c82dcfdf4bd0db9df34d9a17c,validation,HISTORICALLY_EXPOSED,True,True,"High-confidence fine-tune notebooks build one dataset from all 2057 rows. For fallback rows, sample identity was exposed although historical augmented bytes are not reproducible."
d07ecd8ae771de4b39fd,Soil_Labeled_Data/M_60_70/L_40_50/alluvial/IMG_0591_M_10_20_gray_brown_M_40_50_dark_brown.jpg,f1ec6eabdd3ed87355ef7f8072c7564011844b94638a57f668bc5f06856eff55,train,HISTORICALLY_EXPOSED,True,True,"High-confidence fine-tune notebooks build one dataset from all 2057 rows. For fallback rows, sample identity was exposed although historical augmented bytes are not reproducible."
f6b347ab52c5c3135fae,Soil_Labeled_Data/M_60_70/L_40_50/alluvial/IMG_0594_M_10_20_pale_yellow_M_40_50_gray_brown_M_50_60_gray_brown.jpg,934fade0ba917383fe4433ea0ebf256db4fce138ca007bb38b8e87d691b8ad7e,train,HISTORICALLY_EXPOSED,True,True,"High-confidence fine-tune notebooks build one dataset from all 2057 rows. For fallback rows, sample identity was exposed although historical augmented bytes are not reproducible."
ff53ce2937f92286f0a0,Soil_Labeled_Data/M_60_70/L_40_50/alluvial/IMG_0595_M_10_20_pale_yellow_M_40_50_gray_brown.jpg,c8a25f6c5781d653988a25421c65bd3b5c34e9c9c2c4665c3e6c6cb17dd1b2ff,train,HISTORICALLY_EXPOSED,True,True,"High-confidence fine-tune notebooks build one dataset from all 2057 rows. For fallback rows, sample identity was exposed although historical augmented bytes are not reproducible."
600066b0eafed5aa4d16,Soil_Labeled_Data/M_60_70/L_40_50/alluvial/IMG_0595_M_10_20_pale_yellow_M_40_50_light_brown_M_50_60_gray_brown.jpg,0951745a48d9e9dffe94169202b84e9f71b73868371a0096b273a7ee438614e5,train,HISTORICALLY_EXPOSED,True,True,"High-confidence fine-tune notebooks build one dataset from all 2057 rows. For fallback rows, sample identity was exposed although historical augmented bytes are not reproducible."
c0a4b65a59d9a7724872,Soil_Labeled_Data/M_60_70/L_40_50/alluvial/IMG_0600_M_10_20_light_brown_M_40_50_gray_brown.jpg,f8d76cafd6a91abc3bf3009da6bac6cda97ae0d26c24f36a8d1fa0709c90d6a3,validation,HISTORICALLY_EXPOSED,True,True,"High-confidence fine-tune notebooks build one dataset from all 2057 rows. For fallback rows, sample identity was exposed although historical augmented bytes are not reproducible."
9aee3ce05d6b65be0404,Soil_Labeled_Data/M_60_70/L_40_50/alluvial/z5719914857645_99adc09da6f4dc19458272bd48872c97_M_30_40_gray_brown_M_40_50_gray_brown.jpg,684286642ebc7c3148add7f191561f6eb6b033615a386e7f41e3b7ab442f2036,train,HISTORICALLY_EXPOSED,True,True,"High-confidence fine-tune notebooks build one dataset from all 2057 rows. For fallback rows, sample identity was exposed although historical augmented bytes are not reproducible."
578f41376b8d4a826588,Soil_Labeled_Data/M_60_70/L_40_50/alluvial/z5719915050807_883061f62d1ba096fe786e33783493ac_M_30_40_gray_brown_M_40_50_light_brown_M_50_60_gray_brown.jpg,51843502657dce864e5323e275bfef20003eb4b86e0f01b881f918b1d5dd6855,train,HISTORICALLY_EXPOSED,True,True,"High-confidence fine-tune notebooks build one dataset from all 2057 rows. For fallback rows, sample identity was exposed although historical augmented bytes are not reproducible."
7dec4610381bf88a68e5,Soil_Labeled_Data/M_60_70/L_40_50/alluvial/z5719915064697_6860e93b3637879e75266a9cab0b000e_M_30_40_light_brown_M_40_50_light_brown_M_50_60_dark_brown.jpg,24df488cee5355404ad4f3aa94adc1281b47fbe9f264ffe7e38d210a1b82a94c,test,HISTORICALLY_EXPOSED,True,True,"High-confidence fine-tune notebooks build one dataset from all 2057 rows. For fallback rows, sample identity was exposed although historical augmented bytes are not reproducible."
565dc76e02a4e31efa4e,Soil_Labeled_Data/M_60_70/L_40_50/alluvial/z5719915081454_c67fb96c8fd1c13e8d457956fcdd9641_M_30_40_clayish_red_M_40_50_dark_brown.jpg,cb6d750f43f4f69cc1c80c03255912587ffa5520db0daa731eff3566b94f3508,train,HISTORICALLY_EXPOSED,True,True,"High-confidence fine-tune notebooks build one dataset from all 2057 rows. For fallback rows, sample identity was exposed although historical augmented bytes are not reproducible."
d516c23c018e96c7dfe2,Soil_Labeled_Data/M_60_70/L_40_50/alluvial/z5719915081454_c67fb96c8fd1c13e8d457956fcdd9641_M_30_40_gray_brown_M_50_60_gray_brown.jpg,1d1fca81e26f598bb6b1f5f6b159be09da26d765357fc23f577e3afe6255a4b4,train,HISTORICALLY_EXPOSED,True,True,"High-confidence fine-tune notebooks build one dataset from all 2057 rows. For fallback rows, sample identity was exposed although historical augmented bytes are not reproducible."
63afa27c04a355e185c5,Soil_Labeled_Data/M_60_70/L_40_50/alluvial/z5719915191781_9fbc3215a4e768d8a242c9aae23d78e3_M_30_40_gray_brown_M_40_50_light_brown_M_50_60_gray_brown.jpg,419e8ff6f2f0b31715259c35c380bd5ed4a3255b592bcc456d636f55a4544ff0,train,HISTORICALLY_EXPOSED,True,True,"High-confidence fine-tune notebooks build one dataset from all 2057 rows. For fallback rows, sample identity was exposed although historical augmented bytes are not reproducible."
82ef1f467a854d3e321b,Soil_Labeled_Data/M_60_70/L_40_50/alluvial/z5719915206794_043f99c4e48d30a3c242949620c8fbd3_M_30_40_gray_brown_M_50_60_gray_brown.jpg,8597d318ebefb6e649f8fe4186f1817c01ce8e534e25087eebc98a448b38eef2,test,HISTORICALLY_EXPOSED,True,True,"High-confidence fine-tune notebooks build one dataset from all 2057 rows. For fallback rows, sample identity was exposed although historical augmented bytes are not reproducible."
03308908ee3263f3ecaa,Soil_Labeled_Data/M_60_70/L_40_50/alluvial/z5719915206794_043f99c4e48d30a3c242949620c8fbd3_M_30_40_pale_yellow_M_40_50_light_brown_M_50_60_dark_brown.jpg,074f63abc81b7ca4e81b3296c7d91344895719e98132cdb989f50282703303fb,test,HISTORICALLY_EXPOSED,True,True,"High-confidence fine-tune notebooks build one dataset from all 2057 rows. For fallback rows, sample identity was exposed although historical augmented bytes are not reproducible."
4581789da11e9962b106,Soil_Labeled_Data/M_60_70/L_50_60/alluvial/IMG_0196_M_0_10_clayish_red_M_40_50_light_brown_M_50_60_gray_brown.jpg,bab705fbaf3384a1352c916783d1cd98decf36c35dfb16b34c78102422d6401d,train,HISTORICALLY_EXPOSED,False,True,"High-confidence fine-tune notebooks build one dataset from all 2057 rows. For fallback rows, sample identity was exposed although historical augmented bytes are not reproducible."
75115143c6b929b3398e,Soil_Labeled_Data/M_60_70/L_50_60/alluvial/IMG_0197_M_0_10_gray_brown_M_40_50_dark_brown.jpg,3db9c8b3d43b3c8660058c0abd4581eded054b8122f80ce3fc020ed08a05b620,validation,HISTORICALLY_EXPOSED,False,True,"High-confidence fine-tune notebooks build one dataset from all 2057 rows. For fallback rows, sample identity was exposed although historical augmented bytes are not reproducible."
ea2800eea4798403f12a,Soil_Labeled_Data/M_60_70/L_50_60/alluvial/IMG_0197_M_0_10_gray_brown_M_40_50_light_brown_M_50_60_dark_brown.jpg,ac8efbac3acc29ada17c355048553574bdc36b0709c63af47292e5bba65260f6,validation,HISTORICALLY_EXPOSED,False,True,"High-confidence fine-tune notebooks build one dataset from all 2057 rows. For fallback rows, sample identity was exposed although historical augmented bytes are not reproducible."
283b5546d746b07836b3,Soil_Labeled_Data/M_60_70/L_50_60/alluvial/IMG_0200_M_0_10_clayish_red_M_40_50_gray_brown_M_50_60_gray_brown.jpg,9b7d226922b21a19113b13bc1003421ab38d0ac2b17aac5c83236f8df8c98fef,train,HISTORICALLY_EXPOSED,False,True,"High-confidence fine-tune notebooks build one dataset from all 2057 rows. For fallback rows, sample identity was exposed although historical augmented bytes are not reproducible."
09c00281ce5c2bb90b75,Soil_Labeled_Data/M_60_70/L_50_60/alluvial/IMG_0202_M_0_10_clayish_red_M_40_50_dark_brown.jpg,7659e66bd2c98fdc38431077f8d72029db5ad3a340ce609e2c8cb9a18e7dbb71,train,HISTORICALLY_EXPOSED,False,True,"High-confidence fine-tune notebooks build one dataset from all 2057 rows. For fallback rows, sample identity was exposed although historical augmented bytes are not reproducible."
4d155dfe224be7814714,Soil_Labeled_Data/M_60_70/L_50_60/alluvial/IMG_0203_M_0_10_pale_yellow_M_40_50_dark_brown.jpg,3c50f705be3a51888ba88a5f6cf44124461771e18a97c13b464554595daac778,train,HISTORICALLY_EXPOSED,False,True,"High-confidence fine-tune notebooks build one dataset from all 2057 rows. For fallback rows, sample identity was exposed although historical augmented bytes are not reproducible."
d09452400b02f06515c1,Soil_Labeled_Data/M_60_70/L_50_60/alluvial/IMG_0207_M_0_10_clayish_red_M_40_50_gray_brown_M_50_60_dark_brown.jpg,19bffe42cda01d97afcc7aed5b737583725a3cf1df8ddd3b16aa466e54a0529c,validation,HISTORICALLY_EXPOSED,True,True,"High-confidence fine-tune notebooks build one dataset from all 2057 rows. For fallback rows, sample identity was exposed although historical augmented bytes are not reproducible."
04cd96cd912065730e52,Soil_Labeled_Data/M_60_70/L_50_60/alluvial/IMG_0209_M_0_10_clayish_red_M_40_50_gray_brown_M_50_60_gray_brown.jpg,79fa496e9af39cb0183bac4051be31291de801608a89a38590c7a3ec46e60f0b,train,HISTORICALLY_EXPOSED,True,True,"High-confidence fine-tune notebooks build one dataset from all 2057 rows. For fallback rows, sample identity was exposed although historical augmented bytes are not reproducible."
16b455ec276db710702f,Soil_Labeled_Data/M_60_70/L_50_60/alluvial/IMG_0210_M_0_10_light_brown_M_40_50_dark_brown.jpg,93d7bd9295cf7db8c0ad351f8a2eb8fb2828668efa993c1a38bfedab656cb9e8,train,HISTORICALLY_EXPOSED,True,True,"High-confidence fine-tune notebooks build one dataset from all 2057 rows. For fallback rows, sample identity was exposed although historical augmented bytes are not reproducible."
212b1dbe8c4720ae0ffb,Soil_Labeled_Data/M_60_70/L_50_60/alluvial/IMG_0212_M_0_10_clayish_red_M_40_50_dark_brown.jpg,50930914b09fe433240447be64544ca431077536d0c0dbfc8044e619e510a6f7,train,HISTORICALLY_EXPOSED,False,True,"High-confidence fine-tune notebooks build one dataset from all 2057 rows. For fallback rows, sample identity was exposed although historical augmented bytes are not reproducible."
ecb2e26e761bbf5db564,Soil_Labeled_Data/M_60_70/L_50_60/alluvial/IMG_0212_M_0_10_clayish_red_M_40_50_light_brown_M_50_60_dark_brown.jpg,e3da99051699d8853cdac6144498bfae9140bf85e34702a1d11e42d678c992e9,train,HISTORICALLY_EXPOSED,False,True,"High-confidence fine-tune notebooks build one dataset from all 2057 rows. For fallback rows, sample identity was exposed although historical augmented bytes are not reproducible."
f2ec6f23bb4e992b1f71,Soil_Labeled_Data/M_60_70/L_50_60/alluvial/IMG_0627_M_10_20_pale_yellow_M_40_50_dark_brown.jpg,d0d54d7d4bc8c5a20b25e9d02bf9de0b386701b37af7f04618b3bd3c14e936a9,train,HISTORICALLY_EXPOSED,False,True,"High-confidence fine-tune notebooks build one dataset from all 2057 rows. For fallback rows, sample identity was exposed although historical augmented bytes are not reproducible."
ffb05802ac5d351573b1,Soil_Labeled_Data/M_60_70/L_50_60/alluvial/IMG_0630_M_10_20_clayish_red_M_40_50_dark_brown.jpg,03751974a2c2a3217d9fab99a1c02d6d020202d9dadc7983024b8488b8739bb3,test,HISTORICALLY_EXPOSED,False,True,"High-confidence fine-tune notebooks build one dataset from all 2057 rows. For fallback rows, sample identity was exposed although historical augmented bytes are not reproducible."
08ece693dd5bb51891d4,Soil_Labeled_Data/M_60_70/L_50_60/alluvial/IMG_0632_M_10_20_clayish_red_M_40_50_gray_brown_M_50_60_gray_brown.jpg,cd5c23396c5206806a9a25a2901f9f71968fef6207855890d3b12f55e320e5fd,validation,HISTORICALLY_EXPOSED,True,True,"High-confidence fine-tune notebooks build one dataset from all 2057 rows. For fallback rows, sample identity was exposed although historical augmented bytes are not reproducible."
5b30a2dc2e44df66b999,Soil_Labeled_Data/M_60_70/L_50_60/alluvial/IMG_0645_M_10_20_clayish_red_M_40_50_dark_brown.jpg,8a759a833d52b8a3c1ff57aeef8f6ef2d3fe311696cdee707e5205283b7ce5d5,validation,HISTORICALLY_EXPOSED,True,True,"High-confidence fine-tune notebooks build one dataset from all 2057 rows. For fallback rows, sample identity was exposed although historical augmented bytes are not reproducible."
f80383c52663c891efaa,Soil_Labeled_Data/M_60_70/L_50_60/alluvial/z5719945326572_38e3e733446eabe3bf00850bf73883e0_M_30_40_pale_yellow_M_40_50_gray_brown.jpg,260ad6bffa500ff43322b8815242219d4d017a8e3d004507b2621a87696aecd4,train,HISTORICALLY_EXPOSED,True,True,"High-confidence fine-tune notebooks build one dataset from all 2057 rows. For fallback rows, sample identity was exposed although historical augmented bytes are not reproducible."
13fba7772ea6209eaec4,Soil_Labeled_Data/M_60_70/L_50_60/alluvial/z5719945410375_d68840a29b4222519ffac084ea8cf065_M_30_40_light_brown_M_50_60_dark_brown.jpg,66d373a589a08ed215d48c5f287c63e140cbfc52ca783938668339072252ee2c,train,HISTORICALLY_EXPOSED,True,True,"High-confidence fine-tune notebooks build one dataset from all 2057 rows. For fallback rows, sample identity was exposed although historical augmented bytes are not reproducible."
794c0c4f95b89eddc81f,Soil_Labeled_Data/M_60_70/L_50_60/alluvial/z5719945494405_a556366a429daf9a78448e62806f33bb_M_30_40_gray_brown_M_40_50_gray_brown.jpg,a79cdcfd7ae0726002290b48008c869232991f87dc92a5889335d4db5ccd566b,train,HISTORICALLY_EXPOSED,True,True,"High-confidence fine-tune notebooks build one dataset from all 2057 rows. For fallback rows, sample identity was exposed although historical augmented bytes are not reproducible."
3dd6c8759e139a378698,Soil_Labeled_Data/M_60_70/L_50_60/alluvial/z5719945512664_b31ee4aecf6a552463f894dbf83282d1_M_30_40_clayish_red_M_40_50_light_brown_M_50_60_gray_brown.jpg,b0e9e2cddc915ab43b7042024f9e7840524ced94e0e6fff2a415a3c06c2991de,test,HISTORICALLY_EXPOSED,True,True,"High-confidence fine-tune notebooks build one dataset from all 2057 rows. For fallback rows, sample identity was exposed although historical augmented bytes are not reproducible."
367122e8778492b645bc,Soil_Labeled_Data/M_60_70/L_50_60/alluvial/z5719945512664_b31ee4aecf6a552463f894dbf83282d1_M_30_40_light_brown_M_50_60_dark_brown.jpg,dabe7baeb5b611738d839ef599f6b8f1fecaae87911034d0f602421eb2ecfd2f,test,HISTORICALLY_EXPOSED,True,True,"High-confidence fine-tune notebooks build one dataset from all 2057 rows. For fallback rows, sample identity was exposed although historical augmented bytes are not reproducible."
1f8b193a30fe5574885a,Soil_Labeled_Data/M_60_70/L_60_70/alluvial/IMG_0241_M_0_10_gray_brown_M_40_50_gray_brown.jpg,0718277e030619f6c49fe63cf7b93a6f93506405b5621b63c1be58cacdb4d0c2,train,HISTORICALLY_EXPOSED,False,True,"High-confidence fine-tune notebooks build one dataset from all 2057 rows. For fallback rows, sample identity was exposed although historical augmented bytes are not reproducible."
4e95e651edcbbe2212c7,Soil_Labeled_Data/M_60_70/L_60_70/alluvial/IMG_0242_M_0_10_light_brown_M_40_50_gray_brown.jpg,f03f92a408ae5d701096e2bbcbf00269433ab96f2b04dffd7a75b8be79b58b29,train,HISTORICALLY_EXPOSED,True,True,"High-confidence fine-tune notebooks build one dataset from all 2057 rows. For fallback rows, sample identity was exposed although historical augmented bytes are not reproducible."
b616ef22702530618af0,Soil_Labeled_Data/M_60_70/L_60_70/alluvial/IMG_0246_M_0_10_light_brown_M_40_50_gray_brown.jpg,bad4b03351fa681c813d4a5eab90f4a987a597715d99c1d89d166b88a7b045fd,train,HISTORICALLY_EXPOSED,True,True,"High-confidence fine-tune notebooks build one dataset from all 2057 rows. For fallback rows, sample identity was exposed although historical augmented bytes are not reproducible."
f61a31a0f325629e205e,Soil_Labeled_Data/M_60_70/L_60_70/alluvial/IMG_0248_M_0_10_clayish_red_M_40_50_dark_brown.jpg,19b6eee65a4dc588fe101da4bd8d03294bfe28f3f3380131aa7a66654da609e0,train,HISTORICALLY_EXPOSED,True,True,"High-confidence fine-tune notebooks build one dataset from all 2057 rows. For fallback rows, sample identity was exposed although historical augmented bytes are not reproducible."
4de1462d52250462bc57,Soil_Labeled_Data/M_60_70/L_60_70/alluvial/IMG_0250_M_0_10_pale_yellow_M_40_50_dark_brown.jpg,ccf95f1b777388587002cd321ac8c435d6588c81e47cf54b20b2ef47e166ca81,validation,HISTORICALLY_EXPOSED,True,True,"High-confidence fine-tune notebooks build one dataset from all 2057 rows. For fallback rows, sample identity was exposed although historical augmented bytes are not reproducible."
52996a9817ff2c2899d8,Soil_Labeled_Data/M_60_70/L_60_70/alluvial/IMG_0255_M_0_10_gray_brown_M_40_50_light_brown_M_50_60_dark_brown.jpg,aeebe77f4e39a16a8817ddff2672f45d924648171205e518947212c52b481d5d,validation,HISTORICALLY_EXPOSED,True,True,"High-confidence fine-tune notebooks build one dataset from all 2057 rows. For fallback rows, sample identity was exposed although historical augmented bytes are not reproducible."
b1eeb55c623ff7ada798,Soil_Labeled_Data/M_60_70/L_60_70/alluvial/IMG_0255_M_0_10_light_brown_M_40_50_light_brown_M_50_60_gray_brown.jpg,d4bb4ad53c5a715e8c16cd4dfaa76eb37dc6fca58b055683affd7edd7e83853b,validation,HISTORICALLY_EXPOSED,True,True,"High-confidence fine-tune notebooks build one dataset from all 2057 rows. For fallback rows, sample identity was exposed although historical augmented bytes are not reproducible."
f3cbbc28544097c2fc46,Soil_Labeled_Data/M_60_70/L_60_70/alluvial/IMG_0258_M_0_10_pale_yellow_M_40_50_gray_brown.jpg,3225fa1a3d07d4b267ad8d8500d215c69b2817513aa3e40eefd6a0bf25fa875e,validation,HISTORICALLY_EXPOSED,True,True,"High-confidence fine-tune notebooks build one dataset from all 2057 rows. For fallback rows, sample identity was exposed although historical augmented bytes are not reproducible."
be0ea0efa7422a1e1ef7,Soil_Labeled_Data/M_60_70/L_60_70/alluvial/IMG_0675_M_10_20_light_brown_M_30_40_light_brown_M_50_60_gray_brown.jpg,82b7c2ada3ac395f4df202ddbbc7cf7ece065cd7cfa1eca35fc542c80fe9f19b,train,HISTORICALLY_EXPOSED,True,True,"High-confidence fine-tune notebooks build one dataset from all 2057 rows. For fallback rows, sample identity was exposed although historical augmented bytes are not reproducible."
5933fe2d7116e25299de,Soil_Labeled_Data/M_60_70/L_60_70/alluvial/IMG_0679_M_10_20_light_brown_M_30_40_gray_brown_M_50_60_gray_brown.jpg,eeed34ca07bb929602c2260ee3605ab7cc015f10ad047f140116022294957e3a,train,HISTORICALLY_EXPOSED,False,True,"High-confidence fine-tune notebooks build one dataset from all 2057 rows. For fallback rows, sample identity was exposed although historical augmented bytes are not reproducible."
10c5930b3af4fd932a91,Soil_Labeled_Data/M_60_70/L_60_70/alluvial/IMG_0679_M_10_20_light_brown_M_40_50_gray_brown.jpg,cd5accbd1bb2b6fc333fb5eecb3aa2c29204b91a77a74c5318aec9fb8f54a427,train,HISTORICALLY_EXPOSED,False,True,"High-confidence fine-tune notebooks build one dataset from all 2057 rows. For fallback rows, sample identity was exposed although historical augmented bytes are not reproducible."
1ffefca37d27019823c7,Soil_Labeled_Data/M_60_70/L_60_70/alluvial/IMG_0679_M_10_20_light_brown_M_40_50_gray_brown_M_50_60_dark_brown.jpg,f56b85fa803ae25bfaee7f710f9bce8863ba072ab28fc7df1e2e293fe09c1c99,train,HISTORICALLY_EXPOSED,False,True,"High-confidence fine-tune notebooks build one dataset from all 2057 rows. For fallback rows, sample identity was exposed although historical augmented bytes are not reproducible."
973000dafe044191f677,Soil_Labeled_Data/M_60_70/L_60_70/alluvial/IMG_0681_M_10_20_light_brown_M_40_50_dark_brown.jpg,65675bf082db4e74a67e4da7e70c73128a2c0f06f66f9862e5ca62564034fa80,train,HISTORICALLY_EXPOSED,False,True,"High-confidence fine-tune notebooks build one dataset from all 2057 rows. For fallback rows, sample identity was exposed although historical augmented bytes are not reproducible."
cdb4e7f3b0861d1e7bbe,Soil_Labeled_Data/M_60_70/L_60_70/alluvial/IMG_0682_M_10_20_light_brown_M_40_50_gray_brown.jpg,70795c62be5f0ac61a9471e7a764817c98f16cbf02159a2394f5406dc82c04aa,validation,HISTORICALLY_EXPOSED,False,True,"High-confidence fine-tune notebooks build one dataset from all 2057 rows. For fallback rows, sample identity was exposed although historical augmented bytes are not reproducible."
bb6e32a9ae481c37a4fa,Soil_Labeled_Data/M_60_70/L_60_70/alluvial/IMG_0695_M_10_20_clayish_red_M_40_50_light_brown_M_50_60_gray_brown.jpg,0bc384dd85073ddea2c6867936a466bdf10fb437c99dd04748ee9786bd9b4747,train,HISTORICALLY_EXPOSED,True,True,"High-confidence fine-tune notebooks build one dataset from all 2057 rows. For fallback rows, sample identity was exposed although historical augmented bytes are not reproducible."
f6c12b650bdd9a7b829a,Soil_Labeled_Data/M_60_70/L_60_70/alluvial/IMG_0695_M_10_20_gray_brown_M_40_50_dark_brown.jpg,0b219df5ff67465792a11de6ef4be903c219762432f7ac8333a516e9a27b25c3,train,HISTORICALLY_EXPOSED,True,True,"High-confidence fine-tune notebooks build one dataset from all 2057 rows. For fallback rows, sample identity was exposed although historical augmented bytes are not reproducible."
abb4ccf2341526a9d325,Soil_Labeled_Data/M_60_70/L_60_70/alluvial/z5715083829092_c796baa2a13a45a626e1c31cb08f116a_M_20_30_light_brown_M_30_40_gray_brown_M_50_60_dark_brown.jpg,7e06b7ab41237357f654fbd92b4b671dbf60b0fc5cbdddb2b3a0b6922b12ebe1,train,HISTORICALLY_EXPOSED,True,True,"High-confidence fine-tune notebooks build one dataset from all 2057 rows. For fallback rows, sample identity was exposed although historical augmented bytes are not reproducible."
78dc87e0772df8fd301a,Soil_Labeled_Data/M_60_70/L_60_70/alluvial/z5715083944464_a4caa92a042d5283254923501cb8358c_M_20_30_pale_yellow_M_30_40_light_brown_M_50_60_dark_brown.jpg,7d72b9115959f3a42715374ef9c767574dee9dc45f7d4934379ea4b2834255c5,train,HISTORICALLY_EXPOSED,True,True,"High-confidence fine-tune notebooks build one dataset from all 2057 rows. For fallback rows, sample identity was exposed although historical augmented bytes are not reproducible."
43c4f4da3fef3cd7f34d,Soil_Labeled_Data/M_60_70/L_60_70/alluvial/z5715084217100_56ffdcb9a7e21ae938a857822326c4e1_M_20_30_light_brown_M_30_40_light_brown_M_50_60_dark_brown.jpg,f456dfd6ac45488d5fcfbde4a0473e5cbfe18cc4266a872c69f9610c59f35737,train,HISTORICALLY_EXPOSED,True,True,"High-confidence fine-tune notebooks build one dataset from all 2057 rows. For fallback rows, sample identity was exposed although historical augmented bytes are not reproducible."
559109eb0dcc1ab58541,Soil_Labeled_Data/M_60_70/L_60_70/alluvial/z5715084235063_019bf1d09588c2fd5226859f4331698b_M_20_30_light_brown_M_30_40_light_brown_M_50_60_dark_brown.jpg,f2caa503ffbe2d14b7666eef192b7efd7be4950bd2a1aaf42ebb5d1302d377bb,train,HISTORICALLY_EXPOSED,True,True,"High-confidence fine-tune notebooks build one dataset from all 2057 rows. For fallback rows, sample identity was exposed although historical augmented bytes are not reproducible."
1b90b52cdfdf16015734,Soil_Labeled_Data/M_60_70/L_70_80/alluvial/IMG_0286_M_0_10_pale_yellow_M_40_50_dark_brown.jpg,3e4d0f565b842bf76729904d81c09362e47a5b1b3a4b49a78ada48690a9712d4,validation,HISTORICALLY_EXPOSED,True,True,"High-confidence fine-tune notebooks build one dataset from all 2057 rows. For fallback rows, sample identity was exposed although historical augmented bytes are not reproducible."
10f7f8e8f91ef17b11a8,Soil_Labeled_Data/M_60_70/L_70_80/alluvial/IMG_0287_M_0_10_gray_brown_M_40_50_dark_brown.jpg,386af14400f9e58966566721a76f6ef8b91defcc6aaac7f3de7f0442fd19b842,train,HISTORICALLY_EXPOSED,False,True,"High-confidence fine-tune notebooks build one dataset from all 2057 rows. For fallback rows, sample identity was exposed although historical augmented bytes are not reproducible."
1a06c4e73adec4e8130a,Soil_Labeled_Data/M_60_70/L_70_80/alluvial/IMG_0290_M_0_10_light_brown_M_40_50_light_brown_M_50_60_gray_brown.jpg,53f6e00f6921a7baa2a98a316db4924f9921106d952e776b6db2d8e0c2d7f5aa,train,HISTORICALLY_EXPOSED,False,True,"High-confidence fine-tune notebooks build one dataset from all 2057 rows. For fallback rows, sample identity was exposed although historical augmented bytes are not reproducible."
275b6acbe8d10204919d,Soil_Labeled_Data/M_60_70/L_70_80/alluvial/IMG_0293_M_0_10_gray_brown_M_40_50_gray_brown_M_50_60_gray_brown.jpg,2ed37e7583b3f8d3b5e45a484f89dcfc4dc81bde96e02867f760e50570fc2a9c,train,HISTORICALLY_EXPOSED,False,True,"High-confidence fine-tune notebooks build one dataset from all 2057 rows. For fallback rows, sample identity was exposed although historical augmented bytes are not reproducible."
a0733f9b3ea479bf97d5,Soil_Labeled_Data/M_60_70/L_70_80/alluvial/IMG_0295_M_0_10_clayish_red_M_40_50_gray_brown.jpg,a759401c23177350419d00b3c0cf6436971d5881279c0ee656919f3082d4d4f0,train,HISTORICALLY_EXPOSED,False,True,"High-confidence fine-tune notebooks build one dataset from all 2057 rows. For fallback rows, sample identity was exposed although historical augmented bytes are not reproducible."
0873e976fea307136694,Soil_Labeled_Data/M_60_70/L_70_80/alluvial/IMG_0298_M_0_10_gray_brown_M_40_50_dark_brown.jpg,fa113de788040e9299b2df06bdfd44d1e255f338ea8c4f51c3fb1924603674ac,train,HISTORICALLY_EXPOSED,False,True,"High-confidence fine-tune notebooks build one dataset from all 2057 rows. For fallback rows, sample identity was exposed although historical augmented bytes are not reproducible."
4ee51c5338f84079a961,Soil_Labeled_Data/M_60_70/L_70_80/alluvial/IMG_0298_M_0_10_gray_brown_M_40_50_gray_brown_M_50_60_gray_brown.jpg,44c674b2e8f571607779bec696c5c41ce0969596fe6c1473411489590adf1fdb,train,HISTORICALLY_EXPOSED,False,True,"High-confidence fine-tune notebooks build one dataset from all 2057 rows. For fallback rows, sample identity was exposed although historical augmented bytes are not reproducible."
43a6eeafd1dd455037e0,Soil_Labeled_Data/M_60_70/L_70_80/alluvial/IMG_0299_M_0_10_light_brown_M_40_50_gray_brown.jpg,44827e904ab7cafa347003cecbc1eba26841147e1ecf036e74ee017a9b9574f8,train,HISTORICALLY_EXPOSED,False,True,"High-confidence fine-tune notebooks build one dataset from all 2057 rows. For fallback rows, sample identity was exposed although historical augmented bytes are not reproducible."
5c60bdef9ac42a4e9945,Soil_Labeled_Data/M_60_70/L_70_80/alluvial/IMG_0300_M_0_10_pale_yellow_M_40_50_dark_brown.jpg,4ab933591f1937b99c3c0a4ce5b4c1a8b286afd951ae62a222825d2182dd5d86,train,HISTORICALLY_EXPOSED,False,True,"High-confidence fine-tune notebooks build one dataset from all 2057 rows. For fallback rows, sample identity was exposed although historical augmented bytes are not reproducible."
e1affee36a6555022fc9,Soil_Labeled_Data/M_60_70/L_70_80/alluvial/IMG_0300_M_0_10_pale_yellow_M_40_50_gray_brown_M_50_60_dark_brown.jpg,9482121a9e1e365b88cdf94541adc4774cc0570ff4ab45c15a519f82de3ad943,train,HISTORICALLY_EXPOSED,False,True,"High-confidence fine-tune notebooks build one dataset from all 2057 rows. For fallback rows, sample identity was exposed although historical augmented bytes are not reproducible."
165af01baefe71e7484b,Soil_Labeled_Data/M_60_70/L_70_80/alluvial/IMG_0701_M_10_20_gray_brown_M_40_50_gray_brown.jpg,0ce159dedd1f0ddb44da4ba078c533c404f4b06f91c4c2e113b12e17dea6090a,test,HISTORICALLY_EXPOSED,True,True,"High-confidence fine-tune notebooks build one dataset from all 2057 rows. For fallback rows, sample identity was exposed although historical augmented bytes are not reproducible."
a00a7469bf67f5c33c2d,Soil_Labeled_Data/M_60_70/L_70_80/alluvial/IMG_0702_M_10_20_clayish_red_M_40_50_gray_brown.jpg,bd081ffcab3b01147ccd4133347049a68f76e27d252414daa28990bc9a3d0a2f,validation,HISTORICALLY_EXPOSED,False,True,"High-confidence fine-tune notebooks build one dataset from all 2057 rows. For fallback rows, sample identity was exposed although historical augmented bytes are not reproducible."
43813ed7a8442f264f73,Soil_Labeled_Data/M_60_70/L_70_80/alluvial/IMG_0702_M_10_20_clayish_red_M_40_50_gray_brown_M_50_60_dark_brown.jpg,d5e84f8191386a3a709b9cd98b41de03797c11b3df78f0dd8423207a2f2e3627,validation,HISTORICALLY_EXPOSED,False,True,"High-confidence fine-tune notebooks build one dataset from all 2057 rows. For fallback rows, sample identity was exposed although historical augmented bytes are not reproducible."
f3316b0a8da7403b3e55,Soil_Labeled_Data/M_60_70/L_70_80/alluvial/IMG_0705_M_10_20_gray_brown_M_40_50_gray_brown.jpg,e6f867231a68cadfd7e24a9f51ba030c99b14aab400da309f41793610618c673,validation,HISTORICALLY_EXPOSED,False,True,"High-confidence fine-tune notebooks build one dataset from all 2057 rows. For fallback rows, sample identity was exposed although historical augmented bytes are not reproducible."
cee40bc37d0e181704e8,Soil_Labeled_Data/M_60_70/L_70_80/alluvial/IMG_0710_M_10_20_gray_brown_M_40_50_light_brown_M_50_60_gray_brown.jpg,80c905dce8822b1deb0a03aa3f896af31a6f66a440b14d0c6cc9b97540ca8bf3,validation,HISTORICALLY_EXPOSED,False,True,"High-confidence fine-tune notebooks build one dataset from all 2057 rows. For fallback rows, sample identity was exposed although historical augmented bytes are not reproducible."
b90c7ce2cc5e035ad4fc,Soil_Labeled_Data/M_60_70/L_70_80/alluvial/IMG_0715_M_10_20_light_brown_M_40_50_dark_brown.jpg,652add4027d1f58d176f2c01539983d1cf66dd65b0a36c835e1e259a833ad709,validation,HISTORICALLY_EXPOSED,True,True,"High-confidence fine-tune notebooks build one dataset from all 2057 rows. For fallback rows, sample identity was exposed although historical augmented bytes are not reproducible."
02a8ab2a4b76898b98c1,Soil_Labeled_Data/M_60_70/L_70_80/alluvial/IMG_0716_M_10_20_light_brown_M_40_50_gray_brown_M_50_60_gray_brown.jpg,71cf7dad149c69c38669c1eb3e14b80ca4615d127b5d26cab05cb759b22f8ffc,train,HISTORICALLY_EXPOSED,True,True,"High-confidence fine-tune notebooks build one dataset from all 2057 rows. For fallback rows, sample identity was exposed although historical augmented bytes are not reproducible."
4280b64064ce887859dc,Soil_Labeled_Data/M_60_70/L_70_80/alluvial/IMG_0719_M_10_20_clayish_red_M_40_50_gray_brown.jpg,a7ea2c004f7f4e945e20418bcf8f798a25e195ea42e831f2c554ee23ae8c7fcb,validation,HISTORICALLY_EXPOSED,True,True,"High-confidence fine-tune notebooks build one dataset from all 2057 rows. For fallback rows, sample identity was exposed although historical augmented bytes are not reproducible."
aba33453f9fded515250,Soil_Labeled_Data/M_60_70/L_70_80/alluvial/z5715141626411_00b983fd5f44402c4bda94b5b928bb00_M_20_30_light_brown_M_30_40_light_brown_M_50_60_dark_brown.jpg,b256ce3bd4f50859727401a6efce127612519b12853f4974565c8063eb2c4656,train,HISTORICALLY_EXPOSED,True,True,"High-confidence fine-tune notebooks build one dataset from all 2057 rows. For fallback rows, sample identity was exposed although historical augmented bytes are not reproducible."
bf86ec17333e7e8fe755,Soil_Labeled_Data/M_60_70/L_70_80/alluvial/z5715142251106_f70a13549cdc2cbc53d4da6e12f77581_M_20_30_pale_yellow_M_30_40_gray_brown_M_50_60_dark_brown.jpg,249cfea99e2c9d6d87dd156a51a13c197d2723fc529b5d943f5f805774132f0e,train,HISTORICALLY_EXPOSED,True,True,"High-confidence fine-tune notebooks build one dataset from all 2057 rows. For fallback rows, sample identity was exposed although historical augmented bytes are not reproducible."
583bceb95a2f85a71c93,Soil_Labeled_Data/M_60_70/L_80_90/alluvial/M_60_70_L_80_90_0014_gray_brown.jpg,cd7a8b4bca9dad9df256439696cc48713c153ba6b525cf6b9102d5c208704c76,train,HISTORICALLY_EXPOSED,True,True,"High-confidence fine-tune notebooks build one dataset from all 2057 rows. For fallback rows, sample identity was exposed although historical augmented bytes are not reproducible."
178735bc1cee8cf45c46,Soil_Labeled_Data/M_60_70/L_80_90/alluvial/M_60_70_L_80_90_0017_light_brown.jpg,0739e6ffd68615147d612b9ab480ce494f9d3602b60bfb4f33b44dcf56e5e0e4,train,HISTORICALLY_EXPOSED,True,True,"High-confidence fine-tune notebooks build one dataset from all 2057 rows. For fallback rows, sample identity was exposed although historical augmented bytes are not reproducible."
ad10ff93dcf2532ac040,Soil_Labeled_Data/M_60_70/L_80_90/alluvial/M_60_70_L_80_90_0020_light_brown.jpg,f7baae8264ab7080c9b64eda912282bb7ec5055e7f3a6fca8b7f0243954249ac,train,HISTORICALLY_EXPOSED,True,True,"High-confidence fine-tune notebooks build one dataset from all 2057 rows. For fallback rows, sample identity was exposed although historical augmented bytes are not reproducible."
90dd629d0ca984a38cec,Soil_Labeled_Data/M_60_70/L_80_90/alluvial/M_60_70_L_80_90_0021_gray_brown.jpg,dcd2034dab872f34c0bed60cee9ca0115bab729d6ca7aa298e7eed7f634a39cb,train,HISTORICALLY_EXPOSED,True,True,"High-confidence fine-tune notebooks build one dataset from all 2057 rows. For fallback rows, sample identity was exposed although historical augmented bytes are not reproducible."
6df44d5219942bf71c4e,Soil_Labeled_Data/M_60_70/L_80_90/alluvial/M_60_70_L_80_90_0038_gray_brown.jpg,e35acf5b2e8cc3f1f2334fce0aec8f6a9b461ec8613cb49292b2046d3f7d4bf8,validation,HISTORICALLY_EXPOSED,True,True,"High-confidence fine-tune notebooks build one dataset from all 2057 rows. For fallback rows, sample identity was exposed although historical augmented bytes are not reproducible."
20d54138d37639fc86b9,Soil_Labeled_Data/M_60_70/L_80_90/alluvial/M_60_70_L_80_90_0039_clay_red.jpg,b9d9cafcb153a003cb8356cebbd698514c69a114f3a9f72f4b47536c2f9ef978,train,HISTORICALLY_EXPOSED,False,True,"High-confidence fine-tune notebooks build one dataset from all 2057 rows. For fallback rows, sample identity was exposed although historical augmented bytes are not reproducible."
68a0cc05ff767117a0a9,Soil_Labeled_Data/M_60_70/L_80_90/alluvial/M_60_70_L_80_90_0041_wet_gray.jpg,0725a6ed56b1a9a724aff5511bc1c8be1d89a9b663b8204b6e022defd4fc1c91,train,HISTORICALLY_EXPOSED,True,True,"High-confidence fine-tune notebooks build one dataset from all 2057 rows. For fallback rows, sample identity was exposed although historical augmented bytes are not reproducible."
f0e59a54fa1cfa192a10,Soil_Labeled_Data/M_60_70/L_80_90/alluvial/M_60_70_L_80_90_0044_light_brown.jpg,ced2cd3f9a55a4bd7e604cdd612799fd60953c89d6b8e3b2303788ccc28c7c66,train,HISTORICALLY_EXPOSED,True,True,"High-confidence fine-tune notebooks build one dataset from all 2057 rows. For fallback rows, sample identity was exposed although historical augmented bytes are not reproducible."
88cd8dc434cccf475d55,Soil_Labeled_Data/M_60_70/L_80_90/alluvial/M_60_70_L_80_90_0045_wet_gray.jpg,dc8bc9506f704cb5c87337c29a607a4866f65561b6ccee2d89557e58f95152bc,validation,HISTORICALLY_EXPOSED,True,True,"High-confidence fine-tune notebooks build one dataset from all 2057 rows. For fallback rows, sample identity was exposed although historical augmented bytes are not reproducible."
416b33caaca051723318,Soil_Labeled_Data/M_60_70/L_80_90/alluvial/M_60_70_L_80_90_0050_gray_brown.jpg,dfa81e2ed633dff44edfb46a37e0476b36199f10b92d6be98c9d7871b300cdcd,test,HISTORICALLY_EXPOSED,True,True,"High-confidence fine-tune notebooks build one dataset from all 2057 rows. For fallback rows, sample identity was exposed although historical augmented bytes are not reproducible."
548bcf71f6b0e1aa1bd8,Soil_Labeled_Data/M_60_70/L_80_90/alluvial/M_60_70_L_80_90_0051_gray_brown.jpg,2628ebed5907b8786f423b45249e08efc4c27a04a342a286891944a4f75a266f,train,HISTORICALLY_EXPOSED,True,True,"High-confidence fine-tune notebooks build one dataset from all 2057 rows. For fallback rows, sample identity was exposed although historical augmented bytes are not reproducible."
ed6e6dce0e45571e503a,Soil_Labeled_Data/M_60_70/L_80_90/alluvial/M_60_70_L_80_90_0054_clay_red.jpg,c07aec9e7bf037c26c41e016818fa25eb3a6057b5acd1e28be059614312755fa,train,HISTORICALLY_EXPOSED,True,True,"High-confidence fine-tune notebooks build one dataset from all 2057 rows. For fallback rows, sample identity was exposed although historical augmented bytes are not reproducible."
40d0b0d6098318dcdf0f,Soil_Labeled_Data/M_60_70/L_80_90/alluvial/M_60_70_L_80_90_0058_gray_brown.jpg,3be27060042684990c643d32c5ce96233e163278022e2187ccb1e80c4d6d4b00,train,HISTORICALLY_EXPOSED,True,True,"High-confidence fine-tune notebooks build one dataset from all 2057 rows. For fallback rows, sample identity was exposed although historical augmented bytes are not reproducible."
0c1a4b4be9256b849eef,Soil_Labeled_Data/M_60_70/L_80_90/alluvial/M_60_70_L_80_90_0059_gray_brown.jpg,812655391cc5fe7d9727d0b8f1201e69c68c228a8de1fbdbf657e30e08a1833e,test,HISTORICALLY_EXPOSED,True,True,"High-confidence fine-tune notebooks build one dataset from all 2057 rows. For fallback rows, sample identity was exposed although historical augmented bytes are not reproducible."
b2c107877e4bc9fe38d0,Soil_Labeled_Data/M_60_70/L_80_90/alluvial/M_60_70_L_80_90_0064_light_brown.jpg,a0d1ac105819ca3bdcb1cbed367fb3db58b736b124ae0f93de9e5de10ccc1193,train,HISTORICALLY_EXPOSED,True,True,"High-confidence fine-tune notebooks build one dataset from all 2057 rows. For fallback rows, sample identity was exposed although historical augmented bytes are not reproducible."
9bbc04dc3309dd7c404a,Soil_Labeled_Data/M_60_70/L_80_90/alluvial/M_60_70_L_80_90_0068_light_brown.jpg,7887de2d3e8a5ee7d72b4b20eeaf155f4ce72a4906670b54feb8f905d485ad03,test,HISTORICALLY_EXPOSED,True,True,"High-confidence fine-tune notebooks build one dataset from all 2057 rows. For fallback rows, sample identity was exposed although historical augmented bytes are not reproducible."
50ab139a9ff924d974a6,Soil_Labeled_Data/M_60_70/L_80_90/alluvial/M_60_70_L_80_90_0069_wet_gray.jpg,e847e6425e9208c389f47c077ce75c46f4c3dd6448b7bba0244c3fc1aed8c6d2,test,HISTORICALLY_EXPOSED,True,True,"High-confidence fine-tune notebooks build one dataset from all 2057 rows. For fallback rows, sample identity was exposed although historical augmented bytes are not reproducible."
2f3b2536be8e7da58dda,Soil_Labeled_Data/M_60_70/L_80_90/alluvial/M_60_70_L_80_90_0079_dark_brown.jpg,bb536b280d81302ecaf462129adce93a66649fefaad258eb34e98e63b806ef90,train,HISTORICALLY_EXPOSED,True,True,"High-confidence fine-tune notebooks build one dataset from all 2057 rows. For fallback rows, sample identity was exposed although historical augmented bytes are not reproducible."
87b3d9a9a17b4cf14837,Soil_Labeled_Data/M_60_70/L_80_90/alluvial/M_60_70_L_80_90_0080_dark_brown.jpg,a024dd8c42f7abb3885b10044d16ce654a35b06ebbb19ed406fb45290649a55a,train,HISTORICALLY_EXPOSED,True,True,"High-confidence fine-tune notebooks build one dataset from all 2057 rows. For fallback rows, sample identity was exposed although historical augmented bytes are not reproducible."
986d4770c9448cbc899c,Soil_Labeled_Data/M_60_70/L_80_90/alluvial/M_60_70_L_80_90_0097_wet_gray.jpg,302ad859feacf0e48910c2bca008eaa5326b13fda0af8746abc5439443663303,train,HISTORICALLY_EXPOSED,False,True,"High-confidence fine-tune notebooks build one dataset from all 2057 rows. For fallback rows, sample identity was exposed although historical augmented bytes are not reproducible."
a3dd1a14b20acc9ba88e,Soil_Labeled_Data/M_60_70/L_80_90/alluvial/z5720115611278_2165bd5b2e5ac713d97400eabcc65d99.jpg,26bb3fee4d57dc0f3c2e373eaccb19a1a4f4b8da2c84829c5918e6d3a9e603b3,train,HISTORICALLY_EXPOSED,True,True,"High-confidence fine-tune notebooks build one dataset from all 2057 rows. For fallback rows, sample identity was exposed although historical augmented bytes are not reproducible."
26fd7b73161c46436846,Soil_Labeled_Data/M_60_70/L_80_90/alluvial/z5720115653272_3de34aa127a04a50ac17b19f6c26e982.jpg,c7569787e74310048696c82571cedd2cb89e66b961605a3059711b281284b503,test,HISTORICALLY_EXPOSED,True,True,"High-confidence fine-tune notebooks build one dataset from all 2057 rows. For fallback rows, sample identity was exposed although historical augmented bytes are not reproducible."
1735377141e132151314,Soil_Labeled_Data/M_60_70/L_80_90/alluvial/z5720115687004_c7046b6ed304fe8ccbb693c1af288980.jpg,da67778185dbfeb35e18acd99a4b43850e693e80c558855b36f342b4d4360d30,train,HISTORICALLY_EXPOSED,True,True,"High-confidence fine-tune notebooks build one dataset from all 2057 rows. For fallback rows, sample identity was exposed although historical augmented bytes are not reproducible."
62c27104169ff615982f,Soil_Labeled_Data/M_60_70/L_80_90/alluvial/z5720115727413_e891a8cfc53a007f676e1bac4a0342b5.jpg,18bc134226d0f0292404508331885ed7ec92dac7ad23953057102c75b475fc2a,train,HISTORICALLY_EXPOSED,True,True,"High-confidence fine-tune notebooks build one dataset from all 2057 rows. For fallback rows, sample identity was exposed although historical augmented bytes are not reproducible."
00cac614ccf99e7eca7d,Soil_Labeled_Data/M_60_70/L_80_90/alluvial/z5720115765295_566dab2e381f475c4d17c1f90510d54b.jpg,18bc70fb3bbd74cd8bf3ab88ec4e48b1aa2fdd6673a130490622719209b228e0,validation,HISTORICALLY_EXPOSED,True,True,"High-confidence fine-tune notebooks build one dataset from all 2057 rows. For fallback rows, sample identity was exposed although historical augmented bytes are not reproducible."
f3e98c79441983bb4324,Soil_Labeled_Data/M_60_70/L_80_90/alluvial/z5720115800429_ff01c46a0bb2fd04a0bcfaa21477768c.jpg,9a626aede8c742d3909a22277e5a046d567ff352bc7d86b1afa44be176987d0f,test,HISTORICALLY_EXPOSED,True,True,"High-confidence fine-tune notebooks build one dataset from all 2057 rows. For fallback rows, sample identity was exposed although historical augmented bytes are not reproducible."
1fa543af29f836ba939d,Soil_Labeled_Data/M_60_70/L_80_90/alluvial/z5720115833149_ed8419086eec88fa81ae29e84dd8ee29.jpg,af54ceee1e6ea7ef7a866eb66ec5f0714bf947da83ee39e15e5e8cab789a92e8,train,HISTORICALLY_EXPOSED,True,True,"High-confidence fine-tune notebooks build one dataset from all 2057 rows. For fallback rows, sample identity was exposed although historical augmented bytes are not reproducible."
5a2037c36dfb748735e9,Soil_Labeled_Data/M_60_70/L_80_90/alluvial/z5720115869917_a1c0c0f135fb5443e070ba2cfa3f59b5.jpg,75af8544493631632ecb26dbf0ebbaccebb83a95700602043d0f9d43d51d6261,train,HISTORICALLY_EXPOSED,True,True,"High-confidence fine-tune notebooks build one dataset from all 2057 rows. For fallback rows, sample identity was exposed although historical augmented bytes are not reproducible."
7a56d64b2d566aa9695e,Soil_Labeled_Data/M_60_70/L_80_90/alluvial/z5720115908066_d971dc1911998ed5477394adeada3648.jpg,8135a92cf1b73d22b6e345d3c2b34d93ef0ec1487efe4fb4b193d73d326db557,train,HISTORICALLY_EXPOSED,True,True,"High-confidence fine-tune notebooks build one dataset from all 2057 rows. For fallback rows, sample identity was exposed although historical augmented bytes are not reproducible."
6f3e63bc1d07f3a2167c,Soil_Labeled_Data/M_60_70/L_80_90/alluvial/z5720115942754_8be2331cdea2f08eaa20a4d16f47702e.jpg,b31a63d28142efd56024bd0e38ee4b1118ecaf2eca2f4cb0c721d8c954f5bcb9,train,HISTORICALLY_EXPOSED,True,True,"High-confidence fine-tune notebooks build one dataset from all 2057 rows. For fallback rows, sample identity was exposed although historical augmented bytes are not reproducible."
044b361d62eafd6848cc,Soil_Labeled_Data/M_60_70/L_80_90/alluvial/z5720115955016_77628ff737c4b80cdf4db3cabe679c96.jpg,1036124b03e417fccc2b2771da3daa5a7aa4639e9c0f2094e2f620f40d734ce6,test,HISTORICALLY_EXPOSED,True,True,"High-confidence fine-tune notebooks build one dataset from all 2057 rows. For fallback rows, sample identity was exposed although historical augmented bytes are not reproducible."
9d3d89498f757e2dd92f,Soil_Labeled_Data/M_60_70/L_80_90/alluvial/z5720115969160_90e7c8fe51469c6537b93b0b5051f46d.jpg,d2d846cd4e716f7399ac6b2fe8d1b99b43285e9b37aad353e7b55b7f2ba4a9b0,train,HISTORICALLY_EXPOSED,True,True,"High-confidence fine-tune notebooks build one dataset from all 2057 rows. For fallback rows, sample identity was exposed although historical augmented bytes are not reproducible."
7b413eb8b352bda0dea5,Soil_Labeled_Data/M_60_70/L_80_90/alluvial/z5720115982216_637e10bfdba8825575e6ddce9ee0b4db.jpg,152c3629f5e51fcdd37dc597a1642fce5df05fa051ff1e636ab64591586992fa,test,HISTORICALLY_EXPOSED,True,True,"High-confidence fine-tune notebooks build one dataset from all 2057 rows. For fallback rows, sample identity was exposed although historical augmented bytes are not reproducible."
86973bf50510b1a8d8f5,Soil_Labeled_Data/M_60_70/L_80_90/alluvial/z5720115994271_6ee046f5429b540fab54644ee387967d.jpg,f78a84e7b2a6e850c20e699b6715e85009c356da4b0001f92227be59ff662b36,train,HISTORICALLY_EXPOSED,True,True,"High-confidence fine-tune notebooks build one dataset from all 2057 rows. For fallback rows, sample identity was exposed although historical augmented bytes are not reproducible."
41f37999934d0120eb8d,Soil_Labeled_Data/M_60_70/L_80_90/alluvial/z5720116009994_7473d14d835476f47632659bffa27b72.jpg,6dd61e46951640ce81a122981b61d8e716bfb01a13aa1ca5643228cd448c10c7,train,HISTORICALLY_EXPOSED,True,True,"High-confidence fine-tune notebooks build one dataset from all 2057 rows. For fallback rows, sample identity was exposed although historical augmented bytes are not reproducible."
8dcf98fa3990cc1b15db,Soil_Labeled_Data/M_60_70/L_80_90/alluvial/z5720116028219_3547ed7fc4e58ca77d0a9c04ad52a29b.jpg,356b4f61f11c3f3639169e6ac8da9d34ad8d408c85fcafa9b03665c25a2c2d22,test,HISTORICALLY_EXPOSED,True,True,"High-confidence fine-tune notebooks build one dataset from all 2057 rows. For fallback rows, sample identity was exposed although historical augmented bytes are not reproducible."
a0eec7610029ef30c836,Soil_Labeled_Data/M_60_70/L_80_90/alluvial/z5720116040527_64efc6d26d1ee063c31ac7c808603d38.jpg,7230e1cf8fc623e3ff5e052ad819fe35ff56d2740228ea685e65aeff6f9082f1,train,HISTORICALLY_EXPOSED,True,True,"High-confidence fine-tune notebooks build one dataset from all 2057 rows. For fallback rows, sample identity was exposed although historical augmented bytes are not reproducible."
532d792db42125e850fb,Soil_Labeled_Data/M_60_70/L_80_90/alluvial/z5720116056023_3d3d361e4d7255ed7de4195fa640e456.jpg,5873f295503021948402983e0b69c19684e53795933b1f0e7413811e5fe0efb1,train,HISTORICALLY_EXPOSED,True,True,"High-confidence fine-tune notebooks build one dataset from all 2057 rows. For fallback rows, sample identity was exposed although historical augmented bytes are not reproducible."
9206eab7435ff06a712b,Soil_Labeled_Data/M_60_70/L_80_90/alluvial/z5720116069849_bcc6949c92dd61a3b67028202e4c3c2a.jpg,e7d94a42af104da7bdf576e1af439aa873e09e789ad3de009fe5f51e79b02b3f,train,HISTORICALLY_EXPOSED,True,True,"High-confidence fine-tune notebooks build one dataset from all 2057 rows. For fallback rows, sample identity was exposed although historical augmented bytes are not reproducible."
ea70868f5346415b7226,Soil_Labeled_Data/M_60_70/L_80_90/alluvial/z5720116085194_b4c6d844bda5f6a7533e048925576cdd.jpg,d27c8f193d45dc320ed6bfa0639a1374901b85f74b60878fbb42dd02333cc0a0,train,HISTORICALLY_EXPOSED,True,True,"High-confidence fine-tune notebooks build one dataset from all 2057 rows. For fallback rows, sample identity was exposed although historical augmented bytes are not reproducible."
5230e7aff51e0643e062,Soil_Labeled_Data/M_60_70/L_90_100/alluvial/M_60_70_L_90_100_0001_gray_brown.jpg,059030a12c0d39630781a21d216a36bd67d901c663f88d7c95ad83768e5ae1b1,train,HISTORICALLY_EXPOSED,True,True,"High-confidence fine-tune notebooks build one dataset from all 2057 rows. For fallback rows, sample identity was exposed although historical augmented bytes are not reproducible."
c4df016a64ce11ada08b,Soil_Labeled_Data/M_60_70/L_90_100/alluvial/M_60_70_L_90_100_0004_gray_brown.jpg,0e8fcd9a673182f7ad4d8092c72fd4d6a42d6179b09e02b1fc8c2f62b47e01fa,test,HISTORICALLY_EXPOSED,False,True,"High-confidence fine-tune notebooks build one dataset from all 2057 rows. For fallback rows, sample identity was exposed although historical augmented bytes are not reproducible."
9329b69521021aa732e1,Soil_Labeled_Data/M_60_70/L_90_100/alluvial/M_60_70_L_90_100_0005_dark_brown.jpg,f4d3e358297730ad82e1f8bb6c9c78e0a3df8444ad767c2479ea5059b02cc457,train,HISTORICALLY_EXPOSED,False,True,"High-confidence fine-tune notebooks build one dataset from all 2057 rows. For fallback rows, sample identity was exposed although historical augmented bytes are not reproducible."
4d401e80a00eca9a508d,Soil_Labeled_Data/M_60_70/L_90_100/alluvial/M_60_70_L_90_100_0024_light_brown.jpg,8e50df781a0b37adb2ef973e007729e7b1a1ceb4b8655029145a21ef4d411ed7,train,HISTORICALLY_EXPOSED,False,True,"High-confidence fine-tune notebooks build one dataset from all 2057 rows. For fallback rows, sample identity was exposed although historical augmented bytes are not reproducible."
81631e97066044921f0d,Soil_Labeled_Data/M_60_70/L_90_100/alluvial/M_60_70_L_90_100_0025_wet_gray.jpg,4a381a166aba50711200640063af856034dcaab0559ab74467797e4710d75a91,train,HISTORICALLY_EXPOSED,True,True,"High-confidence fine-tune notebooks build one dataset from all 2057 rows. For fallback rows, sample identity was exposed although historical augmented bytes are not reproducible."
c09ceb9766635baa8ba5,Soil_Labeled_Data/M_60_70/L_90_100/alluvial/M_60_70_L_90_100_0028_gray_brown.jpg,9b0b487ccdadeb559d349b5670546696581398118e542962cecef695a43575e8,train,HISTORICALLY_EXPOSED,True,True,"High-confidence fine-tune notebooks build one dataset from all 2057 rows. For fallback rows, sample identity was exposed although historical augmented bytes are not reproducible."
f80eb6ff35c0e2d21eb1,Soil_Labeled_Data/M_60_70/L_90_100/alluvial/M_60_70_L_90_100_0029_gray_brown.jpg,cc44d827dfb511f12c78ac1f0914e80dddab0099cf5b083a728c64005036e237,train,HISTORICALLY_EXPOSED,True,True,"High-confidence fine-tune notebooks build one dataset from all 2057 rows. For fallback rows, sample identity was exposed although historical augmented bytes are not reproducible."
e8bce87298c863cdd9d8,Soil_Labeled_Data/M_60_70/L_90_100/alluvial/M_60_70_L_90_100_0033_clay_red.jpg,ab8885b9235ea2786102c5bcceda9c88b33bb9b8566a6d00127731e45597eb97,test,HISTORICALLY_EXPOSED,False,True,"High-confidence fine-tune notebooks build one dataset from all 2057 rows. For fallback rows, sample identity was exposed although historical augmented bytes are not reproducible."
3ef9886836eca13d1e7f,Soil_Labeled_Data/M_60_70/L_90_100/alluvial/M_60_70_L_90_100_0041_wet_gray.jpg,99ce74d53372e3e879eab2ce6cda4a578cb4094e2ee3ca69e92662c9ae15937f,train,HISTORICALLY_EXPOSED,True,True,"High-confidence fine-tune notebooks build one dataset from all 2057 rows. For fallback rows, sample identity was exposed although historical augmented bytes are not reproducible."
daa50a8dce4003dd5cfc,Soil_Labeled_Data/M_60_70/L_90_100/alluvial/M_60_70_L_90_100_0050_gray_brown.jpg,24759744b2009ba52004eddef72ba31eca70cec4bb51634014a24341d7cce249,train,HISTORICALLY_EXPOSED,False,True,"High-confidence fine-tune notebooks build one dataset from all 2057 rows. For fallback rows, sample identity was exposed although historical augmented bytes are not reproducible."
c2b1691448ab3a768f45,Soil_Labeled_Data/M_60_70/L_90_100/alluvial/M_60_70_L_90_100_0051_gray_brown.jpg,7b46165fe351f860e10a51282461361c6fd0410a028ea856c99b84ff51aef8ab,train,HISTORICALLY_EXPOSED,False,True,"High-confidence fine-tune notebooks build one dataset from all 2057 rows. For fallback rows, sample identity was exposed although historical augmented bytes are not reproducible."
a67d523dc850c9135aca,Soil_Labeled_Data/M_60_70/L_90_100/alluvial/M_60_70_L_90_100_0058_dark_brown.jpg,29f492f98568603bdebe0f93ff483a03180c2a651dced8da699fd9b7ad02d9e5,train,HISTORICALLY_EXPOSED,True,True,"High-confidence fine-tune notebooks build one dataset from all 2057 rows. For fallback rows, sample identity was exposed although historical augmented bytes are not reproducible."
f65afee5064041e87aa8,Soil_Labeled_Data/M_60_70/L_90_100/alluvial/M_60_70_L_90_100_0060_dark_brown.jpg,c99038a9e425deeb223f1840312e526acc0aac2ac20ccd08eccad193917549a9,train,HISTORICALLY_EXPOSED,False,True,"High-confidence fine-tune notebooks build one dataset from all 2057 rows. For fallback rows, sample identity was exposed although historical augmented bytes are not reproducible."
706a31cde4e3d6bcfcdb,Soil_Labeled_Data/M_60_70/L_90_100/alluvial/M_60_70_L_90_100_0061_clay_red.jpg,0517ac1128d0a2a678ea9c9e6f0aca7c20abdad447a93e3dacac5ef68597b6e0,train,HISTORICALLY_EXPOSED,True,True,"High-confidence fine-tune notebooks build one dataset from all 2057 rows. For fallback rows, sample identity was exposed although historical augmented bytes are not reproducible."
ceed52e2075382ad19c8,Soil_Labeled_Data/M_60_70/L_90_100/alluvial/M_60_70_L_90_100_0062_dark_brown.jpg,75906e4a5f6c4fc0cbfc5cfb97b3478ae880f4758cd0f8fa98575b487f29d7c3,train,HISTORICALLY_EXPOSED,False,True,"High-confidence fine-tune notebooks build one dataset from all 2057 rows. For fallback rows, sample identity was exposed although historical augmented bytes are not reproducible."
13ab9e2ebcd6dbf5ba90,Soil_Labeled_Data/M_60_70/L_90_100/alluvial/M_60_70_L_90_100_0068_wet_gray.jpg,8e464c4f686d19d13e9d3005622c3153fc81b4ad65a6bdd92b5144f449b07b24,train,HISTORICALLY_EXPOSED,False,True,"High-confidence fine-tune notebooks build one dataset from all 2057 rows. For fallback rows, sample identity was exposed although historical augmented bytes are not reproducible."
d36b152732cc10d8411e,Soil_Labeled_Data/M_60_70/L_90_100/alluvial/M_60_70_L_90_100_0079_wet_gray.jpg,d268b0281bf95010980ff2be28df021501128aa5cbd5a0023b4f7e117a28246a,train,HISTORICALLY_EXPOSED,False,True,"High-confidence fine-tune notebooks build one dataset from all 2057 rows. For fallback rows, sample identity was exposed although historical augmented bytes are not reproducible."
6cc75a8db9ca905f1945,Soil_Labeled_Data/M_60_70/L_90_100/alluvial/M_60_70_L_90_100_0086_wet_gray.jpg,fee08a31687061b4a1c62cd99291040793364167e35790d8b24107a90fddb898,train,HISTORICALLY_EXPOSED,False,True,"High-confidence fine-tune notebooks build one dataset from all 2057 rows. For fallback rows, sample identity was exposed although historical augmented bytes are not reproducible."
be7d3edd1c439702f597,Soil_Labeled_Data/M_60_70/L_90_100/alluvial/M_60_70_L_90_100_0090_light_brown.jpg,bf37a317997e70600814d23e8267489ef34933768ea67c9d776d263de82ae801,train,HISTORICALLY_EXPOSED,True,True,"High-confidence fine-tune notebooks build one dataset from all 2057 rows. For fallback rows, sample identity was exposed although historical augmented bytes are not reproducible."
18b1bb88df1fae03c1f5,Soil_Labeled_Data/M_60_70/L_90_100/alluvial/M_60_70_L_90_100_0099_gray_brown.jpg,6e7b9d38dd4bf0692cf943d302b6a6f8b3f9b2aa12a161dfded9a46bb849df8d,train,HISTORICALLY_EXPOSED,True,True,"High-confidence fine-tune notebooks build one dataset from all 2057 rows. For fallback rows, sample identity was exposed although historical augmented bytes are not reproducible."
060cd707a16a1a0fdd0a,Soil_Labeled_Data/M_70_80/L_0_10/alluvial/IMG_0406_M_10_20_gray_brown_M_40_50_gray_brown_M_60_70_clay_red.jpg,a1f47eefe1b4de040727c019d5be1a7c10d03a072c4f36f45056da9f309d5ae9,validation,HISTORICALLY_EXPOSED,False,True,"High-confidence fine-tune notebooks build one dataset from all 2057 rows. For fallback rows, sample identity was exposed although historical augmented bytes are not reproducible."
887b55eef5ee6c938759,Soil_Labeled_Data/M_70_80/L_0_10/alluvial/IMG_0407_M_10_20_gray_brown_M_40_50_light_brown_M_50_60_dark_brown.jpg,fef2b61799ed68f7390ad9c5cb2c668b9a2ebd2dee0be9789bfd5ac87cc52719,train,HISTORICALLY_EXPOSED,False,True,"High-confidence fine-tune notebooks build one dataset from all 2057 rows. For fallback rows, sample identity was exposed although historical augmented bytes are not reproducible."
1406360ad5af344424f4,Soil_Labeled_Data/M_70_80/L_0_10/alluvial/IMG_0408_M_10_20_gray_brown_M_40_50_gray_brown_M_50_60_dark_brown_M_60_70_clay_red.jpg,4fc3de18d54e68e36b0551481b88338ee98b25c5cb8a4a7acdc52d33eb414074,train,HISTORICALLY_EXPOSED,True,True,"High-confidence fine-tune notebooks build one dataset from all 2057 rows. For fallback rows, sample identity was exposed although historical augmented bytes are not reproducible."
66932117abec911f9ff9,Soil_Labeled_Data/M_70_80/L_0_10/alluvial/IMG_0413_M_10_20_pale_yellow_M_40_50_gray_brown_M_60_70_clay_red.jpg,ea12126a42a4a593a76511c16ba45aae980a04f25745ed812acead648f66f904,train,HISTORICALLY_EXPOSED,False,True,"High-confidence fine-tune notebooks build one dataset from all 2057 rows. For fallback rows, sample identity was exposed although historical augmented bytes are not reproducible."
6328e3c69c91802cf017,Soil_Labeled_Data/M_70_80/L_0_10/alluvial/IMG_0418_M_10_20_clayish_red_M_40_50_gray_brown_M_60_70_clay_red.jpg,bb6c00ba04bff8f02a8df74b560508cbe942625f737d918a037b612eb5bb4792,train,HISTORICALLY_EXPOSED,False,True,"High-confidence fine-tune notebooks build one dataset from all 2057 rows. For fallback rows, sample identity was exposed although historical augmented bytes are not reproducible."
b6bf03daac51d2226280,Soil_Labeled_Data/M_70_80/L_0_10/alluvial/IMG_0418_M_10_20_clayish_red_M_40_50_light_brown_M_50_60_dark_brown_M_60_70_dark_brown.jpg,8fddf52e5c84b483a025ddf6c49e1ea3810e3ab71a51482865ac10e03bd3e304,train,HISTORICALLY_EXPOSED,True,True,"High-confidence fine-tune notebooks build one dataset from all 2057 rows. For fallback rows, sample identity was exposed although historical augmented bytes are not reproducible."
1883b8a35727df96944f,Soil_Labeled_Data/M_70_80/L_0_10/alluvial/IMG_0425_M_10_20_pale_yellow_M_40_50_dark_brown_M_60_70_dark_brown.jpg,51004c014581eeb8dff807ccfd504b17039208d19edba22b801dd24380a74ab9,train,HISTORICALLY_EXPOSED,False,True,"High-confidence fine-tune notebooks build one dataset from all 2057 rows. For fallback rows, sample identity was exposed although historical augmented bytes are not reproducible."
62c4d305555ee30b0cbb,Soil_Labeled_Data/M_70_80/L_0_10/alluvial/z5714094628996_2ba67db18f33aa6bf75d2bf34582cb2c_M_0_10_gray_brown_M_40_50_dark_brown_M_60_70_dark_brown.jpg,d568c653fa44ca422f78c624e4bb8955146a8a205d2bca31c745ab1435f66b11,validation,HISTORICALLY_EXPOSED,True,True,"High-confidence fine-tune notebooks build one dataset from all 2057 rows. For fallback rows, sample identity was exposed although historical augmented bytes are not reproducible."
d582bb3bbc331a52e4d7,Soil_Labeled_Data/M_70_80/L_0_10/alluvial/z5714095021903_b26a3a815aa064952be57e24cd3e499e_M_0_10_light_brown_M_40_50_gray_brown_M_50_60_clay_red.jpg,d216524fb1266f94f98e4b6e6e330391c9646c515745c1c78f6cd361ba78d89a,train,HISTORICALLY_EXPOSED,True,True,"High-confidence fine-tune notebooks build one dataset from all 2057 rows. For fallback rows, sample identity was exposed although historical augmented bytes are not reproducible."
b1bf3b536b7ee7dfab3a,Soil_Labeled_Data/M_70_80/L_0_10/alluvial/z5714095361298_5b8521f71b6051a784c85bd3550ccbe0_M_0_10_pale_yellow_M_40_50_gray_brown_M_60_70_dark_brown.jpg,b2095d78a9d592869fc14f48d26d16c0cac415f900340b77afa16a46525089ce,test,HISTORICALLY_EXPOSED,True,True,"High-confidence fine-tune notebooks build one dataset from all 2057 rows. For fallback rows, sample identity was exposed although historical augmented bytes are not reproducible."
fd1afca7e6192acd69b6,Soil_Labeled_Data/M_70_80/L_0_10/alluvial/z5714095397323_3ba8d5731fe9ad72ecd36a4f5fe55be2_M_0_10_clayish_red_M_40_50_dark_brown_M_60_70_clay_red.jpg,8bd22d2dd43e7fb9f0d025961c2624dceb42b9471783ec08377a35d7a60d434b,train,HISTORICALLY_EXPOSED,True,True,"High-confidence fine-tune notebooks build one dataset from all 2057 rows. For fallback rows, sample identity was exposed although historical augmented bytes are not reproducible."
275ae444db430ccf5a13,Soil_Labeled_Data/M_70_80/L_0_10/alluvial/z5714095397323_3ba8d5731fe9ad72ecd36a4f5fe55be2_M_0_10_pale_yellow_M_40_50_gray_brown_M_50_60_clay_red.jpg,9d85429049f834896051b2e63a971b0c17eec5966b8c116d7741f168653625f3,train,HISTORICALLY_EXPOSED,True,True,"High-confidence fine-tune notebooks build one dataset from all 2057 rows. For fallback rows, sample identity was exposed although historical augmented bytes are not reproducible."
0637aa179b762e849b05,Soil_Labeled_Data/M_70_80/L_0_10/alluvial/z5716041534082_306e15f5e30046bae34f62036b4539ae_M_30_40_gray_brown_M_50_60_clay_red.jpg,ca8c61ed42e829318353e29d5c04b967ccc3cd394fabcd24dd90921d36658566,train,HISTORICALLY_EXPOSED,True,True,"High-confidence fine-tune notebooks build one dataset from all 2057 rows. For fallback rows, sample identity was exposed although historical augmented bytes are not reproducible."
2114a2940d1313e28b8c,Soil_Labeled_Data/M_70_80/L_0_10/alluvial/z5716041600867_155ef81185111d0c63d0fb1432ad825c_M_30_40_light_brown_M_50_60_dark_brown.jpg,31b0a1590d332ab1c91becfc6e9eebc788c20e979b9eec66d452c32a1fdcefca,train,HISTORICALLY_EXPOSED,True,True,"High-confidence fine-tune notebooks build one dataset from all 2057 rows. For fallback rows, sample identity was exposed although historical augmented bytes are not reproducible."
42f63dab4bc3e6191b31,Soil_Labeled_Data/M_70_80/L_0_10/alluvial/z5716041881708_78beac35b69090477b9041eb1ba236f3_M_30_40_gray_brown_M_40_50_gray_brown_M_50_60_gray_brown_M_60_70_dark_brown.jpg,c06305bd73d33e8bb8d1a00a3c0f7090173a582dae982ff45a34eb95ad925924,train,HISTORICALLY_EXPOSED,True,True,"High-confidence fine-tune notebooks build one dataset from all 2057 rows. For fallback rows, sample identity was exposed although historical augmented bytes are not reproducible."
efce4b1341d0a8bf27fb,Soil_Labeled_Data/M_70_80/L_0_10/alluvial/z5716041921976_7e4a689b2efcc84b88cd5677cea9ff06_M_30_40_clayish_red_M_40_50_dark_brown_M_60_70_dark_brown.jpg,d8b31cb95f9f859fdd5f95785d4a42a27a80000ef07e1afea380dfe5c1c85523,validation,HISTORICALLY_EXPOSED,True,True,"High-confidence fine-tune notebooks build one dataset from all 2057 rows. For fallback rows, sample identity was exposed although historical augmented bytes are not reproducible."
8c85294a4fee3a1f1351,Soil_Labeled_Data/M_70_80/L_0_10/alluvial/z5716041921976_7e4a689b2efcc84b88cd5677cea9ff06_M_30_40_light_brown_M_50_60_clay_red.jpg,8a8ac6e2af0f5527ccf4a84c93fb6ce8fbe30a40e4a6a1c2af912d24075f5f98,train,HISTORICALLY_EXPOSED,True,True,"High-confidence fine-tune notebooks build one dataset from all 2057 rows. For fallback rows, sample identity was exposed although historical augmented bytes are not reproducible."
e818c149a74b5c19c0ab,Soil_Labeled_Data/M_70_80/L_0_10/alluvial/z5716042289286_4f5ba54e9a7dd70e051e6c0bf403d0f8_M_30_40_pale_yellow_M_40_50_light_brown_M_50_60_clay_red.jpg,13a14d3d1b72589268ee6d12b1503fe0163383c1ce9d3682c66b21376c4c1003,train,HISTORICALLY_EXPOSED,True,True,"High-confidence fine-tune notebooks build one dataset from all 2057 rows. For fallback rows, sample identity was exposed although historical augmented bytes are not reproducible."
d549dd7f33f1500f3b04,Soil_Labeled_Data/M_70_80/L_0_10/alluvial/z5716042362231_afc15cf0059cc0b0a10e2307f0224493_M_30_40_clayish_red_M_40_50_dark_brown_M_60_70_dark_brown.jpg,ea30e8eafafbb13bfc540109043b584b511358088ce0d0df504fbfe76c2c4b4b,train,HISTORICALLY_EXPOSED,True,True,"High-confidence fine-tune notebooks build one dataset from all 2057 rows. For fallback rows, sample identity was exposed although historical augmented bytes are not reproducible."
75673655b29588d0e7b0,Soil_Labeled_Data/M_70_80/L_0_10/alluvial/z5716042393202_8e123a1e78f84eda2b3a3bd5bfe377a3_M_30_40_gray_brown_M_40_50_light_brown_M_50_60_clay_red.jpg,5084051fb2857a334d01acca4b7419bbae5a55d72923ecd457d2cc5933726809,train,HISTORICALLY_EXPOSED,True,True,"High-confidence fine-tune notebooks build one dataset from all 2057 rows. For fallback rows, sample identity was exposed although historical augmented bytes are not reproducible."
3ae31b226bcf4c2ab4fe,Soil_Labeled_Data/M_70_80/L_10_20/alluvial/IMG_0020_M_0_10_pale_yellow_M_40_50_gray_brown_M_50_60_clay_red.jpg,665e82970525fb089f0fefee1924e4612aca84980da79882517943ab81647207,train,HISTORICALLY_EXPOSED,True,True,"High-confidence fine-tune notebooks build one dataset from all 2057 rows. For fallback rows, sample identity was exposed although historical augmented bytes are not reproducible."
87800b65c93137f41e8a,Soil_Labeled_Data/M_70_80/L_10_20/alluvial/IMG_0449_M_10_20_pale_yellow_M_40_50_light_brown_M_50_60_dark_brown.jpg,c3ada25d7a8de1805db06338913d490b063a4b52476b87a2d4002519e2fa0d5d,train,HISTORICALLY_EXPOSED,True,True,"High-confidence fine-tune notebooks build one dataset from all 2057 rows. For fallback rows, sample identity was exposed although historical augmented bytes are not reproducible."
6c8d49c1d4bbf371ed09,Soil_Labeled_Data/M_70_80/L_10_20/alluvial/IMG_0452_M_10_20_gray_brown_M_40_50_light_brown_M_50_60_gray_brown_M_60_70_clay_red.jpg,50028d35a97e25131a6146fb50ac05ae4d95db0b938a91d4d7900e1d944d7207,train,HISTORICALLY_EXPOSED,True,True,"High-confidence fine-tune notebooks build one dataset from all 2057 rows. For fallback rows, sample identity was exposed although historical augmented bytes are not reproducible."
feab0ddfddb402d16a04,Soil_Labeled_Data/M_70_80/L_10_20/alluvial/IMG_0453_M_10_20_gray_brown_M_40_50_light_brown_M_50_60_dark_brown.jpg,ba56487108ab72ae2cdc6f01b1afba57202d4c004dbfe8a21450dda87ed75616,train,HISTORICALLY_EXPOSED,True,True,"High-confidence fine-tune notebooks build one dataset from all 2057 rows. For fallback rows, sample identity was exposed although historical augmented bytes are not reproducible."
491548322e2f98d875b8,Soil_Labeled_Data/M_70_80/L_10_20/alluvial/IMG_0455_M_10_20_gray_brown_M_40_50_light_brown_M_50_60_gray_brown_M_60_70_clay_red.jpg,a9c0900226a829ae6eec50f0750f9890bcc3a65c8d5962b91b4b700489eb6f3b,train,HISTORICALLY_EXPOSED,True,True,"High-confidence fine-tune notebooks build one dataset from all 2057 rows. For fallback rows, sample identity was exposed although historical augmented bytes are not reproducible."
b493a663d28b36f1ce5e,Soil_Labeled_Data/M_70_80/L_10_20/alluvial/IMG_0462_M_10_20_pale_yellow_M_40_50_dark_brown_M_60_70_clay_red.jpg,65f0844630b88e213cfaa7f0c42150408b1fa3264dccf1668d1a441505f49b7a,train,HISTORICALLY_EXPOSED,True,True,"High-confidence fine-tune notebooks build one dataset from all 2057 rows. For fallback rows, sample identity was exposed although historical augmented bytes are not reproducible."
c8c013ecb2a667826c82,Soil_Labeled_Data/M_70_80/L_10_20/alluvial/IMG_0462_M_10_20_pale_yellow_M_40_50_gray_brown_M_50_60_clay_red.jpg,485cb88b5054bd610c6b6c36b7b61fa36e85045e5ae9d856ad6794dcc6e7cb9a,train,HISTORICALLY_EXPOSED,True,True,"High-confidence fine-tune notebooks build one dataset from all 2057 rows. For fallback rows, sample identity was exposed although historical augmented bytes are not reproducible."
fbcbe0f8df61ee9759d3,Soil_Labeled_Data/M_70_80/L_10_20/alluvial/IMG_0463_M_10_20_gray_brown_M_40_50_gray_brown_M_50_60_clay_red.jpg,fc102c52156d23942efd5dc86d1e10b323cbd4275389c028d69c1356f1c64e43,train,HISTORICALLY_EXPOSED,True,True,"High-confidence fine-tune notebooks build one dataset from all 2057 rows. For fallback rows, sample identity was exposed although historical augmented bytes are not reproducible."
9083a3d07e9a0adb5260,Soil_Labeled_Data/M_70_80/L_10_20/alluvial/IMG_0464_M_10_20_pale_yellow_M_40_50_gray_brown_M_50_60_clay_red.jpg,d259cae130ea10f8a45ec22818be77debc6aa28655fe8d4bb4781b448436742f,train,HISTORICALLY_EXPOSED,True,True,"High-confidence fine-tune notebooks build one dataset from all 2057 rows. For fallback rows, sample identity was exposed although historical augmented bytes are not reproducible."
9ddfc3a2dcb8344268f7,Soil_Labeled_Data/M_70_80/L_10_20/alluvial/IMG_0468_M_10_20_clayish_red_M_40_50_gray_brown_M_60_70_clay_red.jpg,634a10184c60ddc7034d8a2e678198f8089c52bf376f2821ee8a8145bab8ba4a,train,HISTORICALLY_EXPOSED,True,True,"High-confidence fine-tune notebooks build one dataset from all 2057 rows. For fallback rows, sample identity was exposed although historical augmented bytes are not reproducible."
226266495a46b02b41ef,Soil_Labeled_Data/M_70_80/L_10_20/alluvial/z5716081579514_5a67b978119dcf79cb53e218abca90ab_M_30_40_gray_brown_M_50_60_clay_red.jpg,c90c2aff5fc17d6e30a2590bf33297217f1abe430f59a6b8f68cb03679ffe43f,train,HISTORICALLY_EXPOSED,True,True,"High-confidence fine-tune notebooks build one dataset from all 2057 rows. For fallback rows, sample identity was exposed although historical augmented bytes are not reproducible."
3191d823a9bb634df068,Soil_Labeled_Data/M_70_80/L_10_20/alluvial/z5716081662580_90fe70bd39227686c8ca01467428faf4_M_30_40_gray_brown_M_50_60_dark_brown.jpg,e9c5359faa3927106f76b215074c0ba424a21bb2dd196be4928f3fa1bfedf13b,train,HISTORICALLY_EXPOSED,True,True,"High-confidence fine-tune notebooks build one dataset from all 2057 rows. For fallback rows, sample identity was exposed although historical augmented bytes are not reproducible."
46880361272b4efdf4a8,Soil_Labeled_Data/M_70_80/L_10_20/alluvial/z5716081698408_1104a201030364e4363947fc0b109f20_M_30_40_light_brown_M_40_50_dark_brown_M_60_70_dark_brown.jpg,186435dff3c157cc3e5060d04d8ebecb6ced802faf587c175c682ea6ab307625,test,HISTORICALLY_EXPOSED,True,True,"High-confidence fine-tune notebooks build one dataset from all 2057 rows. For fallback rows, sample identity was exposed although historical augmented bytes are not reproducible."
bf48d2e34f25943e04a0,Soil_Labeled_Data/M_70_80/L_10_20/alluvial/z5716081722638_c5469396c1e35eacca15c178956594c9_M_30_40_gray_brown_M_50_60_clay_red.jpg,ee88659df0e56bd7d648b4955b5d970b36a09e710d09f19a02907cb915c9e989,train,HISTORICALLY_EXPOSED,True,True,"High-confidence fine-tune notebooks build one dataset from all 2057 rows. For fallback rows, sample identity was exposed although historical augmented bytes are not reproducible."
38067709a3bc56c34dbf,Soil_Labeled_Data/M_70_80/L_10_20/alluvial/z5716081741279_e6dcbcb3d2252e27194aab74ebc27762_M_30_40_gray_brown_M_50_60_dark_brown.jpg,01e671203a8c0f6259f24872c9e5b91bd8fcb32494d6baaf66641ad1eba220eb,train,HISTORICALLY_EXPOSED,True,True,"High-confidence fine-tune notebooks build one dataset from all 2057 rows. For fallback rows, sample identity was exposed although historical augmented bytes are not reproducible."
720537d3255443eddc0c,Soil_Labeled_Data/M_70_80/L_10_20/alluvial/z5716081772943_2fb347b31f759bb077e09ce9344a4b18_M_30_40_gray_brown_M_40_50_gray_brown_M_60_70_clay_red.jpg,39366b869e35a373f67923b012dc13a405a85ac92e4fc52fc9c1a400dea08d9d,train,HISTORICALLY_EXPOSED,True,True,"High-confidence fine-tune notebooks build one dataset from all 2057 rows. For fallback rows, sample identity was exposed although historical augmented bytes are not reproducible."
7bee23e20f9862b9370a,Soil_Labeled_Data/M_70_80/L_10_20/alluvial/z5716081772943_2fb347b31f759bb077e09ce9344a4b18_M_30_40_light_brown_M_50_60_dark_brown_M_60_70_dark_brown.jpg,1a478a5e3ab60eae9ce7a661bdf195da5afb8766048e77741604554d1fad9dc8,validation,HISTORICALLY_EXPOSED,True,True,"High-confidence fine-tune notebooks build one dataset from all 2057 rows. For fallback rows, sample identity was exposed although historical augmented bytes are not reproducible."
c7679c7badc7a5205f37,Soil_Labeled_Data/M_70_80/L_10_20/alluvial/z5716081793488_8e267ac7db26534a784551ddef1bbd5f_M_30_40_clayish_red_M_40_50_gray_brown_M_50_60_gray_brown_M_60_70_clay_red.jpg,6db7b21607e267f9ab33195f9ef585628c7821037d66c93ca11f3437ce668a16,train,HISTORICALLY_EXPOSED,True,True,"High-confidence fine-tune notebooks build one dataset from all 2057 rows. For fallback rows, sample identity was exposed although historical augmented bytes are not reproducible."
6ca2553189aaf8034d5b,Soil_Labeled_Data/M_70_80/L_10_20/alluvial/z5716081793488_8e267ac7db26534a784551ddef1bbd5f_M_30_40_gray_brown_M_40_50_gray_brown_M_50_60_clay_red.jpg,64a18053e229e2b76376170dc5c74840d9c4e5eb937151e3b9e75eb690cab652,validation,HISTORICALLY_EXPOSED,True,True,"High-confidence fine-tune notebooks build one dataset from all 2057 rows. For fallback rows, sample identity was exposed although historical augmented bytes are not reproducible."
23e5475b5037ba77b666,Soil_Labeled_Data/M_70_80/L_10_20/alluvial/z5716081805208_48402b457cdf22dfa132f7652a7f995f_M_30_40_light_brown_M_50_60_dark_brown_M_60_70_clay_red.jpg,915d6ca8d437d619fcc50b93d99c60826a15e8a978fbfa40159e276d45a8de9a,train,HISTORICALLY_EXPOSED,True,True,"High-confidence fine-tune notebooks build one dataset from all 2057 rows. For fallback rows, sample identity was exposed although historical augmented bytes are not reproducible."
c22d31f65b249b4ea09a,Soil_Labeled_Data/M_70_80/L_20_30/alluvial/IMG_0057_M_0_10_light_brown_M_40_50_dark_brown_M_60_70_clay_red.jpg,37e90626135ea51d1dec1f24c7e6622b409a47fad9038d5688581c3eb8fbfa9d,train,HISTORICALLY_EXPOSED,True,True,"High-confidence fine-tune notebooks build one dataset from all 2057 rows. For fallback rows, sample identity was exposed although historical augmented bytes are not reproducible."
c2b3cba06e8147d9e0d4,Soil_Labeled_Data/M_70_80/L_20_30/alluvial/IMG_0068_M_0_10_clayish_red_M_40_50_dark_brown_M_60_70_clay_red.jpg,97eb51b3d9ec19c6430219de826b34ad3e4aba34ed2388d241fb3be011ecf8d3,train,HISTORICALLY_EXPOSED,True,True,"High-confidence fine-tune notebooks build one dataset from all 2057 rows. For fallback rows, sample identity was exposed although historical augmented bytes are not reproducible."
29ffb55f0429a9040588,Soil_Labeled_Data/M_70_80/L_20_30/alluvial/IMG_0068_M_0_10_light_brown_M_40_50_gray_brown_M_50_60_gray_brown_M_60_70_clay_red.jpg,90df8a978b9306332ea4802ed8ddbdc96b38198d699c57c30e2643508fb91d99,train,HISTORICALLY_EXPOSED,True,True,"High-confidence fine-tune notebooks build one dataset from all 2057 rows. For fallback rows, sample identity was exposed although historical augmented bytes are not reproducible."
8d5f501770120925aa07,Soil_Labeled_Data/M_70_80/L_20_30/alluvial/IMG_0502_M_10_20_pale_yellow_M_40_50_gray_brown_M_60_70_clay_red.jpg,50d2b2649bf3b03ecb7252dd992918d58839ef80d68f8e80b6ffdd6f803b0f44,test,HISTORICALLY_EXPOSED,True,True,"High-confidence fine-tune notebooks build one dataset from all 2057 rows. For fallback rows, sample identity was exposed although historical augmented bytes are not reproducible."
8e9fdc4415216af69e9b,Soil_Labeled_Data/M_70_80/L_20_30/alluvial/IMG_0504_M_10_20_light_brown_M_40_50_gray_brown_M_50_60_clay_red.jpg,9894631894ebcac1f62124afa96fcd3a943fcdd138adb7c4521d41490e2d459d,train,HISTORICALLY_EXPOSED,True,True,"High-confidence fine-tune notebooks build one dataset from all 2057 rows. For fallback rows, sample identity was exposed although historical augmented bytes are not reproducible."
e4c1da64bb61ce973ef1,Soil_Labeled_Data/M_70_80/L_20_30/alluvial/IMG_0505_M_10_20_gray_brown_M_40_50_gray_brown_M_50_60_dark_brown.jpg,39b0a13a859a86bc1ead5266fee767ccebcf55179bfc1aa00865dc37cc41af2a,train,HISTORICALLY_EXPOSED,True,True,"High-confidence fine-tune notebooks build one dataset from all 2057 rows. For fallback rows, sample identity was exposed although historical augmented bytes are not reproducible."
bdb7dcac830b3be5723d,Soil_Labeled_Data/M_70_80/L_20_30/alluvial/IMG_0505_M_10_20_gray_brown_M_40_50_gray_brown_M_50_60_gray_brown_M_60_70_clay_red.jpg,424c77f479adac0255ab76c312dede12a07b8b800c1479c708760fb1c462a664,train,HISTORICALLY_EXPOSED,True,True,"High-confidence fine-tune notebooks build one dataset from all 2057 rows. For fallback rows, sample identity was exposed although historical augmented bytes are not reproducible."
39199fe1deccd58f33ef,Soil_Labeled_Data/M_70_80/L_20_30/alluvial/IMG_0506_M_10_20_clayish_red_M_40_50_gray_brown_M_50_60_dark_brown.jpg,d8ed008ac8036d848a8c9030adaf5e851a3c4f01e5cc857b4977a5966dcada06,test,HISTORICALLY_EXPOSED,True,True,"High-confidence fine-tune notebooks build one dataset from all 2057 rows. For fallback rows, sample identity was exposed although historical augmented bytes are not reproducible."
58b32718be02a297bdbe,Soil_Labeled_Data/M_70_80/L_20_30/alluvial/IMG_0510_M_10_20_light_brown_M_40_50_gray_brown_M_60_70_clay_red.jpg,5216f01cb1f6123271ece4a389d598c3c364caa84afc767579c2d90ef08bd31a,test,HISTORICALLY_EXPOSED,True,True,"High-confidence fine-tune notebooks build one dataset from all 2057 rows. For fallback rows, sample identity was exposed although historical augmented bytes are not reproducible."
3670d4144689606cd993,Soil_Labeled_Data/M_70_80/L_20_30/alluvial/IMG_0514_M_10_20_clayish_red_M_40_50_light_brown_M_50_60_clay_red.jpg,ecd3b56529993d7ef60af647aa4290c7b3ff3a458b925f4fee9dc95d13e93ba3,validation,HISTORICALLY_EXPOSED,True,True,"High-confidence fine-tune notebooks build one dataset from all 2057 rows. For fallback rows, sample identity was exposed although historical augmented bytes are not reproducible."
28a4c6a47c9b8ab3bcd0,Soil_Labeled_Data/M_70_80/L_20_30/alluvial/IMG_0515_M_10_20_pale_yellow_M_40_50_light_brown_M_50_60_dark_brown.jpg,989e50b435b40a137d324a279e4186de6527bfc254b18dab2e5823b5155c04c2,train,HISTORICALLY_EXPOSED,True,True,"High-confidence fine-tune notebooks build one dataset from all 2057 rows. For fallback rows, sample identity was exposed although historical augmented bytes are not reproducible."
dbae417a405d913c3d69,Soil_Labeled_Data/M_70_80/L_20_30/alluvial/IMG_0516_M_10_20_gray_brown_M_40_50_light_brown_M_50_60_dark_brown_M_60_70_clay_red.jpg,f0556e330b5e155d1f50237230cbb5542edd84cd48487eb9fe079886b99cc815,train,HISTORICALLY_EXPOSED,True,True,"High-confidence fine-tune notebooks build one dataset from all 2057 rows. For fallback rows, sample identity was exposed although historical augmented bytes are not reproducible."
7beaa055921aa2342fc2,Soil_Labeled_Data/M_70_80/L_20_30/alluvial/z5716143802989_a04eb3c221a7cff6d3c442ea723574d8_M_30_40_gray_brown_M_50_60_dark_brown_M_60_70_clay_red.jpg,6b5c0f8cdcc66d312ffe130fc31af8c267a6270789d317dbf2ff53853f85cc4c,test,HISTORICALLY_EXPOSED,True,True,"High-confidence fine-tune notebooks build one dataset from all 2057 rows. For fallback rows, sample identity was exposed although historical augmented bytes are not reproducible."
e8597c789770d09b4d87,Soil_Labeled_Data/M_70_80/L_20_30/alluvial/z5716143884036_b02bdfc16942b9a4a8029ffa42d721fa_M_30_40_gray_brown_M_50_60_clay_red.jpg,709aebe779615bbbc4e85a120a86618dac01e9f35d64c89ebab5ddeddf8582d4,train,HISTORICALLY_EXPOSED,True,True,"High-confidence fine-tune notebooks build one dataset from all 2057 rows. For fallback rows, sample identity was exposed although historical augmented bytes are not reproducible."
759c88026a6261ab3e1c,Soil_Labeled_Data/M_70_80/L_20_30/alluvial/z5716143971881_3b7ae01df4bd18ac6697e43919b461a8_M_30_40_light_brown_M_50_60_dark_brown.jpg,e2d33db26178cb3ad62c0f6c011c81bd8cf4ca63464a001da157eb90a04e1639,test,HISTORICALLY_EXPOSED,True,True,"High-confidence fine-tune notebooks build one dataset from all 2057 rows. For fallback rows, sample identity was exposed although historical augmented bytes are not reproducible."
534cb91292bd1767d4ea,Soil_Labeled_Data/M_70_80/L_20_30/alluvial/z5716144083688_2c23641d859dd12e7ca459c954f4e5a3_M_30_40_gray_brown_M_40_50_gray_brown_M_50_60_dark_brown_M_60_70_clay_red.jpg,22e3601a95da8266cdab42cedc574b43f457baf916e6d6566617389c230f8a37,train,HISTORICALLY_EXPOSED,True,True,"High-confidence fine-tune notebooks build one dataset from all 2057 rows. For fallback rows, sample identity was exposed although historical augmented bytes are not reproducible."
871f339e4236e608a7c1,Soil_Labeled_Data/M_70_80/L_20_30/alluvial/z5716144132663_b70f7b9be95a4c936673e9107c9809f3_M_30_40_pale_yellow_M_40_50_gray_brown_M_50_60_clay_red.jpg,023e0b0bc0c72ef77679a18021c7078113264e8dfb60111a99346f0d06b8d3c7,train,HISTORICALLY_EXPOSED,True,True,"High-confidence fine-tune notebooks build one dataset from all 2057 rows. For fallback rows, sample identity was exposed although historical augmented bytes are not reproducible."
3b4695356d8c5d9e032d,Soil_Labeled_Data/M_70_80/L_20_30/alluvial/z5716144284037_44127132185b5cccfae5b4beda32cc38_M_30_40_clayish_red_M_40_50_light_brown_M_50_60_dark_brown_M_60_70_clay_red.jpg,2d4632beffab291d4d0adb7382ac9435c25244cd5f54e102111f926cebf65eff,test,HISTORICALLY_EXPOSED,True,True,"High-confidence fine-tune notebooks build one dataset from all 2057 rows. For fallback rows, sample identity was exposed although historical augmented bytes are not reproducible."
cbf9c6b4fbc1e2a8cc1d,Soil_Labeled_Data/M_70_80/L_20_30/alluvial/z5716144322709_8f70df660518e4d32c3fa16707b39049_M_30_40_gray_brown_M_50_60_dark_brown.jpg,c971611c2a6475bbad8c5ba374ca60faacaa176cd7ddfa2e9b8cd0436876b5e1,train,HISTORICALLY_EXPOSED,True,True,"High-confidence fine-tune notebooks build one dataset from all 2057 rows. For fallback rows, sample identity was exposed although historical augmented bytes are not reproducible."
9ff1a0acf86226ee48ca,Soil_Labeled_Data/M_70_80/L_20_30/alluvial/z5716144322709_8f70df660518e4d32c3fa16707b39049_M_30_40_light_brown_M_40_50_gray_brown_M_50_60_clay_red.jpg,4f4e3cc2722806fbe8bd35eda421ac7535ec7f1fdd02212454efebc06c61448e,test,HISTORICALLY_EXPOSED,True,True,"High-confidence fine-tune notebooks build one dataset from all 2057 rows. For fallback rows, sample identity was exposed although historical augmented bytes are not reproducible."
2ef2358861d0d4ac9874,Soil_Labeled_Data/M_70_80/L_30_40/alluvial/IMG_0098_M_0_10_pale_yellow_M_40_50_gray_brown_M_50_60_dark_brown_M_60_70_dark_brown.jpg,fa9d5245a3118f47e3743279634dd2b043a96b7cabcf3231545885058b61ac01,train,HISTORICALLY_EXPOSED,True,True,"High-confidence fine-tune notebooks build one dataset from all 2057 rows. For fallback rows, sample identity was exposed although historical augmented bytes are not reproducible."
7e4d7120b23a64b3d76b,Soil_Labeled_Data/M_70_80/L_30_40/alluvial/IMG_0098_M_0_10_pale_yellow_M_40_50_gray_brown_M_60_70_clay_red.jpg,0e2b9de7a57f0d9c7abcd36818b2c0df3456f200741c039f6d98a6c810e5779f,train,HISTORICALLY_EXPOSED,True,True,"High-confidence fine-tune notebooks build one dataset from all 2057 rows. For fallback rows, sample identity was exposed although historical augmented bytes are not reproducible."
a50a43eda47e4834d28d,Soil_Labeled_Data/M_70_80/L_30_40/alluvial/IMG_0100_M_0_10_clayish_red_M_40_50_gray_brown_M_50_60_dark_brown.jpg,4aee3fd07e0415d2a8708b0647010229ee38afecc52ca4ecccaf1b7b0bf018cd,train,HISTORICALLY_EXPOSED,True,True,"High-confidence fine-tune notebooks build one dataset from all 2057 rows. For fallback rows, sample identity was exposed although historical augmented bytes are not reproducible."
b8d7850998b6a2a44a6e,Soil_Labeled_Data/M_70_80/L_30_40/alluvial/IMG_0103_M_0_10_clayish_red_M_40_50_dark_brown_M_60_70_dark_brown.jpg,ccef033a697b92f22aab0ddfa6463fd5e0f8f1d1e0c7422f459e6caa5dc797ee,test,HISTORICALLY_EXPOSED,False,True,"High-confidence fine-tune notebooks build one dataset from all 2057 rows. For fallback rows, sample identity was exposed although historical augmented bytes are not reproducible."
31cd55b232516828e29a,Soil_Labeled_Data/M_70_80/L_30_40/alluvial/IMG_0113_M_0_10_pale_yellow_M_40_50_light_brown_M_50_60_dark_brown.jpg,e24cf9193c88b82b81ac1baabe1236d06730ceee8b262d0c62494f3907657dc6,train,HISTORICALLY_EXPOSED,True,True,"High-confidence fine-tune notebooks build one dataset from all 2057 rows. For fallback rows, sample identity was exposed although historical augmented bytes are not reproducible."
f378c1c5596a41572db5,Soil_Labeled_Data/M_70_80/L_30_40/alluvial/IMG_0545_M_10_20_gray_brown_M_40_50_light_brown_M_50_60_dark_brown.jpg,63432c6000480378d76cd56faaa9b59112e319d667dd267711969bb419ab4839,train,HISTORICALLY_EXPOSED,True,True,"High-confidence fine-tune notebooks build one dataset from all 2057 rows. For fallback rows, sample identity was exposed although historical augmented bytes are not reproducible."
f8f740b6391fa9cf14b4,Soil_Labeled_Data/M_70_80/L_30_40/alluvial/IMG_0549_M_10_20_light_brown_M_40_50_light_brown_M_50_60_clay_red.jpg,7fa93aa693e6c1f8bbe81fb062fb91b8e235973049d9b6e18a09c084511974e4,train,HISTORICALLY_EXPOSED,True,True,"High-confidence fine-tune notebooks build one dataset from all 2057 rows. For fallback rows, sample identity was exposed although historical augmented bytes are not reproducible."
9ad9ca5ba158c922a291,Soil_Labeled_Data/M_70_80/L_30_40/alluvial/IMG_0551_M_10_20_light_brown_M_40_50_gray_brown_M_50_60_clay_red.jpg,db79674f4680113e70a67031d76378f8746726da7e1c0efdcfcb9a349c642c76,train,HISTORICALLY_EXPOSED,True,True,"High-confidence fine-tune notebooks build one dataset from all 2057 rows. For fallback rows, sample identity was exposed although historical augmented bytes are not reproducible."
da21041c10e6a0fbf3ed,Soil_Labeled_Data/M_70_80/L_30_40/alluvial/IMG_0553_M_10_20_light_brown_M_40_50_dark_brown_M_60_70_dark_brown.jpg,345ccda66a47dadaf129e284922a56b94844bbc09f09e21790eab86cf020a383,train,HISTORICALLY_EXPOSED,True,True,"High-confidence fine-tune notebooks build one dataset from all 2057 rows. For fallback rows, sample identity was exposed although historical augmented bytes are not reproducible."
36a3a39ad8e57ef9ba0b,Soil_Labeled_Data/M_70_80/L_30_40/alluvial/IMG_0554_M_10_20_light_brown_M_40_50_gray_brown_M_50_60_dark_brown_M_60_70_clay_red.jpg,6c544acfe6777ad824272cba33af2f056da72e1ee82a64e21cafb16b141939bf,train,HISTORICALLY_EXPOSED,True,True,"High-confidence fine-tune notebooks build one dataset from all 2057 rows. For fallback rows, sample identity was exposed although historical augmented bytes are not reproducible."
46d24919a76709d2d1e9,Soil_Labeled_Data/M_70_80/L_30_40/alluvial/IMG_0556_M_10_20_gray_brown_M_40_50_light_brown_M_50_60_dark_brown_M_60_70_dark_brown.jpg,83301908f2d1e0f1774b79408f3eb94a2186efbd7962682ddfc6228bc60bff0b,train,HISTORICALLY_EXPOSED,True,True,"High-confidence fine-tune notebooks build one dataset from all 2057 rows. For fallback rows, sample identity was exposed although historical augmented bytes are not reproducible."
060ab918d09d12253ecc,Soil_Labeled_Data/M_70_80/L_30_40/alluvial/IMG_0558_M_10_20_light_brown_M_40_50_light_brown_M_50_60_clay_red.jpg,307ad22ce73914af8c49a68c9cd76046726fb84db86861776e4c8db26e4e73e9,train,HISTORICALLY_EXPOSED,True,True,"High-confidence fine-tune notebooks build one dataset from all 2057 rows. For fallback rows, sample identity was exposed although historical augmented bytes are not reproducible."
7ed04d40d33fba68a0ab,Soil_Labeled_Data/M_70_80/L_30_40/alluvial/IMG_0561_M_10_20_clayish_red_M_40_50_light_brown_M_50_60_clay_red.jpg,3c12283b169ded4783a2c80eaccbb1d367bf88901feaefb081c6ae1d5b6b83c9,train,HISTORICALLY_EXPOSED,True,True,"High-confidence fine-tune notebooks build one dataset from all 2057 rows. For fallback rows, sample identity was exposed although historical augmented bytes are not reproducible."
b48ab824f18d572942da,Soil_Labeled_Data/M_70_80/L_30_40/alluvial/z5716113582590_c1f59f1cd35db605de2ac5249cd439b0_M_30_40_clayish_red_M_40_50_gray_brown_M_50_60_dark_brown.jpg,bacb436a9bec70c0147f5ba7f9b9a255897942d899c4f08388b01a013a4d3e21,validation,HISTORICALLY_EXPOSED,True,True,"High-confidence fine-tune notebooks build one dataset from all 2057 rows. For fallback rows, sample identity was exposed although historical augmented bytes are not reproducible."
05e043762cfefecf8126,Soil_Labeled_Data/M_70_80/L_30_40/alluvial/z5716113582590_c1f59f1cd35db605de2ac5249cd439b0_M_30_40_light_brown_M_40_50_dark_brown_M_60_70_clay_red.jpg,448d1292acebed41d8f7d1030569221925a3a6a27dea571722c745aef9a7abb4,validation,HISTORICALLY_EXPOSED,True,True,"High-confidence fine-tune notebooks build one dataset from all 2057 rows. For fallback rows, sample identity was exposed although historical augmented bytes are not reproducible."
5d5e76b070de3433e0b3,Soil_Labeled_Data/M_70_80/L_30_40/alluvial/z5716113679540_d7ab319e31c41af206e2d03ad2b15725_M_30_40_gray_brown_M_40_50_gray_brown_M_50_60_dark_brown.jpg,c6138e6fb4b7f56224d3c02b1f3a2b4cdfa72124d57f185f470195b2e2c716c4,train,HISTORICALLY_EXPOSED,True,True,"High-confidence fine-tune notebooks build one dataset from all 2057 rows. For fallback rows, sample identity was exposed although historical augmented bytes are not reproducible."
f171e465d9eca67e6f3a,Soil_Labeled_Data/M_70_80/L_30_40/alluvial/z5716113728055_dd08551aa6ea83b557da7365c80ea990_M_30_40_gray_brown_M_50_60_clay_red.jpg,3d0ed1637dbda33b92cf6ae120d4cab93cb8380b4d67bd35228d8ca43b4a5778,train,HISTORICALLY_EXPOSED,True,True,"High-confidence fine-tune notebooks build one dataset from all 2057 rows. For fallback rows, sample identity was exposed although historical augmented bytes are not reproducible."
1e3ffb3a9c944a8a8666,Soil_Labeled_Data/M_70_80/L_30_40/alluvial/z5716113879850_447b9ea1dd28b71c4c2a3579561cee3f_M_30_40_light_brown_M_40_50_gray_brown_M_60_70_dark_brown.jpg,fceca7ad865235ccde69cf8166bede6f1dc7e010905b7365243f6991e0211a7b,train,HISTORICALLY_EXPOSED,True,True,"High-confidence fine-tune notebooks build one dataset from all 2057 rows. For fallback rows, sample identity was exposed although historical augmented bytes are not reproducible."
11507e220f447bb34464,Soil_Labeled_Data/M_70_80/L_30_40/alluvial/z5716116095651_7302dffdd0922f72ed36881d27ffff3b_M_30_40_gray_brown_M_50_60_dark_brown.jpg,d711d957c21c3a90970f5827d9b579e1bb1158742d210676e5cda66766de0a5f,train,HISTORICALLY_EXPOSED,True,True,"High-confidence fine-tune notebooks build one dataset from all 2057 rows. For fallback rows, sample identity was exposed although historical augmented bytes are not reproducible."
28d37cccd7c1177bcd27,Soil_Labeled_Data/M_70_80/L_30_40/alluvial/z5716116121668_8ca2d1786b81d9113c9a520cd9bb5832_M_30_40_gray_brown_M_50_60_dark_brown.jpg,89d7c73758aeba58ec2ac691eded8fb2df18408e583d7013997f2e6d11492640,train,HISTORICALLY_EXPOSED,True,True,"High-confidence fine-tune notebooks build one dataset from all 2057 rows. For fallback rows, sample identity was exposed although historical augmented bytes are not reproducible."
58e7e497717b2fc51436,Soil_Labeled_Data/M_70_80/L_40_50/alluvial/IMG_0152_M_0_10_light_brown_M_40_50_gray_brown_M_60_70_clay_red.jpg,5214e1e370f0369c299024a90bda6f6e035f4b1f52d0a917d91a77424a776c70,validation,HISTORICALLY_EXPOSED,False,True,"High-confidence fine-tune notebooks build one dataset from all 2057 rows. For fallback rows, sample identity was exposed although historical augmented bytes are not reproducible."
f8d8499bf67582fd0c9d,Soil_Labeled_Data/M_70_80/L_40_50/alluvial/IMG_0153_M_0_10_gray_brown_M_40_50_gray_brown_M_50_60_clay_red.jpg,38bb3f766f2aa79dde3120216f931963cef6e646788aa2f5f2407057ccb4a5ab,train,HISTORICALLY_EXPOSED,False,True,"High-confidence fine-tune notebooks build one dataset from all 2057 rows. For fallback rows, sample identity was exposed although historical augmented bytes are not reproducible."
076ec53f59c3aa287261,Soil_Labeled_Data/M_70_80/L_40_50/alluvial/IMG_0156_M_0_10_gray_brown_M_40_50_gray_brown_M_50_60_dark_brown_M_60_70_clay_red.jpg,5b94ebee893f27890983c61a43ea68352f78761bcac12cb7449483aafd2c9215,train,HISTORICALLY_EXPOSED,True,True,"High-confidence fine-tune notebooks build one dataset from all 2057 rows. For fallback rows, sample identity was exposed although historical augmented bytes are not reproducible."
4ec4699ed1c7c2be283e,Soil_Labeled_Data/M_70_80/L_40_50/alluvial/IMG_0159_M_0_10_clayish_red_M_40_50_gray_brown_M_50_60_clay_red.jpg,a1a22334e27f21d2ecdd89e8c69bcb8a89f133496f3a9f8b72a8d67039a16793,train,HISTORICALLY_EXPOSED,False,True,"High-confidence fine-tune notebooks build one dataset from all 2057 rows. For fallback rows, sample identity was exposed although historical augmented bytes are not reproducible."
05a4ea48caef534d9e88,Soil_Labeled_Data/M_70_80/L_40_50/alluvial/IMG_0165_M_0_10_clayish_red_M_40_50_light_brown_M_50_60_clay_red.jpg,03631048e03302e7541666b2cedf52468e956535267654e529cfeca61c3dfd4c,train,HISTORICALLY_EXPOSED,True,True,"High-confidence fine-tune notebooks build one dataset from all 2057 rows. For fallback rows, sample identity was exposed although historical augmented bytes are not reproducible."
5d863ee73c822baf0298,Soil_Labeled_Data/M_70_80/L_40_50/alluvial/IMG_0169_M_0_10_pale_yellow_M_40_50_light_brown_M_50_60_clay_red.jpg,4ae1c1967baff69fc7ab55af2909831d01424f790be5fbe3451ff7d062696587,train,HISTORICALLY_EXPOSED,True,True,"High-confidence fine-tune notebooks build one dataset from all 2057 rows. For fallback rows, sample identity was exposed although historical augmented bytes are not reproducible."
9652533d1306d6625274,Soil_Labeled_Data/M_70_80/L_40_50/alluvial/IMG_0587_M_10_20_clayish_red_M_40_50_gray_brown_M_60_70_clay_red.jpg,ec716a4f4d23df665b0c13edeec01cced157b19e2c9527398644bd3d7d663134,validation,HISTORICALLY_EXPOSED,True,True,"High-confidence fine-tune notebooks build one dataset from all 2057 rows. For fallback rows, sample identity was exposed although historical augmented bytes are not reproducible."
45b20e8ea5ccdddfeef8,Soil_Labeled_Data/M_70_80/L_40_50/alluvial/IMG_0588_M_10_20_clayish_red_M_40_50_gray_brown_M_60_70_clay_red.jpg,7afd80e840ba9f5303a93f5a036c22b7021efa410e215fccd7843d75d731453d,train,HISTORICALLY_EXPOSED,True,True,"High-confidence fine-tune notebooks build one dataset from all 2057 rows. For fallback rows, sample identity was exposed although historical augmented bytes are not reproducible."
0f94fb06553b9eba1d97,Soil_Labeled_Data/M_70_80/L_40_50/alluvial/IMG_0590_M_10_20_pale_yellow_M_40_50_gray_brown_M_50_60_dark_brown.jpg,8cba37e30b2164d86c3c211b4f05b4850c263c98f8c6cd1761a3243f9b914995,train,HISTORICALLY_EXPOSED,True,True,"High-confidence fine-tune notebooks build one dataset from all 2057 rows. For fallback rows, sample identity was exposed although historical augmented bytes are not reproducible."
6e3818d6956edb8eb54d,Soil_Labeled_Data/M_70_80/L_40_50/alluvial/IMG_0590_M_10_20_pale_yellow_M_40_50_gray_brown_M_50_60_dark_brown_M_60_70_dark_brown.jpg,800f1b95a0422f24075864839a615f32df5ef313c8e7ec94a9ee5208a985c470,train,HISTORICALLY_EXPOSED,True,True,"High-confidence fine-tune notebooks build one dataset from all 2057 rows. For fallback rows, sample identity was exposed although historical augmented bytes are not reproducible."
b72ccb2d912e392679bc,Soil_Labeled_Data/M_70_80/L_40_50/alluvial/IMG_0591_M_10_20_gray_brown_M_40_50_light_brown_M_50_60_clay_red.jpg,d8c2855b7ffe5992d0c0bbca531af6837343b278765fc562b4ca5e1148dc4ace,train,HISTORICALLY_EXPOSED,True,True,"High-confidence fine-tune notebooks build one dataset from all 2057 rows. For fallback rows, sample identity was exposed although historical augmented bytes are not reproducible."
10610215801d74531bd4,Soil_Labeled_Data/M_70_80/L_40_50/alluvial/IMG_0591_M_10_20_pale_yellow_M_40_50_gray_brown_M_50_60_dark_brown_M_60_70_dark_brown.jpg,b990ce9603c6c31e99d4598cb5ca582db5148020b7ab9f051bd3ec80bb5305fc,train,HISTORICALLY_EXPOSED,True,True,"High-confidence fine-tune notebooks build one dataset from all 2057 rows. For fallback rows, sample identity was exposed although historical augmented bytes are not reproducible."
92032dba25eb12bb692f,Soil_Labeled_Data/M_70_80/L_40_50/alluvial/IMG_0593_M_10_20_light_brown_M_40_50_light_brown_M_50_60_gray_brown_M_60_70_dark_brown.jpg,2b8ecb791b8386a93664423884c97059a0f2581aaa95c8a9d754e1b506fd66c8,validation,HISTORICALLY_EXPOSED,True,True,"High-confidence fine-tune notebooks build one dataset from all 2057 rows. For fallback rows, sample identity was exposed although historical augmented bytes are not reproducible."
3700825fad5e0c94df11,Soil_Labeled_Data/M_70_80/L_40_50/alluvial/IMG_0595_M_10_20_gray_brown_M_40_50_light_brown_M_50_60_dark_brown.jpg,3c2b20a2b34e815148225bf61ce69d5ebee0e7dece98c7a32a97bcd6342cabb7,train,HISTORICALLY_EXPOSED,True,True,"High-confidence fine-tune notebooks build one dataset from all 2057 rows. For fallback rows, sample identity was exposed although historical augmented bytes are not reproducible."
22dcc990198415775186,Soil_Labeled_Data/M_70_80/L_40_50/alluvial/IMG_0596_M_10_20_light_brown_M_40_50_light_brown_M_50_60_dark_brown.jpg,15d2096c9ee0607c7612cb34b464d7c0adec53b2478cb610ffb08f07d8160b3b,validation,HISTORICALLY_EXPOSED,True,True,"High-confidence fine-tune notebooks build one dataset from all 2057 rows. For fallback rows, sample identity was exposed although historical augmented bytes are not reproducible."
0b9781f8ba0a885e006c,Soil_Labeled_Data/M_70_80/L_40_50/alluvial/z5719914790582_45835810f70dbeacbf914f09630b68d9_M_30_40_pale_yellow_M_40_50_gray_brown_M_60_70_clay_red.jpg,3d017d9ef05c92a12ec36fe6648af3a8049ca7172fe583c7e3dc31fc74499c56,test,HISTORICALLY_EXPOSED,True,True,"High-confidence fine-tune notebooks build one dataset from all 2057 rows. For fallback rows, sample identity was exposed although historical augmented bytes are not reproducible."
fdfca8622ff216f5b455,Soil_Labeled_Data/M_70_80/L_40_50/alluvial/z5719914924505_76c1acb4c3a03965a67149c70566e117_M_30_40_light_brown_M_50_60_dark_brown_M_60_70_dark_brown.jpg,17c87ab7c2cf833aecf2a8cf2903501fec0bfc645d6d4e18340e1248dee2b117,train,HISTORICALLY_EXPOSED,True,True,"High-confidence fine-tune notebooks build one dataset from all 2057 rows. For fallback rows, sample identity was exposed although historical augmented bytes are not reproducible."
14acabb89c5d7ea8ab9d,Soil_Labeled_Data/M_70_80/L_40_50/alluvial/z5719915162784_a4f69c622478efdc49a59a408dfe4b55_M_30_40_gray_brown_M_40_50_gray_brown_M_50_60_clay_red.jpg,b163a73bdd3df06ae37eaea0269a4fb88a19d3edd16ad6dcd29dfe2e67871d6a,test,HISTORICALLY_EXPOSED,True,True,"High-confidence fine-tune notebooks build one dataset from all 2057 rows. For fallback rows, sample identity was exposed although historical augmented bytes are not reproducible."
97bd3ca53bc15a4a4565,Soil_Labeled_Data/M_70_80/L_40_50/alluvial/z5719915191781_9fbc3215a4e768d8a242c9aae23d78e3_M_30_40_gray_brown_M_40_50_light_brown_M_50_60_gray_brown_M_60_70_clay_red.jpg,39a91ea063373d5c32adac0530483e1a88b5fcd72a46df6fcb4c47930a10fef5,train,HISTORICALLY_EXPOSED,True,True,"High-confidence fine-tune notebooks build one dataset from all 2057 rows. For fallback rows, sample identity was exposed although historical augmented bytes are not reproducible."
c7890b833bc4ac48b533,Soil_Labeled_Data/M_70_80/L_40_50/alluvial/z5719915206794_043f99c4e48d30a3c242949620c8fbd3_M_30_40_pale_yellow_M_40_50_light_brown_M_50_60_clay_red.jpg,bf8addc960c23fc57e67007b36e86cb04f69f303d37d6cfaf2850fb8af96ef9c,test,HISTORICALLY_EXPOSED,True,True,"High-confidence fine-tune notebooks build one dataset from all 2057 rows. For fallback rows, sample identity was exposed although historical augmented bytes are not reproducible."
e0f0908185334ff5f748,Soil_Labeled_Data/M_70_80/L_50_60/alluvial/IMG_0196_M_0_10_light_brown_M_40_50_gray_brown_M_50_60_clay_red.jpg,ed22548dae2f6bf8c49ec20f0ba51a923d6440c99f8a9fc6785ad4c2ec07a2f6,train,HISTORICALLY_EXPOSED,False,True,"High-confidence fine-tune notebooks build one dataset from all 2057 rows. For fallback rows, sample identity was exposed although historical augmented bytes are not reproducible."
5fc8144fe72e692fe009,Soil_Labeled_Data/M_70_80/L_50_60/alluvial/IMG_0208_M_0_10_light_brown_M_40_50_gray_brown_M_50_60_dark_brown.jpg,c56fb888bdeffbb075374944c6092e3a7f5e8945917cad218db84ae038cde3a7,train,HISTORICALLY_EXPOSED,True,True,"High-confidence fine-tune notebooks build one dataset from all 2057 rows. For fallback rows, sample identity was exposed although historical augmented bytes are not reproducible."
a1ca552176dd85983c11,Soil_Labeled_Data/M_70_80/L_50_60/alluvial/IMG_0210_M_0_10_light_brown_M_40_50_light_brown_M_50_60_clay_red.jpg,d75896260543ce24911ada5712bb4e190560662e037e393bfb0ad4efcc7f5814,train,HISTORICALLY_EXPOSED,True,True,"High-confidence fine-tune notebooks build one dataset from all 2057 rows. For fallback rows, sample identity was exposed although historical augmented bytes are not reproducible."
38b25995f68e684c84ea,Soil_Labeled_Data/M_70_80/L_50_60/alluvial/IMG_0627_M_10_20_clayish_red_M_40_50_gray_brown_M_50_60_dark_brown.jpg,6b6bfed4041b134a3055127a938f42a312cc5d91748b87cab971f741c4ca0755,train,HISTORICALLY_EXPOSED,True,True,"High-confidence fine-tune notebooks build one dataset from all 2057 rows. For fallback rows, sample identity was exposed although historical augmented bytes are not reproducible."
382ba510abcb4d4698eb,Soil_Labeled_Data/M_70_80/L_50_60/alluvial/IMG_0630_M_10_20_gray_brown_M_40_50_gray_brown_M_60_70_dark_brown.jpg,f8fb1add44d6d701b0e3397c3d479b8b0bf585cb863e7d1fadaa186921dd865a,test,HISTORICALLY_EXPOSED,True,True,"High-confidence fine-tune notebooks build one dataset from all 2057 rows. For fallback rows, sample identity was exposed although historical augmented bytes are not reproducible."
aa1483b8ec139a438cf4,Soil_Labeled_Data/M_70_80/L_50_60/alluvial/IMG_0631_M_10_20_light_brown_M_40_50_gray_brown_M_60_70_dark_brown.jpg,a67becdd4dc89356e2d5ce00f7689d63b39572d771c5cf967afe4cbe10dc1b51,train,HISTORICALLY_EXPOSED,True,True,"High-confidence fine-tune notebooks build one dataset from all 2057 rows. For fallback rows, sample identity was exposed although historical augmented bytes are not reproducible."
b815457ced7081aaa274,Soil_Labeled_Data/M_70_80/L_50_60/alluvial/IMG_0632_M_10_20_clayish_red_M_40_50_gray_brown_M_50_60_dark_brown.jpg,9d882cf0d6db9473667d32615ef6ca21a7a492a0c30e840e882cdfdff1b0c2c2,validation,HISTORICALLY_EXPOSED,True,True,"High-confidence fine-tune notebooks build one dataset from all 2057 rows. For fallback rows, sample identity was exposed although historical augmented bytes are not reproducible."
5e0f54a8d74b58baf821,Soil_Labeled_Data/M_70_80/L_50_60/alluvial/IMG_0637_M_10_20_gray_brown_M_40_50_gray_brown_M_50_60_dark_brown_M_60_70_clay_red.jpg,ea3c9e7aee99dfdd71f510edaa015918036e846f617d59fb6f4a95fcc8ebb642,validation,HISTORICALLY_EXPOSED,True,True,"High-confidence fine-tune notebooks build one dataset from all 2057 rows. For fallback rows, sample identity was exposed although historical augmented bytes are not reproducible."
bf3a745a26e20d1b6397,Soil_Labeled_Data/M_70_80/L_50_60/alluvial/IMG_0642_M_10_20_gray_brown_M_40_50_gray_brown_M_50_60_dark_brown.jpg,499392acc93c620f97b83f82d41ef0e73ec85aa4559c74e10701efd9c17c4726,train,HISTORICALLY_EXPOSED,True,True,"High-confidence fine-tune notebooks build one dataset from all 2057 rows. For fallback rows, sample identity was exposed although historical augmented bytes are not reproducible."
f3b3698f060dcde852b0,Soil_Labeled_Data/M_70_80/L_50_60/alluvial/IMG_0642_M_10_20_pale_yellow_M_40_50_light_brown_M_50_60_gray_brown_M_60_70_dark_brown.jpg,f72413e00be79d555a764b957f4542a446b28c64bc36d1ebde26b65d90c623d1,train,HISTORICALLY_EXPOSED,True,True,"High-confidence fine-tune notebooks build one dataset from all 2057 rows. For fallback rows, sample identity was exposed although historical augmented bytes are not reproducible."
01e5943ddbea33d11722,Soil_Labeled_Data/M_70_80/L_50_60/alluvial/IMG_0644_M_10_20_light_brown_M_40_50_light_brown_M_50_60_dark_brown.jpg,559ac71d204e065323885b4c4019f9bdcfe899c08dec5ac1225ff83ef999fd28,validation,HISTORICALLY_EXPOSED,True,True,"High-confidence fine-tune notebooks build one dataset from all 2057 rows. For fallback rows, sample identity was exposed although historical augmented bytes are not reproducible."
e0adb2f06def1311011a,Soil_Labeled_Data/M_70_80/L_50_60/alluvial/z5719945086578_e3ca39e5b5ab67c958a7fdaed8e174c3_M_30_40_clayish_red_M_40_50_dark_brown_M_60_70_clay_red.jpg,6b4727a2d046dd427d005005290ca92df6212e403802d8fc9a56a452598d8c22,validation,HISTORICALLY_EXPOSED,True,True,"High-confidence fine-tune notebooks build one dataset from all 2057 rows. For fallback rows, sample identity was exposed although historical augmented bytes are not reproducible."
4ddd5df2010627f0c313,Soil_Labeled_Data/M_70_80/L_50_60/alluvial/z5719945086578_e3ca39e5b5ab67c958a7fdaed8e174c3_M_30_40_clayish_red_M_40_50_gray_brown_M_50_60_clay_red.jpg,ea81cf6b85f3f95107f47a96b65d0088e41cdb9eb18c5a49acaddd2dc6aea4da,validation,HISTORICALLY_EXPOSED,True,True,"High-confidence fine-tune notebooks build one dataset from all 2057 rows. For fallback rows, sample identity was exposed although historical augmented bytes are not reproducible."
b0899b20cff8ebd5cb34,Soil_Labeled_Data/M_70_80/L_50_60/alluvial/z5719945165176_3e73bc54f72839349bf7a02f8f5d684c_M_30_40_gray_brown_M_50_60_clay_red.jpg,7b1b71ba363dfa2df39a719b0deedfc6d3de72834d0e572c3cffc90dd8cdec3f,validation,HISTORICALLY_EXPOSED,True,True,"High-confidence fine-tune notebooks build one dataset from all 2057 rows. For fallback rows, sample identity was exposed although historical augmented bytes are not reproducible."
da740d4c2b855228ee96,Soil_Labeled_Data/M_70_80/L_50_60/alluvial/z5719945326572_38e3e733446eabe3bf00850bf73883e0_M_30_40_light_brown_M_50_60_clay_red.jpg,489de00c347e7890636e563878a743d27f95c606f879afbe82251cbdc1456cb1,train,HISTORICALLY_EXPOSED,True,True,"High-confidence fine-tune notebooks build one dataset from all 2057 rows. For fallback rows, sample identity was exposed although historical augmented bytes are not reproducible."
bda2b0d8a721e153bcdf,Soil_Labeled_Data/M_70_80/L_50_60/alluvial/z5719945326572_38e3e733446eabe3bf00850bf73883e0_M_30_40_pale_yellow_M_40_50_gray_brown_M_50_60_dark_brown.jpg,79fa1b02160d43c69df6a924509f88aaea61d89bdc36c7feef8b447c162142bb,train,HISTORICALLY_EXPOSED,True,True,"High-confidence fine-tune notebooks build one dataset from all 2057 rows. For fallback rows, sample identity was exposed although historical augmented bytes are not reproducible."
cc93853fa4573af310e9,Soil_Labeled_Data/M_70_80/L_50_60/alluvial/z5719945465403_eef403001195b9d5de6375b6fe2e3628_M_30_40_pale_yellow_M_40_50_light_brown_M_50_60_clay_red.jpg,c98ba43e667361ca6a277a7b145b776fb8ecb6e2897bf937694e94f41aabeef8,train,HISTORICALLY_EXPOSED,True,True,"High-confidence fine-tune notebooks build one dataset from all 2057 rows. For fallback rows, sample identity was exposed although historical augmented bytes are not reproducible."
2a825636676505a34ec2,Soil_Labeled_Data/M_70_80/L_50_60/alluvial/z5719945494405_a556366a429daf9a78448e62806f33bb_M_30_40_gray_brown_M_40_50_gray_brown_M_60_70_clay_red.jpg,69a3d2b0bcdcb24a43628adb16c2419b3902a326a3148f838b9bdc6af589fddf,train,HISTORICALLY_EXPOSED,True,True,"High-confidence fine-tune notebooks build one dataset from all 2057 rows. For fallback rows, sample identity was exposed although historical augmented bytes are not reproducible."
41de7075aa0c6e7d202a,Soil_Labeled_Data/M_70_80/L_50_60/alluvial/z5719945494405_a556366a429daf9a78448e62806f33bb_M_30_40_light_brown_M_50_60_dark_brown.jpg,1b845516b47e5a95a9b96e11ccc810a6da91083238844570be31ec13f5601ba8,train,HISTORICALLY_EXPOSED,True,True,"High-confidence fine-tune notebooks build one dataset from all 2057 rows. For fallback rows, sample identity was exposed although historical augmented bytes are not reproducible."
1dbcf338104c1ed2ce03,Soil_Labeled_Data/M_70_80/L_50_60/alluvial/z5719945525148_2d147c0909d312302995e4cfa5fe6c26_M_30_40_light_brown_M_50_60_dark_brown.jpg,6581d8164fee42b5b50dc582f4212c4e529d6bb0b9f23ad5b56bcb5a52e72b8c,train,HISTORICALLY_EXPOSED,True,True,"High-confidence fine-tune notebooks build one dataset from all 2057 rows. For fallback rows, sample identity was exposed although historical augmented bytes are not reproducible."
636915db53b70817724c,Soil_Labeled_Data/M_70_80/L_60_70/alluvial/IMG_0241_M_0_10_clayish_red_M_40_50_gray_brown_M_50_60_dark_brown_M_60_70_dark_brown.jpg,c0156247ac7bbff3b26f1c70b2839600c6555fde40fecb04d2ce9216af19950f,train,HISTORICALLY_EXPOSED,True,True,"High-confidence fine-tune notebooks build one dataset from all 2057 rows. For fallback rows, sample identity was exposed although historical augmented bytes are not reproducible."
8dcd10fddbafa57d5762,Soil_Labeled_Data/M_70_80/L_60_70/alluvial/IMG_0243_M_0_10_gray_brown_M_40_50_light_brown_M_50_60_dark_brown.jpg,4d2393fb56bbc949a2a4fe7d89572befbee844a695b5f37c56506271bde6a132,train,HISTORICALLY_EXPOSED,True,True,"High-confidence fine-tune notebooks build one dataset from all 2057 rows. For fallback rows, sample identity was exposed although historical augmented bytes are not reproducible."
18d4ff8e7b0d95a484b1,Soil_Labeled_Data/M_70_80/L_60_70/alluvial/IMG_0249_M_0_10_pale_yellow_M_40_50_light_brown_M_50_60_clay_red.jpg,1a4dc8a2206b50b6fa54ea042dbabce3573865f1482fff0f0b08f5b859676b2b,train,HISTORICALLY_EXPOSED,True,True,"High-confidence fine-tune notebooks build one dataset from all 2057 rows. For fallback rows, sample identity was exposed although historical augmented bytes are not reproducible."
df7a94b38e57088be301,Soil_Labeled_Data/M_70_80/L_60_70/alluvial/IMG_0250_M_0_10_pale_yellow_M_40_50_dark_brown_M_60_70_dark_brown.jpg,c81fd138b393c43c1f16e3881b7ba3e8f75fad3f55836dbe87a106ef715e0289,validation,HISTORICALLY_EXPOSED,True,True,"High-confidence fine-tune notebooks build one dataset from all 2057 rows. For fallback rows, sample identity was exposed although historical augmented bytes are not reproducible."
3d28fee86ea4f03c9ef8,Soil_Labeled_Data/M_70_80/L_60_70/alluvial/IMG_0254_M_0_10_light_brown_M_40_50_dark_brown_M_60_70_clay_red.jpg,d399163e2b5c151d7569acb92cd785321e13954d6f2bd67be4a8de804a69041c,validation,HISTORICALLY_EXPOSED,True,True,"High-confidence fine-tune notebooks build one dataset from all 2057 rows. For fallback rows, sample identity was exposed although historical augmented bytes are not reproducible."
13af36df10ec77788abe,Soil_Labeled_Data/M_70_80/L_60_70/alluvial/IMG_0255_M_0_10_gray_brown_M_40_50_dark_brown_M_60_70_dark_brown.jpg,3b24822a71dada6b5e0ebadfc50d014b4e4c3edd1cf09a8b9fa3d103e104ccc6,validation,HISTORICALLY_EXPOSED,True,True,"High-confidence fine-tune notebooks build one dataset from all 2057 rows. For fallback rows, sample identity was exposed although historical augmented bytes are not reproducible."
246c71059ffbe2aabc86,Soil_Labeled_Data/M_70_80/L_60_70/alluvial/IMG_0256_M_0_10_pale_yellow_M_40_50_gray_brown_M_50_60_dark_brown_M_60_70_clay_red.jpg,4d7fd1f8aa6f851e0de415c082f3e1316d263cb2bb65265aa9c34a138be38b1a,train,HISTORICALLY_EXPOSED,True,True,"High-confidence fine-tune notebooks build one dataset from all 2057 rows. For fallback rows, sample identity was exposed although historical augmented bytes are not reproducible."
41597c3197ee5b22dcbd,Soil_Labeled_Data/M_70_80/L_60_70/alluvial/IMG_0257_M_0_10_clayish_red_M_40_50_gray_brown_M_50_60_dark_brown_M_60_70_clay_red.jpg,80e574e7cac674f3fbfb19aab126522041948eedf478e32bc723ef35746d2f81,train,HISTORICALLY_EXPOSED,True,True,"High-confidence fine-tune notebooks build one dataset from all 2057 rows. For fallback rows, sample identity was exposed although historical augmented bytes are not reproducible."
2402a9ae7d8aa250f277,Soil_Labeled_Data/M_70_80/L_60_70/alluvial/IMG_0258_M_0_10_pale_yellow_M_40_50_light_brown_M_50_60_dark_brown.jpg,2d09d21deae1881e8df67bd622e4c51d564957e29ae45ca9e15df725c3ee1227,validation,HISTORICALLY_EXPOSED,True,True,"High-confidence fine-tune notebooks build one dataset from all 2057 rows. For fallback rows, sample identity was exposed although historical augmented bytes are not reproducible."
0da087a283486f6b0740,Soil_Labeled_Data/M_70_80/L_60_70/alluvial/IMG_0675_M_10_20_pale_yellow_M_40_50_gray_brown_M_50_60_dark_brown.jpg,ce3617ccc6c6d62fd3536503cbeb4173888f7882ed4a9adc003bba6c33a6bd0e,train,HISTORICALLY_EXPOSED,True,True,"High-confidence fine-tune notebooks build one dataset from all 2057 rows. For fallback rows, sample identity was exposed although historical augmented bytes are not reproducible."
50877ffb25b9b2163006,Soil_Labeled_Data/M_70_80/L_60_70/alluvial/IMG_0676_M_10_20_clayish_red_M_40_50_gray_brown_M_50_60_dark_brown_M_60_70_clay_red.jpg,debd0a72a261a7b302266dbaaac21be5e38d19067814f18e023216135c9260ca,train,HISTORICALLY_EXPOSED,False,True,"High-confidence fine-tune notebooks build one dataset from all 2057 rows. For fallback rows, sample identity was exposed although historical augmented bytes are not reproducible."
04edfc1084b2f2ee86dd,Soil_Labeled_Data/M_70_80/L_60_70/alluvial/IMG_0680_M_10_20_light_brown_M_30_40_gray_brown_M_50_60_dark_brown_M_60_70_clay_red.jpg,b296254a791c9b45a751657054c2dd4a22aef6e9f1cbe60d54ff09614d0a8385,train,HISTORICALLY_EXPOSED,True,True,"High-confidence fine-tune notebooks build one dataset from all 2057 rows. For fallback rows, sample identity was exposed although historical augmented bytes are not reproducible."
aa6223c9c171a51a51f7,Soil_Labeled_Data/M_70_80/L_60_70/alluvial/IMG_0681_M_10_20_light_brown_M_40_50_gray_brown_M_50_60_dark_brown_M_60_70_dark_brown.jpg,8c158416c63169bf4b9f793c2c59860a2bb663e942cd3e11f971bf4109c2b7f3,train,HISTORICALLY_EXPOSED,False,True,"High-confidence fine-tune notebooks build one dataset from all 2057 rows. For fallback rows, sample identity was exposed although historical augmented bytes are not reproducible."
e5567e3a67246e642c32,Soil_Labeled_Data/M_70_80/L_60_70/alluvial/IMG_0695_M_10_20_clayish_red_M_40_50_gray_brown_M_60_70_clay_red.jpg,bbb0ea451665fcd6d3892b5ca494d3f3c9f03bafccb51938b00727d26313351a,train,HISTORICALLY_EXPOSED,True,True,"High-confidence fine-tune notebooks build one dataset from all 2057 rows. For fallback rows, sample identity was exposed although historical augmented bytes are not reproducible."
69a6b000446ec374d390,Soil_Labeled_Data/M_70_80/L_60_70/alluvial/IMG_0695_M_10_20_gray_brown_M_40_50_dark_brown_M_60_70_dark_brown.jpg,0628df1b71b62dd80b0e1aa931adda467291e13e5d363fbea4c0ee404f801436,train,HISTORICALLY_EXPOSED,True,True,"High-confidence fine-tune notebooks build one dataset from all 2057 rows. For fallback rows, sample identity was exposed although historical augmented bytes are not reproducible."
b66bf90e0c88aae8f390,Soil_Labeled_Data/M_70_80/L_60_70/alluvial/z5715083885623_9f42a940c20ea1e55af3e06994578004_M_20_30_light_brown_M_30_40_light_brown_M_50_60_gray_brown_M_60_70_dark_brown.jpg,dd58940ff8f7a1aa2be8fd7408411a227c1b4dc2445eaafe7874fe7e44402d64,train,HISTORICALLY_EXPOSED,True,True,"High-confidence fine-tune notebooks build one dataset from all 2057 rows. For fallback rows, sample identity was exposed although historical augmented bytes are not reproducible."
ca91562f833b2d3155be,Soil_Labeled_Data/M_70_80/L_60_70/alluvial/z5715084050631_480b9ae3c93e9adc09ca30cd0761e10e_M_20_30_pale_yellow_M_30_40_gray_brown_M_50_60_dark_brown_M_60_70_clay_red.jpg,3b0409190c183ffcd01e182337ecd9149783cdfafbe77ed2415a980fa003705c,train,HISTORICALLY_EXPOSED,True,True,"High-confidence fine-tune notebooks build one dataset from all 2057 rows. For fallback rows, sample identity was exposed although historical augmented bytes are not reproducible."
503ff1366150f34477df,Soil_Labeled_Data/M_70_80/L_60_70/alluvial/z5715084165270_22662a8e6cfa3719910b048011f20dc3_M_20_30_light_brown_M_30_40_light_brown_M_50_60_clay_red.jpg,a795229620f948d4034ce28b208ea7954b38bef15f5acb9d09ba256b4b8ac279,train,HISTORICALLY_EXPOSED,True,True,"High-confidence fine-tune notebooks build one dataset from all 2057 rows. For fallback rows, sample identity was exposed although historical augmented bytes are not reproducible."
0f2536434c520001c96d,Soil_Labeled_Data/M_70_80/L_60_70/alluvial/z5715084217100_56ffdcb9a7e21ae938a857822326c4e1_M_20_30_light_brown_M_30_40_light_brown_M_50_60_dark_brown.jpg,6706bdca03161883c7f12856e0d726e71a84aa4123fa796fc24c0a567f13b966,train,HISTORICALLY_EXPOSED,True,True,"High-confidence fine-tune notebooks build one dataset from all 2057 rows. For fallback rows, sample identity was exposed although historical augmented bytes are not reproducible."
9cb90bcd670e086fcf9f,Soil_Labeled_Data/M_70_80/L_60_70/alluvial/z5715084306747_adff9a454f2d560f7c94ff4d4f1ba239_M_20_30_pale_yellow_M_30_40_light_brown_M_50_60_clay_red.jpg,7c17113d309bd5edbc70ea8f79f965305fe3ed61a27563a26546ef6be7cd11aa,test,HISTORICALLY_EXPOSED,True,True,"High-confidence fine-tune notebooks build one dataset from all 2057 rows. For fallback rows, sample identity was exposed although historical augmented bytes are not reproducible."
61e4e2f2e1cd99076db1,Soil_Labeled_Data/M_70_80/L_70_80/alluvial/IMG_0288_M_0_10_gray_brown_M_40_50_light_brown_M_50_60_clay_red.jpg,9177eacde1fe0088e3f99d09bf39a0cc33685c5e4e5ca066d554d947e9e2b6c3,train,HISTORICALLY_EXPOSED,False,True,"High-confidence fine-tune notebooks build one dataset from all 2057 rows. For fallback rows, sample identity was exposed although historical augmented bytes are not reproducible."
dc63d25b51fb6c8439fd,Soil_Labeled_Data/M_70_80/L_70_80/alluvial/IMG_0288_M_0_10_gray_brown_M_40_50_light_brown_M_50_60_dark_brown_M_60_70_clay_red.jpg,8da8177da9f5153fc4e0ab1538d3b28fea4eb0b0acf33ae2786eab7f9b1ac382,train,HISTORICALLY_EXPOSED,False,True,"High-confidence fine-tune notebooks build one dataset from all 2057 rows. For fallback rows, sample identity was exposed although historical augmented bytes are not reproducible."
a3a0c9f1c8e12b377cbb,Soil_Labeled_Data/M_70_80/L_70_80/alluvial/IMG_0295_M_0_10_clayish_red_M_40_50_gray_brown_M_50_60_dark_brown.jpg,e2311b510e1277d9bdf8e661259940e9efd3411a4767261376d63b3f6e3434d1,train,HISTORICALLY_EXPOSED,False,True,"High-confidence fine-tune notebooks build one dataset from all 2057 rows. For fallback rows, sample identity was exposed although historical augmented bytes are not reproducible."
0d8f7da70777053f773d,Soil_Labeled_Data/M_70_80/L_70_80/alluvial/IMG_0301_M_0_10_pale_yellow_M_40_50_dark_brown_M_60_70_dark_brown.jpg,31f89116a4d6166fc7d142ff82c2134c7e7f30596df082a90536426e41d5f236,train,HISTORICALLY_EXPOSED,False,True,"High-confidence fine-tune notebooks build one dataset from all 2057 rows. For fallback rows, sample identity was exposed although historical augmented bytes are not reproducible."
761c5ceb89a6c581f291,Soil_Labeled_Data/M_70_80/L_70_80/alluvial/IMG_0698_M_10_20_clayish_red_M_40_50_gray_brown_M_50_60_clay_red.jpg,6a07dc81534d74eba59c7ecc79057f766d3ea777cb07ab0ee3468a1f369ef1d6,train,HISTORICALLY_EXPOSED,True,True,"High-confidence fine-tune notebooks build one dataset from all 2057 rows. For fallback rows, sample identity was exposed although historical augmented bytes are not reproducible."
b96fb2adfdfa56c3a8b7,Soil_Labeled_Data/M_70_80/L_70_80/alluvial/IMG_0699_M_10_20_pale_yellow_M_40_50_gray_brown_M_60_70_clay_red.jpg,158a8201f27b5e9cfcc14a472024527c7a1a37702221545804e7a940added87f,test,HISTORICALLY_EXPOSED,True,True,"High-confidence fine-tune notebooks build one dataset from all 2057 rows. For fallback rows, sample identity was exposed although historical augmented bytes are not reproducible."
a014b979de9a494f7b47,Soil_Labeled_Data/M_70_80/L_70_80/alluvial/IMG_0702_M_10_20_clayish_red_M_40_50_gray_brown_M_50_60_dark_brown_M_60_70_dark_brown.jpg,907bde866e6a7edaaa3649d4223a88b3a3a949a862635e1d9900fd6ba5140b35,validation,HISTORICALLY_EXPOSED,False,True,"High-confidence fine-tune notebooks build one dataset from all 2057 rows. For fallback rows, sample identity was exposed although historical augmented bytes are not reproducible."
9b45c9b39f591a27ee99,Soil_Labeled_Data/M_70_80/L_70_80/alluvial/IMG_0702_M_10_20_pale_yellow_M_30_40_gray_brown_M_50_60_clay_red.jpg,2fb911706072c4c221748d7e1eb79f8f3c82188885e13f18c91a28aa7b9f81b8,validation,HISTORICALLY_EXPOSED,False,True,"High-confidence fine-tune notebooks build one dataset from all 2057 rows. For fallback rows, sample identity was exposed although historical augmented bytes are not reproducible."
feebbb0aad31a1255e01,Soil_Labeled_Data/M_70_80/L_70_80/alluvial/IMG_0706_M_10_20_light_brown_M_30_40_light_brown_M_50_60_gray_brown_M_60_70_dark_brown.jpg,1c46818db570b9b4e39dfbe28e5bcd4697354239b38c42ee4ade196aeb32f88a,validation,HISTORICALLY_EXPOSED,False,True,"High-confidence fine-tune notebooks build one dataset from all 2057 rows. For fallback rows, sample identity was exposed although historical augmented bytes are not reproducible."
4fcc937d96d002080788,Soil_Labeled_Data/M_70_80/L_70_80/alluvial/IMG_0708_M_10_20_clayish_red_M_40_50_light_brown_M_50_60_clay_red.jpg,397bd92c883d070dc231121fbbe5a9fc61c4870d7d703e46df34f09c4e3c2b52,train,HISTORICALLY_EXPOSED,False,True,"High-confidence fine-tune notebooks build one dataset from all 2057 rows. For fallback rows, sample identity was exposed although historical augmented bytes are not reproducible."
5370ce4f5abafeb3501d,Soil_Labeled_Data/M_70_80/L_70_80/alluvial/IMG_0710_M_10_20_pale_yellow_M_30_40_gray_brown_M_50_60_clay_red.jpg,f0cd639f983fcc3365de670e8192213e19d96b2721ecedf17fa68b8e7c2a6a27,validation,HISTORICALLY_EXPOSED,False,True,"High-confidence fine-tune notebooks build one dataset from all 2057 rows. For fallback rows, sample identity was exposed although historical augmented bytes are not reproducible."
cba8500a6ed0d14031e8,Soil_Labeled_Data/M_70_80/L_70_80/alluvial/IMG_0711_M_10_20_light_brown_M_40_50_light_brown_M_50_60_dark_brown.jpg,4a1b15ba9c830b059f64db56df5646a29f5896fec5b419fab9b8d44a819b726c,train,HISTORICALLY_EXPOSED,False,True,"High-confidence fine-tune notebooks build one dataset from all 2057 rows. For fallback rows, sample identity was exposed although historical augmented bytes are not reproducible."
cb31b30c5659b54ab890,Soil_Labeled_Data/M_70_80/L_70_80/alluvial/IMG_0711_M_10_20_light_brown_M_40_50_light_brown_M_50_60_dark_brown_M_60_70_clay_red.jpg,f55445efd21f239d437ec7b638ae86df9b6a79a961183ec76a25c20f10694149,train,HISTORICALLY_EXPOSED,False,True,"High-confidence fine-tune notebooks build one dataset from all 2057 rows. For fallback rows, sample identity was exposed although historical augmented bytes are not reproducible."
b1a8cf29773853899544,Soil_Labeled_Data/M_70_80/L_70_80/alluvial/IMG_0715_M_10_20_light_brown_M_40_50_light_brown_M_50_60_dark_brown.jpg,feaea47a96e17a919086cd4d7286649acf4afe54224a0b47b139c76ef4fb7337,validation,HISTORICALLY_EXPOSED,True,True,"High-confidence fine-tune notebooks build one dataset from all 2057 rows. For fallback rows, sample identity was exposed although historical augmented bytes are not reproducible."
68bbc6e8507cc6f38acc,Soil_Labeled_Data/M_70_80/L_70_80/alluvial/IMG_0716_M_10_20_light_brown_M_40_50_gray_brown_M_50_60_dark_brown.jpg,86f17ff191c3ffbaf1375f9acfb39dd47a5f4ca1ef811f0feb6a542999f31c55,train,HISTORICALLY_EXPOSED,True,True,"High-confidence fine-tune notebooks build one dataset from all 2057 rows. For fallback rows, sample identity was exposed although historical augmented bytes are not reproducible."
d5a668b2ceeb9bcf84c8,Soil_Labeled_Data/M_70_80/L_70_80/alluvial/IMG_0716_M_10_20_light_brown_M_40_50_gray_brown_M_50_60_gray_brown_M_60_70_clay_red.jpg,f8d076fe0bdb7440c6aae6883ddf664102b0b6e98890154e3f9421096cd6abae,train,HISTORICALLY_EXPOSED,True,True,"High-confidence fine-tune notebooks build one dataset from all 2057 rows. For fallback rows, sample identity was exposed although historical augmented bytes are not reproducible."
18ac91aebf621fb841c4,Soil_Labeled_Data/M_70_80/L_70_80/alluvial/IMG_0718_M_10_20_pale_yellow_M_30_40_light_brown_M_50_60_dark_brown_M_60_70_dark_brown.jpg,14cf504934be633f093750817c4dd6b3ebdd11faeddd215e904dd45df5ba9b97,train,HISTORICALLY_EXPOSED,True,True,"High-confidence fine-tune notebooks build one dataset from all 2057 rows. For fallback rows, sample identity was exposed although historical augmented bytes are not reproducible."
b7536e686c96d75eade2,Soil_Labeled_Data/M_70_80/L_70_80/alluvial/z5715141626411_00b983fd5f44402c4bda94b5b928bb00_M_20_30_light_brown_M_30_40_light_brown_M_50_60_clay_red.jpg,08164304401b61a6ca4733aa8fc7274e4808504f6dbe982cc22449173b2097cb,train,HISTORICALLY_EXPOSED,True,True,"High-confidence fine-tune notebooks build one dataset from all 2057 rows. For fallback rows, sample identity was exposed although historical augmented bytes are not reproducible."
6502140b7df1996db52f,Soil_Labeled_Data/M_70_80/L_70_80/alluvial/z5715141734634_e77f72db46f26975a8a55807dd7433b7_M_20_30_light_brown_M_30_40_light_brown_M_50_60_gray_brown_M_60_70_dark_brown.jpg,d5aa5c242ea07490ae10b07df77048617d59cdf6e8aefbab065dbd70b8aee0d3,train,HISTORICALLY_EXPOSED,True,True,"High-confidence fine-tune notebooks build one dataset from all 2057 rows. For fallback rows, sample identity was exposed although historical augmented bytes are not reproducible."
5d92a4d238d38486aee1,Soil_Labeled_Data/M_70_80/L_70_80/alluvial/z5715142111427_710989d5ad90708c35b310578e9c654f_M_20_30_light_brown_M_30_40_gray_brown_M_50_60_dark_brown_M_60_70_clay_red.jpg,754016307ba1f42b0b6ad77d20393a7ca7d5f4eaa0c18b932dfc1321e4111af2,train,HISTORICALLY_EXPOSED,True,True,"High-confidence fine-tune notebooks build one dataset from all 2057 rows. For fallback rows, sample identity was exposed although historical augmented bytes are not reproducible."
a39df78fc134aad70688,Soil_Labeled_Data/M_70_80/L_80_90/alluvial/z6637130652283_62ad15ef253db7e1e829509db208b5a0.jpg,2398a55bf0b32c91b0a266365202a0f07327d0ed8ad68e733145cefaa16e0065,train,HISTORICALLY_EXPOSED,True,True,"High-confidence fine-tune notebooks build one dataset from all 2057 rows. For fallback rows, sample identity was exposed although historical augmented bytes are not reproducible."
410a906929cf732a304f,Soil_Labeled_Data/M_70_80/L_80_90/alluvial/z6637130652283_62ad15ef253db7e1e829509db208b5a0_aug_01_dark_brown.jpg,f077ff346b6736690c9a791f65d121254d2ca20b69230ba753bb4e1a2cac2981,train,HISTORICALLY_EXPOSED,True,True,"High-confidence fine-tune notebooks build one dataset from all 2057 rows. For fallback rows, sample identity was exposed although historical augmented bytes are not reproducible."
8e0da3fc91d764163d23,Soil_Labeled_Data/M_70_80/L_80_90/alluvial/z6637130697431_6d70a85f4106abdead232fcb5f71f42a.jpg,0c557681e6ad7d51a690efcd580f485f41b15e2e371f69d200951a015970d623,validation,HISTORICALLY_EXPOSED,False,True,"High-confidence fine-tune notebooks build one dataset from all 2057 rows. For fallback rows, sample identity was exposed although historical augmented bytes are not reproducible."
e1acb10ee9de7c11c2f4,Soil_Labeled_Data/M_70_80/L_80_90/alluvial/z6637130735106_772755f9dc53b349f090eda92e53e822.jpg,5071e19dfea6c57a7a2907e834477697ce93a85b2224957dc529b89db2c73066,train,HISTORICALLY_EXPOSED,True,True,"High-confidence fine-tune notebooks build one dataset from all 2057 rows. For fallback rows, sample identity was exposed although historical augmented bytes are not reproducible."
92f50ce1229142fa287b,Soil_Labeled_Data/M_70_80/L_80_90/alluvial/z6637130735106_772755f9dc53b349f090eda92e53e822_aug_04_wet_gray.jpg,2f700efda5db45abbbb2527d483e0a3459ccd9a10cbf69d04209cab94170bacb,train,HISTORICALLY_EXPOSED,True,True,"High-confidence fine-tune notebooks build one dataset from all 2057 rows. For fallback rows, sample identity was exposed although historical augmented bytes are not reproducible."
e8410d4e238558e4d86e,Soil_Labeled_Data/M_70_80/L_80_90/alluvial/z6637130772206_bd2a6489188d048aa7c676afdbf0f88f.jpg,3ac4447a0dff7f823a3808b0f6f1182daff3e672b94cdf6ed69643bbf000d905,train,HISTORICALLY_EXPOSED,True,True,"High-confidence fine-tune notebooks build one dataset from all 2057 rows. For fallback rows, sample identity was exposed although historical augmented bytes are not reproducible."
f630cc1f36a982a2932f,Soil_Labeled_Data/M_70_80/L_80_90/alluvial/z6637130810542_05e696d06e814fe4b577ca46c66f3fea.jpg,55c81ef7277af189d1ad6a4f4810c84be6470a2bb201fab033d6a0282b859bec,train,HISTORICALLY_EXPOSED,True,True,"High-confidence fine-tune notebooks build one dataset from all 2057 rows. For fallback rows, sample identity was exposed although historical augmented bytes are not reproducible."
f6109b6b9b35902d95d1,Soil_Labeled_Data/M_70_80/L_80_90/alluvial/z6637133025304_c02f72e61094aedc77d3e4b455f0ebfe.jpg,d3157db7c1af653ccd9293c826d214672269f9f7ff3ea62aae0628299e7f3b41,train,HISTORICALLY_EXPOSED,True,True,"High-confidence fine-tune notebooks build one dataset from all 2057 rows. For fallback rows, sample identity was exposed although historical augmented bytes are not reproducible."
5cc270145b0c68b9b19b,Soil_Labeled_Data/M_70_80/L_80_90/alluvial/z6637133058523_592d9cd56190a3f222556f5ff2b0dd75.jpg,ae7590ffeda0deed51cc57d20fce14286d2d31bfc486ac670093f99e5e242668,test,HISTORICALLY_EXPOSED,True,True,"High-confidence fine-tune notebooks build one dataset from all 2057 rows. For fallback rows, sample identity was exposed although historical augmented bytes are not reproducible."
8ee77a283347e0af5a69,Soil_Labeled_Data/M_70_80/L_80_90/alluvial/z6637133093804_415790f7d7dbfe6a16b41cd95b244b90.jpg,227bfdee36fdec6f17a1a971f776267a0e7ef68da9d09a476d9d12581e73deaf,train,HISTORICALLY_EXPOSED,True,True,"High-confidence fine-tune notebooks build one dataset from all 2057 rows. For fallback rows, sample identity was exposed although historical augmented bytes are not reproducible."
ff4e998e14ba31b59809,Soil_Labeled_Data/M_70_80/L_80_90/alluvial/z6637133131476_9c50046ba5ba1e09a778276e16b52935.jpg,9c12bb2ba9b5ef9d8ea3a75d7086212d1d8e21bfbd41c191d9f48cfdc8586a95,train,HISTORICALLY_EXPOSED,True,True,"High-confidence fine-tune notebooks build one dataset from all 2057 rows. For fallback rows, sample identity was exposed although historical augmented bytes are not reproducible."
4c1b03cae7479ae06ae2,Soil_Labeled_Data/M_70_80/L_80_90/alluvial/z6637133131476_9c50046ba5ba1e09a778276e16b52935_aug_02_gray_brown.jpg,dd85587f218a600f1dfd82b8bc4bd583894d6f73d898f7113467ec65787ed41d,train,HISTORICALLY_EXPOSED,True,True,"High-confidence fine-tune notebooks build one dataset from all 2057 rows. For fallback rows, sample identity was exposed although historical augmented bytes are not reproducible."
73e5b0c4b52c691d0b77,Soil_Labeled_Data/M_70_80/L_80_90/alluvial/z6637133162589_abf27e348d8b8be3352030996ad99e72.jpg,23c2557f3df80a755da666d11c11d8be854907eb1eb683c3ed73bc7480aa1259,train,HISTORICALLY_EXPOSED,True,True,"High-confidence fine-tune notebooks build one dataset from all 2057 rows. For fallback rows, sample identity was exposed although historical augmented bytes are not reproducible."
a0cf3202a9a8ed296883,Soil_Labeled_Data/M_70_80/L_80_90/alluvial/z6637133196545_584c120ec03503b6f1b02935b9e88f0a.jpg,bc555d873182ae05526611f4c61276d910d2481a054f2abd23b8aacf14c05203,train,HISTORICALLY_EXPOSED,True,True,"High-confidence fine-tune notebooks build one dataset from all 2057 rows. For fallback rows, sample identity was exposed although historical augmented bytes are not reproducible."
5c6fa67cf18d6180bec6,Soil_Labeled_Data/M_70_80/L_80_90/alluvial/z6637133229889_5b005cc0f6f6905ea12108ef19300d89.jpg,d2d31baf9342c38fd0397b6f7d618450e488121d41a1976db38729c51a108eb8,train,HISTORICALLY_EXPOSED,True,True,"High-confidence fine-tune notebooks build one dataset from all 2057 rows. For fallback rows, sample identity was exposed although historical augmented bytes are not reproducible."
f72a15be9548a7babcb2,Soil_Labeled_Data/M_70_80/L_80_90/alluvial/z6637133229889_5b005cc0f6f6905ea12108ef19300d89_aug_03_gray_brown.jpg,edac6c1266026f28a8fce614b94ce0e3241f31f2a27aca2b45397e9e990d83cd,train,HISTORICALLY_EXPOSED,True,True,"High-confidence fine-tune notebooks build one dataset from all 2057 rows. For fallback rows, sample identity was exposed although historical augmented bytes are not reproducible."
3868b2618a3472a3eb2d,Soil_Labeled_Data/M_70_80/L_80_90/alluvial/z6637133276123_4285ca8ca061b3e3f9f02388e39159a5.jpg,eb986a12164254a2e2c3c7336312aef49ff22dce33f7770e04397d193eed168a,validation,HISTORICALLY_EXPOSED,False,True,"High-confidence fine-tune notebooks build one dataset from all 2057 rows. For fallback rows, sample identity was exposed although historical augmented bytes are not reproducible."
bade1b381435b067f07f,Soil_Labeled_Data/M_70_80/L_80_90/alluvial/z6637133276123_4285ca8ca061b3e3f9f02388e39159a5_aug_05_clay_red.jpg,e25a36104f1e2a2c5de19d1b324c506883630379eb352f5ba9b99791f0b5238a,validation,HISTORICALLY_EXPOSED,True,True,"High-confidence fine-tune notebooks build one dataset from all 2057 rows. For fallback rows, sample identity was exposed although historical augmented bytes are not reproducible."
06c58cb4bef0f28d6b62,Soil_Labeled_Data/M_70_80/L_80_90/alluvial/z6637133316811_2946f54350a4e8e69b64c6b6a661c772.jpg,2a5a8aaa745905489e0b97d16f2c037d16de1979a50f2b90b0a1b7b005d8b87b,train,HISTORICALLY_EXPOSED,True,True,"High-confidence fine-tune notebooks build one dataset from all 2057 rows. For fallback rows, sample identity was exposed although historical augmented bytes are not reproducible."
9a36a2e38104cae31582,Soil_Labeled_Data/M_70_80/L_80_90/alluvial/z6637133316811_2946f54350a4e8e69b64c6b6a661c772_aug_00_gray_brown.jpg,efc3adb80f90825d2357f7c0f73b43dc986304083477816f99d0e670cffaf86d,train,HISTORICALLY_EXPOSED,True,True,"High-confidence fine-tune notebooks build one dataset from all 2057 rows. For fallback rows, sample identity was exposed although historical augmented bytes are not reproducible."
dbe1c706c0b36517d484,Soil_Labeled_Data/M_70_80/L_90_100/alluvial/M_70_80_L_90_100_0012_wet_gray.jpg,fefe3c9b003995a424465033aa3525adea8441f768f7346df4d27e1aacbd9fe0,test,HISTORICALLY_EXPOSED,True,True,"High-confidence fine-tune notebooks build one dataset from all 2057 rows. For fallback rows, sample identity was exposed although historical augmented bytes are not reproducible."
c7d69cea9f31275205ec,Soil_Labeled_Data/M_70_80/L_90_100/alluvial/M_70_80_L_90_100_0020_dark_brown.jpg,65ae6197851529714c0f4847490bc6a59e8a44064c461914f3861c4fc11b9d71,train,HISTORICALLY_EXPOSED,True,True,"High-confidence fine-tune notebooks build one dataset from all 2057 rows. For fallback rows, sample identity was exposed although historical augmented bytes are not reproducible."
084823c569a4796d1446,Soil_Labeled_Data/M_70_80/L_90_100/alluvial/M_70_80_L_90_100_0022_wet_gray.jpg,36688fdeb4ac193d62eace749d4222850aaab2a0e2c4eb7f77f747ed418e363b,train,HISTORICALLY_EXPOSED,False,True,"High-confidence fine-tune notebooks build one dataset from all 2057 rows. For fallback rows, sample identity was exposed although historical augmented bytes are not reproducible."
2270fc2aeb2e2fe78de1,Soil_Labeled_Data/M_70_80/L_90_100/alluvial/M_70_80_L_90_100_0031_gray_brown.jpg,3b2ba72237a135694153383b605ac54fafaee18bec5c84e3838b2b1d02b4f677,train,HISTORICALLY_EXPOSED,True,True,"High-confidence fine-tune notebooks build one dataset from all 2057 rows. For fallback rows, sample identity was exposed although historical augmented bytes are not reproducible."
1e6a01f5605a72790789,Soil_Labeled_Data/M_70_80/L_90_100/alluvial/M_70_80_L_90_100_0033_clay_red.jpg,a790a95adfdbf2fc3cc4a552e456bd4a4c031ec4bd41a0b6cc86f02fdcdae731,train,HISTORICALLY_EXPOSED,False,True,"High-confidence fine-tune notebooks build one dataset from all 2057 rows. For fallback rows, sample identity was exposed although historical augmented bytes are not reproducible."
a3e5836cdb6c95f37d96,Soil_Labeled_Data/M_70_80/L_90_100/alluvial/M_70_80_L_90_100_0035_clay_red.jpg,7086e7805d751c3269df48eca598f63fc81fabefc687da30e11f03362042078d,train,HISTORICALLY_EXPOSED,False,True,"High-confidence fine-tune notebooks build one dataset from all 2057 rows. For fallback rows, sample identity was exposed although historical augmented bytes are not reproducible."
f19963400afd2b20fde6,Soil_Labeled_Data/M_70_80/L_90_100/alluvial/M_70_80_L_90_100_0036_clay_red.jpg,15a7ec325f5434ec29269365d0610172de2b740ecd9857b681dbf86967a6c395,train,HISTORICALLY_EXPOSED,True,True,"High-confidence fine-tune notebooks build one dataset from all 2057 rows. For fallback rows, sample identity was exposed although historical augmented bytes are not reproducible."
1ce9f3f552a94c950bb7,Soil_Labeled_Data/M_70_80/L_90_100/alluvial/M_70_80_L_90_100_0039_dark_brown.jpg,c3a5725021773cf8fe4ee951a46dbce0b888d0c5e1647d66acb175a61e222439,validation,HISTORICALLY_EXPOSED,True,True,"High-confidence fine-tune notebooks build one dataset from all 2057 rows. For fallback rows, sample identity was exposed although historical augmented bytes are not reproducible."
f3b7f226ffb9ebf5db83,Soil_Labeled_Data/M_70_80/L_90_100/alluvial/M_70_80_L_90_100_0043_wet_gray.jpg,8828386a4279017c2717f36dfc36867b59c5914a9b9b802f70604e99b4ebca4f,train,HISTORICALLY_EXPOSED,True,True,"High-confidence fine-tune notebooks build one dataset from all 2057 rows. For fallback rows, sample identity was exposed although historical augmented bytes are not reproducible."
a3225a37a7de04943eda,Soil_Labeled_Data/M_70_80/L_90_100/alluvial/M_70_80_L_90_100_0062_gray_brown.jpg,4450a7d98fffee5dc0a8f4144a20e0c5bba7a181464f03f71ee39b33378561c7,train,HISTORICALLY_EXPOSED,False,True,"High-confidence fine-tune notebooks build one dataset from all 2057 rows. For fallback rows, sample identity was exposed although historical augmented bytes are not reproducible."
cc54fa1c0a72caf3e785,Soil_Labeled_Data/M_70_80/L_90_100/alluvial/M_70_80_L_90_100_0064_clay_red.jpg,5a5dd0e446a3c1f2ba3dfc558eb34de3cb5f698a8893a77a5ff1ed45763e36b5,train,HISTORICALLY_EXPOSED,False,True,"High-confidence fine-tune notebooks build one dataset from all 2057 rows. For fallback rows, sample identity was exposed although historical augmented bytes are not reproducible."
23320f9a358eb02fe86a,Soil_Labeled_Data/M_70_80/L_90_100/alluvial/M_70_80_L_90_100_0065_light_brown.jpg,423e984e527461efd9e16508d31ab44b3602598c279182bb2acd04ae7a4d06a6,train,HISTORICALLY_EXPOSED,True,True,"High-confidence fine-tune notebooks build one dataset from all 2057 rows. For fallback rows, sample identity was exposed although historical augmented bytes are not reproducible."
396034ba130e4a0fcda7,Soil_Labeled_Data/M_70_80/L_90_100/alluvial/M_70_80_L_90_100_0066_gray_brown.jpg,c4d1ffbd7b5e6830d185edbf07691a89cb7f4414a1d8d2b82e93eb359e4ca56a,train,HISTORICALLY_EXPOSED,False,True,"High-confidence fine-tune notebooks build one dataset from all 2057 rows. For fallback rows, sample identity was exposed although historical augmented bytes are not reproducible."
b30fff9a8450899f62cd,Soil_Labeled_Data/M_70_80/L_90_100/alluvial/M_70_80_L_90_100_0067_light_brown.jpg,ed8caa959397fb5cf9b23452d4381ada7da61584d304d6adf5837920a69cdcb5,train,HISTORICALLY_EXPOSED,False,True,"High-confidence fine-tune notebooks build one dataset from all 2057 rows. For fallback rows, sample identity was exposed although historical augmented bytes are not reproducible."
3245f128d635923bfa32,Soil_Labeled_Data/M_70_80/L_90_100/alluvial/M_70_80_L_90_100_0082_gray_brown.jpg,f8df794bc93bacbd93a29cfd6d3226855ea4ad40a62886788939d63576f58f46,train,HISTORICALLY_EXPOSED,False,True,"High-confidence fine-tune notebooks build one dataset from all 2057 rows. For fallback rows, sample identity was exposed although historical augmented bytes are not reproducible."
f74127c48ddc7843c499,Soil_Labeled_Data/M_70_80/L_90_100/alluvial/M_70_80_L_90_100_0084_clay_red.jpg,1d7b941a2197bc1a1ca69e3f37e4fd2c45817dce726327cb9e7b5e04e4d2bf0c,train,HISTORICALLY_EXPOSED,False,True,"High-confidence fine-tune notebooks build one dataset from all 2057 rows. For fallback rows, sample identity was exposed although historical augmented bytes are not reproducible."
684080c494ddadc43e9c,Soil_Labeled_Data/M_70_80/L_90_100/alluvial/M_70_80_L_90_100_0086_clay_red.jpg,3df49c2b6b2cbaa0e584babb070c188c443ea001618b12b4815d3a04ebc503ff,train,HISTORICALLY_EXPOSED,True,True,"High-confidence fine-tune notebooks build one dataset from all 2057 rows. For fallback rows, sample identity was exposed although historical augmented bytes are not reproducible."
22578acb52e555f9f305,Soil_Labeled_Data/M_70_80/L_90_100/alluvial/M_70_80_L_90_100_0087_clay_red.jpg,911b2227345be3899270c3a1e01a0eea8607d6e88516b6f54a1a5e89a0b5b7da,validation,HISTORICALLY_EXPOSED,True,True,"High-confidence fine-tune notebooks build one dataset from all 2057 rows. For fallback rows, sample identity was exposed although historical augmented bytes are not reproducible."
890af6a4a228f4c88cde,Soil_Labeled_Data/M_70_80/L_90_100/alluvial/M_70_80_L_90_100_0093_wet_gray.jpg,d3283728583dd05e35d7dc18720ddfb30b99a9f4f99f8376f6453d5a522aac54,train,HISTORICALLY_EXPOSED,False,True,"High-confidence fine-tune notebooks build one dataset from all 2057 rows. For fallback rows, sample identity was exposed although historical augmented bytes are not reproducible."
3af3f8d31653870fa97d,Soil_Labeled_Data/M_70_80/L_90_100/alluvial/M_70_80_L_90_100_0098_wet_gray.jpg,cdd1ba942dbdb7d20deb68e8f17c8b1f95566f6cf5f03c04dc504942ffb0c355,train,HISTORICALLY_EXPOSED,True,True,"High-confidence fine-tune notebooks build one dataset from all 2057 rows. For fallback rows, sample identity was exposed although historical augmented bytes are not reproducible."
a6b8b6774cdc8b1f10c6,Soil_Labeled_Data/M_80_90/L_0_10/alluvial/IMG_0407_M_10_20_gray_brown_M_40_50_gray_brown_M_60_70_dark_brown_M_70_80_wet_gray.jpg,32e9c2877a388b65d7d0c973be851677db1a1abf41641c134aa7464dd136566c,train,HISTORICALLY_EXPOSED,True,True,"High-confidence fine-tune notebooks build one dataset from all 2057 rows. For fallback rows, sample identity was exposed although historical augmented bytes are not reproducible."
cc98648c4732ceaafffe,Soil_Labeled_Data/M_80_90/L_0_10/alluvial/IMG_0408_M_10_20_gray_brown_M_40_50_dark_brown_M_60_70_wet_gray.jpg,22595bd3145237b8486d44c7e0256e6ae507dbc394f54f8fae94bc88cfbbb57a,train,HISTORICALLY_EXPOSED,True,True,"High-confidence fine-tune notebooks build one dataset from all 2057 rows. For fallback rows, sample identity was exposed although historical augmented bytes are not reproducible."
df8a25f4e5d472f44922,Soil_Labeled_Data/M_80_90/L_0_10/alluvial/IMG_0423_M_10_20_gray_brown_M_40_50_dark_brown_M_60_70_wet_gray.jpg,8037c97820643c26ac070bfe0664da807b4b355ddea59234989960b439374df1,train,HISTORICALLY_EXPOSED,True,True,"High-confidence fine-tune notebooks build one dataset from all 2057 rows. For fallback rows, sample identity was exposed although historical augmented bytes are not reproducible."
c439e2af07dadfcff3f7,Soil_Labeled_Data/M_80_90/L_0_10/alluvial/z5714094628996_2ba67db18f33aa6bf75d2bf34582cb2c_M_0_10_gray_brown_M_40_50_dark_brown_M_60_70_dark_brown_M_70_80_clay_red.jpg,6b0bb8edfa1b53e2cc4215af968f75c112ac53e99594448b4147463b39767d7c,train,HISTORICALLY_EXPOSED,True,True,"High-confidence fine-tune notebooks build one dataset from all 2057 rows. For fallback rows, sample identity was exposed although historical augmented bytes are not reproducible."
e9e2cf3051d3bd6c5ca9,Soil_Labeled_Data/M_80_90/L_0_10/alluvial/z5714094985878_be3d0b27ad0ff588c74868cf841a13d8_M_0_10_clayish_red_M_40_50_gray_brown_M_50_60_dark_brown_M_70_80_clay_red.jpg,e37f236939b7f3b826cb64dfc9e46ad2127d2a0fa427defbc9a731d46c6fd393,train,HISTORICALLY_EXPOSED,True,True,"High-confidence fine-tune notebooks build one dataset from all 2057 rows. For fallback rows, sample identity was exposed although historical augmented bytes are not reproducible."
9c4a0b3f1d9cd893bbf9,Soil_Labeled_Data/M_80_90/L_0_10/alluvial/z5714095361298_5b8521f71b6051a784c85bd3550ccbe0_M_0_10_pale_yellow_M_40_50_gray_brown_M_50_60_dark_brown_M_60_70_wet_gray.jpg,8332c693c76ff5c405165b847b01bf9fab71ad14c869c6ea02e6f0bcbf50132b,train,HISTORICALLY_EXPOSED,True,True,"High-confidence fine-tune notebooks build one dataset from all 2057 rows. For fallback rows, sample identity was exposed although historical augmented bytes are not reproducible."
54b4e3a5c8fcb56a2823,Soil_Labeled_Data/M_80_90/L_0_10/alluvial/z5714095397323_3ba8d5731fe9ad72ecd36a4f5fe55be2_M_0_10_pale_yellow_M_40_50_gray_brown_M_50_60_gray_brown_M_60_70_wet_gray.jpg,34b0515fc5922b77369f7473bfaff7b42fce8ce55796cea5413ecb41baca0400,validation,HISTORICALLY_EXPOSED,True,True,"High-confidence fine-tune notebooks build one dataset from all 2057 rows. For fallback rows, sample identity was exposed although historical augmented bytes are not reproducible."
881872333ff917af8a97,Soil_Labeled_Data/M_80_90/L_0_10/alluvial/z5714095489034_176c03ba900d1a0940308cd7513b0794_M_0_10_clayish_red_M_40_50_gray_brown_M_50_60_gray_brown_M_60_70_wet_gray.jpg,a2bafd57d87275d566bd3510aac4aa9e75c21e18f5d7161216a5a68f6fa90417,validation,HISTORICALLY_EXPOSED,True,True,"High-confidence fine-tune notebooks build one dataset from all 2057 rows. For fallback rows, sample identity was exposed although historical augmented bytes are not reproducible."
fb882a86bbc2610dffbf,Soil_Labeled_Data/M_80_90/L_0_10/alluvial/z5716041534082_306e15f5e30046bae34f62036b4539ae_M_30_40_light_brown_M_40_50_gray_brown_M_60_70_clay_red_M_70_80_wet_gray.jpg,bcdeb5a7f69c684829621432e1d32ef1e5137f0e3c71863d956ae846a4456d8e,train,HISTORICALLY_EXPOSED,True,True,"High-confidence fine-tune notebooks build one dataset from all 2057 rows. For fallback rows, sample identity was exposed although historical augmented bytes are not reproducible."
1b82baa85c5ca3cda8db,Soil_Labeled_Data/M_80_90/L_0_10/alluvial/z5716041760025_1dd3015fad2a52a8d4cd7de5588f2bc5_M_30_40_gray_brown_M_40_50_gray_brown_M_50_60_dark_brown_M_70_80_clay_red.jpg,6f10108aee04eb83f23690d0c018f67e7f99779d8cf9193e43bc7636bb6776f2,train,HISTORICALLY_EXPOSED,True,True,"High-confidence fine-tune notebooks build one dataset from all 2057 rows. For fallback rows, sample identity was exposed although historical augmented bytes are not reproducible."
ade57497eecb962e39e2,Soil_Labeled_Data/M_80_90/L_0_10/alluvial/z5716041844114_ff29c3aa34e5e5744c16680220233e4e_M_30_40_gray_brown_M_40_50_gray_brown_M_60_70_clay_red.jpg,ef47b1bf8ffac1f9f589224e871d554d11b48a994eee9b388dce7385c254df04,train,HISTORICALLY_EXPOSED,True,True,"High-confidence fine-tune notebooks build one dataset from all 2057 rows. For fallback rows, sample identity was exposed although historical augmented bytes are not reproducible."
736474a8d4110bf57267,Soil_Labeled_Data/M_80_90/L_0_10/alluvial/z5716041881708_78beac35b69090477b9041eb1ba236f3_M_30_40_gray_brown_M_40_50_gray_brown_M_50_60_clay_red_M_70_80_wet_gray.jpg,2816bc48fd095deda5347dcbb44c753c09d03423df3a796ebb30cb8473a0fe86,train,HISTORICALLY_EXPOSED,True,True,"High-confidence fine-tune notebooks build one dataset from all 2057 rows. For fallback rows, sample identity was exposed although historical augmented bytes are not reproducible."
380a94061e5001cb1899,Soil_Labeled_Data/M_80_90/L_0_10/alluvial/z5716041921976_7e4a689b2efcc84b88cd5677cea9ff06_M_30_40_light_brown_M_50_60_clay_red_M_70_80_clay_red.jpg,303da2ed991ee2cd7cc29bc46f4b61b2171266882a65ed7e0b5880b0b90c4d4c,train,HISTORICALLY_EXPOSED,True,True,"High-confidence fine-tune notebooks build one dataset from all 2057 rows. For fallback rows, sample identity was exposed although historical augmented bytes are not reproducible."
e4ea0ee535b2181148e4,Soil_Labeled_Data/M_80_90/L_0_10/alluvial/z5716041962889_1d362459ea63da03f90b3aa0f319097d_M_30_40_light_brown_M_40_50_gray_brown_M_50_60_dark_brown_M_60_70_wet_gray.jpg,5d1035bc14f139b01af78a6d4de9c2152383fb533d61da82e8228dd7d711d6e6,train,HISTORICALLY_EXPOSED,True,True,"High-confidence fine-tune notebooks build one dataset from all 2057 rows. For fallback rows, sample identity was exposed although historical augmented bytes are not reproducible."
e22401b9364ea2546750,Soil_Labeled_Data/M_80_90/L_0_10/alluvial/z5716042049106_e42202833efd1fc8789876381aea1f57_M_30_40_gray_brown_M_50_60_dark_brown_M_60_70_clay_red_M_70_80_wet_gray.jpg,2e68f1a9b4e6e87853c44e7e2a17e208b4e7876b5bbd83a8502a64da17790048,train,HISTORICALLY_EXPOSED,True,True,"High-confidence fine-tune notebooks build one dataset from all 2057 rows. For fallback rows, sample identity was exposed although historical augmented bytes are not reproducible."
74425ba88ea41ee64518,Soil_Labeled_Data/M_80_90/L_0_10/alluvial/z5716042049106_e42202833efd1fc8789876381aea1f57_M_30_40_gray_brown_M_50_60_dark_brown_M_70_80_wet_gray.jpg,316d035e43f19a34531ea78077fb7757502575d48dc6f96d1f220008ef44abbf,train,HISTORICALLY_EXPOSED,True,True,"High-confidence fine-tune notebooks build one dataset from all 2057 rows. For fallback rows, sample identity was exposed although historical augmented bytes are not reproducible."
d75ea0c83f00fbe789cd,Soil_Labeled_Data/M_80_90/L_0_10/alluvial/z5716042177476_b8a4f94bdbe3b1df3e770ab6f8ac2f76_M_30_40_clayish_red_M_40_50_gray_brown_M_60_70_wet_gray.jpg,6b1b083683e1cc98e7bced17159d837289a27583f4879adb868dc4f8965ddba9,train,HISTORICALLY_EXPOSED,True,True,"High-confidence fine-tune notebooks build one dataset from all 2057 rows. For fallback rows, sample identity was exposed although historical augmented bytes are not reproducible."
52bf91d06411d3a48564,Soil_Labeled_Data/M_80_90/L_0_10/alluvial/z5716042220165_291f395222e47e7e129381b510d12073_M_30_40_gray_brown_M_40_50_gray_brown_M_50_60_gray_brown_M_60_70_wet_gray.jpg,802e89905914677489ad7916d063b7b464220f3fe22448fe5dcf552e92d2ef6b,train,HISTORICALLY_EXPOSED,True,True,"High-confidence fine-tune notebooks build one dataset from all 2057 rows. For fallback rows, sample identity was exposed although historical augmented bytes are not reproducible."
bb335eba4355c68529d6,Soil_Labeled_Data/M_80_90/L_0_10/alluvial/z5716042321152_979083553c4378666fb6af100231c565_M_30_40_gray_brown_M_40_50_gray_brown_M_60_70_dark_brown_M_70_80_wet_gray.jpg,e82e42912cce0d94ac0105161f42d29b93ca1baa75191c348363beca9460e2c2,train,HISTORICALLY_EXPOSED,True,True,"High-confidence fine-tune notebooks build one dataset from all 2057 rows. For fallback rows, sample identity was exposed although historical augmented bytes are not reproducible."
5362940fd4b31f8790ac,Soil_Labeled_Data/M_80_90/L_0_10/alluvial/z5716042393202_8e123a1e78f84eda2b3a3bd5bfe377a3_M_30_40_gray_brown_M_40_50_light_brown_M_50_60_gray_brown_M_60_70_wet_gray.jpg,2290057621b923173f54a7d434cf4fdcb32dbaec3062ac73ea2ca556c21b5f28,train,HISTORICALLY_EXPOSED,True,True,"High-confidence fine-tune notebooks build one dataset from all 2057 rows. For fallback rows, sample identity was exposed although historical augmented bytes are not reproducible."
c28165831a5e6b225d60,Soil_Labeled_Data/M_80_90/L_10_20/alluvial/IMG_0012_M_0_10_clayish_red_M_40_50_gray_brown_M_60_70_wet_gray.jpg,3d19dea615d66d6edc663eaa0860046b1121a8e0e195cc59697d0245f68f45e8,train,HISTORICALLY_EXPOSED,True,True,"High-confidence fine-tune notebooks build one dataset from all 2057 rows. For fallback rows, sample identity was exposed although historical augmented bytes are not reproducible."
e430bd9b74d6c7c65270,Soil_Labeled_Data/M_80_90/L_10_20/alluvial/IMG_0014_M_0_10_light_brown_M_40_50_gray_brown_M_50_60_gray_brown_M_60_70_wet_gray.jpg,3b4901a69e916a384765dabee34bc6b94802f3d8d21f3986fe3a95718f86d22e,train,HISTORICALLY_EXPOSED,True,True,"High-confidence fine-tune notebooks build one dataset from all 2057 rows. For fallback rows, sample identity was exposed although historical augmented bytes are not reproducible."
1e73a8cb76d66398f62a,Soil_Labeled_Data/M_80_90/L_10_20/alluvial/IMG_0014_M_0_10_light_brown_M_40_50_gray_brown_M_60_70_clay_red.jpg,3a81550746e31f1da11db60790987233ec565f064d378172d6e41a8f627bec35,train,HISTORICALLY_EXPOSED,True,True,"High-confidence fine-tune notebooks build one dataset from all 2057 rows. For fallback rows, sample identity was exposed although historical augmented bytes are not reproducible."
eec51a3197f5d087ecc2,Soil_Labeled_Data/M_80_90/L_10_20/alluvial/IMG_0017_M_0_10_gray_brown_M_40_50_gray_brown_M_60_70_wet_gray.jpg,39e3771c0dcb0fc2053810de868fd8b6363725081468bcfb1e7314f009e26764,train,HISTORICALLY_EXPOSED,True,True,"High-confidence fine-tune notebooks build one dataset from all 2057 rows. For fallback rows, sample identity was exposed although historical augmented bytes are not reproducible."
9058c05d7fc72038494e,Soil_Labeled_Data/M_80_90/L_10_20/alluvial/IMG_0018_M_0_10_gray_brown_M_40_50_gray_brown_M_50_60_dark_brown_M_60_70_clay_red.jpg,03e9bab1df18ed307f4ff3b3593cc1f03641550d7a08d41bd9bab800abc5e1da,test,HISTORICALLY_EXPOSED,True,True,"High-confidence fine-tune notebooks build one dataset from all 2057 rows. For fallback rows, sample identity was exposed although historical augmented bytes are not reproducible."
7b1582cf300b9b279638,Soil_Labeled_Data/M_80_90/L_10_20/alluvial/IMG_0023_M_0_10_light_brown_M_40_50_light_brown_M_50_60_clay_red_M_70_80_wet_gray.jpg,34373e6b45f7ca174c120ed337b98815f3001d62764fb0c8796d9032ef161b5c,train,HISTORICALLY_EXPOSED,True,True,"High-confidence fine-tune notebooks build one dataset from all 2057 rows. For fallback rows, sample identity was exposed although historical augmented bytes are not reproducible."
43cc38a7843b70eb16a5,Soil_Labeled_Data/M_80_90/L_10_20/alluvial/IMG_0024_M_0_10_pale_yellow_M_40_50_dark_brown_M_60_70_wet_gray.jpg,02e011a22d77b9e4726f2735d456969772a78b30d51cffc2cb7e6109d66d54f0,train,HISTORICALLY_EXPOSED,True,True,"High-confidence fine-tune notebooks build one dataset from all 2057 rows. For fallback rows, sample identity was exposed although historical augmented bytes are not reproducible."
789cf2ce43ee04af8f1b,Soil_Labeled_Data/M_80_90/L_10_20/alluvial/IMG_0451_M_10_20_light_brown_M_40_50_gray_brown_M_50_60_dark_brown_M_60_70_clay_red.jpg,d975aa57334354bcc93cc77536fe6377584cf3ea09556bccb1d7ad489ea83f59,train,HISTORICALLY_EXPOSED,True,True,"High-confidence fine-tune notebooks build one dataset from all 2057 rows. For fallback rows, sample identity was exposed although historical augmented bytes are not reproducible."
e4159740fb30a91e3a3f,Soil_Labeled_Data/M_80_90/L_10_20/alluvial/IMG_0452_M_10_20_clayish_red_M_40_50_dark_brown_M_60_70_wet_gray.jpg,05a40e0cb933db50d8f87b44867de7532ff68a5232448d9a171888107c4dffdd,train,HISTORICALLY_EXPOSED,True,True,"High-confidence fine-tune notebooks build one dataset from all 2057 rows. For fallback rows, sample identity was exposed although historical augmented bytes are not reproducible."
96188d1bdc794e23a5ac,Soil_Labeled_Data/M_80_90/L_10_20/alluvial/IMG_0454_M_10_20_light_brown_M_40_50_dark_brown_M_60_70_clay_red.jpg,fc77ab3b20beb6e02278137e636c389db42e11a9da7f2871ee9aad1de635da8f,train,HISTORICALLY_EXPOSED,True,True,"High-confidence fine-tune notebooks build one dataset from all 2057 rows. For fallback rows, sample identity was exposed although historical augmented bytes are not reproducible."
65dd541f264722e44899,Soil_Labeled_Data/M_80_90/L_10_20/alluvial/IMG_0456_M_10_20_gray_brown_M_40_50_gray_brown_M_50_60_gray_brown_M_60_70_wet_gray.jpg,8db10e3c83cd190b33eba2b6118fd3ae5369caf8d6a02c3cc52b45ef1a6fcb11,train,HISTORICALLY_EXPOSED,True,True,"High-confidence fine-tune notebooks build one dataset from all 2057 rows. For fallback rows, sample identity was exposed although historical augmented bytes are not reproducible."
4ef3ec4c725575c71db7,Soil_Labeled_Data/M_80_90/L_10_20/alluvial/IMG_0462_M_10_20_pale_yellow_M_40_50_gray_brown_M_50_60_clay_red_M_70_80_wet_gray.jpg,fc2fbaf4a825f6ce1784f4362c9c3aac1825c28b15b40f935714d5ae4e5fbdcc,train,HISTORICALLY_EXPOSED,True,True,"High-confidence fine-tune notebooks build one dataset from all 2057 rows. For fallback rows, sample identity was exposed although historical augmented bytes are not reproducible."
7def805aab5dba0d59a7,Soil_Labeled_Data/M_80_90/L_10_20/alluvial/IMG_0463_M_10_20_clayish_red_M_40_50_gray_brown_M_60_70_dark_brown_M_70_80_clay_red.jpg,b7a8abd1117804a78226c9ae8adfa30139e9f64db0c1deba42b1f8055f794879,train,HISTORICALLY_EXPOSED,True,True,"High-confidence fine-tune notebooks build one dataset from all 2057 rows. For fallback rows, sample identity was exposed although historical augmented bytes are not reproducible."
cc272fb677bceb73c6be,Soil_Labeled_Data/M_80_90/L_10_20/alluvial/IMG_0466_M_10_20_pale_yellow_M_40_50_light_brown_M_50_60_gray_brown_M_60_70_clay_red_M_70_80_wet_gray.jpg,74e52cce6ab451db2e92c2fcccf54b68656aedf143e81666b9ab35e4fefd9ae0,train,HISTORICALLY_EXPOSED,True,True,"High-confidence fine-tune notebooks build one dataset from all 2057 rows. For fallback rows, sample identity was exposed although historical augmented bytes are not reproducible."
f480845f9fb0a338f445,Soil_Labeled_Data/M_80_90/L_10_20/alluvial/IMG_0467_M_10_20_gray_brown_M_40_50_gray_brown_M_50_60_dark_brown_M_70_80_wet_gray.jpg,f1f42c990a6e9ca825fe86d05e3868daa463e8a5a24633df0663c74f1f581617,train,HISTORICALLY_EXPOSED,True,True,"High-confidence fine-tune notebooks build one dataset from all 2057 rows. For fallback rows, sample identity was exposed although historical augmented bytes are not reproducible."
9074f3565aef8a61ed96,Soil_Labeled_Data/M_80_90/L_10_20/alluvial/z5716081541140_f8cf053ed3727193eae06a486810b5ef_M_30_40_light_brown_M_40_50_gray_brown_M_60_70_clay_red.jpg,b288971934f5895d0663a04f138c28c74775dffabd0dd0848cdae02690406a4d,train,HISTORICALLY_EXPOSED,True,True,"High-confidence fine-tune notebooks build one dataset from all 2057 rows. For fallback rows, sample identity was exposed although historical augmented bytes are not reproducible."
63ba84bfcd2c511732b0,Soil_Labeled_Data/M_80_90/L_10_20/alluvial/z5716081604703_5b6db8c3f8abac206c03f4fcd5bac49c_M_30_40_clayish_red_M_40_50_gray_brown_M_60_70_clay_red.jpg,27c8ff3dc49ce7bf4ab45d7ed2a41ba385faa42c5506f6ca47fb911b5664732e,train,HISTORICALLY_EXPOSED,True,True,"High-confidence fine-tune notebooks build one dataset from all 2057 rows. For fallback rows, sample identity was exposed although historical augmented bytes are not reproducible."
12cbb2ede4ee4bb34045,Soil_Labeled_Data/M_80_90/L_10_20/alluvial/z5716081604703_5b6db8c3f8abac206c03f4fcd5bac49c_M_30_40_gray_brown_M_50_60_dark_brown_M_70_80_clay_red.jpg,a422f192d1a5e29e3c00e48cd7b90a97f6337423a35bf70f33eaf5957e8543c9,test,HISTORICALLY_EXPOSED,True,True,"High-confidence fine-tune notebooks build one dataset from all 2057 rows. For fallback rows, sample identity was exposed although historical augmented bytes are not reproducible."
327bbc97071a289d511c,Soil_Labeled_Data/M_80_90/L_10_20/alluvial/z5716081732799_46a8abd72cd445d5fc7f7576562133ff_M_30_40_light_brown_M_40_50_light_brown_M_50_60_dark_brown_M_70_80_clay_red.jpg,f90218528afd41f8588ab1e0255295c520e51f73af67e0215882e3c78072a96f,test,HISTORICALLY_EXPOSED,True,True,"High-confidence fine-tune notebooks build one dataset from all 2057 rows. For fallback rows, sample identity was exposed although historical augmented bytes are not reproducible."
be50add79d3768dd3ad9,Soil_Labeled_Data/M_80_90/L_10_20/alluvial/z5716081741279_e6dcbcb3d2252e27194aab74ebc27762_M_30_40_pale_yellow_M_40_50_gray_brown_M_60_70_wet_gray.jpg,3ed6f3a3780218202592af4931ef6f2d26561e2d67d43883d28836cb36a522f0,test,HISTORICALLY_EXPOSED,True,True,"High-confidence fine-tune notebooks build one dataset from all 2057 rows. For fallback rows, sample identity was exposed although historical augmented bytes are not reproducible."
2dfcd049eb62a2c56b83,Soil_Labeled_Data/M_80_90/L_20_30/alluvial/IMG_0057_M_0_10_clayish_red_M_40_50_dark_brown_M_60_70_wet_gray.jpg,90676840001c318270f291fbb598cac6d4be12f982aa0704c760414702daa863,train,HISTORICALLY_EXPOSED,True,True,"High-confidence fine-tune notebooks build one dataset from all 2057 rows. For fallback rows, sample identity was exposed although historical augmented bytes are not reproducible."
dfba3eb0945dbbf4987e,Soil_Labeled_Data/M_80_90/L_20_30/alluvial/IMG_0061_M_0_10_pale_yellow_M_40_50_gray_brown_M_50_60_gray_brown_M_60_70_clay_red_M_70_80_wet_gray.jpg,36b1ec291ac017ed2b1afb8e63b7469c85ad8b2aacfe8db7b207dc53668889ec,test,HISTORICALLY_EXPOSED,True,True,"High-confidence fine-tune notebooks build one dataset from all 2057 rows. For fallback rows, sample identity was exposed although historical augmented bytes are not reproducible."
a67e36054f75419e3643,Soil_Labeled_Data/M_80_90/L_20_30/alluvial/IMG_0068_M_0_10_clayish_red_M_40_50_dark_brown_M_60_70_clay_red_M_70_80_wet_gray.jpg,0e63979a7674613aff3abf95962aea5fc0e08c432ec18eed6e646fa0c279c193,train,HISTORICALLY_EXPOSED,True,True,"High-confidence fine-tune notebooks build one dataset from all 2057 rows. For fallback rows, sample identity was exposed although historical augmented bytes are not reproducible."
ee00004aedd635cd5de7,Soil_Labeled_Data/M_80_90/L_20_30/alluvial/IMG_0499_M_10_20_gray_brown_M_40_50_gray_brown_M_50_60_dark_brown_M_60_70_dark_brown_M_70_80_wet_gray.jpg,75c133c9491489c37269b20ca14df4906d20c7dae52e6d76ec051a6c794ff0d8,validation,HISTORICALLY_EXPOSED,True,True,"High-confidence fine-tune notebooks build one dataset from all 2057 rows. For fallback rows, sample identity was exposed although historical augmented bytes are not reproducible."
06ea82c93aa036e1fc32,Soil_Labeled_Data/M_80_90/L_20_30/alluvial/IMG_0502_M_10_20_pale_yellow_M_40_50_gray_brown_M_60_70_clay_red_M_70_80_wet_gray.jpg,665a38f1507dba6015c78efdba38d11c420dafb954f6cce4c931965b41ee0c8d,test,HISTORICALLY_EXPOSED,True,True,"High-confidence fine-tune notebooks build one dataset from all 2057 rows. For fallback rows, sample identity was exposed although historical augmented bytes are not reproducible."
e4b8b32bab7dbd7f90ff,Soil_Labeled_Data/M_80_90/L_20_30/alluvial/IMG_0503_M_10_20_gray_brown_M_40_50_gray_brown_M_50_60_dark_brown_M_70_80_wet_gray.jpg,402043bd8807d7920293ed46d254b96406d1d1410dc938a7982aa655acee3b99,validation,HISTORICALLY_EXPOSED,True,True,"High-confidence fine-tune notebooks build one dataset from all 2057 rows. For fallback rows, sample identity was exposed although historical augmented bytes are not reproducible."
a7df4a4c69863e1e3283,Soil_Labeled_Data/M_80_90/L_20_30/alluvial/IMG_0504_M_10_20_pale_yellow_M_40_50_gray_brown_M_50_60_clay_red_M_70_80_clay_red.jpg,3d9c0283c3bb7a8977878d4fc904e1659af1fce640854869ec89ba4c65316407,train,HISTORICALLY_EXPOSED,True,True,"High-confidence fine-tune notebooks build one dataset from all 2057 rows. For fallback rows, sample identity was exposed although historical augmented bytes are not reproducible."
ea75ac4a510d4ca26ae6,Soil_Labeled_Data/M_80_90/L_20_30/alluvial/IMG_0506_M_10_20_pale_yellow_M_40_50_gray_brown_M_50_60_dark_brown_M_70_80_clay_red.jpg,95fba2efff12b534af67bb1acfb2cebc7ef1207bda18f6ed5cf1f1461681e0e7,test,HISTORICALLY_EXPOSED,True,True,"High-confidence fine-tune notebooks build one dataset from all 2057 rows. For fallback rows, sample identity was exposed although historical augmented bytes are not reproducible."
13150533955e991b4a1f,Soil_Labeled_Data/M_80_90/L_20_30/alluvial/IMG_0508_M_10_20_clayish_red_M_40_50_light_brown_M_50_60_dark_brown_M_70_80_clay_red.jpg,4cb5b837a0cb3759febe0a4be8ae1038164f655ee82f3c43ecbeb32bd5f4d80b,train,HISTORICALLY_EXPOSED,True,True,"High-confidence fine-tune notebooks build one dataset from all 2057 rows. For fallback rows, sample identity was exposed although historical augmented bytes are not reproducible."
1eadf6c7185562d312ff,Soil_Labeled_Data/M_80_90/L_20_30/alluvial/IMG_0509_M_10_20_pale_yellow_M_40_50_light_brown_M_50_60_dark_brown_M_60_70_clay_red_M_70_80_wet_gray.jpg,5471ab729303d279d0e83a5e30786b112e5820f1dc16ff2da67a0379b0bfc42f,train,HISTORICALLY_EXPOSED,True,True,"High-confidence fine-tune notebooks build one dataset from all 2057 rows. For fallback rows, sample identity was exposed although historical augmented bytes are not reproducible."
d68aa08f8a5eff2a9ea0,Soil_Labeled_Data/M_80_90/L_20_30/alluvial/IMG_0511_M_10_20_light_brown_M_40_50_light_brown_M_50_60_dark_brown_M_60_70_dark_brown_M_70_80_clay_red.jpg,2c6c2df7836fd2b926b4b7c4f05b49066507ffb38794412edef282f9dc0f851c,train,HISTORICALLY_EXPOSED,True,True,"High-confidence fine-tune notebooks build one dataset from all 2057 rows. For fallback rows, sample identity was exposed although historical augmented bytes are not reproducible."
7953dd630800e167e2ba,Soil_Labeled_Data/M_80_90/L_20_30/alluvial/IMG_0515_M_10_20_pale_yellow_M_40_50_light_brown_M_50_60_dark_brown_M_70_80_wet_gray.jpg,707b0d6585ec2eff3276afc73bc239e948b48b3c32997d19078065f090f0037f,train,HISTORICALLY_EXPOSED,True,True,"High-confidence fine-tune notebooks build one dataset from all 2057 rows. For fallback rows, sample identity was exposed although historical augmented bytes are not reproducible."
0ef14ef5a6b7a3e38c00,Soil_Labeled_Data/M_80_90/L_20_30/alluvial/z5716143848502_4bd0eba511c987674067e6093eb213b9_M_30_40_light_brown_M_50_60_clay_red_M_70_80_clay_red.jpg,1efae1a0fa23331595ac56ef0aa51d5e8d71443a8e3b55253fe604dd57d03b34,train,HISTORICALLY_EXPOSED,True,True,"High-confidence fine-tune notebooks build one dataset from all 2057 rows. For fallback rows, sample identity was exposed although historical augmented bytes are not reproducible."
cb464c07a28b652434cc,Soil_Labeled_Data/M_80_90/L_20_30/alluvial/z5716143884036_b02bdfc16942b9a4a8029ffa42d721fa_M_30_40_clayish_red_M_40_50_gray_brown_M_50_60_dark_brown_M_70_80_clay_red.jpg,453d50a18cea4d7360c81b159ed55cfae70525f89b2116c584c603518dfde70e,train,HISTORICALLY_EXPOSED,True,True,"High-confidence fine-tune notebooks build one dataset from all 2057 rows. For fallback rows, sample identity was exposed although historical augmented bytes are not reproducible."
cd855ceff04eb0486963,Soil_Labeled_Data/M_80_90/L_20_30/alluvial/z5716144007088_65d8f879404c93898e6edd0c266c6e0a_M_30_40_gray_brown_M_40_50_gray_brown_M_60_70_clay_red.jpg,da78a2703d2389408d7a94fccd89cd13c8887ee0911e2276cb8251cf33772def,test,HISTORICALLY_EXPOSED,True,True,"High-confidence fine-tune notebooks build one dataset from all 2057 rows. For fallback rows, sample identity was exposed although historical augmented bytes are not reproducible."
74aebc3bf0012054fbca,Soil_Labeled_Data/M_80_90/L_20_30/alluvial/z5716144132663_b70f7b9be95a4c936673e9107c9809f3_M_30_40_pale_yellow_M_40_50_gray_brown_M_50_60_clay_red_M_70_80_wet_gray.jpg,8646497328d1c41da70e1a1894b4b74a19c8d86ede908c754d29738dbbef417d,train,HISTORICALLY_EXPOSED,True,True,"High-confidence fine-tune notebooks build one dataset from all 2057 rows. For fallback rows, sample identity was exposed although historical augmented bytes are not reproducible."
cef7d486b74eadc7cfc4,Soil_Labeled_Data/M_80_90/L_20_30/alluvial/z5716144235764_fed4a8b02740ef64fdb95af4099f1336_M_30_40_gray_brown_M_50_60_gray_brown_M_60_70_clay_red.jpg,11ea54a9bfda09084eab141b43b290a797e253d57d7af057869092ed92ae1129,train,HISTORICALLY_EXPOSED,True,True,"High-confidence fine-tune notebooks build one dataset from all 2057 rows. For fallback rows, sample identity was exposed although historical augmented bytes are not reproducible."
7baa128ff3439ec4228f,Soil_Labeled_Data/M_80_90/L_20_30/alluvial/z5716144343565_fe3feda6ee16a0a7640958a11ec6f6ea_M_30_40_light_brown_M_50_60_dark_brown_M_60_70_wet_gray.jpg,e36d1d39bb7f9f8284ff61b3bb180f55bf0673c50591443df10faac58c8ffd22,train,HISTORICALLY_EXPOSED,True,True,"High-confidence fine-tune notebooks build one dataset from all 2057 rows. For fallback rows, sample identity was exposed although historical augmented bytes are not reproducible."
5135af51a975dfa6cfa2,Soil_Labeled_Data/M_80_90/L_20_30/alluvial/z5716144366625_bc3324d4901d90171755a8afaa56411d_M_30_40_clayish_red_M_40_50_gray_brown_M_60_70_clay_red_M_70_80_clay_red.jpg,64446ccbfc192a8799217371a47f1bdd43767026474ee1a487faecba291e30d8,test,HISTORICALLY_EXPOSED,True,True,"High-confidence fine-tune notebooks build one dataset from all 2057 rows. For fallback rows, sample identity was exposed although historical augmented bytes are not reproducible."
75da3ae8d5cd5abcd487,Soil_Labeled_Data/M_80_90/L_20_30/alluvial/z5716144366625_bc3324d4901d90171755a8afaa56411d_M_30_40_pale_yellow_M_40_50_gray_brown_M_50_60_gray_brown_M_60_70_clay_red.jpg,6829a5b712a1672909163e3b4bc68da0e61bbd024ff11ba71e78fadac7da7571,train,HISTORICALLY_EXPOSED,True,True,"High-confidence fine-tune notebooks build one dataset from all 2057 rows. For fallback rows, sample identity was exposed although historical augmented bytes are not reproducible."
7d143b4818b4c807459f,Soil_Labeled_Data/M_80_90/L_30_40/alluvial/IMG_0096_M_0_10_light_brown_M_40_50_light_brown_M_50_60_dark_brown_M_60_70_wet_gray.jpg,db8f7b6ddab051e02a0a3403879800ebd1ad2365f2ded2cc4024b5c5aa591889,train,HISTORICALLY_EXPOSED,True,True,"High-confidence fine-tune notebooks build one dataset from all 2057 rows. For fallback rows, sample identity was exposed although historical augmented bytes are not reproducible."
21e380aa7982c3965c6a,Soil_Labeled_Data/M_80_90/L_30_40/alluvial/IMG_0097_M_0_10_gray_brown_M_40_50_gray_brown_M_50_60_dark_brown_M_60_70_clay_red.jpg,e704382d649372fbf0ca7e1f571de00cb35565fc32fc58862bb1325f48b89464,train,HISTORICALLY_EXPOSED,True,True,"High-confidence fine-tune notebooks build one dataset from all 2057 rows. For fallback rows, sample identity was exposed although historical augmented bytes are not reproducible."
f216a7e86d426c6833f1,Soil_Labeled_Data/M_80_90/L_30_40/alluvial/IMG_0098_M_0_10_pale_yellow_M_40_50_gray_brown_M_50_60_dark_brown_M_60_70_clay_red.jpg,06623193d3befc0db03f1c7fa9d247308b6690f96d8249b312fb30387329d634,train,HISTORICALLY_EXPOSED,True,True,"High-confidence fine-tune notebooks build one dataset from all 2057 rows. For fallback rows, sample identity was exposed although historical augmented bytes are not reproducible."
fa71967386ea7e3f26db,Soil_Labeled_Data/M_80_90/L_30_40/alluvial/IMG_0106_M_0_10_clayish_red_M_40_50_gray_brown_M_60_70_clay_red_M_70_80_clay_red.jpg,3fd5438bd1863c118871c11f1aa81ff40e12a4558ba5fb6e12fa33365a423465,train,HISTORICALLY_EXPOSED,True,True,"High-confidence fine-tune notebooks build one dataset from all 2057 rows. For fallback rows, sample identity was exposed although historical augmented bytes are not reproducible."
644f3f34816f96b4ee5c,Soil_Labeled_Data/M_80_90/L_30_40/alluvial/IMG_0542_M_10_20_gray_brown_M_40_50_gray_brown_M_50_60_dark_brown_M_60_70_wet_gray.jpg,f7a124055ccc55c31010457c5a6a7cf46a456cfeafc532b2dc64c1a214c4dce1,test,HISTORICALLY_EXPOSED,True,True,"High-confidence fine-tune notebooks build one dataset from all 2057 rows. For fallback rows, sample identity was exposed although historical augmented bytes are not reproducible."
51d34d642548971e995a,Soil_Labeled_Data/M_80_90/L_30_40/alluvial/IMG_0543_M_10_20_light_brown_M_40_50_gray_brown_M_50_60_clay_red_M_70_80_clay_red.jpg,4eb1e978338c78d246ca9c2067bbd69166da8d36f12f6b53a5f17ad474cb8e7b,train,HISTORICALLY_EXPOSED,True,True,"High-confidence fine-tune notebooks build one dataset from all 2057 rows. For fallback rows, sample identity was exposed although historical augmented bytes are not reproducible."
6badff0b0a840ecee969,Soil_Labeled_Data/M_80_90/L_30_40/alluvial/IMG_0547_M_10_20_clayish_red_M_40_50_dark_brown_M_60_70_dark_brown_M_70_80_wet_gray.jpg,f1e1cd3f257afa0e95c39995e27d31f05c44b6607c44aa9772252127aed48727,train,HISTORICALLY_EXPOSED,True,True,"High-confidence fine-tune notebooks build one dataset from all 2057 rows. For fallback rows, sample identity was exposed although historical augmented bytes are not reproducible."
02e2c0222eb41cc5ceee,Soil_Labeled_Data/M_80_90/L_30_40/alluvial/IMG_0551_M_10_20_light_brown_M_40_50_gray_brown_M_50_60_dark_brown_M_60_70_clay_red.jpg,fba740dbaa7bed847373a0f6222032614076934319a13383b923e016f45d3980,validation,HISTORICALLY_EXPOSED,True,True,"High-confidence fine-tune notebooks build one dataset from all 2057 rows. For fallback rows, sample identity was exposed although historical augmented bytes are not reproducible."
656c03448e3a1b3d0f8f,Soil_Labeled_Data/M_80_90/L_30_40/alluvial/IMG_0552_M_10_20_light_brown_M_40_50_gray_brown_M_60_70_dark_brown_M_70_80_wet_gray.jpg,07f81629589138ccb0865086b002373db4cde2d321ac6589bd8bd198b1f01f3b,test,HISTORICALLY_EXPOSED,True,True,"High-confidence fine-tune notebooks build one dataset from all 2057 rows. For fallback rows, sample identity was exposed although historical augmented bytes are not reproducible."
67289d8ffcbae39890f9,Soil_Labeled_Data/M_80_90/L_30_40/alluvial/IMG_0557_M_10_20_pale_yellow_M_40_50_light_brown_M_50_60_gray_brown_M_60_70_clay_red.jpg,96d0575f5012ffccf16d395d53da812a39f262a4c836d6940cc303944596f2ee,train,HISTORICALLY_EXPOSED,True,True,"High-confidence fine-tune notebooks build one dataset from all 2057 rows. For fallback rows, sample identity was exposed although historical augmented bytes are not reproducible."
d2ac6ef890b35819f1d6,Soil_Labeled_Data/M_80_90/L_30_40/alluvial/IMG_0558_M_10_20_light_brown_M_40_50_light_brown_M_50_60_clay_red_M_70_80_clay_red.jpg,a2350befaebfdf64f711f876ea2a143fc60af37ffdf7ddbcf02905b1041f11de,train,HISTORICALLY_EXPOSED,True,True,"High-confidence fine-tune notebooks build one dataset from all 2057 rows. For fallback rows, sample identity was exposed although historical augmented bytes are not reproducible."
a163921a0b3ba94ebad7,Soil_Labeled_Data/M_80_90/L_30_40/alluvial/IMG_0559_M_10_20_pale_yellow_M_40_50_gray_brown_M_50_60_gray_brown_M_60_70_wet_gray.jpg,7a4bdac3ccf14979fc3d4cac0ad4f6e3fe56efca4dc3e4d38609c2195d9bbe01,test,HISTORICALLY_EXPOSED,True,True,"High-confidence fine-tune notebooks build one dataset from all 2057 rows. For fallback rows, sample identity was exposed although historical augmented bytes are not reproducible."
946b4d03690ecca2088b,Soil_Labeled_Data/M_80_90/L_30_40/alluvial/IMG_0560_M_10_20_pale_yellow_M_40_50_dark_brown_M_60_70_wet_gray.jpg,bbbeb99822617d92d2d5814ead2b3adaf2bfe1c4edfaa247bc57ab4c1847e0b7,train,HISTORICALLY_EXPOSED,True,True,"High-confidence fine-tune notebooks build one dataset from all 2057 rows. For fallback rows, sample identity was exposed although historical augmented bytes are not reproducible."
90b76bdee48617b45763,Soil_Labeled_Data/M_80_90/L_30_40/alluvial/IMG_0560_M_10_20_pale_yellow_M_40_50_light_brown_M_50_60_dark_brown_M_70_80_clay_red.jpg,4eb79fae515df96b5e25ce0531445bd52d6d62f1f61bf391216e23645d85015b,train,HISTORICALLY_EXPOSED,True,True,"High-confidence fine-tune notebooks build one dataset from all 2057 rows. For fallback rows, sample identity was exposed although historical augmented bytes are not reproducible."
d98e488a5b3afe899528,Soil_Labeled_Data/M_80_90/L_30_40/alluvial/IMG_0561_M_10_20_light_brown_M_40_50_dark_brown_M_60_70_clay_red.jpg,2d89a9b14e431ba348125f3c9904bd8bd6cd4dd23e238932edc3532b8cb6524a,train,HISTORICALLY_EXPOSED,True,True,"High-confidence fine-tune notebooks build one dataset from all 2057 rows. For fallback rows, sample identity was exposed although historical augmented bytes are not reproducible."
58741571eb4953809377,Soil_Labeled_Data/M_80_90/L_30_40/alluvial/z5716113532944_e24b5c26485417eddb8588efca3eea1f_M_30_40_light_brown_M_40_50_gray_brown_M_60_70_dark_brown_M_70_80_clay_red.jpg,83547d17832d124ba600d7507270a2e1e91f5379a1bb7a9e73bd8dbae593fc7e,train,HISTORICALLY_EXPOSED,True,True,"High-confidence fine-tune notebooks build one dataset from all 2057 rows. For fallback rows, sample identity was exposed although historical augmented bytes are not reproducible."
7e535fa1a0ff059aa68a,Soil_Labeled_Data/M_80_90/L_30_40/alluvial/z5716113582590_c1f59f1cd35db605de2ac5249cd439b0_M_30_40_light_brown_M_40_50_gray_brown_M_50_60_dark_brown_M_70_80_clay_red.jpg,338c52be895fd6b157fdad0fd7e6acb9910133437d8927cbfc653db5a9f1a3ce,validation,HISTORICALLY_EXPOSED,True,True,"High-confidence fine-tune notebooks build one dataset from all 2057 rows. For fallback rows, sample identity was exposed although historical augmented bytes are not reproducible."
629d661a71906271742d,Soil_Labeled_Data/M_80_90/L_30_40/alluvial/z5716113632942_5f926ef109e13eb9a864102d6cae87cc_M_30_40_gray_brown_M_40_50_gray_brown_M_60_70_clay_red.jpg,420013a2988cbfd33add195a1956e01a6287218a88a2fc97406474512488be73,train,HISTORICALLY_EXPOSED,True,True,"High-confidence fine-tune notebooks build one dataset from all 2057 rows. For fallback rows, sample identity was exposed although historical augmented bytes are not reproducible."
19dded14f8c61a3958bb,Soil_Labeled_Data/M_80_90/L_30_40/alluvial/z5716113728055_dd08551aa6ea83b557da7365c80ea990_M_30_40_pale_yellow_M_40_50_gray_brown_M_60_70_dark_brown_M_70_80_clay_red.jpg,ba7cc6818076373d745880d0794ba5e911777ed15c88998bd4a00d1ec310e33b,validation,HISTORICALLY_EXPOSED,True,True,"High-confidence fine-tune notebooks build one dataset from all 2057 rows. For fallback rows, sample identity was exposed although historical augmented bytes are not reproducible."
16a3814a89916897f963,Soil_Labeled_Data/M_80_90/L_30_40/alluvial/z5716113879850_447b9ea1dd28b71c4c2a3579561cee3f_M_30_40_light_brown_M_40_50_gray_brown_M_60_70_dark_brown_M_70_80_wet_gray.jpg,dce435e3e659220c8744c919c083c7f1f8f2dab0c607383b5ebca52ce8746741,train,HISTORICALLY_EXPOSED,True,True,"High-confidence fine-tune notebooks build one dataset from all 2057 rows. For fallback rows, sample identity was exposed although historical augmented bytes are not reproducible."
4eac3a7bbddb92a419cf,Soil_Labeled_Data/M_80_90/L_40_50/alluvial/IMG_0159_M_0_10_clayish_red_M_40_50_dark_brown_M_60_70_dark_brown_M_70_80_clay_red.jpg,90578a8fcf7b1de21e751b9efb48134d7713978b42eb5b52f1d58ef950996d1e,train,HISTORICALLY_EXPOSED,False,True,"High-confidence fine-tune notebooks build one dataset from all 2057 rows. For fallback rows, sample identity was exposed although historical augmented bytes are not reproducible."
e00dc335ccdde17746b1,Soil_Labeled_Data/M_80_90/L_40_50/alluvial/IMG_0162_M_0_10_gray_brown_M_40_50_gray_brown_M_60_70_clay_red.jpg,201dd7964ba67fb5af3e5194758227b50230d9d764f406bec86398eafdadca0d,train,HISTORICALLY_EXPOSED,True,True,"High-confidence fine-tune notebooks build one dataset from all 2057 rows. For fallback rows, sample identity was exposed although historical augmented bytes are not reproducible."
e95b8bbb8d1d2bf91f18,Soil_Labeled_Data/M_80_90/L_40_50/alluvial/IMG_0162_M_0_10_gray_brown_M_40_50_light_brown_M_50_60_gray_brown_M_60_70_wet_gray.jpg,542cedc87cab540185567cfa25d6be17389b2486ee5b825f4634e8db9ca899b8,train,HISTORICALLY_EXPOSED,True,True,"High-confidence fine-tune notebooks build one dataset from all 2057 rows. For fallback rows, sample identity was exposed although historical augmented bytes are not reproducible."
18dd2c07f4ab5eb54d02,Soil_Labeled_Data/M_80_90/L_40_50/alluvial/IMG_0168_M_0_10_pale_yellow_M_40_50_gray_brown_M_60_70_clay_red.jpg,6f30efa04b5a03ede192bd090a78b7d7f562af5dad16d884e98be0f72de0bdfa,validation,HISTORICALLY_EXPOSED,True,True,"High-confidence fine-tune notebooks build one dataset from all 2057 rows. For fallback rows, sample identity was exposed although historical augmented bytes are not reproducible."
ffc3ea83d9595d465127,Soil_Labeled_Data/M_80_90/L_40_50/alluvial/IMG_0170_M_0_10_light_brown_M_40_50_light_brown_M_50_60_gray_brown_M_60_70_clay_red.jpg,10c3ea4f39a17d7fdf7052b2dc5784e6bf9bd9a46619cc6d5aef6ac81a1a1ff8,train,HISTORICALLY_EXPOSED,True,True,"High-confidence fine-tune notebooks build one dataset from all 2057 rows. For fallback rows, sample identity was exposed although historical augmented bytes are not reproducible."
32fffa86388353c5292d,Soil_Labeled_Data/M_80_90/L_40_50/alluvial/IMG_0590_M_10_20_pale_yellow_M_40_50_gray_brown_M_50_60_dark_brown_M_60_70_clay_red.jpg,0ccdcf37cfed1691ed96bb2eb4850626387e5fa6bdedffe707d2df6ca92db685,train,HISTORICALLY_EXPOSED,True,True,"High-confidence fine-tune notebooks build one dataset from all 2057 rows. For fallback rows, sample identity was exposed although historical augmented bytes are not reproducible."
26349b48a061d4b80973,Soil_Labeled_Data/M_80_90/L_40_50/alluvial/IMG_0591_M_10_20_gray_brown_M_40_50_dark_brown_M_60_70_dark_brown_M_70_80_clay_red.jpg,4cfa632ce81aa3716085d6d6e4d1ba35883fbe520bef5334570793a3a943195b,train,HISTORICALLY_EXPOSED,True,True,"High-confidence fine-tune notebooks build one dataset from all 2057 rows. For fallback rows, sample identity was exposed although historical augmented bytes are not reproducible."
b8e4728520cf4db3d0f0,Soil_Labeled_Data/M_80_90/L_40_50/alluvial/IMG_0591_M_10_20_gray_brown_M_40_50_light_brown_M_50_60_dark_brown_M_60_70_wet_gray.jpg,984c235425ee3867e616f9a7fbb26327ef47226540055319a326875046ba24b2,train,HISTORICALLY_EXPOSED,True,True,"High-confidence fine-tune notebooks build one dataset from all 2057 rows. For fallback rows, sample identity was exposed although historical augmented bytes are not reproducible."
aed795ad17b5f4ddeb61,Soil_Labeled_Data/M_80_90/L_40_50/alluvial/IMG_0595_M_10_20_gray_brown_M_40_50_light_brown_M_50_60_dark_brown_M_70_80_wet_gray.jpg,6aca0b6e18f6deb56a362649ca2431b834e41b98aec5861ba93b0548a8ad82e9,train,HISTORICALLY_EXPOSED,True,True,"High-confidence fine-tune notebooks build one dataset from all 2057 rows. For fallback rows, sample identity was exposed although historical augmented bytes are not reproducible."
9e6109981daee2b1be5f,Soil_Labeled_Data/M_80_90/L_40_50/alluvial/IMG_0598_M_10_20_light_brown_M_40_50_gray_brown_M_50_60_clay_red_M_70_80_clay_red.jpg,996be9d74966d7ba855392f5b78480464d95364f422780aa5815dbd93ce1ada7,train,HISTORICALLY_EXPOSED,True,True,"High-confidence fine-tune notebooks build one dataset from all 2057 rows. For fallback rows, sample identity was exposed although historical augmented bytes are not reproducible."
18cc66d0e052db5112bb,Soil_Labeled_Data/M_80_90/L_40_50/alluvial/z5719914753588_0c56217f338c6ce291955ae9b10cce77_M_30_40_clayish_red_M_40_50_gray_brown_M_50_60_dark_brown_M_60_70_wet_gray.jpg,7f84252e0c8c2cd0272747c5388d76596599d0bde2e8f443eae3056449804bf6,validation,HISTORICALLY_EXPOSED,True,True,"High-confidence fine-tune notebooks build one dataset from all 2057 rows. For fallback rows, sample identity was exposed although historical augmented bytes are not reproducible."
85009ec67e18c92e764d,Soil_Labeled_Data/M_80_90/L_40_50/alluvial/z5719914753588_0c56217f338c6ce291955ae9b10cce77_M_30_40_gray_brown_M_50_60_gray_brown_M_60_70_clay_red.jpg,e8fa927a1087e2d26a3102b9c5c16d06348504c4401e0cc361f0a4305fafbf3b,validation,HISTORICALLY_EXPOSED,True,True,"High-confidence fine-tune notebooks build one dataset from all 2057 rows. For fallback rows, sample identity was exposed although historical augmented bytes are not reproducible."
afd2b6e8e887bc799f6f,Soil_Labeled_Data/M_80_90/L_40_50/alluvial/z5719914924505_76c1acb4c3a03965a67149c70566e117_M_30_40_clayish_red_M_40_50_gray_brown_M_60_70_clay_red.jpg,dbb5e0d6c514a2f6c4baca78d583ae7cb085a44fee5223b1f125fc7ce6a3300f,train,HISTORICALLY_EXPOSED,True,True,"High-confidence fine-tune notebooks build one dataset from all 2057 rows. For fallback rows, sample identity was exposed although historical augmented bytes are not reproducible."
4d43984caa6591e817db,Soil_Labeled_Data/M_80_90/L_40_50/alluvial/z5719914924505_76c1acb4c3a03965a67149c70566e117_M_30_40_light_brown_M_50_60_dark_brown_M_60_70_clay_red.jpg,ad3c28b9d8d80d8ba988b844f22e71b483e37a85bc018e3d2c65efd9e1a12bac,train,HISTORICALLY_EXPOSED,True,True,"High-confidence fine-tune notebooks build one dataset from all 2057 rows. For fallback rows, sample identity was exposed although historical augmented bytes are not reproducible."
05bcb80e727b7280d039,Soil_Labeled_Data/M_80_90/L_40_50/alluvial/z5719914960624_6e7d01c6f99d68c85a781306a1116111_M_30_40_clayish_red_M_40_50_gray_brown_M_60_70_clay_red.jpg,64dd8e5b6f0f332df9b30b93d7caa80cc9af0c55e96a637c1aa441634755621a,test,HISTORICALLY_EXPOSED,True,True,"High-confidence fine-tune notebooks build one dataset from all 2057 rows. For fallback rows, sample identity was exposed although historical augmented bytes are not reproducible."
9e80c953cd56dd56dfbe,Soil_Labeled_Data/M_80_90/L_40_50/alluvial/z5719915050807_883061f62d1ba096fe786e33783493ac_M_30_40_light_brown_M_40_50_light_brown_M_50_60_clay_red_M_70_80_clay_red.jpg,09c5ed917e4b1f7d60efea64e4982ee27c5a9a9c48d8414ae16c8fb09610b914,train,HISTORICALLY_EXPOSED,True,True,"High-confidence fine-tune notebooks build one dataset from all 2057 rows. For fallback rows, sample identity was exposed although historical augmented bytes are not reproducible."
a638239c142965fa3d58,Soil_Labeled_Data/M_80_90/L_40_50/alluvial/z5719915064697_6860e93b3637879e75266a9cab0b000e_M_30_40_light_brown_M_40_50_light_brown_M_50_60_dark_brown_M_60_70_wet_gray.jpg,9264e91b9938eef592611b3aec78443b45a165aa116463aa999f7930830f75d9,train,HISTORICALLY_EXPOSED,True,True,"High-confidence fine-tune notebooks build one dataset from all 2057 rows. For fallback rows, sample identity was exposed although historical augmented bytes are not reproducible."
244c2e03ae081970fe0b,Soil_Labeled_Data/M_80_90/L_40_50/alluvial/z5719915064697_6860e93b3637879e75266a9cab0b000e_M_30_40_light_brown_M_50_60_clay_red_M_70_80_wet_gray.jpg,af0de8623ac54bdc6b3b8284820766a54beffe9b1daa58c5b62ccfc089cc973a,train,HISTORICALLY_EXPOSED,True,True,"High-confidence fine-tune notebooks build one dataset from all 2057 rows. For fallback rows, sample identity was exposed although historical augmented bytes are not reproducible."
7b85defed2a472fed109,Soil_Labeled_Data/M_80_90/L_40_50/alluvial/z5719915131240_b52c7f068d1abd26f05cb78e3e3ad74c_M_30_40_gray_brown_M_40_50_dark_brown_M_60_70_clay_red_M_70_80_clay_red.jpg,10182b884299d899f5eaf228e8beb28f48224d7c1c7b3a7e31eb010cdb72f78e,train,HISTORICALLY_EXPOSED,True,True,"High-confidence fine-tune notebooks build one dataset from all 2057 rows. For fallback rows, sample identity was exposed although historical augmented bytes are not reproducible."
52432c7a269579afdbde,Soil_Labeled_Data/M_80_90/L_40_50/alluvial/z5719915191781_9fbc3215a4e768d8a242c9aae23d78e3_M_30_40_gray_brown_M_40_50_light_brown_M_50_60_gray_brown_M_60_70_clay_red_M_70_80_wet_gray.jpg,57b3080fb1618f2429621291589aefe9fc4be7a6f9c5394d64022c4430f797f0,train,HISTORICALLY_EXPOSED,True,True,"High-confidence fine-tune notebooks build one dataset from all 2057 rows. For fallback rows, sample identity was exposed although historical augmented bytes are not reproducible."
c2d580a1b6e695ad1b34,Soil_Labeled_Data/M_80_90/L_50_60/alluvial/IMG_0196_M_0_10_clayish_red_M_40_50_light_brown_M_50_60_dark_brown_M_70_80_wet_gray.jpg,3c024f52f5c84110cd0d7cc9633494fdcd029a162b022446363bfc1703f7b546,train,HISTORICALLY_EXPOSED,False,True,"High-confidence fine-tune notebooks build one dataset from all 2057 rows. For fallback rows, sample identity was exposed although historical augmented bytes are not reproducible."
2d972a6aaa589f6899dc,Soil_Labeled_Data/M_80_90/L_50_60/alluvial/IMG_0196_M_0_10_light_brown_M_40_50_gray_brown_M_50_60_clay_red_M_70_80_wet_gray.jpg,ce6a621168d77ebd609f2c616b99bd731af5999fa97182cb4449fe6c1299a29e,train,HISTORICALLY_EXPOSED,False,True,"High-confidence fine-tune notebooks build one dataset from all 2057 rows. For fallback rows, sample identity was exposed although historical augmented bytes are not reproducible."
5becfdf70cd47e10411c,Soil_Labeled_Data/M_80_90/L_50_60/alluvial/IMG_0198_M_0_10_clayish_red_M_40_50_dark_brown_M_60_70_dark_brown_M_70_80_wet_gray.jpg,311744f4afa851c04d53d646e687c70248b494e1187fe1f9bbc895adecde5ebb,train,HISTORICALLY_EXPOSED,True,True,"High-confidence fine-tune notebooks build one dataset from all 2057 rows. For fallback rows, sample identity was exposed although historical augmented bytes are not reproducible."
4fc420ecf9dd57b04df2,Soil_Labeled_Data/M_80_90/L_50_60/alluvial/IMG_0198_M_0_10_pale_yellow_M_40_50_dark_brown_M_60_70_wet_gray.jpg,4790c12158512c7278aa56dedc4c1113d482b26f4cf2007525172309371ab1be,train,HISTORICALLY_EXPOSED,False,True,"High-confidence fine-tune notebooks build one dataset from all 2057 rows. For fallback rows, sample identity was exposed although historical augmented bytes are not reproducible."
da67f702a9a999335fbc,Soil_Labeled_Data/M_80_90/L_50_60/alluvial/IMG_0203_M_0_10_pale_yellow_M_40_50_dark_brown_M_60_70_clay_red_M_70_80_wet_gray.jpg,760fb7f1778ae2195b9917b2455a1d2ffc0a42281293239022557d4d2a659be8,train,HISTORICALLY_EXPOSED,True,True,"High-confidence fine-tune notebooks build one dataset from all 2057 rows. For fallback rows, sample identity was exposed although historical augmented bytes are not reproducible."
b5ccd0db7a217b9c2c18,Soil_Labeled_Data/M_80_90/L_50_60/alluvial/IMG_0204_M_0_10_pale_yellow_M_40_50_gray_brown_M_60_70_clay_red.jpg,3b21ca6b62c6fdcf38eb5d28c96b7dfb1c16d670c85d0743dc85d84bffadf354,train,HISTORICALLY_EXPOSED,True,True,"High-confidence fine-tune notebooks build one dataset from all 2057 rows. For fallback rows, sample identity was exposed although historical augmented bytes are not reproducible."
cee29b1581a5f5af0db4,Soil_Labeled_Data/M_80_90/L_50_60/alluvial/IMG_0208_M_0_10_light_brown_M_40_50_gray_brown_M_50_60_dark_brown_M_70_80_wet_gray.jpg,15d9d3d4a5b77bfdb699b7799daa61bc32a4d1194c83e4ad1dc2bdcf6d672464,train,HISTORICALLY_EXPOSED,True,True,"High-confidence fine-tune notebooks build one dataset from all 2057 rows. For fallback rows, sample identity was exposed although historical augmented bytes are not reproducible."
8aed5facb506c5f1dcb3,Soil_Labeled_Data/M_80_90/L_50_60/alluvial/IMG_0210_M_0_10_pale_yellow_M_40_50_gray_brown_M_50_60_dark_brown_M_70_80_clay_red.jpg,dcd440afa94f846e75c1a1420e72c330c36cde671acfa2559bef095fa52c4dcb,train,HISTORICALLY_EXPOSED,True,True,"High-confidence fine-tune notebooks build one dataset from all 2057 rows. For fallback rows, sample identity was exposed although historical augmented bytes are not reproducible."
31f873d58a6341344dcc,Soil_Labeled_Data/M_80_90/L_50_60/alluvial/IMG_0212_M_0_10_light_brown_M_40_50_dark_brown_M_60_70_clay_red.jpg,6e36c56991e5fed83ccd2d09f56073f7590d94e40bd787603b984158366199b8,train,HISTORICALLY_EXPOSED,False,True,"High-confidence fine-tune notebooks build one dataset from all 2057 rows. For fallback rows, sample identity was exposed although historical augmented bytes are not reproducible."
86bc9527fbd4a310c2d4,Soil_Labeled_Data/M_80_90/L_50_60/alluvial/IMG_0627_M_10_20_clayish_red_M_40_50_gray_brown_M_50_60_gray_brown_M_60_70_clay_red_M_70_80_wet_gray.jpg,b57a7562e243eac82728e6be5bddcf92343acbbe7da77f1a4707d1ef49bfd3fe,train,HISTORICALLY_EXPOSED,True,True,"High-confidence fine-tune notebooks build one dataset from all 2057 rows. For fallback rows, sample identity was exposed although historical augmented bytes are not reproducible."
c019695d09285330fdcd,Soil_Labeled_Data/M_80_90/L_50_60/alluvial/IMG_0631_M_10_20_light_brown_M_40_50_light_brown_M_50_60_dark_brown_M_70_80_clay_red.jpg,a5c4c4305961ba6c5fcd73a36c7cd50e694d0dd024f24650fc2e62abcebf5c07,train,HISTORICALLY_EXPOSED,True,True,"High-confidence fine-tune notebooks build one dataset from all 2057 rows. For fallback rows, sample identity was exposed although historical augmented bytes are not reproducible."
063729ed630dd112ee03,Soil_Labeled_Data/M_80_90/L_50_60/alluvial/z5719945203482_fc59f3ebb2c9d5959ab183cf1300e674_M_30_40_clayish_red_M_40_50_light_brown_M_50_60_dark_brown_M_60_70_wet_gray.jpg,7c070b27266a039262e95290d05755f36f0b108b05495862e9412205c553098a,train,HISTORICALLY_EXPOSED,True,True,"High-confidence fine-tune notebooks build one dataset from all 2057 rows. For fallback rows, sample identity was exposed although historical augmented bytes are not reproducible."
cf027fd5fff71fba578d,Soil_Labeled_Data/M_80_90/L_50_60/alluvial/z5719945326572_38e3e733446eabe3bf00850bf73883e0_M_30_40_light_brown_M_50_60_clay_red_M_70_80_wet_gray.jpg,39fd273e6712f69dafb464b420945c2ca69aa2d0642c871d918a67c1acacfa81,train,HISTORICALLY_EXPOSED,True,True,"High-confidence fine-tune notebooks build one dataset from all 2057 rows. For fallback rows, sample identity was exposed although historical augmented bytes are not reproducible."
da0cc804db4470e05bcd,Soil_Labeled_Data/M_80_90/L_50_60/alluvial/z5719945372269_2a3fa83b9d92ccaa70da062eccace05c_M_30_40_gray_brown_M_50_60_dark_brown_M_70_80_clay_red.jpg,bf29aaa0bcde6d959974cc2aeaf0fb19c055b54335dd9d385cd0956756263339,train,HISTORICALLY_EXPOSED,True,True,"High-confidence fine-tune notebooks build one dataset from all 2057 rows. For fallback rows, sample identity was exposed although historical augmented bytes are not reproducible."
4c3d2012109566aa0999,Soil_Labeled_Data/M_80_90/L_50_60/alluvial/z5719945410375_d68840a29b4222519ffac084ea8cf065_M_30_40_light_brown_M_50_60_dark_brown_M_60_70_wet_gray.jpg,526081b31facf607a91944af0a88676b2760fe0505b085c80d9c225408b7049f,train,HISTORICALLY_EXPOSED,True,True,"High-confidence fine-tune notebooks build one dataset from all 2057 rows. For fallback rows, sample identity was exposed although historical augmented bytes are not reproducible."
3598dd144fcaa55f7d4d,Soil_Labeled_Data/M_80_90/L_50_60/alluvial/z5719945422897_e85f1f456697f2e20bc5401bb55ec951_M_30_40_gray_brown_M_40_50_gray_brown_M_50_60_dark_brown_M_60_70_clay_red_M_70_80_clay_red.jpg,09628187eeb3cd06d3baf310811a2cd8c98f9aa39d41c8d7431fd8a6fa6e350d,train,HISTORICALLY_EXPOSED,True,True,"High-confidence fine-tune notebooks build one dataset from all 2057 rows. For fallback rows, sample identity was exposed although historical augmented bytes are not reproducible."
ebfeecc2071c53e8323c,Soil_Labeled_Data/M_80_90/L_50_60/alluvial/z5719945422897_e85f1f456697f2e20bc5401bb55ec951_M_30_40_light_brown_M_40_50_gray_brown_M_50_60_dark_brown_M_60_70_wet_gray.jpg,a70c54282cb21090184b26a70ced8b7d1b878c4635c844ef704a90229c27362c,train,HISTORICALLY_EXPOSED,True,True,"High-confidence fine-tune notebooks build one dataset from all 2057 rows. For fallback rows, sample identity was exposed although historical augmented bytes are not reproducible."
1eee14a7f70ae9a15ad6,Soil_Labeled_Data/M_80_90/L_50_60/alluvial/z5719945442394_074f397072a0e21797e33be6440ab366_M_30_40_gray_brown_M_50_60_gray_brown_M_60_70_clay_red.jpg,e9f7e6d79595d3b4c9e076f9a17a4de404d76cf2cc9aaf4a7b3500c9ecba6ddd,train,HISTORICALLY_EXPOSED,True,True,"High-confidence fine-tune notebooks build one dataset from all 2057 rows. For fallback rows, sample identity was exposed although historical augmented bytes are not reproducible."
1930cef15785bb289644,Soil_Labeled_Data/M_80_90/L_50_60/alluvial/z5719945465403_eef403001195b9d5de6375b6fe2e3628_M_30_40_pale_yellow_M_40_50_light_brown_M_50_60_clay_red_M_70_80_wet_gray.jpg,05bf3105b7bfaab9a9e814e8bb1ea7834c3863858b98c3993b286b3c903dcab5,train,HISTORICALLY_EXPOSED,True,True,"High-confidence fine-tune notebooks build one dataset from all 2057 rows. For fallback rows, sample identity was exposed although historical augmented bytes are not reproducible."
0d1d85303f20c92c4364,Soil_Labeled_Data/M_80_90/L_50_60/alluvial/z5719945494405_a556366a429daf9a78448e62806f33bb_M_30_40_gray_brown_M_40_50_gray_brown_M_60_70_clay_red_M_70_80_wet_gray.jpg,c47f1286955e7aae5a2cbd994da5a4d25d0fb17dd9dc0f53099f3d97926b4256,train,HISTORICALLY_EXPOSED,True,True,"High-confidence fine-tune notebooks build one dataset from all 2057 rows. For fallback rows, sample identity was exposed although historical augmented bytes are not reproducible."
beba36a59829c8a12017,Soil_Labeled_Data/M_80_90/L_60_70/alluvial/IMG_0240_M_0_10_light_brown_M_40_50_light_brown_M_50_60_dark_brown_M_60_70_clay_red.jpg,aa500d9e1de1417d77fc193b3fc445bf0841190e14183eb964538f5dc77a407d,train,HISTORICALLY_EXPOSED,False,True,"High-confidence fine-tune notebooks build one dataset from all 2057 rows. For fallback rows, sample identity was exposed although historical augmented bytes are not reproducible."
5ca26a109c6ee0cca749,Soil_Labeled_Data/M_80_90/L_60_70/alluvial/IMG_0240_M_0_10_pale_yellow_M_40_50_gray_brown_M_50_60_dark_brown_M_70_80_clay_red.jpg,c41efc4fc4f43984d73fa48fff835cab2c3fd29832eede3b8cde4e325db62e3c,train,HISTORICALLY_EXPOSED,False,True,"High-confidence fine-tune notebooks build one dataset from all 2057 rows. For fallback rows, sample identity was exposed although historical augmented bytes are not reproducible."
461456e0c8378f67eee7,Soil_Labeled_Data/M_80_90/L_60_70/alluvial/IMG_0242_M_0_10_clayish_red_M_40_50_light_brown_M_50_60_gray_brown_M_60_70_clay_red.jpg,712ef2d1c1639f4e6a3ed88f42eac59da5438b6a662f8bb3c12dd1d2d395db85,train,HISTORICALLY_EXPOSED,True,True,"High-confidence fine-tune notebooks build one dataset from all 2057 rows. For fallback rows, sample identity was exposed although historical augmented bytes are not reproducible."
e58a00d4398c46136a48,Soil_Labeled_Data/M_80_90/L_60_70/alluvial/IMG_0244_M_0_10_clayish_red_M_40_50_dark_brown_M_60_70_clay_red_M_70_80_clay_red.jpg,9eb475a88ea571c004effcdf79ee5775dcfd49646b9c96285fb0ab7c0c9c897e,train,HISTORICALLY_EXPOSED,True,True,"High-confidence fine-tune notebooks build one dataset from all 2057 rows. For fallback rows, sample identity was exposed although historical augmented bytes are not reproducible."
be08aeee9b9279263ee2,Soil_Labeled_Data/M_80_90/L_60_70/alluvial/IMG_0246_M_0_10_light_brown_M_40_50_gray_brown_M_60_70_wet_gray.jpg,034f43c5da8c08b0ee41ce3af065d97c037aa277bee54a5ecdb8b2e6e651b43c,train,HISTORICALLY_EXPOSED,True,True,"High-confidence fine-tune notebooks build one dataset from all 2057 rows. For fallback rows, sample identity was exposed although historical augmented bytes are not reproducible."
cf6011e287c74d23ee27,Soil_Labeled_Data/M_80_90/L_60_70/alluvial/IMG_0255_M_0_10_gray_brown_M_40_50_dark_brown_M_60_70_dark_brown_M_70_80_clay_red.jpg,4d10dd57fd7e34bdb9e898f2703b9c99076d8b80ca2f0d19b9a3d36505d97228,validation,HISTORICALLY_EXPOSED,True,True,"High-confidence fine-tune notebooks build one dataset from all 2057 rows. For fallback rows, sample identity was exposed although historical augmented bytes are not reproducible."
a6b407a21cc932436890,Soil_Labeled_Data/M_80_90/L_60_70/alluvial/IMG_0255_M_0_10_gray_brown_M_40_50_light_brown_M_50_60_dark_brown_M_60_70_clay_red_M_70_80_clay_red.jpg,dd8b867ca318b14c5714739e83a43f7715775ed4763e3c00fabf55060da884cb,train,HISTORICALLY_EXPOSED,True,True,"High-confidence fine-tune notebooks build one dataset from all 2057 rows. For fallback rows, sample identity was exposed although historical augmented bytes are not reproducible."
9fa3da60655cfe4c20d9,Soil_Labeled_Data/M_80_90/L_60_70/alluvial/IMG_0257_M_0_10_clayish_red_M_40_50_gray_brown_M_50_60_dark_brown_M_60_70_clay_red_M_70_80_wet_gray.jpg,5165b3f8ccb3f9c9d5edbf403bcccc82656d689bb7d22e748c0a13373110cc0e,train,HISTORICALLY_EXPOSED,True,True,"High-confidence fine-tune notebooks build one dataset from all 2057 rows. For fallback rows, sample identity was exposed although historical augmented bytes are not reproducible."
82b1b4b4ee9bd8e97850,Soil_Labeled_Data/M_80_90/L_60_70/alluvial/IMG_0675_M_10_20_pale_yellow_M_40_50_gray_brown_M_50_60_gray_brown_M_60_70_wet_gray.jpg,635d971ff92b544fb1512d76674a0a48a3a6c84ff167c9bf5c5ebbdb9d1fa87f,train,HISTORICALLY_EXPOSED,True,True,"High-confidence fine-tune notebooks build one dataset from all 2057 rows. For fallback rows, sample identity was exposed although historical augmented bytes are not reproducible."
dc31b60494c3dbcc49a7,Soil_Labeled_Data/M_80_90/L_60_70/alluvial/IMG_0679_M_10_20_light_brown_M_30_40_gray_brown_M_50_60_dark_brown_M_70_80_wet_gray.jpg,dbd1d979e60e8c601c5a45e37340bbecb31118b6de10c3c224c7e655714d1ab7,train,HISTORICALLY_EXPOSED,True,True,"High-confidence fine-tune notebooks build one dataset from all 2057 rows. For fallback rows, sample identity was exposed although historical augmented bytes are not reproducible."
6cbe44fa3e8f1b66b58f,Soil_Labeled_Data/M_80_90/L_60_70/alluvial/IMG_0679_M_10_20_light_brown_M_40_50_gray_brown_M_50_60_dark_brown_M_60_70_clay_red.jpg,7e0e0ae62f178c4724114a767bfbb9617c68da4fee75c94bbc7c681906f99411,train,HISTORICALLY_EXPOSED,True,True,"High-confidence fine-tune notebooks build one dataset from all 2057 rows. For fallback rows, sample identity was exposed although historical augmented bytes are not reproducible."
c73f38e424343e0d79b5,Soil_Labeled_Data/M_80_90/L_60_70/alluvial/IMG_0680_M_10_20_gray_brown_M_40_50_dark_brown_M_60_70_wet_gray.jpg,2374b7f86a4a5beb6b7f94d8d79dcc3530e463a8bcf71665ade2a0fb864a476d,train,HISTORICALLY_EXPOSED,False,True,"High-confidence fine-tune notebooks build one dataset from all 2057 rows. For fallback rows, sample identity was exposed although historical augmented bytes are not reproducible."
e3ecd5c9156672af8369,Soil_Labeled_Data/M_80_90/L_60_70/alluvial/IMG_0695_M_10_20_clayish_red_M_40_50_light_brown_M_50_60_dark_brown_M_70_80_clay_red.jpg,8dc7f45db490f28f9fd905568b817731997373c9f47aa5a7bb8b96d0bf909485,train,HISTORICALLY_EXPOSED,True,True,"High-confidence fine-tune notebooks build one dataset from all 2057 rows. For fallback rows, sample identity was exposed although historical augmented bytes are not reproducible."
b4f5ff5a961f27a61591,Soil_Labeled_Data/M_80_90/L_60_70/alluvial/IMG_0695_M_10_20_gray_brown_M_40_50_dark_brown_M_60_70_dark_brown_M_70_80_clay_red.jpg,4f89410e4dd1afcc10e20b8d96fd5a48d6c86435a852ba78a2bc3a23550e4814,train,HISTORICALLY_EXPOSED,True,True,"High-confidence fine-tune notebooks build one dataset from all 2057 rows. For fallback rows, sample identity was exposed although historical augmented bytes are not reproducible."
21612b3c5ee9ada24469,Soil_Labeled_Data/M_80_90/L_60_70/alluvial/z5715084112046_c4388528720a09f94233e3004fa76f74_M_20_30_pale_yellow_M_30_40_light_brown_M_50_60_dark_brown_M_60_70_wet_gray.jpg,67eb40b214c7fe65087f97827609462d7d62678b0764e4bb538979e503f3a8e2,train,HISTORICALLY_EXPOSED,True,True,"High-confidence fine-tune notebooks build one dataset from all 2057 rows. For fallback rows, sample identity was exposed although historical augmented bytes are not reproducible."
41e6a0116ddbb6d8cbb4,Soil_Labeled_Data/M_80_90/L_60_70/alluvial/z5715084165270_22662a8e6cfa3719910b048011f20dc3_M_20_30_light_brown_M_30_40_light_brown_M_50_60_clay_red_M_70_80_wet_gray.jpg,1ba5fafb74e662da2b86381a43da60c0cc593b2ee826efa768dbb570539e9896,train,HISTORICALLY_EXPOSED,True,True,"High-confidence fine-tune notebooks build one dataset from all 2057 rows. For fallback rows, sample identity was exposed although historical augmented bytes are not reproducible."
06767a30205426a4d85f,Soil_Labeled_Data/M_80_90/L_60_70/alluvial/z5715084217100_56ffdcb9a7e21ae938a857822326c4e1_M_20_30_light_brown_M_30_40_light_brown_M_50_60_dark_brown_M_60_70_wet_gray.jpg,be323e07a2b9febacaf5338e2e4fe2bcd72c75688fd5190081bf3803f607aa1e,train,HISTORICALLY_EXPOSED,True,True,"High-confidence fine-tune notebooks build one dataset from all 2057 rows. For fallback rows, sample identity was exposed although historical augmented bytes are not reproducible."
b2fd40d27d6ad590cc84,Soil_Labeled_Data/M_80_90/L_60_70/alluvial/z5715084235063_019bf1d09588c2fd5226859f4331698b_M_20_30_light_brown_M_30_40_light_brown_M_50_60_dark_brown_M_70_80_clay_red.jpg,dd5b83238b84fe19faabf3aa1b036eaceb2626b6ce8ae5a2682c0332848b02fa,train,HISTORICALLY_EXPOSED,True,True,"High-confidence fine-tune notebooks build one dataset from all 2057 rows. For fallback rows, sample identity was exposed although historical augmented bytes are not reproducible."
23923a4dc022cb632367,Soil_Labeled_Data/M_80_90/L_60_70/alluvial/z5715084415256_c016f29f8a2b857513855a25b24de184_M_20_30_pale_yellow_M_30_40_gray_brown_M_50_60_gray_brown_M_60_70_clay_red_M_70_80_clay_red.jpg,bb19c0ee5104d52d8ffb86060b2f4208cada3172e31f97c076426f00dae5a352,train,HISTORICALLY_EXPOSED,True,True,"High-confidence fine-tune notebooks build one dataset from all 2057 rows. For fallback rows, sample identity was exposed although historical augmented bytes are not reproducible."
46a54e0f1d737356ffa5,Soil_Labeled_Data/M_80_90/L_60_70/alluvial/z5715084491690_fee182e72573f2d43a9eccb1df380def_M_20_30_pale_yellow_M_30_40_light_brown_M_50_60_dark_brown_M_60_70_dark_brown_M_70_80_wet_gray.jpg,ac14ea13aff580c59345f56f2e9eb0fa4cb5ab5d9007c7de96923733a72bb57f,train,HISTORICALLY_EXPOSED,True,True,"High-confidence fine-tune notebooks build one dataset from all 2057 rows. For fallback rows, sample identity was exposed although historical augmented bytes are not reproducible."
42fe1187f9412dd4d743,Soil_Labeled_Data/M_80_90/L_70_80/alluvial/IMG_0292_M_0_10_pale_yellow_M_40_50_gray_brown_M_60_70_clay_red.jpg,bb26ac3736e8bf4dee7adc2c41d08d0ca5b748cde8092357ad39501c686d9d53,validation,HISTORICALLY_EXPOSED,False,True,"High-confidence fine-tune notebooks build one dataset from all 2057 rows. For fallback rows, sample identity was exposed although historical augmented bytes are not reproducible."
61a5805934a08ad6b5bf,Soil_Labeled_Data/M_80_90/L_70_80/alluvial/IMG_0298_M_0_10_gray_brown_M_40_50_gray_brown_M_50_60_gray_brown_M_60_70_dark_brown_M_70_80_clay_red.jpg,17baaa22bc286530df605aabc6e9a7e6f8f4d68211ecbed6b3c62a5c04ceca77,train,HISTORICALLY_EXPOSED,True,True,"High-confidence fine-tune notebooks build one dataset from all 2057 rows. For fallback rows, sample identity was exposed although historical augmented bytes are not reproducible."
e74098488f6e07e4ceb8,Soil_Labeled_Data/M_80_90/L_70_80/alluvial/IMG_0697_M_10_20_light_brown_M_40_50_dark_brown_M_60_70_clay_red.jpg,e9320782466d4b813042a8c34a902ac68536273bbab742a8f253d3c92a831354,test,HISTORICALLY_EXPOSED,True,True,"High-confidence fine-tune notebooks build one dataset from all 2057 rows. For fallback rows, sample identity was exposed although historical augmented bytes are not reproducible."
df3d6288a1ccf21f1390,Soil_Labeled_Data/M_80_90/L_70_80/alluvial/IMG_0697_M_10_20_pale_yellow_M_30_40_gray_brown_M_50_60_dark_brown_M_70_80_wet_gray.jpg,2f3925ed8a15aca0877080f93024492fb0872902de1b680cc517ff7ae04ac471,test,HISTORICALLY_EXPOSED,True,True,"High-confidence fine-tune notebooks build one dataset from all 2057 rows. For fallback rows, sample identity was exposed although historical augmented bytes are not reproducible."
e5547fb12fc6325cb06f,Soil_Labeled_Data/M_80_90/L_70_80/alluvial/IMG_0699_M_10_20_pale_yellow_M_40_50_gray_brown_M_60_70_clay_red_M_70_80_clay_red.jpg,b69699299f7e8bdb4ff09290dced90c362a62f3577eba9d847b4c7fd236d9d00,test,HISTORICALLY_EXPOSED,True,True,"High-confidence fine-tune notebooks build one dataset from all 2057 rows. For fallback rows, sample identity was exposed although historical augmented bytes are not reproducible."
b6951f4bc5a4c62026b0,Soil_Labeled_Data/M_80_90/L_70_80/alluvial/IMG_0699_M_10_20_pale_yellow_M_40_50_light_brown_M_50_60_dark_brown_M_60_70_clay_red_M_70_80_clay_red.jpg,05931e3bbf552779835546a230b637e03a5ec32f634c834827e33b5f8670b651,test,HISTORICALLY_EXPOSED,True,True,"High-confidence fine-tune notebooks build one dataset from all 2057 rows. For fallback rows, sample identity was exposed although historical augmented bytes are not reproducible."
be433af69cf51b1a4826,Soil_Labeled_Data/M_80_90/L_70_80/alluvial/IMG_0700_M_10_20_light_brown_M_30_40_light_brown_M_50_60_dark_brown_M_60_70_clay_red.jpg,f1d196a9433027ebcbbe819241b7460ad5ede5ed74949a770cf4842d22bee600,train,HISTORICALLY_EXPOSED,True,True,"High-confidence fine-tune notebooks build one dataset from all 2057 rows. For fallback rows, sample identity was exposed although historical augmented bytes are not reproducible."
35ddda8809eccf0fe43c,Soil_Labeled_Data/M_80_90/L_70_80/alluvial/IMG_0701_M_10_20_light_brown_M_30_40_gray_brown_M_50_60_dark_brown_M_60_70_dark_brown_M_70_80_wet_gray.jpg,64a7b3f0ba2de468a2e2ca39a82c049fde7eee75f80fcd134302bc92f39d68e4,test,HISTORICALLY_EXPOSED,True,True,"High-confidence fine-tune notebooks build one dataset from all 2057 rows. For fallback rows, sample identity was exposed although historical augmented bytes are not reproducible."
2f71f03385cf378a08bb,Soil_Labeled_Data/M_80_90/L_70_80/alluvial/IMG_0702_M_10_20_clayish_red_M_40_50_gray_brown_M_60_70_clay_red_M_70_80_clay_red.jpg,222fbe777d83cc9bf8125b3dfb81723e8d06fb10ccb3481ffc7fce338db3ea65,validation,HISTORICALLY_EXPOSED,False,True,"High-confidence fine-tune notebooks build one dataset from all 2057 rows. For fallback rows, sample identity was exposed although historical augmented bytes are not reproducible."
1efcfe798c2b56061955,Soil_Labeled_Data/M_80_90/L_70_80/alluvial/IMG_0706_M_10_20_light_brown_M_30_40_light_brown_M_50_60_clay_red_M_70_80_wet_gray.jpg,dff3fd4523f2bac78813523b5afd49802f5301e26fddb20b05563276b227c2c3,validation,HISTORICALLY_EXPOSED,False,True,"High-confidence fine-tune notebooks build one dataset from all 2057 rows. For fallback rows, sample identity was exposed although historical augmented bytes are not reproducible."
db922ff29d1248f47597,Soil_Labeled_Data/M_80_90/L_70_80/alluvial/IMG_0707_M_10_20_gray_brown_M_40_50_dark_brown_M_60_70_clay_red.jpg,bc1cba7c3cfa0fa79e628706cbb7e6026cb3f886e618b2148e86311d5b0fbfbf,train,HISTORICALLY_EXPOSED,False,True,"High-confidence fine-tune notebooks build one dataset from all 2057 rows. For fallback rows, sample identity was exposed although historical augmented bytes are not reproducible."
21654299ec7985a1f84c,Soil_Labeled_Data/M_80_90/L_70_80/alluvial/IMG_0707_M_10_20_gray_brown_M_40_50_light_brown_M_50_60_dark_brown_M_60_70_clay_red.jpg,c17c464967944012e813b9b9960657524cc9f553c57421ba7860deda624cbac3,train,HISTORICALLY_EXPOSED,False,True,"High-confidence fine-tune notebooks build one dataset from all 2057 rows. For fallback rows, sample identity was exposed although historical augmented bytes are not reproducible."
9e36e2924606538d9493,Soil_Labeled_Data/M_80_90/L_70_80/alluvial/IMG_0707_M_10_20_pale_yellow_M_30_40_gray_brown_M_50_60_dark_brown_M_70_80_wet_gray.jpg,3a36443e345eb68b5e01e75db66e287d7ae53a0898f2230917feb1739f4f89a6,train,HISTORICALLY_EXPOSED,False,True,"High-confidence fine-tune notebooks build one dataset from all 2057 rows. For fallback rows, sample identity was exposed although historical augmented bytes are not reproducible."
d9b006373054c6e1a8e3,Soil_Labeled_Data/M_80_90/L_70_80/alluvial/IMG_0708_M_10_20_clayish_red_M_40_50_light_brown_M_50_60_gray_brown_M_60_70_clay_red_M_70_80_clay_red.jpg,06e6bbbc94b1cb09aadd0ec6a1c84111335e274e6b3ed0f2652356bc3d8ddf09,train,HISTORICALLY_EXPOSED,False,True,"High-confidence fine-tune notebooks build one dataset from all 2057 rows. For fallback rows, sample identity was exposed although historical augmented bytes are not reproducible."
6ceb9901cf09914c3cab,Soil_Labeled_Data/M_80_90/L_70_80/alluvial/IMG_0710_M_10_20_pale_yellow_M_30_40_gray_brown_M_50_60_gray_brown_M_60_70_clay_red_M_70_80_clay_red.jpg,52f32dec88d52dbf5528656978b1bb5c788bf5a32ce6d54d580b7a964bdfa6c1,validation,HISTORICALLY_EXPOSED,False,True,"High-confidence fine-tune notebooks build one dataset from all 2057 rows. For fallback rows, sample identity was exposed although historical augmented bytes are not reproducible."
42bb5c2d1cb7068893c8,Soil_Labeled_Data/M_80_90/L_70_80/alluvial/IMG_0715_M_10_20_pale_yellow_M_30_40_light_brown_M_50_60_dark_brown_M_60_70_wet_gray.jpg,d02d8151eb9742d2766fb1764f07b3546220892c8bc755a2a44dade9b46f9405,validation,HISTORICALLY_EXPOSED,True,True,"High-confidence fine-tune notebooks build one dataset from all 2057 rows. For fallback rows, sample identity was exposed although historical augmented bytes are not reproducible."
91949533b047e05ceb7b,Soil_Labeled_Data/M_80_90/L_70_80/alluvial/z5715142006130_46686c8c324bef016a5cf09b6c303d7d_M_20_30_light_brown_M_30_40_light_brown_M_50_60_dark_brown_M_70_80_clay_red.jpg,7b5454ed347d54a9fa546ac119d7e0649c8b0053b690e8e5a2c2947f3f0f9c6e,train,HISTORICALLY_EXPOSED,True,True,"High-confidence fine-tune notebooks build one dataset from all 2057 rows. For fallback rows, sample identity was exposed although historical augmented bytes are not reproducible."
7e8a19cf3ae866e28785,Soil_Labeled_Data/M_80_90/L_70_80/alluvial/z5715142006130_46686c8c324bef016a5cf09b6c303d7d_M_20_30_light_brown_M_30_40_light_brown_M_50_60_gray_brown_M_60_70_clay_red.jpg,f40f68dd507fa32376892f05d7366ca0ee0a14340432d204aa1d928d23973aff,train,HISTORICALLY_EXPOSED,True,True,"High-confidence fine-tune notebooks build one dataset from all 2057 rows. For fallback rows, sample identity was exposed although historical augmented bytes are not reproducible."
bfd7ea5807fb4c0b752a,Soil_Labeled_Data/M_80_90/L_70_80/alluvial/z5715142229857_c6b81d36db95f193a6b59ac535fea2cc_M_20_30_pale_yellow_M_30_40_gray_brown_M_50_60_dark_brown_M_70_80_clay_red.jpg,df21a347babd42c0fcef4257512cbf367c6dcdda7137da3102e10e596d787fba,validation,HISTORICALLY_EXPOSED,True,True,"High-confidence fine-tune notebooks build one dataset from all 2057 rows. For fallback rows, sample identity was exposed although historical augmented bytes are not reproducible."
abde11f2e9090a25a01c,Soil_Labeled_Data/M_80_90/L_70_80/alluvial/z5715142229857_c6b81d36db95f193a6b59ac535fea2cc_M_20_30_pale_yellow_M_30_40_gray_brown_M_50_60_gray_brown_M_60_70_clay_red_M_70_80_wet_gray.jpg,610606bfd594096e5dd7136f237f930390a505bfba97a7c876a2c2bd31ca0f9f,validation,HISTORICALLY_EXPOSED,True,True,"High-confidence fine-tune notebooks build one dataset from all 2057 rows. For fallback rows, sample identity was exposed although historical augmented bytes are not reproducible."
7f5c66514109cee3aefc,Soil_Labeled_Data/M_80_90/L_80_90/alluvial/z5613702246518_ab3113f49f25ded520dcb04a67253ccb.jpg,8984297f295b214cab63e6d9f8939a699f6c8c9e5257941c968bfbbd7be17a9f,train,HISTORICALLY_EXPOSED,False,True,"High-confidence fine-tune notebooks build one dataset from all 2057 rows. For fallback rows, sample identity was exposed although historical augmented bytes are not reproducible."
b21b1c968c02b78a2a70,Soil_Labeled_Data/M_80_90/L_80_90/alluvial/z5613702575086_ccc939e24dd66fe3300e61ce99f46525.jpg,6ffc35fa6049c153ddba449ddb7a3cdc2c7c363dc7141f1025919304145c360c,test,HISTORICALLY_EXPOSED,False,True,"High-confidence fine-tune notebooks build one dataset from all 2057 rows. For fallback rows, sample identity was exposed although historical augmented bytes are not reproducible."
d3766b8618e49bca6f98,Soil_Labeled_Data/M_80_90/L_80_90/alluvial/z5613702725206_8c7c8cf0e406cce7f9bb44dbf7c21d36.jpg,0bd5a3b7eca43500274ec27f6a922f4d3f89cb09f9542ab85761bedd5ebd3a2a,train,HISTORICALLY_EXPOSED,True,True,"High-confidence fine-tune notebooks build one dataset from all 2057 rows. For fallback rows, sample identity was exposed although historical augmented bytes are not reproducible."
e0afe5916f1398d381ce,Soil_Labeled_Data/M_80_90/L_80_90/alluvial/z5613702794252_14464485296dc8fd092252afb21b8edf.jpg,63d4d11ed8dfdc6449d9a717bce6e9a5efb646c34ac5d7d4b1391b52478c8e08,test,HISTORICALLY_EXPOSED,True,True,"High-confidence fine-tune notebooks build one dataset from all 2057 rows. For fallback rows, sample identity was exposed although historical augmented bytes are not reproducible."
9858b7263a38e37135e0,Soil_Labeled_Data/M_80_90/L_80_90/alluvial/z5613702868802_afcab32c6e8874105df768028f0ea61b.jpg,cd0e2407d352d6e7e133a2fbd58711718e561255a2ffc716679d33ebacc96cd9,validation,HISTORICALLY_EXPOSED,True,True,"High-confidence fine-tune notebooks build one dataset from all 2057 rows. For fallback rows, sample identity was exposed although historical augmented bytes are not reproducible."
e2d933ff749873a0e8d0,Soil_Labeled_Data/M_80_90/L_80_90/alluvial/z5613702933259_d3b4f6b16ba9ff504833620a8f2e4bcd.jpg,62f782c5283532129baecb0174aa3a6f3707d44231417fedf77fcd5689864f13,train,HISTORICALLY_EXPOSED,True,True,"High-confidence fine-tune notebooks build one dataset from all 2057 rows. For fallback rows, sample identity was exposed although historical augmented bytes are not reproducible."
1dcd258cf87b0ef5f6aa,Soil_Labeled_Data/M_80_90/L_80_90/alluvial/z5613703004646_1015981274be634aafd784b037d301bb.jpg,60b86f0328a38cf82ecab058275fdbfdb48e23deda4d6e2817be0352c2460465,test,HISTORICALLY_EXPOSED,True,True,"High-confidence fine-tune notebooks build one dataset from all 2057 rows. For fallback rows, sample identity was exposed although historical augmented bytes are not reproducible."
b96ed20444a8c596c2e9,Soil_Labeled_Data/M_80_90/L_80_90/alluvial/z5613703138547_8e2b781fa88964a618fcc54f0f635c52.jpg,f77c649c1d4beb4a644df2b02fd36bf7ff87c2919610ddc7288d725fd4095cd7,train,HISTORICALLY_EXPOSED,False,True,"High-confidence fine-tune notebooks build one dataset from all 2057 rows. For fallback rows, sample identity was exposed although historical augmented bytes are not reproducible."
5d1efdb173be912c7e1d,Soil_Labeled_Data/M_80_90/L_80_90/alluvial/z5613703297789_7699d5dd466c6a5c697c207ece420268.jpg,6cb2929b7d0dc7c72d1e764bf4476f85fe69979192476cc8dff0565d455729ab,test,HISTORICALLY_EXPOSED,False,True,"High-confidence fine-tune notebooks build one dataset from all 2057 rows. For fallback rows, sample identity was exposed although historical augmented bytes are not reproducible."
5aef90f6613c77a915e9,Soil_Labeled_Data/M_80_90/L_80_90/alluvial/z5613703373633_f346b5a4d17ceb94685d68af01c1c754.jpg,8a62001f00ae3852014081b0e393871e90ca4485c58cc253d659e81e37568076,train,HISTORICALLY_EXPOSED,True,True,"High-confidence fine-tune notebooks build one dataset from all 2057 rows. For fallback rows, sample identity was exposed although historical augmented bytes are not reproducible."
33bbc440543b635fc0a9,Soil_Labeled_Data/M_80_90/L_80_90/alluvial/z5613703452772_492385cf235886abfc19c81ea79dd383.jpg,4e95bfc76533072c07fa9ebdf48293e5b15d526c48822b00915f87d3b4410c65,validation,HISTORICALLY_EXPOSED,True,True,"High-confidence fine-tune notebooks build one dataset from all 2057 rows. For fallback rows, sample identity was exposed although historical augmented bytes are not reproducible."
fd8cf86a7c2b0e6fdf83,Soil_Labeled_Data/M_80_90/L_80_90/alluvial/z5613703616307_aa1da2f7735e3befad810a80ecb89194.jpg,1467163e3c363afcc7ccc416d956e0715bd976791270e61559d78fee693ce83f,train,HISTORICALLY_EXPOSED,False,True,"High-confidence fine-tune notebooks build one dataset from all 2057 rows. For fallback rows, sample identity was exposed although historical augmented bytes are not reproducible."
9b6b802034e9075bd5cf,Soil_Labeled_Data/M_80_90/L_80_90/alluvial/z5613703690832_9a6ffbbcfe22a421836e1a70bf5a4058.jpg,2b2352a5d2d4d5c2eb01b8ff8219afce5f280265a5fb3cd3566a367ee7f89aa1,train,HISTORICALLY_EXPOSED,True,True,"High-confidence fine-tune notebooks build one dataset from all 2057 rows. For fallback rows, sample identity was exposed although historical augmented bytes are not reproducible."
65f75a6423b4dd89fd43,Soil_Labeled_Data/M_80_90/L_80_90/alluvial/z5613703928980_0887994eda3991e7d39724d312f0c82e.jpg,aa6d515264e009bfee4e151e74feca11066b34f9d3d4375a7a32b32c5c3688e7,validation,HISTORICALLY_EXPOSED,True,True,"High-confidence fine-tune notebooks build one dataset from all 2057 rows. For fallback rows, sample identity was exposed although historical augmented bytes are not reproducible."
d5dbbe90ba7477bc2c27,Soil_Labeled_Data/M_80_90/L_80_90/alluvial/z5613704092818_44e9d2e8185b6c87debb699df8979837.jpg,dd832da332d67f525c1db2ab76fd036850bf58f79496ee25ce99e3484aa357bf,train,HISTORICALLY_EXPOSED,True,True,"High-confidence fine-tune notebooks build one dataset from all 2057 rows. For fallback rows, sample identity was exposed although historical augmented bytes are not reproducible."
efca98e9ee8dfd5da2ee,Soil_Labeled_Data/M_80_90/L_80_90/alluvial/z5613704249404_edbe7fe10db96e1d859c72ec4c44ceff.jpg,d188e602553f7c7c499bb57ebf65338ff6d6dae91915235194c7f6c920362c3f,train,HISTORICALLY_EXPOSED,True,True,"High-confidence fine-tune notebooks build one dataset from all 2057 rows. For fallback rows, sample identity was exposed although historical augmented bytes are not reproducible."
44cef74cc0e7c9f8e6a2,Soil_Labeled_Data/M_80_90/L_80_90/alluvial/z5613704321140_6d67c39d725fb50253def9c57db4bedc.jpg,c9f11f4859e70d08a385ec563ff0bdb1b94fd1f7ccf1cdeb8cf5bcea8a817d94,train,HISTORICALLY_EXPOSED,True,True,"High-confidence fine-tune notebooks build one dataset from all 2057 rows. For fallback rows, sample identity was exposed although historical augmented bytes are not reproducible."
b766ebcd58fc04121fad,Soil_Labeled_Data/M_80_90/L_80_90/alluvial/z5613704380679_35582141031c6fb926f69d2a5af1acc2.jpg,953b7e154a9950a4f3f4525cd6d79f68747c23278d1ee40d36bc6da4bf5efbd7,train,HISTORICALLY_EXPOSED,True,True,"High-confidence fine-tune notebooks build one dataset from all 2057 rows. For fallback rows, sample identity was exposed although historical augmented bytes are not reproducible."
b7c242095e49984c6b51,Soil_Labeled_Data/M_80_90/L_80_90/alluvial/z5613704449149_729714f52f7b732629cd0b0d7406b02a.jpg,3224ce35854e469f7ccb2ba94854c5e96e5a79f6f65855cb967643a7d4b633ee,train,HISTORICALLY_EXPOSED,True,True,"High-confidence fine-tune notebooks build one dataset from all 2057 rows. For fallback rows, sample identity was exposed although historical augmented bytes are not reproducible."
55ceda6dceb7be29f024,Soil_Labeled_Data/M_80_90/L_80_90/alluvial/z5613704530864_798a68c56dc264d8f0cb410082546b02.jpg,e9268d08f94dba5a6506a0fb9d80f6d96260bce76d55adeb7e2c755b9d932b9e,train,HISTORICALLY_EXPOSED,True,True,"High-confidence fine-tune notebooks build one dataset from all 2057 rows. For fallback rows, sample identity was exposed although historical augmented bytes are not reproducible."
f708401c0e5f70ce7f1c,Soil_Labeled_Data/M_80_90/L_90_100/alluvial/M_80_90_L_90_100_0010_dark_brown.jpg,61e264703e13c598974b79e2605e0f9fa335b504fafad622ff63c176d97f91bc,train,HISTORICALLY_EXPOSED,False,True,"High-confidence fine-tune notebooks build one dataset from all 2057 rows. For fallback rows, sample identity was exposed although historical augmented bytes are not reproducible."
92f92d6e50644fd7b674,Soil_Labeled_Data/M_80_90/L_90_100/alluvial/M_80_90_L_90_100_0015_gray_brown.jpg,b21216ab028bacfaa79d2f68c7abea4b30f275b2a771dc6c1af1898d69bb9e26,train,HISTORICALLY_EXPOSED,True,True,"High-confidence fine-tune notebooks build one dataset from all 2057 rows. For fallback rows, sample identity was exposed although historical augmented bytes are not reproducible."
0f3ba5e4bf661547df53,Soil_Labeled_Data/M_80_90/L_90_100/alluvial/M_80_90_L_90_100_0019_gray_brown.jpg,7d52d848212b9a08688dc12b2870064125102f1f7f877f18d6fd16212dd5cf3e,train,HISTORICALLY_EXPOSED,True,True,"High-confidence fine-tune notebooks build one dataset from all 2057 rows. For fallback rows, sample identity was exposed although historical augmented bytes are not reproducible."
1a856d28726b2e399e5e,Soil_Labeled_Data/M_80_90/L_90_100/alluvial/M_80_90_L_90_100_0020_gray_brown.jpg,f8872c54254c912dd653f9b39da6294a4ad6683831a5f38d468ff1e669643ab3,train,HISTORICALLY_EXPOSED,True,True,"High-confidence fine-tune notebooks build one dataset from all 2057 rows. For fallback rows, sample identity was exposed although historical augmented bytes are not reproducible."
0460fdb8b5f78c3b7731,Soil_Labeled_Data/M_80_90/L_90_100/alluvial/M_80_90_L_90_100_0021_clay_red.jpg,7c0e53622b6d871c53f733a8ddb82345584ce07b0162c32abc5103291045ae0b,validation,HISTORICALLY_EXPOSED,True,True,"High-confidence fine-tune notebooks build one dataset from all 2057 rows. For fallback rows, sample identity was exposed although historical augmented bytes are not reproducible."
aeda01cd8fea6cbb8a29,Soil_Labeled_Data/M_80_90/L_90_100/alluvial/M_80_90_L_90_100_0028_light_brown.jpg,27281107187e6154271d2eaba1ba0809de8cda8c7a4b46b65859120e2a491bc0,train,HISTORICALLY_EXPOSED,True,True,"High-confidence fine-tune notebooks build one dataset from all 2057 rows. For fallback rows, sample identity was exposed although historical augmented bytes are not reproducible."
7755ce21e084010a2e0a,Soil_Labeled_Data/M_80_90/L_90_100/alluvial/M_80_90_L_90_100_0036_clay_red.jpg,c30b4eac8f5f8be460c1824668902b30cb02ce39191549927b6a9f4c4547cd58,train,HISTORICALLY_EXPOSED,True,True,"High-confidence fine-tune notebooks build one dataset from all 2057 rows. For fallback rows, sample identity was exposed although historical augmented bytes are not reproducible."
e193a13ed10596d1df8d,Soil_Labeled_Data/M_80_90/L_90_100/alluvial/M_80_90_L_90_100_0037_clay_red.jpg,1b75b92be30a9ac6fbcbe28ddf6af21b7c0ec687f4de9e1614ec40e851add497,train,HISTORICALLY_EXPOSED,True,True,"High-confidence fine-tune notebooks build one dataset from all 2057 rows. For fallback rows, sample identity was exposed although historical augmented bytes are not reproducible."
e19479c83e3c57e5c975,Soil_Labeled_Data/M_80_90/L_90_100/alluvial/M_80_90_L_90_100_0038_dark_brown.jpg,9a6ac62f1c1733b95d9f69e129baf5efff31b19f57e9937d81b4402f9d7ce9d3,validation,HISTORICALLY_EXPOSED,True,True,"High-confidence fine-tune notebooks build one dataset from all 2057 rows. For fallback rows, sample identity was exposed although historical augmented bytes are not reproducible."
e2ff58a4020c5c077ad6,Soil_Labeled_Data/M_80_90/L_90_100/alluvial/M_80_90_L_90_100_0039_gray_brown.jpg,d56a0c7ab6780ac8f03ad8f528baff0d38c0b3c7708dd57540635d2a2df80df8,train,HISTORICALLY_EXPOSED,True,True,"High-confidence fine-tune notebooks build one dataset from all 2057 rows. For fallback rows, sample identity was exposed although historical augmented bytes are not reproducible."
e4d584bfecc8ea666081,Soil_Labeled_Data/M_80_90/L_90_100/alluvial/M_80_90_L_90_100_0044_clay_red.jpg,c0c7ae7ddc3f72fcc056cd6b67eed07a41e5c1ba8044745aca3f8cb3fc780830,train,HISTORICALLY_EXPOSED,True,True,"High-confidence fine-tune notebooks build one dataset from all 2057 rows. For fallback rows, sample identity was exposed although historical augmented bytes are not reproducible."
70498b2f0c7566e21cd8,Soil_Labeled_Data/M_80_90/L_90_100/alluvial/M_80_90_L_90_100_0058_dark_brown.jpg,ea515b8815121547967f47c18752dba3cd1e1d61c7a93463370a261573467669,validation,HISTORICALLY_EXPOSED,True,True,"High-confidence fine-tune notebooks build one dataset from all 2057 rows. For fallback rows, sample identity was exposed although historical augmented bytes are not reproducible."
d7694b6675060070de5c,Soil_Labeled_Data/M_80_90/L_90_100/alluvial/M_80_90_L_90_100_0061_light_brown.jpg,87651056c0c088519e0b626d796aa377e7090cf42304bd70f2b6a26461708226,train,HISTORICALLY_EXPOSED,True,True,"High-confidence fine-tune notebooks build one dataset from all 2057 rows. For fallback rows, sample identity was exposed although historical augmented bytes are not reproducible."
f318c297118aca23a9e2,Soil_Labeled_Data/M_80_90/L_90_100/alluvial/M_80_90_L_90_100_0067_clay_red.jpg,e21751f215c65ff9391f1f3783b296a8733cda880922097b3cd65d9b108e7a04,train,HISTORICALLY_EXPOSED,True,True,"High-confidence fine-tune notebooks build one dataset from all 2057 rows. For fallback rows, sample identity was exposed although historical augmented bytes are not reproducible."
b6913234909f99887780,Soil_Labeled_Data/M_80_90/L_90_100/alluvial/M_80_90_L_90_100_0069_dark_brown.jpg,d9682626437148151145f8886221511e58484aad8dc3470c8531f57d3448bf75,train,HISTORICALLY_EXPOSED,True,True,"High-confidence fine-tune notebooks build one dataset from all 2057 rows. For fallback rows, sample identity was exposed although historical augmented bytes are not reproducible."
45d8219b46c4228340ff,Soil_Labeled_Data/M_80_90/L_90_100/alluvial/M_80_90_L_90_100_0076_wet_gray.jpg,7814008810bff97891b81343ba898270c825939ad81b9d0d27bb531991857765,train,HISTORICALLY_EXPOSED,True,True,"High-confidence fine-tune notebooks build one dataset from all 2057 rows. For fallback rows, sample identity was exposed although historical augmented bytes are not reproducible."
6c7e484a717e13729743,Soil_Labeled_Data/M_80_90/L_90_100/alluvial/M_80_90_L_90_100_0087_clay_red.jpg,3bfb5dd46040073eeeb81b4e858c4d8331c793fca032a699f384796d319eee19,train,HISTORICALLY_EXPOSED,True,True,"High-confidence fine-tune notebooks build one dataset from all 2057 rows. For fallback rows, sample identity was exposed although historical augmented bytes are not reproducible."
e84a7a4b22da5c1918ef,Soil_Labeled_Data/M_80_90/L_90_100/alluvial/M_80_90_L_90_100_0093_wet_gray.jpg,794bae77aba7bbe82e3046357f853414b75042a3d3c6fb9f729d7cefb65e6ab3,train,HISTORICALLY_EXPOSED,False,True,"High-confidence fine-tune notebooks build one dataset from all 2057 rows. For fallback rows, sample identity was exposed although historical augmented bytes are not reproducible."
bbd3ecc4d8bd5c7b0273,Soil_Labeled_Data/M_80_90/L_90_100/alluvial/M_80_90_L_90_100_0097_gray_brown.jpg,4d5ac7be5d8a00c9a242339639c6701d9763a209d7c9431b58e211a46f6291a4,test,HISTORICALLY_EXPOSED,True,True,"High-confidence fine-tune notebooks build one dataset from all 2057 rows. For fallback rows, sample identity was exposed although historical augmented bytes are not reproducible."
ad357813180cd3cedde8,Soil_Labeled_Data/M_80_90/L_90_100/alluvial/M_80_90_L_90_100_0099_gray_brown.jpg,86dde74117249f507d6b9528cbd89f8c599de7bee3a18794f349cdf883f52843,train,HISTORICALLY_EXPOSED,True,True,"High-confidence fine-tune notebooks build one dataset from all 2057 rows. For fallback rows, sample identity was exposed although historical augmented bytes are not reproducible."
5f977b7f7f14aec9c519,Soil_Labeled_Data/M_90_100/L_0_10/alluvial/IMG_0405_M_10_20_light_brown_M_40_50_gray_brown_M_50_60_dark_brown_M_70_80_dark_brown.jpg,e9c2687c93f6c7ac179957180582c645ca948ae614b3ccc38dbd33b299ca23fe,train,HISTORICALLY_EXPOSED,True,True,"High-confidence fine-tune notebooks build one dataset from all 2057 rows. For fallback rows, sample identity was exposed although historical augmented bytes are not reproducible."
7fff649899ac640d9e1f,Soil_Labeled_Data/M_90_100/L_0_10/alluvial/IMG_0413_M_10_20_pale_yellow_M_40_50_gray_brown_M_60_70_wet_gray_M_80_90_wet_gray.jpg,d0b11fbca73eae346054af25e8ae99a52a7434b550fd70f31f906f979e8ff0e2,train,HISTORICALLY_EXPOSED,True,True,"High-confidence fine-tune notebooks build one dataset from all 2057 rows. For fallback rows, sample identity was exposed although historical augmented bytes are not reproducible."
6d9de4eb70c0c8a34424,Soil_Labeled_Data/M_90_100/L_0_10/alluvial/IMG_0418_M_10_20_clayish_red_M_40_50_light_brown_M_50_60_dark_brown_M_60_70_dark_brown_M_70_80_wet_gray.jpg,e419b1cb3ab83f1e19739b2750c3095907fea9f2936d35d24dae2bee007bb0cb,train,HISTORICALLY_EXPOSED,True,True,"High-confidence fine-tune notebooks build one dataset from all 2057 rows. For fallback rows, sample identity was exposed although historical augmented bytes are not reproducible."
d611bc618f85c6df3d30,Soil_Labeled_Data/M_90_100/L_0_10/alluvial/IMG_0424_M_10_20_clayish_red_M_40_50_gray_brown_M_50_60_dark_brown_M_60_70_dark_brown_M_70_80_wet_gray.jpg,d0612e3df00ee5bda329ef5e8f15695a86093fe1d97886d766889a6284489b6b,train,HISTORICALLY_EXPOSED,True,True,"High-confidence fine-tune notebooks build one dataset from all 2057 rows. For fallback rows, sample identity was exposed although historical augmented bytes are not reproducible."
1d1a9922a77a750b9112,Soil_Labeled_Data/M_90_100/L_0_10/alluvial/IMG_0424_M_10_20_clayish_red_M_40_50_gray_brown_M_50_60_dark_brown_M_70_80_dark_brown.jpg,e4f4a110f210760b4b1912b570f338b8246ec9fa53d3d90f0c7b0a7568b85224,train,HISTORICALLY_EXPOSED,True,True,"High-confidence fine-tune notebooks build one dataset from all 2057 rows. For fallback rows, sample identity was exposed although historical augmented bytes are not reproducible."
2b2d2822f328211d5a38,Soil_Labeled_Data/M_90_100/L_0_10/alluvial/IMG_0424_M_10_20_pale_yellow_M_40_50_gray_brown_M_60_70_clay_red_M_80_90_wet_gray.jpg,c4ffb3a7e1abb90f6de34b6592baa0c86853ddb823261ba226942afe5c6c4432,train,HISTORICALLY_EXPOSED,True,True,"High-confidence fine-tune notebooks build one dataset from all 2057 rows. For fallback rows, sample identity was exposed although historical augmented bytes are not reproducible."
0247aff524364a3e10c7,Soil_Labeled_Data/M_90_100/L_0_10/alluvial/z5714094628996_2ba67db18f33aa6bf75d2bf34582cb2c_M_0_10_gray_brown_M_40_50_dark_brown_M_60_70_dark_brown_M_70_80_clay_red_M_80_90_wet_gray.jpg,108eed26bd07713aef6cc5abf1faf7ae76a62e6b6f9653e2dc98866283d89a13,train,HISTORICALLY_EXPOSED,True,True,"High-confidence fine-tune notebooks build one dataset from all 2057 rows. For fallback rows, sample identity was exposed although historical augmented bytes are not reproducible."
7b4f9a6b93c6fd144883,Soil_Labeled_Data/M_90_100/L_0_10/alluvial/z5714094628996_2ba67db18f33aa6bf75d2bf34582cb2c_M_0_10_light_brown_M_40_50_light_brown_M_50_60_gray_brown_M_60_70_clay_red_M_70_80_dark_brown.jpg,23b27cb54f54728505373918e2dc89241602e435a2a5ae3e7b40da1ab0b5f39e,train,HISTORICALLY_EXPOSED,True,True,"High-confidence fine-tune notebooks build one dataset from all 2057 rows. For fallback rows, sample identity was exposed although historical augmented bytes are not reproducible."
2a650bba8a27f96974e2,Soil_Labeled_Data/M_90_100/L_0_10/alluvial/z5714094901576_151d7c7f5174236f4ce3c22eb6767bd0_M_0_10_clayish_red_M_40_50_gray_brown_M_50_60_gray_brown_M_60_70_dark_brown_M_70_80_wet_gray_M_80_90_wet_gray.jpg,9c03ddea13616cdbf32c8e7d7a409d823ff072ab331b4f3cd1ae08d50af573bf,train,HISTORICALLY_EXPOSED,True,True,"High-confidence fine-tune notebooks build one dataset from all 2057 rows. For fallback rows, sample identity was exposed although historical augmented bytes are not reproducible."
d5c34ea7013e323843ca,Soil_Labeled_Data/M_90_100/L_0_10/alluvial/z5714095397323_3ba8d5731fe9ad72ecd36a4f5fe55be2_M_0_10_clayish_red_M_40_50_light_brown_M_50_60_gray_brown_M_60_70_dark_brown_M_70_80_wet_gray.jpg,b16023851343e69c941572e88653b44914734dd7e6c1688b569e22b20c06a747,train,HISTORICALLY_EXPOSED,True,True,"High-confidence fine-tune notebooks build one dataset from all 2057 rows. For fallback rows, sample identity was exposed although historical augmented bytes are not reproducible."
1d4f21d6630016be160b,Soil_Labeled_Data/M_90_100/L_0_10/alluvial/z5716041534082_306e15f5e30046bae34f62036b4539ae_M_30_40_light_brown_M_40_50_gray_brown_M_60_70_wet_gray_M_80_90_dark_brown.jpg,54fa9b95ab56db678f03ac2091bf86e6403dad9ffed1e9048960189d630bab1e,train,HISTORICALLY_EXPOSED,True,True,"High-confidence fine-tune notebooks build one dataset from all 2057 rows. For fallback rows, sample identity was exposed although historical augmented bytes are not reproducible."
5e5e01d581905873cfd3,Soil_Labeled_Data/M_90_100/L_0_10/alluvial/z5716041641006_4402096ed77e6521a8e53bcaf1ff039a_M_30_40_gray_brown_M_50_60_clay_red_M_70_80_wet_gray_M_80_90_dark_brown.jpg,95ca060d93b2965b2e6e3400203fb7345f34c03a00d26a8c34d7cfa31a054e36,train,HISTORICALLY_EXPOSED,True,True,"High-confidence fine-tune notebooks build one dataset from all 2057 rows. For fallback rows, sample identity was exposed although historical augmented bytes are not reproducible."
b9ca2336bdf63dddb8a0,Soil_Labeled_Data/M_90_100/L_0_10/alluvial/z5716041844114_ff29c3aa34e5e5744c16680220233e4e_M_30_40_gray_brown_M_40_50_gray_brown_M_50_60_clay_red_M_70_80_wet_gray.jpg,f4125e635d7b7afd288a0d9afd8e2444cf8d0bf23a548823f038d5e220de66b7,train,HISTORICALLY_EXPOSED,True,True,"High-confidence fine-tune notebooks build one dataset from all 2057 rows. For fallback rows, sample identity was exposed although historical augmented bytes are not reproducible."
18cccaae19cee29d873e,Soil_Labeled_Data/M_90_100/L_0_10/alluvial/z5716041881708_78beac35b69090477b9041eb1ba236f3_M_30_40_gray_brown_M_40_50_gray_brown_M_50_60_gray_brown_M_60_70_dark_brown_M_70_80_wet_gray.jpg,e2884be163521c847b6b295d069fdb80d992bc248f88f56278bbe9b57f88ec12,train,HISTORICALLY_EXPOSED,True,True,"High-confidence fine-tune notebooks build one dataset from all 2057 rows. For fallback rows, sample identity was exposed although historical augmented bytes are not reproducible."
30715fd94e67fec1adea,Soil_Labeled_Data/M_90_100/L_0_10/alluvial/z5716041962889_1d362459ea63da03f90b3aa0f319097d_M_30_40_pale_yellow_M_40_50_light_brown_M_50_60_clay_red_M_70_80_dark_brown.jpg,1d184cb16eac94bb1ef3364a943d1d93d23029d25ee47bbce8fcc1c65ea336b1,train,HISTORICALLY_EXPOSED,True,True,"High-confidence fine-tune notebooks build one dataset from all 2057 rows. For fallback rows, sample identity was exposed although historical augmented bytes are not reproducible."
ec317889f7d5b9e9a90f,Soil_Labeled_Data/M_90_100/L_0_10/alluvial/z5716042004626_672a27bdaa4badcf207b29a4dbf173b0_M_30_40_light_brown_M_50_60_dark_brown_M_60_70_clay_red_M_80_90_dark_brown.jpg,0c4c57ba24014245b964d64aa45dd6213a5c3d1db8f2c32f1f587c36c85b19a5,train,HISTORICALLY_EXPOSED,True,True,"High-confidence fine-tune notebooks build one dataset from all 2057 rows. For fallback rows, sample identity was exposed although historical augmented bytes are not reproducible."
11c17ab3617526a05421,Soil_Labeled_Data/M_90_100/L_0_10/alluvial/z5716042289286_4f5ba54e9a7dd70e051e6c0bf403d0f8_M_30_40_pale_yellow_M_40_50_dark_brown_M_60_70_dark_brown_M_70_80_clay_red_M_80_90_dark_brown.jpg,1b790d9d2f8a0a461ead12dc79370b40ae45062b85376b57969ed41749940e00,train,HISTORICALLY_EXPOSED,True,True,"High-confidence fine-tune notebooks build one dataset from all 2057 rows. For fallback rows, sample identity was exposed although historical augmented bytes are not reproducible."
5bac88a4c2f89d2d8e68,Soil_Labeled_Data/M_90_100/L_0_10/alluvial/z5716042321152_979083553c4378666fb6af100231c565_M_30_40_gray_brown_M_40_50_gray_brown_M_60_70_clay_red_M_80_90_wet_gray.jpg,11b6c8d09abacadc98ee104215ea3c730cead8a898935aada0b53cced066c87d,train,HISTORICALLY_EXPOSED,True,True,"High-confidence fine-tune notebooks build one dataset from all 2057 rows. For fallback rows, sample identity was exposed although historical augmented bytes are not reproducible."
e1e31ffd9df82b18dd33,Soil_Labeled_Data/M_90_100/L_0_10/alluvial/z5716042362231_afc15cf0059cc0b0a10e2307f0224493_M_30_40_clayish_red_M_40_50_dark_brown_M_60_70_dark_brown_M_70_80_wet_gray.jpg,f0a9353462ef2717fe4aa14685a5d1cd2db030e4cbc644055ea91eb2d99d28e5,train,HISTORICALLY_EXPOSED,True,True,"High-confidence fine-tune notebooks build one dataset from all 2057 rows. For fallback rows, sample identity was exposed although historical augmented bytes are not reproducible."
70749e7f01ccd8f132f0,Soil_Labeled_Data/M_90_100/L_0_10/alluvial/z5716042362231_afc15cf0059cc0b0a10e2307f0224493_M_30_40_clayish_red_M_40_50_light_brown_M_50_60_clay_red_M_70_80_clay_red_M_80_90_wet_gray.jpg,965801333f80f4a3498243cc244888c307404dc60491a3bfee78ea08373cdb37,train,HISTORICALLY_EXPOSED,True,True,"High-confidence fine-tune notebooks build one dataset from all 2057 rows. For fallback rows, sample identity was exposed although historical augmented bytes are not reproducible."
f4f3c46e0fb2de3125e1,Soil_Labeled_Data/M_90_100/L_10_20/alluvial/IMG_0007_M_0_10_pale_yellow_M_40_50_light_brown_M_50_60_gray_brown_M_60_70_wet_gray_M_80_90_dark_brown.jpg,7f92610758fed3641585af43bd267785c0c78bd612aedd84043f3a9fb94c698a,train,HISTORICALLY_EXPOSED,True,True,"High-confidence fine-tune notebooks build one dataset from all 2057 rows. For fallback rows, sample identity was exposed although historical augmented bytes are not reproducible."
b4d97018e27ddb093164,Soil_Labeled_Data/M_90_100/L_10_20/alluvial/IMG_0009_M_0_10_clayish_red_M_40_50_gray_brown_M_60_70_clay_red_M_80_90_wet_gray.jpg,b2b0f1b1652495b33f59e409ec0b2a85f65789d8536ea2673bd578d005b3aed3,train,HISTORICALLY_EXPOSED,True,True,"High-confidence fine-tune notebooks build one dataset from all 2057 rows. For fallback rows, sample identity was exposed although historical augmented bytes are not reproducible."
9d47df48f27069720308,Soil_Labeled_Data/M_90_100/L_10_20/alluvial/IMG_0012_M_0_10_light_brown_M_40_50_gray_brown_M_60_70_clay_red_M_70_80_dark_brown.jpg,5e07ba755b5548eb8efe27b244acdb35a548c52abfc600027534f91816c33ff6,train,HISTORICALLY_EXPOSED,True,True,"High-confidence fine-tune notebooks build one dataset from all 2057 rows. For fallback rows, sample identity was exposed although historical augmented bytes are not reproducible."
77af703703fd3ed1ae42,Soil_Labeled_Data/M_90_100/L_10_20/alluvial/IMG_0019_M_0_10_pale_yellow_M_40_50_gray_brown_M_60_70_clay_red_M_70_80_clay_red_M_80_90_dark_brown.jpg,ed3d8fb564db45be995b4cc6f56e7c7b8d5aa686ec03cd81803c1e08b2ed0843,validation,HISTORICALLY_EXPOSED,True,True,"High-confidence fine-tune notebooks build one dataset from all 2057 rows. For fallback rows, sample identity was exposed although historical augmented bytes are not reproducible."
d63f9a1d7f5c9c532ef7,Soil_Labeled_Data/M_90_100/L_10_20/alluvial/IMG_0022_M_0_10_clayish_red_M_40_50_gray_brown_M_60_70_clay_red_M_70_80_dark_brown.jpg,1a10fefa7c40b083ed03718d7ee2ec7f44fdeca7b88613b393ab78edf2b25c01,train,HISTORICALLY_EXPOSED,True,True,"High-confidence fine-tune notebooks build one dataset from all 2057 rows. For fallback rows, sample identity was exposed although historical augmented bytes are not reproducible."
e43374d44bf908fefbb2,Soil_Labeled_Data/M_90_100/L_10_20/alluvial/IMG_0025_M_0_10_pale_yellow_M_40_50_gray_brown_M_50_60_dark_brown_M_70_80_clay_red_M_80_90_dark_brown.jpg,4d55bea6db4849dc77d99320ad6f7b55ac131ee6625fd7c5f3d7c80d8a67a92d,train,HISTORICALLY_EXPOSED,True,True,"High-confidence fine-tune notebooks build one dataset from all 2057 rows. For fallback rows, sample identity was exposed although historical augmented bytes are not reproducible."
9f20a2f046f943b30824,Soil_Labeled_Data/M_90_100/L_10_20/alluvial/IMG_0451_M_10_20_light_brown_M_40_50_gray_brown_M_60_70_wet_gray_M_80_90_wet_gray.jpg,29f6377f2429b586ba12161ef53be7de32dcab2add57287107493331c829564b,validation,HISTORICALLY_EXPOSED,True,True,"High-confidence fine-tune notebooks build one dataset from all 2057 rows. For fallback rows, sample identity was exposed although historical augmented bytes are not reproducible."
0ab12f8ae05f41bc48aa,Soil_Labeled_Data/M_90_100/L_10_20/alluvial/IMG_0457_M_10_20_clayish_red_M_40_50_gray_brown_M_60_70_wet_gray_M_80_90_dark_brown.jpg,921a235314e08550985c807a7c87b81dc380ef89fc25e9ce2fe5683988d1a334,train,HISTORICALLY_EXPOSED,True,True,"High-confidence fine-tune notebooks build one dataset from all 2057 rows. For fallback rows, sample identity was exposed although historical augmented bytes are not reproducible."
5299cb3b1496e7f9f30b,Soil_Labeled_Data/M_90_100/L_10_20/alluvial/IMG_0458_M_10_20_clayish_red_M_40_50_gray_brown_M_50_60_dark_brown_M_60_70_dark_brown_M_70_80_dark_brown.jpg,285309cf586e4411ec4ff8019c1833a6130d25a483917f558be0c7355ab29994,train,HISTORICALLY_EXPOSED,True,True,"High-confidence fine-tune notebooks build one dataset from all 2057 rows. For fallback rows, sample identity was exposed although historical augmented bytes are not reproducible."
e85f7fef33ec84c617c8,Soil_Labeled_Data/M_90_100/L_10_20/alluvial/IMG_0460_M_10_20_gray_brown_M_40_50_gray_brown_M_60_70_wet_gray_M_80_90_dark_brown.jpg,0e3f2aa6f8b32b525f468a7ac2419c34a32d7c08c73c944e36bf76f874eb86bf,validation,HISTORICALLY_EXPOSED,True,True,"High-confidence fine-tune notebooks build one dataset from all 2057 rows. For fallback rows, sample identity was exposed although historical augmented bytes are not reproducible."
500a2e839569213d4747,Soil_Labeled_Data/M_90_100/L_10_20/alluvial/IMG_0464_M_10_20_gray_brown_M_40_50_light_brown_M_50_60_gray_brown_M_60_70_dark_brown_M_70_80_wet_gray.jpg,50e662a1ff1db242189004d4513110005599f6be0b8e5f5a4a3ba64e56504b5a,train,HISTORICALLY_EXPOSED,True,True,"High-confidence fine-tune notebooks build one dataset from all 2057 rows. For fallback rows, sample identity was exposed although historical augmented bytes are not reproducible."
283276645de22e697db1,Soil_Labeled_Data/M_90_100/L_10_20/alluvial/IMG_0464_M_10_20_pale_yellow_M_40_50_gray_brown_M_50_60_clay_red_M_70_80_dark_brown.jpg,ba121508d15c4f691dbc03f3e071ae656bcfb5bde798eaaa381de1eb7b0b52af,train,HISTORICALLY_EXPOSED,True,True,"High-confidence fine-tune notebooks build one dataset from all 2057 rows. For fallback rows, sample identity was exposed although historical augmented bytes are not reproducible."
d32dc8efa5aef0b10484,Soil_Labeled_Data/M_90_100/L_10_20/alluvial/IMG_0468_M_10_20_clayish_red_M_40_50_gray_brown_M_60_70_clay_red_M_70_80_wet_gray.jpg,46bd149ef8974a9c24b7e0d8809895c11067cd3c060087ba76f23532c5689b42,train,HISTORICALLY_EXPOSED,True,True,"High-confidence fine-tune notebooks build one dataset from all 2057 rows. For fallback rows, sample identity was exposed although historical augmented bytes are not reproducible."
4b6787ee734f8f248d3a,Soil_Labeled_Data/M_90_100/L_10_20/alluvial/z5716081456111_c7b3a15fdcf4e0cc64674602ca5f7f16_M_30_40_gray_brown_M_50_60_gray_brown_M_60_70_dark_brown_M_70_80_wet_gray.jpg,fbc6b4f43152579100685bd2638aeb602247716acbf4f38d823139a158e34583,validation,HISTORICALLY_EXPOSED,True,True,"High-confidence fine-tune notebooks build one dataset from all 2057 rows. For fallback rows, sample identity was exposed although historical augmented bytes are not reproducible."
5fbe66767c89e59e1e27,Soil_Labeled_Data/M_90_100/L_10_20/alluvial/z5716081579514_5a67b978119dcf79cb53e218abca90ab_M_30_40_gray_brown_M_50_60_clay_red_M_70_80_dark_brown.jpg,3a2052d1016f4165652d1f3fd14119ba3547e7b6d91c57998d9ebf277e9a730c,train,HISTORICALLY_EXPOSED,True,True,"High-confidence fine-tune notebooks build one dataset from all 2057 rows. For fallback rows, sample identity was exposed although historical augmented bytes are not reproducible."
0378ee1b6d4563f7537a,Soil_Labeled_Data/M_90_100/L_10_20/alluvial/z5716081698408_1104a201030364e4363947fc0b109f20_M_30_40_light_brown_M_40_50_dark_brown_M_60_70_dark_brown_M_70_80_dark_brown.jpg,2b5af417547fc791dd58d1d289b7b02cd4d7363b25755ff0768b3f37521d2598,train,HISTORICALLY_EXPOSED,True,True,"High-confidence fine-tune notebooks build one dataset from all 2057 rows. For fallback rows, sample identity was exposed although historical augmented bytes are not reproducible."
54e5e0bbcd3e313d1e29,Soil_Labeled_Data/M_90_100/L_10_20/alluvial/z5716081732799_46a8abd72cd445d5fc7f7576562133ff_M_30_40_pale_yellow_M_40_50_light_brown_M_50_60_dark_brown_M_60_70_wet_gray_M_80_90_wet_gray.jpg,26b9d3bdc1da3ed45f36737a538494378fdc442811e2711235813b7c1a06ff60,train,HISTORICALLY_EXPOSED,True,True,"High-confidence fine-tune notebooks build one dataset from all 2057 rows. For fallback rows, sample identity was exposed although historical augmented bytes are not reproducible."
a4c7c7b7b74cb7c9a0b4,Soil_Labeled_Data/M_90_100/L_10_20/alluvial/z5716081741279_e6dcbcb3d2252e27194aab74ebc27762_M_30_40_pale_yellow_M_40_50_light_brown_M_50_60_dark_brown_M_60_70_wet_gray_M_80_90_dark_brown.jpg,15c906bda3dc60c506f60252f5cbea58cf5d08906ae8f9c94141fa8a57ef08f0,train,HISTORICALLY_EXPOSED,True,True,"High-confidence fine-tune notebooks build one dataset from all 2057 rows. For fallback rows, sample identity was exposed although historical augmented bytes are not reproducible."
2728b1c732f96d6b845f,Soil_Labeled_Data/M_90_100/L_10_20/alluvial/z5716081783135_13a61c0ddb9d30f00b44e630e47c1f42_M_30_40_gray_brown_M_40_50_gray_brown_M_50_60_clay_red_M_70_80_clay_red_M_80_90_wet_gray.jpg,d849fcbfd769095db7b9ef4925f4d1299a220db1fb8335d42468b235d6963e57,train,HISTORICALLY_EXPOSED,True,True,"High-confidence fine-tune notebooks build one dataset from all 2057 rows. For fallback rows, sample identity was exposed although historical augmented bytes are not reproducible."
4aab35d3609a35dc6819,Soil_Labeled_Data/M_90_100/L_10_20/alluvial/z5716081805208_48402b457cdf22dfa132f7652a7f995f_M_30_40_light_brown_M_50_60_dark_brown_M_60_70_clay_red_M_70_80_dark_brown.jpg,e32433d5688b7f0505a51abfb75efd29aa3cb29c3dc7a0dc5943abd40dd6430f,train,HISTORICALLY_EXPOSED,True,True,"High-confidence fine-tune notebooks build one dataset from all 2057 rows. For fallback rows, sample identity was exposed although historical augmented bytes are not reproducible."
a48a38a71f490ca8d08f,Soil_Labeled_Data/M_90_100/L_20_30/alluvial/IMG_0053_M_0_10_gray_brown_M_40_50_light_brown_M_50_60_clay_red_M_70_80_dark_brown.jpg,c3aa905bef4f8c48bb762315f8171906faab60db33611357848e72358619b962,train,HISTORICALLY_EXPOSED,True,True,"High-confidence fine-tune notebooks build one dataset from all 2057 rows. For fallback rows, sample identity was exposed although historical augmented bytes are not reproducible."
9c366e1fc21451e862bb,Soil_Labeled_Data/M_90_100/L_20_30/alluvial/IMG_0053_M_0_10_pale_yellow_M_40_50_light_brown_M_50_60_clay_red_M_70_80_clay_red_M_80_90_wet_gray.jpg,fcbd179cbae37234279abe207b52d5401c8f41549bb72e3a0b9cd0ffd8424b28,validation,HISTORICALLY_EXPOSED,True,True,"High-confidence fine-tune notebooks build one dataset from all 2057 rows. For fallback rows, sample identity was exposed although historical augmented bytes are not reproducible."
980e23c5e81f0b25c4ba,Soil_Labeled_Data/M_90_100/L_20_30/alluvial/IMG_0054_M_0_10_gray_brown_M_40_50_light_brown_M_50_60_dark_brown_M_60_70_clay_red_M_70_80_dark_brown.jpg,f43964c3625cd05764f5d2577a681e852035f41ed83cdf244ba04d73b266772d,train,HISTORICALLY_EXPOSED,True,True,"High-confidence fine-tune notebooks build one dataset from all 2057 rows. For fallback rows, sample identity was exposed although historical augmented bytes are not reproducible."
32c99288d954af25e13d,Soil_Labeled_Data/M_90_100/L_20_30/alluvial/IMG_0059_M_0_10_pale_yellow_M_40_50_light_brown_M_50_60_clay_red_M_70_80_wet_gray.jpg,769282d4d607fb0b1f06786379bee1451846aac744396376a245f8cc6bf64a10,train,HISTORICALLY_EXPOSED,True,True,"High-confidence fine-tune notebooks build one dataset from all 2057 rows. For fallback rows, sample identity was exposed although historical augmented bytes are not reproducible."
5149537d50cfc285be03,Soil_Labeled_Data/M_90_100/L_20_30/alluvial/IMG_0063_M_0_10_light_brown_M_40_50_gray_brown_M_60_70_dark_brown_M_70_80_wet_gray.jpg,1efabb395079c4478abb971c3eb49b249bb411fc5471fe62f4044d329453c670,validation,HISTORICALLY_EXPOSED,True,True,"High-confidence fine-tune notebooks build one dataset from all 2057 rows. For fallback rows, sample identity was exposed although historical augmented bytes are not reproducible."
39e1e8710500633d7e14,Soil_Labeled_Data/M_90_100/L_20_30/alluvial/IMG_0063_M_0_10_light_brown_M_40_50_gray_brown_M_60_70_dark_brown_M_70_80_wet_gray_M_80_90_wet_gray.jpg,95cabc99b0bf43ff69a8b26134a296c6dcf5d2716b6e8462adc577cc22f5f96b,validation,HISTORICALLY_EXPOSED,True,True,"High-confidence fine-tune notebooks build one dataset from all 2057 rows. For fallback rows, sample identity was exposed although historical augmented bytes are not reproducible."
d1b0f34aaed4842ba835,Soil_Labeled_Data/M_90_100/L_20_30/alluvial/IMG_0067_M_0_10_light_brown_M_40_50_light_brown_M_50_60_clay_red_M_70_80_dark_brown.jpg,bb50a7f44e93c7f033b2dde6c66e2b14bf023bd7fb92af5afc8cdf5090398a3c,train,HISTORICALLY_EXPOSED,True,True,"High-confidence fine-tune notebooks build one dataset from all 2057 rows. For fallback rows, sample identity was exposed although historical augmented bytes are not reproducible."
045e389e48eb1c14d457,Soil_Labeled_Data/M_90_100/L_20_30/alluvial/IMG_0497_M_10_20_pale_yellow_M_40_50_gray_brown_M_60_70_clay_red_M_70_80_wet_gray.jpg,de62ccd3ddb51c155aaedded4fa57aaf7cd90ffb0205c8ad62d8589b4e1b67a2,train,HISTORICALLY_EXPOSED,True,True,"High-confidence fine-tune notebooks build one dataset from all 2057 rows. For fallback rows, sample identity was exposed although historical augmented bytes are not reproducible."
437cf0ab7a486f3be02d,Soil_Labeled_Data/M_90_100/L_20_30/alluvial/IMG_0499_M_10_20_gray_brown_M_40_50_gray_brown_M_50_60_dark_brown_M_60_70_dark_brown_M_70_80_wet_gray_M_80_90_dark_brown.jpg,6b2ba198db24ece86a8631c85d891cf1ef93f0611cc21bf3d806aa4a8c1a4b8a,train,HISTORICALLY_EXPOSED,True,True,"High-confidence fine-tune notebooks build one dataset from all 2057 rows. For fallback rows, sample identity was exposed although historical augmented bytes are not reproducible."
d3ac10460e8293941bbb,Soil_Labeled_Data/M_90_100/L_20_30/alluvial/IMG_0501_M_10_20_clayish_red_M_40_50_gray_brown_M_50_60_clay_red_M_70_80_dark_brown.jpg,9845b0d7aa5ce5954c0820d8a1d32f6c6a86c4783647cc63cd9ea9296db7cd24,train,HISTORICALLY_EXPOSED,True,True,"High-confidence fine-tune notebooks build one dataset from all 2057 rows. For fallback rows, sample identity was exposed although historical augmented bytes are not reproducible."
d11bfadec5b83297a511,Soil_Labeled_Data/M_90_100/L_20_30/alluvial/IMG_0505_M_10_20_gray_brown_M_40_50_gray_brown_M_50_60_dark_brown_M_70_80_wet_gray.jpg,41219a0a2bb42d34e65ad63c017e2043443566d31b25b4c45667cbf1c2c58697,train,HISTORICALLY_EXPOSED,True,True,"High-confidence fine-tune notebooks build one dataset from all 2057 rows. For fallback rows, sample identity was exposed although historical augmented bytes are not reproducible."
e1e61a18ef881cc28e86,Soil_Labeled_Data/M_90_100/L_20_30/alluvial/IMG_0508_M_10_20_clayish_red_M_40_50_gray_brown_M_60_70_dark_brown_M_70_80_clay_red_M_80_90_dark_brown.jpg,1095e11edb5168232b13f1e5bdd4f69f2d7099c2769f25be56296189de3f912e,validation,HISTORICALLY_EXPOSED,True,True,"High-confidence fine-tune notebooks build one dataset from all 2057 rows. For fallback rows, sample identity was exposed although historical augmented bytes are not reproducible."
1b1355ae9bb7c8109a7f,Soil_Labeled_Data/M_90_100/L_20_30/alluvial/IMG_0508_M_10_20_pale_yellow_M_40_50_dark_brown_M_60_70_dark_brown_M_70_80_wet_gray_M_80_90_dark_brown.jpg,4775d475a298bfef7ff53cc4163cea708289e90bfaa8b6e142ef6762730b7a80,validation,HISTORICALLY_EXPOSED,True,True,"High-confidence fine-tune notebooks build one dataset from all 2057 rows. For fallback rows, sample identity was exposed although historical augmented bytes are not reproducible."
af10547d521ab22acbdb,Soil_Labeled_Data/M_90_100/L_20_30/alluvial/IMG_0511_M_10_20_light_brown_M_40_50_light_brown_M_50_60_clay_red_M_70_80_wet_gray_M_80_90_wet_gray.jpg,7b6487ea2821cb860c9d87b4c5c3cd6207886b302db2a52c60673462d196d2d5,train,HISTORICALLY_EXPOSED,True,True,"High-confidence fine-tune notebooks build one dataset from all 2057 rows. For fallback rows, sample identity was exposed although historical augmented bytes are not reproducible."
0b8c6e1f163fe51ffb1c,Soil_Labeled_Data/M_90_100/L_20_30/alluvial/IMG_0512_M_10_20_light_brown_M_40_50_light_brown_M_50_60_dark_brown_M_60_70_clay_red_M_80_90_wet_gray.jpg,5e7df73b4f4453f54c89d5b83c14674dd3cdc3f352d9ba376043e17fb91ef24b,validation,HISTORICALLY_EXPOSED,True,True,"High-confidence fine-tune notebooks build one dataset from all 2057 rows. For fallback rows, sample identity was exposed although historical augmented bytes are not reproducible."
6819f5ab63dfd5cc1bd0,Soil_Labeled_Data/M_90_100/L_20_30/alluvial/IMG_0516_M_10_20_gray_brown_M_40_50_gray_brown_M_60_70_wet_gray_M_80_90_dark_brown.jpg,336a624cb94757d7b095dea46882b687f9cd792ee2b7c1637f2ee96a5a09f727,train,HISTORICALLY_EXPOSED,True,True,"High-confidence fine-tune notebooks build one dataset from all 2057 rows. For fallback rows, sample identity was exposed although historical augmented bytes are not reproducible."
9787def80fc958aa5c8f,Soil_Labeled_Data/M_90_100/L_20_30/alluvial/z5716143848502_4bd0eba511c987674067e6093eb213b9_M_30_40_gray_brown_M_40_50_dark_brown_M_60_70_dark_brown_M_70_80_dark_brown.jpg,70f138786567ec6ed7c3d2930d5e44c14ad14d4daf137b720e45bd3a2591153b,validation,HISTORICALLY_EXPOSED,True,True,"High-confidence fine-tune notebooks build one dataset from all 2057 rows. For fallback rows, sample identity was exposed although historical augmented bytes are not reproducible."
1f779a061560a5528cd3,Soil_Labeled_Data/M_90_100/L_20_30/alluvial/z5716144261339_6eba7d5b24673487e96288acbc583744_M_30_40_light_brown_M_50_60_gray_brown_M_60_70_dark_brown_M_70_80_wet_gray_M_80_90_wet_gray.jpg,6913b3ba7412c11b2d8efc4f820b9494325dc375a0098226ad7868539244cdd3,train,HISTORICALLY_EXPOSED,True,True,"High-confidence fine-tune notebooks build one dataset from all 2057 rows. For fallback rows, sample identity was exposed although historical augmented bytes are not reproducible."
1076bef82aefa62a0f2d,Soil_Labeled_Data/M_90_100/L_20_30/alluvial/z5716144322709_8f70df660518e4d32c3fa16707b39049_M_30_40_light_brown_M_40_50_gray_brown_M_50_60_clay_red_M_70_80_wet_gray.jpg,4a6f534ac2fa63570f09a16ed69760306a66622075427747cd6611fcb9ab2505,train,HISTORICALLY_EXPOSED,True,True,"High-confidence fine-tune notebooks build one dataset from all 2057 rows. For fallback rows, sample identity was exposed although historical augmented bytes are not reproducible."
22bac7bed48aaa768808,Soil_Labeled_Data/M_90_100/L_20_30/alluvial/z5716144366625_bc3324d4901d90171755a8afaa56411d_M_30_40_pale_yellow_M_40_50_gray_brown_M_50_60_gray_brown_M_60_70_clay_red_M_80_90_dark_brown.jpg,66b98e7c1da605444bb8b4dc37407d8655e9bdcaa99ce5379e58857122e688b6,train,HISTORICALLY_EXPOSED,True,True,"High-confidence fine-tune notebooks build one dataset from all 2057 rows. For fallback rows, sample identity was exposed although historical augmented bytes are not reproducible."
81c0de7df698cc27afdd,Soil_Labeled_Data/M_90_100/L_30_40/alluvial/IMG_0100_M_0_10_gray_brown_M_40_50_light_brown_M_50_60_clay_red_M_70_80_dark_brown.jpg,9b13faf9157fb9193656283512536f22ca074568600b189d00bbb9ce0557e990,train,HISTORICALLY_EXPOSED,True,True,"High-confidence fine-tune notebooks build one dataset from all 2057 rows. For fallback rows, sample identity was exposed although historical augmented bytes are not reproducible."
731c1131f507e1cd3b02,Soil_Labeled_Data/M_90_100/L_30_40/alluvial/IMG_0107_M_0_10_clayish_red_M_40_50_gray_brown_M_50_60_dark_brown_M_70_80_dark_brown.jpg,a1c86e5befd213b27606cbf54252f89508c30ca050db676b9deac372081b059f,train,HISTORICALLY_EXPOSED,True,True,"High-confidence fine-tune notebooks build one dataset from all 2057 rows. For fallback rows, sample identity was exposed although historical augmented bytes are not reproducible."
751f6556e617c15468c8,Soil_Labeled_Data/M_90_100/L_30_40/alluvial/IMG_0107_M_0_10_clayish_red_M_40_50_gray_brown_M_60_70_dark_brown_M_70_80_dark_brown.jpg,18d3f5b5d8feddefeb8c27da92902427411a87362c4e1e41dd76f407d0dd1f44,train,HISTORICALLY_EXPOSED,True,True,"High-confidence fine-tune notebooks build one dataset from all 2057 rows. For fallback rows, sample identity was exposed although historical augmented bytes are not reproducible."
3aae99b469f583293485,Soil_Labeled_Data/M_90_100/L_30_40/alluvial/IMG_0110_M_0_10_gray_brown_M_40_50_light_brown_M_50_60_clay_red_M_70_80_wet_gray_M_80_90_dark_brown.jpg,6ae8fba8b38d4a57662bf0c7ff0dc731ed0978f222aef424086a13bce23432b5,validation,HISTORICALLY_EXPOSED,True,True,"High-confidence fine-tune notebooks build one dataset from all 2057 rows. For fallback rows, sample identity was exposed although historical augmented bytes are not reproducible."
f7af2621dc5ef87bfb1c,Soil_Labeled_Data/M_90_100/L_30_40/alluvial/IMG_0114_M_0_10_clayish_red_M_40_50_gray_brown_M_50_60_gray_brown_M_60_70_dark_brown_M_70_80_dark_brown.jpg,d0f4fa54b45201da17c737d2f6fff74203dd6f58dafc7ee8c820aabe0e0710cc,validation,HISTORICALLY_EXPOSED,True,True,"High-confidence fine-tune notebooks build one dataset from all 2057 rows. For fallback rows, sample identity was exposed although historical augmented bytes are not reproducible."
ca3b6f5b6675c712b3af,Soil_Labeled_Data/M_90_100/L_30_40/alluvial/IMG_0546_M_10_20_clayish_red_M_40_50_gray_brown_M_50_60_dark_brown_M_60_70_dark_brown_M_70_80_wet_gray.jpg,a20fb68332e2966f23d0c6b8aa2fdb530e8d4964cead439520a28de54e5a2f7d,train,HISTORICALLY_EXPOSED,True,True,"High-confidence fine-tune notebooks build one dataset from all 2057 rows. For fallback rows, sample identity was exposed although historical augmented bytes are not reproducible."
0d610a4fa2f05f0ce07d,Soil_Labeled_Data/M_90_100/L_30_40/alluvial/IMG_0551_M_10_20_light_brown_M_40_50_gray_brown_M_50_60_clay_red_M_70_80_wet_gray_M_80_90_dark_brown.jpg,2652b9060130ebefa548a66838a3078d5607d799143c2d166a1ea8d4b6d94ba3,train,HISTORICALLY_EXPOSED,True,True,"High-confidence fine-tune notebooks build one dataset from all 2057 rows. For fallback rows, sample identity was exposed although historical augmented bytes are not reproducible."
7c36314ad19a0073fec8,Soil_Labeled_Data/M_90_100/L_30_40/alluvial/IMG_0552_M_10_20_light_brown_M_40_50_gray_brown_M_60_70_dark_brown_M_70_80_wet_gray.jpg,e290a0bfaf254925d4e705e45e99a87a511604804b29eff0fbb7f6f1b3217122,train,HISTORICALLY_EXPOSED,True,True,"High-confidence fine-tune notebooks build one dataset from all 2057 rows. For fallback rows, sample identity was exposed although historical augmented bytes are not reproducible."
c686a0d54a2d5d3b6819,Soil_Labeled_Data/M_90_100/L_30_40/alluvial/IMG_0553_M_10_20_light_brown_M_40_50_dark_brown_M_60_70_dark_brown_M_70_80_dark_brown.jpg,00075f6cfe01cb02fc80b22f60b0548ba893de476855bef61edc85d4baaee10f,train,HISTORICALLY_EXPOSED,True,True,"High-confidence fine-tune notebooks build one dataset from all 2057 rows. For fallback rows, sample identity was exposed although historical augmented bytes are not reproducible."
530be544fb5c5e62d1eb,Soil_Labeled_Data/M_90_100/L_30_40/alluvial/IMG_0553_M_10_20_pale_yellow_M_40_50_dark_brown_M_60_70_dark_brown_M_70_80_clay_red_M_80_90_wet_gray.jpg,5f4e1af9982b66d8a754a6ccb032f30fa5d4c86908bb261a5932397f5ce0bb74,test,HISTORICALLY_EXPOSED,True,True,"High-confidence fine-tune notebooks build one dataset from all 2057 rows. For fallback rows, sample identity was exposed although historical augmented bytes are not reproducible."
781d4c53bc7232b570af,Soil_Labeled_Data/M_90_100/L_30_40/alluvial/IMG_0554_M_10_20_light_brown_M_40_50_gray_brown_M_50_60_dark_brown_M_60_70_clay_red_M_70_80_wet_gray.jpg,20fa54ee6ee4d184f87e6c14a0037906e6c4ee621fbb74b67328cf694e1a5ef4,train,HISTORICALLY_EXPOSED,True,True,"High-confidence fine-tune notebooks build one dataset from all 2057 rows. For fallback rows, sample identity was exposed although historical augmented bytes are not reproducible."
7ceccdb238c2d7c3d5be,Soil_Labeled_Data/M_90_100/L_30_40/alluvial/IMG_0556_M_10_20_gray_brown_M_40_50_light_brown_M_50_60_dark_brown_M_60_70_dark_brown_M_70_80_wet_gray.jpg,38dd0b84313b622fb56d67bb0cd4afe3640871f4968fbddb3c245c19f0344866,train,HISTORICALLY_EXPOSED,True,True,"High-confidence fine-tune notebooks build one dataset from all 2057 rows. For fallback rows, sample identity was exposed although historical augmented bytes are not reproducible."
fe10da7a37bd13181ec4,Soil_Labeled_Data/M_90_100/L_30_40/alluvial/IMG_0558_M_10_20_light_brown_M_40_50_light_brown_M_50_60_clay_red_M_70_80_clay_red_M_80_90_wet_gray.jpg,9a129a1e55538386ef7c0975ddb5435a5b0f95f41f8853b9d50b244c27f4dc13,train,HISTORICALLY_EXPOSED,True,True,"High-confidence fine-tune notebooks build one dataset from all 2057 rows. For fallback rows, sample identity was exposed although historical augmented bytes are not reproducible."
5e5eb986cfd4e950f21b,Soil_Labeled_Data/M_90_100/L_30_40/alluvial/IMG_0561_M_10_20_clayish_red_M_40_50_light_brown_M_50_60_clay_red_M_70_80_dark_brown.jpg,20905b9a0e8fb9b657e907de45bb07a991c65de70412ad060755b1a7641e3bc0,train,HISTORICALLY_EXPOSED,True,True,"High-confidence fine-tune notebooks build one dataset from all 2057 rows. For fallback rows, sample identity was exposed although historical augmented bytes are not reproducible."
9b4c631d0c98682e0a16,Soil_Labeled_Data/M_90_100/L_30_40/alluvial/IMG_0561_M_10_20_light_brown_M_40_50_dark_brown_M_60_70_clay_red_M_80_90_dark_brown.jpg,14c2a0b57e24cd8df59971a661eccd8c95618a66801f97b44e4eb382b807351c,train,HISTORICALLY_EXPOSED,True,True,"High-confidence fine-tune notebooks build one dataset from all 2057 rows. For fallback rows, sample identity was exposed although historical augmented bytes are not reproducible."
88803e055d3e8b937844,Soil_Labeled_Data/M_90_100/L_30_40/alluvial/z5716113532944_e24b5c26485417eddb8588efca3eea1f_M_30_40_light_brown_M_40_50_gray_brown_M_60_70_dark_brown_M_70_80_clay_red_M_80_90_wet_gray.jpg,ecfd60857be8ae2f70135482d912c481ab34800e08c9f362d2652b0a3f9944ac,validation,HISTORICALLY_EXPOSED,True,True,"High-confidence fine-tune notebooks build one dataset from all 2057 rows. For fallback rows, sample identity was exposed although historical augmented bytes are not reproducible."
5088a91b0e9df5ccae16,Soil_Labeled_Data/M_90_100/L_30_40/alluvial/z5716113632942_5f926ef109e13eb9a864102d6cae87cc_M_30_40_light_brown_M_50_60_gray_brown_M_60_70_dark_brown_M_70_80_dark_brown.jpg,00fea6dd7fe5df00134ba4dc8e3e29bda5b5e0820f5dd82290057bc41b7c7751,train,HISTORICALLY_EXPOSED,True,True,"High-confidence fine-tune notebooks build one dataset from all 2057 rows. For fallback rows, sample identity was exposed although historical augmented bytes are not reproducible."
09c5f157f6f8fc55457a,Soil_Labeled_Data/M_90_100/L_30_40/alluvial/z5716113777056_8bcc905fd2e415355a24bcfe07180a6f_M_30_40_gray_brown_M_40_50_gray_brown_M_50_60_dark_brown_M_70_80_wet_gray.jpg,e80a9ab6710c21dd3aaa19aaa8c2757b93c7db18d37183721fb6ea14ebba03b6,train,HISTORICALLY_EXPOSED,True,True,"High-confidence fine-tune notebooks build one dataset from all 2057 rows. For fallback rows, sample identity was exposed although historical augmented bytes are not reproducible."
3d213572093f5df3835f,Soil_Labeled_Data/M_90_100/L_30_40/alluvial/z5716115913721_f7cff5280e557d5287ca5504b449cdf7_M_30_40_clayish_red_M_40_50_dark_brown_M_60_70_clay_red_M_70_80_dark_brown.jpg,9f3519e85d848bdc8532b66f176619f8e493318fd95e718bf9d7055b75c39ac4,train,HISTORICALLY_EXPOSED,True,True,"High-confidence fine-tune notebooks build one dataset from all 2057 rows. For fallback rows, sample identity was exposed although historical augmented bytes are not reproducible."
35c4902ae465e62d434d,Soil_Labeled_Data/M_90_100/L_30_40/alluvial/z5716116069545_936bc475e6398cdb5d8a3577d0e2c145_M_30_40_light_brown_M_40_50_gray_brown_M_60_70_dark_brown_M_70_80_wet_gray.jpg,7abdfb921d1ab6909ce8ae1ff501199a371011e6d52cb9950d570c338716efcc,validation,HISTORICALLY_EXPOSED,True,True,"High-confidence fine-tune notebooks build one dataset from all 2057 rows. For fallback rows, sample identity was exposed although historical augmented bytes are not reproducible."
a524f8df897c19c62cbc,Soil_Labeled_Data/M_90_100/L_40_50/alluvial/IMG_0152_M_0_10_light_brown_M_40_50_gray_brown_M_60_70_clay_red_M_70_80_wet_gray.jpg,ef89af6d5a434f351327086c63ef78c89ff2d5a12cb69976580ab56b1dbef31b,validation,HISTORICALLY_EXPOSED,True,True,"High-confidence fine-tune notebooks build one dataset from all 2057 rows. For fallback rows, sample identity was exposed although historical augmented bytes are not reproducible."
63ee041228bfdd805a20,Soil_Labeled_Data/M_90_100/L_40_50/alluvial/IMG_0156_M_0_10_pale_yellow_M_40_50_gray_brown_M_50_60_dark_brown_M_70_80_wet_gray.jpg,0c382c0acd6981f0f46c84cb7a8041656933d823e503a2b8f02103d8444ce1de,train,HISTORICALLY_EXPOSED,True,True,"High-confidence fine-tune notebooks build one dataset from all 2057 rows. For fallback rows, sample identity was exposed although historical augmented bytes are not reproducible."
adec694ce1b1694ac72d,Soil_Labeled_Data/M_90_100/L_40_50/alluvial/IMG_0161_M_0_10_gray_brown_M_40_50_dark_brown_M_60_70_dark_brown_M_70_80_wet_gray_M_80_90_dark_brown.jpg,47d7fbb04f4420351759b71722eb7dd66ce12e68c8ca27926e0f971bca532041,test,HISTORICALLY_EXPOSED,True,True,"High-confidence fine-tune notebooks build one dataset from all 2057 rows. For fallback rows, sample identity was exposed although historical augmented bytes are not reproducible."
a3a3808145d826ea2bd5,Soil_Labeled_Data/M_90_100/L_40_50/alluvial/IMG_0166_M_0_10_light_brown_M_40_50_light_brown_M_50_60_dark_brown_M_70_80_wet_gray.jpg,b5a73cbe247e9a455783f81bf8eb643efd7a2c54d3dd1375d82d931988380021,validation,HISTORICALLY_EXPOSED,True,True,"High-confidence fine-tune notebooks build one dataset from all 2057 rows. For fallback rows, sample identity was exposed although historical augmented bytes are not reproducible."
2932b15ded813a8c7b6f,Soil_Labeled_Data/M_90_100/L_40_50/alluvial/IMG_0587_M_10_20_clayish_red_M_40_50_gray_brown_M_60_70_clay_red_M_70_80_dark_brown.jpg,de8c1d0f54e58b00b9b9b0ecf4d4624ead5f6d72f01479f55d03819aa426ad66,train,HISTORICALLY_EXPOSED,True,True,"High-confidence fine-tune notebooks build one dataset from all 2057 rows. For fallback rows, sample identity was exposed although historical augmented bytes are not reproducible."
91662ef2f2c6eb1ea0c9,Soil_Labeled_Data/M_90_100/L_40_50/alluvial/IMG_0588_M_10_20_gray_brown_M_40_50_dark_brown_M_60_70_clay_red_M_80_90_wet_gray.jpg,ff81483559ac4da8185cb58c90d9be10a907fc432f7e21d358ec2730378e2ad6,train,HISTORICALLY_EXPOSED,True,True,"High-confidence fine-tune notebooks build one dataset from all 2057 rows. For fallback rows, sample identity was exposed although historical augmented bytes are not reproducible."
3c41824a3d56907ed07d,Soil_Labeled_Data/M_90_100/L_40_50/alluvial/IMG_0588_M_10_20_gray_brown_M_40_50_light_brown_M_50_60_clay_red_M_70_80_dark_brown.jpg,9dec66f7436345b9f31b7d900c8d78c364fa7440d0a5111dfa24357e74633d97,train,HISTORICALLY_EXPOSED,True,True,"High-confidence fine-tune notebooks build one dataset from all 2057 rows. For fallback rows, sample identity was exposed although historical augmented bytes are not reproducible."
342b7e494465acc1008b,Soil_Labeled_Data/M_90_100/L_40_50/alluvial/IMG_0589_M_10_20_light_brown_M_40_50_dark_brown_M_60_70_clay_red_M_70_80_wet_gray_M_80_90_dark_brown.jpg,a0ccda887ba1c5ef03bcea2707073446f3099ffbc203f4e9bfdd263584e4826c,train,HISTORICALLY_EXPOSED,True,True,"High-confidence fine-tune notebooks build one dataset from all 2057 rows. For fallback rows, sample identity was exposed although historical augmented bytes are not reproducible."
aedc9febfe8bd0979047,Soil_Labeled_Data/M_90_100/L_40_50/alluvial/IMG_0591_M_10_20_gray_brown_M_40_50_dark_brown_M_60_70_dark_brown_M_70_80_clay_red_M_80_90_dark_brown.jpg,d90f1102b51fc763faef1f623316b08da0ff0fc443fd0e21c2f9bf28d29941a2,train,HISTORICALLY_EXPOSED,True,True,"High-confidence fine-tune notebooks build one dataset from all 2057 rows. For fallback rows, sample identity was exposed although historical augmented bytes are not reproducible."
5e8deae49d418589a665,Soil_Labeled_Data/M_90_100/L_40_50/alluvial/IMG_0591_M_10_20_gray_brown_M_40_50_dark_brown_M_60_70_dark_brown_M_70_80_dark_brown.jpg,19627e726d8d736275897b341abfec6787a312627d17375e91f76a484ca38fb8,train,HISTORICALLY_EXPOSED,True,True,"High-confidence fine-tune notebooks build one dataset from all 2057 rows. For fallback rows, sample identity was exposed although historical augmented bytes are not reproducible."
9a6acb7be140c5694c00,Soil_Labeled_Data/M_90_100/L_40_50/alluvial/IMG_0593_M_10_20_light_brown_M_40_50_light_brown_M_50_60_gray_brown_M_60_70_dark_brown_M_70_80_dark_brown.jpg,b7dfb39c1acd71091f3690fe292ca5e33d6695211a6670ea803a7d37dc684425,validation,HISTORICALLY_EXPOSED,True,True,"High-confidence fine-tune notebooks build one dataset from all 2057 rows. For fallback rows, sample identity was exposed although historical augmented bytes are not reproducible."
417f82415ac0a5b0eba9,Soil_Labeled_Data/M_90_100/L_40_50/alluvial/IMG_0595_M_10_20_pale_yellow_M_40_50_gray_brown_M_60_70_dark_brown_M_70_80_wet_gray_M_80_90_dark_brown.jpg,4cd09fcb90c2c8e86a8f0dc741f3dff6e974bc85951f51ab5b51a65fb4b313b9,train,HISTORICALLY_EXPOSED,True,True,"High-confidence fine-tune notebooks build one dataset from all 2057 rows. For fallback rows, sample identity was exposed although historical augmented bytes are not reproducible."
ceac9a008e2e7fb2dd98,Soil_Labeled_Data/M_90_100/L_40_50/alluvial/IMG_0602_M_10_20_light_brown_M_40_50_gray_brown_M_50_60_clay_red_M_70_80_clay_red_M_80_90_dark_brown.jpg,4ceae8b12e737b2e0bab496579e5b12ff24ace884eab12b38423a37605d35397,train,HISTORICALLY_EXPOSED,True,True,"High-confidence fine-tune notebooks build one dataset from all 2057 rows. For fallback rows, sample identity was exposed although historical augmented bytes are not reproducible."
4534978e4155cc3f0594,Soil_Labeled_Data/M_90_100/L_40_50/alluvial/z5719914753588_0c56217f338c6ce291955ae9b10cce77_M_30_40_gray_brown_M_50_60_gray_brown_M_60_70_clay_red_M_70_80_dark_brown.jpg,20b86607efc907410aea4dea6c4c1742c7978270344abf2b982e5e712efbcf88,train,HISTORICALLY_EXPOSED,True,True,"High-confidence fine-tune notebooks build one dataset from all 2057 rows. For fallback rows, sample identity was exposed although historical augmented bytes are not reproducible."
2b06cd91c63676b91be0,Soil_Labeled_Data/M_90_100/L_40_50/alluvial/z5719914924505_76c1acb4c3a03965a67149c70566e117_M_30_40_clayish_red_M_40_50_gray_brown_M_60_70_clay_red_M_70_80_wet_gray.jpg,3419e52a9e1c8990b63e921529d8e467b3c9d227e4fd280b5224c7b849af79b8,train,HISTORICALLY_EXPOSED,True,True,"High-confidence fine-tune notebooks build one dataset from all 2057 rows. For fallback rows, sample identity was exposed although historical augmented bytes are not reproducible."
3f599059653886c1257d,Soil_Labeled_Data/M_90_100/L_40_50/alluvial/z5719914960624_6e7d01c6f99d68c85a781306a1116111_M_30_40_clayish_red_M_40_50_gray_brown_M_60_70_clay_red_M_80_90_dark_brown.jpg,0feb1258f1d7e6cd15dc2f51035fc960a01a8ad8cc3846621c494634cae8c284,test,HISTORICALLY_EXPOSED,True,True,"High-confidence fine-tune notebooks build one dataset from all 2057 rows. For fallback rows, sample identity was exposed although historical augmented bytes are not reproducible."
d71973927eb6a77c83a7,Soil_Labeled_Data/M_90_100/L_40_50/alluvial/z5719915081454_c67fb96c8fd1c13e8d457956fcdd9641_M_30_40_gray_brown_M_50_60_clay_red_M_70_80_wet_gray.jpg,2633621ec41b8f8684ba88ae64a654bf4201fc0897dcb05a397a802573f61676,train,HISTORICALLY_EXPOSED,True,True,"High-confidence fine-tune notebooks build one dataset from all 2057 rows. For fallback rows, sample identity was exposed although historical augmented bytes are not reproducible."
8ac03e23ad56347af4fa,Soil_Labeled_Data/M_90_100/L_40_50/alluvial/z5719915081454_c67fb96c8fd1c13e8d457956fcdd9641_M_30_40_gray_brown_M_50_60_gray_brown_M_60_70_dark_brown_M_70_80_wet_gray.jpg,59cf7e321f2ef8c3eabe7d639feed98da766071d4a08d56e7730f1880a7b0aa9,train,HISTORICALLY_EXPOSED,True,True,"High-confidence fine-tune notebooks build one dataset from all 2057 rows. For fallback rows, sample identity was exposed although historical augmented bytes are not reproducible."
84cdaa69128261020d7c,Soil_Labeled_Data/M_90_100/L_40_50/alluvial/z5719915146239_5ca09d7569cc6cb956c748dbf20149ff_M_30_40_pale_yellow_M_40_50_gray_brown_M_50_60_dark_brown_M_60_70_clay_red_M_70_80_dark_brown.jpg,8ccaf24d1e37ec273374b81278afa422ac3aa4743a571b442b07b3212939fcb4,train,HISTORICALLY_EXPOSED,True,True,"High-confidence fine-tune notebooks build one dataset from all 2057 rows. For fallback rows, sample identity was exposed although historical augmented bytes are not reproducible."
7f56adda7dbfe4c53f70,Soil_Labeled_Data/M_90_100/L_40_50/alluvial/z5719915191781_9fbc3215a4e768d8a242c9aae23d78e3_M_30_40_gray_brown_M_40_50_light_brown_M_50_60_gray_brown_M_60_70_clay_red_M_70_80_wet_gray_M_80_90_dark_brown.jpg,5f13e1e5229a5a66b41dfe07a049a2237a273c5abae9ce3c07326e216b3db7f1,train,HISTORICALLY_EXPOSED,True,True,"High-confidence fine-tune notebooks build one dataset from all 2057 rows. For fallback rows, sample identity was exposed although historical augmented bytes are not reproducible."
f91aade0d890556cffdf,Soil_Labeled_Data/M_90_100/L_50_60/alluvial/IMG_0196_M_0_10_clayish_red_M_40_50_light_brown_M_50_60_gray_brown_M_60_70_wet_gray_M_80_90_dark_brown.jpg,c6f82ab43f936a01a6b135387403e29a3e80f2467961b4406ad5004411df9351,train,HISTORICALLY_EXPOSED,True,True,"High-confidence fine-tune notebooks build one dataset from all 2057 rows. For fallback rows, sample identity was exposed although historical augmented bytes are not reproducible."
c70d55057300d72a7b24,Soil_Labeled_Data/M_90_100/L_50_60/alluvial/IMG_0206_M_0_10_clayish_red_M_40_50_gray_brown_M_50_60_dark_brown_M_60_70_clay_red_M_70_80_dark_brown.jpg,4676c875c5e91e6ec50ab6854411a0d76ff02c12f9f115570bcc1eafde624c9e,validation,HISTORICALLY_EXPOSED,True,True,"High-confidence fine-tune notebooks build one dataset from all 2057 rows. For fallback rows, sample identity was exposed although historical augmented bytes are not reproducible."
3f745461cf62d1a145b7,Soil_Labeled_Data/M_90_100/L_50_60/alluvial/IMG_0208_M_0_10_light_brown_M_40_50_gray_brown_M_50_60_dark_brown_M_60_70_clay_red_M_70_80_wet_gray.jpg,50c577a76a792b0cc0c194709d12cd672fb4668226d60d806d83d80098cc920c,train,HISTORICALLY_EXPOSED,True,True,"High-confidence fine-tune notebooks build one dataset from all 2057 rows. For fallback rows, sample identity was exposed although historical augmented bytes are not reproducible."
b12ba8323ae141a833e6,Soil_Labeled_Data/M_90_100/L_50_60/alluvial/IMG_0208_M_0_10_light_brown_M_40_50_gray_brown_M_60_70_dark_brown_M_70_80_wet_gray_M_80_90_dark_brown.jpg,43b077e688dd5108ffe133fe67ae7d76bc6de1f4e5bf91c32bc561ae7d5cabfa,validation,HISTORICALLY_EXPOSED,True,True,"High-confidence fine-tune notebooks build one dataset from all 2057 rows. For fallback rows, sample identity was exposed although historical augmented bytes are not reproducible."
316a4e52faf0bd6bf929,Soil_Labeled_Data/M_90_100/L_50_60/alluvial/IMG_0212_M_0_10_light_brown_M_40_50_dark_brown_M_60_70_clay_red_M_80_90_wet_gray.jpg,54528a35af4b3264d8c1f5e2fa4337f092dca5ab1c4ad5519cbbbea0fce6b095,train,HISTORICALLY_EXPOSED,True,True,"High-confidence fine-tune notebooks build one dataset from all 2057 rows. For fallback rows, sample identity was exposed although historical augmented bytes are not reproducible."
281aa23d133dfc3dcd62,Soil_Labeled_Data/M_90_100/L_50_60/alluvial/IMG_0627_M_10_20_clayish_red_M_40_50_gray_brown_M_50_60_gray_brown_M_60_70_clay_red_M_80_90_wet_gray.jpg,cdeed2dc0d19cdf9dfbbd592f7a4bdcf14b175f1375f9289bc05d986338e776f,train,HISTORICALLY_EXPOSED,True,True,"High-confidence fine-tune notebooks build one dataset from all 2057 rows. For fallback rows, sample identity was exposed although historical augmented bytes are not reproducible."
e1feef09f2d2051b4fb8,Soil_Labeled_Data/M_90_100/L_50_60/alluvial/IMG_0631_M_10_20_light_brown_M_40_50_light_brown_M_50_60_dark_brown_M_70_80_clay_red_M_80_90_dark_brown.jpg,047a92f61553738e838c50f1d273ef1fdf0f6302a088487e47c5972bfc4d403b,train,HISTORICALLY_EXPOSED,True,True,"High-confidence fine-tune notebooks build one dataset from all 2057 rows. For fallback rows, sample identity was exposed although historical augmented bytes are not reproducible."
5fb9982cef9533074c07,Soil_Labeled_Data/M_90_100/L_50_60/alluvial/IMG_0635_M_10_20_clayish_red_M_40_50_gray_brown_M_50_60_gray_brown_M_60_70_clay_red_M_80_90_wet_gray.jpg,f81b10b7e852caba6f6e5be3d48d6e7f5784a22211130f9b46300d487e38126b,train,HISTORICALLY_EXPOSED,True,True,"High-confidence fine-tune notebooks build one dataset from all 2057 rows. For fallback rows, sample identity was exposed although historical augmented bytes are not reproducible."
89b1a430e020562d3b65,Soil_Labeled_Data/M_90_100/L_50_60/alluvial/IMG_0642_M_10_20_gray_brown_M_40_50_dark_brown_M_60_70_wet_gray_M_80_90_wet_gray.jpg,431cbda8afb43518a670345454d2eb0a259c2e31e09212d6008f9d8662bfef94,train,HISTORICALLY_EXPOSED,True,True,"High-confidence fine-tune notebooks build one dataset from all 2057 rows. For fallback rows, sample identity was exposed although historical augmented bytes are not reproducible."
999d483610a2f1739025,Soil_Labeled_Data/M_90_100/L_50_60/alluvial/IMG_0643_M_10_20_gray_brown_M_40_50_gray_brown_M_50_60_dark_brown_M_70_80_wet_gray.jpg,1849f8ccf63d9e4b6f00031ae1b276a812dae3bf7f0ab77c9961046836c05f0c,train,HISTORICALLY_EXPOSED,True,True,"High-confidence fine-tune notebooks build one dataset from all 2057 rows. For fallback rows, sample identity was exposed although historical augmented bytes are not reproducible."
69c32dc32089c62fb6f0,Soil_Labeled_Data/M_90_100/L_50_60/alluvial/IMG_0643_M_10_20_light_brown_M_40_50_gray_brown_M_50_60_dark_brown_M_60_70_wet_gray_M_80_90_wet_gray.jpg,3b5b25aedbe709b746c0488c1d707a059ed604e161ce1853c9beb342928ddba6,train,HISTORICALLY_EXPOSED,True,True,"High-confidence fine-tune notebooks build one dataset from all 2057 rows. For fallback rows, sample identity was exposed although historical augmented bytes are not reproducible."
b5ab7e23c845226e9684,Soil_Labeled_Data/M_90_100/L_50_60/alluvial/IMG_0644_M_10_20_light_brown_M_40_50_light_brown_M_50_60_dark_brown_M_70_80_clay_red_M_80_90_dark_brown.jpg,9d81f2126bff2e6b13a14cab02946c8d8b16bf4ce9217170968a7a6be4350f68,validation,HISTORICALLY_EXPOSED,True,True,"High-confidence fine-tune notebooks build one dataset from all 2057 rows. For fallback rows, sample identity was exposed although historical augmented bytes are not reproducible."
ff7a24cda28f8d9192f7,Soil_Labeled_Data/M_90_100/L_50_60/alluvial/IMG_0644_M_10_20_light_brown_M_40_50_light_brown_M_50_60_dark_brown_M_70_80_wet_gray.jpg,a3fdee179b8f4fee100a5963ba499eeb0eda5283752b6a485c90e8a3d8e5fb6f,validation,HISTORICALLY_EXPOSED,True,True,"High-confidence fine-tune notebooks build one dataset from all 2057 rows. For fallback rows, sample identity was exposed although historical augmented bytes are not reproducible."
79e50a8e654703a21259,Soil_Labeled_Data/M_90_100/L_50_60/alluvial/z5719945128230_6802d6f378727442f0aab01c758677a5_M_30_40_gray_brown_M_40_50_gray_brown_M_50_60_dark_brown_M_60_70_clay_red_M_70_80_clay_red_M_80_90_dark_brown.jpg,7ee9a39438b5ce2a11465db0b44dac1c2bb745f38bebe3d8ddb702c1477941e7,validation,HISTORICALLY_EXPOSED,True,True,"High-confidence fine-tune notebooks build one dataset from all 2057 rows. For fallback rows, sample identity was exposed although historical augmented bytes are not reproducible."
a06c5671e246d21c599a,Soil_Labeled_Data/M_90_100/L_50_60/alluvial/z5719945128230_6802d6f378727442f0aab01c758677a5_M_30_40_pale_yellow_M_40_50_gray_brown_M_60_70_dark_brown_M_70_80_wet_gray_M_80_90_wet_gray.jpg,0823d179edf6534f0f7c2b63aef8ab4150e39d8823492baadeec98c70b749388,train,HISTORICALLY_EXPOSED,True,True,"High-confidence fine-tune notebooks build one dataset from all 2057 rows. For fallback rows, sample identity was exposed although historical augmented bytes are not reproducible."
da2d1e3962955f74c024,Soil_Labeled_Data/M_90_100/L_50_60/alluvial/z5719945282121_22a25cca44c3ca90506d7f082a8e62ba_M_30_40_gray_brown_M_50_60_dark_brown_M_70_80_wet_gray.jpg,964a3b1e3f0130b8c33a4237a6e577fadeb84c0286fc4b64fe501764103299e1,validation,HISTORICALLY_EXPOSED,True,True,"High-confidence fine-tune notebooks build one dataset from all 2057 rows. For fallback rows, sample identity was exposed although historical augmented bytes are not reproducible."
bec22878e66eded05b88,Soil_Labeled_Data/M_90_100/L_50_60/alluvial/z5719945326572_38e3e733446eabe3bf00850bf73883e0_M_30_40_pale_yellow_M_40_50_gray_brown_M_50_60_dark_brown_M_70_80_wet_gray.jpg,25522bac840cf436f2e6398398238439149d83ea32a7391273be484c4aaf1ae5,train,HISTORICALLY_EXPOSED,True,True,"High-confidence fine-tune notebooks build one dataset from all 2057 rows. For fallback rows, sample identity was exposed although historical augmented bytes are not reproducible."
fc50176b7dd56f4390b0,Soil_Labeled_Data/M_90_100/L_50_60/alluvial/z5719945442394_074f397072a0e21797e33be6440ab366_M_30_40_light_brown_M_40_50_light_brown_M_50_60_dark_brown_M_70_80_dark_brown.jpg,84b6b908ffd7283fa84ebea3153f020b385cbac24ed164438348a693afc165fb,train,HISTORICALLY_EXPOSED,True,True,"High-confidence fine-tune notebooks build one dataset from all 2057 rows. For fallback rows, sample identity was exposed although historical augmented bytes are not reproducible."
8170858d4fa165717b55,Soil_Labeled_Data/M_90_100/L_50_60/alluvial/z5719945494405_a556366a429daf9a78448e62806f33bb_M_30_40_light_brown_M_50_60_dark_brown_M_70_80_wet_gray.jpg,36a1178b89ce0c8e326706c185d477c0214568102883e6def03961cf574537fe,train,HISTORICALLY_EXPOSED,True,True,"High-confidence fine-tune notebooks build one dataset from all 2057 rows. For fallback rows, sample identity was exposed although historical augmented bytes are not reproducible."
af2ab01f5f8fb730ab06,Soil_Labeled_Data/M_90_100/L_50_60/alluvial/z5719945512664_b31ee4aecf6a552463f894dbf83282d1_M_30_40_gray_brown_M_40_50_light_brown_M_50_60_dark_brown_M_70_80_dark_brown.jpg,cc6435701beb6269a4e5a2c1a5faf877249c4228aca43e4112c1139958391028,train,HISTORICALLY_EXPOSED,True,True,"High-confidence fine-tune notebooks build one dataset from all 2057 rows. For fallback rows, sample identity was exposed although historical augmented bytes are not reproducible."
481dfe7ef5e854e45e03,Soil_Labeled_Data/M_90_100/L_60_70/alluvial/IMG_0241_M_0_10_clayish_red_M_40_50_dark_brown_M_60_70_dark_brown_M_70_80_dark_brown.jpg,097128e4978dca2fb81dcf831f6983f18db6bf4af2b7764d5a07893274d71cd4,train,HISTORICALLY_EXPOSED,True,True,"High-confidence fine-tune notebooks build one dataset from all 2057 rows. For fallback rows, sample identity was exposed although historical augmented bytes are not reproducible."
bb65c4662712d2da57eb,Soil_Labeled_Data/M_90_100/L_60_70/alluvial/IMG_0242_M_0_10_light_brown_M_40_50_light_brown_M_50_60_dark_brown_M_60_70_dark_brown_M_70_80_dark_brown.jpg,d92e4421c637fc2d94b5217c6fdd1414b920f2c73dba137baa99f327c95bc2c6,train,HISTORICALLY_EXPOSED,True,True,"High-confidence fine-tune notebooks build one dataset from all 2057 rows. For fallback rows, sample identity was exposed although historical augmented bytes are not reproducible."
30d15ab31b5794d0eb5b,Soil_Labeled_Data/M_90_100/L_60_70/alluvial/IMG_0244_M_0_10_pale_yellow_M_40_50_dark_brown_M_60_70_dark_brown_M_70_80_clay_red_M_80_90_wet_gray.jpg,c705bb577a1999234b9f2cbf5b89cddd4b21847e6d68a9ad2a1f3543467c7e0b,test,HISTORICALLY_EXPOSED,True,True,"High-confidence fine-tune notebooks build one dataset from all 2057 rows. For fallback rows, sample identity was exposed although historical augmented bytes are not reproducible."
7b1d6f10e675c8ab20c7,Soil_Labeled_Data/M_90_100/L_60_70/alluvial/IMG_0245_M_0_10_pale_yellow_M_40_50_gray_brown_M_50_60_clay_red_M_70_80_dark_brown.jpg,76e196645dca1e612dff39dd602303b75dba8da25745626d52956c05356a3502,train,HISTORICALLY_EXPOSED,True,True,"High-confidence fine-tune notebooks build one dataset from all 2057 rows. For fallback rows, sample identity was exposed although historical augmented bytes are not reproducible."
593ac0fce58f926a690e,Soil_Labeled_Data/M_90_100/L_60_70/alluvial/IMG_0246_M_0_10_light_brown_M_40_50_gray_brown_M_60_70_wet_gray_M_80_90_dark_brown.jpg,5f23d51049695a535cf341f68219ffb3928962da09878b6c9539248650a56854,train,HISTORICALLY_EXPOSED,True,True,"High-confidence fine-tune notebooks build one dataset from all 2057 rows. For fallback rows, sample identity was exposed although historical augmented bytes are not reproducible."
2460c28655c092a6c774,Soil_Labeled_Data/M_90_100/L_60_70/alluvial/IMG_0250_M_0_10_pale_yellow_M_40_50_light_brown_M_50_60_dark_brown_M_60_70_dark_brown_M_70_80_wet_gray.jpg,84833e1b97b2b9629d1ee490285e4e0448491be94c1c16e7b0f999056cda5358,train,HISTORICALLY_EXPOSED,True,True,"High-confidence fine-tune notebooks build one dataset from all 2057 rows. For fallback rows, sample identity was exposed although historical augmented bytes are not reproducible."
80237308342f13be7b57,Soil_Labeled_Data/M_90_100/L_60_70/alluvial/IMG_0251_M_0_10_clayish_red_M_40_50_gray_brown_M_60_70_clay_red_M_70_80_dark_brown.jpg,a335a17fbd8d15244e7cd716d5e3f7086446994b5356a1d11a0949430b6f09ca,train,HISTORICALLY_EXPOSED,True,True,"High-confidence fine-tune notebooks build one dataset from all 2057 rows. For fallback rows, sample identity was exposed although historical augmented bytes are not reproducible."
8a31ccc92f66726ed97b,Soil_Labeled_Data/M_90_100/L_60_70/alluvial/IMG_0251_M_0_10_clayish_red_M_40_50_gray_brown_M_60_70_clay_red_M_70_80_wet_gray_M_80_90_wet_gray.jpg,276186ed0268df9ea8f3bdce7dcc90a5619ae35d44a265bac3c74af6781c564d,train,HISTORICALLY_EXPOSED,True,True,"High-confidence fine-tune notebooks build one dataset from all 2057 rows. For fallback rows, sample identity was exposed although historical augmented bytes are not reproducible."
b55142664db220ae90e0,Soil_Labeled_Data/M_90_100/L_60_70/alluvial/IMG_0252_M_0_10_pale_yellow_M_40_50_gray_brown_M_60_70_clay_red_M_70_80_wet_gray_M_80_90_wet_gray.jpg,e512b7ea8f03391002d40105aba97ac0abb375b9c43590a0b075ca30ca64e5b3,train,HISTORICALLY_EXPOSED,True,True,"High-confidence fine-tune notebooks build one dataset from all 2057 rows. For fallback rows, sample identity was exposed although historical augmented bytes are not reproducible."
5799fa1fc9b65d857369,Soil_Labeled_Data/M_90_100/L_60_70/alluvial/IMG_0255_M_0_10_gray_brown_M_40_50_light_brown_M_50_60_dark_brown_M_60_70_clay_red_M_70_80_wet_gray.jpg,0c7e8836c55ae0c30d19b6c793df0e2b2b11724ab6d704618f1a7599f89dd0b8,train,HISTORICALLY_EXPOSED,True,True,"High-confidence fine-tune notebooks build one dataset from all 2057 rows. For fallback rows, sample identity was exposed although historical augmented bytes are not reproducible."
9f9c0cf24dcc01e4ab0a,Soil_Labeled_Data/M_90_100/L_60_70/alluvial/IMG_0680_M_10_20_gray_brown_M_40_50_gray_brown_M_50_60_dark_brown_M_70_80_wet_gray_M_80_90_wet_gray.jpg,37146b6882729a27b86ef305750a800419df8a274ebca1ba8ea4e5a3afe8bd15,test,HISTORICALLY_EXPOSED,True,True,"High-confidence fine-tune notebooks build one dataset from all 2057 rows. For fallback rows, sample identity was exposed although historical augmented bytes are not reproducible."
a6cbb11aa2e0aadadea9,Soil_Labeled_Data/M_90_100/L_60_70/alluvial/IMG_0682_M_10_20_light_brown_M_30_40_gray_brown_M_50_60_dark_brown_M_60_70_clay_red_M_70_80_clay_red_M_80_90_wet_gray.jpg,c75c94c4e496c733d4c7694e3943c545affa70daba6897220cc3b13b81d4634a,validation,HISTORICALLY_EXPOSED,True,True,"High-confidence fine-tune notebooks build one dataset from all 2057 rows. For fallback rows, sample identity was exposed although historical augmented bytes are not reproducible."
f5b9450028cd6c72931a,Soil_Labeled_Data/M_90_100/L_60_70/alluvial/IMG_0682_M_10_20_light_brown_M_30_40_gray_brown_M_50_60_dark_brown_M_60_70_wet_gray_M_80_90_dark_brown.jpg,b0483ea573ddf15cf3b1d468684928b504409fb18fbfff02ac494b2d210d0fff,validation,HISTORICALLY_EXPOSED,True,True,"High-confidence fine-tune notebooks build one dataset from all 2057 rows. For fallback rows, sample identity was exposed although historical augmented bytes are not reproducible."
5053fa8a994f46ef805c,Soil_Labeled_Data/M_90_100/L_60_70/alluvial/IMG_0682_M_10_20_light_brown_M_40_50_gray_brown_M_60_70_clay_red_M_80_90_wet_gray.jpg,b494072731f7d848d9d6f7a4e857481fec5a7e54f1380036d8a83b7fef7a0613,validation,HISTORICALLY_EXPOSED,True,True,"High-confidence fine-tune notebooks build one dataset from all 2057 rows. For fallback rows, sample identity was exposed although historical augmented bytes are not reproducible."
14689d5d2a6978ddb104,Soil_Labeled_Data/M_90_100/L_60_70/alluvial/IMG_0695_M_10_20_light_brown_M_30_40_gray_brown_M_50_60_clay_red_M_70_80_wet_gray_M_80_90_dark_brown.jpg,2605a2b27f40065fdc988d41252ce6de000b96f5db797dc8697deaa8c72a9601,train,HISTORICALLY_EXPOSED,True,True,"High-confidence fine-tune notebooks build one dataset from all 2057 rows. For fallback rows, sample identity was exposed although historical augmented bytes are not reproducible."
b98fdef0110591f8744d,Soil_Labeled_Data/M_90_100/L_60_70/alluvial/z5715084165270_22662a8e6cfa3719910b048011f20dc3_M_20_30_light_brown_M_30_40_light_brown_M_50_60_clay_red_M_70_80_wet_gray_M_80_90_dark_brown.jpg,3c42d8e6a0c902c2672776d64e1359bf3357ab57c7ccb1e37942973aba3ca2f4,train,HISTORICALLY_EXPOSED,True,True,"High-confidence fine-tune notebooks build one dataset from all 2057 rows. For fallback rows, sample identity was exposed although historical augmented bytes are not reproducible."
4748d1865b140a7689e4,Soil_Labeled_Data/M_90_100/L_60_70/alluvial/z5715084217100_56ffdcb9a7e21ae938a857822326c4e1_M_20_30_light_brown_M_30_40_light_brown_M_50_60_dark_brown_M_70_80_clay_red_M_80_90_wet_gray.jpg,b6c913cb821997a2491a620c34b442e34652eb3dbc0b5ee101723acbb8840d2a,train,HISTORICALLY_EXPOSED,True,True,"High-confidence fine-tune notebooks build one dataset from all 2057 rows. For fallback rows, sample identity was exposed although historical augmented bytes are not reproducible."
abbbbc298182bcfacebc,Soil_Labeled_Data/M_90_100/L_60_70/alluvial/z5715084235063_019bf1d09588c2fd5226859f4331698b_M_20_30_light_brown_M_30_40_light_brown_M_50_60_dark_brown_M_60_70_clay_red_M_80_90_wet_gray.jpg,7b83e7ea86c1098e1e1395cfc723caa5160969d9a43008e6fdd54405814927e4,train,HISTORICALLY_EXPOSED,True,True,"High-confidence fine-tune notebooks build one dataset from all 2057 rows. For fallback rows, sample identity was exposed although historical augmented bytes are not reproducible."
cd88d345240d851a310f,Soil_Labeled_Data/M_90_100/L_60_70/alluvial/z5715084235063_019bf1d09588c2fd5226859f4331698b_M_20_30_light_brown_M_30_40_light_brown_M_50_60_dark_brown_M_70_80_clay_red_M_80_90_wet_gray.jpg,821d2f68e657336db4e4d0a0c2e3446f7f80d0ccf4969499e65ec8ae9b7a382a,train,HISTORICALLY_EXPOSED,True,True,"High-confidence fine-tune notebooks build one dataset from all 2057 rows. For fallback rows, sample identity was exposed although historical augmented bytes are not reproducible."
6ed858a5d59606f071d5,Soil_Labeled_Data/M_90_100/L_60_70/alluvial/z5715084355096_c7964126a2b1f16f09a53be76d55e947_M_20_30_pale_yellow_M_30_40_gray_brown_M_50_60_clay_red_M_70_80_dark_brown.jpg,b63354876ff52096a9c1a26f03e5f490251b2ed0d1be5d0be8f40998e313d225,train,HISTORICALLY_EXPOSED,True,True,"High-confidence fine-tune notebooks build one dataset from all 2057 rows. For fallback rows, sample identity was exposed although historical augmented bytes are not reproducible."
d7cffab275ab700558a7,Soil_Labeled_Data/M_90_100/L_70_80/alluvial/IMG_0286_M_0_10_pale_yellow_M_40_50_gray_brown_M_50_60_clay_red_M_70_80_dark_brown.jpg,51c5989793d6147be25ec0c258a0163a568e55073f816b53524d63ea95f60494,train,HISTORICALLY_EXPOSED,True,True,"High-confidence fine-tune notebooks build one dataset from all 2057 rows. For fallback rows, sample identity was exposed although historical augmented bytes are not reproducible."
037855e63ff2381750b7,Soil_Labeled_Data/M_90_100/L_70_80/alluvial/IMG_0300_M_0_10_pale_yellow_M_40_50_dark_brown_M_60_70_dark_brown_M_70_80_clay_red_M_80_90_dark_brown.jpg,3442d802b8bd7b28acef91cec1839da27ceb4d1e12de0f802ff7cc9da24054e5,train,HISTORICALLY_EXPOSED,True,True,"High-confidence fine-tune notebooks build one dataset from all 2057 rows. For fallback rows, sample identity was exposed although historical augmented bytes are not reproducible."
dfd7b5aaebe59524cd30,Soil_Labeled_Data/M_90_100/L_70_80/alluvial/IMG_0301_M_0_10_pale_yellow_M_40_50_dark_brown_M_60_70_dark_brown_M_70_80_clay_red_M_80_90_dark_brown.jpg,a99ee5d3f99f7f31a33233feb26306633deeee855b338e6d50d89a8277477870,train,HISTORICALLY_EXPOSED,True,True,"High-confidence fine-tune notebooks build one dataset from all 2057 rows. For fallback rows, sample identity was exposed although historical augmented bytes are not reproducible."
e5940eb4e8206361afcf,Soil_Labeled_Data/M_90_100/L_70_80/alluvial/IMG_0302_M_0_10_clayish_red_M_40_50_light_brown_M_50_60_dark_brown_M_70_80_dark_brown.jpg,517cddd5b6779130234e20524d9097bc2d7aff29aa8676acd980450d77926316,validation,HISTORICALLY_EXPOSED,False,True,"High-confidence fine-tune notebooks build one dataset from all 2057 rows. For fallback rows, sample identity was exposed although historical augmented bytes are not reproducible."
f1bb7c8c012cf2524466,Soil_Labeled_Data/M_90_100/L_70_80/alluvial/IMG_0697_M_10_20_light_brown_M_40_50_gray_brown_M_50_60_clay_red_M_70_80_wet_gray.jpg,f5c2efd851074cebdf556488fc9a419ab5c02e75977985ca2ee401078d50de39,test,HISTORICALLY_EXPOSED,True,True,"High-confidence fine-tune notebooks build one dataset from all 2057 rows. For fallback rows, sample identity was exposed although historical augmented bytes are not reproducible."
333ced4ce00a2f97f8f0,Soil_Labeled_Data/M_90_100/L_70_80/alluvial/IMG_0697_M_10_20_pale_yellow_M_30_40_gray_brown_M_50_60_dark_brown_M_70_80_wet_gray_M_80_90_wet_gray.jpg,8b776e7b519c11e2df08fba6ff77a41ae746b67e836f137cf5f3b585ef043d0e,test,HISTORICALLY_EXPOSED,True,True,"High-confidence fine-tune notebooks build one dataset from all 2057 rows. For fallback rows, sample identity was exposed although historical augmented bytes are not reproducible."
a088ca3a5a0571c3f895,Soil_Labeled_Data/M_90_100/L_70_80/alluvial/IMG_0698_M_10_20_pale_yellow_M_30_40_gray_brown_M_50_60_clay_red_M_70_80_wet_gray.jpg,69f5d39004cd74bd49e7121247bacbeab029d2c06423a7dcb58f9ecc6d511086,train,HISTORICALLY_EXPOSED,True,True,"High-confidence fine-tune notebooks build one dataset from all 2057 rows. For fallback rows, sample identity was exposed although historical augmented bytes are not reproducible."
6d5dc36cd3df43766f6b,Soil_Labeled_Data/M_90_100/L_70_80/alluvial/IMG_0700_M_10_20_light_brown_M_30_40_light_brown_M_50_60_dark_brown_M_60_70_clay_red_M_80_90_wet_gray.jpg,fe32f6d5ab660da02c3f8e43a2fa052b8078ece481d13b32e6d63bf42c72b336,train,HISTORICALLY_EXPOSED,True,True,"High-confidence fine-tune notebooks build one dataset from all 2057 rows. For fallback rows, sample identity was exposed although historical augmented bytes are not reproducible."
04c1f58c5f6a36c15c5c,Soil_Labeled_Data/M_90_100/L_70_80/alluvial/IMG_0702_M_10_20_clayish_red_M_40_50_gray_brown_M_50_60_dark_brown_M_60_70_dark_brown_M_70_80_wet_gray.jpg,3727c4db5afa970d06f1517414d8ae94b612a29f2309a15c7e4f347147700f0b,validation,HISTORICALLY_EXPOSED,False,True,"High-confidence fine-tune notebooks build one dataset from all 2057 rows. For fallback rows, sample identity was exposed although historical augmented bytes are not reproducible."
067575c838c49394a55e,Soil_Labeled_Data/M_90_100/L_70_80/alluvial/IMG_0708_M_10_20_clayish_red_M_40_50_light_brown_M_50_60_gray_brown_M_60_70_wet_gray_M_80_90_dark_brown.jpg,dc2388b60d5bfba0183862cb96396f4ee87de134a9bf278a58d2f39fb2688c21,train,HISTORICALLY_EXPOSED,False,True,"High-confidence fine-tune notebooks build one dataset from all 2057 rows. For fallback rows, sample identity was exposed although historical augmented bytes are not reproducible."
217836ba4a8d4ed4d2b1,Soil_Labeled_Data/M_90_100/L_70_80/alluvial/IMG_0708_M_10_20_light_brown_M_30_40_light_brown_M_50_60_clay_red_M_70_80_dark_brown.jpg,6da9278453d0cdd004ee9394898a241dfa4e0bb5ca2efc5b02c52d22598fc8de,train,HISTORICALLY_EXPOSED,False,True,"High-confidence fine-tune notebooks build one dataset from all 2057 rows. For fallback rows, sample identity was exposed although historical augmented bytes are not reproducible."
36666290c144cfe151d1,Soil_Labeled_Data/M_90_100/L_70_80/alluvial/IMG_0713_M_10_20_light_brown_M_30_40_gray_brown_M_50_60_clay_red_M_70_80_dark_brown.jpg,30f6a776e85e04068f9e6ceadff20f1eb8886ab3be28a851e1988db20d77c4d7,validation,HISTORICALLY_EXPOSED,False,True,"High-confidence fine-tune notebooks build one dataset from all 2057 rows. For fallback rows, sample identity was exposed although historical augmented bytes are not reproducible."
591828598fd55c50fffb,Soil_Labeled_Data/M_90_100/L_70_80/alluvial/IMG_0713_M_10_20_pale_yellow_M_40_50_gray_brown_M_50_60_gray_brown_M_60_70_dark_brown_M_70_80_dark_brown.jpg,3232afc792e06c80c007ed47f18b9940dfc446719603e98841a2034bafb4c9fa,validation,HISTORICALLY_EXPOSED,False,True,"High-confidence fine-tune notebooks build one dataset from all 2057 rows. For fallback rows, sample identity was exposed although historical augmented bytes are not reproducible."
72b92210f4d653b8600c,Soil_Labeled_Data/M_90_100/L_70_80/alluvial/IMG_0716_M_10_20_light_brown_M_40_50_gray_brown_M_50_60_dark_brown_M_70_80_wet_gray.jpg,c7c471cc01abee3d08ad83ca283631b11fbd8d7fd93a9ade04dfeda27d501898,train,HISTORICALLY_EXPOSED,True,True,"High-confidence fine-tune notebooks build one dataset from all 2057 rows. For fallback rows, sample identity was exposed although historical augmented bytes are not reproducible."
443a09dfee2fdb0dc227,Soil_Labeled_Data/M_90_100/L_70_80/alluvial/IMG_0716_M_10_20_light_brown_M_40_50_gray_brown_M_60_70_clay_red_M_70_80_dark_brown.jpg,6843a303339d0b8c935d5e0018fdc36d4d2208b132f0a7134eeee4915213ea1b,train,HISTORICALLY_EXPOSED,True,True,"High-confidence fine-tune notebooks build one dataset from all 2057 rows. For fallback rows, sample identity was exposed although historical augmented bytes are not reproducible."
661c142db4d4df61121d,Soil_Labeled_Data/M_90_100/L_70_80/alluvial/IMG_0716_M_10_20_light_brown_M_40_50_gray_brown_M_60_70_clay_red_M_80_90_wet_gray.jpg,0c512607891ef03ffd0ce7b2e2367f15fc2c2458979da8f7de436acfec747b37,train,HISTORICALLY_EXPOSED,True,True,"High-confidence fine-tune notebooks build one dataset from all 2057 rows. For fallback rows, sample identity was exposed although historical augmented bytes are not reproducible."
0739fd64fade5a20ce98,Soil_Labeled_Data/M_90_100/L_70_80/alluvial/IMG_0718_M_10_20_pale_yellow_M_30_40_light_brown_M_50_60_dark_brown_M_60_70_dark_brown_M_70_80_dark_brown.jpg,4303aa4346c0ba9764c0fbb39c050c26385571d0348d81543d6821b2cd0254bd,train,HISTORICALLY_EXPOSED,True,True,"High-confidence fine-tune notebooks build one dataset from all 2057 rows. For fallback rows, sample identity was exposed although historical augmented bytes are not reproducible."
17110468b2540b74828a,Soil_Labeled_Data/M_90_100/L_70_80/alluvial/z5715141734634_e77f72db46f26975a8a55807dd7433b7_M_20_30_light_brown_M_30_40_light_brown_M_50_60_gray_brown_M_60_70_dark_brown_M_70_80_wet_gray.jpg,3d229fe643778cb2d2498498bd2b41313fdc1aa0fef8f6f7d203e122b5c272d7,train,HISTORICALLY_EXPOSED,True,True,"High-confidence fine-tune notebooks build one dataset from all 2057 rows. For fallback rows, sample identity was exposed although historical augmented bytes are not reproducible."
28809491bca4e54718fb,Soil_Labeled_Data/M_90_100/L_70_80/alluvial/z5715142006130_46686c8c324bef016a5cf09b6c303d7d_M_20_30_light_brown_M_30_40_light_brown_M_50_60_dark_brown_M_70_80_clay_red_M_80_90_dark_brown.jpg,0ee0101282e7eb517e88c4e33e96d58dee0752c8133f93097e85b9089c220532,train,HISTORICALLY_EXPOSED,True,True,"High-confidence fine-tune notebooks build one dataset from all 2057 rows. For fallback rows, sample identity was exposed although historical augmented bytes are not reproducible."
e8af69c4f95ef49eb4dd,Soil_Labeled_Data/M_90_100/L_70_80/alluvial/z5715142059955_714428cc11c0a10913b3b74dd846590d_M_20_30_light_brown_M_30_40_light_brown_M_50_60_dark_brown_M_70_80_dark_brown.jpg,c5696f23bb333e2e192fca423f312d173e93172b64917825f0de6d486b9b7d38,train,HISTORICALLY_EXPOSED,True,True,"High-confidence fine-tune notebooks build one dataset from all 2057 rows. For fallback rows, sample identity was exposed although historical augmented bytes are not reproducible."
f3158725d37a92f4389a,Soil_Labeled_Data/M_90_100/L_80_90/alluvial/M_90_100_L_80_90_0005_wet_gray.jpg,f2cc5533b551cdf122bfd506834afccc0501d7a8e8cc70622cea269bbc1f041d,test,HISTORICALLY_EXPOSED,True,True,"High-confidence fine-tune notebooks build one dataset from all 2057 rows. For fallback rows, sample identity was exposed although historical augmented bytes are not reproducible."
75063ace0d9e4fa7ca32,Soil_Labeled_Data/M_90_100/L_80_90/alluvial/M_90_100_L_80_90_0006_light_brown.jpg,f926b82149ea300ae280ffe0ce2000677c166e5fd7076ca1002d022e071d8596,validation,HISTORICALLY_EXPOSED,True,True,"High-confidence fine-tune notebooks build one dataset from all 2057 rows. For fallback rows, sample identity was exposed although historical augmented bytes are not reproducible."
a3b0c2123cfb6579b1ea,Soil_Labeled_Data/M_90_100/L_80_90/alluvial/M_90_100_L_80_90_0012_wet_gray.jpg,e70dea0b5f3659363d1f50889804cb30237a686567ce72c7d3dc7d7ec598807f,train,HISTORICALLY_EXPOSED,True,True,"High-confidence fine-tune notebooks build one dataset from all 2057 rows. For fallback rows, sample identity was exposed although historical augmented bytes are not reproducible."
cf8639c597197ed5a6b4,Soil_Labeled_Data/M_90_100/L_80_90/alluvial/M_90_100_L_80_90_0015_gray_brown.jpg,587dd55b2cb7a019d87cbcd6a667d03208a8e09a86f68e7dc832490a4c16ef34,test,HISTORICALLY_EXPOSED,True,True,"High-confidence fine-tune notebooks build one dataset from all 2057 rows. For fallback rows, sample identity was exposed although historical augmented bytes are not reproducible."
f08eea09de70c11bd385,Soil_Labeled_Data/M_90_100/L_80_90/alluvial/M_90_100_L_80_90_0025_dark_brown.jpg,e7bf7effd1d99b85b7bc168a0563bf12906e14315d9391dadf455a5d102cf76a,test,HISTORICALLY_EXPOSED,False,True,"High-confidence fine-tune notebooks build one dataset from all 2057 rows. For fallback rows, sample identity was exposed although historical augmented bytes are not reproducible."
746303f4027fcd9de432,Soil_Labeled_Data/M_90_100/L_80_90/alluvial/M_90_100_L_80_90_0027_dark_brown.jpg,07b17757c5f2ee305b624015eff897fa333bdb5b3533f6b6f4a9a380f0dc8fd2,train,HISTORICALLY_EXPOSED,True,True,"High-confidence fine-tune notebooks build one dataset from all 2057 rows. For fallback rows, sample identity was exposed although historical augmented bytes are not reproducible."
0ff399c1c59c47492f67,Soil_Labeled_Data/M_90_100/L_80_90/alluvial/M_90_100_L_80_90_0035_dark_brown.jpg,a9433248f03f3262f7ec437cf6fb8e0861c7d6d26c4e3457ec2b12e47dc26f0e,test,HISTORICALLY_EXPOSED,False,True,"High-confidence fine-tune notebooks build one dataset from all 2057 rows. For fallback rows, sample identity was exposed although historical augmented bytes are not reproducible."
194dcee7355d29af93af,Soil_Labeled_Data/M_90_100/L_80_90/alluvial/M_90_100_L_80_90_0043_gray_brown.jpg,2bc317e5fcc72fb80c3339f802487e76ec1532fe0cae0d90eddc301e3e772b11,test,HISTORICALLY_EXPOSED,False,True,"High-confidence fine-tune notebooks build one dataset from all 2057 rows. For fallback rows, sample identity was exposed although historical augmented bytes are not reproducible."
058c416ce5e43506faa5,Soil_Labeled_Data/M_90_100/L_80_90/alluvial/M_90_100_L_80_90_0046_light_brown.jpg,2f15385e5eeb8e2e49a249d8cf95c5d49287ce704174e51bfa9aa227ce283695,test,HISTORICALLY_EXPOSED,False,True,"High-confidence fine-tune notebooks build one dataset from all 2057 rows. For fallback rows, sample identity was exposed although historical augmented bytes are not reproducible."
ba35a85ab6fd7d8f102d,Soil_Labeled_Data/M_90_100/L_80_90/alluvial/M_90_100_L_80_90_0047_clay_red.jpg,3f2233cdc3c38512b13383f932b64f10df860c2b17e1b997054a71e230e28a04,validation,HISTORICALLY_EXPOSED,True,True,"High-confidence fine-tune notebooks build one dataset from all 2057 rows. For fallback rows, sample identity was exposed although historical augmented bytes are not reproducible."
f7a23f4870af5d33c112,Soil_Labeled_Data/M_90_100/L_80_90/alluvial/M_90_100_L_80_90_0058_clay_red.jpg,9340972278bf4795d3dbb3e16ee0d981328e258eec3826932ab35d24e253a213,train,HISTORICALLY_EXPOSED,True,True,"High-confidence fine-tune notebooks build one dataset from all 2057 rows. For fallback rows, sample identity was exposed although historical augmented bytes are not reproducible."
5ac5fba679cbac8b0453,Soil_Labeled_Data/M_90_100/L_80_90/alluvial/M_90_100_L_80_90_0060_gray_brown.jpg,50de9ee6154965657155b1458368b327d73dce526b949419865fcee163ee47a6,test,HISTORICALLY_EXPOSED,False,True,"High-confidence fine-tune notebooks build one dataset from all 2057 rows. For fallback rows, sample identity was exposed although historical augmented bytes are not reproducible."
00894e5421aa767a3f73,Soil_Labeled_Data/M_90_100/L_80_90/alluvial/M_90_100_L_80_90_0062_wet_gray.jpg,a5ba4e351699cc7f663db9155b3bab66ef32320587ffc3d14d6508fa52a6f580,test,HISTORICALLY_EXPOSED,False,True,"High-confidence fine-tune notebooks build one dataset from all 2057 rows. For fallback rows, sample identity was exposed although historical augmented bytes are not reproducible."
21a580387204d9bcb902,Soil_Labeled_Data/M_90_100/L_80_90/alluvial/M_90_100_L_80_90_0068_gray_brown.jpg,672a91f886d1b1afbbe20f5efce87c4ffa6fc21439b0f51b1df1c6da8a97b9c5,train,HISTORICALLY_EXPOSED,True,True,"High-confidence fine-tune notebooks build one dataset from all 2057 rows. For fallback rows, sample identity was exposed although historical augmented bytes are not reproducible."
fb4bff536f85f60a2019,Soil_Labeled_Data/M_90_100/L_80_90/alluvial/M_90_100_L_80_90_0069_clay_red.jpg,5b8237b6341b4efb53fd83b6c7348228ca9a9e5d39cdd4f60e93547e02173f08,validation,HISTORICALLY_EXPOSED,True,True,"High-confidence fine-tune notebooks build one dataset from all 2057 rows. For fallback rows, sample identity was exposed although historical augmented bytes are not reproducible."
779e0d6e83021dbf9ec7,Soil_Labeled_Data/M_90_100/L_80_90/alluvial/M_90_100_L_80_90_0071_wet_gray.jpg,dc924a1d05e14da994804b4ed7ae0a0455ad4fede74a640a8657e42540819ca0,train,HISTORICALLY_EXPOSED,True,True,"High-confidence fine-tune notebooks build one dataset from all 2057 rows. For fallback rows, sample identity was exposed although historical augmented bytes are not reproducible."
c77b26ff28e347f8470b,Soil_Labeled_Data/M_90_100/L_80_90/alluvial/M_90_100_L_80_90_0079_light_brown.jpg,0e32b1f986422af532154b33dcf757fbf8c35d361ccae2828c509e715b58d0b7,test,HISTORICALLY_EXPOSED,False,True,"High-confidence fine-tune notebooks build one dataset from all 2057 rows. For fallback rows, sample identity was exposed although historical augmented bytes are not reproducible."
13e3b0d77fab5077ce99,Soil_Labeled_Data/M_90_100/L_80_90/alluvial/M_90_100_L_80_90_0085_gray_brown.jpg,c27dd5226f6384e15bbdc83c2e642ab23a300ef8e87b94dbd17795b547f879d1,train,HISTORICALLY_EXPOSED,True,True,"High-confidence fine-tune notebooks build one dataset from all 2057 rows. For fallback rows, sample identity was exposed although historical augmented bytes are not reproducible."
88e8bbbdd7af9efd4595,Soil_Labeled_Data/M_90_100/L_80_90/alluvial/M_90_100_L_80_90_0089_light_brown.jpg,45da0e43021a2500df67dd7630ab5c5c2851e7dea49d8d79f424d046fb0f7458,test,HISTORICALLY_EXPOSED,True,True,"High-confidence fine-tune notebooks build one dataset from all 2057 rows. For fallback rows, sample identity was exposed although historical augmented bytes are not reproducible."
9f1313bf704f3685a708,Soil_Labeled_Data/M_90_100/L_80_90/alluvial/M_90_100_L_80_90_0090_gray_brown.jpg,466836e4cf7a8bd16b9609f2337f9a014e586f562b983f60e3bb955c2e46871a,train,HISTORICALLY_EXPOSED,False,True,"High-confidence fine-tune notebooks build one dataset from all 2057 rows. For fallback rows, sample identity was exposed although historical augmented bytes are not reproducible."
0dc6bf75204ddd88b7d1,Soil_Labeled_Data/M_90_100/L_90_100/alluvial/M_90_100_L_90_100_0002_wet_gray.jpg,d9864d2c08e4068beb37bc2a1bea798388942d6a47ec6f13322ef4cb9e9ed97c,train,HISTORICALLY_EXPOSED,True,True,"High-confidence fine-tune notebooks build one dataset from all 2057 rows. For fallback rows, sample identity was exposed although historical augmented bytes are not reproducible."
24d415938695cf804008,Soil_Labeled_Data/M_90_100/L_90_100/alluvial/M_90_100_L_90_100_0007_light_brown.jpg,b276a7f0f8b545d6b04b48931d5007f576785cb6a3a6308f8a339c54bcb5bd8f,train,HISTORICALLY_EXPOSED,True,True,"High-confidence fine-tune notebooks build one dataset from all 2057 rows. For fallback rows, sample identity was exposed although historical augmented bytes are not reproducible."
dc2e1fad1b4ed46bc96c,Soil_Labeled_Data/M_90_100/L_90_100/alluvial/M_90_100_L_90_100_0008_light_brown.jpg,1ac026a8f6d33067fab4b3f5b5fe2e7c3dcb2ebd87fa01b49713d26b5edbe9c2,test,HISTORICALLY_EXPOSED,True,True,"High-confidence fine-tune notebooks build one dataset from all 2057 rows. For fallback rows, sample identity was exposed although historical augmented bytes are not reproducible."
7b1973350b35541c60b6,Soil_Labeled_Data/M_90_100/L_90_100/alluvial/M_90_100_L_90_100_0010_light_brown.jpg,e44cdceb012344ac391aa37486467d4b105395761f051e7ae67b82914b785756,train,HISTORICALLY_EXPOSED,True,True,"High-confidence fine-tune notebooks build one dataset from all 2057 rows. For fallback rows, sample identity was exposed although historical augmented bytes are not reproducible."
4f1c922135c32f961dc0,Soil_Labeled_Data/M_90_100/L_90_100/alluvial/M_90_100_L_90_100_0011_wet_gray.jpg,879a3f07ec9fa81b01ec9f50b8e40314d9fa1f7ea05e86ea7643d6187a868cdd,validation,HISTORICALLY_EXPOSED,True,True,"High-confidence fine-tune notebooks build one dataset from all 2057 rows. For fallback rows, sample identity was exposed although historical augmented bytes are not reproducible."
0f0ff64d66a24988eb60,Soil_Labeled_Data/M_90_100/L_90_100/alluvial/M_90_100_L_90_100_0012_light_brown.jpg,bf641d37efc83bf15019ea0cbb8dab76484ec9827d90b0fa483e16507ab07695,train,HISTORICALLY_EXPOSED,True,True,"High-confidence fine-tune notebooks build one dataset from all 2057 rows. For fallback rows, sample identity was exposed although historical augmented bytes are not reproducible."
6cb71c5a6cb6f7cea76e,Soil_Labeled_Data/M_90_100/L_90_100/alluvial/M_90_100_L_90_100_0015_wet_gray.jpg,80ac0d7b1e0bd3265b9071cee2255182da62341876bd4587bf23960b9bab2b1d,validation,HISTORICALLY_EXPOSED,False,True,"High-confidence fine-tune notebooks build one dataset from all 2057 rows. For fallback rows, sample identity was exposed although historical augmented bytes are not reproducible."
c60f7b7c2a9cc74431c0,Soil_Labeled_Data/M_90_100/L_90_100/alluvial/M_90_100_L_90_100_0019_clay_red.jpg,b0fe69536f43665b18dd1e96664c23473b5b768a1b5bffd899d9197ceb1348a4,train,HISTORICALLY_EXPOSED,True,True,"High-confidence fine-tune notebooks build one dataset from all 2057 rows. For fallback rows, sample identity was exposed although historical augmented bytes are not reproducible."
9090533096a63fdf997d,Soil_Labeled_Data/M_90_100/L_90_100/alluvial/M_90_100_L_90_100_0021_gray_brown.jpg,35b960e1c61fba3f04c4a1df24afff1b0190d068746b82313cf5cda3d27f774e,validation,HISTORICALLY_EXPOSED,True,True,"High-confidence fine-tune notebooks build one dataset from all 2057 rows. For fallback rows, sample identity was exposed although historical augmented bytes are not reproducible."
a9f5d9d39b347bc0060f,Soil_Labeled_Data/M_90_100/L_90_100/alluvial/M_90_100_L_90_100_0024_wet_gray.jpg,d0bf6cf2cdbe53f365b224efb762c7bf7668bc804b63271bf40be5b6399314cf,train,HISTORICALLY_EXPOSED,True,True,"High-confidence fine-tune notebooks build one dataset from all 2057 rows. For fallback rows, sample identity was exposed although historical augmented bytes are not reproducible."
0523a3ace1056e6b69f5,Soil_Labeled_Data/M_90_100/L_90_100/alluvial/M_90_100_L_90_100_0026_dark_brown.jpg,613ab25f9ad7823540c046026b671b9d9d8e38961c309409a04b74aba8229719,train,HISTORICALLY_EXPOSED,True,True,"High-confidence fine-tune notebooks build one dataset from all 2057 rows. For fallback rows, sample identity was exposed although historical augmented bytes are not reproducible."
19ec1a7ac001f0ef9bf9,Soil_Labeled_Data/M_90_100/L_90_100/alluvial/M_90_100_L_90_100_0037_light_brown.jpg,1cd7baa6fbf611e5915582efc6490eeb11f6c66ad0cad1e7493c17d97fdce218,validation,HISTORICALLY_EXPOSED,True,True,"High-confidence fine-tune notebooks build one dataset from all 2057 rows. For fallback rows, sample identity was exposed although historical augmented bytes are not reproducible."
390b09ebb4cd4bf4b88b,Soil_Labeled_Data/M_90_100/L_90_100/alluvial/M_90_100_L_90_100_0044_dark_brown.jpg,9af73d0c1ce04b2e67f524a493fb7498bec872910ef768788ce7c35ce8cefac7,train,HISTORICALLY_EXPOSED,True,True,"High-confidence fine-tune notebooks build one dataset from all 2057 rows. For fallback rows, sample identity was exposed although historical augmented bytes are not reproducible."
fa19f3655af1c69a1759,Soil_Labeled_Data/M_90_100/L_90_100/alluvial/M_90_100_L_90_100_0048_light_brown.jpg,d82106fe882088329713fd6015f3ad884e5023173bc55cce6a6a89cff6ec9e1e,train,HISTORICALLY_EXPOSED,True,True,"High-confidence fine-tune notebooks build one dataset from all 2057 rows. For fallback rows, sample identity was exposed although historical augmented bytes are not reproducible."
193d16e2cc9c7a8338d8,Soil_Labeled_Data/M_90_100/L_90_100/alluvial/M_90_100_L_90_100_0049_wet_gray.jpg,98017c471ded934047e1e2396c9580c0ccf8a0c477c78f8d609060887c42d307,train,HISTORICALLY_EXPOSED,True,True,"High-confidence fine-tune notebooks build one dataset from all 2057 rows. For fallback rows, sample identity was exposed although historical augmented bytes are not reproducible."
bed0943da1d6a09cb123,Soil_Labeled_Data/M_90_100/L_90_100/alluvial/M_90_100_L_90_100_0060_wet_gray.jpg,1ad866d0eb430fc961a778d871f0b5b09693b433cf5ac91aaafb183f309a38eb,train,HISTORICALLY_EXPOSED,True,True,"High-confidence fine-tune notebooks build one dataset from all 2057 rows. For fallback rows, sample identity was exposed although historical augmented bytes are not reproducible."
f6dfae920321d12cd583,Soil_Labeled_Data/M_90_100/L_90_100/alluvial/M_90_100_L_90_100_0061_dark_brown.jpg,4286f5f0747a0bc5a793d9f5f6bdcab7c56ad3cc9f681192615b00286a001485,train,HISTORICALLY_EXPOSED,True,True,"High-confidence fine-tune notebooks build one dataset from all 2057 rows. For fallback rows, sample identity was exposed although historical augmented bytes are not reproducible."
b29e20abda5158758272,Soil_Labeled_Data/M_90_100/L_90_100/alluvial/M_90_100_L_90_100_0076_wet_gray.jpg,f5d4b367ca5ce3c649999773b7b590c7adf7d44035be87a932ce868c70d908ea,test,HISTORICALLY_EXPOSED,True,True,"High-confidence fine-tune notebooks build one dataset from all 2057 rows. For fallback rows, sample identity was exposed although historical augmented bytes are not reproducible."
ff4d755bef8668cd2450,Soil_Labeled_Data/M_90_100/L_90_100/alluvial/M_90_100_L_90_100_0084_dark_brown.jpg,efafbad669f47153d2da5abe79c8a1dec5a3bfcc03065230569fa36737c3ace3,train,HISTORICALLY_EXPOSED,True,True,"High-confidence fine-tune notebooks build one dataset from all 2057 rows. For fallback rows, sample identity was exposed although historical augmented bytes are not reproducible."
998772cdf592b7e974a3,Soil_Labeled_Data/M_90_100/L_90_100/alluvial/M_90_100_L_90_100_0091_dark_brown.jpg,3913874e504eeada86c24cbc2f46a373cd36e4430279bf8509bb8aea89ebea8a,test,HISTORICALLY_EXPOSED,True,True,"High-confidence fine-tune notebooks build one dataset from all 2057 rows. For fallback rows, sample identity was exposed although historical augmented bytes are not reproducible."
